shape_id,shape_pt_lat,shape_pt_lon,shape_pt_sequence,shape_dist_traveled
p_1303838,35.61080301848884,-82.57214944426282,1,0
p_1303838,35.61091169951925,-82.57213491376558,2,12.13001264
p_1303838,35.61098494100163,-82.57214072596219,3,20.27333256
p_1303838,35.61104636928884,-82.57217269305637,4,27.67880471
p_1303838,35.61109834703281,-82.57222500284722,5,35.14347935
p_1303838,35.611110160151625,-82.57229765533404,6,41.85532505
p_1303838,35.61111724802221,-82.57238193221971,7,49.53156034
p_1303838,35.61107944603897,-82.57245167860681,8,57.116092619999996
p_1303838,35.611019,-82.572503,9,65.27699946999999
p_1303838,35.610956,-82.572507,10,72.2763523
p_1303838,35.610882,-82.572484,11,80.74711803
p_1303838,35.610826,-82.572386,12,91.58437531999999
p_1303838,35.610788,-82.572284,13,101.74235558
p_1303838,35.610746,-82.572196,14,110.97747651
p_1303838,35.610665,-82.572169,15,120.29157398000001
p_1303838,35.610179,-82.572237,16,174.56498849000002
p_1303838,35.610092,-82.572159,17,186.52835960000002
p_1303838,35.609849,-82.571714,18,235.03166818000003
p_1303838,35.609664,-82.571519,19,262.11455642000004
p_1303838,35.609446,-82.571401,20,288.55965036000003
p_1303838,35.608414,-82.571418,21,403.0722347
p_1303838,35.608111,-82.570956,22,456.76125062000006
p_1303838,35.607465,-82.569869,23,578.5715237500001
p_1303838,35.60734,-82.569121,24,647.75111647
p_1303838,35.607336,-82.56909,25,650.59482604
p_1303838,35.607236,-82.568472,26,707.6795614900001
p_1303838,35.607135,-82.568222,27,732.9520427200001
p_1303838,35.606638,-82.56775,28,802.7360506100001
p_1303838,35.605636,-82.566967,29,934.6190561200001
p_1303838,35.604036,-82.565717,30,1145.1970425900001
p_1303838,35.602587,-82.564537,31,1338.2754653600002
p_1303838,35.600707,-82.563097,32,1584.3158529400002
p_1303838,35.598984,-82.561651,33,1816.0813442100002
p_1303838,35.598968,-82.561646,34,1817.9134783200002
p_1303838,35.598863,-82.561562,35,1831.8297201100002
p_1303838,35.598386688935804,-82.56114841775558,36,1896.6175707400002
p_1303838,35.598034470137975,-82.5608401025801,37,1944.6569570300003
p_1303838,35.597828,-82.560657,38,1972.9429823400003
p_1303838,35.597759,-82.560596,39,1982.3857262200004
p_1303838,35.597681,-82.560528,40,1993.0096259300003
p_1303838,35.597512,-82.560372,41,2016.4923367500003
p_1303838,35.597488,-82.56035,42,2019.8187868200002
p_1303838,35.597235,-82.560116,43,2054.99860828
p_1303838,35.597161,-82.560049,44,2065.21009584
p_1303838,35.596951,-82.559857,45,2094.28945732
p_1303838,35.596909,-82.559819,46,2100.0837172300003
p_1303838,35.596859,-82.559776,47,2106.8630740300005
p_1303838,35.596821,-82.559743,48,2112.0321085000005
p_1303838,35.596397,-82.55938,49,2169.4358227100006
p_1303838,35.596255,-82.559262,50,2188.4770883900005
p_1303838,35.596211,-82.559225,51,2194.3995116400006
p_1303838,35.596229,-82.559183,52,2198.697743760001
p_1303838,35.596252,-82.55913,53,2204.1365039800007
p_1303838,35.596256,-82.559116,54,2205.4805833200007
p_1303838,35.596334,-82.558888,55,2227.881399080001
p_1303838,35.596467,-82.558497,56,2266.264157390001
p_1303838,35.596665,-82.558022,57,2314.590830820001
p_1303838,35.596753,-82.55781,58,2336.141100920001
p_1303838,35.596783,-82.557739,59,2343.385149640001
p_1303838,35.596835,-82.557613,60,2356.178175840001
p_1303838,35.596864,-82.557517,61,2365.453689680001
p_1303838,35.596909,-82.557368,62,2379.849653430001
p_1303838,35.596975,-82.557148,63,2401.088430990001
p_1303838,35.597007,-82.556981,64,2416.632906260001
p_1303838,35.597017,-82.556929,65,2421.4740130000014
p_1303838,35.597026,-82.556882,66,2425.8486521700015
p_1303838,35.597041,-82.556807,67,2432.8459636400016
p_1303838,35.597049,-82.556738,68,2439.1614390300015
p_1303838,35.597064,-82.556601,69,2451.6874501100015
p_1303838,35.597074,-82.556515,70,2459.5593625200013
p_1303838,35.597078,-82.55648,71,2462.7619656700012
p_1303838,35.597081,-82.556384,72,2471.467860220001
p_1303838,35.597086,-82.556183,73,2489.690944590001
p_1303838,35.597077,-82.556122,74,2495.308238130001
p_1303838,35.597071150157845,-82.55608321376415,75,2498.882475460001
p_1303838,35.597077,-82.556122,76,2502.456712790001
p_1303838,35.597056,-82.555985,77,2515.088416090001
p_1303838,35.597022,-82.555872,78,2526.001243400001
p_1303838,35.596977,-82.55579,79,2534.953665270001
p_1303838,35.5968575776422,-82.55559557760216,80,2556.9986308100006
p_1303838,35.596846027159515,-82.5555780946286,81,2559.0363754300006
p_1303838,35.596835365174215,-82.55555951896888,82,2561.0938042600005
p_1303838,35.596689,-82.555451,83,2580.0787399100004
p_1303838,35.596564,-82.555341,84,2597.1583742600005
p_1303838,35.596533,-82.555314,85,2601.3793661900004
p_1303838,35.596429116359474,-82.55523730193192,86,2614.8388762100003
p_1303838,35.5962629660624,-82.5551138284304,87,2636.40356147
p_1303838,35.59605408143962,-82.55496631583283,88,2663.1585077
p_1303838,35.59600610201994,-82.55492916451385,89,2669.45717028
p_1303838,35.595962479105125,-82.55490378601006,90,2674.81581909
p_1303838,35.595403,-82.554524,91,2745.79350571
p_1303838,35.59534,-82.554481,92,2753.79625374
p_1303838,35.595303,-82.554456,93,2758.48511744
p_1303838,35.595116,-82.554329,94,2782.21135337
p_1303838,35.595039,-82.554267,95,2792.4366117199997
p_1303838,35.59496,-82.554358,96,2804.47136551
p_1303838,35.594597,-82.554774,97,2859.63770592
p_1303838,35.594631,-82.554771,98,2863.4198409699998
p_1303838,35.594372,-82.555092,99,2904.3100605399995
p_1303838,35.594292,-82.555527,100,2944.7180762499997
p_1303838,35.5927608557148,-82.55500911889523,101,3120.96450153
p_1303838,35.59279545837127,-82.55601037193907,102,3211.78418592
p_1303839,35.59277,-82.556374,1,0
p_1303839,35.592903,-82.556366,2,14.77434475
p_1303839,35.593746,-82.556328,3,108.3698175
p_1303839,35.594128,-82.556305,4,150.80450836
p_1303839,35.594292,-82.555527,5,223.619645
p_1303839,35.594372,-82.555092,6,264.02766070999996
p_1303839,35.594479,-82.554451,7,323.317779
p_1303839,35.594574,-82.553993,8,366.14057204999995
p_1303839,35.594933,-82.554207,9,410.44242543999997
p_1303839,35.5949270025212,-82.55419993357243,10,411.36594017999994
p_1303839,35.596194,-82.555073,11,572.67684486
p_1303839,35.596605,-82.555406,12,627.35860326
p_1303839,35.596916,-82.555724,13,672.31520738
p_1303839,35.597006,-82.555887,14,690.1449103299999
p_1303839,35.597046,-82.556101,15,710.03897286
p_1303839,35.597058,-82.556512,16,747.30763481
p_1303839,35.597013,-82.556867,17,779.86292463
p_1303839,35.596844,-82.557607,18,849.4941098099999
p_1303839,35.596758,-82.557789,19,868.5483167399999
p_1303839,35.59644,-82.55852,20,943.6022109699999
p_1303839,35.596185,-82.559243,21,1014.9689182199999
p_1303839,35.596316,-82.559344,22,1032.1453100099998
p_1303839,35.597353,-82.560233,23,1172.6024675399997
p_1303839,35.598828,-82.56152,24,1373.5608002699996
p_1303839,35.600451,-82.562901,25,1592.8492319299996
p_1303839,35.60241,-82.564394,26,1848.8684487599996
p_1303839,35.603811,-82.565548,27,2036.2104498699996
p_1303839,35.606544,-82.567676,28,2395.5551867599997
p_1303839,35.607119,-82.568204,29,2475.2979457899996
p_1303839,35.607192,-82.568325,30,2488.9289142
p_1303839,35.607435,-82.569766,31,2622.25045827
p_1303839,35.607606,-82.570131,32,2660.37820277
p_1303839,35.608414,-82.571418,33,2807.46780799
p_1303839,35.609446,-82.571401,34,2921.98039233
p_1303839,35.609664,-82.571519,35,2948.42548627
p_1303839,35.609849,-82.571714,36,2975.50837451
p_1303839,35.61012122469735,-82.57212905281907,37,3023.74205933
p_1303839,35.61018269599252,-82.57216807768184,38,3031.42447401
p_1303839,35.61024615018195,-82.57217539484355,39,3038.4959764299997
p_1303839,35.61079243347362,-82.57214617804907,40,3099.1648697099995
p_1303840,35.43743,-82.53728,1,0
p_1303840,35.437285930558,-82.537225484848,2,16.73320365
p_1303840,35.437137327876,-82.53716647625,3,34.069225700000004
p_1303840,35.437023690347,-82.537123560905,4,47.265595350000005
p_1303840,35.436940647435,-82.53689289093,5,70.14738885
p_1303840,35.436879457866,-82.536576390266,6,99.67672731
p_1303840,35.43654,-82.53647,7,138.55828495
p_1303840,35.43611,-82.53633,8,187.93075961
p_1303840,35.43358,-82.5352,9,486.79626764
p_1303840,35.43298,-82.53501,10,555.56477467
p_1303840,35.43227,-82.53497,11,634.4219177
p_1303840,35.432,-82.53494,12,664.50162639
p_1303840,35.43137,-82.53489,13,734.5464882299999
p_1303840,35.43083,-82.53485,14,794.5686780899999
p_1303840,35.43025,-82.5348,15,859.07877577
p_1303840,35.42877,-82.5347,16,1023.53340283
p_1303840,35.4259,-82.53453,17,1342.3293840000001
p_1303840,35.42518,-82.5345,18,1422.25866719
p_1303840,35.42445,-82.53452,19,1503.27134328
p_1303840,35.424338985781,-82.534476220608,20,1516.21397275
p_1303840,35.424179430771,-82.534478902817,21,1533.91801588
p_1303840,35.424116045817,-82.534452080727,22,1541.36037799
p_1303840,35.424092003235,-82.534401118755,23,1546.70216893
p_1303840,35.424096374614,-82.534320652485,24,1554.02576334
p_1303840,35.424113860128,-82.534194588661,25,1565.63741257
p_1303840,35.424168502335,-82.534122169018,26,1574.58209032
p_1303840,35.424328057366,-82.534100711346,27,1592.3913911799998
p_1303840,35.424710551017,-82.534122169018,28,1634.8731545199998
p_1303841,35.424702342124,-82.534072228172,1,0
p_1303841,35.42510391058,-82.534099723873,2,44.62328491
p_1303841,35.425116430173,-82.534427626984,3,74.43370169
p_1303841,35.428771,-82.534698,4,480.64514325000005
p_1303841,35.430965,-82.534858,5,724.4993081700001
p_1303841,35.43095872534336,-82.53485348421036,6,725.30726687
p_1303841,35.43273,-82.535008,7,922.3277873000001
p_1303841,35.433336,-82.535134,8,990.5291398100001
p_1303841,35.435881,-82.536256,9,1290.71103364
p_1303841,35.436716,-82.536514,10,1386.2691881800001
p_1303841,35.437376,-82.536597,11,1459.88206517
p_1303841,35.437948,-82.53659,12,1523.34785342
p_1303841,35.438802,-82.536429,13,1619.21906433
p_1303841,35.443851,-82.534274,14,2212.58730096
p_1303841,35.447202,-82.532348,15,2623.44522687
p_1303841,35.448002,-82.531863,16,2722.52605722
p_1303841,35.448471,-82.531475,17,2785.36299893
p_1303841,35.448824,-82.531086,18,2838.0993672799996
p_1303841,35.449245,-82.530496,19,2909.1689765999995
p_1303841,35.449736,-82.529534,20,3012.1021915699994
p_1303841,35.45109,-82.525984,21,3367.6812829599994
p_1303841,35.451585,-82.524998,22,3472.6992219399995
p_1303841,35.452089,-82.524244,23,3561.0867601799996
p_1303841,35.452722,-82.523557,24,3655.0127439999997
p_1303841,35.454032,-82.522447,25,3831.87074219
p_1303841,35.457896,-82.519197,26,4352.28689638
p_1303841,35.458178,-82.518865,27,4395.728843280001
p_1303841,35.458525,-82.518324,28,4458.13061267
p_1303841,35.458884,-82.517407,29,4550.41071172
p_1303841,35.459009,-82.516807,30,4606.61400167
p_1303841,35.459136,-82.515116,31,4760.76054564
p_1303841,35.459151333,-82.51488235,32,4782.0383117599995
p_1303841,35.459232697,-82.514295489,33,4836.070210759999
p_1303841,35.45938944523451,-82.5136155332788,34,4900.196536659999
p_1303841,35.45953469071752,-82.51313700355647,35,4946.527871559999
p_1303841,35.45975580591325,-82.51244963916385,36,5013.572791749999
p_1303841,35.45985054111881,-82.51219462574866,37,5038.996015439999
p_1303841,35.46042316927975,-82.51261226487408,38,5112.979906319999
p_1303841,35.46042206834717,-82.51261080497744,39,5113.160133019999
p_1303841,35.461428044,-82.513321103,40,5242.057043599999
p_1303841,35.461834853,-82.513633262,41,5295.349378839999
p_1303841,35.463273,-82.514636,42,5479.045808059999
p_1303841,35.464978,-82.515922,43,5701.3304705499995
p_1303841,35.466473,-82.51684,44,5886.952544
p_1303841,35.46814294361123,-82.51788036598289,45,6094.907521069999
p_1303841,35.46985,-82.519108,46,6314.64971723
p_1303841,35.470554,-82.519739,47,6411.50480969
p_1303841,35.471758,-82.521027,48,6589.01615553
p_1303841,35.47219,-82.521387,49,6647.02371624
p_1303841,35.472847,-82.521827,50,6730.13961018
p_1303841,35.473579,-82.522272,51,6820.84265721
p_1303841,35.476298,-82.52312,52,7132.17638481
p_1303841,35.477341,-82.523637,53,7257.04709236
p_1303841,35.478226,-82.524105,54,7364.029660329999
p_1303841,35.478724,-82.524313,55,7422.418028619999
p_1303841,35.479125,-82.524412,56,7467.806842459999
p_1303841,35.480001980339736,-82.5245120219323,57,7565.529763079999
p_1303841,35.479973,-82.524508,58,7568.765764589999
p_1303841,35.480536683879066,-82.52452039611728,59,7631.316267259999
p_1303841,35.48110645448203,-82.52462035290938,60,7695.179497509999
p_1303841,35.484376969,-82.525466681,61,8066.0802868499995
p_1303841,35.48478757,-82.525512278,62,8111.823780369999
p_1303841,35.484965569,-82.525518984,63,8131.5820506499995
p_1303841,35.485170323,-82.525504902,64,8154.3353145599995
p_1303841,35.48517122815606,-82.52551838041522,65,8155.56254364
p_1303841,35.48542156466522,-82.52549995625378,66,8183.38752685
p_1303841,35.485685206,-82.525455952,67,8212.909707269999
p_1303841,35.48670566513002,-82.52506259034153,68,8331.622866489999
p_1303841,35.4892,-82.524034,69,8623.68418529
p_1303841,35.490982,-82.523317,70,8831.826015069999
p_1303841,35.49185,-82.522835,71,8937.596361209999
p_1303841,35.492905,-82.521978,72,9078.124405199998
p_1303841,35.49337,-82.521689,73,9135.997870999998
p_1303841,35.493678,-82.521544,74,9172.615638009998
p_1303841,35.494455,-82.521343,75,9260.731590039999
p_1303841,35.495938,-82.521137,76,9426.328207429999
p_1303841,35.497277,-82.521116,77,9574.902069849999
p_1303841,35.498472,-82.521263,78,9708.156152889998
p_1303841,35.498966,-82.521387,79,9764.108110619998
p_1303841,35.49950703684577,-82.52156042555916,80,9826.164031149998
p_1303841,35.4998514381182,-82.52173940218516,81,9867.682552509998
p_1303841,35.49986468429174,-82.52174753748649,82,9869.327152579997
p_1303841,35.500132,-82.52194,83,9903.744518029996
p_1303841,35.50277,-82.523641,84,10234.625054409997
p_1303841,35.503655,-82.524125,85,10342.187092689997
p_1303841,35.504803,-82.524563,86,10475.612286459997
p_1303841,35.507092223132204,-82.52546453869216,87,10742.445612399997
p_1303841,35.50785663829605,-82.52573520965896,88,10830.740646499997
p_1303841,35.507884,-82.525761,89,10834.573427579997
p_1303841,35.510661,-82.526478,90,11149.472505379998
p_1303841,35.51065868499737,-82.52647738889503,91,11149.735269519997
p_1303841,35.511207876,-82.526609312,92,11211.832143639997
p_1303841,35.511575693,-82.526704408,93,11253.543282769997
p_1303841,35.511763973,-82.52675269,94,11274.887181609996
p_1303841,35.511884481,-82.526784932,95,11288.573721599996
p_1303841,35.511993417,-82.526813342,96,11300.931891709995
p_1303841,35.512158481,-82.526858319,97,11319.694739069995
p_1303841,35.512361487,-82.526912572,98,11342.749688819995
p_1303841,35.512772204,-82.527021994,99,11389.387317609995
p_1303841,35.513045594,-82.527097207,100,11420.477835439995
p_1303841,35.513043284725015,-82.52709635348606,101,11420.745492819995
p_1303841,35.51319793594541,-82.5271400301054,102,11438.355553799995
p_1303841,35.513428085877294,-82.52719790162455,103,11464.424757349994
p_1303841,35.514684665138006,-82.52752661651749,104,11606.995456289995
p_1303841,35.51523606343028,-82.52765385127913,105,11669.252335539995
p_1303841,35.51550714817991,-82.5277106308811,106,11699.767027559996
p_1303841,35.515689209480016,-82.52776439502014,107,11720.547158359996
p_1303841,35.51588226106307,-82.52779604691627,108,11742.157824049995
p_1303841,35.516130136169636,-82.52785722218832,109,11770.213862159995
p_1303841,35.51672226685672,-82.52797555471757,110,11836.781927579996
p_1303841,35.517049628254924,-82.52804995828046,111,11873.724446939996
p_1303841,35.51751591482012,-82.52815962022379,112,11926.406635789996
p_1303841,35.51885263104187,-82.52842088743162,113,12076.597024739996
p_1303841,35.5191243632553,-82.5285101237399,114,12107.813452539996
p_1303841,35.519351151141464,-82.52857898865277,115,12133.739369299996
p_1303841,35.51953156334865,-82.52864122783112,116,12154.537034369996
p_1303841,35.52025450978492,-82.52885984139273,117,12237.162844789997
p_1303841,35.5205106560159,-82.5289221577058,118,12266.138978329996
p_1303841,35.520848683929586,-82.5290095109495,119,12304.471077239996
p_1303841,35.521254462483924,-82.52911297642378,120,12350.460033619996
p_1303841,35.52167706809445,-82.5292201190636,121,12398.344756079996
p_1303841,35.521957678877115,-82.52929108609126,122,12430.137048949997
p_1303841,35.52225893149152,-82.52936998588999,123,12464.318653779997
p_1303841,35.522599497120055,-82.52944960704035,124,12502.788443019997
p_1303841,35.522793394882356,-82.5294718552605,125,12524.395874849997
p_1303841,35.523077151533386,-82.52951432742898,126,12556.113548039997
p_1303841,35.52366690599848,-82.52954868476895,127,12621.621084539996
p_1303841,35.52365624179755,-82.52954868476895,128,12622.804279719996
p_1303841,35.523787766842716,-82.52955742009303,129,12637.418503079996
p_1303841,35.524682,-82.529555,130,12736.634098839997
p_1303841,35.52703233857231,-82.52936807266828,131,12997.955292369998
p_1303841,35.527321148024285,-82.52932876001235,132,13030.196546089997
p_1303841,35.52755645225639,-82.52929130271879,133,13056.523732309997
p_1303841,35.528180662703335,-82.52919494144494,134,13126.329330339997
p_1303841,35.52903995994636,-82.52898155645235,135,13223.613102929998
p_1303841,35.52903627398253,-82.52898238172797,136,13224.028854979997
p_1303841,35.53277696440625,-82.52804028158243,137,13647.763642209997
p_1303841,35.533065,-82.527951,138,13680.731135869997
p_1303841,35.533338475812556,-82.52790230523694,139,13711.393079219997
p_1303841,35.53362635675035,-82.52787172101502,140,13743.453788019997
p_1303841,35.53362175119436,-82.52787291835101,141,13743.976186659997
p_1303841,35.53391142550373,-82.52786855068925,142,13776.118102699997
p_1303841,35.534160725484156,-82.52788886742061,143,13803.839333949996
p_1303841,35.53458190520128,-82.52797622065977,144,13851.236149929997
p_1303841,35.534774,-82.528053,145,13873.657772439998
p_1303841,35.53518596584682,-82.52824295930927,146,13922.504315779997
p_1303841,35.535429,-82.528378,147,13952.119871729998
p_1303841,35.53573843728988,-82.5285563448938,148,13990.071122489997
p_1303841,35.53613881403177,-82.52883044198875,149,14040.975057389996
p_1303841,35.53668622044526,-82.5292366873195,150,14112.010625999996
p_1303841,35.536679112131935,-82.52923231965723,151,14112.893174819996
p_1303841,35.53940097533638,-82.53138015627803,152,14472.251489309996
p_1303841,35.53997785337752,-82.531761334171,153,14544.994228949996
p_1303841,35.54047988465662,-82.53197565499906,154,14603.988278319996
p_1303841,35.54180742861651,-82.53248335641099,155,14758.307809739996
p_1303841,35.54179498986174,-82.5324778968334,156,14759.774012349995
p_1303841,35.542108603365406,-82.53259817160789,157,14796.238935319996
p_1303841,35.542882842049764,-82.53289268768495,158,14886.197047579995
p_1303841,35.54400436953337,-82.53333263331831,159,15016.869985219995
p_1303841,35.543991931119294,-82.53332717374123,160,15018.336148149996
p_1303841,35.54427116848868,-82.53343332879805,161,15050.778685719995
p_1303841,35.544727674644946,-82.5336060108051,162,15103.793577679995
p_1303841,35.546069764845086,-82.5341087724657,163,15259.521929229995
p_1303841,35.54606709953943,-82.53410658863457,164,15259.877825849995
p_1303841,35.54730097513675,-82.53452970237073,165,15402.051684509996
p_1303841,35.54787949991716,-82.53473862571425,166,15468.976615669995
p_1303841,35.548037637654474,-82.53480960021848,167,15487.665155139995
p_1303841,35.548276620505305,-82.53495264114702,168,15517.182760559996
p_1303841,35.548376187089815,-82.5350072687024,169,15529.289429279996
p_1303841,35.548712628619555,-82.53526378741056,170,15573.271552509996
p_1303841,35.548709285995486,-82.53525985651613,171,15573.785931519995
p_1303841,35.54931348627534,-82.53569454518706,172,15651.551150679994
p_1303841,35.55006530168063,-82.53624842026123,173,15748.917438129994
p_1303841,35.551427371201925,-82.53726607022364,174,15925.983162469995
p_1303841,35.55180003471595,-82.53754423380269,175,15974.415792229995
p_1303841,35.55198352771741,-82.5376998863712,176,15999.187904289995
p_1303841,35.55218825528793,-82.53788843940765,177,16027.617433049994
p_1303841,35.55232639630458,-82.53802274500951,178,16047.193064939995
p_1303841,35.55244281797235,-82.53814070003673,179,16063.963110609995
p_1303841,35.55276886437035,-82.53844373552458,180,16109.389789979996
p_1303841,35.55292477157451,-82.53856766793244,181,16130.017206739996
p_1303841,35.553090075006594,-82.53867726140881,182,16150.876630549996
p_1303841,35.553446562870406,-82.5388258937013,183,16192.662048779996
p_1303841,35.55355476364795,-82.53885810520904,184,16205.017162889995
p_1303841,35.55388967934853,-82.53890041537258,185,16242.373806839994
p_1303841,35.55405921189353,-82.53889458419452,186,16261.190999529994
p_1303841,35.55418375264345,-82.53888257312916,187,16275.051738069993
p_1303841,35.55434631966784,-82.53886128077721,188,16293.191694259993
p_1303841,35.55440050861293,-82.53884271821539,189,16299.435123789994
p_1303841,35.55458078603192,-82.53877337010577,190,16320.402034869994
p_1303841,35.55470914903039,-82.53872969614463,191,16335.184254679994
p_1303841,35.55524392762912,-82.53851403959503,192,16397.657103949994
p_1303841,35.555242,-82.538511,193,16398.005947709993
p_1303841,35.556117,-82.538159,194,16500.199147609994
p_1303841,35.556772,-82.538011,195,16574.100362279994
p_1303841,35.557558,-82.538145,196,16662.149899839995
p_1303841,35.558787,-82.538539,197,16803.109794999993
p_1303841,35.559631,-82.539068,198,16908.319777729994
p_1303841,35.561396,-82.540606,199,17148.718232499992
p_1303841,35.561495,-82.540774,200,17167.496737449994
p_1303841,35.563105,-82.54193,201,17374.601799499993
p_1303841,35.563844,-82.54243,202,17468.290247369994
p_1303841,35.565006,-82.542943,203,17605.347006539992
p_1303841,35.565093,-82.543159,204,17627.17862682999
p_1303841,35.565375,-82.543577,205,17676.32046169999
p_1303841,35.565667,-82.543884,206,17719.03100244999
p_1303841,35.565921,-82.544065,207,17751.641465829987
p_1303841,35.565951306,-82.544043564,208,17755.525101799987
p_1303841,35.566740873,-82.544388956,209,17848.555911029987
p_1303841,35.567046,-82.544545,210,17885.24668894999
p_1303841,35.56720331287117,-82.54474756435503,211,17910.58147383999
p_1303841,35.567205677692456,-82.54475047156293,212,17910.95336243999
p_1303841,35.567421896,-82.544992871,213,17943.48606171999
p_1303841,35.567674408,-82.545425838,214,17991.709272839988
p_1303841,35.569715431,-82.549922506,215,18458.019603769986
p_1303841,35.56971374419955,-82.54991839367847,216,18458.436731099988
p_1303841,35.570006118696824,-82.55036769910633,217,18510.506190649987
p_1303841,35.570266,-82.550592,218,18545.788417879987
p_1303841,35.570488,-82.550678,219,18571.623841129986
p_1303841,35.570845,-82.550714,220,18611.367577049987
p_1303841,35.571933,-82.550566,221,18732.825579319986
p_1303841,35.572864,-82.550462,222,18836.550356229985
p_1303841,35.574533,-82.550644,223,19022.461216249987
p_1303841,35.576017,-82.55082,224,19187.883796609985
p_1303841,35.576378,-82.550924,225,19229.031574329987
p_1303841,35.578185,-82.551897,226,19448.061534639986
p_1303841,35.578667,-82.552324,227,19514.076144419985
p_1303841,35.579051,-82.552835,228,19577.008700639984
p_1303841,35.579285,-82.553037,229,19608.777988319984
p_1303841,35.581838,-82.554274,230,19913.419263739983
p_1303841,35.584761,-82.555961,231,20271.967031199983
p_1303841,35.584988,-82.556076,232,20299.22448523998
p_1303841,35.585248,-82.556201,233,20330.216743039982
p_1303841,35.585537,-82.556268,234,20362.851608999983
p_1303841,35.587177,-82.556307,235,20544.846153179984
p_1303841,35.588777,-82.556457,236,20722.888134039986
p_1303841,35.588776,-82.556442,237,20724.252095999986
p_1303841,35.588867,-82.55645,238,20734.374672029986
p_1303841,35.589642,-82.556473,239,20820.387272409986
p_1303841,35.589996,-82.55648,240,20859.669196479987
p_1303841,35.590584,-82.556465,241,20924.92279554999
p_1303841,35.591179,-82.556435,242,20990.994861479987
p_1303841,35.591145,-82.556023,243,21028.523168499985
p_1303841,35.59111,-82.555649,244,21062.639323709984
p_1303841,35.591068,-82.555069,245,21115.409052489984
p_1303841,35.591618,-82.555038,246,21176.496982999983
p_1303841,35.591999,-82.555023,247,21218.791338059982
p_1303841,35.592171,-82.555016,248,21237.88552981998
p_1303841,35.592293,-82.555008,249,21251.44100994998
p_1303841,35.592464,-82.555008,250,21270.41371003998
p_1303841,35.592583,-82.555016,251,21283.63682468998
p_1303841,35.59272432057901,-82.55504052181443,252,21299.47325028998
p_1303841,35.59275091490056,-82.55555784471974,253,21346.44839604998
p_1303842,35.5927602711081,-82.5555517268602,1,0
p_1303842,35.59277452638737,-82.55641371576299,2,78.13371623
p_1303842,35.59143689590124,-82.55648741698418,3,226.69599011
p_1303842,35.59084477678621,-82.5565179384232,4,292.45066318
p_1303842,35.590838,-82.556464,5,297.39643594
p_1303842,35.588967,-82.556467,6,504.98671486
p_1303842,35.587177,-82.556307,7,704.11837054
p_1303842,35.585537,-82.556268,8,886.1129147199999
p_1303842,35.585248,-82.556201,9,918.7477806799999
p_1303842,35.584932,-82.556048,10,956.4510846699999
p_1303842,35.584761,-82.555961,11,976.9970818999999
p_1303842,35.581835,-82.554272,12,1335.9232243299998
p_1303842,35.579285,-82.553037,13,1640.1882958899998
p_1303842,35.578962,-82.552732,14,1685.44943458
p_1303842,35.578754,-82.552417,15,1722.1617276099998
p_1303842,35.578727,-82.552388,16,1726.1471458699998
p_1303842,35.578185,-82.551897,17,1800.9599755899999
p_1303842,35.576328,-82.550904,18,2025.7985963499998
p_1303842,35.576017,-82.55082,19,2061.13448561
p_1303842,35.574107,-82.550601,20,2273.97891745
p_1303842,35.572864,-82.550462,21,2412.4655293700002
p_1303842,35.572359,-82.550505,22,2468.6312506500003
p_1303842,35.570932,-82.550706,23,2628.0034014800003
p_1303842,35.570554,-82.550694,24,2669.9570083400004
p_1303842,35.570078,-82.550514,25,2725.2329299900002
p_1303842,35.569834,-82.550254,26,2761.1272476900003
p_1303842,35.569654,-82.549948,27,2795.3078000400005
p_1303842,35.567645,-82.545458,28,3259.3730178000005
p_1303842,35.567464,-82.545121,29,3295.9326366500004
p_1303842,35.567214,-82.544805,30,3335.8075286600006
p_1303842,35.567012,-82.544648,31,3362.356931380001
p_1303842,35.566737,-82.544439,32,3398.2725402400006
p_1303842,35.566295,-82.544256,33,3450.0429497400005
p_1303842,35.565757,-82.543958,34,3515.5632671600006
p_1303842,35.565522,-82.543746,35,3547.9545478400005
p_1303842,35.565135,-82.543231,36,3611.3849979100005
p_1303842,35.565006,-82.542943,37,3641.1596712900005
p_1303842,35.563844,-82.54243,38,3778.2164304600005
p_1303842,35.563352,-82.542098,39,3840.5521965400008
p_1303842,35.561495,-82.540774,40,4079.0026473500006
p_1303842,35.561349,-82.540734,41,4095.602435120001
p_1303842,35.560551,-82.540013,42,4205.656472510001
p_1303842,35.559511,-82.539174,43,4343.861122790001
p_1303842,35.559065,-82.538883,44,4399.939000090001
p_1303842,35.558539,-82.538635,45,4462.480651320001
p_1303842,35.557681,-82.538353,46,4561.050052740001
p_1303842,35.556708,-82.538139,47,4670.7348852800005
p_1303842,35.556603,-82.538077,48,4683.67000463
p_1303842,35.556117,-82.538159,49,4738.102210030001
p_1303842,35.555118,-82.538563,50,4854.837727110001
p_1303842,35.554505,-82.538815,51,4926.585807900001
p_1303842,35.55409,-82.538901,52,4973.2859427700005
p_1303842,35.553552,-82.538863,53,5033.076799640001
p_1303842,35.55309,-82.538682,54,5086.899064130001
p_1303842,35.552768,-82.538461,55,5127.860993040001
p_1303842,35.551689,-82.537483,56,5276.841829060001
p_1303842,35.548655,-82.535233,57,5670.463128990001
p_1303842,35.548611,-82.535199,58,5676.2369288400005
p_1303842,35.547898,-82.534762,59,5764.713976790001
p_1303842,35.546161,-82.534151,60,5965.2407931200005
p_1303842,35.543881,-82.533297,61,6229.795843760001
p_1303842,35.539969,-82.531773,62,6685.304968020001
p_1303842,35.53941,-82.531391,63,6756.344978340001
p_1303842,35.536264,-82.52894,64,7170.158299480001
p_1303842,35.535429,-82.528378,65,7275.896172280001
p_1303842,35.534683,-82.528016,66,7364.938303460001
p_1303842,35.53416,-82.527879,67,7424.280619190002
p_1303842,35.533589,-82.527863,68,7487.649903950001
p_1303842,35.533065,-82.527951,69,7546.333130740001
p_1303842,35.52855,-82.529121,70,8058.3893254700015
p_1303842,35.527321,-82.529333,71,8196.096217510001
p_1303842,35.524947,-82.529538,72,8460.14754501
p_1303842,35.52395,-82.529569,73,8570.8006342
p_1303842,35.52295,-82.529509,74,8681.884216760001
p_1303842,35.521663,-82.529289,75,8826.064671020002
p_1303842,35.518845,-82.528439,76,9148.088274390002
p_1303842,35.515844,-82.527828,77,9485.630779480001
p_1303842,35.51304,-82.527107,78,9803.53536499
p_1303842,35.510652,-82.526475,79,10074.616080220001
p_1303842,35.50786,-82.525754,80,10391.21847343
p_1303842,35.503655,-82.524125,81,10880.610606010001
p_1303842,35.50343089963937,-82.52401429544192,82,10907.426451000001
p_1303842,35.50266260498378,-82.52357887152738,83,11001.377557070002
p_1303842,35.500132,-82.52194,84,11319.089568800002
p_1303842,35.499541,-82.521614,85,11391.023183150002
p_1303842,35.498966,-82.521387,86,11458.061442910002
p_1303842,35.498472,-82.521263,87,11514.013400640002
p_1303842,35.497277,-82.521116,88,11647.267483680002
p_1303842,35.495938,-82.521137,89,11795.841346100002
p_1303842,35.494008,-82.52144,90,12011.731896700001
p_1303842,35.493518,-82.521615,91,12068.36869726
p_1303842,35.493088,-82.521854,92,12120.77455587
p_1303842,35.492065,-82.522676,93,12256.589564130001
p_1303842,35.491507,-82.523053,94,12327.321821930002
p_1303842,35.490831,-82.523383,95,12408.080293830002
p_1303842,35.489458,-82.523937,96,12568.494360310002
p_1303842,35.48945,-82.52392,97,12570.274092350002
p_1303842,35.4894,-82.52394,98,12576.110881420002
p_1303842,35.48933,-82.52398,99,12584.68365432
p_1303842,35.48857,-82.52429,100,12673.573684910001
p_1303842,35.48738,-82.52477,101,12812.602764050001
p_1303842,35.48731,-82.5248,102,12820.83252535
p_1303842,35.48664,-82.52509,103,12899.68927595
p_1303842,35.48622,-82.52525,104,12948.49760644
p_1303842,35.486,-82.52533,105,12973.96318612
p_1303842,35.48557,-82.52548,106,13023.57529766
p_1303842,35.48491,-82.52552,107,13096.8918695
p_1303842,35.48447,-82.52548,108,13145.84440342
p_1303842,35.48441,-82.525505,109,13152.87733317
p_1303842,35.481118,-82.524663,110,13526.02995548
p_1303842,35.479971,-82.524508,111,13654.06396851
p_1303842,35.479935,-82.524506,112,13658.06226838
p_1303842,35.479125,-82.524412,113,13748.335245279999
p_1303842,35.478724,-82.524313,114,13793.724059119999
p_1303842,35.478226,-82.524105,115,13852.112427409998
p_1303842,35.477334,-82.523633,116,13959.951936749998
p_1303842,35.476298,-82.52312,117,14083.966513829999
p_1303842,35.473739,-82.522333,118,14376.73235266
p_1303842,35.473173,-82.522049,119,14444.613733799999
p_1303842,35.47219,-82.521387,120,14569.13181743
p_1303842,35.471758,-82.521027,121,14627.13937814
p_1303842,35.470554,-82.519739,122,14804.65072398
p_1303842,35.469806,-82.519074,123,14907.26821577
p_1303842,35.466858,-82.517069,124,15281.56520125
p_1303842,35.465958,-82.516546,125,15392.129133839999
p_1303842,35.465187,-82.516071,126,15487.92206125
p_1303842,35.463079,-82.514503,127,15761.70505519
p_1303842,35.461847,-82.513664,128,15918.17835816
p_1303842,35.461762,-82.51367,129,15927.62474147
p_1303842,35.460075,-82.512442,130,16145.47439926
p_1303842,35.459909,-82.512322,131,16166.87209692
p_1303842,35.459385,-82.514018,132,16331.437488990001
p_1303842,35.459209,-82.51494,133,16417.37993399
p_1303842,35.459136,-82.515116,134,16435.29208686
p_1303842,35.459009,-82.516807,135,16589.43863083
p_1303842,35.45894,-82.517207,136,16626.547080660002
p_1303842,35.458824,-82.517624,137,16666.528589200003
p_1303842,35.458525,-82.518324,138,16738.209978540002
p_1303842,35.45812,-82.518936,139,16809.662474480003
p_1303842,35.457532,-82.519534,140,16894.531821670003
p_1303842,35.454023,-82.522456,141,17365.627308610005
p_1303842,35.452722,-82.523557,142,17541.199213110005
p_1303842,35.452089,-82.524244,143,17635.125196930006
p_1303842,35.451585,-82.524998,144,17723.512735170007
p_1303842,35.451109,-82.525935,145,17823.638005660006
p_1303842,35.449736,-82.529534,146,18184.139633810006
p_1303842,35.44913,-82.530678,147,18307.862411900005
p_1303842,35.448678,-82.531258,148,18380.578297790005
p_1303842,35.448162,-82.531741,149,18452.691841820004
p_1303842,35.44618038990383,-82.53293150408281,150,18697.680491570005
p_1303842,35.446176880895564,-82.53293581140743,151,18698.232306060007
p_1303842,35.443989,-82.5342,152,18966.742584070005
p_1303842,35.444,-82.53423,153,18969.727275990004
p_1303842,35.44376,-82.53436,154,18998.853644690003
p_1303842,35.44363,-82.53446,155,19015.896697090004
p_1303842,35.44238,-82.53497,156,19162.108516230004
p_1303842,35.44224,-82.53502,157,19178.291142560003
p_1303842,35.44196,-82.53514,158,19211.211985880003
p_1303842,35.4418,-82.53521,159,19230.067225870003
p_1303842,35.44163,-82.53519,160,19249.015714940004
p_1303842,35.44158,-82.53518,161,19254.636960300002
p_1303842,35.44152,-82.53515,162,19261.82959313
p_1303842,35.44141,-82.53514,163,19274.067675290004
p_1303842,35.44131,-82.53517,164,19285.492013310002
p_1303842,35.44112,-82.53528,165,19308.81854364
p_1303842,35.44083,-82.53541,166,19343.09038759
p_1303842,35.44051,-82.53556,167,19381.11658922
p_1303842,35.43999,-82.53578,168,19442.17006771
p_1303842,35.4398,-82.53587,169,19464.778777310003
p_1303842,35.43958,-82.53593,170,19489.788047820002
p_1303842,35.43948,-82.53596,171,19501.212397260002
p_1303842,35.43941,-82.53602,172,19510.699023340003
p_1303842,35.43933,-82.53613,173,19524.060764980004
p_1303842,35.43932,-82.53615,174,19526.188825020003
p_1303842,35.43928,-82.53621,175,19533.215523730003
p_1303842,35.43917,-82.53632,176,19548.985787440004
p_1303842,35.43914,-82.53634,177,19552.777401030005
p_1303842,35.43908,-82.53637,178,19559.970062490007
p_1303842,35.43902,-82.53638,179,19566.68861779001
p_1303842,35.43881,-82.53641,180,19590.146520250008
p_1303842,35.43903,-82.53736,181,19679.791644760007
p_1303842,35.43903,-82.53765,182,19706.123035880006
p_1303842,35.43896,-82.53792,183,19731.839256820007
p_1303842,35.43743,-82.53728,184,19911.261809640007
p_1303842,35.437285930558,-82.537225484848,185,19927.99501329001
p_1303842,35.437137327876,-82.53716647625,186,19945.33103534001
p_1303842,35.437023690347,-82.537123560905,187,19958.527404990007
p_1303842,35.436940647435,-82.53689289093,188,19981.409198490008
p_1303842,35.436879457866,-82.536576390266,189,20010.93853695001
p_1303842,35.43654,-82.53647,190,20049.82009459001
p_1303842,35.43611,-82.53633,191,20099.192569250008
p_1303842,35.43358,-82.5352,192,20398.05807728001
p_1303842,35.43298,-82.53501,193,20466.82658431001
p_1303842,35.43227,-82.53497,194,20545.68372734001
p_1303842,35.432,-82.53494,195,20575.763436030007
p_1303842,35.43137,-82.53489,196,20645.808297870008
p_1303842,35.43083,-82.53485,197,20705.830487730007
p_1303842,35.43025,-82.5348,198,20770.340585410006
p_1303842,35.42877,-82.5347,199,20934.795212470006
p_1303842,35.4259,-82.53453,200,21253.591193640004
p_1303842,35.42518,-82.5345,201,21333.520476830003
p_1303842,35.42445,-82.53452,202,21414.53315292
p_1303842,35.424338985781,-82.534476220608,203,21427.47578239
p_1303842,35.424179430771,-82.534478902817,204,21445.17982552
p_1303842,35.424116045817,-82.534452080727,205,21452.62218763
p_1303842,35.424092003235,-82.534401118755,206,21457.963978570002
p_1303842,35.424096374614,-82.534320652485,207,21465.287572980003
p_1303842,35.424113860128,-82.534194588661,208,21476.899222210002
p_1303842,35.424168502335,-82.534122169018,209,21485.843899960004
p_1303842,35.424328057366,-82.534100711346,210,21503.653200820005
p_1303842,35.424710551017,-82.534122169018,211,21546.134964160006
p_1303843,35.5927602711081,-82.5555517268602,1,0
p_1303843,35.59277452638737,-82.55641371576299,2,78.13371623
p_1303843,35.59143689590124,-82.55648741698418,3,226.69599011
p_1303843,35.59084477678621,-82.5565179384232,4,292.45066318
p_1303843,35.590838,-82.556464,5,297.39643594
p_1303843,35.588967,-82.556467,6,504.98671486
p_1303843,35.587177,-82.556307,7,704.11837054
p_1303843,35.585537,-82.556268,8,886.1129147199999
p_1303843,35.585248,-82.556201,9,918.7477806799999
p_1303843,35.584932,-82.556048,10,956.4510846699999
p_1303843,35.584761,-82.555961,11,976.9970818999999
p_1303843,35.581835,-82.554272,12,1335.9232243299998
p_1303843,35.579285,-82.553037,13,1640.1882958899998
p_1303843,35.578962,-82.552732,14,1685.44943458
p_1303843,35.578754,-82.552417,15,1722.1617276099998
p_1303843,35.578727,-82.552388,16,1726.1471458699998
p_1303843,35.578185,-82.551897,17,1800.9599755899999
p_1303843,35.576328,-82.550904,18,2025.7985963499998
p_1303843,35.576017,-82.55082,19,2061.13448561
p_1303843,35.574107,-82.550601,20,2273.97891745
p_1303843,35.572864,-82.550462,21,2412.4655293700002
p_1303843,35.572359,-82.550505,22,2468.6312506500003
p_1303843,35.570932,-82.550706,23,2628.0034014800003
p_1303843,35.570554,-82.550694,24,2669.9570083400004
p_1303843,35.570078,-82.550514,25,2725.2329299900002
p_1303843,35.569834,-82.550254,26,2761.1272476900003
p_1303843,35.569654,-82.549948,27,2795.3078000400005
p_1303843,35.567645,-82.545458,28,3259.3730178000005
p_1303843,35.567464,-82.545121,29,3295.9326366500004
p_1303843,35.567214,-82.544805,30,3335.8075286600006
p_1303843,35.567012,-82.544648,31,3362.356931380001
p_1303843,35.566737,-82.544439,32,3398.2725402400006
p_1303843,35.566295,-82.544256,33,3450.0429497400005
p_1303843,35.565757,-82.543958,34,3515.5632671600006
p_1303843,35.565522,-82.543746,35,3547.9545478400005
p_1303843,35.565135,-82.543231,36,3611.3849979100005
p_1303843,35.565006,-82.542943,37,3641.1596712900005
p_1303843,35.563844,-82.54243,38,3778.2164304600005
p_1303843,35.563352,-82.542098,39,3840.5521965400008
p_1303843,35.561495,-82.540774,40,4079.0026473500006
p_1303843,35.561349,-82.540734,41,4095.602435120001
p_1303843,35.560551,-82.540013,42,4205.656472510001
p_1303843,35.559511,-82.539174,43,4343.861122790001
p_1303843,35.559065,-82.538883,44,4399.939000090001
p_1303843,35.558539,-82.538635,45,4462.480651320001
p_1303843,35.557681,-82.538353,46,4561.050052740001
p_1303843,35.556708,-82.538139,47,4670.7348852800005
p_1303843,35.556603,-82.538077,48,4683.67000463
p_1303843,35.556117,-82.538159,49,4738.102210030001
p_1303843,35.555118,-82.538563,50,4854.837727110001
p_1303843,35.554505,-82.538815,51,4926.585807900001
p_1303843,35.55409,-82.538901,52,4973.2859427700005
p_1303843,35.553552,-82.538863,53,5033.076799640001
p_1303843,35.55309,-82.538682,54,5086.899064130001
p_1303843,35.552768,-82.538461,55,5127.860993040001
p_1303843,35.551689,-82.537483,56,5276.841829060001
p_1303843,35.548655,-82.535233,57,5670.463128990001
p_1303843,35.548611,-82.535199,58,5676.2369288400005
p_1303843,35.547898,-82.534762,59,5764.713976790001
p_1303843,35.546161,-82.534151,60,5965.2407931200005
p_1303843,35.543881,-82.533297,61,6229.795843760001
p_1303843,35.539969,-82.531773,62,6685.304968020001
p_1303843,35.53941,-82.531391,63,6756.344978340001
p_1303843,35.536264,-82.52894,64,7170.158299480001
p_1303843,35.535429,-82.528378,65,7275.896172280001
p_1303843,35.534683,-82.528016,66,7364.938303460001
p_1303843,35.53416,-82.527879,67,7424.280619190002
p_1303843,35.533589,-82.527863,68,7487.649903950001
p_1303843,35.533065,-82.527951,69,7546.333130740001
p_1303843,35.52855,-82.529121,70,8058.3893254700015
p_1303843,35.527321,-82.529333,71,8196.096217510001
p_1303843,35.524947,-82.529538,72,8460.14754501
p_1303843,35.52395,-82.529569,73,8570.8006342
p_1303843,35.52295,-82.529509,74,8681.884216760001
p_1303843,35.521663,-82.529289,75,8826.064671020002
p_1303843,35.518845,-82.528439,76,9148.088274390002
p_1303843,35.515844,-82.527828,77,9485.630779480001
p_1303843,35.51304,-82.527107,78,9803.53536499
p_1303843,35.510652,-82.526475,79,10074.616080220001
p_1303843,35.50786,-82.525754,80,10391.21847343
p_1303843,35.503655,-82.524125,81,10880.610606010001
p_1303843,35.50343089963937,-82.52401429544192,82,10907.426451000001
p_1303843,35.50266260498378,-82.52357887152738,83,11001.377557070002
p_1303843,35.500132,-82.52194,84,11319.089568800002
p_1303843,35.499541,-82.521614,85,11391.023183150002
p_1303843,35.498966,-82.521387,86,11458.061442910002
p_1303843,35.498472,-82.521263,87,11514.013400640002
p_1303843,35.497277,-82.521116,88,11647.267483680002
p_1303843,35.495938,-82.521137,89,11795.841346100002
p_1303843,35.494008,-82.52144,90,12011.731896700001
p_1303843,35.493518,-82.521615,91,12068.36869726
p_1303843,35.493088,-82.521854,92,12120.77455587
p_1303843,35.492065,-82.522676,93,12256.589564130001
p_1303843,35.491507,-82.523053,94,12327.321821930002
p_1303843,35.490831,-82.523383,95,12408.080293830002
p_1303843,35.489458,-82.523937,96,12568.494360310002
p_1303843,35.48945,-82.52392,97,12570.274092350002
p_1303843,35.4894,-82.52394,98,12576.110881420002
p_1303843,35.48933,-82.52398,99,12584.68365432
p_1303843,35.48857,-82.52429,100,12673.573684910001
p_1303843,35.48738,-82.52477,101,12812.602764050001
p_1303843,35.48731,-82.5248,102,12820.83252535
p_1303843,35.48664,-82.52509,103,12899.68927595
p_1303843,35.48622,-82.52525,104,12948.49760644
p_1303843,35.486,-82.52533,105,12973.96318612
p_1303843,35.48557,-82.52548,106,13023.57529766
p_1303843,35.48491,-82.52552,107,13096.8918695
p_1303843,35.48447,-82.52548,108,13145.84440342
p_1303843,35.48441,-82.525505,109,13152.87733317
p_1303843,35.481118,-82.524663,110,13526.02995548
p_1303843,35.479971,-82.524508,111,13654.06396851
p_1303843,35.479935,-82.524506,112,13658.06226838
p_1303843,35.479125,-82.524412,113,13748.335245279999
p_1303843,35.478724,-82.524313,114,13793.724059119999
p_1303843,35.478226,-82.524105,115,13852.112427409998
p_1303843,35.477334,-82.523633,116,13959.951936749998
p_1303843,35.476298,-82.52312,117,14083.966513829999
p_1303843,35.473739,-82.522333,118,14376.73235266
p_1303843,35.473173,-82.522049,119,14444.613733799999
p_1303843,35.47219,-82.521387,120,14569.13181743
p_1303843,35.471758,-82.521027,121,14627.13937814
p_1303843,35.470554,-82.519739,122,14804.65072398
p_1303843,35.469806,-82.519074,123,14907.26821577
p_1303843,35.466858,-82.517069,124,15281.56520125
p_1303843,35.465958,-82.516546,125,15392.129133839999
p_1303843,35.465187,-82.516071,126,15487.92206125
p_1303843,35.463079,-82.514503,127,15761.70505519
p_1303843,35.461847,-82.513664,128,15918.17835816
p_1303843,35.461762,-82.51367,129,15927.62474147
p_1303843,35.460075,-82.512442,130,16145.47439926
p_1303843,35.459909,-82.512322,131,16166.87209692
p_1303843,35.459385,-82.514018,132,16331.437488990001
p_1303843,35.459209,-82.51494,133,16417.37993399
p_1303843,35.459136,-82.515116,134,16435.29208686
p_1303843,35.459009,-82.516807,135,16589.43863083
p_1303843,35.45894,-82.517207,136,16626.547080660002
p_1303843,35.458824,-82.517624,137,16666.528589200003
p_1303843,35.458525,-82.518324,138,16738.209978540002
p_1303843,35.45812,-82.518936,139,16809.662474480003
p_1303843,35.457532,-82.519534,140,16894.531821670003
p_1303843,35.454023,-82.522456,141,17365.627308610005
p_1303843,35.452722,-82.523557,142,17541.199213110005
p_1303843,35.452089,-82.524244,143,17635.125196930006
p_1303843,35.451585,-82.524998,144,17723.512735170007
p_1303843,35.451109,-82.525935,145,17823.638005660006
p_1303843,35.449736,-82.529534,146,18184.139633810006
p_1303843,35.44913,-82.530678,147,18307.862411900005
p_1303843,35.448678,-82.531258,148,18380.578297790005
p_1303843,35.448162,-82.531741,149,18452.691841820004
p_1303843,35.44618038990383,-82.53293150408281,150,18697.680491570005
p_1303843,35.446176880895564,-82.53293581140743,151,18698.232306060007
p_1303843,35.443989,-82.5342,152,18966.742584070005
p_1303843,35.444,-82.53423,153,18969.727275990004
p_1303843,35.44376,-82.53436,154,18998.853644690003
p_1303843,35.44363,-82.53446,155,19015.896697090004
p_1303843,35.44238,-82.53497,156,19162.108516230004
p_1303843,35.44224,-82.53502,157,19178.291142560003
p_1303843,35.44196,-82.53514,158,19211.211985880003
p_1303843,35.4418,-82.53521,159,19230.067225870003
p_1303843,35.44163,-82.53519,160,19249.015714940004
p_1303843,35.44158,-82.53518,161,19254.636960300002
p_1303843,35.44152,-82.53515,162,19261.82959313
p_1303843,35.44141,-82.53514,163,19274.067675290004
p_1303843,35.44131,-82.53517,164,19285.492013310002
p_1303843,35.44112,-82.53528,165,19308.81854364
p_1303843,35.44083,-82.53541,166,19343.09038759
p_1303843,35.44051,-82.53556,167,19381.11658922
p_1303843,35.43999,-82.53578,168,19442.17006771
p_1303843,35.4398,-82.53587,169,19464.778777310003
p_1303843,35.43958,-82.53593,170,19489.788047820002
p_1303843,35.43948,-82.53596,171,19501.212397260002
p_1303843,35.43941,-82.53602,172,19510.699023340003
p_1303843,35.43933,-82.53613,173,19524.060764980004
p_1303843,35.43932,-82.53615,174,19526.188825020003
p_1303843,35.43928,-82.53621,175,19533.215523730003
p_1303843,35.43917,-82.53632,176,19548.985787440004
p_1303843,35.43914,-82.53634,177,19552.777401030005
p_1303843,35.43908,-82.53637,178,19559.970062490007
p_1303843,35.43902,-82.53638,179,19566.68861779001
p_1303843,35.43881,-82.53641,180,19590.146520250008
p_1303843,35.43903,-82.53736,181,19679.791644760007
p_1303843,35.43903,-82.53765,182,19706.123035880006
p_1303843,35.43896,-82.53792,183,19731.839256820007
p_1303843,35.43743,-82.53728,184,19911.261809640007
p_1303844,35.52901661267754,-82.60528195727724,1,0
p_1303844,35.52990326294241,-82.60497435042919,2,102.25364959
p_1303844,35.53033735602288,-82.60482133074163,3,152.37606178
p_1303844,35.53053031250366,-82.60555970198375,4,222.68157838999997
p_1303844,35.5311684095917,-82.60533842455655,5,296.26811862
p_1303844,35.531168272917,-82.60533876956046,6,296.30288941
p_1303844,35.53166472102117,-82.60516219902293,7,353.66464355
p_1303844,35.53213666040536,-82.60497000391805,8,408.85156761999997
p_1303844,35.532483,-82.604753,9,452.024797
p_1303844,35.532749,-82.60452,10,488.32274666
p_1303844,35.533042,-82.604174,11,533.5054525200001
p_1303844,35.533327,-82.60373,12,584.7043971800001
p_1303844,35.534555,-82.601278,13,845.4990217000002
p_1303844,35.534899,-82.600825,14,901.5749054500002
p_1303844,35.535432,-82.600336,15,975.4925556500002
p_1303844,35.537194,-82.599194,16,1196.7257835900002
p_1303844,35.538539,-82.598322,17,1365.6120601700002
p_1303844,35.53944,-82.59783,18,1475.0834210500002
p_1303844,35.540455,-82.597424,19,1593.5639651500003
p_1303844,35.541404,-82.597163,20,1701.4833983800004
p_1303844,35.542497,-82.597028,21,1823.3686837500004
p_1303844,35.543378,-82.597047,22,1921.1313023900004
p_1303844,35.543887,-82.597113,23,1977.9213831400004
p_1303844,35.546506,-82.597709,24,2273.4840718200003
p_1303844,35.546904,-82.597867,25,2319.90842784
p_1303844,35.547434,-82.598164,26,2384.58579938
p_1303844,35.54944,-82.599711,27,2647.66921636
p_1303844,35.549888,-82.599976,28,2702.87831509
p_1303844,35.550333,-82.600167,29,2755.2006854
p_1303844,35.551627,-82.600487,30,2901.6734702100002
p_1303844,35.552314,-82.600452,31,2977.96264688
p_1303844,35.553655,-82.600144,32,3129.3457209000003
p_1303844,35.554572,-82.599852,33,3234.47582666
p_1303844,35.558718,-82.598707,34,3706.04643114
p_1303844,35.560712,-82.598154,35,3932.89222041
p_1303844,35.561066,-82.597972,36,3975.49399794
p_1303844,35.561536,-82.597593,37,4037.9434244100003
p_1303844,35.56193,-82.597068,38,4102.568448620001
p_1303844,35.562271,-82.596371,39,4176.218745540001
p_1303844,35.563007,-82.594105,40,4397.286788900001
p_1303844,35.563268,-82.593823,41,4435.915526330001
p_1303844,35.563606,-82.593763,42,4473.809377910001
p_1303844,35.564865,-82.594346,43,4623.161222710001
p_1303844,35.565024,-82.594367,44,4640.904852500002
p_1303844,35.56528,-82.594214,45,4672.514078040002
p_1303844,35.56558509238815,-82.59379955084917,46,4723.085934750002
p_1303844,35.565752,-82.593649,47,4746.090545930002
p_1303844,35.56599434296126,-82.59347796328635,48,4777.129092150002
p_1303844,35.566187,-82.593367,49,4800.753285750002
p_1303844,35.56628056272261,-82.5933241593206,50,4811.836869450002
p_1303844,35.56640147683221,-82.59329700303722,51,4825.476421360002
p_1303844,35.56656889606782,-82.59332558859846,52,4844.231641040002
p_1303844,35.56689266398216,-82.5934202423074,53,4881.164637460001
p_1303844,35.56698916202072,-82.5933359149003,54,4894.320264320001
p_1303844,35.567034504432314,-82.59331161717333,55,4899.8121335800015
p_1303844,35.567097286190716,-82.59330304150481,56,4906.821080410002
p_1303844,35.56714146591675,-82.59329732439204,57,4911.750188340002
p_1303844,35.567301,-82.593267,58,4929.6628542200015
p_1303844,35.567353063222754,-82.59326873883828,59,4935.441471250001
p_1303844,35.56747048785668,-82.5932858901753,60,4948.562302010001
p_1303844,35.567570473052356,-82.59329017800954,61,4959.662567770001
p_1303844,35.56775416645917,-82.59331447573719,62,4980.162216990001
p_1303844,35.56804640975514,-82.59334910598352,63,5012.738525700001
p_1303844,35.56851524085393,-82.59345340637044,64,5065.6081488300015
p_1303844,35.56865621907701,-82.59348038898268,65,5081.439926180002
p_1303844,35.56868267781822,-82.59348482326814,66,5084.402944360002
p_1303844,35.56876289729503,-82.59349482821452,67,5093.349469100002
p_1303844,35.56892350760894,-82.59350737540233,68,5111.205612150003
p_1303844,35.56906812711932,-82.59351690002096,69,5127.274509700002
p_1303844,35.56910808562293,-82.59351913860083,70,5131.712588880003
p_1303844,35.569250372324774,-82.5935323905222,71,5147.545086640002
p_1303844,35.56954777778515,-82.59354346066333,72,5180.557787470002
p_1303844,35.569887,-82.593573,73,5218.289984030002
p_1303844,35.570486,-82.593565,74,5284.7536214400025
p_1303844,35.571363,-82.593534,75,5382.098276830003
p_1303844,35.572,-82.59351,76,5452.807591910003
p_1303844,35.572059,-82.593508,77,5459.356216100003
p_1303844,35.572343,-82.5935,78,5490.874669480003
p_1303844,35.572758,-82.593492,79,5536.925084910003
p_1303844,35.573748,-82.593471,80,5646.7831771300025
p_1303844,35.574316,-82.59346,81,5709.8113032300025
p_1303844,35.574874,-82.593441,82,5771.745987010003
p_1303844,35.575719,-82.593412,83,5865.536551390003
p_1303844,35.575783,-82.593413,84,5872.638003880003
p_1303844,35.576102,-82.593405,85,5908.038851490003
p_1303844,35.576409,-82.593398,86,5942.106768420003
p_1303844,35.576451,-82.593393,87,5946.788705070004
p_1303844,35.576503,-82.593388,88,5952.575939570003
p_1303844,35.57656,-82.593372,89,5959.064318700003
p_1303844,35.576605,-82.593355,90,5964.2895036100035
p_1303844,35.576663,-82.593324,91,5971.311407480003
p_1303844,35.576744,-82.59328,92,5981.1436743500035
p_1303844,35.576936,-82.593167,93,6004.780799900003
p_1303844,35.57693677984679,-82.59315674574857,94,6005.714292530003
p_1303844,35.57695191424091,-82.59315724866265,95,6007.394090040003
p_1303844,35.57697663414535,-82.5931426794226,96,6010.438164840003
p_1303844,35.576932936667305,-82.59298130121819,97,6025.848469310003
p_1303844,35.576901038909085,-82.592864613821,98,6037.001740410003
p_1303844,35.57686180612001,-82.59272038825698,99,6050.780409630002
p_1303844,35.57682308266283,-82.59257833322103,100,6064.354567630003
p_1303844,35.5767902018288,-82.59245809675367,101,6075.847536030003
p_1303844,35.57677498488626,-82.59237252122418,102,6083.785970410003
p_1303844,35.576756063310725,-82.59227401558431,103,6092.958300540003
p_1303844,35.576734658043904,-82.5921588044238,104,6103.668033990003
p_1303844,35.576696674965774,-82.59195341647747,105,6122.756048810003
p_1303844,35.57666644400844,-82.59164098083353,106,6151.274115620004
p_1303844,35.576782340103534,-82.59163584669848,107,6164.141341820004
p_1303844,35.57681746933248,-82.59163379277419,108,6168.043414900004
p_1303844,35.57693026030702,-82.59163217581857,109,6180.558564470004
p_1303844,35.577026784880516,-82.59163036704199,110,6191.269334550004
p_1303844,35.577433678293204,-82.59161912589855,111,6236.426137130004
p_1303844,35.57743585981386,-82.59159230380817,112,6238.869370000004
p_1303844,35.57743981356437,-82.59154274614745,113,6243.382755630004
p_1303844,35.577447914282104,-82.59143933711383,114,6252.798973250004
p_1303844,35.577472456385024,-82.59133858663725,115,6262.328532520004
p_1303844,35.577488681430395,-82.59127321847761,116,6268.5210793600045
p_1303844,35.57750693340431,-82.59122076610005,117,6273.6887898500045
p_1303844,35.577569536455414,-82.59104269624838,118,6291.260504950004
p_1303844,35.577604713415255,-82.59094429270365,119,6300.996536540004
p_1303844,35.577606,-82.590942,120,6301.248656030004
p_1303844,35.577673,-82.590783,121,6317.464954710004
p_1303844,35.577748,-82.590673,122,6330.451785850004
p_1303844,35.577815,-82.590601,123,6340.343792360004
p_1303844,35.577858,-82.590554,124,6346.739923570004
p_1303844,35.577937,-82.590469,125,6358.409875520004
p_1303844,35.578,-82.590401,126,6367.729178270004
p_1303844,35.578153,-82.590236,127,6390.353195590004
p_1303844,35.578208,-82.590177,128,6398.467237560004
p_1303844,35.578302,-82.590057,129,6413.536439630004
p_1303844,35.578345,-82.589992,130,6421.1175607600035
p_1303844,35.578391,-82.589923,131,6429.189974060004
p_1303844,35.578454,-82.58979,132,6443.125130160004
p_1303844,35.578467,-82.58976,133,6446.203221000004
p_1303844,35.578523,-82.58961,134,6461.1518044400045
p_1303844,35.578575,-82.589444,135,6477.266422780004
p_1303844,35.578618,-82.589306,136,6490.653833520004
p_1303844,35.578635,-82.589244,137,6496.581654650004
p_1303844,35.578651378417234,-82.58918387697545,138,6502.3262531200035
p_1303844,35.578651378414946,-82.58918370933412,139,6502.341448270004
p_1303844,35.578666,-82.589127,140,6507.731557430004
p_1303844,35.57868,-82.589065,141,6513.562010330003
p_1303844,35.578697,-82.588991,142,6520.529587560003
p_1303844,35.57870344932921,-82.58896271321645,143,6523.1915041300035
p_1303844,35.578715,-82.588895,144,6529.461455160003
p_1303844,35.578724,-82.58884,145,6534.545722450003
p_1303844,35.578736,-82.58877,146,6541.028764890003
p_1303844,35.578752,-82.588561,147,6560.055678750003
p_1303844,35.578748942302994,-82.58843850047077,148,6571.164309670003
p_1303844,35.57874495187136,-82.588278513108,149,6585.672442160003
p_1303844,35.57874372478578,-82.58824917644682,150,6588.335022460003
p_1303844,35.57874222501489,-82.58823543012572,151,6589.592061870003
p_1303844,35.578736089587025,-82.58819670573317,152,6593.167471970003
p_1303844,35.57873598066482,-82.58819489811671,153,6593.331760800003
p_1303844,35.57873052695068,-82.58815550317232,154,6596.953455030003
p_1303844,35.57870147767403,-82.58795548676517,155,6615.367365510003
p_1303844,35.578658337066926,-82.58769897639387,156,6639.105260640003
p_1303844,35.57854336565643,-82.5870114680363,157,6702.713856750002
p_1303844,35.578491876,-82.586711976,158,6730.454730150002
p_1303844,35.578481317,-82.586614719,159,6739.347711440002
p_1303844,35.578477298,-82.586572585,160,6743.192725880002
p_1303844,35.57847152,-82.58643163,161,6755.985110280002
p_1303844,35.578478728,-82.586262247,162,6771.358980060002
p_1303844,35.578504879,-82.585971291,163,6797.890664510002
p_1303844,35.578530771,-82.585685272,164,6823.974395110003
p_1303844,35.578550003,-82.585477469,165,6842.9303456000025
p_1303844,35.578556772,-82.5853867,166,6851.191943400003
p_1303844,35.578557318658824,-82.58536539009775,167,6853.124445630003
p_1303844,35.5785574596251,-82.58536479133016,168,6853.180927190003
p_1303844,35.578575,-82.585112,169,6876.1766737900025
p_1303844,35.578575,-82.584981,170,6888.050638070003
p_1303844,35.578566,-82.584859,171,6899.153828170002
p_1303844,35.578563,-82.584822,172,6902.524020960002
p_1303844,35.578557,-82.584785,173,6905.9431692900025
p_1303844,35.578543,-82.584688,174,6914.871502300002
p_1303844,35.578537,-82.584649,175,6918.468637380002
p_1303844,35.578525,-82.584583,176,6924.597311640002
p_1303844,35.578499,-82.584434,177,6938.407471940001
p_1303844,35.578495,-82.584409,178,6940.716548850001
p_1303844,35.578472,-82.584291,179,6951.712406380001
p_1303844,35.578449,-82.584175,180,6962.532015960001
p_1303844,35.578406,-82.584,181,6979.096156070002
p_1303844,35.578401,-82.583978,182,6981.165989270002
p_1303844,35.578363,-82.583852,183,6993.3401528700015
p_1303844,35.57835,-82.583821,184,6996.498606230001
p_1303844,35.57834,-82.583796,185,6999.021681700001
p_1303844,35.578214,-82.583483,186,7030.649740700001
p_1303844,35.578171,-82.583392,187,7040.1784886000005
p_1303844,35.578115,-82.583273,188,7052.6263647900005
p_1303844,35.578065,-82.583165,189,7063.878273660001
p_1303844,35.577979,-82.582962,190,7084.605424980001
p_1303844,35.577926,-82.582804,191,7100.087065950001
p_1303844,35.577916,-82.582775,192,7102.94023987
p_1303844,35.577856,-82.582562,193,7123.362403880001
p_1303844,35.577855,-82.582557,194,7123.828996190001
p_1303844,35.577817,-82.582328,195,7145.009827120001
p_1303844,35.5778,-82.582114,196,7164.498663440001
p_1303844,35.577793,-82.58199,197,7175.765051530001
p_1303844,35.57779,-82.581936,198,7180.671014970001
p_1303844,35.577797,-82.581761,199,7196.552337250001
p_1303844,35.577823,-82.581544,200,7216.4320246100015
p_1303844,35.577861,-82.581335,201,7235.839651370002
p_1303844,35.577884,-82.58121,202,7247.453690620002
p_1303844,35.57793,-82.580954,203,7271.212619840002
p_1303844,35.577938,-82.580816,204,7283.752623360002
p_1303844,35.577942,-82.580767,205,7288.216183110002
p_1303844,35.57794,-82.580692,206,7295.017928510002
p_1303844,35.577937,-82.580557,207,7307.259079600002
p_1303844,35.577932,-82.580404,208,7321.138346420003
p_1303844,35.577911,-82.579998,209,7358.012556340002
p_1303844,35.577893,-82.579635,210,7390.976050230002
p_1303844,35.577869,-82.579021,211,7446.6937393900025
p_1303844,35.577854,-82.578643,212,7480.9967180500025
p_1303844,35.577834,-82.578106,213,7529.721904960003
p_1303844,35.577767,-82.576373,214,7686.979979030002
p_1303844,35.577763,-82.576271,215,7696.236094600002
p_1303844,35.577749,-82.575981,216,7722.568092080001
p_1303844,35.577719,-82.575381,217,7777.054992850001
p_1303844,35.577682,-82.575278,218,7787.253803580002
p_1303844,35.577617,-82.574716,219,7838.702569110002
p_1303844,35.577728,-82.57471,220,7851.030153640002
p_1303844,35.577925,-82.574693,221,7872.941787400002
p_1303844,35.578016,-82.574685,222,7883.064352270002
p_1303844,35.578365,-82.574654,223,7921.888137900002
p_1303844,35.578414,-82.57465,224,7927.336823130002
p_1303844,35.578413,-82.57465,225,7927.447774340002
p_1303844,35.578477,-82.574645,226,7934.563099460002
p_1303844,35.579121,-82.574594,227,8006.165057490002
p_1303844,35.579469,-82.574552,228,8044.963300080002
p_1303844,35.579582,-82.57453,229,8057.658376350002
p_1303844,35.579721,-82.574468,230,8074.072562560002
p_1303844,35.579801,-82.574423,231,8083.840960050002
p_1303844,35.579904,-82.574337,232,8097.674276550002
p_1303844,35.58003,-82.574198,233,8116.493627770002
p_1303844,35.5801,-82.574124,234,8126.755587570002
p_1303844,35.580727,-82.573458,235,8218.861399780002
p_1303844,35.581882,-82.572237,236,8388.182641880003
p_1303844,35.582894,-82.571228,237,8532.996113310002
p_1303844,35.583943,-82.570071,238,8689.657752700003
p_1303844,35.584104,-82.569899,239,8713.366722890003
p_1303844,35.584448,-82.56953,240,8764.113639890003
p_1303844,35.58457978002741,-82.56939598422836,241,8783.121902820003
p_1303844,35.584793,-82.569179,242,8813.885734810003
p_1303844,35.58497,-82.569018,243,8838.351916080002
p_1303844,35.58623614984667,-82.56767601309663,244,9024.170024720002
p_1303844,35.586314,-82.567576,245,9036.690862810003
p_1303844,35.586485,-82.567335,246,9065.622689890002
p_1303844,35.586554,-82.567211,247,9079.220843570003
p_1303844,35.586566,-82.56719,248,9081.543581110003
p_1303844,35.586671,-82.567016,249,9101.149989630003
p_1303844,35.586796,-82.566727,250,9130.787770400002
p_1303844,35.586827,-82.566658,251,9137.924816900002
p_1303844,35.586802,-82.566632,252,9141.564405930001
p_1303844,35.586783,-82.5666,253,9145.149824360002
p_1303844,35.586772,-82.566563,254,9148.718387940002
p_1303844,35.586768,-82.566524,255,9152.280777740001
p_1303844,35.58676971336638,-82.56650183335941,256,9154.29875243
p_1303844,35.586771894632705,-82.56648641065775,257,9155.71733495
p_1303844,35.58677680248245,-82.56647014976582,258,9157.288468940002
p_1303844,35.58678430058565,-82.56644802154142,259,9159.459690680002
p_1303844,35.586790844384225,-82.56643712506734,260,9160.685425310001
p_1303844,35.58680038742274,-82.56641985834676,261,9162.574878860001
p_1303844,35.58680911248581,-82.56640728549213,262,9164.070068890001
p_1303844,35.58684,-82.566382,263,9168.192706650001
p_1303844,35.586877,-82.566367,264,9172.517153440001
p_1303844,35.586916,-82.566367,265,9176.844256530001
p_1303844,35.58695395672234,-82.56638013734423,266,9181.22068598
p_1303844,35.58697880791949,-82.56631321035165,267,9187.883657990002
p_1303844,35.587008118608225,-82.56623284027386,268,9195.860712380001
p_1303844,35.58704721602963,-82.56612495572966,269,9206.557510240002
p_1303844,35.587047352358596,-82.56612361462534,270,9206.679993960002
p_1303844,35.58708907166297,-82.56601147668266,271,9217.847665300002
p_1303844,35.587152316,-82.565834445,272,9235.359621170002
p_1303844,35.587167349,-82.565781916,273,9240.404116220003
p_1303844,35.58722115,-82.565557785,274,9261.576300860002
p_1303844,35.587280155,-82.565312231,275,9284.774087570002
p_1303844,35.587338214,-82.565073253,276,9307.370574210003
p_1303844,35.587384208,-82.564882287,277,9325.414669810003
p_1303844,35.587399836,-82.564815788,278,9331.686014100003
p_1303844,35.587436601,-82.564695538,279,9343.322760830004
p_1303844,35.587469565,-82.564620907,280,9351.012144970004
p_1303844,35.587484599,-82.564587596,281,9354.461314070004
p_1303844,35.587512,-82.564543,282,9359.518846430004
p_1303844,35.587547,-82.564485,283,9366.054268390004
p_1303844,35.587564,-82.564464,284,9368.733820710004
p_1303844,35.587603,-82.564414,285,9374.999495400003
p_1303844,35.587713,-82.564317,286,9390.040716960004
p_1303844,35.587819,-82.564239,287,9403.762629810004
p_1303844,35.587952,-82.56418,288,9419.458100380005
p_1303844,35.588085,-82.564145,289,9434.551716910006
p_1303844,35.588238,-82.564107,290,9451.873104310005
p_1303844,35.588461,-82.564025,291,9477.707266780006
p_1303844,35.588766,-82.563947,292,9512.277915840006
p_1303844,35.589073,-82.563849,293,9547.478900580007
p_1303844,35.589182,-82.563792,294,9560.629707420007
p_1303844,35.589276,-82.563731,295,9572.433769340007
p_1303844,35.58935,-82.563677,296,9581.992093350007
p_1303844,35.589437,-82.563607,297,9593.542959890006
p_1303844,35.589557,-82.563511,298,9609.447776210007
p_1303844,35.589851,-82.563251,299,9649.688042160007
p_1303844,35.590087,-82.563041,300,9682.058448210008
p_1303844,35.590314,-82.562839,301,9713.194810980007
p_1303844,35.590552,-82.562637,302,9745.326383750007
p_1303844,35.590943,-82.562277,303,9799.607520980007
p_1303844,35.590976,-82.562247,304,9804.167976840008
p_1303844,35.59103500170599,-82.56219258484688,305,9812.363941880008
p_1303844,35.591036,-82.562191,306,9812.545319300008
p_1303844,35.591122843464944,-82.56212184136481,307,9824.039850980009
p_1303844,35.591135,-82.562111,308,9825.708552040009
p_1303844,35.591141,-82.561749,309,9858.522204280009
p_1303844,35.591148,-82.561342,310,9895.415481540009
p_1303844,35.59115499134053,-82.56102065004768,311,9924.548720670009
p_1303844,35.59117738644815,-82.56055876780249,312,9966.481296080008
p_1303844,35.59117349837389,-82.5604768042889,313,9973.921898840008
p_1303844,35.591179774472735,-82.5604297620283,314,9978.241680030009
p_1303844,35.591171,-82.560124,315,10005.968995300009
p_1303844,35.591164,-82.55986,316,10029.90706216001
p_1303844,35.591153,-82.559412,317,10070.52619423001
p_1303844,35.59114525396612,-82.55911362688327,318,10097.580443190009
p_1303844,35.591078,-82.559112,319,10105.043823990009
p_1303844,35.59113298527754,-82.55900247853688,320,10116.694389780008
p_1303844,35.59116616306015,-82.5585038178342,321,10162.036078480009
p_1303844,35.59117722231838,-82.55766516119634,322,10238.050711610009
p_1303844,35.59115141738083,-82.55720956664496,323,10279.438919130009
p_1303844,35.59117722231838,-82.55643210927705,324,10349.955510600008
p_1303844,35.592899372421215,-82.55636536592863,325,10541.126286620009
p_1303844,35.592860764,-82.555409364,326,10627.869632620008
p_1303845,35.592876896626834,-82.55540728782096,1,0
p_1303845,35.592872039683044,-82.55521784195832,2,17.17695524
p_1303845,35.59287394814598,-82.55516218612142,3,22.22519915
p_1303845,35.59288090039988,-82.5550929516052,4,28.546802910000004
p_1303845,35.59273442254984,-82.55504721771592,5,45.31890105000001
p_1303845,35.592580602959345,-82.55501905234871,6,62.57523144000001
p_1303845,35.592464,-82.555008,7,75.55121617
p_1303845,35.59229199313718,-82.55500569212754,8,94.6367752
p_1303845,35.59216977941905,-82.55501247428666,9,108.21048859
p_1303845,35.59212068819889,-82.55501522418102,10,113.66292929
p_1303845,35.591998652526,-82.55502162933685,11,127.21540189
p_1303845,35.591865595777705,-82.55502875170077,12,141.99234572
p_1303845,35.59172855243453,-82.55503627420502,13,157.21277898
p_1303845,35.59161809290285,-82.55504223624416,14,169.48032887
p_1303845,35.591551585228856,-82.55504593185395,15,176.86704824999998
p_1303845,35.59144327276252,-82.55505137875592,16,188.89460710999998
p_1303845,35.591292389726235,-82.55505949089577,17,205.65143283999998
p_1303845,35.59116313390601,-82.5550663117169,18,220.00586829999997
p_1303845,35.59116262562057,-82.55506677635017,19,220.07624939
p_1303845,35.591068,-82.555072,20,230.58576584
p_1303845,35.591074,-82.555157,21,238.31776096
p_1303845,35.591084,-82.555288,22,250.24161181999997
p_1303845,35.591099,-82.555499,23,269.43616281
p_1303845,35.591109845926255,-82.55563642540538,24,281.94859263
p_1303845,35.59111120914393,-82.55565637433519,25,283.76281662
p_1303845,35.5911437725336,-82.55602239598824,26,317.13036678000003
p_1303845,35.59115549619794,-82.55615214729663,27,328.96103515000004
p_1303845,35.591168855719985,-82.55630453029943,28,342.85033310000006
p_1303845,35.59117776718365,-82.55640524446078,29,352.03112766000004
p_1303845,35.59118076626011,-82.55643441348354,30,354.69548166000004
p_1303845,35.5911781966382,-82.5565594703885,31,366.03256738000005
p_1303845,35.5911740255887,-82.55668583449044,32,377.49388209000006
p_1303845,35.59116708346852,-82.55696124272563,33,402.46511870000006
p_1303845,35.59116062178036,-82.55721607666125,34,425.5710186300001
p_1303845,35.591177,-82.557616,35,461.86030044000006
p_1303845,35.591174,-82.557936,36,490.86277050000007
p_1303845,35.591166,-82.558491,37,541.1684513900001
p_1303845,35.591164,-82.558518,38,543.6254151500001
p_1303845,35.591156,-82.558603,39,551.3796593700001
p_1303845,35.591155,-82.558862,40,574.8522556500001
p_1303845,35.591154,-82.558892,41,577.57332182
p_1303845,35.591151,-82.558972,42,584.8311005400001
p_1303845,35.591144,-82.559059,43,592.75379036
p_1303845,35.591148,-82.559198,44,605.35872858
p_1303845,35.591153,-82.559412,45,624.7607917
p_1303845,35.591164,-82.55986,46,665.37992377
p_1303845,35.591171,-82.560124,47,689.31799063
p_1303845,35.591179,-82.56043,48,717.0639775200001
p_1303845,35.591178,-82.560478,49,721.4154760600001
p_1303845,35.591176,-82.56056,50,728.8501817
p_1303845,35.59116,-82.561021,51,770.66681566
p_1303845,35.591148,-82.561342,52,799.78846171
p_1303845,35.591141,-82.561749,53,836.68173897
p_1303845,35.591135,-82.562111,54,869.49539121
p_1303845,35.591135,-82.562125,55,870.76416635
p_1303845,35.591036,-82.562191,56,883.27133615
p_1303845,35.591011,-82.562215,57,886.79620693
p_1303845,35.590976,-82.562247,58,891.6428948700001
p_1303845,35.590943,-82.562277,59,896.2033507300001
p_1303845,35.590552,-82.562637,60,950.4844879600001
p_1303845,35.590314,-82.562839,61,982.6160607300002
p_1303845,35.590087,-82.563041,62,1013.7524235000002
p_1303845,35.589851,-82.563251,63,1046.1228295500002
p_1303845,35.589557,-82.563511,64,1086.3630955000003
p_1303845,35.589343,-82.563682,65,1114.7167782200004
p_1303845,35.58934134761695,-82.56368403542702,66,1114.9768551400005
p_1303845,35.5892839548564,-82.56372644786045,67,1122.4148450500004
p_1303845,35.58918652114774,-82.56378978480662,68,1134.6547116100005
p_1303845,35.58907192073062,-82.56385031127975,69,1148.5025787100005
p_1303845,35.589001740761276,-82.56387260863451,70,1156.5470925600005
p_1303845,35.58889492520217,-82.56390595712817,71,1168.7777407100004
p_1303845,35.588779819603275,-82.56394319891915,72,1181.9873457200003
p_1303845,35.58865530670468,-82.56397569583734,73,1196.1126772000002
p_1303845,35.588536911355305,-82.56400577289892,74,1209.5286479200001
p_1303845,35.58845988703081,-82.56402572182905,75,1218.2637556600002
p_1303845,35.58841162126116,-82.56404257435842,76,1223.8324584100003
p_1303845,35.58829274858259,-82.56408687638778,77,1237.6191551800002
p_1303845,35.58823934000958,-82.56410629431683,78,1243.8007114700001
p_1303845,35.58811753782628,-82.56413776252106,79,1257.61248842
p_1303845,35.587945926702886,-82.56418349064545,80,1277.0987906700002
p_1303845,35.58781931455138,-82.56423904361156,81,1292.0215787600002
p_1303845,35.58777767935398,-82.56427079911724,82,1297.4642447300002
p_1303845,35.58769760603536,-82.5643308198962,83,1307.8815557700002
p_1303845,35.587602213816155,-82.56441442113491,84,1320.8979842500003
p_1303845,35.58754661222018,-82.56448700515809,85,1329.9164175300002
p_1303845,35.58748442271752,-82.56458940047936,86,1341.4806659800001
p_1303845,35.587438834620315,-82.5646879073645,87,1351.74171309
p_1303845,35.58739851679725,-82.56482076205064,88,1364.58656629
p_1303845,35.58730179586452,-82.56522739693709,89,1402.97094075
p_1303845,35.587217150774435,-82.56557631349551,90,1435.9587577
p_1303845,35.58715597030296,-82.56583073109533,91,1459.99534567
p_1303845,35.586983796475195,-82.56629996588964,92,1506.61616674
p_1303845,35.586977845403965,-82.56631670501343,93,1508.2707167199999
p_1303845,35.58695433806774,-82.56637970531843,94,1514.5480175799999
p_1303845,35.58698507842905,-82.56640663486074,95,1518.74201512
p_1303845,35.587011197680724,-82.56644789388407,96,1523.47287805
p_1303845,35.587024244512605,-82.56648580408546,97,1527.2012218099999
p_1303845,35.5870271080625,-82.56653274355256,98,1531.4672600899999
p_1303845,35.58702008688344,-82.56657787606326,99,1535.6312033699999
p_1303845,35.587001241236834,-82.56662068613741,100,1540.0386967499999
p_1303845,35.5869730211745,-82.56665304028702,101,1544.3284413899999
p_1303845,35.58693963411099,-82.56667490509959,102,1548.5295170499999
p_1303845,35.58690152089957,-82.56668329692842,103,1552.8260818899998
p_1303845,35.58686265920099,-82.56667725735868,104,1557.1724459299999
p_1303845,35.586827250911796,-82.56665761217982,105,1561.4856779999998
p_1303845,35.586764386835824,-82.56680196169403,106,1576.3114684299999
p_1303845,35.586714879362674,-82.56691463949336,107,1587.90719733
p_1303845,35.58668601495573,-82.56698105213268,108,1594.7252483
p_1303845,35.58666995328443,-82.56701563674827,109,1598.33088746
p_1303845,35.58657583253972,-82.56717375893994,110,1616.06299409
p_1303845,35.586518541295646,-82.56727720387241,111,1627.39013275
p_1303845,35.586482973730355,-82.56734056866728,112,1634.35818162
p_1303845,35.58633858239615,-82.56754184101524,113,1658.6360464000002
p_1303845,35.58624074570113,-82.56767213508452,114,1674.6760687700003
p_1303845,35.58601217398996,-82.56791150540872,115,1708.0498239300002
p_1303845,35.58575368948476,-82.56818693809525,116,1746.0716417800002
p_1303845,35.585370969627604,-82.56859375594587,117,1802.3087474300003
p_1303845,35.5849728642831,-82.56901570904427,118,1860.7343502700003
p_1303845,35.584810932469594,-82.56916378798259,119,1883.1602080300004
p_1303845,35.58458644883473,-82.569392375864,120,1915.5573621300005
p_1303845,35.58458,-82.569394,121,1916.2878539900005
p_1303845,35.584448,-82.56953,122,1935.4302021800004
p_1303845,35.583943,-82.570071,123,2009.8860567300003
p_1303845,35.582894,-82.571228,124,2166.54769612
p_1303845,35.581966,-82.572153,125,2299.32679799
p_1303845,35.580056,-82.57417,126,2579.2034120900003
p_1303845,35.57990447,-82.574337472,127,2601.8546166600004
p_1303845,35.579842803,-82.57438929,128,2610.1535861300003
p_1303845,35.579801722,-82.574422291,129,2615.60542079
p_1303845,35.579724553,-82.574466817,130,2625.0709162000003
p_1303845,35.579691953,-82.574481506,131,2628.9251870900002
p_1303845,35.579582413,-82.574530627,132,2641.86864267
p_1303845,35.579561332,-82.574534986,133,2644.2407409400003
p_1303845,35.57946759,-82.574553132,134,2654.7707758300003
p_1303845,35.579384289,-82.574563583,135,2664.06154172
p_1303845,35.579253959,-82.574578884,136,2678.5881702
p_1303845,35.579126419,-82.574594155,137,2692.8064244300003
p_1303845,35.57901345,-82.574603424,138,2705.3685980100004
p_1303845,35.578961776,-82.574606945,139,2711.1107668900004
p_1303845,35.57884537,-82.574616445,140,2724.0548269100004
p_1303845,35.57872193,-82.57462669,141,2737.7820896800004
p_1303845,35.578505141,-82.57464372,142,2761.8845715
p_1303845,35.577728387,-82.574710001,143,2848.27551037
p_1303845,35.577734039,-82.574952147,144,2870.23304033
p_1303845,35.577742024,-82.575283399,145,2900.2714160100004
p_1303845,35.577718281,-82.575380243,146,2909.43629876
p_1303845,35.577722064,-82.575431171,147,2914.0715526400004
p_1303845,35.57776565569333,-82.57631674964584,148,2994.48764715
p_1303845,35.577766800541184,-82.57632097247924,149,2994.89093868
p_1303845,35.577792,-82.577015,150,3057.8609744
p_1303845,35.577834,-82.578106,151,3156.86091933
p_1303845,35.577854,-82.578643,152,3205.58610624
p_1303845,35.577869,-82.579021,153,3239.8890849
p_1303845,35.577893,-82.579635,154,3295.60677406
p_1303845,35.577911,-82.579998,155,3328.57026795
p_1303845,35.577932,-82.580404,156,3365.44447787
p_1303845,35.577937,-82.580557,157,3379.32374469
p_1303845,35.57794,-82.580692,158,3391.56489578
p_1303845,35.577942,-82.580767,159,3398.36664118
p_1303845,35.577938,-82.580816,160,3402.83020093
p_1303845,35.57793,-82.580954,161,3415.37020445
p_1303845,35.577893,-82.58116,162,3434.48834446
p_1303845,35.577897,-82.581137,163,3436.61981921
p_1303845,35.577884,-82.58121,164,3443.3920465700003
p_1303845,35.577861,-82.581335,165,3455.0060858200004
p_1303845,35.577823,-82.581544,166,3474.4137125800003
p_1303845,35.577796,-82.581767,167,3494.84761796
p_1303845,35.57779,-82.58193,168,3509.63722615
p_1303845,35.577793,-82.58199,169,3515.08591235
p_1303845,35.5778,-82.582114,170,3526.35230044
p_1303845,35.577805,-82.582175,171,3531.9092118599997
p_1303845,35.577817,-82.582328,172,3545.8411732399995
p_1303845,35.577855,-82.582557,173,3567.0220041699995
p_1303845,35.577856,-82.582562,174,3567.4885964799996
p_1303845,35.577916,-82.582775,175,3587.9107604899996
p_1303845,35.577926,-82.582804,176,3590.7639344099994
p_1303845,35.577979,-82.582962,177,3606.2455753799995
p_1303845,35.578065,-82.583165,178,3626.9727266999994
p_1303845,35.578115,-82.583273,179,3638.2246355699995
p_1303845,35.578171,-82.583392,180,3650.6725117599995
p_1303845,35.578214,-82.583483,181,3660.2012596599993
p_1303845,35.57834,-82.583796,182,3691.8293186599994
p_1303845,35.57835,-82.583821,183,3694.3523941299995
p_1303845,35.578363,-82.583852,184,3697.5108474899994
p_1303845,35.578401,-82.583978,185,3709.6850110899995
p_1303845,35.578406,-82.584,186,3711.7548442899997
p_1303845,35.578449,-82.584175,187,3728.3189844
p_1303845,35.578472,-82.584291,188,3739.1385939799998
p_1303845,35.578495,-82.584409,189,3750.13445151
p_1303845,35.578499,-82.584434,190,3752.44352842
p_1303845,35.578537,-82.584649,191,3772.3822075999997
p_1303845,35.578543,-82.584688,192,3775.9793426799997
p_1303845,35.578557,-82.584785,193,3784.90767569
p_1303845,35.578563,-82.584822,194,3788.32682402
p_1303845,35.578566,-82.584859,195,3791.69701681
p_1303845,35.578575,-82.584981,196,3802.8002069100003
p_1303845,35.578575,-82.585112,197,3814.6741711900004
p_1303845,35.578564,-82.58528,198,3829.9506819700005
p_1303845,35.57856,-82.585335,199,3834.9556505100004
p_1303845,35.57855,-82.585475,200,3847.6937985700006
p_1303845,35.578511,-82.585911,201,3887.4494612100007
p_1303845,35.578479,-82.586264,202,3919.6421308300005
p_1303845,35.578472,-82.58643,203,3934.7085781700007
p_1303845,35.578477,-82.58657,204,3947.410447150001
p_1303845,35.578482,-82.586615,205,3951.526847450001
p_1303845,35.578492,-82.586711,206,3960.2988384300006
p_1303845,35.578496,-82.586734,207,3962.4302980100006
p_1303845,35.578534,-82.586956,208,3982.9895555100006
p_1303845,35.578542,-82.587002,209,3987.2524724400005
p_1303845,35.578592,-82.587303,210,4015.0936937000006
p_1303845,35.578703,-82.587966,211,4076.4375605300006
p_1303845,35.578716,-82.588058,212,4084.9003355900004
p_1303845,35.578743,-82.588247,213,4102.29139425
p_1303845,35.578752,-82.588561,214,4130.77010297
p_1303845,35.578736,-82.58877,215,4149.79701683
p_1303845,35.578724,-82.58884,216,4156.28005927
p_1303845,35.578704,-82.588963,217,4167.647565519999
p_1303845,35.578697,-82.588991,218,4170.30168515
p_1303845,35.57868,-82.589065,219,4177.269262379999
p_1303845,35.578658,-82.589159,220,4186.132252799999
p_1303845,35.578618,-82.589306,221,4200.176141839999
p_1303845,35.578522,-82.589613,222,4229.971776179999
p_1303845,35.578497,-82.589679,223,4236.565853769999
p_1303845,35.578463,-82.589771,224,4245.718399649999
p_1303845,35.578391,-82.589923,225,4261.644291679999
p_1303845,35.578345,-82.589992,226,4269.716704979999
p_1303845,35.578305,-82.590053,227,4276.806654519999
p_1303845,35.578208,-82.590177,228,4292.367928249999
p_1303845,35.578,-82.590401,229,4323.105966859999
p_1303845,35.577858,-82.590554,230,4344.095215169999
p_1303845,35.577889,-82.59052,231,4348.71340532
p_1303845,35.577858,-82.590554,232,4353.33159547
p_1303845,35.577748,-82.590673,233,4369.61959538
p_1303845,35.577673,-82.590783,234,4382.606426519999
p_1303845,35.577635,-82.590873,235,4391.789303809999
p_1303845,35.577599,-82.590957,236,4400.387321679999
p_1303845,35.577562,-82.591063,237,4410.8356431699995
p_1303845,35.577524,-82.591171,238,4421.494311709999
p_1303845,35.57749,-82.591269,239,4431.145063659999
p_1303845,35.577472,-82.591339,240,4437.79689938
p_1303845,35.577448,-82.59144,241,4447.33116215
p_1303845,35.577441,-82.591535,242,4455.977127149999
p_1303845,35.577434,-82.591619,243,4463.63058338
p_1303845,35.57744,-82.591749,244,4475.43286293
p_1303845,35.577466,-82.591893,245,4488.80031859
p_1303845,35.577506,-82.592064,246,4504.922987059999
p_1303845,35.577541,-82.592216,247,4519.237397039999
p_1303845,35.577555,-82.592278,248,4525.067925599999
p_1303845,35.577619,-82.592538,249,4549.68139585
p_1303845,35.577653,-82.592663,250,4561.62313511
p_1303845,35.577686,-82.592772,251,4572.15972231
p_1303845,35.577229,-82.593011,252,4627.2983888399995
p_1303845,35.577036,-82.593112,253,4650.586873449999
p_1303845,35.577,-82.593115,254,4654.590361629999
p_1303845,35.576663,-82.593324,255,4696.506254269999
p_1303845,35.576451,-82.593389,256,4720.754581049999
p_1303845,35.57238,-82.593499,257,5172.546679239998
p_1303845,35.569571,-82.593578,258,5484.290493339999
p_1303845,35.568575,-82.593489,259,5595.091847689999
p_1303845,35.567715,-82.593233,260,5693.291336559999
p_1303845,35.567432,-82.593238,261,5724.693742389999
p_1303845,35.56698,-82.593398,262,5776.899020119999
p_1303845,35.566544,-82.593302,263,5826.050254729998
p_1303845,35.566296,-82.593321,264,5853.619956609999
p_1303845,35.565752,-82.593649,265,5920.904203189999
p_1303845,35.565199,-82.594275,266,6004.481476119999
p_1303845,35.565024,-82.594367,267,6025.613417179999
p_1303845,35.564806,-82.59433,268,6050.032203219998
p_1303845,35.563606,-82.593763,269,6192.7514650799985
p_1303845,35.563344,-82.593798,270,6221.993271009998
p_1303845,35.563212,-82.593869,271,6237.990859069999
p_1303845,35.563052,-82.594025,272,6260.687880029999
p_1303845,35.56292,-82.594301,273,6289.680623889999
p_1303845,35.562271,-82.596371,274,6490.685137499999
p_1303845,35.562118,-82.596719,275,6526.5116131099985
p_1303845,35.561787,-82.59729,276,6589.982044019998
p_1303845,35.561536,-82.597593,277,6629.099156709998
p_1303845,35.561066,-82.597972,278,6691.548583179998
p_1303845,35.560581,-82.598203,279,6749.291448909998
p_1303845,35.557968,-82.598918,280,7046.364822649997
p_1303845,35.557934,-82.598926,281,7050.206246749997
p_1303845,35.554385,-82.599913,282,7454.011147519997
p_1303845,35.552488,-82.600429,283,7669.621880669997
p_1303845,35.551678,-82.600488,284,7759.6510410699975
p_1303845,35.550835,-82.600318,285,7854.444122269998
p_1303845,35.550184,-82.600108,286,7929.140726089998
p_1303845,35.549667,-82.599858,287,7990.818873259997
p_1303845,35.549261,-82.599586,288,8042.174650259997
p_1303845,35.547434,-82.598164,289,8282.415247319997
p_1303845,35.546904,-82.597867,290,8347.092618859997
p_1303845,35.546506,-82.597709,291,8393.516974879996
p_1303845,35.543887,-82.597113,292,8689.079663559996
p_1303845,35.543378,-82.597047,293,8745.869744309995
p_1303845,35.542497,-82.597028,294,8843.632362949995
p_1303845,35.541368,-82.597171,295,8969.564942039995
p_1303845,35.54121777836245,-82.59736456899186,296,8993.770654479995
p_1303845,35.540980624253706,-82.5974209000433,297,9020.574299019994
p_1303845,35.540793291941114,-82.5974698835679,298,9041.828276599994
p_1303845,35.54048837777272,-82.59757029979353,299,9076.862774099995
p_1303845,35.54001795931978,-82.59773440578971,300,9131.136104619995
p_1303845,35.5395193380193,-82.59796118579568,301,9190.157227059994
p_1303845,35.538864589589124,-82.59828312177254,302,9268.448896959993
p_1303845,35.538291873600556,-82.5986402327409,303,9339.768686289994
p_1303845,35.53753332566477,-82.59914717963962,304,9435.667927179993
p_1303845,35.537299157609795,-82.59929973189466,305,9465.102767489992
p_1303845,35.53647150055943,-82.5998167975703,306,9568.211308539992
p_1303845,35.53590444638547,-82.60018662990493,307,9639.507802989992
p_1303845,35.53590222700976,-82.60018961130973,308,9639.873507989993
p_1303845,35.535365,-82.600553,309,9707.982873299992
p_1303845,35.53509101315437,-82.60080496893387,310,9746.012659189992
p_1303845,35.534838,-82.601068,311,9782.850953999992
p_1303845,35.534544,-82.60154,312,9836.668863309993
p_1303845,35.53338850138958,-82.60381690057635,313,10079.724651659993
p_1303845,35.53310134987282,-82.60430056491886,314,10133.938348289994
p_1303845,35.532897627389914,-82.60452961221273,315,10164.637035849993
p_1303845,35.53289836283537,-82.60452870847696,316,10164.752690439993
p_1303845,35.532839,-82.604602,317,10174.110154479993
p_1303845,35.53235,-82.605003,318,10239.426239009994
p_1303845,35.531944,-82.605217,319,10288.475316829994
p_1303845,35.52950754,-82.606095897,320,10570.308728199994
p_1303845,35.529532472999534,-82.60609293598648,321,10573.088056939994
p_1303845,35.527776,-82.60664,322,10774.186385199993
p_1303845,35.52715,-82.606791,323,10844.978647649994
p_1303845,35.526401,-82.606884,324,10928.507378309994
p_1303845,35.526442,-82.606713,325,10944.670363379993
p_1303845,35.526273,-82.605527,326,11053.862244969994
p_1303845,35.526207,-82.605029,327,11099.620511739995
p_1303845,35.525715,-82.603094,328,11283.418648099994
p_1303845,35.525698,-82.602762,329,11313.590219419993
p_1303845,35.525741,-82.602418,330,11345.153820569993
p_1303845,35.525936,-82.601601,331,11422.349786739993
p_1303845,35.525916,-82.601286,332,11451.006401399993
p_1303845,35.525826,-82.600958,333,11482.387207639993
p_1303845,35.525693,-82.600674,334,11512.073444259993
p_1303845,35.525371,-82.600447,335,11553.307584249993
p_1303845,35.525076,-82.600339,336,11587.472325259992
p_1303845,35.524818,-82.600324,337,11616.129795489993
p_1303845,35.524638,-82.600373,338,11636.589386779993
p_1303845,35.524386,-82.600532,339,11668.049095289993
p_1303845,35.524182,-82.600755,340,11698.403743379993
p_1303845,35.523964,-82.601047,341,11734.271238009993
p_1303845,35.52388,-82.601253,342,11755.151310599993
p_1303845,35.523789,-82.601503,343,11779.973147019993
p_1303845,35.523713,-82.602125,344,11837.016879299994
p_1303845,35.523898,-82.605825,345,12173.243660759994
p_1303845,35.52376,-82.606586,346,12243.946104919994
p_1303845,35.523687,-82.606873,347,12271.208678169995
p_1303845,35.52437,-82.606886,348,12346.996839369995
p_1303845,35.524729,-82.606798,349,12387.619825889995
p_1303845,35.526289334,-82.606723271,350,12560.871875939994
p_1303845,35.527960104,-82.606428415,351,12748.163379759995
p_1303845,35.527773899,-82.605615799,352,12824.706832059996
p_1303845,35.528765378242895,-82.60535761788566,353,12937.176410319995
p_1303845,35.52901534505685,-82.60528259156311,354,12965.732881159995
p_1303846,35.606998,-82.586651,1,0
p_1303846,35.606823,-82.58639,2,30.59861878
p_1303846,35.606671,-82.586168,3,56.84818631
p_1303846,35.606479,-82.585957,4,85.47206639000001
p_1303846,35.606354,-82.585921,5,99.71946887000001
p_1303846,35.606114,-82.585921,6,126.34788122000002
p_1303846,35.604447,-82.586519,7,319.07812473
p_1303846,35.604045,-82.586665,8,365.60129745
p_1303846,35.603873,-82.586605,9,385.44431399
p_1303846,35.603068,-82.586325,10,478.29410056
p_1303846,35.602875,-82.586258,11,500.55176293
p_1303846,35.602809,-82.586228,12,508.36286257
p_1303846,35.602815,-82.58621,13,510.1245319
p_1303846,35.601601,-82.585628,14,654.77607815
p_1303846,35.601265,-82.585246,15,705.64825057
p_1303846,35.600933,-82.584765,16,762.7151703999999
p_1303846,35.600427,-82.583976,17,853.61927149
p_1303846,35.600031,-82.583448,18,918.5780346199999
p_1303846,35.599165,-82.583008,19,1022.6063707
p_1303846,35.598492,-82.582848,20,1098.67140127
p_1303846,35.598092,-82.5826,21,1148.4177168699998
p_1303846,35.597925,-82.582486,22,1169.63189307
p_1303846,35.59752,-82.584308,23,1340.7458993799999
p_1303846,35.596833,-82.586911,24,1588.63949181
p_1303846,35.596836,-82.586921,25,1589.60489193
p_1303846,35.596809,-82.587028,26,1599.75348678
p_1303846,35.596721,-82.58728,27,1624.58954068
p_1303846,35.596546,-82.587631,28,1661.85533308
p_1303846,35.596088,-82.588348,29,1744.3418511700002
p_1303846,35.596008,-82.588546,30,1764.36027082
p_1303846,35.595939,-82.588798,31,1788.44591728
p_1303846,35.595623,-82.590843,32,1977.05439322
p_1303846,35.595626,-82.591117,33,2001.8869796200001
p_1303846,35.595684,-82.591529,34,2039.77364037
p_1303846,35.595695,-82.591621,35,2048.19969075
p_1303846,35.595375,-82.591812,36,2087.69857828
p_1303846,35.595054,-82.592048,37,2129.2420033500002
p_1303846,35.594635,-82.592308,38,2181.36071132
p_1303846,35.594329,-82.592422,39,2216.8488966
p_1303846,35.594188,-82.59246,40,2232.86759627
p_1303846,35.593288,-82.592704,41,2335.1429049999997
p_1303846,35.593048,-82.592758,42,2362.21720629
p_1303846,35.592533,-82.592819,43,2419.62400493
p_1303846,35.591667,-82.592948,44,2516.41656981
p_1303846,35.591491,-82.593055,45,2538.21917432
p_1303846,35.591365,-82.593132,46,2553.8439273
p_1303846,35.591072,-82.5932,47,2586.93166075
p_1303846,35.590087,-82.593322,48,2696.77668828
p_1303846,35.589801,-82.593315,49,2728.5151346000002
p_1303846,35.589042,-82.593246,50,2812.9591143300004
p_1303846,35.588844,-82.5932,51,2835.3195638300003
p_1303846,35.588703,-82.593132,52,2852.13382777
p_1303846,35.587932631117,-82.592596906746,53,2950.40656432
p_1303846,35.587810949201,-82.592504296959,54,2966.30366863
p_1303846,35.587801288435,-82.592501293323,55,2967.40957144
p_1303846,35.587450289519,-82.592224070604,56,3013.75481141
p_1303846,35.587218076888,-82.59209887029,57,3041.90716381
p_1303846,35.586630817288,-82.591996036997,58,3107.7275923899997
p_1303846,35.586632498557,-82.591745682209,59,3130.4184819099996
p_1303846,35.586674,-82.591716,60,3135.7513655499997
p_1303846,35.586673,-82.591637,61,3142.9121392099996
p_1303846,35.586677,-82.591266,62,3176.53947382
p_1303846,35.586684,-82.591112,63,3190.51836548
p_1303846,35.586693,-82.590939,64,3206.2294333699997
p_1303846,35.586701,-82.590792,65,3219.5818424699996
p_1303846,35.586708,-82.590626,66,3234.6467527099994
p_1303846,35.586716,-82.590552,67,3241.4119852799995
p_1303846,35.586725,-82.590462,68,3249.6297392799993
p_1303846,35.586751,-82.590157,69,3277.4225382599993
p_1303846,35.586782,-82.589954,70,3296.1395171799995
p_1303846,35.586812,-82.589759,71,3314.1234105199997
p_1303846,35.586825,-82.589677,72,3321.6938806599996
p_1303846,35.586862,-82.589451,73,3342.5839660599995
p_1303846,35.586902,-82.589207,74,3365.1390116499997
p_1303846,35.586913,-82.589137,75,3371.5995476099997
p_1303846,35.586929,-82.589057,76,3379.0642314099996
p_1303846,35.586939,-82.589005,77,3383.9059126399998
p_1303846,35.586965,-82.588878,78,3395.7721016699998
p_1303846,35.587032,-82.588545,79,3426.8544040899997
p_1303846,35.58711,-82.588155,80,3463.2446736599995
p_1303846,35.587236,-82.587692,81,3507.4744061299994
p_1303846,35.587238,-82.587686,82,3508.061726539999
p_1303846,35.5873,-82.587444,83,3531.047928199999
p_1303846,35.587432,-82.586926,84,3580.226201939999
p_1303846,35.587439,-82.586887,85,3583.8451314999993
p_1303846,35.587468,-82.58673,86,3598.4334481799992
p_1303846,35.587513,-82.586528,87,3617.409501899999
p_1303846,35.58751506,-82.586525255,88,3617.747336119999
p_1303846,35.587621964,-82.586048397,89,3662.563458389999
p_1303846,35.587686241,-82.585765888,90,3689.142106119999
p_1303846,35.587761512,-82.585432593,91,3720.482069739999
p_1303846,35.5878342788384,-82.58510788882793,92,3750.997589439999
p_1303846,35.58787416227568,-82.58492944557624,93,3767.764468239999
p_1303846,35.58792110199006,-82.58473817553791,94,3785.864796809999
p_1303846,35.588006694,-82.58437626,95,3820.012415209999
p_1303846,35.588091674,-82.584020513,96,3853.604235159999
p_1303846,35.588139372,-82.583817072,97,3872.786597829999
p_1303846,35.588155731,-82.583632838,98,3889.582117549999
p_1303846,35.588180174,-82.583356969,99,3914.730818509999
p_1303846,35.588183713,-82.583151283,100,3933.376301059999
p_1303846,35.588174851,-82.58293285,101,3953.197314339999
p_1303846,35.588148682,-82.582711138,102,3973.4997937899993
p_1303846,35.588137249006095,-82.58264730318902,103,3979.422588279999
p_1303846,35.588126484,-82.582590831,104,3984.678191339999
p_1303846,35.588083925,-82.582363156,105,4005.845823909999
p_1303846,35.588068153,-82.582232434,106,4017.821730299999
p_1303846,35.588020429,-82.58206461,107,4033.9269977099993
p_1303846,35.587985145,-82.581921871,108,4047.4428511099995
p_1303846,35.587944792,-82.58172674,109,4065.6855882899995
p_1303846,35.5879267,-82.581638741,110,4073.9097079199996
p_1303846,35.587891737,-82.581439483,111,4092.3804897999994
p_1303846,35.587874664,-82.581287057,112,4106.324197399999
p_1303846,35.587867038,-82.581212611,113,4113.124120139999
p_1303846,35.58785804,-82.581089732,114,4124.305361959999
p_1303846,35.587857479,-82.580998153,115,4132.605444889999
p_1303846,35.58785707,-82.580960602,116,4136.009012929999
p_1303846,35.587858842,-82.580904276,117,4141.117650419998
p_1303846,35.587860342,-82.580813584,118,4149.338795259999
p_1303846,35.587866886,-82.580712498,119,4158.528994269998
p_1303846,35.587877987,-82.580610312,120,4167.871702629998
p_1303846,35.587898309,-82.58048254,121,4179.669207159998
p_1303846,35.58790496,-82.580439209,122,4183.6650457199985
p_1303846,35.587924319,-82.580353378,123,4191.735039079998
p_1303846,35.587954914,-82.580234072,124,4203.068113919999
p_1303846,35.587966426,-82.58018789,125,4207.444158569999
p_1303846,35.58799075,-82.580104218,126,4215.493300769998
p_1303846,35.588026454,-82.58000486,127,4225.330984839999
p_1303846,35.588066088,-82.579904226,128,4235.456241799999
p_1303846,35.588104632,-82.579816998,129,4244.444310159999
p_1303846,35.58811472,-82.579797049,130,4246.570711119999
p_1303846,35.588151925,-82.579721492,131,4254.566431439999
p_1303846,35.588206323,-82.579617206,132,4265.78060262
p_1303846,35.588223773,-82.579584517,133,4269.31974507
p_1303846,35.588317657,-82.579449168,134,4285.41248365
p_1303846,35.588379272,-82.579351849,135,4296.571661229999
p_1303846,35.588393718,-82.579332073,136,4298.976096219999
p_1303846,35.58846406,-82.57924421,137,4310.126002749999
p_1303846,35.588548427,-82.579139055,138,4323.484359269999
p_1303846,35.588606164,-82.579067135,139,4332.623412489999
p_1303846,35.588628976,-82.579038992,140,4336.216682089999
p_1303846,35.588690732,-82.578961375,141,4346.0366343999995
p_1303846,35.588742399,-82.578896573,142,4354.24356302
p_1303846,35.588795862,-82.578826508,143,4362.93310224
p_1303846,35.588861727,-82.578739948,144,4373.65440302
p_1303846,35.58893565,-82.5786436,145,4385.6342828100005
p_1303846,35.588993725,-82.578567828,146,4395.05110796
p_1303846,35.589006066,-82.578552011,147,4397.03346005
p_1303846,35.5890214,-82.578527594,148,4399.82477055
p_1303846,35.58904771,-82.578486187,149,4404.57913151
p_1303846,35.589006,-82.578552,150,4412.128473299999
p_1303846,35.589051,-82.57848,151,4420.344781759999
p_1303846,35.589143,-82.578315,152,4438.450299959999
p_1303846,35.589224,-82.578137,153,4456.916687859999
p_1303846,35.589262,-82.578028,154,4467.657347109999
p_1303846,35.589294,-82.577903,155,4479.529292509999
p_1303846,35.589312,-82.57783,156,4486.440061799999
p_1303846,35.589345,-82.577698,157,4498.9508303699995
p_1303846,35.589387,-82.577497,158,4517.7538078
p_1303846,35.589414,-82.577338,159,4532.47187219
p_1303846,35.589451,-82.577213,160,4544.52133771
p_1303846,35.58953465627137,-82.57679405201002,161,4583.60807228
p_1303846,35.589555285311405,-82.5766590043405,162,4596.05942632
p_1303846,35.58955583511809,-82.57665765214601,163,4596.19631716
p_1303846,35.58956857856322,-82.57657638881209,164,4603.6955905
p_1303846,35.5895755848411,-82.57653781011797,165,4607.27729625
p_1303846,35.58960606382065,-82.57635961570048,166,4623.7770575
p_1303846,35.58962869365959,-82.57622801981633,167,4635.96482704
p_1303846,35.589639872252405,-82.57616273676597,168,4642.00993386
p_1303846,35.589658576655,-82.57605331059706,169,4652.141872470001
p_1303846,35.58968358012352,-82.5759267993341,170,4663.938234110001
p_1303846,35.58971288982369,-82.57577961310994,171,4677.668161190001
p_1303846,35.5897394044995,-82.57564726331502,172,4690.018303150001
p_1303846,35.58975876252502,-82.57555171637755,173,4698.939954600001
p_1303846,35.589808384484556,-82.57535658566827,174,4717.461531170002
p_1303846,35.58986215174011,-82.57514775882333,175,4737.305086210002
p_1303846,35.58991102259347,-82.57495532037902,176,4755.568904310002
p_1303846,35.58993272108097,-82.57487149373648,177,4763.538295040002
p_1303846,35.58997108158951,-82.57470728040192,178,4779.0172839000015
p_1303846,35.59001647965766,-82.57454281906037,179,4794.750201780002
p_1303846,35.59005165115221,-82.57440535584509,180,4807.805103220002
p_1303846,35.59009404777399,-82.57424257928058,181,4823.289034780002
p_1303846,35.59011149717942,-82.5741750211371,182,4829.710495750002
p_1303846,35.59019414831846,-82.57406578778347,183,4843.204774900002
p_1303846,35.59022559585435,-82.57391126856221,184,4857.636648540002
p_1303846,35.59027727096361,-82.57365788148644,185,4881.305476000002
p_1303846,35.590341968476025,-82.57333820308634,186,4911.153233850002
p_1303846,35.59039811892691,-82.57306154588973,187,4936.988433510002
p_1303846,35.59045885519694,-82.5727645775407,188,4964.732784240003
p_1303846,35.59051059469435,-82.57250972241997,189,4988.532373930003
p_1303846,35.590560066899556,-82.57226525934487,190,5011.357281210003
p_1303846,35.59059696106739,-82.57208218901106,191,5028.445993550003
p_1303846,35.590634010852625,-82.57190171122981,192,5045.310876860002
p_1303846,35.590674693765024,-82.57170257920014,193,5063.913614010003
p_1303846,35.5907109885496,-82.57152381581659,194,5080.607435160003
p_1303846,35.5907521529829,-82.57131989059438,195,5099.644606470003
p_1303846,35.59079728385906,-82.5710973575988,196,5120.424480960003
p_1303846,35.59083960019811,-82.57089036978559,197,5139.761828310003
p_1303846,35.5908726275802,-82.57072549851411,198,5155.1464205400025
p_1303846,35.59090829653991,-82.57055249154968,199,5171.317277440003
p_1303846,35.59094101383876,-82.57039005026293,200,5186.479790520003
p_1303846,35.59097392852544,-82.57023097702451,201,5201.351480630003
p_1303846,35.59100967121853,-82.57005124933389,202,5218.1154718900025
p_1303846,35.59104792521185,-82.56986966754496,203,5235.110200980002
p_1303846,35.591093631370484,-82.56965373466336,204,5255.325913150003
p_1303846,35.5911407291283,-82.56942980993516,205,5276.281487910002
p_1303846,35.59119692055644,-82.56916556866574,206,5301.027069820002
p_1303846,35.59123973902322,-82.56890923454091,207,5324.738585970002
p_1303846,35.59125259463593,-82.5688312415883,208,5331.949307850002
p_1303846,35.591276085231726,-82.5686454344756,209,5348.988890150002
p_1303846,35.591283325981905,-82.56858455753715,210,5354.564146970001
p_1303846,35.59129994678983,-82.56825831862814,211,5384.187531140001
p_1303846,35.59130077922481,-82.56813574320165,212,5395.296510350001
p_1303846,35.59130159848249,-82.56791798187292,213,5415.031690300001
p_1303846,35.59129987707088,-82.56777049185287,214,5428.399575110001
p_1303846,35.59129696040033,-82.56760853825674,215,5443.080447790001
p_1303846,35.59128367285999,-82.5673694707749,216,5464.796426800001
p_1303846,35.59128142926667,-82.5673010474501,217,5471.002396560001
p_1303846,35.59127311284911,-82.56699404823459,218,5498.8399991000015
p_1303846,35.591279170551715,-82.56662047895198,219,5532.701997520002
p_1303846,35.591316878528346,-82.5662725209936,220,5564.512573980002
p_1303846,35.59134873753507,-82.56607138952599,221,5583.080006450003
p_1303846,35.591429026173444,-82.56575079715387,222,5613.469143010003
p_1303846,35.591515025047414,-82.56551866995206,223,5636.568782610003
p_1303846,35.59162076344654,-82.56526450134643,224,5662.418688650003
p_1303846,35.59175393664229,-82.56502709937672,225,5688.518708820003
p_1303846,35.59176178917225,-82.56501468385429,226,5689.941763300003
p_1303846,35.59187918103048,-82.56483010735306,227,5711.142055680003
p_1303846,35.59192396053038,-82.5647612384791,228,5719.119424080003
p_1303846,35.59199381462503,-82.56465169519062,229,5731.713997540003
p_1303846,35.59203072076083,-82.56459212619016,230,5738.489761820003
p_1303846,35.59206033591197,-82.56453915329328,231,5744.307285670003
p_1303846,35.59212563483811,-82.56442473109337,232,5756.9571338700025
p_1303846,35.592199984978535,-82.56429334835501,233,5771.442243930002
p_1303846,35.59222386162395,-82.56425003197575,234,5776.178075920003
p_1303846,35.59224360501189,-82.56421361310915,235,5780.139352460003
p_1303846,35.59231719396763,-82.5640740074551,236,5795.197003940002
p_1303846,35.59242701445176,-82.56386602058497,237,5817.641351960002
p_1303846,35.59251205933664,-82.56362304097057,238,5841.597981150002
p_1303846,35.592601520972565,-82.56336431023225,239,5867.059910070002
p_1303846,35.59274201070188,-82.56280578549918,240,5920.022021720002
p_1303846,35.59282626026881,-82.56246777719463,241,5952.048513100002
p_1303846,35.59284219069225,-82.56239788967558,242,5958.624066390003
p_1303846,35.592878087480145,-82.56229304748368,243,5968.926374960002
p_1303846,35.59290613183421,-82.56224448899468,244,5974.3159145200025
p_1303846,35.592933245822934,-82.56219586327313,245,5979.651554750002
p_1303846,35.59295209161702,-82.56209240058365,246,5989.258156600002
p_1303846,35.59299174363554,-82.56188876802112,247,6008.229467250002
p_1303846,35.592988,-82.561915,248,6010.642746350002
p_1303846,35.593166,-82.560986,249,6097.118391200002
p_1303846,35.593208,-82.560795,250,6115.043967610002
p_1303846,35.593257,-82.560572,251,6135.971714200003
p_1303846,35.593311,-82.560323,252,6159.319027190003
p_1303846,35.593339,-82.560197,253,6171.1527559700025
p_1303846,35.59336,-82.560099,254,6180.334487520003
p_1303846,35.593516,-82.559341,255,6251.174658030002
p_1303846,35.593536,-82.559244,256,6260.240949830002
p_1303846,35.593578,-82.559036,257,6279.658221090002
p_1303846,35.593585,-82.559003,258,6282.748018720003
p_1303846,35.593604,-82.558907,259,6291.699686870003
p_1303846,35.593626,-82.558801,260,6301.611102300002
p_1303846,35.593639,-82.558728,261,6308.382065220002
p_1303846,35.593658,-82.558649,262,6315.845273030002
p_1303846,35.593739,-82.558264,263,6351.874341370002
p_1303846,35.593869,-82.557652,264,6409.1809685900025
p_1303846,35.593973,-82.557111,265,6459.547953840002
p_1303846,35.593997,-82.556986,266,6471.184667240002
p_1303846,35.594011,-82.55691,267,6478.245046590003
p_1303846,35.594032,-82.556835,268,6485.430089160003
p_1303846,35.59405966075377,-82.55669866688366,269,6498.160543060003
p_1303846,35.59405966075377,-82.55669557913002,270,6498.440366100003
p_1303846,35.59413498596112,-82.55630899234896,271,6534.457253130004
p_1303846,35.59407094036291,-82.5563116138509,272,6541.567178110004
p_1303846,35.593537559789084,-82.55633896161441,273,6600.798419400004
p_1303846,35.59290454827142,-82.55636629055208,274,6671.075637160004
p_1303846,35.592889671525526,-82.5559018087205,275,6713.201564310004
p_1303847,35.59286347817283,-82.55555259877326,1,0
p_1303847,35.592875085518614,-82.55507728900126,2,43.09412026
p_1303847,35.593616,-82.555328,3,128.38173059000002
p_1303847,35.593929,-82.555428,4,164.27250885
p_1303847,35.594292,-82.555527,5,205.53507073
p_1303847,35.594128,-82.556305,6,278.35020737
p_1303847,35.594013,-82.556908,7,334.46601692
p_1303847,35.593975,-82.557106,8,352.89816285
p_1303847,35.593973,-82.557111,9,353.40269911
p_1303847,35.593869,-82.557652,10,403.76968436000004
p_1303847,35.593739,-82.558264,11,461.07631158000004
p_1303847,35.593658,-82.558649,12,497.10537992
p_1303847,35.593639,-82.558728,13,504.56858773
p_1303847,35.593626,-82.558801,14,511.33955065
p_1303847,35.593585,-82.559003,15,530.20234407
p_1303847,35.593578,-82.559036,16,533.2921417
p_1303847,35.593536,-82.559244,17,552.70941296
p_1303847,35.593516,-82.559341,18,561.77570476
p_1303847,35.59336,-82.560099,19,632.6158752700001
p_1303847,35.593339,-82.560197,20,641.79760682
p_1303847,35.593311,-82.560323,21,653.6313356
p_1303847,35.593257,-82.560572,22,676.97864859
p_1303847,35.593208,-82.560795,23,697.90639518
p_1303847,35.593166,-82.560986,24,715.83197159
p_1303847,35.592988,-82.561915,25,802.30761644
p_1303847,35.592977,-82.561971,26,807.5272907399999
p_1303847,35.592986,-82.561923,27,811.9904184999999
p_1303847,35.592949,-82.562117,28,830.0445375599999
p_1303847,35.592933,-82.562197,29,837.5086946099999
p_1303847,35.592942,-82.562315,30,848.24893772
p_1303847,35.59294,-82.562345,31,850.9767213099999
p_1303847,35.592936,-82.562424,32,858.14982011
p_1303847,35.592916,-82.562523,33,867.3920188
p_1303847,35.592852,-82.562803,34,893.7417972999999
p_1303847,35.592811,-82.563027,35,914.5452209399999
p_1303847,35.592783,-82.563294,36,938.94069134
p_1303847,35.592764,-82.563556,37,962.77782666
p_1303847,35.592753,-82.563785,38,983.56679992
p_1303847,35.592749,-82.564167,39,1018.18838471
p_1303847,35.592749,-82.564289,40,1029.24463184
p_1303847,35.592766,-82.564412,41,1040.54995747
p_1303847,35.592789,-82.564733,42,1069.75227817
p_1303847,35.592834,-82.565125,43,1105.62638054
p_1303847,35.592866,-82.565343,44,1125.6990959799998
p_1303847,35.592926,-82.565687,45,1157.5768843499998
p_1303847,35.592991,-82.566013,46,1187.9880481199998
p_1303847,35.593057,-82.566308,47,1215.7070832199997
p_1303847,35.59313,-82.566605,48,1243.8148312699998
p_1303847,35.593183,-82.566791,49,1261.6672701299997
p_1303847,35.593207,-82.566873,50,1269.5611619399997
p_1303847,35.593312,-82.567164,51,1298.3914739699997
p_1303847,35.593396,-82.567369,52,1319.1761400799996
p_1303847,35.593527,-82.567623,53,1346.3994585399996
p_1303847,35.593664,-82.56785,54,1371.9776456399995
p_1303847,35.593704,-82.567906,55,1378.7194098299994
p_1303847,35.593832,-82.568083,56,1400.1433648299994
p_1303847,35.594012,-82.568289,57,1427.4813134999995
p_1303847,35.594141,-82.56841,58,1445.5117184499995
p_1303847,35.594223,-82.568487,59,1456.9776019199996
p_1303847,35.594555,-82.568747,60,1500.7046169299997
p_1303847,35.595209,-82.569146,61,1581.7769044299996
p_1303847,35.595323,-82.569216,62,1595.9269746699997
p_1303847,35.596107,-82.569682,63,1692.6219035699996
p_1303847,35.596427498964545,-82.56984751298037,64,1731.2155775599997
p_1303847,35.596557949107364,-82.56991265661974,65,1746.8468315299997
p_1303847,35.59661803516252,-82.56993890853414,66,1753.9252191099997
p_1303847,35.596638,-82.569978,67,1758.1032629099998
p_1303847,35.596681,-82.57015,68,1774.4038162399997
p_1303847,35.596734,-82.570411,69,1798.7758170199997
p_1303847,35.596746,-82.570547,70,1811.1719108199998
p_1303847,35.596751,-82.570609,71,1816.8177013399998
p_1303847,35.596745,-82.570807,72,1834.7728994299998
p_1303847,35.596708,-82.571055,73,1857.6186454899998
p_1303847,35.596654,-82.571419,74,1891.1442303
p_1303847,35.596587,-82.571867,75,1932.41723717
p_1303847,35.596517,-82.572335,76,1975.5330029499999
p_1303847,35.596503,-82.572374,77,1979.3935002399999
p_1303847,35.596455,-82.572505,78,1992.4046903499998
p_1303847,35.596316,-82.572432,79,2009.1858919099998
p_1303847,35.596202,-82.572383,80,2022.5911645899998
p_1303847,35.596155,-82.572362,81,2028.1422815699998
p_1303847,35.595999,-82.572306,82,2046.1793415599998
p_1303847,35.595883,-82.572269,83,2059.47930998
p_1303847,35.595838,-82.572254,84,2064.65386262
p_1303847,35.595857,-82.572127,85,2076.35426569
p_1303847,35.595891,-82.571905,86,2096.8228530399997
p_1303847,35.595977,-82.571335,87,2149.3509591399998
p_1303847,35.59598,-82.571143,88,2166.7534392599996
p_1303847,35.595986,-82.570675,89,2209.1694467499997
p_1303847,35.595916,-82.570321,90,2242.1761775699997
p_1303847,35.595875,-82.570211,91,2253.1334428899995
p_1303847,35.595811,-82.570042,92,2270.0145845299994
p_1303847,35.595672,-82.569731,93,2302.141607679999
p_1303847,35.595594,-82.569637,94,2314.284892259999
p_1303847,35.595453,-82.569511,95,2333.6528726699994
p_1303847,35.595307,-82.569381,96,2353.6826943699994
p_1303847,35.595149,-82.56924,97,2375.3756223499995
p_1303847,35.59476,-82.56905,98,2421.8435294799997
p_1303847,35.594669,-82.569051,99,2431.9405231799997
p_1303847,35.594412,-82.568927,100,2462.58941359
p_1303847,35.594269,-82.568875,101,2479.14050909
p_1303847,35.594205,-82.568856,102,2486.44718161
p_1303847,35.594102,-82.568825,103,2498.21542633
p_1303847,35.593889,-82.56878,104,2522.19736891
p_1303847,35.593681,-82.568739,105,2545.57247143
p_1303847,35.59338,-82.568672,106,2579.51634034
p_1303847,35.593169,-82.568606,107,2603.6790936300004
p_1303847,35.593054,-82.568557,108,2617.18915486
p_1303847,35.592866,-82.568478,109,2639.24247894
p_1303847,35.592586,-82.568344,110,2672.59802694
p_1303847,35.592409,-82.568285,111,2692.9513154700003
p_1303847,35.592372,-82.568282,112,2697.0655125400003
p_1303847,35.592237,-82.568273,113,2712.0661503
p_1303847,35.592097,-82.568301,114,2727.80525539
p_1303847,35.591982,-82.568371,115,2742.05469705
p_1303847,35.591877,-82.568447,116,2755.58831561
p_1303847,35.59179,-82.568511,117,2766.84961394
p_1303847,35.591606,-82.568789,118,2799.2767053
p_1303847,35.591515,-82.569077,119,2827.2618932799996
p_1303847,35.591406,-82.569422,120,2860.7854356099997
p_1303847,35.591359,-82.569635,121,2880.7808447899997
p_1303847,35.591312,-82.569849,122,2900.86376911
p_1303847,35.591273,-82.57003,123,2917.82831938
p_1303847,35.591018,-82.571276,124,3034.23973722
p_1303847,35.590921,-82.571749,125,3078.4366720999997
p_1303847,35.590736,-82.572644,126,3162.10481928
p_1303847,35.590679,-82.572907,127,3186.76454125
p_1303847,35.590394,-82.57421,128,3309.01255678
p_1303847,35.590435,-82.574373,129,3324.46941048
p_1303847,35.590398,-82.57466,130,3350.80150446
p_1303847,35.590339,-82.575012,131,3383.3671550100003
p_1303847,35.59028,-82.575409,132,3419.9370226500005
p_1303847,35.590272,-82.575459,133,3424.5545255300003
p_1303847,35.59027,-82.575473,134,3425.8425728200004
p_1303847,35.590194,-82.575974,135,3472.0234732600006
p_1303847,35.59019,-82.575998,136,3474.2433576900007
p_1303847,35.590154,-82.57623,137,3495.6450579100006
p_1303847,35.590132,-82.576362,138,3507.8544294300004
p_1303847,35.589998,-82.577107,139,3576.9898315500004
p_1303847,35.589974,-82.577241,140,3589.42250653
p_1303847,35.58996,-82.577573,141,3619.55110804
p_1303847,35.589979,-82.577792,142,3639.5103029800002
p_1303847,35.590001,-82.577903,143,3649.8619242100003
p_1303847,35.590022,-82.578006,144,3659.4830078200002
p_1303847,35.59007,-82.578172,145,3675.4420884
p_1303847,35.590125,-82.57834,146,3691.84496011
p_1303847,35.590163,-82.578445,147,3702.2530768300003
p_1303847,35.590177,-82.578483,148,3706.03103546
p_1303847,35.5902,-82.578555,149,3713.03749103
p_1303847,35.59024,-82.578679,150,3725.11994249
p_1303847,35.590248,-82.578709,151,3727.97999708
p_1303847,35.590288,-82.578857,152,3742.10807244
p_1303847,35.590304,-82.578988,153,3754.11229495
p_1303847,35.590307,-82.579095,154,3763.81517301
p_1303847,35.5903,-82.579216,155,3774.80859759
p_1303847,35.590259,-82.579411,156,3793.05709515
p_1303847,35.590186,-82.579606,157,3812.49715126
p_1303847,35.590111,-82.579809,158,3832.68902341
p_1303847,35.589955,-82.580073,159,3862.21910041
p_1303847,35.589738,-82.580288,160,3893.19237715
p_1303847,35.589631,-82.580393,161,3908.4072921
p_1303847,35.589514,-82.580507,162,3924.9981825100003
p_1303847,35.589375,-82.580632,163,3944.1340797000003
p_1303847,35.589274,-82.580723,164,3958.04785716
p_1303847,35.589201,-82.580815,165,3969.6720161800004
p_1303847,35.589138,-82.580896,166,3979.8085236500006
p_1303847,35.588999,-82.581196,167,4011.0666917400004
p_1303847,35.588963,-82.581291,168,4020.5578603800004
p_1303847,35.588889,-82.581488,169,4040.2091946900005
p_1303847,35.588856,-82.581624,170,4053.0671110900003
p_1303847,35.588839,-82.581696,171,4059.85956174
p_1303847,35.588719,-82.582191,172,4106.65516245
p_1303847,35.588694,-82.582295,173,4116.48030331
p_1303847,35.588693,-82.5823,174,4116.94683635
p_1303847,35.588602,-82.582673,175,4152.22725722
p_1303847,35.588599,-82.582686,176,4153.45155821
p_1303847,35.588087,-82.584775,177,4351.11633189
p_1303847,35.588041,-82.584961,178,4368.72923991
p_1303847,35.587964,-82.585267,179,4397.74819656
p_1303847,35.58784,-82.585747,180,4443.37449281
p_1303847,35.58772,-82.586269,181,4492.5214531
p_1303847,35.587637,-82.586635,182,4526.94686776
p_1303847,35.587609,-82.586756,183,4538.3447361
p_1303847,35.587582,-82.586875,184,4549.53811506
p_1303847,35.587569,-82.586932,185,4554.9016518
p_1303847,35.587545524878,-82.586965457672,186,4558.89899439
p_1303847,35.587047,-82.589157,187,4765.078755889999
p_1303847,35.586922625262,-82.589789550926,188,4824.045222999999
p_1303847,35.586855712893,-82.590237364418,189,4865.304683219999
p_1303847,35.586842625306,-82.590523737434,190,4891.299723659999
p_1303847,35.586805203165,-82.592018446398,191,5026.831283389998
p_1303847,35.587038257623,-82.592054033658,192,5052.889370099998
p_1303847,35.587277514531,-82.592135937014,193,5080.453564319998
p_1303847,35.587546626908,-82.592278286053,194,5112.979940299998
p_1303847,35.587814375865,-82.592487882278,195,5148.241179869998
p_1303847,35.587782125761,-82.592484253967,196,5151.834451579998
p_1303847,35.588703,-82.593132,197,5269.6711217699985
p_1303847,35.588844,-82.5932,198,5286.485385709999
p_1303847,35.589042,-82.593246,199,5308.845835209999
p_1303847,35.589801,-82.593315,200,5393.289814939999
p_1303847,35.590087,-82.593322,201,5425.0282612599985
p_1303847,35.591072,-82.5932,202,5534.873288789999
p_1303847,35.591365,-82.593132,203,5567.961022239999
p_1303847,35.591667,-82.592948,204,5605.388360269999
p_1303847,35.591857,-82.592918,205,5626.643733329999
p_1303847,35.592533,-82.592819,206,5702.181628279999
p_1303847,35.593048,-82.592758,207,5759.588426919999
p_1303847,35.593288,-82.592704,208,5786.662728209999
p_1303847,35.594188,-82.59246,209,5888.938036939999
p_1303847,35.594329,-82.592422,210,5904.956736609999
p_1303847,35.594635,-82.592308,211,5940.444921889999
p_1303847,35.595054,-82.592048,212,5992.563629859999
p_1303847,35.595375,-82.591812,213,6034.107054929999
p_1303847,35.595695,-82.591621,214,6073.605942459999
p_1303847,35.59608,-82.591575,215,6116.525199699999
p_1303847,35.596542,-82.591514,216,6168.082012799999
p_1303847,35.596862,-82.591453,217,6204.014257449999
p_1303847,35.597591,-82.591308,218,6285.9583030899985
p_1303847,35.598117,-82.591201,219,6345.118830229999
p_1303847,35.598434,-82.591163,220,6380.458646409998
p_1303847,35.598526,-82.591156,221,6390.685881959998
p_1303847,35.599266,-82.591125,222,6472.838096229998
p_1303847,35.599418,-82.591087,223,6490.050696469998
p_1303847,35.599548,-82.591018,224,6505.771330389998
p_1303847,35.599689,-82.590911,225,6524.176587289998
p_1303847,35.600151,-82.590492,226,6587.966524119998
p_1303847,35.600299,-82.590393,227,6606.678110019998
p_1303847,35.600448,-82.590339,228,6623.918884699998
p_1303847,35.600612,-82.590309,229,6642.316899019997
p_1303847,35.600791,-82.590316,230,6662.187365239997
p_1303847,35.6016,-82.590415,231,6752.394409909997
p_1303847,35.601615,-82.590415,232,6754.058684399997
p_1303847,35.602386,-82.590599,233,6841.212104159998
p_1303847,35.602584,-82.590591,234,6863.192487679998
p_1303847,35.602767,-82.590522,235,6884.437498899998
p_1303847,35.603145,-82.590187,236,6936.210057509998
p_1303847,35.603385,-82.590011,237,6967.2488632999975
p_1303847,35.603618,-82.589889,238,6995.365056009998
p_1303847,35.603897,-82.589813,239,7027.077335179998
p_1303847,35.603939,-82.589805,240,7031.793350709998
p_1303847,35.603935,-82.589793,241,7032.967782869998
p_1303847,35.605157,-82.589593,242,7169.756519609998
p_1303847,35.605431,-82.589602,243,7200.168221479998
p_1303847,35.60615,-82.590866,244,7339.743916189997
p_1303847,35.606394,-82.59113,245,7375.870330909997
p_1303847,35.606522,-82.591207,246,7391.693393249998
p_1303847,35.606676,-82.591299,247,7410.704985659998
p_1303847,35.606921,-82.590744,248,7467.869792349998
p_1303847,35.607201,-82.590345,249,7515.536979629997
p_1303847,35.607528,-82.590012,250,7562.725055199998
p_1303847,35.607555,-82.589892,251,7574.003186529998
p_1303847,35.607543,-82.588991,252,7655.652114659998
p_1303847,35.607284441244914,-82.58698858113908,253,7839.342122699998
p_1303847,35.606990541016174,-82.58665516956245,254,7883.794057999998
p_1303851,35.61217904012396,-82.63144968246931,1,0
p_1303851,35.612016,-82.631081,2,37.98746311
p_1303851,35.612,-82.630992,3,46.24425091
p_1303851,35.612307,-82.63094,4,80.63074743
p_1303851,35.612367,-82.63093,5,87.3492294
p_1303851,35.612452,-82.63091,6,96.95264184999999
p_1303851,35.612548,-82.63086,7,108.52735304999999
p_1303851,35.612589,-82.630838,8,113.493912
p_1303851,35.612387,-82.630475,9,153.29318702
p_1303851,35.612336,-82.630382,10,163.44295113
p_1303851,35.612284,-82.630314,11,171.88362537
p_1303851,35.612134,-82.630115,12,196.42059755
p_1303851,35.612084,-82.630049,13,204.57742739
p_1303851,35.611829,-82.629711,14,246.27038125
p_1303851,35.611592,-82.629396,15,285.07755647
p_1303851,35.611539,-82.629332,16,293.3361208
p_1303851,35.611543,-82.629337,17,293.97030615
p_1303851,35.61144,-82.629212,18,310.05963639
p_1303851,35.61141,-82.629176,19,314.71991859999997
p_1303851,35.611185,-82.628974,20,345.6742907
p_1303851,35.611125,-82.628921,21,353.88261141
p_1303851,35.610825,-82.628653,22,395.08385154999996
p_1303851,35.610722,-82.628561,23,409.22891073999995
p_1303851,35.610653,-82.628499,24,418.72446733999993
p_1303851,35.610573,-82.628427,25,429.7400296899999
p_1303851,35.610179,-82.628088,26,483.16681227999993
p_1303851,35.610091,-82.628012,27,495.1145349199999
p_1303851,35.609997,-82.627931,28,507.8673922399999
p_1303851,35.609951,-82.627902,29,513.6078339199998
p_1303851,35.609876,-82.627853,30,523.0394907899998
p_1303851,35.609648,-82.627707,31,551.5864755299998
p_1303851,35.609263,-82.62746,32,599.8103857399998
p_1303851,35.608877,-82.627238,33,647.1261793799998
p_1303851,35.608639,-82.627101,34,676.3047772899998
p_1303851,35.608354,-82.626938,35,711.2050100999999
p_1303851,35.608009,-82.626803,36,751.3902669299998
p_1303851,35.607702,-82.626684,37,787.1182886899999
p_1303851,35.607453,-82.626587,38,816.1096113199999
p_1303851,35.607171,-82.626471,39,849.1162155199999
p_1303851,35.60698,-82.626393,40,871.4554406799998
p_1303851,35.606889,-82.626356,41,882.0940946099998
p_1303851,35.606829,-82.626331,42,889.1260419299998
p_1303851,35.60586,-82.625956,43,1001.8798592699998
p_1303851,35.605859,-82.625956,44,1001.9908109799998
p_1303851,35.605793,-82.62593,45,1009.6832549299997
p_1303851,35.605292,-82.625712,46,1068.6754393399997
p_1303851,35.605206,-82.625681,47,1078.6221452499997
p_1303851,35.604931,-82.625586,48,1110.3248806699996
p_1303851,35.604396,-82.625331,49,1174.0225555699997
p_1303851,35.603954,-82.625097,50,1227.4506532199996
p_1303851,35.603654,-82.624918,51,1264.4776888899996
p_1303851,35.603628,-82.624901,52,1267.7479527499995
p_1303851,35.603558,-82.624859,53,1276.3968810699996
p_1303851,35.603345,-82.624717,54,1303.3053425599996
p_1303851,35.603299,-82.624687,55,1309.0879188799997
p_1303851,35.603008,-82.624477,56,1346.5651202399997
p_1303851,35.602779,-82.624309,57,1376.1844531999998
p_1303851,35.602656,-82.624218,58,1392.1292364499998
p_1303851,35.602347,-82.62398,59,1432.6322563799997
p_1303851,35.602304,-82.623948,60,1438.2152374299997
p_1303851,35.601985,-82.6237,61,1480.1403181299997
p_1303851,35.601707,-82.623489,62,1516.4301204899998
p_1303851,35.601581,-82.623394,63,1532.84787509
p_1303851,35.601328,-82.623217,64,1565.17763692
p_1303851,35.601131,-82.623079,65,1590.35942044
p_1303851,35.601085,-82.623047,66,1596.22940877
p_1303851,35.60064,-82.622805,67,1650.25368102
p_1303851,35.599648,-82.622267,68,1770.63148606
p_1303851,35.599403,-82.622123,69,1800.78437712
p_1303851,35.599324,-82.622077,70,1810.49024718
p_1303851,35.599316,-82.622072,71,1811.4868137600001
p_1303851,35.599119,-82.621957,72,1835.7014092200002
p_1303851,35.59863,-82.62167,73,1895.8680471500002
p_1303851,35.598121,-82.621392,74,1957.7064508100002
p_1303851,35.597819,-82.621209,75,1995.0929412400003
p_1303851,35.597659,-82.621105,76,2015.1917453600004
p_1303851,35.597567,-82.621045,77,2026.7570709800004
p_1303851,35.59749,-82.620995,78,2036.4275019900003
p_1303851,35.59711,-82.620749,79,2084.1197913200003
p_1303851,35.596576,-82.620302,80,2155.8915254000003
p_1303851,35.596502,-82.620239,81,2165.8917638700004
p_1303851,35.596278,-82.62005,82,2196.07494991
p_1303851,35.595629,-82.619395,83,2289.3934304900004
p_1303851,35.595362,-82.619125,84,2327.8156011500005
p_1303851,35.595335,-82.619089,85,2332.2447519600005
p_1303851,35.594787,-82.618361,86,2421.9624300800006
p_1303851,35.594649,-82.618177,87,2444.6004072100004
p_1303851,35.594535,-82.618023,88,2463.4352608700005
p_1303851,35.594399,-82.617804,89,2488.3665971300006
p_1303851,35.594335,-82.6177,90,2500.167009290001
p_1303851,35.594333,-82.617698,91,2500.4535248900006
p_1303851,35.593634,-82.616565,92,2629.1285442100007
p_1303851,35.593467,-82.616295,93,2659.8210112800007
p_1303851,35.592819,-82.615239,94,2779.5185900900005
p_1303851,35.592643,-82.614907,95,2815.3875073900003
p_1303851,35.592573,-82.614775,96,2829.65011412
p_1303851,35.592426,-82.614326,97,2873.48786138
p_1303851,35.59235,-82.613898,98,2913.1815227800003
p_1303851,35.592335,-82.613747,99,2926.9667945
p_1303851,35.592316,-82.613557,100,2944.31419524
p_1303851,35.592305,-82.613417,101,2957.0603266400003
p_1303851,35.592317,-82.613227,102,2974.3305640500002
p_1303851,35.592336,-82.612917,103,3002.50343513
p_1303851,35.592345,-82.612876,104,3006.3509188000003
p_1303851,35.592367,-82.61277,105,3016.2624798800002
p_1303851,35.592456,-82.612335,106,3056.90243284
p_1303851,35.592599,-82.611943,107,3095.80955002
p_1303851,35.592599,-82.611942,108,3095.9001751700002
p_1303851,35.592688,-82.611703,109,3119.7043519000003
p_1303851,35.592781,-82.611391,110,3149.8032997900004
p_1303851,35.592795,-82.611344,111,3154.3370678900005
p_1303851,35.592865,-82.611068,112,3180.5275946600004
p_1303851,35.592913,-82.610674,113,3216.6287574500006
p_1303851,35.592917,-82.610394,114,3242.0075792400007
p_1303851,35.592918,-82.610335,115,3247.355592690001
p_1303851,35.592822,-82.609465,116,3326.9154195300007
p_1303851,35.592759,-82.609008,117,3368.916736540001
p_1303851,35.592707,-82.608637,118,3403.030035980001
p_1303851,35.592545,-82.60747,119,3510.306051170001
p_1303851,35.592431,-82.606648,120,3585.866197070001
p_1303851,35.592379,-82.606387,121,3610.212894440001
p_1303851,35.592279,-82.605879,122,3657.568725280001
p_1303851,35.592248,-82.6058,123,3665.5114811300014
p_1303851,35.592091,-82.605407,124,3705.158992200001
p_1303851,35.592059,-82.605328,125,3713.150434760001
p_1303851,35.591927,-82.605099,126,3738.551093030001
p_1303851,35.591925,-82.605096,127,3738.902032330001
p_1303851,35.591799,-82.604881,128,3762.882986820001
p_1303851,35.591765,-82.60484,129,3768.177966860001
p_1303851,35.591658,-82.604712,130,3784.776254740001
p_1303851,35.591624,-82.60467,131,3790.1352238400013
p_1303851,35.591559,-82.604592,132,3800.2337056500014
p_1303851,35.591348,-82.604338,133,3833.0657494300012
p_1303851,35.591155,-82.604105,134,3863.139483310001
p_1303851,35.59102,-82.603915,135,3885.961648890001
p_1303851,35.590836,-82.603653,136,3917.275635400001
p_1303851,35.59081,-82.603616,137,3921.6989474200013
p_1303851,35.590555,-82.603132,138,3973.8955838700012
p_1303851,35.590352,-82.6025,139,4035.441526380001
p_1303851,35.590274,-82.60226,140,4058.850633300001
p_1303851,35.590236,-82.602077,141,4075.963037220001
p_1303851,35.590116,-82.601502,142,4129.748039500001
p_1303851,35.589853,-82.600246,143,4247.257614350001
p_1303851,35.589711,-82.599725,144,4297.034132980001
p_1303851,35.589622,-82.599509,145,4318.959438560001
p_1303851,35.589496,-82.599215,146,4349.049010700001
p_1303851,35.589336,-82.59896,147,4378.1905396500015
p_1303851,35.589334638748284,-82.59895680645306,148,4378.517004240001
p_1303851,35.58916658770552,-82.59868984811926,149,4409.062238040001
p_1303851,35.588939029451666,-82.59844460026143,150,4442.699697700001
p_1303851,35.588760515199226,-82.59825322652036,151,4469.0266968000005
p_1303851,35.58844279623163,-82.59802515595645,152,4509.89117504
p_1303851,35.58817944081515,-82.59783815647327,153,4543.670079930001
p_1303851,35.58783181620845,-82.59770789665426,154,4584.00580288
p_1303851,35.587451241608235,-82.59756479326965,155,4628.17800538
p_1303851,35.58729049864472,-82.59750315016215,156,4646.86722448
p_1303851,35.58704528160071,-82.59738253645703,157,4676.18828856
p_1303851,35.58691057538941,-82.59731740506,158,4692.25760536
p_1303851,35.58674186534279,-82.59724584092852,159,4712.06806232
p_1303851,35.58679025508286,-82.59654869371352,160,4775.479408839999
p_1303851,35.58678633159536,-82.59588531833435,161,4835.60381918
p_1303851,35.586766714131855,-82.5949356115533,162,4921.70488199
p_1303851,35.586742521513486,-82.59388707366313,163,5016.773588
p_1303851,35.586704295831126,-82.59275552897965,164,5119.41514363
p_1303851,35.58667683135879,-82.59201737310919,165,5186.38490433
p_1303851,35.58667356177827,-82.59172468385187,166,5212.9143452
p_1303851,35.586674,-82.591716,167,5213.70287896
p_1303851,35.586673,-82.591637,168,5220.86365262
p_1303851,35.586677,-82.591266,169,5254.4909872299995
p_1303851,35.586684,-82.591112,170,5268.46987889
p_1303851,35.586693,-82.590939,171,5284.180946779999
p_1303851,35.586701,-82.590792,172,5297.533355879999
p_1303851,35.586708,-82.590626,173,5312.59826612
p_1303851,35.586716,-82.590552,174,5319.36349869
p_1303851,35.586725,-82.590462,175,5327.58125269
p_1303851,35.586751,-82.590157,176,5355.37405167
p_1303851,35.586782,-82.589954,177,5374.09103059
p_1303851,35.586812,-82.589759,178,5392.074923929999
p_1303851,35.586825,-82.589677,179,5399.645394069999
p_1303851,35.586862,-82.589451,180,5420.53547947
p_1303851,35.586902,-82.589207,181,5443.09052506
p_1303851,35.586913,-82.589137,182,5449.55106102
p_1303851,35.586929,-82.589057,183,5457.01574482
p_1303851,35.586939,-82.589005,184,5461.85742605
p_1303851,35.586965,-82.588878,185,5473.72361508
p_1303851,35.587032,-82.588545,186,5504.8059175
p_1303851,35.58711,-82.588155,187,5541.19618707
p_1303851,35.587236,-82.587692,188,5585.42591954
p_1303851,35.587238,-82.587686,189,5586.01323995
p_1303851,35.5873,-82.587444,190,5608.99944161
p_1303851,35.587432,-82.586926,191,5658.17771535
p_1303851,35.587439,-82.586887,192,5661.7966449099995
p_1303851,35.587468,-82.58673,193,5676.38496159
p_1303851,35.587513,-82.586528,194,5695.36101531
p_1303851,35.58751506,-82.586525255,195,5695.69884953
p_1303851,35.587621964,-82.586048397,196,5740.5149718
p_1303851,35.587686241,-82.585765888,197,5767.09361953
p_1303851,35.587761512,-82.585432593,198,5798.43358315
p_1303851,35.5878342788384,-82.58510788882793,199,5828.949102850001
p_1303851,35.58787416227568,-82.58492944557624,200,5845.715981650001
p_1303851,35.58792110199006,-82.58473817553791,201,5863.816310220001
p_1303851,35.588006694,-82.58437626,202,5897.963928620001
p_1303851,35.588091674,-82.584020513,203,5931.555748570001
p_1303851,35.588139372,-82.583817072,204,5950.738111240001
p_1303851,35.588155731,-82.583632838,205,5967.533630960001
p_1303851,35.588180174,-82.583356969,206,5992.68233192
p_1303851,35.588183713,-82.583151283,207,6011.327814470001
p_1303851,35.588174851,-82.58293285,208,6031.148827750001
p_1303851,35.588148682,-82.582711138,209,6051.451307200001
p_1303851,35.588137249006095,-82.58264730318902,210,6057.374101690001
p_1303851,35.588126484,-82.582590831,211,6062.629704750001
p_1303851,35.588083925,-82.582363156,212,6083.797337320001
p_1303851,35.588068153,-82.582232434,213,6095.773243710001
p_1303851,35.588020429,-82.58206461,214,6111.878511120001
p_1303851,35.587985145,-82.581921871,215,6125.394364520002
p_1303851,35.587944792,-82.58172674,216,6143.637101700002
p_1303851,35.5879267,-82.581638741,217,6151.861221330002
p_1303851,35.587891737,-82.581439483,218,6170.332003210002
p_1303851,35.587874664,-82.581287057,219,6184.275710810002
p_1303851,35.587867038,-82.581212611,220,6191.075633550002
p_1303851,35.58785804,-82.581089732,221,6202.256875370002
p_1303851,35.587857479,-82.580998153,222,6210.5569583000015
p_1303851,35.58785707,-82.580960602,223,6213.960526340002
p_1303851,35.587858842,-82.580904276,224,6219.069163830001
p_1303851,35.587860342,-82.580813584,225,6227.290308670002
p_1303851,35.587866886,-82.580712498,226,6236.480507680001
p_1303851,35.587877987,-82.580610312,227,6245.823216040001
p_1303851,35.587898309,-82.58048254,228,6257.620720570001
p_1303851,35.58790496,-82.580439209,229,6261.616559130001
p_1303851,35.587924319,-82.580353378,230,6269.686552490001
p_1303851,35.587954914,-82.580234072,231,6281.019627330002
p_1303851,35.587966426,-82.58018789,232,6285.395671980002
p_1303851,35.58799075,-82.580104218,233,6293.444814180001
p_1303851,35.588026454,-82.58000486,234,6303.2824982500015
p_1303851,35.588066088,-82.579904226,235,6313.407755210002
p_1303851,35.588104632,-82.579816998,236,6322.395823570002
p_1303851,35.58811472,-82.579797049,237,6324.522224530002
p_1303851,35.588151925,-82.579721492,238,6332.517944850002
p_1303851,35.588206323,-82.579617206,239,6343.7321160300025
p_1303851,35.588223773,-82.579584517,240,6347.271258480003
p_1303851,35.588317657,-82.579449168,241,6363.3639970600025
p_1303851,35.588379272,-82.579351849,242,6374.523174640002
p_1303851,35.588393718,-82.579332073,243,6376.927609630002
p_1303851,35.58846406,-82.57924421,244,6388.077516160002
p_1303851,35.588548427,-82.579139055,245,6401.435872680002
p_1303851,35.588606164,-82.579067135,246,6410.574925900002
p_1303851,35.588628976,-82.579038992,247,6414.168195500002
p_1303851,35.588690732,-82.578961375,248,6423.988147810002
p_1303851,35.588742399,-82.578896573,249,6432.195076430003
p_1303851,35.588795862,-82.578826508,250,6440.884615650003
p_1303851,35.588861727,-82.578739948,251,6451.605916430003
p_1303851,35.58893565,-82.5786436,252,6463.585796220003
p_1303851,35.588993725,-82.578567828,253,6473.002621370003
p_1303851,35.589006066,-82.578552011,254,6474.984973460003
p_1303851,35.5890214,-82.578527594,255,6477.776283960003
p_1303851,35.58904771,-82.578486187,256,6482.5306449200025
p_1303851,35.589006,-82.578552,257,6490.079986710002
p_1303851,35.589051,-82.57848,258,6498.296295170002
p_1303851,35.589143,-82.578315,259,6516.401813370002
p_1303851,35.589224,-82.578137,260,6534.868201270002
p_1303851,35.589262,-82.578028,261,6545.608860520002
p_1303851,35.589294,-82.577903,262,6557.480805920002
p_1303851,35.589312,-82.57783,263,6564.391575210002
p_1303851,35.589345,-82.577698,264,6576.902343780002
p_1303851,35.589387,-82.577497,265,6595.705321210003
p_1303851,35.589414,-82.577338,266,6610.423385600003
p_1303851,35.589451,-82.577213,267,6622.472851120003
p_1303851,35.58953465627137,-82.57679405201002,268,6661.559585690003
p_1303851,35.589555285311405,-82.5766590043405,269,6674.010939730003
p_1303851,35.58955583511809,-82.57665765214601,270,6674.147830570003
p_1303851,35.58956857856322,-82.57657638881209,271,6681.647103910003
p_1303851,35.5895755848411,-82.57653781011797,272,6685.228809660003
p_1303851,35.58960606382065,-82.57635961570048,273,6701.728570910003
p_1303851,35.58962869365959,-82.57622801981633,274,6713.916340450003
p_1303851,35.589639872252405,-82.57616273676597,275,6719.961447270003
p_1303851,35.589658576655,-82.57605331059706,276,6730.093385880004
p_1303851,35.58968358012352,-82.5759267993341,277,6741.889747520004
p_1303851,35.58971288982369,-82.57577961310994,278,6755.619674600004
p_1303851,35.5897394044995,-82.57564726331502,279,6767.969816560004
p_1303851,35.58975876252502,-82.57555171637755,280,6776.891468010004
p_1303851,35.589808384484556,-82.57535658566827,281,6795.413044580005
p_1303851,35.58986215174011,-82.57514775882333,282,6815.256599620005
p_1303851,35.58991102259347,-82.57495532037902,283,6833.520417720005
p_1303851,35.58993272108097,-82.57487149373648,284,6841.489808450005
p_1303851,35.58997108158951,-82.57470728040192,285,6856.968797310004
p_1303851,35.59001647965766,-82.57454281906037,286,6872.7017151900045
p_1303851,35.59005165115221,-82.57440535584509,287,6885.756616630005
p_1303851,35.59009404777399,-82.57424257928058,288,6901.240548190005
p_1303851,35.59011149717942,-82.5741750211371,289,6907.662009160005
p_1303851,35.59019414831846,-82.57406578778347,290,6921.156288310005
p_1303851,35.59022559585435,-82.57391126856221,291,6935.588161950005
p_1303851,35.59027727096361,-82.57365788148644,292,6959.256989410005
p_1303851,35.590341968476025,-82.57333820308634,293,6989.104747260005
p_1303851,35.59039811892691,-82.57306154588973,294,7014.939946920005
p_1303851,35.59045885519694,-82.5727645775407,295,7042.684297650006
p_1303851,35.59051059469435,-82.57250972241997,296,7066.483887340006
p_1303851,35.590560066899556,-82.57226525934487,297,7089.308794620006
p_1303851,35.59059696106739,-82.57208218901106,298,7106.397506960006
p_1303851,35.590634010852625,-82.57190171122981,299,7123.262390270005
p_1303851,35.590674693765024,-82.57170257920014,300,7141.865127420006
p_1303851,35.5907109885496,-82.57152381581659,301,7158.558948570006
p_1303851,35.5907521529829,-82.57131989059438,302,7177.596119880006
p_1303851,35.59079728385906,-82.5710973575988,303,7198.375994370006
p_1303851,35.59083960019811,-82.57089036978559,304,7217.713341720006
p_1303851,35.5908726275802,-82.57072549851411,305,7233.097933950005
p_1303851,35.59090829653991,-82.57055249154968,306,7249.268790850006
p_1303851,35.59094101383876,-82.57039005026293,307,7264.431303930006
p_1303851,35.59097392852544,-82.57023097702451,308,7279.302994040006
p_1303851,35.59100967121853,-82.57005124933389,309,7296.066985300005
p_1303851,35.59104792521185,-82.56986966754496,310,7313.061714390005
p_1303851,35.591093631370484,-82.56965373466336,311,7333.277426560006
p_1303851,35.5911407291283,-82.56942980993516,312,7354.233001320005
p_1303851,35.59119692055644,-82.56916556866574,313,7378.978583230005
p_1303851,35.59123973902322,-82.56890923454091,314,7402.6900993800045
p_1303851,35.59125259463593,-82.5688312415883,315,7409.900821260005
p_1303851,35.591276085231726,-82.5686454344756,316,7426.940403560005
p_1303851,35.591283325981905,-82.56858455753715,317,7432.515660380004
p_1303851,35.59129994678983,-82.56825831862814,318,7462.139044550004
p_1303851,35.59130077922481,-82.56813574320165,319,7473.248023760004
p_1303851,35.59130159848249,-82.56791798187292,320,7492.983203710004
p_1303851,35.59129987707088,-82.56777049185287,321,7506.351088520004
p_1303851,35.59129696040033,-82.56760853825674,322,7521.031961200004
p_1303851,35.59128367285999,-82.5673694707749,323,7542.747940210004
p_1303851,35.59128142926667,-82.5673010474501,324,7548.953909970004
p_1303851,35.59127311284911,-82.56699404823459,325,7576.791512510004
p_1303851,35.591279170551715,-82.56662047895198,326,7610.653510930005
p_1303851,35.591316878528346,-82.5662725209936,327,7642.464087390005
p_1303851,35.59134873753507,-82.56607138952599,328,7661.031519860006
p_1303851,35.591429026173444,-82.56575079715387,329,7691.420656420006
p_1303851,35.591515025047414,-82.56551866995206,330,7714.520296020006
p_1303851,35.59162076344654,-82.56526450134643,331,7740.370202060006
p_1303851,35.59175393664229,-82.56502709937672,332,7766.470222230006
p_1303851,35.59176178917225,-82.56501468385429,333,7767.893276710006
p_1303851,35.59187918103048,-82.56483010735306,334,7789.093569090006
p_1303851,35.59192396053038,-82.5647612384791,335,7797.070937490006
p_1303851,35.59199381462503,-82.56465169519062,336,7809.665510950006
p_1303851,35.59203072076083,-82.56459212619016,337,7816.441275230006
p_1303851,35.59206033591197,-82.56453915329328,338,7822.258799080006
p_1303851,35.59212563483811,-82.56442473109337,339,7834.908647280005
p_1303851,35.592199984978535,-82.56429334835501,340,7849.393757340005
p_1303851,35.59222386162395,-82.56425003197575,341,7854.129589330006
p_1303851,35.59224360501189,-82.56421361310915,342,7858.0908658700055
p_1303851,35.59231719396763,-82.5640740074551,343,7873.148517350005
p_1303851,35.59242701445176,-82.56386602058497,344,7895.592865370005
p_1303851,35.59251205933664,-82.56362304097057,345,7919.549494560005
p_1303851,35.592601520972565,-82.56336431023225,346,7945.011423480005
p_1303851,35.59274201070188,-82.56280578549918,347,7997.973535130005
p_1303851,35.59282626026881,-82.56246777719463,348,8030.000026510005
p_1303851,35.59284219069225,-82.56239788967558,349,8036.5755798000055
p_1303851,35.592878087480145,-82.56229304748368,350,8046.877888370005
p_1303851,35.59290613183421,-82.56224448899468,351,8052.267427930005
p_1303851,35.592933245822934,-82.56219586327313,352,8057.603068160005
p_1303851,35.59295209161702,-82.56209240058365,353,8067.209670010005
p_1303851,35.59299174363554,-82.56188876802112,354,8086.180980660005
p_1303851,35.592988,-82.561915,355,8088.594259760005
p_1303851,35.593166,-82.560986,356,8175.069904610005
p_1303851,35.593208,-82.560795,357,8192.995481020005
p_1303851,35.593257,-82.560572,358,8213.923227610005
p_1303851,35.593311,-82.560323,359,8237.270540600004
p_1303851,35.593339,-82.560197,360,8249.104269380005
p_1303851,35.59336,-82.560099,361,8258.286000930004
p_1303851,35.593516,-82.559341,362,8329.126171440004
p_1303851,35.593536,-82.559244,363,8338.192463240004
p_1303851,35.593578,-82.559036,364,8357.609734500003
p_1303851,35.593585,-82.559003,365,8360.699532130004
p_1303851,35.593604,-82.558907,366,8369.651200280005
p_1303851,35.593626,-82.558801,367,8379.562615710005
p_1303851,35.593639,-82.558728,368,8386.333578630005
p_1303851,35.593658,-82.558649,369,8393.796786440005
p_1303851,35.593739,-82.558264,370,8429.825854780005
p_1303851,35.593869,-82.557652,371,8487.132482000005
p_1303851,35.593973,-82.557111,372,8537.499467250005
p_1303851,35.593997,-82.556986,373,8549.136180650004
p_1303851,35.594011,-82.55691,374,8556.196560000004
p_1303851,35.594032,-82.556835,375,8563.381602570003
p_1303851,35.59405966075377,-82.55669866688366,376,8576.112056470003
p_1303851,35.594055,-82.556723,377,8578.377030400003
p_1303851,35.594093,-82.556535,378,8595.928174710003
p_1303851,35.594119,-82.556384,379,8609.913074400003
p_1303851,35.594133,-82.556306,380,8617.150359460004
p_1303851,35.594148,-82.556227,381,8624.500505880003
p_1303851,35.594273,-82.555613,382,8681.845603010004
p_1303851,35.594291,-82.555524,383,8690.154652800004
p_1303851,35.594236,-82.555509,384,8696.406555710004
p_1303851,35.59393,-82.555427,385,8731.161450140004
p_1303851,35.593813,-82.555389,386,8744.591783650003
p_1303851,35.593791,-82.555382,387,8747.113801410003
p_1303851,35.593616,-82.555325,388,8767.205687910004
p_1303851,35.592916,-82.555104,389,8847.412504640004
p_1303851,35.592881,-82.555093,390,8851.421717320003
p_1303851,35.592735,-82.555047,391,8868.148440820003
p_1303851,35.5927263544269,-82.55522492315778,392,8884.301234000002
p_1303851,35.592730346425455,-82.55540325499017,393,8900.468624440002
p_1303853,35.592885917,-82.555906155,1,0
p_1303853,35.59290532,-82.556368071,2,41.91636963
p_1303853,35.593327339,-82.556349829,3,88.76917533
p_1303853,35.593975882,-82.556316659,4,160.78874531
p_1303853,35.594133813,-82.55630597,5,178.33817994
p_1303853,35.594093443,-82.556536561,6,199.70977165
p_1303853,35.594050311,-82.556750186,7,219.65192752
p_1303853,35.594033276,-82.55683681,8,227.72642553999998
p_1303853,35.5940127,-82.556910289,9,234.76582297
p_1303853,35.593988166,-82.557039243,10,246.76493453999998
p_1303853,35.59397775696179,-82.55709322427548,11,251.79138722
p_1303853,35.593973,-82.557111,12,253.48654602
p_1303853,35.593869,-82.557652,13,303.85353126999996
p_1303853,35.593739,-82.558264,14,361.16015848999996
p_1303853,35.593658,-82.558649,15,397.18922682999994
p_1303853,35.593639,-82.558728,16,404.6524346399999
p_1303853,35.593626,-82.558801,17,411.4233975599999
p_1303853,35.593585,-82.559003,18,430.2861909799999
p_1303853,35.593578,-82.559036,19,433.3759886099999
p_1303853,35.593536,-82.559244,20,452.79325986999993
p_1303853,35.593516,-82.559341,21,461.8595516699999
p_1303853,35.59336,-82.560099,22,532.6997221799999
p_1303853,35.593339,-82.560197,23,541.8814537299999
p_1303853,35.593311,-82.560323,24,553.7151825099999
p_1303853,35.593257,-82.560572,25,577.0624954999998
p_1303853,35.593208,-82.560795,26,597.9902420899998
p_1303853,35.593166,-82.560986,27,615.9158184999998
p_1303853,35.592988,-82.561915,28,702.3914633499998
p_1303853,35.592977,-82.561971,29,707.6111376499997
p_1303853,35.592986,-82.561923,30,712.0742654099997
p_1303853,35.592949,-82.562117,31,730.1283844699997
p_1303853,35.592933,-82.562197,32,737.5925415199997
p_1303853,35.592942,-82.562315,33,748.3327846299998
p_1303853,35.59294,-82.562345,34,751.0605682199997
p_1303853,35.592936,-82.562424,35,758.2336670199998
p_1303853,35.592916,-82.562523,36,767.4758657099998
p_1303853,35.592852,-82.562803,37,793.8256442099997
p_1303853,35.592811,-82.563027,38,814.6290678499997
p_1303853,35.592783,-82.563294,39,839.0245382499998
p_1303853,35.592764,-82.563556,40,862.8616735699998
p_1303853,35.592753,-82.563785,41,883.6506468299998
p_1303853,35.592749,-82.564167,42,918.2722316199998
p_1303853,35.592749,-82.564289,43,929.3284787499998
p_1303853,35.592766,-82.564412,44,940.6338043799998
p_1303853,35.592789,-82.564733,45,969.8361250799998
p_1303853,35.592834,-82.565125,46,1005.7102274499998
p_1303853,35.592866,-82.565343,47,1025.7829428899997
p_1303853,35.592926,-82.565687,48,1057.6607312599997
p_1303853,35.592991,-82.566013,49,1088.0718950299997
p_1303853,35.593057,-82.566308,50,1115.7909301299997
p_1303853,35.59313,-82.566605,51,1143.8986781799997
p_1303853,35.593183,-82.566791,52,1161.7511170399996
p_1303853,35.593207,-82.566873,53,1169.6450088499996
p_1303853,35.593312,-82.567164,54,1198.4753208799996
p_1303853,35.593396,-82.567369,55,1219.2599869899996
p_1303853,35.593527,-82.567623,56,1246.4833054499995
p_1303853,35.593664,-82.56785,57,1272.0614925499995
p_1303853,35.593704,-82.567906,58,1278.8032567399994
p_1303853,35.593832,-82.568083,59,1300.2272117399993
p_1303853,35.594012,-82.568289,60,1327.5651604099994
p_1303853,35.594141,-82.56841,61,1345.5955653599995
p_1303853,35.594223,-82.568487,62,1357.0614488299996
p_1303853,35.594555,-82.568747,63,1400.7884638399996
p_1303853,35.595209,-82.569146,64,1481.8607513399995
p_1303853,35.595323,-82.569216,65,1496.0108215799996
p_1303853,35.596107,-82.569682,66,1592.7057504799996
p_1303853,35.596427498964545,-82.56984751298037,67,1631.2994244699996
p_1303853,35.596557949107364,-82.56991265661974,68,1646.9306784399996
p_1303853,35.59661803516252,-82.56993890853414,69,1654.0090660199996
p_1303853,35.596638,-82.569978,70,1658.1871098199997
p_1303853,35.596681,-82.57015,71,1674.4876631499997
p_1303853,35.596734,-82.570411,72,1698.8596639299997
p_1303853,35.596746,-82.570547,73,1711.2557577299997
p_1303853,35.596751,-82.570609,74,1716.9015482499997
p_1303853,35.596745,-82.570807,75,1734.8567463399997
p_1303853,35.596708,-82.571055,76,1757.7024923999998
p_1303853,35.596654,-82.571419,77,1791.2280772099998
p_1303853,35.596587,-82.571867,78,1832.5010840799998
p_1303853,35.596517,-82.572335,79,1875.6168498599998
p_1303853,35.596503,-82.572374,80,1879.4773471499998
p_1303853,35.596455,-82.572505,81,1892.4885372599997
p_1303853,35.596316,-82.572432,82,1909.2697388199997
p_1303853,35.596202,-82.572383,83,1922.6750114999998
p_1303853,35.596155,-82.572362,84,1928.2261284799997
p_1303853,35.595999,-82.572306,85,1946.2631884699997
p_1303853,35.595883,-82.572269,86,1959.5631568899996
p_1303853,35.595838,-82.572254,87,1964.7377095299996
p_1303853,35.595857,-82.572127,88,1976.4381125999996
p_1303853,35.595891,-82.571905,89,1996.9066999499996
p_1303853,35.595977,-82.571335,90,2049.4348060499997
p_1303853,35.59598,-82.571143,91,2066.8372861699995
p_1303853,35.595986,-82.570675,92,2109.2532936599996
p_1303853,35.595916,-82.570321,93,2142.2600244799996
p_1303853,35.595875,-82.570211,94,2153.2172897999994
p_1303853,35.595811,-82.570042,95,2170.0984314399993
p_1303853,35.595672,-82.569731,96,2202.225454589999
p_1303853,35.595594,-82.569637,97,2214.368739169999
p_1303853,35.595453,-82.569511,98,2233.7367195799993
p_1303853,35.595307,-82.569381,99,2253.7665412799993
p_1303853,35.595149,-82.56924,100,2275.4594692599994
p_1303853,35.59476,-82.56905,101,2321.9273763899996
p_1303853,35.594669,-82.569051,102,2332.0243700899996
p_1303853,35.594412,-82.568927,103,2362.6732604999997
p_1303853,35.594269,-82.568875,104,2379.2243559999997
p_1303853,35.594205,-82.568856,105,2386.53102852
p_1303853,35.594102,-82.568825,106,2398.29927324
p_1303853,35.593889,-82.56878,107,2422.28121582
p_1303853,35.593681,-82.568739,108,2445.65631834
p_1303853,35.59338,-82.568672,109,2479.60018725
p_1303853,35.593169,-82.568606,110,2503.7629405400003
p_1303853,35.593054,-82.568557,111,2517.27300177
p_1303853,35.592866,-82.568478,112,2539.32632585
p_1303853,35.592586,-82.568344,113,2572.68187385
p_1303853,35.592409,-82.568285,114,2593.03516238
p_1303853,35.592372,-82.568282,115,2597.1493594500002
p_1303853,35.592237,-82.568273,116,2612.14999721
p_1303853,35.592097,-82.568301,117,2627.8891023
p_1303853,35.591982,-82.568371,118,2642.13854396
p_1303853,35.591877,-82.568447,119,2655.67216252
p_1303853,35.59179,-82.568511,120,2666.93346085
p_1303853,35.591606,-82.568789,121,2699.3605522099997
p_1303853,35.591515,-82.569077,122,2727.3457401899996
p_1303853,35.591406,-82.569422,123,2760.8692825199996
p_1303853,35.591359,-82.569635,124,2780.8646916999996
p_1303853,35.591312,-82.569849,125,2800.9476160199997
p_1303853,35.591273,-82.57003,126,2817.9121662899997
p_1303853,35.591018,-82.571276,127,2934.3235841299997
p_1303853,35.590921,-82.571749,128,2978.5205190099996
p_1303853,35.590736,-82.572644,129,3062.18866619
p_1303853,35.590679,-82.572907,130,3086.84838816
p_1303853,35.590394,-82.57421,131,3209.09640369
p_1303853,35.590435,-82.574373,132,3224.55325739
p_1303853,35.590398,-82.57466,133,3250.88535137
p_1303853,35.590339,-82.575012,134,3283.45100192
p_1303853,35.59028,-82.575409,135,3320.0208695600004
p_1303853,35.590272,-82.575459,136,3324.6383724400002
p_1303853,35.59027,-82.575473,137,3325.9264197300004
p_1303853,35.590194,-82.575974,138,3372.1073201700005
p_1303853,35.59019,-82.575998,139,3374.3272046000006
p_1303853,35.590154,-82.57623,140,3395.7289048200005
p_1303853,35.590132,-82.576362,141,3407.9382763400004
p_1303853,35.589998,-82.577107,142,3477.0736784600003
p_1303853,35.589974,-82.577241,143,3489.50635344
p_1303853,35.58996,-82.577573,144,3519.63495495
p_1303853,35.589979,-82.577792,145,3539.59414989
p_1303853,35.590001,-82.577903,146,3549.9457711200002
p_1303853,35.590022,-82.578006,147,3559.56685473
p_1303853,35.59007,-82.578172,148,3575.52593531
p_1303853,35.590125,-82.57834,149,3591.92880702
p_1303853,35.590163,-82.578445,150,3602.33692374
p_1303853,35.590177,-82.578483,151,3606.11488237
p_1303853,35.5902,-82.578555,152,3613.12133794
p_1303853,35.59024,-82.578679,153,3625.2037894
p_1303853,35.590248,-82.578709,154,3628.06384399
p_1303853,35.590288,-82.578857,155,3642.19191935
p_1303853,35.590304,-82.578988,156,3654.19614186
p_1303853,35.590307,-82.579095,157,3663.89901992
p_1303853,35.5903,-82.579216,158,3674.8924445
p_1303853,35.590259,-82.579411,159,3693.14094206
p_1303853,35.590186,-82.579606,160,3712.58099817
p_1303853,35.590111,-82.579809,161,3732.77287032
p_1303853,35.589955,-82.580073,162,3762.30294732
p_1303853,35.589738,-82.580288,163,3793.27622406
p_1303853,35.589631,-82.580393,164,3808.49113901
p_1303853,35.589514,-82.580507,165,3825.0820294200003
p_1303853,35.589375,-82.580632,166,3844.21792661
p_1303853,35.589274,-82.580723,167,3858.13170407
p_1303853,35.589201,-82.580815,168,3869.7558630900003
p_1303853,35.589138,-82.580896,169,3879.8923705600005
p_1303853,35.588999,-82.581196,170,3911.1505386500003
p_1303853,35.588963,-82.581291,171,3920.6417072900003
p_1303853,35.588889,-82.581488,172,3940.2930416000004
p_1303853,35.588856,-82.581624,173,3953.150958
p_1303853,35.588839,-82.581696,174,3959.94340865
p_1303853,35.588719,-82.582191,175,4006.73900936
p_1303853,35.588694,-82.582295,176,4016.56415022
p_1303853,35.588693,-82.5823,177,4017.03068326
p_1303853,35.588602,-82.582673,178,4052.31110413
p_1303853,35.588599,-82.582686,179,4053.5354051199997
p_1303853,35.588087,-82.584775,180,4251.2001788
p_1303853,35.588041,-82.584961,181,4268.81308682
p_1303853,35.587964,-82.585267,182,4297.83204347
p_1303853,35.58784,-82.585747,183,4343.45833972
p_1303853,35.58772,-82.586269,184,4392.60530001
p_1303853,35.587637,-82.586635,185,4427.03071467
p_1303853,35.587609,-82.586756,186,4438.42858301
p_1303853,35.587582,-82.586875,187,4449.62196197
p_1303853,35.587569,-82.586932,188,4454.98549871
p_1303853,35.587087,-82.589053,189,4654.51435709
p_1303853,35.587053,-82.589206,190,4668.88492458
p_1303853,35.587014,-82.589439,191,4690.44081921
p_1303853,35.586976,-82.589663,192,4711.1754448
p_1303853,35.58696,-82.589762,193,4720.32189141
p_1303853,35.586953,-82.589804,194,4724.20683914
p_1303853,35.586911,-82.590115,195,4752.77585578
p_1303853,35.586889,-82.590276,196,4767.57029178
p_1303853,35.586857,-82.590687,197,4804.98870146
p_1303853,35.586833,-82.591001,198,4833.57134183
p_1303853,35.586806,-82.591597,199,4887.6708153
p_1303853,35.586827,-82.592011,200,4925.26459639
p_1303853,35.586837,-82.59224,201,4946.048878400001
p_1303853,35.586875,-82.593099,202,5024.01551858
p_1303853,35.58689,-82.593884,203,5095.18077806
p_1303853,35.586891,-82.593923,204,5098.717150580001
p_1303853,35.5869,-82.594189,205,5122.84582061
p_1303853,35.586903,-82.59433,206,5135.629205650001
p_1303853,35.586917,-82.594726,207,5171.55290019
p_1303853,35.586928,-82.595047,208,5200.67121397
p_1303853,35.586942,-82.595462,209,5238.31535953
p_1303853,35.586954,-82.595845,210,5273.0527541
p_1303853,35.586948,-82.596347,211,5318.55464251
p_1303853,35.586946,-82.596542,212,5336.22918102
p_1303853,35.586945,-82.596637,213,5344.83988998
p_1303853,35.586904,-82.597312,214,5406.18507641
p_1303853,35.587294,-82.597505,215,5452.8578419
p_1303853,35.587494,-82.59758,216,5476.06585569
p_1303853,35.587632,-82.597632,217,5492.08603351
p_1303853,35.587963,-82.597757,218,5530.51858329
p_1303853,35.587997,-82.59777,219,5534.4706389699995
p_1303853,35.588173,-82.597836,220,5554.893678189999
p_1303853,35.588195,-82.597852,221,5557.732846939999
p_1303853,35.588491,-82.598063,222,5595.736233479999
p_1303853,35.588615,-82.598151,223,5611.638718809999
p_1303853,35.588744,-82.598243,224,5628.202991879999
p_1303853,35.588834,-82.598334,225,5641.154066379999
p_1303853,35.588959,-82.598468,226,5659.588593579999
p_1303853,35.589133,-82.598655,227,5685.277635899999
p_1303853,35.589168,-82.598692,228,5690.408372659999
p_1303853,35.589189,-82.598726,229,5694.271498869999
p_1303853,35.589336,-82.59896,230,5721.025100929999
p_1303853,35.589496,-82.599215,231,5750.166629879999
p_1303853,35.589622,-82.599509,232,5780.256202019999
p_1303853,35.589711,-82.599725,233,5802.181507599999
p_1303853,35.589768,-82.599931,234,5821.8930277399995
p_1303853,35.58985,-82.600231,235,5850.563355949999
p_1303853,35.590236,-82.602077,236,6023.2574239099995
p_1303853,35.590277,-82.60227,237,6041.3304493
p_1303853,35.590352,-82.6025,238,6063.77444573
p_1303853,35.590484,-82.602912,239,6103.88257789
p_1303853,35.590555,-82.603132,240,6125.3204313
p_1303853,35.59081,-82.603616,241,6177.51706775
p_1303853,35.590836,-82.603653,242,6181.94037977
p_1303853,35.59102,-82.603915,243,6213.25436628
p_1303853,35.591155,-82.604105,244,6236.07653186
p_1303853,35.591348,-82.604338,245,6266.15026574
p_1303853,35.591559,-82.604592,246,6298.98230952
p_1303853,35.591624,-82.60467,247,6309.08079133
p_1303853,35.591658,-82.604712,248,6314.439760429999
p_1303853,35.591795642068774,-82.60488384170793,249,6336.251467489999
p_1303853,35.591955317266454,-82.60514237998716,250,6365.62563291
p_1303853,35.59195495110676,-82.60514185859539,251,6365.68794808
p_1303853,35.59204906866918,-82.60530389062247,252,6383.70665024
p_1303853,35.592091,-82.605407,253,6394.1451091
p_1303853,35.592136,-82.60552,254,6405.53809866
p_1303853,35.592248,-82.6058,255,6433.79263262
p_1303853,35.592279,-82.605879,256,6441.7353884700005
p_1303853,35.592379,-82.606387,257,6489.09121931
p_1303853,35.592431,-82.606648,258,6513.43791668
p_1303853,35.592707,-82.608637,259,6696.27407715
p_1303853,35.592822,-82.609465,260,6772.38862296
p_1303853,35.592887,-82.61005,261,6825.89243942
p_1303853,35.592918,-82.610335,262,6851.948518900001
p_1303853,35.592911,-82.610687,263,6883.8578981400005
p_1303853,35.592865,-82.611068,264,6918.761123200001
p_1303853,35.592795,-82.611344,265,6944.951649970001
p_1303853,35.592744,-82.611514,266,6961.364181750001
p_1303853,35.592688,-82.611703,267,6979.584435060001
p_1303853,35.592458,-82.612324,268,7041.378048200001
p_1303853,35.592432,-82.612451,269,7053.243475260001
p_1303853,35.592367,-82.61277,270,7083.038936380001
p_1303853,35.592335,-82.612936,271,7098.496045080002
p_1303853,35.592317,-82.613227,272,7124.943564070002
p_1303853,35.592304,-82.613436,273,7143.9391275000025
p_1303853,35.592307,-82.613462,274,7146.318783870002
p_1303853,35.592316,-82.613557,275,7154.9859191700025
p_1303853,35.592335,-82.613747,276,7172.3333199100025
p_1303853,35.59235,-82.613898,277,7186.118591630003
p_1303853,35.592426,-82.614326,278,7225.8122530300025
p_1303853,35.592435,-82.614355,279,7228.623697600003
p_1303853,35.592573,-82.614775,280,7269.650493180003
p_1303853,35.592625,-82.614874,281,7280.317341630002
p_1303853,35.592819,-82.615239,282,7319.782139580002
p_1303853,35.592863,-82.61531,283,7327.858875840002
p_1303853,35.593467,-82.616295,284,7439.479815520002
p_1303853,35.593634,-82.616565,285,7470.172282590002
p_1303853,35.594399,-82.617804,286,7610.926086710002
p_1303853,35.594545,-82.618036,287,7637.467308090002
p_1303853,35.594649,-82.618177,288,7654.684171980002
p_1303853,35.595362,-82.619125,289,7771.4689433500025
p_1303853,35.595396,-82.61916,290,7776.397509500002
p_1303853,35.595629,-82.619395,291,7809.8913310900025
p_1303853,35.596278,-82.62005,292,7903.209811670003
p_1303853,35.596576,-82.620302,293,7943.393170090003
p_1303853,35.59711,-82.620749,294,8015.164904170003
p_1303853,35.59749,-82.620995,295,8062.857193500003
p_1303853,35.597567,-82.621045,296,8072.527624510003
p_1303853,35.597819,-82.621209,297,8104.191747200003
p_1303853,35.597845,-82.621225,298,8107.420363260003
p_1303853,35.598121,-82.621392,299,8141.578304790003
p_1303853,35.59863,-82.62167,300,8203.416708450002
p_1303853,35.599119,-82.621957,301,8263.583346380003
p_1303853,35.599403,-82.622123,302,8298.500012630002
p_1303853,35.599512,-82.622187,303,8311.912414380002
p_1303853,35.599648,-82.622267,304,8328.652905590001
p_1303853,35.60064,-82.622805,305,8449.03071063
p_1303853,35.600811,-82.622898,306,8469.79085293
p_1303853,35.601085,-82.623047,307,8503.054982900001
p_1303853,35.601131,-82.623079,308,8508.92497123
p_1303853,35.601482,-82.623325,309,8553.797479730001
p_1303853,35.601449,-82.623302,310,8558.01050152
p_1303853,35.601581,-82.623394,311,8574.86258626
p_1303853,35.601707,-82.623489,312,8591.28034086
p_1303853,35.601985,-82.6237,313,8627.570143219998
p_1303853,35.602304,-82.623948,314,8669.49522392
p_1303853,35.602347,-82.62398,315,8675.07820497
p_1303853,35.602656,-82.624218,316,8715.5812249
p_1303853,35.602779,-82.624309,317,8731.526008149998
p_1303853,35.603008,-82.624477,318,8761.145341109997
p_1303853,35.603299,-82.624687,319,8798.622542469997
p_1303853,35.603377,-82.624739,320,8808.476348309998
p_1303853,35.603558,-82.624859,321,8831.313398609998
p_1303853,35.603628,-82.624901,322,8839.96232693
p_1303853,35.603654,-82.624918,323,8843.23259079
p_1303853,35.603954,-82.625097,324,8880.25962646
p_1303853,35.604396,-82.625331,325,8933.68772411
p_1303853,35.604694,-82.625473,326,8969.16670201
p_1303853,35.604931,-82.625586,327,8997.38539932
p_1303853,35.605206,-82.625681,328,9029.088134739999
p_1303853,35.605292,-82.625712,329,9039.03484065
p_1303853,35.605793,-82.62593,330,9098.02702506
p_1303853,35.606829,-82.626331,331,9218.57897844
p_1303853,35.60698,-82.626393,332,9236.249464030001
p_1303853,35.607171,-82.626471,333,9258.58868919
p_1303853,35.607453,-82.626587,334,9291.59529339
p_1303853,35.607525,-82.626615,335,9299.97700441
p_1303853,35.607702,-82.626684,336,9320.58661747
p_1303853,35.608009,-82.626803,337,9356.31463923
p_1303853,35.608354,-82.626938,338,9396.49989606
p_1303853,35.608463,-82.626707,339,9420.67293273
p_1303853,35.608523,-82.62664,340,9429.68238681
p_1303853,35.608555,-82.626604,341,9434.50374141
p_1303853,35.608558,-82.6266,342,9434.99582591
p_1303853,35.608591,-82.626564,343,9439.899459260001
p_1303853,35.608676,-82.626561,344,9449.334275520001
p_1303853,35.608723,-82.62656,345,9454.549795510002
p_1303853,35.608901,-82.626617,346,9474.963329510001
p_1303853,35.609014,-82.626637,347,9487.631162220001
p_1303853,35.60945,-82.626718,348,9536.559688540001
p_1303853,35.609782,-82.626687,349,9573.50261094
p_1303853,35.609857,-82.62668,350,9581.84813005
p_1303853,35.610278,-82.626637,351,9628.72103128
p_1303853,35.611389,-82.626523,352,9752.420472079999
p_1303853,35.611681,-82.626491,353,9784.94787515
p_1303853,35.61183,-82.626475,354,9801.543134
p_1303853,35.612386,-82.626467,355,9863.236607609999
p_1303853,35.612641,-82.62649,356,9891.60596351
p_1303853,35.612816,-82.626501,357,9911.0480961
p_1303853,35.613069,-82.626606,358,9940.68712945
p_1303853,35.613274,-82.626727,359,9965.93637992
p_1303853,35.613439,-82.626828,360,9986.40305953
p_1303853,35.613554,-82.626942,361,10002.8190115
p_1303853,35.613664,-82.627074,362,10019.906488569999
p_1303853,35.613842,-82.627508,363,10063.90851292
p_1303853,35.613903,-82.627748,364,10086.68175059
p_1303853,35.613949,-82.627931,365,10104.02951947
p_1303853,35.614011,-82.628209,366,10130.139102629999
p_1303853,35.614035,-82.628315,367,10140.10513979
p_1303853,35.614073,-82.628485,368,10156.07394429
p_1303853,35.614126,-82.628756,369,10181.32116021
p_1303853,35.6142,-82.629072,370,10211.10505518
p_1303853,35.614214,-82.629101,371,10214.15729575
p_1303853,35.614301,-82.629281,372,10233.108072199999
p_1303853,35.614378,-82.629396,373,10246.581934099999
p_1303853,35.614418,-82.629447,374,10252.98870556
p_1303853,35.614799,-82.629714,375,10301.69340916
p_1303853,35.614953,-82.629812,376,10320.94917901
p_1303853,35.615003,-82.629844,377,10327.20866333
p_1303853,35.615218,-82.629983,378,10354.18341919
p_1303853,35.615302,-82.630052,379,10365.40577537
p_1303853,35.615454,-82.630176,380,10385.6697314
p_1303853,35.61552,-82.630269,381,10396.832922509999
p_1303853,35.615527,-82.630279,382,10398.02624942
p_1303853,35.615666,-82.630526,383,10425.20386761
p_1303853,35.615748,-82.630681,384,10441.93636634
p_1303853,35.615826,-82.630826,385,10457.66764023
p_1303853,35.615963,-82.631083,386,10485.47398941
p_1303853,35.616115,-82.631504,387,10527.17812036
p_1303853,35.616144,-82.631683,388,10543.711390440001
p_1303853,35.616142,-82.631824,389,10556.487720570001
p_1303853,35.61612,-82.63192,390,10565.521221070001
p_1303853,35.616083,-82.632081,391,10580.674286390002
p_1303853,35.615684,-82.632995,392,10674.572527160002
p_1303853,35.615504,-82.632961,393,10694.780029140002
p_1303853,35.615085,-82.632805,394,10743.36983203
p_1303853,35.61458,-82.632612,395,10802.06559709
p_1303853,35.614331,-82.63255,396,10830.2578882
p_1303853,35.614299,-82.632546,397,10833.826795609999
p_1303853,35.614293,-82.632545,398,10834.498643719999
p_1303853,35.614175,-82.632528,399,10847.68124979
p_1303853,35.614131,-82.632522,400,10852.593304209999
p_1303853,35.613524,-82.632557,401,10920.01569445
p_1303853,35.613502,-82.63257,402,10922.725944
p_1303853,35.61339,-82.632632,403,10936.36319631
p_1303853,35.613065,-82.632827,404,10976.51805478
p_1303853,35.613027,-82.63285,405,10981.22108713
p_1303853,35.612799,-82.63299,406,11009.52004543
p_1303853,35.612695,-82.632715,407,11036.9779927
p_1303853,35.61263554224084,-82.63256236212372,408,11052.3002439
p_1303853,35.61242767030926,-82.63205304710004,409,11103.88829112
p_1303853,35.612181520912415,-82.63145914601449,410,11164.23150529
p_1303854,35.572132,-82.617553,1,0
p_1303854,35.57219,-82.617623,2,9.03742629
p_1303854,35.572393,-82.617377,3,40.73210498
p_1303854,35.572904,-82.616758,4,120.49969598
p_1303854,35.573007,-82.616633,5,136.59279622
p_1303854,35.57322,-82.616375,6,169.84108408999998
p_1303854,35.573596,-82.615898,7,229.92376342999998
p_1303854,35.574106,-82.615316,8,307.28705921
p_1303854,35.574411,-82.614968,9,353.54960073
p_1303854,35.574662,-82.614622,10,395.49255323
p_1303854,35.57477,-82.614428,11,416.77222577
p_1303854,35.575052,-82.61392,12,472.44397251
p_1303854,35.575488,-82.613023,13,567.05447155
p_1303854,35.575577,-82.612841,14,586.28124701
p_1303854,35.575915,-82.61235,15,644.48064507
p_1303854,35.575947,-82.61232,16,648.95281378
p_1303854,35.576564,-82.611755,17,734.44653868
p_1303854,35.576717,-82.611616,18,755.5868638
p_1303854,35.576899,-82.611436,19,781.5476970899999
p_1303854,35.577117,-82.611164,20,816.0859121899999
p_1303854,35.577163,-82.611108,21,823.2841007499999
p_1303854,35.57721,-82.611049,22,830.7535904899999
p_1303854,35.577237,-82.610998,23,836.2621362299999
p_1303854,35.577353,-82.610783,24,859.6166255699999
p_1303854,35.577357,-82.610776,25,860.3909305199999
p_1303854,35.577444,-82.610614,26,877.9635487499999
p_1303854,35.577648,-82.610234,27,919.1787048099999
p_1303854,35.577712,-82.610111,28,932.3969410199999
p_1303854,35.577742,-82.610052,29,938.6960591299999
p_1303854,35.577939,-82.609732,30,975.0148791399998
p_1303854,35.578145,-82.609397,31,1013.0204393699998
p_1303854,35.578231,-82.609287,32,1026.8210887399998
p_1303854,35.578387,-82.609089,33,1051.7544782899997
p_1303854,35.57851,-82.609003,34,1067.4708606299998
p_1303854,35.578566,-82.608964,35,1074.61935065
p_1303854,35.578828,-82.60878,36,1108.1331095799999
p_1303854,35.579247,-82.608495,37,1161.3168041299998
p_1303854,35.579465,-82.608401,38,1186.9609444499997
p_1303854,35.579623,-82.608345,39,1205.2112942099998
p_1303854,35.580195,-82.608162,40,1270.8071919899999
p_1303854,35.580349,-82.608102,41,1288.73827491
p_1303854,35.580348994,-82.608102558,42,1288.78885582
p_1303854,35.580647979,-82.60798566,43,1323.61264505
p_1303854,35.5807028,-82.607964893,44,1329.97969459
p_1303854,35.580863271,-82.607902362,45,1348.6644931
p_1303854,35.580961285,-82.607863893,46,1360.08457558
p_1303854,35.581068682,-82.607821982,47,1372.59127188
p_1303854,35.581200866,-82.607771035,48,1387.96704794
p_1303854,35.581326916,-82.607721893,49,1402.64461051
p_1303854,35.581448741,-82.607673551,50,1416.8536921599998
p_1303854,35.581564632,-82.607628048,51,1430.3571875399998
p_1303854,35.581715838,-82.607569431,52,1447.9548502699997
p_1303854,35.581909444,-82.607455503,53,1471.7887545199997
p_1303854,35.582093601,-82.607345493,54,1494.5243149399996
p_1303854,35.582140203,-82.607288953,55,1501.8041682799997
p_1303854,35.582250659,-82.607142668,56,1519.8592761699997
p_1303854,35.582363061,-82.606996382,57,1538.0616810799997
p_1303854,35.582399556,-82.606947022,58,1544.0958228999998
p_1303854,35.582490707,-82.606797036,59,1561.0393184399998
p_1303854,35.582571724,-82.606662417,60,1576.1943523099997
p_1303854,35.582606748,-82.606605929,61,1582.6219288599996
p_1303854,35.582874315,-82.606209221,62,1629.2497669199995
p_1303854,35.582909836,-82.606155972,63,1635.4807589399995
p_1303854,35.582980635,-82.606035413,64,1648.9382429999996
p_1303854,35.583005207,-82.605889127,65,1662.4744080099997
p_1303854,35.583085469,-82.605760727,66,1677.1283159899997
p_1303854,35.58318891651537,-82.60560264160749,67,1695.4867841999996
p_1303854,35.58318905482352,-82.60560123705169,68,1695.6150087299995
p_1303854,35.583253,-82.60551,69,1706.5107920499995
p_1303854,35.583705,-82.604706,70,1794.9708754999995
p_1303854,35.583783,-82.604568,71,1810.1806238299994
p_1303854,35.58400756735182,-82.60417573177854,72,1853.5953678499993
p_1303854,35.58418806258571,-82.60388756806569,73,1886.5070536599994
p_1303854,35.584188308372475,-82.60388746760472,74,1886.5358039299995
p_1303854,35.58429,-82.603725,75,1905.0866252099995
p_1303854,35.58455,-82.603313,76,1952.2729168999995
p_1303854,35.584799,-82.602918,77,1997.4936794899995
p_1303854,35.585063,-82.6025,78,2045.3814529399995
p_1303854,35.585204,-82.602256,79,2072.4700861999995
p_1303854,35.585636,-82.6015,80,2156.0894282199997
p_1303854,35.58567,-82.60144,81,2162.7077512499995
p_1303854,35.585779,-82.601202,82,2187.4372780799995
p_1303854,35.585827,-82.601096,83,2198.4217505099996
p_1303854,35.58582667660701,-82.60109657373022,84,2198.4849273199998
p_1303854,35.585894,-82.60095,85,2213.7253326299997
p_1303854,35.58622,-82.599982,86,2308.6212306699995
p_1303854,35.586406,-82.599326,87,2371.5557218499994
p_1303854,35.586523,-82.598817,88,2419.479095819999
p_1303854,35.586553,-82.598685,89,2431.8969306199992
p_1303854,35.586567,-82.598609,90,2438.9579315199994
p_1303854,35.586619,-82.598336,91,2464.3642047099993
p_1303854,35.58663,-82.59828,92,2469.5842688499993
p_1303854,35.586679,-82.597886,93,2505.7047019199995
p_1303854,35.586741,-82.597248,94,2563.9355242499996
p_1303854,35.586779,-82.596688,95,2614.86410907
p_1303854,35.586789,-82.596544,96,2627.96215085
p_1303854,35.586788,-82.596362,97,2644.45749227
p_1303854,35.586786,-82.596208,98,2658.4165372499997
p_1303854,35.586785,-82.596045,99,2673.1899205399995
p_1303854,35.586784,-82.595935,100,2683.1600247299993
p_1303854,35.586783,-82.595863,101,2689.686450259999
p_1303854,35.586779,-82.595682,102,2706.0967906699993
p_1303854,35.586773,-82.595354,103,2735.8314438299994
p_1303854,35.586758,-82.594628,104,2801.6511165199995
p_1303854,35.586744,-82.593902,105,2867.4680890999994
p_1303854,35.586724,-82.593339,106,2918.5419955299994
p_1303854,35.586703,-82.592739,107,2972.9709559199996
p_1303854,35.586699,-82.592637,108,2982.2260456799995
p_1303854,35.586677,-82.59201,109,3039.1045888399995
p_1303854,35.586674,-82.591745,110,3063.1243278299994
p_1303854,35.586674,-82.591716,111,3065.7526506899994
p_1303854,35.586673,-82.591637,112,3072.9134243499993
p_1303854,35.586677,-82.591266,113,3106.5407589599995
p_1303854,35.586684,-82.591112,114,3120.5196506199995
p_1303854,35.586693,-82.590939,115,3136.2307185099994
p_1303854,35.586701,-82.590792,116,3149.5831276099993
p_1303854,35.586708,-82.590626,117,3164.648037849999
p_1303854,35.586716,-82.590552,118,3171.413270419999
p_1303854,35.586725,-82.590462,119,3179.631024419999
p_1303854,35.586751,-82.590157,120,3207.423823399999
p_1303854,35.586782,-82.589954,121,3226.1408023199992
p_1303854,35.586812,-82.589759,122,3244.1246956599994
p_1303854,35.586825,-82.589677,123,3251.6951657999994
p_1303854,35.586862,-82.589451,124,3272.585251199999
p_1303854,35.586902,-82.589207,125,3295.1402967899994
p_1303854,35.586913,-82.589137,126,3301.6008327499994
p_1303854,35.586929,-82.589057,127,3309.0655165499993
p_1303854,35.586939,-82.589005,128,3313.9071977799995
p_1303854,35.586965,-82.588878,129,3325.7733868099995
p_1303854,35.587032,-82.588545,130,3356.8556892299994
p_1303854,35.58711,-82.588155,131,3393.2459587999992
p_1303854,35.587236,-82.587692,132,3437.475691269999
p_1303854,35.587238,-82.587686,133,3438.063011679999
p_1303854,35.5873,-82.587444,134,3461.049213339999
p_1303854,35.587432,-82.586926,135,3510.227487079999
p_1303854,35.587439,-82.586887,136,3513.846416639999
p_1303854,35.587468,-82.58673,137,3528.434733319999
p_1303854,35.587513,-82.586528,138,3547.410787039999
p_1303854,35.58751506,-82.586525255,139,3547.748621259999
p_1303854,35.587621964,-82.586048397,140,3592.564743529999
p_1303854,35.587686241,-82.585765888,141,3619.1433912599987
p_1303854,35.587761512,-82.585432593,142,3650.483354879999
p_1303854,35.5878342788384,-82.58510788882793,143,3680.9988745799988
p_1303854,35.58787416227568,-82.58492944557624,144,3697.765753379999
p_1303854,35.58792110199006,-82.58473817553791,145,3715.8660819499987
p_1303854,35.588006694,-82.58437626,146,3750.0137003499985
p_1303854,35.588091674,-82.584020513,147,3783.6055202999987
p_1303854,35.588139372,-82.583817072,148,3802.787882969999
p_1303854,35.588155731,-82.583632838,149,3819.583402689999
p_1303854,35.588180174,-82.583356969,150,3844.732103649999
p_1303854,35.588183713,-82.583151283,151,3863.377586199999
p_1303854,35.588174851,-82.58293285,152,3883.198599479999
p_1303854,35.588148682,-82.582711138,153,3903.501078929999
p_1303854,35.588137249006095,-82.58264730318902,154,3909.423873419999
p_1303854,35.588126484,-82.582590831,155,3914.679476479999
p_1303854,35.588083925,-82.582363156,156,3935.847109049999
p_1303854,35.588068153,-82.582232434,157,3947.823015439999
p_1303854,35.588020429,-82.58206461,158,3963.928282849999
p_1303854,35.587985145,-82.581921871,159,3977.4441362499992
p_1303854,35.587944792,-82.58172674,160,3995.686873429999
p_1303854,35.5879267,-82.581638741,161,4003.9109930599993
p_1303854,35.587891737,-82.581439483,162,4022.381774939999
p_1303854,35.587874664,-82.581287057,163,4036.325482539999
p_1303854,35.587867038,-82.581212611,164,4043.125405279999
p_1303854,35.58785804,-82.581089732,165,4054.3066470999993
p_1303854,35.587857479,-82.580998153,166,4062.606730029999
p_1303854,35.58785707,-82.580960602,167,4066.0102980699994
p_1303854,35.587858842,-82.580904276,168,4071.1189355599995
p_1303854,35.587860342,-82.580813584,169,4079.3400803999994
p_1303854,35.587866886,-82.580712498,170,4088.5302794099994
p_1303854,35.587877987,-82.580610312,171,4097.87298777
p_1303854,35.587898309,-82.58048254,172,4109.6704923
p_1303854,35.58790496,-82.580439209,173,4113.66633086
p_1303854,35.587924319,-82.580353378,174,4121.73632422
p_1303854,35.587954914,-82.580234072,175,4133.06939906
p_1303854,35.587966426,-82.58018789,176,4137.44544371
p_1303854,35.58799075,-82.580104218,177,4145.49458591
p_1303854,35.588026454,-82.58000486,178,4155.33226998
p_1303854,35.588066088,-82.579904226,179,4165.45752694
p_1303854,35.588104632,-82.579816998,180,4174.445595300001
p_1303854,35.58811472,-82.579797049,181,4176.571996260001
p_1303854,35.588151925,-82.579721492,182,4184.567716580001
p_1303854,35.588206323,-82.579617206,183,4195.781887760001
p_1303854,35.588223773,-82.579584517,184,4199.3210302100015
p_1303854,35.588317657,-82.579449168,185,4215.413768790001
p_1303854,35.588379272,-82.579351849,186,4226.572946370001
p_1303854,35.588393718,-82.579332073,187,4228.97738136
p_1303854,35.58846406,-82.57924421,188,4240.127287890001
p_1303854,35.588548427,-82.579139055,189,4253.4856444100005
p_1303854,35.588606164,-82.579067135,190,4262.624697630001
p_1303854,35.588628976,-82.579038992,191,4266.217967230001
p_1303854,35.588690732,-82.578961375,192,4276.037919540001
p_1303854,35.588742399,-82.578896573,193,4284.244848160001
p_1303854,35.588795862,-82.578826508,194,4292.934387380002
p_1303854,35.588861727,-82.578739948,195,4303.655688160002
p_1303854,35.58893565,-82.5786436,196,4315.635567950002
p_1303854,35.588993725,-82.578567828,197,4325.052393100002
p_1303854,35.589006066,-82.578552011,198,4327.034745190002
p_1303854,35.5890214,-82.578527594,199,4329.826055690001
p_1303854,35.58904771,-82.578486187,200,4334.580416650001
p_1303854,35.589006,-82.578552,201,4342.129758440001
p_1303854,35.589051,-82.57848,202,4350.346066900001
p_1303854,35.589143,-82.578315,203,4368.451585100001
p_1303854,35.589224,-82.578137,204,4386.9179730000005
p_1303854,35.589262,-82.578028,205,4397.658632250001
p_1303854,35.589294,-82.577903,206,4409.530577650001
p_1303854,35.589312,-82.57783,207,4416.441346940001
p_1303854,35.589345,-82.577698,208,4428.952115510001
p_1303854,35.589387,-82.577497,209,4447.755092940001
p_1303854,35.589414,-82.577338,210,4462.473157330001
p_1303854,35.589451,-82.577213,211,4474.522622850001
p_1303854,35.58953465627137,-82.57679405201002,212,4513.609357420001
p_1303854,35.589555285311405,-82.5766590043405,213,4526.060711460002
p_1303854,35.58955583511809,-82.57665765214601,214,4526.197602300002
p_1303854,35.58956857856322,-82.57657638881209,215,4533.696875640002
p_1303854,35.5895755848411,-82.57653781011797,216,4537.278581390002
p_1303854,35.58960606382065,-82.57635961570048,217,4553.778342640002
p_1303854,35.58962869365959,-82.57622801981633,218,4565.966112180002
p_1303854,35.589639872252405,-82.57616273676597,219,4572.011219000002
p_1303854,35.589658576655,-82.57605331059706,220,4582.143157610002
p_1303854,35.58968358012352,-82.5759267993341,221,4593.939519250002
p_1303854,35.58971288982369,-82.57577961310994,222,4607.669446330003
p_1303854,35.5897394044995,-82.57564726331502,223,4620.0195882900025
p_1303854,35.58975876252502,-82.57555171637755,224,4628.941239740003
p_1303854,35.589808384484556,-82.57535658566827,225,4647.462816310003
p_1303854,35.58986215174011,-82.57514775882333,226,4667.306371350003
p_1303854,35.58991102259347,-82.57495532037902,227,4685.570189450003
p_1303854,35.58993272108097,-82.57487149373648,228,4693.539580180003
p_1303854,35.58997108158951,-82.57470728040192,229,4709.018569040003
p_1303854,35.59001647965766,-82.57454281906037,230,4724.751486920003
p_1303854,35.59005165115221,-82.57440535584509,231,4737.806388360003
p_1303854,35.59009404777399,-82.57424257928058,232,4753.290319920004
p_1303854,35.59011149717942,-82.5741750211371,233,4759.711780890004
p_1303854,35.59019414831846,-82.57406578778347,234,4773.206060040004
p_1303854,35.59022559585435,-82.57391126856221,235,4787.637933680004
p_1303854,35.59027727096361,-82.57365788148644,236,4811.306761140004
p_1303854,35.590341968476025,-82.57333820308634,237,4841.154518990003
p_1303854,35.59039811892691,-82.57306154588973,238,4866.989718650004
p_1303854,35.59045885519694,-82.5727645775407,239,4894.734069380004
p_1303854,35.59051059469435,-82.57250972241997,240,4918.533659070004
p_1303854,35.590560066899556,-82.57226525934487,241,4941.358566350004
p_1303854,35.59059696106739,-82.57208218901106,242,4958.447278690004
p_1303854,35.590634010852625,-82.57190171122981,243,4975.312162000004
p_1303854,35.590674693765024,-82.57170257920014,244,4993.914899150004
p_1303854,35.5907109885496,-82.57152381581659,245,5010.608720300004
p_1303854,35.5907521529829,-82.57131989059438,246,5029.645891610005
p_1303854,35.59079728385906,-82.5710973575988,247,5050.425766100005
p_1303854,35.59083960019811,-82.57089036978559,248,5069.763113450004
p_1303854,35.5908726275802,-82.57072549851411,249,5085.147705680004
p_1303854,35.59090829653991,-82.57055249154968,250,5101.318562580004
p_1303854,35.59094101383876,-82.57039005026293,251,5116.4810756600045
p_1303854,35.59097392852544,-82.57023097702451,252,5131.352765770004
p_1303854,35.59100967121853,-82.57005124933389,253,5148.116757030004
p_1303854,35.59104792521185,-82.56986966754496,254,5165.111486120004
p_1303854,35.591093631370484,-82.56965373466336,255,5185.327198290004
p_1303854,35.5911407291283,-82.56942980993516,256,5206.282773050004
p_1303854,35.59119692055644,-82.56916556866574,257,5231.0283549600035
p_1303854,35.59123973902322,-82.56890923454091,258,5254.739871110003
p_1303854,35.59125259463593,-82.5688312415883,259,5261.950592990003
p_1303854,35.591276085231726,-82.5686454344756,260,5278.990175290003
p_1303854,35.591283325981905,-82.56858455753715,261,5284.565432110003
p_1303854,35.59129994678983,-82.56825831862814,262,5314.188816280002
p_1303854,35.59130077922481,-82.56813574320165,263,5325.2977954900025
p_1303854,35.59130159848249,-82.56791798187292,264,5345.032975440003
p_1303854,35.59129987707088,-82.56777049185287,265,5358.400860250003
p_1303854,35.59129696040033,-82.56760853825674,266,5373.0817329300025
p_1303854,35.59128367285999,-82.5673694707749,267,5394.797711940003
p_1303854,35.59128142926667,-82.5673010474501,268,5401.003681700003
p_1303854,35.59127311284911,-82.56699404823459,269,5428.841284240003
p_1303854,35.591279170551715,-82.56662047895198,270,5462.703282660003
p_1303854,35.591316878528346,-82.5662725209936,271,5494.513859120004
p_1303854,35.59134873753507,-82.56607138952599,272,5513.081291590004
p_1303854,35.591429026173444,-82.56575079715387,273,5543.470428150004
p_1303854,35.591515025047414,-82.56551866995206,274,5566.5700677500045
p_1303854,35.59162076344654,-82.56526450134643,275,5592.419973790004
p_1303854,35.59175393664229,-82.56502709937672,276,5618.519993960004
p_1303854,35.59176178917225,-82.56501468385429,277,5619.9430484400045
p_1303854,35.59187918103048,-82.56483010735306,278,5641.143340820005
p_1303854,35.59192396053038,-82.5647612384791,279,5649.120709220005
p_1303854,35.59199381462503,-82.56465169519062,280,5661.715282680005
p_1303854,35.59203072076083,-82.56459212619016,281,5668.4910469600045
p_1303854,35.59206033591197,-82.56453915329328,282,5674.308570810004
p_1303854,35.59212563483811,-82.56442473109337,283,5686.958419010004
p_1303854,35.592199984978535,-82.56429334835501,284,5701.443529070004
p_1303854,35.59222386162395,-82.56425003197575,285,5706.179361060004
p_1303854,35.59224360501189,-82.56421361310915,286,5710.140637600004
p_1303854,35.59231719396763,-82.5640740074551,287,5725.198289080004
p_1303854,35.59242701445176,-82.56386602058497,288,5747.642637100003
p_1303854,35.59251205933664,-82.56362304097057,289,5771.5992662900035
p_1303854,35.592601520972565,-82.56336431023225,290,5797.0611952100035
p_1303854,35.59274201070188,-82.56280578549918,291,5850.023306860004
p_1303854,35.59282626026881,-82.56246777719463,292,5882.049798240004
p_1303854,35.59284219069225,-82.56239788967558,293,5888.625351530004
p_1303854,35.592878087480145,-82.56229304748368,294,5898.927660100004
p_1303854,35.59290613183421,-82.56224448899468,295,5904.317199660004
p_1303854,35.592933245822934,-82.56219586327313,296,5909.652839890004
p_1303854,35.59295209161702,-82.56209240058365,297,5919.259441740003
p_1303854,35.59299174363554,-82.56188876802112,298,5938.2307523900035
p_1303854,35.592988,-82.561915,299,5940.644031490004
p_1303854,35.593166,-82.560986,300,6027.119676340004
p_1303854,35.593208,-82.560795,301,6045.045252750004
p_1303854,35.593257,-82.560572,302,6065.972999340004
p_1303854,35.593311,-82.560323,303,6089.3203123300045
p_1303854,35.593339,-82.560197,304,6101.154041110004
p_1303854,35.59336,-82.560099,305,6110.335772660004
p_1303854,35.593516,-82.559341,306,6181.175943170004
p_1303854,35.593536,-82.559244,307,6190.242234970004
p_1303854,35.593578,-82.559036,308,6209.659506230004
p_1303854,35.593585,-82.559003,309,6212.749303860004
p_1303854,35.593604,-82.558907,310,6221.700972010004
p_1303854,35.593626,-82.558801,311,6231.612387440004
p_1303854,35.593639,-82.558728,312,6238.3833503600035
p_1303854,35.593658,-82.558649,313,6245.846558170004
p_1303854,35.593739,-82.558264,314,6281.875626510004
p_1303854,35.593869,-82.557652,315,6339.182253730004
p_1303854,35.593973,-82.557111,316,6389.549238980004
p_1303854,35.593997,-82.556986,317,6401.185952380004
p_1303854,35.594011,-82.55691,318,6408.246331730004
p_1303854,35.594032,-82.556835,319,6415.431374300005
p_1303854,35.59405966075377,-82.55669866688366,320,6428.1618282000045
p_1303854,35.593968,-82.556701,321,6438.333923320005
p_1303854,35.59422994029387,-82.55550442858808,322,6550.598414660005
p_1303854,35.592763612247396,-82.5550271026004,323,6718.942229100005
p_1303854,35.5927688155642,-82.5556997338937,324,6779.902144940004
p_1303855,35.592768816,-82.555699734,1,0
p_1303855,35.59280397134624,-82.55638041542721,2,61.80990484
p_1303855,35.594064480979554,-82.55631100693212,3,201.80669571
p_1303855,35.59406570953311,-82.55631048318286,4,201.95103284
p_1303855,35.594134956385446,-82.55630268248225,5,209.66652863000002
p_1303855,35.59414716986008,-82.55622808701091,6,216.56110621000002
p_1303855,35.594289752512864,-82.55552589072767,7,282.13338417
p_1303855,35.59431430505279,-82.55540175969786,8,293.7076841
p_1303855,35.59438275451879,-82.55508121495023,9,323.73282792
p_1303855,35.59444906584805,-82.55474641653902,10,354.95260594999996
p_1303855,35.594512555111734,-82.55443044664571,11,384.44049433
p_1303855,35.59455099672891,-82.5542434887045,12,401.91178700999995
p_1303855,35.594549,-82.554261,13,403.51410145999995
p_1303855,35.594575,-82.554134,14,415.3792348399999
p_1303855,35.594599,-82.554001,15,427.72272709999993
p_1303855,35.594611,-82.553914,16,435.7185473299999
p_1303855,35.594676,-82.553527,17,471.5234151899999
p_1303855,35.594677,-82.553522,18,471.98991550999995
p_1303855,35.594711,-82.553348,19,488.20324185999993
p_1303855,35.594734,-82.553214,20,500.61192686999993
p_1303855,35.594766,-82.553022,21,518.3700364599999
p_1303855,35.594794,-82.552883,22,531.3440253099999
p_1303855,35.59485,-82.552608,23,557.0281139399999
p_1303855,35.594865,-82.552535,24,563.84969582
p_1303855,35.594969,-82.552028,25,611.22213412
p_1303855,35.594983,-82.55196,26,617.5772178699999
p_1303855,35.594984,-82.551956,27,617.9563077199999
p_1303855,35.594994,-82.551905,28,622.70936473
p_1303855,35.594999,-82.551881,29,624.95393909
p_1303855,35.59502,-82.551758,30,636.3414140699999
p_1303855,35.594932,-82.551713,31,646.9225602299999
p_1303855,35.594954,-82.551598,32,657.6261880999999
p_1303855,35.595088,-82.550933,33,719.6969626299999
p_1303855,35.595175,-82.550574,34,753.63217257
p_1303855,35.595199,-82.550471,35,763.33866138
p_1303855,35.595289,-82.550523,36,774.38036417
p_1303855,35.595491,-82.550651,37,799.61641175
p_1303855,35.595678,-82.550779,38,823.38671313
p_1303855,35.595733,-82.550817,39,830.39363926
p_1303855,35.595753,-82.550722,40,839.28407658
p_1303855,35.595818,-82.550407,41,868.7267814
p_1303855,35.59583,-82.550348,42,874.23673108
p_1303855,35.595874,-82.550122,43,895.29098561
p_1303855,35.595903,-82.550039,44,903.47188219
p_1303855,35.595917,-82.549971,45,909.8268965799999
p_1303855,35.595918,-82.549843,46,921.4269670699999
p_1303855,35.596152,-82.549354,47,972.7862183599999
p_1303855,35.596213,-82.549221,48,986.6090889799999
p_1303855,35.59627736600446,-82.5490691995903,49,1002.1086759499999
p_1303855,35.596283,-82.549065,50,1002.8405126199999
p_1303855,35.596302,-82.549026,51,1006.9556914599999
p_1303855,35.596542,-82.548531,52,1059.1212802999999
p_1303855,35.596588,-82.548424,53,1070.0788752699998
p_1303855,35.596752,-82.548073,54,1106.7235674799997
p_1303855,35.597008,-82.547546,55,1162.2887236999998
p_1303855,35.597023,-82.547485,56,1168.0616529699998
p_1303855,35.597031,-82.547409,57,1175.00574683
p_1303855,35.59701746410718,-82.54736787597061,58,1179.02364776
p_1303855,35.59701334862078,-82.5473246441791,59,1182.96784057
p_1303855,35.59702140811507,-82.54727824908674,60,1187.2662142499998
p_1303855,35.59703598379343,-82.54724303099323,61,1190.8440335799999
p_1303855,35.597056621643674,-82.54721511219016,62,1194.2563816299999
p_1303855,35.59708,-82.547195,63,1197.4265380999998
p_1303855,35.59711096917421,-82.54718228952812,64,1201.0505316899998
p_1303855,35.597179,-82.547073,65,1213.5028342399999
p_1303855,35.597305,-82.546814,66,1240.8214092299997
p_1303855,35.597466,-82.546249,67,1295.0482495699998
p_1303855,35.597527,-82.546043,68,1314.9049190199999
p_1303855,35.59758,-82.545868,69,1331.81849563
p_1303855,35.597626,-82.545731,70,1345.2415183199998
p_1303855,35.597801,-82.545189,71,1398.05585151
p_1303855,35.598076,-82.544235,72,1489.7328773499999
p_1303855,35.598106,-82.544128,73,1499.98451463
p_1303855,35.598137,-82.544014,74,1510.87260713
p_1303855,35.598167,-82.543915,75,1520.4414579900001
p_1303855,35.598286,-82.543526,76,1558.0836990900002
p_1303855,35.598335,-82.543358,77,1574.2492597500002
p_1303855,35.598404,-82.543114,78,1597.6480449900002
p_1303855,35.598484,-82.54287,79,1621.4740549200003
p_1303855,35.598553,-82.542709,80,1637.9502433900002
p_1303855,35.59864,-82.542534,81,1656.51524708
p_1303855,35.598713,-82.542435,82,1668.6017671900001
p_1303855,35.598888,-82.542221,83,1696.0437466500002
p_1303855,35.599018,-82.542068,84,1716.0504725100002
p_1303855,35.599087,-82.541946,85,1729.4977977100002
p_1303855,35.599178,-82.541862,86,1742.1422488100002
p_1303855,35.599232,-82.541756,87,1753.4631090100002
p_1303855,35.599247,-82.541718,88,1757.2876744300002
p_1303855,35.599319,-82.541534,89,1775.77622906
p_1303855,35.599358,-82.541389,90,1789.6099390200002
p_1303855,35.599384,-82.541245,91,1802.9739239300002
p_1303855,35.599396,-82.541122,92,1814.1991147700003
p_1303855,35.599396,-82.541023,93,1823.1702457100002
p_1303855,35.599384,-82.540909,94,1833.5860854000002
p_1303855,35.599369,-82.540794,95,1844.1391571800002
p_1303855,35.599346,-82.540672,96,1855.4851975400002
p_1303855,35.5993,-82.540535,97,1868.9079751200002
p_1303855,35.599197,-82.540237,98,1898.2306411900001
p_1303855,35.59811,-82.537048,99,2211.36944265
p_1303855,35.59798,-82.536575,100,2256.5940159300003
p_1303855,35.597878,-82.536339,101,2280.7899209400002
p_1303855,35.597748,-82.536041,102,2311.4050888300003
p_1303855,35.597691,-82.53598,103,2319.80463468
p_1303855,35.59761,-82.53582,104,2336.86311639
p_1303855,35.597515,-82.535667,105,2354.27955772
p_1303855,35.596810351943006,-82.53461764029387,106,2477.38547776
p_1303855,35.59679368635119,-82.53462659943621,107,2479.40493869
p_1303855,35.59624398529472,-82.53381260557558,108,2575.11823516
p_1303855,35.59571772886184,-82.53313039500866,109,2660.15547795
p_1303855,35.59545375770129,-82.53274393115824,110,2705.80994611
p_1303855,35.59467755174806,-82.53213561796171,111,2808.06368547
p_1303855,35.594916385151734,-82.53184577007424,112,2845.37504145
p_1303855,35.59517407302566,-82.53171050772643,113,2876.48277064
p_1303855,35.59533704081554,-82.5316493772996,114,2895.3938928800003
p_1303855,35.59566364074239,-82.5316113147227,115,2931.794447
p_1303855,35.596943728091986,-82.53161799595316,116,3073.82339378
p_1303855,35.59806924306601,-82.53166050697357,117,3198.76043858
p_1303855,35.59883090660581,-82.53164797202807,118,3283.27584123
p_1303855,35.59937875982307,-82.53163123121091,119,3344.07995205
p_1303855,35.59931990205861,-82.53138804170312,120,3367.06441042
p_1303855,35.59931834138344,-82.53139284037236,121,3367.53246305
p_1303855,35.59923810765574,-82.53117248088932,122,3389.39534737
p_1303855,35.598936,-82.530681,123,3445.1365659599996
p_1303855,35.598095297,-82.529359888,124,3596.9023610399995
p_1303855,35.598160669,-82.529293323,125,3606.3359944199997
p_1303855,35.598209547,-82.529254875,126,3612.78184278
p_1303855,35.598258071,-82.529236229,127,3618.4245783899996
p_1303855,35.598321353,-82.529224547,128,3625.5251716699995
p_1303855,35.598577107,-82.529302329,129,3654.7637789099995
p_1303855,35.598684885,-82.529290868,130,3666.7669340799994
p_1303855,35.598766,-82.529216,131,3678.0374816699996
p_1303855,35.598824354,-82.529129792,132,3688.1837248499996
p_1303855,35.598851769,-82.529021669,133,3698.44291859
p_1303855,35.598848933,-82.528767058,134,3721.51742902
p_1303855,35.598865003,-82.528670562,135,3730.4416405999996
p_1303855,35.598897145,-82.528583367,136,3739.1105858399997
p_1303855,35.598949,-82.528539,137,3746.12952887
p_1303855,35.599020983,-82.528506635,138,3754.63763286
p_1303855,35.599139149,-82.528506635,139,3767.74833799
p_1303855,35.599320332,-82.528590057,140,3789.22526366
p_1303855,35.59926784704179,-82.5288662878632,141,3814.92508015
p_1303855,35.59929977145359,-82.52912611126118,142,3838.73460044
p_1303855,35.59940681204432,-82.52935475585413,143,3862.61623946
p_1303855,35.599591,-82.529519,144,3887.89751138
p_1303855,35.59977977809878,-82.52958905179868,145,3909.78354566
p_1303855,35.59999573573255,-82.52956595638511,146,3933.83561551
p_1303855,35.60009620278443,-82.52950821785471,147,3946.14942143
p_1303855,35.600183524507756,-82.529458562716,148,3956.8317895600003
p_1303855,35.60030558697147,-82.52929458528244,149,3976.93664969
p_1303855,35.60030559994969,-82.52929456931997,150,3976.9386907000003
p_1303855,35.600327195597615,-82.52926108097064,151,3980.8052044600004
p_1303855,35.600405136,-82.529035293,152,4003.0177354800003
p_1303855,35.6004109,-82.52891299,153,4014.1188227200005
p_1303855,35.60040888343087,-82.52876337140988,154,4027.6785580000005
p_1303855,35.600325868,-82.528510629,155,4052.3639020900005
p_1303855,35.60019986217,-82.52833065269529,156,4073.8449054700004
p_1303855,35.60000925660408,-82.52820709223504,157,4097.77401663
p_1303855,35.59989565428917,-82.52819092544654,158,4110.46322618
p_1303855,35.59979800383269,-82.52818053251062,159,4121.338555079999
p_1303855,35.59959146348339,-82.52824757885996,160,4145.04624396
p_1303855,35.59940273437418,-82.52843580647446,161,4172.053756939999
p_1303855,35.59935860362252,-82.52851779519095,162,4180.951714749999
p_1303855,35.59935954257523,-82.52851779519095,163,4181.055893049999
p_1303855,35.599320332,-82.528603257,164,4189.938540949999
p_1303855,35.599282086,-82.528584698,165,4194.503106959999
p_1303855,35.599141218,-82.5285253,166,4211.033490129999
p_1303855,35.599027181,-82.528522,167,4223.689609509999
p_1303855,35.59896211362758,-82.52853973583834,168,4231.085672089999
p_1303855,35.598910246,-82.528586853,169,4238.2514025499995
p_1303855,35.598878047,-82.528669351,170,4246.53697279
p_1303855,35.598857923,-82.52876835,171,4255.78175355
p_1303855,35.598857923,-82.528882198,172,4266.09844195
p_1303855,35.598860132,-82.529027771,173,4279.29226574
p_1303855,35.59882919,-82.529140575,174,4290.075444540001
p_1303855,35.598769515,-82.529220081,175,4299.86041412
p_1303855,35.598684941,-82.529299989,176,4311.71309963
p_1303855,35.598611333,-82.529314939,177,4319.99162456
p_1303855,35.598531766,-82.529305425,178,4328.861706889999
p_1303855,35.598318972,-82.529230998,179,4353.4159712499995
p_1303855,35.598262703,-82.529242986,180,4359.75291458
p_1303855,35.5982127,-82.529260423,181,4365.52145854
p_1303855,35.598160397,-82.52930116,182,4372.39920792
p_1303855,35.598107671,-82.529359464,183,4380.28195284
p_1303855,35.598445183,-82.529889691,184,4441.19971043
p_1303855,35.599029736,-82.530806244,185,4546.579060829999
p_1303855,35.599235374,-82.531147356,186,4584.998351759999
p_1303855,35.599314936,-82.531344696,187,4604.9409801599995
p_1303855,35.59935384448693,-82.53150180722035,188,4619.818119699999
p_1303855,35.59935112026575,-82.53149472460605,189,4620.52754055
p_1303855,35.59939534132927,-82.53165345147008,190,4635.72477336
p_1303855,35.598855966173886,-82.53169388061505,191,4695.68133822
p_1303855,35.5985008761502,-82.5317116314217,192,4735.11196045
p_1303855,35.597801944608875,-82.53170815622042,193,4812.66015102
p_1303855,35.596812386319854,-82.53167125589897,194,4922.5040902
p_1303855,35.596564281344456,-82.53166172084472,195,4950.04527775
p_1303855,35.595473,-82.53168,196,5071.135942790001
p_1303855,35.595017,-82.53184,197,5123.766529390001
p_1303855,35.594723,-82.532142,198,5166.346527460001
p_1303855,35.594469,-82.531963,199,5198.863356870002
p_1303855,35.594471,-82.53196,200,5199.214289560002
p_1303855,35.594067,-82.531715,201,5249.236156210002
p_1303855,35.59404,-82.5317,202,5252.525837040002
p_1303855,35.593437,-82.531357,203,5326.297955420003
p_1303855,35.593185,-82.531235,204,5356.364345150003
p_1303855,35.592922,-82.531105,205,5387.833107640003
p_1303855,35.592583,-82.530945,206,5428.143821470003
p_1303855,35.592415,-82.530861,207,5448.278228540003
p_1303855,35.592274,-82.530807,208,5464.669953230003
p_1303855,35.592133,-82.530754,209,5481.0348522600025
p_1303855,35.591789,-82.530632,210,5520.771306810003
p_1303855,35.591393,-82.530502,211,5566.260226710003
p_1303855,35.590767,-82.530312,212,5637.818440430003
p_1303855,35.590343,-82.53019,213,5686.143685430003
p_1303855,35.58984,-82.530045,214,5743.478519620003
p_1303855,35.589592,-82.529968,215,5771.865583740003
p_1303855,35.589172,-82.529839,216,5819.909355160003
p_1303855,35.587517,-82.529289,217,6010.179280930002
p_1303855,35.586994,-82.529091,218,6070.918233370002
p_1303855,35.586548,-82.528824,219,6126.002460370002
p_1303855,35.586334,-82.528671,220,6153.498708560002
p_1303855,35.586113,-82.528496,221,6182.7015001200025
p_1303855,35.585682,-82.52816,222,6239.3946670700025
p_1303855,35.585343827656445,-82.52786927321351,223,6285.243287180003
p_1303855,35.585368,-82.52789,224,6288.517699800002
p_1303855,35.58504,-82.527524,225,6337.759472380002
p_1303855,35.584876,-82.52723,226,6370.025889210002
p_1303855,35.584727,-82.526679,227,6422.630376190002
p_1303855,35.584703,-82.526232,228,6463.2312036600015
p_1303855,35.584827,-82.524987,229,6576.9061291100015
p_1303855,35.585108,-82.523332,230,6730.1108296500015
p_1303855,35.586369,-82.517244,231,7299.345492720002
p_1303855,35.586611,-82.51524,232,7482.946016650002
p_1303855,35.586744,-82.51345,233,7645.846717180002
p_1303855,35.586754,-82.513447,234,7646.989060130002
p_1303855,35.586754,-82.513161,235,7672.909735680002
p_1303855,35.586755,-82.512418,236,7740.249204070002
p_1303855,35.586756,-82.511754,237,7800.4287757500015
p_1303855,35.586757,-82.511,238,7868.765190160001
p_1303855,35.586757,-82.510822,239,7884.8976379800015
p_1303855,35.586746,-82.51045,240,7918.634726450002
p_1303855,35.586739,-82.510197,241,7941.577707510002
p_1303855,35.58672,-82.509801,242,7977.529742150003
p_1303855,35.586696,-82.509285,243,8024.371491800002
p_1303855,35.586668,-82.508688,244,8078.567797210002
p_1303855,35.586652,-82.508356,245,8108.709888990002
p_1303855,35.586649,-82.508303,246,8113.524895630002
p_1303855,35.586625,-82.507927,247,8147.706355650002
p_1303855,35.586578,-82.507174,248,8216.151119880002
p_1303855,35.586555,-82.506817,249,8248.607201100001
p_1303855,35.586564,-82.50659,250,8269.20487325
p_1303855,35.586565,-82.506566,251,8271.38286784
p_1303855,35.586579,-82.506185,252,8305.94855544
p_1303855,35.586587,-82.50598,253,8324.54929023
p_1303855,35.586606,-82.505796,254,8341.35827633
p_1303855,35.586654,-82.505308,255,8385.90611561
p_1303855,35.586673,-82.505122,256,8402.89493565
p_1303855,35.586678,-82.505097,257,8405.22765605
p_1303855,35.58675,-82.504712,258,8441.02366012
p_1303855,35.586825,-82.504314,259,8478.04246411
p_1303855,35.586856,-82.504212,260,8487.90600978
p_1303855,35.587076,-82.503544,261,8553.18332627
p_1303855,35.587077,-82.503541,262,8553.47698698
p_1303855,35.587187,-82.503205,263,8586.28377047
p_1303855,35.587221,-82.503119,264,8594.94295535
p_1303855,35.587319,-82.502867,265,8620.23820054
p_1303855,35.587338,-82.502828,266,8624.35371616
p_1303855,35.58742,-82.502652,267,8642.71699952
p_1303855,35.587557,-82.502358,268,8673.39324771
p_1303855,35.587707,-82.502101,269,8702.020186790001
p_1303855,35.587954,-82.501672,270,8749.58830882
p_1303855,35.587967,-82.501652,271,8751.904765410001
p_1303855,35.588296,-82.501154,272,8809.95243545
p_1303855,35.588474,-82.500885,273,8841.327487510001
p_1303855,35.58867,-82.500589,274,8875.861008810001
p_1303855,35.588839,-82.500345,275,8904.854162360001
p_1303855,35.588918,-82.500231,276,8918.403073160001
p_1303855,35.588963,-82.500167,277,8926.056265330002
p_1303855,35.589075,-82.499992,278,8946.204771350001
p_1303855,35.589176,-82.499826,279,8964.96406727
p_1303855,35.589264,-82.4997,280,8979.98836515
p_1303855,35.589299,-82.499649,281,8986.02521634
p_1303855,35.589367,-82.499551,282,8997.67878637
p_1303855,35.589483,-82.499359,283,9019.32205614
p_1303855,35.589614,-82.499113,284,9045.93607881
p_1303855,35.589691,-82.498945,285,9063.39476225
p_1303855,35.589728,-82.498865,286,9071.72657672
p_1303855,35.589808,-82.498565,287,9100.32727535
p_1303855,35.589844,-82.498388,288,9116.85828451
p_1303855,35.589884,-82.498172,289,9136.93075992
p_1303855,35.589897,-82.49793,290,9158.91016165
p_1303855,35.589877,-82.497688,291,9180.95415862
p_1303855,35.589863,-82.497594,292,9189.613665699999
p_1303855,35.589838,-82.497456,293,9202.42426167
p_1303855,35.589808,-82.497306,294,9216.420067699999
p_1303855,35.589766,-82.497154,295,9230.962410279999
p_1303855,35.589715,-82.497001,296,9245.938682029999
p_1303855,35.589586,-82.496693,297,9277.307800569999
p_1303855,35.589411,-82.496385,298,9311.310309049999
p_1303855,35.588934,-82.495719,299,9391.58564611
p_1303855,35.588668,-82.495348,300,9436.324469109999
p_1303855,35.588518,-82.495151,301,9460.732390239998
p_1303855,35.58839,-82.494982,302,9481.619797979998
p_1303855,35.588034,-82.494443,303,9544.440431389998
p_1303855,35.587895,-82.49419,304,9572.073866749997
p_1303855,35.58777,-82.493922,305,9600.043519769997
p_1303855,35.587666,-82.493666,306,9625.955954639998
p_1303855,35.587655,-82.493632,307,9629.270292189998
p_1303855,35.587606,-82.493494,308,9642.907847989998
p_1303855,35.587545,-82.493292,309,9662.426250039998
p_1303855,35.587511,-82.493162,310,9674.797442499997
p_1303855,35.587486,-82.49306,311,9684.448966099997
p_1303855,35.587475,-82.493012,312,9688.967207439997
p_1303855,35.587455,-82.492907,313,9698.738750559996
p_1303855,35.587438,-82.492815,314,9707.287474899997
p_1303855,35.58741,-82.492635,315,9723.894219419997
p_1303855,35.58739,-82.492426,316,9742.965635209997
p_1303855,35.587378,-82.492215,317,9762.135073779997
p_1303855,35.587377,-82.491875,318,9792.949823749997
p_1303855,35.587377,-82.491693,319,9809.444671329997
p_1303855,35.587379,-82.491438,320,9832.556649149998
p_1303855,35.587382,-82.491308,321,9844.343383409998
p_1303855,35.587386,-82.491051,322,9867.639783979997
p_1303855,35.587387,-82.49102,323,9870.451535509997
p_1303855,35.587395,-82.490448,324,9922.300074219998
p_1303855,35.587402,-82.489969,325,9965.719273089999
p_1303855,35.587412,-82.489471,326,10010.86714479
p_1303855,35.587413,-82.48941,327,10016.396748449999
p_1303855,35.587426,-82.488913,328,10061.463434419999
p_1303855,35.587433,-82.488573,329,10092.287750759999
p_1303855,35.587436,-82.48845,330,10103.44032776
p_1303855,35.587436,-82.488368,331,10110.87206682
p_1303855,35.587407,-82.488368,332,10114.08965658
p_1303855,35.587351,-82.486925,333,10245.01774118
p_1303855,35.587142,-82.485342,334,10390.3488127
p_1303855,35.586624,-82.482111,335,10688.76616807
p_1303855,35.586477,-82.480578,336,10828.65898673
p_1303855,35.586429,-82.479321,337,10942.70791345
p_1303855,35.586454,-82.476911,338,11161.14884956
p_1303855,35.586421,-82.476459,339,11202.277850850001
p_1303855,35.586305,-82.47578,340,11265.148550250002
p_1303855,35.586004,-82.47479,341,11360.888232500001
p_1303855,35.584903,-82.472512,342,11600.782309770002
p_1303855,35.584446,-82.471311,343,11720.864059350002
p_1303855,35.584143,-82.470258,344,11822.050144450002
p_1303855,35.583844,-82.468748,345,11962.872101680003
p_1303855,35.583691,-82.46733,346,12092.508924960002
p_1303855,35.583698,-82.467329,347,12093.290854700002
p_1303855,35.583679,-82.467014,348,12121.918660620002
p_1303855,35.583678,-82.46699,349,12124.096733150001
p_1303855,35.583681,-82.466667,350,12153.37379404
p_1303855,35.583682,-82.466401,351,12177.4830112
p_1303855,35.583697,-82.465887,352,12224.09921474
p_1303855,35.5837,-82.465781,353,12233.71230765
p_1303855,35.583703,-82.4657,354,12241.06129838
p_1303855,35.583751,-82.465044,355,12300.755991760001
p_1303855,35.583762,-82.464958,356,12308.6455815
p_1303855,35.5838007550185,-82.46464550543348,357,12337.29309423
p_1303856,35.579787,-82.463771,1,0
p_1303856,35.583422,-82.463105,2,407.80032072
p_1303856,35.584031,-82.463179,3,475.70172007
p_1303856,35.583821,-82.464381,4,587.1086070800001
p_1303856,35.583832,-82.464383,5,588.3424596100001
p_1303856,35.583819,-82.464491,6,598.23674028
p_1303856,35.583814,-82.46453,7,601.81477469
p_1303856,35.583762,-82.464958,8,641.03328363
p_1303856,35.583751,-82.465044,9,648.92287337
p_1303856,35.583703,-82.4657,10,708.61756675
p_1303856,35.5837,-82.465781,11,715.96655748
p_1303856,35.583697,-82.465887,12,725.57965039
p_1303856,35.583682,-82.466401,13,772.19585393
p_1303856,35.583681,-82.466667,14,796.30507109
p_1303856,35.583678,-82.46699,15,825.58213198
p_1303856,35.583679,-82.467014,16,827.76020451
p_1303856,35.583698,-82.467328,17,856.29762209
p_1303856,35.583706,-82.467471,18,869.2888097
p_1303856,35.583709,-82.467524,19,874.10399167
p_1303856,35.583717,-82.467671,20,887.45689394
p_1303856,35.583718,-82.467689,21,889.09209518
p_1303856,35.583739,-82.467854,22,904.22731208
p_1303856,35.583752,-82.467957,23,913.67349888
p_1303856,35.583776,-82.468153,24,931.63644463
p_1303856,35.583813,-82.468449,25,958.77669453
p_1303856,35.583827,-82.468558,26,968.77728303
p_1303856,35.583829,-82.468574,27,970.24432297
p_1303856,35.583855,-82.468745,28,986.0090907
p_1303856,35.583864,-82.468801,29,991.18194598
p_1303856,35.583883,-82.468928,30,1002.88403405
p_1303856,35.583907,-82.469086,31,1017.44982671
p_1303856,35.583915,-82.469133,32,1021.80116056
p_1303856,35.583944,-82.469284,33,1035.86017798
p_1303856,35.584023,-82.469692,34,1073.8638078699998
p_1303856,35.584039,-82.469758,35,1080.1035594399998
p_1303856,35.584105,-82.470029,36,1105.7339312299998
p_1303856,35.584158,-82.470244,37,1126.0883256999998
p_1303856,35.584247,-82.470615,38,1161.1337138
p_1303856,35.584474,-82.471352,39,1232.52172398
p_1303856,35.584583,-82.471678,40,1264.4477101799998
p_1303856,35.584688,-82.471964,41,1292.8666601999998
p_1303856,35.584729,-82.472075,42,1303.9077039999997
p_1303856,35.584842,-82.472346,43,1331.4843416899998
p_1303856,35.585085,-82.472856,44,1384.9959310499999
p_1303856,35.58516,-82.473016,45,1401.7152202799998
p_1303856,35.58515251218377,-82.47300028867272,46,1403.3638257699997
p_1303856,35.586052,-82.474906,47,1602.8437737999998
p_1303856,35.586271,-82.475618,48,1671.7971290899998
p_1303856,35.58638,-82.476177,49,1723.8839649999998
p_1303856,35.586454,-82.476911,50,1790.9126851699998
p_1303856,35.586425,-82.479037,51,1983.6233654499997
p_1303856,35.586462,-82.480303,52,2098.43699691
p_1303856,35.586703,-82.482693,53,2316.69146379
p_1303856,35.587125,-82.485244,54,2552.58592025
p_1303856,35.587351,-82.486925,55,2706.9866688
p_1303856,35.58742701401073,-82.48790847046334,56,2796.5177187000004
p_1303856,35.587429,-82.487907,57,2796.7752339600006
p_1303856,35.587437,-82.488186,58,2822.0768479300004
p_1303856,35.587436,-82.48845,59,2846.0036795700003
p_1303856,35.587433,-82.488573,60,2857.15625657
p_1303856,35.587426,-82.488913,61,2887.9805729100003
p_1303856,35.587413,-82.48941,62,2933.0472588800003
p_1303856,35.587412,-82.489471,63,2938.57686254
p_1303856,35.587402,-82.489969,64,2983.72473424
p_1303856,35.587395,-82.490448,65,3027.14393311
p_1303856,35.587387,-82.49102,66,3078.99247182
p_1303856,35.587382,-82.491308,67,3105.1001008499998
p_1303856,35.587379,-82.491438,68,3116.8868351099995
p_1303856,35.587377,-82.491653,69,3136.3737699299995
p_1303856,35.587377,-82.491875,70,3156.4938587299994
p_1303856,35.587378,-82.492215,71,3187.3086086999992
p_1303856,35.58739,-82.492426,72,3206.478047269999
p_1303856,35.58741,-82.492635,73,3225.549463059999
p_1303856,35.587438,-82.492815,74,3242.1562075799993
p_1303856,35.587455,-82.492907,75,3250.704931919999
p_1303856,35.587475,-82.493012,76,3260.476475039999
p_1303856,35.587486,-82.49306,77,3264.994716379999
p_1303856,35.587511,-82.493162,78,3274.646239979999
p_1303856,35.587545,-82.493292,79,3287.017432439999
p_1303856,35.587606,-82.493494,80,3306.535834489999
p_1303856,35.587655,-82.493632,81,3320.173390289999
p_1303856,35.587666,-82.493666,82,3323.487727839999
p_1303856,35.58777,-82.493922,83,3349.400162709999
p_1303856,35.587895,-82.49419,84,3377.369815729999
p_1303856,35.588034,-82.494443,85,3405.003251089999
p_1303856,35.58839,-82.494982,86,3467.823884499999
p_1303856,35.588668,-82.495348,87,3513.1191739799992
p_1303856,35.58893,-82.495713,88,3557.1565615199993
p_1303856,35.588934,-82.495719,89,3557.8584556599994
p_1303856,35.589411,-82.496385,90,3638.1337927199993
p_1303856,35.589586,-82.496693,91,3672.1363011999993
p_1303856,35.589715,-82.497001,92,3703.505419739999
p_1303856,35.589766,-82.497154,93,3718.481691489999
p_1303856,35.589808,-82.497306,94,3733.024034069999
p_1303856,35.589838,-82.497456,95,3747.019840099999
p_1303856,35.589863,-82.497594,96,3759.830436069999
p_1303856,35.589877,-82.497688,97,3768.489943149999
p_1303856,35.589897,-82.49793,98,3790.533940119999
p_1303856,35.589884,-82.498172,99,3812.513341849999
p_1303856,35.589844,-82.498388,100,3832.585817259999
p_1303856,35.589808,-82.498565,101,3849.116826419999
p_1303856,35.589728,-82.498865,102,3877.717525049999
p_1303856,35.589691,-82.498945,103,3886.049339519999
p_1303856,35.589614,-82.499113,104,3903.5080229599994
p_1303856,35.589483,-82.499359,105,3930.1220456299993
p_1303856,35.589367,-82.499551,106,3951.7653153999995
p_1303856,35.589299,-82.499649,107,3963.4188854299996
p_1303856,35.589264,-82.4997,108,3969.4557366199997
p_1303856,35.589176,-82.499826,109,3984.4800345
p_1303856,35.589075,-82.499992,110,4003.23933042
p_1303856,35.588963,-82.500167,111,4023.38783644
p_1303856,35.588839,-82.500345,112,4044.58981344
p_1303856,35.58867,-82.500589,113,4073.58296699
p_1303856,35.588474,-82.500885,114,4108.11648829
p_1303856,35.588296,-82.501154,115,4139.49154035
p_1303856,35.587967,-82.501652,116,4197.53921039
p_1303856,35.587954,-82.501672,117,4199.85566698
p_1303856,35.587707,-82.502101,118,4247.42378901
p_1303856,35.587557,-82.502358,119,4276.05072809
p_1303856,35.58742,-82.502652,120,4306.72697628
p_1303856,35.587338,-82.502828,121,4325.09025964
p_1303856,35.587319,-82.502867,122,4329.20577526
p_1303856,35.587259,-82.50302,123,4344.587527690001
p_1303856,35.587187,-82.503205,124,4363.16010901
p_1303856,35.587077,-82.503541,125,4395.9668925000005
p_1303856,35.587076,-82.503544,126,4396.260553210001
p_1303856,35.586856,-82.504212,127,4461.537869700001
p_1303856,35.586825,-82.504314,128,4471.401415370001
p_1303856,35.58675,-82.504712,129,4508.420219360001
p_1303856,35.586678,-82.505097,130,4544.216223430001
p_1303856,35.586673,-82.505122,131,4546.548943830001
p_1303856,35.586654,-82.505308,132,4563.537763870001
p_1303856,35.586606,-82.505796,133,4608.085603150001
p_1303856,35.586587,-82.50598,134,4624.8945892500005
p_1303856,35.586579,-82.506185,135,4643.495324040001
p_1303856,35.586564,-82.50659,136,4680.238969240001
p_1303856,35.586555,-82.506817,137,4700.836641390001
p_1303856,35.586578,-82.507169,138,4732.840985610002
p_1303856,35.586578,-82.507174,139,4733.2941452700015
p_1303856,35.586625,-82.507927,140,4801.738909500002
p_1303856,35.586649,-82.508303,141,4835.920369520001
p_1303856,35.586652,-82.508356,142,4840.735376160002
p_1303856,35.586668,-82.508688,143,4870.877467940001
p_1303856,35.586696,-82.509285,144,4925.073773350001
p_1303856,35.58672,-82.509801,145,4971.915523000001
p_1303856,35.586739,-82.510197,146,5007.867557640001
p_1303856,35.586743,-82.510346,147,5021.378978730001
p_1303856,35.586757,-82.510822,148,5064.547640900001
p_1303856,35.586757,-82.511,149,5080.680088720002
p_1303856,35.586756,-82.511754,150,5149.016503130001
p_1303856,35.586755,-82.512418,151,5209.196074810001
p_1303856,35.586754,-82.513161,152,5276.535543200001
p_1303856,35.586753,-82.513537,153,5310.613255530001
p_1303856,35.58675463755701,-82.51352773027094,154,5311.472808950001
p_1303856,35.58667943,-82.514399234,155,5390.898281690002
p_1303856,35.586454143,-82.516849238,156,5614.349364870001
p_1303856,35.586168717,-82.518384501,157,5757.051947200001
p_1303856,35.58578475,-82.520064162,158,5915.132624320001
p_1303856,35.585460291,-82.521606035,159,6059.439551680001
p_1303856,35.585228595,-82.522782987,160,6169.1645063800015
p_1303856,35.584971045,-82.524015824,161,6284.497045740001
p_1303856,35.584828472,-82.525378731,162,6409.031266020002
p_1303856,35.584736489,-82.526153495,163,6479.988949640002
p_1303856,35.584741089,-82.526724672,164,6531.759523720002
p_1303856,35.584869864,-82.527244952,165,6581.031584030002
p_1303856,35.585118217,-82.52760123,166,6623.481306640002
p_1303856,35.585615891019884,-82.52807951476173,167,6693.681573430002
p_1303856,35.58560557100496,-82.52806809154039,168,6695.225257100002
p_1303856,35.585667172853164,-82.52813024378524,169,6704.082219180002
p_1303856,35.586125416,-82.52851172,170,6765.566818920001
p_1303856,35.586765655,-82.528946404,171,6846.795479720002
p_1303856,35.586994199,-82.529080726,172,6874.923630080002
p_1303856,35.5873069,-82.529205745,173,6911.421557740002
p_1303856,35.587470759,-82.529267462,174,6930.442945600002
p_1303856,35.587641899,-82.529327307,175,6950.190605030001
p_1303856,35.589018066,-82.529784412,176,7108.398521880002
p_1303856,35.589440983,-82.529920729,177,7156.920865920001
p_1303856,35.589590951,-82.529965362,178,7174.044648330001
p_1303856,35.589722889,-82.530005076,179,7189.1193334300015
p_1303856,35.5897249499221,-82.530006039632,180,7189.364105490002
p_1303856,35.58986310596582,-82.53004679840794,181,7205.131512620002
p_1303856,35.58999509499648,-82.5300856406913,182,7220.193033550002
p_1303856,35.59008931470851,-82.53011339693151,183,7230.945236410002
p_1303856,35.590140081238886,-82.5301280775043,184,7236.732856290002
p_1303856,35.590228817648665,-82.53015445597883,185,7246.864371280002
p_1303856,35.59029655334189,-82.53017404421122,186,7254.586565260002
p_1303856,35.59041687414222,-82.53020979564873,187,7268.323896050002
p_1303856,35.59052656943811,-82.53024259207787,188,7280.852419890002
p_1303856,35.59059801990078,-82.53026370532992,189,7289.0076022500025
p_1303856,35.590674496869966,-82.53028533063964,190,7297.716224670003
p_1303856,35.590766346907785,-82.53031213135088,191,7308.192566530002
p_1303856,35.59088831592925,-82.53034768638669,192,7322.103540250002
p_1303856,35.590970399521964,-82.53037182625589,193,7331.469911740002
p_1303856,35.59107957115219,-82.5304042437844,194,7343.933858010002
p_1303856,35.59117390379592,-82.53043329836368,195,7354.726340020002
p_1303856,35.59126428081754,-82.53046013077504,196,7365.044445220002
p_1303856,35.59137902487933,-82.53049463488512,197,7378.153866070002
p_1303856,35.59144863663158,-82.53051731355913,198,7386.146177430001
p_1303856,35.59155175827421,-82.53055102302883,199,7397.988501620001
p_1303856,35.59163754699219,-82.53057898787769,200,7407.838503440002
p_1303856,35.59172481694043,-82.53060761504722,201,7417.8627724100015
p_1303856,35.591802247078974,-82.5306329283842,202,7426.754774650001
p_1303856,35.59188323460246,-82.53066125921112,203,7436.100073500002
p_1303856,35.59225170927232,-82.53079402346825,204,7478.716608990002
p_1303856,35.59241545729118,-82.53085877854548,205,7497.808963490002
p_1303856,35.592531310304665,-82.530914155803,206,7511.607986660001
p_1303856,35.59261441452584,-82.53095369991628,207,7521.500464540001
p_1303856,35.592615,-82.530956,208,7521.718797260001
p_1303856,35.592792,-82.53104,209,7542.781022600001
p_1303856,35.592818,-82.531052,210,7545.863938210001
p_1303856,35.592923,-82.531102,211,7558.364035370001
p_1303856,35.592933,-82.531107,212,7559.562511140001
p_1303856,35.593004,-82.531142,213,7568.054660310001
p_1303856,35.593109,-82.531194,214,7580.621591460001
p_1303856,35.593185,-82.531231,215,7589.6961283400005
p_1303856,35.593369,-82.531325,216,7611.817233230001
p_1303856,35.593438,-82.53136,217,7620.103947470001
p_1303856,35.593642,-82.531475,218,7645.022131420001
p_1303856,35.593726,-82.531523,219,7655.307220130001
p_1303856,35.593888,-82.531615,220,7675.120897030001
p_1303856,35.594063,-82.531715,221,7696.548152130002
p_1303856,35.594204,-82.5318,222,7713.985922260002
p_1303856,35.594552,-82.532011,223,7757.072461040002
p_1303856,35.59470368069823,-82.53210052794103,224,7775.755268800002
p_1303856,35.59498953620246,-82.53181290464919,225,7816.807726120002
p_1303856,35.595422765784306,-82.53165556415291,226,7866.945421710002
p_1303856,35.59586937076253,-82.53160745944047,227,7916.688312270002
p_1303856,35.59794526754817,-82.53167898082707,228,8147.103443380002
p_1303856,35.59853864115384,-82.53168593101546,229,8212.942189430003
p_1303856,35.59884380323639,-82.53167091899759,230,8246.827721800004
p_1303856,35.59911054420748,-82.53165192741704,231,8276.473050610004
p_1303856,35.59937439021749,-82.53162883200088,232,8305.821899970004
p_1303856,35.599317402430216,-82.53139168560136,233,8328.222408940004
p_1303856,35.59931834138344,-82.53139284037236,234,8328.370067980004
p_1303856,35.59923810765574,-82.53117248088932,235,8350.232952300004
p_1303856,35.598936,-82.530681,236,8405.974170890004
p_1303856,35.598095297,-82.529359888,237,8557.739965970004
p_1303856,35.598160669,-82.529293323,238,8567.173599350004
p_1303856,35.598209547,-82.529254875,239,8573.619447710003
p_1303856,35.598258071,-82.529236229,240,8579.262183320003
p_1303856,35.598321353,-82.529224547,241,8586.362776600003
p_1303856,35.598577107,-82.529302329,242,8615.601383840003
p_1303856,35.598684885,-82.529290868,243,8627.604539010003
p_1303856,35.598766,-82.529216,244,8638.875086600003
p_1303856,35.598824354,-82.529129792,245,8649.021329780002
p_1303856,35.598851769,-82.529021669,246,8659.280523520001
p_1303856,35.598848933,-82.528767058,247,8682.355033950002
p_1303856,35.598865003,-82.528670562,248,8691.279245530002
p_1303856,35.598897145,-82.528583367,249,8699.948190770003
p_1303856,35.598949,-82.528539,250,8706.967133800003
p_1303856,35.599020983,-82.528506635,251,8715.475237790002
p_1303856,35.599139149,-82.528506635,252,8728.585942920003
p_1303856,35.599320332,-82.528590057,253,8750.062868590003
p_1303856,35.59926784704179,-82.5288662878632,254,8775.762685080002
p_1303856,35.59929977145359,-82.52912611126118,255,8799.572205370003
p_1303856,35.59940681204432,-82.52935475585413,256,8823.453844390004
p_1303856,35.599591,-82.529519,257,8848.735116310003
p_1303856,35.59977977809878,-82.52958905179868,258,8870.621150590003
p_1303856,35.59999573573255,-82.52956595638511,259,8894.673220440003
p_1303856,35.60009620278443,-82.52950821785471,260,8906.987026360002
p_1303856,35.600183524507756,-82.529458562716,261,8917.669394490002
p_1303856,35.60030558697147,-82.52929458528244,262,8937.774254620002
p_1303856,35.60030559994969,-82.52929456931997,263,8937.776295630003
p_1303856,35.600327195597615,-82.52926108097064,264,8941.642809390003
p_1303856,35.600405136,-82.529035293,265,8963.855340410004
p_1303856,35.6004109,-82.52891299,266,8974.956427650004
p_1303856,35.60040888343087,-82.52876337140988,267,8988.516162930004
p_1303856,35.600325868,-82.528510629,268,9013.201507020003
p_1303856,35.60019986217,-82.52833065269529,269,9034.682510400004
p_1303856,35.60000925660408,-82.52820709223504,270,9058.611621560003
p_1303856,35.59989565428917,-82.52819092544654,271,9071.300831110004
p_1303856,35.59979800383269,-82.52818053251062,272,9082.176160010004
p_1303856,35.59959146348339,-82.52824757885996,273,9105.883848890004
p_1303856,35.59940273437418,-82.52843580647446,274,9132.891361870004
p_1303856,35.59935860362252,-82.52851779519095,275,9141.789319680005
p_1303856,35.59935954257523,-82.52851779519095,276,9141.893497980005
p_1303856,35.599320332,-82.528603257,277,9150.776145880005
p_1303856,35.599282086,-82.528584698,278,9155.340711890005
p_1303856,35.599141218,-82.5285253,279,9171.871095060005
p_1303856,35.599027181,-82.528522,280,9184.527214440006
p_1303856,35.59896211362758,-82.52853973583834,281,9191.923277020005
p_1303856,35.598910246,-82.528586853,282,9199.089007480005
p_1303856,35.598878047,-82.528669351,283,9207.374577720004
p_1303856,35.598857923,-82.52876835,284,9216.619358480004
p_1303856,35.598857923,-82.528882198,285,9226.936046880004
p_1303856,35.598860132,-82.529027771,286,9240.129870670004
p_1303856,35.59882919,-82.529140575,287,9250.913049470004
p_1303856,35.598769515,-82.529220081,288,9260.698019050003
p_1303856,35.598684941,-82.529299989,289,9272.550704560004
p_1303856,35.598611333,-82.529314939,290,9280.829229490004
p_1303856,35.598531766,-82.529305425,291,9289.699311820004
p_1303856,35.598318972,-82.529230998,292,9314.253576180005
p_1303856,35.598262703,-82.529242986,293,9320.590519510004
p_1303856,35.5982127,-82.529260423,294,9326.359063470005
p_1303856,35.598160397,-82.52930116,295,9333.236812850006
p_1303856,35.598107671,-82.529359464,296,9341.119557770005
p_1303856,35.598445183,-82.529889691,297,9402.037315360005
p_1303856,35.599029736,-82.530806244,298,9507.416665760005
p_1303856,35.599235374,-82.531147356,299,9545.835956690005
p_1303856,35.599314936,-82.531344696,300,9565.778585090005
p_1303856,35.59935384448693,-82.53150180722035,301,9580.655724630005
p_1303856,35.599353158,-82.531502597,302,9580.760239440006
p_1303856,35.599389552622526,-82.53164154995123,303,9593.983455040005
p_1303856,35.598842965663934,-82.53168528609741,304,9654.757512060005
p_1303856,35.5984470596012,-82.53169909888743,305,9698.701744490005
p_1303856,35.597566008543296,-82.5316836419033,306,9796.465774020005
p_1303856,35.59688243295088,-82.53166170126029,307,9872.335603670006
p_1303856,35.59598741857657,-82.5316351415407,308,9971.667988350006
p_1303856,35.5956925745558,-82.53163283200197,309,10004.382052000006
p_1303856,35.59538734832731,-82.5316674590961,310,10038.392438190007
p_1303856,35.59512255017039,-82.53175984075173,311,10068.941702600006
p_1303856,35.59491784744742,-82.53187531782044,312,10093.948715360006
p_1303856,35.59471690022748,-82.53211551011752,313,10125.107678410006
p_1303856,35.59523111332754,-82.53252709143068,314,10193.270660060007
p_1303856,35.595500645399724,-82.53274195928253,315,10228.956203650007
p_1303856,35.59582160760097,-82.5331979759078,316,10283.508163570006
p_1303856,35.5960899600495,-82.53356160607629,317,10327.919600860007
p_1303856,35.59638705752724,-82.53397741788005,318,10377.984233530007
p_1303856,35.5966487390688,-82.53437109288703,319,10423.980812690008
p_1303856,35.596641941,-82.534345888,320,10426.386208960008
p_1303856,35.597555,-82.53577,321,10590.451676540008
p_1303856,35.597799,-82.536254,322,10641.993747160008
p_1303856,35.59817320544762,-82.53723904747237,323,10740.441085710008
p_1303856,35.599281,-82.540492,324,11059.816457840008
p_1303856,35.599361,-82.540859,325,11094.237240140008
p_1303856,35.59939938115217,-82.5410632028109,326,11113.225270960009
p_1303856,35.599358,-82.541277,327,11133.13564387001
p_1303856,35.599271,-82.541634,328,11166.895524430009
p_1303856,35.599093,-82.541993,329,11204.952767480008
p_1303856,35.598815824980974,-82.54230622052073,330,11246.802086600008
p_1303856,35.598587,-82.542681,331,11289.204727870008
p_1303856,35.598448,-82.543046,332,11325.699264050008
p_1303856,35.598134537,-82.543968691,333,11416.257211260008
p_1303856,35.598073504,-82.54422202,334,11440.191550080008
p_1303856,35.598075,-82.544205,335,11441.742790750008
p_1303856,35.597533068192334,-82.54605501270775,336,11619.846281670008
p_1303856,35.59746440561392,-82.5464631524841,337,11657.608199800008
p_1303856,35.59729,-82.547008,338,11710.638679330008
p_1303856,35.59726223212063,-82.54724659320087,339,11732.478365160008
p_1303856,35.597237,-82.547409,340,11747.459554080007
p_1303856,35.59712109183225,-82.54752337764661,341,11763.976686790007
p_1303856,35.596391,-82.549038,342,11923.353371900008
p_1303856,35.596393,-82.549043,343,11923.857895960007
p_1303856,35.596392,-82.549045,344,11924.070401990008
p_1303856,35.596361,-82.549088,345,11929.267939920008
p_1303856,35.596333,-82.54915,346,11935.688122200008
p_1303856,35.596231,-82.549368,347,11958.45543824001
p_1303856,35.596126,-82.549589,348,11981.62463740001
p_1303856,35.595985,-82.549894,349,12013.38437356001
p_1303856,35.595917,-82.549971,350,12023.661186410009
p_1303856,35.595903,-82.550039,351,12030.016200800008
p_1303856,35.595874,-82.550122,352,12038.197097380007
p_1303856,35.59583,-82.550348,353,12059.251351910007
p_1303856,35.595818,-82.550407,354,12064.761301590006
p_1303856,35.595753,-82.550722,355,12094.204006410006
p_1303856,35.595713,-82.550912,356,12111.984883130006
p_1303856,35.595601,-82.551511,357,12167.671491450006
p_1303856,35.595539,-82.551839,358,12198.181059290006
p_1303856,35.595523,-82.551925,359,12206.174164170006
p_1303856,35.595507,-82.552003,360,12213.462180650007
p_1303856,35.595468,-82.552193,361,12231.215740200007
p_1303856,35.595415,-82.55245,362,12255.236482590006
p_1303856,35.595361,-82.552709,363,12279.460213190006
p_1303856,35.595349,-82.552767,364,12284.882300730007
p_1303856,35.595332,-82.552851,365,12292.724752500008
p_1303856,35.595218,-82.553401,366,12344.146789530008
p_1303856,35.595207,-82.553458,367,12349.454479390008
p_1303856,35.595178,-82.553602,368,12362.894902430007
p_1303856,35.595103,-82.553975,369,12397.706219360007
p_1303856,35.595091,-82.554035,370,12403.304195640007
p_1303856,35.595059,-82.554204,371,12419.025530190007
p_1303856,35.595039,-82.554267,372,12425.150820090006
p_1303856,35.59496,-82.554358,373,12437.185573880006
p_1303856,35.594618,-82.55475,374,12489.164564640007
p_1303856,35.59461901977002,-82.55474611098734,375,12489.534714820007
p_1303856,35.594372,-82.555092,376,12531.172389400008
p_1303856,35.594292,-82.555527,377,12571.580405110008
p_1303856,35.593929,-82.555428,378,12612.842966990007
p_1303856,35.593616,-82.555328,379,12648.733745250007
p_1303856,35.592856396,-82.555082963,380,12735.889369030006
p_1303856,35.592866432,-82.55555934,381,12779.075320860007
p_1303857,35.59286347817283,-82.55555259877326,1,0
p_1303857,35.592875085518614,-82.55507728900126,2,43.09412026
p_1303857,35.593616,-82.555328,3,128.38173059000002
p_1303857,35.593929,-82.555428,4,164.27250885
p_1303857,35.594292,-82.555527,5,205.53507073
p_1303857,35.594128,-82.556305,6,278.35020737
p_1303857,35.594013,-82.556908,7,334.46601692
p_1303857,35.593975,-82.557106,8,352.89816285
p_1303857,35.593973,-82.557111,9,353.40269911
p_1303857,35.593869,-82.557652,10,403.76968436000004
p_1303857,35.593739,-82.558264,11,461.07631158000004
p_1303857,35.593658,-82.558649,12,497.10537992
p_1303857,35.593639,-82.558728,13,504.56858773
p_1303857,35.593626,-82.558801,14,511.33955065
p_1303857,35.593585,-82.559003,15,530.20234407
p_1303857,35.593578,-82.559036,16,533.2921417
p_1303857,35.593536,-82.559244,17,552.70941296
p_1303857,35.593516,-82.559341,18,561.77570476
p_1303857,35.59336,-82.560099,19,632.6158752700001
p_1303857,35.593339,-82.560197,20,641.79760682
p_1303857,35.593311,-82.560323,21,653.6313356
p_1303857,35.593257,-82.560572,22,676.97864859
p_1303857,35.593208,-82.560795,23,697.90639518
p_1303857,35.593166,-82.560986,24,715.83197159
p_1303857,35.592988,-82.561915,25,802.30761644
p_1303857,35.592977,-82.561971,26,807.5272907399999
p_1303857,35.592986,-82.561923,27,811.9904184999999
p_1303857,35.592949,-82.562117,28,830.0445375599999
p_1303857,35.592933,-82.562197,29,837.5086946099999
p_1303857,35.592942,-82.562315,30,848.24893772
p_1303857,35.59294,-82.562345,31,850.9767213099999
p_1303857,35.592936,-82.562424,32,858.14982011
p_1303857,35.592916,-82.562523,33,867.3920188
p_1303857,35.592852,-82.562803,34,893.7417972999999
p_1303857,35.592811,-82.563027,35,914.5452209399999
p_1303857,35.592783,-82.563294,36,938.94069134
p_1303857,35.592764,-82.563556,37,962.77782666
p_1303857,35.592753,-82.563785,38,983.56679992
p_1303857,35.592749,-82.564167,39,1018.18838471
p_1303857,35.592749,-82.564289,40,1029.24463184
p_1303857,35.592766,-82.564412,41,1040.54995747
p_1303857,35.592789,-82.564733,42,1069.75227817
p_1303857,35.592834,-82.565125,43,1105.62638054
p_1303857,35.592866,-82.565343,44,1125.6990959799998
p_1303857,35.592926,-82.565687,45,1157.5768843499998
p_1303857,35.592991,-82.566013,46,1187.9880481199998
p_1303857,35.593057,-82.566308,47,1215.7070832199997
p_1303857,35.59313,-82.566605,48,1243.8148312699998
p_1303857,35.593183,-82.566791,49,1261.6672701299997
p_1303857,35.593207,-82.566873,50,1269.5611619399997
p_1303857,35.593312,-82.567164,51,1298.3914739699997
p_1303857,35.593396,-82.567369,52,1319.1761400799996
p_1303857,35.593527,-82.567623,53,1346.3994585399996
p_1303857,35.593664,-82.56785,54,1371.9776456399995
p_1303857,35.593704,-82.567906,55,1378.7194098299994
p_1303857,35.593832,-82.568083,56,1400.1433648299994
p_1303857,35.594012,-82.568289,57,1427.4813134999995
p_1303857,35.594141,-82.56841,58,1445.5117184499995
p_1303857,35.594223,-82.568487,59,1456.9776019199996
p_1303857,35.594555,-82.568747,60,1500.7046169299997
p_1303857,35.595209,-82.569146,61,1581.7769044299996
p_1303857,35.595323,-82.569216,62,1595.9269746699997
p_1303857,35.596107,-82.569682,63,1692.6219035699996
p_1303857,35.596427498964545,-82.56984751298037,64,1731.2155775599997
p_1303857,35.596557949107364,-82.56991265661974,65,1746.8468315299997
p_1303857,35.59661803516252,-82.56993890853414,66,1753.9252191099997
p_1303857,35.596638,-82.569978,67,1758.1032629099998
p_1303857,35.596681,-82.57015,68,1774.4038162399997
p_1303857,35.596734,-82.570411,69,1798.7758170199997
p_1303857,35.596746,-82.570547,70,1811.1719108199998
p_1303857,35.596751,-82.570609,71,1816.8177013399998
p_1303857,35.596745,-82.570807,72,1834.7728994299998
p_1303857,35.596708,-82.571055,73,1857.6186454899998
p_1303857,35.596654,-82.571419,74,1891.1442303
p_1303857,35.596587,-82.571867,75,1932.41723717
p_1303857,35.596517,-82.572335,76,1975.5330029499999
p_1303857,35.596503,-82.572374,77,1979.3935002399999
p_1303857,35.596455,-82.572505,78,1992.4046903499998
p_1303857,35.596316,-82.572432,79,2009.1858919099998
p_1303857,35.596202,-82.572383,80,2022.5911645899998
p_1303857,35.596155,-82.572362,81,2028.1422815699998
p_1303857,35.595999,-82.572306,82,2046.1793415599998
p_1303857,35.595883,-82.572269,83,2059.47930998
p_1303857,35.595838,-82.572254,84,2064.65386262
p_1303857,35.595857,-82.572127,85,2076.35426569
p_1303857,35.595891,-82.571905,86,2096.8228530399997
p_1303857,35.595977,-82.571335,87,2149.3509591399998
p_1303857,35.59598,-82.571143,88,2166.7534392599996
p_1303857,35.595986,-82.570675,89,2209.1694467499997
p_1303857,35.595916,-82.570321,90,2242.1761775699997
p_1303857,35.595875,-82.570211,91,2253.1334428899995
p_1303857,35.595811,-82.570042,92,2270.0145845299994
p_1303857,35.595672,-82.569731,93,2302.141607679999
p_1303857,35.595594,-82.569637,94,2314.284892259999
p_1303857,35.595453,-82.569511,95,2333.6528726699994
p_1303857,35.595307,-82.569381,96,2353.6826943699994
p_1303857,35.595149,-82.56924,97,2375.3756223499995
p_1303857,35.59476,-82.56905,98,2421.8435294799997
p_1303857,35.594669,-82.569051,99,2431.9405231799997
p_1303857,35.594412,-82.568927,100,2462.58941359
p_1303857,35.594269,-82.568875,101,2479.14050909
p_1303857,35.594205,-82.568856,102,2486.44718161
p_1303857,35.594102,-82.568825,103,2498.21542633
p_1303857,35.593889,-82.56878,104,2522.19736891
p_1303857,35.593681,-82.568739,105,2545.57247143
p_1303857,35.59338,-82.568672,106,2579.51634034
p_1303857,35.593169,-82.568606,107,2603.6790936300004
p_1303857,35.593054,-82.568557,108,2617.18915486
p_1303857,35.592866,-82.568478,109,2639.24247894
p_1303857,35.592586,-82.568344,110,2672.59802694
p_1303857,35.592409,-82.568285,111,2692.9513154700003
p_1303857,35.592372,-82.568282,112,2697.0655125400003
p_1303857,35.592237,-82.568273,113,2712.0661503
p_1303857,35.592097,-82.568301,114,2727.80525539
p_1303857,35.591982,-82.568371,115,2742.05469705
p_1303857,35.591877,-82.568447,116,2755.58831561
p_1303857,35.59179,-82.568511,117,2766.84961394
p_1303857,35.591606,-82.568789,118,2799.2767053
p_1303857,35.591515,-82.569077,119,2827.2618932799996
p_1303857,35.591406,-82.569422,120,2860.7854356099997
p_1303857,35.591359,-82.569635,121,2880.7808447899997
p_1303857,35.591312,-82.569849,122,2900.86376911
p_1303857,35.591273,-82.57003,123,2917.82831938
p_1303857,35.591018,-82.571276,124,3034.23973722
p_1303857,35.590921,-82.571749,125,3078.4366720999997
p_1303857,35.590736,-82.572644,126,3162.10481928
p_1303857,35.590679,-82.572907,127,3186.76454125
p_1303857,35.590394,-82.57421,128,3309.01255678
p_1303857,35.590435,-82.574373,129,3324.46941048
p_1303857,35.590398,-82.57466,130,3350.80150446
p_1303857,35.590339,-82.575012,131,3383.3671550100003
p_1303857,35.59028,-82.575409,132,3419.9370226500005
p_1303857,35.590272,-82.575459,133,3424.5545255300003
p_1303857,35.59027,-82.575473,134,3425.8425728200004
p_1303857,35.590194,-82.575974,135,3472.0234732600006
p_1303857,35.59019,-82.575998,136,3474.2433576900007
p_1303857,35.590154,-82.57623,137,3495.6450579100006
p_1303857,35.590132,-82.576362,138,3507.8544294300004
p_1303857,35.589998,-82.577107,139,3576.9898315500004
p_1303857,35.589974,-82.577241,140,3589.42250653
p_1303857,35.58996,-82.577573,141,3619.55110804
p_1303857,35.589979,-82.577792,142,3639.5103029800002
p_1303857,35.590001,-82.577903,143,3649.8619242100003
p_1303857,35.590022,-82.578006,144,3659.4830078200002
p_1303857,35.59007,-82.578172,145,3675.4420884
p_1303857,35.590125,-82.57834,146,3691.84496011
p_1303857,35.590163,-82.578445,147,3702.2530768300003
p_1303857,35.590177,-82.578483,148,3706.03103546
p_1303857,35.5902,-82.578555,149,3713.03749103
p_1303857,35.59024,-82.578679,150,3725.11994249
p_1303857,35.590248,-82.578709,151,3727.97999708
p_1303857,35.590288,-82.578857,152,3742.10807244
p_1303857,35.590304,-82.578988,153,3754.11229495
p_1303857,35.590307,-82.579095,154,3763.81517301
p_1303857,35.5903,-82.579216,155,3774.80859759
p_1303857,35.590259,-82.579411,156,3793.05709515
p_1303857,35.590186,-82.579606,157,3812.49715126
p_1303857,35.590111,-82.579809,158,3832.68902341
p_1303857,35.589955,-82.580073,159,3862.21910041
p_1303857,35.589738,-82.580288,160,3893.19237715
p_1303857,35.589631,-82.580393,161,3908.4072921
p_1303857,35.589514,-82.580507,162,3924.9981825100003
p_1303857,35.589375,-82.580632,163,3944.1340797000003
p_1303857,35.589274,-82.580723,164,3958.04785716
p_1303857,35.589201,-82.580815,165,3969.6720161800004
p_1303857,35.589138,-82.580896,166,3979.8085236500006
p_1303857,35.588999,-82.581196,167,4011.0666917400004
p_1303857,35.588963,-82.581291,168,4020.5578603800004
p_1303857,35.588889,-82.581488,169,4040.2091946900005
p_1303857,35.588856,-82.581624,170,4053.0671110900003
p_1303857,35.588839,-82.581696,171,4059.85956174
p_1303857,35.588719,-82.582191,172,4106.65516245
p_1303857,35.588694,-82.582295,173,4116.48030331
p_1303857,35.588693,-82.5823,174,4116.94683635
p_1303857,35.588602,-82.582673,175,4152.22725722
p_1303857,35.588599,-82.582686,176,4153.45155821
p_1303857,35.588087,-82.584775,177,4351.11633189
p_1303857,35.588041,-82.584961,178,4368.72923991
p_1303857,35.587964,-82.585267,179,4397.74819656
p_1303857,35.58784,-82.585747,180,4443.37449281
p_1303857,35.58772,-82.586269,181,4492.5214531
p_1303857,35.587637,-82.586635,182,4526.94686776
p_1303857,35.587609,-82.586756,183,4538.3447361
p_1303857,35.587582,-82.586875,184,4549.53811506
p_1303857,35.587569,-82.586932,185,4554.9016518
p_1303857,35.587087,-82.589053,186,4754.43051018
p_1303857,35.587053,-82.589206,187,4768.80107767
p_1303857,35.587014,-82.589439,188,4790.3569723
p_1303857,35.586976,-82.589663,189,4811.09159789
p_1303857,35.58696,-82.589762,190,4820.2380445
p_1303857,35.586953,-82.589804,191,4824.12299223
p_1303857,35.586911,-82.590115,192,4852.69200887
p_1303857,35.586889,-82.590276,193,4867.48644487
p_1303857,35.586857,-82.590687,194,4904.90485455
p_1303857,35.586833,-82.591001,195,4933.48749492
p_1303857,35.586806,-82.591597,196,4987.58696839
p_1303857,35.586827,-82.592011,197,5025.1807494800005
p_1303857,35.586837,-82.59224,198,5045.965031490001
p_1303857,35.586801,-82.592242,199,5049.963391290001
p_1303857,35.586915,-82.595843,200,5376.572846100001
p_1303857,35.586884,-82.597338,201,5512.11068974
p_1303857,35.586831,-82.597858,202,5559.604576240001
p_1303857,35.586828,-82.59788,203,5561.626064330001
p_1303857,35.586706,-82.598641,204,5631.912533160001
p_1303857,35.586473,-82.599617,205,5724.069494980001
p_1303857,35.585987,-82.601039,206,5863.774395560001
p_1303857,35.585497,-82.602043,207,5969.773653330001
p_1303857,35.584114,-82.604349,208,6229.056019110001
p_1303857,35.582934,-82.60621,209,6442.5767386100015
p_1303857,35.582869,-82.606215,210,6449.802796850002
p_1303857,35.582301,-82.607075,211,6550.039257500001
p_1303857,35.581986,-82.607421,212,6596.996167220002
p_1303857,35.58095,-82.60789,213,6719.5502004300015
p_1303857,35.579981,-82.608234,214,6831.491945690002
p_1303857,35.579252,-82.608488,215,6915.588124210001
p_1303857,35.578472,-82.609023,216,7014.790209710001
p_1303857,35.578032,-82.609541,217,7082.523198980001
p_1303857,35.577644,-82.610231,218,7158.449657700001
p_1303857,35.577624,-82.610269,219,7162.546965690001
p_1303857,35.577257,-82.610976,220,7238.473311320001
p_1303857,35.577065,-82.611254,221,7271.469867140001
p_1303857,35.576073,-82.612178,222,7409.776680080001
p_1303857,35.575696,-82.612632,223,7468.455023280001
p_1303857,35.57557,-82.612806,224,7489.530963860001
p_1303857,35.574908,-82.614181,225,7634.199905270001
p_1303857,35.574624,-82.614668,226,7688.436434140001
p_1303857,35.5716682701987,-82.6182390096115,227,8149.227396850001
p_1303857,35.5714700412259,-82.6180852358558,228,8175.2664228600015
p_1303857,35.5716974333594,-82.6172656208758,229,8253.730344430001
p_1303857,35.571970298968,-82.6173922547813,230,8286.10828641
p_1303857,35.5721256414021,-82.6175292081017,231,8307.349316770002
p_1303864,35.579787,-82.463771,1,0
p_1303864,35.583422,-82.463105,2,407.80032072
p_1303864,35.584031,-82.463179,3,475.70172007
p_1303864,35.583821,-82.464381,4,587.1086070800001
p_1303864,35.583832,-82.464383,5,588.3424596100001
p_1303864,35.583819,-82.464491,6,598.23674028
p_1303864,35.583814,-82.46453,7,601.81477469
p_1303864,35.583762,-82.464958,8,641.03328363
p_1303864,35.583751,-82.465044,9,648.92287337
p_1303864,35.583703,-82.4657,10,708.61756675
p_1303864,35.5837,-82.465781,11,715.96655748
p_1303864,35.583697,-82.465887,12,725.57965039
p_1303864,35.583682,-82.466401,13,772.19585393
p_1303864,35.583681,-82.466667,14,796.30507109
p_1303864,35.583678,-82.46699,15,825.58213198
p_1303864,35.583679,-82.467014,16,827.76020451
p_1303864,35.583698,-82.467328,17,856.29762209
p_1303864,35.583706,-82.467471,18,869.2888097
p_1303864,35.583709,-82.467524,19,874.10399167
p_1303864,35.583717,-82.467671,20,887.45689394
p_1303864,35.583718,-82.467689,21,889.09209518
p_1303864,35.583739,-82.467854,22,904.22731208
p_1303864,35.583752,-82.467957,23,913.67349888
p_1303864,35.583776,-82.468153,24,931.63644463
p_1303864,35.583813,-82.468449,25,958.77669453
p_1303864,35.583827,-82.468558,26,968.77728303
p_1303864,35.583829,-82.468574,27,970.24432297
p_1303864,35.583855,-82.468745,28,986.0090907
p_1303864,35.583864,-82.468801,29,991.18194598
p_1303864,35.583883,-82.468928,30,1002.88403405
p_1303864,35.583907,-82.469086,31,1017.44982671
p_1303864,35.583915,-82.469133,32,1021.80116056
p_1303864,35.583944,-82.469284,33,1035.86017798
p_1303864,35.584023,-82.469692,34,1073.8638078699998
p_1303864,35.584039,-82.469758,35,1080.1035594399998
p_1303864,35.584105,-82.470029,36,1105.7339312299998
p_1303864,35.584158,-82.470244,37,1126.0883256999998
p_1303864,35.584247,-82.470615,38,1161.1337138
p_1303864,35.584474,-82.471352,39,1232.52172398
p_1303864,35.584583,-82.471678,40,1264.4477101799998
p_1303864,35.584688,-82.471964,41,1292.8666601999998
p_1303864,35.584729,-82.472075,42,1303.9077039999997
p_1303864,35.584842,-82.472346,43,1331.4843416899998
p_1303864,35.585085,-82.472856,44,1384.9959310499999
p_1303864,35.58516,-82.473016,45,1401.7152202799998
p_1303864,35.58515251218377,-82.47300028867272,46,1403.3638257699997
p_1303864,35.586052,-82.474906,47,1602.8437737999998
p_1303864,35.586271,-82.475618,48,1671.7971290899998
p_1303864,35.58638,-82.476177,49,1723.8839649999998
p_1303864,35.586454,-82.476911,50,1790.9126851699998
p_1303864,35.586425,-82.479037,51,1983.6233654499997
p_1303864,35.586462,-82.480303,52,2098.43699691
p_1303864,35.586703,-82.482693,53,2316.69146379
p_1303864,35.587125,-82.485244,54,2552.58592025
p_1303864,35.587351,-82.486925,55,2706.9866688
p_1303864,35.58742701401073,-82.48790847046334,56,2796.5177187000004
p_1303864,35.587429,-82.487907,57,2796.7752339600006
p_1303864,35.587437,-82.488186,58,2822.0768479300004
p_1303864,35.587436,-82.48845,59,2846.0036795700003
p_1303864,35.587433,-82.488573,60,2857.15625657
p_1303864,35.587426,-82.488913,61,2887.9805729100003
p_1303864,35.587413,-82.48941,62,2933.0472588800003
p_1303864,35.587412,-82.489471,63,2938.57686254
p_1303864,35.587402,-82.489969,64,2983.72473424
p_1303864,35.587395,-82.490448,65,3027.14393311
p_1303864,35.587387,-82.49102,66,3078.99247182
p_1303864,35.587382,-82.491308,67,3105.1001008499998
p_1303864,35.587379,-82.491438,68,3116.8868351099995
p_1303864,35.587377,-82.491653,69,3136.3737699299995
p_1303864,35.587377,-82.491875,70,3156.4938587299994
p_1303864,35.587378,-82.492215,71,3187.3086086999992
p_1303864,35.58739,-82.492426,72,3206.478047269999
p_1303864,35.58741,-82.492635,73,3225.549463059999
p_1303864,35.587438,-82.492815,74,3242.1562075799993
p_1303864,35.587455,-82.492907,75,3250.704931919999
p_1303864,35.587475,-82.493012,76,3260.476475039999
p_1303864,35.587486,-82.49306,77,3264.994716379999
p_1303864,35.587511,-82.493162,78,3274.646239979999
p_1303864,35.587545,-82.493292,79,3287.017432439999
p_1303864,35.587606,-82.493494,80,3306.535834489999
p_1303864,35.587655,-82.493632,81,3320.173390289999
p_1303864,35.587666,-82.493666,82,3323.487727839999
p_1303864,35.58777,-82.493922,83,3349.400162709999
p_1303864,35.587895,-82.49419,84,3377.369815729999
p_1303864,35.588034,-82.494443,85,3405.003251089999
p_1303864,35.58839,-82.494982,86,3467.823884499999
p_1303864,35.588668,-82.495348,87,3513.1191739799992
p_1303864,35.58893,-82.495713,88,3557.1565615199993
p_1303864,35.588934,-82.495719,89,3557.8584556599994
p_1303864,35.589411,-82.496385,90,3638.1337927199993
p_1303864,35.589586,-82.496693,91,3672.1363011999993
p_1303864,35.589715,-82.497001,92,3703.505419739999
p_1303864,35.589766,-82.497154,93,3718.481691489999
p_1303864,35.589808,-82.497306,94,3733.024034069999
p_1303864,35.589838,-82.497456,95,3747.019840099999
p_1303864,35.589863,-82.497594,96,3759.830436069999
p_1303864,35.589877,-82.497688,97,3768.489943149999
p_1303864,35.589897,-82.49793,98,3790.533940119999
p_1303864,35.589884,-82.498172,99,3812.513341849999
p_1303864,35.589844,-82.498388,100,3832.585817259999
p_1303864,35.589808,-82.498565,101,3849.116826419999
p_1303864,35.589728,-82.498865,102,3877.717525049999
p_1303864,35.589691,-82.498945,103,3886.049339519999
p_1303864,35.589614,-82.499113,104,3903.5080229599994
p_1303864,35.589483,-82.499359,105,3930.1220456299993
p_1303864,35.589367,-82.499551,106,3951.7653153999995
p_1303864,35.589299,-82.499649,107,3963.4188854299996
p_1303864,35.589264,-82.4997,108,3969.4557366199997
p_1303864,35.589176,-82.499826,109,3984.4800345
p_1303864,35.589075,-82.499992,110,4003.23933042
p_1303864,35.588963,-82.500167,111,4023.38783644
p_1303864,35.588839,-82.500345,112,4044.58981344
p_1303864,35.58867,-82.500589,113,4073.58296699
p_1303864,35.588474,-82.500885,114,4108.11648829
p_1303864,35.588296,-82.501154,115,4139.49154035
p_1303864,35.587967,-82.501652,116,4197.53921039
p_1303864,35.587954,-82.501672,117,4199.85566698
p_1303864,35.587707,-82.502101,118,4247.42378901
p_1303864,35.587557,-82.502358,119,4276.05072809
p_1303864,35.58742,-82.502652,120,4306.72697628
p_1303864,35.587338,-82.502828,121,4325.09025964
p_1303864,35.587319,-82.502867,122,4329.20577526
p_1303864,35.587259,-82.50302,123,4344.587527690001
p_1303864,35.587187,-82.503205,124,4363.16010901
p_1303864,35.587077,-82.503541,125,4395.9668925000005
p_1303864,35.587076,-82.503544,126,4396.260553210001
p_1303864,35.586856,-82.504212,127,4461.537869700001
p_1303864,35.586825,-82.504314,128,4471.401415370001
p_1303864,35.58675,-82.504712,129,4508.420219360001
p_1303864,35.586678,-82.505097,130,4544.216223430001
p_1303864,35.586673,-82.505122,131,4546.548943830001
p_1303864,35.586654,-82.505308,132,4563.537763870001
p_1303864,35.586606,-82.505796,133,4608.085603150001
p_1303864,35.586587,-82.50598,134,4624.8945892500005
p_1303864,35.586579,-82.506185,135,4643.495324040001
p_1303864,35.586564,-82.50659,136,4680.238969240001
p_1303864,35.586555,-82.506817,137,4700.836641390001
p_1303864,35.586578,-82.507169,138,4732.840985610002
p_1303864,35.586578,-82.507174,139,4733.2941452700015
p_1303864,35.586625,-82.507927,140,4801.738909500002
p_1303864,35.586649,-82.508303,141,4835.920369520001
p_1303864,35.586652,-82.508356,142,4840.735376160002
p_1303864,35.586668,-82.508688,143,4870.877467940001
p_1303864,35.586696,-82.509285,144,4925.073773350001
p_1303864,35.58672,-82.509801,145,4971.915523000001
p_1303864,35.586739,-82.510197,146,5007.867557640001
p_1303864,35.586743,-82.510346,147,5021.378978730001
p_1303864,35.586757,-82.510822,148,5064.547640900001
p_1303864,35.586757,-82.511,149,5080.680088720002
p_1303864,35.586756,-82.511754,150,5149.016503130001
p_1303864,35.586755,-82.512418,151,5209.196074810001
p_1303864,35.586754,-82.513161,152,5276.535543200001
p_1303864,35.586753,-82.513537,153,5310.613255530001
p_1303864,35.58675463755701,-82.51352773027094,154,5311.472808950001
p_1303864,35.58667943,-82.514399234,155,5390.898281690002
p_1303864,35.586454143,-82.516849238,156,5614.349364870001
p_1303864,35.586168717,-82.518384501,157,5757.051947200001
p_1303864,35.58578475,-82.520064162,158,5915.132624320001
p_1303864,35.585460291,-82.521606035,159,6059.439551680001
p_1303864,35.585228595,-82.522782987,160,6169.1645063800015
p_1303864,35.584971045,-82.524015824,161,6284.497045740001
p_1303864,35.584828472,-82.525378731,162,6409.031266020002
p_1303864,35.584736489,-82.526153495,163,6479.988949640002
p_1303864,35.584741089,-82.526724672,164,6531.759523720002
p_1303864,35.584869864,-82.527244952,165,6581.031584030002
p_1303864,35.585118217,-82.52760123,166,6623.481306640002
p_1303864,35.585615891019884,-82.52807951476173,167,6693.681573430002
p_1303864,35.58560557100496,-82.52806809154039,168,6695.225257100002
p_1303864,35.585667172853164,-82.52813024378524,169,6704.082219180002
p_1303864,35.586125416,-82.52851172,170,6765.566818920001
p_1303864,35.586765655,-82.528946404,171,6846.795479720002
p_1303864,35.586994199,-82.529080726,172,6874.923630080002
p_1303864,35.5873069,-82.529205745,173,6911.421557740002
p_1303864,35.587470759,-82.529267462,174,6930.442945600002
p_1303864,35.587641899,-82.529327307,175,6950.190605030001
p_1303864,35.589018066,-82.529784412,176,7108.398521880002
p_1303864,35.589440983,-82.529920729,177,7156.920865920001
p_1303864,35.589590951,-82.529965362,178,7174.044648330001
p_1303864,35.589722889,-82.530005076,179,7189.1193334300015
p_1303864,35.5897249499221,-82.530006039632,180,7189.364105490002
p_1303864,35.58986310596582,-82.53004679840794,181,7205.131512620002
p_1303864,35.58999509499648,-82.5300856406913,182,7220.193033550002
p_1303864,35.59008931470851,-82.53011339693151,183,7230.945236410002
p_1303864,35.590140081238886,-82.5301280775043,184,7236.732856290002
p_1303864,35.590228817648665,-82.53015445597883,185,7246.864371280002
p_1303864,35.59029655334189,-82.53017404421122,186,7254.586565260002
p_1303864,35.59041687414222,-82.53020979564873,187,7268.323896050002
p_1303864,35.59052656943811,-82.53024259207787,188,7280.852419890002
p_1303864,35.59059801990078,-82.53026370532992,189,7289.0076022500025
p_1303864,35.590674496869966,-82.53028533063964,190,7297.716224670003
p_1303864,35.590766346907785,-82.53031213135088,191,7308.192566530002
p_1303864,35.59088831592925,-82.53034768638669,192,7322.103540250002
p_1303864,35.590970399521964,-82.53037182625589,193,7331.469911740002
p_1303864,35.59107957115219,-82.5304042437844,194,7343.933858010002
p_1303864,35.59117390379592,-82.53043329836368,195,7354.726340020002
p_1303864,35.59126428081754,-82.53046013077504,196,7365.044445220002
p_1303864,35.59137902487933,-82.53049463488512,197,7378.153866070002
p_1303864,35.59144863663158,-82.53051731355913,198,7386.146177430001
p_1303864,35.59155175827421,-82.53055102302883,199,7397.988501620001
p_1303864,35.59163754699219,-82.53057898787769,200,7407.838503440002
p_1303864,35.59172481694043,-82.53060761504722,201,7417.8627724100015
p_1303864,35.591802247078974,-82.5306329283842,202,7426.754774650001
p_1303864,35.59188323460246,-82.53066125921112,203,7436.100073500002
p_1303864,35.59225170927232,-82.53079402346825,204,7478.716608990002
p_1303864,35.59241545729118,-82.53085877854548,205,7497.808963490002
p_1303864,35.592531310304665,-82.530914155803,206,7511.607986660001
p_1303864,35.59261441452584,-82.53095369991628,207,7521.500464540001
p_1303864,35.592615,-82.530956,208,7521.718797260001
p_1303864,35.592792,-82.53104,209,7542.781022600001
p_1303864,35.592818,-82.531052,210,7545.863938210001
p_1303864,35.592923,-82.531102,211,7558.364035370001
p_1303864,35.592933,-82.531107,212,7559.562511140001
p_1303864,35.593004,-82.531142,213,7568.054660310001
p_1303864,35.593109,-82.531194,214,7580.621591460001
p_1303864,35.593185,-82.531231,215,7589.6961283400005
p_1303864,35.593369,-82.531325,216,7611.817233230001
p_1303864,35.593438,-82.53136,217,7620.103947470001
p_1303864,35.593642,-82.531475,218,7645.022131420001
p_1303864,35.593726,-82.531523,219,7655.307220130001
p_1303864,35.593888,-82.531615,220,7675.120897030001
p_1303864,35.594063,-82.531715,221,7696.548152130002
p_1303864,35.594204,-82.5318,222,7713.985922260002
p_1303864,35.594552,-82.532011,223,7757.072461040002
p_1303864,35.59455,-82.53201,224,7757.312155560002
p_1303864,35.594716,-82.532111,225,7777.8790366600015
p_1303864,35.59489,-82.532249,226,7800.881274620001
p_1303864,35.594981,-82.532322,227,7812.952114190001
p_1303864,35.595108,-82.532424,228,7829.804230340002
p_1303864,35.595248,-82.532535,229,7848.310054650002
p_1303864,35.595357,-82.53262,230,7862.648544270001
p_1303864,35.595467,-82.53271,231,7877.327572520001
p_1303864,35.595504,-82.532739,232,7882.201922270001
p_1303864,35.595623,-82.532916,233,7902.977119350001
p_1303864,35.595722,-82.533063,234,7920.243040210001
p_1303864,35.595742,-82.533094,235,7923.822997540001
p_1303864,35.595755,-82.533113,236,7926.069118970001
p_1303864,35.595835,-82.533221,237,7939.281741390001
p_1303864,35.595947,-82.533372,238,7957.765979410001
p_1303864,35.596216,-82.533733,239,8002.049207370001
p_1303864,35.596266,-82.533801,240,8010.34069065
p_1303864,35.596291,-82.533838,241,8014.69228303
p_1303864,35.596384,-82.533978,242,8031.04555482
p_1303864,35.596587,-82.534281,243,8066.55949073
p_1303864,35.596646,-82.534368,244,8076.8068961300005
p_1303864,35.596641941,-82.534345888,245,8078.860683190001
p_1303864,35.597555,-82.53577,246,8242.926150770001
p_1303864,35.597799,-82.536254,247,8294.468221390001
p_1303864,35.59817320544762,-82.53723904747237,248,8392.915559940002
p_1303864,35.599281,-82.540492,249,8712.290932070002
p_1303864,35.599361,-82.540859,250,8746.711714370002
p_1303864,35.59939938115217,-82.5410632028109,251,8765.699745190002
p_1303864,35.599358,-82.541277,252,8785.610118100003
p_1303864,35.599271,-82.541634,253,8819.369998660002
p_1303864,35.599093,-82.541993,254,8857.427241710002
p_1303864,35.598815824980974,-82.54230622052073,255,8899.276560830001
p_1303864,35.598587,-82.542681,256,8941.679202100002
p_1303864,35.598448,-82.543046,257,8978.173738280002
p_1303864,35.598134537,-82.543968691,258,9068.731685490002
p_1303864,35.598073504,-82.54422202,259,9092.666024310001
p_1303864,35.598075,-82.544205,260,9094.217264980001
p_1303864,35.597533068192334,-82.54605501270775,261,9272.320755900002
p_1303864,35.59746440561392,-82.5464631524841,262,9310.082674030002
p_1303864,35.59729,-82.547008,263,9363.113153560002
p_1303864,35.59726223212063,-82.54724659320087,264,9384.952839390002
p_1303864,35.597237,-82.547409,265,9399.934028310001
p_1303864,35.59712109183225,-82.54752337764661,266,9416.45116102
p_1303864,35.596391,-82.549038,267,9575.827846130001
p_1303864,35.596393,-82.549043,268,9576.33237019
p_1303864,35.596392,-82.549045,269,9576.544876220001
p_1303864,35.596361,-82.549088,270,9581.742414150001
p_1303864,35.596333,-82.54915,271,9588.162596430002
p_1303864,35.596231,-82.549368,272,9610.929912470003
p_1303864,35.596126,-82.549589,273,9634.099111630003
p_1303864,35.595985,-82.549894,274,9665.858847790003
p_1303864,35.595917,-82.549971,275,9676.135660640002
p_1303864,35.595903,-82.550039,276,9682.490675030002
p_1303864,35.595874,-82.550122,277,9690.67157161
p_1303864,35.59583,-82.550348,278,9711.72582614
p_1303864,35.595818,-82.550407,279,9717.23577582
p_1303864,35.595753,-82.550722,280,9746.67848064
p_1303864,35.595713,-82.550912,281,9764.45935736
p_1303864,35.595601,-82.551511,282,9820.14596568
p_1303864,35.595539,-82.551839,283,9850.65553352
p_1303864,35.595523,-82.551925,284,9858.6486384
p_1303864,35.595507,-82.552003,285,9865.93665488
p_1303864,35.595468,-82.552193,286,9883.69021443
p_1303864,35.595415,-82.55245,287,9907.71095682
p_1303864,35.595361,-82.552709,288,9931.93468742
p_1303864,35.595349,-82.552767,289,9937.35677496
p_1303864,35.595332,-82.552851,290,9945.199226730001
p_1303864,35.595218,-82.553401,291,9996.621263760002
p_1303864,35.595207,-82.553458,292,10001.928953620001
p_1303864,35.595178,-82.553602,293,10015.36937666
p_1303864,35.595103,-82.553975,294,10050.18069359
p_1303864,35.595091,-82.554035,295,10055.77866987
p_1303864,35.595059,-82.554204,296,10071.50000442
p_1303864,35.595039,-82.554267,297,10077.62529432
p_1303864,35.59496,-82.554358,298,10089.66004811
p_1303864,35.594618,-82.55475,299,10141.63903887
p_1303864,35.59461901977002,-82.55474611098734,300,10142.00918905
p_1303864,35.594372,-82.555092,301,10183.646863630001
p_1303864,35.594292,-82.555527,302,10224.054879340001
p_1303864,35.593929,-82.555428,303,10265.31744122
p_1303864,35.593616,-82.555328,304,10301.20821948
p_1303864,35.592856396,-82.555082963,305,10388.36384326
p_1303864,35.592866432,-82.55555934,306,10431.54979509
p_1433309,35.592885917,-82.555906155,1,0
p_1433309,35.59290532,-82.556368071,2,41.91636963
p_1433309,35.593327339,-82.556349829,3,88.76917533
p_1433309,35.593975882,-82.556316659,4,160.78874531
p_1433309,35.594133813,-82.55630597,5,178.33817994
p_1433309,35.594093443,-82.556536561,6,199.70977165
p_1433309,35.594050311,-82.556750186,7,219.65192752
p_1433309,35.594033276,-82.55683681,8,227.72642553999998
p_1433309,35.5940127,-82.556910289,9,234.76582297
p_1433309,35.593988166,-82.557039243,10,246.76493453999998
p_1433309,35.59397775696179,-82.55709322427548,11,251.79138722
p_1433309,35.593973,-82.557111,12,253.48654602
p_1433309,35.593869,-82.557652,13,303.85353126999996
p_1433309,35.593739,-82.558264,14,361.16015848999996
p_1433309,35.593658,-82.558649,15,397.18922682999994
p_1433309,35.593639,-82.558728,16,404.6524346399999
p_1433309,35.593626,-82.558801,17,411.4233975599999
p_1433309,35.593585,-82.559003,18,430.2861909799999
p_1433309,35.593578,-82.559036,19,433.3759886099999
p_1433309,35.593536,-82.559244,20,452.79325986999993
p_1433309,35.593516,-82.559341,21,461.8595516699999
p_1433309,35.59336,-82.560099,22,532.6997221799999
p_1433309,35.593339,-82.560197,23,541.8814537299999
p_1433309,35.593311,-82.560323,24,553.7151825099999
p_1433309,35.593257,-82.560572,25,577.0624954999998
p_1433309,35.593208,-82.560795,26,597.9902420899998
p_1433309,35.593166,-82.560986,27,615.9158184999998
p_1433309,35.592988,-82.561915,28,702.3914633499998
p_1433309,35.592977,-82.561971,29,707.6111376499997
p_1433309,35.592986,-82.561923,30,712.0742654099997
p_1433309,35.592949,-82.562117,31,730.1283844699997
p_1433309,35.592933,-82.562197,32,737.5925415199997
p_1433309,35.592942,-82.562315,33,748.3327846299998
p_1433309,35.59294,-82.562345,34,751.0605682199997
p_1433309,35.592936,-82.562424,35,758.2336670199998
p_1433309,35.592916,-82.562523,36,767.4758657099998
p_1433309,35.592852,-82.562803,37,793.8256442099997
p_1433309,35.592811,-82.563027,38,814.6290678499997
p_1433309,35.592783,-82.563294,39,839.0245382499998
p_1433309,35.592764,-82.563556,40,862.8616735699998
p_1433309,35.592753,-82.563785,41,883.6506468299998
p_1433309,35.592749,-82.564167,42,918.2722316199998
p_1433309,35.592749,-82.564289,43,929.3284787499998
p_1433309,35.592766,-82.564412,44,940.6338043799998
p_1433309,35.592789,-82.564733,45,969.8361250799998
p_1433309,35.592834,-82.565125,46,1005.7102274499998
p_1433309,35.592866,-82.565343,47,1025.7829428899997
p_1433309,35.592926,-82.565687,48,1057.6607312599997
p_1433309,35.592991,-82.566013,49,1088.0718950299997
p_1433309,35.593057,-82.566308,50,1115.7909301299997
p_1433309,35.59313,-82.566605,51,1143.8986781799997
p_1433309,35.593183,-82.566791,52,1161.7511170399996
p_1433309,35.593207,-82.566873,53,1169.6450088499996
p_1433309,35.593312,-82.567164,54,1198.4753208799996
p_1433309,35.593396,-82.567369,55,1219.2599869899996
p_1433309,35.593527,-82.567623,56,1246.4833054499995
p_1433309,35.593664,-82.56785,57,1272.0614925499995
p_1433309,35.593704,-82.567906,58,1278.8032567399994
p_1433309,35.593832,-82.568083,59,1300.2272117399993
p_1433309,35.594012,-82.568289,60,1327.5651604099994
p_1433309,35.594141,-82.56841,61,1345.5955653599995
p_1433309,35.594223,-82.568487,62,1357.0614488299996
p_1433309,35.594555,-82.568747,63,1400.7884638399996
p_1433309,35.595209,-82.569146,64,1481.8607513399995
p_1433309,35.595323,-82.569216,65,1496.0108215799996
p_1433309,35.596107,-82.569682,66,1592.7057504799996
p_1433309,35.596427498964545,-82.56984751298037,67,1631.2994244699996
p_1433309,35.596557949107364,-82.56991265661974,68,1646.9306784399996
p_1433309,35.59661803516252,-82.56993890853414,69,1654.0090660199996
p_1433309,35.596638,-82.569978,70,1658.1871098199997
p_1433309,35.596681,-82.57015,71,1674.4876631499997
p_1433309,35.596734,-82.570411,72,1698.8596639299997
p_1433309,35.596746,-82.570547,73,1711.2557577299997
p_1433309,35.596751,-82.570609,74,1716.9015482499997
p_1433309,35.596745,-82.570807,75,1734.8567463399997
p_1433309,35.596708,-82.571055,76,1757.7024923999998
p_1433309,35.596654,-82.571419,77,1791.2280772099998
p_1433309,35.596587,-82.571867,78,1832.5010840799998
p_1433309,35.596517,-82.572335,79,1875.6168498599998
p_1433309,35.596503,-82.572374,80,1879.4773471499998
p_1433309,35.596455,-82.572505,81,1892.4885372599997
p_1433309,35.596316,-82.572432,82,1909.2697388199997
p_1433309,35.596202,-82.572383,83,1922.6750114999998
p_1433309,35.596155,-82.572362,84,1928.2261284799997
p_1433309,35.595999,-82.572306,85,1946.2631884699997
p_1433309,35.595883,-82.572269,86,1959.5631568899996
p_1433309,35.595838,-82.572254,87,1964.7377095299996
p_1433309,35.595857,-82.572127,88,1976.4381125999996
p_1433309,35.595891,-82.571905,89,1996.9066999499996
p_1433309,35.595977,-82.571335,90,2049.4348060499997
p_1433309,35.59598,-82.571143,91,2066.8372861699995
p_1433309,35.595986,-82.570675,92,2109.2532936599996
p_1433309,35.595916,-82.570321,93,2142.2600244799996
p_1433309,35.595875,-82.570211,94,2153.2172897999994
p_1433309,35.595811,-82.570042,95,2170.0984314399993
p_1433309,35.595672,-82.569731,96,2202.225454589999
p_1433309,35.595594,-82.569637,97,2214.368739169999
p_1433309,35.595453,-82.569511,98,2233.7367195799993
p_1433309,35.595307,-82.569381,99,2253.7665412799993
p_1433309,35.595149,-82.56924,100,2275.4594692599994
p_1433309,35.59476,-82.56905,101,2321.9273763899996
p_1433309,35.594669,-82.569051,102,2332.0243700899996
p_1433309,35.594412,-82.568927,103,2362.6732604999997
p_1433309,35.594269,-82.568875,104,2379.2243559999997
p_1433309,35.594205,-82.568856,105,2386.53102852
p_1433309,35.594102,-82.568825,106,2398.29927324
p_1433309,35.593889,-82.56878,107,2422.28121582
p_1433309,35.593681,-82.568739,108,2445.65631834
p_1433309,35.59338,-82.568672,109,2479.60018725
p_1433309,35.593169,-82.568606,110,2503.7629405400003
p_1433309,35.593054,-82.568557,111,2517.27300177
p_1433309,35.592866,-82.568478,112,2539.32632585
p_1433309,35.592586,-82.568344,113,2572.68187385
p_1433309,35.592409,-82.568285,114,2593.03516238
p_1433309,35.592372,-82.568282,115,2597.1493594500002
p_1433309,35.592237,-82.568273,116,2612.14999721
p_1433309,35.592097,-82.568301,117,2627.8891023
p_1433309,35.591982,-82.568371,118,2642.13854396
p_1433309,35.591877,-82.568447,119,2655.67216252
p_1433309,35.59179,-82.568511,120,2666.93346085
p_1433309,35.591606,-82.568789,121,2699.3605522099997
p_1433309,35.591515,-82.569077,122,2727.3457401899996
p_1433309,35.591406,-82.569422,123,2760.8692825199996
p_1433309,35.591359,-82.569635,124,2780.8646916999996
p_1433309,35.591312,-82.569849,125,2800.9476160199997
p_1433309,35.591273,-82.57003,126,2817.9121662899997
p_1433309,35.591018,-82.571276,127,2934.3235841299997
p_1433309,35.590921,-82.571749,128,2978.5205190099996
p_1433309,35.590736,-82.572644,129,3062.18866619
p_1433309,35.590679,-82.572907,130,3086.84838816
p_1433309,35.590394,-82.57421,131,3209.09640369
p_1433309,35.590435,-82.574373,132,3224.55325739
p_1433309,35.590398,-82.57466,133,3250.88535137
p_1433309,35.590339,-82.575012,134,3283.45100192
p_1433309,35.59028,-82.575409,135,3320.0208695600004
p_1433309,35.590272,-82.575459,136,3324.6383724400002
p_1433309,35.59027,-82.575473,137,3325.9264197300004
p_1433309,35.590194,-82.575974,138,3372.1073201700005
p_1433309,35.59019,-82.575998,139,3374.3272046000006
p_1433309,35.590154,-82.57623,140,3395.7289048200005
p_1433309,35.590132,-82.576362,141,3407.9382763400004
p_1433309,35.589998,-82.577107,142,3477.0736784600003
p_1433309,35.589974,-82.577241,143,3489.50635344
p_1433309,35.58996,-82.577573,144,3519.63495495
p_1433309,35.589979,-82.577792,145,3539.59414989
p_1433309,35.590001,-82.577903,146,3549.9457711200002
p_1433309,35.590022,-82.578006,147,3559.56685473
p_1433309,35.59007,-82.578172,148,3575.52593531
p_1433309,35.590125,-82.57834,149,3591.92880702
p_1433309,35.590163,-82.578445,150,3602.33692374
p_1433309,35.590177,-82.578483,151,3606.11488237
p_1433309,35.5902,-82.578555,152,3613.12133794
p_1433309,35.59024,-82.578679,153,3625.2037894
p_1433309,35.590248,-82.578709,154,3628.06384399
p_1433309,35.590288,-82.578857,155,3642.19191935
p_1433309,35.590304,-82.578988,156,3654.19614186
p_1433309,35.590307,-82.579095,157,3663.89901992
p_1433309,35.5903,-82.579216,158,3674.8924445
p_1433309,35.590259,-82.579411,159,3693.14094206
p_1433309,35.590186,-82.579606,160,3712.58099817
p_1433309,35.590111,-82.579809,161,3732.77287032
p_1433309,35.589955,-82.580073,162,3762.30294732
p_1433309,35.589738,-82.580288,163,3793.27622406
p_1433309,35.589631,-82.580393,164,3808.49113901
p_1433309,35.589514,-82.580507,165,3825.0820294200003
p_1433309,35.589375,-82.580632,166,3844.21792661
p_1433309,35.589274,-82.580723,167,3858.13170407
p_1433309,35.589201,-82.580815,168,3869.7558630900003
p_1433309,35.589138,-82.580896,169,3879.8923705600005
p_1433309,35.588999,-82.581196,170,3911.1505386500003
p_1433309,35.588963,-82.581291,171,3920.6417072900003
p_1433309,35.588889,-82.581488,172,3940.2930416000004
p_1433309,35.588856,-82.581624,173,3953.150958
p_1433309,35.588839,-82.581696,174,3959.94340865
p_1433309,35.588719,-82.582191,175,4006.73900936
p_1433309,35.588694,-82.582295,176,4016.56415022
p_1433309,35.588693,-82.5823,177,4017.03068326
p_1433309,35.588602,-82.582673,178,4052.31110413
p_1433309,35.588599,-82.582686,179,4053.5354051199997
p_1433309,35.588087,-82.584775,180,4251.2001788
p_1433309,35.588041,-82.584961,181,4268.81308682
p_1433309,35.587964,-82.585267,182,4297.83204347
p_1433309,35.58784,-82.585747,183,4343.45833972
p_1433309,35.58772,-82.586269,184,4392.60530001
p_1433309,35.587637,-82.586635,185,4427.03071467
p_1433309,35.587609,-82.586756,186,4438.42858301
p_1433309,35.587582,-82.586875,187,4449.62196197
p_1433309,35.587569,-82.586932,188,4454.98549871
p_1433309,35.587087,-82.589053,189,4654.51435709
p_1433309,35.587053,-82.589206,190,4668.88492458
p_1433309,35.587014,-82.589439,191,4690.44081921
p_1433309,35.586976,-82.589663,192,4711.1754448
p_1433309,35.58696,-82.589762,193,4720.32189141
p_1433309,35.586953,-82.589804,194,4724.20683914
p_1433309,35.586911,-82.590115,195,4752.77585578
p_1433309,35.586889,-82.590276,196,4767.57029178
p_1433309,35.586857,-82.590687,197,4804.98870146
p_1433309,35.586833,-82.591001,198,4833.57134183
p_1433309,35.586806,-82.591597,199,4887.6708153
p_1433309,35.586827,-82.592011,200,4925.26459639
p_1433309,35.586837,-82.59224,201,4946.048878400001
p_1433309,35.586875,-82.593099,202,5024.01551858
p_1433309,35.58689,-82.593884,203,5095.18077806
p_1433309,35.586891,-82.593923,204,5098.717150580001
p_1433309,35.5869,-82.594189,205,5122.84582061
p_1433309,35.586903,-82.59433,206,5135.629205650001
p_1433309,35.586917,-82.594726,207,5171.55290019
p_1433309,35.586928,-82.595047,208,5200.67121397
p_1433309,35.586942,-82.595462,209,5238.31535953
p_1433309,35.586954,-82.595845,210,5273.0527541
p_1433309,35.586948,-82.596347,211,5318.55464251
p_1433309,35.586946,-82.596542,212,5336.22918102
p_1433309,35.586945,-82.596637,213,5344.83988998
p_1433309,35.586904,-82.597312,214,5406.18507641
p_1433309,35.587294,-82.597505,215,5452.8578419
p_1433309,35.587494,-82.59758,216,5476.06585569
p_1433309,35.587632,-82.597632,217,5492.08603351
p_1433309,35.587963,-82.597757,218,5530.51858329
p_1433309,35.587997,-82.59777,219,5534.4706389699995
p_1433309,35.588173,-82.597836,220,5554.893678189999
p_1433309,35.588195,-82.597852,221,5557.732846939999
p_1433309,35.588491,-82.598063,222,5595.736233479999
p_1433309,35.588615,-82.598151,223,5611.638718809999
p_1433309,35.588744,-82.598243,224,5628.202991879999
p_1433309,35.588834,-82.598334,225,5641.154066379999
p_1433309,35.588959,-82.598468,226,5659.588593579999
p_1433309,35.589133,-82.598655,227,5685.277635899999
p_1433309,35.589168,-82.598692,228,5690.408372659999
p_1433309,35.589189,-82.598726,229,5694.271498869999
p_1433309,35.589336,-82.59896,230,5721.025100929999
p_1433309,35.589496,-82.599215,231,5750.166629879999
p_1433309,35.589622,-82.599509,232,5780.256202019999
p_1433309,35.589711,-82.599725,233,5802.181507599999
p_1433309,35.589768,-82.599931,234,5821.8930277399995
p_1433309,35.58985,-82.600231,235,5850.563355949999
p_1433309,35.590236,-82.602077,236,6023.2574239099995
p_1433309,35.590277,-82.60227,237,6041.3304493
p_1433309,35.590352,-82.6025,238,6063.77444573
p_1433309,35.590484,-82.602912,239,6103.88257789
p_1433309,35.590555,-82.603132,240,6125.3204313
p_1433309,35.59081,-82.603616,241,6177.51706775
p_1433309,35.590836,-82.603653,242,6181.94037977
p_1433309,35.59102,-82.603915,243,6213.25436628
p_1433309,35.591155,-82.604105,244,6236.07653186
p_1433309,35.591348,-82.604338,245,6266.15026574
p_1433309,35.591559,-82.604592,246,6298.98230952
p_1433309,35.591624,-82.60467,247,6309.08079133
p_1433309,35.591658,-82.604712,248,6314.439760429999
p_1433309,35.591795642068774,-82.60488384170793,249,6336.251467489999
p_1433309,35.591955317266454,-82.60514237998716,250,6365.62563291
p_1433309,35.59195495110676,-82.60514185859539,251,6365.68794808
p_1433309,35.59204906866918,-82.60530389062247,252,6383.70665024
p_1433309,35.592091,-82.605407,253,6394.1451091
p_1433309,35.592136,-82.60552,254,6405.53809866
p_1433309,35.592248,-82.6058,255,6433.79263262
p_1433309,35.592279,-82.605879,256,6441.7353884700005
p_1433309,35.592379,-82.606387,257,6489.09121931
p_1433309,35.592431,-82.606648,258,6513.43791668
p_1433309,35.592707,-82.608637,259,6696.27407715
p_1433309,35.592822,-82.609465,260,6772.38862296
p_1433309,35.592887,-82.61005,261,6825.89243942
p_1433309,35.592918,-82.610335,262,6851.948518900001
p_1433309,35.592911,-82.610687,263,6883.8578981400005
p_1433309,35.592865,-82.611068,264,6918.761123200001
p_1433309,35.592795,-82.611344,265,6944.951649970001
p_1433309,35.592744,-82.611514,266,6961.364181750001
p_1433309,35.592688,-82.611703,267,6979.584435060001
p_1433309,35.592458,-82.612324,268,7041.378048200001
p_1433309,35.592432,-82.612451,269,7053.243475260001
p_1433309,35.592367,-82.61277,270,7083.038936380001
p_1433309,35.592335,-82.612936,271,7098.496045080002
p_1433309,35.592317,-82.613227,272,7124.943564070002
p_1433309,35.592304,-82.613436,273,7143.9391275000025
p_1433309,35.592307,-82.613462,274,7146.318783870002
p_1433309,35.592316,-82.613557,275,7154.9859191700025
p_1433309,35.592335,-82.613747,276,7172.3333199100025
p_1433309,35.59235,-82.613898,277,7186.118591630003
p_1433309,35.592426,-82.614326,278,7225.8122530300025
p_1433309,35.592435,-82.614355,279,7228.623697600003
p_1433309,35.592573,-82.614775,280,7269.650493180003
p_1433309,35.592625,-82.614874,281,7280.317341630002
p_1433309,35.592819,-82.615239,282,7319.782139580002
p_1433309,35.592863,-82.61531,283,7327.858875840002
p_1433309,35.593467,-82.616295,284,7439.479815520002
p_1433309,35.593634,-82.616565,285,7470.172282590002
p_1433309,35.594399,-82.617804,286,7610.926086710002
p_1433309,35.594545,-82.618036,287,7637.467308090002
p_1433309,35.594649,-82.618177,288,7654.684171980002
p_1433309,35.595362,-82.619125,289,7771.4689433500025
p_1433309,35.595396,-82.61916,290,7776.397509500002
p_1433309,35.595629,-82.619395,291,7809.8913310900025
p_1433309,35.596278,-82.62005,292,7903.209811670003
p_1433309,35.596576,-82.620302,293,7943.393170090003
p_1433309,35.59711,-82.620749,294,8015.164904170003
p_1433309,35.59749,-82.620995,295,8062.857193500003
p_1433309,35.597567,-82.621045,296,8072.527624510003
p_1433309,35.597819,-82.621209,297,8104.191747200003
p_1433309,35.597845,-82.621225,298,8107.420363260003
p_1433309,35.598121,-82.621392,299,8141.578304790003
p_1433309,35.59863,-82.62167,300,8203.416708450002
p_1433309,35.599119,-82.621957,301,8263.583346380003
p_1433309,35.599403,-82.622123,302,8298.500012630002
p_1433309,35.599512,-82.622187,303,8311.912414380002
p_1433309,35.599648,-82.622267,304,8328.652905590001
p_1433309,35.60064,-82.622805,305,8449.03071063
p_1433309,35.600811,-82.622898,306,8469.79085293
p_1433309,35.601085,-82.623047,307,8503.054982900001
p_1433309,35.601131,-82.623079,308,8508.92497123
p_1433309,35.601482,-82.623325,309,8553.797479730001
p_1433309,35.601491777,-82.623308919,310,8555.61410127
p_1433309,35.601707,-82.623489,311,8584.536436220002
p_1433309,35.601985,-82.6237,312,8620.82623858
p_1433309,35.602304,-82.623948,313,8662.751319280002
p_1433309,35.602347,-82.62398,314,8668.334300330001
p_1433309,35.602656,-82.624218,315,8708.837320260001
p_1433309,35.602779,-82.624309,316,8724.782103510002
p_1433309,35.603008,-82.624477,317,8754.401436470001
p_1433309,35.603299,-82.624687,318,8791.878637830001
p_1433309,35.603558,-82.624859,319,8824.56947537
p_1433309,35.603628,-82.624901,320,8833.218403690002
p_1433309,35.603654,-82.624918,321,8836.488667550002
p_1433309,35.603954,-82.625097,322,8873.515703220002
p_1433309,35.604396,-82.625331,323,8926.943800870002
p_1433309,35.604931,-82.625586,324,8990.641475770002
p_1433309,35.605206,-82.625681,325,9022.344211190002
p_1433309,35.605292,-82.625712,326,9032.290917100003
p_1433309,35.605793,-82.62593,327,9091.283101510004
p_1433309,35.606829,-82.626331,328,9211.835054890003
p_1433309,35.60698,-82.626393,329,9229.505540480004
p_1433309,35.607171,-82.626471,330,9251.844765640004
p_1433309,35.607453,-82.626587,331,9284.851369840004
p_1433309,35.607702,-82.626684,332,9313.842692470003
p_1433309,35.608009,-82.626803,333,9349.570714230003
p_1433309,35.608354,-82.626938,334,9389.755971060004
p_1433309,35.608639,-82.627101,335,9424.656203870003
p_1433309,35.608877,-82.627238,336,9453.834801780004
p_1433309,35.609263,-82.62746,337,9501.150595420004
p_1433309,35.609876,-82.627853,338,9577.921484940003
p_1433309,35.609997,-82.627931,339,9593.093199530003
p_1433309,35.610091,-82.628012,340,9605.846056850003
p_1433309,35.610179,-82.628088,341,9617.793779490003
p_1433309,35.610573,-82.628427,342,9671.220562080003
p_1433309,35.610653,-82.628499,343,9682.236124430003
p_1433309,35.610825,-82.628653,344,9705.876717220002
p_1433309,35.611125,-82.628921,345,9747.077957360003
p_1433309,35.611185,-82.628974,346,9755.286278070003
p_1433309,35.61141,-82.629176,347,9786.240650170002
p_1433309,35.61144,-82.629212,348,9790.900932380002
p_1433309,35.611592,-82.629396,349,9814.614704050002
p_1433309,35.611829,-82.629711,350,9853.421879270001
p_1433309,35.612084,-82.630049,351,9895.114833130001
p_1433309,35.612134,-82.630115,352,9903.27166297
p_1433309,35.612336,-82.630382,353,9936.24914725
p_1433309,35.612387,-82.630475,354,9946.39891136
p_1433309,35.612589,-82.630838,355,9986.19818638
p_1433309,35.612798,-82.631214,356,10027.40808336
p_1433309,35.612834,-82.631286,357,10035.05716907
p_1433309,35.612972,-82.631554,358,10063.76299032
p_1433309,35.613041,-82.63171,359,10079.83711473
p_1433309,35.613143,-82.631941,360,10103.630024080001
p_1433309,35.613262,-82.632238,361,10133.60348268
p_1433309,35.61339,-82.632632,362,10172.02190508
p_1433309,35.613027,-82.63285,363,10216.87977066
p_1433309,35.612799,-82.63299,364,10245.17872896
p_1433309,35.612695,-82.632715,365,10272.63667623
p_1433309,35.61265436268022,-82.63260858727185,366,10283.280127330001
p_1433309,35.61255973720819,-82.6323748819625,367,10306.91437183
p_1433309,35.61243512267693,-82.63206912230375,368,10337.87565704
p_1433309,35.61217796658083,-82.63145180691293,369,10400.66340747
p_1439454,35.61517119477051,-82.31895466034536,1,0
p_1439454,35.614866712,-82.318950046,2,33.7855225
p_1439454,35.614720008,-82.319379492,3,75.96093135
p_1439454,35.614597445,-82.319685586,4,106.84776901
p_1439454,35.614442935,-82.32006056,5,144.90088957999998
p_1439454,35.614295118,-82.320426428,6,181.88412207
p_1439454,35.614902728,-82.320618401,7,251.50707375999997
p_1439454,35.615199184,-82.320697676,8,285.17444965
p_1439454,35.61546678,-82.320780732,9,315.80345382999997
p_1439454,35.615511397,-82.320800246,10,321.06002467999997
p_1439454,35.61539518,-82.321039474,11,346.27958707
p_1439454,35.615358649,-82.321143727,12,356.55778478999997
p_1439454,35.615389335,-82.321249776,13,366.75117064999995
p_1439454,35.615478997,-82.321385999,14,382.6031156199999
p_1439454,35.615599865,-82.321525387,15,401.0237621199999
p_1439454,35.615698071,-82.321664775,16,417.7031891499999
p_1439454,35.615795546,-82.321814375,17,435.0428994799999
p_1439454,35.615842038,-82.321892361,18,443.7910099799999
p_1439454,35.615665,-82.322039,19,467.5046414599999
p_1439454,35.615527,-82.322153,20,485.9738531899999
p_1439454,35.615501,-82.322175,21,489.4802136099999
p_1439454,35.615495,-82.322182,22,490.3996565199999
p_1439454,35.615359,-82.32234,23,511.1987558699999
p_1439454,35.615231,-82.322519,24,532.7555134499999
p_1439454,35.615127,-82.322706,25,553.2539182299998
p_1439454,35.615055,-82.322881,26,571.0076939299998
p_1439454,35.614888,-82.323305,27,613.6572676099998
p_1439454,35.614737,-82.323729,28,655.5661814099999
p_1439454,35.614545,-82.324454,29,724.6194579499999
p_1439454,35.614257,-82.325551,30,829.0187148599998
p_1439454,35.614184,-82.325828,31,855.3897527799999
p_1439454,35.614161,-82.325911,32,863.3308218799999
p_1439454,35.614109,-82.326106,33,881.9161912799999
p_1439454,35.614056,-82.326289,34,899.5080946499999
p_1439454,35.614013,-82.326445,35,914.4253579599998
p_1439454,35.61397,-82.326559,36,925.8025299299998
p_1439454,35.61379,-82.327035,37,973.3285120299997
p_1439454,35.613681,-82.327304,38,1000.5358870499997
p_1439454,35.613602,-82.3275,39,1020.3391932199997
p_1439454,35.613573,-82.327552,40,1026.0443756499997
p_1439454,35.613397,-82.327874,41,1061.1503569399997
p_1439454,35.613319,-82.328015,42,1076.5806073499998
p_1439454,35.613252,-82.328136,43,1089.8261512399997
p_1439454,35.613238,-82.328161,44,1092.5726504799998
p_1439454,35.613162,-82.328291,45,1107.0582133199998
p_1439454,35.613024,-82.328525,46,1133.2099780199999
p_1439454,35.613008,-82.328552,47,1136.2324960699998
p_1439454,35.612655,-82.32918,48,1205.3077329399998
p_1439454,35.612363,-82.329706,49,1262.93427035
p_1439454,35.612109,-82.330229,50,1318.0667059
p_1439454,35.611942,-82.330627,51,1358.60868882
p_1439454,35.611792,-82.331032,52,1398.90087077
p_1439454,35.611561,-82.331755,53,1469.24276969
p_1439454,35.61148,-82.332104,54,1502.1158372099999
p_1439454,35.611262,-82.333036,55,1589.9545554099998
p_1439454,35.611209,-82.333292,56,1613.8830289399998
p_1439454,35.611129,-82.333676,57,1649.7894406399998
p_1439454,35.61101,-82.334246,58,1703.0949460599998
p_1439454,35.610911,-82.334725,59,1747.8629309199998
p_1439454,35.610824,-82.335147,60,1787.2977014899998
p_1439454,35.610534,-82.336456,61,1910.1864495599998
p_1439454,35.610279,-82.337691,62,2025.6051426499998
p_1439454,35.610106,-82.338531,63,2104.09675372
p_1439454,35.609717,-82.340418,64,2280.43311601
p_1439454,35.609631213,-82.340910266,65,2326.03961753
p_1439454,35.609604254,-82.341054967,66,2339.48726949
p_1439454,35.60958301453476,-82.34116862695578,67,2350.05172763
p_1439454,35.60956876088132,-82.34122600471856,68,2355.4857180000004
p_1439454,35.609560986160304,-82.34123716150553,69,2356.8146175800002
p_1439454,35.609520048,-82.341405501,70,2372.72914913
p_1439454,35.609473,-82.341595,71,2390.6748963
p_1439454,35.609216,-82.342819,72,2505.18407707
p_1439454,35.609174,-82.343027,73,2524.59779164
p_1439454,35.609117,-82.343301,74,2550.21683371
p_1439454,35.609053,-82.343607,75,2578.83732098
p_1439454,35.608526,-82.346117,76,2813.65700744
p_1439454,35.608477,-82.346351,77,2835.5450316
p_1439454,35.608368,-82.346871,78,2884.1881936500004
p_1439454,35.608244,-82.347461,79,2939.3885780100004
p_1439454,35.608142,-82.347912,80,2981.7907454500005
p_1439454,35.608009,-82.348586,81,3044.6179010500005
p_1439454,35.607825,-82.349517,82,3131.4090346300004
p_1439454,35.607776,-82.349746,83,3152.8586902
p_1439454,35.607669,-82.350254,84,3200.39395478
p_1439454,35.607629,-82.350442,85,3217.99694117
p_1439454,35.607471,-82.351183,86,3287.38853713
p_1439454,35.607387,-82.351581,87,3324.63555551
p_1439454,35.607181,-82.35254,88,3414.48489582
p_1439454,35.607042,-82.353191,89,3475.45401082
p_1439454,35.606991,-82.35343,90,3497.83661211
p_1439454,35.606971,-82.35352,91,3506.28793999
p_1439454,35.606799,-82.354323,92,3581.5080727699997
p_1439454,35.606745,-82.354578,93,3605.3775813899997
p_1439454,35.606341,-82.356461,94,3781.7850196599998
p_1439454,35.606223,-82.357102,95,3841.3231702
p_1439454,35.605974,-82.358145,96,3939.78465117
p_1439454,35.605872,-82.358531,97,3976.54553237
p_1439454,35.605863,-82.358567,98,3979.9569192199997
p_1439454,35.605564,-82.359438,99,4065.5675171199996
p_1439454,35.605448,-82.359778,100,4098.9554719
p_1439454,35.605416,-82.359873,101,4108.26695095
p_1439454,35.605208,-82.360394,102,4160.8141618
p_1439454,35.604436,-82.36215,103,4341.51793612
p_1439454,35.60436,-82.362322,104,4359.23808795
p_1439454,35.604163,-82.362795,105,4407.3492523899995
p_1439454,35.60399,-82.363211,106,4449.6496425
p_1439454,35.60383,-82.363576,107,4487.1863050599995
p_1439454,35.603233,-82.364942,108,4627.57243771
p_1439454,35.603074,-82.365306,109,4664.977102209999
p_1439454,35.602229,-82.367215,110,4861.732110259999
p_1439454,35.602114,-82.367475,111,4888.525099539999
p_1439454,35.602069,-82.367576,112,4898.950476009999
p_1439454,35.601788,-82.368211,113,4964.394466259999
p_1439454,35.601669,-82.368508,114,4994.371363139999
p_1439454,35.601511,-82.368895,115,5033.576958689999
p_1439454,35.601212,-82.369642,116,5108.958870359998
p_1439454,35.601125,-82.369862,117,5131.108290919999
p_1439454,35.60099,-82.370273,118,5171.250498059999
p_1439454,35.600909,-82.370522,119,5195.537756609999
p_1439454,35.600699,-82.371201,120,5261.329862549998
p_1439454,35.60044,-82.372242,121,5359.941231819998
p_1439454,35.600324,-82.372791,122,5411.327504599998
p_1439454,35.600237,-82.373339,123,5461.9148244399985
p_1439454,35.600147,-82.373896,124,5513.366560429999
p_1439454,35.600133,-82.374037,125,5526.2375815999985
p_1439454,35.600061,-82.374696,126,5586.485942359998
p_1439454,35.600031,-82.375125,127,5625.502768229998
p_1439454,35.600001,-82.375649,128,5673.102485559998
p_1439454,35.599992,-82.376158,129,5719.237248479998
p_1439454,35.6,-82.376903,130,5786.752605269998
p_1439454,35.600047,-82.377762,131,5864.766896229998
p_1439454,35.600107,-82.378439,132,5926.474552079998
p_1439454,35.600167,-82.379059,133,5983.049902519998
p_1439454,35.600221,-82.379354,134,6010.444989509998
p_1439454,35.600377,-82.380227,135,6091.424529179998
p_1439454,35.600537,-82.380973,136,6161.316367019998
p_1439454,35.600588,-82.38132,137,6193.265267189999
p_1439454,35.600872,-82.382587,138,6312.321284399999
p_1439454,35.601111,-82.383777,139,6423.366583019999
p_1439454,35.601127,-82.383858,140,6430.918070019999
p_1439454,35.601167,-82.384059,141,6449.6646944899985
p_1439454,35.601179,-82.384117,142,6455.086413619999
p_1439454,35.601255,-82.384494,143,6490.273734229999
p_1439454,35.601516,-82.385793,144,6611.492721859999
p_1439454,35.601688,-82.386662,145,6692.5166230999985
p_1439454,35.601735,-82.386902,146,6714.880660459999
p_1439454,35.601899,-82.38773,147,6792.084613289999
p_1439454,35.602049,-82.388467,148,6860.910063609998
p_1439454,35.602194,-82.389179,149,6927.4031171299985
p_1439454,35.60222,-82.389309,150,6939.531054549999
p_1439454,35.602369,-82.389964,151,7001.142718979999
p_1439454,35.602403,-82.390142,152,7017.707301159999
p_1439454,35.602469,-82.390133,153,7025.075381769999
p_1439454,35.602403,-82.390142,154,7032.443462379999
p_1439454,35.60248,-82.390541,155,7069.594129499999
p_1439454,35.602682,-82.391547,156,7163.466447509999
p_1439454,35.60274,-82.391837,157,7190.520917229999
p_1439454,35.602789,-82.392085,158,7213.6413946699995
p_1439454,35.602793,-82.392103,159,7215.33174221
p_1439454,35.602918,-82.392787,160,7278.84418314
p_1439454,35.602988,-82.393214,161,7318.3079335699995
p_1439454,35.603023,-82.393651,162,7358.095954799999
p_1439454,35.603025,-82.393989,163,7388.7240859799995
p_1439454,35.603017,-82.394197,164,7407.592561889999
p_1439454,35.602997,-82.394385,165,7424.771802139999
p_1439454,35.602967,-82.394659,166,7449.822010749998
p_1439454,35.6029,-82.394995,167,7481.162526499998
p_1439454,35.602782,-82.395454,168,7524.766115149999
p_1439454,35.602541,-82.396203,169,7597.713316239999
p_1439454,35.602356,-82.396666,170,7644.419658289999
p_1439454,35.602211,-82.397027,171,7680.873479719999
p_1439454,35.602084,-82.39735,172,7713.357232619998
p_1439454,35.602079,-82.397364,173,7714.741829569998
p_1439454,35.601994,-82.397605,174,7738.529307959998
p_1439454,35.60193,-82.397787,175,7756.484924189997
p_1439454,35.601587,-82.398675,176,7845.496503849998
p_1439454,35.601283,-82.399427,177,7921.529930609998
p_1439454,35.600735,-82.400908,178,8068.862698529998
p_1439454,35.600511,-82.401541,179,8131.375483839998
p_1439454,35.600426,-82.401848,180,8160.7497808399985
p_1439454,35.600307,-82.402292,181,8203.094489779998
p_1439454,35.600152,-82.402879,182,8258.997382819998
p_1439454,35.600046,-82.403278,183,8297.018150079999
p_1439454,35.600031,-82.403328,184,8301.844981449998
p_1439454,35.600115,-82.403621,185,8329.983936949999
p_1439454,35.60010847976214,-82.40363226250248,186,8331.234903159999
p_1439454,35.59995878204077,-82.40372843577167,187,8349.991642379999
p_1439454,35.599925,-82.403819,188,8359.013717619999
p_1439454,35.599898,-82.403944,189,8370.730272769999
p_1439454,35.599859,-82.404123,190,8387.517956549998
p_1439454,35.599843,-82.404221,191,8396.574117569999
p_1439454,35.599805,-82.404443,192,8417.12816026
p_1439454,35.599793,-82.404515,193,8423.787050089999
p_1439454,35.599727,-82.4049,194,8459.43485876
p_1439454,35.599681,-82.405172,195,8484.605587189999
p_1439454,35.599611,-82.405687,196,8531.915304439999
p_1439454,35.599571,-82.405987,197,8559.460365449999
p_1439454,35.599542,-82.406205,198,8579.47526104
p_1439454,35.599451,-82.406896,199,8642.900652209999
p_1439454,35.599376,-82.407397,200,8689.05632516
p_1439454,35.599317,-82.407787,201,8724.99832031
p_1439454,35.599199,-82.408538,202,8794.30008186
p_1439454,35.599026,-82.409372,203,8872.274768649999
p_1439454,35.598938,-82.409721,204,8905.373307689999
p_1439454,35.59892,-82.409792,205,8912.110021879998
p_1439454,35.598885,-82.409917,206,8924.084443289998
p_1439454,35.598843,-82.410068,207,8938.539505579998
p_1439454,35.598824,-82.410136,208,8945.052157919998
p_1439454,35.598581,-82.411004,209,9028.201285889998
p_1439454,35.598572,-82.411037,210,9031.354009669998
p_1439454,35.59852,-82.411212,211,9048.229148159999
p_1439454,35.598431,-82.411514,212,9077.322977369999
p_1439454,35.598394,-82.41164,213,9089.45649089
p_1439454,35.598239,-82.412066,214,9131.71745572
p_1439454,35.598064,-82.41251,215,9176.39227436
p_1439454,35.597987,-82.412707,216,9196.18316992
p_1439454,35.597683,-82.413603,217,9284.105103779999
p_1439454,35.597624,-82.413806,218,9303.63086935
p_1439454,35.597395,-82.414595,219,9379.5100532
p_1439454,35.597203,-82.415427,220,9457.85747547
p_1439454,35.597101,-82.415887,221,9501.05159811
p_1439454,35.597085,-82.415981,222,9509.75289949
p_1439454,35.597051,-82.41618,223,9528.17664007
p_1439454,35.597039,-82.416254,224,9535.01342552
p_1439454,35.596999,-82.416489,225,9556.766698149999
p_1439454,35.596949,-82.41696,226,9599.8078304
p_1439454,35.596935,-82.417092,227,9611.87013595
p_1439454,35.596922,-82.417217,228,9623.28913066
p_1439454,35.596905,-82.417379,229,9638.0902902
p_1439454,35.596882,-82.417609,230,9659.08860013
p_1439454,35.596853,-82.41789,231,9684.75539195
p_1439454,35.596798,-82.418519,232,9742.081333600001
p_1439454,35.596738,-82.41924,233,9807.75693895
p_1439454,35.596659,-82.419703,234,9850.62001764
p_1439454,35.59663,-82.419964,235,9874.48984665
p_1439454,35.596494,-82.420576,236,9931.96580543
p_1439454,35.596443,-82.420785,237,9951.73276884
p_1439454,35.596385,-82.421028,238,9974.67465577
p_1439454,35.596378,-82.421059,239,9977.58928655
p_1439454,35.596274,-82.421513,240,10020.318717400001
p_1439454,35.596253,-82.421608,241,10029.237441350002
p_1439454,35.596203,-82.421766,242,10044.592712760003
p_1439454,35.59615,-82.421936,243,10061.082456600003
p_1439454,35.596093,-82.422116,244,10078.577346530003
p_1439454,35.596087,-82.422136,245,10080.508162490003
p_1439454,35.595918,-82.422615,246,10127.792548730004
p_1439454,35.595833,-82.422839,247,10150.175560870004
p_1439454,35.595823,-82.422867,248,10152.944935150004
p_1439454,35.595468,-82.423842,249,10249.682780120005
p_1439454,35.595396,-82.42404,250,10269.323879660005
p_1439454,35.595021,-82.425073,251,10371.766409180005
p_1439454,35.594968,-82.425218,252,10386.162441580005
p_1439454,35.594884,-82.425448,253,10408.994419110006
p_1439454,35.594812,-82.425648,254,10428.801351530006
p_1439454,35.594653,-82.426132,255,10476.077540900007
p_1439454,35.594603,-82.426284,256,10490.927364080007
p_1439454,35.594551,-82.426458,257,10507.718103190007
p_1439454,35.594339,-82.427172,258,10576.565697290007
p_1439454,35.594197,-82.427638,259,10621.639345240006
p_1439454,35.594064,-82.428197,260,10674.403333790005
p_1439454,35.593916,-82.428818,261,10733.027316090005
p_1439454,35.593773,-82.429562,262,10802.293009930005
p_1439454,35.593701,-82.430012,263,10843.848814130004
p_1439454,35.593656,-82.430294,264,10869.887913490003
p_1439454,35.593621,-82.430594,265,10897.351042460003
p_1439454,35.593543,-82.431267,266,10958.951957910003
p_1439454,35.59346857213451,-82.43192807554317,267,11019.427802900003
p_1439454,35.593468282338264,-82.43192648729998,268,11019.575283770004
p_1439454,35.593323,-82.433251,269,11140.685748570004
p_1439454,35.593218,-82.434215,270,11228.821006750004
p_1439454,35.593149,-82.434862,271,11287.952724100003
p_1439454,35.593039,-82.435652,272,11360.578974000004
p_1439454,35.592955,-82.436113,273,11403.383892350004
p_1439454,35.592851,-82.436562,274,11445.678894410004
p_1439454,35.592836,-82.436628,275,11451.887360440005
p_1439454,35.59277,-82.436911,276,11478.559149440005
p_1439454,35.592706,-82.437188,277,11504.647258340005
p_1439454,35.592689,-82.437254,278,11510.918863780005
p_1439454,35.592613,-82.437555,279,11539.470595930004
p_1439454,35.592522,-82.437936,280,11575.444714060004
p_1439454,35.592307,-82.438764,281,11654.182954960004
p_1439454,35.591847,-82.440529,282,11822.082509250004
p_1439454,35.591664,-82.441269,283,11892.152080490003
p_1439454,35.591502,-82.441951,284,11956.519703210002
p_1439454,35.591421,-82.442304,285,11989.749203720003
p_1439454,35.591344,-82.442639,286,12021.288224170003
p_1439454,35.591242,-82.443301,287,12082.341103480003
p_1439454,35.591194,-82.443972,288,12143.384381010002
p_1439454,35.591174,-82.444537,289,12194.636549660003
p_1439454,35.591166,-82.444831,290,12221.295596530003
p_1439454,35.59116,-82.445131,291,12248.491774550002
p_1439454,35.591157,-82.445495,292,12281.481597700002
p_1439454,35.591154,-82.446079,293,12334.408679440001
p_1439454,35.591154,-82.446324,294,12356.612239090002
p_1439454,35.591146,-82.447277,295,12442.984120040002
p_1439454,35.591145,-82.447399,296,12454.041144330002
p_1439454,35.591138,-82.448244,297,12530.624718630002
p_1439454,35.591131,-82.448794,298,12580.475506900002
p_1439454,35.591123,-82.449151,299,12612.841449440002
p_1439454,35.591098,-82.449535,300,12647.752516660003
p_1439454,35.59108,-82.449701,301,12662.928555430002
p_1439454,35.590999,-82.450223,302,12711.081879770003
p_1439454,35.590954,-82.450463,303,12733.398046740003
p_1439454,35.59088,-82.450755,304,12761.105558750003
p_1439454,35.590842,-82.450881,305,12773.278063250003
p_1439454,35.590817,-82.450963,306,12781.210274310004
p_1439454,35.590738,-82.451203,307,12804.660509650004
p_1439454,35.590646,-82.451481,308,12831.844160750004
p_1439454,35.590572,-82.451702,309,12853.490354350004
p_1439454,35.590475130274925,-82.451905718301,310,12874.853383330004
p_1439454,35.590473,-82.451911,311,12875.387225180004
p_1439454,35.590421,-82.452022,312,12886.983931580004
p_1439454,35.590304,-82.452269,313,12912.860645260003
p_1439454,35.590159,-82.452558,314,12943.598468420003
p_1439454,35.590094,-82.452686,315,12957.257874610003
p_1439454,35.589911,-82.452991,316,12991.555291600003
p_1439454,35.589782,-82.453182,317,13014.016152070004
p_1439454,35.589732,-82.453255,318,13022.650112300003
p_1439454,35.589424,-82.453663,319,13072.999432390003
p_1439454,35.589224,-82.453894,320,13103.506706010003
p_1439454,35.589047,-82.454098,321,13130.478633720002
p_1439454,35.58888,-82.454295,322,13156.209616000002
p_1439454,35.588634,-82.454575,323,13193.477819940003
p_1439454,35.588223,-82.455042,324,13255.693459300002
p_1439454,35.587951,-82.455351,325,13296.864129300002
p_1439454,35.587722,-82.45561,326,13331.455393890003
p_1439454,35.587521,-82.455839,327,13361.919989680002
p_1439454,35.587349,-82.456043,328,13388.490985350001
p_1439454,35.587307,-82.456093,329,13394.990999840002
p_1439454,35.587039,-82.456422,330,13437.101123770002
p_1439454,35.586849,-82.456675,331,13468.248723000002
p_1439454,35.586771,-82.45678,332,13481.111682610002
p_1439454,35.586525,-82.457121,333,13522.344095040002
p_1439454,35.586271,-82.457487,334,13565.870457380002
p_1439454,35.585809,-82.458303,335,13655.854071160002
p_1439454,35.585783,-82.458354,336,13661.302658770002
p_1439454,35.585365,-82.459171,337,13748.674718640003
p_1439454,35.585138,-82.459758,338,13807.536981080002
p_1439454,35.584959,-82.460221,339,13853.962797800003
p_1439454,35.584685,-82.46096,340,13927.517636530003
p_1439454,35.584596,-82.461241,341,13954.833155240003
p_1439454,35.584543,-82.461409,342,13971.155746950004
p_1439454,35.584442,-82.461728,343,14002.163801560004
p_1439454,35.584404,-82.461844,344,14013.491263980004
p_1439454,35.584348,-82.462017,345,14030.357189220003
p_1439454,35.58431,-82.462134,346,14041.768835290004
p_1439454,35.584282,-82.462221,347,14050.243951700004
p_1439454,35.584267,-82.46227,348,14054.986639770004
p_1439454,35.584162,-82.462631,349,14089.717874150005
p_1439454,35.584131,-82.46276,350,14101.905161780005
p_1439454,35.584112,-82.46284,351,14109.456170410005
p_1439454,35.584049,-82.463114,352,14135.255060900005
p_1439454,35.584031,-82.463188,353,14142.253061320005
p_1439454,35.583989,-82.463416,354,14163.436702690005
p_1439454,35.583941,-82.463673,355,14187.330930580005
p_1439454,35.583926,-82.463763,356,14195.656118790004
p_1439454,35.583904,-82.463892,357,14207.600104890003
p_1439454,35.583859,-82.464156,358,14232.043093890003
p_1439454,35.583846,-82.464263,359,14241.847713440002
p_1439454,35.583832,-82.464383,360,14252.834276590002
p_1439454,35.583819,-82.464491,361,14262.728557260001
p_1439454,35.583814,-82.46453,362,14266.306591670002
p_1439454,35.583762,-82.464958,363,14305.525100610002
p_1439454,35.583751,-82.465044,364,14313.414690350002
p_1439454,35.583703,-82.4657,365,14373.109383730003
p_1439454,35.5837,-82.465781,366,14380.458374460004
p_1439454,35.583697,-82.465887,367,14390.071467370004
p_1439454,35.583682,-82.466401,368,14436.687670910003
p_1439454,35.583681,-82.466667,369,14460.796888070003
p_1439454,35.583678,-82.46699,370,14490.073948960002
p_1439454,35.583679,-82.467014,371,14492.252021490001
p_1439454,35.583698,-82.467328,372,14520.789439070002
p_1439454,35.583706,-82.467471,373,14533.780626680002
p_1439454,35.583709,-82.467524,374,14538.595808650001
p_1439454,35.583717,-82.467671,375,14551.948710920002
p_1439454,35.583718,-82.467689,376,14553.583912160002
p_1439454,35.583739,-82.467854,377,14568.719129060002
p_1439454,35.583752,-82.467957,378,14578.165315860002
p_1439454,35.583776,-82.468153,379,14596.128261610002
p_1439454,35.583813,-82.468449,380,14623.268511510001
p_1439454,35.583827,-82.468558,381,14633.26910001
p_1439454,35.583829,-82.468574,382,14634.73613995
p_1439454,35.583855,-82.468745,383,14650.50090768
p_1439454,35.583864,-82.468801,384,14655.67376296
p_1439454,35.583883,-82.468928,385,14667.37585103
p_1439454,35.583907,-82.469086,386,14681.94164369
p_1439454,35.583915,-82.469133,387,14686.292977539999
p_1439454,35.583944,-82.469284,388,14700.35199496
p_1439454,35.584023,-82.469692,389,14738.355624849999
p_1439454,35.584039,-82.469758,390,14744.595376419999
p_1439454,35.584105,-82.470029,391,14770.225748209998
p_1439454,35.584158,-82.470244,392,14790.580142679997
p_1439454,35.584247,-82.470615,393,14825.625530779997
p_1439454,35.584474,-82.471352,394,14897.013540959997
p_1439454,35.584583,-82.471678,395,14928.939527159997
p_1439454,35.584688,-82.471964,396,14957.358477179996
p_1439454,35.584729,-82.472075,397,14968.399520979996
p_1439454,35.584842,-82.472346,398,14995.976158669995
p_1439454,35.585085,-82.472856,399,15049.487748029995
p_1439454,35.58516,-82.473016,400,15066.207037259996
p_1439454,35.585170422131185,-82.47302576039375,401,15067.662954249996
p_1439454,35.585508849455934,-82.47373882582801,402,15142.406765799997
p_1439454,35.58567199104988,-82.47404773320336,403,15175.745665789997
p_1439454,35.58583075299727,-82.47435575233848,404,15208.755098519996
p_1439454,35.58602810474616,-82.47480703600318,405,15255.148516329997
p_1439454,35.58612589654001,-82.47505936237543,406,15280.460866709996
p_1439454,35.58618928293156,-82.47525379308021,407,15299.434149309996
p_1439454,35.586289208744105,-82.47564409687864,408,15336.505012899996
p_1439454,35.58633049060521,-82.47580308577402,409,15351.624972439995
p_1439454,35.58637329961833,-82.47602280555306,410,15372.097261609995
p_1439454,35.586402156105336,-82.476209421934,411,15389.311070609996
p_1439454,35.58643849388224,-82.47647751870208,412,15413.941461189996
p_1439454,35.58646521282601,-82.4769164614531,413,15453.834054459996
p_1439454,35.586471206206824,-82.47706129762369,414,15466.977686439996
p_1439454,35.58647761875545,-82.47732019499378,415,15490.452869439996
p_1439454,35.586462400669646,-82.47792529658203,416,15545.320454669996
p_1439454,35.58645590686703,-82.47841750440809,417,15589.936084349996
p_1439454,35.58644794584393,-82.47903042877901,418,15645.493712679996
p_1439454,35.58644546678049,-82.47910701267504,419,15652.440118189996
p_1439454,35.58645978555239,-82.47945272767237,420,15683.813235009995
p_1439454,35.58647438437835,-82.47979569546987,421,15714.939285319995
p_1439454,35.58648777809451,-82.48012849524532,422,15745.138193489995
p_1439454,35.58649425137604,-82.48031380409039,423,15761.948460109994
p_1439454,35.58650974245437,-82.48054652883003,424,15783.110685149994
p_1439454,35.586531928567496,-82.48086192423882,425,15811.801393629994
p_1439454,35.58654087782902,-82.48097975347046,426,15822.526551599994
p_1439454,35.58655489178268,-82.48115067656084,427,15838.095483899995
p_1439454,35.58658952693399,-82.48151742803077,428,15871.556277529995
p_1439454,35.58661783281538,-82.48181275099451,429,15898.505580799994
p_1439454,35.586633611771646,-82.48198396793555,430,15914.121737459995
p_1439454,35.58666187592557,-82.4822009583963,431,15934.036441739994
p_1439454,35.58668877152907,-82.48240932308097,432,15953.155231329994
p_1439454,35.586708884990315,-82.48257307920704,433,15968.163581559995
p_1439454,35.58673210218272,-82.48273594909018,434,15983.147849179995
p_1439454,35.58675241282114,-82.48288797897618,435,15997.109644949995
p_1439454,35.58679041874511,-82.48315343106175,436,16021.534775319995
p_1439454,35.58680670601761,-82.48326497661789,437,16031.804576909995
p_1439454,35.58682928537945,-82.48339847897715,438,16044.160747929995
p_1439454,35.58685967855635,-82.48357894487792,439,16060.860675309994
p_1439454,35.586897202761065,-82.48380463812259,440,16081.735015429995
p_1439454,35.58694194767463,-82.48407410132788,441,16106.656370419994
p_1439454,35.586975757234924,-82.48427744628263,442,16125.463724649995
p_1439454,35.58700106974274,-82.48443288476663,443,16139.828557229996
p_1439454,35.587030895490116,-82.48460636340833,444,16155.895653759995
p_1439454,35.58706244664414,-82.48478905933132,445,16172.819644589996
p_1439454,35.58708974994883,-82.48494784145164,446,16187.525678869995
p_1439454,35.58712409624593,-82.48514512638418,447,16205.807456549996
p_1439454,35.58715636082772,-82.48533061981061,448,16222.995877919995
p_1439454,35.58717533488992,-82.4854464916087,449,16233.706416229996
p_1439454,35.5871981017425,-82.48557456708907,450,16245.585728329996
p_1439454,35.58721275079583,-82.48568114159745,451,16255.380500629995
p_1439454,35.587229382860045,-82.48579714713723,452,16266.054940579996
p_1439454,35.587241588274,-82.48588833437601,453,16274.429563959995
p_1439454,35.58725624042812,-82.48599196668567,454,16283.961534449994
p_1439454,35.58727226170825,-82.48611274854501,455,16295.051523039994
p_1439454,35.58728071406318,-82.48616739855386,456,16300.092515729993
p_1439454,35.58730296658216,-82.48635830798521,457,16317.570117439993
p_1439454,35.58733833487344,-82.48666124347143,458,16345.304511739992
p_1439454,35.58735932514949,-82.48689234129932,459,16366.378234449992
p_1439454,35.58739546449691,-82.48731537067364,460,16404.92692810999
p_1439454,35.58741467229949,-82.4876053550661,461,16431.294766819992
p_1439454,35.58743618563571,-82.48789678089072,462,16457.814610899994
p_1439454,35.58743,-82.48794,463,16461.791270599995
p_1439454,35.587437,-82.488186,464,16484.100011939994
p_1439454,35.587436,-82.48845,465,16508.026843579995
p_1439454,35.587433,-82.488573,466,16519.179420579996
p_1439454,35.587426,-82.488913,467,16550.003736919996
p_1439454,35.587413,-82.48941,468,16595.070422889996
p_1439454,35.587412,-82.489471,469,16600.600026549997
p_1439454,35.587402,-82.489969,470,16645.747898249996
p_1439454,35.587395,-82.490448,471,16689.167097119996
p_1439454,35.587387,-82.49102,472,16741.015635829997
p_1439454,35.587382,-82.491308,473,16767.123264859998
p_1439454,35.587379,-82.491438,474,16778.90999912
p_1439454,35.587377,-82.491693,475,16802.02197694
p_1439454,35.587377,-82.491875,476,16818.51682452
p_1439454,35.587378,-82.492215,477,16849.33157449
p_1439454,35.58739,-82.492426,478,16868.50101306
p_1439454,35.58741,-82.492635,479,16887.57242885
p_1439454,35.587438,-82.492815,480,16904.179173369997
p_1439454,35.587455,-82.492907,481,16912.727897709996
p_1439454,35.587475,-82.493012,482,16922.499440829997
p_1439454,35.587486,-82.49306,483,16927.017682169997
p_1439454,35.587511,-82.493162,484,16936.66920577
p_1439454,35.587545,-82.493292,485,16949.040398229998
p_1439454,35.587606,-82.493494,486,16968.558800279996
p_1439454,35.587655,-82.493632,487,16982.196356079996
p_1439454,35.587666,-82.493666,488,16985.510693629996
p_1439454,35.587687,-82.493717,489,16990.686909829998
p_1439454,35.58777,-82.493922,490,17011.42322269
p_1439454,35.587895,-82.49419,491,17039.39287571
p_1439454,35.588036,-82.494446,492,17067.37578162
p_1439454,35.58839,-82.494982,493,17129.845469300002
p_1439454,35.588668,-82.495348,494,17175.140758780002
p_1439454,35.588934,-82.495719,495,17219.879581780002
p_1439454,35.589411,-82.496385,496,17300.154918840002
p_1439454,35.589446,-82.496446,497,17306.91085604
p_1439454,35.589586,-82.496693,498,17334.157516310002
p_1439454,35.589715,-82.497001,499,17365.52663485
p_1439454,35.589766,-82.497154,500,17380.502906600002
p_1439454,35.589808,-82.497306,501,17395.045249180002
p_1439454,35.589841,-82.497472,502,17410.52867853
p_1439454,35.589863,-82.497594,503,17421.851555970003
p_1439454,35.589877,-82.497688,504,17430.511063050002
p_1439454,35.589897,-82.49793,505,17452.55506002
p_1439454,35.589894,-82.497995,506,17458.45528879
p_1439454,35.589884,-82.498172,507,17474.53480501
p_1439454,35.589847,-82.498371,508,17493.03114318
p_1439454,35.589808,-82.498565,509,17511.13767491
p_1439454,35.58975,-82.498781,510,17531.743991910003
p_1439454,35.589728,-82.498865,511,17539.738528130005
p_1439454,35.589691,-82.498945,512,17548.070342600004
p_1439454,35.589614,-82.499113,513,17565.529026040003
p_1439454,35.5895,-82.499326,514,17588.607665180003
p_1439454,35.589483,-82.499359,515,17592.14351163
p_1439454,35.589367,-82.499551,516,17613.786781400002
p_1439454,35.589299,-82.499649,517,17625.440351430003
p_1439454,35.589264,-82.4997,518,17631.477202620004
p_1439454,35.589176,-82.499826,519,17646.501500500006
p_1439454,35.589075,-82.499992,520,17665.260796420007
p_1439454,35.589112,-82.500142,521,17679.461480450005
p_1439454,35.589126,-82.500204,522,17685.291230660005
p_1439454,35.589124,-82.500194,523,17686.224292030005
p_1439454,35.589142,-82.50027,524,17693.395791690004
p_1439454,35.589171,-82.500395,525,17705.172493510003
p_1439454,35.589202,-82.500525,526,17717.446050200004
p_1439454,35.589217,-82.500589,527,17723.480347360004
p_1439454,35.5893,-82.500939,528,17756.510197350006
p_1439454,35.589361,-82.501198,529,17780.939314850006
p_1439454,35.589394486317005,-82.50132278445147,530,17792.843042870005
p_1439454,35.589427,-82.501445,531,17804.491936830003
p_1439454,35.58945244124553,-82.50154103305238,532,17813.64159234
p_1439454,35.589459,-82.501555,533,17815.10166662
p_1439454,35.589540448560555,-82.5017145688112,534,17832.15450932
p_1439454,35.589551,-82.501725,535,17833.65925002
p_1439454,35.589725,-82.501899,536,17858.58667832
p_1439454,35.589961,-82.502157,537,17893.69154847
p_1439454,35.590042,-82.502244,538,17905.6470878
p_1439454,35.59024,-82.502519,539,17938.86981499
p_1439454,35.590354,-82.502731,540,17961.87255561
p_1439454,35.59044,-82.502891,541,17979.23079774
p_1439454,35.590638,-82.50327,542,18020.003115580002
p_1439454,35.590711,-82.503409,543,18034.979447830003
p_1439454,35.590822,-82.50362,544,18057.724516960003
p_1439454,35.590974,-82.503928,545,18090.33676108
p_1439454,35.591035,-82.504042,546,18102.68769773
p_1439454,35.59109,-82.504144,547,18113.76419873
p_1439454,35.591131,-82.504111,548,18119.20824875
p_1439454,35.591142287,-82.504235754,549,18130.58344799
p_1439454,35.591831981,-82.50554321,550,18271.63516558
p_1439454,35.59193445266561,-82.50566628367206,551,18287.56209664
p_1439454,35.591961,-82.505554,552,18298.155623199997
p_1439454,35.592029,-82.505595,553,18306.565653129997
p_1439454,35.59212,-82.505454,554,18322.851355839997
p_1439454,35.592153,-82.505391,555,18329.633927529998
p_1439454,35.592189,-82.505324,556,18336.90181787
p_1439454,35.59224,-82.505195,557,18349.889941589998
p_1439454,35.592295,-82.505028,558,18366.208347339998
p_1439454,35.592349,-82.504833,559,18384.86832971
p_1439454,35.592388,-82.504702,560,18397.504252
p_1439454,35.592485,-82.504419,561,18425.31780799
p_1439454,35.592583,-82.504203,562,18447.709991929998
p_1439454,35.592687,-82.504002,563,18469.272857919997
p_1439454,35.592766,-82.503887,564,18482.890626409997
p_1439454,35.592844,-82.503803,565,18494.416487649996
p_1439454,35.592956,-82.50374,566,18508.091879349995
p_1439454,35.593446,-82.503542,567,18565.342736949995
p_1439454,35.593505,-82.503521,568,18572.159901559997
p_1439454,35.593936,-82.503368,569,18621.949578349995
p_1439454,35.594179,-82.503295,570,18649.710559039995
p_1439454,35.59432,-82.503261,571,18665.655260919993
p_1439454,35.594474,-82.503235,572,18682.903484709994
p_1439454,35.594805,-82.503236,573,18719.628544419993
p_1439454,35.594848,-82.503237,574,18724.400319849992
p_1439454,35.594999,-82.503232,575,18741.16012399999
p_1439454,35.595307,-82.503222,576,18775.34520398999
p_1439454,35.596067,-82.503731,577,18871.45993891999
p_1439454,35.596231,-82.503906,578,18895.59693655999
p_1439454,35.596262,-82.503942,579,18900.337518609987
p_1439454,35.596448,-82.504164,580,18929.157871899988
p_1439454,35.596585,-82.504285,581,18947.900458969987
p_1439454,35.596731,-82.504387,582,18966.551028249985
p_1439454,35.596939,-82.504633,583,18998.637644919985
p_1439454,35.597022,-82.504874,584,19022.339284719987
p_1439454,35.597068,-82.504984,585,19033.538114419986
p_1439454,35.597115,-82.505098,586,19045.110343089986
p_1439454,35.59712,-82.505108,587,19046.172866289984
p_1439454,35.597191,-82.505245,588,19060.876155769984
p_1439454,35.597248,-82.505359,589,19072.988909149983
p_1439454,35.597222,-82.505307,590,19078.51402394998
p_1439454,35.597289,-82.505441,591,19092.75181716998
p_1439454,35.597289,-82.505731,592,19119.03157636998
p_1439454,35.597292,-82.505822,593,19127.28469828998
p_1439454,35.597295,-82.505915,594,19135.71891530998
p_1439454,35.597303,-82.506094,595,19151.96413508998
p_1439454,35.597311,-82.506228,596,19164.13959087998
p_1439454,35.597313,-82.50627,597,19167.952087199978
p_1439454,35.597319,-82.50638,598,19177.942472819977
p_1439454,35.59734,-82.506813,599,19217.249968669978
p_1439454,35.597352,-82.507047,600,19238.496758069978
p_1439454,35.597352,-82.507232,601,19255.261418899976
p_1439454,35.59734,-82.507382,602,19268.919438119978
p_1439454,35.597326,-82.507497,603,19279.45584386998
p_1439454,35.59731,-82.507587,604,19287.80259427998
p_1439454,35.597263,-82.50776,605,19304.324369879978
p_1439454,35.597235,-82.507861,606,19313.989850199978
p_1439454,35.597195,-82.508004,607,19327.687406609977
p_1439454,35.597001,-82.50865,608,19390.059728649976
p_1439454,35.596963,-82.508755,609,19400.467107439978
p_1439454,35.59691,-82.508892,610,19414.20432288998
p_1439454,35.596867,-82.508989,611,19424.20575953998
p_1439454,35.596718,-82.509215,612,19450.525693899977
p_1439454,35.596564,-82.509435,613,19476.782406869977
p_1439454,35.596509,-82.509506,614,19485.650086839978
p_1439454,35.596438,-82.509576,615,19495.764203409977
p_1439454,35.596381,-82.509621,616,19503.289199209976
p_1439454,35.596314,-82.509664,617,19511.682348179977
p_1439454,35.596245,-82.509702,618,19520.076836449978
p_1439454,35.595967,-82.50981,619,19552.43687156998
p_1439454,35.59575,-82.509895,620,19577.715527899978
p_1439454,35.595589,-82.509958,621,19596.46888285998
p_1439454,35.595442,-82.510015,622,19613.57717923998
p_1439454,35.594375,-82.510427,623,19737.71050736998
p_1439454,35.594281,-82.510448,624,19748.31215710998
p_1439454,35.593664,-82.510478,625,19816.82319180998
p_1439454,35.593523,-82.510486,626,19832.48414120998
p_1439454,35.593446,-82.510497,627,19841.085368099983
p_1439454,35.593375,-82.51052,628,19849.234013459984
p_1439454,35.593321,-82.510543,629,19855.577607529984
p_1439454,35.593271,-82.510571,630,19861.677967539985
p_1439454,35.593187,-82.510637,631,19872.752076639987
p_1439454,35.593087,-82.51072,632,19886.15656578999
p_1439454,35.592908,-82.510886,633,19911.071319709987
p_1439454,35.592734,-82.511063,634,19936.171230949985
p_1439454,35.592589,-82.511223,635,19957.829321729987
p_1439454,35.592527,-82.511319,636,19968.920346739986
p_1439454,35.592456,-82.511447,637,19982.942352609985
p_1439454,35.592371,-82.511629,638,20001.942018639984
p_1439454,35.592323,-82.511753,639,20014.377667639983
p_1439454,35.592297,-82.511821,640,20021.181968809982
p_1439454,35.592267,-82.51191,641,20029.907462059982
p_1439454,35.592232,-82.512017,642,20040.353060729984
p_1439454,35.592208,-82.512115,643,20049.624969309985
p_1439454,35.592151,-82.512352,644,20072.014968719985
p_1439454,35.592072,-82.512638,645,20099.375890209983
p_1439454,35.591977,-82.513076,646,20140.445601059982
p_1439454,35.591915,-82.513362,647,20167.261923999984
p_1439454,35.591889,-82.513449,648,20175.657539439984
p_1439454,35.591876,-82.513497,649,20180.240478019983
p_1439454,35.591778,-82.513847,650,20213.77149425998
p_1439454,35.591727,-82.514105,651,20237.82799049998
p_1439454,35.591708,-82.514196,652,20246.34013756998
p_1439454,35.591685,-82.514307,653,20256.71827470998
p_1439454,35.59166,-82.514417,654,20267.06585779998
p_1439454,35.591624,-82.514529,655,20277.97362262998
p_1439454,35.591585,-82.514627,656,20287.853028299978
p_1439454,35.591576,-82.51464,657,20289.39742016998
p_1439454,35.591532,-82.514704,658,20296.978553029978
p_1439454,35.591489,-82.514755,659,20303.62114127998
p_1439454,35.591423,-82.514829,660,20313.550821259978
p_1439454,35.591293,-82.514927,661,20330.489594999977
p_1439454,35.59119,-82.515007,662,20344.023389469978
p_1439454,35.591115,-82.515076,663,20354.432428979977
p_1439454,35.591057,-82.515141,664,20363.156674859976
p_1439454,35.590992,-82.515219,665,20373.255191069977
p_1439454,35.590622,-82.515778,666,20438.460743789976
p_1439454,35.590761,-82.515895,667,20457.176451579977
p_1439454,35.590799,-82.515907,668,20461.530607289977
p_1439454,35.591082,-82.51588,669,20493.025063379977
p_1439454,35.591331,-82.515781,670,20522.072329619976
p_1439454,35.591508,-82.515853,671,20542.766386509975
p_1439454,35.591896,-82.515812,672,20585.975605699976
p_1439454,35.591942,-82.515789,673,20591.488603339974
p_1439454,35.592004,-82.515738,674,20599.776102119973
p_1439454,35.592226,-82.515403,675,20638.870895659973
p_1439454,35.592304,-82.515329,676,20649.81939900997
p_1439454,35.592377,-82.515292,677,20658.58551300997
p_1439454,35.592421,-82.515285,678,20663.50842216997
p_1439454,35.592892,-82.515289,679,20715.76782068997
p_1439454,35.593019063715445,-82.51528652065525,680,20729.867517519968
p_1439454,35.593088,-82.515274,681,20737.59980771997
p_1439454,35.593232,-82.515292,682,20753.65987876997
p_1439454,35.593455,-82.515297,683,20778.40620769997
p_1439454,35.593553,-82.515277,684,20789.429481149968
p_1439454,35.59402,-82.515101,685,20843.64315250997
p_1439454,35.594154,-82.51508,686,20858.63195914997
p_1439454,35.594852,-82.515108,687,20936.117665629972
p_1439454,35.594948,-82.515133,688,20947.007290359972
p_1439454,35.59503,-82.515231,689,20959.72130640997
p_1439454,35.59508,-82.515337,690,20970.814110069972
p_1439454,35.595101,-82.515392,691,20976.31605056997
p_1439454,35.595118,-82.515498,692,20986.105444409972
p_1439454,35.595125,-82.515792,693,21012.75971901997
p_1439454,35.595135,-82.516158,694,21045.94603054997
p_1439454,35.595138,-82.516291,695,21058.00338977997
p_1439454,35.595132,-82.516355,696,21063.841296479968
p_1439454,35.595101,-82.516469,697,21074.72975479997
p_1439454,35.595089,-82.516529,698,21080.32773120997
p_1439454,35.595094,-82.516627,699,21089.22602995997
p_1439454,35.59510243894117,-82.5166486894104,700,21091.403195379968
p_1439454,35.595133248520796,-82.51718455031185,701,21140.084312869967
p_1439454,35.59430632239861,-82.51724703531484,702,21232.00758669997
p_1439454,35.59314083652957,-82.51728392143262,703,21361.36317579997
p_1439454,35.59284908705834,-82.51726636689827,704,21393.77227901997
p_1439454,35.592414001562474,-82.5172168044377,705,21442.25416376997
p_1439454,35.59229492704071,-82.51721235067888,706,21455.471820159968
p_1439454,35.59127233024839,-82.51727297086643,707,21569.063347379968
p_1439454,35.59073159061164,-82.51729056019023,708,21629.080360309967
p_1439454,35.590727,-82.517281,709,21630.085395089965
p_1439454,35.590674,-82.517282,710,21635.966519279966
p_1439454,35.590581,-82.517321,711,21646.873560619966
p_1439454,35.590464,-82.517356,712,21660.236791399966
p_1439454,35.590222,-82.517385,713,21687.215358789967
p_1439454,35.590188,-82.517389,714,21691.005085249966
p_1439454,35.589748,-82.517416,715,21739.884995759967
p_1439454,35.588984,-82.517468,716,21824.78277306997
p_1439454,35.588835,-82.517491,717,21841.445427919967
p_1439454,35.588791,-82.517485,718,21846.357480869967
p_1439454,35.588662,-82.517466,719,21860.773423009967
p_1439454,35.588447,-82.517443,720,21884.718873329966
p_1439454,35.588286,-82.517447,721,21902.585725029967
p_1439454,35.588107,-82.517451,722,21922.449331369968
p_1439454,35.587496,-82.517481,723,21990.295125479966
p_1439454,35.587493972335224,-82.51748130768425,724,21990.521819319965
p_1439454,35.58740822278715,-82.51748589680653,725,22000.044936079965
p_1439454,35.58737029061999,-82.51725529221942,726,22021.364399759965
p_1439454,35.58734522296636,-82.51713831959086,727,22032.324520659964
p_1439454,35.58731463607444,-82.5170019121059,728,22045.144610419964
p_1439454,35.58727162092214,-82.5168578886771,729,22059.042760139964
p_1439454,35.58720503331327,-82.51663168373408,730,22080.834558229963
p_1439454,35.58715145444471,-82.51645233067424,731,22098.14246509996
p_1439454,35.58711719619437,-82.51633441815149,732,22109.484875999962
p_1439454,35.58707991126009,-82.51615646860647,733,22126.13478217996
p_1439454,35.58705319083789,-82.5160255432842,734,22138.36547505996
p_1439454,35.58703602669931,-82.51584083166397,735,22155.21412000996
p_1439454,35.5870364386399,-82.51561794324235,736,22175.414864679962
p_1439454,35.58704929519526,-82.51546291815289,737,22189.53723192996
p_1439454,35.58706857379984,-82.51523224663083,738,22210.55245183996
p_1439454,35.5870852341143,-82.51503571955904,739,22228.45963062996
p_1439454,35.587102734140046,-82.51482458403353,740,22247.69338430996
p_1439454,35.58710366223036,-82.51478663564978,741,22251.13423830996
p_1439454,35.5871067977925,-82.51465971804214,742,22262.64221053996
p_1439454,35.58710859108585,-82.51455977550353,743,22271.70232117996
p_1439454,35.587110273134144,-82.5144347577708,744,22283.03438169996
p_1439454,35.587114754770525,-82.5142561883904,745,22299.22599886996
p_1439454,35.58712005302691,-82.51401360007485,746,22321.21995623996
p_1439454,35.587119822,-82.514012228,747,22321.346923539957
p_1439454,35.58712384,-82.513832615,748,22337.63158969996
p_1439454,35.58698521,-82.51382508,749,22353.02793002996
p_1439454,35.586876126,-82.513821019,750,22365.13654340996
p_1439454,35.586753736,-82.513765741,751,22379.610584369962
p_1439454,35.586720289,-82.514161164,752,22415.640086639964
p_1439454,35.586710136,-82.514277958,753,22426.285106439962
p_1439454,35.586669706,-82.514764857,754,22470.64104956996
p_1439454,35.586618118,-82.515260005,755,22515.88077965996
p_1439454,35.58655295,-82.515893745,756,22573.771170489963
p_1439454,35.586497783,-82.516395791,757,22619.682441619963
p_1439454,35.58646132,-82.516743111,758,22651.419670809963
p_1439454,35.586411941,-82.517071802,759,22681.709224369963
p_1439454,35.586305753,-82.517710458,760,22740.77888849996
p_1439454,35.586122908,-82.518576885,761,22821.883384109962
p_1439454,35.58605283,-82.51889742,762,22851.95676593996
p_1439454,35.585833364,-82.519835425,763,22940.389134789963
p_1439454,35.585703292,-82.520405591,764,22994.04225830996
p_1439454,35.585657878,-82.520618815,765,23014.01346625996
p_1439454,35.585512638,-82.521340741,766,23081.39900477996
p_1439454,35.585417497,-82.521807012,767,23124.95707588996
p_1439454,35.585337417,-82.522207657,768,23162.340062759962
p_1439454,35.5852126,-82.522842564,769,23221.52680657996
p_1439454,35.585108682,-82.523390244,770,23272.48644953996
p_1439454,35.584947915,-82.52421608,771,23349.43107683996
p_1439454,35.584908604,-82.524586886,772,23383.320474149958
p_1439454,35.584856297,-82.525106232,773,23430.747220749956
p_1439454,35.584793106,-82.525609196,774,23476.868821969954
p_1439454,35.584725164,-82.526182204,775,23529.347057689953
p_1439454,35.584716456,-82.526281916,776,23538.435856319953
p_1439454,35.584712103,-82.526467287,777,23555.243717799953
p_1439454,35.584725708,-82.526639274,778,23570.904509329954
p_1439454,35.58474631,-82.526726476,779,23579.131887659954
p_1439454,35.5847708,-82.526858311,780,23591.385676259953
p_1439454,35.584798557,-82.52699416,781,23604.077517769954
p_1439454,35.584830667,-82.527105249,782,23614.757675209956
p_1439454,35.584872517,-82.527211284,783,23625.430979919955
p_1439454,35.584945989,-82.527370556,784,23642.009088779956
p_1439454,35.585081072,-82.527562215,785,23664.951902629957
p_1439454,35.585171232,-82.527677441,786,23679.413260409958
p_1439454,35.585323667,-82.527836974,787,23701.664291589957
p_1439454,35.5855495299181,-82.52803931476288,788,23732.71754520996
p_1439454,35.585654276322714,-82.52797491464698,789,23745.722664689958
p_1439454,35.585718,-82.528055,790,23755.85538689996
p_1439454,35.585655,-82.528132,791,23765.73273163996
p_1439454,35.585677,-82.528152,792,23768.77310494996
p_1439454,35.585684,-82.528157,793,23769.67230349996
p_1439454,35.585743,-82.528204,794,23777.48237685996
p_1439454,35.585756,-82.528214,795,23779.18586017996
p_1439454,35.585988,-82.528397,796,23809.80730073996
p_1439454,35.586113,-82.528495,797,23826.276562849962
p_1439454,35.586334,-82.528672,798,23855.57819838996
p_1439454,35.586378,-82.528703,799,23861.21081683996
p_1439454,35.58655,-82.528822,800,23883.13126173996
p_1439454,35.586995,-82.529088,801,23938.07601154996
p_1439454,35.58717,-82.529156,802,23958.447113089962
p_1439454,35.587289,-82.529202,803,23972.29289510996
p_1439454,35.58749,-82.529279,804,23995.66050840996
p_1439454,35.587516,-82.529289,805,23998.68426364996
p_1439454,35.587728,-82.529359,806,24023.04649350996
p_1439454,35.58822,-82.529523,807,24079.621916239957
p_1439454,35.588321,-82.529556,808,24091.220247319958
p_1439454,35.5884,-82.529582,809,24100.29662001996
p_1439454,35.588654,-82.529667,810,24129.51219676996
p_1439454,35.58877,-82.529705,811,24142.83536499996
p_1439454,35.588859,-82.529735,812,24153.07750900996
p_1439454,35.588947,-82.529764,813,24163.18878914996
p_1439454,35.588976,-82.529774,814,24166.531580669962
p_1439454,35.589126,-82.529826,815,24183.828675489964
p_1439454,35.589174,-82.529839,816,24189.283108059964
p_1439454,35.589456,-82.529926,817,24221.549594439963
p_1439454,35.58959,-82.529968,818,24236.89661110996
p_1439454,35.589677,-82.529993,819,24246.811724579962
p_1439454,35.589691,-82.529997,820,24248.40678524996
p_1439454,35.589901,-82.530059,821,24272.37453857996
p_1439454,35.590017,-82.530093,822,24285.60862475996
p_1439454,35.590182,-82.530141,823,24304.42535704996
p_1439454,35.590297,-82.530175,824,24317.55156464996
p_1439454,35.590345,-82.530189,825,24323.026285339958
p_1439454,35.590601,-82.530264,826,24352.231809279958
p_1439454,35.590768,-82.530313,827,24371.28541473996
p_1439454,35.590853,-82.530338,828,24380.98462322996
p_1439454,35.590987,-82.530378,829,24396.28767995996
p_1439454,35.591211,-82.530444,830,24421.85043586996
p_1439454,35.59128,-82.530465,831,24429.73909780996
p_1439454,35.591394,-82.530499,832,24442.75747271996
p_1439454,35.591791,-82.53063,833,24488.377067869962
p_1439454,35.592131,-82.530751,834,24527.662043029963
p_1439454,35.592258,-82.530798,835,24542.382578199962
p_1439454,35.592415,-82.53086,836,24560.685732049962
p_1439454,35.592792,-82.53104,837,24605.582712679963
p_1439454,35.592818,-82.531052,838,24608.665628289964
p_1439454,35.592923,-82.531102,839,24621.165725449962
p_1439454,35.592933,-82.531107,840,24622.364201219963
p_1439454,35.593004,-82.531142,841,24630.856350389964
p_1439454,35.593109,-82.531194,842,24643.423281539963
p_1439454,35.593185,-82.531231,843,24652.497818419964
p_1439454,35.593438,-82.53136,844,24682.905618339966
p_1439454,35.593642,-82.531475,845,24707.823802289968
p_1439454,35.593726,-82.531523,846,24718.108890999967
p_1439454,35.593888,-82.531615,847,24737.92256789997
p_1439454,35.594063,-82.531715,848,24759.349822999968
p_1439454,35.594204,-82.5318,849,24776.787593129968
p_1439454,35.59455,-82.53201,850,24819.635063779966
p_1439454,35.594716,-82.532111,851,24840.201944879966
p_1439454,35.59489,-82.532249,852,24863.204182839967
p_1439454,35.594981,-82.532322,853,24875.275022409965
p_1439454,35.595108,-82.532424,854,24892.127138559965
p_1439454,35.595248,-82.532535,855,24910.632962869964
p_1439454,35.595357,-82.53262,856,24924.971452489965
p_1439454,35.595467,-82.53271,857,24939.650480739965
p_1439454,35.595504,-82.532739,858,24944.524830489965
p_1439454,35.595623,-82.532916,859,24965.300027569967
p_1439454,35.595722,-82.533063,860,24982.56594842997
p_1439454,35.595742,-82.533094,861,24986.145905759968
p_1439454,35.595755,-82.533113,862,24988.392027189966
p_1439454,35.595835,-82.533221,863,25001.604649609966
p_1439454,35.595947,-82.533372,864,25020.088887629965
p_1439454,35.596216,-82.533733,865,25064.372115589966
p_1439454,35.596266,-82.533801,866,25072.663598869967
p_1439454,35.596291,-82.533838,867,25077.015191249968
p_1439454,35.596384,-82.533978,868,25093.36846303997
p_1439454,35.596587,-82.534281,869,25128.88239894997
p_1439454,35.596646,-82.534368,870,25139.12980434997
p_1439454,35.59664638078638,-82.53436791270619,871,25139.17278738997
p_1439454,35.59670480825751,-82.53445659208388,872,25149.49772948997
p_1439454,35.59673070758059,-82.53449397537213,873,25153.94001081997
p_1439454,35.59677087443346,-82.53455186302745,874,25160.82329043997
p_1439454,35.596832938188484,-82.53464686462438,875,25171.84754874997
p_1439454,35.59693207534505,-82.53479505392993,876,25189.20624325997
p_1439454,35.59700491816464,-82.53490325016483,877,25201.91264140997
p_1439454,35.59706217876369,-82.53498965362675,878,25211.99578520997
p_1439454,35.5971180845666,-82.53507406439071,879,25221.84398902997
p_1439454,35.597211514499136,-82.53521379640964,880,25238.20850292997
p_1439454,35.597293146606816,-82.53533623805508,881,25252.53143835997
p_1439454,35.59740506577326,-82.53550426528187,882,25272.179492649968
p_1439454,35.59750290438892,-82.53565139152361,883,25289.372367909968
p_1439454,35.59755750563309,-82.53573624231659,884,25299.16131192997
p_1439454,35.59760776310148,-82.53581558570397,885,25308.26023243997
p_1439454,35.59762443548877,-82.53584715391142,886,25311.66690771997
p_1439454,35.59767873221331,-82.53595662207528,887,25323.272836049968
p_1439454,35.59775051686317,-82.5361007578059,888,25338.571126429968
p_1439454,35.59780500753702,-82.53622482575939,889,25351.336547589966
p_1439454,35.59785367032639,-82.5363331199484,890,25362.537307759965
p_1439454,35.597880161228005,-82.53639567266528,891,25368.922491899964
p_1439454,35.59791517447343,-82.53648328291543,892,25377.761149439964
p_1439454,35.59793984194225,-82.53654896608636,893,25384.312386639966
p_1439454,35.59798567227618,-82.53666187778138,894,25395.738217729966
p_1439454,35.59803561652407,-82.53681959228072,895,25411.066834999965
p_1439454,35.59806946977223,-82.53692422303051,896,25421.265244269965
p_1439454,35.59813228342449,-82.53711763799838,897,25440.127073649965
p_1439454,35.598187295170575,-82.53727872227367,898,25455.949048549966
p_1439454,35.59823659778566,-82.53742470601387,899,25470.26429309997
p_1439454,35.59828006489623,-82.53755133290815,900,25482.711352059967
p_1439454,35.598326270562026,-82.53768589196825,901,25495.938788299965
p_1439454,35.59836984743693,-82.53781444215034,902,25508.551351489965
p_1439454,35.59839966992118,-82.53790172606608,903,25517.125116929965
p_1439454,35.598456017409845,-82.53806754750319,904,25533.400291609963
p_1439454,35.59849144583231,-82.53817066455056,905,25543.537732759964
p_1439454,35.59853330805507,-82.53829554026046,906,25555.769902209962
p_1439454,35.59856117952117,-82.53837581640535,907,25563.674405379963
p_1439454,35.59863263370039,-82.53858691594905,908,25584.381655629964
p_1439454,35.598684953598095,-82.53873870114157,909,25599.310972909963
p_1439454,35.59874194760867,-82.53890731804424,910,25615.847567349963
p_1439454,35.59878771609635,-82.53903953845732,911,25628.860833799965
p_1439454,35.59884351913925,-82.53920408074408,912,25645.005720209963
p_1439454,35.598886043560796,-82.53932863526211,913,25657.239071359963
p_1439454,35.598938880189976,-82.5394841543773,914,25672.502579159962
p_1439454,35.59900294301387,-82.53967139807659,915,25690.898848889963
p_1439454,35.59905131078244,-82.53981560051209,916,25705.025207779963
p_1439454,35.599119917843325,-82.54001475798698,917,25724.612081089963
p_1439454,35.59918576987701,-82.54020821782005,918,25743.604596179965
p_1439454,35.59928028442377,-82.54048016720992,919,25770.386411439966
p_1439454,35.59930708077347,-82.54055528798614,920,25777.814611639966
p_1439454,35.59934574857485,-82.54067216846214,921,25789.241970889965
p_1439454,35.59937075873137,-82.54079253831435,922,25800.497027519967
p_1439454,35.59938275380898,-82.54088758909623,923,25809.212505319967
p_1439454,35.599396239495434,-82.5410202974332,924,25821.330927989966
p_1439454,35.59939505363769,-82.5411199236803,925,25830.359766629965
p_1439454,35.59938483056209,-82.5412397848952,926,25841.280354209965
p_1439454,35.59937669487911,-82.54128690344442,927,25845.644492449963
p_1439454,35.599359520107484,-82.54138748628257,928,25854.956126059962
p_1439454,35.599346138923806,-82.54143461414337,929,25859.477446649962
p_1439454,35.59931805774305,-82.54153589585398,930,25869.169771149962
p_1439454,35.59928061988212,-82.54163070342983,931,25878.71247938996
p_1439454,35.59923432906352,-82.54175252265826,932,25890.88777352996
p_1439454,35.59917882957487,-82.54186270002425,933,25902.61801668996
p_1439454,35.59911404443699,-82.54195373696919,934,25913.559810809962
p_1439454,35.59909093216548,-82.54198377660256,935,25917.29957358996
p_1439454,35.59901677928234,-82.54207026391317,936,25928.66236318996
p_1439454,35.59895135168121,-82.5421494433114,937,25938.86917829996
p_1439454,35.59885436814429,-82.54226572447597,938,25953.92971751996
p_1439454,35.59877803900268,-82.54235648916597,939,25965.73525268996
p_1439454,35.59871306640696,-82.54243398179534,940,25975.79899366996
p_1439454,35.598643199836616,-82.54253495800377,941,25987.79142205996
p_1439454,35.598631804119194,-82.54255802808926,942,25990.23460306996
p_1439454,35.59855258557192,-82.5427105493244,943,26006.613867969958
p_1439454,35.59852983795612,-82.54276351683173,944,26012.03681820996
p_1439454,35.598484960412264,-82.54287055598678,945,26022.939912309957
p_1439454,35.598475277628964,-82.54290203852904,946,26025.988388859958
p_1439454,35.59843541515289,-82.5430240142669,947,26037.89367512996
p_1439454,35.59840545953472,-82.54311679949012,948,26046.93480535996
p_1439454,35.59835408344303,-82.54328897961261,949,26063.54618778996
p_1439454,35.598318943199814,-82.54340815874949,950,26075.02826240996
p_1439454,35.598299224229294,-82.54347610352559,951,26081.56249353996
p_1439454,35.598253488228764,-82.543627043843,952,26096.15148437996
p_1439454,35.59820336371199,-82.54378488653066,953,26111.49813362996
p_1439454,35.59816678485832,-82.5439066397318,954,26123.254040119962
p_1439454,35.59813749069545,-82.54401062987543,955,26133.222280819962
p_1439454,35.59808921309953,-82.54418456849476,956,26149.869701529962
p_1439454,35.59780588134221,-82.5451784718399,957,26245.264820799963
p_1439454,35.59758314032308,-82.54587117911956,958,26312.727177799963
p_1439454,35.59752905743707,-82.54605052499495,959,26330.051796149965
p_1439454,35.59753817253258,-82.54628817582378,960,26351.611348619965
p_1439454,35.5973669143486,-82.54683778008975,961,26404.917875359966
p_1439454,35.59732923852587,-82.54692184447322,962,26413.607314489967
p_1439454,35.59728598736868,-82.54702927880396,963,26424.461429689967
p_1439454,35.5972592496682,-82.54712344233991,964,26433.495489989968
p_1439454,35.597239196381565,-82.54723463367682,965,26443.814362849967
p_1439454,35.597250742211074,-82.54727050550005,966,26447.30837075997
p_1439454,35.59726168036356,-82.54731459794921,967,26451.48426363997
p_1439454,35.59725621128648,-82.54737737363813,968,26457.20526140997
p_1439454,35.59724223475668,-82.54741100347171,969,26460.62464415997
p_1439454,35.59719908980276,-82.54746705319552,970,26467.604176039968
p_1439454,35.597158375528764,-82.54748947308504,971,26472.55734377997
p_1439454,35.59711401517741,-82.54753804951275,972,26479.16053892997
p_1439454,35.596391,-82.549038,973,26636.993129159968
p_1439454,35.596393,-82.549043,974,26637.49765321997
p_1439454,35.596392,-82.549045,975,26637.710159249968
p_1439454,35.596361,-82.549088,976,26642.907697179966
p_1439454,35.596333,-82.54915,977,26649.327879459965
p_1439454,35.596231,-82.549368,978,26672.095195499965
p_1439454,35.596126,-82.549589,979,26695.264394659964
p_1439454,35.595985,-82.549894,980,26727.024130819962
p_1439454,35.595917,-82.549971,981,26737.30094366996
p_1439454,35.595903,-82.550039,982,26743.65595805996
p_1439454,35.595874,-82.550122,983,26751.83685463996
p_1439454,35.59583,-82.550348,984,26772.891109169963
p_1439454,35.595818,-82.550407,985,26778.401058849962
p_1439454,35.595753,-82.550722,986,26807.843763669964
p_1439454,35.595713,-82.550912,987,26825.624640389964
p_1439454,35.595601,-82.551511,988,26881.311248709964
p_1439454,35.595539,-82.551839,989,26911.820816549964
p_1439454,35.595523,-82.551925,990,26919.813921429963
p_1439454,35.595507,-82.552003,991,26927.101937909963
p_1439454,35.595468,-82.552193,992,26944.855497459965
p_1439454,35.595415,-82.55245,993,26968.876239849964
p_1439454,35.595361,-82.552709,994,26993.099970449963
p_1439454,35.595349,-82.552767,995,26998.52205798996
p_1439454,35.595332,-82.552851,996,27006.364509759962
p_1439454,35.595218,-82.553401,997,27057.78654678996
p_1439454,35.595207,-82.553458,998,27063.094236649962
p_1439454,35.595178,-82.553602,999,27076.53465968996
p_1439454,35.59517826517411,-82.55360388998587,1000,27076.70844306996
p_1439454,35.59510324477523,-82.55397777922883,1001,27111.59855408996
p_1439454,35.59506784460498,-82.55415852456878,1002,27128.44245608996
p_1439454,35.59505802992223,-82.55420496031212,1003,27132.789186999962
p_1439454,35.595039,-82.554268,1004,27138.879685029962
p_1439454,35.59459805680676,-82.55477285109079,1005,27205.86206350996
p_1439454,35.59454110630389,-82.55485669969804,1006,27215.744640979963
p_1439454,35.59445975051223,-82.55497608052316,1007,27229.834414479963
p_1439454,35.59438368188599,-82.55508538054015,1008,27242.847619349963
p_1439454,35.594376300567475,-82.55510721383392,1009,27244.989014559964
p_1439454,35.59433306436485,-82.55530921508722,1010,27263.913119919966
p_1439454,35.594310572173995,-82.55541532998161,1011,27273.848121639967
p_1439454,35.59428927878359,-82.55552434127013,1012,27284.005646669968
p_1439454,35.5941601551652,-82.55548936206026,1013,27298.67861116997
p_1439454,35.59392837172774,-82.55542612614438,1014,27325.02609845997
p_1439454,35.59386857304888,-82.55540718304711,1015,27331.87934417997
p_1439454,35.59374730992445,-82.55536752756281,1016,27345.805353479973
p_1439454,35.59361605333531,-82.5553249383284,1017,27360.871236129973
p_1439454,35.59355665622732,-82.5553062372823,1018,27367.67586150997
p_1439454,35.59351654492241,-82.55529338213641,1019,27372.27622351997
p_1439454,35.593453655606936,-82.55527389324163,1020,27379.47393948997
p_1439454,35.5933570923103,-82.55524331038788,1021,27390.54045935997
p_1439454,35.593190693408445,-82.55519059777058,1022,27409.61067642997
p_1439454,35.59288033607908,-82.55509301680031,1023,27445.16267820997
p_1439454,35.5927348587623,-82.5550475921535,1024,27461.82028315997
p_1439454,35.592728466325596,-82.5551718578037,1025,27473.10416927997
p_1439454,35.59272551597007,-82.55522204782274,1026,27477.66440389997
p_1439454,35.59272649942221,-82.55525923681256,1027,27481.03642208997
p_1439454,35.59272891946124,-82.55539881499992,1028,27493.68854486997
p_1439455,35.592747894,-82.555403773,1,0
p_1439455,35.592751114,-82.555859921,2,41.33994529
p_1439455,35.592772042,-82.556376426,3,88.20574898000001
p_1439455,35.593405758,-82.556344943,4,158.57533823
p_1439455,35.593627577,-82.556334833,5,183.20353351
p_1439455,35.59377492516289,-82.5563293859876,6,199.55948195
p_1439455,35.59393274991454,-82.55631953765217,7,217.09310274
p_1439455,35.593965874931285,-82.55631769363323,8,220.77217001
p_1439455,35.594132941,-82.556306255,9,239.33736255
p_1439455,35.594247667,-82.555739031,10,292.29368881
p_1439455,35.594289846,-82.555523243,11,312.40127233
p_1439455,35.594311438,-82.555408677,12,323.05642169
p_1439455,35.594381613,-82.555088322,13,353.11395325
p_1439455,35.594446678,-82.554764803,14,383.30794629
p_1439455,35.594507608,-82.554455065,15,412.17994467
p_1439455,35.594550061,-82.554249907,16,431.35935271
p_1439455,35.59455120105633,-82.55424729049996,17,431.62809694
p_1439455,35.594577849,-82.554126214,18,442.99177517
p_1439455,35.594597236,-82.553997122,19,454.88657516
p_1439455,35.594708023,-82.553363141,20,513.63993816
p_1439455,35.59476691,-82.553022158,21,545.22392362
p_1439455,35.594798118,-82.552864573,22,559.91847971
p_1439455,35.595000119,-82.551877222,23,652.159005
p_1439455,35.595018296,-82.551768247,24,662.2384101399999
p_1439455,35.594924285,-82.551726569,25,673.33183933
p_1439455,35.594946502,-82.55158872,26,686.06494187
p_1439455,35.595044247,-82.551142187,27,727.95889246
p_1439455,35.595087933,-82.550936701,28,747.20099942
p_1439455,35.595117723,-82.550810029,29,759.14667765
p_1439455,35.595199172,-82.550471197,30,791.15459438
p_1439455,35.595294969,-82.550525908,31,802.8829325400001
p_1439455,35.595509378,-82.550663733,32,829.7514307600001
p_1439455,35.595731789,-82.550816262,33,858.03581382
p_1439455,35.595774342,-82.550620646,34,876.3808013
p_1439455,35.595816416,-82.550416093,35,895.49647101
p_1439455,35.595857819,-82.550205904,36,915.0902192200001
p_1439455,35.595873032,-82.550124876,37,922.6245972900001
p_1439455,35.595901812,-82.550038875,38,931.0469252600001
p_1439455,35.595918475,-82.54996964,39,937.5878167100001
p_1439455,35.595917461,-82.549845767,40,948.8139257400001
p_1439455,35.595980586,-82.549711825,41,962.8276566400001
p_1439455,35.596095453,-82.549474175,42,987.85228701
p_1439455,35.596211583,-82.54922766,43,1013.6412387800001
p_1439455,35.59628463316655,-82.54906855114301,44,1030.1817273600002
p_1439455,35.596284,-82.549069,45,1030.26290433
p_1439455,35.596307,-82.54902,46,1035.3843806
p_1439455,35.59653,-82.548557,47,1084.09376001
p_1439455,35.596595,-82.54842,48,1098.4514695700002
p_1439455,35.596753,-82.548075,49,1134.2949670100002
p_1439455,35.597007,-82.547547,50,1189.8250835200001
p_1439455,35.597023,-82.547486,51,1195.63097108
p_1439455,35.597032,-82.547411,52,1202.50044699
p_1439455,35.597017,-82.547369,53,1206.65445664
p_1439455,35.597013,-82.547323,54,1210.84654292
p_1439455,35.597021,-82.547278,55,1215.01993304
p_1439455,35.597035,-82.547244,56,1218.4704249400002
p_1439455,35.597056,-82.547216,57,1221.9152810100002
p_1439455,35.597082,-82.547195,58,1225.37117744
p_1439455,35.597111,-82.547182,59,1228.7976544800001
p_1439455,35.597179,-82.547071,60,1241.3715356700002
p_1439455,35.597304,-82.546813,61,1268.5555215200002
p_1439455,35.597384,-82.546529,62,1295.7791956700003
p_1439455,35.597464,-82.546247,63,1322.8315747100003
p_1439455,35.597527,-82.546045,64,1342.4259214400004
p_1439455,35.597579,-82.545869,65,1359.3864308500004
p_1439455,35.597802,-82.545186,66,1426.0417126700004
p_1439455,35.598105,-82.544129,67,1527.5544849200003
p_1439455,35.598137,-82.544011,68,1538.8215451200003
p_1439455,35.598166,-82.543906,69,1548.8658382800004
p_1439455,35.598265,-82.54359,70,1579.5358111700004
p_1439455,35.598284,-82.543527,71,1585.6215704800004
p_1439455,35.598334,-82.543357,72,1601.9951839600003
p_1439455,35.598406,-82.543114,73,1625.4197707200003
p_1439455,35.598468,-82.542923,74,1644.0448217300004
p_1439455,35.598485,-82.542871,75,1649.1204639300004
p_1439455,35.598552,-82.542712,76,1665.3334496200005
p_1439455,35.598642,-82.542537,77,1684.0736764900005
p_1439455,35.598674,-82.542491,78,1689.5492232200004
p_1439455,35.598714,-82.542433,79,1696.4282107000004
p_1439455,35.59885,-82.54227,80,1717.5437470700003
p_1439455,35.598887,-82.542224,81,1723.3942649500004
p_1439455,35.599018,-82.54207,82,1743.5437817100005
p_1439455,35.599105,-82.541965,83,1757.0977173000006
p_1439455,35.59885,-82.54227,84,1796.6497040700006
p_1439455,35.598887,-82.542224,85,1802.5002219500007
p_1439455,35.599018,-82.54207,86,1822.6497387100007
p_1439455,35.599105,-82.541965,87,1836.2036743000008
p_1439455,35.599179,-82.541862,88,1848.6345878100008
p_1439455,35.599232,-82.541754,89,1860.0520843900008
p_1439455,35.599262,-82.541678,90,1867.7012146500008
p_1439455,35.599318,-82.541534,91,1882.1538844300007
p_1439455,35.599359,-82.541386,92,1896.3157740000008
p_1439455,35.599378,-82.541279,93,1906.2383672000008
p_1439455,35.599384,-82.541241,94,1909.7455912800008
p_1439455,35.599395,-82.541121,95,1920.6879662400008
p_1439455,35.599397,-82.54102,96,1929.843021830001
p_1439455,35.599386,-82.54091,97,1939.885384420001
p_1439455,35.599374,-82.54082,98,1948.1489238400009
p_1439455,35.59937,-82.540791,99,1950.8140436600008
p_1439455,35.599345,-82.540671,100,1962.036344350001
p_1439455,35.599299,-82.540534,101,1975.459122080001
p_1439455,35.599197,-82.54024,102,2004.404763920001
p_1439455,35.598109,-82.537052,103,2317.502702160001
p_1439455,35.597984,-82.53666,104,2355.636759550001
p_1439455,35.597869,-82.536371,105,2384.768583980001
p_1439455,35.597751,-82.536103,106,2412.358727190001
p_1439455,35.597689,-82.535979,107,2425.533943430001
p_1439455,35.5976,-82.535805,108,2444.138581240001
p_1439455,35.597514,-82.535669,109,2459.724920610001
p_1439455,35.597401,-82.535498,110,2479.657668490001
p_1439455,35.597365,-82.535445,111,2485.904381180001
p_1439455,35.597186,-82.535178,112,2517.2070194300013
p_1439455,35.597068,-82.535,113,2537.9819231900015
p_1439455,35.597031,-82.534944,114,2544.5092184600016
p_1439455,35.597002,-82.534902,115,2549.4930834900015
p_1439455,35.59693,-82.534794,116,2562.1264271700015
p_1439455,35.596868,-82.5347,117,2573.0754982100016
p_1439455,35.596815,-82.53462,118,2582.4101969800017
p_1439455,35.596699,-82.534622,119,2595.2818520600017
p_1439455,35.59677,-82.534553,120,2605.3393676600017
p_1439455,35.596751,-82.534524,121,2608.708395220002
p_1439455,35.596587,-82.534281,122,2637.2743151100017
p_1439455,35.596384,-82.533978,123,2672.7882510200016
p_1439455,35.596291,-82.533838,124,2689.1415228100013
p_1439455,35.596266,-82.533801,125,2693.4931151900014
p_1439455,35.596216,-82.533733,126,2701.7845984700016
p_1439455,35.595947,-82.533372,127,2746.067826430002
p_1439455,35.595835,-82.533221,128,2764.5520644500016
p_1439455,35.595755,-82.533113,129,2777.7646868700017
p_1439455,35.595742,-82.533094,130,2780.010808300002
p_1439455,35.595722,-82.533063,131,2783.590765630002
p_1439455,35.595623,-82.532916,132,2800.8566864900017
p_1439455,35.595504,-82.532739,133,2821.6318835700017
p_1439455,35.595467,-82.53271,134,2826.5062333200017
p_1439455,35.595357,-82.53262,135,2841.185261570002
p_1439455,35.595248,-82.532535,136,2855.523751190002
p_1439455,35.595108,-82.532424,137,2874.029575500002
p_1439455,35.594981,-82.532322,138,2890.881691650002
p_1439455,35.59489,-82.532249,139,2902.9525312200017
p_1439455,35.594716,-82.532111,140,2925.9547691800017
p_1439455,35.594471,-82.531962,141,2956.306834130002
p_1439455,35.594204,-82.5318,142,2989.369121100002
p_1439455,35.594063,-82.531715,143,3006.806891230002
p_1439455,35.593888,-82.531615,144,3028.2341463300017
p_1439455,35.593726,-82.531523,145,3048.0478232300015
p_1439455,35.593642,-82.531475,146,3058.3329119400014
p_1439455,35.593438,-82.53136,147,3083.2510958900016
p_1439455,35.593185,-82.531231,148,3113.6588958100015
p_1439455,35.593109,-82.531194,149,3122.7334326900013
p_1439455,35.592988,-82.531134,150,3137.217915590001
p_1439455,35.592933,-82.531107,151,3143.792533950001
p_1439455,35.592923,-82.531102,152,3144.9910097200013
p_1439455,35.592818,-82.531052,153,3157.4911068800016
p_1439455,35.592792,-82.53104,154,3160.5740224900014
p_1439455,35.592415,-82.53086,155,3205.4710031200016
p_1439455,35.592258,-82.530798,156,3223.7741569700015
p_1439455,35.592131,-82.530751,157,3238.4946921400015
p_1439455,35.591946,-82.530685,158,3259.8744357700016
p_1439455,35.591791,-82.53063,159,3277.7796774500016
p_1439455,35.591394,-82.530499,160,3323.3992726000015
p_1439455,35.59128,-82.530465,161,3336.4176475100016
p_1439455,35.591211,-82.530444,162,3344.3063094500017
p_1439455,35.590987,-82.530378,163,3369.8690653600015
p_1439455,35.590853,-82.530338,164,3385.1721220900017
p_1439455,35.590768,-82.530313,165,3394.8713305800015
p_1439455,35.590601,-82.530264,166,3413.9249360400017
p_1439455,35.590345,-82.530189,167,3443.130459980002
p_1439455,35.590297,-82.530175,168,3448.605180670002
p_1439455,35.590182,-82.530141,169,3461.731388270002
p_1439455,35.590017,-82.530093,170,3480.5481205600017
p_1439455,35.589901,-82.530059,171,3493.7822067400016
p_1439455,35.589691,-82.529997,172,3517.7499600700016
p_1439455,35.589677,-82.529993,173,3519.3450207400015
p_1439455,35.58959,-82.529968,174,3529.2601342100015
p_1439455,35.589456,-82.529926,175,3544.6071508800014
p_1439455,35.589338,-82.52989,176,3558.0998236800015
p_1439455,35.589174,-82.529839,177,3576.8737176800014
p_1439455,35.589126,-82.529826,178,3582.3281502500013
p_1439455,35.588976,-82.529774,179,3599.6252450700013
p_1439455,35.588947,-82.529764,180,3602.9680365900012
p_1439455,35.588859,-82.529735,181,3613.079316730001
p_1439455,35.58877,-82.529705,182,3623.3214607400014
p_1439455,35.588654,-82.529667,183,3636.6446289700016
p_1439455,35.5884,-82.529582,184,3665.8602057200014
p_1439455,35.588321,-82.529556,185,3674.9365784200013
p_1439455,35.58822,-82.529523,186,3686.5349095000015
p_1439455,35.587728,-82.529359,187,3743.1103322300014
p_1439455,35.587516,-82.529289,188,3767.4725620900012
p_1439455,35.58749,-82.529279,189,3770.496317330001
p_1439455,35.587289,-82.529202,190,3793.863930630001
p_1439455,35.58717,-82.529156,191,3807.709712650001
p_1439455,35.586995,-82.529088,192,3828.080814190001
p_1439455,35.586827,-82.528988,193,3848.807222590001
p_1439455,35.58655,-82.528822,194,3883.025609950001
p_1439455,35.586378,-82.528703,195,3904.946054850001
p_1439455,35.586334,-82.528672,196,3910.578673300001
p_1439455,35.586113,-82.528495,197,3939.880308840001
p_1439455,35.585988,-82.528397,198,3956.3495709500007
p_1439455,35.585756,-82.528214,199,3986.9710115100006
p_1439455,35.585743,-82.528204,200,3988.6744948300006
p_1439455,35.585684,-82.528157,201,3996.4845681900006
p_1439455,35.585677,-82.528152,202,3997.3837667400007
p_1439455,35.585655,-82.528132,203,4000.424140050001
p_1439455,35.58536367224376,-82.52787785252288,204,4040.1149837000007
p_1439455,35.58536148429087,-82.52787587459716,205,4040.416756620001
p_1439455,35.585167,-82.527677,206,4068.5327991200006
p_1439455,35.585049,-82.527516,207,4088.1372341400006
p_1439455,35.584946,-82.527371,208,4105.55297716
p_1439455,35.584894,-82.527264,209,4116.83723242
p_1439455,35.584831,-82.527111,210,4132.36631279
p_1439455,35.5848,-82.527004,211,4142.65601582
p_1439455,35.584726,-82.526637,212,4176.91701116
p_1439455,35.584726,-82.526632,213,4177.370181249999
p_1439455,35.584712,-82.526455,214,4193.4874298899995
p_1439455,35.584713,-82.526276,215,4209.71130123
p_1439455,35.584749,-82.525979,216,4236.9243308
p_1439455,35.584845,-82.525178,217,4310.29932011
p_1439455,35.584949,-82.52421,218,4398.78842472
p_1439455,35.585113,-82.523358,219,4478.12319987
p_1439455,35.585154,-82.523144,220,4498.045098039999
p_1439455,35.585196,-82.522923,221,4518.610027779999
p_1439455,35.585237,-82.522709,222,4538.531906479999
p_1439455,35.585249,-82.522648,223,4544.218603579999
p_1439455,35.585271,-82.522536,224,4554.658899169998
p_1439455,35.585314,-82.522322,225,4574.632598219998
p_1439455,35.585353,-82.522129,226,4592.652088749998
p_1439455,35.585396,-82.521915,227,4612.625768619998
p_1439455,35.585689,-82.520459,228,4748.532841469998
p_1439455,35.58611,-82.518641,229,4919.796102139998
p_1439455,35.586304,-82.517709,230,5006.964776209998
p_1439455,35.586413,-82.517062,231,5066.837909689998
p_1439455,35.586456,-82.516763,232,5094.353671259998
p_1439455,35.586559,-82.51583,233,5179.682072289998
p_1439455,35.586632,-82.515138,234,5242.920182749998
p_1439455,35.586665,-82.51481,235,5272.872061569999
p_1439455,35.586674,-82.514704,236,5282.530791889999
p_1439455,35.586691,-82.514504,237,5300.755024989999
p_1439455,35.586697,-82.51443,238,5307.494736119998
p_1439455,35.586702,-82.514369,239,5313.051039159998
p_1439455,35.586753,-82.513766,240,5367.994150519999
p_1439455,35.586878,-82.513725,241,5382.352243739999
p_1439455,35.586963,-82.513731,242,5391.798774089999
p_1439455,35.587012,-82.513762,243,5397.918456839999
p_1439455,35.587127,-82.513777,244,5410.750082829999
p_1439455,35.587124,-82.513833,245,5415.836339399999
p_1439455,35.587102,-82.514821,246,5505.413354869999
p_1439455,35.587036,-82.515619,247,5578.106965349999
p_1439455,35.587036,-82.515843,248,5598.408402289999
p_1439455,35.587053,-82.51603,249,5615.461109429999
p_1439455,35.587118,-82.516338,250,5644.292127749999
p_1439455,35.58724,-82.516748,251,5683.839600029999
p_1439455,35.587259,-82.516811,252,5689.926092379999
p_1439455,35.587316,-82.517004,253,5708.526071419999
p_1439455,35.58737,-82.517253,254,5731.874994239999
p_1439455,35.587408,-82.517485,255,5753.319929909999
p_1439455,35.588107,-82.517451,256,5830.936134849999
p_1439455,35.588447,-82.517443,257,5868.666573319999
p_1439455,35.588662,-82.517466,258,5892.612023639999
p_1439455,35.588835,-82.517491,259,5911.939876719999
p_1439455,35.588984,-82.517468,260,5928.602531569999
p_1439455,35.589748,-82.517416,261,6013.500308879999
p_1439455,35.590188,-82.517389,262,6062.380219389998
p_1439455,35.590464,-82.517356,263,6093.148508039998
p_1439455,35.590581,-82.517321,264,6106.511738819998
p_1439455,35.590674,-82.517282,265,6117.418780159998
p_1439455,35.590904,-82.517136,266,6146.163955159998
p_1439455,35.590964,-82.517055,267,6156.073747079999
p_1439455,35.590987,-82.516992,268,6162.327585179999
p_1439455,35.590995,-82.51693,269,6168.016132429999
p_1439455,35.590994,-82.516861,270,6174.270376469999
p_1439455,35.590979,-82.51678,271,6181.797454879999
p_1439455,35.590955,-82.516728,272,6187.210339179999
p_1439455,35.590911,-82.51669,273,6193.184661869999
p_1439455,35.590785,-82.51666,274,6207.426466959999
p_1439455,35.590634,-82.516597,275,6225.126295499998
p_1439455,35.590576,-82.516555,276,6232.602917959998
p_1439455,35.59052,-82.516492,277,6241.041139269998
p_1439455,35.590474,-82.516409,278,6250.131252989998
p_1439455,35.590449,-82.516339,279,6257.055075619998
p_1439455,35.590437,-82.516271,280,6263.359933769998
p_1439455,35.590436,-82.516201,281,6269.704834719998
p_1439455,35.590461,-82.516103,282,6279.009401389998
p_1439455,35.5905,-82.516008,283,6288.645236859998
p_1439455,35.590565,-82.515885,284,6301.921918869997
p_1439455,35.590622,-82.515778,285,6313.499063639997
p_1439455,35.590992,-82.515219,286,6378.704616359997
p_1439455,35.591057,-82.515141,287,6388.803132569997
p_1439455,35.591115,-82.515076,288,6397.527378449997
p_1439455,35.59119,-82.515007,289,6407.936417959997
p_1439455,35.591293,-82.514927,290,6421.470212429997
p_1439455,35.591423,-82.514829,291,6438.408986169998
p_1439455,35.591489,-82.514755,292,6448.338666149998
p_1439455,35.591532,-82.514704,293,6454.981254399998
p_1439455,35.591576,-82.51464,294,6462.562387259998
p_1439455,35.591585,-82.514627,295,6464.106779129998
p_1439455,35.591624,-82.514529,296,6473.986184799998
p_1439455,35.59166,-82.514417,297,6484.893949629998
p_1439455,35.591685,-82.514307,298,6495.241532719998
p_1439455,35.591708,-82.514196,299,6505.619669859998
p_1439455,35.591727,-82.514105,300,6514.1318169299975
p_1439455,35.591778,-82.513847,301,6538.188313169998
p_1439455,35.591871,-82.513514,302,6570.0820559999975
p_1439455,35.591889,-82.513449,303,6576.302080739997
p_1439455,35.591915,-82.513362,304,6584.697696179997
p_1439455,35.591977,-82.513076,305,6611.514019119997
p_1439455,35.592072,-82.512638,306,6652.583729969997
p_1439455,35.592151,-82.512352,307,6679.944651459997
p_1439455,35.592208,-82.512115,308,6702.334650869997
p_1439455,35.592232,-82.512017,309,6711.606559449997
p_1439455,35.592267,-82.51191,310,6722.052158119997
p_1439455,35.592297,-82.511821,311,6730.777651369997
p_1439455,35.592323,-82.511753,312,6737.5819525399975
p_1439455,35.592371,-82.511629,313,6750.0176015399975
p_1439455,35.592456,-82.511447,314,6769.017267569998
p_1439455,35.592527,-82.511319,315,6783.0392734399975
p_1439455,35.592589,-82.511223,316,6794.130298449997
p_1439455,35.592734,-82.511063,317,6815.788389229997
p_1439455,35.592908,-82.510886,318,6840.888300469997
p_1439455,35.593087,-82.51072,319,6865.803054389998
p_1439455,35.593187,-82.510637,320,6879.2075435399975
p_1439455,35.593271,-82.510571,321,6890.281652639997
p_1439455,35.593321,-82.510543,322,6896.382012649998
p_1439455,35.593375,-82.51052,323,6902.725606719998
p_1439455,35.593446,-82.510497,324,6910.874252079998
p_1439455,35.593523,-82.510486,325,6919.475478969998
p_1439455,35.593664,-82.510478,326,6935.136428369999
p_1439455,35.594281,-82.510448,327,7003.647463069999
p_1439455,35.594375,-82.510427,328,7014.249112809998
p_1439455,35.595442,-82.510015,329,7138.382440939999
p_1439455,35.59575,-82.509895,330,7174.244061299999
p_1439455,35.595967,-82.50981,331,7199.522717629999
p_1439455,35.596245,-82.509702,332,7231.882752749999
p_1439455,35.596314,-82.509664,333,7240.277241019999
p_1439455,35.596381,-82.509621,334,7248.6703899899985
p_1439455,35.596438,-82.509576,335,7256.195385789999
p_1439455,35.596509,-82.509506,336,7266.309502359999
p_1439455,35.596564,-82.509435,337,7275.177182329999
p_1439455,35.596718,-82.509215,338,7301.433895299999
p_1439455,35.596867,-82.508989,339,7327.753829659999
p_1439455,35.59691,-82.508892,340,7337.755266309999
p_1439455,35.596963,-82.508755,341,7351.492481759999
p_1439455,35.597001,-82.50865,342,7361.899860549998
p_1439455,35.597195,-82.508004,343,7424.272182589998
p_1439455,35.597222,-82.507907,344,7433.558766779998
p_1439455,35.597263,-82.50776,345,7447.635199219998
p_1439455,35.59731,-82.507587,346,7464.156974819998
p_1439455,35.597326,-82.507497,347,7472.503725229998
p_1439455,35.59734,-82.507382,348,7483.040130979998
p_1439455,35.597352,-82.507232,349,7496.698150199998
p_1439455,35.597352,-82.507047,350,7513.462811029998
p_1439455,35.59734,-82.506813,351,7534.709600429998
p_1439455,35.597319,-82.50638,352,7574.017096279998
p_1439455,35.597313,-82.50627,353,7584.007481899998
p_1439455,35.597311,-82.506228,354,7587.819978219998
p_1439455,35.597303,-82.506094,355,7599.9954340099985
p_1439455,35.597295,-82.505915,356,7616.240653789999
p_1439455,35.597292,-82.505822,357,7624.6748708099985
p_1439455,35.597289,-82.505731,358,7632.927992729999
p_1439455,35.597289,-82.505543,359,7649.964526279999
p_1439455,35.597289,-82.505546,360,7650.236385859998
p_1439455,35.597289,-82.505441,361,7659.751471089999
p_1439455,35.597191,-82.505245,362,7680.576902879999
p_1439455,35.59712,-82.505108,363,7695.280192359999
p_1439455,35.597068,-82.504984,364,7707.911684699999
p_1439455,35.597022,-82.504874,365,7719.1105143999985
p_1439455,35.596928,-82.504621,366,7744.298144609998
p_1439455,35.596731,-82.504387,367,7774.751510099998
p_1439455,35.596699,-82.504364,368,7778.868533169998
p_1439455,35.596585,-82.504285,369,7793.402479559998
p_1439455,35.596454,-82.50417,370,7811.287147079998
p_1439455,35.596262,-82.503942,371,7840.963824259999
p_1439455,35.596231,-82.503906,372,7845.704406309998
p_1439455,35.596067,-82.503731,373,7869.8414039499985
p_1439455,35.595307,-82.503222,374,7965.956138879998
p_1439455,35.594999,-82.503232,375,8000.141218869999
p_1439455,35.594848,-82.503237,376,8016.901023019998
p_1439455,35.594805,-82.503236,377,8021.6727984499985
p_1439455,35.594474,-82.503235,378,8058.397858159999
p_1439455,35.594358,-82.503255,379,8071.395225029999
p_1439455,35.59432,-82.503261,380,8075.646299199999
p_1439455,35.594179,-82.503295,381,8091.591001079999
p_1439455,35.593936,-82.503368,382,8119.351981769999
p_1439455,35.593673,-82.503461,383,8149.724961319999
p_1439455,35.593505,-82.503521,384,8169.141700509999
p_1439455,35.593446,-82.503542,385,8175.958865119999
p_1439455,35.592956,-82.50374,386,8233.20972272
p_1439455,35.592868,-82.50379,387,8243.973669379999
p_1439455,35.592844,-82.503803,388,8246.88548428
p_1439455,35.592766,-82.503887,389,8258.411345519999
p_1439455,35.592694,-82.503992,390,8270.835649899998
p_1439455,35.592583,-82.504203,391,8293.580346839999
p_1439455,35.592485,-82.504419,392,8315.97253078
p_1439455,35.592402,-82.504663,393,8339.92605398
p_1439455,35.592388,-82.504702,394,8343.78671644
p_1439455,35.592349,-82.504833,395,8356.422638729999
p_1439455,35.592295,-82.505028,396,8375.082621099999
p_1439455,35.592242,-82.50519,397,8390.897835049998
p_1439455,35.592189,-82.505324,398,8404.390498619998
p_1439455,35.592153,-82.505391,399,8411.658388959997
p_1439455,35.592112,-82.505466,400,8419.837122609997
p_1439455,35.592022,-82.505605,401,8435.911844929997
p_1439455,35.591968,-82.505707,402,8446.927519649997
p_1439455,35.591855,-82.505598,403,8462.888992009997
p_1439455,35.591622,-82.505151,404,8510.944789049998
p_1439455,35.591522,-82.50496,405,8531.505073969998
p_1439455,35.59131,-82.504552,406,8575.328194689999
p_1439455,35.591153,-82.50426,407,8607.009808349998
p_1439455,35.591043,-82.504055,408,8629.238492669998
p_1439455,35.590974,-82.503928,409,8643.061674029997
p_1439455,35.590822,-82.50362,410,8675.673918149998
p_1439455,35.59044,-82.502891,411,8754.167554819998
p_1439455,35.590354,-82.502731,412,8771.525796949998
p_1439455,35.590238,-82.502516,413,8794.877673429997
p_1439455,35.590042,-82.502244,414,8827.749712369998
p_1439455,35.589961,-82.502157,415,8839.705251699997
p_1439455,35.589725,-82.501899,416,8874.810121849998
p_1439455,35.58954,-82.501714,417,8901.313422769997
p_1439455,35.589453,-82.501543,418,8919.571255529998
p_1439455,35.589427,-82.501445,419,8928.909604299997
p_1439455,35.589363,-82.501208,420,8951.531954699998
p_1439455,35.589361,-82.501198,421,8952.465013479998
p_1439455,35.5893,-82.500939,422,8976.894130979997
p_1439455,35.589217,-82.500589,423,9009.923980969998
p_1439455,35.589202,-82.500525,424,9015.958278129998
p_1439455,35.58919466256137,-82.50051168134206,425,9017.414211649997
p_1439455,35.58908042878605,-82.49999045453451,426,9066.323272859998
p_1439455,35.58929171149107,-82.49966091680977,427,9104.290245329998
p_1439455,35.58949001572557,-82.49935299408341,428,9139.827202179997
p_1439455,35.58972466598034,-82.49886992002583,429,9190.763662709996
p_1439455,35.58981270779097,-82.49856360062647,430,9220.193343419996
p_1439455,35.589884103266556,-82.49817822548694,431,9256.006268829997
p_1439455,35.58989729171809,-82.49793317541828,432,9278.262869179996
p_1439455,35.589880006504984,-82.49766701704844,433,9302.460442879996
p_1439455,35.589813347902904,-82.49733219077642,434,9333.693450459996
p_1439455,35.58972992784247,-82.49704108006114,435,9361.652740959997
p_1439455,35.589588724441,-82.4967010931218,436,9396.219425709996
p_1439455,35.589516577170386,-82.49656616561637,437,9410.834777749997
p_1439455,35.589306050585805,-82.49624195516688,438,9448.370820099997
p_1439455,35.58901250156099,-82.49582731095643,439,9498.099584069998
p_1439455,35.5883866422604,-82.49497199047464,440,9602.170907999998
p_1439455,35.588045456864066,-82.49446133305337,441,9661.961580579999
p_1439455,35.587900675488186,-82.49420244653012,442,9690.396657759999
p_1439455,35.587784354025985,-82.49394722481794,443,9716.884443729998
p_1439455,35.587673502034335,-82.49368568433444,444,9743.588929369998
p_1439455,35.58757771375994,-82.49338978179155,445,9772.43592445
p_1439455,35.587497638734106,-82.49311732531552,446,9798.678552669999
p_1439455,35.587448787749025,-82.49284377365771,447,9824.05634659
p_1439455,35.58741271315618,-82.49264138239761,448,9842.830871529999
p_1439455,35.587387160309476,-82.49237060322282,449,9867.535082719998
p_1439455,35.587376769473764,-82.49176453060919,450,9922.476162209998
p_1439455,35.587423844,-82.488376643,451,10229.568238089998
p_1439455,35.587435852572455,-82.48837451778861,452,10230.914455739998
p_1439455,35.58743795499797,-82.48821681551549,453,10245.209068059998
p_1439455,35.587423363606746,-82.48776511865553,454,10286.178791629998
p_1439455,35.587394224538684,-82.48731093228992,455,10327.468921189999
p_1439455,35.587339985454705,-82.48666704713543,456,10386.134377849998
p_1439455,35.587279422917476,-82.4861613657548,457,10432.454815839998
p_1439455,35.58720096296797,-82.48558251233058,458,10485.634329169998
p_1439455,35.58702452570846,-82.48455642440513,459,10580.668114829998
p_1439455,35.58680494407011,-82.48325093637895,460,10701.468756629998
p_1439455,35.586777098164106,-82.48306133100259,461,10718.928536539997
p_1439455,35.586709563424634,-82.48257444775957,462,10763.687279919997
p_1439455,35.58666275121428,-82.48220805048157,463,10797.298255849997
p_1439455,35.58663339434901,-82.48198202600993,464,10818.040607399997
p_1439455,35.58661111945912,-82.48174265592965,465,10839.875486039997
p_1439455,35.58657782680166,-82.48138895220359,466,10872.144448879997
p_1439455,35.586542263878755,-82.48099833924879,467,10907.765672809997
p_1439455,35.58651167945777,-82.48057890160443,468,10945.931296189998
p_1439455,35.586494649617435,-82.48031908064205,469,10969.555077489998
p_1439455,35.58647542660543,-82.4798568186848,470,11011.505073169998
p_1439455,35.58645838662807,-82.47944597028429,471,11048.789074139997
p_1439455,35.586445725450716,-82.479119699516,472,11078.393018889998
p_1439455,35.58645083660525,-82.47872029817043,473,11114.596034249998
p_1439455,35.586458828526446,-82.47809050124292,474,11171.682720349998
p_1439455,35.58646999063102,-82.47767012315079,475,11209.802575329997
p_1439455,35.586474068479944,-82.47729304305818,476,11243.981112079997
p_1439455,35.58646803430905,-82.47697980054453,477,11272.378816829996
p_1439455,35.586445958571915,-82.47661173395001,478,11305.827252579997
p_1439455,35.5864390085047,-82.47647934562528,479,11317.850635659997
p_1439455,35.58638517303099,-82.47610198117764,480,11352.569646959997
p_1439455,35.5863719144093,-82.47601444476983,481,11360.638490999998
p_1439455,35.58632397652093,-82.47578097655455,482,11382.456459899999
p_1439455,35.586322,-82.475774,483,11383.125709879998
p_1439455,35.586277,-82.475595,484,11400.099791999997
p_1439455,35.586184,-82.475245,485,11433.457139459997
p_1439455,35.586122,-82.475054,486,11452.084642669997
p_1439455,35.586063,-82.4749,487,11467.500896139998
p_1439455,35.586054,-82.474877,488,11469.812273689999
p_1439455,35.585961,-82.474652,489,11492.66655153
p_1439455,35.585828,-82.474357,490,11523.205107849999
p_1439455,35.585606,-82.473933,491,11568.849756829999
p_1439455,35.585544,-82.473806,492,11582.259070229999
p_1439455,35.585311,-82.473338,493,11631.9325557
p_1439455,35.585224,-82.473152,494,11651.35835751
p_1439455,35.585085,-82.472856,495,11682.3028481
p_1439455,35.584842,-82.472346,496,11735.81443746
p_1439455,35.584729,-82.472075,497,11763.391075149999
p_1439455,35.584688,-82.471964,498,11774.432118949999
p_1439455,35.584583,-82.471678,499,11802.851068969998
p_1439455,35.584474,-82.471352,500,11834.777055169998
p_1439455,35.584384,-82.471059,501,11863.148282829998
p_1439455,35.584247,-82.470615,502,11906.165084259997
p_1439455,35.584158,-82.470244,503,11941.210472359997
p_1439455,35.584105,-82.470029,504,11961.564866829996
p_1439455,35.584039,-82.469758,505,11987.195238619996
p_1439455,35.584023,-82.469692,506,11993.434990189995
p_1439455,35.583944,-82.469284,507,12031.438620079995
p_1439455,35.583917,-82.469145,508,12044.388141749994
p_1439455,35.583907,-82.469086,509,12049.849493259995
p_1439455,35.583883,-82.468928,510,12064.415285919995
p_1439455,35.583864,-82.468801,511,12076.117373989995
p_1439455,35.583829,-82.468574,512,12097.054792939995
p_1439455,35.583827,-82.468558,513,12098.521832879995
p_1439455,35.583813,-82.468449,514,12108.522421379994
p_1439455,35.583776,-82.468153,515,12135.662671279993
p_1439455,35.583764,-82.468054,516,12144.733787149993
p_1439455,35.583752,-82.467957,517,12153.625637109993
p_1439455,35.583739,-82.467854,518,12163.071823909993
p_1439455,35.583718,-82.467689,519,12178.207040809993
p_1439455,35.583717,-82.467671,520,12179.842242049994
p_1439455,35.58370931063634,-82.4675285375961,521,12192.782499069994
p_1439455,35.583706,-82.467471,522,12198.010348889993
p_1439455,35.583698,-82.467329,523,12210.911114619994
p_1439455,35.583679,-82.467014,524,12239.538920539993
p_1439455,35.583678,-82.46699,525,12241.716993069993
p_1439455,35.583681,-82.466667,526,12270.994053959992
p_1439455,35.583682,-82.466401,527,12295.103271119991
p_1439455,35.583697,-82.465887,528,12341.71947465999
p_1439455,35.5837,-82.465781,529,12351.33256756999
p_1439455,35.583703,-82.4657,530,12358.681558299992
p_1439455,35.583751,-82.465044,531,12418.376251679992
p_1439455,35.583762,-82.464958,532,12426.265841419992
p_1439455,35.5838007550185,-82.46464550543348,533,12454.913354149992
p_1439455,35.583800708269365,-82.46464586477735,534,12454.946333739992
p_1439455,35.58386027867674,-82.4641656043017,535,12498.973686749992
p_1439455,35.583904,-82.463892,536,12524.241813389992
p_1439455,35.583941,-82.463673,537,12544.510936929992
p_1439455,35.583989,-82.463416,538,12568.405164819991
p_1439455,35.584031,-82.463188,539,12589.588806189991
p_1439455,35.584049,-82.463114,540,12596.586806609992
p_1439455,35.584112,-82.46284,541,12622.385697099991
p_1439455,35.584131,-82.46276,542,12629.936705729991
p_1439455,35.584162,-82.462631,543,12642.123993359992
p_1439455,35.584267,-82.46227,544,12676.855227739992
p_1439455,35.584282,-82.462221,545,12681.597915809993
p_1439455,35.58431,-82.462134,546,12690.073032219992
p_1439455,35.584348,-82.462017,547,12701.484678289993
p_1439455,35.584404,-82.461844,548,12718.350603529992
p_1439455,35.584442,-82.461728,549,12729.678065949993
p_1439455,35.584543,-82.461409,550,12760.686120559993
p_1439455,35.584685,-82.460961,551,12804.239713269993
p_1439455,35.584959,-82.460221,552,12877.877092049994
p_1439455,35.585261,-82.459441,553,12956.110132739994
p_1439455,35.585365,-82.459171,554,12983.165210829993
p_1439455,35.585783,-82.458354,555,13070.537270699993
p_1439455,35.585809,-82.458303,556,13075.985858309994
p_1439455,35.586271,-82.457487,557,13165.969472089993
p_1439455,35.586525,-82.457121,558,13209.495834429994
p_1439455,35.586771,-82.45678,559,13250.728246859993
p_1439455,35.586849,-82.456675,560,13263.591206469993
p_1439455,35.587039,-82.456422,561,13294.738805699993
p_1439455,35.587307,-82.456093,562,13336.848929629994
p_1439455,35.587349,-82.456043,563,13343.348944119994
p_1439455,35.587521,-82.455839,564,13369.919939789994
p_1439455,35.587722,-82.45561,565,13400.384535579993
p_1439455,35.587951,-82.455351,566,13434.975800169994
p_1439455,35.588223,-82.455042,567,13476.146470169993
p_1439455,35.588634,-82.454575,568,13538.362109529993
p_1439455,35.58888,-82.454295,569,13575.630313469994
p_1439455,35.589047,-82.454098,570,13601.361295749994
p_1439455,35.589224,-82.453894,571,13628.333223459993
p_1439455,35.589424,-82.453663,572,13658.840497079993
p_1439455,35.589732,-82.453255,573,13709.189817169992
p_1439455,35.589782,-82.453182,574,13717.823777399992
p_1439455,35.589911,-82.452991,575,13740.284637869992
p_1439455,35.590094,-82.452686,576,13774.582054859993
p_1439455,35.590159,-82.452558,577,13788.241461049993
p_1439455,35.590304,-82.452269,578,13818.979284209992
p_1439455,35.590421,-82.452022,579,13844.855997889992
p_1439455,35.590501,-82.451852,580,13862.636642589992
p_1439455,35.5905,-82.451855,581,13862.930292599993
p_1439455,35.590572,-82.451702,582,13878.932861679992
p_1439455,35.590646,-82.451481,583,13900.579055279992
p_1439455,35.590738,-82.451203,584,13927.762706379992
p_1439455,35.590817,-82.450963,585,13951.212941719992
p_1439455,35.59088,-82.450755,586,13971.317627189992
p_1439455,35.590954,-82.450463,587,13999.025139199992
p_1439455,35.590999,-82.450223,588,14021.341306169992
p_1439455,35.59108,-82.449701,589,14069.494630509993
p_1439455,35.591098,-82.449535,590,14084.670669279993
p_1439455,35.591123,-82.449151,591,14119.581736499993
p_1439455,35.591131,-82.448794,592,14151.947679039993
p_1439455,35.591138,-82.448244,593,14201.798467309993
p_1439455,35.591145,-82.447399,594,14278.382041609993
p_1439455,35.591146,-82.447277,595,14289.439065899993
p_1439455,35.591154,-82.446324,596,14375.810946849993
p_1439455,35.591154,-82.446079,597,14398.014506499994
p_1439455,35.591157,-82.445495,598,14450.941588239994
p_1439455,35.59116,-82.445131,599,14483.931411389993
p_1439455,35.591166,-82.444831,600,14511.127589409993
p_1439455,35.591174,-82.444537,601,14537.786636279992
p_1439455,35.591194,-82.443972,602,14589.038804929993
p_1439455,35.591242,-82.443301,603,14650.082082459992
p_1439455,35.591344,-82.442639,604,14711.134961769993
p_1439455,35.591421,-82.442304,605,14742.673982219992
p_1439455,35.591502,-82.441951,606,14775.903482729993
p_1439455,35.591664,-82.441269,607,14840.271105449992
p_1439455,35.591847,-82.440529,608,14910.340676689992
p_1439455,35.592307,-82.438764,609,15078.24023097999
p_1439455,35.592522,-82.437936,610,15156.978471879991
p_1439455,35.592613,-82.437555,611,15192.95259000999
p_1439455,35.592689,-82.437254,612,15221.50432215999
p_1439455,35.592706,-82.437188,613,15227.77592759999
p_1439455,35.59277,-82.436911,614,15253.86403649999
p_1439455,35.592851,-82.436562,615,15286.74417719999
p_1439455,35.592955,-82.436113,616,15329.03917925999
p_1439455,35.59303960057382,-82.43564706585873,617,15372.29504524999
p_1439455,35.59313463877102,-82.4349639331605,618,15435.09525985999
p_1439455,35.59313459731624,-82.43496440066542,619,15435.13787620999
p_1439455,35.593149,-82.434862,620,15444.55446975999
p_1439455,35.593218,-82.434215,621,15503.68618710999
p_1439455,35.593323,-82.433251,622,15591.82144528999
p_1439455,35.593456,-82.432037,623,15702.82451690999
p_1439455,35.593471,-82.431895,624,15715.80032129999
p_1439455,35.593543,-82.431267,625,15773.27019293999
p_1439455,35.593621,-82.430594,626,15834.87110838999
p_1439455,35.59363567225776,-82.43045622128366,627,15847.462839439992
p_1439455,35.59363569184832,-82.43045598642503,628,15847.48423395999
p_1439455,35.59365681829,-82.43029389798363,629,15862.35917805999
p_1439455,35.59377207375816,-82.42956601958473,630,15929.55044864999
p_1439455,35.593912,-82.428835,631,15997.59299714999
p_1439455,35.59419832231637,-82.42763461599606,632,16110.91969706999
p_1439455,35.594364069371565,-82.42708660930202,633,16163.877385049991
p_1439455,35.59461984841637,-82.42623298078409,634,16246.276970399991
p_1439455,35.59480537552017,-82.4256678296836,635,16301.47438995999
p_1439455,35.594978688896205,-82.42518909959497,636,16348.928773889991
p_1439455,35.594978,-82.425191,637,16349.117192799991
p_1439455,35.595396,-82.42404,638,16463.26917206999
p_1439455,35.595468,-82.423842,639,16482.91027160999
p_1439455,35.595823,-82.422867,640,16579.648116579992
p_1439455,35.595833,-82.422839,641,16582.417490859993
p_1439455,35.595918,-82.422615,642,16604.80050299999
p_1439455,35.596087,-82.422136,643,16652.08488923999
p_1439455,35.596093,-82.422116,644,16654.015705199992
p_1439455,35.59615,-82.421936,645,16671.510595129992
p_1439455,35.596203,-82.421766,646,16688.000338969992
p_1439455,35.596253,-82.421608,647,16703.355610379993
p_1439455,35.596274,-82.421513,648,16712.27433432999
p_1439455,35.596378,-82.421059,649,16755.00376517999
p_1439455,35.596385,-82.421028,650,16757.91839595999
p_1439455,35.596443,-82.420785,651,16780.86028288999
p_1439455,35.596494,-82.420576,652,16800.627246299988
p_1439455,35.59663,-82.419964,653,16858.103205079988
p_1439455,35.596659,-82.419703,654,16881.973034089988
p_1439455,35.596738,-82.41924,655,16924.836112779987
p_1439455,35.596798,-82.418519,656,16990.511718129987
p_1439455,35.596853,-82.41789,657,17047.837659779987
p_1439455,35.596882,-82.417609,658,17073.504451599987
p_1439455,35.596905,-82.417379,659,17094.502761529988
p_1439455,35.596922,-82.417217,660,17109.303921069986
p_1439455,35.596935,-82.417092,661,17120.722915779985
p_1439455,35.596949,-82.41696,662,17132.785221329985
p_1439455,35.596999,-82.416489,663,17175.826353579985
p_1439455,35.597039,-82.416254,664,17197.579626209987
p_1439455,35.597051,-82.41618,665,17204.416411659986
p_1439455,35.597085,-82.415981,666,17222.840152239987
p_1439455,35.597101,-82.415887,667,17231.541453619986
p_1439455,35.597203,-82.415427,668,17274.735576259987
p_1439455,35.597395,-82.414595,669,17353.082998529986
p_1439455,35.597624,-82.413806,670,17428.962182379986
p_1439455,35.597683,-82.413603,671,17448.487947949987
p_1439455,35.597987,-82.412707,672,17536.40988180999
p_1439455,35.598064,-82.41251,673,17556.200777369988
p_1439455,35.598239,-82.412066,674,17600.875596009988
p_1439455,35.598394,-82.41164,675,17643.136560839986
p_1439455,35.598431,-82.411514,676,17655.270074359985
p_1439455,35.59852,-82.411212,677,17684.363903569985
p_1439455,35.598572,-82.411037,678,17701.239042059984
p_1439455,35.598581,-82.411004,679,17704.391765839984
p_1439455,35.598843,-82.410068,680,17794.053545099985
p_1439455,35.59886235547569,-82.41000086294264,681,17800.505278279987
p_1439455,35.59901242108863,-82.40940972147605,682,17856.601266839985
p_1439455,35.59920407039424,-82.40855066004835,683,17937.299406759987
p_1439455,35.59928551187771,-82.40811511642923,684,17977.788526359986
p_1439455,35.599285727456234,-82.4081143820023,685,17977.859246079985
p_1439455,35.599317,-82.407787,686,18007.728031849983
p_1439455,35.599376,-82.407397,687,18043.670026999982
p_1439455,35.599451,-82.406896,688,18089.825699949983
p_1439455,35.599542,-82.406205,689,18153.251091119982
p_1439455,35.599571,-82.405987,690,18173.265986709983
p_1439455,35.599611,-82.405687,691,18200.811047719984
p_1439455,35.599681,-82.405172,692,18248.120764969983
p_1439455,35.599727,-82.4049,693,18273.291493399982
p_1439455,35.599793,-82.404515,694,18308.939302069983
p_1439455,35.599805,-82.404443,695,18315.598191899982
p_1439455,35.599843,-82.404221,696,18336.152234589983
p_1439455,35.599859,-82.404123,697,18345.20839560998
p_1439455,35.599898,-82.403944,698,18361.99607938998
p_1439455,35.599925,-82.403819,699,18373.71263453998
p_1439455,35.599941,-82.403746,700,18380.56172765998
p_1439455,35.600031,-82.403328,701,18419.73369630998
p_1439455,35.600046,-82.403278,702,18424.56052767998
p_1439455,35.600133,-82.402952,703,18455.63865001998
p_1439455,35.600152,-82.402879,704,18462.58144670998
p_1439455,35.600307,-82.402292,705,18518.484339749983
p_1439455,35.600426,-82.401848,706,18560.829048689982
p_1439455,35.600511,-82.401541,707,18590.20334568998
p_1439455,35.600735,-82.400908,708,18652.71613099998
p_1439455,35.601283,-82.399427,709,18800.04889891998
p_1439455,35.601587,-82.398675,710,18876.08232567998
p_1439455,35.60186,-82.397968,711,18946.94669165998
p_1439455,35.60193,-82.397787,712,18965.09390800998
p_1439455,35.602079,-82.397364,713,19006.83699660998
p_1439455,35.602084,-82.39735,714,19008.22159355998
p_1439455,35.602211,-82.397027,715,19040.70534645998
p_1439455,35.602356,-82.396666,716,19077.159167889982
p_1439455,35.602541,-82.396203,717,19123.865509939984
p_1439455,35.602782,-82.395454,718,19196.812711029983
p_1439455,35.6029,-82.394995,719,19240.416299679982
p_1439455,35.602967,-82.394659,720,19271.75681542998
p_1439455,35.602997,-82.394385,721,19296.80702403998
p_1439455,35.603017,-82.394197,722,19313.98626428998
p_1439455,35.603025,-82.393989,723,19332.85474019998
p_1439455,35.603023,-82.393651,724,19363.48287137998
p_1439455,35.602988,-82.393214,725,19403.27089260998
p_1439455,35.602918,-82.392787,726,19442.73464303998
p_1439455,35.602793,-82.392103,727,19506.24708396998
p_1439455,35.602789,-82.392085,728,19507.93743150998
p_1439455,35.60274,-82.391837,729,19531.05790894998
p_1439455,35.602629,-82.391282,730,19582.834582599982
p_1439455,35.60248,-82.390541,731,19651.98471070998
p_1439455,35.602403,-82.390142,732,19689.13537782998
p_1439455,35.602369,-82.389964,733,19705.69996000998
p_1439455,35.60222,-82.389309,734,19767.31162443998
p_1439455,35.602194,-82.389179,735,19779.439561859977
p_1439455,35.602049,-82.388467,736,19845.932615379978
p_1439455,35.601899,-82.38773,737,19914.758065699978
p_1439455,35.601735,-82.386902,738,19991.96201852998
p_1439455,35.601688,-82.386662,739,20014.32605588998
p_1439455,35.601516,-82.385793,740,20095.34995712998
p_1439455,35.601255,-82.384494,741,20216.56894475998
p_1439455,35.601179,-82.384117,742,20251.75626536998
p_1439455,35.601167,-82.384059,743,20257.17798449998
p_1439455,35.601127,-82.383858,744,20275.92460896998
p_1439455,35.601111,-82.383777,745,20283.47609596998
p_1439455,35.600872,-82.382587,746,20394.52139458998
p_1439455,35.600588,-82.38132,747,20513.577411799983
p_1439455,35.600537,-82.380973,748,20545.52631196998
p_1439455,35.600377,-82.380227,749,20615.418149809982
p_1439455,35.600221,-82.379354,750,20696.39768947998
p_1439455,35.600167,-82.379059,751,20723.79277646998
p_1439455,35.600107,-82.378439,752,20780.368126909983
p_1439455,35.600047,-82.377762,753,20842.075782759985
p_1439455,35.6,-82.376903,754,20920.090073719985
p_1439455,35.599992,-82.376158,755,20987.605430509986
p_1439455,35.600001,-82.375649,756,21033.740193429985
p_1439455,35.600031,-82.375125,757,21081.339910759983
p_1439455,35.600061,-82.374696,758,21120.356736629983
p_1439455,35.600133,-82.374037,759,21180.605097389984
p_1439455,35.600147,-82.373896,760,21193.476118559985
p_1439455,35.600237,-82.373339,761,21244.927854549984
p_1439455,35.600324,-82.372791,762,21295.515174389984
p_1439455,35.60044,-82.372242,763,21346.901447169985
p_1439455,35.600699,-82.371201,764,21445.512816439983
p_1439455,35.600909,-82.370522,765,21511.304922379983
p_1439455,35.60099,-82.370273,766,21535.592180929983
p_1439455,35.601125,-82.369862,767,21575.734388069985
p_1439455,35.601212,-82.369642,768,21597.883808629984
p_1439455,35.601511,-82.368895,769,21673.265720299984
p_1439455,35.601669,-82.368508,770,21712.471315849984
p_1439455,35.601788,-82.368211,771,21742.448212729985
p_1439455,35.602069,-82.367576,772,21807.892202979987
p_1439455,35.60219,-82.367302,773,21836.117748189987
p_1439455,35.602229,-82.367215,774,21845.110668999987
p_1439455,35.603074,-82.365306,775,22041.865677049987
p_1439455,35.603233,-82.364942,776,22079.27034154999
p_1439455,35.60383,-82.363576,777,22219.65647419999
p_1439455,35.60399,-82.363211,778,22257.19313675999
p_1439455,35.604163,-82.362795,779,22299.49352686999
p_1439455,35.604307,-82.362449,780,22334.681576839987
p_1439455,35.60436,-82.362322,781,22347.604697109986
p_1439455,35.605208,-82.360394,782,22546.028587749985
p_1439455,35.605416,-82.359873,783,22598.575798599984
p_1439455,35.605448,-82.359778,784,22607.887277649985
p_1439455,35.605564,-82.359438,785,22641.275232429984
p_1439455,35.605688,-82.359077,786,22676.761167809982
p_1439455,35.605863,-82.358567,787,22726.885831689982
p_1439455,35.605872,-82.358531,788,22730.29721853998
p_1439455,35.605974,-82.358145,789,22767.05809973998
p_1439455,35.606223,-82.357102,790,22865.51958070998
p_1439455,35.606341,-82.356461,791,22925.05773124998
p_1439455,35.606745,-82.354578,792,23101.46516951998
p_1439455,35.606799,-82.354323,793,23125.334678139978
p_1439455,35.606971,-82.35352,794,23200.554810919977
p_1439455,35.606991,-82.35343,795,23209.006138799978
p_1439455,35.607042,-82.353191,796,23231.388740089977
p_1439455,35.607181,-82.35254,797,23292.357855089977
p_1439455,35.607387,-82.351581,798,23382.207195399977
p_1439455,35.607471,-82.351183,799,23419.454213779976
p_1439455,35.607646,-82.350363,800,23496.248178439975
p_1439455,35.607669,-82.350254,801,23506.448828369976
p_1439455,35.607776,-82.349746,802,23553.984092949977
p_1439455,35.607825,-82.349517,803,23575.433748519976
p_1439455,35.608009,-82.348586,804,23662.224882099978
p_1439455,35.608142,-82.347912,805,23725.052037699978
p_1439455,35.608244,-82.347461,806,23767.454205139977
p_1439455,35.608368,-82.346871,807,23822.654589499976
p_1439455,35.608477,-82.346351,808,23871.297751549977
p_1439455,35.608526,-82.346117,809,23893.18577570998
p_1439455,35.609053,-82.343607,810,24128.00546216998
p_1439455,35.609117,-82.343301,811,24156.62594943998
p_1439455,35.609174,-82.343027,812,24182.24499150998
p_1439455,35.609216,-82.342819,813,24201.65870607998
p_1439455,35.609473,-82.341595,814,24316.16788684998
p_1439455,35.609516,-82.34139,815,24335.34507422998
p_1439455,35.609583,-82.341068,816,24365.45238153998
p_1439455,35.609613,-82.340924,817,24378.91753287998
p_1439455,35.609717,-82.340418,818,24426.19393188998
p_1439455,35.610106,-82.338531,819,24602.53029417998
p_1439455,35.610279,-82.337691,820,24681.021905249978
p_1439455,35.610534,-82.336456,821,24796.440598339977
p_1439455,35.610824,-82.335147,822,24919.329346409977
p_1439455,35.610911,-82.334725,823,24958.764116979975
p_1439455,35.61101,-82.334246,824,25003.532101839974
p_1439455,35.611086,-82.333883,825,25037.485238839974
p_1439455,35.611209,-82.333292,826,25092.744037659973
p_1439455,35.611262,-82.333036,827,25116.672511189972
p_1439455,35.61148,-82.332104,828,25204.511229389973
p_1439455,35.611561,-82.331755,829,25237.38429690997
p_1439455,35.611792,-82.331032,830,25307.72619582997
p_1439455,35.611942,-82.330627,831,25348.018377779972
p_1439455,35.612109,-82.330229,832,25388.560360699972
p_1439455,35.612363,-82.329706,833,25443.692796249972
p_1439455,35.612655,-82.32918,834,25501.319333659972
p_1439455,35.613008,-82.328552,835,25570.394570529974
p_1439455,35.613024,-82.328525,836,25573.417088579972
p_1439455,35.613162,-82.328291,837,25599.568853279972
p_1439455,35.613238,-82.328161,838,25614.054416119972
p_1439455,35.613252,-82.328136,839,25616.80091535997
p_1439455,35.613319,-82.328015,840,25630.04645924997
p_1439455,35.613397,-82.327874,841,25645.47670965997
p_1439455,35.613573,-82.327552,842,25680.58269094997
p_1439455,35.613602,-82.3275,843,25686.28787337997
p_1439455,35.61379,-82.327035,844,25733.29852903997
p_1439455,35.613869,-82.326825,845,25754.24672776997
p_1439455,35.61397,-82.326559,846,25780.824584609967
p_1439455,35.614013,-82.326445,847,25792.20175657997
p_1439455,35.614056,-82.326289,848,25807.119019889968
p_1439455,35.614109,-82.326106,849,25824.71092325997
p_1439455,35.614161,-82.325911,850,25843.29629265997
p_1439455,35.614184,-82.325828,851,25851.23736175997
p_1439455,35.614257,-82.325551,852,25877.608399679968
p_1439455,35.614545,-82.324454,853,25982.00765658997
p_1439455,35.614737,-82.323729,854,26051.060933129967
p_1439455,35.614888,-82.323305,855,26092.96984692997
p_1439455,35.615055,-82.322881,856,26135.619420609968
p_1439455,35.615127,-82.322706,857,26153.373196309967
p_1439455,35.615231,-82.322519,858,26173.871601089966
p_1439455,35.615359,-82.32234,859,26195.428358669968
p_1439455,35.615495,-82.322182,860,26216.227458019966
p_1439455,35.615501,-82.322175,861,26217.146900929965
p_1439455,35.615527,-82.322153,862,26220.653261349966
p_1439455,35.615672,-82.322033,863,26240.070337819965
p_1439455,35.615759,-82.321969,864,26251.330781619967
p_1439455,35.615726,-82.3219,865,26258.575443599966
p_1439455,35.61662669,-82.321405284,866,26368.099599199966
p_1439455,35.617813112,-82.320660286,867,26516.030467009965
p_1439455,35.618193192,-82.320398252,868,26564.423833359964
p_1439455,35.618380121,-82.320219608,869,26590.731438999963
p_1439455,35.618767227,-82.319746518,870,26651.408418459963
p_1439455,35.618657264,-82.319611247,871,26668.701168129963
p_1439455,35.618395885,-82.31936099,872,26705.512320519963
p_1439455,35.617936851,-82.319013678,873,26765.378801679963
p_1439455,35.617153576,-82.318454142,874,26865.988637559964
p_1439455,35.616764497,-82.318168653,875,26916.313059819964
p_1439455,35.616638535,-82.31810155,876,26931.553792479965
p_1439455,35.616311542,-82.318931476,877,27015.039026079965
p_1439455,35.616158168,-82.319312371,878,27053.515259999964
p_1439455,35.615910566,-82.319162295,879,27084.167764759964
p_1439455,35.61575496566297,-82.31909475925961,880,27102.484124769966
p_1439455,35.615559167839336,-82.31901796618236,881,27125.295162799965
p_1439455,35.61528107735235,-82.31895164488765,882,27156.729450489966
p_1439455,35.61516757075297,-82.31894466369904,883,27169.339094289964
p_1439461,35.575910654,-82.514423697,1,0
p_1439461,35.575082748707885,-82.51425872560749,2,93.06627185
p_1439461,35.5750770358936,-82.51432545146154,3,99.14775072
p_1439461,35.574197535,-82.51414888,4,198.03326794
p_1439461,35.57413317,-82.514060436,5,208.76978722
p_1439461,35.574114117652286,-82.51381052396272,6,231.52171766
p_1439461,35.574165533580214,-82.51340314506638,7,268.88700272
p_1439461,35.57425265493676,-82.51274642219164,8,329.19589973
p_1439461,35.57449830809186,-82.512778029175,9,356.60156439
p_1439461,35.574496858273335,-82.5127762599562,10,356.82870913000005
p_1439461,35.575847,-82.513046,11,508.61078839000004
p_1439461,35.57632,-82.513145,12,561.8523860700001
p_1439461,35.576507,-82.513275,13,585.7129856700001
p_1439461,35.576541,-82.513221,14,591.8927096100001
p_1439461,35.576587,-82.513183,15,598.0500211300001
p_1439461,35.576618,-82.513175,16,601.5651174200001
p_1439461,35.576675,-82.513175,17,607.88933424
p_1439461,35.576728,-82.513198,18,614.1283725000001
p_1439461,35.57677,-82.513236,19,619.92313348
p_1439461,35.576797,-82.513122,20,630.68190486
p_1439461,35.577033,-82.51284,21,667.27433107
p_1439461,35.57748,-82.512397,22,731.08713192
p_1439461,35.577606,-82.512268,23,749.3123487700001
p_1439461,35.577766,-82.512496,24,776.5564105200001
p_1439461,35.577964,-82.512779,25,810.3293753900001
p_1439461,35.578166,-82.513038,26,842.7860225500001
p_1439461,35.578369,-82.513236,27,871.5850456000001
p_1439461,35.578826,-82.513565,28,930.4089416
p_1439461,35.57928,-82.513854,29,987.18486652
p_1439461,35.579418,-82.513992,30,1006.95588778
p_1439461,35.579578,-82.51419,31,1032.1991952600001
p_1439461,35.579723,-82.514488,32,1063.6379641300002
p_1439461,35.579959,-82.515182,33,1131.7739985200003
p_1439461,35.580009,-82.515411,34,1153.2589735200004
p_1439461,35.580024,-82.51551,35,1162.3852969500003
p_1439461,35.580017,-82.515647,36,1174.8271481700003
p_1439461,35.580013,-82.515708,37,1180.3739302700003
p_1439461,35.579929,-82.51596,38,1205.0432936600002
p_1439461,35.579723,-82.516204,39,1236.8476042700001
p_1439461,35.579612,-82.516304,40,1252.13908067
p_1439461,35.579299,-82.516647,41,1298.7499461300001
p_1439461,35.579162,-82.516845,42,1322.2687873700002
p_1439461,35.579101,-82.516967,43,1335.2336689400001
p_1439461,35.579055,-82.517112,44,1349.3327105
p_1439461,35.5788,-82.518173,45,1449.5777389900002
p_1439461,35.578655,-82.518775,46,1506.4657181000002
p_1439461,35.578594,-82.518936,47,1522.5519593500003
p_1439461,35.578487,-82.519111,48,1542.3647750900002
p_1439461,35.578262,-82.519424,49,1580.1549624300003
p_1439461,35.577709,-82.520065,50,1664.6553661100004
p_1439461,35.577548,-82.519905,51,1687.6645118400004
p_1439461,35.577117,-82.51947,52,1749.6437658900004
p_1439461,35.576465,-82.518806,53,1843.7477802100004
p_1439461,35.576213,-82.518577,54,1878.5703625200003
p_1439461,35.576026,-82.518333,55,1908.8959067400003
p_1439461,35.576003,-82.518304,56,1912.5595097200003
p_1439461,35.575926,-82.518203,57,1925.0815528600003
p_1439461,35.575556,-82.517877,58,1975.6628011200003
p_1439461,35.575347,-82.517671,59,2005.4351369300002
p_1439461,35.575137,-82.51743,60,2037.3741141600003
p_1439461,35.574946,-82.517225,61,2065.5589567700003
p_1439461,35.574858,-82.51713,62,2078.5775605100002
p_1439461,35.574544,-82.516847,63,2121.84173864
p_1439461,35.574267,-82.516707,64,2155.0921788600003
p_1439461,35.574153,-82.516649,65,2168.78975647
p_1439461,35.573667,-82.516582,66,2223.05294334
p_1439461,35.573448,-82.516552,67,2247.5029378100003
p_1439461,35.572154587274255,-82.51648288225135,68,2391.1452094100005
p_1439461,35.57205200055415,-82.51647546323107,69,2402.5471685900006
p_1439461,35.57201126755514,-82.51647546323107,70,2407.0665391200005
p_1439461,35.57198712946882,-82.5164773179851,71,2409.7499583300005
p_1439461,35.57193734464916,-82.51643465861903,72,2416.4927138800003
p_1439461,35.57154811681116,-82.51585041078394,73,2484.8291057
p_1439461,35.57136255403091,-82.51556663326672,74,2517.77775007
p_1439461,35.570950693654254,-82.51531438658225,75,2568.87579065
p_1439461,35.57038947389917,-82.51499907822519,76,2637.39048323
p_1439461,35.570253694337595,-82.51442039465519,77,2691.96861472
p_1439461,35.570019851214184,-82.51417556698804,78,2726.11114521
p_1439461,35.56995196114897,-82.5141087958068,79,2735.77422696
p_1439461,35.569942,-82.514099,80,2737.19197325
p_1439461,35.569671,-82.513801,81,2777.61253606
p_1439461,35.56948,-82.513641,82,2803.2924318699997
p_1439461,35.569293,-82.513542,83,2825.8980574099996
p_1439461,35.569103,-82.513496,84,2847.3872271699997
p_1439461,35.568904,-82.513504,85,2869.4783893599997
p_1439461,35.568675,-82.513595,86,2896.1918127599997
p_1439461,35.56845,-82.513633,87,2921.3923454899996
p_1439461,35.568103,-82.51361,88,2959.9487653099995
p_1439461,35.56781,-82.513557,89,2992.8105412999994
p_1439461,35.566299,-82.513206,90,3163.4504650599993
p_1439461,35.566299,-82.513207,91,3163.5411198399993
p_1439461,35.566193,-82.513183,92,3175.501481439999
p_1439461,35.565772,-82.513072,93,3223.283445939999
p_1439461,35.565507,-82.513003,94,3253.343484549999
p_1439461,35.564859,-82.512834,95,3326.854000019999
p_1439461,35.564605,-82.512767,96,3355.6826774299993
p_1439461,35.564535,-82.513041,97,3381.7084781999993
p_1439461,35.564511,-82.513137,98,3390.809781199999
p_1439461,35.56451623527377,-82.51313962615507,99,3391.4375376899993
p_1439461,35.564535,-82.513383,100,3413.5990374799994
p_1439461,35.564565,-82.513641,101,3437.2241310399995
p_1439461,35.564572,-82.513698,102,3442.4496036199994
p_1439461,35.564615,-82.513953,103,3466.0542275199996
p_1439461,35.564718,-82.51457,104,3523.1448310999995
p_1439461,35.564737,-82.514673,105,3532.7174577299993
p_1439461,35.564821,-82.515198,106,3581.2160303299993
p_1439461,35.56501,-82.516382,107,3690.5823093999993
p_1439461,35.565083,-82.516723,108,3722.5394865999992
p_1439461,35.565164,-82.516954,109,3745.327983269999
p_1439461,35.565433,-82.517474,110,3801.122721639999
p_1439461,35.565485,-82.517604,111,3814.244403469999
p_1439461,35.56553,-82.517717,112,3825.6404281899986
p_1439461,35.565546,-82.51798,113,3849.5488566299987
p_1439461,35.565509,-82.518447,114,3892.0836103699985
p_1439461,35.56551,-82.518532,115,3899.7901407699983
p_1439461,35.56551,-82.519125,116,3953.5489508699984
p_1439461,35.565511,-82.519271,117,3966.785143089998
p_1439461,35.565513,-82.519572,118,3994.073400199998
p_1439461,35.565536,-82.519941,119,4027.622528289998
p_1439461,35.565636,-82.520296,120,4061.664111059998
p_1439461,35.565651,-82.520337,121,4065.736572819998
p_1439461,35.565733,-82.520575,122,4089.152315359998
p_1439461,35.56594,-82.521083,123,4140.614389679998
p_1439461,35.566042,-82.521306,124,4163.782576599998
p_1439461,35.566045,-82.521314,125,4164.580552089998
p_1439461,35.56609,-82.521412,126,4174.771572179998
p_1439461,35.566199,-82.521734,127,4206.3684841999975
p_1439461,35.566226,-82.521846,128,4216.9545369399975
p_1439461,35.566304,-82.522251,129,4254.675893149997
p_1439461,35.566405,-82.522751,130,4301.367914759997
p_1439461,35.566419,-82.522884,131,4313.524628309997
p_1439461,35.566479,-82.523305,132,4352.2664495599965
p_1439461,35.566523,-82.523614,133,4380.700915959997
p_1439461,35.566531,-82.523687,134,4387.377955729997
p_1439461,35.566564,-82.523973,135,4413.562392209997
p_1439461,35.566614,-82.524402,136,4452.846822659997
p_1439461,35.56664,-82.524984,137,4505.686491249997
p_1439461,35.566664,-82.525235,138,4528.596019729996
p_1439461,35.566676,-82.52535,139,4539.105944739997
p_1439461,35.566725,-82.5256,140,4562.412478639997
p_1439461,35.566908,-82.526057,141,4608.549372719997
p_1439461,35.566963,-82.52617,142,4620.473121729998
p_1439461,35.567075,-82.5264,143,4644.745696379998
p_1439461,35.567704,-82.527487,144,4765.495860349998
p_1439461,35.567755,-82.527607,145,4777.757907029998
p_1439461,35.567777,-82.527657,146,4782.906020659998
p_1439461,35.567839,-82.527806,147,4798.064104709998
p_1439461,35.567866,-82.527893,148,4806.500686259998
p_1439461,35.567898,-82.527996,149,4816.490178989998
p_1439461,35.567936,-82.528157,150,4831.6820689299975
p_1439461,35.567942,-82.528319,151,4846.382924139997
p_1439461,35.567938,-82.528453,152,4858.538521059997
p_1439461,35.567933,-82.52851,153,4863.735432389997
p_1439461,35.567922,-82.528634,154,4875.042457589997
p_1439461,35.5679,-82.528815,155,4891.631208979997
p_1439461,35.567873,-82.529028,156,4911.1712937899965
p_1439461,35.567853,-82.529228,157,4929.437186129997
p_1439461,35.567867,-82.529372,158,4942.583311379997
p_1439461,35.567865,-82.529496,159,4953.8264749599975
p_1439461,35.567872,-82.529739,160,4975.868843249998
p_1439461,35.567874,-82.529819,161,4983.124477679998
p_1439461,35.567873,-82.529923,162,4992.553042949998
p_1439461,35.56787,-82.52999,163,4998.635908029998
p_1439461,35.567865,-82.530046,164,5003.742697829998
p_1439461,35.567859,-82.530089,165,5007.697212999999
p_1439461,35.567851,-82.530134,166,5011.8720470399985
p_1439461,35.567842,-82.530179,167,5016.071870239998
p_1439461,35.567832,-82.53022,168,5019.950713879998
p_1439461,35.567816,-82.530267,169,5024.566437459998
p_1439461,35.567773,-82.530357,170,5034.017738349999
p_1439461,35.567726,-82.530444,171,5043.4726341199985
p_1439461,35.567674,-82.530534,172,5053.465251489998
p_1439461,35.567054,-82.531419,173,5159.146899569998
p_1439461,35.567007,-82.531513,174,5169.137322049998
p_1439461,35.566939,-82.531649,175,5183.591557799999
p_1439461,35.566901,-82.531747,176,5193.425328399999
p_1439461,35.566834,-82.531929,177,5211.521706209999
p_1439461,35.566777,-82.532101,178,5228.347947039999
p_1439461,35.566604,-82.532654,179,5282.0287801099985
p_1439461,35.56654,-82.532855,180,5301.585034529999
p_1439461,35.56647,-82.533092,181,5324.430828209998
p_1439461,35.566436,-82.533268,182,5340.825926149998
p_1439461,35.566403,-82.534045,183,5411.359677549998
p_1439461,35.566393,-82.534492,184,5451.897499639998
p_1439461,35.566385,-82.534872,185,5486.357709779998
p_1439461,35.566384,-82.534895,186,5488.445717349998
p_1439461,35.566386,-82.534973,187,5495.520263419998
p_1439461,35.566403,-82.535497,188,5543.060742059998
p_1439461,35.566496,-82.535495,189,5553.3807763999985
p_1439461,35.566403,-82.535497,190,5563.700810739999
p_1439461,35.566417,-82.535665,191,5579.0097990899985
p_1439461,35.566446,-82.535953,192,5605.315849829998
p_1439461,35.566494,-82.536288,193,5636.148560529998
p_1439461,35.566512,-82.536386,194,5645.254411609998
p_1439461,35.566585,-82.536788,195,5682.586713039998
p_1439461,35.566658,-82.537208,196,5721.513505199999
p_1439461,35.566661,-82.53737,197,5736.203284899999
p_1439461,35.566658,-82.537421,198,5740.838623999999
p_1439461,35.566652,-82.537516,199,5749.476480439999
p_1439461,35.566617,-82.537699,200,5766.514669159999
p_1439461,35.566544,-82.537899,201,5786.37241037
p_1439461,35.566514,-82.537963,202,5793.061283759999
p_1439461,35.566507,-82.537979,203,5794.706600379999
p_1439461,35.566503,-82.537988,204,5795.6353844899995
p_1439461,35.56647,-82.53807,205,5803.921833519999
p_1439461,35.566422,-82.538199,206,5816.771835909999
p_1439461,35.566362,-82.53836,207,5832.813724939999
p_1439461,35.566352,-82.538402,208,5836.779585809999
p_1439461,35.566273,-82.53872,209,5866.910855429999
p_1439461,35.566198,-82.539236,210,5914.423133369999
p_1439461,35.566196,-82.539259,211,5916.519970559999
p_1439461,35.566171,-82.53946,212,5934.951515789999
p_1439461,35.566131,-82.539666,213,5954.146535289999
p_1439461,35.566241,-82.53996,214,5983.4605327499985
p_1439461,35.56639,-82.540357,215,6023.065743459999
p_1439461,35.566414,-82.540399,216,6027.711995029998
p_1439461,35.566501,-82.54055,217,6044.461913479999
p_1439461,35.56652,-82.540584,218,6048.196112929999
p_1439461,35.566603,-82.540729,219,6064.245811339999
p_1439461,35.566626,-82.54077,220,6068.754346499999
p_1439461,35.566637,-82.54079,221,6070.939938649999
p_1439461,35.566652,-82.540817,222,6073.899813379999
p_1439461,35.566885,-82.541236,223,6119.846503959999
p_1439461,35.56689,-82.541246,224,6120.909316229999
p_1439461,35.566901,-82.541266,225,6123.094903469999
p_1439461,35.566926,-82.54131,226,6127.953317899999
p_1439461,35.566962,-82.541375,227,6135.071999839999
p_1439461,35.566982,-82.541412,228,6139.093777839999
p_1439461,35.566995,-82.541436,229,6141.704154059999
p_1439461,35.567001,-82.541447,230,6142.903136999999
p_1439461,35.567334,-82.542068,231,6210.240333249999
p_1439461,35.56734,-82.542079,232,6211.439312719999
p_1439461,35.567387,-82.542166,233,6220.894239849999
p_1439461,35.567394,-82.542187,234,6222.95029509
p_1439461,35.567435,-82.542304,235,6234.49110769
p_1439461,35.567458,-82.5424,236,6243.560266699999
p_1439461,35.567458,-82.542402,237,6243.74157365
p_1439461,35.56747,-82.542452,238,6248.46574395
p_1439461,35.567483,-82.542585,239,6260.60862114
p_1439461,35.567489,-82.542647,240,6266.268421
p_1439461,35.567478,-82.542786,241,6278.92821592
p_1439461,35.567472,-82.542849,242,6284.67805063
p_1439461,35.567453,-82.542939,243,6293.1048038
p_1439461,35.56745,-82.542953,244,6294.4168745199995
p_1439461,35.567444,-82.542978,245,6296.778960129999
p_1439461,35.567443,-82.542983,246,6297.2456093499995
p_1439461,35.567434,-82.543023,247,6301.006727499999
p_1439461,35.567368,-82.543323,248,6329.171397439999
p_1439461,35.56735,-82.543402,249,6336.6062793599995
p_1439461,35.567285,-82.543696,250,6364.2169349099995
p_1439461,35.567269,-82.54377,251,6371.1562177999995
p_1439461,35.567355,-82.543802,252,6381.12923119
p_1439461,35.567452,-82.543837,253,6392.34944026
p_1439461,35.567507,-82.543857,254,6398.71539247
p_1439461,35.567509,-82.543858,255,6398.955097589999
p_1439461,35.56751,-82.543858,256,6399.066048589999
p_1439461,35.56778,-82.543957,257,6430.338287459999
p_1439461,35.567818,-82.543971,258,6434.741303139999
p_1439461,35.567942,-82.544019,259,6449.170949779999
p_1439461,35.567984,-82.544035,260,6454.051406639999
p_1439461,35.568046,-82.544058,261,6461.239411839999
p_1439461,35.568267,-82.544128,262,6486.5673946299985
p_1439461,35.568306,-82.54414,263,6491.029129769999
p_1439461,35.568456,-82.544191,264,6508.302014909998
p_1439461,35.568563,-82.544234,265,6520.797352119998
p_1439461,35.568983,-82.544382,266,6569.289715789998
p_1439461,35.569112,-82.544435,267,6584.387281659998
p_1439461,35.569127,-82.544441,268,6586.138172099998
p_1439461,35.569232,-82.54448,269,6598.312667099998
p_1439461,35.569404,-82.544547,270,6618.339451529998
p_1439461,35.569481,-82.544576,271,6627.278009599998
p_1439461,35.569585,-82.544615,272,6639.346373889998
p_1439461,35.569661,-82.544644,273,6648.178946749998
p_1439461,35.569768,-82.544684,274,6660.592120119998
p_1439461,35.569847,-82.544714,275,6669.769448999998
p_1439461,35.569839,-82.544708,276,6670.810448979998
p_1439461,35.570133,-82.544822,277,6705.027900019998
p_1439461,35.57064,-82.544975,278,6762.964682719998
p_1439461,35.571094,-82.545051,279,6813.805414949998
p_1439461,35.571334,-82.545066,280,6840.4683663299975
p_1439461,35.571884,-82.545089,281,6901.5270664599975
p_1439461,35.572074,-82.545127,282,6922.8873500599975
p_1439461,35.572246,-82.545196,283,6942.969802149997
p_1439461,35.572292,-82.545219,284,6948.482976919997
p_1439461,35.572304,-82.545229,285,6950.093680869997
p_1439461,35.57247855254077,-82.54532310470975,286,6971.255921129997
p_1439461,35.572705693775774,-82.54549406298666,287,7000.8409724099965
p_1439461,35.572859621564405,-82.54559741265851,288,7020.320201979996
p_1439461,35.57295674070626,-82.54564970805556,289,7032.092314649996
p_1439461,35.57304893942384,-82.54568720838985,290,7042.871875599996
p_1439461,35.57316218285531,-82.54572618512645,291,7055.923666959996
p_1439461,35.57356297417931,-82.54582551884972,292,7101.294382219996
p_1439461,35.57365863828599,-82.54584938269736,293,7112.126610069996
p_1439461,35.573797693351835,-82.54589545834202,294,7128.110252489996
p_1439461,35.57389474360946,-82.54594829971883,295,7139.895377029996
p_1439461,35.573978932869494,-82.54598983809453,296,7149.966609579996
p_1439461,35.574043875291935,-82.54603461943087,297,7158.236786429996
p_1439461,35.57413468632885,-82.54609598360979,298,7169.745823589996
p_1439461,35.57426847644811,-82.54621189372502,299,7187.9321238999955
p_1439461,35.574488201644655,-82.54646727696789,300,7221.550838929996
p_1439461,35.57479029664408,-82.54676378732833,301,7264.513971729995
p_1439461,35.574847139679974,-82.546818333272,302,7272.527840289996
p_1439461,35.57494680402742,-82.54688488897432,303,7285.124387979996
p_1439461,35.575044546100244,-82.54693091211422,304,7296.743719659996
p_1439461,35.575253893967414,-82.54699398086309,305,7320.664293739996
p_1439461,35.57585262965961,-82.54714509966286,306,7388.492289639996
p_1439461,35.57602454276842,-82.54720305472046,307,7408.276444509996
p_1439461,35.576259,-82.547306,308,7435.912757839996
p_1439461,35.576259,-82.547307,309,7436.003401399996
p_1439461,35.576831,-82.547581,310,7504.154169999996
p_1439461,35.577011,-82.547668,311,7525.625944809996
p_1439461,35.57715,-82.547744,312,7542.516794519996
p_1439461,35.577302,-82.547827,313,7560.983371619996
p_1439461,35.577341,-82.547849,314,7565.747857299996
p_1439461,35.577545,-82.547986,315,7591.564638819997
p_1439461,35.577596,-82.54803,316,7598.487419559997
p_1439461,35.577687,-82.548109,317,7610.865479719997
p_1439461,35.577717,-82.548135,318,7614.943854289997
p_1439461,35.577898,-82.54832,319,7641.106497189997
p_1439461,35.577991,-82.548415,320,7654.545962709997
p_1439461,35.578117,-82.548587,321,7675.486236429997
p_1439461,35.578167,-82.548652,322,7683.578669479997
p_1439461,35.578275,-82.548793,323,7701.097950379997
p_1439461,35.578409,-82.548978,324,7723.508397899997
p_1439461,35.578491,-82.549091,325,7737.208077609997
p_1439461,35.578592419260744,-82.54920856098025,326,7752.7054245599975
p_1439461,35.57859292998397,-82.5492091889309,327,7752.785740339998
p_1439461,35.578646385283804,-82.54927086319294,328,7760.935978729997
p_1439461,35.578687575670756,-82.54932265882907,329,7767.487862099997
p_1439461,35.57875226451388,-82.54940272593943,330,7777.694858779997
p_1439461,35.578819864348475,-82.54948732232255,331,7788.421022139997
p_1439461,35.57889403010418,-82.549579931482,332,7800.175792589997
p_1439461,35.57905224579896,-82.54977430219601,333,7825.046251219997
p_1439461,35.5790746434857,-82.54979609762647,334,7828.220878829998
p_1439461,35.57913104646319,-82.54985161043363,335,7836.250842179998
p_1439461,35.57918816778728,-82.54991577613958,336,7844.852704149997
p_1439461,35.579292,-82.550025,337,7860.042470229997
p_1439461,35.57940195727976,-82.55010729012525,338,7874.341801609997
p_1439461,35.57945051848664,-82.55013981553293,339,7880.483547969997
p_1439461,35.57948814876417,-82.55016194375963,340,7885.115449199997
p_1439461,35.57964598833331,-82.55025140026977,341,7904.413955309997
p_1439461,35.57964653369868,-82.550251735546,342,7904.481666799997
p_1439461,35.57971424550533,-82.55029098398896,343,7912.794088609997
p_1439461,35.57978456592137,-82.55033104110521,344,7921.399654749996
p_1439461,35.57983822896513,-82.55036223717299,345,7927.990951709997
p_1439461,35.57987496777787,-82.55038220997918,346,7932.451088329997
p_1439461,35.57993033340841,-82.5504119960766,347,7939.161075769997
p_1439461,35.579982638893924,-82.55044041842635,348,7945.510539699997
p_1439461,35.580075317701784,-82.55049060645082,349,7956.754650519997
p_1439461,35.580258951817854,-82.55059027965758,350,7979.042225189997
p_1439461,35.58037303015794,-82.55065186187413,351,7992.875480529997
p_1439461,35.580467642781,-82.55069951900158,352,8004.226867989997
p_1439461,35.58049676165237,-82.55071020187677,353,8007.599623369997
p_1439461,35.5806531995311,-82.5507682095027,354,8025.735456589997
p_1439461,35.58113542001536,-82.55089653342257,355,8080.488073509997
p_1439461,35.58153814086462,-82.55101825409477,356,8126.512323279997
p_1439461,35.5819509445834,-82.5511338484688,357,8173.496484929997
p_1439461,35.58203073817717,-82.55115409152826,358,8182.537809529997
p_1439461,35.582270169310746,-82.55121528460211,359,8209.675814219996
p_1439461,35.58232214962156,-82.55122526494596,360,8215.513606239996
p_1439461,35.58236864043329,-82.55123817308245,361,8220.802837429996
p_1439461,35.58243162794494,-82.55125560744325,362,8227.967805449996
p_1439461,35.582432191157395,-82.5512557019217,363,8228.030878589996
p_1439461,35.5824787816333,-82.55126937913109,364,8233.346716059996
p_1439461,35.58254535398956,-82.55128905377374,365,8240.945216009995
p_1439461,35.582696819617155,-82.55133180883362,366,8258.191525639995
p_1439461,35.58275385679619,-82.55134930097438,367,8264.715447479995
p_1439461,35.58286366380608,-82.55138424512572,368,8277.303626499996
p_1439461,35.58289594613707,-82.55139155805146,369,8280.946204259995
p_1439461,35.58302241957968,-82.55141821018488,370,8295.185001289996
p_1439461,35.58315486760762,-82.55142441258045,371,8309.891029609997
p_1439461,35.58317704539181,-82.55142477222394,372,8312.351899329997
p_1439461,35.583299829841565,-82.55140763872853,373,8326.063215689997
p_1439461,35.58343216806031,-82.55139013964339,374,8340.831724599997
p_1439461,35.58358724350178,-82.55136947707476,375,8358.139166029998
p_1439461,35.58375562809323,-82.55134696514689,376,8376.932743179997
p_1439461,35.583926199859036,-82.55132406388834,377,8395.971388849997
p_1439461,35.58445948414578,-82.55125306188943,378,8455.488902789997
p_1439461,35.58457887555241,-82.55125979441826,379,8468.749583389997
p_1439461,35.58476062446633,-82.55130109975313,380,8489.259426629997
p_1439461,35.584842314744776,-82.55132472921247,381,8498.572655569997
p_1439461,35.58492506332004,-82.55134728174154,382,8507.978502869997
p_1439461,35.58508851985249,-82.55139367551884,383,8526.595295959996
p_1439461,35.58519477134449,-82.55142291290784,384,8538.678192929996
p_1439461,35.58593595662106,-82.55163123025743,385,8623.053237089996
p_1439461,35.58628356129631,-82.5517279061365,386,8662.603225859997
p_1439461,35.586370569315946,-82.55173542594487,387,8672.280911119997
p_1439461,35.58645563714602,-82.55174153424748,388,8681.735523909996
p_1439461,35.58654716148325,-82.55174562408776,389,8691.897035949996
p_1439461,35.58672095326898,-82.55174675899897,390,8711.179744669997
p_1439461,35.58700687036749,-82.55174856277257,391,8742.903057039997
p_1439461,35.587006325052755,-82.55174873041099,392,8742.965438929998
p_1439461,35.58711934970914,-82.55174873138779,393,8755.505678769998
p_1439461,35.5872219669338,-82.55174950353965,394,8766.891415129998
p_1439461,35.58728675744342,-82.55174807473098,395,8774.081177059998
p_1439461,35.587373908964096,-82.55174673442971,396,8783.751520589998
p_1439461,35.58757960095873,-82.55174259739088,397,8806.576409419999
p_1439461,35.58771905716236,-82.5517401096149,398,8822.050909669999
p_1439461,35.58796693967682,-82.55173516402984,399,8849.55746857
p_1439461,35.58817112539715,-82.55173122373996,400,8872.214971039999
p_1439461,35.588413,-82.551727,401,8899.054023739998
p_1439461,35.58878944110512,-82.55168781280713,402,8940.971413979998
p_1439461,35.5888138434065,-82.55168311894174,403,8943.712099619997
p_1439461,35.58881343442954,-82.55168278366551,404,8943.766710379998
p_1439461,35.58882843025383,-82.55168026909472,405,8945.446052989997
p_1439461,35.588911785225335,-82.55166499611104,406,8954.797413569997
p_1439461,35.588993433115476,-82.55165013081526,407,8963.955992239997
p_1439461,35.58930545289169,-82.55155165275134,408,8999.706971119997
p_1439461,35.589405,-82.551521,409,9011.095870959996
p_1439461,35.58984278328214,-82.55136031903895,410,9061.804493589996
p_1439461,35.59026125537092,-82.55121057944804,411,9110.177139309995
p_1439461,35.59058232115224,-82.55109680900759,412,9147.262023159996
p_1439461,35.590629831375026,-82.55108024603751,413,9152.742905149997
p_1439461,35.590699440035706,-82.55105575075555,414,9160.778803299996
p_1439461,35.59083003586818,-82.55100962709818,415,9175.859487639997
p_1439461,35.591127304878896,-82.55090350933321,416,9210.215411479996
p_1439461,35.59115958684089,-82.55099873077128,417,9219.558805379997
p_1439461,35.59116313120492,-82.5510506985709,418,9224.284868519997
p_1439461,35.59117540015842,-82.55123727973972,419,9241.248819459997
p_1439461,35.5911889285925,-82.55143160336603,420,9258.923586889998
p_1439461,35.591212784872766,-82.55175322511211,421,9288.191046549999
p_1439461,35.591217,-82.551795,422,9292.00574354
p_1439461,35.59124702714577,-82.552031378186,423,9313.685427549999
p_1439461,35.59124741795851,-82.5520313596134,424,9313.72882144
p_1439461,35.59124973941749,-82.55206317885404,425,9316.62397336
p_1439461,35.591253939840286,-82.55232980499635,426,9340.79190502
p_1439461,35.591194,-82.552658,427,9371.26956276
p_1439461,35.590984,-82.553719,428,9470.207326830001
p_1439461,35.590977,-82.553825,429,9479.84513006
p_1439461,35.590965,-82.55397,430,9493.053318580001
p_1439461,35.591011,-82.554451,431,9536.94264823
p_1439461,35.591068,-82.555069,432,9593.30600239
p_1439461,35.59111,-82.555649,433,9646.07573117
p_1439461,35.591145,-82.556023,434,9680.19188638
p_1439461,35.59118089793975,-82.55643275527535,435,9717.53966663
p_1439461,35.59290428093705,-82.55636996290397,436,9908.83617956
p_1439461,35.59288594328741,-82.55569907851874,437,9969.66898424
p_1440281,35.592900174213824,-82.5556570019431,1,0
p_1440281,35.59288,-82.555092,2,51.25209976
p_1440281,35.592735,-82.555046,3,67.87139585
p_1440281,35.592583,-82.555016,4,84.95375886
p_1440281,35.592464,-82.555008,5,98.17687351
p_1440281,35.592293,-82.555008,6,117.1495736
p_1440281,35.592171,-82.555016,7,130.70505373
p_1440281,35.591999,-82.555023,8,149.79924549
p_1440281,35.591618,-82.555038,9,192.09360055000002
p_1440281,35.591068,-82.555069,10,253.18153106000003
p_1440281,35.591011,-82.554451,11,309.54488522
p_1440281,35.591011,-82.55445,12,309.63551215
p_1440281,35.590965,-82.55397,13,353.43483096
p_1440281,35.590984,-82.553718,14,376.36991642
p_1440281,35.59119,-82.552658,15,475.11593991999996
p_1440281,35.591236,-82.552261,16,511.45493673999994
p_1440281,35.591224,-82.551994,17,535.6888643699999
p_1440281,35.591217,-82.551795,18,553.7402930799999
p_1440281,35.591148,-82.551002,19,626.0139091099999
p_1440281,35.591125,-82.550903,20,635.3418153599998
p_1440281,35.590957,-82.550964,21,654.7841696799999
p_1440281,35.590583,-82.551094,22,697.9201060499998
p_1440281,35.589843,-82.551361,23,783.5156716699998
p_1440281,35.589405,-82.551521,24,834.2296467099999
p_1440281,35.588993,-82.551651,25,881.4355256099999
p_1440281,35.58879,-82.551689,26,904.2204351599999
p_1440281,35.588546,-82.551712,27,931.3727063399998
p_1440281,35.588413,-82.551727,28,946.1917285499998
p_1440281,35.58712,-82.551742,29,1089.6583006699998
p_1440281,35.586589,-82.551742,30,1148.5734731499997
p_1440281,35.58659,-82.551746,31,1148.9525991399996
p_1440281,35.586527,-82.551746,32,1155.9425345099996
p_1440281,35.586455,-82.551741,33,1163.9438747799995
p_1440281,35.58639,-82.551737,34,1171.1648188399995
p_1440281,35.586285,-82.551728,35,1182.8432318399996
p_1440281,35.585868,-82.551612,36,1230.2894068299995
p_1440281,35.584986,-82.551365,37,1330.6764087299996
p_1440281,35.584764,-82.551303,38,1355.9404589399996
p_1440281,35.584588,-82.551262,39,1375.8183172199997
p_1440281,35.58458769792833,-82.55126224774361,40,1375.8586589599997
p_1440281,35.584459824837424,-82.55125317907553,41,1390.0701353299996
p_1440281,35.58317327754232,-82.55142474409661,42,1533.6586957299996
p_1440281,35.58302195548979,-82.5514176134205,43,1550.4605075799996
p_1440281,35.58286486028035,-82.55138496650456,44,1568.1398053799996
p_1440281,35.58269106157439,-82.55133088351668,45,1588.0362827099996
p_1440281,35.58238501667072,-82.55124341759561,46,1622.9054935599995
p_1440281,35.582378,-82.551246,47,1623.7184264799996
p_1440281,35.58063,-82.550765,48,1822.5009331399997
p_1440281,35.57966525046861,-82.55027667827474,49,1938.3311435999997
p_1440281,35.57920070202283,-82.54993263253033,50,1998.5728306799997
p_1440281,35.579210841475714,-82.54994381778656,51,2000.0872449099998
p_1440281,35.578654,-82.549335,52,2082.92607672
p_1440281,35.57864,-82.549319,53,2085.05117196
p_1440281,35.577892,-82.54833,54,2207.21368326
p_1440281,35.577593,-82.548035,55,2249.82277196
p_1440281,35.577338,-82.547855,56,2282.48264349
p_1440281,35.576119,-82.547236,57,2428.90850755
p_1440281,35.574899,-82.546857,58,2568.5604039500004
p_1440281,35.57405,-82.546054,59,2687.6037618200003
p_1440281,35.573745,-82.545884,60,2724.7873002300003
p_1440281,35.572944,-82.545655,61,2816.05122415
p_1440281,35.572236,-82.54519,62,2905.19916141
p_1440281,35.571897,-82.545091,63,2943.8673647500004
p_1440281,35.570741,-82.545003,64,3072.3746363200003
p_1440281,35.569976,-82.544767,65,3159.9067989900004
p_1440281,35.56998246826187,-82.54476825295247,66,3160.6333918200003
p_1440281,35.56967433699708,-82.54465296127343,67,3196.3827070600005
p_1440281,35.569585,-82.544615,68,3206.8751067300004
p_1440281,35.569481,-82.544576,69,3218.9434710200003
p_1440281,35.569404,-82.544547,70,3227.8820290900003
p_1440281,35.569232,-82.54448,71,3247.9088135200004
p_1440281,35.569127,-82.544441,72,3260.0833085200006
p_1440281,35.569112,-82.544435,73,3261.834198960001
p_1440281,35.568983,-82.544382,74,3276.9317648300007
p_1440281,35.568563,-82.544234,75,3325.4241285000007
p_1440281,35.568456,-82.544191,76,3337.9194657100006
p_1440281,35.568306,-82.54414,77,3355.192350850001
p_1440281,35.568267,-82.544128,78,3359.654085990001
p_1440281,35.568046,-82.544058,79,3384.982068780001
p_1440281,35.567984,-82.544035,80,3392.1700739800012
p_1440281,35.567942,-82.544019,81,3397.050530840001
p_1440281,35.567818,-82.543971,82,3411.480177480001
p_1440281,35.56778,-82.543957,83,3415.883193160001
p_1440281,35.56751,-82.543858,84,3447.155432030001
p_1440281,35.567509,-82.543858,85,3447.266383030001
p_1440281,35.567507,-82.543857,86,3447.5060881500012
p_1440281,35.567452,-82.543837,87,3453.8720403600014
p_1440281,35.567355,-82.543802,88,3465.092249430001
p_1440281,35.567269,-82.54377,89,3475.065262820001
p_1440281,35.567285,-82.543696,90,3482.004545710001
p_1440281,35.56735,-82.543402,91,3509.615201260001
p_1440281,35.567368,-82.543323,92,3517.050083180001
p_1440281,35.567415,-82.54311,93,3537.0510452500007
p_1440281,35.567434,-82.543023,94,3545.214772500001
p_1440281,35.567444,-82.542978,95,3549.442369420001
p_1440281,35.56745,-82.542953,96,3551.804455030001
p_1440281,35.567453,-82.542939,97,3553.116525750001
p_1440281,35.567472,-82.542849,98,3561.5432789200013
p_1440281,35.567478,-82.542786,99,3567.2931136300012
p_1440281,35.567489,-82.542647,100,3579.952908550001
p_1440281,35.567483,-82.542585,101,3585.6127084100012
p_1440281,35.56747,-82.542452,102,3597.7555856000013
p_1440281,35.567458,-82.542402,103,3602.4797559000012
p_1440281,35.567458,-82.5424,104,3602.661062850001
p_1440281,35.567435,-82.542304,105,3611.730221860001
p_1440281,35.567394,-82.542187,106,3623.2710344600014
p_1440281,35.567387,-82.542166,107,3625.3270897000016
p_1440281,35.56734,-82.542079,108,3634.782016830002
p_1440281,35.567334,-82.542068,109,3635.9809963000016
p_1440281,35.567001,-82.541447,110,3703.3181925500016
p_1440281,35.566995,-82.541436,111,3704.5171754900016
p_1440281,35.566982,-82.541412,112,3707.1275517100016
p_1440281,35.566962,-82.541375,113,3711.1493297100014
p_1440281,35.566926,-82.54131,114,3718.2680116500014
p_1440281,35.566901,-82.541266,115,3723.1264260800012
p_1440281,35.56689,-82.541246,116,3725.3120133200014
p_1440281,35.566885,-82.541236,117,3726.3748255900014
p_1440281,35.566652,-82.540817,118,3772.3215161700014
p_1440281,35.566637,-82.54079,119,3775.2813909000015
p_1440281,35.566626,-82.54077,120,3777.4669830500015
p_1440281,35.566603,-82.540729,121,3781.9755182100016
p_1440281,35.56652,-82.540584,122,3798.0252166200016
p_1440281,35.566435,-82.540435,123,3814.4992581000015
p_1440281,35.566414,-82.540399,124,3818.5091997700015
p_1440281,35.56639,-82.540357,125,3823.1554513400015
p_1440281,35.566241,-82.53996,126,3862.7606620500014
p_1440281,35.566131,-82.539666,127,3892.0746595100013
p_1440281,35.566171,-82.53946,128,3911.2696790100013
p_1440281,35.566196,-82.539259,129,3929.7012242400015
p_1440281,35.566198,-82.539236,130,3931.7980614300013
p_1440281,35.566273,-82.53872,131,3979.310339370001
p_1440281,35.566352,-82.538402,132,4009.441608990001
p_1440281,35.566362,-82.53836,133,4013.407469860001
p_1440281,35.566422,-82.538199,134,4029.4493588900013
p_1440281,35.56647,-82.53807,135,4042.2993612800014
p_1440281,35.566503,-82.537988,136,4050.5858103100013
p_1440281,35.566507,-82.537979,137,4051.5145944200012
p_1440281,35.566514,-82.537963,138,4053.159911040001
p_1440281,35.566544,-82.537899,139,4059.848784430001
p_1440281,35.566617,-82.537699,140,4079.706525640001
p_1440281,35.566652,-82.537516,141,4096.744714360001
p_1440281,35.566658,-82.537421,142,4105.382570800001
p_1440281,35.566661,-82.53737,143,4110.0179099000015
p_1440281,35.566658,-82.537208,144,4124.707689600002
p_1440281,35.566585,-82.536788,145,4163.634481760002
p_1440281,35.566512,-82.536386,146,4200.966783190002
p_1440281,35.566494,-82.536288,147,4210.072634270003
p_1440281,35.566446,-82.535953,148,4240.905344970002
p_1440281,35.566427745296906,-82.53576996850299,149,4257.621152700002
p_1440281,35.56642770052268,-82.53577035214924,150,4257.656285010003
p_1440281,35.56640181594756,-82.53549812113188,151,4282.501833870003
p_1440281,35.566386,-82.534973,152,4330.138848650003
p_1440281,35.566384,-82.534895,153,4337.213394720003
p_1440281,35.566382932245844,-82.53486652467231,154,4339.797533500003
p_1440281,35.566393,-82.534492,155,4373.768316860002
p_1440281,35.566403,-82.534045,156,4414.306138950003
p_1440281,35.566436,-82.533268,157,4484.839890350003
p_1440281,35.56647,-82.533092,158,4501.234988290003
p_1440281,35.56654,-82.532855,159,4524.080781970002
p_1440281,35.566604,-82.532654,160,4543.637036390002
p_1440281,35.566777,-82.532101,161,4597.317869460002
p_1440281,35.566834,-82.531929,162,4614.144110290002
p_1440281,35.566878,-82.531809,163,4626.067789110001
p_1440281,35.566901,-82.531747,164,4632.240527010002
p_1440281,35.566939,-82.531649,165,4642.074297610002
p_1440281,35.567054,-82.531419,166,4666.518955840002
p_1440281,35.567674,-82.530534,167,4772.200603920001
p_1440281,35.567726,-82.530444,168,4782.193221290001
p_1440281,35.567773,-82.530357,169,4791.648117060001
p_1440281,35.567816,-82.530267,170,4801.099417950001
p_1440281,35.567832,-82.53022,171,4805.715141530001
p_1440281,35.567842,-82.530179,172,4809.593985170001
p_1440281,35.567851,-82.530134,173,4813.793808370001
p_1440281,35.567859,-82.530089,174,4817.968642410001
p_1440281,35.567865,-82.530046,175,4821.923157580001
p_1440281,35.56787,-82.52999,176,4827.029947380001
p_1440281,35.567873,-82.529923,177,4833.112812460002
p_1440281,35.567874,-82.529819,178,4842.541377730002
p_1440281,35.567872,-82.529739,179,4849.797012160002
p_1440281,35.567865,-82.529496,180,4871.839380450002
p_1440281,35.567867,-82.529372,181,4883.082544030002
p_1440281,35.567864,-82.529341,182,4885.912430800002
p_1440281,35.567853,-82.529228,183,4896.228669800002
p_1440281,35.567873,-82.529028,184,4914.494562140002
p_1440281,35.5679,-82.528815,185,4934.034646950002
p_1440281,35.567922,-82.528634,186,4950.623398340002
p_1440281,35.567933,-82.52851,187,4961.930423540001
p_1440281,35.567938,-82.52845,188,4967.397816830001
p_1440281,35.567942,-82.528319,189,4979.281640440001
p_1440281,35.567936,-82.528157,190,4993.982495650001
p_1440281,35.567897,-82.527992,191,5009.553546350001
p_1440281,35.567839,-82.527806,192,5027.601263580001
p_1440281,35.567777,-82.527657,193,5042.759347630001
p_1440281,35.567704,-82.527487,194,5060.16913506
p_1440281,35.567233,-82.526673,195,5150.59113144
p_1440281,35.567075,-82.5264,196,5180.9192991400005
p_1440281,35.566908,-82.526057,197,5217.11562262
p_1440281,35.566725,-82.5256,198,5263.2525167
p_1440281,35.566676,-82.52535,199,5286.559050600001
p_1440281,35.56664,-82.524984,200,5319.978104730001
p_1440281,35.566614,-82.524402,201,5372.817773320001
p_1440281,35.566564,-82.523973,202,5412.102203770001
p_1440281,35.566523,-82.523614,203,5444.963551050001
p_1440281,35.566479,-82.523305,204,5473.398017450001
p_1440281,35.566419,-82.522884,205,5512.139838700001
p_1440281,35.566405,-82.522751,206,5524.296552250001
p_1440281,35.566304,-82.522251,207,5570.9885738600005
p_1440281,35.566226,-82.521846,208,5608.70993007
p_1440281,35.566199,-82.521734,209,5619.29598281
p_1440281,35.566151,-82.521592,210,5633.2271206000005
p_1440281,35.566139,-82.521598,211,5634.665354500001
p_1440281,35.56594,-82.52108,212,5686.556310830001
p_1440281,35.565731,-82.520576,213,5737.794179130001
p_1440281,35.565536,-82.519943,214,5799.122187070001
p_1440281,35.565525,-82.51976,215,5815.757001470001
p_1440281,35.565524,-82.519755,216,5816.223661180002
p_1440281,35.565513,-82.519572,217,5832.858478050001
p_1440281,35.565513,-82.519544,218,5835.396836610002
p_1440281,35.565511,-82.519271,219,5860.146827670002
p_1440281,35.56551,-82.519125,220,5873.383019890001
p_1440281,35.56551,-82.518532,221,5927.1418299900015
p_1440281,35.565509,-82.518447,222,5934.848360390001
p_1440281,35.565546,-82.51798,223,5977.383114130002
p_1440281,35.56553,-82.517717,224,6001.291542570001
p_1440281,35.565485,-82.517604,225,6012.687567290001
p_1440281,35.565433,-82.517474,226,6025.809249120001
p_1440281,35.565182,-82.51699,227,6077.778283200001
p_1440281,35.565159,-82.516945,228,6082.590200960001
p_1440281,35.565083,-82.516723,229,6104.410953090001
p_1440281,35.56501,-82.516382,230,6136.368130290001
p_1440281,35.564997,-82.516299,231,6144.029593780001
p_1440281,35.564821,-82.515198,232,6245.734460850001
p_1440281,35.564737,-82.514673,233,6294.233033450001
p_1440281,35.564718,-82.51457,234,6303.805660080001
p_1440281,35.564615,-82.513953,235,6360.896263660001
p_1440281,35.564572,-82.513698,236,6384.500887560001
p_1440281,35.564565,-82.513641,237,6389.726360140001
p_1440281,35.564535,-82.513383,238,6413.351453700001
p_1440281,35.564528,-82.51331,239,6420.014814680001
p_1440281,35.564511,-82.513137,240,6435.811449180002
p_1440281,35.564535,-82.513041,241,6444.912752180002
p_1440281,35.564605,-82.512767,242,6470.938552950002
p_1440281,35.564729,-82.512313,243,6514.3352094400025
p_1440281,35.564758,-82.512212,244,6524.040404400002
p_1440281,35.564793,-82.512092,245,6535.591496430003
p_1440281,35.564863,-82.51187,246,6557.163805190003
p_1440281,35.564902,-82.511755,247,6568.451602930003
p_1440281,35.565035,-82.51139,248,6604.682409320003
p_1440281,35.565101,-82.51122,249,6621.745195460003
p_1440281,35.565109,-82.511207,250,6623.220586720003
p_1440281,35.56517,-82.511047,251,6639.2268415100025
p_1440281,35.565319,-82.510749,252,6670.899115160002
p_1440281,35.565475,-82.510498,253,6699.488466480002
p_1440281,35.565784,-82.51007,254,6751.265549990002
p_1440281,35.566139,-82.50962,255,6807.971812030002
p_1440281,35.566436,-82.509246,256,6855.251882630002
p_1440281,35.566837,-82.508705,257,6921.469679770002
p_1440281,35.566867,-82.508666,258,6926.325496450002
p_1440281,35.566905,-82.508613,259,6932.717730290002
p_1440281,35.567043,-82.508445,260,6954.3136343800015
p_1440281,35.56779,-82.507522,261,7072.086146110001
p_1440281,35.56855,-82.506568,262,7192.873472420001
p_1440281,35.568977,-82.506057,263,7259.133038560001
p_1440281,35.56948,-82.505432,264,7338.660452620002
p_1440281,35.569564,-82.505325,265,7352.111993550002
p_1440281,35.570098,-82.506004,266,7437.545852620002
p_1440281,35.570419,-82.506378,267,7486.717765540002
p_1440281,35.570571,-82.506507,268,7507.239941310002
p_1440281,35.570732,-82.506645,269,7529.047812640002
p_1440281,35.571155,-82.506881,270,7580.626043450002
p_1440281,35.571048,-82.507278,271,7618.5214320700015
p_1440281,35.570991,-82.507362,272,7628.419769630002
p_1440281,35.570514,-82.50785,273,7697.396816970002
p_1440281,35.570527,-82.507838,274,7699.203394580002
p_1440281,35.57022,-82.508151,275,7743.534806750002
p_1440281,35.57006,-82.508316,276,7766.748187290002
p_1440281,35.569605,-82.508785,277,7832.748565490002
p_1440281,35.569709,-82.508945,278,7851.282778310002
p_1440281,35.569741,-82.508981,279,7856.105181540002
p_1440281,35.569765,-82.509009,280,7859.783934420002
p_1440281,35.569844,-82.509079,281,7870.604916680002
p_1440281,35.569921,-82.509122,282,7879.995393390002
p_1440281,35.569961,-82.509168,283,7886.085101220003
p_1440281,35.569985,-82.509222,284,7891.657621290003
p_1440281,35.570122,-82.509475,285,7919.172059310003
p_1440281,35.570254,-82.509725,286,7946.155113600003
p_1440281,35.570344,-82.509859,287,7961.879776750003
p_1440281,35.570417,-82.509935,288,7972.512967290003
p_1440281,35.570514,-82.509998,289,7984.696607670003
p_1440281,35.571314,-82.510321,290,8078.162091060003
p_1440281,35.571371,-82.510364,291,8085.591045170003
p_1440281,35.571418,-82.510415,292,8092.559987990003
p_1440281,35.571461,-82.510478,293,8100.001471210003
p_1440281,35.571484,-82.510545,294,8106.589279650003
p_1440281,35.571512,-82.510667,295,8118.076505470003
p_1440281,35.571542,-82.510853,296,8135.262607600003
p_1440281,35.571556,-82.510949,297,8144.102441050003
p_1440281,35.571587,-82.511023,298,8151.640842670003
p_1440281,35.571624,-82.511079,299,8158.169375380003
p_1440281,35.571677,-82.511146,300,8166.623142670002
p_1440281,35.571945,-82.511415,301,8205.077867140002
p_1440281,35.572015,-82.511486,302,8215.164603390002
p_1440281,35.572277,-82.511749,303,8252.759626430001
p_1440281,35.572405,-82.511906,304,8272.865138100002
p_1440281,35.572575,-82.512166,305,8303.051791700002
p_1440281,35.57266,-82.512324,306,8320.200259620002
p_1440281,35.57269,-82.512381,307,8326.346487830002
p_1440281,35.572757,-82.512518,308,8340.820073540002
p_1440281,35.572767,-82.512567,309,8345.398278080002
p_1440281,35.573447,-82.512643,310,8421.158909740001
p_1440281,35.57413,-82.512729,311,8497.338442110002
p_1440281,35.574249,-82.512748,312,8510.653482150003
p_1440281,35.574468,-82.512781,313,8535.135213810003
p_1440281,35.574493,-82.512786,314,8537.945776310004
p_1440281,35.574812,-82.512848,315,8573.782603370004
p_1440281,35.574965,-82.512877,316,8590.960453480004
p_1440281,35.575277,-82.512936,317,8625.987892080004
p_1440281,35.57597903221165,-82.51306820715854,318,8704.795658490004
p_1440281,35.576331053868,-82.5131452826254,319,8744.472801340004
p_1440281,35.576456569219786,-82.51324031702421,320,8760.847804200004
p_1440281,35.5765061580765,-82.51326868848531,321,8766.921099480005
p_1440281,35.576534863475246,-82.51322125522617,322,8772.271736760005
p_1440281,35.576581804310294,-82.51317794993238,323,8778.793466160005
p_1440281,35.57663390591975,-82.51316153975934,324,8784.762507940004
p_1440281,35.576708187666725,-82.51317207778146,325,8793.059323550004
p_1440281,35.57678106721971,-82.51323466152802,326,8802.936822420004
p_1440281,35.5768177055008,-82.51332897722105,327,8812.403131910005
p_1440281,35.57681981272795,-82.51342748095229,328,8821.334858990005
p_1440281,35.57678844731771,-82.5135046087218,329,8829.144206930005
p_1440281,35.57672202640907,-82.5135658572449,330,8838.370860130004
p_1440281,35.57663044892922,-82.51358363683568,331,8848.658504290004
p_1440281,35.57662787928108,-82.51372159663701,332,8861.166863660004
p_1440281,35.576574727046065,-82.51399950901343,333,8887.038809440004
p_1440281,35.57651819472875,-82.51416485014958,334,8903.285467870004
p_1440281,35.57646251892524,-82.514307022464,335,8917.576475800004
p_1440281,35.5763939948034,-82.51448184175447,336,8935.152180320005
p_1440281,35.576335749253005,-82.51458083581046,337,8946.210226990004
p_1440281,35.57625865948948,-82.51470510494462,338,8960.353749080004
p_1440281,35.57619527451752,-82.51479988648776,339,8971.456410640005
p_1440281,35.5760706544354,-82.51469272084864,340,8988.354294600005
p_1440281,35.57581,-82.514643,341,9017.623277790006
p_1440373,35.59273329236825,-82.55540862378884,1,0
p_1440373,35.59274967930634,-82.55588121623204,2,42.86725765
p_1440373,35.592771352348066,-82.55637526060552,3,87.7045391
p_1440373,35.59330551379654,-82.55635179978944,4,147.00866398
p_1440373,35.59369131216786,-82.55633411789997,5,189.84354808999998
p_1440373,35.59406359512322,-82.55631048318298,6,231.20439208
p_1440373,35.59406570953311,-82.55631048318286,7,231.43898901999998
p_1440373,35.594134956385446,-82.55630268248225,8,239.15448480999999
p_1440373,35.59414716986008,-82.55622808701091,9,246.04906239
p_1440373,35.594289752512864,-82.55552589072767,10,311.62134034999997
p_1440373,35.59431430505279,-82.55540175969786,11,323.19564027999996
p_1440373,35.59438275451879,-82.55508121495023,12,353.22078409999995
p_1440373,35.59444906584805,-82.55474641653902,13,384.44056212999993
p_1440373,35.594512555111734,-82.55443044664571,14,413.92845050999995
p_1440373,35.59455099672891,-82.5542434887045,15,431.3997431899999
p_1440373,35.594549,-82.554261,16,433.0020576399999
p_1440373,35.594575,-82.554134,17,444.8671910199999
p_1440373,35.594599,-82.554001,18,457.2106832799999
p_1440373,35.594611,-82.553914,19,465.2065035099999
p_1440373,35.594676,-82.553527,20,501.0113713699999
p_1440373,35.594677,-82.553522,21,501.4778716899999
p_1440373,35.594711,-82.553348,22,517.6911980399999
p_1440373,35.594734,-82.553214,23,530.0998830499999
p_1440373,35.594766,-82.553022,24,547.8579926399999
p_1440373,35.594794,-82.552883,25,560.8319814899999
p_1440373,35.59485,-82.552608,26,586.5160701199999
p_1440373,35.594865,-82.552535,27,593.3376519999999
p_1440373,35.594969,-82.552028,28,640.7100902999999
p_1440373,35.594983,-82.55196,29,647.0651740499999
p_1440373,35.594984,-82.551956,30,647.4442638999999
p_1440373,35.594994,-82.551905,31,652.1973209099999
p_1440373,35.594999,-82.551881,32,654.4418952699999
p_1440373,35.59502,-82.551758,33,665.8293702499999
p_1440373,35.594932,-82.551713,34,676.4105164099999
p_1440373,35.594954,-82.551598,35,687.1141442799999
p_1440373,35.595088,-82.550933,36,749.1849188099999
p_1440373,35.595175,-82.550574,37,783.1201287499999
p_1440373,35.595199,-82.550471,38,792.8266175599999
p_1440373,35.595289,-82.550523,39,803.86832035
p_1440373,35.595491,-82.550651,40,829.10436793
p_1440373,35.595678,-82.550779,41,852.87466931
p_1440373,35.595733,-82.550817,42,859.88159544
p_1440373,35.595753,-82.550722,43,868.77203276
p_1440373,35.595818,-82.550407,44,898.21473758
p_1440373,35.59583,-82.550348,45,903.72468726
p_1440373,35.595874,-82.550122,46,924.77894179
p_1440373,35.595903,-82.550039,47,932.9598383699999
p_1440373,35.595917,-82.549971,48,939.3148527599999
p_1440373,35.595918,-82.549843,49,950.9149232499999
p_1440373,35.596152,-82.549354,50,1002.2741745399999
p_1440373,35.596213,-82.549221,51,1016.0970451599999
p_1440373,35.59627736600446,-82.5490691995903,52,1031.59663213
p_1440373,35.596283,-82.549065,53,1032.3284687999999
p_1440373,35.596302,-82.549026,54,1036.4436476399999
p_1440373,35.596542,-82.548531,55,1088.60923648
p_1440373,35.596588,-82.548424,56,1099.5668314499999
p_1440373,35.596752,-82.548073,57,1136.2115236599998
p_1440373,35.597008,-82.547546,58,1191.7766798799998
p_1440373,35.597023,-82.547485,59,1197.54960915
p_1440373,35.597031,-82.547409,60,1204.49370301
p_1440373,35.59701746410718,-82.54736787597061,61,1208.51160394
p_1440373,35.59701334862078,-82.5473246441791,62,1212.45579675
p_1440373,35.59702140811507,-82.54727824908674,63,1216.75417043
p_1440373,35.59703598379343,-82.54724303099323,64,1220.33198976
p_1440373,35.597056621643674,-82.54721511219016,65,1223.74433781
p_1440373,35.59708,-82.547195,66,1226.9144942799999
p_1440373,35.59711096917421,-82.54718228952812,67,1230.53848787
p_1440373,35.597179,-82.547073,68,1242.99079042
p_1440373,35.597305,-82.546814,69,1270.3093654099998
p_1440373,35.597466,-82.546249,70,1324.53620575
p_1440373,35.597527,-82.546043,71,1344.3928752
p_1440373,35.59758,-82.545868,72,1361.30645181
p_1440373,35.597626,-82.545731,73,1374.7294745
p_1440373,35.597801,-82.545189,74,1427.54380769
p_1440373,35.598076,-82.544235,75,1519.22083353
p_1440373,35.598106,-82.544128,76,1529.47247081
p_1440373,35.598137,-82.544014,77,1540.36056331
p_1440373,35.598167,-82.543915,78,1549.9294141700002
p_1440373,35.598286,-82.543526,79,1587.5716552700003
p_1440373,35.598335,-82.543358,80,1603.7372159300003
p_1440373,35.598404,-82.543114,81,1627.1360011700003
p_1440373,35.598484,-82.54287,82,1650.9620111000004
p_1440373,35.598553,-82.542709,83,1667.4381995700003
p_1440373,35.59864,-82.542534,84,1686.0032032600002
p_1440373,35.598713,-82.542435,85,1698.0897233700002
p_1440373,35.598888,-82.542221,86,1725.5317028300003
p_1440373,35.599018,-82.542068,87,1745.5384286900003
p_1440373,35.599087,-82.541946,88,1758.9857538900003
p_1440373,35.599178,-82.541862,89,1771.6302049900003
p_1440373,35.599232,-82.541756,90,1782.9510651900002
p_1440373,35.599247,-82.541718,91,1786.7756306100002
p_1440373,35.599319,-82.541534,92,1805.2641852400002
p_1440373,35.599358,-82.541389,93,1819.0978952000003
p_1440373,35.599384,-82.541245,94,1832.4618801100003
p_1440373,35.599396,-82.541122,95,1843.6870709500004
p_1440373,35.599396,-82.541023,96,1852.6582018900003
p_1440373,35.599384,-82.540909,97,1863.0740415800003
p_1440373,35.599369,-82.540794,98,1873.6271133600003
p_1440373,35.599346,-82.540672,99,1884.9731537200003
p_1440373,35.5993,-82.540535,100,1898.3959313000003
p_1440373,35.599197,-82.540237,101,1927.7185973700002
p_1440373,35.59811,-82.537048,102,2240.8573988300004
p_1440373,35.59798,-82.536575,103,2286.0819721100006
p_1440373,35.597878,-82.536339,104,2310.2778771200005
p_1440373,35.597748,-82.536041,105,2340.8930450100006
p_1440373,35.597691,-82.53598,106,2349.2925908600005
p_1440373,35.59761,-82.53582,107,2366.3510725700003
p_1440373,35.597515,-82.535667,108,2383.7675139000003
p_1440373,35.596810351943006,-82.53461764029387,109,2506.8734339400003
p_1440373,35.596699,-82.534622,110,2519.2344191700004
p_1440373,35.59677,-82.534553,111,2529.2919347700004
p_1440373,35.596751,-82.534524,112,2532.6609623300005
p_1440373,35.596587,-82.534281,113,2561.2268822200003
p_1440373,35.596384,-82.533978,114,2596.74081813
p_1440373,35.596291,-82.533838,115,2613.09408992
p_1440373,35.596266,-82.533801,116,2617.4456823
p_1440373,35.596216,-82.533733,117,2625.7371655800002
p_1440373,35.595947,-82.533372,118,2670.0203935400004
p_1440373,35.595835,-82.533221,119,2688.5046315600002
p_1440373,35.595755,-82.533113,120,2701.7172539800004
p_1440373,35.595742,-82.533094,121,2703.9633754100005
p_1440373,35.595722,-82.533063,122,2707.5433327400006
p_1440373,35.595623,-82.532916,123,2724.8092536000004
p_1440373,35.595504,-82.532739,124,2745.5844506800004
p_1440373,35.595467,-82.53271,125,2750.4588004300003
p_1440373,35.595357,-82.53262,126,2765.1378286800004
p_1440373,35.595248,-82.532535,127,2779.4763183000005
p_1440373,35.595108,-82.532424,128,2797.9821426100007
p_1440373,35.594981,-82.532322,129,2814.8342587600005
p_1440373,35.59489,-82.532249,130,2826.9050983300003
p_1440373,35.594716,-82.532111,131,2849.9073362900003
p_1440373,35.594471,-82.531962,132,2880.2594012400004
p_1440373,35.594471,-82.53196,133,2880.4406473100003
p_1440373,35.594067,-82.531715,134,2930.4625139600003
p_1440373,35.59404,-82.5317,135,2933.7521947900004
p_1440373,35.593437,-82.531357,136,3007.5243131700004
p_1440373,35.593185,-82.531235,137,3037.5907029000005
p_1440373,35.592922,-82.531105,138,3069.0594653900002
p_1440373,35.592583,-82.530945,139,3109.3701792200004
p_1440373,35.592415,-82.530861,140,3129.5045862900006
p_1440373,35.592274,-82.530807,141,3145.8963109800006
p_1440373,35.592133,-82.530754,142,3162.2612100100005
p_1440373,35.591789,-82.530632,143,3201.9976645600004
p_1440373,35.591393,-82.530502,144,3247.4865844600004
p_1440373,35.590767,-82.530312,145,3319.0447981800003
p_1440373,35.590343,-82.53019,146,3367.3700431800003
p_1440373,35.58984,-82.530045,147,3424.7048773700003
p_1440373,35.589592,-82.529968,148,3453.0919414900004
p_1440373,35.589172,-82.529839,149,3501.1357129100006
p_1440373,35.587517,-82.529289,150,3691.4056386800007
p_1440373,35.586994,-82.529091,151,3752.1445911200008
p_1440373,35.586548,-82.528824,152,3807.2288181200006
p_1440373,35.586334,-82.528671,153,3834.725066310001
p_1440373,35.586113,-82.528496,154,3863.927857870001
p_1440373,35.585682,-82.52816,155,3920.621024820001
p_1440373,35.585343827656445,-82.52786927321351,156,3966.469644930001
p_1440373,35.585343828,-82.527873161,157,3966.8220079400007
p_1440373,35.585167,-82.527679,158,3993.1770484900007
p_1440373,35.585049,-82.527519,159,4012.7141167200007
p_1440373,35.584946,-82.527374,160,4030.1298597400005
p_1440373,35.584892,-82.527267,161,4041.5291659000004
p_1440373,35.584831,-82.527115,162,4056.8782372600003
p_1440373,35.584785,-82.526955,163,4072.2515840600004
p_1440373,35.584728,-82.526634,164,4102.02452609
p_1440373,35.584713,-82.526459,165,4117.97255616
p_1440373,35.584706853,-82.526287055,166,4133.571542199999
p_1440373,35.584408816,-82.526183566,167,4167.943678469999
p_1440373,35.583731608,-82.525983893,168,4245.229503189999
p_1440373,35.583499909,-82.525915711,169,4271.669135759999
p_1440373,35.583407823,-82.525874316,170,4282.55328718
p_1440373,35.583309796,-82.525804917,171,4295.11738428
p_1440373,35.582603062076345,-82.52508062036374,172,4397.38262994
p_1440373,35.582623,-82.525103,173,4400.3839631499995
p_1440373,35.582444,-82.524925,174,4425.97134088
p_1440373,35.581486,-82.523951,175,4564.1426187
p_1440373,35.581456,-82.523921,176,4568.440622329999
p_1440373,35.581409,-82.523871,177,4575.349398449999
p_1440373,35.58108,-82.523536,178,4622.830144529999
p_1440373,35.580559,-82.523003,179,4698.165198979999
p_1440373,35.580592050782414,-82.52303111781164,180,4702.63087279
p_1440373,35.58046,-82.522903,181,4721.325961549999
p_1440373,35.58041,-82.52285,182,4728.6643884
p_1440373,35.580379,-82.52282,183,4733.048900909999
p_1440373,35.579208,-82.521614,184,4902.840490529999
p_1440373,35.579121,-82.521523,185,4915.53732436
p_1440373,35.578262,-82.52066,186,5038.83486286
p_1440373,35.578236,-82.52063,187,5042.799196059999
p_1440373,35.577709,-82.520065,188,5120.5270084799995
p_1440373,35.577896,-82.519852,189,5148.86820103
p_1440373,35.578262,-82.519424,190,5205.02903455
p_1440373,35.578487,-82.519112,191,5242.75122125
p_1440373,35.578594,-82.518936,192,5262.636678479999
p_1440373,35.578655,-82.518776,193,5278.64073718
p_1440373,35.57877,-82.518318,194,5322.070811189999
p_1440373,35.578976,-82.517448,195,5404.17363365
p_1440373,35.578995,-82.517365,196,5411.98656613
p_1440373,35.578995,-82.517366,197,5412.07720661
p_1440373,35.579056,-82.517109,198,5436.335076079999
p_1440373,35.579104,-82.51697,199,5450.013444429999
p_1440373,35.579164,-82.516847,200,5462.998491769999
p_1440373,35.579231,-82.516746,201,5474.7912123099995
p_1440373,35.579302,-82.51665,202,5486.52879832
p_1440373,35.579615,-82.516305,203,5533.260772109999
p_1440373,35.579723,-82.516203,204,5548.39551849
p_1440373,35.579818,-82.516102,205,5562.35639347
p_1440373,35.57988,-82.516025,206,5572.155890489999
p_1440373,35.57993,-82.515963,207,5580.052463169999
p_1440373,35.579975,-82.515843,208,5592.02039156
p_1440373,35.579993,-82.515793,209,5596.97288907
p_1440373,35.580013,-82.515707,210,5605.07756883
p_1440373,35.580018,-82.515602,211,5614.61085276
p_1440373,35.580022,-82.515533,212,5620.88069277
p_1440373,35.580023,-82.51551,213,5622.968347489999
p_1440373,35.580012,-82.515392,214,5633.73319638
p_1440373,35.579961,-82.515183,215,5653.50387494
p_1440373,35.579883,-82.514943,216,5676.91558746
p_1440373,35.579833,-82.514801,217,5690.93104946
p_1440373,35.579708,-82.514438,218,5726.63678624
p_1440373,35.57966,-82.514342,219,5736.83860955
p_1440373,35.57958,-82.514194,220,5752.92397319
p_1440373,35.579419,-82.513991,221,5778.56862936
p_1440373,35.579347,-82.513911,222,5789.35732191
p_1440373,35.579279,-82.513855,223,5798.45053151
p_1440373,35.579126,-82.513754,224,5817.73722958
p_1440373,35.578825,-82.513563,225,5855.35412542
p_1440373,35.578684,-82.513465,226,5873.34419293
p_1440373,35.578552,-82.513375,227,5890.10844579
p_1440373,35.578371,-82.51324,228,5913.62496176
p_1440373,35.578169,-82.513039,229,5942.50804427
p_1440373,35.577986,-82.512812,230,5971.41498941
p_1440373,35.577963,-82.512783,231,5975.07854702
p_1440373,35.57778,-82.512528,232,6005.84371799
p_1440373,35.577607,-82.512266,233,6036.37906562
p_1440373,35.57748,-82.512397,234,6054.8058210399995
p_1440373,35.577145,-82.512732,235,6102.8011680399995
p_1440373,35.577033,-82.512843,236,6118.79019825
p_1440373,35.576903,-82.512995,237,6138.736796239999
p_1440373,35.5768,-82.513125,238,6155.15176447
p_1440373,35.576777,-82.513231,239,6165.09302686
p_1440373,35.576808,-82.513292,240,6171.604735139999
p_1440373,35.576821,-82.513363,241,6178.20003537
p_1440373,35.576814,-82.513435,242,6184.7723767
p_1440373,35.576787,-82.5135,243,6191.38201492
p_1440373,35.576744,-82.51355,244,6197.96243052
p_1440373,35.576689,-82.513578,245,6204.571493480001
p_1440373,35.57663,-82.513582,246,6211.127645940001
p_1440373,35.576629,-82.513719,247,6223.546251840001
p_1440373,35.576573,-82.513994,248,6249.235814730001
p_1440373,35.57652,-82.514159,249,6265.306445670001
p_1440373,35.576386,-82.514491,250,6298.872281660001
p_1440373,35.576337,-82.514573,251,6308.081117250001
p_1440373,35.57624290711004,-82.5144981555908,252,6320.531519100001
p_1440373,35.5761627291394,-82.51447489233847,253,6329.673861500001
p_1440373,35.575978906301785,-82.51443827098848,254,6350.337589730001
p_1440373,35.57585506455477,-82.51441599684877,255,6364.225520260001
p_1440373,35.575910654,-82.514423697,256,6370.432601150001
p_1440373,35.575082748707885,-82.51425872560749,257,6463.4988730000005
p_1440373,35.5750770358936,-82.51432545146154,258,6469.58035187
p_1440373,35.574197535,-82.51414888,259,6568.4658690900005
p_1440373,35.57413317,-82.514060436,260,6579.20238837
p_1440373,35.574114117652286,-82.51381052396272,261,6601.954318810001
p_1440373,35.574165533580214,-82.51340314506638,262,6639.319603870001
p_1440373,35.57425265493676,-82.51274642219164,263,6699.6285008800005
p_1440373,35.57449830809186,-82.512778029175,264,6727.034165540001
p_1440373,35.574493,-82.512786,265,6727.96630487
p_1440373,35.574812,-82.512848,266,6763.803131930001
p_1440373,35.574965,-82.512877,267,6780.9809820400005
p_1440373,35.575277,-82.512936,268,6816.008420640001
p_1440373,35.575484,-82.512975,269,6839.24578566
p_1440373,35.575847,-82.513046,270,6880.0320093400005
p_1440373,35.57612,-82.513099,271,6910.70029143
p_1440373,35.576218,-82.513115,272,6921.6698014
p_1440373,35.576321,-82.513144,273,6933.39619758
p_1440373,35.576387,-82.513186,274,6941.649469790001
p_1440373,35.576437,-82.513225,275,6948.2276367
p_1440373,35.576499,-82.513274,276,6956.415883590001
p_1440373,35.576532,-82.513221,277,6962.4561715400005
p_1440373,35.576576,-82.513183,278,6968.43083963
p_1440373,35.576629,-82.513164,279,6974.558260700001
p_1440373,35.576683,-82.513166,280,6980.55236606
p_1440373,35.576734,-82.513189,281,6986.58271297
p_1440373,35.576777,-82.513231,282,6992.68638283
p_1440373,35.5768,-82.513125,283,7002.62764522
p_1440373,35.576903,-82.512995,284,7019.04261345
p_1440373,35.577033,-82.512843,285,7038.98921144
p_1440373,35.577145,-82.512732,286,7054.97824165
p_1440373,35.57748,-82.512397,287,7102.97358865
p_1440373,35.577607,-82.512266,288,7121.40034407
p_1440373,35.577447,-82.51203,289,7149.1985157399995
p_1440373,35.577446,-82.512032,290,7149.411058
p_1440373,35.577324,-82.511848,291,7170.890961059999
p_1440373,35.577042,-82.511459,292,7218.031356199999
p_1440373,35.576694,-82.511024,293,7273.217471179999
p_1440373,35.57613,-82.5103,294,7363.895805309999
p_1440373,35.576023,-82.510132,295,7383.204757829999
p_1440373,35.575935,-82.509964,296,7401.294176339999
p_1440373,35.575848,-82.509796,297,7419.3239651899985
p_1440373,35.575779,-82.509621,298,7436.937433099998
p_1440373,35.575607,-82.509079,299,7489.642817189998
p_1440373,35.575478,-82.508514,300,7542.819258699998
p_1440373,35.575321,-82.507919,301,7599.496015449998
p_1440373,35.57523,-82.507637,302,7626.979570809997
p_1440373,35.575134,-82.507378,303,7652.759790629997
p_1440373,35.574986,-82.506943,304,7695.472889029997
p_1440373,35.574867,-82.506607,305,7728.668327229997
p_1440373,35.574825,-82.506485,306,7740.668749839997
p_1440373,35.574459,-82.505508,307,7838.095581729997
p_1440373,35.574379,-82.505264,308,7861.927708999998
p_1440373,35.574306,-82.504997,309,7887.449411229998
p_1440373,35.574253,-82.504738,310,7911.651909339998
p_1440373,35.57423,-82.504471,311,7935.988507699998
p_1440373,35.574234,-82.504196,312,7960.920064499998
p_1440373,35.574257,-82.503944,313,7983.904912069998
p_1440373,35.574295,-82.503677,314,8008.471826959998
p_1440373,35.57436,-82.50341,315,8033.725877999998
p_1440373,35.574455,-82.503143,316,8060.123882979999
p_1440373,35.574692,-82.502632,317,8113.387149449999
p_1440373,35.574837,-82.502319,318,8146.002930259999
p_1440373,35.574839,-82.502321,319,8146.289473099999
p_1440373,35.574856,-82.502284,320,8150.137340309999
p_1440373,35.575461,-82.500972,321,8286.699459899999
p_1440373,35.575871,-82.500123,322,8376.095821669998
p_1440373,35.576054,-82.49976,323,8414.759895109999
p_1440373,35.576162,-82.499578,324,8435.14964622
p_1440373,35.576314,-82.499371,325,8460.37805156
p_1440373,35.576495,-82.499171,326,8487.4324819
p_1440373,35.57669,-82.498993,327,8514.421657109999
p_1440373,35.576843,-82.498873,328,8534.583035589998
p_1440373,35.577014,-82.49874,329,8557.061834669998
p_1440373,35.57738,-82.498484,330,8603.832213699998
p_1440373,35.577593,-82.498345,331,8630.613575429998
p_1440373,35.5777,-82.498285,332,8643.671775739998
p_1440373,35.577876,-82.498185,333,8665.200342009999
p_1440373,35.578166,-82.49804,334,8699.95698652
p_1440373,35.578467,-82.497865,335,8736.9289163
p_1440373,35.578585,-82.497763,336,8752.956514599999
p_1440373,35.578675,-82.497655,337,8766.940116729998
p_1440373,35.579144,-82.497138,338,8836.966736679999
p_1440373,35.579374,-82.496882,339,8871.457727889998
p_1440373,35.579499,-82.496754,340,8889.539512979998
p_1440373,35.579498,-82.49675,341,8889.918669489998
p_1440373,35.579704,-82.496552,342,8918.978570739999
p_1440373,35.579819,-82.496437,343,8935.45438865
p_1440373,35.58075,-82.495628,344,9062.13045666
p_1440373,35.58136,-82.495087,345,9145.70720669
p_1440373,35.581676,-82.494865,346,9186.13148833
p_1440373,35.58182388062896,-82.49478688925286,347,9204.0013056
p_1440373,35.58199384922389,-82.49472167927699,348,9223.76405589
p_1440373,35.58207846790664,-82.49470946015879,349,9233.21770316
p_1440373,35.5821800293286,-82.49470823361209,350,9244.486620630001
p_1440373,35.58235190578297,-82.49472645233054,351,9263.627892440001
p_1440373,35.582418841392936,-82.49473963250311,352,9271.149949760002
p_1440373,35.58241863738557,-82.49473937853327,353,9271.182233050002
p_1440373,35.582691,-82.494812,354,9302.109754020003
p_1440373,35.583038,-82.494911,355,9341.641661710002
p_1440373,35.583427,-82.495018,356,9385.877866240002
p_1440373,35.583618,-82.495041,357,9407.171848570002
p_1440373,35.583775,-82.495041,358,9424.591203040001
p_1440373,35.5839,-82.49501,359,9438.741859710002
p_1440373,35.584076,-82.494972,360,9458.570690250002
p_1440373,35.58437,-82.494896,361,9491.909730260002
p_1440373,35.584518,-82.494843,362,9509.018712250003
p_1440373,35.584667,-82.494781,363,9526.479393290003
p_1440373,35.585407,-82.494209,364,9623.580908720003
p_1440373,35.586075,-82.493423,365,9726.381100160002
p_1440373,35.58643,-82.492958,366,9784.065686460002
p_1440373,35.586586,-82.49276,367,9808.997775760003
p_1440373,35.586727,-82.492523,368,9835.570669390003
p_1440373,35.586864,-82.492271,369,9863.005657770003
p_1440373,35.586983,-82.491989,370,9891.772670410004
p_1440373,35.587086,-82.491722,371,9918.534035080003
p_1440373,35.587116,-82.491638,372,9926.842912970003
p_1440373,35.58717,-82.491547,373,9937.036879540003
p_1440373,35.587223,-82.491486,374,9945.108046670002
p_1440373,35.587276,-82.49144,375,9952.316389990003
p_1440373,35.587379,-82.49144,376,9963.744381030003
p_1440373,35.587383,-82.49131,377,9975.534770090002
p_1440373,35.587387,-82.491051,378,9999.012399770001
p_1440373,35.587386,-82.491051,379,9999.12335114
p_1440373,35.587387,-82.49102,380,10001.93510267
p_1440373,35.587395,-82.490448,381,10053.783641380001
p_1440373,35.587402,-82.489969,382,10097.202840250002
p_1440373,35.587412,-82.489471,383,10142.350711950003
p_1440373,35.587413,-82.48941,384,10147.880315610002
p_1440373,35.587426,-82.488913,385,10192.947001580002
p_1440373,35.587433,-82.488573,386,10223.771317920002
p_1440373,35.587436,-82.48845,387,10234.923894920003
p_1440373,35.587436,-82.488368,388,10242.355633980003
p_1440373,35.587437,-82.488365,389,10242.649293560004
p_1440373,35.587437,-82.488182,390,10259.234759800003
p_1440373,35.587425,-82.487778,391,10295.873870540003
p_1440373,35.587395,-82.487312,392,10338.238874610002
p_1440373,35.587337,-82.486664,393,10397.319303660002
p_1440373,35.587296,-82.486298,394,10430.800753970003
p_1440373,35.58728,-82.486168,395,10442.715788370004
p_1440373,35.5872,-82.48558,396,10496.741065600003
p_1440373,35.58736,-82.485451,397,10517.997370790003
p_1440373,35.587475,-82.485397,398,10531.663183470002
p_1440373,35.587624,-82.485298,399,10550.472857060002
p_1440373,35.587719,-82.485207,400,10563.856396430001
p_1440373,35.587803,-82.485085,401,10578.317260680002
p_1440373,35.587879,-82.48497,402,10591.723693660002
p_1440373,35.587952,-82.484825,403,10607.160590930001
p_1440373,35.588039,-82.484894,404,10618.661988570002
p_1440373,35.588058,-82.484901,405,10620.863457180001
p_1440373,35.588257,-82.485031,406,10645.889648400002
p_1440373,35.588306,-82.48494,407,10655.767668650002
p_1440373,35.588364,-82.48481,408,10669.192442980002
p_1440373,35.588398,-82.484734,409,10677.045683640003
p_1440373,35.588421,-82.484673,410,10683.134653180003
p_1440375,35.588427,-82.484672,1,0
p_1440375,35.588258618967856,-82.48503690345868,2,37.98320828
p_1440375,35.58804442341412,-82.48488940420303,3,65.25021033
p_1440375,35.587898770109774,-82.485180890833,4,96.21867821000001
p_1440375,35.58771027720503,-82.48539160405537,5,124.53958887
p_1440375,35.587517,-82.485523,6,149.06862877
p_1440375,35.58739040944256,-82.48558124595473,7,164.07328753000002
p_1440375,35.58719334741674,-82.48559529350314,8,185.97462488000002
p_1440375,35.587351,-82.486925,9,307.75025285000004
p_1440375,35.58742468105278,-82.48789909140083,10,396.41084457000005
p_1440375,35.58742475880709,-82.48789551578172,11,396.73502123000003
p_1440375,35.587358,-82.491455,12,719.4197088200001
p_1440375,35.5872636694305,-82.49144438593632,13,729.9299298700001
p_1440375,35.587194,-82.491517,14,740.0819007500002
p_1440375,35.58708088698904,-82.49170426557698,15,761.1901108400002
p_1440375,35.587084,-82.491702,16,761.5919286600002
p_1440375,35.586784,-82.492412,17,834.0393802000002
p_1440375,35.586525,-82.492852,18,883.1925752800003
p_1440375,35.585332,-82.494264,19,1067.3057236100003
p_1440375,35.585345,-82.494259,20,1068.8176043900003
p_1440375,35.584669,-82.494778,21,1157.3507721000003
p_1440375,35.584519,-82.494846,22,1175.0979826000003
p_1440375,35.584371,-82.494898,23,1192.1817390100002
p_1440375,35.584075,-82.494973,24,1225.7194373300001
p_1440375,35.583775,-82.495039,25,1259.5380786800001
p_1440375,35.583619,-82.495043,26,1276.85027831
p_1440375,35.583427,-82.495015,27,1298.30355902
p_1440375,35.583038,-82.49491,28,1342.50037681
p_1440375,35.582692,-82.494812,29,1381.90370698
p_1440375,35.582359,-82.494725,30,1419.68258251
p_1440375,35.582186,-82.49471,31,1438.92524157
p_1440375,35.58217,-82.49471,32,1440.70046196
p_1440375,35.581965,-82.49472,33,1463.46352467
p_1440375,35.581508,-82.494963,34,1518.74521299
p_1440375,35.579713,-82.496532,35,1763.4654026800001
p_1440375,35.578414,-82.497893,36,1953.17643917
p_1440375,35.577594,-82.498348,37,2053.06764708
p_1440375,35.576925,-82.498814,38,2138.47089311
p_1440375,35.576458,-82.499211,39,2201.55538287
p_1440375,35.576099,-82.49966,40,2258.50228988
p_1440375,35.57455981654226,-82.50290899747947,41,2598.9380092899996
p_1440375,35.574565,-82.502899,42,2600.0113210199997
p_1440375,35.574455,-82.503143,43,2625.2726959399997
p_1440375,35.574359,-82.50341,44,2651.7151979699997
p_1440375,35.574295,-82.503677,45,2676.9377888599997
p_1440375,35.574256,-82.503936,46,2700.8104823099998
p_1440375,35.574234,-82.504196,47,2724.5044632199997
p_1440375,35.57423,-82.504463,48,2748.7109716399996
p_1440375,35.574253,-82.504737,49,2773.6786815099995
p_1440375,35.574302,-82.504997,50,2797.8655135799995
p_1440375,35.574375,-82.505264,51,2823.3872169499996
p_1440375,35.574787,-82.506378,52,2934.2309773099996
p_1440375,35.574785819512954,-82.50637023005376,53,2934.9473607399996
p_1440375,35.575292,-82.50787,54,3082.0376569999994
p_1440375,35.575694,-82.509411,55,3228.6689154899996
p_1440375,35.575842,-82.509813,56,3268.6368718799995
p_1440375,35.576159,-82.510366,57,3329.8713100399996
p_1440375,35.57706960754399,-82.51149600482618,58,3473.7427605999997
p_1440375,35.577604,-82.512281,59,3566.3621038599995
p_1440375,35.57684,-82.513042,60,3675.6483598299997
p_1440375,35.57677644677567,-82.5131953744094,61,3691.2366582799996
p_1440375,35.57682214830561,-82.51333936177777,62,3705.2384957799995
p_1440375,35.57680215388933,-82.51345876593739,63,3716.2866517599996
p_1440375,35.57674217061128,-82.51353953933902,64,3726.1809361399996
p_1440375,35.57663077297637,-82.51358519387081,65,3739.2150220999997
p_1440375,35.57662900071449,-82.51372977411022,66,3752.3217041
p_1440375,35.57657364592326,-82.51399608465366,67,3777.2299911699997
p_1440375,35.576469023352175,-82.5142916628241,68,3806.4287230299997
p_1440375,35.576334774442856,-82.51456734595648,69,3835.52006387
p_1440375,35.57622921502819,-82.51448719231588,70,3849.30250596
p_1440375,35.57590793302391,-82.51442222240719,71,3885.4323084
p_1440375,35.575910654,-82.514423697,72,3885.76246993
p_1440375,35.575082748707885,-82.51425872560749,73,3978.8287417799997
p_1440375,35.5750770358936,-82.51432545146154,74,3984.9102206499997
p_1440375,35.574197535,-82.51414888,75,4083.79573787
p_1440375,35.57413317,-82.514060436,76,4094.5322571499996
p_1440375,35.574114117652286,-82.51381052396272,77,4117.284187589999
p_1440375,35.574165533580214,-82.51340314506638,78,4154.64947265
p_1440375,35.57425265493676,-82.51274642219164,79,4214.958369659999
p_1440375,35.57449830809186,-82.512778029175,80,4242.3640343199995
p_1440375,35.574496858273335,-82.5127762599562,81,4242.591179059999
p_1440375,35.575847,-82.513046,82,4394.373258319999
p_1440375,35.57632,-82.513145,83,4447.614855999999
p_1440375,35.576507,-82.513275,84,4471.475455599999
p_1440375,35.576541,-82.513221,85,4477.655179539999
p_1440375,35.576587,-82.513183,86,4483.812491059999
p_1440375,35.576618,-82.513175,87,4487.327587349999
p_1440375,35.576675,-82.513175,88,4493.651804169999
p_1440375,35.576728,-82.513198,89,4499.890842429999
p_1440375,35.57677,-82.513236,90,4505.685603409999
p_1440375,35.576797,-82.513122,91,4516.4443747899995
p_1440375,35.577033,-82.51284,92,4553.036800999999
p_1440375,35.57748,-82.512397,93,4616.849601849999
p_1440375,35.577606,-82.512268,94,4635.074818699999
p_1440375,35.577766,-82.512496,95,4662.318880449999
p_1440375,35.577964,-82.512779,96,4696.091845319998
p_1440375,35.578166,-82.513038,97,4728.5484924799985
p_1440375,35.578369,-82.513236,98,4757.347515529998
p_1440375,35.578826,-82.513565,99,4816.171411529998
p_1440375,35.57928,-82.513854,100,4872.947336449998
p_1440375,35.579418,-82.513992,101,4892.718357709999
p_1440375,35.579578,-82.51419,102,4917.961665189999
p_1440375,35.579723,-82.514488,103,4949.400434059999
p_1440375,35.579959,-82.515182,104,5017.536468449998
p_1440375,35.580009,-82.515411,105,5039.0214434499985
p_1440375,35.580024,-82.51551,106,5048.147766879999
p_1440375,35.580017,-82.515647,107,5060.589618099999
p_1440375,35.580013,-82.515708,108,5066.136400199999
p_1440375,35.579929,-82.51596,109,5090.8057635899995
p_1440375,35.579723,-82.516204,110,5122.6100742
p_1440375,35.579612,-82.516304,111,5137.9015506
p_1440375,35.579299,-82.516647,112,5184.51241606
p_1440375,35.579162,-82.516845,113,5208.0312573
p_1440375,35.579101,-82.516967,114,5220.99613887
p_1440375,35.579055,-82.517112,115,5235.09518043
p_1440375,35.5788,-82.518173,116,5335.34020892
p_1440375,35.57879968267994,-82.51816931953752,117,5335.67566127
p_1440375,35.578649,-82.518728,118,5389.00330599
p_1440375,35.578583792430734,-82.51897229828039,119,5412.29867192
p_1440375,35.578261,-82.519413,120,5465.948614559999
p_1440375,35.577709359273186,-82.5200913241537,121,5552.703483449999
p_1440375,35.578083,-82.520491,122,5607.758074049999
p_1440375,35.580263,-82.522711,123,5922.389480649999
p_1440375,35.582591,-82.525059,124,6257.064417389999
p_1440375,35.58259099764197,-82.52505412792202,125,6257.506005189999
p_1440375,35.582662883,-82.525110076,126,6266.957317029999
p_1440375,35.583167097,-82.525636656,127,6340.493160659999
p_1440375,35.583401185,-82.525846396,128,6372.67919611
p_1440375,35.583555428,-82.525915565,129,6390.90480827
p_1440375,35.584375624,-82.526152091,130,6484.39757567
p_1440375,35.584720398,-82.526261423,131,6523.91332674
p_1440375,35.584716769,-82.526475626,132,6543.33158198
p_1440375,35.584731753,-82.526647065,133,6558.9584731
p_1440375,35.5847907,-82.526952189,134,6587.3759298800005
p_1440375,35.584841089,-82.527114689,135,6603.129359390001
p_1440375,35.584898264,-82.527265901,136,6618.231240320001
p_1440375,35.584948653,-82.527374623,137,6629.560641000001
p_1440375,35.585066545,-82.527538291,138,6649.337806330001
p_1440375,35.585154319,-82.527652832,139,6663.57198123
p_1440375,35.58530598,-82.527818883,140,6686.14726221
p_1440375,35.585607151,-82.528070034,141,6726.57894117
p_1440375,35.58560557100496,-82.52806809154039,142,6726.8273862099995
p_1440375,35.585667172853164,-82.52813024378524,143,6735.684348289999
p_1440375,35.586125416,-82.52851172,144,6797.168948029999
p_1440375,35.586765655,-82.528946404,145,6878.39760883
p_1440375,35.586994199,-82.529080726,146,6906.52575919
p_1440375,35.5873069,-82.529205745,147,6943.02368685
p_1440375,35.587470759,-82.529267462,148,6962.045074709999
p_1440375,35.587641899,-82.529327307,149,6981.792734139999
p_1440375,35.589018066,-82.529784412,150,7140.0006509899995
p_1440375,35.589440983,-82.529920729,151,7188.522995029999
p_1440375,35.589590951,-82.529965362,152,7205.646777439999
p_1440375,35.589722889,-82.530005076,153,7220.721462539999
p_1440375,35.5897249499221,-82.530006039632,154,7220.9662346
p_1440375,35.58986310596582,-82.53004679840794,155,7236.733641729999
p_1440375,35.58999509499648,-82.5300856406913,156,7251.79516266
p_1440375,35.59008931470851,-82.53011339693151,157,7262.547365519999
p_1440375,35.590140081238886,-82.5301280775043,158,7268.3349854
p_1440375,35.590228817648665,-82.53015445597883,159,7278.46650039
p_1440375,35.59029655334189,-82.53017404421122,160,7286.18869437
p_1440375,35.59041687414222,-82.53020979564873,161,7299.92602516
p_1440375,35.59052656943811,-82.53024259207787,162,7312.454549
p_1440375,35.59059801990078,-82.53026370532992,163,7320.60973136
p_1440375,35.590674496869966,-82.53028533063964,164,7329.3183537800005
p_1440375,35.590766346907785,-82.53031213135088,165,7339.79469564
p_1440375,35.59088831592925,-82.53034768638669,166,7353.70566936
p_1440375,35.590970399521964,-82.53037182625589,167,7363.07204085
p_1440375,35.59107957115219,-82.5304042437844,168,7375.53598712
p_1440375,35.59117390379592,-82.53043329836368,169,7386.32846913
p_1440375,35.59126428081754,-82.53046013077504,170,7396.64657433
p_1440375,35.59137902487933,-82.53049463488512,171,7409.755995179999
p_1440375,35.59144863663158,-82.53051731355913,172,7417.748306539999
p_1440375,35.59155175827421,-82.53055102302883,173,7429.590630729999
p_1440375,35.59163754699219,-82.53057898787769,174,7439.4406325499995
p_1440375,35.59172481694043,-82.53060761504722,175,7449.464901519999
p_1440375,35.591802247078974,-82.5306329283842,176,7458.356903759999
p_1440375,35.59188323460246,-82.53066125921112,177,7467.702202609999
p_1440375,35.59225170927232,-82.53079402346825,178,7510.3187381
p_1440375,35.59241545729118,-82.53085877854548,179,7529.411092599999
p_1440375,35.592531310304665,-82.530914155803,180,7543.210115769999
p_1440375,35.59261441452584,-82.53095369991628,181,7553.102593649999
p_1440375,35.592615,-82.530956,182,7553.320926369999
p_1440375,35.592792,-82.53104,183,7574.383151709999
p_1440375,35.592818,-82.531052,184,7577.466067319999
p_1440375,35.592923,-82.531102,185,7589.966164479999
p_1440375,35.592933,-82.531107,186,7591.164640249999
p_1440375,35.593004,-82.531142,187,7599.656789419999
p_1440375,35.593109,-82.531194,188,7612.2237205699985
p_1440375,35.593185,-82.531231,189,7621.298257449998
p_1440375,35.593369,-82.531325,190,7643.419362339999
p_1440375,35.593438,-82.53136,191,7651.706076579999
p_1440375,35.593642,-82.531475,192,7676.6242605299985
p_1440375,35.593726,-82.531523,193,7686.909349239999
p_1440375,35.593888,-82.531615,194,7706.723026139999
p_1440375,35.594063,-82.531715,195,7728.1502812399995
p_1440375,35.594204,-82.5318,196,7745.588051369999
p_1440375,35.594552,-82.532011,197,7788.67459015
p_1440375,35.59455,-82.53201,198,7788.91428467
p_1440375,35.594716,-82.532111,199,7809.481165769999
p_1440375,35.59489,-82.532249,200,7832.483403729999
p_1440375,35.594981,-82.532322,201,7844.554243299999
p_1440375,35.595108,-82.532424,202,7861.406359449999
p_1440375,35.595248,-82.532535,203,7879.91218376
p_1440375,35.595357,-82.53262,204,7894.250673379999
p_1440375,35.595467,-82.53271,205,7908.929701629999
p_1440375,35.595504,-82.532739,206,7913.804051379999
p_1440375,35.595623,-82.532916,207,7934.579248459999
p_1440375,35.595722,-82.533063,208,7951.845169319999
p_1440375,35.595742,-82.533094,209,7955.425126649999
p_1440375,35.595755,-82.533113,210,7957.671248079999
p_1440375,35.595835,-82.533221,211,7970.883870499999
p_1440375,35.595947,-82.533372,212,7989.368108519999
p_1440375,35.596216,-82.533733,213,8033.6513364799985
p_1440375,35.596266,-82.533801,214,8041.942819759998
p_1440375,35.596291,-82.533838,215,8046.294412139998
p_1440375,35.596384,-82.533978,216,8062.647683929998
p_1440375,35.596587,-82.534281,217,8098.161619839998
p_1440375,35.596646,-82.534368,218,8108.409025239998
p_1440375,35.596641941,-82.534345888,219,8110.462812299998
p_1440375,35.597555,-82.53577,220,8274.528279879998
p_1440375,35.597799,-82.536254,221,8326.070350499998
p_1440375,35.59817320544762,-82.53723904747237,222,8424.517689049999
p_1440375,35.599281,-82.540492,223,8743.893061179999
p_1440375,35.599361,-82.540859,224,8778.313843479998
p_1440375,35.59939938115217,-82.5410632028109,225,8797.3018743
p_1440375,35.599358,-82.541277,226,8817.21224721
p_1440375,35.599271,-82.541634,227,8850.97212777
p_1440375,35.599093,-82.541993,228,8889.029370819999
p_1440375,35.598815824980974,-82.54230622052073,229,8930.878689939998
p_1440375,35.598587,-82.542681,230,8973.281331209999
p_1440375,35.598448,-82.543046,231,9009.775867389999
p_1440375,35.598134537,-82.543968691,232,9100.333814599999
p_1440375,35.598073504,-82.54422202,233,9124.268153419998
p_1440375,35.598075,-82.544205,234,9125.819394089998
p_1440375,35.597533068192334,-82.54605501270775,235,9303.922885009999
p_1440375,35.59746440561392,-82.5464631524841,236,9341.684803139999
p_1440375,35.59729,-82.547008,237,9394.715282669998
p_1440375,35.59726223212063,-82.54724659320087,238,9416.554968499999
p_1440375,35.597237,-82.547409,239,9431.536157419998
p_1440375,35.59712109183225,-82.54752337764661,240,9448.053290129998
p_1440375,35.596391,-82.549038,241,9607.429975239998
p_1440375,35.596393,-82.549043,242,9607.934499299998
p_1440375,35.596392,-82.549045,243,9608.147005329998
p_1440375,35.596361,-82.549088,244,9613.344543259998
p_1440375,35.596333,-82.54915,245,9619.764725539999
p_1440375,35.596231,-82.549368,246,9642.53204158
p_1440375,35.596126,-82.549589,247,9665.70124074
p_1440375,35.595985,-82.549894,248,9697.4609769
p_1440375,35.595917,-82.549971,249,9707.73778975
p_1440375,35.595903,-82.550039,250,9714.092804139998
p_1440375,35.595874,-82.550122,251,9722.273700719998
p_1440375,35.59583,-82.550348,252,9743.327955249997
p_1440375,35.595818,-82.550407,253,9748.837904929997
p_1440375,35.595753,-82.550722,254,9778.280609749996
p_1440375,35.595713,-82.550912,255,9796.061486469996
p_1440375,35.595601,-82.551511,256,9851.748094789997
p_1440375,35.595539,-82.551839,257,9882.257662629996
p_1440375,35.595523,-82.551925,258,9890.250767509997
p_1440375,35.595507,-82.552003,259,9897.538783989998
p_1440375,35.595468,-82.552193,260,9915.292343539997
p_1440375,35.595415,-82.55245,261,9939.313085929996
p_1440375,35.595361,-82.552709,262,9963.536816529997
p_1440375,35.595349,-82.552767,263,9968.958904069998
p_1440375,35.595332,-82.552851,264,9976.801355839998
p_1440375,35.595218,-82.553401,265,10028.223392869999
p_1440375,35.595207,-82.553458,266,10033.531082729998
p_1440375,35.595178,-82.553602,267,10046.971505769998
p_1440375,35.595103,-82.553975,268,10081.782822699997
p_1440375,35.595091,-82.554035,269,10087.380798979997
p_1440375,35.595059,-82.554204,270,10103.102133529997
p_1440375,35.595039,-82.554267,271,10109.227423429997
p_1440375,35.59496,-82.554358,272,10121.262177219996
p_1440375,35.594618,-82.55475,273,10173.241167979997
p_1440375,35.594619,-82.554749,274,10173.384425579998
p_1440375,35.594597,-82.554774,275,10176.714736509997
p_1440375,35.59438,-82.555091,276,10214.197342019997
p_1440375,35.594311,-82.555418,277,10244.804038689997
p_1440375,35.594291,-82.555524,278,10254.663071239998
p_1440375,35.594236,-82.555509,279,10260.914974149999
p_1440375,35.59393,-82.555427,280,10295.669868579998
p_1440375,35.593813,-82.555389,281,10309.100202089998
p_1440375,35.593791,-82.555382,282,10311.622219849998
p_1440375,35.593616,-82.555325,283,10331.714106349998
p_1440375,35.593473,-82.555283,284,10348.030330639998
p_1440375,35.593081,-82.555159,285,10392.951583669997
p_1440375,35.592916,-82.555104,286,10411.924981549997
p_1440375,35.592881,-82.555093,287,10415.934194229996
p_1440375,35.592735,-82.555047,288,10432.660917729996
p_1440375,35.5927257476843,-82.55522002427178,289,10448.374809289997
p_1440375,35.592725603120684,-82.55526659888133,290,10452.595663889997
p_1440375,35.592730438647806,-82.55541526088153,291,10466.078836009998
p_1440378,35.63712,-82.574939,1,0
p_1440378,35.636799,-82.575176,2,41.58460185
p_1440378,35.636505,-82.575283,3,75.61384048
p_1440378,35.634993,-82.575418,4,243.81870779
p_1440378,35.634916,-82.575471,5,253.61840895
p_1440378,35.63463,-82.575667,6,289.97934815
p_1440378,35.634397,-82.575755,7,317.03214446000004
p_1440378,35.633669,-82.5758,8,397.9081469
p_1440378,35.632389,-82.575976,9,540.81894461
p_1440378,35.631979,-82.576053,10,586.8409284
p_1440378,35.630963,-82.576119,11,699.72676372
p_1440378,35.629753,-82.575963,12,834.72051495
p_1440378,35.629629,-82.575881,13,850.3556386700001
p_1440378,35.629795,-82.574849,14,945.6347146400001
p_1440378,35.630451,-82.571445,15,1262.45264795
p_1440378,35.630686,-82.570419,16,1358.97836828
p_1440378,35.630875,-82.569801,17,1418.75687415
p_1440378,35.631236,-82.568382,18,1553.38855361
p_1440378,35.631318,-82.566893,19,1688.5709634099999
p_1440378,35.631406,-82.565924,20,1776.88576109
p_1440378,35.631659,-82.564937,21,1870.59272462
p_1440378,35.631929,-82.564334,22,1932.88883877
p_1440378,35.632991,-82.563015,23,2100.69391483
p_1440378,35.633032,-82.562587,24,2139.7279528199997
p_1440378,35.632937,-82.562012,25,2192.8670973299995
p_1440378,35.632798,-82.561575,26,2235.3487444799994
p_1440378,35.632345,-82.560471,27,2347.2696230399993
p_1440378,35.632176,-82.559807,28,2410.270149199999
p_1440378,35.632082,-82.55801,29,2573.377222659999
p_1440378,35.631954,-82.557496,30,2622.053554609999
p_1440378,35.631759,-82.557106,31,2663.478995429999
p_1440378,35.631402,-82.556674,32,2719.158323219999
p_1440378,35.630517,-82.556218,33,2825.684998669999
p_1440378,35.628963,-82.555616,34,3006.522432269999
p_1440378,35.627478,-82.555067,35,3178.628015379999
p_1440378,35.627267,-82.554449,36,3239.308049429999
p_1440378,35.627019,-82.553423,37,3336.237135179999
p_1440378,35.626964,-82.553196,38,3357.686614499999
p_1440378,35.625411,-82.554035,39,3546.012566129999
p_1440378,35.624706,-82.554329,40,3628.643526039999
p_1440378,35.623312,-82.554641,41,3785.871963269999
p_1440378,35.622908,-82.554639,42,3830.696949369999
p_1440378,35.619678,-82.55432,43,4190.235209879999
p_1440378,35.61822,-82.554176,44,4352.5283401199995
p_1440378,35.617449,-82.554187,45,4438.078084479999
p_1440378,35.616922,-82.554304,46,4497.502768809999
p_1440378,35.616172,-82.554635,47,4585.955228949999
p_1440378,35.615319,-82.554873,48,4683.022454059999
p_1440378,35.615339,-82.555133,49,4706.682618659999
p_1440378,35.615447,-82.556737,50,4852.497330729999
p_1440378,35.615414,-82.556937,51,4870.983434529999
p_1440378,35.615228,-82.557262,52,4906.940170769999
p_1440378,35.614199,-82.5586,53,5073.462561799999
p_1440378,35.614173,-82.558653,54,5079.064299829999
p_1440378,35.614098,-82.558858,55,5099.416411589999
p_1440378,35.614073,-82.559101,56,5121.60648298
p_1440378,35.614183,-82.561339,57,5324.7382178
p_1440378,35.61422,-82.561416,58,5332.83272459
p_1440378,35.614307,-82.562716,59,5451.00855223
p_1440378,35.614555,-82.563009,60,5489.242327149999
p_1440378,35.614867,-82.563106,61,5524.957428579999
p_1440378,35.616923,-82.562961,62,5753.452477449999
p_1440378,35.617187,-82.562991,63,5782.869611109999
p_1440378,35.617343,-82.563129,64,5804.221308549999
p_1440378,35.61748,-82.563556,65,5845.785490369999
p_1440378,35.617665,-82.563753,66,5872.985823619999
p_1440378,35.618078,-82.563752,67,5918.809061449999
p_1440378,35.61866,-82.563672,68,5983.788553269998
p_1440378,35.618828,-82.563573,69,6004.474039479998
p_1440378,35.618998,-82.563364,70,6031.200099559998
p_1440378,35.619133,-82.563738,71,6068.245875119998
p_1440378,35.619163,-82.564092,72,6100.4888504599985
p_1440378,35.619152,-82.564724,73,6157.758024899998
p_1440378,35.619079,-82.565454,74,6224.386683779999
p_1440378,35.618981,-82.565718,75,6250.659475039999
p_1440378,35.618731,-82.566144,76,6298.187043239999
p_1440378,35.618216,-82.566712,77,6375.082991729999
p_1440378,35.618198,-82.566731,78,6377.719565659999
p_1440378,35.618106,-82.566834,79,6391.549609189999
p_1440378,35.617432,-82.567142,80,6471.367591119999
p_1440378,35.616714,-82.567794,81,6570.541619119999
p_1440378,35.616404,-82.567858,82,6605.422020329999
p_1440378,35.616068,-82.567789,83,6643.222352659999
p_1440378,35.615882,-82.567696,84,6665.513161729999
p_1440378,35.615723,-82.567521,85,6689.23219784
p_1440378,35.6157226,-82.5675213,86,6689.28424002
p_1440378,35.6156101,-82.5673869,87,6706.7218506399995
p_1440378,35.6151066,-82.5666894,88,6791.06751112
p_1440378,35.6150113,-82.5665541,89,6807.25595852
p_1440378,35.614988,-82.5665017,90,6812.66162981
p_1440378,35.6149678,-82.5664411,91,6818.5918153
p_1440378,35.6149554,-82.5663885,92,6823.5519931300005
p_1440378,35.6149487,-82.5663372,93,6828.25884379
p_1440378,35.6149465,-82.5662764,94,6833.77272633
p_1440378,35.6149514,-82.5661979,95,6840.9055714900005
p_1440378,35.6149655,-82.5661005,96,6849.86760528
p_1440378,35.6149837,-82.5660277,97,6856.76547365
p_1440378,35.6150103,-82.5659566,98,6863.8510348
p_1440378,35.6150458,-82.5658801,99,6871.82294213
p_1440378,35.6150861,-82.5658164,100,6879.12362108
p_1440378,35.6153619,-82.565459,101,6923.67557889
p_1440378,35.6160085,-82.5647327,102,7021.02424878
p_1440378,35.616008,-82.564733,103,7021.0860250999995
p_1440378,35.616724,-82.56398,104,7125.79995283
p_1440378,35.616923,-82.563838,105,7151.353949089999
p_1440378,35.617244,-82.563746,106,7187.93181555
p_1440378,35.617447,-82.563486,107,7220.52242407
p_1440378,35.617343,-82.563129,108,7254.86235586
p_1440378,35.617233,-82.563014,109,7270.9092901
p_1440378,35.61709,-82.562967,110,7287.33686313
p_1440378,35.614867,-82.563106,111,7534.30421499
p_1440378,35.614372,-82.562974,112,7590.51239203
p_1440378,35.614244,-82.563012,113,7605.125580540001
p_1440378,35.614163,-82.562891,114,7619.301217360001
p_1440378,35.614177,-82.562789,115,7628.6721382900005
p_1440378,35.614247,-82.56272,116,7638.6421546
p_1440378,35.614156,-82.561435,117,7755.501163110001
p_1440378,35.614186,-82.561386,118,7761.0498491200005
p_1440378,35.614073,-82.559101,119,7968.4521412
p_1440378,35.614098,-82.558858,120,7990.642212590001
p_1440378,35.614199,-82.5586,121,8016.564579010001
p_1440378,35.614227,-82.55856,122,8021.337931070001
p_1440378,35.615228,-82.557262,123,8183.092343300001
p_1440378,35.615414,-82.556937,124,8219.04907954
p_1440378,35.615447,-82.556737,125,8237.53518334
p_1440378,35.615319,-82.554873,126,8407.00867965
p_1440378,35.614502,-82.555012,127,8498.52696418
p_1440378,35.612859,-82.555153,128,8681.26793072
p_1440378,35.612252,-82.555176,129,8748.64792591
p_1440378,35.611642,-82.555132,130,8816.44584508
p_1440378,35.610097,-82.55466,131,8993.12033475
p_1440378,35.608454,-82.55415,132,9181.179661389999
p_1440378,35.607512,-82.553788,133,9290.72212175
p_1440378,35.606079,-82.553211,134,9458.09114411
p_1440378,35.605677,-82.553116,135,9503.51677512
p_1440378,35.604966,-82.553083,136,9582.46008454
p_1440378,35.603407,-82.553168,137,9755.60514401
p_1440378,35.602348,-82.553247,138,9873.32080836
p_1440378,35.601566,-82.553399,139,9961.171422020001
p_1440378,35.599865,-82.553979,140,10157.081578570002
p_1440378,35.599452,-82.553948,141,10202.990612810001
p_1440378,35.599127,-82.553827,142,10240.680081170001
p_1440378,35.598957,-82.553706,143,10262.497331150002
p_1440378,35.59837,-82.553056,144,10350.310573210001
p_1440378,35.598077,-82.552758,145,10392.572383150002
p_1440378,35.597784,-82.552561,146,10429.660325380002
p_1440378,35.596704,-82.552252,147,10552.716243430003
p_1440378,35.596706,-82.552241,148,10553.737469380003
p_1440378,35.596609,-82.552214,149,10564.774393910004
p_1440378,35.596397,-82.552157,150,10588.856602670005
p_1440378,35.595523,-82.551925,151,10688.081162490005
p_1440378,35.595507,-82.552003,152,10695.369178970006
p_1440378,35.595468,-82.552193,153,10713.122738520005
p_1440378,35.595415,-82.55245,154,10737.143480910005
p_1440378,35.595361,-82.552709,155,10761.367211510005
p_1440378,35.595349,-82.552767,156,10766.789299050006
p_1440378,35.595332,-82.552851,157,10774.631750820006
p_1440378,35.595218,-82.553401,158,10826.053787850007
p_1440378,35.595207,-82.553458,159,10831.361477710007
p_1440378,35.595178,-82.553602,160,10844.801900750006
p_1440378,35.595103,-82.553975,161,10879.613217680006
p_1440378,35.595091,-82.554035,162,10885.211193960005
p_1440378,35.595059,-82.554204,163,10900.932528510006
p_1440378,35.595039,-82.554267,164,10907.057818410005
p_1440378,35.59496,-82.554358,165,10919.092572200005
p_1440378,35.594618,-82.55475,166,10971.071562960005
p_1440378,35.594597,-82.554774,167,10974.258915780005
p_1440378,35.59438,-82.555091,168,11011.741521290005
p_1440378,35.594311,-82.555418,169,11042.348217960005
p_1440378,35.5942901482498,-82.55552535331925,170,11052.348224050005
p_1440378,35.594236142745686,-82.55551018658461,171,11058.495833380006
p_1440378,35.59410753057308,-82.55547506817857,172,11073.116138460005
p_1440378,35.59393,-82.555427,173,11093.289353510005
p_1440378,35.593813,-82.555389,174,11106.719687020004
p_1440378,35.593791,-82.555382,175,11109.241704780005
p_1440378,35.593616,-82.555325,176,11129.333591280005
p_1440378,35.59291798138794,-82.55510511195601,177,11209.302382630005
p_1440378,35.592880959664456,-82.55509351400933,178,11213.542338920004
p_1440378,35.59273447497199,-82.55504725609916,179,11230.326970560003
p_1440378,35.59272555814589,-82.55523021525782,180,11246.937133500003
p_1440378,35.5927280118852,-82.55535694963416,181,11258.425662730004
p_1440378,35.5927334054513,-82.55548525432845,182,11270.068664270004
p_1440378,35.59274164939751,-82.55567432651671,183,11287.227725500004
p_1440378,35.59275142462867,-82.55589927876834,184,11307.642848650004
p_1440379,35.592765010540674,-82.5559102706553,1,0
p_1440379,35.59277691304031,-82.55636694770318,2,41.40739961
p_1440379,35.592903,-82.556366,3,55.3971969
p_1440379,35.593277,-82.556351,4,96.9153087
p_1440379,35.593746,-82.556328,5,148.99328296
p_1440379,35.594067,-82.556305,6,184.66965104999997
p_1440379,35.59406570953311,-82.55631048318286,7,185.18677293999997
p_1440379,35.594134956385446,-82.55630268248225,8,192.90226872999997
p_1440379,35.59414716986008,-82.55622808701091,9,199.79684630999998
p_1440379,35.594289752512864,-82.55552589072767,10,265.36912427
p_1440379,35.59431430505279,-82.55540175969786,11,276.9434242
p_1440379,35.59438275451879,-82.55508121495023,12,306.96856801999996
p_1440379,35.59444906584805,-82.55474641653902,13,338.18834604999995
p_1440379,35.594512555111734,-82.55443044664571,14,367.67623442999997
p_1440379,35.59455099672891,-82.5542434887045,15,385.14752710999994
p_1440379,35.594533,-82.554232,16,387.39942411999994
p_1440379,35.595006,-82.551759,17,617.5720114599999
p_1440379,35.595681,-82.551944,18,694.3178297
p_1440379,35.596554,-82.55221,19,794.1329336699999
p_1440379,35.597784,-82.552561,20,934.26107757
p_1440379,35.598197,-82.55286,21,987.49538567
p_1440379,35.598383,-82.553071,22,1015.62865724
p_1440379,35.599021,-82.553727,23,1108.06561906
p_1440379,35.599848,-82.553989,24,1202.84437532
p_1440379,35.600536,-82.553728,25,1282.75904041
p_1440379,35.600554,-82.553725,26,1284.7745865
p_1440379,35.601785,-82.553341,27,1425.71882438
p_1440379,35.603177,-82.553181,28,1580.84252625
p_1440379,35.604966,-82.553083,29,1779.53361232
p_1440379,35.605677,-82.553116,30,1858.47692174
p_1440379,35.606079,-82.553211,31,1903.90255275
p_1440379,35.607574,-82.553814,32,2078.54227053
p_1440379,35.608454,-82.55415,33,2180.81611529
p_1440379,35.610302,-82.554724,34,2392.34808182
p_1440379,35.611703,-82.555142,35,2552.33874516
p_1440379,35.612252,-82.555176,36,2613.3291417600003
p_1440379,35.61279401098841,-82.55515780738335,37,2673.4888399700003
p_1440379,35.61337992174926,-82.55510559033873,38,2738.66864135
p_1440379,35.6133857120834,-82.55510611661383,39,2739.3128566200003
p_1440379,35.614502,-82.555012,40,2863.4602647700003
p_1440379,35.615319,-82.554873,41,2954.9785493000004
p_1440379,35.615339,-82.555133,42,2978.6387139000003
p_1440379,35.615447,-82.556737,43,3124.4534259700004
p_1440379,35.615414,-82.556937,44,3142.9395297700003
p_1440379,35.615228,-82.557262,45,3178.89626601
p_1440379,35.614199,-82.5586,46,3345.41865704
p_1440379,35.614173,-82.558653,47,3351.02039507
p_1440379,35.614098,-82.558858,48,3371.37250683
p_1440379,35.614073,-82.559101,49,3393.56257822
p_1440379,35.614183,-82.561339,50,3596.69431304
p_1440379,35.61422,-82.561416,51,3604.78881983
p_1440379,35.614307,-82.562716,52,3722.9646474700003
p_1440379,35.614555,-82.563009,53,3761.1984223900004
p_1440379,35.614867,-82.563106,54,3796.91352382
p_1440379,35.616923,-82.562961,55,4025.4085726900003
p_1440379,35.617187,-82.562991,56,4054.8257063500005
p_1440379,35.617343,-82.563129,57,4076.1774037900004
p_1440379,35.61748,-82.563556,58,4117.741585610001
p_1440379,35.617665,-82.563753,59,4144.94191886
p_1440379,35.618078,-82.563752,60,4190.76515669
p_1440379,35.61866,-82.563672,61,4255.74464851
p_1440379,35.618828,-82.563573,62,4276.43013472
p_1440379,35.618998,-82.563364,63,4303.1561948
p_1440379,35.619133,-82.563738,64,4340.20197036
p_1440379,35.619163,-82.564092,65,4372.4449457
p_1440379,35.619152,-82.564724,66,4429.71412014
p_1440379,35.619079,-82.565454,67,4496.34277902
p_1440379,35.618981,-82.565718,68,4522.615570280001
p_1440379,35.618731,-82.566144,69,4570.143138480001
p_1440379,35.618216,-82.566712,70,4647.03908697
p_1440379,35.618198,-82.566731,71,4649.6756609
p_1440379,35.618106,-82.566834,72,4663.50570443
p_1440379,35.617432,-82.567142,73,4743.3236863600005
p_1440379,35.616714,-82.567794,74,4842.497714360001
p_1440379,35.616404,-82.567858,75,4877.378115570001
p_1440379,35.616068,-82.567789,76,4915.178447900001
p_1440379,35.615882,-82.567696,77,4937.469256970001
p_1440379,35.615723,-82.567521,78,4961.188293080001
p_1440379,35.6157226,-82.5675213,79,4961.240335260001
p_1440379,35.6156101,-82.5673869,80,4978.677945880001
p_1440379,35.6151066,-82.5666894,81,5063.023606360001
p_1440379,35.6150113,-82.5665541,82,5079.212053760001
p_1440379,35.614988,-82.5665017,83,5084.617725050001
p_1440379,35.6149678,-82.5664411,84,5090.547910540002
p_1440379,35.6149554,-82.5663885,85,5095.508088370002
p_1440379,35.6149487,-82.5663372,86,5100.214939030002
p_1440379,35.6149465,-82.5662764,87,5105.728821570002
p_1440379,35.6149514,-82.5661979,88,5112.861666730002
p_1440379,35.6149655,-82.5661005,89,5121.823700520002
p_1440379,35.6149837,-82.5660277,90,5128.721568890001
p_1440379,35.6150103,-82.5659566,91,5135.8071300400015
p_1440379,35.6150458,-82.5658801,92,5143.779037370002
p_1440379,35.6150861,-82.5658164,93,5151.079716320001
p_1440379,35.6153619,-82.565459,94,5195.631674130002
p_1440379,35.6160085,-82.5647327,95,5292.980344020001
p_1440379,35.616008,-82.564733,96,5293.042120340001
p_1440379,35.616724,-82.56398,97,5397.756048070001
p_1440379,35.616923,-82.563838,98,5423.310044330001
p_1440379,35.617244,-82.563746,99,5459.887910790001
p_1440379,35.617447,-82.563486,100,5492.4785193100015
p_1440379,35.617343,-82.563129,101,5526.818451100002
p_1440379,35.617233,-82.563014,102,5542.865385340002
p_1440379,35.61709,-82.562967,103,5559.2929583700015
p_1440379,35.614867,-82.563106,104,5806.260310230002
p_1440379,35.614372,-82.562974,105,5862.468487270002
p_1440379,35.614244,-82.563012,106,5877.081675780002
p_1440379,35.614163,-82.562891,107,5891.2573126000025
p_1440379,35.614177,-82.562789,108,5900.628233530002
p_1440379,35.614247,-82.56272,109,5910.598249840002
p_1440379,35.614156,-82.561435,110,6027.457258350002
p_1440379,35.614186,-82.561386,111,6033.005944360002
p_1440379,35.614073,-82.559101,112,6240.408236440002
p_1440379,35.614098,-82.558858,113,6262.598307830002
p_1440379,35.614199,-82.5586,114,6288.520674250002
p_1440379,35.614227,-82.55856,115,6293.294026310003
p_1440379,35.615228,-82.557262,116,6455.048438540002
p_1440379,35.615414,-82.556937,117,6491.005174780003
p_1440379,35.615447,-82.556737,118,6509.4912785800025
p_1440379,35.615319,-82.554873,119,6678.964774890002
p_1440379,35.616347,-82.554555,120,6796.605734750003
p_1440379,35.616381,-82.554539,121,6800.647021640003
p_1440379,35.61701,-82.554277,122,6874.362009620003
p_1440379,35.617629,-82.554171,123,6943.709407640003
p_1440379,35.61822,-82.554176,124,7009.283565150003
p_1440379,35.620342,-82.55438,125,7245.447877020003
p_1440379,35.623207,-82.554652,126,7564.278999450003
p_1440379,35.624706,-82.554329,127,7733.1504297300025
p_1440379,35.625432,-82.554023,128,7818.337865780002
p_1440379,35.627568,-82.552886,129,8076.745390580002
p_1440379,35.627903,-82.552781,130,8115.112039310002
p_1440379,35.628326,-82.552748,131,8162.139890180002
p_1440379,35.629563,-82.552723,132,8299.406365760002
p_1440379,35.629902,-82.552793,133,8337.549874950002
p_1440379,35.630249,-82.553001,134,8380.413298310003
p_1440379,35.631979,-82.55442,135,8611.422208270003
p_1440379,35.634338,-82.556354,136,8926.373177200003
p_1440379,35.634564,-82.55663,137,8961.781392170004
p_1440379,35.634728,-82.556982,138,8998.491734900004
p_1440379,35.635042,-82.558596,139,9148.777675920004
p_1440379,35.635803,-82.563428,140,9594.515195320004
p_1440379,35.636067,-82.566125,141,9840.549270380005
p_1440379,35.636322,-82.568535,142,10060.663306010005
p_1440379,35.63704,-82.570989,143,10296.780238640005
p_1440379,35.637049,-82.573627,144,10535.719242470006
p_1440379,35.637116,-82.574127,145,10581.612796480005
p_1440379,35.637334,-82.574773,146,10644.926430620006
p_1440379,35.63712,-82.574939,147,10673.030370260005
p_1440380,35.644048,-82.528077,1,0
p_1440380,35.644034,-82.528223,2,13.31372655
p_1440380,35.643987,-82.528339,3,25.04255456
p_1440380,35.643914,-82.528434,4,36.85903453
p_1440380,35.643938,-82.528776,5,67.94729083
p_1440380,35.642723,-82.52887,6,203.02301271
p_1440380,35.642018,-82.528855,7,281.25624066
p_1440380,35.642002,-82.52897,8,291.82192894
p_1440380,35.641677,-82.531336,9,509.12243838000006
p_1440380,35.641698,-82.532296,10,596.1006474400001
p_1440380,35.641718,-82.532593,11,623.0912419800001
p_1440380,35.641898,-82.533255,12,686.28707091
p_1440380,35.643147,-82.535568,13,937.46143414
p_1440380,35.643108,-82.535596,14,942.47691053
p_1440380,35.643143,-82.535667,15,949.98887102
p_1440380,35.643176,-82.535818,16,964.1463147300001
p_1440380,35.643146,-82.535989,17,979.9871221800001
p_1440380,35.643046,-82.536188,18,1001.1516076200002
p_1440380,35.64289,-82.536429,19,1029.0084444800002
p_1440380,35.642811,-82.536526,20,1041.41844596
p_1440380,35.64279,-82.536607,21,1049.1156237
p_1440380,35.642771,-82.536683,22,1056.3144185200001
p_1440380,35.642751,-82.536775,23,1064.9371527300002
p_1440380,35.642729,-82.536875,24,1074.3171826200003
p_1440380,35.642813,-82.537152,25,1101.0799306600002
p_1440380,35.642906,-82.537492,26,1133.5560587700002
p_1440380,35.643024,-82.537891,27,1171.9914149600002
p_1440380,35.643047,-82.538152,28,1195.76708032
p_1440380,35.643018,-82.53829,29,1208.6730326400002
p_1440380,35.642937,-82.538441,30,1225.0375294500002
p_1440380,35.642629,-82.538849,31,1275.3690795600003
p_1440380,35.642284,-82.539241,32,1327.5774441900003
p_1440380,35.641908,-82.539405,33,1371.8608724800004
p_1440380,35.641557,-82.539528,34,1412.3671498400004
p_1440380,35.641416,-82.539603,35,1429.4225034800004
p_1440380,35.641396,-82.539613,36,1431.8192649400005
p_1440380,35.641249,-82.53975,37,1452.3126150500004
p_1440380,35.641061,-82.539915,38,1477.9724331400005
p_1440380,35.640932,-82.540005,39,1494.4436906400006
p_1440380,35.640801,-82.540097,40,1511.1974920900007
p_1440380,35.64055,-82.540239,41,1541.8728281400006
p_1440380,35.640391,-82.540262,42,1559.6368166100006
p_1440380,35.640178,-82.540265,43,1583.2712283600006
p_1440380,35.639999,-82.540305,44,1603.4594275100005
p_1440380,35.63985,-82.540379,45,1621.2982798000005
p_1440380,35.639783,-82.540431,46,1630.0984570500004
p_1440380,35.639706,-82.5405,47,1640.6835559300005
p_1440380,35.639506,-82.540828,48,1677.7640346400005
p_1440380,35.639275,-82.541318,49,1729.0136396000005
p_1440380,35.639067,-82.541772,50,1776.1671131700004
p_1440380,35.638805,-82.542361,51,1836.9205897300005
p_1440380,35.638734,-82.54244,52,1847.5627111100005
p_1440380,35.638668,-82.542513,53,1857.4288455600004
p_1440380,35.638515,-82.542631,54,1877.4887641400003
p_1440380,35.638257,-82.542747,55,1907.9816749500003
p_1440380,35.63804,-82.542916,56,1936.5121568900004
p_1440380,35.638023,-82.54294,57,1939.3901774800004
p_1440380,35.637895,-82.543128,58,1961.5632143500004
p_1440380,35.637802,-82.543366,59,1985.4621996700005
p_1440380,35.637774,-82.543437,60,1992.6040573500004
p_1440380,35.6377,-82.543704,61,2018.1431438800005
p_1440380,35.637541,-82.544127,62,2060.3225524100003
p_1440380,35.637439,-82.544464,63,2092.8766389
p_1440380,35.637318,-82.54546,64,2184.0824766
p_1440380,35.637209,-82.546227,65,2254.59814641
p_1440380,35.637159,-82.546494,66,2279.40978086
p_1440380,35.637026,-82.546784,67,2309.53785022
p_1440380,35.636914,-82.546996,68,2332.4100087
p_1440380,35.636606,-82.547432,69,2384.63396809
p_1440380,35.63652,-82.547554,70,2399.23380116
p_1440380,35.636481,-82.5476,71,2405.24077051
p_1440380,35.636359,-82.547745,72,2424.1012164999997
p_1440380,35.635715,-82.548495,73,2522.6930093299998
p_1440380,35.635385,-82.548889,74,2573.8220711199997
p_1440380,35.635365,-82.548913,75,2576.92847851
p_1440380,35.634831,-82.54955,76,2659.62919454
p_1440380,35.634713,-82.54968,77,2677.2377914
p_1440380,35.634689,-82.549707,78,2680.85327693
p_1440380,35.634687,-82.549709,79,2681.13973612
p_1440380,35.634658,-82.549741,80,2685.4703562
p_1440380,35.634309,-82.550125,81,2737.52034059
p_1440380,35.633958,-82.550469,82,2787.3955127500003
p_1440380,35.633627,-82.550702,83,2829.7529614200002
p_1440380,35.633123,-82.550948,84,2889.94885788
p_1440380,35.633116,-82.550952,85,2890.80587801
p_1440380,35.633023,-82.550997,86,2901.90033637
p_1440380,35.632733,-82.551006,87,2934.08680277
p_1440380,35.632561,-82.550944,88,2953.9797571
p_1440380,35.63217,-82.550728,89,3001.5699620299997
p_1440380,35.632117,-82.550699,90,3008.0104707799997
p_1440380,35.632114,-82.550697,91,3008.3894336799995
p_1440380,35.632112,-82.550696,92,3008.6291134699995
p_1440380,35.631845,-82.550548,93,3041.1454911999995
p_1440380,35.631627,-82.550496,94,3065.7874268499995
p_1440380,35.631436,-82.550494,95,3086.9800685099995
p_1440380,35.631034,-82.550638,96,3133.4509947899996
p_1440380,35.630724,-82.55079,97,3170.4995911299998
p_1440380,35.630357,-82.550996,98,3215.2909695099997
p_1440380,35.630191,-82.551154,99,3238.6160628499997
p_1440380,35.629772,-82.551714,100,3307.4230263399995
p_1440380,35.62954,-82.552107,101,3351.3536677199995
p_1440380,35.629379,-82.552357,102,3380.1969324799993
p_1440380,35.62940338133981,-82.55232914363212,103,3383.8962708499994
p_1440380,35.629267663076845,-82.55253189980755,104,3407.6465412799994
p_1440380,35.62918526259024,-82.55275850965047,105,3430.1176576399994
p_1440380,35.627903,-82.552781,106,3572.4020090299996
p_1440380,35.627568,-82.552886,107,3610.7686577599998
p_1440380,35.627072,-82.553139,108,3670.38236857
p_1440380,35.625411,-82.554035,109,3871.7558253899997
p_1440380,35.624706,-82.554329,110,3954.3867852999997
p_1440380,35.623312,-82.554641,111,4111.615222529999
p_1440380,35.622908,-82.554639,112,4156.44020863
p_1440380,35.619678,-82.55432,113,4515.97846914
p_1440380,35.61822,-82.554176,114,4678.27159938
p_1440380,35.617449,-82.554187,115,4763.82134374
p_1440380,35.616922,-82.554304,116,4823.24602807
p_1440380,35.616172,-82.554635,117,4911.69848821
p_1440380,35.615319,-82.554873,118,5008.76571332
p_1440380,35.615339,-82.555133,119,5032.42587792
p_1440380,35.615447,-82.556737,120,5178.2405899899995
p_1440380,35.615414,-82.556937,121,5196.726693789999
p_1440380,35.615228,-82.557262,122,5232.68343003
p_1440380,35.614199,-82.5586,123,5399.20582106
p_1440380,35.614173,-82.558653,124,5404.80755909
p_1440380,35.614098,-82.558858,125,5425.15967085
p_1440380,35.614073,-82.559101,126,5447.3497422400005
p_1440380,35.614183,-82.561339,127,5650.4814770600005
p_1440380,35.61422,-82.561416,128,5658.575983850001
p_1440380,35.614307,-82.562716,129,5776.75181149
p_1440380,35.614555,-82.563009,130,5814.98558641
p_1440380,35.614867,-82.563106,131,5850.70068784
p_1440380,35.616923,-82.562961,132,6079.195736709999
p_1440380,35.617187,-82.562991,133,6108.61287037
p_1440380,35.617343,-82.563129,134,6129.96456781
p_1440380,35.61748,-82.563556,135,6171.52874963
p_1440380,35.617665,-82.563753,136,6198.72908288
p_1440380,35.618078,-82.563752,137,6244.55232071
p_1440380,35.61866,-82.563672,138,6309.531812529999
p_1440380,35.618828,-82.563573,139,6330.217298739999
p_1440380,35.618998,-82.563364,140,6356.943358819999
p_1440380,35.619133,-82.563738,141,6393.989134379999
p_1440380,35.619163,-82.564092,142,6426.232109719999
p_1440380,35.619152,-82.564724,143,6483.501284159999
p_1440380,35.619079,-82.565454,144,6550.1299430399995
p_1440380,35.618981,-82.565718,145,6576.4027343
p_1440380,35.618731,-82.566144,146,6623.9303025
p_1440380,35.618216,-82.566712,147,6700.82625099
p_1440380,35.618198,-82.566731,148,6703.46282492
p_1440380,35.618106,-82.566834,149,6717.292868449999
p_1440380,35.617432,-82.567142,150,6797.11085038
p_1440380,35.616714,-82.567794,151,6896.28487838
p_1440380,35.616404,-82.567858,152,6931.16527959
p_1440380,35.616068,-82.567789,153,6968.96561192
p_1440380,35.615882,-82.567696,154,6991.25642099
p_1440380,35.615723,-82.567521,155,7014.9754571
p_1440380,35.6157226,-82.5675213,156,7015.0274992800005
p_1440380,35.6156101,-82.5673869,157,7032.4651099
p_1440380,35.6151066,-82.5666894,158,7116.810770380001
p_1440380,35.6150113,-82.5665541,159,7132.99921778
p_1440380,35.614988,-82.5665017,160,7138.4048890700005
p_1440380,35.6149678,-82.5664411,161,7144.335074560001
p_1440380,35.6149554,-82.5663885,162,7149.295252390001
p_1440380,35.6149487,-82.5663372,163,7154.002103050001
p_1440380,35.6149465,-82.5662764,164,7159.515985590001
p_1440380,35.6149514,-82.5661979,165,7166.648830750001
p_1440380,35.6149655,-82.5661005,166,7175.610864540001
p_1440380,35.6149837,-82.5660277,167,7182.508732910001
p_1440380,35.6150103,-82.5659566,168,7189.594294060001
p_1440380,35.6150458,-82.5658801,169,7197.566201390001
p_1440380,35.6150861,-82.5658164,170,7204.8668803400005
p_1440380,35.6153619,-82.565459,171,7249.418838150001
p_1440380,35.6160085,-82.5647327,172,7346.76750804
p_1440380,35.616008,-82.564733,173,7346.82928436
p_1440380,35.616724,-82.56398,174,7451.54321209
p_1440380,35.616923,-82.563838,175,7477.09720835
p_1440380,35.617244,-82.563746,176,7513.67507481
p_1440380,35.617447,-82.563486,177,7546.265683330001
p_1440380,35.617343,-82.563129,178,7580.605615120001
p_1440380,35.617233,-82.563014,179,7596.652549360001
p_1440380,35.61709,-82.562967,180,7613.080122390001
p_1440380,35.614867,-82.563106,181,7860.047474250001
p_1440380,35.614372,-82.562974,182,7916.255651290001
p_1440380,35.614244,-82.563012,183,7930.868839800001
p_1440380,35.614163,-82.562891,184,7945.044476620002
p_1440380,35.614177,-82.562789,185,7954.415397550001
p_1440380,35.614247,-82.56272,186,7964.385413860001
p_1440380,35.614156,-82.561435,187,8081.244422370001
p_1440380,35.614186,-82.561386,188,8086.793108380001
p_1440380,35.614073,-82.559101,189,8294.195400460001
p_1440380,35.614098,-82.558858,190,8316.38547185
p_1440380,35.614199,-82.5586,191,8342.30783827
p_1440380,35.614227,-82.55856,192,8347.08119033
p_1440380,35.615228,-82.557262,193,8508.83560256
p_1440380,35.615414,-82.556937,194,8544.7923388
p_1440380,35.615447,-82.556737,195,8563.2784426
p_1440380,35.615319,-82.554873,196,8732.75193891
p_1440380,35.614502,-82.555012,197,8824.27022344
p_1440380,35.612859,-82.555153,198,9007.01118998
p_1440380,35.612252,-82.555176,199,9074.39118517
p_1440380,35.611642,-82.555132,200,9142.18910434
p_1440380,35.610097,-82.55466,201,9318.86359401
p_1440380,35.608454,-82.55415,202,9506.922920649999
p_1440380,35.607512,-82.553788,203,9616.465381009999
p_1440380,35.606079,-82.553211,204,9783.83440337
p_1440380,35.605677,-82.553116,205,9829.26003438
p_1440380,35.604966,-82.553083,206,9908.2033438
p_1440380,35.603407,-82.553168,207,10081.34840327
p_1440380,35.602348,-82.553247,208,10199.06406762
p_1440380,35.601566,-82.553399,209,10286.91468128
p_1440380,35.599865,-82.553979,210,10482.824837830001
p_1440380,35.599452,-82.553948,211,10528.73387207
p_1440380,35.599127,-82.553827,212,10566.423340430001
p_1440380,35.598957,-82.553706,213,10588.240590410001
p_1440380,35.59837,-82.553056,214,10676.053832470001
p_1440380,35.598077,-82.552758,215,10718.315642410002
p_1440380,35.597784,-82.552561,216,10755.403584640002
p_1440380,35.596704,-82.552252,217,10878.459502690002
p_1440380,35.596706,-82.552241,218,10879.480728640003
p_1440380,35.596609,-82.552214,219,10890.517653170004
p_1440380,35.596397,-82.552157,220,10914.599861930004
p_1440380,35.595523,-82.551925,221,11013.824421750005
p_1440380,35.595507,-82.552003,222,11021.112438230006
p_1440380,35.595468,-82.552193,223,11038.865997780005
p_1440380,35.595415,-82.55245,224,11062.886740170004
p_1440380,35.595361,-82.552709,225,11087.110470770005
p_1440380,35.595349,-82.552767,226,11092.532558310006
p_1440380,35.595332,-82.552851,227,11100.375010080006
p_1440380,35.595218,-82.553401,228,11151.797047110007
p_1440380,35.595207,-82.553458,229,11157.104736970006
p_1440380,35.595178,-82.553602,230,11170.545160010006
p_1440380,35.595103,-82.553975,231,11205.356476940005
p_1440380,35.595091,-82.554035,232,11210.954453220005
p_1440380,35.595059,-82.554204,233,11226.675787770006
p_1440380,35.595039,-82.554267,234,11232.801077670005
p_1440380,35.59496,-82.554358,235,11244.835831460005
p_1440380,35.594618,-82.55475,236,11296.814822220005
p_1440380,35.594597,-82.554774,237,11300.002175040005
p_1440380,35.59438,-82.555091,238,11337.484780550005
p_1440380,35.594311,-82.555418,239,11368.091477220005
p_1440380,35.5942901482498,-82.55552535331925,240,11378.091483310005
p_1440380,35.594236142745686,-82.55551018658461,241,11384.239092640006
p_1440380,35.59410753057308,-82.55547506817857,242,11398.859397720005
p_1440380,35.59393,-82.555427,243,11419.032612770005
p_1440380,35.593813,-82.555389,244,11432.462946280004
p_1440380,35.593791,-82.555382,245,11434.984964040004
p_1440380,35.593616,-82.555325,246,11455.076850540005
p_1440380,35.59291798138794,-82.55510511195601,247,11535.045641890005
p_1440380,35.592880959664456,-82.55509351400933,248,11539.285598180004
p_1440380,35.59273447497199,-82.55504725609916,249,11556.070229820003
p_1440380,35.59272555814589,-82.55523021525782,250,11572.680392760003
p_1440380,35.5927280118852,-82.55535694963416,251,11584.168921990004
p_1440380,35.5927334054513,-82.55548525432845,252,11595.811923530004
p_1440380,35.59274164939751,-82.55567432651671,253,11612.970984760004
p_1440380,35.59275142462867,-82.55589927876834,254,11633.386107910004
p_1440381,35.592765010540674,-82.5559102706553,1,0
p_1440381,35.59277691304031,-82.55636694770318,2,41.40739961
p_1440381,35.592903,-82.556366,3,55.3971969
p_1440381,35.593277,-82.556351,4,96.9153087
p_1440381,35.593746,-82.556328,5,148.99328296
p_1440381,35.594067,-82.556305,6,184.66965104999997
p_1440381,35.59406570953311,-82.55631048318286,7,185.18677293999997
p_1440381,35.594134956385446,-82.55630268248225,8,192.90226872999997
p_1440381,35.59414716986008,-82.55622808701091,9,199.79684630999998
p_1440381,35.594289752512864,-82.55552589072767,10,265.36912427
p_1440381,35.59431430505279,-82.55540175969786,11,276.9434242
p_1440381,35.59438275451879,-82.55508121495023,12,306.96856801999996
p_1440381,35.59444906584805,-82.55474641653902,13,338.18834604999995
p_1440381,35.594512555111734,-82.55443044664571,14,367.67623442999997
p_1440381,35.59455099672891,-82.5542434887045,15,385.14752710999994
p_1440381,35.594533,-82.554232,16,387.39942411999994
p_1440381,35.595006,-82.551759,17,617.5720114599999
p_1440381,35.595681,-82.551944,18,694.3178297
p_1440381,35.596554,-82.55221,19,794.1329336699999
p_1440381,35.597784,-82.552561,20,934.26107757
p_1440381,35.598197,-82.55286,21,987.49538567
p_1440381,35.598383,-82.553071,22,1015.62865724
p_1440381,35.599021,-82.553727,23,1108.06561906
p_1440381,35.599848,-82.553989,24,1202.84437532
p_1440381,35.600536,-82.553728,25,1282.75904041
p_1440381,35.600554,-82.553725,26,1284.7745865
p_1440381,35.601785,-82.553341,27,1425.71882438
p_1440381,35.603177,-82.553181,28,1580.84252625
p_1440381,35.604966,-82.553083,29,1779.53361232
p_1440381,35.605677,-82.553116,30,1858.47692174
p_1440381,35.606079,-82.553211,31,1903.90255275
p_1440381,35.607574,-82.553814,32,2078.54227053
p_1440381,35.608454,-82.55415,33,2180.81611529
p_1440381,35.610302,-82.554724,34,2392.34808182
p_1440381,35.611703,-82.555142,35,2552.33874516
p_1440381,35.612252,-82.555176,36,2613.3291417600003
p_1440381,35.61279401098841,-82.55515780738335,37,2673.4888399700003
p_1440381,35.61337992174926,-82.55510559033873,38,2738.66864135
p_1440381,35.6133857120834,-82.55510611661383,39,2739.3128566200003
p_1440381,35.614502,-82.555012,40,2863.4602647700003
p_1440381,35.615319,-82.554873,41,2954.9785493000004
p_1440381,35.615339,-82.555133,42,2978.6387139000003
p_1440381,35.615447,-82.556737,43,3124.4534259700004
p_1440381,35.615414,-82.556937,44,3142.9395297700003
p_1440381,35.615228,-82.557262,45,3178.89626601
p_1440381,35.614199,-82.5586,46,3345.41865704
p_1440381,35.614173,-82.558653,47,3351.02039507
p_1440381,35.614098,-82.558858,48,3371.37250683
p_1440381,35.614073,-82.559101,49,3393.56257822
p_1440381,35.614183,-82.561339,50,3596.69431304
p_1440381,35.61422,-82.561416,51,3604.78881983
p_1440381,35.614307,-82.562716,52,3722.9646474700003
p_1440381,35.614555,-82.563009,53,3761.1984223900004
p_1440381,35.614867,-82.563106,54,3796.91352382
p_1440381,35.616923,-82.562961,55,4025.4085726900003
p_1440381,35.617187,-82.562991,56,4054.8257063500005
p_1440381,35.617343,-82.563129,57,4076.1774037900004
p_1440381,35.61748,-82.563556,58,4117.741585610001
p_1440381,35.617665,-82.563753,59,4144.94191886
p_1440381,35.618078,-82.563752,60,4190.76515669
p_1440381,35.61866,-82.563672,61,4255.74464851
p_1440381,35.618828,-82.563573,62,4276.43013472
p_1440381,35.618998,-82.563364,63,4303.1561948
p_1440381,35.619133,-82.563738,64,4340.20197036
p_1440381,35.619163,-82.564092,65,4372.4449457
p_1440381,35.619152,-82.564724,66,4429.71412014
p_1440381,35.619079,-82.565454,67,4496.34277902
p_1440381,35.618981,-82.565718,68,4522.615570280001
p_1440381,35.618731,-82.566144,69,4570.143138480001
p_1440381,35.618216,-82.566712,70,4647.03908697
p_1440381,35.618198,-82.566731,71,4649.6756609
p_1440381,35.618106,-82.566834,72,4663.50570443
p_1440381,35.617432,-82.567142,73,4743.3236863600005
p_1440381,35.616714,-82.567794,74,4842.497714360001
p_1440381,35.616404,-82.567858,75,4877.378115570001
p_1440381,35.616068,-82.567789,76,4915.178447900001
p_1440381,35.615882,-82.567696,77,4937.469256970001
p_1440381,35.615723,-82.567521,78,4961.188293080001
p_1440381,35.6157226,-82.5675213,79,4961.240335260001
p_1440381,35.6156101,-82.5673869,80,4978.677945880001
p_1440381,35.6151066,-82.5666894,81,5063.023606360001
p_1440381,35.6150113,-82.5665541,82,5079.212053760001
p_1440381,35.614988,-82.5665017,83,5084.617725050001
p_1440381,35.6149678,-82.5664411,84,5090.547910540002
p_1440381,35.6149554,-82.5663885,85,5095.508088370002
p_1440381,35.6149487,-82.5663372,86,5100.214939030002
p_1440381,35.6149465,-82.5662764,87,5105.728821570002
p_1440381,35.6149514,-82.5661979,88,5112.861666730002
p_1440381,35.6149655,-82.5661005,89,5121.823700520002
p_1440381,35.6149837,-82.5660277,90,5128.721568890001
p_1440381,35.6150103,-82.5659566,91,5135.8071300400015
p_1440381,35.6150458,-82.5658801,92,5143.779037370002
p_1440381,35.6150861,-82.5658164,93,5151.079716320001
p_1440381,35.6153619,-82.565459,94,5195.631674130002
p_1440381,35.6160085,-82.5647327,95,5292.980344020001
p_1440381,35.616008,-82.564733,96,5293.042120340001
p_1440381,35.616724,-82.56398,97,5397.756048070001
p_1440381,35.616923,-82.563838,98,5423.310044330001
p_1440381,35.617244,-82.563746,99,5459.887910790001
p_1440381,35.617447,-82.563486,100,5492.4785193100015
p_1440381,35.617343,-82.563129,101,5526.818451100002
p_1440381,35.617233,-82.563014,102,5542.865385340002
p_1440381,35.61709,-82.562967,103,5559.2929583700015
p_1440381,35.614867,-82.563106,104,5806.260310230002
p_1440381,35.614372,-82.562974,105,5862.468487270002
p_1440381,35.614244,-82.563012,106,5877.081675780002
p_1440381,35.614163,-82.562891,107,5891.2573126000025
p_1440381,35.614177,-82.562789,108,5900.628233530002
p_1440381,35.614247,-82.56272,109,5910.598249840002
p_1440381,35.614156,-82.561435,110,6027.457258350002
p_1440381,35.614186,-82.561386,111,6033.005944360002
p_1440381,35.614073,-82.559101,112,6240.408236440002
p_1440381,35.614098,-82.558858,113,6262.598307830002
p_1440381,35.614199,-82.5586,114,6288.520674250002
p_1440381,35.614227,-82.55856,115,6293.294026310003
p_1440381,35.615228,-82.557262,116,6455.048438540002
p_1440381,35.615414,-82.556937,117,6491.005174780003
p_1440381,35.615447,-82.556737,118,6509.4912785800025
p_1440381,35.615319,-82.554873,119,6678.964774890002
p_1440381,35.616347,-82.554555,120,6796.605734750003
p_1440381,35.616381,-82.554539,121,6800.647021640003
p_1440381,35.61701,-82.554277,122,6874.362009620003
p_1440381,35.617629,-82.554171,123,6943.709407640003
p_1440381,35.61822,-82.554176,124,7009.283565150003
p_1440381,35.620342,-82.55438,125,7245.447877020003
p_1440381,35.623207,-82.554652,126,7564.278999450003
p_1440381,35.624706,-82.554329,127,7733.1504297300025
p_1440381,35.625432,-82.554023,128,7818.337865780002
p_1440381,35.627568,-82.552886,129,8076.745390580002
p_1440381,35.627903,-82.552781,130,8115.112039310002
p_1440381,35.628326,-82.552748,131,8162.139890180002
p_1440381,35.628326,-82.552753,132,8162.592814490002
p_1440381,35.6286,-82.552758,133,8192.997071380001
p_1440381,35.628658,-82.55276,134,8199.434844700001
p_1440381,35.62874,-82.552757,135,8208.536977220001
p_1440381,35.629207,-82.552741,136,8260.371891960001
p_1440381,35.629233,-82.552585,137,8274.794418340001
p_1440381,35.62954,-82.552107,138,8329.885647860001
p_1440381,35.629772,-82.551714,139,8373.816289240001
p_1440381,35.630191,-82.551154,140,8442.623252730002
p_1440381,35.630357,-82.550996,141,8465.948346070001
p_1440381,35.630724,-82.55079,142,8510.73972445
p_1440381,35.631034,-82.550638,143,8547.788320790001
p_1440381,35.631436,-82.550494,144,8594.259247070002
p_1440381,35.631627,-82.550496,145,8615.451888730002
p_1440381,35.631845,-82.550548,146,8640.093824380001
p_1440381,35.632112,-82.550696,147,8672.610202110001
p_1440381,35.632114,-82.550697,148,8672.849881900001
p_1440381,35.632117,-82.550699,149,8673.228844800002
p_1440381,35.63217,-82.550728,150,8679.669353550002
p_1440381,35.632561,-82.550944,151,8727.259558480002
p_1440381,35.632733,-82.551006,152,8747.152512810002
p_1440381,35.633023,-82.550997,153,8779.338979210002
p_1440381,35.633116,-82.550952,154,8790.433437570002
p_1440381,35.633123,-82.550948,155,8791.290457700003
p_1440381,35.633627,-82.550702,156,8851.486354160003
p_1440381,35.633958,-82.550469,157,8893.843802830002
p_1440381,35.634309,-82.550125,158,8943.718974990003
p_1440381,35.634687,-82.549709,159,9000.099575410002
p_1440381,35.634689,-82.549707,160,9000.386034600002
p_1440381,35.634708,-82.549686,161,9003.225428430002
p_1440381,35.634831,-82.54955,162,9021.609954200001
p_1440381,35.635365,-82.548913,163,9104.310670230001
p_1440381,35.635385,-82.548889,164,9107.41707762
p_1440381,35.635715,-82.548495,165,9158.54613941
p_1440381,35.636359,-82.547745,166,9257.13793224
p_1440381,35.636456,-82.54763,167,9272.1154509
p_1440381,35.63652,-82.547554,168,9282.005316370001
p_1440381,35.636606,-82.547432,169,9296.605149440002
p_1440381,35.636914,-82.546996,170,9348.829108830001
p_1440381,35.637026,-82.546784,171,9371.701267310002
p_1440381,35.637159,-82.546494,172,9401.829336670002
p_1440381,35.637209,-82.546227,173,9426.640971120001
p_1440381,35.637318,-82.54546,174,9497.156640930001
p_1440381,35.637439,-82.544464,175,9588.36247863
p_1440381,35.637541,-82.544127,176,9620.91656512
p_1440381,35.63751,-82.544053,177,9628.45008815
p_1440381,35.637541,-82.544127,178,9635.983611180001
p_1440381,35.6377,-82.543704,179,9678.163019710002
p_1440381,35.637774,-82.543437,180,9703.702106240002
p_1440381,35.637802,-82.543366,181,9710.843963920002
p_1440381,35.637895,-82.543128,182,9734.742949240002
p_1440381,35.638023,-82.54294,183,9756.915986110002
p_1440381,35.63804,-82.542916,184,9759.794006700002
p_1440381,35.638257,-82.542747,185,9788.324488640003
p_1440381,35.638515,-82.542631,186,9818.817399450003
p_1440381,35.638668,-82.542513,187,9838.877318030003
p_1440381,35.638805,-82.542361,188,9859.385551330002
p_1440381,35.639067,-82.541772,189,9920.139027890002
p_1440381,35.639275,-82.541318,190,9967.292501460002
p_1440381,35.639506,-82.540828,191,10018.542106420002
p_1440381,35.639579,-82.540708,192,10032.096814250002
p_1440381,35.639706,-82.5405,193,10055.622598560003
p_1440381,35.639783,-82.540431,194,10066.207697440002
p_1440381,35.63985,-82.540379,195,10075.007874690002
p_1440381,35.639999,-82.540305,196,10092.846726980002
p_1440381,35.640178,-82.540265,197,10113.034926130002
p_1440381,35.640391,-82.540262,198,10136.669337880001
p_1440381,35.64055,-82.540239,199,10154.433326350001
p_1440381,35.640801,-82.540097,200,10185.108662400002
p_1440381,35.641061,-82.539915,201,10218.333687800001
p_1440381,35.641249,-82.53975,202,10243.993505890001
p_1440381,35.641396,-82.539613,203,10264.486856000001
p_1440381,35.641416,-82.539603,204,10266.883617460002
p_1440381,35.641557,-82.539528,205,10283.938971100002
p_1440381,35.641908,-82.539405,206,10324.445248460002
p_1440381,35.642284,-82.539241,207,10368.728676750003
p_1440381,35.642629,-82.538849,208,10420.937041380002
p_1440381,35.642937,-82.538441,209,10471.268591490003
p_1440381,35.643018,-82.53829,210,10487.633088300003
p_1440381,35.643047,-82.538152,211,10500.539040620002
p_1440381,35.643024,-82.537891,212,10524.314705980003
p_1440381,35.642906,-82.537492,213,10562.750062170004
p_1440381,35.642813,-82.537152,214,10595.226190280004
p_1440381,35.642729,-82.536875,215,10621.988938320004
p_1440381,35.642751,-82.536775,216,10631.368968210005
p_1440381,35.642771,-82.536683,217,10639.991702420004
p_1440381,35.642792,-82.536598,218,10648.034906910005
p_1440381,35.642766,-82.536596,219,10650.925350410005
p_1440381,35.643222,-82.535867,220,10734.105820510005
p_1440381,35.643191,-82.535644,221,10754.593285400006
p_1440381,35.641898,-82.533255,222,11014.202008830005
p_1440381,35.641718,-82.532593,223,11077.397837760005
p_1440381,35.641678,-82.531433,224,11182.552473960006
p_1440381,35.642018,-82.528855,225,11419.068728310005
p_1440381,35.642723,-82.52887,226,11497.301956260006
p_1440381,35.6438970243238,-82.5287874701724,227,11627.777049760005
p_1440381,35.6439225650113,-82.5286541652287,228,11640.178233180004
p_1440381,35.643907758422,-82.5283775753009,229,11665.282040680004
p_1440381,35.643866114201,-82.5282732546205,230,11675.799396880004
p_1440381,35.6438543299563,-82.5277521136541,231,11723.015851830003
p_1440381,35.6439539227209,-82.5277727919742,232,11734.223486500003
p_1440381,35.6440203583471,-82.527846877922,233,11744.191200240002
p_1440381,35.6440394799168,-82.5279308040076,234,11752.082682830001
p_1440381,35.644048319046,-82.5280378989187,235,11761.831417100002
p_1440382,35.59277166766536,-82.55608471535298,1,0
p_1440382,35.59276722683792,-82.55640692037963,2,29.20397227
p_1440382,35.59212774510797,-82.55644150736167,3,100.22460871999999
p_1440382,35.59118333813696,-82.55648553719818,4,205.08387979
p_1440382,35.59083755151261,-82.55651463128973,5,243.5399012
p_1440382,35.590838,-82.556464,6,248.1287395
p_1440382,35.588967,-82.556467,7,455.71901842
p_1440382,35.587177,-82.556307,8,654.8506741
p_1440382,35.585537,-82.556268,9,836.8452182799999
p_1440382,35.585248,-82.556201,10,869.4800842399999
p_1440382,35.584932,-82.556048,11,907.1833882299999
p_1440382,35.584761,-82.555961,12,927.7293854599999
p_1440382,35.581835,-82.554272,13,1286.65552789
p_1440382,35.579285,-82.553037,14,1590.92059945
p_1440382,35.578962,-82.552732,15,1636.18173814
p_1440382,35.578754,-82.552417,16,1672.89403117
p_1440382,35.578727,-82.552388,17,1676.87944943
p_1440382,35.578185,-82.551897,18,1751.69227915
p_1440382,35.576328,-82.550904,19,1976.53089991
p_1440382,35.576017,-82.55082,20,2011.86678917
p_1440382,35.574107,-82.550601,21,2224.71122101
p_1440382,35.572864,-82.550462,22,2363.19783293
p_1440382,35.572359,-82.550505,23,2419.36355421
p_1440382,35.570932,-82.550706,24,2578.73570504
p_1440382,35.570554,-82.550694,25,2620.6893119
p_1440382,35.570078,-82.550514,26,2675.96523355
p_1440382,35.569834,-82.550254,27,2711.85955125
p_1440382,35.569654,-82.549948,28,2746.0401036000003
p_1440382,35.567645,-82.545458,29,3210.1053213600003
p_1440382,35.567464,-82.545121,30,3246.66494021
p_1440382,35.567214,-82.544805,31,3286.5398322200003
p_1440382,35.567012,-82.544648,32,3313.0892349400006
p_1440382,35.566737,-82.544439,33,3349.0048438000003
p_1440382,35.566295,-82.544256,34,3400.7752533000003
p_1440382,35.565757,-82.543958,35,3466.2955707200003
p_1440382,35.565522,-82.543746,36,3498.6868514000003
p_1440382,35.565135,-82.543231,37,3562.1173014700003
p_1440382,35.565006,-82.542943,38,3591.89197485
p_1440382,35.563844,-82.54243,39,3728.9487340200003
p_1440382,35.563352,-82.542098,40,3791.2845001000005
p_1440382,35.56335396580933,-82.54210023551563,41,3791.5822339000006
p_1440382,35.563221448741345,-82.54206653150257,42,3806.5992697300007
p_1440382,35.56306608362367,-82.5423811022907,43,3839.922655290001
p_1440382,35.56289547259462,-82.54222926456224,44,3863.327993810001
p_1440382,35.56271577241439,-82.54200524982474,45,3891.7879791200007
p_1440382,35.56255885080073,-82.54190568771942,46,3911.3992257600007
p_1440382,35.562141235332334,-82.54160981384588,47,3964.9382378800005
p_1440382,35.56209567714947,-82.54169381937173,48,3974.0789221900004
p_1440382,35.56208701423185,-82.54168516626854,49,3975.3195850200004
p_1440382,35.56201242921368,-82.54189177914395,50,3995.7975430200004
p_1440382,35.56189882884388,-82.54213770953501,51,4021.4095051100003
p_1440382,35.56181703730647,-82.54221615613386,52,4032.9391476700002
p_1440382,35.56172266235302,-82.54225482699277,53,4043.98146838
p_1440382,35.561646866843816,-82.54226919045685,54,4052.49127053
p_1440382,35.561481054955735,-82.54223306967467,55,4071.1774291499996
p_1440382,35.56114130317694,-82.54215241331251,56,4109.57587651
p_1440382,35.560795067467296,-82.54206844230454,57,4148.73810634
p_1440382,35.56067461835674,-82.54208391064873,58,4162.1754204
p_1440382,35.560566759719606,-82.54216014748455,59,4175.9950160299995
p_1440382,35.56049844917408,-82.54229604793049,60,4190.460413979999
p_1440382,35.56047687741085,-82.54238885799147,61,4199.20847369
p_1440382,35.560941887,-82.542599521,62,4254.22328887
p_1440382,35.56094155207924,-82.54259993226967,63,4254.27593007
p_1440382,35.56141194455134,-82.54280829440107,64,4309.77984809
p_1440382,35.561191861288464,-82.54357315670963,65,4383.29633411
p_1440382,35.56074625875833,-82.54338277613543,66,4435.66256759
p_1440382,35.56093067668671,-82.54259705286087,67,4509.77738365
p_1440382,35.56051513137024,-82.54241526662665,68,4558.73964495
p_1440382,35.56047121354594,-82.54238884788066,69,4564.16921153
p_1440382,35.560491153613,-82.542327046394,70,4570.1931833300005
p_1440382,35.560505336497,-82.542264014482,71,4576.1204403
p_1440382,35.560536975229,-82.542194277048,72,4583.35206137
p_1440382,35.560557704047,-82.542160749435,73,4587.163748110001
p_1440382,35.560588251768,-82.542125880718,74,4591.79848354
p_1440382,35.560623163436,-82.54209369421,75,4596.64811901
p_1440382,35.560642801242,-82.54207894206,76,4599.20469338
p_1440382,35.560673348931,-82.542064189911,77,4602.84832749
p_1440382,35.56068971376,-82.542057484388,78,4604.7630904
p_1440382,35.560710442538,-82.542053461075,79,4607.09171199
p_1440382,35.560734444274,-82.542049437761,80,4609.77959039
p_1440382,35.560769355878,-82.542054802179,81,4613.6834762
p_1440382,35.561056285045,-82.542127221823,82,4646.18851402
p_1440382,35.561613775662,-82.542253285646,83,4709.08961969
p_1440382,35.56165850566,-82.542258650064,84,4714.0762257100005
p_1440382,35.561686871013,-82.542259991169,85,4717.225734760001
p_1440382,35.56171566583281,-82.5422528362744,86,4720.48573181
p_1440382,35.56175023890488,-82.54223905258094,87,4724.52005987
p_1440382,35.56181097534591,-82.54221148519397,88,4731.707354300001
p_1440382,35.561870154585,-82.54216209054,89,4739.655038600001
p_1440382,35.561903974722,-82.542111128569,90,4745.607059920001
p_1440382,35.56208000555522,-82.54168141358944,91,4789.186430830001
p_1440382,35.56212556374638,-82.54158185148412,92,4799.531643620001
p_1440382,35.56216785293019,-82.54159677621219,93,4804.414867350001
p_1440382,35.562199718391085,-82.54162370665334,94,4808.711457270001
p_1440382,35.56261603485561,-82.54191498355738,95,4861.917709550001
p_1440382,35.56273154644671,-82.54199332665928,96,4876.570296400001
p_1440382,35.56286498204199,-82.54216715041687,97,4898.192434800001
p_1440382,35.56295549220711,-82.54226040150996,98,4911.319347450001
p_1440382,35.56305905389148,-82.5423485374998,99,4925.314727830001
p_1440382,35.563090918998,-82.5422799872853,100,4932.464651940001
p_1440382,35.563121987477274,-82.54222857462457,101,4938.261819080001
p_1440382,35.56320961642203,-82.54202047575998,102,4959.485604710001
p_1440382,35.563152036897,-82.541946172714,103,4968.769416830001
p_1440382,35.562277086255,-82.541339993477,104,5080.321948600002
p_1440382,35.561552680989,-82.540792822838,105,5174.7712710800015
p_1440382,35.559689271094,-82.539199590683,106,5426.978448920002
p_1440382,35.559344513695,-82.538979649544,107,5470.115071380002
p_1440382,35.558908109796,-82.538684606552,108,5525.432059910002
p_1440382,35.558707363205,-82.538571953773,109,5549.935151870002
p_1440382,35.558092028131,-82.538405656815,110,5619.852078520003
p_1440382,35.55747,-82.5382,111,5691.3410268000025
p_1440382,35.5572,-82.53813,112,5721.962647900003
p_1440382,35.55673,-82.53806,113,5774.494315380002
p_1440382,35.55603,-82.53817,114,5852.797603010003
p_1440382,35.55545,-82.53843,115,5921.330894210003
p_1440382,35.55538,-82.53846,116,5929.559978680003
p_1440382,35.55512,-82.53857,117,5960.082587820003
p_1440382,35.555118,-82.538563,118,5960.754933200003
p_1440382,35.554505,-82.538815,119,6032.503013990003
p_1440382,35.55409,-82.538901,120,6079.203148860002
p_1440382,35.553552,-82.538863,121,6138.994005730003
p_1440382,35.55309,-82.538682,122,6192.8162702200025
p_1440382,35.552768,-82.538461,123,6233.778199130003
p_1440382,35.551689,-82.537483,124,6382.759035150003
p_1440382,35.548655,-82.535233,125,6776.380335080003
p_1440382,35.548611,-82.535199,126,6782.154134930002
p_1440382,35.547898,-82.534762,127,6870.631182880003
p_1440382,35.546161,-82.534151,128,7071.157999210002
p_1440382,35.543881,-82.533297,129,7335.713049850003
p_1440382,35.539969,-82.531773,130,7791.222174110003
p_1440382,35.53941,-82.531391,131,7862.262184430003
p_1440382,35.536264,-82.52894,132,8276.075505570003
p_1440382,35.535429,-82.528378,133,8381.813378370003
p_1440382,35.534683,-82.528016,134,8470.855509550003
p_1440382,35.53416,-82.527879,135,8530.197825280004
p_1440382,35.533589,-82.527863,136,8593.567110040003
p_1440382,35.533065,-82.527951,137,8652.250336830004
p_1440382,35.52855,-82.529121,138,9164.306531560003
p_1440382,35.527321,-82.529333,139,9302.013423600003
p_1440382,35.524947,-82.529538,140,9566.064751100002
p_1440382,35.52395,-82.529569,141,9676.717840290003
p_1440382,35.52295,-82.529509,142,9787.801422850003
p_1440382,35.521663,-82.529289,143,9931.981877110004
p_1440382,35.518845,-82.528439,144,10254.005480480004
p_1440382,35.515844,-82.527828,145,10591.547985570003
p_1440382,35.51304,-82.527107,146,10909.452571080003
p_1440382,35.510652,-82.526475,147,11180.533286310003
p_1440382,35.50786,-82.525754,148,11497.135679520003
p_1440382,35.503655,-82.524125,149,11986.527812100003
p_1440382,35.50343089963937,-82.52401429544192,150,12013.343657090003
p_1440382,35.50266260498378,-82.52357887152738,151,12107.294763160004
p_1440382,35.500132,-82.52194,152,12425.006774890004
p_1440382,35.499541,-82.521614,153,12496.940389240004
p_1440382,35.498966,-82.521387,154,12563.978649000004
p_1440382,35.498472,-82.521263,155,12619.930606730004
p_1440382,35.497277,-82.521116,156,12753.184689770003
p_1440382,35.495938,-82.521137,157,12901.758552190004
p_1440382,35.494008,-82.52144,158,13117.649102790003
p_1440382,35.493518,-82.521615,159,13174.285903350003
p_1440382,35.493088,-82.521854,160,13226.691761960003
p_1440382,35.492065,-82.522676,161,13362.506770220003
p_1440382,35.491507,-82.523053,162,13433.239028020003
p_1440382,35.490831,-82.523383,163,13513.997499920004
p_1440382,35.489458,-82.523937,164,13674.411566400004
p_1440382,35.48945,-82.52392,165,13676.191298440004
p_1440382,35.4894,-82.52394,166,13682.028087510003
p_1440382,35.48933,-82.52398,167,13690.600860410002
p_1440382,35.48857,-82.52429,168,13779.490891000003
p_1440382,35.48738,-82.52477,169,13918.519970140003
p_1440382,35.48731,-82.5248,170,13926.749731440003
p_1440382,35.48664,-82.52509,171,14005.606482040002
p_1440382,35.48622,-82.52525,172,14054.414812530002
p_1440382,35.486,-82.52533,173,14079.880392210001
p_1440382,35.48557,-82.52548,174,14129.492503750002
p_1440382,35.48491,-82.52552,175,14202.809075590001
p_1440382,35.4848,-82.52618,176,14263.93252702
p_1440382,35.484679998192036,-82.52690684800366,177,14331.22182031
p_1440382,35.48467044946764,-82.52693030143968,178,14333.59924112
p_1440382,35.48434,-82.52888,179,14514.28691523
p_1440382,35.48424,-82.52955,180,14576.09146051
p_1440382,35.48413,-82.53018,181,14634.550329970001
p_1440382,35.48389,-82.5315,182,14757.26078376
p_1440382,35.48369,-82.53268,183,14866.617932680001
p_1440382,35.4837,-82.53268,184,14867.727427270001
p_1440382,35.48366,-82.53293,185,14890.844361880001
p_1440382,35.48317,-82.53567,186,15145.367864110001
p_1440382,35.48313,-82.53603,187,15178.33732557
p_1440382,35.4831,-82.53633,188,15205.7645543
p_1440382,35.48308,-82.53668,189,15237.60391365
p_1440382,35.48308,-82.53712,190,15277.53321577
p_1440382,35.48309,-82.53755,191,15316.570801099999
p_1440382,35.48313,-82.53835,192,15389.305026139999
p_1440382,35.48314,-82.53847,193,15400.251202229998
p_1440382,35.48315,-82.53872,194,15422.965400729998
p_1440382,35.48313,-82.53912,195,15459.332499789998
p_1440382,35.4831,-82.53935,196,15480.468356809997
p_1440382,35.48304,-82.53961,197,15504.984064229997
p_1440382,35.48296,-82.53988,198,15531.044288699997
p_1440382,35.48285,-82.54014,199,15557.608462059998
p_1440382,35.48271,-82.54041,200,15586.619281489997
p_1440382,35.48256,-82.54065,201,15614.029627249996
p_1440382,35.48182,-82.54172,202,15741.189397929997
p_1440382,35.48163,-82.54199,203,15773.512060669997
p_1440382,35.48091,-82.54303,204,15897.160993069996
p_1440382,35.48088,-82.54308,205,15902.788434299997
p_1440382,35.48082,-82.54316,206,15912.638502519996
p_1440382,35.48075,-82.54327,207,15925.286441629996
p_1440382,35.4806,-82.5435,208,15951.981793449997
p_1440382,35.48047,-82.54375,209,15978.866216789997
p_1440382,35.48037,-82.544,210,16004.121637399996
p_1440382,35.48029,-82.54426,211,16029.331258749997
p_1440382,35.48024,-82.54449,212,16050.928731469996
p_1440382,35.48018,-82.54481,213,16080.722476479996
p_1440382,35.48011,-82.5453,214,16125.863932599996
p_1440382,35.47996,-82.54639,215,16226.173640949995
p_1440382,35.47992,-82.54679,216,16262.744695879996
p_1440382,35.47991,-82.54714,217,16294.527257339996
p_1440382,35.47993,-82.54747,218,16324.557500699997
p_1440382,35.47998,-82.5478,219,16355.015098269998
p_1440382,35.48002,-82.54803,220,16376.354613119998
p_1440382,35.4801,-82.54827,221,16399.87417557
p_1440382,35.48013,-82.54833,222,16406.25602148
p_1440382,35.480132166,-82.54833492,223,16406.76308447
p_1440382,35.48101873358162,-82.55067676880141,224,16640.94818081
p_1440382,35.48101873358162,-82.55067164995934,225,16641.412719469998
p_1440382,35.481989566,-82.553152945,226,16891.026977859998
p_1440382,35.483246014,-82.552650287,227,17037.7026868
p_1440382,35.483570844,-82.55264101,228,17073.75222929
p_1440382,35.483835239,-82.552710588,229,17103.75854535
p_1440382,35.484061862,-82.552845106,230,17131.70886756
p_1440382,35.484573953,-82.553413451,231,17208.443003779998
p_1440382,35.484974317,-82.553784534,232,17264.18457902
p_1440382,35.485333132,-82.553960798,233,17307.08809558
p_1440382,35.485561903,-82.554045892,234,17333.618743519997
p_1440382,35.485664746,-82.55412029,235,17346.876821939997
p_1440382,35.48574338,-82.554032622,236,17358.683801159998
p_1440382,35.485829025,-82.553965005,237,17369.994979889998
p_1440382,35.486051296,-82.553549285,238,17415.064956989998
p_1440382,35.486034349,-82.552679046,239,17494.057248899997
p_1440383,35.48597895357783,-82.55258665092313,1,0
p_1440383,35.485664,-82.552619,2,35.06702669
p_1440383,35.485386,-82.552744,3,67.93065666
p_1440383,35.485349,-82.552775,4,72.90717672
p_1440383,35.485105,-82.552982,5,105.85759543
p_1440383,35.485054,-82.553046,6,113.96609547
p_1440383,35.484965,-82.553158,7,128.13663449
p_1440383,35.48479,-82.553469,8,162.39266700000002
p_1440383,35.484726,-82.553595,9,175.85218675000002
p_1440383,35.484413,-82.553238,10,223.34446203000002
p_1440383,35.484156,-82.552952,11,261.90145105
p_1440383,35.483986,-82.552796,12,285.48452718
p_1440383,35.483862,-82.552719,13,300.91505378
p_1440383,35.483704,-82.552674,14,318.91443038
p_1440383,35.483567,-82.552647,15,334.31072001
p_1440383,35.483471,-82.552636,16,345.00854248
p_1440383,35.483336,-82.552646,17,360.01418421
p_1440383,35.483224,-82.552667,18,372.58580413
p_1440383,35.483113,-82.552702,19,385.30417635
p_1440383,35.482728,-82.552867,20,430.56810534
p_1440383,35.481944,-82.553184,21,522.18605102
p_1440383,35.481876,-82.552968,22,543.1897771
p_1440383,35.48173,-82.552535,23,585.69233473
p_1440383,35.481725,-82.552521,24,587.07866524
p_1440383,35.481722305138234,-82.55253814919492,25,588.66341461
p_1440383,35.48094459581638,-82.55045971364338,26,796.08182592
p_1440383,35.4801193148857,-82.54830752918996,27,1011.79321409
p_1440383,35.4801187233939,-82.54830680282966,28,1011.88623006
p_1440383,35.48001935328246,-82.5480358700239,29,1038.83254355
p_1440383,35.47998,-82.5478,30,1060.67895361
p_1440383,35.47993,-82.54747,31,1091.13655118
p_1440383,35.47991,-82.54714,32,1121.16679454
p_1440383,35.47992,-82.54679,33,1152.9493559999999
p_1440383,35.47996,-82.54639,34,1189.5204109299998
p_1440383,35.48011,-82.5453,35,1289.8301192799997
p_1440383,35.48018,-82.54481,36,1334.9715753999997
p_1440383,35.48024,-82.54449,37,1364.7653204099997
p_1440383,35.48029,-82.54426,38,1386.3627931299998
p_1440383,35.48037,-82.544,39,1411.5724144799997
p_1440383,35.48047,-82.54375,40,1436.8278350899998
p_1440383,35.4806,-82.5435,41,1463.7122584299998
p_1440383,35.48066,-82.54341,42,1474.2490959299998
p_1440383,35.48075,-82.54327,43,1490.4086137999998
p_1440383,35.48082,-82.54316,44,1503.0565529099997
p_1440383,35.48163,-82.54199,45,1642.1616465899997
p_1440383,35.48182,-82.54172,46,1674.4843093299996
p_1440383,35.48256,-82.54065,47,1801.6440800099997
p_1440383,35.48271,-82.54041,48,1829.0544257699996
p_1440383,35.48285,-82.54014,49,1858.0652451999997
p_1440383,35.48296,-82.53988,50,1884.6294185599997
p_1440383,35.48304,-82.53961,51,1910.6896430299998
p_1440383,35.4831,-82.53935,52,1935.2053504499997
p_1440383,35.48313,-82.53912,53,1956.3412074699997
p_1440383,35.48315,-82.53872,54,1992.7083065299998
p_1440383,35.48314,-82.53847,55,2015.42250503
p_1440383,35.48311,-82.53787,56,2069.97316372
p_1440383,35.48309,-82.53755,57,2099.0973051899996
p_1440383,35.48308,-82.53712,58,2138.1348905199998
p_1440383,35.48308,-82.53668,59,2178.06419264
p_1440383,35.4831,-82.53633,60,2209.90355199
p_1440383,35.48313,-82.53603,61,2237.33078072
p_1440383,35.48317,-82.53567,62,2270.3002421799997
p_1440383,35.48366,-82.53293,63,2524.8237444099996
p_1440383,35.48383,-82.53193,64,2617.5108075799994
p_1440383,35.48383046771498,-82.53193009450736,65,2617.5634042399993
p_1440383,35.48390265117362,-82.53151058155281,66,2656.466443799999
p_1440383,35.48413,-82.53018,67,2779.819770029999
p_1440383,35.48424,-82.52955,68,2838.278639489999
p_1440383,35.48435818258285,-82.52888608612768,69,2899.937218989999
p_1440383,35.48442121561449,-82.52856396010856,70,2929.994094229999
p_1440383,35.48459,-82.52743,71,3034.587425909999
p_1440383,35.48478,-82.52618,72,3149.962849119999
p_1440383,35.48491,-82.52552,73,3211.567752989999
p_1440383,35.48517232980899,-82.525517027475,74,3240.674359799999
p_1440383,35.48517122815606,-82.52551838041522,75,3240.847602679999
p_1440383,35.48542156466522,-82.52549995625378,76,3268.672585889999
p_1440383,35.485685206,-82.525455952,77,3298.194766309999
p_1440383,35.48670566513002,-82.52506259034153,78,3416.907925529999
p_1440383,35.4892,-82.524034,79,3708.969244329999
p_1440383,35.490982,-82.523317,80,3917.111074109999
p_1440383,35.49185,-82.522835,81,4022.8814202499993
p_1440383,35.492905,-82.521978,82,4163.40946424
p_1440383,35.49337,-82.521689,83,4221.28293004
p_1440383,35.493678,-82.521544,84,4257.9006970499995
p_1440383,35.494455,-82.521343,85,4346.016649079999
p_1440383,35.495938,-82.521137,86,4511.613266469999
p_1440383,35.497277,-82.521116,87,4660.187128889999
p_1440383,35.498472,-82.521263,88,4793.44121193
p_1440383,35.498966,-82.521387,89,4849.393169659999
p_1440383,35.49950703684577,-82.52156042555916,90,4911.449090189999
p_1440383,35.4998514381182,-82.52173940218516,91,4952.967611549999
p_1440383,35.49986468429174,-82.52174753748649,92,4954.612211619999
p_1440383,35.500132,-82.52194,93,4989.029577069999
p_1440383,35.50277,-82.523641,94,5319.910113449999
p_1440383,35.503655,-82.524125,95,5427.472151729999
p_1440383,35.504803,-82.524563,96,5560.897345499999
p_1440383,35.507092223132204,-82.52546453869216,97,5827.730671439998
p_1440383,35.50785663829605,-82.52573520965896,98,5916.025705539998
p_1440383,35.507884,-82.525761,99,5919.858486619998
p_1440383,35.510661,-82.526478,100,6234.757564419998
p_1440383,35.51065868499737,-82.52647738889503,101,6235.020328559998
p_1440383,35.511207876,-82.526609312,102,6297.117202679999
p_1440383,35.511575693,-82.526704408,103,6338.828341809999
p_1440383,35.511763973,-82.52675269,104,6360.172240649999
p_1440383,35.511884481,-82.526784932,105,6373.858780639999
p_1440383,35.511993417,-82.526813342,106,6386.216950749999
p_1440383,35.512158481,-82.526858319,107,6404.979798109999
p_1440383,35.512361487,-82.526912572,108,6428.034747859999
p_1440383,35.512772204,-82.527021994,109,6474.672376649999
p_1440383,35.513045594,-82.527097207,110,6505.762894479999
p_1440383,35.513043284725015,-82.52709635348606,111,6506.030551859999
p_1440383,35.51319793594541,-82.5271400301054,112,6523.6406128399985
p_1440383,35.513428085877294,-82.52719790162455,113,6549.709816389998
p_1440383,35.514684665138006,-82.52752661651749,114,6692.280515329998
p_1440383,35.51523606343028,-82.52765385127913,115,6754.537394579997
p_1440383,35.51550714817991,-82.5277106308811,116,6785.052086599998
p_1440383,35.515689209480016,-82.52776439502014,117,6805.832217399998
p_1440383,35.51588226106307,-82.52779604691627,118,6827.442883089998
p_1440383,35.516130136169636,-82.52785722218832,119,6855.498921199998
p_1440383,35.51672226685672,-82.52797555471757,120,6922.066986619998
p_1440383,35.517049628254924,-82.52804995828046,121,6959.009505979998
p_1440383,35.51751591482012,-82.52815962022379,122,7011.691694829998
p_1440383,35.51885263104187,-82.52842088743162,123,7161.882083779998
p_1440383,35.5191243632553,-82.5285101237399,124,7193.098511579998
p_1440383,35.519351151141464,-82.52857898865277,125,7219.024428339998
p_1440383,35.51953156334865,-82.52864122783112,126,7239.822093409998
p_1440383,35.52025450978492,-82.52885984139273,127,7322.447903829998
p_1440383,35.5205106560159,-82.5289221577058,128,7351.424037369998
p_1440383,35.520848683929586,-82.5290095109495,129,7389.756136279998
p_1440383,35.521254462483924,-82.52911297642378,130,7435.745092659998
p_1440383,35.52167706809445,-82.5292201190636,131,7483.629815119998
p_1440383,35.521957678877115,-82.52929108609126,132,7515.422107989998
p_1440383,35.52225893149152,-82.52936998588999,133,7549.603712819998
p_1440383,35.522599497120055,-82.52944960704035,134,7588.073502059998
p_1440383,35.522793394882356,-82.5294718552605,135,7609.6809338899975
p_1440383,35.523077151533386,-82.52951432742898,136,7641.398607079997
p_1440383,35.52366690599848,-82.52954868476895,137,7706.906143579998
p_1440383,35.52365624179755,-82.52954868476895,138,7708.089338759998
p_1440383,35.523787766842716,-82.52955742009303,139,7722.703562119998
p_1440383,35.524682,-82.529555,140,7821.919157879998
p_1440383,35.52703233857231,-82.52936807266828,141,8083.240351409998
p_1440383,35.527321148024285,-82.52932876001235,142,8115.481605129998
p_1440383,35.52755645225639,-82.52929130271879,143,8141.808791349998
p_1440383,35.528180662703335,-82.52919494144494,144,8211.614389379998
p_1440383,35.52903995994636,-82.52898155645235,145,8308.898161969999
p_1440383,35.52903627398253,-82.52898238172797,146,8309.313914019998
p_1440383,35.53277696440625,-82.52804028158243,147,8733.048701249998
p_1440383,35.533065,-82.527951,148,8766.016194909998
p_1440383,35.533338475812556,-82.52790230523694,149,8796.678138259998
p_1440383,35.53362635675035,-82.52787172101502,150,8828.738847059998
p_1440383,35.53362175119436,-82.52787291835101,151,8829.261245699998
p_1440383,35.53391142550373,-82.52786855068925,152,8861.403161739998
p_1440383,35.534160725484156,-82.52788886742061,153,8889.124392989997
p_1440383,35.53458190520128,-82.52797622065977,154,8936.521208969998
p_1440383,35.534774,-82.528053,155,8958.942831479999
p_1440383,35.53518596584682,-82.52824295930927,156,9007.789374819999
p_1440383,35.535429,-82.528378,157,9037.404930769999
p_1440383,35.53573843728988,-82.5285563448938,158,9075.356181529998
p_1440383,35.53613881403177,-82.52883044198875,159,9126.260116429998
p_1440383,35.53668622044526,-82.5292366873195,160,9197.295685039997
p_1440383,35.536679112131935,-82.52923231965723,161,9198.178233859997
p_1440383,35.53940097533638,-82.53138015627803,162,9557.536548349997
p_1440383,35.53997785337752,-82.531761334171,163,9630.279287989997
p_1440383,35.54047988465662,-82.53197565499906,164,9689.273337359997
p_1440383,35.54180742861651,-82.53248335641099,165,9843.592868779997
p_1440383,35.54179498986174,-82.5324778968334,166,9845.059071389996
p_1440383,35.542108603365406,-82.53259817160789,167,9881.523994359997
p_1440383,35.542882842049764,-82.53289268768495,168,9971.482106619997
p_1440383,35.54400436953337,-82.53333263331831,169,10102.155044259996
p_1440383,35.543991931119294,-82.53332717374123,170,10103.621207189997
p_1440383,35.54427116848868,-82.53343332879805,171,10136.063744759997
p_1440383,35.544727674644946,-82.5336060108051,172,10189.078636719996
p_1440383,35.546069764845086,-82.5341087724657,173,10344.806988269997
p_1440383,35.54606709953943,-82.53410658863457,174,10345.162884889996
p_1440383,35.54730097513675,-82.53452970237073,175,10487.336743549997
p_1440383,35.54787949991716,-82.53473862571425,176,10554.261674709996
p_1440383,35.548037637654474,-82.53480960021848,177,10572.950214179997
p_1440383,35.548276620505305,-82.53495264114702,178,10602.467819599997
p_1440383,35.548376187089815,-82.5350072687024,179,10614.574488319997
p_1440383,35.548712628619555,-82.53526378741056,180,10658.556611549997
p_1440383,35.548709285995486,-82.53525985651613,181,10659.070990559996
p_1440383,35.54931348627534,-82.53569454518706,182,10736.836209719995
p_1440383,35.55006530168063,-82.53624842026123,183,10834.202497169996
p_1440383,35.551427371201925,-82.53726607022364,184,11011.268221509996
p_1440383,35.55180003471595,-82.53754423380269,185,11059.700851269996
p_1440383,35.55198352771741,-82.5376998863712,186,11084.472963329996
p_1440383,35.55218825528793,-82.53788843940765,187,11112.902492089996
p_1440383,35.55232639630458,-82.53802274500951,188,11132.478123979996
p_1440383,35.55244281797235,-82.53814070003673,189,11149.248169649996
p_1440383,35.55276886437035,-82.53844373552458,190,11194.674849019997
p_1440383,35.55292477157451,-82.53856766793244,191,11215.302265779997
p_1440383,35.553090075006594,-82.53867726140881,192,11236.161689589997
p_1440383,35.553446562870406,-82.5388258937013,193,11277.947107819997
p_1440383,35.55355476364795,-82.53885810520904,194,11290.302221929996
p_1440383,35.55388967934853,-82.53890041537258,195,11327.658865879996
p_1440383,35.55405921189353,-82.53889458419452,196,11346.476058569995
p_1440383,35.55418375264345,-82.53888257312916,197,11360.336797109994
p_1440383,35.55434631966784,-82.53886128077721,198,11378.476753299994
p_1440383,35.55440050861293,-82.53884271821539,199,11384.720182829995
p_1440383,35.55458078603192,-82.53877337010577,200,11405.687093909995
p_1440383,35.55470914903039,-82.53872969614463,201,11420.469313719996
p_1440383,35.55524392762912,-82.53851403959503,202,11482.942162989995
p_1440383,35.555243047819005,-82.53851473724956,203,11483.058481209995
p_1440383,35.55566568578516,-82.53834118805096,204,11532.520151719995
p_1440383,35.556148913120396,-82.53813655663424,205,11589.254015929995
p_1440383,35.5565685086915,-82.5380756689803,206,11636.134644259995
p_1440383,35.55685883712046,-82.53801256385498,207,11668.850988939996
p_1440383,35.55707918571137,-82.53801710801321,208,11693.302314719997
p_1440383,35.55824680976359,-82.5383449747628,209,11826.217821289996
p_1440383,35.558999108,-82.538635157,210,11913.734026949996
p_1440383,35.55965722730538,-82.53907935719104,211,11997.122408799996
p_1440383,35.5605410833701,-82.53985555901693,212,12117.823936239996
p_1440383,35.56143503483102,-82.54061717259187,213,12238.676309349996
p_1440383,35.56157842017571,-82.54082607231712,214,12263.410276779996
p_1440383,35.56188465237534,-82.54106546048477,215,12303.726961809996
p_1440383,35.56271662223632,-82.5416682366652,216,12410.997901519997
p_1440383,35.563238818543724,-82.54199246644413,217,12475.965962649996
p_1440383,35.56306626,-82.542385965,218,12516.452747849997
p_1440383,35.562890714,-82.542227291,219,12540.666084629996
p_1440383,35.562730810270025,-82.54203939557159,220,12565.261386989996
p_1440383,35.56237766496845,-82.54175295022283,221,12612.267705469996
p_1440383,35.562127146885715,-82.54157607506167,222,12644.356756099996
p_1440383,35.56208881184263,-82.54168627115054,223,12655.214802039996
p_1440383,35.56208701423185,-82.54168516626854,224,12655.437989329996
p_1440383,35.56201242921368,-82.54189177914395,225,12675.915947329995
p_1440383,35.56189882884388,-82.54213770953501,226,12701.527909419996
p_1440383,35.56181703730647,-82.54221615613386,227,12713.057551979997
p_1440383,35.56172266235302,-82.54225482699277,228,12724.099872689996
p_1440383,35.561646866843816,-82.54226919045685,229,12732.609674839996
p_1440383,35.561481054955735,-82.54223306967467,230,12751.295833459995
p_1440383,35.56114130317694,-82.54215241331251,231,12789.694280819995
p_1440383,35.560795067467296,-82.54206844230454,232,12828.856510649995
p_1440383,35.56067461835674,-82.54208391064873,233,12842.293824709996
p_1440383,35.560566759719606,-82.54216014748455,234,12856.113420339996
p_1440383,35.56049844917408,-82.54229604793049,235,12870.578818289996
p_1440383,35.56047687741085,-82.54238885799147,236,12879.326877999996
p_1440383,35.560941887,-82.542599521,237,12934.341693179997
p_1440383,35.561012574,-82.542630827,238,12942.682245039996
p_1440383,35.560772331,-82.543477387,239,13023.929028109997
p_1440383,35.561236121,-82.543671847,240,13078.323232609997
p_1440383,35.561466218,-82.542840976,241,13157.858878839997
p_1440383,35.560945447,-82.542596163,242,13219.755092759997
p_1440383,35.560476335,-82.542390016,243,13275.057284819997
p_1440383,35.560510855,-82.542271422,244,13286.470968849997
p_1440383,35.560568386,-82.542159356,245,13298.469746849996
p_1440383,35.560677254,-82.54208537,246,13312.286219249996
p_1440383,35.560729842,-82.542077105,247,13318.168822219995
p_1440383,35.560795456,-82.542069371,248,13325.482442249995
p_1440383,35.560872862,-82.542086458,249,13334.209300759994
p_1440383,35.561106528,-82.542143035,250,13360.637292979995
p_1440383,35.561609525,-82.542263665,251,13417.506729969995
p_1440383,35.56170318,-82.542264005,252,13427.897881839996
p_1440383,35.561803303,-82.542229151,253,13439.447286459996
p_1440383,35.56190254,-82.542135481,254,13453.352158389996
p_1440383,35.562017725,-82.541871897,255,13480.451328529996
p_1440383,35.562130234,-82.541572414,256,13510.334449529997
p_1440383,35.56216572,-82.541604318,257,13515.219891869998
p_1440383,35.562383929,-82.541765788,258,13543.511956409999
p_1440383,35.562633796,-82.541960247,259,13576.365590439998
p_1440383,35.562727271,-82.542044218,260,13589.230811009998
p_1440383,35.562815353,-82.542139238,261,13602.258281779998
p_1440383,35.562916018,-82.542254146,262,13617.531331459997
p_1440383,35.56307418,-82.542384554,263,13638.690578239997
p_1440383,35.563166181,-82.54215334,264,13662.005352999997
p_1440383,35.563223711,-82.541997753,265,13677.487627329996
p_1440383,35.563916278415064,-82.54246176736632,266,13765.089758919996
p_1440383,35.56499804401676,-82.54293526189757,267,13892.557800179995
p_1440383,35.565410417291105,-82.54357175452034,268,13966.197894699995
p_1440383,35.56577489265214,-82.54395570866224,269,14019.553981429995
p_1440383,35.565942434271264,-82.54403373589103,270,14039.443248549995
p_1440383,35.565951306,-82.544043564,271,14040.770925159995
p_1440383,35.566740873,-82.544388956,272,14133.801734389996
p_1440383,35.567046,-82.544545,273,14170.492512309995
p_1440383,35.56720331287117,-82.54474756435503,274,14195.827297199994
p_1440383,35.567205677692456,-82.54475047156293,275,14196.199185799995
p_1440383,35.567421896,-82.544992871,276,14228.731885079995
p_1440383,35.567674408,-82.545425838,277,14276.955096199994
p_1440383,35.569715431,-82.549922506,278,14743.265427129994
p_1440383,35.56971374419955,-82.54991839367847,279,14743.682554459994
p_1440383,35.570006118696824,-82.55036769910633,280,14795.752014009995
p_1440383,35.570266,-82.550592,281,14831.034241239995
p_1440383,35.570488,-82.550678,282,14856.869664489996
p_1440383,35.570845,-82.550714,283,14896.613400409995
p_1440383,35.571933,-82.550566,284,15018.071402679994
p_1440383,35.572864,-82.550462,285,15121.796179589994
p_1440383,35.574533,-82.550644,286,15307.707039609993
p_1440383,35.576017,-82.55082,287,15473.129619969994
p_1440383,35.576378,-82.550924,288,15514.277397689993
p_1440383,35.578185,-82.551897,289,15733.307357999993
p_1440383,35.578667,-82.552324,290,15799.321967779993
p_1440383,35.579051,-82.552835,291,15862.254523999993
p_1440383,35.579285,-82.553037,292,15894.023811679992
p_1440383,35.581838,-82.554274,293,16198.665087099991
p_1440383,35.584761,-82.555961,294,16557.21285455999
p_1440383,35.584988,-82.556076,295,16584.47030859999
p_1440383,35.585248,-82.556201,296,16615.46256639999
p_1440383,35.585537,-82.556268,297,16648.09743235999
p_1440383,35.587177,-82.556307,298,16830.091976539992
p_1440383,35.588777,-82.556457,299,17008.133957399994
p_1440383,35.588776,-82.556442,300,17009.497919359994
p_1440383,35.588867,-82.55645,301,17019.620495389994
p_1440383,35.589642,-82.556473,302,17105.633095769994
p_1440383,35.589996,-82.55648,303,17144.915019839995
p_1440383,35.590584,-82.556465,304,17210.168618909996
p_1440383,35.591179,-82.556435,305,17276.240684839995
p_1440383,35.592781044804426,-82.55634173718556,306,17454.190721559997
p_1440383,35.592772355922435,-82.55607918795283,307,17478.003753529996
p_1440384,35.48597895357783,-82.55258665092313,1,0
p_1440384,35.485664,-82.552619,2,35.06702669
p_1440384,35.485386,-82.552744,3,67.93065666
p_1440384,35.485349,-82.552775,4,72.90717672
p_1440384,35.485105,-82.552982,5,105.85759543
p_1440384,35.485054,-82.553046,6,113.96609547
p_1440384,35.484965,-82.553158,7,128.13663449
p_1440384,35.48479,-82.553469,8,162.39266700000002
p_1440384,35.484726,-82.553595,9,175.85218675000002
p_1440384,35.484413,-82.553238,10,223.34446203000002
p_1440384,35.484156,-82.552952,11,261.90145105
p_1440384,35.483986,-82.552796,12,285.48452718
p_1440384,35.483862,-82.552719,13,300.91505378
p_1440384,35.483704,-82.552674,14,318.91443038
p_1440384,35.483567,-82.552647,15,334.31072001
p_1440384,35.483471,-82.552636,16,345.00854248
p_1440384,35.483336,-82.552646,17,360.01418421
p_1440384,35.483224,-82.552667,18,372.58580413
p_1440384,35.483113,-82.552702,19,385.30417635
p_1440384,35.482728,-82.552867,20,430.56810534
p_1440384,35.481944,-82.553184,21,522.18605102
p_1440384,35.481876,-82.552968,22,543.1897771
p_1440384,35.48173,-82.552535,23,585.69233473
p_1440384,35.481725,-82.552521,24,587.07866524
p_1440384,35.481722305138234,-82.55253814919492,25,588.66341461
p_1440384,35.48094459581638,-82.55045971364338,26,796.08182592
p_1440384,35.4801193148857,-82.54830752918996,27,1011.79321409
p_1440384,35.4801187233939,-82.54830680282966,28,1011.88623006
p_1440384,35.48001935328246,-82.5480358700239,29,1038.83254355
p_1440384,35.47998,-82.5478,30,1060.67895361
p_1440384,35.47993,-82.54747,31,1091.13655118
p_1440384,35.47991,-82.54714,32,1121.16679454
p_1440384,35.47992,-82.54679,33,1152.9493559999999
p_1440384,35.47996,-82.54639,34,1189.5204109299998
p_1440384,35.48011,-82.5453,35,1289.8301192799997
p_1440384,35.48018,-82.54481,36,1334.9715753999997
p_1440384,35.48024,-82.54449,37,1364.7653204099997
p_1440384,35.48029,-82.54426,38,1386.3627931299998
p_1440384,35.48037,-82.544,39,1411.5724144799997
p_1440384,35.48047,-82.54375,40,1436.8278350899998
p_1440384,35.4806,-82.5435,41,1463.7122584299998
p_1440384,35.48066,-82.54341,42,1474.2490959299998
p_1440384,35.48075,-82.54327,43,1490.4086137999998
p_1440384,35.48082,-82.54316,44,1503.0565529099997
p_1440384,35.48163,-82.54199,45,1642.1616465899997
p_1440384,35.48182,-82.54172,46,1674.4843093299996
p_1440384,35.48256,-82.54065,47,1801.6440800099997
p_1440384,35.48271,-82.54041,48,1829.0544257699996
p_1440384,35.48285,-82.54014,49,1858.0652451999997
p_1440384,35.48296,-82.53988,50,1884.6294185599997
p_1440384,35.48304,-82.53961,51,1910.6896430299998
p_1440384,35.4831,-82.53935,52,1935.2053504499997
p_1440384,35.48313,-82.53912,53,1956.3412074699997
p_1440384,35.48315,-82.53872,54,1992.7083065299998
p_1440384,35.48314,-82.53847,55,2015.42250503
p_1440384,35.48311,-82.53787,56,2069.97316372
p_1440384,35.48309,-82.53755,57,2099.0973051899996
p_1440384,35.48308,-82.53712,58,2138.1348905199998
p_1440384,35.48308,-82.53668,59,2178.06419264
p_1440384,35.4831,-82.53633,60,2209.90355199
p_1440384,35.48313,-82.53603,61,2237.33078072
p_1440384,35.48317,-82.53567,62,2270.3002421799997
p_1440384,35.48366,-82.53293,63,2524.8237444099996
p_1440384,35.48383,-82.53193,64,2617.5108075799994
p_1440384,35.48383046771498,-82.53193009450736,65,2617.5634042399993
p_1440384,35.48390265117362,-82.53151058155281,66,2656.466443799999
p_1440384,35.48413,-82.53018,67,2779.819770029999
p_1440384,35.48424,-82.52955,68,2838.278639489999
p_1440384,35.48435818258285,-82.52888608612768,69,2899.937218989999
p_1440384,35.48442121561449,-82.52856396010856,70,2929.994094229999
p_1440384,35.48459,-82.52743,71,3034.587425909999
p_1440384,35.48478,-82.52618,72,3149.962849119999
p_1440384,35.48491,-82.52552,73,3211.567752989999
p_1440384,35.48517232980899,-82.525517027475,74,3240.674359799999
p_1440384,35.48517122815606,-82.52551838041522,75,3240.847602679999
p_1440384,35.48542156466522,-82.52549995625378,76,3268.672585889999
p_1440384,35.485685206,-82.525455952,77,3298.194766309999
p_1440384,35.48670566513002,-82.52506259034153,78,3416.907925529999
p_1440384,35.4892,-82.524034,79,3708.969244329999
p_1440384,35.490982,-82.523317,80,3917.111074109999
p_1440384,35.49185,-82.522835,81,4022.8814202499993
p_1440384,35.492905,-82.521978,82,4163.40946424
p_1440384,35.49337,-82.521689,83,4221.28293004
p_1440384,35.493678,-82.521544,84,4257.9006970499995
p_1440384,35.494455,-82.521343,85,4346.016649079999
p_1440384,35.495938,-82.521137,86,4511.613266469999
p_1440384,35.497277,-82.521116,87,4660.187128889999
p_1440384,35.498472,-82.521263,88,4793.44121193
p_1440384,35.498966,-82.521387,89,4849.393169659999
p_1440384,35.49950703684577,-82.52156042555916,90,4911.449090189999
p_1440384,35.4998514381182,-82.52173940218516,91,4952.967611549999
p_1440384,35.49986468429174,-82.52174753748649,92,4954.612211619999
p_1440384,35.500132,-82.52194,93,4989.029577069999
p_1440384,35.50277,-82.523641,94,5319.910113449999
p_1440384,35.503655,-82.524125,95,5427.472151729999
p_1440384,35.504803,-82.524563,96,5560.897345499999
p_1440384,35.507092223132204,-82.52546453869216,97,5827.730671439998
p_1440384,35.50785663829605,-82.52573520965896,98,5916.025705539998
p_1440384,35.507884,-82.525761,99,5919.858486619998
p_1440384,35.510661,-82.526478,100,6234.757564419998
p_1440384,35.51065868499737,-82.52647738889503,101,6235.020328559998
p_1440384,35.511207876,-82.526609312,102,6297.117202679999
p_1440384,35.511575693,-82.526704408,103,6338.828341809999
p_1440384,35.511763973,-82.52675269,104,6360.172240649999
p_1440384,35.511884481,-82.526784932,105,6373.858780639999
p_1440384,35.511993417,-82.526813342,106,6386.216950749999
p_1440384,35.512158481,-82.526858319,107,6404.979798109999
p_1440384,35.512361487,-82.526912572,108,6428.034747859999
p_1440384,35.512772204,-82.527021994,109,6474.672376649999
p_1440384,35.513045594,-82.527097207,110,6505.762894479999
p_1440384,35.513043284725015,-82.52709635348606,111,6506.030551859999
p_1440384,35.51319793594541,-82.5271400301054,112,6523.6406128399985
p_1440384,35.513428085877294,-82.52719790162455,113,6549.709816389998
p_1440384,35.514684665138006,-82.52752661651749,114,6692.280515329998
p_1440384,35.51523606343028,-82.52765385127913,115,6754.537394579997
p_1440384,35.51550714817991,-82.5277106308811,116,6785.052086599998
p_1440384,35.515689209480016,-82.52776439502014,117,6805.832217399998
p_1440384,35.51588226106307,-82.52779604691627,118,6827.442883089998
p_1440384,35.516130136169636,-82.52785722218832,119,6855.498921199998
p_1440384,35.51672226685672,-82.52797555471757,120,6922.066986619998
p_1440384,35.517049628254924,-82.52804995828046,121,6959.009505979998
p_1440384,35.51751591482012,-82.52815962022379,122,7011.691694829998
p_1440384,35.51885263104187,-82.52842088743162,123,7161.882083779998
p_1440384,35.5191243632553,-82.5285101237399,124,7193.098511579998
p_1440384,35.519351151141464,-82.52857898865277,125,7219.024428339998
p_1440384,35.51953156334865,-82.52864122783112,126,7239.822093409998
p_1440384,35.52025450978492,-82.52885984139273,127,7322.447903829998
p_1440384,35.5205106560159,-82.5289221577058,128,7351.424037369998
p_1440384,35.520848683929586,-82.5290095109495,129,7389.756136279998
p_1440384,35.521254462483924,-82.52911297642378,130,7435.745092659998
p_1440384,35.52167706809445,-82.5292201190636,131,7483.629815119998
p_1440384,35.521957678877115,-82.52929108609126,132,7515.422107989998
p_1440384,35.52225893149152,-82.52936998588999,133,7549.603712819998
p_1440384,35.522599497120055,-82.52944960704035,134,7588.073502059998
p_1440384,35.522793394882356,-82.5294718552605,135,7609.6809338899975
p_1440384,35.523077151533386,-82.52951432742898,136,7641.398607079997
p_1440384,35.52366690599848,-82.52954868476895,137,7706.906143579998
p_1440384,35.52365624179755,-82.52954868476895,138,7708.089338759998
p_1440384,35.523787766842716,-82.52955742009303,139,7722.703562119998
p_1440384,35.524682,-82.529555,140,7821.919157879998
p_1440384,35.52703233857231,-82.52936807266828,141,8083.240351409998
p_1440384,35.527321148024285,-82.52932876001235,142,8115.481605129998
p_1440384,35.52755645225639,-82.52929130271879,143,8141.808791349998
p_1440384,35.528180662703335,-82.52919494144494,144,8211.614389379998
p_1440384,35.52903995994636,-82.52898155645235,145,8308.898161969999
p_1440384,35.52903627398253,-82.52898238172797,146,8309.313914019998
p_1440384,35.53277696440625,-82.52804028158243,147,8733.048701249998
p_1440384,35.533065,-82.527951,148,8766.016194909998
p_1440384,35.533338475812556,-82.52790230523694,149,8796.678138259998
p_1440384,35.53362635675035,-82.52787172101502,150,8828.738847059998
p_1440384,35.53362175119436,-82.52787291835101,151,8829.261245699998
p_1440384,35.53391142550373,-82.52786855068925,152,8861.403161739998
p_1440384,35.534160725484156,-82.52788886742061,153,8889.124392989997
p_1440384,35.53458190520128,-82.52797622065977,154,8936.521208969998
p_1440384,35.534774,-82.528053,155,8958.942831479999
p_1440384,35.53518596584682,-82.52824295930927,156,9007.789374819999
p_1440384,35.535429,-82.528378,157,9037.404930769999
p_1440384,35.53573843728988,-82.5285563448938,158,9075.356181529998
p_1440384,35.53613881403177,-82.52883044198875,159,9126.260116429998
p_1440384,35.53668622044526,-82.5292366873195,160,9197.295685039997
p_1440384,35.536679112131935,-82.52923231965723,161,9198.178233859997
p_1440384,35.53940097533638,-82.53138015627803,162,9557.536548349997
p_1440384,35.53997785337752,-82.531761334171,163,9630.279287989997
p_1440384,35.54047988465662,-82.53197565499906,164,9689.273337359997
p_1440384,35.54180742861651,-82.53248335641099,165,9843.592868779997
p_1440384,35.54179498986174,-82.5324778968334,166,9845.059071389996
p_1440384,35.542108603365406,-82.53259817160789,167,9881.523994359997
p_1440384,35.542882842049764,-82.53289268768495,168,9971.482106619997
p_1440384,35.54400436953337,-82.53333263331831,169,10102.155044259996
p_1440384,35.543991931119294,-82.53332717374123,170,10103.621207189997
p_1440384,35.54427116848868,-82.53343332879805,171,10136.063744759997
p_1440384,35.544727674644946,-82.5336060108051,172,10189.078636719996
p_1440384,35.546069764845086,-82.5341087724657,173,10344.806988269997
p_1440384,35.54606709953943,-82.53410658863457,174,10345.162884889996
p_1440384,35.54730097513675,-82.53452970237073,175,10487.336743549997
p_1440384,35.54787949991716,-82.53473862571425,176,10554.261674709996
p_1440384,35.548037637654474,-82.53480960021848,177,10572.950214179997
p_1440384,35.548276620505305,-82.53495264114702,178,10602.467819599997
p_1440384,35.548376187089815,-82.5350072687024,179,10614.574488319997
p_1440384,35.548712628619555,-82.53526378741056,180,10658.556611549997
p_1440384,35.548709285995486,-82.53525985651613,181,10659.070990559996
p_1440384,35.54931348627534,-82.53569454518706,182,10736.836209719995
p_1440384,35.55006530168063,-82.53624842026123,183,10834.202497169996
p_1440384,35.551427371201925,-82.53726607022364,184,11011.268221509996
p_1440384,35.55180003471595,-82.53754423380269,185,11059.700851269996
p_1440384,35.55198352771741,-82.5376998863712,186,11084.472963329996
p_1440384,35.55218825528793,-82.53788843940765,187,11112.902492089996
p_1440384,35.55232639630458,-82.53802274500951,188,11132.478123979996
p_1440384,35.55244281797235,-82.53814070003673,189,11149.248169649996
p_1440384,35.55276886437035,-82.53844373552458,190,11194.674849019997
p_1440384,35.55292477157451,-82.53856766793244,191,11215.302265779997
p_1440384,35.553090075006594,-82.53867726140881,192,11236.161689589997
p_1440384,35.553446562870406,-82.5388258937013,193,11277.947107819997
p_1440384,35.55355476364795,-82.53885810520904,194,11290.302221929996
p_1440384,35.55388967934853,-82.53890041537258,195,11327.658865879996
p_1440384,35.55405921189353,-82.53889458419452,196,11346.476058569995
p_1440384,35.55418375264345,-82.53888257312916,197,11360.336797109994
p_1440384,35.55434631966784,-82.53886128077721,198,11378.476753299994
p_1440384,35.55440050861293,-82.53884271821539,199,11384.720182829995
p_1440384,35.55458078603192,-82.53877337010577,200,11405.687093909995
p_1440384,35.55470914903039,-82.53872969614463,201,11420.469313719996
p_1440384,35.55524392762912,-82.53851403959503,202,11482.942162989995
p_1440384,35.55524,-82.53851,203,11483.511411719996
p_1440384,35.55538,-82.53846,204,11499.692536769995
p_1440384,35.55545,-82.53843,205,11507.921621239995
p_1440384,35.55603,-82.53817,206,11576.454912439995
p_1440384,35.55673,-82.53806,207,11654.758200069995
p_1440384,35.5572,-82.53813,208,11707.289867549995
p_1440384,35.55747,-82.5382,209,11737.911488649994
p_1440384,35.55827,-82.53846,210,11829.748995039994
p_1440384,35.55872,-82.53857,211,11880.663172509994
p_1440384,35.55912,-82.53883,212,11930.915262939994
p_1440384,35.55967,-82.53919,213,12000.118411509995
p_1440384,35.56153,-82.54078,214,12251.847649539995
p_1440384,35.56252,-82.54153,215,12381.031278889996
p_1440384,35.56296,-82.54182,216,12436.479053149995
p_1440384,35.56389,-82.54244,217,12553.979472929996
p_1440384,35.565,-82.54293,218,12684.901556169996
p_1440384,35.56541,-82.54357,219,12758.628301859997
p_1440384,35.56578,-82.54396,220,12812.806513819996
p_1440384,35.56595,-82.54404,221,12833.014434049996
p_1440384,35.565951306,-82.544043564,222,12833.368534289995
p_1440384,35.566740873,-82.544388956,223,12926.399343519995
p_1440384,35.567046,-82.544545,224,12963.090121439995
p_1440384,35.56720331287117,-82.54474756435503,225,12988.424906329994
p_1440384,35.567205677692456,-82.54475047156293,226,12988.796794929995
p_1440384,35.567421896,-82.544992871,227,13021.329494209995
p_1440384,35.567674408,-82.545425838,228,13069.552705329994
p_1440384,35.569715431,-82.549922506,229,13535.863036259994
p_1440384,35.56971374419955,-82.54991839367847,230,13536.280163589994
p_1440384,35.570006118696824,-82.55036769910633,231,13588.349623139995
p_1440384,35.570266,-82.550592,232,13623.631850369995
p_1440384,35.570488,-82.550678,233,13649.467273619995
p_1440384,35.570845,-82.550714,234,13689.211009539995
p_1440384,35.571933,-82.550566,235,13810.669011809994
p_1440384,35.572864,-82.550462,236,13914.393788719994
p_1440384,35.574533,-82.550644,237,14100.304648739993
p_1440384,35.576017,-82.55082,238,14265.727229099994
p_1440384,35.576378,-82.550924,239,14306.875006819993
p_1440384,35.578185,-82.551897,240,14525.904967129993
p_1440384,35.578667,-82.552324,241,14591.919576909993
p_1440384,35.579051,-82.552835,242,14654.852133129993
p_1440384,35.579285,-82.553037,243,14686.621420809992
p_1440384,35.581838,-82.554274,244,14991.262696229991
p_1440384,35.584761,-82.555961,245,15349.810463689992
p_1440384,35.584988,-82.556076,246,15377.067917729992
p_1440384,35.585248,-82.556201,247,15408.060175529992
p_1440384,35.585537,-82.556268,248,15440.695041489993
p_1440384,35.587177,-82.556307,249,15622.689585669992
p_1440384,35.588777,-82.556457,250,15800.731566529992
p_1440384,35.588776,-82.556442,251,15802.095528489992
p_1440384,35.588867,-82.55645,252,15812.218104519992
p_1440384,35.589642,-82.556473,253,15898.230704899992
p_1440384,35.589996,-82.55648,254,15937.512628969991
p_1440384,35.590584,-82.556465,255,16002.76622803999
p_1440384,35.591179,-82.556435,256,16068.838293969991
p_1440384,35.592781044804426,-82.55634173718556,257,16246.788330689991
p_1440384,35.592772355922435,-82.55607918795283,258,16270.60136265999
p_1440385,35.59277166766536,-82.55608471535298,1,0
p_1440385,35.59276722683792,-82.55640692037963,2,29.20397227
p_1440385,35.59212774510797,-82.55644150736167,3,100.22460871999999
p_1440385,35.59118333813696,-82.55648553719818,4,205.08387979
p_1440385,35.59083755151261,-82.55651463128973,5,243.5399012
p_1440385,35.590838,-82.556464,6,248.1287395
p_1440385,35.588967,-82.556467,7,455.71901842
p_1440385,35.587177,-82.556307,8,654.8506741
p_1440385,35.585537,-82.556268,9,836.8452182799999
p_1440385,35.585248,-82.556201,10,869.4800842399999
p_1440385,35.584932,-82.556048,11,907.1833882299999
p_1440385,35.584761,-82.555961,12,927.7293854599999
p_1440385,35.581835,-82.554272,13,1286.65552789
p_1440385,35.579285,-82.553037,14,1590.92059945
p_1440385,35.578962,-82.552732,15,1636.18173814
p_1440385,35.578754,-82.552417,16,1672.89403117
p_1440385,35.578727,-82.552388,17,1676.87944943
p_1440385,35.578185,-82.551897,18,1751.69227915
p_1440385,35.576328,-82.550904,19,1976.53089991
p_1440385,35.576017,-82.55082,20,2011.86678917
p_1440385,35.574107,-82.550601,21,2224.71122101
p_1440385,35.572864,-82.550462,22,2363.19783293
p_1440385,35.572359,-82.550505,23,2419.36355421
p_1440385,35.570932,-82.550706,24,2578.73570504
p_1440385,35.570554,-82.550694,25,2620.6893119
p_1440385,35.570078,-82.550514,26,2675.96523355
p_1440385,35.569834,-82.550254,27,2711.85955125
p_1440385,35.569654,-82.549948,28,2746.0401036000003
p_1440385,35.567645,-82.545458,29,3210.1053213600003
p_1440385,35.567464,-82.545121,30,3246.66494021
p_1440385,35.567214,-82.544805,31,3286.5398322200003
p_1440385,35.567012,-82.544648,32,3313.0892349400006
p_1440385,35.566737,-82.544439,33,3349.0048438000003
p_1440385,35.566295,-82.544256,34,3400.7752533000003
p_1440385,35.565757,-82.543958,35,3466.2955707200003
p_1440385,35.565522,-82.543746,36,3498.6868514000003
p_1440385,35.565135,-82.543231,37,3562.1173014700003
p_1440385,35.565006,-82.542943,38,3591.89197485
p_1440385,35.563844,-82.54243,39,3728.9487340200003
p_1440385,35.563352,-82.542098,40,3791.2845001000005
p_1440385,35.561495,-82.540774,41,4029.7349509100004
p_1440385,35.561349,-82.540734,42,4046.3347386800006
p_1440385,35.560551,-82.540013,43,4156.388776070001
p_1440385,35.559511,-82.539174,44,4294.593426350001
p_1440385,35.559065,-82.538883,45,4350.671303650001
p_1440385,35.558539,-82.538635,46,4413.212954880001
p_1440385,35.557681,-82.538353,47,4511.782356300001
p_1440385,35.556708,-82.538139,48,4621.467188840001
p_1440385,35.556603,-82.538077,49,4634.40230819
p_1440385,35.556117,-82.538159,50,4688.834513590001
p_1440385,35.555118,-82.538563,51,4805.570030670001
p_1440385,35.554505,-82.538815,52,4877.318111460001
p_1440385,35.55409,-82.538901,53,4924.018246330001
p_1440385,35.553552,-82.538863,54,4983.809103200001
p_1440385,35.55309,-82.538682,55,5037.631367690001
p_1440385,35.552768,-82.538461,56,5078.593296600001
p_1440385,35.551689,-82.537483,57,5227.574132620001
p_1440385,35.548655,-82.535233,58,5621.195432550001
p_1440385,35.548611,-82.535199,59,5626.969232400001
p_1440385,35.547898,-82.534762,60,5715.446280350001
p_1440385,35.546161,-82.534151,61,5915.973096680001
p_1440385,35.543881,-82.533297,62,6180.528147320001
p_1440385,35.539969,-82.531773,63,6636.037271580001
p_1440385,35.53941,-82.531391,64,6707.077281900001
p_1440385,35.536264,-82.52894,65,7120.890603040001
p_1440385,35.535429,-82.528378,66,7226.628475840002
p_1440385,35.534683,-82.528016,67,7315.670607020002
p_1440385,35.53416,-82.527879,68,7375.012922750002
p_1440385,35.533589,-82.527863,69,7438.3822075100015
p_1440385,35.533065,-82.527951,70,7497.0654343000015
p_1440385,35.52855,-82.529121,71,8009.121629030002
p_1440385,35.527321,-82.529333,72,8146.828521070001
p_1440385,35.524947,-82.529538,73,8410.87984857
p_1440385,35.52395,-82.529569,74,8521.532937760001
p_1440385,35.52295,-82.529509,75,8632.616520320002
p_1440385,35.521663,-82.529289,76,8776.796974580002
p_1440385,35.518845,-82.528439,77,9098.820577950002
p_1440385,35.515844,-82.527828,78,9436.363083040002
p_1440385,35.51304,-82.527107,79,9754.267668550001
p_1440385,35.510652,-82.526475,80,10025.348383780001
p_1440385,35.50786,-82.525754,81,10341.950776990001
p_1440385,35.503655,-82.524125,82,10831.342909570001
p_1440385,35.50343089963937,-82.52401429544192,83,10858.158754560001
p_1440385,35.50266260498378,-82.52357887152738,84,10952.109860630002
p_1440385,35.500132,-82.52194,85,11269.821872360002
p_1440385,35.499541,-82.521614,86,11341.755486710003
p_1440385,35.498966,-82.521387,87,11408.793746470003
p_1440385,35.498472,-82.521263,88,11464.745704200002
p_1440385,35.497277,-82.521116,89,11597.999787240002
p_1440385,35.495938,-82.521137,90,11746.573649660002
p_1440385,35.494008,-82.52144,91,11962.464200260001
p_1440385,35.493518,-82.521615,92,12019.101000820001
p_1440385,35.493088,-82.521854,93,12071.506859430001
p_1440385,35.492065,-82.522676,94,12207.321867690001
p_1440385,35.491507,-82.523053,95,12278.054125490002
p_1440385,35.490831,-82.523383,96,12358.812597390002
p_1440385,35.489458,-82.523937,97,12519.226663870002
p_1440385,35.48945,-82.52392,98,12521.006395910003
p_1440385,35.4894,-82.52394,99,12526.843184980002
p_1440385,35.48933,-82.52398,100,12535.41595788
p_1440385,35.48857,-82.52429,101,12624.305988470001
p_1440385,35.48738,-82.52477,102,12763.335067610002
p_1440385,35.48731,-82.5248,103,12771.56482891
p_1440385,35.48664,-82.52509,104,12850.42157951
p_1440385,35.48622,-82.52525,105,12899.22991
p_1440385,35.486,-82.52533,106,12924.69548968
p_1440385,35.48557,-82.52548,107,12974.30760122
p_1440385,35.48491,-82.52552,108,13047.62417306
p_1440385,35.4848,-82.52618,109,13108.747624489999
p_1440385,35.484679998192036,-82.52690684800366,110,13176.036917779998
p_1440385,35.48467044946764,-82.52693030143968,111,13178.414338589999
p_1440385,35.48434,-82.52888,112,13359.1020127
p_1440385,35.48424,-82.52955,113,13420.906557979999
p_1440385,35.48413,-82.53018,114,13479.36542744
p_1440385,35.48389,-82.5315,115,13602.07588123
p_1440385,35.48369,-82.53268,116,13711.43303015
p_1440385,35.4837,-82.53268,117,13712.54252474
p_1440385,35.48366,-82.53293,118,13735.65945935
p_1440385,35.48317,-82.53567,119,13990.18296158
p_1440385,35.48313,-82.53603,120,14023.15242304
p_1440385,35.4831,-82.53633,121,14050.579651769998
p_1440385,35.48308,-82.53668,122,14082.419011119999
p_1440385,35.48308,-82.53712,123,14122.348313239998
p_1440385,35.48309,-82.53755,124,14161.385898569997
p_1440385,35.48313,-82.53835,125,14234.120123609997
p_1440385,35.48314,-82.53847,126,14245.066299699996
p_1440385,35.48315,-82.53872,127,14267.780498199996
p_1440385,35.48313,-82.53912,128,14304.147597259996
p_1440385,35.4831,-82.53935,129,14325.283454279996
p_1440385,35.48304,-82.53961,130,14349.799161699995
p_1440385,35.48296,-82.53988,131,14375.859386169996
p_1440385,35.48285,-82.54014,132,14402.423559529996
p_1440385,35.48271,-82.54041,133,14431.434378959995
p_1440385,35.48256,-82.54065,134,14458.844724719995
p_1440385,35.48182,-82.54172,135,14586.004495399995
p_1440385,35.48163,-82.54199,136,14618.327158139995
p_1440385,35.48091,-82.54303,137,14741.976090539994
p_1440385,35.48088,-82.54308,138,14747.603531769995
p_1440385,35.48082,-82.54316,139,14757.453599989994
p_1440385,35.48075,-82.54327,140,14770.101539099995
p_1440385,35.4806,-82.5435,141,14796.796890919995
p_1440385,35.48047,-82.54375,142,14823.681314259995
p_1440385,35.48037,-82.544,143,14848.936734869994
p_1440385,35.48029,-82.54426,144,14874.146356219995
p_1440385,35.48024,-82.54449,145,14895.743828939994
p_1440385,35.48018,-82.54481,146,14925.537573949994
p_1440385,35.48011,-82.5453,147,14970.679030069994
p_1440385,35.47996,-82.54639,148,15070.988738419994
p_1440385,35.47992,-82.54679,149,15107.559793349994
p_1440385,35.47991,-82.54714,150,15139.342354809995
p_1440385,35.47993,-82.54747,151,15169.372598169995
p_1440385,35.47998,-82.5478,152,15199.830195739996
p_1440385,35.48002,-82.54803,153,15221.169710589997
p_1440385,35.4801,-82.54827,154,15244.689273039996
p_1440385,35.48013,-82.54833,155,15251.071118949996
p_1440385,35.48027,-82.54872,156,15289.722717749995
p_1440385,35.48066,-82.54974,157,15391.903198479995
p_1440385,35.48101,-82.55066,158,15483.982897659995
p_1440385,35.48173,-82.55253,159,15671.547654509995
p_1440385,35.48188,-82.55297,160,15714.806982469996
p_1440385,35.48194,-82.55318,161,15734.993644589997
p_1440385,35.48273,-82.55287,162,15827.047738659996
p_1440385,35.48311,-82.5527,163,15871.942421019996
p_1440385,35.48322,-82.55267,164,15884.446823149996
p_1440385,35.48334,-82.55265,165,15897.883896339996
p_1440385,35.48347,-82.55264,166,15912.335845119997
p_1440385,35.48357,-82.55265,167,15923.467841139996
p_1440385,35.4837,-82.55267,168,15938.005013609996
p_1440385,35.48386,-82.55272,169,15956.327629919997
p_1440385,35.48399,-82.5528,170,15972.475075329998
p_1440385,35.48416,-82.55295,171,15995.735382049997
p_1440385,35.48441,-82.55324,172,16033.970542229998
p_1440385,35.48473,-82.55359,173,16081.607775469998
p_1440385,35.48495,-82.55378,174,16111.492121669999
p_1440385,35.48506,-82.55384,175,16124.856028539998
p_1440385,35.48556,-82.55405,176,16183.512680359998
p_1440385,35.48568523021068,-82.55411189304859,177,16198.499170069997
p_1440385,35.48573990435386,-82.55402092134028,178,16208.743517559997
p_1440385,35.485806924228854,-82.5539862654473,179,16216.817029789996
p_1440385,35.486053839075794,-82.55354223685525,180,16265.541293659997
p_1440385,35.48603972234754,-82.55264893120898,181,16346.619514659997
p_1440402,35.592768816,-82.555699734,1,0
p_1440402,35.59280397134624,-82.55638041542721,2,61.80990484
p_1440402,35.594064480979554,-82.55631100693212,3,201.80669571
p_1440402,35.59406570953311,-82.55631048318286,4,201.95103284
p_1440402,35.594134956385446,-82.55630268248225,5,209.66652863000002
p_1440402,35.59414716986008,-82.55622808701091,6,216.56110621000002
p_1440402,35.594289752512864,-82.55552589072767,7,282.13338417
p_1440402,35.59431430505279,-82.55540175969786,8,293.7076841
p_1440402,35.59438275451879,-82.55508121495023,9,323.73282792
p_1440402,35.59444906584805,-82.55474641653902,10,354.95260594999996
p_1440402,35.594512555111734,-82.55443044664571,11,384.44049433
p_1440402,35.59455099672891,-82.5542434887045,12,401.91178700999995
p_1440402,35.594549,-82.554261,13,403.51410145999995
p_1440402,35.594575,-82.554134,14,415.3792348399999
p_1440402,35.594599,-82.554001,15,427.72272709999993
p_1440402,35.594611,-82.553914,16,435.7185473299999
p_1440402,35.594676,-82.553527,17,471.5234151899999
p_1440402,35.594677,-82.553522,18,471.98991550999995
p_1440402,35.594711,-82.553348,19,488.20324185999993
p_1440402,35.594734,-82.553214,20,500.61192686999993
p_1440402,35.594766,-82.553022,21,518.3700364599999
p_1440402,35.594794,-82.552883,22,531.3440253099999
p_1440402,35.59485,-82.552608,23,557.0281139399999
p_1440402,35.594865,-82.552535,24,563.84969582
p_1440402,35.594969,-82.552028,25,611.22213412
p_1440402,35.594983,-82.55196,26,617.5772178699999
p_1440402,35.594984,-82.551956,27,617.9563077199999
p_1440402,35.594994,-82.551905,28,622.70936473
p_1440402,35.594999,-82.551881,29,624.95393909
p_1440402,35.59502,-82.551758,30,636.3414140699999
p_1440402,35.594932,-82.551713,31,646.9225602299999
p_1440402,35.594954,-82.551598,32,657.6261880999999
p_1440402,35.595088,-82.550933,33,719.6969626299999
p_1440402,35.595175,-82.550574,34,753.63217257
p_1440402,35.595199,-82.550471,35,763.33866138
p_1440402,35.595289,-82.550523,36,774.38036417
p_1440402,35.595491,-82.550651,37,799.61641175
p_1440402,35.595678,-82.550779,38,823.38671313
p_1440402,35.595733,-82.550817,39,830.39363926
p_1440402,35.595753,-82.550722,40,839.28407658
p_1440402,35.595818,-82.550407,41,868.7267814
p_1440402,35.59583,-82.550348,42,874.23673108
p_1440402,35.595874,-82.550122,43,895.29098561
p_1440402,35.595903,-82.550039,44,903.47188219
p_1440402,35.595917,-82.549971,45,909.8268965799999
p_1440402,35.595918,-82.549843,46,921.4269670699999
p_1440402,35.596152,-82.549354,47,972.7862183599999
p_1440402,35.596213,-82.549221,48,986.6090889799999
p_1440402,35.59627736600446,-82.5490691995903,49,1002.1086759499999
p_1440402,35.596283,-82.549065,50,1002.8405126199999
p_1440402,35.596302,-82.549026,51,1006.9556914599999
p_1440402,35.596542,-82.548531,52,1059.1212802999999
p_1440402,35.596588,-82.548424,53,1070.0788752699998
p_1440402,35.596752,-82.548073,54,1106.7235674799997
p_1440402,35.597008,-82.547546,55,1162.2887236999998
p_1440402,35.597023,-82.547485,56,1168.0616529699998
p_1440402,35.597031,-82.547409,57,1175.00574683
p_1440402,35.59701746410718,-82.54736787597061,58,1179.02364776
p_1440402,35.59701334862078,-82.5473246441791,59,1182.96784057
p_1440402,35.59702140811507,-82.54727824908674,60,1187.2662142499998
p_1440402,35.59703598379343,-82.54724303099323,61,1190.8440335799999
p_1440402,35.597056621643674,-82.54721511219016,62,1194.2563816299999
p_1440402,35.59708,-82.547195,63,1197.4265380999998
p_1440402,35.59711096917421,-82.54718228952812,64,1201.0505316899998
p_1440402,35.597179,-82.547073,65,1213.5028342399999
p_1440402,35.597305,-82.546814,66,1240.8214092299997
p_1440402,35.597466,-82.546249,67,1295.0482495699998
p_1440402,35.597527,-82.546043,68,1314.9049190199999
p_1440402,35.59758,-82.545868,69,1331.81849563
p_1440402,35.597626,-82.545731,70,1345.2415183199998
p_1440402,35.597801,-82.545189,71,1398.05585151
p_1440402,35.598076,-82.544235,72,1489.7328773499999
p_1440402,35.598106,-82.544128,73,1499.98451463
p_1440402,35.598137,-82.544014,74,1510.87260713
p_1440402,35.598167,-82.543915,75,1520.4414579900001
p_1440402,35.598286,-82.543526,76,1558.0836990900002
p_1440402,35.598335,-82.543358,77,1574.2492597500002
p_1440402,35.598404,-82.543114,78,1597.6480449900002
p_1440402,35.598484,-82.54287,79,1621.4740549200003
p_1440402,35.598553,-82.542709,80,1637.9502433900002
p_1440402,35.59864,-82.542534,81,1656.51524708
p_1440402,35.598713,-82.542435,82,1668.6017671900001
p_1440402,35.598888,-82.542221,83,1696.0437466500002
p_1440402,35.599018,-82.542068,84,1716.0504725100002
p_1440402,35.599087,-82.541946,85,1729.4977977100002
p_1440402,35.599178,-82.541862,86,1742.1422488100002
p_1440402,35.599232,-82.541756,87,1753.4631090100002
p_1440402,35.599247,-82.541718,88,1757.2876744300002
p_1440402,35.599319,-82.541534,89,1775.77622906
p_1440402,35.599358,-82.541389,90,1789.6099390200002
p_1440402,35.599384,-82.541245,91,1802.9739239300002
p_1440402,35.599396,-82.541122,92,1814.1991147700003
p_1440402,35.599396,-82.541023,93,1823.1702457100002
p_1440402,35.599384,-82.540909,94,1833.5860854000002
p_1440402,35.599369,-82.540794,95,1844.1391571800002
p_1440402,35.599346,-82.540672,96,1855.4851975400002
p_1440402,35.5993,-82.540535,97,1868.9079751200002
p_1440402,35.599197,-82.540237,98,1898.2306411900001
p_1440402,35.59811,-82.537048,99,2211.36944265
p_1440402,35.59798,-82.536575,100,2256.5940159300003
p_1440402,35.597878,-82.536339,101,2280.7899209400002
p_1440402,35.597748,-82.536041,102,2311.4050888300003
p_1440402,35.597691,-82.53598,103,2319.80463468
p_1440402,35.59761,-82.53582,104,2336.86311639
p_1440402,35.597515,-82.535667,105,2354.27955772
p_1440402,35.596810351943006,-82.53461764029387,106,2477.38547776
p_1440402,35.596699,-82.534622,107,2489.74646299
p_1440402,35.59677,-82.534553,108,2499.80397859
p_1440402,35.596751,-82.534524,109,2503.17300615
p_1440402,35.596587,-82.534281,110,2531.73892604
p_1440402,35.596384,-82.533978,111,2567.25286195
p_1440402,35.596291,-82.533838,112,2583.6061337399997
p_1440402,35.596266,-82.533801,113,2587.9577261199997
p_1440402,35.596216,-82.533733,114,2596.2492094
p_1440402,35.595947,-82.533372,115,2640.53243736
p_1440402,35.595835,-82.533221,116,2659.01667538
p_1440402,35.595755,-82.533113,117,2672.2292978
p_1440402,35.595742,-82.533094,118,2674.47541923
p_1440402,35.595722,-82.533063,119,2678.0553765600002
p_1440402,35.595623,-82.532916,120,2695.32129742
p_1440402,35.595504,-82.532739,121,2716.0964945
p_1440402,35.595467,-82.53271,122,2720.97084425
p_1440402,35.595357,-82.53262,123,2735.6498725
p_1440402,35.595248,-82.532535,124,2749.98836212
p_1440402,35.595108,-82.532424,125,2768.4941864300004
p_1440402,35.594981,-82.532322,126,2785.34630258
p_1440402,35.59489,-82.532249,127,2797.41714215
p_1440402,35.594716,-82.532111,128,2820.41938011
p_1440402,35.594471,-82.531962,129,2850.77144506
p_1440402,35.594471,-82.53196,130,2850.95269113
p_1440402,35.594067,-82.531715,131,2900.97455778
p_1440402,35.59404,-82.5317,132,2904.26423861
p_1440402,35.593437,-82.531357,133,2978.03635699
p_1440402,35.593185,-82.531235,134,3008.10274672
p_1440402,35.592922,-82.531105,135,3039.57150921
p_1440402,35.592583,-82.530945,136,3079.88222304
p_1440402,35.592415,-82.530861,137,3100.0166301100003
p_1440402,35.592274,-82.530807,138,3116.4083548000003
p_1440402,35.592133,-82.530754,139,3132.77325383
p_1440402,35.591789,-82.530632,140,3172.50970838
p_1440402,35.591393,-82.530502,141,3217.99862828
p_1440402,35.590767,-82.530312,142,3289.556842
p_1440402,35.590343,-82.53019,143,3337.882087
p_1440402,35.58984,-82.530045,144,3395.21692119
p_1440402,35.589592,-82.529968,145,3423.60398531
p_1440402,35.589172,-82.529839,146,3471.6477567300003
p_1440402,35.587517,-82.529289,147,3661.9176825000004
p_1440402,35.586994,-82.529091,148,3722.6566349400005
p_1440402,35.586548,-82.528824,149,3777.7408619400003
p_1440402,35.586334,-82.528671,150,3805.2371101300005
p_1440402,35.586113,-82.528496,151,3834.4399016900006
p_1440402,35.585682,-82.52816,152,3891.1330686400006
p_1440402,35.585343827656445,-82.52786927321351,153,3936.9816887500006
p_1440402,35.585368,-82.52789,154,3940.2561013700006
p_1440402,35.58504,-82.527524,155,3989.4978739500007
p_1440402,35.584876,-82.52723,156,4021.7642907800005
p_1440402,35.584727,-82.526679,157,4074.3687777600003
p_1440402,35.584703,-82.526232,158,4114.9696052300005
p_1440402,35.584827,-82.524987,159,4228.644530680001
p_1440402,35.585108,-82.523332,160,4381.849231220001
p_1440402,35.586369,-82.517244,161,4951.083894290001
p_1440402,35.586611,-82.51524,162,5134.684418220001
p_1440402,35.586744,-82.51345,163,5297.585118750001
p_1440402,35.586754,-82.513447,164,5298.727461700001
p_1440402,35.586754,-82.513161,165,5324.648137250001
p_1440402,35.586755,-82.512418,166,5391.987605640001
p_1440402,35.586756,-82.511754,167,5452.1671773200005
p_1440402,35.586757,-82.511,168,5520.50359173
p_1440402,35.586757,-82.510822,169,5536.6360395500005
p_1440402,35.586746,-82.51045,170,5570.373128020001
p_1440402,35.586739,-82.510197,171,5593.316109080001
p_1440402,35.58672,-82.509801,172,5629.268143720002
p_1440402,35.586696,-82.509285,173,5676.109893370001
p_1440402,35.586668,-82.508688,174,5730.306198780001
p_1440402,35.586652,-82.508356,175,5760.448290560001
p_1440402,35.586649,-82.508303,176,5765.263297200001
p_1440402,35.586625,-82.507927,177,5799.444757220001
p_1440402,35.586578,-82.507174,178,5867.889521450001
p_1440402,35.586555,-82.506817,179,5900.3456026700005
p_1440402,35.586564,-82.50659,180,5920.943274820001
p_1440402,35.586565,-82.506566,181,5923.12126941
p_1440402,35.586579,-82.506185,182,5957.686957010001
p_1440402,35.586587,-82.50598,183,5976.287691800001
p_1440402,35.586606,-82.505796,184,5993.096677900001
p_1440402,35.586654,-82.505308,185,6037.644517180001
p_1440402,35.586673,-82.505122,186,6054.633337220001
p_1440402,35.586678,-82.505097,187,6056.96605762
p_1440402,35.58675,-82.504712,188,6092.76206169
p_1440402,35.586825,-82.504314,189,6129.780865680001
p_1440402,35.586856,-82.504212,190,6139.644411350001
p_1440402,35.587076,-82.503544,191,6204.921727840001
p_1440402,35.587077,-82.503541,192,6205.215388550001
p_1440402,35.587187,-82.503205,193,6238.022172040001
p_1440402,35.587221,-82.503119,194,6246.681356920001
p_1440402,35.587319,-82.502867,195,6271.976602110001
p_1440402,35.587338,-82.502828,196,6276.0921177300015
p_1440402,35.58742,-82.502652,197,6294.455401090002
p_1440402,35.587557,-82.502358,198,6325.1316492800015
p_1440402,35.587707,-82.502101,199,6353.758588360001
p_1440402,35.587954,-82.501672,200,6401.326710390002
p_1440402,35.587967,-82.501652,201,6403.643166980001
p_1440402,35.588296,-82.501154,202,6461.690837020002
p_1440402,35.588474,-82.500885,203,6493.065889080001
p_1440402,35.58867,-82.500589,204,6527.599410380001
p_1440402,35.588839,-82.500345,205,6556.592563930001
p_1440402,35.588918,-82.500231,206,6570.141474730001
p_1440402,35.588963,-82.500167,207,6577.794666900001
p_1440402,35.589075,-82.499992,208,6597.943172920001
p_1440402,35.589176,-82.499826,209,6616.7024688400015
p_1440402,35.589264,-82.4997,210,6631.726766720001
p_1440402,35.589299,-82.499649,211,6637.763617910001
p_1440402,35.589367,-82.499551,212,6649.417187940001
p_1440402,35.589483,-82.499359,213,6671.060457710001
p_1440402,35.589614,-82.499113,214,6697.674480380001
p_1440402,35.589691,-82.498945,215,6715.133163820001
p_1440402,35.589728,-82.498865,216,6723.4649782900005
p_1440402,35.589808,-82.498565,217,6752.06567692
p_1440402,35.589844,-82.498388,218,6768.596686080001
p_1440402,35.589884,-82.498172,219,6788.669161490001
p_1440402,35.589897,-82.49793,220,6810.648563220001
p_1440402,35.589877,-82.497688,221,6832.692560190001
p_1440402,35.589863,-82.497594,222,6841.3520672700015
p_1440402,35.589838,-82.497456,223,6854.162663240001
p_1440402,35.589808,-82.497306,224,6868.158469270001
p_1440402,35.589766,-82.497154,225,6882.700811850001
p_1440402,35.589715,-82.497001,226,6897.6770836000005
p_1440402,35.589586,-82.496693,227,6929.046202140001
p_1440402,35.589411,-82.496385,228,6963.048710620001
p_1440402,35.588934,-82.495719,229,7043.324047680001
p_1440402,35.588668,-82.495348,230,7088.062870680001
p_1440402,35.588518,-82.495151,231,7112.470791810001
p_1440402,35.58839,-82.494982,232,7133.358199550001
p_1440402,35.588034,-82.494443,233,7196.17883296
p_1440402,35.587895,-82.49419,234,7223.81226832
p_1440402,35.58777,-82.493922,235,7251.78192134
p_1440402,35.587666,-82.493666,236,7277.69435621
p_1440402,35.587655,-82.493632,237,7281.00869376
p_1440402,35.587606,-82.493494,238,7294.64624956
p_1440402,35.587545,-82.493292,239,7314.16465161
p_1440402,35.587511,-82.493162,240,7326.53584407
p_1440402,35.587486,-82.49306,241,7336.18736767
p_1440402,35.587475,-82.493012,242,7340.7056090099995
p_1440402,35.587455,-82.492907,243,7350.47715213
p_1440402,35.587438,-82.492815,244,7359.02587647
p_1440402,35.58741,-82.492635,245,7375.63262099
p_1440402,35.58739,-82.492426,246,7394.70403678
p_1440402,35.587378,-82.492215,247,7413.87347535
p_1440402,35.587377,-82.491875,248,7444.68822532
p_1440402,35.587377,-82.491693,249,7461.1830729
p_1440402,35.587379,-82.491438,250,7484.29505072
p_1440402,35.587382,-82.491308,251,7496.0817849800005
p_1440402,35.587386,-82.491051,252,7519.37818555
p_1440402,35.587387,-82.49102,253,7522.18993708
p_1440402,35.587395,-82.490448,254,7574.03847579
p_1440402,35.587402,-82.489969,255,7617.4576746600005
p_1440402,35.587412,-82.489471,256,7662.6055463600005
p_1440402,35.587413,-82.48941,257,7668.135150020001
p_1440402,35.587426,-82.488913,258,7713.201835990001
p_1440402,35.587433,-82.488573,259,7744.026152330001
p_1440402,35.587436,-82.48845,260,7755.178729330001
p_1440402,35.587436,-82.488368,261,7762.610468390001
p_1440402,35.587407,-82.488368,262,7765.828058150001
p_1440402,35.587351,-82.486925,263,7896.756142750001
p_1440402,35.587142,-82.485342,264,8042.087214270001
p_1440402,35.586624,-82.482111,265,8340.504569640001
p_1440402,35.586477,-82.480578,266,8480.397388300002
p_1440402,35.586429,-82.479321,267,8594.44631502
p_1440402,35.586454,-82.476911,268,8812.887251130001
p_1440402,35.586421,-82.476459,269,8854.016252420002
p_1440402,35.586305,-82.47578,270,8916.886951820003
p_1440402,35.586004,-82.47479,271,9012.626634070002
p_1440402,35.584903,-82.472512,272,9252.520711340003
p_1440402,35.584446,-82.471311,273,9372.602460920003
p_1440402,35.584143,-82.470258,274,9473.788546020003
p_1440402,35.583844,-82.468748,275,9614.610503250004
p_1440402,35.583691,-82.46733,276,9744.247326530003
p_1440402,35.583698,-82.467329,277,9745.029256270003
p_1440402,35.583679,-82.467014,278,9773.657062190003
p_1440402,35.583678,-82.46699,279,9775.835134720002
p_1440402,35.583681,-82.466667,280,9805.112195610001
p_1440402,35.583682,-82.466401,281,9829.22141277
p_1440402,35.583697,-82.465887,282,9875.83761631
p_1440402,35.5837,-82.465781,283,9885.45070922
p_1440402,35.583703,-82.4657,284,9892.799699950001
p_1440402,35.583751,-82.465044,285,9952.494393330002
p_1440402,35.583762,-82.464958,286,9960.383983070002
p_1440402,35.5838007550185,-82.46464550543348,287,9989.031495800002
p_2953,35.592900174213824,-82.5556570019431,1,0
p_2953,35.59288,-82.555092,2,51.25209976
p_2953,35.592735,-82.555046,3,67.87139585
p_2953,35.592583,-82.555016,4,84.95375886
p_2953,35.592464,-82.555008,5,98.17687351
p_2953,35.592293,-82.555008,6,117.1495736
p_2953,35.592171,-82.555016,7,130.70505373
p_2953,35.591999,-82.555023,8,149.79924549
p_2953,35.591618,-82.555038,9,192.09360055000002
p_2953,35.591068,-82.555069,10,253.18153106000003
p_2953,35.591011,-82.554451,11,309.54488522
p_2953,35.591011,-82.55445,12,309.63551215
p_2953,35.590965,-82.55397,13,353.43483096
p_2953,35.590984,-82.553718,14,376.36991642
p_2953,35.59119,-82.552658,15,475.11593991999996
p_2953,35.591236,-82.552261,16,511.45493673999994
p_2953,35.591224,-82.551994,17,535.6888643699999
p_2953,35.591217,-82.551795,18,553.7402930799999
p_2953,35.591148,-82.551002,19,626.0139091099999
p_2953,35.591125,-82.550903,20,635.3418153599998
p_2953,35.590957,-82.550964,21,654.7841696799999
p_2953,35.590583,-82.551094,22,697.9201060499998
p_2953,35.589843,-82.551361,23,783.5156716699998
p_2953,35.589405,-82.551521,24,834.2296467099999
p_2953,35.588993,-82.551651,25,881.4355256099999
p_2953,35.58879,-82.551689,26,904.2204351599999
p_2953,35.588546,-82.551712,27,931.3727063399998
p_2953,35.588413,-82.551727,28,946.1917285499998
p_2953,35.58712,-82.551742,29,1089.6583006699998
p_2953,35.586589,-82.551742,30,1148.5734731499997
p_2953,35.58659,-82.551746,31,1148.9525991399996
p_2953,35.586527,-82.551746,32,1155.9425345099996
p_2953,35.586455,-82.551741,33,1163.9438747799995
p_2953,35.58639,-82.551737,34,1171.1648188399995
p_2953,35.586285,-82.551728,35,1182.8432318399996
p_2953,35.585868,-82.551612,36,1230.2894068299995
p_2953,35.584986,-82.551365,37,1330.6764087299996
p_2953,35.584764,-82.551303,38,1355.9404589399996
p_2953,35.584588,-82.551262,39,1375.8183172199997
p_2953,35.58458769792833,-82.55126224774361,40,1375.8586589599997
p_2953,35.584459824837424,-82.55125317907553,41,1390.0701353299996
p_2953,35.58317327754232,-82.55142474409661,42,1533.6586957299996
p_2953,35.58302195548979,-82.5514176134205,43,1550.4605075799996
p_2953,35.58286486028035,-82.55138496650456,44,1568.1398053799996
p_2953,35.58269106157439,-82.55133088351668,45,1588.0362827099996
p_2953,35.58238501667072,-82.55124341759561,46,1622.9054935599995
p_2953,35.582378,-82.551246,47,1623.7184264799996
p_2953,35.58063,-82.550765,48,1822.5009331399997
p_2953,35.57966525046861,-82.55027667827474,49,1938.3311435999997
p_2953,35.57920070202283,-82.54993263253033,50,1998.5728306799997
p_2953,35.579210841475714,-82.54994381778656,51,2000.0872449099998
p_2953,35.578654,-82.549335,52,2082.92607672
p_2953,35.57864,-82.549319,53,2085.05117196
p_2953,35.577892,-82.54833,54,2207.21368326
p_2953,35.577593,-82.548035,55,2249.82277196
p_2953,35.577338,-82.547855,56,2282.48264349
p_2953,35.576119,-82.547236,57,2428.90850755
p_2953,35.574899,-82.546857,58,2568.5604039500004
p_2953,35.57405,-82.546054,59,2687.6037618200003
p_2953,35.573745,-82.545884,60,2724.7873002300003
p_2953,35.572944,-82.545655,61,2816.05122415
p_2953,35.572236,-82.54519,62,2905.19916141
p_2953,35.571897,-82.545091,63,2943.8673647500004
p_2953,35.570741,-82.545003,64,3072.3746363200003
p_2953,35.569976,-82.544767,65,3159.9067989900004
p_2953,35.56998246826187,-82.54476825295247,66,3160.6333918200003
p_2953,35.56967433699708,-82.54465296127343,67,3196.3827070600005
p_2953,35.569585,-82.544615,68,3206.8751067300004
p_2953,35.569481,-82.544576,69,3218.9434710200003
p_2953,35.569404,-82.544547,70,3227.8820290900003
p_2953,35.569232,-82.54448,71,3247.9088135200004
p_2953,35.569127,-82.544441,72,3260.0833085200006
p_2953,35.569112,-82.544435,73,3261.834198960001
p_2953,35.568983,-82.544382,74,3276.9317648300007
p_2953,35.568563,-82.544234,75,3325.4241285000007
p_2953,35.568456,-82.544191,76,3337.9194657100006
p_2953,35.568306,-82.54414,77,3355.192350850001
p_2953,35.568267,-82.544128,78,3359.654085990001
p_2953,35.568046,-82.544058,79,3384.982068780001
p_2953,35.567984,-82.544035,80,3392.1700739800012
p_2953,35.567942,-82.544019,81,3397.050530840001
p_2953,35.567818,-82.543971,82,3411.480177480001
p_2953,35.56778,-82.543957,83,3415.883193160001
p_2953,35.56751,-82.543858,84,3447.155432030001
p_2953,35.567509,-82.543858,85,3447.266383030001
p_2953,35.567507,-82.543857,86,3447.5060881500012
p_2953,35.567452,-82.543837,87,3453.8720403600014
p_2953,35.567355,-82.543802,88,3465.092249430001
p_2953,35.567269,-82.54377,89,3475.065262820001
p_2953,35.567285,-82.543696,90,3482.004545710001
p_2953,35.56735,-82.543402,91,3509.615201260001
p_2953,35.567368,-82.543323,92,3517.050083180001
p_2953,35.567415,-82.54311,93,3537.0510452500007
p_2953,35.567434,-82.543023,94,3545.214772500001
p_2953,35.567444,-82.542978,95,3549.442369420001
p_2953,35.56745,-82.542953,96,3551.804455030001
p_2953,35.567453,-82.542939,97,3553.116525750001
p_2953,35.567472,-82.542849,98,3561.5432789200013
p_2953,35.567478,-82.542786,99,3567.2931136300012
p_2953,35.567489,-82.542647,100,3579.952908550001
p_2953,35.567483,-82.542585,101,3585.6127084100012
p_2953,35.56747,-82.542452,102,3597.7555856000013
p_2953,35.567458,-82.542402,103,3602.4797559000012
p_2953,35.567458,-82.5424,104,3602.661062850001
p_2953,35.567435,-82.542304,105,3611.730221860001
p_2953,35.567394,-82.542187,106,3623.2710344600014
p_2953,35.567387,-82.542166,107,3625.3270897000016
p_2953,35.56734,-82.542079,108,3634.782016830002
p_2953,35.567334,-82.542068,109,3635.9809963000016
p_2953,35.567001,-82.541447,110,3703.3181925500016
p_2953,35.566995,-82.541436,111,3704.5171754900016
p_2953,35.566982,-82.541412,112,3707.1275517100016
p_2953,35.566962,-82.541375,113,3711.1493297100014
p_2953,35.566926,-82.54131,114,3718.2680116500014
p_2953,35.566901,-82.541266,115,3723.1264260800012
p_2953,35.56689,-82.541246,116,3725.3120133200014
p_2953,35.566885,-82.541236,117,3726.3748255900014
p_2953,35.566652,-82.540817,118,3772.3215161700014
p_2953,35.566637,-82.54079,119,3775.2813909000015
p_2953,35.566626,-82.54077,120,3777.4669830500015
p_2953,35.566603,-82.540729,121,3781.9755182100016
p_2953,35.56652,-82.540584,122,3798.0252166200016
p_2953,35.566435,-82.540435,123,3814.4992581000015
p_2953,35.566424,-82.540447,124,3816.1341753300017
p_2953,35.566112,-82.539719,125,3890.6585419000016
p_2953,35.565834,-82.538682,126,3989.5986234100014
p_2953,35.565797,-82.538541,127,4003.0240587000017
p_2953,35.563898,-82.537631,128,4229.295040060002
p_2953,35.563526,-82.537277,129,4281.577651810002
p_2953,35.561979,-82.535008,130,4549.486407880002
p_2953,35.561174,-82.534572,131,4647.157797290002
p_2953,35.55834,-82.533428,132,4978.256761480002
p_2953,35.556194,-82.532577,133,5228.546298410002
p_2953,35.554796,-82.532458,134,5384.030292290002
p_2953,35.553758,-82.532347,135,5499.636088080002
p_2953,35.553724,-82.532342,136,5503.435556590002
p_2953,35.552481,-82.532211,137,5641.857866590002
p_2953,35.551293,-82.532418,138,5774.9969019200025
p_2953,35.551201,-82.532434,139,5785.306945830002
p_2953,35.551238,-82.53125,140,5892.740768980002
p_2953,35.55109,-82.530435,141,5968.440736770002
p_2953,35.551068,-82.530349,142,5976.611631280002
p_2953,35.54896,-82.530521,143,6211.015066570002
p_2953,35.548501,-82.53049,144,6262.018934360002
p_2953,35.548618,-82.530189,145,6292.2418660500025
p_2953,35.54863,-82.529483,146,6356.272034750003
p_2953,35.54865,-82.529392,147,6364.816596060003
p_2953,35.548832,-82.528404,148,6456.650636280003
p_2953,35.548879,-82.527882,149,6504.269074110003
p_2953,35.548863,-82.527436,150,6544.748801950003
p_2953,35.548818,-82.527167,151,6569.645978450003
p_2953,35.548491,-82.526253,152,6660.116064520003
p_2953,35.548418,-82.525497,153,6729.143092620004
p_2953,35.548363,-82.525496,154,6735.246052080004
p_2953,35.548431,-82.525558,155,6744.654920810004
p_2953,35.548424,-82.525482,156,6751.589840120004
p_2953,35.54789699852476,-82.52551709085151,157,6810.147505910004
p_2953,35.547218,-82.525574,158,6885.659350770004
p_2953,35.547085,-82.525551,159,6900.562433500004
p_2953,35.547005,-82.525444,160,6913.712356110004
p_2953,35.546932,-82.524918,161,6962.091024180005
p_2953,35.546658,-82.525017,162,6993.789211500005
p_2953,35.546059,-82.525383,163,7068.074396410005
p_2953,35.545197,-82.525978,164,7177.8827389700045
p_2953,35.54467,-82.526749,165,7269.024025830005
p_2953,35.544453,-82.527,166,7302.155689000005
p_2953,35.543846,-82.52771,167,7395.326163490005
p_2953,35.543636,-82.527802,168,7420.074311200005
p_2953,35.5434,-82.527763,169,7446.496392120004
p_2953,35.543395,-82.527783,170,7448.392951270004
p_2953,35.542179,-82.527663,171,7583.746944410004
p_2953,35.541488,-82.527437,172,7663.1057070600045
p_2953,35.540692,-82.527066,173,7757.613409230004
p_2953,35.539916,-82.526928,174,7844.615737450004
p_2953,35.539014,-82.526936,175,7944.6957059600045
p_2953,35.538857,-82.526905,176,7962.340323830004
p_2953,35.538586,-82.526756,177,7995.304524010005
p_2953,35.537906,-82.526515,178,8073.852634440004
p_2953,35.536459,-82.528852,179,8339.732326860005
p_2953,35.536366,-82.529016,180,8357.834050240004
p_2953,35.536264,-82.52894,181,8371.084612930004
p_2953,35.535429,-82.528378,182,8476.822485730005
p_2953,35.534893,-82.528104,183,8541.274679360005
p_2953,35.534335,-82.527914,184,8605.538212500005
p_2953,35.533775,-82.527844,185,8667.993910590005
p_2953,35.533818,-82.527613,186,8689.479984760004
p_2953,35.534514,-82.52419,187,9009.375487360005
p_2953,35.535252,-82.520435,188,9359.622660450004
p_2953,35.535417,-82.519418,189,9453.653315970005
p_2953,35.535665,-82.519481,190,9481.755935270005
p_2953,35.539015,-82.520318,191,9861.111462210005
p_2953,35.539026,-82.520319,192,9862.335282010004
p_2953,35.541006,-82.520833,193,10086.907833280004
p_2953,35.54381,-82.521514,194,10404.083024960004
p_2953,35.543825,-82.521521,195,10405.864226090003
p_2953,35.545061,-82.521851,196,10546.226053280003
p_2953,35.545846,-82.521916,197,10633.521480230003
p_2953,35.54665,-82.521792,198,10723.431618930003
p_2953,35.547817,-82.521381,199,10858.167695460003
p_2953,35.547807,-82.521349,200,10861.274204370002
p_2953,35.549075,-82.520939,201,11006.788796960001
p_2953,35.551023,-82.520278,202,11231.077011240002
p_2953,35.551993,-82.51998,203,11342.039258660003
p_2953,35.552054,-82.520208,204,11363.791885950002
p_2953,35.55218,-82.520683,205,11409.072558760003
p_2953,35.55238,-82.520975,206,11443.617757630003
p_2953,35.552727,-82.521333,207,11493.975388480003
p_2953,35.552834,-82.521635,208,11523.820496970004
p_2953,35.553018,-82.52206,209,11567.428881680004
p_2953,35.553234,-82.522561,210,11618.788518640004
p_2953,35.553475,-82.52282,211,11654.375726400003
p_2953,35.553758,-82.52305,212,11692.069035320003
p_2953,35.554241,-82.523243,213,11748.442969890002
p_2953,35.554524,-82.523243,214,11779.842035450001
p_2953,35.554815,-82.523082,215,11815.275311950001
p_2953,35.554989,-82.522879,216,11841.9485786
p_2953,35.555106,-82.52257,217,11872.82611742
p_2953,35.555146,-82.522328,218,11895.21195211
p_2953,35.555136,-82.52224,219,11903.26745207
p_2953,35.555108,-82.52225,220,11906.50367758
p_2953,35.555015,-82.521784,221,11949.9964223
p_2953,35.554822,-82.521474,222,11985.33109094
p_2953,35.554503,-82.521284,223,12024.694161290001
p_2953,35.554212,-82.521238,224,12057.2491028
p_2953,35.553961,-82.52122,225,12085.14552324
p_2953,35.553836,-82.521267,226,12099.65430093
p_2953,35.5537,-82.521359,227,12116.89577099
p_2953,35.553398,-82.521778,228,12167.551427280001
p_2953,35.553065,-82.522012,229,12210.15656458
p_2962,35.5928200014297,-82.55570084966394,1,0
p_2962,35.592856824705336,-82.55634387418318,2,58.41706233
p_2962,35.59413089959857,-82.55630764745001,3,199.81567923
p_2962,35.594292,-82.555527,4,272.78367448
p_2962,35.594372,-82.555092,5,313.19169019000003
p_2962,35.594479,-82.554451,6,372.48180848000004
p_2962,35.594574,-82.553993,7,415.30460153
p_2962,35.594933,-82.554207,8,459.60645492000003
p_2962,35.5949270025212,-82.55419993357243,9,460.52996966
p_2962,35.596194,-82.555073,10,621.84087434
p_2962,35.596605,-82.555406,11,676.5226327400001
p_2962,35.596916,-82.555724,12,721.47923686
p_2962,35.597006,-82.555887,13,739.30893981
p_2962,35.597046,-82.556101,14,759.20300234
p_2962,35.597058,-82.556512,15,796.47166429
p_2962,35.597013,-82.556867,16,829.02695411
p_2962,35.596844,-82.557607,17,898.65813929
p_2962,35.596758,-82.557789,18,917.71234622
p_2962,35.59644,-82.55852,19,992.7662404499999
p_2962,35.596185,-82.559243,20,1064.1329477
p_2962,35.596316,-82.559344,21,1081.30933949
p_2962,35.597158,-82.560063,22,1195.20772064
p_2962,35.597053,-82.560201,23,1212.29893843
p_2962,35.594242,-82.564183,24,1689.25688563
p_2962,35.593825,-82.564655,25,1752.2668488299998
p_2962,35.593389,-82.565751,26,1862.7447463099998
p_2962,35.593293,-82.566344,27,1917.5303451199998
p_2962,35.593312,-82.566644,28,1944.7992576299998
p_2962,35.593429,-82.567152,29,1992.6315928699998
p_2962,35.593717,-82.567711,30,2052.52631901
p_2962,35.594074,-82.568122,31,2106.89741731
p_2962,35.594435,-82.568406,32,2154.5070366600003
p_2962,35.594685,-82.568547,33,2185.0465649200005
p_2962,35.595632,-82.568888,34,2294.5676953100005
p_2962,35.595572,-82.569001,35,2306.7816123200005
p_2962,35.595227,-82.569764,36,2385.8145096800004
p_2962,35.595076,-82.570693,37,2471.6534276
p_2962,35.594853,-82.570994,38,2508.48046276
p_2962,35.594758,-82.571079,39,2521.5355367700004
p_2962,35.594698,-82.571067,40,2528.2808647300003
p_2962,35.592312,-82.569741,41,2819.0081405900005
p_2962,35.592224,-82.569691,42,2829.7721015800007
p_2962,35.592468,-82.569044,43,2894.354794900001
p_2962,35.59497,-82.570472,44,3200.6378130100006
p_2971,35.59497,-82.570472,1,0
p_2971,35.595115,-82.570554,2,17.72125984
p_2971,35.595227,-82.569764,3,90.38330784
p_2971,35.595584,-82.568978,4,171.88472366000002
p_2971,35.595632,-82.568888,5,181.62548555
p_2971,35.594685,-82.568547,6,291.14661594
p_2971,35.594435,-82.568406,7,321.6861442
p_2971,35.594074,-82.568122,8,369.29576355
p_2971,35.593693,-82.567675,9,427.84427389
p_2971,35.593429,-82.567152,10,483.56133718
p_2971,35.593312,-82.566644,11,531.39367242
p_2971,35.593293,-82.566344,12,558.66258493
p_2971,35.593389,-82.565751,13,613.44818374
p_2971,35.593825,-82.564655,14,723.92608122
p_2971,35.594278,-82.564136,15,792.76161271
p_2971,35.597041,-82.560217,16,1261.9177066299999
p_2971,35.597019,-82.56018,17,1266.0650435199998
p_2971,35.597099,-82.560058,18,1280.2429513799998
p_2971,35.596889,-82.559867,19,1309.2681906799999
p_2971,35.596786,-82.559791,20,1322.61106142
p_2971,35.596351,-82.559425,21,1381.17271132
p_2971,35.596183,-82.55928,22,1403.97852467
p_2971,35.59643061862967,-82.55859442637949,23,1471.9094400000001
p_2971,35.59643095032206,-82.55859441721901,24,1471.9462511400002
p_2971,35.59646584613181,-82.5584977337863,25,1481.5251247400001
p_2971,35.595497,-82.55857,26,1589.2193860900002
p_2971,35.593602120374,-82.558734916672,27,1799.9896615500002
p_2971,35.593791779298,-82.557919364418,28,1876.8354583100001
p_2971,35.594023149492,-82.55671953373,29,1988.55775721
p_2971,35.594048,-82.556725,30,1991.35910532
p_2971,35.594128,-82.556305,31,2030.442227
p_2971,35.594292,-82.555527,32,2103.25736364
p_2971,35.593929,-82.555428,33,2144.51992552
p_2971,35.593616,-82.555328,34,2180.41070378
p_2971,35.592874263552346,-82.55508335237519,35,2265.64163336
p_2971,35.592861840181186,-82.55540040457414,36,2294.40748249
p_2977,35.553065,-82.522012,1,0
p_2977,35.552959,-82.522075,2,13.07459587
p_2977,35.552643,-82.521213,3,98.73574221
p_2977,35.552157,-82.520664,4,172.12132383
p_2977,35.552021,-82.520177,5,218.78499709
p_2977,35.551962,-82.519957,6,239.77923203999998
p_2977,35.551028,-82.520273,7,347.29528546
p_2977,35.551061,-82.520664,8,382.93658254
p_2977,35.550965,-82.520846,9,402.57775049
p_2977,35.550227,-82.520851,10,484.46061619
p_2977,35.549758,-82.52105,11,539.53616432
p_2977,35.549388,-82.521391,12,590.9294913800001
p_2977,35.54898,-82.52208,13,668.0802106100001
p_2977,35.54862,-82.522574,14,728.0953136600001
p_2977,35.54848,-82.522854,15,757.8589644300001
p_2977,35.548477,-82.523181,16,787.5115069500001
p_2977,35.54872,-82.523825,17,851.8295851700001
p_2977,35.548892,-82.524431,18,909.9978213400001
p_2977,35.549145,-82.525417,19,1003.7057282700001
p_2977,35.548424,-82.525526,20,1084.3094004200002
p_2977,35.548431,-82.525708,21,1100.8304979700001
p_2977,35.548491,-82.526253,22,1150.6946659900002
p_2977,35.548818,-82.527167,23,1241.1647520600002
p_2977,35.548873,-82.527494,24,1271.4367254500003
p_2977,35.548832,-82.528404,25,1354.0757485300003
p_2977,35.54865,-82.529429,26,1449.1854974200003
p_2977,35.548614,-82.530189,27,1518.2139050100002
p_2977,35.548656,-82.530524,28,1548.9452758600003
p_2977,35.551017,-82.530366,29,1811.2912912800002
p_2977,35.551076,-82.530361,30,1817.8530628800002
p_2977,35.551238,-82.53125,31,1900.4399561300002
p_2977,35.551201,-82.532434,32,2007.8737792800002
p_2977,35.551387,-82.532401,33,2028.7264014300001
p_2977,35.552481,-82.532211,34,2151.32293844
p_2977,35.553671,-82.532336,35,2283.83987195
p_2977,35.556103,-82.532563,36,2554.45594126
p_2977,35.557287,-82.532988,37,2691.35642893
p_2977,35.558826,-82.533634,38,2871.87519333
p_2977,35.561004,-82.534501,39,3125.98889599
p_2977,35.561474,-82.534701,40,3181.19826003
p_2977,35.561979,-82.535008,41,3243.76052622
p_2977,35.563435,-82.537149,42,3496.29103095
p_2977,35.563589,-82.537364,43,3522.21135591
p_2977,35.563898,-82.537631,44,3564.17911
p_2977,35.565559,-82.538416,45,3761.73199971
p_2977,35.565797,-82.538541,46,3790.4671184999997
p_2977,35.566112,-82.539719,47,3902.8324018999997
p_2977,35.566484,-82.54056,48,3989.5282108099996
p_2977,35.566501,-82.54055,49,3991.6209243399994
p_2977,35.56652,-82.540584,50,3995.355123789999
p_2977,35.566603,-82.540729,51,4011.404822199999
p_2977,35.566626,-82.54077,52,4015.9133573599993
p_2977,35.566637,-82.54079,53,4018.0989495099993
p_2977,35.566652,-82.540817,54,4021.0588242399995
p_2977,35.566885,-82.541236,55,4067.0055148199995
p_2977,35.56689,-82.541246,56,4068.0683270899995
p_2977,35.566901,-82.541266,57,4070.2539143299996
p_2977,35.566926,-82.54131,58,4075.1123287599994
p_2977,35.566962,-82.541375,59,4082.2310106999994
p_2977,35.566982,-82.541412,60,4086.252788699999
p_2977,35.566995,-82.541436,61,4088.8631649199992
p_2977,35.567001,-82.541447,62,4090.062147859999
p_2977,35.567334,-82.542068,63,4157.399344109999
p_2977,35.56734,-82.542079,64,4158.5983235799995
p_2977,35.567387,-82.542166,65,4168.05325071
p_2977,35.567394,-82.542187,66,4170.10930595
p_2977,35.567435,-82.542304,67,4181.65011855
p_2977,35.567458,-82.5424,68,4190.71927756
p_2977,35.567458,-82.542402,69,4190.90058451
p_2977,35.56747,-82.542452,70,4195.62475481
p_2977,35.567483,-82.542585,71,4207.767632
p_2977,35.567489,-82.542647,72,4213.42743186
p_2977,35.567478,-82.542786,73,4226.0872267800005
p_2977,35.567472,-82.542849,74,4231.83706149
p_2977,35.567453,-82.542939,75,4240.26381466
p_2977,35.56745,-82.542953,76,4241.57588538
p_2977,35.567444,-82.542978,77,4243.9379709899995
p_2977,35.567443,-82.542983,78,4244.40462021
p_2977,35.567434,-82.543023,79,4248.1657383599995
p_2977,35.567368,-82.543323,80,4276.330408299999
p_2977,35.56735,-82.543402,81,4283.76529022
p_2977,35.567285,-82.543696,82,4311.37594577
p_2977,35.567269,-82.54377,83,4318.31522866
p_2977,35.567355,-82.543802,84,4328.28824205
p_2977,35.567452,-82.543837,85,4339.50845112
p_2977,35.567507,-82.543857,86,4345.87440333
p_2977,35.567509,-82.543858,87,4346.11410845
p_2977,35.56751,-82.543858,88,4346.225059449999
p_2977,35.56778,-82.543957,89,4377.49729832
p_2977,35.567818,-82.543971,90,4381.9003139999995
p_2977,35.567942,-82.544019,91,4396.32996064
p_2977,35.567984,-82.544035,92,4401.2104174999995
p_2977,35.568046,-82.544058,93,4408.398422699999
p_2977,35.568267,-82.544128,94,4433.726405489999
p_2977,35.568306,-82.54414,95,4438.188140629999
p_2977,35.568456,-82.544191,96,4455.461025769999
p_2977,35.568563,-82.544234,97,4467.956362979999
p_2977,35.568983,-82.544382,98,4516.448726649998
p_2977,35.569112,-82.544435,99,4531.546292519998
p_2977,35.569127,-82.544441,100,4533.297182959998
p_2977,35.569232,-82.54448,101,4545.4716779599985
p_2977,35.569404,-82.544547,102,4565.498462389998
p_2977,35.569481,-82.544576,103,4574.437020459998
p_2977,35.569585,-82.544615,104,4586.5053847499985
p_2977,35.569661,-82.544644,105,4595.337957609999
p_2977,35.569768,-82.544684,106,4607.751130979998
p_2977,35.569847,-82.544714,107,4616.928459859998
p_2977,35.569839,-82.544708,108,4617.969459839998
p_2977,35.570133,-82.544822,109,4652.186910879998
p_2977,35.57064,-82.544975,110,4710.123693579998
p_2977,35.571094,-82.545051,111,4760.964425809998
p_2977,35.571334,-82.545066,112,4787.627377189998
p_2977,35.571884,-82.545089,113,4848.686077319998
p_2977,35.572074,-82.545127,114,4870.046360919998
p_2977,35.572246,-82.545196,115,4890.128813009997
p_2977,35.572292,-82.545219,116,4895.641987779997
p_2977,35.572304,-82.545229,117,4897.252691729997
p_2977,35.57247855254077,-82.54532310470975,118,4918.414931989997
p_2977,35.572705693775774,-82.54549406298666,119,4947.999983269997
p_2977,35.572859621564405,-82.54559741265851,120,4967.479212839997
p_2977,35.57295674070626,-82.54564970805556,121,4979.251325509997
p_2977,35.57304893942384,-82.54568720838985,122,4990.0308864599965
p_2977,35.57316218285531,-82.54572618512645,123,5003.082677819996
p_2977,35.57356297417931,-82.54582551884972,124,5048.453393079996
p_2977,35.57365863828599,-82.54584938269736,125,5059.285620929996
p_2977,35.573797693351835,-82.54589545834202,126,5075.269263349996
p_2977,35.57389474360946,-82.54594829971883,127,5087.054387889996
p_2977,35.573978932869494,-82.54598983809453,128,5097.125620439996
p_2977,35.574043875291935,-82.54603461943087,129,5105.395797289996
p_2977,35.57413468632885,-82.54609598360979,130,5116.904834449996
p_2977,35.57426847644811,-82.54621189372502,131,5135.091134759996
p_2977,35.574488201644655,-82.54646727696789,132,5168.709849789996
p_2977,35.57479029664408,-82.54676378732833,133,5211.672982589996
p_2977,35.574847139679974,-82.546818333272,134,5219.686851149996
p_2977,35.57494680402742,-82.54688488897432,135,5232.283398839996
p_2977,35.575044546100244,-82.54693091211422,136,5243.902730519996
p_2977,35.575253893967414,-82.54699398086309,137,5267.823304599996
p_2977,35.57585262965961,-82.54714509966286,138,5335.651300499996
p_2977,35.57602454276842,-82.54720305472046,139,5355.435455369996
p_2977,35.576259,-82.547306,140,5383.071768699996
p_2977,35.576259,-82.547307,141,5383.162412259996
p_2977,35.576831,-82.547581,142,5451.3131808599965
p_2977,35.577011,-82.547668,143,5472.784955669997
p_2977,35.57715,-82.547744,144,5489.675805379997
p_2977,35.577302,-82.547827,145,5508.142382479997
p_2977,35.577341,-82.547849,146,5512.9068681599965
p_2977,35.577545,-82.547986,147,5538.723649679997
p_2977,35.577596,-82.54803,148,5545.646430419997
p_2977,35.577687,-82.548109,149,5558.024490579997
p_2977,35.577717,-82.548135,150,5562.102865149997
p_2977,35.577898,-82.54832,151,5588.265508049997
p_2977,35.577991,-82.548415,152,5601.7049735699975
p_2977,35.578117,-82.548587,153,5622.645247289997
p_2977,35.578167,-82.548652,154,5630.7376803399975
p_2977,35.578275,-82.548793,155,5648.2569612399975
p_2977,35.578409,-82.548978,156,5670.667408759998
p_2977,35.578491,-82.549091,157,5684.367088469998
p_2977,35.578592419260744,-82.54920856098025,158,5699.864435419998
p_2977,35.57859292998397,-82.5492091889309,159,5699.944751199998
p_2977,35.578646385283804,-82.54927086319294,160,5708.094989589998
p_2977,35.578687575670756,-82.54932265882907,161,5714.646872959997
p_2977,35.57875226451388,-82.54940272593943,162,5724.853869639997
p_2977,35.578819864348475,-82.54948732232255,163,5735.5800329999975
p_2977,35.57889403010418,-82.549579931482,164,5747.334803449998
p_2977,35.57905224579896,-82.54977430219601,165,5772.205262079998
p_2977,35.5790746434857,-82.54979609762647,166,5775.379889689998
p_2977,35.57913104646319,-82.54985161043363,167,5783.409853039998
p_2977,35.57918816778728,-82.54991577613958,168,5792.011715009998
p_2977,35.579292,-82.550025,169,5807.201481089997
p_2977,35.57940195727976,-82.55010729012525,170,5821.500812469997
p_2977,35.57945051848664,-82.55013981553293,171,5827.642558829997
p_2977,35.57948814876417,-82.55016194375963,172,5832.274460059997
p_2977,35.57964598833331,-82.55025140026977,173,5851.572966169997
p_2977,35.57964653369868,-82.550251735546,174,5851.640677659997
p_2977,35.57971424550533,-82.55029098398896,175,5859.953099469997
p_2977,35.57978456592137,-82.55033104110521,176,5868.558665609997
p_2977,35.57983822896513,-82.55036223717299,177,5875.149962569997
p_2977,35.57987496777787,-82.55038220997918,178,5879.6100991899975
p_2977,35.57993033340841,-82.5504119960766,179,5886.320086629998
p_2977,35.579982638893924,-82.55044041842635,180,5892.669550559997
p_2977,35.580075317701784,-82.55049060645082,181,5903.913661379997
p_2977,35.580258951817854,-82.55059027965758,182,5926.2012360499975
p_2977,35.58037303015794,-82.55065186187413,183,5940.034491389997
p_2977,35.580467642781,-82.55069951900158,184,5951.385878849997
p_2977,35.58049676165237,-82.55071020187677,185,5954.758634229997
p_2977,35.5806531995311,-82.5507682095027,186,5972.894467449997
p_2977,35.58113542001536,-82.55089653342257,187,6027.647084369997
p_2977,35.58153814086462,-82.55101825409477,188,6073.671334139997
p_2977,35.5819509445834,-82.5511338484688,189,6120.655495789997
p_2977,35.58203073817717,-82.55115409152826,190,6129.696820389997
p_2977,35.582270169310746,-82.55121528460211,191,6156.834825079997
p_2977,35.58232214962156,-82.55122526494596,192,6162.672617099997
p_2977,35.58236864043329,-82.55123817308245,193,6167.961848289997
p_2977,35.58243162794494,-82.55125560744325,194,6175.126816309997
p_2977,35.582432191157395,-82.5512557019217,195,6175.189889449996
p_2977,35.5824787816333,-82.55126937913109,196,6180.505726919996
p_2977,35.58254535398956,-82.55128905377374,197,6188.104226869996
p_2977,35.582696819617155,-82.55133180883362,198,6205.3505364999955
p_2977,35.58275385679619,-82.55134930097438,199,6211.874458339996
p_2977,35.58286366380608,-82.55138424512572,200,6224.462637359996
p_2977,35.58289594613707,-82.55139155805146,201,6228.105215119996
p_2977,35.58302241957968,-82.55141821018488,202,6242.344012149995
p_2977,35.58315486760762,-82.55142441258045,203,6257.050040469995
p_2977,35.58317704539181,-82.55142477222394,204,6259.510910189995
p_2977,35.583299829841565,-82.55140763872853,205,6273.222226549995
p_2977,35.58343216806031,-82.55139013964339,206,6287.9907354599945
p_2977,35.58358724350178,-82.55136947707476,207,6305.2981768899945
p_2977,35.58375562809323,-82.55134696514689,208,6324.091754039994
p_2977,35.583926199859036,-82.55132406388834,209,6343.130399709994
p_2977,35.58445948414578,-82.55125306188943,210,6402.647913649994
p_2977,35.58457887555241,-82.55125979441826,211,6415.908594249994
p_2977,35.58476062446633,-82.55130109975313,212,6436.418437489994
p_2977,35.584842314744776,-82.55132472921247,213,6445.731666429994
p_2977,35.58492506332004,-82.55134728174154,214,6455.137513729994
p_2977,35.58508851985249,-82.55139367551884,215,6473.754306819994
p_2977,35.58519477134449,-82.55142291290784,216,6485.8372037899935
p_2977,35.58593595662106,-82.55163123025743,217,6570.212247949993
p_2977,35.58628356129631,-82.5517279061365,218,6609.762236719993
p_2977,35.586370569315946,-82.55173542594487,219,6619.4399219799925
p_2977,35.58645563714602,-82.55174153424748,220,6628.894534769993
p_2977,35.58654716148325,-82.55174562408776,221,6639.056046809993
p_2977,35.58672095326898,-82.55174675899897,222,6658.338755529993
p_2977,35.58700687036749,-82.55174856277257,223,6690.062067899993
p_2977,35.587006325052755,-82.55174873041099,224,6690.124449789993
p_2977,35.58711934970914,-82.55174873138779,225,6702.6646896299935
p_2977,35.5872219669338,-82.55174950353965,226,6714.0504259899935
p_2977,35.58728675744342,-82.55174807473098,227,6721.240187919993
p_2977,35.587373908964096,-82.55174673442971,228,6730.910531449993
p_2977,35.58757960095873,-82.55174259739088,229,6753.735420279993
p_2977,35.58771905716236,-82.5517401096149,230,6769.209920529994
p_2977,35.58796693967682,-82.55173516402984,231,6796.716479429993
p_2977,35.58817112539715,-82.55173122373996,232,6819.373981899993
p_2977,35.588413,-82.551727,233,6846.213034599993
p_2977,35.58878944110512,-82.55168781280713,234,6888.130424839993
p_2977,35.5888138434065,-82.55168311894174,235,6890.871110479993
p_2977,35.58881343442954,-82.55168278366551,236,6890.925721239993
p_2977,35.58882843025383,-82.55168026909472,237,6892.605063849994
p_2977,35.588911785225335,-82.55166499611104,238,6901.956424429994
p_2977,35.588993433115476,-82.55165013081526,239,6911.115003099993
p_2977,35.58930545289169,-82.55155165275134,240,6946.865981979993
p_2977,35.589405,-82.551521,241,6958.254881819993
p_2977,35.58984278328214,-82.55136031903895,242,7008.963504449993
p_2977,35.59026125537092,-82.55121057944804,243,7057.336150169993
p_2977,35.59058232115224,-82.55109680900759,244,7094.4210340199925
p_2977,35.590629831375026,-82.55108024603751,245,7099.901916009992
p_2977,35.590699440035706,-82.55105575075555,246,7107.937814159993
p_2977,35.59083003586818,-82.55100962709818,247,7123.018498499992
p_2977,35.591127304878896,-82.55090350933321,248,7157.374422339993
p_2977,35.59115958684089,-82.55099873077128,249,7166.717816239992
p_2977,35.59116313120492,-82.5510506985709,250,7171.443879379993
p_2977,35.59117540015842,-82.55123727973972,251,7188.407830319993
p_2977,35.5911889285925,-82.55143160336603,252,7206.0825977499935
p_2977,35.591212784872766,-82.55175322511211,253,7235.3500574099935
p_2977,35.591217,-82.551795,254,7239.164754399993
p_2977,35.59124702714577,-82.552031378186,255,7260.844438409993
p_2977,35.59124741795851,-82.5520313596134,256,7260.887832299993
p_2977,35.59124973941749,-82.55206317885404,257,7263.782984219993
p_2977,35.591253939840286,-82.55232980499635,258,7287.950915879993
p_2977,35.591194,-82.552658,259,7318.428573619993
p_2977,35.590984,-82.553719,260,7417.366337689993
p_2977,35.590977,-82.553825,261,7427.004140919993
p_2977,35.590965,-82.55397,262,7440.212329439993
p_2977,35.591011,-82.554451,263,7484.101659089993
p_2977,35.591068,-82.555069,264,7540.465013249993
p_2977,35.59111,-82.555649,265,7593.234742029993
p_2977,35.591145,-82.556023,266,7627.350897239993
p_2977,35.59118089793975,-82.55643275527535,267,7664.698677489993
p_2977,35.59290428093705,-82.55636996290397,268,7855.995190419993
p_2977,35.59288594328741,-82.55569907851874,269,7916.827995099993
p_897956,35.59277,-82.556374,1,0
p_897956,35.592903,-82.556366,2,14.77434475
p_897956,35.593746,-82.556328,3,108.3698175
p_897956,35.594128,-82.556305,4,150.80450836
p_897956,35.594292,-82.555527,5,223.619645
p_897956,35.594372,-82.555092,6,264.02766070999996
p_897956,35.594505786363115,-82.55445526535914,7,323.60917734
p_897956,35.59455060172367,-82.55425439566619,8,342.47947565
p_897956,35.594549,-82.554261,9,343.10380682
p_897956,35.594575,-82.554134,10,354.96894019999996
p_897956,35.594599,-82.554001,11,367.31243245999997
p_897956,35.594611,-82.553914,12,375.30825268999996
p_897956,35.594676,-82.553527,13,411.11312054999996
p_897956,35.594677,-82.553522,14,411.57962087
p_897956,35.594711,-82.553348,15,427.79294722
p_897956,35.594734,-82.553214,16,440.20163223
p_897956,35.594766,-82.553022,17,457.95974182
p_897956,35.594794,-82.552883,18,470.93373067
p_897956,35.59485,-82.552608,19,496.6178193
p_897956,35.594865,-82.552535,20,503.43940118
p_897956,35.594969,-82.552028,21,550.81183948
p_897956,35.594983,-82.55196,22,557.16692323
p_897956,35.5949824714547,-82.55196141651656,23,557.3080522099999
p_897956,35.595018137845926,-82.55176733928921,24,575.3354967999999
p_897956,35.59492196522251,-82.55172622515215,25,586.6377793999999
p_897956,35.594846413722635,-82.55169863458698,26,595.3852837699999
p_897956,35.594749476130616,-82.5516687425786,27,606.4765474299999
p_897956,35.5946778480605,-82.55164057386024,28,614.8237070899999
p_897956,35.594467939827524,-82.5515753407872,29,638.8519030399999
p_897956,35.59420280580666,-82.55149407021007,30,669.1768777899999
p_897956,35.59400136645928,-82.55143143266524,31,692.2364573899999
p_897956,35.59379676425823,-82.55136908272496,32,715.630015
p_897956,35.59365337551638,-82.55132373914611,33,732.06132881
p_897956,35.59354038500332,-82.55128777740215,34,745.01447618
p_897956,35.593398851302126,-82.55124477188318,35,761.1942539199999
p_897956,35.59328348332302,-82.55120823805584,36,774.41575523
p_897956,35.5931243400651,-82.55116260342147,37,792.55078482
p_897956,35.59298363162489,-82.5511191433858,38,808.65173988
p_897956,35.59285854014941,-82.55108256393737,39,822.9212252
p_897956,35.592771432792645,-82.5510568599014,40,832.862676
p_897956,35.59277191853438,-82.55105676127522,41,832.91730589
p_897956,35.592594249205234,-82.55100900312476,42,853.09952062
p_897956,35.592474205075916,-82.55097574350441,43,866.75539273
p_897956,35.59239018945543,-82.550952268802,44,876.31672705
p_897956,35.59228970602743,-82.55092427480305,45,887.7505180200001
p_897956,35.5921849237596,-82.55089582559049,46,899.6587172000001
p_897956,35.592090962304624,-82.55086960089044,47,910.35134758
p_897956,35.591975077613824,-82.5508382436259,48,923.5192226700001
p_897956,35.59189847753703,-82.55081636060669,49,932.2464264500001
p_897956,35.59179888424772,-82.55078994022908,50,943.5528833000001
p_897956,35.59170014590653,-82.55076226715174,51,954.7914400300001
p_897956,35.59161209731147,-82.55074718466133,52,964.6557200800002
p_897956,35.59156370405165,-82.55075680718996,53,970.0953786000001
p_897956,35.59140693718986,-82.55080879244122,54,988.1156432200002
p_897956,35.59123732060813,-82.55086603950208,55,1007.6368854400001
p_897956,35.59112835600753,-82.55090334069425,56,1020.1903888600001
p_897956,35.591025917502606,-82.55093938171744,57,1032.01611256
p_897956,35.59096878797966,-82.55095958766121,58,1038.61392951
p_897956,35.59096960591151,-82.55095958766121,59,1038.70468022
p_897956,35.58980106106574,-82.55137540310754,60,1173.7220109
p_897956,35.589639060712,-82.55143505543016,61,1192.49160484
p_897956,35.58945108861391,-82.55150293985233,62,1214.23588071
p_897956,35.58926584256699,-82.55156392685834,63,1235.51940109
p_897956,35.58918840126472,-82.55158840101035,64,1244.39330019
p_897956,35.58911475556505,-82.55161187443298,65,1252.83678824
p_897956,35.589046126305135,-82.55163403132099,66,1260.7116281200001
p_897956,35.58899336822881,-82.55165008039448,67,1266.7432149400001
p_897956,35.58890989765264,-82.55166578382699,68,1276.1131068600002
p_897956,35.588832441336066,-82.55167988390919,69,1284.8014822700002
p_897956,35.58878551593773,-82.55168845392151,70,1290.06553557
p_897956,35.58851662871214,-82.55171629431258,71,1320.00545626
p_897956,35.58841157439046,-82.5517265414454,72,1331.6983180900002
p_897956,35.58846166562945,-82.55158405643971,73,1345.7568976700002
p_897956,35.58851198462045,-82.55141969328753,74,1361.66495002
p_897956,35.58856462481833,-82.55126748971506,75,1376.64462069
p_897956,35.58859909387843,-82.55117434504652,76,1385.91218602
p_897956,35.588703897605626,-82.5509503335477,77,1409.30849478
p_897956,35.58870307965013,-82.55095150701422,78,1409.44830407
p_897956,35.58872707300539,-82.55090942986193,79,1414.09900528
p_897956,35.58879436406879,-82.5507921140935,80,1427.09080255
p_897956,35.588846304154785,-82.55070058370461,81,1437.1914409
p_897956,35.58892849529545,-82.55061123261294,82,1449.38713895
p_897956,35.5890082561166,-82.55052470757377,83,1461.21114865
p_897956,35.58908023805813,-82.55044638420169,84,1471.89623864
p_897956,35.5891638731954,-82.55035479587958,85,1484.34643099
p_897956,35.589352244332275,-82.55020422955471,86,1509.30671664
p_897956,35.589442096605055,-82.55013734818834,87,1520.97401859
p_897956,35.58950447105974,-82.55009029559865,88,1529.10286572
p_897956,35.589538961151774,-82.55006481460912,89,1533.5723977799998
p_897956,35.58952027304595,-82.54991450174322,90,1547.35193878
p_897956,35.589516821996895,-82.54975649787923,91,1561.67672881
p_897956,35.589529914593044,-82.54961324329685,92,1574.74070682
p_897956,35.58956391020267,-82.54943979758158,93,1590.90604907
p_897956,35.589589975255905,-82.54934044102134,94,1600.3635942800001
p_897956,35.589620914585495,-82.54925430326371,95,1608.8915414900002
p_897956,35.589652405496366,-82.54916780202056,96,1617.4743822800003
p_897956,35.5896519965237,-82.5491693107633,97,1617.6184498400003
p_897956,35.58970352707777,-82.5490286624273,98,1631.5886995600004
p_897956,35.58977594682662,-82.54889432317266,99,1646.1760828400004
p_897956,35.589860628571955,-82.54874048458831,100,1662.9885609900005
p_897956,35.59003006464512,-82.54854899933825,101,1688.5730976100006
p_897956,35.590112276147224,-82.54846510097202,102,1700.4480831200005
p_897956,35.590210064130176,-82.5483653223166,103,1714.5720798900006
p_897956,35.59033712828068,-82.54823399710202,104,1733.0220899300007
p_897956,35.590407876122114,-82.54814947954853,105,1743.9895739500007
p_897956,35.590446016141954,-82.54810545204154,106,1749.8057712300008
p_897956,35.590476419108384,-82.54805777085434,107,1755.2877285600007
p_897956,35.59051608904994,-82.54800077391313,108,1762.0741078300007
p_897956,35.59058425041977,-82.54788510364841,109,1775.0002119200008
p_897956,35.59062950898681,-82.54780543791786,110,1783.7946650900008
p_897956,35.59065486498906,-82.54774274128214,111,1790.1350149200007
p_897956,35.59068413358841,-82.54766870809529,112,1797.5890073400008
p_897956,35.59072993564807,-82.54751733080529,113,1812.2188833300008
p_897956,35.59078856560291,-82.5472555535141,114,1836.8187050000008
p_897956,35.590833740902355,-82.54705666121372,115,1855.5276605900008
p_897956,35.59090812641746,-82.54672264331116,116,1886.9036505700008
p_897956,35.59094820511426,-82.54653247468386,117,1904.7025011800008
p_897956,35.59098105872587,-82.54637690655761,118,1919.2647699400009
p_897956,35.591013367033426,-82.54622452355761,119,1933.532426430001
p_897956,35.5910128217442,-82.54622703812375,120,1933.7682081100008
p_897956,35.591045122126744,-82.54607418382078,121,1948.0769857800008
p_897956,35.59112103138973,-82.54581699950072,122,1972.8598018400007
p_897956,35.59117406053754,-82.54568054211174,123,1986.5547855200007
p_897956,35.59119464510859,-82.54562522154951,124,1992.0640094600008
p_897956,35.59127493154327,-82.54547309878048,125,2008.4778735000007
p_897956,35.5913018217704,-82.54542022219296,126,2014.1227691800007
p_897956,35.59135222382902,-82.54534761224406,127,2022.7583953400006
p_897956,35.59139876614685,-82.54527980037552,128,2030.7854796600006
p_897956,35.591438162991295,-82.54522414453614,129,2037.4598852200006
p_897956,35.59151989877954,-82.54514370863835,130,2049.0951720000007
p_897956,35.59158542878397,-82.54507781877211,131,2058.503648600001
p_897956,35.59161775854625,-82.54504521224781,132,2063.151108420001
p_897956,35.591732228108654,-82.54495717911445,133,2078.149592250001
p_897956,35.591754935145374,-82.54493897011895,134,2081.161313240001
p_897956,35.591852164746214,-82.5448812474234,135,2093.150521730001
p_897956,35.59188334316502,-82.54486310420003,136,2096.980696950001
p_897956,35.59191550949862,-82.54484898868063,137,2100.771935870001
p_897956,35.591915112198436,-82.54484907900436,138,2100.816770480001
p_897956,35.59200819604311,-82.5448081475052,139,2111.790522910001
p_897956,35.592074471706525,-82.5447843355057,140,2119.454014220001
p_897956,35.5922082328494,-82.54473606499393,141,2134.926304290001
p_897956,35.59229592940079,-82.54470450030277,142,2145.068144360001
p_897956,35.59239731023966,-82.5446669501338,143,2156.819988450001
p_897956,35.59250515528596,-82.54462603824184,144,2169.346817830001
p_897956,35.59253493037578,-82.54461494177565,145,2172.800073850001
p_897956,35.59261851725189,-82.54456627953405,146,2183.069299270001
p_897956,35.59268136038288,-82.5445292315208,147,2190.808094330001
p_897956,35.592745430341,-82.54448497506957,148,2198.970142960001
p_897956,35.59284914400082,-82.54441296797053,149,2212.198869630001
p_897956,35.59293536779553,-82.54433991272606,150,2223.833022280001
p_897956,35.59299569622564,-82.54428951192672,151,2231.936473060001
p_897956,35.593123323998356,-82.54415845160723,152,2250.418614280001
p_897956,35.59319683749578,-82.54405756114461,153,2262.671146390001
p_897956,35.59326555524373,-82.54396298558305,154,2274.142418280001
p_897956,35.59336234104018,-82.54385050044392,155,2288.948882830001
p_897956,35.59339076304934,-82.5438237849392,156,2292.924550090001
p_897956,35.59345132493493,-82.5437666530537,157,2301.407332360001
p_897956,35.593547577357214,-82.5437144740687,158,2313.0867528900008
p_897956,35.593649183535106,-82.54366747340761,159,2325.1379335700008
p_897956,35.593678355464604,-82.54365791803784,160,2328.488439060001
p_897956,35.59367658334281,-82.54365858859082,161,2328.694235110001
p_897956,35.59369730358574,-82.54365188306808,162,2331.0721352600012
p_897956,35.593788159434226,-82.543634067471,163,2341.2811996000014
p_897956,35.59390283215451,-82.54361782298037,164,2354.0891928800015
p_897956,35.59399541616817,-82.54360443245254,165,2364.4329558200016
p_897956,35.59409926515518,-82.5435998488212,166,2375.9626410500014
p_897956,35.59419286710367,-82.54359523411603,167,2386.356333940001
p_897956,35.59435803709303,-82.54360980659457,168,2404.729712990001
p_897956,35.594381619801524,-82.5436121535242,169,2407.354879760001
p_897956,35.59450131324009,-82.54364387985675,170,2420.942714090001
p_897956,35.594616431588065,-82.54367514206189,171,2434.0256965400013
p_897956,35.59477076345104,-82.54372969208208,172,2451.848354680001
p_897956,35.594897150795035,-82.54377514377148,173,2466.463639240001
p_897956,35.595006075678725,-82.54381398745153,174,2479.051236310001
p_897956,35.5951090102983,-82.54385145976178,175,2490.966152520001
p_897956,35.59520169286699,-82.54388376387332,176,2501.658007330001
p_897956,35.59531173832306,-82.54391640703074,177,2514.220965900001
p_897956,35.59542056710757,-82.5439491571586,178,2526.655078790001
p_897956,35.59557722167409,-82.54399662352257,179,2544.5605011800008
p_897956,35.595648651361884,-82.5440176720085,180,2552.7120457800006
p_897956,35.59568238884181,-82.54402824597837,181,2556.5759736300006
p_897956,35.59578107752702,-82.54404043968199,182,2567.581250070001
p_897956,35.59585061408488,-82.54405005161938,183,2575.345452470001
p_897956,35.59584979620291,-82.54404971634315,184,2575.4411490800007
p_897956,35.59590725761889,-82.54405823005445,185,2581.863094410001
p_897956,35.59601934423178,-82.54407240123294,186,2594.365406100001
p_897956,35.5960733550491,-82.54407754990703,187,2600.3761252900013
p_897956,35.5961531221548,-82.54408460830209,188,2609.2494922000014
p_897956,35.59622795941986,-82.54409014035632,189,2617.5679215900013
p_897956,35.59632152078494,-82.54409239493364,190,2627.9507090200013
p_897956,35.59641568350382,-82.54408920981187,191,2638.4021937500015
p_897956,35.59651598984264,-82.54408282436043,192,2649.5463695900016
p_897956,35.59664363099361,-82.54407418957834,193,2663.7299527700015
p_897956,35.59676334048018,-82.54405846900383,194,2677.0880872700013
p_897956,35.59681986764585,-82.54404953119771,195,2683.4119463300012
p_897956,35.59691051511123,-82.54403645542614,196,2693.5389839900013
p_897956,35.597050102072785,-82.54400693440765,197,2709.2557244000013
p_897956,35.59712541593325,-82.54398686587824,198,2717.807522590001
p_897956,35.59722560485213,-82.54395987615067,199,2729.189526550001
p_897956,35.59735091355485,-82.54393176645782,200,2743.324149130001
p_897956,35.59740125094328,-82.54392204345238,201,2748.978234770001
p_897956,35.59747547088162,-82.54392087037304,202,2757.2137385200012
p_897956,35.59754168659585,-82.54392053508903,203,2764.560537950001
p_897956,35.59754073242054,-82.54392070272682,204,2764.6674895600013
p_897956,35.597603354141214,-82.54391949087527,205,2771.616334870001
p_897956,35.59767654395685,-82.54391915559846,206,2779.736915900001
p_897956,35.59775205999472,-82.54392938151757,207,2788.166626570001
p_897956,35.59782730334045,-82.54393927216223,208,2796.562968110001
p_897956,35.5979033217983,-82.54395134209871,209,2805.067959080001
p_897956,35.5979450125361,-82.54395713403916,210,2809.723293730001
p_897956,35.59803574292296,-82.54398602547015,211,2820.124858040001
p_897956,35.59813818856172,-82.54401064412448,212,2831.708225790001
p_897956,35.598089343030324,-82.54418641193304,213,2848.532867090001
p_897956,35.598089687748356,-82.54418556958323,214,2848.618245890001
p_897956,35.59802962523575,-82.54439127082584,215,2868.414085350001
p_897956,35.59797097482381,-82.54459765004962,216,2888.215761740001
p_897956,35.59790296625968,-82.54483493192313,217,2911.003583850001
p_897956,35.597832739388636,-82.5450791877808,218,2934.469257810001
p_897956,35.597802766400335,-82.54518574398715,219,2944.681920810001
p_897956,35.59770610807486,-82.54547898307204,220,2973.337528750001
p_897956,35.59763015398242,-82.54571233456033,221,2996.101074640001
p_897956,35.59757036163333,-82.54589587902714,222,3014.007992230001
p_897956,35.597526423275454,-82.54604388298984,223,3028.278560880001
p_897956,35.597595055248576,-82.5460795055861,224,3036.5493651800007
p_897956,35.59777008688701,-82.54616232233664,225,3057.3690626600005
p_897956,35.59776879542851,-82.54616141475469,226,3057.5342776300004
p_897956,35.59796220301672,-82.54625146906693,227,3080.4924898100003
p_897956,35.598132756018245,-82.54632987897321,228,3100.7056458700004
p_897956,35.598271426973696,-82.54639440508278,229,3117.1650598100005
p_897956,35.598426236020984,-82.5464647857031,230,3135.4872277000004
p_897956,35.59860834136933,-82.54655291296632,231,3157.2130767300005
p_897956,35.59870833604808,-82.54659897275147,232,3169.0667907100005
p_897956,35.59889556776052,-82.5466860158782,233,3191.2875093100006
p_897956,35.599042247026375,-82.54675233686712,234,3208.636034150001
p_897956,35.59921324684434,-82.54682694768903,235,3228.7774200100007
p_897956,35.5993636473313,-82.54689390735071,236,3246.5335182600006
p_897956,35.59948027491936,-82.54693211457392,237,3259.928709380001
p_897956,35.59960885176784,-82.54694188312774,238,3274.2219529200006
p_897956,35.599734323761524,-82.54694153945711,239,3288.1433058400007
p_897956,35.59973266335555,-82.54694153945711,240,3288.3275305400007
p_897956,35.599889953355714,-82.54694277516948,241,3305.779466900001
p_897956,35.6000077767401,-82.54694168498249,242,3318.852533440001
p_897956,35.60013263389523,-82.5469415713231,243,3332.7056389500012
p_897956,35.60035824630555,-82.5469210310028,244,3357.8068026500014
p_897956,35.600533471965335,-82.5469049346348,245,3377.3030102600014
p_897956,35.600656640674856,-82.5468908899996,246,3391.0279103100015
p_897956,35.60073526805334,-82.54688025340421,247,3399.8048283800017
p_897956,35.60085816014153,-82.54687687371035,248,3413.443343290002
p_897956,35.60099934158259,-82.54687325544525,249,3429.111083910002
p_897956,35.60108142360815,-82.54687149760404,250,3438.219610710002
p_897956,35.60114908819351,-82.5468704833289,251,3445.727668890002
p_897956,35.601438089853346,-82.54684749186968,252,3477.860483870002
p_897956,35.601744874432825,-82.54682259130696,253,3511.973437990002
p_897956,35.602026972296756,-82.54680630072838,254,3543.3074489100018
p_897956,35.60219969639061,-82.54679639747381,255,3562.492469630002
p_897956,35.60238441883723,-82.5467854411375,256,3583.0117607800016
p_897956,35.60251592560934,-82.54677792764461,257,3597.6185293800017
p_897956,35.60266572831931,-82.54677003259,258,3614.254776530002
p_897956,35.60277834693581,-82.54676371122014,259,3626.763120480002
p_897956,35.60285433356229,-82.54675905025184,260,3635.204534670002
p_897956,35.60285396459817,-82.54675882335624,261,3635.250344700002
p_897956,35.602940665089804,-82.54675471182097,262,3644.8771197100023
p_897956,35.603058863570624,-82.5467449080358,263,3658.0214910000022
p_897956,35.60325414579761,-82.54672671908918,264,3679.7509742900024
p_897956,35.603464406275364,-82.54670735616187,265,3703.145609750002
p_897956,35.60367944506186,-82.54668695856294,266,3727.0760055800024
p_897956,35.60384853006262,-82.54667084897574,267,3745.8929741500024
p_897956,35.60400267651438,-82.54665585836716,268,3763.0496371100025
p_897956,35.60411311968626,-82.5466449803695,269,3775.3430716400026
p_897956,35.604368142734074,-82.5466112248182,270,3803.8031449100026
p_897956,35.60460762544574,-82.54657986873973,271,3830.525629570003
p_897956,35.60477404899086,-82.54655898932745,272,3849.087272560003
p_897956,35.604929059892896,-82.54653905389259,273,3866.3805959100027
p_897956,35.605021878945806,-82.54652798977394,274,3876.727709440003
p_897956,35.605154986868556,-82.54651092108547,275,3891.577021730003
p_897956,35.60524794462431,-82.5464993540626,276,3901.9439602200027
p_897956,35.60539679285884,-82.54648017958854,277,3918.5500637200025
p_897956,35.605394147189585,-82.54648050686453,278,3918.8450993400024
p_897956,35.60555388438435,-82.54646090283589,279,3936.6570091000026
p_897956,35.605671143243185,-82.54644442783888,280,3949.7524437400025
p_897956,35.605779686673614,-82.54642786583926,281,3961.8886630800025
p_897956,35.60589006958668,-82.54641068531438,282,3974.2343773000025
p_897956,35.606001975451676,-82.54639462963988,283,3986.7354643500025
p_897956,35.60606908667589,-82.54638433286037,284,3994.2397936300026
p_897956,35.60617207353036,-82.5463718249162,285,4005.7224296200025
p_897956,35.606289368167126,-82.54635681961688,286,4018.8073010600024
p_897956,35.606402582262916,-82.54634334215332,287,4031.427821070002
p_897956,35.60653375894984,-82.5463272571586,288,4046.054892490002
p_897956,35.60663330668757,-82.54631500715873,289,4057.155518440002
p_897956,35.60674409149753,-82.54630196271172,290,4069.5039803000022
p_897956,35.606823973849586,-82.54629099497582,291,4078.422605160002
p_897956,35.60695558674979,-82.54627484135366,292,4093.0984542500023
p_897956,35.607095500299934,-82.54625787494057,293,4108.6980391800025
p_897956,35.60721286756875,-82.54624490039417,294,4121.773099260003
p_897956,35.60732536175897,-82.5462352957401,295,4134.284827790003
p_897956,35.60732209070008,-82.54623563101077,296,4134.649026620003
p_897956,35.60770043292838,-82.54619941967935,297,4176.754786640003
p_897956,35.607946213272825,-82.54617634030511,298,4204.104608490003
p_897956,35.60804630857406,-82.54616371198561,299,4215.269146430002
p_897956,35.6081858810616,-82.5461467481249,300,4230.8310524100025
p_897956,35.608333119989965,-82.54612828841556,301,4247.252869900002
p_897956,35.60846063410504,-82.54611243889995,302,4261.473483050002
p_897956,35.608602637028966,-82.54609370111162,303,4277.320168030002
p_897956,35.608698167994376,-82.54608220595613,304,4287.9705476200015
p_897956,35.60876070060654,-82.5460822059498,305,4294.9086512600015
p_897956,35.60885569587687,-82.54607415931957,306,4305.4737306000015
p_897956,35.60892506386419,-82.54606953747968,307,4313.181615690001
p_897956,35.608924109824116,-82.54606953747968,308,4313.287468120001
p_897956,35.60902439966904,-82.54606116230266,309,4324.440649190001
p_897956,35.60908173473666,-82.54605695187513,310,4330.813505150001
p_897956,35.609167302073416,-82.54604941177088,311,4340.331902100002
p_897956,35.609251481321905,-82.54604336643557,312,4349.687786810002
p_897956,35.60934127609336,-82.54603580575035,313,4359.674200080002
p_897956,35.609442894354856,-82.54602784668037,314,4370.971965570002
p_897956,35.609553035204584,-82.54601913495071,315,4383.217754590002
p_897956,35.6096196565408,-82.54601324942453,316,4390.6287211100025
p_897956,35.609706515107305,-82.54600486751292,317,4400.295711660003
p_897956,35.6098250528855,-82.54599093416005,318,4413.508140780003
p_897956,35.60997526419881,-82.54597533956557,319,4430.234142150002
p_897956,35.610061762893864,-82.54595896685139,320,4439.945300960002
p_897956,35.61014689075567,-82.54594336346267,321,4449.495609440002
p_897956,35.61023001533955,-82.5459281221167,322,4458.821243490002
p_897956,35.61034221786397,-82.54590809839337,323,4471.401819440002
p_897956,35.61047569052859,-82.54588368592182,324,4486.375125510002
p_897956,35.61059173468858,-82.54586673256495,325,4499.341737740002
p_897956,35.61072239878378,-82.54584840589536,326,4513.933937470002
p_897956,35.610853300619496,-82.54582967994249,327,4528.556497370002
p_897956,35.61097258750367,-82.54581249598051,328,4541.882855330002
p_897956,35.6110125198675,-82.54580679628796,329,4546.343417910002
p_897956,35.611010893970644,-82.54580670226862,330,4546.524015120002
p_897956,35.6110974367289,-82.54579496760057,331,4556.184774500002
p_897956,35.61120068864956,-82.54578005454688,332,4567.720170010002
p_897956,35.61122576555715,-82.54564175314432,333,4580.556032160002
p_897956,35.61134065585341,-82.54547679728503,334,4600.199516880002
p_897956,35.61146574471252,-82.54529904145645,335,4621.459934040002
p_897956,35.61158005057426,-82.5451346980559,336,4641.019090100001
p_897956,35.611650102019425,-82.54503512104966,337,4652.927343880002
p_897956,35.61169044290584,-82.54492967670996,338,4663.477495630002
p_897956,35.61171919939984,-82.54476656487168,339,4678.596507330001
p_897956,35.61173187406163,-82.54469246884233,340,4685.455581230001
p_897956,35.61172342429164,-82.54452734534617,341,4700.445707330002
p_897956,35.611719751880884,-82.54447074767074,342,4705.589822490002
p_897956,35.61172138488318,-82.54428953393628,343,4722.009436950002
p_897956,35.61172261146534,-82.54415760277904,344,4733.963647810002
p_897956,35.61172492833771,-82.54399180872778,345,4748.987382710002
p_897956,35.611763497457176,-82.54383372603695,346,4763.9358509600015
p_897956,35.61179279907081,-82.5437147030094,347,4775.199157000002
p_897956,35.61180833573171,-82.54364882124786,348,4781.412202100002
p_897956,35.61183695589651,-82.5435990327428,349,4786.928792310002
p_897956,35.61189501391827,-82.54349811463163,350,4798.113551860002
p_897956,35.61195457223626,-82.54339354910543,351,4809.664460270003
p_897956,35.61211676612048,-82.54321071485575,352,4834.123755310003
p_897956,35.61220412540038,-82.54316008815442,353,4844.846994800003
p_897956,35.61235656628399,-82.54307061725672,354,4863.6028538300025
p_897956,35.61250210226231,-82.54298560028013,355,4881.493465050003
p_897956,35.61256915463069,-82.54294637297211,356,4889.738403980003
p_897956,35.612565474929596,-82.54294871990511,357,4890.198728990003
p_897956,35.61267166468387,-82.5428831697875,358,4903.392899590002
p_897956,35.612759005363074,-82.54282678395631,359,4914.3476551500025
p_897956,35.61286937458959,-82.54275742853426,360,4928.111451880002
p_897956,35.61294964624963,-82.54270629892193,361,4938.150457820002
p_897956,35.6130056591923,-82.54267126256481,362,4945.128968300002
p_897956,35.613232,-82.542469,363,4976.217219850002
p_897956,35.61328379217338,-82.54242296820269,364,4983.317583570002
p_897956,35.61336993903046,-82.5422835871515,365,4999.1551652900025
p_897956,35.61342336228998,-82.54219792409754,366,5008.920957230002
p_897956,35.61353805405807,-82.54201261247704,367,5029.988008960002
p_897956,35.61360202555231,-82.54190696807112,368,5041.904071870002
p_897956,35.613675395138046,-82.54178898208836,369,5055.340487100002
p_897956,35.613743322797745,-82.54167885394955,370,5067.844786130002
p_897956,35.61384917832825,-82.54151146852861,371,5087.026264090002
p_897956,35.61394448351257,-82.54135900319355,372,5104.4225060200015
p_897956,35.614063320517815,-82.54117057702996,373,5125.993058540002
p_897956,35.61413418526422,-82.54105841079803,374,5138.841938090001
p_897956,35.61416105606396,-82.54101649439994,375,5143.670061050001
p_897956,35.614210390318874,-82.54089864484179,376,5155.668631360001
p_897956,35.61423369460853,-82.54084701231825,377,5161.013609420002
p_897956,35.614295590566016,-82.54075159701955,378,5172.054122090001
p_897956,35.6143539193647,-82.54069024149119,379,5180.585451640001
p_897956,35.61442966169075,-82.54068392792519,380,5189.008649160001
p_897956,35.614528874962716,-82.54069599785682,381,5200.070730940001
p_897956,35.61459254941494,-82.5407377115981,382,5208.082869220001
p_897956,35.61468067930848,-82.54080023998135,383,5219.383576700001
p_897956,35.61472719788458,-82.54083646684188,384,5225.500098820001
p_897956,35.614786950318745,-82.54090011447546,385,5234.286710800001
p_897956,35.61481232842185,-82.5409280857007,386,5238.074927860001
p_897956,35.614907043942,-82.54101156945539,387,5251.02269881
p_897956,35.6150037148512,-82.54106131954352,388,5262.65710656
p_897956,35.61505441869441,-82.54108612972449,389,5268.71523756
p_897956,35.61509680207233,-82.54108914720699,390,5273.42569301
p_897956,35.61509571182515,-82.54108931484484,391,5273.54760773
p_897956,35.61515299822659,-82.5410935285127,392,5279.91509606
p_897956,35.61519564079778,-82.54109585621755,393,5284.65106734
p_897956,35.61527781804719,-82.54109334164674,394,5293.77163375
p_897956,35.615332330279145,-82.54107054286997,395,5300.16285265
p_897956,35.61541409855107,-82.5410386916407,396,5309.68307938
p_897956,35.61544843413843,-82.5410242384775,397,5313.71144043
p_897956,35.615532139531766,-82.5410195446081,398,5323.00844313
p_897956,35.615579837582686,-82.54101518601883,399,5328.31534407
p_897956,35.61583031862834,-82.5409288782793,400,5357.18577855
p_897956,35.61600989107396,-82.54086753023358,401,5377.870410269999
p_897956,35.616148114709006,-82.54082007127802,402,5393.797928579999
p_897956,35.61623082468313,-82.54079205644284,403,5403.319281339999
p_897956,35.61630085120689,-82.54076800464676,404,5411.388642939999
p_897956,35.61637530133959,-82.54074267987855,405,5419.961748419999
p_897956,35.616462943477885,-82.54071261387969,406,5430.060123139999
p_897956,35.616563245534664,-82.54064782144208,407,5442.642089279999
p_897956,35.61663738082464,-82.54060062347968,408,5451.912613639999
p_897956,35.61673216649339,-82.54053818684122,409,5463.854031419999
p_897956,35.616825053992756,-82.54048072497638,410,5475.400295639999
p_897956,35.61688098902928,-82.54044542387331,411,5482.381997979999
p_897956,35.61687976253083,-82.54044592678737,412,5482.525505419999
p_897956,35.616901430710925,-82.54043201282784,413,5485.240071289999
p_897956,35.61696776335499,-82.5404174020323,414,5492.717896999999
p_897956,35.617139,-82.540423,415,5511.7236990699985
p_897956,35.617545,-82.540544,416,5558.084854509999
p_897956,35.617907,-82.540681,417,5600.123490019999
p_897956,35.618177,-82.540837,418,5633.246990029998
p_897956,35.61856,-82.541056,419,5680.145153099998
p_897956,35.618914,-82.541245,420,5722.992145779998
p_897956,35.619239,-82.54133,421,5759.864608629999
p_897956,35.619301740991716,-82.5413380913605,422,5766.864333579999
p_897956,35.619541,-82.541369,423,5793.557865519999
p_897956,35.619721760606,-82.54137705729177,424,5813.626889179999
p_897956,35.620091,-82.541397,425,5854.63454615
p_897956,35.62016207891132,-82.5413833697478,426,5862.61697861
p_897956,35.62018010576507,-82.54138093660966,427,5864.6292034
p_897956,35.620288570287926,-82.54131817839514,428,5877.93900278
p_897956,35.62036174835782,-82.54132672793622,429,5886.09511417
p_897956,35.620466626945884,-82.54133863023705,430,5897.78145257
p_897956,35.62058847086347,-82.54135254887822,431,5911.3589551899995
p_897956,35.62069941122026,-82.54136556376329,432,5923.72434928
p_897956,35.621023932725265,-82.54140714574547,433,5959.92717699
p_897956,35.62109366816607,-82.54153410133762,434,5973.7888287999995
p_897956,35.62111205,-82.541678515,435,5987.029712629999
p_897956,35.62098962403083,-82.5418912489825,436,6010.607827749999
p_897956,35.62088850750355,-82.54197355442389,437,6024.078698299999
p_897956,35.620775214436904,-82.54210735397783,438,6041.541063299999
p_897956,35.62071525506927,-82.54201649414829,439,6052.124614889999
p_897956,35.620657203462045,-82.54192898707903,440,6062.3389227299995
p_897956,35.620576397661154,-82.54182488581253,441,6075.35135088
p_897956,35.6204589285763,-82.54174887198361,442,6090.092190519999
p_897956,35.620419731334934,-82.54172404833328,443,6094.988240729999
p_897956,35.62021600225279,-82.54177450983336,444,6118.050027349999
p_897956,35.62011495343474,-82.54176166547795,445,6129.321816389999
p_897956,35.62008137034714,-82.54175726436713,446,6133.069197909999
p_897957,35.62010366659372,-82.54175970282462,1,0
p_897957,35.62007978244689,-82.5417568811876,2,2.66229369
p_897957,35.619995815980744,-82.5417459763193,3,12.030772970000001
p_897957,35.6198892374684,-82.5417328801142,4,23.915239300000003
p_897957,35.61981782195298,-82.54171235008685,5,32.05428999
p_897957,35.61965323383677,-82.5416652417218,6,50.80773268
p_897957,35.619577738472444,-82.54164462224414,7,59.38985776
p_897957,35.61947815783469,-82.54160007447214,8,71.15254013
p_897957,35.61936215868161,-82.54154913131579,9,84.82534047
p_897957,35.61924909297191,-82.54149833698295,10,98.18757601
p_897957,35.61920871978921,-82.54145300516146,11,104.26474019
p_897957,35.61914144830436,-82.54137606348075,12,114.47739668999999
p_897957,35.619108190985884,-82.54129600499174,13,122.61500430999999
p_897957,35.61906420770649,-82.54128442809353,14,127.60646786999999
p_897957,35.618973945725216,-82.54126000118364,15,137.86279732999998
p_897957,35.61891382515013,-82.54124441084402,16,144.68118560999997
p_897957,35.618848327870026,-82.54120938734724,17,152.61073668999998
p_897957,35.61874962243354,-82.54115672936726,18,164.55624337999998
p_897957,35.61866547376269,-82.54111192236667,19,174.73698803
p_897957,35.6185136109205,-82.54102964529568,20,193.16160293
p_897957,35.61830737896186,-82.54091111959389,21,218.43772252999997
p_897957,35.61823671341678,-82.54087048523225,22,227.09943277999997
p_897957,35.61816374806479,-82.5408290592108,23,236.02270799999997
p_897957,35.618067244717736,-82.54077346880237,24,247.85525035999996
p_897957,35.61793997091807,-82.54070010952452,25,263.46233071999995
p_897957,35.61790644699677,-82.54068083114714,26,267.57152313999995
p_897957,35.61784252253037,-82.54065681983309,27,274.99016801999994
p_897957,35.61776810957487,-82.54062837141521,28,283.6393585299999
p_897957,35.61767219767793,-82.54059234324596,29,294.7702977199999
p_897957,35.61755282867985,-82.54054742007764,30,308.6257470899999
p_897957,35.61744122751129,-82.54051298941519,31,321.39497154999987
p_897957,35.61735135959266,-82.54048640944455,32,331.65265226999986
p_897957,35.61725142049286,-82.54045608809734,33,343.0762935999999
p_897957,35.617138954551336,-82.5404225112358,34,355.92004298999984
p_897957,35.617049756433644,-82.54041967745408,35,365.82007471999987
p_897957,35.61696684495186,-82.54041766431666,36,375.02107038999986
p_897957,35.616900497599076,-82.54043233938744,37,382.5015350799999
p_897957,35.61681968736788,-82.54048421728707,38,392.6247889199999
p_897957,35.61673298482263,-82.54053819024699,39,403.4160494799999
p_897957,35.61668392468181,-82.54057037675662,40,409.59123672999993
p_897957,35.61658726890158,-82.54063213596463,41,421.68727852999996
p_897957,35.61646266185653,-82.5407128664792,42,437.32813941999996
p_897957,35.61639277055167,-82.54073696860661,43,445.38429039999994
p_897957,35.61631692680021,-82.54076278662197,44,454.1183398399999
p_897957,35.61616324955837,-82.54081487124539,45,471.8100368799999
p_897957,35.61601213638768,-82.54086721164249,46,489.2340110099999
p_897957,35.61590385921822,-82.54090412974102,47,501.7044889299999
p_897957,35.615781116282506,-82.54094643194976,48,515.852052
p_897957,35.61563463100211,-82.54099652973603,49,532.7267360799999
p_897957,35.615580101162294,-82.54101551586415,50,539.0166983999999
p_897957,35.615447986127506,-82.54102431506202,51,553.6967731099999
p_897957,35.61536388711218,-82.54105874014328,52,563.5351681799999
p_897957,35.61527829694015,-82.54109273751067,53,573.51859134
p_897957,35.615197064759,-82.5410960687375,54,582.5365067099999
p_897957,35.615108825594405,-82.54108993898784,55,592.3425466799999
p_897957,35.615054459526064,-82.54108625095267,56,598.38381164
p_897957,35.615003225707795,-82.54106043952385,57,604.53052187
p_897957,35.615005,-82.541061,58,604.73382654
p_897957,35.614907499173995,-82.54101251839847,59,616.40945931
p_897957,35.61481687558107,-82.5409317311953,60,628.84620624
p_897957,35.61472744243899,-82.5408369082331,61,641.97123205
p_897957,35.614639736448964,-82.54077057530999,62,653.40856609
p_897957,35.61452873095598,-82.54069548063475,63,667.47908404
p_897957,35.61443000624611,-82.54068417691234,64,678.48054659
p_897957,35.61435460483902,-82.54069098256434,65,686.8691654
p_897957,35.61429819867057,-82.5407481224161,66,694.9912073600001
p_897957,35.614233092344904,-82.54084610242528,67,706.4360125800001
p_897957,35.6141596093118,-82.54101742041759,68,723.9685856900002
p_897957,35.614025159227936,-82.54123037508481,69,748.3568108900001
p_897957,35.613912506508214,-82.54141161454154,70,768.9931399700001
p_897957,35.61378402553066,-82.54161342481756,71,792.1777180600001
p_897957,35.613705940457365,-82.54174046765391,72,806.58414729
p_897957,35.61359353587834,-82.54191979991583,73,827.06652551
p_897957,35.613501045451116,-82.54207055729063,74,844.15080104
p_897957,35.613389204051785,-82.54225246277151,75,864.7809920100001
p_897957,35.61328368846661,-82.54242256929594,76,884.1352060400001
p_897957,35.613232,-82.542469,77,891.24757723
p_897957,35.613005641135885,-82.5426713095253,78,922.3399551900001
p_897957,35.612933316681534,-82.54271696798953,79,931.36801473
p_897957,35.61287335096702,-82.54275502126471,80,938.86155918
p_897957,35.61279358120649,-82.54280623277147,81,948.8546395899999
p_897957,35.61272925473445,-82.54284596299343,82,956.8481545699999
p_897957,35.61266329278929,-82.54288837542336,83,965.1142308699999
p_897957,35.61242689351964,-82.54302961970886,84,994.2985225299999
p_897957,35.61242792760315,-82.54302901102075,85,994.42582203
p_897957,35.6122983743807,-82.54310500676813,86,1010.3640108999999
p_897957,35.6121718193983,-82.54317895961636,87,1025.92224376
p_897957,35.61211751030781,-82.54321082879547,88,1032.6040341599999
p_897957,35.612040348408954,-82.54329734650618,89,1044.2118564099999
p_897957,35.61195350265589,-82.54339580926953,90,1057.3431827
p_897957,35.61192772560797,-82.5434404073957,91,1062.29366081
p_897957,35.6118562584447,-82.54356425199633,92,1076.0334065299999
p_897957,35.61180875856432,-82.54364821503664,93,1085.2879538
p_897957,35.61177305059475,-82.54379407782972,94,1099.08471405
p_897957,35.611725044634326,-82.54399179733575,95,1117.77387217
p_897957,35.6117227939356,-82.54423714466968,96,1140.00462293
p_897957,35.61172024794908,-82.54447913047338,97,1161.93122474
p_897957,35.611731388471796,-82.54469455412831,98,1181.4884798
p_897957,35.61169019970043,-82.54492928290672,99,1203.24121513
p_897957,35.61164936404229,-82.54503500380814,100,1213.83741921
p_897957,35.61157603691349,-82.5451405620357,101,1226.39370665
p_897957,35.61150096690338,-82.5452480205472,102,1239.20648937
p_897957,35.61142456684823,-82.54535711597475,103,1252.2279175
p_897957,35.61135828813154,-82.54545274161782,104,1263.59205046
p_897957,35.6112577848876,-82.54559680763104,105,1280.7596092
p_897957,35.61125861531096,-82.54559558189366,106,1280.9039104300002
p_897957,35.61122539836751,-82.54564195563928,107,1286.4928861400003
p_897957,35.61120143523374,-82.54578048692737,108,1299.3229056300004
p_897957,35.611148011615114,-82.54578718066428,109,1305.2812987500004
p_897957,35.611112028563696,-82.54579274920654,110,1309.3054370700004
p_897957,35.61100929213919,-82.54580733979981,111,1320.7806305500003
p_897957,35.61091012271223,-82.54582167916263,112,1331.8600957400004
p_897957,35.61078418453329,-82.54583972541846,113,1345.9285034500003
p_897957,35.61067180661712,-82.545855821547,114,1358.4820361000004
p_897957,35.61054189738121,-82.54587424269931,115,1372.9920121900004
p_897957,35.61044484672475,-82.54588916248632,116,1383.8444780500004
p_897957,35.610349444474934,-82.54590609393411,117,1394.5401168100004
p_897957,35.610252528796764,-82.54592420602623,118,1405.4175875800004
p_897957,35.61016516738853,-82.54594029927964,119,1415.2195545800005
p_897957,35.61005753228528,-82.54595969682894,120,1427.2904945100004
p_897957,35.60997684885605,-82.54597497497653,121,1436.3488620800003
p_897957,35.60989248551935,-82.54598318924208,122,1445.7386673200003
p_897957,35.609802,-82.545994,123,1455.8258677400004
p_897957,35.60963934966331,-82.54601146973863,124,1473.9414965400003
p_897957,35.60953716043484,-82.54602025522928,125,1485.3074822100004
p_897957,35.60937429273035,-82.54603332360674,126,1503.4166955200005
p_897957,35.6092892473076,-82.54603952621619,127,1512.8693572900006
p_897957,35.609156654518486,-82.54605038396257,128,1527.6136194000005
p_897957,35.60895165887503,-82.54606727257274,129,1550.4096660600005
p_897957,35.608757443708996,-82.54608219236498,130,1572.0005435000005
p_897957,35.60869733903495,-82.54608235999939,131,1578.6692804200004
p_897957,35.6086615653755,-82.54608688622454,132,1582.6595617200005
p_897957,35.608589148629164,-82.54609568171006,133,1590.7337527800005
p_897957,35.60858942121327,-82.54609584934846,134,1590.7675964400005
p_897957,35.60855643854106,-82.54610020794148,135,1594.4483295400005
p_897957,35.60847645894195,-82.54610863491624,136,1603.3549955100004
p_897957,35.60841313253786,-82.54611785500926,137,1610.4306618300004
p_897957,35.60835028616556,-82.54612626168905,138,1617.4450575800004
p_897957,35.608289109294006,-82.54613328437055,139,1624.2624988100004
p_897957,35.60823350006177,-82.54614066044601,140,1630.4685318000004
p_897957,35.60817925558236,-82.54614719832993,141,1636.5161347100004
p_897957,35.608129099843694,-82.54615340093326,142,1642.1093085800005
p_897957,35.60807009287808,-82.5461605252097,143,1648.6879810700004
p_897957,35.60800959364035,-82.54616822896907,144,1655.4366727900003
p_897957,35.60794361667294,-82.54617678307152,145,1662.7978505400004
p_897957,35.60782327173462,-82.54618794744572,146,1676.1885956000003
p_897957,35.607699418549885,-82.5461996449694,147,1689.9711364100003
p_897957,35.60758565026295,-82.54621086732492,148,1702.6348160500004
p_897957,35.6074638363383,-82.54622212151202,149,1716.1886969300003
p_897957,35.60723241981482,-82.54624465235588,150,1741.9457933000003
p_897957,35.60723360016502,-82.54624437302058,151,1742.0791785500003
p_897957,35.607147912785976,-82.54625239728014,152,1751.6141029900002
p_897957,35.60710246691687,-82.54625742582776,153,1756.6769449200003
p_897957,35.60694570340718,-82.54627634782092,154,1774.1544255300003
p_897957,35.60642016210551,-82.54633980520197,155,1832.7469450200003
p_897957,35.60604836169367,-82.54638742984642,156,1874.2239296500004
p_897957,35.605565752971714,-82.54645992673572,157,1928.1716223600004
p_897957,35.6055703053529,-82.5464589935391,158,1928.6837457500003
p_897957,35.6041895830346,-82.54663877016291,159,2082.74087602
p_897957,35.60365044513212,-82.54668924069227,160,2142.73369327
p_897957,35.60339535892311,-82.54671343879988,161,2171.12074253
p_897957,35.60308896599557,-82.54674202838713,162,2205.21411321
p_897957,35.60309472615897,-82.54674166997712,163,2205.8540375400003
p_897957,35.602972333717986,-82.54675461157181,164,2219.4842218400004
p_897957,35.60270023937905,-82.54676746716291,165,2249.6960052000004
p_897957,35.60238346462363,-82.54678682618015,166,2284.88643639
p_897957,35.60108581365135,-82.54687094112964,167,2429.0645470400004
p_897957,35.600734426815066,-82.54688206111304,168,2468.0645052400005
p_897957,35.600468783110216,-82.54691063240882,169,2497.6515969500006
p_897957,35.60018078626358,-82.5469406024239,170,2529.7205110100003
p_897957,35.59994598358074,-82.54694254695363,171,2555.7728412600004
p_897957,35.5996566597959,-82.5469459526339,172,2587.87526138
p_897957,35.599448971297974,-82.54692551852509,173,2610.9929091400004
p_897957,35.59924569567279,-82.5468403551475,174,2634.8304525200006
p_897957,35.599248610145,-82.54684283448653,175,2635.2242069900008
p_897957,35.59893640722055,-82.54670460970001,176,2672.058703140001
p_897957,35.59838774591371,-82.54644555718824,177,2737.302989410001
p_897957,35.59752353429174,-82.54604417939035,178,2839.8554788300007
p_897957,35.59762760651212,-82.54572471542484,179,2871.0230324200006
p_897957,35.597626,-82.545731,180,2871.6197795600006
p_897957,35.597801,-82.545189,181,2924.4341127500006
p_897957,35.598076,-82.544235,182,3016.111138590001
p_897957,35.59807103681082,-82.54425100216419,183,3017.662277080001
p_897957,35.5981343123038,-82.54400526065187,184,3041.011552980001
p_897957,35.597881678327724,-82.54394371329276,185,3069.591186780001
p_897957,35.597575290295765,-82.54391811521872,186,3103.664469960001
p_897957,35.597403665237735,-82.54392608700003,187,3122.720235270001
p_897957,35.59683667654768,-82.54404793383917,188,3186.590193350001
p_897957,35.59655381171268,-82.5440819808967,189,3218.1257779800007
p_897957,35.59655760430435,-82.54408242734321,190,3218.5485122800005
p_897957,35.596228152354854,-82.54408926551605,191,3255.1069646000005
p_897957,35.595861,-82.544057,192,3295.9478821500006
p_897957,35.595667941922486,-82.54402943154923,193,3317.5131704600008
p_897957,35.595427942610826,-82.54394908308247,194,3345.119029300001
p_897957,35.594352,-82.543612,195,3468.342876730001
p_897957,35.59406150020813,-82.5436051399087,196,3500.580258310001
p_897957,35.593769,-82.54364,197,3533.186992610001
p_897957,35.593668091573974,-82.54365813572095,198,3544.5029221000013
p_897957,35.59344010830482,-82.54376583687349,199,3571.615741200001
p_897957,35.5931384383765,-82.5441351179751,200,3618.947058790001
p_897957,35.59285316790256,-82.54441269296076,201,3659.376982160001
p_897957,35.59252926135274,-82.54462296664752,202,3700.054576290001
p_897957,35.591907,-82.54485,203,3772.095985050001
p_897957,35.59173,-82.544948,204,3793.6493007300014
p_897957,35.59139,-82.545264,205,3841.0116496100013
p_897957,35.591166,-82.54567,206,3885.4133004100013
p_897957,35.591008,-82.546192,207,3935.8641181800012
p_897957,35.590862892577505,-82.54694607705315,208,4006.074718180001
p_897957,35.59070024034118,-82.54763844159083,209,4071.3653687100013
p_897957,35.590579482487215,-82.54789096864558,210,4097.884716510001
p_897957,35.590474,-82.548055,211,4116.804568840002
p_897957,35.59022643194152,-82.54834228776033,212,4154.651332640002
p_897957,35.589963,-82.548612,213,4192.753405730002
p_897957,35.58983995549376,-82.54876283511246,214,4212.0728929000015
p_897957,35.589716227028504,-82.54899704237559,215,4237.351122820001
p_897957,35.589528,-82.549604,216,4296.1897693400015
p_897957,35.58951731142602,-82.54985514370276,217,4318.981448700001
p_897957,35.58953275189896,-82.55006779959729,218,4338.330147220001
p_897957,35.589002,-82.550513,219,4409.714462780001
p_897957,35.588789,-82.550804,220,4445.12694831
p_897957,35.588573,-82.551219,221,4489.72462445
p_897957,35.58840945764807,-82.55171986950442,222,4538.61058649
p_897957,35.5886487879588,-82.55170088237126,223,4565.2203161200005
p_897957,35.58881709078072,-82.55168189523765,224,4583.972868760001
p_897957,35.58881343442954,-82.55168278366551,225,4584.386459310001
p_897957,35.58882843025383,-82.55168026909472,226,4586.065801920001
p_897957,35.588911785225335,-82.55166499611104,227,4595.417162500001
p_897957,35.588993433115476,-82.55165013081526,228,4604.575741170001
p_897957,35.58930545289169,-82.55155165275134,229,4640.32672005
p_897957,35.589405,-82.551521,230,4651.71561989
p_897957,35.58984278328214,-82.55136031903895,231,4702.42424252
p_897957,35.59026125537092,-82.55121057944804,232,4750.79688824
p_897957,35.59058232115224,-82.55109680900759,233,4787.88177209
p_897957,35.590629831375026,-82.55108024603751,234,4793.36265408
p_897957,35.590699440035706,-82.55105575075555,235,4801.39855223
p_897957,35.59083003586818,-82.55100962709818,236,4816.47923657
p_897957,35.591127304878896,-82.55090350933321,237,4850.83516041
p_897957,35.59115958684089,-82.55099873077128,238,4860.1785543099995
p_897957,35.59116313120492,-82.5510506985709,239,4864.90461745
p_897957,35.59117540015842,-82.55123727973972,240,4881.86856839
p_897957,35.5911889285925,-82.55143160336603,241,4899.543335820001
p_897957,35.591212784872766,-82.55175322511211,242,4928.810795480001
p_897957,35.591217,-82.551795,243,4932.625492470001
p_897957,35.59124702714577,-82.552031378186,244,4954.30517648
p_897957,35.591245289258055,-82.552022572574,245,4955.1261644100005
p_897957,35.59126058125885,-82.55228926113617,246,4979.354738630001
p_897957,35.591194,-82.552658,247,5013.57909946
p_897957,35.590984,-82.553719,248,5112.516863530001
p_897957,35.590965,-82.55397,249,5135.36170716
p_897957,35.591011,-82.554451,250,5179.25103681
p_897957,35.591068,-82.555069,251,5235.61439097
p_897957,35.592328208,-82.555001305,252,5375.570821820001
p_897957,35.592731112,-82.555046348,253,5420.459599310001
p_897957,35.59277,-82.556374,254,5540.855366710001
p_897962,35.592876896626834,-82.55540728782096,1,0
p_897962,35.592872039683044,-82.55521784195832,2,17.17695524
p_897962,35.59287394814598,-82.55516218612142,3,22.22519915
p_897962,35.59288090039988,-82.5550929516052,4,28.546802910000004
p_897962,35.59273442254984,-82.55504721771592,5,45.31890105000001
p_897962,35.592580602959345,-82.55501905234871,6,62.57523144000001
p_897962,35.592464,-82.555008,7,75.55121617
p_897962,35.59229199313718,-82.55500569212754,8,94.6367752
p_897962,35.59216977941905,-82.55501247428666,9,108.21048859
p_897962,35.59212068819889,-82.55501522418102,10,113.66292929
p_897962,35.591998652526,-82.55502162933685,11,127.21540189
p_897962,35.591865595777705,-82.55502875170077,12,141.99234572
p_897962,35.59172855243453,-82.55503627420502,13,157.21277898
p_897962,35.59161809290285,-82.55504223624416,14,169.48032887
p_897962,35.591551585228856,-82.55504593185395,15,176.86704824999998
p_897962,35.59144327276252,-82.55505137875592,16,188.89460710999998
p_897962,35.591292389726235,-82.55505949089577,17,205.65143283999998
p_897962,35.59116313390601,-82.5550663117169,18,220.00586829999997
p_897962,35.59116262562057,-82.55506677635017,19,220.07624939
p_897962,35.591068,-82.555072,20,230.58576584
p_897962,35.591074,-82.555157,21,238.31776096
p_897962,35.591084,-82.555288,22,250.24161181999997
p_897962,35.591099,-82.555499,23,269.43616281
p_897962,35.591109845926255,-82.55563642540538,24,281.94859263
p_897962,35.59111120914393,-82.55565637433519,25,283.76281662
p_897962,35.5911437725336,-82.55602239598824,26,317.13036678000003
p_897962,35.59115549619794,-82.55615214729663,27,328.96103515000004
p_897962,35.591168855719985,-82.55630453029943,28,342.85033310000006
p_897962,35.59117776718365,-82.55640524446078,29,352.03112766000004
p_897962,35.59118076626011,-82.55643441348354,30,354.69548166000004
p_897962,35.5911781966382,-82.5565594703885,31,366.03256738000005
p_897962,35.5911740255887,-82.55668583449044,32,377.49388209000006
p_897962,35.59116708346852,-82.55696124272563,33,402.46511870000006
p_897962,35.59116062178036,-82.55721607666125,34,425.5710186300001
p_897962,35.591177,-82.557616,35,461.86030044000006
p_897962,35.591174,-82.557936,36,490.86277050000007
p_897962,35.591166,-82.558491,37,541.1684513900001
p_897962,35.591164,-82.558518,38,543.6254151500001
p_897962,35.591156,-82.558603,39,551.3796593700001
p_897962,35.591155,-82.558862,40,574.8522556500001
p_897962,35.591154,-82.558892,41,577.57332182
p_897962,35.591151,-82.558972,42,584.8311005400001
p_897962,35.591144,-82.559059,43,592.75379036
p_897962,35.591148,-82.559198,44,605.35872858
p_897962,35.591153,-82.559412,45,624.7607917
p_897962,35.591164,-82.55986,46,665.37992377
p_897962,35.591171,-82.560124,47,689.31799063
p_897962,35.591179,-82.56043,48,717.0639775200001
p_897962,35.591178,-82.560478,49,721.4154760600001
p_897962,35.591176,-82.56056,50,728.8501817
p_897962,35.59116,-82.561021,51,770.66681566
p_897962,35.591148,-82.561342,52,799.78846171
p_897962,35.591141,-82.561749,53,836.68173897
p_897962,35.591135,-82.562111,54,869.49539121
p_897962,35.591135,-82.562125,55,870.76416635
p_897962,35.591036,-82.562191,56,883.27133615
p_897962,35.591011,-82.562215,57,886.79620693
p_897962,35.590976,-82.562247,58,891.6428948700001
p_897962,35.590943,-82.562277,59,896.2033507300001
p_897962,35.590552,-82.562637,60,950.4844879600001
p_897962,35.590314,-82.562839,61,982.6160607300002
p_897962,35.590087,-82.563041,62,1013.7524235000002
p_897962,35.589851,-82.563251,63,1046.1228295500002
p_897962,35.589557,-82.563511,64,1086.3630955000003
p_897962,35.589343,-82.563682,65,1114.7167782200004
p_897962,35.58934134761695,-82.56368403542702,66,1114.9768551400005
p_897962,35.5892839548564,-82.56372644786045,67,1122.4148450500004
p_897962,35.58918652114774,-82.56378978480662,68,1134.6547116100005
p_897962,35.58907192073062,-82.56385031127975,69,1148.5025787100005
p_897962,35.589001740761276,-82.56387260863451,70,1156.5470925600005
p_897962,35.58889492520217,-82.56390595712817,71,1168.7777407100004
p_897962,35.588779819603275,-82.56394319891915,72,1181.9873457200003
p_897962,35.58865530670468,-82.56397569583734,73,1196.1126772000002
p_897962,35.588536911355305,-82.56400577289892,74,1209.5286479200001
p_897962,35.58845988703081,-82.56402572182905,75,1218.2637556600002
p_897962,35.58841162126116,-82.56404257435842,76,1223.8324584100003
p_897962,35.58829274858259,-82.56408687638778,77,1237.6191551800002
p_897962,35.58823934000958,-82.56410629431683,78,1243.8007114700001
p_897962,35.58811753782628,-82.56413776252106,79,1257.61248842
p_897962,35.587945926702886,-82.56418349064545,80,1277.0987906700002
p_897962,35.58781931455138,-82.56423904361156,81,1292.0215787600002
p_897962,35.58777767935398,-82.56427079911724,82,1297.4642447300002
p_897962,35.58769760603536,-82.5643308198962,83,1307.8815557700002
p_897962,35.587602213816155,-82.56441442113491,84,1320.8979842500003
p_897962,35.58754661222018,-82.56448700515809,85,1329.9164175300002
p_897962,35.58748442271752,-82.56458940047936,86,1341.4806659800001
p_897962,35.587438834620315,-82.5646879073645,87,1351.74171309
p_897962,35.58739851679725,-82.56482076205064,88,1364.58656629
p_897962,35.58730179586452,-82.56522739693709,89,1402.97094075
p_897962,35.587217150774435,-82.56557631349551,90,1435.9587577
p_897962,35.58715597030296,-82.56583073109533,91,1459.99534567
p_897962,35.586983796475195,-82.56629996588964,92,1506.61616674
p_897962,35.586977845403965,-82.56631670501343,93,1508.2707167199999
p_897962,35.58695433806774,-82.56637970531843,94,1514.5480175799999
p_897962,35.58698507842905,-82.56640663486074,95,1518.74201512
p_897962,35.587011197680724,-82.56644789388407,96,1523.47287805
p_897962,35.587024244512605,-82.56648580408546,97,1527.2012218099999
p_897962,35.5870271080625,-82.56653274355256,98,1531.4672600899999
p_897962,35.58702008688344,-82.56657787606326,99,1535.6312033699999
p_897962,35.587001241236834,-82.56662068613741,100,1540.0386967499999
p_897962,35.5869730211745,-82.56665304028702,101,1544.3284413899999
p_897962,35.58693963411099,-82.56667490509959,102,1548.5295170499999
p_897962,35.58690152089957,-82.56668329692842,103,1552.8260818899998
p_897962,35.58686265920099,-82.56667725735868,104,1557.1724459299999
p_897962,35.586827250911796,-82.56665761217982,105,1561.4856779999998
p_897962,35.586764386835824,-82.56680196169403,106,1576.3114684299999
p_897962,35.586714879362674,-82.56691463949336,107,1587.90719733
p_897962,35.58668601495573,-82.56698105213268,108,1594.7252483
p_897962,35.58666995328443,-82.56701563674827,109,1598.33088746
p_897962,35.58657583253972,-82.56717375893994,110,1616.06299409
p_897962,35.586518541295646,-82.56727720387241,111,1627.39013275
p_897962,35.586482973730355,-82.56734056866728,112,1634.35818162
p_897962,35.58633858239615,-82.56754184101524,113,1658.6360464000002
p_897962,35.58624074570113,-82.56767213508452,114,1674.6760687700003
p_897962,35.58601217398996,-82.56791150540872,115,1708.0498239300002
p_897962,35.58575368948476,-82.56818693809525,116,1746.0716417800002
p_897962,35.585370969627604,-82.56859375594587,117,1802.3087474300003
p_897962,35.5849728642831,-82.56901570904427,118,1860.7343502700003
p_897962,35.584810932469594,-82.56916378798259,119,1883.1602080300004
p_897962,35.58458644883473,-82.569392375864,120,1915.5573621300005
p_897962,35.58458,-82.569394,121,1916.2878539900005
p_897962,35.584448,-82.56953,122,1935.4302021800004
p_897962,35.583943,-82.570071,123,2009.8860567300003
p_897962,35.582894,-82.571228,124,2166.54769612
p_897962,35.581966,-82.572153,125,2299.32679799
p_897962,35.580056,-82.57417,126,2579.2034120900003
p_897962,35.57990447,-82.574337472,127,2601.8546166600004
p_897962,35.579842803,-82.57438929,128,2610.1535861300003
p_897962,35.579801722,-82.574422291,129,2615.60542079
p_897962,35.579724553,-82.574466817,130,2625.0709162000003
p_897962,35.579691953,-82.574481506,131,2628.9251870900002
p_897962,35.579582413,-82.574530627,132,2641.86864267
p_897962,35.579561332,-82.574534986,133,2644.2407409400003
p_897962,35.57946759,-82.574553132,134,2654.7707758300003
p_897962,35.579384289,-82.574563583,135,2664.06154172
p_897962,35.579253959,-82.574578884,136,2678.5881702
p_897962,35.579126419,-82.574594155,137,2692.8064244300003
p_897962,35.57901345,-82.574603424,138,2705.3685980100004
p_897962,35.578961776,-82.574606945,139,2711.1107668900004
p_897962,35.57884537,-82.574616445,140,2724.0548269100004
p_897962,35.57872193,-82.57462669,141,2737.7820896800004
p_897962,35.578505141,-82.57464372,142,2761.8845715
p_897962,35.577728387,-82.574710001,143,2848.27551037
p_897962,35.577734039,-82.574952147,144,2870.23304033
p_897962,35.577742024,-82.575283399,145,2900.2714160100004
p_897962,35.577718281,-82.575380243,146,2909.43629876
p_897962,35.577722064,-82.575431171,147,2914.0715526400004
p_897962,35.57776565569333,-82.57631674964584,148,2994.48764715
p_897962,35.577766800541184,-82.57632097247924,149,2994.89093868
p_897962,35.577792,-82.577015,150,3057.8609744
p_897962,35.577834,-82.578106,151,3156.86091933
p_897962,35.577854,-82.578643,152,3205.58610624
p_897962,35.577869,-82.579021,153,3239.8890849
p_897962,35.577893,-82.579635,154,3295.60677406
p_897962,35.577911,-82.579998,155,3328.57026795
p_897962,35.577932,-82.580404,156,3365.44447787
p_897962,35.577937,-82.580557,157,3379.32374469
p_897962,35.57794,-82.580692,158,3391.56489578
p_897962,35.577942,-82.580767,159,3398.36664118
p_897962,35.577938,-82.580816,160,3402.83020093
p_897962,35.57793,-82.580954,161,3415.37020445
p_897962,35.577893,-82.58116,162,3434.48834446
p_897962,35.577897,-82.581137,163,3436.61981921
p_897962,35.577884,-82.58121,164,3443.3920465700003
p_897962,35.577861,-82.581335,165,3455.0060858200004
p_897962,35.577823,-82.581544,166,3474.4137125800003
p_897962,35.577796,-82.581767,167,3494.84761796
p_897962,35.57779,-82.58193,168,3509.63722615
p_897962,35.577793,-82.58199,169,3515.08591235
p_897962,35.5778,-82.582114,170,3526.35230044
p_897962,35.577805,-82.582175,171,3531.9092118599997
p_897962,35.577817,-82.582328,172,3545.8411732399995
p_897962,35.577855,-82.582557,173,3567.0220041699995
p_897962,35.577856,-82.582562,174,3567.4885964799996
p_897962,35.577916,-82.582775,175,3587.9107604899996
p_897962,35.577926,-82.582804,176,3590.7639344099994
p_897962,35.577979,-82.582962,177,3606.2455753799995
p_897962,35.578065,-82.583165,178,3626.9727266999994
p_897962,35.578115,-82.583273,179,3638.2246355699995
p_897962,35.578171,-82.583392,180,3650.6725117599995
p_897962,35.578214,-82.583483,181,3660.2012596599993
p_897962,35.57834,-82.583796,182,3691.8293186599994
p_897962,35.57835,-82.583821,183,3694.3523941299995
p_897962,35.578363,-82.583852,184,3697.5108474899994
p_897962,35.578401,-82.583978,185,3709.6850110899995
p_897962,35.578406,-82.584,186,3711.7548442899997
p_897962,35.578449,-82.584175,187,3728.3189844
p_897962,35.578472,-82.584291,188,3739.1385939799998
p_897962,35.578495,-82.584409,189,3750.13445151
p_897962,35.578499,-82.584434,190,3752.44352842
p_897962,35.578537,-82.584649,191,3772.3822075999997
p_897962,35.578543,-82.584688,192,3775.9793426799997
p_897962,35.578557,-82.584785,193,3784.90767569
p_897962,35.578563,-82.584822,194,3788.32682402
p_897962,35.578566,-82.584859,195,3791.69701681
p_897962,35.578575,-82.584981,196,3802.8002069100003
p_897962,35.578575,-82.585112,197,3814.6741711900004
p_897962,35.578564,-82.58528,198,3829.9506819700005
p_897962,35.57856,-82.585335,199,3834.9556505100004
p_897962,35.57855,-82.585475,200,3847.6937985700006
p_897962,35.578511,-82.585911,201,3887.4494612100007
p_897962,35.578479,-82.586264,202,3919.6421308300005
p_897962,35.578472,-82.58643,203,3934.7085781700007
p_897962,35.578477,-82.58657,204,3947.410447150001
p_897962,35.578482,-82.586615,205,3951.526847450001
p_897962,35.578492,-82.586711,206,3960.2988384300006
p_897962,35.578496,-82.586734,207,3962.4302980100006
p_897962,35.578534,-82.586956,208,3982.9895555100006
p_897962,35.578542,-82.587002,209,3987.2524724400005
p_897962,35.578592,-82.587303,210,4015.0936937000006
p_897962,35.578703,-82.587966,211,4076.4375605300006
p_897962,35.578716,-82.588058,212,4084.9003355900004
p_897962,35.578743,-82.588247,213,4102.29139425
p_897962,35.578752,-82.588561,214,4130.77010297
p_897962,35.578736,-82.58877,215,4149.79701683
p_897962,35.578724,-82.58884,216,4156.28005927
p_897962,35.578704,-82.588963,217,4167.647565519999
p_897962,35.578697,-82.588991,218,4170.30168515
p_897962,35.57868,-82.589065,219,4177.269262379999
p_897962,35.578658,-82.589159,220,4186.132252799999
p_897962,35.578618,-82.589306,221,4200.176141839999
p_897962,35.578522,-82.589613,222,4229.971776179999
p_897962,35.578497,-82.589679,223,4236.565853769999
p_897962,35.578463,-82.589771,224,4245.718399649999
p_897962,35.578391,-82.589923,225,4261.644291679999
p_897962,35.578345,-82.589992,226,4269.716704979999
p_897962,35.578305,-82.590053,227,4276.806654519999
p_897962,35.578208,-82.590177,228,4292.367928249999
p_897962,35.578,-82.590401,229,4323.105966859999
p_897962,35.577858,-82.590554,230,4344.095215169999
p_897962,35.577889,-82.59052,231,4348.71340532
p_897962,35.577858,-82.590554,232,4353.33159547
p_897962,35.577748,-82.590673,233,4369.61959538
p_897962,35.577673,-82.590783,234,4382.606426519999
p_897962,35.577635,-82.590873,235,4391.789303809999
p_897962,35.577599,-82.590957,236,4400.387321679999
p_897962,35.577562,-82.591063,237,4410.8356431699995
p_897962,35.577524,-82.591171,238,4421.494311709999
p_897962,35.57749,-82.591269,239,4431.145063659999
p_897962,35.577472,-82.591339,240,4437.79689938
p_897962,35.577448,-82.59144,241,4447.33116215
p_897962,35.577441,-82.591535,242,4455.977127149999
p_897962,35.577434,-82.591619,243,4463.63058338
p_897962,35.57744,-82.591749,244,4475.43286293
p_897962,35.577466,-82.591893,245,4488.80031859
p_897962,35.577506,-82.592064,246,4504.922987059999
p_897962,35.577541,-82.592216,247,4519.237397039999
p_897962,35.577555,-82.592278,248,4525.067925599999
p_897962,35.577619,-82.592538,249,4549.68139585
p_897962,35.577653,-82.592663,250,4561.62313511
p_897962,35.577686,-82.592772,251,4572.15972231
p_897962,35.577229,-82.593011,252,4627.2983888399995
p_897962,35.577036,-82.593112,253,4650.586873449999
p_897962,35.576976,-82.593143,254,4657.8126789299995
p_897962,35.576943,-82.593022,255,4669.3754579
p_897962,35.576791,-82.59246,256,4723.03577393
p_897962,35.576734,-82.592156,257,4751.30766106
p_897962,35.576696,-82.591952,258,4770.27341048
p_897962,35.576666,-82.591641,259,4798.65923743
p_897962,35.576816,-82.591634,260,4815.314004299999
p_897962,35.576987,-82.591632,261,4834.28752165
p_897962,35.577176,-82.591627,262,4855.262191739999
p_897962,35.577303,-82.591623,263,4869.35765587
p_897962,35.577434,-82.591619,264,4883.89678267
p_897962,35.577448,-82.59144,265,4900.19592593
p_897962,35.577472,-82.591339,266,4909.7301887
p_897962,35.577488,-82.591274,267,4915.8835637600005
p_897962,35.577524,-82.591171,268,4926.03824339
p_897962,35.577603,-82.590948,269,4948.07005276
p_897962,35.577606,-82.590942,270,4948.70767865
p_897962,35.577673,-82.590783,271,4964.9239773300005
p_897962,35.577748,-82.590673,272,4977.91080847
p_897962,35.577815,-82.590601,273,4987.80281498
p_897962,35.577858,-82.590554,274,4994.19894619
p_897962,35.577937,-82.590469,275,5005.86889814
p_897962,35.578,-82.590401,276,5015.18820089
p_897962,35.578153,-82.590236,277,5037.8122182100005
p_897962,35.578208,-82.590177,278,5045.92626018
p_897962,35.578302,-82.590057,279,5060.99546225
p_897962,35.578345,-82.589992,280,5068.57658338
p_897962,35.578391,-82.589923,281,5076.64899668
p_897962,35.578454,-82.58979,282,5090.58415278
p_897962,35.578467,-82.58976,283,5093.6622436200005
p_897962,35.578523,-82.58961,284,5108.610827060001
p_897962,35.578575,-82.589444,285,5124.7254454
p_897962,35.578618,-82.589306,286,5138.11285614
p_897962,35.578635,-82.589244,287,5144.04067727
p_897962,35.578651378417234,-82.58918387697545,288,5149.78527574
p_897962,35.578646,-82.589167,289,5151.427291749999
p_897962,35.578733,-82.588539,290,5209.162370019999
p_897962,35.576776,-82.586795,291,5477.742314479999
p_897962,35.575733,-82.585273,292,5657.810137319999
p_897962,35.575412,-82.584956,293,5703.571565549999
p_897962,35.574207,-82.584045,294,5860.713987929999
p_897962,35.573152,-82.583557,295,5985.847046909999
p_897962,35.572393,-82.583142,296,6078.0794097299995
p_897962,35.571756,-82.582666,297,6160.88565665
p_897962,35.571562,-82.582669,298,6182.41188408
p_897962,35.5709650753,-82.582699656487,299,6248.6995975
p_897962,35.570646546883,-82.582731842995,300,6284.16089996
p_897962,35.570066211033,-82.582914233208,301,6350.63864724
p_897962,35.569324422247,-82.583139538765,302,6435.43726282
p_897962,35.569048,-82.582462,303,6504.08866461
p_897963,35.569048,-82.582462,1,0
p_897963,35.568857528136,-82.5819003582,2,55.12553168
p_897963,35.570035666924,-82.581540942192,3,189.84061881
p_897963,35.570088028246,-82.58290886879,4,313.97991623
p_897963,35.570633456647,-82.582742571831,5,376.34513229000004
p_897963,35.571074160083,-82.582699656487,6,425.39616066
p_897963,35.571608673372,-82.582683563232,7,484.71892466
p_897963,35.571619,-82.582662,8,486.98465230000005
p_897963,35.57177,-82.582652,9,503.76277123000006
p_897963,35.572419,-82.583121,10,587.3838668200001
p_897963,35.573167,-82.583514,11,677.6981959700001
p_897963,35.573243,-82.583554,12,686.8769989100001
p_897963,35.573451,-82.583664,13,712.0168113400001
p_897963,35.573484,-82.583681,14,715.9892684200001
p_897963,35.573617,-82.583751,15,732.0521635800002
p_897963,35.573887,-82.583893,16,764.6572686200002
p_897963,35.57391,-82.583906,17,767.4680867500002
p_897963,35.574199,-82.584067,18,802.6979237300002
p_897963,35.574307,-82.584128,19,815.8948866600002
p_897963,35.574441,-82.584212,20,832.5987102400002
p_897963,35.574728,-82.584391,21,868.3372477400002
p_897963,35.575417,-82.584981,22,961.6327580300002
p_897963,35.575723,-82.585271,23,1004.5707694300003
p_897963,35.57575,-82.585297,24,1008.3823788100003
p_897963,35.575999,-82.585654,25,1050.9312405900002
p_897963,35.576155,-82.585878,26,1077.6115838600003
p_897963,35.576553,-82.586475,27,1147.4565477700003
p_897963,35.57654185842259,-82.58645789298136,28,1149.4396234800004
p_897963,35.5767094298957,-82.58672278906405,29,1179.8073794600004
p_897963,35.57679993158189,-82.58681211189375,30,1192.7062246700004
p_897963,35.57687581384691,-82.58688515071744,31,1203.4166751600005
p_897963,35.576968239649645,-82.58697426285208,32,1216.4705599400006
p_897963,35.57701991480123,-82.5870250108722,33,1223.8211743800007
p_897963,35.57712049813601,-82.58712225487822,34,1238.0421665500007
p_897963,35.57719637187721,-82.5871954070908,35,1248.7582142100007
p_897963,35.577304120350874,-82.58728766610999,36,1263.3476119700008
p_897963,35.57735675933232,-82.58733075132548,37,1270.3733856200008
p_897963,35.577447231847685,-82.58740897373131,38,1282.6629682400007
p_897963,35.57753467392091,-82.58748318852602,39,1294.4687869300008
p_897963,35.577657233769116,-82.58759257821646,40,1311.2980256200008
p_897963,35.577744407501584,-82.58767113631475,41,1323.3085178700007
p_897963,35.577822784700004,-82.58774111825647,42,1334.0722778600007
p_897963,35.57788043682139,-82.5878044661312,43,1342.6679901700006
p_897963,35.578004573182255,-82.58793983867095,44,1361.1141330600005
p_897963,35.57803447974659,-82.58797296673686,45,1365.5892793600005
p_897963,35.57812156426046,-82.58804406943179,46,1377.2036214500006
p_897963,35.57820818996258,-82.5881151314192,47,1388.7735905400007
p_897963,35.57826530805701,-82.58816208416548,48,1396.4073300600007
p_897963,35.57833922307569,-82.58822254000653,49,1406.2705893600007
p_897963,35.57841457968419,-82.58828372091241,50,1416.3034068600007
p_897963,35.57849061713776,-82.58834619022886,51,1426.4638759100008
p_897963,35.578553081513704,-82.5883971965089,52,1434.7949226800008
p_897963,35.578568413963126,-82.58841009970605,53,1436.8593331700008
p_897963,35.578553,-82.588397,54,1438.9413091800009
p_897963,35.578673,-82.588496,55,1454.997126100001
p_897963,35.578752,-82.588561,56,1465.5583446100009
p_897963,35.578743,-82.588247,57,1494.0370533300008
p_897963,35.578732,-82.588168,58,1501.3009377200008
p_897963,35.578716,-82.588058,59,1511.4282272200007
p_897963,35.578703,-82.587966,60,1519.8910022800007
p_897963,35.578592,-82.587303,61,1581.2348691100008
p_897963,35.578542,-82.587002,62,1609.0760903700009
p_897963,35.578534,-82.586956,63,1613.339007300001
p_897963,35.578496,-82.586734,64,1633.898264800001
p_897963,35.578492,-82.586711,65,1636.029724380001
p_897963,35.578477,-82.58657,66,1648.918017880001
p_897963,35.578472,-82.58643,67,1661.6198868600009
p_897963,35.578479,-82.586264,68,1676.6863342000008
p_897963,35.578511,-82.585911,69,1708.879003820001
p_897963,35.57855,-82.585475,70,1748.634666460001
p_897963,35.57856,-82.585335,71,1761.372814520001
p_897963,35.578575,-82.585112,72,1781.654147480001
p_897963,35.578575,-82.584999,73,1791.896574680001
p_897963,35.578566,-82.584859,74,1804.625536180001
p_897963,35.578563,-82.584822,75,1807.995728970001
p_897963,35.578557,-82.584785,76,1811.414877300001
p_897963,35.578543,-82.584688,77,1820.343210310001
p_897963,35.578537,-82.584649,78,1823.940345390001
p_897963,35.578499,-82.584434,79,1843.879024570001
p_897963,35.578495,-82.584409,80,1846.188101480001
p_897963,35.578472,-82.584291,81,1857.183959010001
p_897963,35.578449,-82.584175,82,1868.003568590001
p_897963,35.578406,-82.584,83,1884.5677087000008
p_897963,35.578401,-82.583978,84,1886.6375419000008
p_897963,35.578363,-82.583852,85,1898.8117055000007
p_897963,35.57835,-82.583821,86,1901.9701588600008
p_897963,35.578308,-82.583716,87,1912.5670775100007
p_897963,35.578214,-82.583483,88,1936.1213277300008
p_897963,35.578171,-82.583392,89,1945.6500756300009
p_897963,35.578115,-82.583273,90,1958.0979518200008
p_897963,35.578065,-82.583165,91,1969.349860690001
p_897963,35.577979,-82.582962,92,1990.077012010001
p_897963,35.577926,-82.582804,93,2005.558652980001
p_897963,35.577916,-82.582775,94,2008.411826900001
p_897963,35.577873,-82.582622,95,2023.077705140001
p_897963,35.577856,-82.582562,96,2028.834003830001
p_897963,35.577855,-82.582557,97,2029.3005961400008
p_897963,35.577817,-82.582328,98,2050.481427070001
p_897963,35.577808,-82.58221,99,2061.223672400001
p_897963,35.577807,-82.582206,100,2061.6028361900007
p_897963,35.5778,-82.582114,101,2069.977972440001
p_897963,35.577793,-82.58199,102,2081.244360530001
p_897963,35.57779,-82.581927,103,2086.964488480001
p_897963,35.577798,-82.58175,104,2103.032626800001
p_897963,35.577823,-82.581544,105,2121.909739610001
p_897963,35.577861,-82.581335,106,2141.317366370001
p_897963,35.577884,-82.58121,107,2152.931405620001
p_897963,35.57793,-82.580954,108,2176.690334840001
p_897963,35.577938,-82.580816,109,2189.230338360001
p_897963,35.577942,-82.580767,110,2193.693898110001
p_897963,35.57794,-82.580692,111,2200.495643510001
p_897963,35.577937,-82.580557,112,2212.7367946000013
p_897963,35.577932,-82.580404,113,2226.616061420001
p_897963,35.577911,-82.579998,114,2263.490271340001
p_897963,35.577893,-82.579635,115,2296.453765230001
p_897963,35.577869,-82.579021,116,2352.171454390001
p_897963,35.577854,-82.578643,117,2386.474433050001
p_897963,35.577834,-82.578106,118,2435.199619960001
p_897963,35.577767,-82.576373,119,2592.457694030001
p_897963,35.577763,-82.576271,120,2601.7138096000012
p_897963,35.577749,-82.575981,121,2628.0458070800014
p_897963,35.577719,-82.575381,122,2682.5327078500013
p_897963,35.577682,-82.575278,123,2692.731518580001
p_897963,35.577617,-82.574716,124,2744.180284110001
p_897963,35.577728,-82.57471,125,2756.507868640001
p_897963,35.577925,-82.574693,126,2778.419502400001
p_897963,35.578016,-82.574685,127,2788.542067270001
p_897963,35.578365,-82.574654,128,2827.3658529000013
p_897963,35.578414,-82.57465,129,2832.8145381300014
p_897963,35.578413,-82.57465,130,2832.9254893400016
p_897963,35.578477,-82.574645,131,2840.0408144600015
p_897963,35.579121,-82.574594,132,2911.6427724900013
p_897963,35.579469,-82.574552,133,2950.4410150800013
p_897963,35.579582,-82.57453,134,2963.136091350001
p_897963,35.579721,-82.574468,135,2979.550277560001
p_897963,35.579801,-82.574423,136,2989.3186750500013
p_897963,35.579904,-82.574337,137,3003.151991550001
p_897963,35.58003,-82.574198,138,3021.9713427700012
p_897963,35.5801,-82.574124,139,3032.2333025700013
p_897963,35.580727,-82.573458,140,3124.339114780001
p_897963,35.581882,-82.572237,141,3293.660356880001
p_897963,35.582894,-82.571228,142,3438.473828310001
p_897963,35.583943,-82.570071,143,3595.135467700001
p_897963,35.584104,-82.569899,144,3618.844437890001
p_897963,35.584448,-82.56953,145,3669.5913548900007
p_897963,35.58457978002741,-82.56939598422836,146,3688.5996178200007
p_897963,35.584793,-82.569179,147,3719.363449810001
p_897963,35.58497,-82.569018,148,3743.829631080001
p_897963,35.58623614984667,-82.56767601309663,149,3929.647739720001
p_897963,35.586314,-82.567576,150,3942.168577810001
p_897963,35.586485,-82.567335,151,3971.100404890001
p_897963,35.586554,-82.567211,152,3984.698558570001
p_897963,35.586566,-82.56719,153,3987.021296110001
p_897963,35.586671,-82.567016,154,4006.627704630001
p_897963,35.586796,-82.566727,155,4036.265485400001
p_897963,35.586827,-82.566658,156,4043.402531900001
p_897963,35.586802,-82.566632,157,4047.042120930001
p_897963,35.586783,-82.5666,158,4050.6275393600013
p_897963,35.586772,-82.566563,159,4054.1961029400013
p_897963,35.586768,-82.566524,160,4057.758492740001
p_897963,35.58676971336638,-82.56650183335941,161,4059.776467430001
p_897963,35.586771894632705,-82.56648641065775,162,4061.1950499500012
p_897963,35.58677680248245,-82.56647014976582,163,4062.766183940001
p_897963,35.58678430058565,-82.56644802154142,164,4064.937405680001
p_897963,35.586790844384225,-82.56643712506734,165,4066.163140310001
p_897963,35.58680038742274,-82.56641985834676,166,4068.052593860001
p_897963,35.58680911248581,-82.56640728549213,167,4069.5477838900006
p_897963,35.58684,-82.566382,168,4073.6704216500007
p_897963,35.586877,-82.566367,169,4077.9948684400006
p_897963,35.586916,-82.566367,170,4082.3219715300006
p_897963,35.58695395672234,-82.56638013734423,171,4086.6984009800008
p_897963,35.58697880791949,-82.56631321035165,172,4093.3613729900007
p_897963,35.587008118608225,-82.56623284027386,173,4101.338427380001
p_897963,35.58704721602963,-82.56612495572966,174,4112.035225240001
p_897963,35.587047352358596,-82.56612361462534,175,4112.1577089600005
p_897963,35.58708907166297,-82.56601147668266,176,4123.325380300001
p_897963,35.587152316,-82.565834445,177,4140.8373361700005
p_897963,35.587167349,-82.565781916,178,4145.88183122
p_897963,35.58722115,-82.565557785,179,4167.05401586
p_897963,35.587280155,-82.565312231,180,4190.25180257
p_897963,35.587338214,-82.565073253,181,4212.84828921
p_897963,35.587384208,-82.564882287,182,4230.89238481
p_897963,35.587399836,-82.564815788,183,4237.163729100001
p_897963,35.587436601,-82.564695538,184,4248.80047583
p_897963,35.587469565,-82.564620907,185,4256.48985997
p_897963,35.587484599,-82.564587596,186,4259.93902907
p_897963,35.587512,-82.564543,187,4264.99656143
p_897963,35.587547,-82.564485,188,4271.53198339
p_897963,35.587564,-82.564464,189,4274.21153571
p_897963,35.587603,-82.564414,190,4280.4772104
p_897963,35.587713,-82.564317,191,4295.51843196
p_897963,35.587819,-82.564239,192,4309.24034481
p_897963,35.587952,-82.56418,193,4324.93581538
p_897963,35.588085,-82.564145,194,4340.02943191
p_897963,35.588238,-82.564107,195,4357.350819310001
p_897963,35.588461,-82.564025,196,4383.18498178
p_897963,35.588766,-82.563947,197,4417.75563084
p_897963,35.589073,-82.563849,198,4452.95661558
p_897963,35.589182,-82.563792,199,4466.10742242
p_897963,35.589276,-82.563731,200,4477.91148434
p_897963,35.58935,-82.563677,201,4487.469808350001
p_897963,35.589437,-82.563607,202,4499.020674890001
p_897963,35.589557,-82.563511,203,4514.9254912100005
p_897963,35.589851,-82.563251,204,4555.165757160001
p_897963,35.590087,-82.563041,205,4587.536163210001
p_897963,35.590314,-82.562839,206,4618.672525980001
p_897963,35.590552,-82.562637,207,4650.804098750002
p_897963,35.590943,-82.562277,208,4705.085235980002
p_897963,35.590976,-82.562247,209,4709.645691840002
p_897963,35.59103500170599,-82.56219258484688,210,4717.841656880002
p_897963,35.591036,-82.562191,211,4718.023034300002
p_897963,35.591122843464944,-82.56212184136481,212,4729.5175659800025
p_897963,35.591135,-82.562111,213,4731.186267040002
p_897963,35.591141,-82.561749,214,4763.999919280002
p_897963,35.591148,-82.561342,215,4800.8931965400025
p_897963,35.59115499134053,-82.56102065004768,216,4830.026435670003
p_897963,35.59117738644815,-82.56055876780249,217,4871.959011080003
p_897963,35.59117349837389,-82.5604768042889,218,4879.3996138400025
p_897963,35.591179774472735,-82.5604297620283,219,4883.7193950300025
p_897963,35.591171,-82.560124,220,4911.446710300002
p_897963,35.591164,-82.55986,221,4935.384777160002
p_897963,35.591153,-82.559412,222,4976.003909230002
p_897963,35.59114525396612,-82.55911362688327,223,5003.058158190002
p_897963,35.591078,-82.559112,224,5010.521538990002
p_897963,35.59113298527754,-82.55900247853688,225,5022.172104780002
p_897963,35.59116616306015,-82.5585038178342,226,5067.513793480002
p_897963,35.59117722231838,-82.55766516119634,227,5143.5284266100025
p_897963,35.59115141738083,-82.55720956664496,228,5184.916634130002
p_897963,35.59117722231838,-82.55643210927705,229,5255.4332256000025
p_897963,35.592899372421215,-82.55636536592863,230,5446.604001620002
p_897963,35.592860764,-82.555409364,231,5533.347347620002
p_897983,35.5928809052124,-82.5558949739855,1,0
p_897983,35.59286512933143,-82.55511837366629,2,70.40103973
p_897983,35.59259268923856,-82.5550703164351,3,100.94080355999999
p_897983,35.59228539020597,-82.55504449663994,4,135.11628019
p_897983,35.59209460234139,-82.55504234566392,5,156.28536966
p_897983,35.59167757047919,-82.55507253882745,6,202.63649802999998
p_897983,35.59117249129683,-82.5551151386582,7,258.80859093
p_897983,35.591170879,-82.555113184,8,259.06034587
p_897983,35.59107587,-82.555128937,9,269.69796646
p_897983,35.59111,-82.55565,10,317.07184911999997
p_897983,35.59118,-82.556433,11,388.45638006999997
p_897983,35.59117328440725,-82.55763705718758,12,497.57871195999996
p_897983,35.591143,-82.55896,13,617.51982028
p_897983,35.590936,-82.558983,14,640.58116206
p_897983,35.590937,-82.558996,15,641.76452616
p_897983,35.588416,-82.559251,16,922.42612852
p_897983,35.586448,-82.559417,17,1141.29611399
p_897983,35.584587,-82.559546,18,1348.10729779
p_897983,35.58284937911145,-82.55965072933424,19,1541.1321328000001
p_897983,35.58286686,-82.559652853,20,1543.08118749
p_897983,35.582811286,-82.559652946,21,1549.24720005
p_897983,35.58260609012241,-82.56135357341026,22,1705.05804928
p_897983,35.582475614564856,-82.5617163513103,23,1740.98466066
p_897983,35.5824734585931,-82.56171649219952,24,1741.22420909
p_897983,35.58238646957935,-82.56195641702715,25,1765.01579505
p_897983,35.582274801016624,-82.56208649675219,26,1782.11873264
p_897983,35.58212051982264,-82.56215036413028,27,1800.1887350299999
p_897983,35.5817634731244,-82.56215788622762,28,1839.8093860299998
p_897983,35.581781105125856,-82.56293258325667,29,1910.0531156199997
p_897983,35.581233723550994,-82.56391146801928,30,2017.5722875599997
p_897983,35.58121021405421,-82.56429881653297,31,2052.7775324699996
p_897983,35.58121138952953,-82.5642901445513,32,2053.5742900399996
p_897983,35.58120903857933,-82.56440866163454,33,2064.3196054099994
p_897983,35.579673284372305,-82.56424871656296,34,2235.3290484399995
p_897983,35.57904266814745,-82.56354730129421,35,2329.8669777999994
p_897983,35.578424178142384,-82.56310747560119,36,2409.2289174499992
p_897983,35.577814437836736,-82.56266845258318,37,2487.716190429999
p_897983,35.5773890762525,-82.5624400904045,38,2539.250319199999
p_897983,35.577392602845705,-82.56244298106462,39,2539.721224929999
p_897983,35.57678485099143,-82.56209899246272,40,2614.0119045399993
p_897983,35.576306866788755,-82.56210267372414,41,2667.0458610299993
p_897983,35.57630918268754,-82.56210267372481,42,2667.3028126999993
p_897983,35.57579971626858,-82.56211283745066,43,2723.8362107299995
p_897983,35.574914600111455,-82.5621744891187,44,2822.1997415799997
p_897983,35.574920477948424,-82.56217593444876,45,2822.86492375
p_897983,35.57478411202396,-82.56218027043958,46,2837.99998259
p_897983,35.574654,-82.558993,47,3127.27148532
p_897983,35.57462,-82.558505,48,3171.66699371
p_897983,35.574465602738826,-82.55733769791256,49,3278.85539772
p_897983,35.574365585832936,-82.55658279024404,50,3348.17843
p_897983,35.574344717584225,-82.5564223447436,51,3362.90527423
p_897983,35.57431803298678,-82.55626396227727,52,3377.56407131
p_897983,35.57431821605002,-82.55626560190726,53,3377.71407822
p_897983,35.57427103019211,-82.55597917794012,54,3404.19977793
p_897983,35.574228681244335,-82.55572337055509,55,3427.85891527
p_897983,35.574199220932414,-82.555542714214,56,3444.55769618
p_897983,35.574167001611,-82.55534803854901,57,3462.5626875700004
p_897983,35.574141712568334,-82.55518943944064,58,3477.2103020400004
p_897983,35.574109080539415,-82.55496899168125,59,3497.5183477900005
p_897983,35.57407963538208,-82.55477025938977,60,3515.8264781500006
p_897983,35.574052643974525,-82.55453343989318,61,3537.5011086800005
p_897983,35.57403270713195,-82.5543343305047,62,3555.6846358600005
p_897983,35.574021665187516,-82.55425551637276,63,3562.9331103000004
p_897983,35.5740214,-82.554255466,64,3562.9628853500003
p_897983,35.573992261,-82.554070309,65,3580.0551902800003
p_897983,35.573954841,-82.554106134,66,3585.3261447000004
p_897983,35.573877241,-82.55418721,67,3596.6460376100003
p_897983,35.573763929,-82.554302356,68,3612.98617769
p_897983,35.573608459,-82.554428308,69,3633.6718709
p_897983,35.573540657,-82.554484182,70,3642.74067443
p_897983,35.573438,-82.554546,71,3655.4343857900003
p_897983,35.573304512,-82.554628631,72,3672.0313361800004
p_897983,35.57326157,-82.554650126,73,3677.1788192400004
p_897983,35.573142673,-82.554685937,74,3690.7641026900005
p_897983,35.572981249,-82.554733088,75,3709.1772014300004
p_897983,35.572808803,-82.554762465,76,3728.4947014100003
p_897983,35.572632129,-82.55476435,77,3748.0976207500003
p_897983,35.572489788,-82.554755662,78,3763.91013504
p_897983,35.572426908,-82.554750383,79,3770.90313198
p_897983,35.572360655,-82.554737562,80,3778.34528166
p_897983,35.572236776,-82.55471484,81,3792.2432651900003
p_897983,35.572107338,-82.554685426,82,3806.84997112
p_897983,35.571980349,-82.554657821,83,3821.16002543
p_897983,35.571867126,-82.554632178,84,3833.93549135
p_897983,35.571744127,-82.554604273,85,3847.8148190700003
p_897983,35.571640755,-82.554581264,86,3859.4721622200004
p_897983,35.571559535,-82.554564672,87,3868.6082621600003
p_897983,35.571369021,-82.554507352,88,3890.3752595100004
p_897983,35.57084238822226,-82.55435378282777,89,3950.4411619600005
p_897983,35.570850175497114,-82.55435640999266,90,3951.3373892200007
p_897983,35.57055478218385,-82.55427626445079,91,3984.9071842700005
p_897983,35.570434587352,-82.55424120077659,92,3998.6164905400005
p_897983,35.57032457836429,-82.55420613710238,93,4011.2291842300006
p_897983,35.569987943796505,-82.55414740304334,94,4048.9567247500004
p_897983,35.56944077647914,-82.55410667429047,95,4109.7776768700005
p_897983,35.569279609794464,-82.55416159325404,96,4128.339391330001
p_897983,35.569159413048695,-82.5542692888256,97,4144.86692019
p_897983,35.56906570020709,-82.55443208445654,98,4162.9195670300005
p_897983,35.56904532783594,-82.55461742102104,99,4179.87200215
p_897983,35.569079960863704,-82.55481027123004,100,4197.77151052
p_897983,35.56925720024512,-82.55517343071449,101,4236.1185856600005
p_897983,35.569304056553364,-82.55534373998825,102,4252.409163
p_897983,35.569273498085195,-82.5554965174263,103,4266.66762806
p_897983,35.569173673674854,-82.55564178122042,104,4283.87447513
p_897983,35.56904125334604,-82.55572944040624,105,4300.57794609
p_897983,35.568864013486916,-82.55573945859852,106,4320.26385042
p_897983,35.568623618569006,-82.55564178122042,107,4348.3672986500005
p_897983,35.56838234992466,-82.5554890037749,108,4378.506834940001
p_897983,35.5681969595728,-82.55533372178847,109,4403.431674380001
p_897983,35.56814399082167,-82.55529364901808,110,4410.340720710001
p_897983,35.568227518451565,-82.5552059898323,111,4422.548651010001
p_897983,35.56828863617419,-82.55514838522396,112,4431.107406940001
p_897983,35.56836808914389,-82.555233539862,113,4442.824976570001
p_897983,35.568329743,-82.555265735,114,4447.984355020001
p_897983,35.568356,-82.555223,115,4452.831530330001
p_897983,35.568387,-82.555252,116,4457.1606478600015
p_897983,35.56854,-82.55537,117,4477.225370890002
p_897983,35.568666,-82.555465,118,4493.644914990002
p_897983,35.568712,-82.555488,119,4499.158122020001
p_897983,35.568771,-82.555517,120,4506.212391990001
p_897983,35.568882,-82.555535,121,4518.635583120002
p_897983,35.568938,-82.555544,122,4524.9021778000015
p_897983,35.569042,-82.555507,123,4536.918685820002
p_897983,35.569082,-82.555471,124,4542.427440800002
p_897983,35.569111,-82.555416,125,4548.361361590002
p_897983,35.569195,-82.555469,126,4558.846771790002
p_897983,35.569266,-82.555497,127,4567.123126410002
p_897983,35.56929,-82.555419,128,4574.678720590003
p_897983,35.569295,-82.555349,129,4581.048522190003
p_897983,35.569285,-82.555254,130,4589.731583640003
p_897983,35.56926,-82.555173,131,4597.580790020003
p_897983,35.569238,-82.55512,132,4602.969814490003
p_897983,35.569119,-82.554893,133,4627.419225060003
p_897983,35.569075,-82.554797,134,4637.397546450003
p_897983,35.56905,-82.554671,135,4649.151627610003
p_897983,35.569044,-82.554588,136,4656.705109560003
p_897983,35.56906,-82.554477,137,4666.922839340003
p_897983,35.569085,-82.554392,138,4675.112276190002
p_897983,35.569117,-82.554336,139,4681.307139690002
p_897983,35.569181,-82.554247,140,4692.054918770003
p_897983,35.569253,-82.55418,141,4702.090104290002
p_897983,35.569271,-82.554169,142,4704.322327980002
p_897983,35.569329,-82.554135,143,4711.457516780002
p_897983,35.569384,-82.554115,144,4717.823458770002
p_897983,35.56947,-82.554106,145,4727.400064330001
p_897983,35.569522,-82.554107,146,4733.170230550001
p_897983,35.569609,-82.554115,147,4742.8501752500015
p_897983,35.569786,-82.554134,148,4762.563894990001
p_897983,35.569847,-82.554141,149,4769.361591080001
p_897983,35.569884,-82.554145,150,4773.482762710001
p_897983,35.570067,-82.554165,151,4793.867588860001
p_897983,35.570161,-82.554177,152,4804.353564360001
p_897983,35.570236,-82.554186,153,4812.714792340001
p_897983,35.570517,-82.554264,154,4844.683773060001
p_897983,35.570835,-82.554352,155,4880.856772950001
p_897983,35.570955,-82.554385,156,4894.502823560001
p_897983,35.571179,-82.554451,157,4920.065847610002
p_897983,35.571282,-82.554482,158,4931.834241210002
p_897983,35.571298,-82.554487,159,4933.666405980002
p_897984,35.571297,-82.554498,1,0
p_897984,35.572396,-82.55476,2,124.22665357
p_897984,35.572886,-82.554759,3,178.59276737
p_897984,35.573144,-82.554688,4,207.93274276
p_897984,35.57336644406253,-82.55458772143896,5,234.23388365
p_897984,35.573572,-82.554456,6,259.97703941
p_897984,35.573967,-82.55411,7,313.86924008
p_897984,35.5742386849935,-82.55366435575745,8,364.27233223
p_897984,35.57443,-82.553248,9,407.57293846000005
p_897984,35.574567,-82.552942,10,439.20235770000005
p_897984,35.574691,-82.552827,11,456.46344989000005
p_897984,35.575675,-82.552294,12,575.8518623
p_897984,35.57648,-82.552008,13,668.85375167
p_897984,35.576833753488515,-82.55175324723007,14,714.39201929
p_897984,35.57724441882594,-82.55152275653565,15,764.51734371
p_897984,35.577365,-82.551748,16,788.92687642
p_897984,35.577611785513625,-82.55227170662852,17,843.72759903
p_897984,35.577774,-82.552854,18,899.49204846
p_897984,35.577918274613424,-82.55347172164879,19,957.7266875199999
p_897984,35.578031347968235,-82.55456929636503,20,1058.0005528499998
p_897984,35.57803408182518,-82.55456636950626,21,1058.40352597
p_897984,35.57800730130907,-82.5550419852164,22,1101.6163580999998
p_897984,35.577801983723376,-82.55613920588132,23,1203.64589919
p_897984,35.577593,-82.556857,24,1272.7163919099999
p_897984,35.577367,-82.557506,25,1336.66436809
p_897984,35.577331,-82.557983,26,1380.0848645699998
p_897984,35.57740298443018,-82.55843935941378,27,1422.2143141099998
p_897984,35.57748861083462,-82.55875041046667,28,1451.9662637999998
p_897984,35.577784410438966,-82.55957828480756,29,1533.8694866799997
p_897984,35.577834340971776,-82.5600026223828,30,1572.7291223699997
p_897984,35.577923859001615,-82.55998826618034,31,1582.7461358999997
p_897984,35.57791802087226,-82.55998826618034,32,1583.3938833299997
p_897984,35.57894248443381,-82.55990787145282,33,1697.2926967799997
p_897984,35.580167,-82.559821,34,1833.3821827099996
p_897984,35.582718,-82.55966,35,2116.79478038
p_897984,35.58475,-82.559534,36,2342.53687607
p_897984,35.586702,-82.5594,37,2559.4541411299997
p_897984,35.588482,-82.559245,38,2757.44656812
p_897984,35.591027,-82.558986,39,3040.79184922
p_897984,35.591026,-82.558975,40,3041.79490059
p_897984,35.591145,-82.55896,41,3055.06791931
p_897984,35.591152,-82.55761,42,3177.41653782
p_897984,35.591179,-82.556435,43,3283.94511135
p_897984,35.591145,-82.556023,44,3321.4734183699998
p_897984,35.59111,-82.555649,45,3355.58957358
p_897984,35.591068,-82.555069,46,3408.35930236
p_897984,35.591618,-82.555038,47,3469.4472328700003
p_897984,35.591999,-82.555023,48,3511.74158793
p_897984,35.592171,-82.555016,49,3530.83577969
p_897984,35.592293,-82.555008,50,3544.39125982
p_897984,35.592464,-82.555008,51,3563.36395991
p_897984,35.592583,-82.555016,52,3576.58707456
p_897984,35.592735,-82.555046,53,3593.66943757
p_897984,35.592731599277954,-82.5554458519563,54,3629.90798313
p_897984,35.592744741082285,-82.55590913715255,55,3671.91851034
p_898023,35.59276582403841,-82.55574109070724,1,0
p_898023,35.59278093106413,-82.55636935974279,2,56.96151574
p_898023,35.5941361298955,-82.55628202730712,3,207.53098327
p_898023,35.594292,-82.555527,4,278.10577878000004
p_898023,35.594372,-82.555092,5,318.51379449
p_898023,35.594479,-82.554451,6,377.80391278
p_898023,35.594524,-82.55423,7,398.44456017000005
p_898023,35.594549,-82.554261,8,402.39248751
p_898023,35.594575,-82.554134,9,414.25762089
p_898023,35.594599,-82.554001,10,426.60111315
p_898023,35.594611,-82.553914,11,434.59693338
p_898023,35.594676,-82.553527,12,470.40180124
p_898023,35.594677,-82.553522,13,470.86830156
p_898023,35.594711,-82.553348,14,487.08162791
p_898023,35.594734,-82.553214,15,499.49031292
p_898023,35.594766,-82.553022,16,517.24842251
p_898023,35.594794,-82.552883,17,530.2224113599999
p_898023,35.59485,-82.552608,18,555.9064999899999
p_898023,35.594865,-82.552535,19,562.72808187
p_898023,35.594969,-82.552028,20,610.10052017
p_898023,35.594983,-82.55196,21,616.4556039199999
p_898023,35.594984,-82.551956,22,616.83469377
p_898023,35.594994,-82.551905,23,621.58775078
p_898023,35.594999,-82.551881,24,623.83232514
p_898023,35.59502,-82.551758,25,635.21980012
p_898023,35.594932,-82.551713,26,645.80094628
p_898023,35.594954,-82.551598,27,656.5045741499999
p_898023,35.595088,-82.550933,28,718.5753486799999
p_898023,35.595175,-82.550574,29,752.51055862
p_898023,35.595199,-82.550471,30,762.21704743
p_898023,35.595289,-82.550523,31,773.25875022
p_898023,35.595491,-82.550651,32,798.4947978
p_898023,35.595678,-82.550779,33,822.26509918
p_898023,35.595733,-82.550817,34,829.27202531
p_898023,35.595753,-82.550722,35,838.16246263
p_898023,35.595818,-82.550407,36,867.6051674500001
p_898023,35.59583,-82.550348,37,873.11511713
p_898023,35.595874,-82.550122,38,894.16937166
p_898023,35.595903,-82.550039,39,902.35026824
p_898023,35.595917,-82.549971,40,908.7052826299999
p_898023,35.595918,-82.549843,41,920.30535312
p_898023,35.596152,-82.549354,42,971.6646044099999
p_898023,35.596213,-82.549221,43,985.4874750299999
p_898023,35.59627736600446,-82.5490691995903,44,1000.9870619999999
p_898023,35.596283,-82.549065,45,1001.7188986699999
p_898023,35.596302,-82.549026,46,1005.8340775099999
p_898023,35.596542,-82.548531,47,1057.9996663499999
p_898023,35.596588,-82.548424,48,1068.9572613199998
p_898023,35.596752,-82.548073,49,1105.6019535299997
p_898023,35.597008,-82.547546,50,1161.1671097499998
p_898023,35.597023,-82.547485,51,1166.9400390199999
p_898023,35.597031,-82.547409,52,1173.88413288
p_898023,35.59701746410718,-82.54736787597061,53,1177.90203381
p_898023,35.59701334862078,-82.5473246441791,54,1181.84622662
p_898023,35.59702140811507,-82.54727824908674,55,1186.1446002999999
p_898023,35.59703598379343,-82.54724303099323,56,1189.7224196299999
p_898023,35.597056621643674,-82.54721511219016,57,1193.1347676799999
p_898023,35.59708,-82.547195,58,1196.3049241499998
p_898023,35.59711096917421,-82.54718228952812,59,1199.9289177399999
p_898023,35.597179,-82.547073,60,1212.3812202899999
p_898023,35.597305,-82.546814,61,1239.6997952799998
p_898023,35.597466,-82.546249,62,1293.9266356199998
p_898023,35.597527,-82.546043,63,1313.7833050699999
p_898023,35.59758,-82.545868,64,1330.69688168
p_898023,35.597626,-82.545731,65,1344.1199043699999
p_898023,35.597801,-82.545189,66,1396.93423756
p_898023,35.598076,-82.544235,67,1488.6112633999999
p_898023,35.598106,-82.544128,68,1498.86290068
p_898023,35.598137,-82.544014,69,1509.75099318
p_898023,35.598167,-82.543915,70,1519.3198440400001
p_898023,35.598286,-82.543526,71,1556.9620851400002
p_898023,35.598335,-82.543358,72,1573.1276458000002
p_898023,35.598404,-82.543114,73,1596.5264310400003
p_898023,35.598484,-82.54287,74,1620.3524409700003
p_898023,35.598553,-82.542709,75,1636.8286294400002
p_898023,35.59864,-82.542534,76,1655.3936331300001
p_898023,35.598713,-82.542435,77,1667.4801532400002
p_898023,35.598888,-82.542221,78,1694.9221327000002
p_898023,35.599018,-82.542068,79,1714.9288585600002
p_898023,35.599087,-82.541946,80,1728.3761837600002
p_898023,35.599178,-82.541862,81,1741.0206348600002
p_898023,35.599232,-82.541756,82,1752.3414950600002
p_898023,35.599247,-82.541718,83,1756.1660604800002
p_898023,35.599319,-82.541534,84,1774.6546151100001
p_898023,35.599358,-82.541389,85,1788.4883250700002
p_898023,35.599384,-82.541245,86,1801.8523099800002
p_898023,35.599396,-82.541122,87,1813.0775008200003
p_898023,35.599396,-82.541023,88,1822.0486317600003
p_898023,35.599384,-82.540909,89,1832.4644714500002
p_898023,35.599369,-82.540794,90,1843.0175432300002
p_898023,35.599346,-82.540672,91,1854.3635835900002
p_898023,35.5993,-82.540535,92,1867.7863611700002
p_898023,35.599197,-82.540237,93,1897.1090272400002
p_898023,35.59811,-82.537048,94,2210.2478287000004
p_898023,35.59798,-82.536575,95,2255.4724019800005
p_898023,35.597878,-82.536339,96,2279.6683069900005
p_898023,35.597748,-82.536041,97,2310.2834748800005
p_898023,35.597691,-82.53598,98,2318.6830207300004
p_898023,35.59761,-82.53582,99,2335.74150244
p_898023,35.597515,-82.535667,100,2353.15794377
p_898023,35.596810351943006,-82.53461764029387,101,2476.26386381
p_898023,35.596699,-82.534622,102,2488.6248490400003
p_898023,35.59677,-82.534553,103,2498.6823646400003
p_898023,35.596751,-82.534524,104,2502.0513922000005
p_898023,35.596587,-82.534281,105,2530.6173120900003
p_898023,35.596384,-82.533978,106,2566.131248
p_898023,35.596291,-82.533838,107,2582.48451979
p_898023,35.596266,-82.533801,108,2586.83611217
p_898023,35.596216,-82.533733,109,2595.12759545
p_898023,35.595947,-82.533372,110,2639.4108234100004
p_898023,35.595835,-82.533221,111,2657.89506143
p_898023,35.595755,-82.533113,112,2671.1076838500003
p_898023,35.595742,-82.533094,113,2673.3538052800004
p_898023,35.595722,-82.533063,114,2676.9337626100005
p_898023,35.595623,-82.532916,115,2694.1996834700003
p_898023,35.595504,-82.532739,116,2714.9748805500003
p_898023,35.595467,-82.53271,117,2719.8492303000003
p_898023,35.595357,-82.53262,118,2734.5282585500004
p_898023,35.595248,-82.532535,119,2748.8667481700004
p_898023,35.595108,-82.532424,120,2767.3725724800006
p_898023,35.594981,-82.532322,121,2784.2246886300004
p_898023,35.59489,-82.532249,122,2796.2955282000003
p_898023,35.594716,-82.532111,123,2819.2977661600003
p_898023,35.594471,-82.531962,124,2849.6498311100004
p_898023,35.594471,-82.53196,125,2849.83107718
p_898023,35.594067,-82.531715,126,2899.85294383
p_898023,35.59404,-82.5317,127,2903.1426246600004
p_898023,35.593437,-82.531357,128,2976.9147430400003
p_898023,35.593185,-82.531235,129,3006.9811327700004
p_898023,35.592922,-82.531105,130,3038.44989526
p_898023,35.592583,-82.530945,131,3078.7606090900003
p_898023,35.592415,-82.530861,132,3098.8950161600005
p_898023,35.592274,-82.530807,133,3115.2867408500006
p_898023,35.592133,-82.530754,134,3131.6516398800004
p_898023,35.591789,-82.530632,135,3171.3880944300004
p_898023,35.591393,-82.530502,136,3216.8770143300003
p_898023,35.590767,-82.530312,137,3288.43522805
p_898023,35.590343,-82.53019,138,3336.76047305
p_898023,35.58984,-82.530045,139,3394.0953072400002
p_898023,35.58984,-82.530041,140,3394.45782026
p_898023,35.589691,-82.529997,141,3411.46371455
p_898023,35.58959,-82.529968,142,3422.97388758
p_898023,35.58956,-82.530035,143,3429.89846348
p_898023,35.589512,-82.530085,144,3436.89107337
p_898023,35.589375,-82.530144,145,3453.00447877
p_898023,35.589356,-82.530149,146,3455.1607085699998
p_898023,35.589229,-82.530185,147,3469.6243271999997
p_898023,35.588867,-82.530298,148,3511.07380975
p_898023,35.588657,-82.530376,149,3535.4223726399996
p_898023,35.588582,-82.530419,150,3544.61106825
p_898023,35.588514,-82.530472,151,3553.5550509
p_898023,35.588408,-82.53057,152,3568.29284258
p_898023,35.588312,-82.530695,153,3583.8424811200002
p_898023,35.588149,-82.530943,154,3612.69126103
p_898023,35.588008,-82.531207,155,3641.2781653
p_898023,35.58787,-82.531532,156,3674.47493505
p_898023,35.587808,-82.531677,157,3689.30792075
p_898023,35.587808,-82.531678,158,3689.3985513
p_898023,35.587781,-82.531742,159,3695.9268182799997
p_898023,35.587724,-82.53192,160,3713.2544059899997
p_898023,35.587656,-82.532132,161,3733.8963247899997
p_898023,35.587561,-82.532435,162,3763.31082652
p_898023,35.587536,-82.532552,163,3774.27142062
p_898023,35.58751,-82.532668,164,3785.17319404
p_898023,35.587506,-82.532762,165,3793.70404904
p_898023,35.587503,-82.532845,166,3801.23377322
p_898023,35.587469,-82.53313,167,3827.3375970399998
p_898023,35.587466,-82.533149,168,3829.0914594399997
p_898023,35.587436,-82.533507,169,3861.7076250299997
p_898023,35.587445,-82.533905,170,3897.7925657799997
p_898023,35.587491,-82.534416,171,3944.38534619
p_898023,35.587538,-82.534923,172,3990.63015485
p_898023,35.587549,-82.535205,173,4016.21717639
p_898023,35.587553,-82.535318,174,4026.4680723300003
p_898023,35.587524,-82.535534,175,4046.30699794
p_898023,35.587423,-82.535748,176,4068.7066210800003
p_898023,35.587402,-82.53577,177,4071.7732749200004
p_898023,35.58731,-82.535867,178,4085.2446891300006
p_898023,35.587181,-82.53594,179,4101.01258692
p_898023,35.587135,-82.535961,180,4106.45967621
p_898023,35.586711,-82.536151,181,4156.55565928
p_898023,35.58661,-82.536269,182,4172.04597672
p_898023,35.586643,-82.536256,183,4175.89227374
p_898023,35.5864788163491,-82.53634188870743,184,4195.70216766
p_898023,35.58623626535777,-82.53673334563634,185,4240.2325167399995
p_898023,35.585920947978906,-82.53696076347548,186,4280.837615789999
p_898023,35.585684459123456,-82.53699804508804,187,4307.2930408699995
p_898023,35.585458,-82.53693,188,4333.16477332
p_898023,35.585268,-82.53674,189,4360.3849463999995
p_898023,35.58516600035024,-82.53630460709721,190,4401.43684211
p_898023,35.585090202001325,-82.53592433465242,191,4436.91350964
p_898023,35.58492041344016,-82.53564845072185,192,4468.220048939999
p_898023,35.584594,-82.535592,193,4504.795668219999
p_898023,35.58432999395117,-82.53556363160209,194,4534.2001144
p_898023,35.583977,-82.535534,195,4573.45722882
p_898023,35.581809,-82.53554,196,4814.0002349
p_898023,35.581692,-82.53554,197,4826.981533069999
p_898023,35.581065,-82.535871,198,4902.741390849999
p_898023,35.580293,-82.536659,199,5014.26691814
p_898023,35.579199,-82.537927,200,5181.426743579999
p_898023,35.57872091354507,-82.53847418801942,201,5254.046282079999
p_898023,35.578229,-82.538999,202,5326.44559574
p_898023,35.578125125317555,-82.53902267168384,203,5338.16864355
p_898023,35.578027,-82.538996,204,5349.320953689999
p_898023,35.577864,-82.538909,205,5369.050501989999
p_898023,35.577732920600496,-82.53875395149927,206,5389.27480555
p_898023,35.577631126692665,-82.53859566426489,207,5407.53426004
p_898023,35.576929,-82.538536,208,5485.62354377
p_898023,35.57678383711365,-82.53852204229959,209,5501.77915132
p_898023,35.57691557177205,-82.53971471818618,210,5610.87031644
p_898023,35.57700543450136,-82.54058433155737,211,5690.3225475300005
p_898023,35.57700553616264,-82.54057879486079,212,5690.824535490001
p_898023,35.577011422428285,-82.540634026386,213,5695.873289540001
p_898023,35.577023398281426,-82.54080887856078,214,5711.777964280001
p_898023,35.57703836660428,-82.54108743506274,215,5737.08163331
p_898023,35.57704698676063,-82.54121380894762,216,5748.57635863
p_898023,35.577062319789675,-82.5414531124594,217,5770.33407621
p_898023,35.57711022316043,-82.5418138601042,218,5803.46232073
p_898023,35.577131315921534,-82.54200556287422,219,5820.99564166
p_898023,35.57713267784891,-82.54217092664878,220,5835.985401559999
p_898023,35.57712668993108,-82.5423273733313,221,5850.18168628
p_898023,35.57700842845665,-82.54253903649203,222,5873.42515077
p_898023,35.57689765172857,-82.54266603438708,223,5890.26490327
p_898023,35.576849711196516,-82.54271950138481,224,5897.46073497
p_898023,35.576723660378086,-82.54281362416526,225,5913.84308761
p_898023,35.576643241079886,-82.54288527596462,226,5924.87915174
p_898023,35.576549633975425,-82.54294855352295,227,5936.743519680001
p_898023,35.57654881668549,-82.54294588893694,228,5937.001507800001
p_898023,35.576475464123845,-82.54298822156903,229,5945.99927963
p_898023,35.57643953631393,-82.54375204949037,230,6015.3498473
p_898023,35.5763586986796,-82.54386984463964,231,6029.29435739
p_898023,35.575864689154685,-82.54419234345454,232,6091.413411160001
p_898023,35.57585271312897,-82.54435431178469,233,6106.1548771200005
p_898023,35.575941036279374,-82.54454020725474,234,6125.6475422700005
p_898023,35.57610870029764,-82.54464695910862,235,6146.61624026
p_898023,35.57626435900275,-82.54464329583767,236,6163.889946560001
p_898023,35.576427531366406,-82.54456967386955,237,6183.18487745
p_898023,35.576594,-82.544525,238,6202.093456150001
p_898023,35.5771204843862,-82.54482824093938,239,6266.651318850001
p_898023,35.57745486811757,-82.54524462235311,240,6319.574606220001
p_898023,35.577463874567044,-82.54525468921899,241,6320.927816530001
p_898023,35.57747315393773,-82.54526609833346,242,6322.387079500001
p_898023,35.57747097055628,-82.54526408496028,243,6322.690377140001
p_898023,35.57747997700393,-82.54527381626384,244,6324.0232665600015
p_898023,35.57775370537682,-82.54562416819897,245,6367.964691950002
p_898023,35.5778176397674,-82.5457130398366,246,6378.698284710002
p_898023,35.57801,-82.546074,247,6417.762035910002
p_898023,35.57808619405205,-82.54622309437946,248,6433.702525160002
p_898023,35.578204095649,-82.54654500420361,249,6465.679050510002
p_898023,35.57825871449694,-82.5468913472219,250,6497.651601020001
p_898023,35.57827399801013,-82.54720543343366,251,6526.171239360001
p_898023,35.57825762281284,-82.54739066376585,252,6543.058774290001
p_898023,35.57820194711731,-82.54750609716085,253,6555.209247700001
p_898023,35.578121162705145,-82.54757589409742,254,6566.18021707
p_898023,35.578046928309035,-82.54765374452727,255,6577.02605106
p_898023,35.578032,-82.547679,256,6579.85161121
p_898023,35.577994,-82.547785,257,6590.34397484
p_898023,35.577985,-82.547896,258,6600.454624759999
p_898023,35.577992,-82.548021,259,6611.811413789999
p_898023,35.577996,-82.548075,260,6616.726139399999
p_898023,35.578019,-82.548238,261,6631.719479899999
p_898023,35.578017,-82.548261,262,6633.8160125899985
p_898023,35.578013,-82.54833,263,6640.086008069999
p_898023,35.577991,-82.548415,264,6648.167962589999
p_898023,35.578117,-82.548587,265,6669.108236309999
p_898023,35.578167,-82.548652,266,6677.200669359999
p_898023,35.578275,-82.548793,267,6694.719950259999
p_898023,35.578409,-82.548978,268,6717.130397779999
p_898023,35.578491,-82.549091,269,6730.830077489999
p_898023,35.578592,-82.549211,270,6746.446844159999
p_898023,35.57859292998397,-82.5492091889309,271,6746.640736439999
p_898023,35.578646385283804,-82.54927086319294,272,6754.790974829999
p_898023,35.578687575670756,-82.54932265882907,273,6761.342858199999
p_898023,35.57875226451388,-82.54940272593943,274,6771.549854879999
p_898023,35.578819864348475,-82.54948732232255,275,6782.276018239999
p_898023,35.57889403010418,-82.549579931482,276,6794.030788689999
p_898023,35.57905224579896,-82.54977430219601,277,6818.901247319999
p_898023,35.5790746434857,-82.54979609762647,278,6822.075874929999
p_898023,35.57913104646319,-82.54985161043363,279,6830.105838279999
p_898023,35.57918816778728,-82.54991577613958,280,6838.707700249999
p_898023,35.579292,-82.550025,281,6853.897466329999
p_898023,35.57940195727976,-82.55010729012525,282,6868.1967977099985
p_898023,35.57945051848664,-82.55013981553293,283,6874.3385440699985
p_898023,35.57948814876417,-82.55016194375963,284,6878.970445299999
p_898023,35.57964598833331,-82.55025140026977,285,6898.268951409998
p_898023,35.57964653369868,-82.550251735546,286,6898.336662899998
p_898023,35.57971424550533,-82.55029098398896,287,6906.6490847099985
p_898023,35.57978456592137,-82.55033104110521,288,6915.254650849998
p_898023,35.57983822896513,-82.55036223717299,289,6921.8459478099985
p_898023,35.57987496777787,-82.55038220997918,290,6926.306084429999
p_898023,35.57993033340841,-82.5504119960766,291,6933.016071869999
p_898023,35.579982638893924,-82.55044041842635,292,6939.365535799999
p_898023,35.580075317701784,-82.55049060645082,293,6950.609646619999
p_898023,35.580258951817854,-82.55059027965758,294,6972.897221289999
p_898023,35.58037303015794,-82.55065186187413,295,6986.7304766299985
p_898023,35.580467642781,-82.55069951900158,296,6998.081864089999
p_898023,35.58049676165237,-82.55071020187677,297,7001.454619469999
p_898023,35.5806531995311,-82.5507682095027,298,7019.5904526899985
p_898023,35.58113542001536,-82.55089653342257,299,7074.343069609999
p_898023,35.58153814086462,-82.55101825409477,300,7120.367319379999
p_898023,35.5819509445834,-82.5511338484688,301,7167.3514810299985
p_898023,35.58203073817717,-82.55115409152826,302,7176.392805629998
p_898023,35.582270169310746,-82.55121528460211,303,7203.530810319999
p_898023,35.58232214962156,-82.55122526494596,304,7209.368602339999
p_898023,35.58236864043329,-82.55123817308245,305,7214.657833529998
p_898023,35.58243162794494,-82.55125560744325,306,7221.822801549998
p_898023,35.582432191157395,-82.5512557019217,307,7221.885874689998
p_898023,35.5824787816333,-82.55126937913109,308,7227.201712159997
p_898023,35.58254535398956,-82.55128905377374,309,7234.800212109997
p_898023,35.582696819617155,-82.55133180883362,310,7252.046521739997
p_898023,35.58275385679619,-82.55134930097438,311,7258.570443579997
p_898023,35.58286366380608,-82.55138424512572,312,7271.158622599997
p_898023,35.58289594613707,-82.55139155805146,313,7274.801200359997
p_898023,35.58302241957968,-82.55141821018488,314,7289.039997389997
p_898023,35.58315486760762,-82.55142441258045,315,7303.7460257099965
p_898023,35.58317704539181,-82.55142477222394,316,7306.206895429997
p_898023,35.583299829841565,-82.55140763872853,317,7319.918211789996
p_898023,35.58343216806031,-82.55139013964339,318,7334.686720699996
p_898023,35.58358724350178,-82.55136947707476,319,7351.994162129996
p_898023,35.58375562809323,-82.55134696514689,320,7370.787739279996
p_898023,35.583926199859036,-82.55132406388834,321,7389.826384949995
p_898023,35.58445948414578,-82.55125306188943,322,7449.343898889995
p_898023,35.58457887555241,-82.55125979441826,323,7462.604579489996
p_898023,35.58476062446633,-82.55130109975313,324,7483.114422729996
p_898023,35.584842314744776,-82.55132472921247,325,7492.427651669996
p_898023,35.58492506332004,-82.55134728174154,326,7501.833498969995
p_898023,35.58508851985249,-82.55139367551884,327,7520.450292059995
p_898023,35.58519477134449,-82.55142291290784,328,7532.533189029995
p_898023,35.58593595662106,-82.55163123025743,329,7616.9082331899945
p_898023,35.58628356129631,-82.5517279061365,330,7656.458221959994
p_898023,35.586370569315946,-82.55173542594487,331,7666.135907219994
p_898023,35.58645563714602,-82.55174153424748,332,7675.590520009994
p_898023,35.58654716148325,-82.55174562408776,333,7685.752032049994
p_898023,35.58672095326898,-82.55174675899897,334,7705.034740769995
p_898023,35.58700687036749,-82.55174856277257,335,7736.758053139994
p_898023,35.587006325052755,-82.55174873041099,336,7736.820435029995
p_898023,35.58711934970914,-82.55174873138779,337,7749.360674869995
p_898023,35.5872219669338,-82.55174950353965,338,7760.746411229995
p_898023,35.58728675744342,-82.55174807473098,339,7767.936173159995
p_898023,35.587373908964096,-82.55174673442971,340,7777.606516689994
p_898023,35.58757960095873,-82.55174259739088,341,7800.431405519995
p_898023,35.58771905716236,-82.5517401096149,342,7815.905905769995
p_898023,35.58796693967682,-82.55173516402984,343,7843.412464669995
p_898023,35.58817112539715,-82.55173122373996,344,7866.069967139994
p_898023,35.588413,-82.551727,345,7892.9090198399945
p_898023,35.58878944110512,-82.55168781280713,346,7934.826410079994
p_898023,35.5888138434065,-82.55168311894174,347,7937.5670957199945
p_898023,35.58881343442954,-82.55168278366551,348,7937.621706479995
p_898023,35.58882843025383,-82.55168026909472,349,7939.301049089995
p_898023,35.588911785225335,-82.55166499611104,350,7948.652409669995
p_898023,35.588993433115476,-82.55165013081526,351,7957.810988339995
p_898023,35.58930545289169,-82.55155165275134,352,7993.561967219995
p_898023,35.589405,-82.551521,353,8004.950867059994
p_898023,35.58984278328214,-82.55136031903895,354,8055.659489689994
p_898023,35.59026125537092,-82.55121057944804,355,8104.032135409994
p_898023,35.59058232115224,-82.55109680900759,356,8141.117019259994
p_898023,35.590629831375026,-82.55108024603751,357,8146.597901249994
p_898023,35.590699440035706,-82.55105575075555,358,8154.633799399994
p_898023,35.59083003586818,-82.55100962709818,359,8169.714483739994
p_898023,35.591127304878896,-82.55090350933321,360,8204.070407579993
p_898023,35.59115958684089,-82.55099873077128,361,8213.413801479994
p_898023,35.59116313120492,-82.5510506985709,362,8218.139864619994
p_898023,35.59117540015842,-82.55123727973972,363,8235.103815559994
p_898023,35.5911889285925,-82.55143160336603,364,8252.778582989995
p_898023,35.591212784872766,-82.55175322511211,365,8282.046042649996
p_898023,35.591217,-82.551795,366,8285.860739639997
p_898023,35.59124702714577,-82.552031378186,367,8307.540423649996
p_898023,35.59124825432529,-82.55203442103908,368,8307.847969429997
p_898023,35.59125108541828,-82.55207062835713,369,8311.144318269997
p_898023,35.59125338422986,-82.55233105920954,370,8334.747675569997
p_898023,35.591194497390674,-82.55265065842217,371,8364.439656469996
p_898023,35.5911331561575,-82.55296480510832,372,8393.711941809996
p_898023,35.59106040403725,-82.55333035680265,373,8427.809939319995
p_898023,35.59098349794847,-82.55371934784776,374,8464.080970729996
p_898023,35.59096582073661,-82.5539686383836,375,8486.758391819996
p_898023,35.59099266825886,-82.55425760062751,376,8513.115032879996
p_898023,35.59102267799523,-82.5545841627848,377,8542.897072319996
p_898023,35.59106807225663,-82.5550715862379,378,8587.356947169996
p_898023,35.591111072414066,-82.55565357589765,379,8640.316171619996
p_898023,35.59115293385332,-82.55612731662278,380,8683.500273579995
p_898023,35.59118093982545,-82.55643411525978,381,8711.477532109995
p_898023,35.59136841085888,-82.55642643291647,382,8732.289362409994
p_898023,35.591566235525804,-82.5564187937405,383,8754.249210889995
p_898023,35.59195308249856,-82.55640561960234,384,8797.187046029994
p_898023,35.592184749975445,-82.55639593204704,385,8822.905879229995
p_898023,35.59290450955896,-82.55637057782224,386,8902.797308879995
p_898023,35.59289193214072,-82.55590582100245,387,8944.938918019996
p_898048,35.580683,-82.631484,1,0
p_898048,35.580798,-82.631351,2,17.55344009
p_898048,35.581444,-82.630586,3,117.27812069
p_898048,35.581597,-82.630378,4,142.64720838
p_898048,35.581653,-82.630302,5,151.92381822
p_898048,35.5817,-82.630238,6,159.72397472
p_898048,35.581911,-82.629938,7,195.60464707
p_898048,35.582779281783445,-82.628705779592,8,343.09775159000003
p_898048,35.58278273833578,-82.62870109713484,9,343.66976085000005
p_898048,35.58276856874198,-82.62863234807375,10,350.09618261
p_898048,35.582735142147484,-82.62847868574025,11,364.50890087000005
p_898048,35.582734911231995,-82.62847743946824,12,364.62472740000004
p_898048,35.582617,-82.627945,13,414.62491141000004
p_898048,35.582576,-82.627759,14,432.08624546000004
p_898048,35.582479,-82.627316,15,473.65554945
p_898048,35.582422,-82.626914,16,510.63623415
p_898048,35.582349,-82.626397,17,558.19021395
p_898048,35.582306,-82.626032,18,591.61485942
p_898048,35.582289,-82.625864,19,606.95820989
p_898048,35.582262,-82.625611,20,630.08416303
p_898048,35.582254,-82.625457,21,644.0704237
p_898048,35.582239,-82.625305,22,657.94737883
p_898048,35.582219,-82.62509,23,677.5602337600001
p_898048,35.582201,-82.62504,24,682.51261681
p_898048,35.582109,-82.624777,25,708.44368362
p_898048,35.582073,-82.624728,26,714.41682073
p_898048,35.581973,-82.624592,27,731.0013893600001
p_898048,35.581868,-82.624448,28,748.49619026
p_898048,35.581437,-82.623878,29,818.8940250100001
p_898048,35.58131,-82.62375,30,837.1463926800001
p_898048,35.581224,-82.623568,31,856.20334519
p_898048,35.581012,-82.623116,32,903.4440024200001
p_898048,35.580591,-82.622222,33,996.97396284
p_898048,35.58051,-82.62205,34,1014.96870727
p_898048,35.580434,-82.621642,35,1052.8985234699999
p_898048,35.580406,-82.62149,36,1067.0215504399998
p_898048,35.580435,-82.621257,37,1088.38411026
p_898048,35.580768,-82.618962,38,1299.65552413
p_898048,35.58091,-82.618149,39,1375.00997825
p_898048,35.58094,-82.617716,40,1414.39725847
p_898048,35.580955,-82.617488,41,1435.12969175
p_898048,35.580956,-82.617228,42,1458.69590224
p_898048,35.580956,-82.617099,43,1470.3882385499999
p_898048,35.580956,-82.617089,44,1471.2946212099998
p_898048,35.580956,-82.616825,45,1495.2231234299998
p_898048,35.581119,-82.616995,46,1518.9821373099999
p_898048,35.581336,-82.617148,47,1546.7667496
p_898048,35.581471,-82.617242,48,1563.99877241
p_898048,35.58186,-82.61751,49,1613.52486843
p_898048,35.582359,-82.617773,50,1673.80318821
p_898048,35.582695,-82.617976,51,1715.37603653
p_898048,35.582845,-82.617992,52,1732.08179135
p_898048,35.582928,-82.618001,53,1741.32680586
p_898048,35.583331,-82.617839,54,1788.38927574
p_898048,35.583591,-82.617723,55,1819.0928098699999
p_898048,35.583725,-82.617663,56,1834.92363018
p_898048,35.584031,-82.61751,57,1871.59753147
p_898048,35.584169,-82.617442,58,1888.10267837
p_898048,35.584601,-82.61728,59,1938.2321261099999
p_898048,35.584812,-82.617218,60,1962.3078165399997
p_898048,35.585364,-82.617108,61,2024.3590952099999
p_898048,35.585599,-82.617041,62,2051.13044257
p_898048,35.585959,-82.616939,63,2092.12877918
p_898048,35.586013,-82.616928,64,2098.2025319
p_898048,35.586243,-82.616882,65,2124.0596583
p_898048,35.586231,-82.616825,66,2129.39451151
p_898048,35.585964,-82.615597,67,2244.56626189
p_898048,35.585864,-82.615056,68,2294.83818684
p_898048,35.585845,-82.614952,69,2304.49685103
p_898048,35.585789,-82.61475,70,2323.83027239
p_898048,35.58575,-82.614699,71,2330.16187881
p_898048,35.585637,-82.614549,72,2348.65542662
p_898048,35.585588,-82.614504,73,2355.4518106200003
p_898048,35.585278,-82.614217,74,2398.57512703
p_898048,35.58506,-82.614065,75,2426.41064619
p_898048,35.584981,-82.614015,76,2436.27797113
p_898048,35.584819,-82.61397,77,2454.70900844
p_898048,35.584755,-82.613974,78,2461.8191416900004
p_898048,35.584542,-82.613986,79,2485.4767863
p_898048,35.584357,-82.614006,80,2506.08266512
p_898048,35.584324,-82.614009,81,2509.75414069
p_898048,35.584282,-82.614015,82,2514.44571912
p_898048,35.584129,-82.614036,83,2531.52763862
p_898048,35.584013,-82.613994,84,2544.94913689
p_898048,35.583891,-82.61395,85,2559.06042785
p_898048,35.583769,-82.613837,86,2576.03448181
p_898048,35.583743,-82.613812,87,2579.70270914
p_898048,35.583707,-82.613749,88,2586.6710856
p_898048,35.583672,-82.613689,89,2593.35337843
p_898048,35.583643,-82.613533,90,2607.8539600699996
p_898048,35.58365,-82.613346,91,2624.8205343399995
p_898048,35.583652,-82.613276,92,2631.1688798199993
p_898048,35.583799,-82.612678,93,2687.7695077999992
p_898048,35.583822,-82.612606,94,2694.776444339999
p_898048,35.583963,-82.612173,95,2737.024568229999
p_898048,35.584016,-82.612011,96,2752.841182259999
p_898048,35.584064,-82.611862,97,2767.357947389999
p_898048,35.584717,-82.610927,98,2878.850462269999
p_898048,35.584807,-82.610798,99,2894.226104639999
p_898048,35.584998,-82.610474,100,2930.4395343399988
p_898048,35.58515792007593,-82.61020363712281,101,2960.692974889999
p_898048,35.585331,-82.60991,102,2993.5112977699987
p_898048,35.585444,-82.609719,103,3014.8855366699986
p_898048,35.585526,-82.609472,104,3039.0500620599987
p_898048,35.585472,-82.609209,105,3063.628021969999
p_898048,35.585406,-82.60911,106,3075.209574519999
p_898048,35.585377,-82.609066,107,3080.333629019999
p_898048,35.585146,-82.608719,108,3120.904234959999
p_898048,35.58482597275554,-82.60823752507045,109,3177.162942609999
p_898048,35.584779061169186,-82.60813312597692,110,3187.962125589999
p_898048,35.584686759779885,-82.60792967877894,111,3209.054367939999
p_898048,35.5846419322921,-82.60786073457975,112,3217.040829409999
p_898048,35.58461777600111,-82.60782352663162,113,3221.348473519999
p_898048,35.58454181374681,-82.60770734615636,114,3234.8359619099992
p_898048,35.584503776841956,-82.60764783464431,115,3241.6845632099994
p_898048,35.584491,-82.607635,116,3243.5183520899996
p_898048,35.583947,-82.607067,117,3322.8484589699997
p_898048,35.583671,-82.606779,118,3363.0865292199996
p_898048,35.583509,-82.606604,119,3387.0582958399996
p_898048,35.583453,-82.606543,120,3395.3752635799997
p_898048,35.583278,-82.606354,121,3421.2681304499997
p_898048,35.58325167750637,-82.60632628496033,122,3425.12032526
p_898048,35.583148,-82.606213,123,3440.5393882099997
p_898048,35.583093,-82.606154,124,3448.6532175099996
p_898048,35.582981,-82.606033,125,3465.22708016
p_898048,35.582906,-82.605881,126,3481.3218498799997
p_898048,35.582781,-82.60563,127,3507.9656899899996
p_898048,35.582707,-82.605481,128,3523.7704440099997
p_898048,35.582705,-82.605478,129,3524.12140724
p_898048,35.582625,-82.605319,130,3541.0467507599997
p_898048,35.582595,-82.605266,131,3546.8909772899997
p_898048,35.582542,-82.605171,132,3557.3178359799995
p_898048,35.582251,-82.604802,133,3603.8044107199994
p_898048,35.582209,-82.604842,134,3609.7085807099993
p_898048,35.582287,-82.604847,135,3618.374637759999
p_898048,35.582251,-82.604802,136,3624.0833530699992
p_898048,35.582079,-82.604615,137,3649.6069998399994
p_898048,35.581649,-82.60408,138,3717.632898019999
p_898048,35.581538,-82.603943,139,3735.121871579999
p_898048,35.581453,-82.6038,140,3751.151013409999
p_898048,35.581377,-82.603636,141,3768.240766829999
p_898048,35.581314,-82.603501,142,3782.332658759999
p_898048,35.58126,-82.603272,143,3803.936159469999
p_898048,35.581252,-82.603148,144,3815.210257629999
p_898048,35.581203,-82.602343,145,3888.376079719999
p_898048,35.581183,-82.602177,146,3903.584742219999
p_898048,35.581146,-82.601863,147,3932.339632079999
p_898048,35.581086,-82.601549,148,3961.568191419999
p_898048,35.581076,-82.601498,149,3966.322025099999
p_898048,35.581033,-82.601291,150,3985.681205059999
p_898048,35.580965,-82.600886,151,4023.1569924399987
p_898048,35.580924,-82.600469,152,4061.2259207099987
p_898048,35.58091,-82.600061,153,4098.238959389999
p_898048,35.580879,-82.599694,154,4131.680575359999
p_898048,35.580873,-82.599619,155,4138.51097024
p_898048,35.580853,-82.599386,156,4159.7459712499995
p_898048,35.580778,-82.598736,157,4219.2457118699995
p_898048,35.580714,-82.598441,158,4246.91089392
p_898048,35.58065,-82.598194,159,4270.397759539999
p_898048,35.580643,-82.598169,160,4272.7931296199995
p_898048,35.580565,-82.597952,161,4294.2814648799995
p_898048,35.580536,-82.597889,162,4300.83582952
p_898048,35.58042,-82.59764,163,4326.816752029999
p_898048,35.580255,-82.597285,164,4363.836923489999
p_898048,35.580077,-82.59696,165,4399.302304569999
p_898048,35.579977,-82.596809,166,4416.921130819999
p_898048,35.57983,-82.596587,167,4442.822941549999
p_898048,35.57936311126886,-82.5960080484496,168,4516.5601131799995
p_898048,35.57924898436043,-82.59579068912163,169,4539.979925139999
p_898048,35.57915440675225,-82.59561466433848,170,4559.076346879999
p_898048,35.5789951092119,-82.59530787478623,171,4592.025363219998
p_898048,35.578748,-82.594843,172,4642.296460779999
p_898048,35.578652,-82.594661,173,4661.932887119999
p_898048,35.57858,-82.594528,174,4676.394724389998
p_898048,35.578445,-82.594281,175,4703.3315068699985
p_898048,35.578352,-82.594103,176,4722.483024419998
p_898048,35.578268,-82.593942,177,4739.7984289199985
p_898048,35.578225,-82.59386,178,4748.630465449998
p_898048,35.578071,-82.593565,179,4780.362687939998
p_898048,35.57797,-82.59337,180,4801.290789319998
p_898048,35.577885,-82.593207,181,4818.818754899998
p_898048,35.577798,-82.593037,182,4837.001606029998
p_898048,35.577794,-82.593029,183,4837.851772419997
p_898048,35.57775,-82.592931,184,4847.987768929997
p_898048,35.57775,-82.59293,185,4848.078410809997
p_898048,35.57772568981095,-82.5928786883966,186,4853.454910619997
p_898048,35.57768472562044,-82.59277227101678,187,4864.117939899997
p_898048,35.577653,-82.592663,188,4874.629375749997
p_898048,35.577619,-82.592538,189,4886.571115009997
p_898048,35.5775567169169,-82.59227805391191,190,4911.125616449997
p_898048,35.577506,-82.592064,191,4931.327437559998
p_898048,35.577466,-82.591893,192,4947.450106029997
p_898048,35.57744,-82.591749,193,4960.817561689997
p_898048,35.577434,-82.591619,194,4972.619841239997
p_898048,35.577448,-82.59144,195,4988.918984499997
p_898048,35.577472,-82.591339,196,4998.4532472699975
p_898048,35.577488,-82.591274,197,5004.606622329998
p_898048,35.577524,-82.591171,198,5014.761301959998
p_898048,35.57760580586495,-82.5909426185731,199,5037.364669219997
p_898048,35.577606,-82.590942,200,5037.4247329599975
p_898048,35.577673,-82.590783,201,5053.641031639998
p_898048,35.577748,-82.590673,202,5066.6278627799975
p_898048,35.577815,-82.590601,203,5076.519869289998
p_898048,35.577858,-82.590554,204,5082.916000499998
p_898048,35.577937,-82.590469,205,5094.585952449997
p_898048,35.578,-82.590401,206,5103.905255199998
p_898048,35.578153,-82.590236,207,5126.529272519998
p_898048,35.578208,-82.590177,208,5134.6433144899975
p_898048,35.578302,-82.590057,209,5149.712516559997
p_898048,35.578345,-82.589992,210,5157.293637689997
p_898048,35.578391,-82.589923,211,5165.366050989997
p_898048,35.578454,-82.58979,212,5179.301207089998
p_898048,35.578467,-82.58976,213,5182.379297929998
p_898048,35.578523,-82.58961,214,5197.327881369998
p_898048,35.578575,-82.589444,215,5213.442499709998
p_898048,35.578618,-82.589306,216,5226.829910449997
p_898048,35.578635,-82.589244,217,5232.757731579997
p_898048,35.578651378417234,-82.58918387697545,218,5238.502330049997
p_898048,35.578651378414946,-82.58918370933412,219,5238.517525199997
p_898048,35.578666,-82.589127,220,5243.907634359997
p_898048,35.57868,-82.589065,221,5249.738087259997
p_898048,35.578697,-82.588991,222,5256.705664489997
p_898048,35.57870344932921,-82.58896271321645,223,5259.367581059997
p_898048,35.578715,-82.588895,224,5265.637532089997
p_898048,35.578724,-82.58884,225,5270.721799379997
p_898048,35.578736,-82.58877,226,5277.204841819997
p_898048,35.578752,-82.588561,227,5296.231755679996
p_898048,35.578748942302994,-82.58843850047077,228,5307.340386599996
p_898048,35.57874495187136,-82.588278513108,229,5321.848519089996
p_898048,35.57874372478578,-82.58824917644682,230,5324.511099389996
p_898048,35.57874222501489,-82.58823543012572,231,5325.768138799996
p_898048,35.578736089587025,-82.58819670573317,232,5329.343548899997
p_898048,35.57873598066482,-82.58819489811671,233,5329.507837729997
p_898048,35.57873052695068,-82.58815550317232,234,5333.129531959997
p_898048,35.57870147767403,-82.58795548676517,235,5351.543442439996
p_898048,35.578658337066926,-82.58769897639387,236,5375.281337569996
p_898048,35.57854336565643,-82.5870114680363,237,5438.889933679996
p_898048,35.578491876,-82.586711976,238,5466.630807079996
p_898048,35.578481317,-82.586614719,239,5475.523788369996
p_898048,35.578477298,-82.586572585,240,5479.368802809996
p_898048,35.57847152,-82.58643163,241,5492.161187209996
p_898048,35.578478728,-82.586262247,242,5507.535056989996
p_898048,35.578504879,-82.585971291,243,5534.066741439996
p_898048,35.578530771,-82.585685272,244,5560.150472039996
p_898048,35.578550003,-82.585477469,245,5579.106422529996
p_898048,35.578556772,-82.5853867,246,5587.368020329996
p_898048,35.578557318658824,-82.58536539009775,247,5589.300522559996
p_898048,35.5785574596251,-82.58536479133016,248,5589.357004119996
p_898048,35.578575,-82.585112,249,5612.352750719996
p_898048,35.578575,-82.584981,250,5624.226714999996
p_898048,35.578566,-82.584859,251,5635.329905099996
p_898048,35.578563,-82.584822,252,5638.700097889996
p_898048,35.578557,-82.584785,253,5642.119246219996
p_898048,35.578543,-82.584688,254,5651.047579229996
p_898048,35.578537,-82.584649,255,5654.644714309996
p_898048,35.578525,-82.584583,256,5660.773388569995
p_898048,35.578499,-82.584434,257,5674.583548869995
p_898048,35.578495,-82.584409,258,5676.892625779995
p_898048,35.578472,-82.584291,259,5687.888483309995
p_898048,35.578449,-82.584175,260,5698.708092889995
p_898048,35.578406,-82.584,261,5715.272232999995
p_898048,35.578401,-82.583978,262,5717.342066199995
p_898048,35.578363,-82.583852,263,5729.516229799995
p_898048,35.57835,-82.583821,264,5732.674683159995
p_898048,35.57834,-82.583796,265,5735.1977586299945
p_898048,35.578214,-82.583483,266,5766.825817629994
p_898048,35.578171,-82.583392,267,5776.354565529994
p_898048,35.578115,-82.583273,268,5788.802441719994
p_898048,35.578065,-82.583165,269,5800.054350589994
p_898048,35.577979,-82.582962,270,5820.781501909994
p_898048,35.577926,-82.582804,271,5836.263142879994
p_898048,35.577916,-82.582775,272,5839.116316799994
p_898048,35.577856,-82.582562,273,5859.538480809994
p_898048,35.577855,-82.582557,274,5860.005073119994
p_898048,35.577817,-82.582328,275,5881.185904049995
p_898048,35.5778,-82.582114,276,5900.674740369995
p_898048,35.577793,-82.58199,277,5911.941128459995
p_898048,35.57779,-82.581936,278,5916.847091899995
p_898048,35.577797,-82.581761,279,5932.728414179995
p_898048,35.577823,-82.581544,280,5952.608101539995
p_898048,35.577861,-82.581335,281,5972.015728299995
p_898048,35.577884,-82.58121,282,5983.629767549995
p_898048,35.57793,-82.580954,283,6007.3886967699955
p_898048,35.577938,-82.580816,284,6019.9287002899955
p_898048,35.577942,-82.580767,285,6024.392260039996
p_898048,35.57794,-82.580692,286,6031.194005439996
p_898048,35.577937,-82.580557,287,6043.435156529996
p_898048,35.577932,-82.580404,288,6057.314423349996
p_898048,35.577911,-82.579998,289,6094.188633269996
p_898048,35.577893,-82.579635,290,6127.152127159996
p_898048,35.577869,-82.579021,291,6182.869816319996
p_898048,35.577854,-82.578643,292,6217.172794979996
p_898048,35.577834,-82.578106,293,6265.897981889996
p_898048,35.577767,-82.576373,294,6423.156055959996
p_898048,35.577763,-82.576271,295,6432.412171529995
p_898048,35.577749,-82.575981,296,6458.744169009995
p_898048,35.577719,-82.575381,297,6513.231069779995
p_898048,35.577682,-82.575278,298,6523.429880509995
p_898048,35.577617,-82.574716,299,6574.878646039995
p_898048,35.577728,-82.57471,300,6587.206230569996
p_898048,35.577925,-82.574693,301,6609.117864329995
p_898048,35.578016,-82.574685,302,6619.240429199996
p_898048,35.578365,-82.574654,303,6658.064214829996
p_898048,35.578414,-82.57465,304,6663.512900059995
p_898048,35.578413,-82.57465,305,6663.623851269996
p_898048,35.578477,-82.574645,306,6670.739176389996
p_898048,35.579121,-82.574594,307,6742.341134419996
p_898048,35.579469,-82.574552,308,6781.139377009996
p_898048,35.579582,-82.57453,309,6793.834453279996
p_898048,35.579721,-82.574468,310,6810.248639489995
p_898048,35.579801,-82.574423,311,6820.017036979995
p_898048,35.579904,-82.574337,312,6833.850353479996
p_898048,35.58003,-82.574198,313,6852.669704699995
p_898048,35.5801,-82.574124,314,6862.931664499995
p_898048,35.580727,-82.573458,315,6955.037476709996
p_898048,35.581882,-82.572237,316,7124.3587188099955
p_898048,35.582894,-82.571228,317,7269.172190239996
p_898048,35.583943,-82.570071,318,7425.833829629996
p_898048,35.584104,-82.569899,319,7449.542799819997
p_898048,35.584448,-82.56953,320,7500.289716819997
p_898048,35.58457978002741,-82.56939598422836,321,7519.2979797499975
p_898048,35.584793,-82.569179,322,7550.061811739997
p_898048,35.58497,-82.569018,323,7574.527993009997
p_898048,35.58623614984667,-82.56767601309663,324,7760.346101649997
p_898048,35.586314,-82.567576,325,7772.866939739997
p_898048,35.586485,-82.567335,326,7801.798766819998
p_898048,35.586554,-82.567211,327,7815.396920499998
p_898048,35.586566,-82.56719,328,7817.719658039998
p_898048,35.586671,-82.567016,329,7837.326066559997
p_898048,35.586796,-82.566727,330,7866.963847329997
p_898048,35.586827,-82.566658,331,7874.100893829997
p_898048,35.586802,-82.566632,332,7877.740482859997
p_898048,35.586783,-82.5666,333,7881.325901289997
p_898048,35.586772,-82.566563,334,7884.894464869997
p_898048,35.586768,-82.566524,335,7888.4568546699975
p_898048,35.58676971336638,-82.56650183335941,336,7890.474829359998
p_898048,35.586771894632705,-82.56648641065775,337,7891.893411879998
p_898048,35.58677680248245,-82.56647014976582,338,7893.464545869998
p_898048,35.58678430058565,-82.56644802154142,339,7895.635767609998
p_898048,35.586790844384225,-82.56643712506734,340,7896.861502239998
p_898048,35.58680038742274,-82.56641985834676,341,7898.750955789998
p_898048,35.58680911248581,-82.56640728549213,342,7900.246145819999
p_898048,35.58684,-82.566382,343,7904.368783579998
p_898048,35.586877,-82.566367,344,7908.693230369999
p_898048,35.586916,-82.566367,345,7913.020333459998
p_898048,35.58695395672234,-82.56638013734423,346,7917.396762909998
p_898048,35.58697880791949,-82.56631321035165,347,7924.059734919998
p_898048,35.587008118608225,-82.56623284027386,348,7932.036789309998
p_898048,35.58704721602963,-82.56612495572966,349,7942.733587169998
p_898048,35.587047352358596,-82.56612361462534,350,7942.856070889998
p_898048,35.58708907166297,-82.56601147668266,351,7954.023742229998
p_898048,35.587152316,-82.565834445,352,7971.535698099998
p_898048,35.587167349,-82.565781916,353,7976.580193149997
p_898048,35.58722115,-82.565557785,354,7997.752377789997
p_898048,35.587280155,-82.565312231,355,8020.950164499997
p_898048,35.587338214,-82.565073253,356,8043.546651139997
p_898048,35.587384208,-82.564882287,357,8061.5907467399975
p_898048,35.587399836,-82.564815788,358,8067.862091029998
p_898048,35.587436601,-82.564695538,359,8079.4988377599975
p_898048,35.587469565,-82.564620907,360,8087.188221899997
p_898048,35.587484599,-82.564587596,361,8090.6373909999975
p_898048,35.587512,-82.564543,362,8095.694923359997
p_898048,35.587547,-82.564485,363,8102.2303453199975
p_898048,35.587564,-82.564464,364,8104.909897639997
p_898048,35.587603,-82.564414,365,8111.1755723299975
p_898048,35.587713,-82.564317,366,8126.2167938899975
p_898048,35.587819,-82.564239,367,8139.9387067399975
p_898048,35.587952,-82.56418,368,8155.6341773099975
p_898048,35.588085,-82.564145,369,8170.7277938399975
p_898048,35.588238,-82.564107,370,8188.049181239998
p_898048,35.588461,-82.564025,371,8213.883343709998
p_898048,35.588766,-82.563947,372,8248.453992769999
p_898048,35.589073,-82.563849,373,8283.65497751
p_898048,35.589182,-82.563792,374,8296.80578435
p_898048,35.589276,-82.563731,375,8308.60984627
p_898048,35.58935,-82.563677,376,8318.16817028
p_898048,35.589437,-82.563607,377,8329.719036819999
p_898048,35.589557,-82.563511,378,8345.62385314
p_898048,35.589851,-82.563251,379,8385.86411909
p_898048,35.590087,-82.563041,380,8418.23452514
p_898048,35.590314,-82.562839,381,8449.37088791
p_898048,35.590552,-82.562637,382,8481.50246068
p_898048,35.590943,-82.562277,383,8535.78359791
p_898048,35.590976,-82.562247,384,8540.34405377
p_898048,35.59103500170599,-82.56219258484688,385,8548.540018810001
p_898048,35.591036,-82.562191,386,8548.721396230001
p_898048,35.591122843464944,-82.56212184136481,387,8560.215927910001
p_898048,35.591135,-82.562111,388,8561.884628970001
p_898048,35.591141,-82.561749,389,8594.698281210001
p_898048,35.591148,-82.561342,390,8631.591558470001
p_898048,35.59115499134053,-82.56102065004768,391,8660.724797600002
p_898048,35.59117738644815,-82.56055876780249,392,8702.65737301
p_898048,35.59117349837389,-82.5604768042889,393,8710.09797577
p_898048,35.591179774472735,-82.5604297620283,394,8714.417756960001
p_898048,35.591171,-82.560124,395,8742.145072230001
p_898048,35.591164,-82.55986,396,8766.083139090002
p_898048,35.591153,-82.559412,397,8806.702271160002
p_898048,35.59114525396612,-82.55911362688327,398,8833.756520120001
p_898048,35.591078,-82.559112,399,8841.219900920001
p_898048,35.59113298527754,-82.55900247853688,400,8852.870466710001
p_898048,35.59116616306015,-82.5585038178342,401,8898.212155410001
p_898048,35.59117722231838,-82.55766516119634,402,8974.226788540002
p_898048,35.59115141738083,-82.55720956664496,403,9015.614996060001
p_898048,35.59117722231838,-82.55643210927705,404,9086.13158753
p_898048,35.592899372421215,-82.55636536592863,405,9277.302363550001
p_898048,35.592860764,-82.555409364,406,9364.04570955
p_898051,35.592876896626834,-82.55540728782096,1,0
p_898051,35.592872039683044,-82.55521784195832,2,17.17695524
p_898051,35.59287394814598,-82.55516218612142,3,22.22519915
p_898051,35.59288090039988,-82.5550929516052,4,28.546802910000004
p_898051,35.59273442254984,-82.55504721771592,5,45.31890105000001
p_898051,35.592580602959345,-82.55501905234871,6,62.57523144000001
p_898051,35.592464,-82.555008,7,75.55121617
p_898051,35.59229199313718,-82.55500569212754,8,94.6367752
p_898051,35.59216977941905,-82.55501247428666,9,108.21048859
p_898051,35.59212068819889,-82.55501522418102,10,113.66292929
p_898051,35.591998652526,-82.55502162933685,11,127.21540189
p_898051,35.591865595777705,-82.55502875170077,12,141.99234572
p_898051,35.59172855243453,-82.55503627420502,13,157.21277898
p_898051,35.59161809290285,-82.55504223624416,14,169.48032887
p_898051,35.591551585228856,-82.55504593185395,15,176.86704824999998
p_898051,35.59144327276252,-82.55505137875592,16,188.89460710999998
p_898051,35.591292389726235,-82.55505949089577,17,205.65143283999998
p_898051,35.59116313390601,-82.5550663117169,18,220.00586829999997
p_898051,35.59116262562057,-82.55506677635017,19,220.07624939
p_898051,35.591068,-82.555072,20,230.58576584
p_898051,35.591074,-82.555157,21,238.31776096
p_898051,35.591084,-82.555288,22,250.24161181999997
p_898051,35.591099,-82.555499,23,269.43616281
p_898051,35.591109845926255,-82.55563642540538,24,281.94859263
p_898051,35.59111120914393,-82.55565637433519,25,283.76281662
p_898051,35.5911437725336,-82.55602239598824,26,317.13036678000003
p_898051,35.59115549619794,-82.55615214729663,27,328.96103515000004
p_898051,35.591168855719985,-82.55630453029943,28,342.85033310000006
p_898051,35.59117776718365,-82.55640524446078,29,352.03112766000004
p_898051,35.59118076626011,-82.55643441348354,30,354.69548166000004
p_898051,35.5911781966382,-82.5565594703885,31,366.03256738000005
p_898051,35.5911740255887,-82.55668583449044,32,377.49388209000006
p_898051,35.59116708346852,-82.55696124272563,33,402.46511870000006
p_898051,35.59116062178036,-82.55721607666125,34,425.5710186300001
p_898051,35.591177,-82.557616,35,461.86030044000006
p_898051,35.591174,-82.557936,36,490.86277050000007
p_898051,35.591166,-82.558491,37,541.1684513900001
p_898051,35.591164,-82.558518,38,543.6254151500001
p_898051,35.591156,-82.558603,39,551.3796593700001
p_898051,35.591155,-82.558862,40,574.8522556500001
p_898051,35.591154,-82.558892,41,577.57332182
p_898051,35.591151,-82.558972,42,584.8311005400001
p_898051,35.591144,-82.559059,43,592.75379036
p_898051,35.591148,-82.559198,44,605.35872858
p_898051,35.591153,-82.559412,45,624.7607917
p_898051,35.591164,-82.55986,46,665.37992377
p_898051,35.591171,-82.560124,47,689.31799063
p_898051,35.591179,-82.56043,48,717.0639775200001
p_898051,35.591178,-82.560478,49,721.4154760600001
p_898051,35.591176,-82.56056,50,728.8501817
p_898051,35.59116,-82.561021,51,770.66681566
p_898051,35.591148,-82.561342,52,799.78846171
p_898051,35.591141,-82.561749,53,836.68173897
p_898051,35.591135,-82.562111,54,869.49539121
p_898051,35.591135,-82.562125,55,870.76416635
p_898051,35.591036,-82.562191,56,883.27133615
p_898051,35.591011,-82.562215,57,886.79620693
p_898051,35.590976,-82.562247,58,891.6428948700001
p_898051,35.590943,-82.562277,59,896.2033507300001
p_898051,35.590552,-82.562637,60,950.4844879600001
p_898051,35.590314,-82.562839,61,982.6160607300002
p_898051,35.590087,-82.563041,62,1013.7524235000002
p_898051,35.589851,-82.563251,63,1046.1228295500002
p_898051,35.589557,-82.563511,64,1086.3630955000003
p_898051,35.589343,-82.563682,65,1114.7167782200004
p_898051,35.58934134761695,-82.56368403542702,66,1114.9768551400005
p_898051,35.5892839548564,-82.56372644786045,67,1122.4148450500004
p_898051,35.58918652114774,-82.56378978480662,68,1134.6547116100005
p_898051,35.58907192073062,-82.56385031127975,69,1148.5025787100005
p_898051,35.589001740761276,-82.56387260863451,70,1156.5470925600005
p_898051,35.58889492520217,-82.56390595712817,71,1168.7777407100004
p_898051,35.588779819603275,-82.56394319891915,72,1181.9873457200003
p_898051,35.58865530670468,-82.56397569583734,73,1196.1126772000002
p_898051,35.588536911355305,-82.56400577289892,74,1209.5286479200001
p_898051,35.58845988703081,-82.56402572182905,75,1218.2637556600002
p_898051,35.58841162126116,-82.56404257435842,76,1223.8324584100003
p_898051,35.58829274858259,-82.56408687638778,77,1237.6191551800002
p_898051,35.58823934000958,-82.56410629431683,78,1243.8007114700001
p_898051,35.58811753782628,-82.56413776252106,79,1257.61248842
p_898051,35.587945926702886,-82.56418349064545,80,1277.0987906700002
p_898051,35.58781931455138,-82.56423904361156,81,1292.0215787600002
p_898051,35.58777767935398,-82.56427079911724,82,1297.4642447300002
p_898051,35.58769760603536,-82.5643308198962,83,1307.8815557700002
p_898051,35.587602213816155,-82.56441442113491,84,1320.8979842500003
p_898051,35.58754661222018,-82.56448700515809,85,1329.9164175300002
p_898051,35.58748442271752,-82.56458940047936,86,1341.4806659800001
p_898051,35.587438834620315,-82.5646879073645,87,1351.74171309
p_898051,35.58739851679725,-82.56482076205064,88,1364.58656629
p_898051,35.58730179586452,-82.56522739693709,89,1402.97094075
p_898051,35.587217150774435,-82.56557631349551,90,1435.9587577
p_898051,35.58715597030296,-82.56583073109533,91,1459.99534567
p_898051,35.586983796475195,-82.56629996588964,92,1506.61616674
p_898051,35.586977845403965,-82.56631670501343,93,1508.2707167199999
p_898051,35.58695433806774,-82.56637970531843,94,1514.5480175799999
p_898051,35.58698507842905,-82.56640663486074,95,1518.74201512
p_898051,35.587011197680724,-82.56644789388407,96,1523.47287805
p_898051,35.587024244512605,-82.56648580408546,97,1527.2012218099999
p_898051,35.5870271080625,-82.56653274355256,98,1531.4672600899999
p_898051,35.58702008688344,-82.56657787606326,99,1535.6312033699999
p_898051,35.587001241236834,-82.56662068613741,100,1540.0386967499999
p_898051,35.5869730211745,-82.56665304028702,101,1544.3284413899999
p_898051,35.58693963411099,-82.56667490509959,102,1548.5295170499999
p_898051,35.58690152089957,-82.56668329692842,103,1552.8260818899998
p_898051,35.58686265920099,-82.56667725735868,104,1557.1724459299999
p_898051,35.586827250911796,-82.56665761217982,105,1561.4856779999998
p_898051,35.586764386835824,-82.56680196169403,106,1576.3114684299999
p_898051,35.586714879362674,-82.56691463949336,107,1587.90719733
p_898051,35.58668601495573,-82.56698105213268,108,1594.7252483
p_898051,35.58666995328443,-82.56701563674827,109,1598.33088746
p_898051,35.58657583253972,-82.56717375893994,110,1616.06299409
p_898051,35.586518541295646,-82.56727720387241,111,1627.39013275
p_898051,35.586482973730355,-82.56734056866728,112,1634.35818162
p_898051,35.58633858239615,-82.56754184101524,113,1658.6360464000002
p_898051,35.58624074570113,-82.56767213508452,114,1674.6760687700003
p_898051,35.58601217398996,-82.56791150540872,115,1708.0498239300002
p_898051,35.58575368948476,-82.56818693809525,116,1746.0716417800002
p_898051,35.585370969627604,-82.56859375594587,117,1802.3087474300003
p_898051,35.5849728642831,-82.56901570904427,118,1860.7343502700003
p_898051,35.584810932469594,-82.56916378798259,119,1883.1602080300004
p_898051,35.58458644883473,-82.569392375864,120,1915.5573621300005
p_898051,35.58458,-82.569394,121,1916.2878539900005
p_898051,35.584448,-82.56953,122,1935.4302021800004
p_898051,35.583943,-82.570071,123,2009.8860567300003
p_898051,35.582894,-82.571228,124,2166.54769612
p_898051,35.581966,-82.572153,125,2299.32679799
p_898051,35.580056,-82.57417,126,2579.2034120900003
p_898051,35.57990447,-82.574337472,127,2601.8546166600004
p_898051,35.579842803,-82.57438929,128,2610.1535861300003
p_898051,35.579801722,-82.574422291,129,2615.60542079
p_898051,35.579724553,-82.574466817,130,2625.0709162000003
p_898051,35.579691953,-82.574481506,131,2628.9251870900002
p_898051,35.579582413,-82.574530627,132,2641.86864267
p_898051,35.579561332,-82.574534986,133,2644.2407409400003
p_898051,35.57946759,-82.574553132,134,2654.7707758300003
p_898051,35.579384289,-82.574563583,135,2664.06154172
p_898051,35.579253959,-82.574578884,136,2678.5881702
p_898051,35.579126419,-82.574594155,137,2692.8064244300003
p_898051,35.57901345,-82.574603424,138,2705.3685980100004
p_898051,35.578961776,-82.574606945,139,2711.1107668900004
p_898051,35.57884537,-82.574616445,140,2724.0548269100004
p_898051,35.57872193,-82.57462669,141,2737.7820896800004
p_898051,35.578505141,-82.57464372,142,2761.8845715
p_898051,35.577728387,-82.574710001,143,2848.27551037
p_898051,35.577734039,-82.574952147,144,2870.23304033
p_898051,35.577742024,-82.575283399,145,2900.2714160100004
p_898051,35.577718281,-82.575380243,146,2909.43629876
p_898051,35.577722064,-82.575431171,147,2914.0715526400004
p_898051,35.57776565569333,-82.57631674964584,148,2994.48764715
p_898051,35.577766800541184,-82.57632097247924,149,2994.89093868
p_898051,35.577792,-82.577015,150,3057.8609744
p_898051,35.577834,-82.578106,151,3156.86091933
p_898051,35.577854,-82.578643,152,3205.58610624
p_898051,35.577869,-82.579021,153,3239.8890849
p_898051,35.577893,-82.579635,154,3295.60677406
p_898051,35.577911,-82.579998,155,3328.57026795
p_898051,35.577932,-82.580404,156,3365.44447787
p_898051,35.577937,-82.580557,157,3379.32374469
p_898051,35.57794,-82.580692,158,3391.56489578
p_898051,35.577942,-82.580767,159,3398.36664118
p_898051,35.577938,-82.580816,160,3402.83020093
p_898051,35.57793,-82.580954,161,3415.37020445
p_898051,35.577893,-82.58116,162,3434.48834446
p_898051,35.577897,-82.581137,163,3436.61981921
p_898051,35.577884,-82.58121,164,3443.3920465700003
p_898051,35.577861,-82.581335,165,3455.0060858200004
p_898051,35.577823,-82.581544,166,3474.4137125800003
p_898051,35.577796,-82.581767,167,3494.84761796
p_898051,35.57779,-82.58193,168,3509.63722615
p_898051,35.577793,-82.58199,169,3515.08591235
p_898051,35.5778,-82.582114,170,3526.35230044
p_898051,35.577805,-82.582175,171,3531.9092118599997
p_898051,35.577817,-82.582328,172,3545.8411732399995
p_898051,35.577855,-82.582557,173,3567.0220041699995
p_898051,35.577856,-82.582562,174,3567.4885964799996
p_898051,35.577916,-82.582775,175,3587.9107604899996
p_898051,35.577926,-82.582804,176,3590.7639344099994
p_898051,35.577979,-82.582962,177,3606.2455753799995
p_898051,35.578065,-82.583165,178,3626.9727266999994
p_898051,35.578115,-82.583273,179,3638.2246355699995
p_898051,35.578171,-82.583392,180,3650.6725117599995
p_898051,35.578214,-82.583483,181,3660.2012596599993
p_898051,35.57834,-82.583796,182,3691.8293186599994
p_898051,35.57835,-82.583821,183,3694.3523941299995
p_898051,35.578363,-82.583852,184,3697.5108474899994
p_898051,35.578401,-82.583978,185,3709.6850110899995
p_898051,35.578406,-82.584,186,3711.7548442899997
p_898051,35.578449,-82.584175,187,3728.3189844
p_898051,35.578472,-82.584291,188,3739.1385939799998
p_898051,35.578495,-82.584409,189,3750.13445151
p_898051,35.578499,-82.584434,190,3752.44352842
p_898051,35.578537,-82.584649,191,3772.3822075999997
p_898051,35.578543,-82.584688,192,3775.9793426799997
p_898051,35.578557,-82.584785,193,3784.90767569
p_898051,35.578563,-82.584822,194,3788.32682402
p_898051,35.578566,-82.584859,195,3791.69701681
p_898051,35.578575,-82.584981,196,3802.8002069100003
p_898051,35.578575,-82.585112,197,3814.6741711900004
p_898051,35.578564,-82.58528,198,3829.9506819700005
p_898051,35.57856,-82.585335,199,3834.9556505100004
p_898051,35.57855,-82.585475,200,3847.6937985700006
p_898051,35.578511,-82.585911,201,3887.4494612100007
p_898051,35.578479,-82.586264,202,3919.6421308300005
p_898051,35.578472,-82.58643,203,3934.7085781700007
p_898051,35.578477,-82.58657,204,3947.410447150001
p_898051,35.578482,-82.586615,205,3951.526847450001
p_898051,35.578492,-82.586711,206,3960.2988384300006
p_898051,35.578496,-82.586734,207,3962.4302980100006
p_898051,35.578534,-82.586956,208,3982.9895555100006
p_898051,35.578542,-82.587002,209,3987.2524724400005
p_898051,35.578592,-82.587303,210,4015.0936937000006
p_898051,35.578703,-82.587966,211,4076.4375605300006
p_898051,35.578716,-82.588058,212,4084.9003355900004
p_898051,35.578743,-82.588247,213,4102.29139425
p_898051,35.578752,-82.588561,214,4130.77010297
p_898051,35.578736,-82.58877,215,4149.79701683
p_898051,35.578724,-82.58884,216,4156.28005927
p_898051,35.578704,-82.588963,217,4167.647565519999
p_898051,35.578697,-82.588991,218,4170.30168515
p_898051,35.57868,-82.589065,219,4177.269262379999
p_898051,35.578658,-82.589159,220,4186.132252799999
p_898051,35.578618,-82.589306,221,4200.176141839999
p_898051,35.578522,-82.589613,222,4229.971776179999
p_898051,35.578497,-82.589679,223,4236.565853769999
p_898051,35.578463,-82.589771,224,4245.718399649999
p_898051,35.578391,-82.589923,225,4261.644291679999
p_898051,35.578345,-82.589992,226,4269.716704979999
p_898051,35.578305,-82.590053,227,4276.806654519999
p_898051,35.578208,-82.590177,228,4292.367928249999
p_898051,35.578,-82.590401,229,4323.105966859999
p_898051,35.577858,-82.590554,230,4344.095215169999
p_898051,35.577891,-82.590519,231,4348.939828699999
p_898051,35.577858,-82.590554,232,4353.7844422299995
p_898051,35.577748,-82.590673,233,4370.072442139999
p_898051,35.577673,-82.590783,234,4383.059273279999
p_898051,35.577599,-82.590958,235,4400.920534629999
p_898051,35.577524,-82.591171,236,4421.944232489998
p_898051,35.577488,-82.591274,237,4432.098912119998
p_898051,35.577472,-82.591339,238,4438.252287179998
p_898051,35.577448,-82.59144,239,4447.7865499499985
p_898051,35.577434,-82.591619,240,4464.085693209999
p_898051,35.57744,-82.591749,241,4475.887972759999
p_898051,35.577465,-82.591889,242,4488.877494159999
p_898051,35.577466,-82.591893,243,4489.256659419999
p_898051,35.577506,-82.592064,244,4505.379327889998
p_898051,35.577555,-82.592278,245,4525.524213399998
p_898051,35.577619,-82.592538,246,4550.1376836499985
p_898051,35.577653,-82.592663,247,4562.079422909998
p_898051,35.577686,-82.592772,248,4572.616010109999
p_898051,35.577726,-82.592878,249,4583.1995247999985
p_898051,35.577794,-82.593029,250,4598.828153799998
p_898051,35.577798,-82.593037,251,4599.678320189998
p_898051,35.577801,-82.593044,252,4600.394820409998
p_898051,35.577885,-82.593207,253,4617.863352549998
p_898051,35.57797,-82.59337,254,4635.391318129998
p_898051,35.578071,-82.593565,255,4656.319419509998
p_898051,35.578225,-82.59386,256,4688.051641999998
p_898051,35.578268,-82.593942,257,4696.883678529997
p_898051,35.578352,-82.594103,258,4714.199083029997
p_898051,35.578357913777396,-82.59411530868437,259,4715.4933970799975
p_898051,35.578445,-82.594281,260,4733.351569059998
p_898051,35.578652,-82.594661,261,4774.750097219998
p_898051,35.578748,-82.594843,262,4794.386523559998
p_898051,35.57899468536634,-82.59530296356108,263,4844.259264529998
p_898051,35.579139246398995,-82.59558641340509,264,4874.546816639999
p_898051,35.57920338913978,-82.59570427916798,265,4887.383574769999
p_898051,35.5793626884591,-82.59601367678758,266,4920.532385829999
p_898051,35.57956709864105,-82.5962650081946,267,4952.677698789999
p_898051,35.57983,-82.596587,268,4993.940537459999
p_898051,35.579906,-82.596701,269,5007.277420179999
p_898051,35.580077,-82.59696,270,5037.461278489999
p_898051,35.580255,-82.597285,271,5072.926659569999
p_898051,35.58042,-82.59764,272,5109.946831029999
p_898051,35.580565,-82.597952,273,5142.482049149999
p_898051,35.580624,-82.598118,274,5158.890414189998
p_898051,35.580643,-82.598169,275,5163.970978029998
p_898051,35.580714,-82.598441,276,5189.852635839999
p_898051,35.580778,-82.598736,277,5217.517817889999
p_898051,35.580787,-82.598813,278,5224.568053359999
p_898051,35.580853,-82.599386,279,5277.017571389999
p_898051,35.580879,-82.599694,280,5305.082838099999
p_898051,35.58091,-82.600061,281,5338.52445407
p_898051,35.580924,-82.600469,282,5375.53749275
p_898051,35.580965,-82.600886,283,5413.606421019999
p_898051,35.581033,-82.601291,284,5451.082208399999
p_898051,35.581076,-82.601498,285,5470.441388359999
p_898051,35.581086,-82.601549,286,5475.195222039999
p_898051,35.581146,-82.601863,287,5504.423781379999
p_898051,35.581203,-82.602343,288,5548.387283569999
p_898051,35.581252,-82.603148,289,5621.553105659999
p_898051,35.58126,-82.603272,290,5632.827203819999
p_898051,35.581314,-82.603501,291,5654.430704529999
p_898051,35.581327,-82.603528,292,5657.2713588
p_898051,35.581453,-82.6038,293,5685.612676639999
p_898051,35.581538,-82.603943,294,5701.64181847
p_898051,35.581649,-82.60408,295,5719.13079203
p_898051,35.582079,-82.604615,296,5787.156690209999
p_898051,35.582251,-82.604802,297,5812.680336979999
p_898051,35.5822548476022,-82.60480787652315,298,5813.362930899999
p_898051,35.58234522681386,-82.60492220282367,299,5827.782674239999
p_898051,35.58242818621693,-82.60502793771198,300,5841.070434439999
p_898051,35.582540791163225,-82.60516991770066,301,5859.0062044999995
p_898051,35.58261910178143,-82.60530980688387,302,5874.37667489
p_898051,35.582641378975495,-82.6053516940626,303,5878.90686774
p_898051,35.58272848098592,-82.60552296118675,304,5897.19234385
p_898051,35.582825677867575,-82.60572004457154,305,5918.0581083199995
p_898051,35.582942427448316,-82.60595624473231,306,5943.08024201
p_898051,35.58298046509498,-82.60603235242137,307,5951.16695289
p_898051,35.583023129114025,-82.60607862053716,308,5957.4909657
p_898051,35.58308175337463,-82.60614282591891,309,5966.21862901
p_898051,35.58312461949929,-82.60618875875537,310,5972.53938398
p_898051,35.58321105424879,-82.60628228487731,311,5985.33881185
p_898051,35.583332554698686,-82.60641309953353,312,6003.29162163
p_898051,35.583335,-82.606416,313,6003.66940138
p_898051,35.583509,-82.606604,314,6029.41909879
p_898051,35.583671,-82.606779,315,6053.3908654100005
p_898051,35.584469,-82.607612,316,6169.749113170001
p_898051,35.584501,-82.607645,317,6174.39145212
p_898051,35.584687,-82.607929,318,6207.382912120001
p_898051,35.58476,-82.608091,319,6224.15142565
p_898051,35.584779,-82.608132,320,6228.423729790001
p_898051,35.584826,-82.608238,321,6239.354944400001
p_898051,35.585406,-82.60911,322,6341.272967060001
p_898051,35.585473,-82.609215,323,6353.3487285400015
p_898051,35.585526,-82.609472,324,6377.372260530002
p_898051,35.585444,-82.609719,325,6401.536785920001
p_898051,35.585158,-82.610202,326,6455.6039287600015
p_898051,35.584998,-82.610474,327,6485.982855030002
p_898051,35.584807,-82.610798,328,6522.196284730002
p_898051,35.584717,-82.610927,329,6537.571927100002
p_898051,35.584064,-82.611862,330,6649.064441980002
p_898051,35.584016,-82.612011,331,6663.581207110002
p_898051,35.583963,-82.612173,332,6679.397821140002
p_898051,35.583799,-82.612678,333,6728.652752280002
p_898051,35.583702,-82.613071,334,6765.862731770001
p_898051,35.583652,-82.613276,335,6785.253448760001
p_898051,35.58365,-82.613346,336,6791.601794240001
p_898051,35.583646,-82.61355,337,6810.096707270001
p_898051,35.583672,-82.613689,338,6823.021054140001
p_898051,35.583743,-82.613812,339,6836.671562370001
p_898051,35.583769,-82.613837,340,6840.339789700001
p_898051,35.583891,-82.61395,341,6857.313843660001
p_898051,35.58392,-82.613961,342,6860.682352170001
p_898051,35.584138,-82.614035,343,6885.78241442
p_898051,35.584324,-82.614009,344,6906.55346514
p_898051,35.584357,-82.614006,345,6910.224940710001
p_898051,35.584542,-82.613986,346,6930.830819530001
p_898051,35.584819,-82.61397,347,6961.59852846
p_898051,35.584888,-82.613989,348,6969.4454564200005
p_898051,35.584981,-82.614015,349,6980.029589840001
p_898051,35.58506,-82.614065,350,6989.896914780001
p_898051,35.585106,-82.614097,351,6995.767176820001
p_898051,35.585278,-82.614217,352,7017.73243754
p_898051,35.585589,-82.614505,353,7060.998917780001
p_898051,35.585637,-82.614549,354,7067.652162800001
p_898051,35.585734,-82.614678,355,7083.543082250001
p_898051,35.585789,-82.61475,356,7092.477362140001
p_898051,35.585845,-82.614952,357,7111.810783500001
p_898051,35.585964,-82.615597,358,7171.741347130001
p_898051,35.58616,-82.616498,359,7256.247245980001
p_898051,35.586243,-82.616882,360,7292.247823320001
p_898051,35.585959,-82.616939,361,7324.178681100001
p_898051,35.58596259663011,-82.61694034967744,362,7324.596059840001
p_898051,35.585364,-82.617108,363,7392.727127710001
p_898051,35.584812,-82.617218,364,7454.778406380001
p_898051,35.58461,-82.617277,365,7477.819673620001
p_898051,35.584359,-82.617371,366,7506.942492130001
p_898051,35.584169,-82.617442,367,7528.983542330001
p_898051,35.584031,-82.61751,368,7545.488689230001
p_898051,35.583725,-82.617663,369,7582.162590520001
p_898051,35.583601,-82.617719,370,7596.826932790001
p_898051,35.5836,-82.617719,371,7596.937884090001
p_898051,35.583331,-82.617839,372,7628.703755220001
p_898051,35.582928,-82.618001,373,7675.766225100001
p_898051,35.582695,-82.617976,374,7701.716988320001
p_898051,35.582359,-82.617773,375,7743.289836640001
p_898051,35.58186,-82.61751,376,7803.568156420001
p_898051,35.581715,-82.61741,377,7822.033607030001
p_898051,35.581183,-82.617042,378,7889.831922220001
p_898051,35.581129,-82.617005,379,7896.6980107300005
p_898051,35.58099,-82.616861,380,7916.901894650001
p_898051,35.580956,-82.616825,381,7921.889638290001
p_898051,35.580956,-82.617228,382,7958.416859490001
p_898051,35.580955,-82.617488,383,7981.983069980001
p_898051,35.58094,-82.617716,384,8002.715503260001
p_898051,35.58091,-82.618149,385,8042.102783480002
p_898051,35.580768,-82.618962,386,8117.4572376000015
p_898051,35.580744,-82.619129,387,8132.826303030001
p_898051,35.580435,-82.621257,388,8328.72867358
p_898051,35.580412,-82.621441,389,8345.60033037
p_898051,35.580406,-82.62149,390,8350.09124994
p_898051,35.58051,-82.62205,391,8402.14406332
p_898051,35.580591,-82.622222,392,8420.13880775
p_898051,35.581151,-82.623412,393,8544.614414329999
p_898051,35.58131,-82.62375,394,8579.96629522
p_898051,35.581437,-82.623878,395,8598.21866289
p_898051,35.581868,-82.624448,396,8668.61649764
p_898051,35.581973,-82.624592,397,8686.11129854
p_898051,35.582073,-82.624728,398,8702.69586717
p_898051,35.582109,-82.624777,399,8708.66900428
p_898051,35.582201,-82.62504,400,8734.60007109
p_898051,35.582219,-82.62509,401,8739.552454140001
p_898051,35.582239,-82.625305,402,8759.16530907
p_898051,35.582254,-82.625457,403,8773.0422642
p_898051,35.582262,-82.625611,404,8787.02852487
p_898051,35.582289,-82.625864,405,8810.15447801
p_898051,35.582306,-82.626032,406,8825.49782848
p_898051,35.582349,-82.626397,407,8858.92247395
p_898051,35.582422,-82.626914,408,8906.476453750001
p_898051,35.582479,-82.627316,409,8943.457138450001
p_898051,35.582576,-82.627759,410,8985.026442440001
p_898051,35.582617,-82.627945,411,9002.487776490001
p_898051,35.582676,-82.628186,412,9025.29094011
p_898051,35.582671845178766,-82.62819140574524,413,9025.96366804
p_898051,35.58276255190242,-82.62860492055908,414,9064.77079952
p_898051,35.58277777865398,-82.62867763288673,415,9071.57426564
p_898051,35.582783082429856,-82.62870154504688,416,9073.820041269999
p_898051,35.58274904986189,-82.62874991282548,417,9079.60590286
p_898051,35.582566343796714,-82.62900721162335,418,9110.50548335
p_898051,35.58226181727656,-82.6294398043369,419,9162.263843839999
p_898051,35.581911,-82.629938,420,9221.87943363
p_898051,35.5817,-82.630238,421,9257.76010598
p_898051,35.581653,-82.630302,422,9265.56026248
p_898051,35.581597,-82.630378,423,9274.83687232
p_898051,35.581444,-82.630586,424,9300.20596001
p_898051,35.580798,-82.631351,425,9399.93064061
p_898051,35.580683,-82.631484,426,9417.4840807
