school_name,geocode_flag,county,sch_type,sch_ptype,sch_ctype,lat,lon,nearest_stop_distance_m,stops_within_radius,avg_daily_trips_nearby,in_service_area,n_agencies_loaded
B C Ed Tech Center,review_recommended,Beaufort,Alternative Education,Cooperative Innovative HS,Traditional,35.55269320868362,-77.0561256831225,45809.9,0,0.0,False,21
S W Snowden Elementary,review_recommended,Beaufort,Regular School,None,Traditional,35.3065164967926,-76.79187653632721,31347.9,0,0.0,False,21
Chocowinity Primary,review_recommended,Beaufort,Regular School,None,Traditional,35.49888118085618,-77.09386554505484,39666.2,0,0.0,False,21
Bath Elementary,ok,Beaufort,Regular School,None,Traditional,35.475802420993084,-76.81072812032252,45436.8,0,0.0,False,21
AydenGrifton High,review_recommended,Pitt,Regular School,None,Traditional,35.430174832382185,-77.43121594642093,43835.6,0,0.0,False,21
Ayden Middle,review_recommended,Pitt,Regular School,None,Traditional,35.47174818948822,-77.43452414142612,44303.5,0,0.0,False,21
A G Cox Middle,review_recommended,Pitt,Regular School,None,Traditional,35.52463165972699,-77.40086221408913,48823.7,0,0.0,False,21
Elmhurst Elementary,ok,Pitt,Regular School,None,Traditional,35.59592076775097,-77.36295267591984,51688.7,0,0.0,False,21
Falkland Elementary,review_recommended,Pitt,Regular School,None,Traditional,35.66976147353699,-77.48749042836589,37958.4,0,0.0,False,21
Chicod Elementary,review_recommended,Pitt,Regular School,None,Traditional,35.46405940508717,-77.27332149729553,39142.3,0,0.0,False,21
Grifton Elementary,review_recommended,Pitt,Regular School,None,Traditional,35.37232367409458,-77.43221116321303,39687.4,0,0.0,False,21
Farmville Middle,review_recommended,Pitt,Regular School,None,Traditional,35.5934459869167,-77.57233663000093,38423.2,0,0.0,False,21
Farmville Central High,review_recommended,Pitt,Regular School,None,Traditional,35.59385636346918,-77.56870098973204,38715.7,0,0.0,False,21
G R Whitfield,review_recommended,Pitt,Regular School,None,Traditional,35.56426584305307,-77.18128790439,47513.4,0,0.0,False,21
North Pitt High,ok,Pitt,Regular School,None,Traditional,35.74748728576446,-77.3628832144103,41580.6,0,0.0,False,21
Bethel Elementary,review_recommended,Pitt,Regular School,None,Traditional,35.80613635564792,-77.37081026177293,38079.7,0,0.0,False,21
Pactolus Elementary,review_recommended,Pitt,Regular School,None,Traditional,35.62277015480485,-77.2238909029704,54610.2,0,0.0,False,21
Stokes Elementary,review_recommended,Pitt,Regular School,None,Traditional,35.714962259741036,-77.26747386801692,50903.7,0,0.0,False,21
SmithfieldSelma High,review_recommended,Johnston,Regular School,None,Traditional,35.52951893820697,-78.32420820981685,26062.0,0,0.0,False,21
Smithfield Middle,review_recommended,Johnston,Regular School,None,Traditional,35.52885808959661,-78.33500251065344,26922.4,0,0.0,False,21
Selma Middle School,ok,Johnston,Regular School,None,Traditional,35.55014957317161,-78.27466733676884,23297.3,0,0.0,False,21
South Campus Community High,review_recommended,Johnston,Alternative Education,None,Traditional,35.50200011231023,-78.34025343378264,26306.4,0,0.0,False,21
Princeton High,review_recommended,Johnston,Regular School,None,Traditional,35.467992841903616,-78.15754095325651,9469.1,0,0.0,False,21
MicroPine Level Elementary,ok,Johnston,Regular School,None,Traditional,35.512284759332665,-78.24788475364701,19016.7,0,0.0,False,21
Four Oaks Elementary,review_recommended,Johnston,Regular School,None,Traditional,35.45038070889593,-78.4336642284773,33626.0,0,0.0,False,21
North Johnston Middle,review_recommended,Johnston,Regular School,None,Traditional,35.55881269960739,-78.20165021094748,18924.3,0,0.0,False,21
North Johnston High,review_recommended,Johnston,Regular School,None,Traditional,35.571053295080844,-78.18449666172855,19014.6,0,0.0,False,21
Meadow School,review_recommended,Johnston,Regular School,None,Traditional,35.31985346242134,-78.45298558354742,37380.1,0,0.0,False,21
Wilson's Mills Elementary,review_recommended,Johnston,Regular School,None,Traditional,35.58383429579795,-78.35919290795832,31756.6,0,0.0,False,21
GlendaleKenly Elementary,review_recommended,Johnston,Regular School,None,Traditional,35.62235087815694,-78.15598424080257,22800.6,0,0.0,False,21
Belvoir Elementary,review_recommended,Pitt,Regular School,None,Traditional,35.667735580818565,-77.41763709546603,42606.0,0,0.0,False,21
South Johnston High,review_recommended,Johnston,Regular School,None,Traditional,35.40908833203664,-78.50150671166816,39786.5,0,0.0,False,21
Four Oaks Middle,review_recommended,Johnston,Regular School,None,Traditional,35.45078541344616,-78.43222649576283,33498.7,0,0.0,False,21
Elizabethtown Primary,ok,Bladen,Regular School,None,Traditional,34.621255910340594,-78.60471561523518,73184.4,0,0.0,False,21
B T Washington Primary,ok,Bladen,Regular School,None,Traditional,34.50085643095786,-78.66694839222177,71800.5,0,0.0,False,21
Clarkton School of Discovery,review_recommended,Bladen,Regular School,None,Traditional,34.49413179952507,-78.65284609542474,70317.2,0,0.0,False,21
Bolivia Elementary,ok,Brunswick,Regular School,None,Traditional,34.07002157309799,-78.14433288097567,22939.5,0,0.0,False,21
North Brunswick High,ok,Brunswick,Regular School,None,Traditional,34.2405751552508,-78.02402902476233,6788.9,0,0.0,False,21
Leland Middle,ok,Brunswick,Regular School,None,Traditional,34.2365380237116,-78.0337598767017,7713.1,0,0.0,False,21
Lincoln Elementary,review_recommended,Brunswick,Regular School,None,Traditional,34.26165119892205,-78.04284608273366,8769.8,0,0.0,False,21
Southport Elementary,ok,Brunswick,Regular School,None,Traditional,33.925345113240304,-78.03178979965992,27129.4,0,0.0,False,21
South Brunswick Middle,ok,Brunswick,Regular School,None,Traditional,34.00856799700595,-78.04818475124691,20451.1,0,0.0,False,21
South Brunswick High,ok,Brunswick,Regular School,None,Traditional,34.01140682410959,-78.04245602532446,19858.1,0,0.0,False,21
Supply Elementary,ok,Brunswick,Regular School,None,Traditional,34.02444932681002,-78.2582661135885,34516.5,0,0.0,False,21
Bertie High,review_recommended,Bertie,Regular School,None,Traditional,36.05072740979276,-76.9717907772264,69744.5,0,0.0,False,21
Aulander Elementary,review_recommended,Bertie,Regular School,None,Traditional,36.21456804238958,-77.10628335008161,60428.1,0,0.0,False,21
West Bertie Elementary,ok,Bertie,Regular School,None,Traditional,36.157544976737505,-77.21500576552893,49279.8,0,0.0,False,21
Colerain Elementary,review_recommended,Bertie,Regular School,None,Traditional,36.199628009932525,-76.77165639841044,89309.9,0,0.0,False,21
E B Frink Middle,review_recommended,Lenoir,Regular School,None,Traditional,35.31512055723069,-77.7929840923994,13140.1,0,0.0,False,21
Moss Hill Elementary,ok,Lenoir,Regular School,None,Traditional,35.19514968807006,-77.75287599214955,25320.1,0,0.0,False,21
South Lenoir High,ok,Lenoir,Regular School,None,Traditional,35.14569543718784,-77.70440741505757,32358.8,0,0.0,False,21
Woodington Middle,ok,Lenoir,Regular School,None,Traditional,35.158732375528736,-77.63384470920577,35500.2,0,0.0,False,21
Pink Hill Elementary,ok,Lenoir,Regular School,None,Traditional,35.052938925700445,-77.74567966775156,39460.8,0,0.0,False,21
Southwood Elementary,ok,Lenoir,Regular School,None,Traditional,35.20803938781074,-77.56452564488765,37053.0,0,0.0,False,21
North Lenoir High,review_recommended,Lenoir,Regular School,None,Traditional,35.341710058804786,-77.67937277151432,21517.6,0,0.0,False,21
ContentneaSavannah School,review_recommended,Lenoir,Regular School,None,Traditional,35.31961624761378,-77.52125314062936,36099.6,0,0.0,False,21
Northwest Elementary,ok,Lenoir,Regular School,None,Traditional,35.27798725168045,-77.60342486499906,30303.7,0,0.0,False,21
Banks Elementary,review_recommended,Lenoir,Regular School,None,Traditional,35.28093583130287,-77.67943459864718,23926.1,0,0.0,False,21
Grandy Primary,ok,Camden,Regular School,None,Traditional,36.33324068315288,-76.18264460094328,144218.5,0,0.0,False,21
Camden County High,ok,Camden,Regular School,Cooperative Innovative HS,Traditional,36.327705465678214,-76.1718118299133,145043.6,0,0.0,False,21
Bennett Elementary,review_recommended,Chatham,Regular School,None,Traditional,35.56220745441235,-79.54567906732427,21328.7,0,0.0,False,21
Bonlee Elementary,ok,Chatham,Regular School,None,Traditional,35.64372083975093,-79.42043494063996,31274.9,0,0.0,False,21
Chatham Central High,ok,Chatham,Regular School,None,Traditional,35.61372551613888,-79.39064404688015,34002.7,0,0.0,False,21
Moncure Elementary,review_recommended,Chatham,Regular School,None,Traditional,35.63209706502432,-79.07769554530992,20091.9,0,0.0,False,21
Horton Middle,review_recommended,Chatham,Regular School,None,Traditional,35.71314504459967,-79.17677199947629,17715.6,0,0.0,False,21
Chatham Middle,review_recommended,Chatham,Regular School,None,Traditional,35.70713474616946,-79.44725828664035,30012.0,0,0.0,False,21
Silk Hope Elementary,review_recommended,Chatham,Regular School,None,Traditional,35.780346272102626,-79.36720215640986,26811.4,0,0.0,False,21
J S Waters Elementary,ok,Chatham,Regular School,None,Traditional,35.60216141467531,-79.32474748085171,35396.4,0,0.0,False,21
Northwood High,ok,Chatham,Regular School,None,Traditional,35.75697662512716,-79.17318194870002,13419.5,0,0.0,False,21
Beaver Dam Elementary,review_recommended,Cumberland,Regular School,None,Traditional,34.894645521309606,-78.58071038714193,72976.0,0,0.0,False,21
Raleigh Road Elementary,ok,Cumberland,Regular School,None,Traditional,35.21774379635326,-78.84067863209972,55075.7,0,0.0,False,21
J W Seabrook Elementary,review_recommended,Cumberland,Regular School,None,Traditional,34.986798569421495,-78.75524665464754,79407.8,0,0.0,False,21
Stedman Primary,review_recommended,Cumberland,Regular School,None,Traditional,35.01111094599609,-78.6927317520491,73127.9,0,0.0,False,21
District No 7 Elementary,review_recommended,Cumberland,Regular School,None,Traditional,35.15004286649645,-78.70517817373398,63962.3,0,0.0,False,21
Eastover Central Elementary,ok,Cumberland,Regular School,None,Traditional,35.12253425621837,-78.7614267184829,66132.3,0,0.0,False,21
Rockfish Elementary,review_recommended,Cumberland,Regular School,None,Traditional,34.9718250111411,-78.95664607611056,82910.5,0,0.0,False,21
South View Middle,ok,Cumberland,Regular School,None,Traditional,34.98053744837094,-78.92978559661155,81701.4,0,0.0,False,21
Sunnyside Elementary,review_recommended,Cumberland,Regular School,None,Traditional,35.02809716730231,-78.7968323391102,76267.8,0,0.0,False,21
Central Elementary,ok,Currituck,Regular School,None,Traditional,36.39119268951877,-76.01228258971736,160580.0,0,0.0,False,21
Currituck County High,review_recommended,Currituck,Regular School,None,Traditional,36.37277868310675,-75.96881648718794,163944.8,0,0.0,False,21
Currituck County Middle,review_recommended,Currituck,Regular School,None,Traditional,36.370848067309346,-75.96842975995705,163933.8,0,0.0,False,21
Moyock Elementary,review_recommended,Currituck,Regular School,None,Traditional,36.524695515220145,-76.17383767664751,150896.8,0,0.0,False,21
Knotts Island Elementary,ok,Currituck,Regular School,None,Traditional,36.51351880114015,-75.91945977021551,172167.2,0,0.0,False,21
W T Griggs Elementary,ok,Currituck,Regular School,None,Traditional,36.27973121077937,-75.89142051137833,166438.2,0,0.0,False,21
Manteo Middle,ok,Dare,Regular School,None,Traditional,35.90443215925254,-75.67194731578532,152417.5,0,0.0,False,21
Manteo Elementary,ok,Dare,Regular School,None,Traditional,35.912267082644235,-75.67646524465304,152584.1,0,0.0,False,21
Dare County Alternative,ok,Dare,Alternative Education,None,Traditional,35.910154335685085,-75.67589195719768,152490.9,0,0.0,False,21
Manteo High,ok,Dare,Regular School,None,Traditional,35.9157501078173,-75.67385726995734,153000.6,0,0.0,False,21
First Flight Elementary,ok,Dare,Regular School,None,Traditional,36.006511774019444,-75.6651868034031,159669.5,0,0.0,False,21
Cape Hatteras Secondary,ok,Dare,Regular School,Cooperative Innovative HS,Traditional,35.26585714527219,-75.55092992012321,136810.3,0,0.0,False,21
Sherwood Githens Middle,review_recommended,Durham,Regular School,None,Traditional,35.9450429963037,-78.981046225434,1016.7,0,0.0,True,21
DPS Hospital School,ok,Durham,Regular School,Hospital,Traditional,36.008504588894866,-78.93654105130527,58.7,26,40.6,True,21
Bunn Elementary,review_recommended,Franklin,Regular School,None,Traditional,35.941397103695365,-78.26400314779634,33112.8,0,0.0,False,21
Bunn High,review_recommended,Franklin,Regular School,None,Traditional,35.955324932329546,-78.24924247916303,31655.6,0,0.0,False,21
Terrell Lane Middle,review_recommended,Franklin,Regular School,None,Traditional,36.10411400792129,-78.2759659706423,25577.8,0,0.0,False,21
Youngsville Elementary,ok,Franklin,Regular School,None,Year Round,36.02293947595685,-78.48053721350347,29643.2,0,0.0,False,21
Central Middle,ok,Gates,Regular School,None,Traditional,36.4352886080486,-76.72766210220793,101112.7,0,0.0,False,21
Gates County Senior High,ok,Gates,Regular School,None,Traditional,36.445768824018046,-76.70570714112016,103390.9,0,0.0,False,21
Gatesville Elementary,review_recommended,Gates,Regular School,None,Traditional,36.41136878094947,-76.75495673422783,97782.3,0,0.0,False,21
Buckland Elementary,ok,Gates,Regular School,None,Traditional,36.46796558863428,-76.76019828510934,100087.0,0,0.0,False,21
T S Cooper Elementary,review_recommended,Gates,Regular School,None,Traditional,36.424290823789946,-76.60814151734246,110489.4,0,0.0,False,21
J R Ingram Jr Elementary,review_recommended,Lee,Regular School,None,Traditional,35.46528235986049,-79.21562462780787,41737.7,0,0.0,False,21
West Lee Middle,review_recommended,Lee,Regular School,None,Traditional,35.468204708617094,-79.21551944325999,41497.7,0,0.0,False,21
Greenwood Elementary,review_recommended,Lee,Regular School,None,Traditional,35.38827040817063,-79.19360601069037,47095.7,0,0.0,False,21
Oakwood Elementary,ok,Caswell,Regular School,None,Traditional,36.416381124992306,-79.33173630188968,29704.9,0,0.0,False,21
N L Dillard Middle,ok,Caswell,Regular School,None,Traditional,36.3995295715478,-79.33339089216194,29190.7,0,0.0,False,21
Bartlett Yancey High,review_recommended,Caswell,Regular School,None,Traditional,36.40366392894189,-79.32744637383809,29795.2,0,0.0,False,21
South Elementary,review_recommended,Caswell,Regular School,None,Traditional,36.32905215295948,-79.2390528966904,28366.7,0,0.0,False,21
North Elementary,ok,Caswell,Regular School,None,Traditional,36.52940796382947,-79.39689087523945,26539.5,0,0.0,False,21
John A Holmes High,ok,Chowan,Regular School,None,Traditional,36.06646759292238,-76.60478242993605,102876.5,0,0.0,False,21
Acme Delco Elementary,review_recommended,Columbus,Regular School,None,Traditional,34.347768881998505,-78.25450217356821,30266.6,0,0.0,False,21
Acme Delco Middle,ok,Columbus,Regular School,None,Traditional,34.315865736600145,-78.21634532273262,25773.7,0,0.0,False,21
Evergreen Elementary,review_recommended,Columbus,Regular School,None,Traditional,34.40749668909803,-78.89882160400013,89199.2,0,0.0,False,21
Chadbourn Elementary,ok,Columbus,Regular School,None,Traditional,34.32536735697548,-78.82060255088001,80669.5,0,0.0,False,21
West Columbus High,review_recommended,Columbus,Regular School,None,Traditional,34.32829152547969,-78.92410962983456,90177.4,0,0.0,False,21
Cerro Gordo Elementary,review_recommended,Columbus,Regular School,None,Traditional,34.3291043612935,-78.93101174403112,90818.5,0,0.0,False,21
South Columbus High,review_recommended,Columbus,Regular School,None,Traditional,34.173892527677474,-78.81694126353827,80247.9,0,0.0,False,21
HallsboroArtesia Elementary,review_recommended,Columbus,Regular School,None,Traditional,34.31099215877856,-78.57908095513066,58403.1,0,0.0,False,21
Hallsboro Middle,review_recommended,Columbus,Regular School,None,Traditional,34.32058866915257,-78.59313511884136,59827.8,0,0.0,False,21
Boys and Girls Homes,ok,Columbus,Regular School,None,Traditional,34.31929195494499,-78.5232227265909,53441.7,0,0.0,False,21
East Columbus High,ok,Columbus,Regular School,None,Traditional,34.33601516899786,-78.50178638054496,51826.5,0,0.0,False,21
Williams Township,review_recommended,Columbus,Regular School,None,Traditional,34.20431198183576,-78.76400701897272,75111.8,0,0.0,False,21
Louisburg Elementary,review_recommended,Franklin,Regular School,None,Traditional,36.07864922067642,-78.30121151898891,27219.4,0,0.0,False,21
Franklinton High,review_recommended,Franklin,Regular School,None,Traditional,36.1042064044974,-78.4572974209643,23014.8,0,0.0,False,21
Edward Best Elementary,review_recommended,Franklin,Regular School,None,Traditional,36.09426184224754,-78.1664668017518,27587.5,0,0.0,False,21
Pollocksville Elementary,ok,Jones,Regular School,None,Traditional,35.00449961337272,-77.22481682469352,15513.2,0,0.0,False,21
Comfort Elementary,ok,Jones,Regular School,None,Traditional,35.0048720347572,-77.5092816262579,23780.2,0,0.0,False,21
Jones Senior High,ok,Jones,Regular School,None,Traditional,35.034053502110815,-77.33354024151288,22549.2,0,0.0,False,21
Jones Middle,ok,Jones,Regular School,None,Traditional,35.067478263289466,-77.34804334381599,22925.8,0,0.0,False,21
Trenton Elementary,ok,Jones,Regular School,None,Traditional,35.06571526700366,-77.347070848534,22880.8,0,0.0,False,21
Maysville Elementary,review_recommended,Jones,Regular School,None,Traditional,34.9047600384897,-77.23739447348406,18262.6,0,0.0,False,21
Riverside High,ok,Martin,Regular School,None,Traditional,35.83659427154724,-77.07129244044694,63305.0,0,0.0,False,21
Williamston Primary,ok,Martin,Regular School,None,Traditional,35.842409132006274,-77.07289126151925,63051.9,0,0.0,False,21
Edna Andrews Elementary,ok,Martin,Regular School,None,Traditional,35.93960490803887,-77.20656302060027,49961.2,0,0.0,False,21
South Creek High,ok,Martin,Regular School,None,Traditional,35.85695010597068,-77.24378376461051,47553.5,0,0.0,False,21
East End Elementary,review_recommended,Martin,Regular School,None,Traditional,35.822951629597746,-77.2428004784814,48479.8,0,0.0,False,21
South Creek Middle,review_recommended,Martin,Regular School,None,Traditional,35.8555526500653,-77.24859362993637,47155.3,0,0.0,False,21
Rodgers Elementary,review_recommended,Martin,Regular School,None,Traditional,35.781477064848474,-77.0771801869427,64150.9,0,0.0,False,21
Cedar Grove Elementary,ok,Nash,Regular School,None,Traditional,36.078508301587256,-77.968865552398,13030.4,0,0.0,False,21
Red Oak Elementary,review_recommended,Nash,Regular School,None,Traditional,36.03956018910961,-77.90418675092671,7005.4,0,0.0,False,21
Bailey Elementary,review_recommended,Nash,Regular School,None,Traditional,35.78173102794099,-78.11465874958823,28760.1,0,0.0,False,21
Middlesex Elementary,review_recommended,Nash,Regular School,None,Traditional,35.78698800601143,-78.21309838431203,35045.5,0,0.0,False,21
Southern Nash Middle,review_recommended,Nash,Regular School,None,Traditional,35.87573790291922,-78.08980808653139,20287.9,0,0.0,False,21
Southern Nash High,ok,Nash,Regular School,None,Traditional,35.851281654786455,-78.08755646473973,21687.4,0,0.0,False,21
Spring Hope Elementary,review_recommended,Nash,Regular School,None,Traditional,35.95126919707169,-78.10924844469473,19110.4,0,0.0,False,21
Coopers Elementary,ok,Nash,Regular School,None,Traditional,35.88533894060489,-77.94845886129804,10478.6,0,0.0,False,21
Northern Nash High,review_recommended,Nash,Regular School,None,Traditional,35.998473031468336,-77.89163015417058,2458.8,0,0.0,True,21
Conway Middle,review_recommended,Northampton,Regular School,None,Traditional,36.438061557710434,-77.22361984137508,63786.4,0,0.0,False,21
Gaston Elementary,review_recommended,Northampton,Regular School,None,Traditional,36.49789365137909,-77.64684630562515,50586.3,0,0.0,False,21
Northampton High East,ok,Northampton,Regular School,None,Traditional,36.42758427152182,-77.31661738390892,57047.2,0,0.0,False,21
Squire Elementary,review_recommended,Northampton,Regular School,None,Traditional,36.50512476439661,-77.66604689915535,51017.5,0,0.0,False,21
Willis Hare Elementary,review_recommended,Northampton,Regular School,None,Traditional,36.478315177990545,-77.1895488547138,69071.6,0,0.0,False,21
Hunters Creek Middle,review_recommended,Onslow,Regular School,None,Traditional,34.739492384585546,-77.33809398665446,2311.5,0,0.0,True,21
Morton Elementary,review_recommended,Onslow,Regular School,None,Traditional,34.76983198914573,-77.30898669915922,5872.4,0,0.0,False,21
Swansboro Elementary,review_recommended,Onslow,Regular School,None,Traditional,34.704299921805834,-77.15249601707444,15478.2,0,0.0,False,21
Swansboro High,review_recommended,Onslow,Regular School,None,Traditional,34.69847854376174,-77.15475333656582,15346.3,0,0.0,False,21
Richlands Elementary,review_recommended,Onslow,Regular School,None,Traditional,34.89958419430938,-77.54258028947507,14823.7,0,0.0,False,21
Richlands High,review_recommended,Onslow,Regular School,None,Traditional,34.89206617232658,-77.54428174764823,14299.7,0,0.0,False,21
Summersill Elementary,review_recommended,Onslow,Regular School,None,Traditional,34.81294475676809,-77.46663379714694,3108.2,0,0.0,True,21
Trexler Middle,review_recommended,Onslow,Regular School,None,Traditional,34.898688249783895,-77.54031801448065,14614.7,0,0.0,False,21
Central Elementary,review_recommended,Pasquotank,Regular School,None,Traditional,36.28817335898916,-76.26289190288382,136144.1,0,0.0,False,21
Weeksville Elementary,review_recommended,Pasquotank,Regular School,None,Traditional,36.205245549061836,-76.16770806192812,143236.5,0,0.0,False,21
Parkton Elementary,ok,Robeson,Regular School,None,Traditional,34.90354695943552,-79.00672184447907,91016.6,0,0.0,False,21
Saint Pauls Elementary,ok,Robeson,Regular School,None,Traditional,34.807519279969924,-78.9619104105204,101087.1,0,0.0,False,21
RexRennert Elementary,review_recommended,Robeson,Regular School,None,Traditional,34.84373285738944,-79.08888024929337,98908.9,0,0.0,False,21
South Robeson High,review_recommended,Robeson,Regular School,None,Traditional,34.54510916662323,-79.25434369651676,124514.0,0,0.0,False,21
Southside/Ashpole Elem,review_recommended,Robeson,Regular School,None,Traditional,34.53242571850561,-79.2979280291134,128034.7,0,0.0,False,21
Fairmont High,review_recommended,Robeson,Regular School,None,Traditional,34.47899725909729,-79.09510674288384,108536.2,0,0.0,False,21
Orrum Middle,review_recommended,Robeson,Regular School,None,Traditional,34.464493934220044,-79.01039815307074,100593.5,0,0.0,False,21
Long Branch Elementary,ok,Robeson,Regular School,None,Traditional,34.53821204598037,-78.95797248147416,98260.6,0,0.0,False,21
East Robeson Primary,ok,Robeson,Regular School,None,Traditional,34.624618713030664,-78.9238832988545,98922.4,0,0.0,False,21
Littlefield Middle,ok,Robeson,Regular School,None,Traditional,34.645330926222336,-78.91658623359397,99305.4,0,0.0,False,21
Purnell Swett High,ok,Robeson,Regular School,None,Traditional,34.69531499581381,-79.24655182598111,114058.7,0,0.0,False,21
Pembroke Elementary,review_recommended,Robeson,Regular School,None,Traditional,34.67486726527897,-79.19385804187081,118165.4,0,0.0,False,21
Pembroke Middle,review_recommended,Robeson,Regular School,None,Traditional,34.674743615122324,-79.21026217758596,117526.6,0,0.0,False,21
R B Dean Elementary,review_recommended,Robeson,Regular School,None,Traditional,34.73257665305367,-79.3448141617185,106777.4,0,0.0,False,21
Oxendine Elementary,review_recommended,Robeson,Regular School,None,Traditional,34.8056470442402,-79.25813748580055,102552.1,0,0.0,False,21
W H Knuckles,review_recommended,Robeson,Regular School,None,Traditional,34.61065667907376,-79.02218783993543,106589.3,0,0.0,False,21
Union Elementary,ok,Robeson,Regular School,None,Traditional,34.635401007146555,-79.24694235820505,120131.0,0,0.0,False,21
Magnolia Elementary,review_recommended,Robeson,Regular School,None,Traditional,34.71145812520143,-79.00361314820302,109738.6,0,0.0,False,21
Piney Grove Elementary,review_recommended,Robeson,Regular School,None,Traditional,34.68669746082076,-79.0383546392433,111350.3,0,0.0,False,21
Robeson Co Career Ctr,review_recommended,Robeson,Vocational Education,None,Traditional,34.590459927159955,-79.1230749054452,114473.9,0,0.0,False,21
Salemburg Elementary,review_recommended,Sampson,Regular School,None,Traditional,35.01471852643468,-78.49775849623589,58403.4,0,0.0,False,21
Roseboro Elementary,ok,Sampson,Regular School,None,Traditional,34.955015458477206,-78.52343899225991,64561.9,0,0.0,False,21
Tyrrell Elementary,ok,Tyrrell,Regular School,None,Traditional,35.91387657168886,-76.24270800284857,114885.7,0,0.0,False,21
South Warren Elementary,review_recommended,Warren,Regular School,None,Traditional,36.32005421181723,-78.19948428381012,17533.2,0,0.0,False,21
Northside Elementary,review_recommended,Warren,Regular School,None,Year Round,36.45671701572502,-78.18468463459763,22656.2,0,0.0,False,21
Vaughan Elementary,review_recommended,Warren,Regular School,None,Traditional,36.421526364769385,-77.99880553160848,36550.1,0,0.0,False,21
Warren County High,review_recommended,Warren,Regular School,None,Traditional,36.43251374539797,-78.165708782217,22795.9,0,0.0,False,21
Warren County Middle,review_recommended,Warren,Regular School,None,Traditional,36.431206827614055,-78.17090708654679,22313.1,0,0.0,False,21
Creswell High,review_recommended,Washington,Regular School,None,Traditional,35.86893239203254,-76.39605864404692,102471.6,0,0.0,False,21
Pines Elementary,ok,Washington,Regular School,None,Traditional,35.87287238902022,-76.69281366110913,89219.1,0,0.0,False,21
Washington County Union,review_recommended,Washington,Regular School,None,Traditional,35.871186197958664,-76.61019684133662,92416.7,0,0.0,False,21
Plymouth High,ok,Washington,Regular School,None,Traditional,35.87036997953577,-76.73921694262735,87299.3,0,0.0,False,21
Aurelian Springs Elementary,review_recommended,Halifax,Regular School,None,Traditional,36.36363723069021,-77.80761487246247,33429.5,0,0.0,False,21
Scotland Neck Primary,ok,Halifax,Regular School,None,Traditional,36.126984648340446,-77.42821850030262,29854.8,0,0.0,False,21
Hollister Elementary,review_recommended,Halifax,Regular School,None,Traditional,36.2576393743605,-77.94217862725054,24312.5,0,0.0,False,21
Southeast Halifax High,review_recommended,Halifax,Regular School,None,Traditional,36.21944679320152,-77.55076911135099,25788.1,0,0.0,False,21
Enfield Middle,review_recommended,Halifax,Regular School,None,Traditional,36.17732315860874,-77.69725925431054,14890.7,0,0.0,False,21
Northwest High,review_recommended,Halifax,Regular School,None,Traditional,36.38794303007629,-77.79000211596457,36207.4,0,0.0,False,21
Everetts Elementary,review_recommended,Halifax,Regular School,None,Traditional,36.44304937272603,-77.75866655943558,42580.4,0,0.0,False,21
Pittman Elementary,review_recommended,Halifax,Regular School,None,Traditional,36.264269527291574,-77.7427206354584,23415.0,0,0.0,False,21
William R Davie Middle,review_recommended,Halifax,Regular School,None,Traditional,36.44487898859951,-77.74552275963892,42948.4,0,0.0,False,21
Anderson Creek Primary,ok,Harnett,Regular School,None,Traditional,35.282243090894255,-78.91752753084235,48288.0,0,0.0,False,21
South Harnett Elementary,review_recommended,Harnett,Regular School,None,Traditional,35.29798138108363,-78.89455469250662,46335.8,0,0.0,False,21
Angier Elementary,review_recommended,Harnett,Regular School,None,Traditional,35.503951991727604,-78.7358091231084,25532.6,0,0.0,False,21
LaFayette Elementary,review_recommended,Harnett,Regular School,None,Traditional,35.49552265830871,-78.81225838087175,24496.6,0,0.0,False,21
North Harnett Primary,review_recommended,Harnett,Regular School,None,Traditional,35.4779628969437,-78.77953546792449,26978.8,0,0.0,False,21
Johnsonville Elementary,review_recommended,Harnett,Regular School,None,Traditional,35.30017380598903,-79.09868619368117,50974.7,0,0.0,False,21
Benhaven Elementary,review_recommended,Harnett,Regular School,None,Traditional,35.3591806355908,-79.09377779758047,44939.9,0,0.0,False,21
Boone Trail Elementary,ok,Harnett,Regular School,None,Traditional,35.41785480538541,-78.9604983849102,34254.3,0,0.0,False,21
Buies Creek Elementary,review_recommended,Harnett,Regular School,None,Traditional,35.41181819875269,-78.73605840218976,35110.2,0,0.0,False,21
Coats Elementary,ok,Harnett,Regular School,None,Traditional,35.4134386972037,-78.6720122237732,36958.8,0,0.0,False,21
Gentry Primary,review_recommended,Harnett,Regular School,None,Traditional,35.33765549046341,-78.67067381112561,44845.2,0,0.0,False,21
Triton High,review_recommended,Harnett,Regular School,None,Traditional,35.33852819941954,-78.66507062817251,44943.0,0,0.0,False,21
Hawk Eye Elementary,review_recommended,Hoke,Regular School,None,Traditional,34.914957324952844,-79.26475499396977,91572.3,0,0.0,False,21
West Hoke Middle,review_recommended,Hoke,Regular School,None,Traditional,34.98597802391159,-79.24801432834575,85645.0,0,0.0,False,21
East Hoke Middle,review_recommended,Hoke,Regular School,None,Traditional,35.00605369438264,-79.17105280199104,83657.2,0,0.0,False,21
Cameron Elementary,ok,Moore,Regular School,None,Traditional,35.32638600516922,-79.26620250125275,56518.9,0,0.0,False,21
Carthage Elementary,review_recommended,Moore,Regular School,None,Traditional,35.34092563167882,-79.41637859047331,45158.2,0,0.0,False,21
Elise Middle,review_recommended,Moore,Regular School,None,Traditional,35.436065178478046,-79.58926261579566,26895.5,0,0.0,False,21
North Moore High,review_recommended,Moore,Regular School,None,Traditional,35.46764700666928,-79.55364872400719,26410.3,0,0.0,False,21
Highfalls Elementary,review_recommended,Moore,Regular School,None,Traditional,35.48616793362685,-79.52389331735344,27165.7,0,0.0,False,21
Robbins Elementary,review_recommended,Moore,Regular School,None,Traditional,35.41949146180081,-79.57349799560797,29224.6,0,0.0,False,21
Pinecrest High,review_recommended,Moore,Regular School,None,Traditional,35.184675745624446,-79.4341655387738,57944.9,0,0.0,False,21
West End Elementary,review_recommended,Moore,Regular School,None,Traditional,35.26055354647147,-79.58113956472505,44379.3,0,0.0,False,21
Westmoore Elementary,ok,Moore,Regular School,None,Traditional,35.48592099566467,-79.68636553824719,17629.7,0,0.0,False,21
Helena Elementary,review_recommended,Person,Regular School,None,Traditional,36.287387513824086,-78.95365611703733,21003.2,0,0.0,False,21
Northern Middle,review_recommended,Person,Regular School,None,Traditional,36.42824294265861,-78.97808798166884,35425.7,0,0.0,False,21
Oak Lane Elementary,review_recommended,Person,Regular School,None,Traditional,36.274300406031806,-79.09657794926049,20782.6,0,0.0,False,21
Southern Middle,review_recommended,Person,Regular School,None,Traditional,36.37857962773782,-78.99199287180748,31619.3,0,0.0,False,21
Woodland Elementary,review_recommended,Person,Regular School,None,Traditional,36.46218739660431,-79.08235598360989,41669.3,0,0.0,False,21
Perquimans County Middle,review_recommended,Perquimans,Regular School,None,Traditional,36.221799061997906,-76.47197193556791,116325.8,0,0.0,False,21
Perquimans County High,review_recommended,Perquimans,Regular School,None,Traditional,36.18408336707757,-76.47423566913139,115533.1,0,0.0,False,21
Deep Branch Elementary,review_recommended,Robeson,Regular School,None,Traditional,34.631102876094225,-79.1456943306196,117963.9,0,0.0,False,21
Western Alamance High,review_recommended,Alamance,Regular School,None,Traditional,36.15314750270084,-79.4982991136261,10033.0,0,0.0,False,21
Altamahaw Ossipee Elem,review_recommended,Alamance,Regular School,None,Traditional,36.179303432819495,-79.51168872300605,12988.3,0,0.0,False,21
Alexander Wilson Elementary,review_recommended,Alamance,Regular School,None,Traditional,36.02894299629113,-79.34570914869236,4237.2,0,0.0,True,21
Edwin M Holt Elementary,review_recommended,Alamance,Regular School,None,Traditional,36.021250525915804,-79.48941494279899,4673.6,0,0.0,True,21
Grove Park Elementary,ok,Alamance,Regular School,None,Traditional,36.08015193978524,-79.46078663894352,3916.4,0,0.0,True,21
Bethlehem Elementary,ok,Alexander,Regular School,None,Traditional,35.83706887856412,-81.3113320322768,6929.8,0,0.0,False,21
Ellendale Elementary,ok,Alexander,Regular School,None,Traditional,35.9280875351077,-81.2785316292441,3618.5,0,0.0,True,21
Stony Point Elementary,review_recommended,Alexander,Regular School,None,Traditional,35.869858620280965,-81.04710065598096,11937.8,0,0.0,False,21
Sugar Loaf Elementary,ok,Alexander,Regular School,None,Traditional,35.97021651138278,-81.1919625267715,5333.2,0,0.0,False,21
Wittenburg Elementary,review_recommended,Alexander,Regular School,None,Traditional,35.82686670176654,-81.24145321433997,8882.1,0,0.0,False,21
Glade Creek Elementary,ok,Alleghany,Regular School,None,Traditional,36.50045654028108,-80.97968037154698,66323.7,0,0.0,False,21
Alleghany High,ok,Alleghany,Regular School,None,Traditional,36.51331420388541,-81.12242855862779,56596.2,0,0.0,False,21
PeachlandPolkton Elem,ok,Anson,Regular School,None,Traditional,34.99632625018888,-80.23139617484864,53584.3,0,0.0,False,21
Morven Elementary,ok,Anson,Regular School,None,Traditional,34.880053977342925,-80.00717079669192,76626.1,0,0.0,False,21
Anson High School,ok,Anson,Regular School,None,Traditional,34.97798750741469,-80.10282099354124,62732.2,0,0.0,False,21
Anson Middle,ok,Anson,Regular School,None,Traditional,34.98921926700762,-80.08939272843526,62709.8,0,0.0,False,21
Wadesboro Elementary,review_recommended,Anson,Regular School,None,Traditional,34.96210563284208,-80.07921696220329,65496.5,0,0.0,False,21
Wadesboro Primary,review_recommended,Anson,Regular School,None,Traditional,34.94306158084093,-80.05595770784213,68491.4,0,0.0,False,21
Blue Ridge Elementary,ok,Ashe,Regular School,None,Traditional,36.46146623878546,-81.53212726681141,28201.1,0,0.0,False,21
Mountain View Elementary,ok,Ashe,Regular School,None,Traditional,36.4339260692999,-81.44288926727764,29439.7,0,0.0,False,21
Banner Elk Elementary,ok,Avery,Regular School,None,Traditional,36.16257503119104,-81.87000258726765,14986.9,0,0.0,False,21
Riverside Elementary,ok,Avery,Regular School,None,Traditional,35.98984658694029,-82.01943606881154,36982.2,0,0.0,False,21
Crossnore Elementary,review_recommended,Avery,Regular School,None,Traditional,36.02588129999092,-81.92523015991404,28004.0,0,0.0,False,21
Newland Elementary,review_recommended,Avery,Regular School,None,Traditional,36.082159643971444,-81.92242756678279,23701.4,0,0.0,False,21
Avery County High,review_recommended,Avery,Regular School,Cooperative Innovative HS,Traditional,36.067473713784075,-81.91903984831082,24526.3,0,0.0,False,21
Pisgah Elementary,ok,Buncombe,Regular School,None,Traditional,35.50362729518078,-82.73202390332922,44659.0,0,0.0,False,21
Enka High,ok,Buncombe,Regular School,None,Traditional,35.53031573716504,-82.6666712706596,51203.4,0,0.0,False,21
Avery's Creek Elementary,ok,Buncombe,Regular School,None,Traditional,35.47685110683672,-82.57926281487545,57470.5,0,0.0,False,21
Valley Springs Middle,ok,Buncombe,Regular School,None,Traditional,35.48425297571293,-82.54146115407461,60991.3,0,0.0,False,21
Weaverville Primary,ok,Buncombe,Regular School,None,Traditional,35.694922532644426,-82.56081149975304,67540.8,0,0.0,False,21
Weaverville Elementary,ok,Buncombe,Regular School,None,Traditional,35.68930631970496,-82.56247299339779,67097.7,0,0.0,False,21
North Buncombe Middle,ok,Buncombe,Regular School,None,Traditional,35.71551907651857,-82.55800558875056,68939.6,0,0.0,False,21
Owen Middle,ok,Buncombe,Regular School,None,Traditional,35.607347024946215,-82.37642176101114,61478.4,0,0.0,False,21
Community High School,ok,Buncombe,Alternative Education,None,Traditional,35.60281965001279,-82.40412110327074,64035.2,0,0.0,False,21
Johnston Elementary,ok,Buncombe,Regular School,None,Traditional,35.587058586043284,-82.6199947609268,57372.8,0,0.0,False,21
George Hildebrand Elementary,review_recommended,Burke,Regular School,None,Traditional,35.63707159475691,-81.51320616089139,15544.0,0,0.0,False,21
Hildebran Elementary,ok,Burke,Regular School,None,Traditional,35.71467813452081,-81.426000689631,5351.3,0,0.0,False,21
East Burke Middle,ok,Burke,Regular School,None,Traditional,35.71508469786421,-81.46813763872393,8988.6,0,0.0,False,21
East Burke High,ok,Burke,Regular School,None,Traditional,35.72207215522082,-81.48148719908599,10049.3,0,0.0,False,21
Icard Elementary,ok,Burke,Regular School,None,Traditional,35.72918408843118,-81.46866509326229,8828.1,0,0.0,False,21
Rutherford College Elem,ok,Burke,Regular School,None,Traditional,35.754253675731675,-81.5235343160177,11752.0,0,0.0,False,21
Drexel Elementary,ok,Burke,Regular School,None,Traditional,35.750092824885634,-81.60887173300976,4216.3,0,0.0,True,21
Mull Elementary,ok,Burke,Regular School,None,Traditional,35.704394553571056,-81.65965503401239,1841.5,0,0.0,True,21
Table Rock Middle,ok,Burke,Regular School,None,Traditional,35.75470385680318,-81.76934114787392,4746.1,0,0.0,True,21
Oak Hill Elementary,ok,Burke,Regular School,None,Traditional,35.77682230811288,-81.7569435223114,4497.9,0,0.0,True,21
Bethel Elementary,review_recommended,Cabarrus,Regular School,None,Traditional,35.241100371211054,-80.53388735221367,16118.2,0,0.0,False,21
A T Allen Elementary,ok,Cabarrus,Regular School,None,Traditional,35.364966867642366,-80.54350115551979,4108.8,0,0.0,True,21
Central Cabarrus High,ok,Cabarrus,Regular School,None,Traditional,35.36271944616894,-80.5836343062788,2006.3,0,0.0,True,21
Harrisburg Elementary,review_recommended,Cabarrus,Regular School,None,Traditional,35.31907140083286,-80.64095691733552,5638.1,0,0.0,False,21
Wolf Meadow Elementary,ok,Cabarrus,Regular School,None,Traditional,35.376123062595795,-80.62666698424324,1558.3,0,0.0,True,21
Weddington Hills Elementary,ok,Cabarrus,Regular School,None,Traditional,35.39827270597074,-80.64931011979606,1918.5,0,0.0,True,21
Mount Pleasant Elementary,ok,Cabarrus,Regular School,None,Traditional,35.41739339031992,-80.43174122758907,13222.2,0,0.0,False,21
Collettsville School,ok,Caldwell,Regular School,None,Traditional,35.92748128681133,-81.67275576771802,18487.4,0,0.0,False,21
Gamewell Middle,ok,Caldwell,Regular School,None,Traditional,35.870907471411826,-81.59872998576978,13912.8,0,0.0,False,21
West Caldwell High,ok,Caldwell,Regular School,None,Traditional,35.88673791756843,-81.59176821817209,15776.8,0,0.0,False,21
Happy Valley Elementary,review_recommended,Caldwell,Regular School,None,Traditional,35.995539140865695,-81.56058159432294,23597.5,0,0.0,False,21
Hibriten High,ok,Caldwell,Regular School,None,Traditional,35.9259322097381,-81.49477130947402,18413.5,0,0.0,False,21
Sawmills Elementary,ok,Caldwell,Regular School,None,Traditional,35.818920476100665,-81.47928913134339,13520.8,0,0.0,False,21
Oak Hill Elementary,ok,Caldwell,Regular School,None,Traditional,35.90183947877226,-81.41702147987294,11143.5,0,0.0,False,21
Kings Creek Elementary,ok,Caldwell,Regular School,None,Traditional,35.991859289368364,-81.40106898797137,14233.0,0,0.0,False,21
Atlantic Elementary,ok,Carteret,Regular School,None,Traditional,34.88326207195914,-76.34272476869837,68092.3,0,0.0,False,21
Broad Creek Middle,ok,Carteret,Regular School,None,Traditional,34.72950540525721,-76.91381291597358,37324.7,0,0.0,False,21
Newport Elementary,review_recommended,Carteret,Regular School,None,Traditional,34.79034691956375,-76.85967701114983,38489.3,0,0.0,False,21
East Carteret High,ok,Carteret,Regular School,None,Traditional,34.78146297724124,-76.63177301406631,51609.2,0,0.0,False,21
Harkers Island Elementary,review_recommended,Carteret,Regular School,None,Traditional,34.69398895934064,-76.55165127547818,63680.4,0,0.0,False,21
Smyrna Elementary,ok,Carteret,Regular School,None,Traditional,34.75767358032272,-76.52838766830978,60433.0,0,0.0,False,21
Balls Creek Elementary,review_recommended,Catawba,Regular School,None,Traditional,35.63042990133683,-81.1287381964448,8392.9,0,0.0,False,21
Blackburn Elementary,review_recommended,Catawba,Regular School,None,Traditional,35.61542452897676,-81.3309072539937,9789.5,0,0.0,False,21
Bunker Hill High,review_recommended,Catawba,Regular School,None,Traditional,35.75370357797564,-81.11942103177228,8744.5,0,0.0,False,21
Claremont Elementary,review_recommended,Catawba,Regular School,None,Traditional,35.71634217217515,-81.14291805791811,4971.3,0,0.0,True,21
Sherrills Ford Elementary,review_recommended,Catawba,Regular School,None,Traditional,35.62140934687867,-80.9878137157463,20321.4,0,0.0,False,21
Webb A Murray Elementary,review_recommended,Catawba,Regular School,None,Traditional,35.73961264874893,-81.25109381008109,2198.5,0,0.0,True,21
Casar Elementary,review_recommended,Cleveland,Regular School,None,Traditional,35.50734753282157,-81.6203589826106,23730.1,0,0.0,False,21
Washington Elementary,review_recommended,Cleveland,Regular School,None,Traditional,35.335598961313636,-81.42188955464196,39955.8,0,0.0,False,21
VanceboroFarm Life Elementary,ok,Craven,Regular School,None,Traditional,35.30735363403284,-77.14685867227435,18892.3,0,0.0,False,21
West Craven High,ok,Craven,Regular School,None,Traditional,35.23746782025941,-77.1372177433151,11174.3,0,0.0,False,21
Arthur W Edwards Elementary,ok,Craven,Regular School,None,Year Round,34.91000443689537,-76.92800174884651,23798.3,0,0.0,False,21
W Jesse Gurganus Elementary,ok,Craven,Regular School,None,Traditional,34.91043677537835,-76.94159870405166,23259.6,0,0.0,False,21
Roger R Bell Elementary,ok,Craven,Regular School,None,Traditional,34.88112399234908,-76.88073227648698,28640.6,0,0.0,False,21
William R Davie Elementary,review_recommended,Davie,Regular School,None,Traditional,35.980395751266215,-80.62264066010482,27193.5,0,0.0,False,21
Cooleemee Elementary,review_recommended,Davie,Regular School,None,Traditional,35.81555955155604,-80.55303019778607,13731.7,0,0.0,False,21
South Davie Middle,ok,Davie,Regular School,None,Traditional,35.88657547634449,-80.56826872870685,21725.8,0,0.0,False,21
Davie County High,ok,Davie,Regular School,None,Traditional,35.87271120208811,-80.55275374992328,19980.6,0,0.0,False,21
Lexington Middle School,ok,Davidson,Regular School,None,Traditional,35.83361763770675,-80.24584088296653,15672.8,0,0.0,False,21
Northwest Elementary,review_recommended,Davidson,Regular School,None,Traditional,35.94204748005702,-80.30119937495246,10261.0,0,0.0,False,21
Central Davidson Middle,review_recommended,Davidson,Regular School,None,Traditional,35.74143080359618,-80.22466485843933,18863.1,0,0.0,False,21
Central Davidson High,ok,Davidson,Regular School,None,Traditional,35.739786383606315,-80.22165296735572,19068.8,0,0.0,False,21
Churchland Elementary,ok,Davidson,Regular School,None,Traditional,35.78503998284751,-80.41657943437576,10253.0,0,0.0,False,21
West Davidson High,ok,Davidson,Regular School,None,Traditional,35.80365893573276,-80.3657736972696,13426.9,0,0.0,False,21
Reeds Elementary,review_recommended,Davidson,Regular School,None,Traditional,35.84278720013532,-80.33301543610932,18616.8,0,0.0,False,21
Silver Valley Elementary,review_recommended,Davidson,Regular School,None,Traditional,35.73266444175526,-80.1017356222357,18420.4,0,0.0,False,21
South Davidson High,review_recommended,Davidson,Regular School,None,Traditional,35.673373242679574,-80.1033460880965,24680.1,0,0.0,False,21
Ledford Middle,review_recommended,Davidson,Regular School,None,Traditional,35.948008947886194,-80.12024959182455,6064.5,0,0.0,False,21
Welcome Elementary,review_recommended,Davidson,Regular School,None,Traditional,35.90316032270785,-80.25815813978221,13952.0,0,0.0,False,21
Southwood Elementary,ok,Davidson,Regular School,None,Traditional,35.73288394887085,-80.26794357481451,14849.2,0,0.0,False,21
G W Bulluck Elementary,ok,Edgecombe,Regular School,None,Traditional,35.88320700559457,-77.72025995286377,6257.5,0,0.0,False,21
West Edgecombe Middle,review_recommended,Edgecombe,Regular School,None,Traditional,35.90475287670943,-77.73756429406062,3501.3,0,0.0,True,21
G W Carver Elementary,review_recommended,Edgecombe,Regular School,None,Traditional,35.78802077111599,-77.63089747526251,19528.3,0,0.0,False,21
South Edgecombe Middle,review_recommended,Edgecombe,Regular School,None,Traditional,35.77679792310879,-77.64322849669975,19845.0,0,0.0,False,21
SouthWest Edgecombe High,review_recommended,Edgecombe,Regular School,None,Traditional,35.83630012691285,-77.6585420159192,13886.2,0,0.0,False,21
CokerWimberly Elementary,review_recommended,Edgecombe,Regular School,None,Traditional,35.97751344313246,-77.60405963458348,14708.4,0,0.0,False,21
North Edgecombe High,ok,Edgecombe,Regular School,None,Traditional,35.989814615355264,-77.58190991373642,15899.7,0,0.0,False,21
Phillips Middle,review_recommended,Edgecombe,Regular School,None,Traditional,36.001918006123326,-77.68602003754538,7087.1,0,0.0,False,21
W A Pattillo A+ Elementary Sch,review_recommended,Edgecombe,Regular School,None,Traditional,35.905100989815594,-77.52441064038467,21647.9,0,0.0,False,21
Bessemer City Primary,review_recommended,Gaston,Regular School,None,Traditional,35.300452448062124,-81.27586063886638,39800.6,0,0.0,False,21
Bessemer City High,review_recommended,Gaston,Regular School,None,Traditional,35.29714019169135,-81.28136726930957,40235.1,0,0.0,False,21
Bessemer City Central Elem,review_recommended,Gaston,Regular School,None,Traditional,35.30118198847947,-81.27478676894778,39707.2,0,0.0,False,21
Bessemer City Middle,review_recommended,Gaston,Regular School,None,Traditional,35.272745267232786,-81.30017087605853,43181.9,0,0.0,False,21
Tryon Elementary,review_recommended,Gaston,Regular School,None,Traditional,35.34135077939906,-81.32311832144647,36219.8,0,0.0,False,21
Bess Elementary,review_recommended,Gaston,Regular School,None,Traditional,35.188301991002184,-81.13396600794432,37856.9,0,0.0,False,21
McAdenville Elementary,review_recommended,Gaston,Regular School,None,Traditional,35.25314256062409,-81.07751841196952,30845.9,0,0.0,False,21
South Point High,review_recommended,Gaston,Regular School,None,Traditional,35.22287916694607,-81.03858566617953,28379.0,0,0.0,False,21
Webb St,review_recommended,Gaston,Exceptional Children,None,Traditional,35.26467654333206,-81.21254999385359,42752.8,0,0.0,False,21
Springfield Primary,ok,Gaston,Regular School,None,Traditional,35.34796752939243,-81.09639840398911,32115.5,0,0.0,False,21
Rankin Elementary,review_recommended,Gaston,Regular School,None,Traditional,35.29762021041095,-81.02204954149869,25156.4,0,0.0,False,21
G. C. Hawley Middle,ok,Granville,Regular School,None,Traditional,36.108610366785705,-78.67100142675575,17878.6,0,0.0,False,21
Creedmoor Elementary,review_recommended,Granville,Regular School,None,Traditional,36.12333783203801,-78.67837837829181,18218.4,0,0.0,False,21
Wilton Elementary,review_recommended,Granville,Regular School,None,Traditional,36.14573328388523,-78.58026409529516,15063.6,0,0.0,False,21
Joe TolerOak Hill Elementary,review_recommended,Granville,Regular School,None,Traditional,36.46374742234927,-78.73197814060892,18720.4,0,0.0,False,21
StovallShaw Elementary,ok,Granville,Regular School,None,Traditional,36.43837980788732,-78.57647311172373,11583.6,0,0.0,False,21
Greene Central High,review_recommended,Greene,Regular School,None,Traditional,35.47996427271416,-77.67000498954341,24270.7,0,0.0,False,21
Greene County Middle,review_recommended,Greene,Regular School,None,Traditional,35.491719321654074,-77.66907249135963,24942.4,0,0.0,False,21
Riverbend Elementary,ok,Haywood,Regular School,None,Traditional,35.59699643528222,-82.93561236153373,33647.7,0,0.0,False,21
Clyde Elementary,ok,Haywood,Regular School,None,Traditional,35.53449265560769,-82.9125079579933,31065.5,0,0.0,False,21
Central Haywood High,ok,Haywood,Alternative Education,None,Traditional,35.53264974631098,-82.911674808319,31021.7,0,0.0,False,21
Meadowbrook Elementary,ok,Haywood,Regular School,None,Year Round,35.514748130271435,-82.82702943536673,36960.4,0,0.0,False,21
Pisgah High,ok,Haywood,Regular School,None,Traditional,35.522154649563994,-82.84106161473537,36125.5,0,0.0,False,21
Tuscola High,ok,Haywood,Regular School,None,Traditional,35.522988960521474,-82.95184463524161,27376.8,0,0.0,False,21
Hazelwood Elementary,review_recommended,Haywood,Regular School,None,Traditional,35.47859162579965,-83.01423309222554,19955.1,0,0.0,False,21
Mills River Elementary,ok,Henderson,Regular School,None,Traditional,35.37697296745708,-82.56693103868646,57733.0,0,0.0,False,21
Balfour Education Center,review_recommended,Henderson,Alternative Education,None,Traditional,35.34906324997938,-82.47640249656834,66084.7,0,0.0,False,21
Edneyville Elementary,ok,Henderson,Regular School,None,Traditional,35.37343726257911,-82.37011084038235,71732.8,0,0.0,False,21
Dana Elementary,review_recommended,Henderson,Regular School,None,Traditional,35.33865872732342,-82.37391000617862,74261.1,0,0.0,False,21
Etowah Elementary,ok,Henderson,Regular School,None,Traditional,35.314764223924264,-82.58814408768127,56199.7,0,0.0,False,21
Hendersonville Middle,ok,Henderson,Regular School,None,Traditional,35.3221437826169,-82.47352658965517,66519.1,0,0.0,False,21
Hendersonville High,ok,Henderson,Regular School,None,Traditional,35.32236011523446,-82.4643033863569,67354.0,0,0.0,False,21
Central Elementary,review_recommended,Iredell,Regular School,None,Traditional,35.92779021274203,-80.96076972626702,18303.6,0,0.0,False,21
Scotts Elementary,review_recommended,Iredell,Regular School,None,Traditional,35.84405519835233,-81.013943871361,15970.1,0,0.0,False,21
West Iredell High,review_recommended,Iredell,Regular School,None,Traditional,35.79371179868093,-80.9913114424601,20999.3,0,0.0,False,21
West Iredell Middle,review_recommended,Iredell,Regular School,None,Traditional,35.78541063783472,-80.98606384895326,21064.4,0,0.0,False,21
Sharon Elementary,ok,Iredell,Regular School,None,Traditional,35.770236955250525,-81.06077257495033,14254.7,0,0.0,False,21
East Iredell Elementary,review_recommended,Iredell,Regular School,None,Traditional,35.80409751774279,-80.8364702248216,30860.5,0,0.0,False,21
East Iredell Middle,review_recommended,Iredell,Regular School,None,Traditional,35.83678218114433,-80.78973410447165,28842.4,0,0.0,False,21
Brawley Middle,ok,Iredell,Regular School,None,Traditional,35.582661332129895,-80.87744217882783,22581.1,0,0.0,False,21
Lake Norman Elementary,review_recommended,Iredell,Regular School,None,Traditional,35.57846563975,-80.8934413643919,23727.4,0,0.0,False,21
Mount Mourne School,review_recommended,Iredell,Regular School,None,Traditional,35.546541559508874,-80.84551022698398,18443.0,0,0.0,False,21
East Lincoln Middle,review_recommended,Lincoln,Regular School,None,Traditional,35.475405395053485,-81.09393423826755,22877.7,0,0.0,False,21
Rock Springs Elementary,ok,Lincoln,Regular School,None,Traditional,35.5296257446122,-81.02631338625537,22172.8,0,0.0,False,21
North Brook Elementary,review_recommended,Lincoln,Regular School,None,Traditional,35.49472267606019,-81.4539636039811,26468.4,0,0.0,False,21
East Lincoln High,review_recommended,Lincoln,Regular School,None,Traditional,35.45437097936081,-81.0258021102777,28152.2,0,0.0,False,21
Iron Station Elementary,ok,Lincoln,Regular School,None,Traditional,35.46028952929182,-81.16591195634622,22171.7,0,0.0,False,21
LCST,review_recommended,Lincoln,Vocational Education,None,Traditional,35.47867146366195,-81.23701991289042,19755.2,0,0.0,False,21
Love Memorial Elementary,ok,Lincoln,Regular School,None,Traditional,35.44927993959754,-81.27631694969756,23565.7,0,0.0,False,21
Hot Springs Elementary,ok,Madison,Regular School,None,Traditional,35.89221141042839,-82.83209518162526,65280.1,0,0.0,False,21
Madison High,ok,Madison,Regular School,None,Traditional,35.81547427366656,-82.67378715837714,67527.1,0,0.0,False,21
Laurel Elementary,ok,Madison,Regular School,None,Traditional,35.954580903767734,-82.70686335676056,77304.3,0,0.0,False,21
Madison Middle,review_recommended,Madison,Regular School,None,Traditional,35.8417567307397,-82.71374904721509,67142.9,0,0.0,False,21
West Marion Elementary,ok,McDowell,Regular School,None,Traditional,35.62174074597017,-82.06075286167062,33729.1,0,0.0,False,21
North Cove Elementary,ok,McDowell,Regular School,None,Traditional,35.83674666105798,-81.99029986468722,26404.5,0,0.0,False,21
Pleasant Gardens Elementary,ok,McDowell,Regular School,None,Traditional,35.691891928014655,-82.0712713668656,32516.1,0,0.0,False,21
McDowell High,ok,McDowell,Regular School,None,Traditional,35.69631428762214,-82.03647999215808,29330.0,0,0.0,False,21
West McDowell Junior High,ok,McDowell,Regular School,None,Traditional,35.70012316940672,-82.0402114148812,29600.2,0,0.0,False,21
Nebo Elementary,ok,McDowell,Regular School,None,Traditional,35.71426407068096,-81.92836594080211,19361.9,0,0.0,False,21
Mitchell High,ok,Mitchell,Regular School,None,Traditional,35.97039546302293,-82.11750912787943,43488.1,0,0.0,False,21
Bowman Middle,review_recommended,Mitchell,Regular School,None,Traditional,36.01059247208137,-82.15567248881433,45588.4,0,0.0,False,21
Gouge Elementary,review_recommended,Mitchell,Regular School,None,Traditional,36.01304790913744,-82.15201373367182,45166.6,0,0.0,False,21
Montgomery Learning Academy,review_recommended,Montgomery,Alternative Education,None,Traditional,35.35542233202645,-79.89453619847738,32746.0,0,0.0,False,21
Star Elementary,review_recommended,Montgomery,Regular School,None,Traditional,35.39582548172848,-79.78377505472312,26152.5,0,0.0,False,21
East Montgomery High,review_recommended,Montgomery,Regular School,None,Traditional,35.336875959838316,-79.77351831735324,32646.6,0,0.0,False,21
East Middle,review_recommended,Montgomery,Regular School,None,Traditional,35.328774051145274,-79.76756784726632,33537.6,0,0.0,False,21
Mount Gilead Elementary,review_recommended,Montgomery,Regular School,None,Traditional,35.2150037704444,-80.00248902524478,50925.7,0,0.0,False,21
West Middle,review_recommended,Montgomery,Regular School,None,Traditional,35.31952993725868,-79.94492006304534,38205.5,0,0.0,False,21
West Montgomery High,review_recommended,Montgomery,Regular School,None,Traditional,35.296119154420786,-79.96001444495744,41139.5,0,0.0,False,21
Seawell Elementary,review_recommended,Orange,Regular School,None,Traditional,35.94092628765156,-79.07841463014122,630.1,8,13.0,True,21
Frank Porter Graham Elem,review_recommended,Orange,Regular School,None,Traditional,35.900096652500366,-79.07186615040702,139.6,38,66.5,True,21
Glenwood Elementary,review_recommended,Orange,Regular School,None,Traditional,35.90683835256465,-79.02605653003653,206.1,36,58.3,True,21
UNC Hospital School,review_recommended,Orange,Regular School,Hospital,Traditional,35.90702362724903,-79.05281220309901,171.7,98,159.8,True,21
Estes Hills Elementary,review_recommended,Orange,Regular School,None,Traditional,35.936293304866844,-79.04317350510723,147.0,32,11.0,True,21
Guy B. Phillips Middle,review_recommended,Orange,Regular School,None,Traditional,35.93636965294076,-79.04656830503316,133.9,32,11.0,True,21
Efland Cheeks Elementary,review_recommended,Orange,Regular School,None,Traditional,36.08283502701724,-79.18883567361735,6936.9,0,0.0,False,21
New Hope Elementary,review_recommended,Orange,Regular School,None,Traditional,36.019580558121795,-79.07542497327822,1003.3,0,0.0,True,21
Saluda Elementary,ok,Polk,Regular School,None,Traditional,35.23671149562008,-82.34473692893626,79337.6,0,0.0,False,21
Polk County High,ok,Polk,Regular School,None,Traditional,35.26539428498933,-82.18462175458608,67261.4,0,0.0,False,21
Polk Central,ok,Polk,Regular School,None,Traditional,35.28847033640372,-82.12737377337697,61987.9,0,0.0,False,21
Liberty Elementary,review_recommended,Randolph,Regular School,None,Traditional,35.85534267594516,-79.57022320234587,23132.7,0,0.0,False,21
Grays Chapel Elementary,review_recommended,Randolph,Regular School,None,Traditional,35.820656163975706,-79.69838173708385,11251.3,0,0.0,False,21
Eastern Randolph High,review_recommended,Randolph,Regular School,None,Traditional,35.75499830301661,-79.61765578786746,17206.0,0,0.0,False,21
Franklinville Elementary,review_recommended,Randolph,Regular School,None,Traditional,35.7471627533497,-79.69329218104136,10338.8,0,0.0,False,21
Coleridge Elementary,review_recommended,Randolph,Regular School,None,Traditional,35.64566778768691,-79.61665742153441,13570.1,0,0.0,False,21
Braxton Craven Middle,review_recommended,Randolph,Regular School,None,Traditional,35.893436836833075,-79.9920963172774,3072.4,0,0.0,True,21
Trinity High,review_recommended,Randolph,Regular School,None,Traditional,35.894440563418385,-79.99791739400875,3296.6,0,0.0,True,21
ArchdaleTrinity Middle,review_recommended,Randolph,Regular School,None,Traditional,35.88630255573036,-79.95376869865011,3851.2,0,0.0,True,21
New Market Elementary,review_recommended,Randolph,Regular School,None,Traditional,35.8328246220988,-79.86597743925559,4090.1,0,0.0,True,21
Randleman Middle,review_recommended,Randolph,Regular School,None,Traditional,35.82296405758296,-79.81761673625064,508.0,1,22.0,True,21
Seagrove Elementary,review_recommended,Randolph,Regular School,None,Traditional,35.5447797086906,-79.77584031123635,9623.6,0,0.0,False,21
Bethany Elementary,review_recommended,Rockingham,Regular School,None,Traditional,36.30945251248084,-79.85778201627244,12452.7,0,0.0,False,21
Dalton McMichael High,review_recommended,Rockingham,Regular School,None,Traditional,36.41715800912622,-79.94251249581427,649.4,1,23.0,True,21
Western Rockingham Middle,review_recommended,Rockingham,Regular School,None,Traditional,36.40197847344877,-79.97919267167572,343.5,2,9.0,True,21
Stoneville Elementary,review_recommended,Rockingham,Regular School,None,Traditional,36.46328607452245,-79.90495776582873,351.3,3,12.0,True,21
Rockingham County High,review_recommended,Rockingham,Regular School,None,Traditional,36.38638492672615,-79.74054698931425,601.9,1,14.0,True,21
Wentworth Elementary,review_recommended,Rockingham,Regular School,None,Traditional,36.39515516034404,-79.75603981378347,608.8,2,14.0,True,21
Williamsburg Elementary,review_recommended,Rockingham,Regular School,None,Traditional,36.28990749472634,-79.616863205129,6390.4,0,0.0,False,21
Henderson High,review_recommended,Rowan,Alternative Education,None,Traditional,35.6771173221515,-80.45378464465132,212.0,12,1.0,True,21
East Rowan High,review_recommended,Rowan,Regular School,None,Traditional,35.593449332668015,-80.42297921024368,6856.6,0,0.0,False,21
Erwin Middle,review_recommended,Rowan,Regular School,None,Traditional,35.595351007090485,-80.42351167659034,6647.7,0,0.0,False,21
Cleveland Elementary,review_recommended,Rowan,Regular School,None,Traditional,35.72930732060607,-80.68180093031236,14892.4,0,0.0,False,21
Enochville Elementary,review_recommended,Rowan,Regular School,None,Traditional,35.53545955269992,-80.66636437552452,3565.1,0,0.0,True,21
Faith Elementary,review_recommended,Rowan,Regular School,None,Traditional,35.589417097296106,-80.46140344511315,5558.5,0,0.0,False,21
Granite Quarry Elementary,review_recommended,Rowan,Regular School,None,Traditional,35.61035370468933,-80.44760197984374,4080.6,0,0.0,True,21
Mt Ulla Elementary,review_recommended,Rowan,Regular School,None,Traditional,35.66545452317523,-80.71722340790635,17097.7,0,0.0,False,21
West Rowan High,ok,Rowan,Regular School,None,Traditional,35.698879267280674,-80.64394223704069,10964.6,0,0.0,False,21
Woodleaf Elementary,review_recommended,Rowan,Regular School,None,Traditional,35.770580210133744,-80.58998954657814,10419.3,0,0.0,False,21
Cordova School,ok,Richmond,Alternative Education,None,Traditional,34.91257312173796,-79.81926079204769,79849.9,0,0.0,False,21
Mineral Springs Elementary,review_recommended,Richmond,Regular School,None,Traditional,35.06292505712102,-79.75383059073047,63033.2,0,0.0,False,21
Richmond Senior High,ok,Richmond,Regular School,None,Traditional,34.94970993933044,-79.7156967647372,75717.2,0,0.0,False,21
Rohanen Middle,review_recommended,Richmond,Regular School,None,Traditional,34.91487960538582,-79.76502391596638,79444.5,0,0.0,False,21
Washington Street Elementary,ok,Richmond,Regular School,None,Traditional,34.94226273119327,-79.73569955642985,76455.6,0,0.0,False,21
West Rockingham Elementary,ok,Richmond,Regular School,None,Traditional,34.94503934550655,-79.78867046854313,76128.5,0,0.0,False,21
Cliffside Elementary,ok,Rutherford,Regular School,None,Traditional,35.24704441160644,-81.76852352186292,53247.1,0,0.0,False,21
East Rutherford High,ok,Rutherford,Regular School,None,Traditional,35.34056235438649,-81.81862317722194,43931.7,0,0.0,False,21
East Rutherford Middle,ok,Rutherford,Regular School,None,Traditional,35.3608138772108,-81.8312948292519,42092.9,0,0.0,False,21
Ellenboro Elementary,ok,Rutherford,Regular School,None,Traditional,35.33174104743467,-81.75952726083986,43827.9,0,0.0,False,21
RS Central High,ok,Rutherford,Regular School,None,Traditional,35.40287211348585,-81.96819986843778,43219.6,0,0.0,False,21
Mt VernonRuth Elementary,ok,Rutherford,Regular School,None,Traditional,35.41115696492584,-81.91067198985655,39756.2,0,0.0,False,21
RS Middle,ok,Rutherford,Regular School,None,Traditional,35.36568914310072,-81.94460006261919,45656.8,0,0.0,False,21
Shaw Academy,review_recommended,Scotland,Alternative Education,None,Traditional and Year Round,34.77020351774553,-79.447131247373,99795.7,0,0.0,False,21
PateGardner Elementary,review_recommended,Scotland,Regular School,None,Traditional,34.767390440118504,-79.61531679894519,96774.7,0,0.0,False,21
Wagram Primary,ok,Scotland,Regular School,None,Traditional,34.883695239802584,-79.36787907016337,90455.2,0,0.0,False,21
Aquadale Elementary,review_recommended,Stanly,Regular School,None,Traditional,35.22910191528266,-80.22375125119191,36844.2,0,0.0,False,21
Badin Elementary,ok,Stanly,Regular School,None,Traditional,35.40211321848205,-80.11471035269089,39370.0,0,0.0,False,21
Millingport Elementary,ok,Stanly,Regular School,None,Traditional,35.378343219227844,-80.29883698625358,25524.3,0,0.0,False,21
North Stanly Middle,ok,Stanly,Regular School,None,Traditional,35.44752947221386,-80.2220138068736,30881.8,0,0.0,False,21
North Stanly High,ok,Stanly,Regular School,None,Traditional,35.427673667821935,-80.21291247959051,33055.6,0,0.0,False,21
Norwood Elementary,review_recommended,Stanly,Regular School,None,Traditional,35.221181897882964,-80.11522222946166,46139.1,0,0.0,False,21
Stanfield Elementary,ok,Stanly,Regular School,None,Traditional,35.23069742111939,-80.42591798860418,22179.9,0,0.0,False,21
West Stanly High,ok,Stanly,Regular School,None,Traditional,35.26779234125815,-80.34688868930981,24979.0,0,0.0,False,21
Chestnut Grove Middle,review_recommended,Stokes,Regular School,None,Traditional,36.31927207686917,-80.37306014630735,16852.8,0,0.0,False,21
Mount Olive Elementary,review_recommended,Stokes,Regular School,None,Traditional,36.320100387554426,-80.37501904546359,17023.6,0,0.0,False,21
King Elementary,review_recommended,Stokes,Regular School,None,Traditional,36.278695242836385,-80.35388474252302,12150.7,0,0.0,False,21
Pinnacle Elementary,review_recommended,Stokes,Regular School,None,Traditional,36.328336546234446,-80.43689059489094,20226.3,0,0.0,False,21
Francisco Elementary,ok,Stokes,Regular School,None,Traditional,36.50882947447165,-80.35438623514739,34869.9,0,0.0,False,21
Germanton Elementary,review_recommended,Stokes,Regular School,None,Traditional,36.297388732558,-80.23454556406305,12434.9,0,0.0,False,21
South Stokes High,review_recommended,Stokes,Regular School,None,Traditional,36.32618681488801,-80.24085719337529,15416.3,0,0.0,False,21
Lawsonville Elementary,review_recommended,Stokes,Regular School,None,Traditional,36.4866639290161,-80.23050118138575,23549.3,0,0.0,False,21
North Stokes High,review_recommended,Stokes,Regular School,None,Traditional,36.464403861080754,-80.28003727890234,27224.7,0,0.0,False,21
Nancy Reynolds Elementary,review_recommended,Stokes,Regular School,None,Traditional,36.43754950479827,-80.34401938211666,28167.5,0,0.0,False,21
Pine Hall Elementary,review_recommended,Stokes,Regular School,None,Traditional,36.329637086251005,-80.04810217806462,10056.0,0,0.0,False,21
Sandy Ridge  Elementary,review_recommended,Stokes,Regular School,None,Traditional,36.500428966087014,-80.10179734454789,14093.2,0,0.0,False,21
Southeastern Stokes Middle,review_recommended,Stokes,Regular School,None,Traditional,36.310318003444515,-80.13891780381918,17627.8,0,0.0,False,21
London Elementary,review_recommended,Stokes,Regular School,None,Traditional,36.30000082005102,-80.14644571261556,16311.1,0,0.0,False,21
Walnut Cove Elementary,review_recommended,Stokes,Regular School,None,Traditional,36.32412975335733,-80.15027211440679,17942.7,0,0.0,False,21
Central Middle,ok,Surry,Regular School,None,Traditional,36.39588960463982,-80.73469347412404,44142.5,0,0.0,False,21
Dobson Elementary,ok,Surry,Regular School,None,Traditional,36.395201905002665,-80.72643661330021,43494.8,0,0.0,False,21
Pilot Mountain Middle,review_recommended,Surry,Regular School,None,Traditional,36.39023574341224,-80.47019382546975,27695.0,0,0.0,False,21
Shoals Elementary,ok,Surry,Regular School,None,Traditional,36.303170008539354,-80.50003993766788,21343.3,0,0.0,False,21
Surry Central High,ok,Surry,Regular School,None,Traditional,36.38228778110741,-80.71559389920111,41873.9,0,0.0,False,21
Westfield Elementary,ok,Surry,Regular School,None,Traditional,36.46433598356481,-80.68944204229469,46002.3,0,0.0,False,21
T C Henderson Elementary,ok,Transylvania,Regular School,None,Traditional,35.128872800232756,-82.88755055689582,38028.0,0,0.0,False,21
Rosman Elementary,ok,Transylvania,Regular School,None,Traditional,35.14398416039285,-82.82733955675614,41436.6,0,0.0,False,21
Rosman High,ok,Transylvania,Regular School,None,Traditional,35.14357718626632,-82.82078140810681,41961.7,0,0.0,False,21
Brevard Middle,ok,Transylvania,Regular School,None,Traditional,35.24594173842323,-82.7287020552611,45060.7,0,0.0,False,21
Benton Heights Elementary,review_recommended,Union,Regular School,None,Year Round,34.993294057154905,-80.55332493920389,39400.4,0,0.0,False,21
Parkwood High,ok,Union,Regular School,None,Traditional,34.90177177586008,-80.63069455727683,46628.6,0,0.0,False,21
Parkwood Middle,ok,Union,Regular School,None,Traditional,34.899070411209536,-80.63070737943148,46920.3,0,0.0,False,21
Hemby Bridge Elementary,ok,Union,Regular School,None,Traditional,35.10690786803262,-80.61794469989202,25496.4,0,0.0,False,21
Sardis Elementary,ok,Union,Regular School,None,Traditional,35.07076651311154,-80.62102891200806,29009.6,0,0.0,False,21
Sun Valley Middle,review_recommended,Union,Regular School,None,Traditional,35.04203833616241,-80.64999810144917,31125.8,0,0.0,False,21
Piedmont High,ok,Union,Regular School,None,Traditional,35.094845670467265,-80.49142028486223,32720.2,0,0.0,False,21
Forest Hills High,ok,Union,Regular School,None,Traditional,34.97946743445335,-80.41351898752887,47137.7,0,0.0,False,21
East Union Middle,ok,Union,Regular School,None,Traditional,34.98476367557947,-80.38416107934285,47616.3,0,0.0,False,21
Marshville Elementary,ok,Union,Regular School,None,Traditional,34.99170819449165,-80.36989923889831,47466.6,0,0.0,False,21
New Salem Elementary,ok,Union,Regular School,None,Traditional,35.12935470314741,-80.37106741677354,34180.2,0,0.0,False,21
Weddington Elementary,review_recommended,Union,Regular School,None,Traditional,35.006738610857155,-80.7255533334947,33842.1,0,0.0,False,21
Weddington Middle,review_recommended,Union,Regular School,None,Traditional,35.0065441105955,-80.72354005997363,33874.2,0,0.0,False,21
Western Union Elementary,ok,Union,Regular School,None,Traditional,34.924860218030354,-80.69098395826809,43162.2,0,0.0,False,21
Bethel Elementary,ok,Watauga,Regular School,None,Traditional,36.294574917694874,-81.84892717669771,13586.3,0,0.0,False,21
Blowing Rock Elementary,review_recommended,Watauga,Regular School,None,Traditional,36.132854118545744,-81.67674680803849,7060.3,0,0.0,False,21
Cove Creek Elementary,ok,Watauga,Regular School,None,Traditional,36.259511203369776,-81.74724639696281,4059.9,0,0.0,True,21
Mabel Elementary,ok,Watauga,Regular School,None,Traditional,36.32258572994928,-81.74662521110304,10525.9,0,0.0,False,21
Valle Crucis Elementary,ok,Watauga,Regular School,None,Traditional,36.21012891560334,-81.77905287886662,5625.1,0,0.0,False,21
Brogden Middle,ok,Wayne,Regular School,None,Traditional,35.29313772233535,-78.03755006492965,7174.9,0,0.0,False,21
Charles B Aycock High,ok,Wayne,Regular School,None,Traditional,35.50938039533309,-77.97995649081302,10309.3,0,0.0,False,21
Norwayne Middle,review_recommended,Wayne,Regular School,None,Traditional,35.51363518653792,-77.9539544086389,11078.1,0,0.0,False,21
Fremont STARS Elementary,review_recommended,Wayne,Regular School,None,Traditional,35.545072433955816,-77.97722318868824,14276.4,0,0.0,False,21
Northeast Elementary,ok,Wayne,Regular School,None,Traditional,35.48863871946945,-77.90507411335275,9666.5,0,0.0,False,21
Rosewood Elementary,review_recommended,Wayne,Regular School,None,Traditional,35.41388355235901,-78.07144003682599,1491.3,0,0.0,True,21
Eastern Wayne Middle,review_recommended,Wayne,Regular School,None,Traditional,35.3837407137488,-77.90949835219611,90.0,3,14.0,True,21
Goldsboro High,review_recommended,Wayne,Regular School,None,Traditional,35.38617934790485,-77.97975625144282,91.3,16,13.4,True,21
C B Eller Elementary,ok,Wilkes,Regular School,None,Traditional,36.27698193787892,-80.88859867405232,46596.5,0,0.0,False,21
C C Wright Elementary,ok,Wilkes,Regular School,None,Traditional,36.137818199024,-81.10526620972406,24553.2,0,0.0,False,21
RondaClingman Elementary,ok,Wilkes,Regular School,None,Traditional,36.204832925302505,-80.93734452860608,37494.1,0,0.0,False,21
East Wilkes High,ok,Wilkes,Regular School,None,Traditional,36.22612438207659,-80.92813757771111,39930.2,0,0.0,False,21
Moravian Falls Elementary,ok,Wilkes,Regular School,None,Traditional,36.09783601414337,-81.1807176777338,19358.5,0,0.0,False,21
Mount Pleasant Elementary,ok,Wilkes,Regular School,None,Traditional,36.14931279233111,-81.32559093995626,28037.9,0,0.0,False,21
Mountain View Elementary,ok,Wilkes,Regular School,None,Traditional,36.24837720036111,-81.11642114193643,36403.2,0,0.0,False,21
North Wilkes High,ok,Wilkes,Regular School,None,Traditional,36.28249529980928,-81.09874130897907,40386.5,0,0.0,False,21
Traphill Elementary,ok,Wilkes,Regular School,None,Traditional,36.34591184533918,-81.029547730965,48609.4,0,0.0,False,21
West Wilkes High,ok,Wilkes,Regular School,None,Traditional,36.185561032238724,-81.25935599747551,29930.4,0,0.0,False,21
Forest Hills Middle,ok,Wilson,Regular School,None,Traditional,35.74071774508577,-77.95052873737221,22928.4,0,0.0,False,21
Gardners Elementary,ok,Wilson,Regular School,None,Traditional,35.74379338908549,-77.78201721917394,19324.2,0,0.0,False,21
Speight Middle,ok,Wilson,Regular School,None,Traditional,35.65383682938645,-77.79609119070003,29184.7,0,0.0,False,21
Lee Woodard Elementary,ok,Wilson,Regular School,None,Traditional,35.6396640897138,-77.93777324922088,25094.5,0,0.0,False,21
Lucama Elementary,review_recommended,Wilson,Regular School,None,Traditional,35.641479851661494,-78.00115657647878,23968.2,0,0.0,False,21
Stantonsburg Elementary,review_recommended,Wilson,Regular School,None,Traditional,35.60346347050461,-77.82826430208837,24037.0,0,0.0,False,21
Boonville Elementary,review_recommended,Yadkin,Regular School,None,Traditional,36.231578676290304,-80.70348628675474,34049.8,0,0.0,False,21
East Bend Elementary,review_recommended,Yadkin,Regular School,None,Traditional,36.21390697589872,-80.50759244750519,16531.7,0,0.0,False,21
West Yadkin Elementary,ok,Yadkin,Regular School,None,Traditional,36.1236296268015,-80.78821813616923,39984.2,0,0.0,False,21
Yadkinville Elementary,review_recommended,Yadkin,Regular School,None,Traditional,36.13705946693772,-80.66125695976922,28900.5,0,0.0,False,21
Bald Creek Elementary,ok,Yancey,Regular School,None,Traditional,35.91272680695124,-82.42351033643267,66247.5,0,0.0,False,21
Bee Log Elementary,ok,Yancey,Regular School,None,Traditional,35.98309099434068,-82.40823403809233,67386.1,0,0.0,False,21
Burnsville Elementary,ok,Yancey,Regular School,None,Traditional,35.9171473981828,-82.25999144180953,52333.8,0,0.0,False,21
East Yancey Middle,ok,Yancey,Regular School,None,Traditional,35.91125915775304,-82.25806593898743,51947.8,0,0.0,False,21
Cane River Middle,ok,Yancey,Regular School,None,Traditional,35.912249578103044,-82.37810145724693,62290.2,0,0.0,False,21
Mountain Heritage High,ok,Yancey,Regular School,None,Traditional,35.908253625449795,-82.33332174295357,58291.5,0,0.0,False,21
Clearmont Elementary,ok,Yancey,Regular School,None,Traditional,35.976087475804526,-82.2972657615073,57962.4,0,0.0,False,21
Micaville Elementary,ok,Yancey,Regular School,None,Traditional,35.90527408009718,-82.21627804823338,48177.1,0,0.0,False,21
South Toe Elementary,ok,Yancey,Regular School,None,Traditional,35.84030577348437,-82.18807838244258,43672.3,0,0.0,False,21
Cranberry Middle,ok,Avery,Regular School,None,Traditional,36.150401052717854,-81.962220421125,23231.9,0,0.0,False,21
Avery Middle,ok,Avery,Regular School,None,Traditional,36.06730540195494,-81.91648887788844,24363.7,0,0.0,False,21
Mount Pleasant Middle,ok,Cabarrus,Regular School,None,Traditional,35.413051648616985,-80.43660415592522,12762.2,0,0.0,False,21
Cabarrus Co Opportunity Sch,ok,Cabarrus,Alternative Education,None,Traditional,35.39158486352955,-80.59308194566107,184.4,3,14.0,True,21
Forest Park Elementary,review_recommended,Cabarrus,Regular School,None,Traditional,35.47927485664925,-80.6039789204014,159.5,9,14.0,True,21
Catawba Elementary School,review_recommended,Catawba,Regular School,None,Traditional,35.697182567800596,-81.07339065954731,10801.8,0,0.0,False,21
Crest Middle,ok,Cleveland,Regular School,None,Traditional,35.27712529102603,-81.61888948103606,49182.2,0,0.0,False,21
Fallston Elementary,review_recommended,Cleveland,Regular School,None,Traditional,35.42638444808407,-81.49981703110787,35113.6,0,0.0,False,21
Armstrong Elementary,ok,Cumberland,Regular School,None,Traditional,35.09196920237415,-78.79090961970576,69237.4,0,0.0,False,21
Stedman Elementary,review_recommended,Cumberland,Regular School,None,Traditional,35.01371071286393,-78.69638177591068,73263.2,0,0.0,False,21
Cape Hatteras Elementary,ok,Dare,Regular School,None,Traditional,35.26532060631773,-75.55153348695458,136748.3,0,0.0,False,21
North Davidson High,ok,Davidson,Regular School,None,Traditional,35.92434040800595,-80.24681825409603,11679.1,0,0.0,False,21
Pickett Elementary School,review_recommended,Davidson,Regular School,None,Traditional,35.84588013396977,-80.26444883523185,16657.1,0,0.0,False,21
North Duplin Elementary,review_recommended,Duplin,Regular School,None,Traditional,35.135908759265604,-78.08452415102293,25072.1,0,0.0,False,21
North Duplin Jr Sr High,review_recommended,Duplin,Regular School,None,Traditional,35.13398623585845,-78.08611845670895,25318.1,0,0.0,False,21
B F Grady Elementary,ok,Duplin,Regular School,None,Traditional,35.05730035155204,-77.82905903506003,35832.3,0,0.0,False,21
Warsaw Elementary,review_recommended,Duplin,Regular School,None,Traditional,34.996191484836075,-78.07719201740923,40070.6,0,0.0,False,21
James Kenan High,ok,Duplin,Regular School,None,Traditional,34.98450503544092,-78.04310363651753,40979.4,0,0.0,False,21
E E Smith Middle,ok,Duplin,Regular School,None,Traditional,34.95906948362195,-77.97534918220698,43733.2,0,0.0,False,21
Kenansville Elementary,ok,Duplin,Regular School,None,Traditional,34.956595054095594,-77.95880952455904,44081.5,0,0.0,False,21
East Duplin High,review_recommended,Duplin,Regular School,None,Traditional,34.94081442369469,-77.78460471272439,35357.1,0,0.0,False,21
Beulaville Elementary,review_recommended,Duplin,Regular School,None,Traditional,34.91956010982069,-77.76413436869986,32473.7,0,0.0,False,21
Rose HillMagnolia Elementary,review_recommended,Duplin,Regular School,None,Traditional,34.85007920534216,-78.02341648851697,51603.7,0,0.0,False,21
Charity Middle,review_recommended,Duplin,Regular School,None,Traditional,34.824729851014425,-77.9685913674399,46127.9,0,0.0,False,21
Chinquapin Elementary,ok,Duplin,Regular School,None,Traditional,34.824852079279026,-77.81190351109107,32131.3,0,0.0,False,21
Wallace Elementary,ok,Duplin,Regular School,None,Traditional,34.73408207057724,-77.97894655053429,46353.0,0,0.0,False,21
Western Harnett High,review_recommended,Harnett,Regular School,None,Traditional,35.336028985845296,-78.98097773227099,43499.7,0,0.0,False,21
Western Harnett Middle,review_recommended,Harnett,Regular School,None,Traditional,35.335969673165536,-78.98874710854184,43695.0,0,0.0,False,21
STAR Academy,review_recommended,Harnett,Alternative Education,None,Traditional,35.39885815443678,-78.8226378192714,35065.5,0,0.0,False,21
Harnett Central Middle,review_recommended,Harnett,Regular School,None,Traditional,35.462873302454064,-78.78580577587492,28484.6,0,0.0,False,21
Bethel Elementary,ok,Haywood,Regular School,None,Traditional,35.47292971772964,-82.89605381631544,29449.8,0,0.0,False,21
Bethel Middle,ok,Haywood,Regular School,None,Traditional,35.47297074560296,-82.89415295416198,29614.3,0,0.0,False,21
Jonathan Valley Elementary,ok,Haywood,Regular School,None,Traditional,35.53146881636598,-83.03063269731157,22400.5,0,0.0,False,21
Troutman Middle,review_recommended,Iredell,Regular School,None,Traditional,35.69990415863406,-80.88577020158891,27778.2,0,0.0,False,21
Jamesville Elementary,review_recommended,Martin,Regular School,None,Traditional,35.81043652184156,-76.90130738135724,76424.1,0,0.0,False,21
Jamesville Middle,review_recommended,Martin,Regular School,None,Traditional,35.809841802028956,-76.89851298066638,76420.2,0,0.0,False,21
New Century Middle,review_recommended,Moore,Regular School,None,Traditional,35.332111636784575,-79.35832686415141,49645.8,0,0.0,False,21
Holly Tree Elementary,review_recommended,New Hanover,Regular School,None,Traditional,34.19298467042344,-77.88313553008331,620.2,3,14.0,True,21
Dr Hubert Eaton Sr Elem,review_recommended,New Hanover,Regular School,None,Year Round,34.26322248680931,-77.82985027489079,230.0,2,14.0,True,21
Ogden Elementary,ok,New Hanover,Regular School,None,Traditional,34.26607975143662,-77.80968898014892,1744.0,0,0.0,True,21
Fred A Anderson Elementary,review_recommended,Pamlico,Regular School,None,Traditional,35.139622285446826,-76.77922812397014,23870.3,0,0.0,False,21
Pamlico County High,review_recommended,Pamlico,Regular School,None,Traditional,35.14253911503569,-76.77887354607914,23956.9,0,0.0,False,21
Pamlico County Middle,ok,Pamlico,Regular School,None,Traditional,35.138334960868,-76.76251851038866,25354.9,0,0.0,False,21
Pender High,review_recommended,Pender,Regular School,None,Traditional,34.545733453242015,-78.01177648470814,33490.8,0,0.0,False,21
Penderlea Elementary,review_recommended,Pender,Regular School,None,Year Round,34.656027408605915,-78.04740942184763,46135.5,0,0.0,False,21
Rocky Point Primary,ok,Pender,Regular School,None,Traditional,34.42862283620291,-77.87700845004993,19049.8,0,0.0,False,21
Topsail High,review_recommended,Pender,Regular School,None,Traditional,34.39741962884354,-77.67705361429677,20478.3,0,0.0,False,21
Topsail Middle,review_recommended,Pender,Regular School,None,Traditional,34.39516958021582,-77.67812505437875,20228.3,0,0.0,False,21
West Pender Middle,review_recommended,Pender,Regular School,None,Traditional,34.5283667885164,-78.10300363591215,34217.0,0,0.0,False,21
Hertford County Middle,ok,Hertford,Regular School,None,Traditional,36.43009244731416,-77.08877850271654,72659.2,0,0.0,False,21
Riverview Elementary,ok,Hertford,Regular School,None,Traditional,36.43827168630623,-77.07634894720601,74095.2,0,0.0,False,21
Hertford County High,ok,Hertford,Regular School,None,Traditional,36.296517137544974,-76.99823827142845,72664.8,0,0.0,False,21
South Elementary,review_recommended,Person,Regular School,None,Traditional,36.37540180738165,-78.988757461812,31209.8,0,0.0,False,21
Lakewood High,ok,Sampson,Regular School,None,Traditional,34.990690704548484,-78.50226260325233,60460.8,0,0.0,False,21
RoseboroSalemburg Middle,ok,Sampson,Regular School,None,Traditional,34.95040067780133,-78.51263929523815,64202.6,0,0.0,False,21
EatonJohnson Middle,review_recommended,Vance,Regular School,None,Traditional,36.337806331578,-78.4010977914657,100.3,4,1.0,True,21
New Hope Elementary,review_recommended,Vance,Regular School,None,Traditional,36.4644746548365,-78.44232776071838,14035.9,0,0.0,False,21
E O Young Jr Elementary,review_recommended,Vance,Regular School,None,Traditional,36.397098313258255,-78.32912465645506,8391.4,0,0.0,False,21
Zeb Vance Elementary,review_recommended,Vance,Regular School,None,Traditional,36.264557553761094,-78.41060370625425,4804.2,0,0.0,True,21
Creswell Elementary,review_recommended,Washington,Regular School,None,Traditional,35.87017486785699,-76.39720318583245,102524.5,0,0.0,False,21
West Alexander Middle,review_recommended,Alexander,Regular School,None,Traditional,35.87308750529967,-81.31230686512275,3223.8,0,0.0,True,21
Bogue Sound Elementary,ok,Carteret,Regular School,None,Traditional,34.71891310851477,-76.95087792771648,33902.7,0,0.0,False,21
Croatan High,ok,Carteret,Regular School,None,Traditional,34.71619888338394,-76.95041138962293,33945.6,0,0.0,False,21
Tucker Creek Middle,review_recommended,Craven,Regular School,None,Year Round,34.929344643786564,-76.93899195794134,21426.3,0,0.0,False,21
Bunn Middle,review_recommended,Franklin,Regular School,None,Traditional,35.97474310816705,-78.26293113017852,32831.3,0,0.0,False,21
Cedar Creek Middle,review_recommended,Franklin,Regular School,None,Traditional,36.041591430812176,-78.44948333046517,29773.7,0,0.0,False,21
Weldon Middle,review_recommended,Halifax,Regular School,None,Traditional,36.41122469199748,-77.61309779989759,41942.7,0,0.0,False,21
Ocracoke School,ok,Hyde,Regular School,None,Traditional,35.1119600530184,-75.9783279695874,96703.4,0,0.0,False,21
East Clayton Elementary,review_recommended,Johnston,Regular School,None,Traditional,35.64800820127996,-78.40307518387168,31927.7,0,0.0,False,21
Pinehurst Elementary,review_recommended,Moore,Regular School,None,Traditional and Year Round,35.199919276655706,-79.46299922276673,55155.6,0,0.0,False,21
Hunters Creek Elementary,ok,Onslow,Regular School,None,Traditional,34.74303988180467,-77.33622682346638,2475.6,0,0.0,True,21
Queens Creek Elementary,review_recommended,Onslow,Regular School,None,Traditional,34.701130828505185,-77.15563458858334,15228.9,0,0.0,False,21
Pamlico County Primary,review_recommended,Pamlico,Regular School,None,Traditional,35.140721436485904,-76.78156310221964,23680.4,0,0.0,False,21
Carver Elementary,review_recommended,Wayne,Regular School,None,Traditional,35.200497681434754,-78.05148219363014,17363.6,0,0.0,False,21
Adams Elementary,ok,Wake,Regular School,None,Year Round,35.77762696914196,-78.76155706831643,269.3,7,58.3,True,21
Anson Academy,ok,Anson,Alternative Education,None,Traditional,34.94730444764638,-80.0775211483399,66789.1,0,0.0,False,21
Central Middle,review_recommended,Columbus,Regular School,None,Traditional,34.32664310462086,-78.71060861573834,70633.4,0,0.0,False,21
Mac Williams Middle,ok,Cumberland,Regular School,None,Traditional,35.03470167839151,-78.76615365914425,75769.0,0,0.0,False,21
E Melvin Honeycutt Elementary,ok,Cumberland,Regular School,None,Traditional,35.00102625249118,-78.992909869542,80136.0,0,0.0,False,21
William T Brown Elementary,ok,Cumberland,Regular School,None,Year Round,35.15864494365929,-78.96524732526997,62469.8,0,0.0,False,21
Midway Elementary,ok,Sampson,Regular School,None,Traditional,35.19054764235017,-78.50442968553,47944.3,0,0.0,False,21
Broadview Middle,review_recommended,Alamance,Regular School,None,Traditional,36.08752239601925,-79.39770303938808,3452.6,0,0.0,True,21
E M Yoder Elementary,review_recommended,Alamance,Regular School,None,Traditional,36.099550227633735,-79.27391875951304,2790.3,0,0.0,True,21
Eastern Alamance High,review_recommended,Alamance,Regular School,None,Traditional,36.11341447239515,-79.30306739688884,5239.0,0,0.0,False,21
Eastlawn Elementary,ok,Alamance,Regular School,None,Year Round,36.10152447210398,-79.40606371419908,5047.1,0,0.0,False,21
Elon Elementary,review_recommended,Alamance,Regular School,None,Traditional,36.103181461575375,-79.49957608466947,4490.5,0,0.0,True,21
B Everett Jordan Elem,review_recommended,Alamance,Regular School,None,Traditional,35.93952562337095,-79.32637833663826,14300.1,0,0.0,False,21
Graham High,review_recommended,Alamance,Regular School,None,Traditional,36.076608043924466,-79.38213538350006,2514.8,0,0.0,True,21
Graham Middle,ok,Alamance,Regular School,None,Year Round,36.06779746876716,-79.39637412611812,1281.8,0,0.0,True,21
Harvey R Newlin Elementary,ok,Alamance,Regular School,None,Traditional,36.07381666508839,-79.42107717913528,2783.8,0,0.0,True,21
Haw River Elementary,review_recommended,Alamance,Regular School,None,Year Round,36.093681328130636,-79.35821985267354,3081.7,0,0.0,True,21
Hillcrest Elementary,review_recommended,Alamance,Regular School,None,Traditional,36.10421521827322,-79.46240136674953,5641.1,0,0.0,False,21
Hugh M Cummings High,review_recommended,Alamance,Regular School,None,Traditional,36.088986445510365,-79.39703390654134,3617.2,0,0.0,True,21
Marvin B Smith Elementary,review_recommended,Alamance,Regular School,None,Traditional,36.07816076263444,-79.47639826160353,2633.1,0,0.0,True,21
North Graham Elementary,review_recommended,Alamance,Regular School,None,Year Round,36.07699940544502,-79.37918755177228,2307.0,0,0.0,True,21
Pleasant Grove Elementary,review_recommended,Alamance,Regular School,None,Traditional,36.21750206523358,-79.30695859226603,16200.3,0,0.0,False,21
R Homer Andrews Elementary,ok,Alamance,Regular School,None,Traditional,36.09399701291983,-79.38381064848085,3913.5,0,0.0,True,21
SellarsGunn Alternative,review_recommended,Alamance,Alternative Education,None,Traditional,36.104090238530596,-79.43155205486283,6055.6,0,0.0,False,21
South Graham Elementary,review_recommended,Alamance,Regular School,None,Year Round,36.051446786041424,-79.39490779558108,653.9,1,11.0,True,21
South Mebane Elementary,review_recommended,Alamance,Regular School,None,Traditional,36.090105626365435,-79.2726693905361,1736.8,0,0.0,True,21
Southern High,review_recommended,Alamance,Regular School,None,Traditional,36.00157380195555,-79.40692104349753,6128.0,0,0.0,False,21
Southern Middle,review_recommended,Alamance,Regular School,None,Traditional,36.00400651817538,-79.4091591134092,5888.7,0,0.0,False,21
Sylvan Elementary,review_recommended,Alamance,Regular School,None,Traditional,35.880246810512666,-79.43656067621974,19838.7,0,0.0,False,21
Turrentine Middle,review_recommended,Alamance,Regular School,None,Traditional,36.09167915335265,-79.46295041234077,4542.1,0,0.0,True,21
Walter M Williams High,review_recommended,Alamance,Regular School,None,Traditional,36.08716195120091,-79.45139289791382,5042.6,0,0.0,False,21
Western Middle,review_recommended,Alamance,Regular School,None,Traditional,36.162252196862404,-79.50347013767154,11051.8,0,0.0,False,21
Woodlawn Middle,review_recommended,Alamance,Regular School,None,Traditional,36.114906492487926,-79.30469744571408,5458.7,0,0.0,False,21
Alexander Central High,ok,Alexander,Regular School,None,Traditional,35.91855594699156,-81.1874272880085,207.7,13,14.3,True,21
East Alexander Middle,ok,Alexander,Regular School,None,Traditional,35.929288830713425,-81.1198828655403,4039.8,0,0.0,True,21
Hiddenite Elementary,review_recommended,Alexander,Regular School,None,Traditional,35.90666895564187,-81.09055889822572,6769.7,0,0.0,False,21
Taylorsville Elementary,review_recommended,Alexander,Regular School,None,Traditional,35.92093832589829,-81.18234679532063,124.3,31,14.1,True,21
Piney Creek Elementary,review_recommended,Alleghany,Regular School,None,Traditional,36.54815797603495,-81.30433139190262,47099.1,0,0.0,False,21
Sparta Elementary,review_recommended,Alleghany,Regular School,None,Traditional,36.5096587629632,-81.12611219834973,56093.9,0,0.0,False,21
Lilesville Elementary,review_recommended,Anson,Regular School,None,Traditional,34.962832413340045,-79.98919024809405,71415.8,0,0.0,False,21
Eastern Elementary,review_recommended,Beaufort,Regular School,None,Traditional,35.544833246072145,-77.036328422643,45133.8,0,0.0,False,21
John C Tayloe Elementary,review_recommended,Beaufort,Regular School,None,Traditional,35.558291518773295,-77.06473826671365,46369.6,0,0.0,False,21
Northside High,review_recommended,Beaufort,Regular School,None,Traditional,35.53613009185854,-76.72954590996949,54925.9,0,0.0,False,21
P S Jones Middle,review_recommended,Beaufort,Regular School,None,Traditional,35.599511904208335,-77.03353160269447,51193.1,0,0.0,False,21
Washington High,review_recommended,Beaufort,Regular School,None,Traditional,35.55718262694089,-77.01335134476962,46799.0,0,0.0,False,21
Windsor Elementary,review_recommended,Bertie,Regular School,None,Traditional,35.98722854870294,-76.92136214884594,74587.8,0,0.0,False,21
Bladen Lakes Primary,review_recommended,Bladen,Regular School,None,Traditional,34.711004431442745,-78.59515790323513,78558.6,0,0.0,False,21
Belville Elementary,review_recommended,Brunswick,Regular School,None,Traditional,34.221079251356194,-77.98368341974194,3378.8,0,0.0,True,21
Brunswick County Academy,ok,Brunswick,Alternative Education,None,Traditional,33.92521080111228,-78.02259891942731,26757.8,0,0.0,False,21
Union Elementary,ok,Brunswick,Regular School,None,Traditional,33.957865573682746,-78.46032293462004,54396.7,0,0.0,False,21
Waccamaw,review_recommended,Brunswick,Regular School,None,Traditional,34.06439225067555,-78.51695719016381,54968.5,0,0.0,False,21
West Brunswick High,ok,Brunswick,Regular School,None,Traditional,33.97964760202968,-78.4099077010608,49147.1,0,0.0,False,21
Reynolds High,ok,Buncombe,Regular School,None,Traditional,35.55193359442424,-82.47612864914389,68440.6,0,0.0,False,21
Reynolds Middle,ok,Buncombe,Regular School,None,Traditional,35.551566110246824,-82.47592457782947,68447.6,0,0.0,False,21
Barnardsville Elementary,review_recommended,Buncombe,Regular School,None,Traditional,35.77508018061538,-82.4600654566596,67232.4,0,0.0,False,21
Black Mountain Elementary,ok,Buncombe,Regular School,None,Traditional,35.620470504103004,-82.31362577925191,55607.3,0,0.0,False,21
Black Mountain Primary,ok,Buncombe,Regular School,None,Traditional,35.61992150454018,-82.31477208284473,55722.6,0,0.0,False,21
Candler Elementary,ok,Buncombe,Regular School,None,Traditional,35.53927392264784,-82.70076029143779,48612.8,0,0.0,False,21
Bell Elementary,review_recommended,Buncombe,Regular School,None,Traditional,35.590178648381446,-82.49199955462275,68330.7,0,0.0,False,21
Owen High,ok,Buncombe,Regular School,None,Traditional,35.619295999632776,-82.3738517436848,60948.6,0,0.0,False,21
Erwin High,review_recommended,Buncombe,Regular School,None,Traditional,35.61945817663216,-82.62579762116442,58385.5,0,0.0,False,21
Erwin Middle,review_recommended,Buncombe,Regular School,None,Traditional,35.617567160773326,-82.62952990875999,57989.5,0,0.0,False,21
Emma Elementary,ok,Buncombe,Regular School,None,Traditional,35.5984539845444,-82.59283845443493,60131.3,0,0.0,False,21
Fairview Elementary,ok,Buncombe,Regular School,None,Traditional,35.523507685530426,-82.41095101425658,67249.7,0,0.0,False,21
Glen Arden Elementary,review_recommended,Buncombe,Regular School,None,Traditional,35.47014501101241,-82.49686191232806,64738.5,0,0.0,False,21
Haw Creek Elementary,ok,Buncombe,Regular School,None,Traditional,35.59319501980533,-82.50703244181405,67158.8,0,0.0,False,21
Leicester Elementary,ok,Buncombe,Regular School,None,Traditional,35.65877158851347,-82.70778211219509,54136.5,0,0.0,False,21
North Buncombe Elementary,ok,Buncombe,Regular School,None,Traditional,35.74638666664372,-82.56893553330393,69993.8,0,0.0,False,21
North Buncombe High,ok,Buncombe,Regular School,None,Traditional,35.73934268186304,-82.55779705030702,70387.5,0,0.0,False,21
Oakley Elementary,ok,Buncombe,Regular School,None,Traditional,35.5645058666912,-82.51237404593948,65682.9,0,0.0,False,21
Enka Middle,review_recommended,Buncombe,Regular School,None,Traditional,35.551407641374375,-82.664920435509,52127.9,0,0.0,False,21
Sand HillVenable Elem,review_recommended,Buncombe,Regular School,None,Traditional,35.554756075195264,-82.6395348819886,54415.5,0,0.0,False,21
Williams Elementary,review_recommended,Buncombe,Regular School,None,Traditional,35.604803228236214,-82.40301238239917,63885.7,0,0.0,False,21
Roberson High,review_recommended,Buncombe,Regular School,None,Traditional,35.48679393136855,-82.53461731117214,61652.4,0,0.0,False,21
Estes Elementary,review_recommended,Buncombe,Regular School,None,Traditional,35.48859476763392,-82.53929361239929,61271.3,0,0.0,False,21
West Buncombe Elementary,ok,Buncombe,Regular School,None,Traditional,35.62059833465947,-82.62011593101235,58903.1,0,0.0,False,21
Woodfin Elementary,ok,Buncombe,Regular School,None,Traditional,35.63217748379527,-82.58455537054924,62361.2,0,0.0,False,21
Asheville High,review_recommended,Buncombe,Regular School,None,Traditional,35.573022660705824,-82.55220231383647,62552.5,0,0.0,False,21
Hall Fletcher Elementary,ok,Buncombe,Regular School,Magnet,Modified,35.57547627561324,-82.57489044627943,60708.1,0,0.0,False,21
Isaac Dickson Elementary,review_recommended,Buncombe,Regular School,Magnet,Modified,35.59464012958737,-82.56453493600726,62343.3,0,0.0,False,21
Claxton Elementary,ok,Buncombe,Regular School,Magnet,Modified,35.60797952003518,-82.55348594355222,63827.8,0,0.0,False,21
Ira B Jones Elementary,ok,Buncombe,Regular School,Magnet,Modified,35.630003797377924,-82.54916528298915,65160.8,0,0.0,False,21
Asheville Middle,ok,Buncombe,Regular School,None,Traditional,35.58658541398177,-82.55967352064263,62430.7,0,0.0,False,21
Vance Elementary,ok,Buncombe,Regular School,Magnet,Modified,35.578365254646975,-82.60048069877125,58651.3,0,0.0,False,21
Chesterfield Elementary,review_recommended,Burke,Regular School,None,Traditional,35.81080887818941,-81.66390836583639,5707.1,0,0.0,False,21
Hallyburton Academy,ok,Burke,Alternative Education,None,Traditional,35.745956368666,-81.69280843999408,206.6,11,13.0,True,21
Forest Hill Elementary,ok,Burke,Regular School,None,Traditional,35.732334076933654,-81.70078505034583,474.5,5,13.0,True,21
Freedom High,ok,Burke,Regular School,None,Traditional,35.744229782285814,-81.71911289797187,763.0,1,13.0,True,21
Glen Alpine Elementary,review_recommended,Burke,Regular School,None,Traditional,35.725037170320405,-81.77871809688966,5824.0,0,0.0,False,21
Heritage Middle,ok,Burke,Regular School,None,Traditional,35.759185778896104,-81.58132770405479,6704.0,0,0.0,False,21
Mountain Crest Elementary,ok,Burke,Regular School,None,Traditional,35.75407080567753,-81.67481698531982,165.8,5,13.0,True,21
Liberty Middle,review_recommended,Burke,Regular School,None,Traditional,35.70752018803151,-81.67077569525277,2180.2,0,0.0,True,21
North Liberty,review_recommended,Burke,Exceptional Children,None,Traditional,35.70866192389717,-81.67090600386312,2068.8,0,0.0,True,21
Salem Elementary,review_recommended,Burke,Regular School,None,Traditional,35.695636172093266,-81.70087383377911,3130.7,0,0.0,True,21
Valdese Elementary,review_recommended,Burke,Regular School,None,Traditional,35.74691882079765,-81.5668850797109,7760.3,0,0.0,False,21
Beverly Hills Elementary,review_recommended,Cabarrus,Regular School,None,Traditional,35.43109889314245,-80.59561473196587,404.5,9,15.6,True,21
ColtraneWebb Elementary,review_recommended,Cabarrus,Regular School,Magnet,Traditional,35.41098286230248,-80.58466605449256,320.1,21,14.0,True,21
Concord Middle,review_recommended,Cabarrus,Regular School,None,Traditional,35.41316288384447,-80.58826464357398,384.0,13,14.0,True,21
Concord High,review_recommended,Cabarrus,Regular School,None,Traditional,35.433632080081985,-80.58227939955172,1451.8,0,0.0,True,21
J N Fries Magnet School,ok,Cabarrus,Regular School,Magnet,Traditional,35.366993727177686,-80.59365357584842,1137.3,0,0.0,True,21
Mount Pleasant High,ok,Cabarrus,Regular School,None,Traditional,35.407976247373945,-80.48172262100331,8667.6,0,0.0,False,21
Northwest Cabarrus High,ok,Cabarrus,Regular School,None,Traditional,35.450459547331704,-80.66240613708781,1443.5,0,0.0,True,21
Northwest Cabarrus Middle,review_recommended,Cabarrus,Regular School,None,Traditional,35.453183331158776,-80.66505346380993,1796.0,0,0.0,True,21
Royal Oaks Elementary,review_recommended,Cabarrus,Regular School,None,Traditional,35.4665891772113,-80.61306595085826,287.2,6,14.0,True,21
Rocky River Elementary,review_recommended,Cabarrus,Regular School,None,Traditional,35.34249940158871,-80.59718515334791,3795.5,0,0.0,True,21
R Brown  McAllister Elementary,review_recommended,Cabarrus,Regular School,None,Traditional,35.39742726272035,-80.56699817475415,1120.4,0,0.0,True,21
W R Odell Elementary,review_recommended,Cabarrus,Regular School,None,Traditional,35.42771092613732,-80.73868190000472,5210.7,0,0.0,False,21
Winecoff Elementary,ok,Cabarrus,Regular School,None,Traditional,35.447731704160056,-80.61883296637735,111.3,5,14.0,True,21
A L Brown High,review_recommended,Cabarrus,Regular School,None,Traditional,35.49600958011028,-80.61953632909788,30.1,8,17.5,True,21
Fred L Wilson Elementary,review_recommended,Cabarrus,Regular School,None,Traditional,35.49735514563208,-80.64634997053993,116.9,3,14.0,True,21
Jackson Park Elementary,review_recommended,Cabarrus,Regular School,None,Traditional,35.504915902662056,-80.6020416632568,367.3,4,17.5,True,21
Kannapolis Middle,review_recommended,Cabarrus,Regular School,None,Traditional,35.49247742150217,-80.6170617005965,310.8,8,17.5,True,21
Shady Brook Elementary,review_recommended,Cabarrus,Regular School,None,Traditional,35.47467210960056,-80.64001094437214,266.5,3,14.0,True,21
Woodrow Wilson Elementary,review_recommended,Cabarrus,Regular School,None,Traditional,35.507921711516346,-80.62009308018484,255.9,6,14.0,True,21
Baton Elementary,review_recommended,Caldwell,Regular School,None,Traditional,35.80792103844155,-81.53649266039088,12273.6,0,0.0,False,21
Caldwell Co Gateway Sch,review_recommended,Caldwell,Alternative Education,None,Traditional,35.864441995045354,-81.36903355401634,7750.0,0,0.0,False,21
Davenport A+ School,ok,Caldwell,Regular School,None,Traditional,35.91227239805623,-81.54021002729101,20377.6,0,0.0,False,21
Dudley Shoals Elementary,review_recommended,Caldwell,Regular School,None,Traditional,35.855935673078555,-81.39285554983366,10092.0,0,0.0,False,21
Gamewell Elementary,review_recommended,Caldwell,Regular School,None,Traditional,35.868896126283396,-81.59702184612667,13763.7,0,0.0,False,21
Granite Falls Middle,review_recommended,Caldwell,Regular School,None,Traditional,35.798101464976945,-81.4325815757609,8958.0,0,0.0,False,21
Granite Falls Elementary,review_recommended,Caldwell,Regular School,None,Traditional,35.8076193017219,-81.43537151786539,9952.0,0,0.0,False,21
Hudson Elementary,review_recommended,Caldwell,Regular School,None,Traditional,35.849150064764565,-81.48248660392967,16195.4,0,0.0,False,21
Hudson Middle,review_recommended,Caldwell,Regular School,None,Traditional,35.84755306658027,-81.47841449198924,15828.8,0,0.0,False,21
William Lenoir Middle,review_recommended,Caldwell,Regular School,None,Traditional,35.92669380668969,-81.53552596734613,21973.5,0,0.0,False,21
Lower Creek Elementary,ok,Caldwell,Regular School,None,Traditional,35.92282848963446,-81.51271168734635,19960.6,0,0.0,False,21
South Caldwell High,review_recommended,Caldwell,Regular School,None,Traditional,35.820735166751255,-81.45063208493787,11941.4,0,0.0,False,21
Valmead Elementary,ok,Caldwell,Regular School,None,Traditional,35.937659123932484,-81.5404480974576,22701.4,0,0.0,False,21
West Lenoir Elementary,ok,Caldwell,Regular School,None,Traditional,35.90946435810902,-81.55304991020235,19536.5,0,0.0,False,21
Whitnel Elementary,ok,Caldwell,Regular School,None,Traditional,35.88999485596602,-81.52132038598147,19316.2,0,0.0,False,21
Camden Middle,ok,Camden,Regular School,None,Traditional,36.36117486653725,-76.1747319252753,145597.7,0,0.0,False,21
Beaufort Elementary,ok,Carteret,Regular School,None,Traditional,34.72033951705708,-76.65543529501588,55153.6,0,0.0,False,21
Beaufort Middle,review_recommended,Carteret,Regular School,None,Traditional,34.728028512954694,-76.64808160100688,54928.4,0,0.0,False,21
Morehead Elem at Camp Glenn,review_recommended,Carteret,Regular School,None,Traditional,34.72598416935213,-76.74997907591812,49586.6,0,0.0,False,21
Morehead City Middle,review_recommended,Carteret,Regular School,None,Traditional,34.73185271605405,-76.74141313369879,49459.3,0,0.0,False,21
Morehead City Primary,ok,Carteret,Regular School,None,Traditional,34.73391383038795,-76.77783325161414,47517.7,0,0.0,False,21
West Carteret High,ok,Carteret,Regular School,None,Traditional,34.737253134245485,-76.78631910100181,46810.7,0,0.0,False,21
White Oak Elementary,ok,Carteret,Regular School,None,Traditional,34.69264089782595,-77.05949266059218,24097.9,0,0.0,False,21
Stoney Creek Elementary,review_recommended,Caswell,Regular School,None,Traditional,36.344966100497,-79.42396458643177,20684.6,0,0.0,False,21
Harry M Arndt Middle,ok,Catawba,Regular School,None,Traditional,35.77443288295512,-81.26720931224101,3118.1,0,0.0,True,21
Bandys High,ok,Catawba,Regular School,None,Traditional,35.64267217339215,-81.08495998037348,11420.9,0,0.0,False,21
Charles H Tuttle Elementary,review_recommended,Catawba,Regular School,None,Traditional,35.589102091392355,-81.15743714666729,9117.2,0,0.0,False,21
Clyde Campbell Elementary,review_recommended,Catawba,Regular School,None,Traditional,35.778225682528266,-81.28790591651548,2076.8,0,0.0,True,21
Fred T Foard High,review_recommended,Catawba,Regular School,None,Traditional,35.61755764404044,-81.37096015200093,10910.3,0,0.0,False,21
Jacobs Fork Middle,review_recommended,Catawba,Regular School,None,Traditional,35.61386086999909,-81.37092368841985,11261.9,0,0.0,False,21
Maiden Elementary,review_recommended,Catawba,Regular School,None,Traditional,35.577912304322695,-81.21250464346271,8662.6,0,0.0,False,21
Maiden High,review_recommended,Catawba,Regular School,None,Traditional,35.5802921485167,-81.22402795905684,8424.2,0,0.0,False,21
Mountain View Elementary,review_recommended,Catawba,Regular School,None,Traditional,35.66362852449884,-81.3856889681494,6937.6,0,0.0,False,21
Oxford Elementary,review_recommended,Catawba,Regular School,None,Traditional,35.77378833865373,-81.15520875735477,7314.7,0,0.0,False,21
Saint Stephens Elementary,review_recommended,Catawba,Regular School,None,Traditional,35.733257843701054,-81.27345545968859,584.9,2,5.5,True,21
Saint Stephens High,ok,Catawba,Regular School,None,Traditional,35.77238540192766,-81.26863866492239,2858.4,0,0.0,True,21
Startown Elementary,review_recommended,Catawba,Regular School,None,Traditional,35.63885551931991,-81.26900069029266,4266.2,0,0.0,True,21
Northview Middle,review_recommended,Catawba,Regular School,None,Traditional,35.742710314044736,-81.33135875818427,351.2,16,8.8,True,21
Grandview Middle,ok,Catawba,Regular School,None,Traditional,35.723840792214176,-81.36035569556009,100.6,14,10.0,True,21
Hickory Career & Arts Magnet High School,ok,Catawba,Regular School,None,Traditional,35.735590379443686,-81.33514807575288,48.8,36,15.5,True,21
Hickory High,review_recommended,Catawba,Regular School,None,Traditional,35.74958892320385,-81.33235004578543,269.2,15,8.0,True,21
W M Jenkins Elementary,review_recommended,Catawba,Regular School,None,Traditional,35.78092622419293,-81.32363235668575,1246.2,0,0.0,True,21
Longview Elementary,ok,Catawba,Regular School,None,Traditional,35.727917070112866,-81.38022207807826,980.9,0,0.0,True,21
Oakwood Elementary,review_recommended,Catawba,Regular School,None,Traditional,35.737195006689866,-81.34472470292535,557.2,6,26.2,True,21
Southwest Elementary,ok,Catawba,Regular School,None,Traditional,35.71029015294099,-81.38702478577851,2474.4,0,0.0,True,21
Viewmont Elementary,review_recommended,Catawba,Regular School,None,Traditional,35.75345777485354,-81.33715213483727,70.8,16,8.5,True,21
Conover Special Education,review_recommended,Catawba,Exceptional Children,None,Traditional,35.701446906190206,-81.22150409857414,102.1,18,7.8,True,21
NewtonConover High,ok,Catawba,Regular School,None,Traditional,35.67771318922198,-81.22452291130429,406.4,14,9.3,True,21
NewtonConover Middle,review_recommended,Catawba,Regular School,None,Traditional,35.689293089484025,-81.2221431649421,336.1,9,10.0,True,21
Shuford Elementary,review_recommended,Catawba,Regular School,None,Traditional,35.720166848642364,-81.20040179644798,1038.6,0,0.0,True,21
South Newton Elementary,review_recommended,Catawba,Regular School,None,Traditional,35.65409731167544,-81.2285684814759,617.7,4,9.5,True,21
Thornton Elementary,review_recommended,Catawba,Regular School,None,Traditional,35.6807981774495,-81.22354266697096,434.2,15,9.4,True,21
SAGE Academy,review_recommended,Chatham,Alternative Education,None,Traditional,35.729857758270875,-79.4593944379865,29787.3,0,0.0,False,21
Jordan Matthews High,review_recommended,Chatham,Regular School,None,Traditional,35.72398181656882,-79.45197002616494,30185.6,0,0.0,False,21
Perry W Harrison Elementary,review_recommended,Chatham,Regular School,None,Traditional,35.808795114698924,-79.15983964023997,8449.5,0,0.0,False,21
Pittsboro Elementary,ok,Chatham,Regular School,None,Traditional,35.71781632507968,-79.18395762548582,17582.4,0,0.0,False,21
Siler City Elementary,review_recommended,Chatham,Regular School,None,Traditional,35.727313032504284,-79.49309652952256,26860.9,0,0.0,False,21
Chowan Middle,review_recommended,Chowan,Regular School,None,Traditional,36.232653038640734,-76.65574313137529,100255.1,0,0.0,False,21
D F Walker Elementary,review_recommended,Chowan,Regular School,None,Traditional,36.16479454268179,-76.65259032012194,99320.7,0,0.0,False,21
White Oak Elementary,ok,Chowan,Regular School,None,Traditional,36.163586440519055,-76.65431517597939,99149.9,0,0.0,False,21
Boiling Springs Elementary,review_recommended,Cleveland,Regular School,None,Traditional,35.239262275561046,-81.65424275110776,53290.8,0,0.0,False,21
Burns High,review_recommended,Cleveland,Regular School,None,Traditional,35.4198123791605,-81.532828518771,34972.0,0,0.0,False,21
Burns Middle,review_recommended,Cleveland,Regular School,None,Traditional,35.4258543963274,-81.53905210094659,34162.1,0,0.0,False,21
Crest High,review_recommended,Cleveland,Regular School,None,Traditional,35.27239165464559,-81.60888743284784,49769.1,0,0.0,False,21
Shelby Intermediate,ok,Cleveland,Regular School,None,Traditional,35.26748039774649,-81.49768799917652,49843.8,0,0.0,False,21
Township Three Elementary,review_recommended,Cleveland,Regular School,None,Traditional,35.217332515929535,-81.53182522809867,56213.9,0,0.0,False,21
Union Elementary,review_recommended,Cleveland,Regular School,None,Traditional,35.38947162198665,-81.61909881721687,36751.5,0,0.0,False,21
Chadbourn Middle,review_recommended,Columbus,Regular School,None,Traditional,34.31604000890973,-78.8356224240551,81939.2,0,0.0,False,21
Guideway Elementary,review_recommended,Columbus,Regular School,None,Traditional,34.06623746934954,-78.70007090619146,71387.8,0,0.0,False,21
Old Dock Elementary,review_recommended,Columbus,Regular School,None,Traditional,34.16411962428523,-78.59526374648387,60085.6,0,0.0,False,21
Tabor City Elementary,review_recommended,Columbus,Regular School,None,Traditional,34.15170803724714,-78.8729120163725,85649.0,0,0.0,False,21
Tabor City Middle,review_recommended,Columbus,Regular School,None,Traditional,34.14877193256821,-78.88767810332874,87040.4,0,0.0,False,21
Edgewood Elementary,ok,Columbus,Regular School,None,Traditional,34.331266572253256,-78.69701430653438,69461.3,0,0.0,False,21
Whiteville High,ok,Columbus,Regular School,None,Traditional,34.33456182330095,-78.70696016407132,70418.7,0,0.0,False,21
Whiteville Primary,ok,Columbus,Regular School,None,Traditional,34.339084465189515,-78.71266666369596,71010.6,0,0.0,False,21
Albert H Bangert Elementary,review_recommended,Craven,Regular School,None,Traditional,35.08535910628544,-77.08326482349571,1810.7,0,0.0,True,21
Ben D Quinn Elementary,review_recommended,Craven,Regular School,None,Traditional,35.09200819695336,-77.12875353331577,2776.5,0,0.0,True,21
Brinson Memorial Elementary,review_recommended,Craven,Regular School,None,Traditional,35.070235966072744,-77.01644276280004,4251.7,0,0.0,True,21
Grover C Fields Middle,ok,Craven,Regular School,None,Traditional,35.10994141451054,-77.07187683603057,389.1,2,10.0,True,21
Graham A Barden Elementary,ok,Craven,Regular School,None,Traditional,34.89733966177741,-76.91634018103582,25525.7,0,0.0,False,21
H J MacDonald Middle,review_recommended,Craven,Regular School,None,Traditional,35.11724005524227,-77.09859617058429,471.3,1,5.0,True,21
Havelock Elementary,ok,Craven,Regular School,None,Year Round,34.87740900439787,-76.89852676113946,28231.7,0,0.0,False,21
Havelock High,ok,Craven,Regular School,None,Traditional,34.880309235181464,-76.89388009911312,28139.5,0,0.0,False,21
Havelock Middle,ok,Craven,Regular School,None,Traditional,34.87755007062835,-76.90041103605628,28140.7,0,0.0,False,21
J T Barber Elementary,review_recommended,Craven,Regular School,None,Traditional,35.11784368447374,-77.06439897400925,572.2,2,10.0,True,21
James W Smith Elementary,ok,Craven,Regular School,None,Traditional,35.24976647268788,-77.28962241201292,21091.0,0,0.0,False,21
New Bern High,ok,Craven,Regular School,None,Traditional,35.10055030123116,-77.11531544462521,1460.2,0,0.0,True,21
Oaks Road Elementary,review_recommended,Craven,Regular School,None,Traditional,35.12745538640421,-77.06583442920369,1592.6,0,0.0,True,21
Trent Park Elementary,review_recommended,Craven,Regular School,None,Traditional,35.10944166972219,-77.07786213855191,607.8,1,4.0,True,21
West Craven Middle,ok,Craven,Regular School,None,Traditional,35.217253328260334,-77.15060021233042,9597.7,0,0.0,False,21
Alma O Easom Elementary,review_recommended,Cumberland,Regular School,None,Traditional,35.06021068831319,-78.90783807998643,72730.9,0,0.0,False,21
Ashley Elementary,review_recommended,Cumberland,Regular School,None,Traditional,35.039450976847355,-78.90596253399859,75016.9,0,0.0,False,21
Loyd E Auman Elementary,review_recommended,Cumberland,Regular School,None,Traditional,35.03817107863805,-79.01117824784355,76356.1,0,0.0,False,21
Lillian Black Elementary,review_recommended,Cumberland,Regular School,None,Traditional,35.167533623088204,-78.97177620814129,61594.6,0,0.0,False,21
Brentwood Elementary,review_recommended,Cumberland,Regular School,None,Traditional,35.038086601813525,-78.98358688283652,75942.6,0,0.0,False,21
Douglas Byrd Middle,review_recommended,Cumberland,Regular School,None,Traditional,35.0334732813953,-78.94859249212882,76031.6,0,0.0,False,21
Douglas Byrd High,review_recommended,Cumberland,Regular School,None,Traditional,35.03110476429361,-78.94871762502785,76294.1,0,0.0,False,21
Cape Fear High,review_recommended,Cumberland,Regular School,None,Traditional,35.03475370430466,-78.76212465506106,75801.3,0,0.0,False,21
Elizabeth M Cashwell Elementary,review_recommended,Cumberland,Regular School,None,Traditional,35.006669505946924,-78.91470431954362,78700.8,0,0.0,False,21
Anne Chesnutt Middle,ok,Cumberland,Regular School,None,Year Round,35.0512397477702,-78.97316626130478,74359.3,0,0.0,False,21
Cliffdale Elementary,ok,Cumberland,Regular School,None,Traditional,35.058967683123704,-78.9948239619112,73821.2,0,0.0,False,21
College Lakes Elementary,ok,Cumberland,Regular School,None,Traditional,35.128023876143,-78.89924864970331,65171.0,0,0.0,False,21
C Wayne Collier Elementary,review_recommended,Cumberland,Regular School,None,Traditional,34.97589044403611,-78.98209999183814,82750.6,0,0.0,False,21
J W Coon Elementary,review_recommended,Cumberland,Regular School,None,Traditional,35.03250141260284,-78.96058205402159,76266.8,0,0.0,False,21
Cumberland Mills Elementary,review_recommended,Cumberland,Regular School,None,Traditional,35.00228449382115,-78.96853397633365,79683.8,0,0.0,False,21
Cumberland Road Elementary,review_recommended,Cumberland,Regular School,None,Traditional,35.02088808061741,-78.91151256557742,77106.4,0,0.0,False,21
"Luther ""Nick"" Jeralds Middle",review_recommended,Cumberland,Regular School,None,Traditional,35.09220558255048,-78.87753916888649,69039.2,0,0.0,False,21
E E Smith High,review_recommended,Cumberland,Regular School,None,Traditional,35.08294891144844,-78.89635488037119,70145.5,0,0.0,False,21
FergusonEasley Elementary,review_recommended,Cumberland,Regular School,None,Traditional,35.0840811316837,-78.89702653527341,70023.7,0,0.0,False,21
Glendale Acres Elementary,review_recommended,Cumberland,Regular School,None,Traditional,35.0351723629119,-78.92773620810158,75647.5,0,0.0,False,21
R Max Abbott Middle,review_recommended,Cumberland,Regular School,None,Traditional,35.051531443287196,-78.9234394378112,73804.5,0,0.0,False,21
Howard L Hall Elementary,ok,Cumberland,Regular School,None,Traditional,35.15660472272606,-78.88735075956862,61940.3,0,0.0,False,21
Bill Hefner Elementary,review_recommended,Cumberland,Regular School,None,Traditional,35.06795168930543,-79.0452589001753,73770.4,0,0.0,False,21
Hope Mills Middle,ok,Cumberland,Regular School,None,Traditional,34.96596380955325,-78.93972164826918,83394.8,0,0.0,False,21
Ed V Baldwin Elementary,review_recommended,Cumberland,Regular School,None,Year Round,34.97902185928231,-78.9347650845476,81909.8,0,0.0,False,21
Lewis Chapel Middle,ok,Cumberland,Regular School,None,Traditional,35.04879480901386,-78.97626093170203,74668.4,0,0.0,False,21
Long Hill Elementary,review_recommended,Cumberland,Regular School,None,Traditional,35.16263434226175,-78.86528360032787,61196.5,0,0.0,False,21
Lucile Souders Elementary,ok,Cumberland,Regular School,None,Traditional,35.09967116983227,-78.88154353666748,68225.3,0,0.0,False,21
Margaret Willis Elementary,review_recommended,Cumberland,Regular School,None,Traditional,35.070800907682596,-78.90337359335335,71530.7,0,0.0,False,21
Massey Hill Classical High,review_recommended,Cumberland,Regular School,None,Traditional,35.03147436421866,-78.89389945478571,75835.6,0,0.0,False,21
Mary McArthur Elementary,review_recommended,Cumberland,Regular School,None,Traditional,35.025568287765545,-78.94211187708312,76838.6,0,0.0,False,21
E E Miller Elementary,review_recommended,Cumberland,Regular School,None,Year Round,35.05419699850294,-79.04461924786828,75242.3,0,0.0,False,21
Montclair Elementary,ok,Cumberland,Regular School,None,Traditional,35.055695099412375,-78.96147846239582,73724.7,0,0.0,False,21
Morganton Road Elementary,ok,Cumberland,Regular School,None,Traditional,35.07897691756421,-78.98748509926743,71520.4,0,0.0,False,21
Manchester Elementary,review_recommended,Cumberland,Regular School,None,Traditional,35.16953002129728,-78.96805178185794,61319.3,0,0.0,False,21
William H Owen Elementary,review_recommended,Cumberland,Regular School,None,Traditional,35.04258295092198,-78.95438634907065,75088.0,0,0.0,False,21
Pauline Jones Elementary,review_recommended,Cumberland,Regular School,None,Traditional,35.05136495084318,-78.86867420051686,73545.7,0,0.0,False,21
Pine Forest Middle,ok,Cumberland,Regular School,None,Traditional,35.18023639235213,-78.85747138388275,59232.6,0,0.0,False,21
Pine Forest High,ok,Cumberland,Regular School,None,Traditional,35.15489384539486,-78.8869585623093,62128.0,0,0.0,False,21
Ponderosa Elementary,review_recommended,Cumberland,Regular School,None,Traditional,35.08699169881167,-78.98735271776192,70641.7,0,0.0,False,21
Reid Ross Classical,review_recommended,Cumberland,Regular School,None,Year Round,35.10163389551265,-78.8777608536896,67994.5,0,0.0,False,21
Ramsey St Middle,review_recommended,Cumberland,Alternative Education,None,Traditional,35.07948052592725,-78.8824362067583,70466.9,0,0.0,False,21
Benjamin J Martin Elementary,review_recommended,Cumberland,Regular School,None,Traditional,35.09286240282282,-79.01003225461137,70380.0,0,0.0,False,21
SeventyFirst Classical Middle,review_recommended,Cumberland,Regular School,None,Traditional,35.0384236616724,-79.0085027067463,76284.1,0,0.0,False,21
SeventyFirst High,review_recommended,Cumberland,Regular School,None,Traditional,35.03948988595551,-79.00563973829071,76120.9,0,0.0,False,21
Sherwood Park Elementary,review_recommended,Cumberland,Regular School,None,Traditional,35.01794036442274,-78.96311285254353,77898.4,0,0.0,False,21
South View High,review_recommended,Cumberland,Regular School,None,Traditional,34.978955150270764,-78.92790613672828,81861.5,0,0.0,False,21
Spring Lake Middle,review_recommended,Cumberland,Regular School,None,Traditional,35.16953029930825,-78.96804972329889,61319.3,0,0.0,False,21
Teresa C Berrien Elementary,review_recommended,Cumberland,Regular School,None,Year Round,35.0652958830023,-78.87602396990495,72018.5,0,0.0,False,21
Terry Sanford High,review_recommended,Cumberland,Regular School,None,Traditional,35.06661943792033,-78.91640924122666,72081.8,0,0.0,False,21
Vanstory Hills Elementary,review_recommended,Cumberland,Regular School,None,Traditional,35.05737498937691,-78.92758882901171,73193.7,0,0.0,False,21
WalkerSpivey,review_recommended,Cumberland,Alternative Education,None,Traditional,35.03957147695273,-78.87363655463074,74864.9,0,0.0,False,21
Warrenwood Elementary,review_recommended,Cumberland,Regular School,None,Traditional,35.12101762967233,-78.9091083177508,66012.3,0,0.0,False,21
Westarea Elementary,ok,Cumberland,Regular School,None,Traditional,35.098636055354376,-78.91298504765886,68516.0,0,0.0,False,21
Westover Middle,ok,Cumberland,Regular School,None,Traditional,35.08400777803059,-78.99164627167103,71034.6,0,0.0,False,21
Westover High,ok,Cumberland,Regular School,None,Traditional,35.08448342019479,-78.99012195185087,70958.8,0,0.0,False,21
Alger B Wilkins Elementary,ok,Cumberland,Regular School,None,Traditional,35.083281196664714,-78.95209618856731,70580.5,0,0.0,False,21
Kitty Hawk Elementary,review_recommended,Dare,Regular School,None,Traditional,36.09805382620179,-75.73309733468994,161565.6,0,0.0,False,21
StonerThomas School,review_recommended,Davidson,Exceptional Children,None,Traditional,35.81755801009644,-80.19907200127747,13219.1,0,0.0,False,21
Davidson County High School,review_recommended,Davidson,Alternative Education,None,Traditional,35.816347369476816,-80.18906191007753,12667.3,0,0.0,False,21
DavisTownsend Elementary,review_recommended,Davidson,Regular School,None,Traditional,35.80628624735635,-80.1640989706484,12144.4,0,0.0,False,21
Denton Elementary,ok,Davidson,Regular School,None,Traditional,35.63281505727098,-80.118751652822,26414.0,0,0.0,False,21
E Lawson Brown Middle,review_recommended,Davidson,Regular School,None,Traditional,35.84484180003225,-80.10697797121631,6113.8,0,0.0,False,21
East Davidson High,review_recommended,Davidson,Regular School,None,Traditional,35.850721553298946,-80.10129158758826,5373.9,0,0.0,False,21
Fair Grove Elementary,ok,Davidson,Regular School,None,Traditional,35.847444269127585,-80.07934520534418,5774.4,0,0.0,False,21
Hasty Elementary,review_recommended,Davidson,Regular School,None,Traditional,35.92226062863957,-80.08139631296113,2790.2,0,0.0,True,21
Ledford Senior High,ok,Davidson,Regular School,None,Traditional,35.963288929699836,-80.13420021166583,8144.4,0,0.0,False,21
Midway Elementary,ok,Davidson,Regular School,None,Traditional,35.952370324269964,-80.21410888963638,9200.0,0,0.0,False,21
North Davidson Middle,ok,Davidson,Regular School,None,Traditional,35.92686639417174,-80.24592716405373,11410.9,0,0.0,False,21
Pilot Elementary,review_recommended,Davidson,Regular School,None,Traditional,35.87820501196937,-80.13541919078071,4548.4,0,0.0,True,21
Tyro Middle,review_recommended,Davidson,Regular School,None,Traditional,35.80590555373392,-80.37111555926379,13470.8,0,0.0,False,21
Wallburg Elementary,ok,Davidson,Regular School,None,Traditional,36.08895070630149,-80.14071325103079,3021.8,0,0.0,True,21
Charles England Elementary School,review_recommended,Davidson,Regular School,None,Traditional,35.81731563055604,-80.23933474835815,16092.6,0,0.0,False,21
Lexington Senior High,review_recommended,Davidson,Regular School,None,Traditional,35.83236846264027,-80.25034239470249,16097.6,0,0.0,False,21
South Lexington School,ok,Davidson,Regular School,None,Traditional,35.79678561783156,-80.26139939500675,18801.3,0,0.0,False,21
Southwest Elementary School,ok,Davidson,Regular School,None,Traditional,35.81816223882157,-80.28114036471618,19074.9,0,0.0,False,21
Liberty Drive Elementary,ok,Davidson,Regular School,None,Traditional,35.87863810554584,-80.06470415993098,3284.1,0,0.0,True,21
Thomasville Primary,ok,Davidson,Regular School,None,Traditional,35.87677015823581,-80.05988124284049,3748.3,0,0.0,True,21
Thomasville Middle,review_recommended,Davidson,Regular School,None,Traditional,35.89976033644741,-80.07780148696045,1257.5,0,0.0,True,21
Thomasville High,review_recommended,Davidson,Regular School,None,Traditional,35.89956546796237,-80.07618429506554,1400.8,0,0.0,True,21
Mocksville Elementary,ok,Davie,Regular School,None,Traditional,35.90633806896883,-80.55846394999179,23745.8,0,0.0,False,21
North Davie Middle,review_recommended,Davie,Regular School,None,Traditional,35.9648548278267,-80.53362569182319,20154.2,0,0.0,False,21
Pinebrook Elementary,review_recommended,Davie,Regular School,None,Traditional,35.970775413221574,-80.51675846660916,18497.9,0,0.0,False,21
Shady Grove Elementary,ok,Davie,Regular School,None,Traditional,35.94648891709827,-80.41569410990205,12911.0,0,0.0,False,21
WallaceRose Hill High,review_recommended,Duplin,Regular School,None,Traditional,34.77138665308208,-77.99535614231485,47882.9,0,0.0,False,21
Warsaw Middle,review_recommended,Duplin,Regular School,None,Traditional,34.99445216598557,-78.11054324628141,40859.3,0,0.0,False,21
Brogden Middle,review_recommended,Durham,Regular School,None,Traditional,36.0252762977174,-78.90759445913366,265.9,10,37.0,True,21
Easley Elementary,review_recommended,Durham,Regular School,None,Year Round,36.07592361998542,-78.92780908390351,1593.5,0,0.0,True,21
Forest View Elementary,ok,Durham,Regular School,None,Traditional,36.00060307408335,-79.04632463475204,2439.3,0,0.0,True,21
E K Powe Elementary,review_recommended,Durham,Regular School,None,Traditional,36.01209286750657,-78.92167281138475,80.4,16,51.1,True,21
C B Martin Middle,review_recommended,Edgecombe,Regular School,None,Traditional,35.9070680985508,-77.53641435127562,20542.8,0,0.0,False,21
Princeville Montessori,ok,Edgecombe,Regular School,None,Traditional,35.88668930979721,-77.52496851091395,22007.6,0,0.0,False,21
Stocks Elementary,review_recommended,Edgecombe,Regular School,None,Traditional,35.910515513260975,-77.55117600949511,19167.3,0,0.0,False,21
Tarboro High,review_recommended,Edgecombe,Regular School,None,Traditional,35.900067767626794,-77.55937546121368,18642.1,0,0.0,False,21
Bolton Elementary,review_recommended,Forsyth,Regular School,None,Traditional,36.074467160768016,-80.29002791813164,256.0,25,35.6,True,21
Brunson Elementary,review_recommended,Forsyth,Regular School,None,Traditional,36.09461475179441,-80.26580145298587,214.3,19,34.5,True,21
Career Center,ok,Forsyth,Vocational Education,None,Traditional,36.067962714326036,-80.27366641739869,41.8,15,27.2,True,21
Cash Elementary,review_recommended,Forsyth,Regular School,None,Traditional,36.13774582633096,-80.12122223965287,3211.6,0,0.0,True,21
Carter High School,review_recommended,Forsyth,Exceptional Children,None,Traditional,36.06312894102908,-80.23863302618122,17.6,9,16.4,True,21
Children's Center,review_recommended,Forsyth,Exceptional Children,None,Traditional,36.11749828736509,-80.2776750606065,39.8,7,13.7,True,21
Clemmons Elementary,review_recommended,Forsyth,Regular School,None,Traditional,36.02543545010206,-80.37749133694325,4574.1,0,0.0,True,21
The Downtown School,review_recommended,Forsyth,Regular School,Magnet,Traditional,36.10118155499688,-80.24761961803135,14.7,54,56.3,True,21
East Forsyth High,review_recommended,Forsyth,Regular School,None,Traditional,36.12137213007843,-80.15118258902757,44.6,6,20.5,True,21
Easton Elementary,review_recommended,Forsyth,Regular School,None,Traditional,36.057607810873236,-80.22230235946257,290.5,11,17.5,True,21
Forest Park Elementary,review_recommended,Forsyth,Regular School,None,Traditional,36.073167631940905,-80.21696569584083,301.5,24,18.5,True,21
R B Glenn High,review_recommended,Forsyth,Regular School,None,Traditional,36.06938887556389,-80.11168337293661,4574.3,0,0.0,True,21
Griffith Elementary,review_recommended,Forsyth,Regular School,None,Traditional,36.04071649988516,-80.26447034655193,479.7,5,27.4,True,21
HallWoodward Elementary,review_recommended,Forsyth,Regular School,None,Traditional,36.07954487530878,-80.17640846024102,341.8,8,33.9,True,21
Hanes Middle,review_recommended,Forsyth,Regular School,None,Traditional,36.12677047812948,-80.23654836937018,190.5,25,31.1,True,21
Ibraham Elementary,ok,Forsyth,Regular School,None,Traditional,36.158992614851265,-80.20042081910796,899.0,0,0.0,True,21
Jefferson Elementary,review_recommended,Forsyth,Regular School,None,Traditional,36.11604878994882,-80.32119919680078,398.9,5,14.0,True,21
Kernersville Elementary,review_recommended,Forsyth,Regular School,None,Traditional,36.12687483582003,-80.08037768573813,1192.0,0,0.0,True,21
Kernersville Middle,review_recommended,Forsyth,Regular School,None,Traditional,36.13429076790576,-80.07541378844041,1782.8,0,0.0,True,21
Konnoak Elementary,review_recommended,Forsyth,Regular School,None,Traditional,36.0513526283214,-80.24571346540553,498.2,11,16.6,True,21
DiggsLatham Elementary,ok,Forsyth,Regular School,None,Traditional,36.07768720599434,-80.2552711700209,321.7,8,34.8,True,21
Lewisville Elementary,review_recommended,Forsyth,Regular School,None,Traditional,36.09619919969853,-80.41988386711692,6712.4,0,0.0,False,21
Lowrance Middle,review_recommended,Forsyth,Exceptional Children,None,Traditional,36.12677047812948,-80.23654836937018,190.5,25,31.1,True,21
Meadowlark Elementary,review_recommended,Forsyth,Regular School,None,Traditional,36.0991884166725,-80.36637814012919,2342.5,0,0.0,True,21
Mineral Springs Elementary,review_recommended,Forsyth,Regular School,None,Traditional,36.15632184319326,-80.23626184499658,46.7,10,17.6,True,21
Mineral Springs Middle,review_recommended,Forsyth,Regular School,None,Traditional,36.15733747030189,-80.2362625109564,64.8,10,17.7,True,21
Moore Elementary,review_recommended,Forsyth,Regular School,None,Traditional,36.09072364876622,-80.28651604332252,160.8,15,27.9,True,21
Mount Tabor High,review_recommended,Forsyth,Regular School,None,Traditional,36.12808719451468,-80.31266318161151,547.6,6,14.0,True,21
North Forsyth High,review_recommended,Forsyth,Regular School,None,Traditional,36.16928796050541,-80.28317028163563,279.2,9,32.6,True,21
North Hills Elementary,review_recommended,Forsyth,Regular School,None,Traditional,36.148916591225976,-80.25018880291401,544.5,11,31.9,True,21
Northwest Middle,review_recommended,Forsyth,Regular School,None,Traditional,36.190210254069335,-80.30917220429863,2050.9,0,0.0,True,21
Old Richmond Elementary,review_recommended,Forsyth,Regular School,None,Traditional,36.205629431738984,-80.38906420366784,6656.1,0,0.0,False,21
Old Town Elementary,review_recommended,Forsyth,Regular School,None,Traditional,36.16548856007382,-80.33207588796166,61.9,11,18.5,True,21
Paisley IB Magnet,review_recommended,Forsyth,Regular School,Magnet,Traditional,36.11384413970075,-80.25807327363121,97.6,27,20.9,True,21
Parkland High,review_recommended,Forsyth,Regular School,None,Traditional,36.056138774096915,-80.26029377670213,102.7,10,30.0,True,21
J. F. Kennedy High,review_recommended,Forsyth,Alternative Education,None,Traditional,36.1183440547701,-80.22424019597184,343.8,20,21.8,True,21
PhiloHill Magnet Acadent,review_recommended,Forsyth,Regular School,None,Traditional,36.053766406803675,-80.24584580995622,541.7,8,16.6,True,21
Piney Grove Elementary,review_recommended,Forsyth,Regular School,None,Traditional,36.16507455205841,-80.05320994375302,5447.8,0,0.0,False,21
Reynolds High,review_recommended,Forsyth,Regular School,None,Traditional,36.10078495101937,-80.26662794271557,422.1,11,13.8,True,21
Rural Hall Elementary,review_recommended,Forsyth,Regular School,None,Traditional,36.24062538530287,-80.29070094100152,5808.2,0,0.0,False,21
Sedge Garden Elementary,review_recommended,Forsyth,Regular School,None,Traditional,36.095961915328616,-80.13710299077879,2845.6,0,0.0,True,21
Sherwood Forest Elementary,review_recommended,Forsyth,Regular School,None,Traditional,36.10488659815698,-80.30838696219962,1051.9,0,0.0,True,21
Southeast Middle,review_recommended,Forsyth,Regular School,None,Traditional,36.082869215952954,-80.08894375374713,3819.1,0,0.0,True,21
South Fork Elementary,ok,Forsyth,Regular School,None,Traditional,36.08338478605013,-80.32536781556497,58.9,8,14.1,True,21
Speas Elementary,ok,Forsyth,Regular School,None,Traditional,36.13030254365822,-80.29597497089081,104.3,14,14.8,True,21
Union Cross Elementary,review_recommended,Forsyth,Regular School,None,Traditional,36.048513156097805,-80.1197265089307,3829.9,0,0.0,True,21
Vienna Elementary,ok,Forsyth,Regular School,None,Traditional,36.141238385544916,-80.3888428739252,5685.7,0,0.0,False,21
Walkertown Elementary,review_recommended,Forsyth,Regular School,None,Traditional,36.16923682698725,-80.1511745453302,5026.0,0,0.0,False,21
West Forsyth High,review_recommended,Forsyth,Regular School,None,Traditional,36.064701424350396,-80.38967702888883,4523.3,0,0.0,True,21
Whitaker Elementary,review_recommended,Forsyth,Regular School,None,Traditional,36.1068978032163,-80.28423917909568,788.5,2,14.0,True,21
Wiley Middle,review_recommended,Forsyth,Regular School,None,Traditional,36.097538729910795,-80.2671273282428,330.3,13,24.5,True,21
Franklinton Elementary,review_recommended,Franklin,Regular School,None,Traditional,36.097121200034614,-78.46262693933342,23879.8,0,0.0,False,21
Laurel Mill Elementary,review_recommended,Franklin,Regular School,None,Traditional,36.19172291553388,-78.1733805426765,24787.8,0,0.0,False,21
Louisburg High,review_recommended,Franklin,Regular School,None,Traditional,36.1109201673991,-78.29932522986952,23974.5,0,0.0,False,21
Ashbrook High,review_recommended,Gaston,Regular School,None,Traditional,35.24238369583836,-81.1279525351187,35583.3,0,0.0,False,21
Belmont Central Elementary,review_recommended,Gaston,Regular School,None,Traditional,35.23923055949051,-81.04893317347735,28703.4,0,0.0,False,21
Belmont Middle,review_recommended,Gaston,Regular School,None,Traditional,35.240810459294245,-81.04223206759141,28069.1,0,0.0,False,21
Brookside Elementary,review_recommended,Gaston,Regular School,None,Traditional,35.29364227935974,-81.15408071314454,37166.3,0,0.0,False,21
Carr Elementary,review_recommended,Gaston,Regular School,None,Traditional,35.3134607287625,-81.18016188627495,38124.6,0,0.0,False,21
Catawba Heights Elementary,review_recommended,Gaston,Regular School,None,Traditional,35.27334237408332,-81.03570518461105,26691.6,0,0.0,False,21
Cherryville High,review_recommended,Gaston,Regular School,None,Traditional,35.38885248130632,-81.38133914926675,33042.4,0,0.0,False,21
Cherryville Elementary,review_recommended,Gaston,Regular School,None,Traditional,35.37864484842527,-81.37430142904678,33821.8,0,0.0,False,21
Costner Elementary,ok,Gaston,Regular School,None,Traditional,35.32760792679261,-81.22732632434835,36431.3,0,0.0,False,21
Cramerton Middle,review_recommended,Gaston,Regular School,None,Traditional,35.22328530022953,-81.0865411699944,32492.6,0,0.0,False,21
East Gaston High,review_recommended,Gaston,Regular School,None,Traditional,35.31420955541423,-81.07331950329147,29769.3,0,0.0,False,21
Forestview High,review_recommended,Gaston,Regular School,None,Traditional,35.1834497450834,-81.13555827625288,38189.8,0,0.0,False,21
Gardner Park Elementary,review_recommended,Gaston,Regular School,None,Traditional,35.25287895715257,-81.13445700138466,35930.5,0,0.0,False,21
Grier Middle,review_recommended,Gaston,Regular School,None,Traditional,35.25285392074227,-81.15390944376854,37672.1,0,0.0,False,21
Holbrook Middle,review_recommended,Gaston,Regular School,None,Traditional,35.265650439077724,-81.10484458028371,33035.8,0,0.0,False,21
Hunter Huss High,review_recommended,Gaston,Regular School,None,Traditional,35.24144057559982,-81.20636139480483,42593.8,0,0.0,False,21
Page Primary,review_recommended,Gaston,Regular School,None,Traditional,35.23518414518407,-81.03306441772382,27456.0,0,0.0,False,21
Chavis Middle,review_recommended,Gaston,Regular School,None,Traditional,35.37111610746443,-81.37652858421524,34670.2,0,0.0,False,21
Kiser Elementary,ok,Gaston,Regular School,None,Traditional,35.361829432336606,-81.09179515986133,31930.7,0,0.0,False,21
Lingerfeldt Elementary,review_recommended,Gaston,Regular School,None,Traditional,35.24094140437017,-81.19110545268614,41241.0,0,0.0,False,21
Lowell Elementary,review_recommended,Gaston,Regular School,None,Traditional,35.27777414947028,-81.0904699015634,31555.4,0,0.0,False,21
Mount Holly Middle,review_recommended,Gaston,Regular School,None,Traditional,35.298693644245894,-81.02249311218523,25189.5,0,0.0,False,21
Forest Heights Elementary,ok,Gaston,Regular School,None,Traditional,35.24507608003099,-81.22834632501612,44491.8,0,0.0,False,21
New Hope Elementary,review_recommended,Gaston,Regular School,None,Traditional,35.21193001668129,-81.08287556348161,32581.6,0,0.0,False,21
North Belmont Elementary,review_recommended,Gaston,Regular School,None,Traditional,35.27315666018531,-81.04853238686633,27847.0,0,0.0,False,21
North Gaston High,review_recommended,Gaston,Regular School,None,Traditional,35.33479125725184,-81.17748297651724,35791.1,0,0.0,False,21
Pinewood Elementary,review_recommended,Gaston,Regular School,None,Traditional,35.32898973090649,-80.9993953803343,23127.7,0,0.0,False,21
Pleasant Ridge Elementary,review_recommended,Gaston,Regular School,None,Traditional,35.24934362433731,-81.20304098067788,42142.9,0,0.0,False,21
Rhyne Elementary,review_recommended,Gaston,Regular School,None,Traditional,35.28055568004835,-81.2079306797946,41641.4,0,0.0,False,21
Robinson Elementary,review_recommended,Gaston,Regular School,None,Traditional,35.21425408259087,-81.16660503005681,39759.9,0,0.0,False,21
Sherwood Elementary,review_recommended,Gaston,Regular School,None,Traditional,35.24981354665217,-81.15344498408243,37690.9,0,0.0,False,21
H H Beam Elementary,review_recommended,Gaston,Regular School,None,Traditional,35.2223119602453,-81.20150011520431,42605.6,0,0.0,False,21
Southwest Middle,review_recommended,Gaston,Regular School,None,Traditional,35.231494169511826,-81.2057028210484,42752.5,0,0.0,False,21
Stanley Middle,review_recommended,Gaston,Regular School,None,Traditional,35.36733594764036,-81.10299430089414,33041.3,0,0.0,False,21
Friday Middle,review_recommended,Gaston,Regular School,None,Traditional,35.33436586729111,-81.1835064675439,35788.9,0,0.0,False,21
Woodhill Elementary,review_recommended,Gaston,Regular School,None,Traditional,35.27968777326361,-81.1797867348712,39611.1,0,0.0,False,21
York Chester Middle,review_recommended,Gaston,Regular School,None,Traditional,35.255971928595244,-81.19200430693026,41034.8,0,0.0,False,21
ButnerStem Middle,review_recommended,Granville,Regular School,None,Traditional,36.13901750282251,-78.75376300471771,14746.6,0,0.0,False,21
ButnerStem Elementary,review_recommended,Granville,Regular School,None,Traditional,36.13620517321406,-78.75816568809142,14279.4,0,0.0,False,21
C. G. Credle Elementary,review_recommended,Granville,Regular School,None,Traditional,36.31359281656067,-78.59062355783156,344.7,3,1.0,True,21
J. F. Webb High,review_recommended,Granville,Regular School,None,Traditional,36.339819452596565,-78.6006564760876,612.9,1,1.0,True,21
Northern Granville Middle,review_recommended,Granville,Regular School,None,Traditional,36.33878836303263,-78.59614433241805,390.4,1,1.0,True,21
West Oxford Elementary,review_recommended,Granville,Regular School,None,Traditional,36.32106112718224,-78.61149509953201,768.7,1,1.0,True,21
Snow Hill Primary,review_recommended,Greene,Regular School,None,Traditional,35.45046439883761,-77.66398508907221,23549.9,0,0.0,False,21
West Greene Elementary,review_recommended,Greene,Regular School,None,Traditional,35.45218916924525,-77.68450721330659,21850.6,0,0.0,False,21
Alamance Elementary,review_recommended,Guilford,Regular School,None,Traditional,36.01628493455692,-79.70557765770948,5579.3,0,0.0,False,21
Edwin A Alderman Elementary,review_recommended,Guilford,Regular School,None,Traditional,36.042033291808735,-79.86844235167334,553.4,3,27.0,True,21
Allen Jay Elementary,review_recommended,Guilford,Regular School,None,Traditional,35.93121167712983,-79.95596057396956,1337.4,0,0.0,True,21
Southern Middle School,review_recommended,Guilford,Regular School,None,Traditional,35.9239538580508,-79.9597199151772,1184.2,0,0.0,True,21
Allen Middle,review_recommended,Guilford,Regular School,None,Traditional,36.00861645714151,-79.82091441928584,12.6,4,19.0,True,21
T Wingate Andrews High,review_recommended,Guilford,Regular School,Magnet,Modified,35.985327306291296,-79.99125850552365,27.2,10,12.8,True,21
Archer Elementary,review_recommended,Guilford,Regular School,None,Traditional,36.03214510345058,-79.82993662201274,15.6,12,19.0,True,21
Aycock Middle,review_recommended,Guilford,Regular School,Magnet,Traditional,36.08282142202675,-79.78035340901133,138.5,28,34.2,True,21
Bessemer Elementary,review_recommended,Guilford,Regular School,None,Traditional,36.09077907933075,-79.7377826001134,160.7,11,63.8,True,21
Bluford Elementary,review_recommended,Guilford,Regular School,Magnet,Modified,36.05679365091741,-79.76436363873923,279.8,16,32.0,True,21
Brightwood Elementary,review_recommended,Guilford,Regular School,None,Traditional,36.146196378536075,-79.75535615159986,185.2,5,38.4,True,21
Brooks Global Studies,review_recommended,Guilford,Regular School,Magnet,Modified,36.08639591095686,-79.81319101969312,31.7,16,27.1,True,21
Claxton Elementary,review_recommended,Guilford,Regular School,None,Traditional,36.10974364266226,-79.85929411847084,1903.5,0,0.0,True,21
Cone Elementary,review_recommended,Guilford,Regular School,None,Traditional,36.10762810850097,-79.78089290953946,31.6,21,42.6,True,21
Dudley High,review_recommended,Guilford,Regular School,None,Traditional,36.06070848142592,-79.76514447047427,263.7,28,32.0,True,21
Eastern Guilford High,review_recommended,Guilford,Regular School,None,Traditional,36.092612144881784,-79.61516635957969,9931.9,0,0.0,False,21
Erwin Montessori,review_recommended,Guilford,Regular School,Magnet,Modified,36.08467167147398,-79.7447183338268,133.3,16,57.9,True,21
Fairview Elementary,review_recommended,Guilford,Regular School,None,Traditional,35.948287835766095,-80.0065860496963,18.7,49,18.7,True,21
Ferndale Middle,review_recommended,Guilford,Regular School,Magnet,Traditional,35.95793948472295,-80.01567862861756,224.9,45,19.6,True,21
Julius I Foust Elementary,review_recommended,Guilford,Regular School,None,Traditional,36.03818921053049,-79.80902196201644,658.0,5,32.0,True,21
Cyrus P Frazier Elementary,review_recommended,Guilford,Regular School,None,Traditional,36.012946709765814,-79.82358212750081,463.5,5,19.0,True,21
Gateway Education Center,review_recommended,Guilford,Exceptional Children,None,Traditional,36.08747434379699,-79.73148496388562,454.3,3,86.0,True,21
Gibsonville Elementary,review_recommended,Guilford,Regular School,None,Traditional,36.10965145911561,-79.54504731848257,6679.5,0,0.0,False,21
General Greene Elementary,review_recommended,Guilford,Regular School,Magnet,Modified,36.07999124291853,-79.81353094312092,57.6,19,37.1,True,21
Grimsley High,review_recommended,Guilford,Regular School,None,Traditional,36.08178327743266,-79.812887710795,113.7,17,32.4,True,21
Guilford Middle,review_recommended,Guilford,Regular School,None,Traditional,36.080447227624816,-79.8944360925675,444.4,6,32.0,True,21
Guilford Elementary,review_recommended,Guilford,Regular School,None,Traditional,36.080565484225744,-79.90258697356983,458.7,4,32.0,True,21
W M Hampton Elementary,review_recommended,Guilford,Regular School,Magnet,Year Round,36.06556041843205,-79.75490845689383,228.7,24,32.0,True,21
High Point Central High,review_recommended,Guilford,Regular School,Magnet,Modified,35.957983803641,-80.01963800860554,231.1,30,17.5,True,21
Hunter Elementary,review_recommended,Guilford,Regular School,None,Traditional,36.05046895603962,-79.8537864324141,716.9,2,27.0,True,21
Irving Park Elementary,review_recommended,Guilford,Regular School,None,Traditional,36.09570317504525,-79.81234728661417,364.8,16,25.5,True,21
Jackson Middle,review_recommended,Guilford,Regular School,None,Traditional,36.04708748734094,-79.82627889080253,17.8,20,29.8,True,21
Jamestown Elementary,review_recommended,Guilford,Regular School,None,Traditional,35.99743784924716,-79.94058256839459,503.6,6,8.0,True,21
Jesse Wharton Elem,review_recommended,Guilford,Regular School,None,Traditional,36.16602541288139,-79.8348716129694,2955.8,0,0.0,True,21
Johnson Street Global Studies,review_recommended,Guilford,Regular School,Magnet,Modified,35.977372265554806,-80.01653106012175,277.7,15,22.4,True,21
David D Jones Elementary,review_recommended,Guilford,Regular School,Magnet,Modified,36.05479539833194,-79.79753296722232,123.0,25,32.0,True,21
James Y Joyner Elementary,review_recommended,Guilford,Regular School,None,Traditional,36.11604111272551,-79.81816599859766,420.4,4,19.0,True,21
Kirkman Park Elementary,review_recommended,Guilford,Regular School,Magnet,Traditional,35.97273303002398,-80.00323915370905,145.6,14,16.4,True,21
Kiser Middle,review_recommended,Guilford,Regular School,None,Traditional,36.10110803954171,-79.83188329066088,684.5,6,32.0,True,21
The Academy at Lincoln,review_recommended,Guilford,Regular School,Magnet,Traditional,36.06255683305645,-79.7649365425387,57.9,32,32.0,True,21
John Van Lindley Elementary,review_recommended,Guilford,Regular School,None,Traditional,36.07117911638554,-79.82980086782051,373.8,7,36.4,True,21
Madison Elementary,review_recommended,Guilford,Regular School,None,Traditional,36.14651018112394,-79.6962584492897,4451.7,0,0.0,True,21
McIver Education Center,review_recommended,Guilford,Exceptional Children,None,Traditional,36.093676506578895,-79.76968218634497,71.7,16,37.9,True,21
Mendenhall Middle,review_recommended,Guilford,Regular School,None,Traditional,36.109116167261845,-79.79841232406532,1580.1,0,0.0,True,21
Montlieu Academy,review_recommended,Guilford,Regular School,Magnet,Modified,35.975785244589716,-79.98514960555585,63.6,29,13.4,True,21
Morehead Elementary,review_recommended,Guilford,Regular School,Magnet,Modified,36.079384085282484,-79.8668713704471,987.6,0,0.0,True,21
Murphey Traditional Academy,review_recommended,Guilford,Regular School,Magnet,Modified,36.04693730012038,-79.82836937110821,157.1,26,30.4,True,21
Northeast Guilford High,review_recommended,Guilford,Regular School,None,Traditional,36.15847060797924,-79.67278467970065,6713.1,0,0.0,False,21
Northeast Guilford Middle,review_recommended,Guilford,Regular School,None,Traditional,36.16165190670557,-79.67518973269004,6587.4,0,0.0,False,21
Northwest Guilford High,review_recommended,Guilford,Regular School,None,Traditional,36.14975427310009,-79.95483413359166,1742.1,0,0.0,True,21
Northwest Guilford Middle,review_recommended,Guilford,Regular School,None,Traditional,36.15294997364395,-79.95466609709267,1994.9,0,0.0,True,21
Northwood Elementary,review_recommended,Guilford,Regular School,Magnet,Traditional,35.974437225058324,-80.0363303504692,1478.8,0,0.0,True,21
Oak Hill Elementary,review_recommended,Guilford,Regular School,None,Modified,35.9370492751586,-80.02541748043564,196.9,15,12.4,True,21
Oak Ridge Elementary,review_recommended,Guilford,Regular School,None,Traditional,36.16779859412208,-79.9960037428263,3890.2,0,0.0,True,21
Parkview Village Elementary,review_recommended,Guilford,Regular School,Magnet,Modified,35.969012443157006,-79.98515458222273,186.9,41,13.6,True,21
Clara J Peck Elementary,review_recommended,Guilford,Regular School,None,Traditional,36.05224479869648,-79.81609225598667,36.5,23,30.1,True,21
Peeler Open Elementary,review_recommended,Guilford,Regular School,Magnet,Modified,36.051119756344384,-79.76123686681306,95.8,8,32.0,True,21
Pilot Elementary,review_recommended,Guilford,Regular School,None,Traditional,36.02583242406574,-79.89555839844664,936.9,0,0.0,True,21
Pleasant Garden Elementary,review_recommended,Guilford,Regular School,None,Traditional,35.959720860435866,-79.76247212103983,5480.2,0,0.0,False,21
Lucy Ragsdale High,review_recommended,Guilford,Regular School,None,Traditional,35.996768309313886,-79.93508379388796,13.2,6,8.0,True,21
Rankin Elementary,review_recommended,Guilford,Regular School,None,Traditional,36.11968398012904,-79.76224661285731,52.0,10,35.2,True,21
SCALE  Greensboro,review_recommended,Guilford,Alternative Education,None,Traditional,36.07279789260037,-79.79720391189029,58.4,38,57.7,True,21
Sedgefield Elementary,review_recommended,Guilford,Regular School,None,Traditional,36.02824562223221,-79.86647624063322,264.6,8,20.4,True,21
Smith High,review_recommended,Guilford,Regular School,None,Traditional,36.034090597159555,-79.85016267892264,578.7,8,31.8,True,21
Southeast Guilford High,review_recommended,Guilford,Regular School,None,Traditional,35.973200999558074,-79.69827299971122,8886.2,0,0.0,False,21
Southeast Guilford Middle,review_recommended,Guilford,Regular School,None,Traditional,35.96987982318383,-79.69139423977391,9576.7,0,0.0,False,21
Southern Elementary,review_recommended,Guilford,Regular School,None,Traditional,35.94808482988469,-79.85383268977823,6949.6,0,0.0,False,21
Southern Guilford High,review_recommended,Guilford,Regular School,None,Traditional,35.94933176777567,-79.8540523379387,6818.9,0,0.0,False,21
Southwest Elementary,review_recommended,Guilford,Regular School,None,Traditional,36.0445585059607,-79.99298111656348,2575.5,0,0.0,True,21
Southwest Guilford High,review_recommended,Guilford,Regular School,None,Traditional,36.044157926122445,-79.99340519172026,2613.3,0,0.0,True,21
Southwest Guilford Middle,review_recommended,Guilford,Regular School,None,Traditional,36.04441326628205,-79.99314302533386,2589.8,0,0.0,True,21
Sternberger Elementary,review_recommended,Guilford,Regular School,None,Traditional,36.08507414690146,-79.84619465313546,284.1,7,32.0,True,21
Summerfield Elementary,review_recommended,Guilford,Regular School,None,Traditional,36.19949814778819,-79.90340410647372,6769.0,0,0.0,False,21
Sumner Elementary,review_recommended,Guilford,Regular School,None,Traditional,35.986192204568816,-79.83073923815357,2549.8,0,0.0,True,21
Union Hill Elementary,review_recommended,Guilford,Regular School,None,Traditional,35.95953064164346,-79.9507209608506,197.9,8,13.9,True,21
Vandalia Elementary,review_recommended,Guilford,Regular School,None,Traditional,36.01614456089428,-79.77706508887447,1420.6,0,0.0,True,21
Washington Montessori School,review_recommended,Guilford,Regular School,Magnet,Modified,36.06863970458856,-79.77533780936389,244.8,29,37.9,True,21
Weaver Academy,review_recommended,Guilford,Regular School,None,Traditional,36.070216610237615,-79.79717837793467,141.2,40,59.9,True,21
Welborn Academy of Sci & Tech,review_recommended,Guilford,Regular School,Magnet,Traditional,35.98142327654973,-79.99122821038708,8.9,11,13.5,True,21
Western Guilford High,review_recommended,Guilford,Regular School,None,Traditional,36.08049455259729,-79.90258062536064,450.8,4,32.0,True,21
Wiley Elementary,review_recommended,Guilford,Regular School,None,Traditional,36.04790393869979,-79.80179939215337,234.5,22,31.2,True,21
Inborden Elementary,review_recommended,Halifax,Regular School,None,Traditional,36.17738547282673,-77.69553919818088,14943.0,0,0.0,False,21
Belmont Elementary,review_recommended,Halifax,Regular School,None,Traditional,36.46719173380672,-77.67421181148596,46766.3,0,0.0,False,21
Chaloner Middle,review_recommended,Halifax,Regular School,None,Traditional,36.44162271358677,-77.65784988974693,44263.3,0,0.0,False,21
Roanoke Rapids High,review_recommended,Halifax,Regular School,None,Traditional,36.459332508145756,-77.65441723968198,46252.7,0,0.0,False,21
William L Manning Elementary,review_recommended,Halifax,Regular School,None,Traditional,36.45232744950764,-77.644687710053,45663.7,0,0.0,False,21
Erwin Elementary,review_recommended,Harnett,Regular School,None,Traditional,35.32587316901059,-78.67117523315758,46049.5,0,0.0,False,21
Harnett Primary,review_recommended,Harnett,Regular School,None,Traditional,35.31396903836727,-78.61608095393888,48985.1,0,0.0,False,21
Wayne Avenue Elem,review_recommended,Harnett,Regular School,None,Traditional,35.31451606568763,-78.61704482376652,48900.8,0,0.0,False,21
Canton Middle,review_recommended,Haywood,Regular School,None,Traditional,35.52703901874183,-82.84213485835082,36267.5,0,0.0,False,21
Central Elementary,ok,Haywood,Regular School,None,Traditional,35.486583607346894,-82.99220635612721,22126.3,0,0.0,False,21
Junaluska Elementary,review_recommended,Haywood,Regular School,None,Traditional,35.508689130104536,-82.9638800131362,25597.0,0,0.0,False,21
North Canton Elementary,ok,Haywood,Regular School,None,Traditional,35.54618008918924,-82.8340428366685,37879.3,0,0.0,False,21
Waynesville Middle,ok,Haywood,Regular School,None,Traditional,35.481064449694664,-83.00201457049224,21048.9,0,0.0,False,21
Apple Valley Middle,ok,Henderson,Regular School,None,Traditional,35.362107101883026,-82.41973352129017,71151.5,0,0.0,False,21
Atkinson Elementary,ok,Henderson,Regular School,None,Traditional,35.2843571342774,-82.49354587962722,65134.8,0,0.0,False,21
Bruce Drysdale Elementary,ok,Henderson,Regular School,None,Year Round,35.32182677211509,-82.46156983923818,67606.0,0,0.0,False,21
East Henderson High,review_recommended,Henderson,Regular School,None,Traditional,35.29816238039797,-82.42470857992005,71170.4,0,0.0,False,21
Fletcher Elementary,review_recommended,Henderson,Regular School,None,Traditional,35.40904506237526,-82.49716610045432,64103.7,0,0.0,False,21
Hendersonville Elementary,ok,Henderson,Regular School,None,Year Round,35.322951369051765,-82.47463621709456,66412.4,0,0.0,False,21
North Henderson High,ok,Henderson,Regular School,None,Traditional,35.36137088652687,-82.42085077182458,71053.4,0,0.0,False,21
Rugby Middle,review_recommended,Henderson,Regular School,None,Traditional,35.35900574144887,-82.51415255845855,62596.1,0,0.0,False,21
West Henderson High,review_recommended,Henderson,Regular School,None,Traditional,35.365174603561805,-82.51580983733565,62414.8,0,0.0,False,21
Ahoskie Elementary,ok,Hertford,Regular School,None,Traditional,36.2915029153504,-76.99487931809956,72739.0,0,0.0,False,21
Hoke County High,review_recommended,Hoke,Regular School,None,Traditional,34.97449180557025,-79.23321449314896,87452.0,0,0.0,False,21
J W McLauchlin Elementary,review_recommended,Hoke,Regular School,None,Traditional,34.98095094046858,-79.22396182634614,87326.8,0,0.0,False,21
Scurlock Elementary,review_recommended,Hoke,Regular School,None,Traditional,34.9843971639502,-79.18352940839638,86304.3,0,0.0,False,21
West Hoke Elementary,review_recommended,Hoke,Regular School,None,Traditional,34.97102124556229,-79.32933789228494,83272.1,0,0.0,False,21
Rockfish Hoke Elementary,ok,Hoke,Regular School,None,Traditional,34.991637829603576,-79.12533000613918,83856.9,0,0.0,False,21
J W Turlington,review_recommended,Hoke,Alternative Education,None,Traditional,34.98405881748872,-79.22442902276721,87017.8,0,0.0,False,21
Upchurch Elementary,review_recommended,Hoke,Regular School,None,Traditional,34.990959367451794,-79.23778773772521,85700.3,0,0.0,False,21
Celeste Henkel Elementary,review_recommended,Iredell,Regular School,None,Traditional,35.754693654101594,-80.9743082496807,20778.1,0,0.0,False,21
Harmony Elementary,review_recommended,Iredell,Regular School,None,Traditional,35.96168527644101,-80.77299188811445,35508.6,0,0.0,False,21
Monticello School,review_recommended,Iredell,Alternative Education,None,Traditional,35.77868963816651,-80.89059648616461,28794.5,0,0.0,False,21
N B Mills Elementary,review_recommended,Iredell,Regular School,None,Traditional,35.78709623277227,-80.91155228931437,27167.5,0,0.0,False,21
North Iredell High,review_recommended,Iredell,Regular School,None,Traditional,35.927178892638665,-80.8701966908047,26468.0,0,0.0,False,21
Northview School,ok,Iredell,Regular School,None,Traditional,35.80560176531151,-80.88259534352247,28407.1,0,0.0,False,21
North Iredell Middle,review_recommended,Iredell,Regular School,None,Traditional,35.96651026995339,-80.87146763042513,26817.2,0,0.0,False,21
Pressly School,review_recommended,Iredell,Alternative Education,None,Traditional,35.79379838248861,-80.86456979290197,30454.7,0,0.0,False,21
Statesville Middle,review_recommended,Iredell,Regular School,None,Traditional,35.78727799601894,-80.87257827559411,30165.6,0,0.0,False,21
Statesville High,review_recommended,Iredell,Regular School,None,Traditional,35.79193040868366,-80.89322377783533,28291.9,0,0.0,False,21
Shepherd Elementary,review_recommended,Iredell,Regular School,None,Traditional,35.635421340906085,-80.82977621969984,21995.4,0,0.0,False,21
South Iredell High,review_recommended,Iredell,Regular School,None,Traditional,35.718000506720024,-80.90933223475517,25754.5,0,0.0,False,21
Troutman Elementary,review_recommended,Iredell,Regular School,None,Traditional,35.7014649530968,-80.88845743425983,27537.9,0,0.0,False,21
Union Grove Elementary,review_recommended,Iredell,Regular School,None,Traditional,36.02060579903135,-80.86407675646318,29168.3,0,0.0,False,21
NF Woods Adv Tech and Arts Center,review_recommended,Iredell,Vocational Education,None,Traditional,35.587276015816514,-80.82244469775785,18441.0,0,0.0,False,21
Mooresville Middle,ok,Iredell,Regular School,None,Traditional,35.576385884212584,-80.80021133954425,16093.4,0,0.0,False,21
Mooresville Senior High,ok,Iredell,Regular School,None,Traditional,35.578242493623264,-80.80192959271002,16336.1,0,0.0,False,21
Park View Elementary,review_recommended,Iredell,Regular School,None,Traditional,35.58957586896079,-80.80242748486455,17091.7,0,0.0,False,21
South Elementary,review_recommended,Iredell,Regular School,None,Traditional,35.56080159891011,-80.80232245866742,15396.3,0,0.0,False,21
Benson Elementary,ok,Johnston,Regular School,None,Traditional,35.37707596238336,-78.54710788479244,44259.8,0,0.0,False,21
Benson Middle,review_recommended,Johnston,Regular School,None,Traditional,35.38974795945906,-78.53186964359804,42715.3,0,0.0,False,21
Clayton High,review_recommended,Johnston,Regular School,None,Traditional,35.65150248755825,-78.46215146467921,26853.8,0,0.0,False,21
West Clayton Elementary,review_recommended,Johnston,Regular School,None,Traditional,35.64649412447647,-78.46161184636972,27136.4,0,0.0,False,21
Cleveland Elementary,review_recommended,Johnston,Regular School,None,Traditional,35.578970033645724,-78.54209522478845,25642.1,0,0.0,False,21
Cleveland Middle,review_recommended,Johnston,Regular School,None,Traditional,35.57539759929893,-78.54894977346115,25510.9,0,0.0,False,21
Cooper Elementary,review_recommended,Johnston,Regular School,None,Traditional,35.654544775512626,-78.45407860618909,27382.0,0,0.0,False,21
Selma Elementary,review_recommended,Johnston,Regular School,None,Traditional,35.54020744352837,-78.28283898497435,23317.7,0,0.0,False,21
West Smithfield Elementary,review_recommended,Johnston,Regular School,None,Year Round,35.5058911510711,-78.34911414861612,27204.1,0,0.0,False,21
South Smithfield Elementary,review_recommended,Johnston,Regular School,None,Year Round,35.49994213746174,-78.3573673283219,27725.8,0,0.0,False,21
Clayton Middle,review_recommended,Johnston,Regular School,None,Traditional,35.644431163184116,-78.4852249658944,25337.9,0,0.0,False,21
Benjamin T Bullock Elem,review_recommended,Lee,Regular School,None,Traditional,35.50791632879984,-79.17961437598301,36074.4,0,0.0,False,21
Bragg Street Academy,review_recommended,Lee,Alternative Education,None,Traditional,35.48128701689184,-79.1601014127504,37045.2,0,0.0,False,21
Broadway Elementary,review_recommended,Lee,Regular School,None,Traditional,35.450486835518106,-79.05048696029651,34192.8,0,0.0,False,21
Deep River Elementary,review_recommended,Lee,Regular School,None,Traditional,35.59085393563563,-79.14589701323403,27779.3,0,0.0,False,21
East Lee Middle,review_recommended,Lee,Regular School,None,Traditional,35.46104678724868,-79.11395337708285,36360.1,0,0.0,False,21
Floyd L Knight Children Center,review_recommended,Lee,Exceptional Children,None,Traditional,35.46385912261647,-79.16741895473292,38958.5,0,0.0,False,21
Lee County High,review_recommended,Lee,Regular School,None,Traditional,35.468348749616375,-79.15180698000133,37687.3,0,0.0,False,21
J Glenn Edwards Elementary,review_recommended,Lee,Regular School,None,Traditional,35.444470908241136,-79.15397786413175,39927.1,0,0.0,False,21
Tramway Elementary,review_recommended,Lee,Regular School,None,Year Round,35.43657156052942,-79.2215065873845,44442.9,0,0.0,False,21
Kinston High,review_recommended,Lenoir,Regular School,None,Traditional,35.29162436497855,-77.58050615835515,31709.1,0,0.0,False,21
LaGrange Elementary,review_recommended,Lenoir,Regular School,None,Traditional,35.31033333068346,-77.79749838219428,13135.0,0,0.0,False,21
Sampson School,review_recommended,Lenoir,Alternative Education,None,Traditional,35.264233648117205,-77.5715440852641,33573.8,0,0.0,False,21
Rochelle Middle,review_recommended,Lenoir,Regular School,None,Traditional,35.262602315193924,-77.56312117583245,34349.8,0,0.0,False,21
Southeast Elementary,review_recommended,Lenoir,Regular School,None,Traditional,35.25874190371989,-77.5702994771732,33924.7,0,0.0,False,21
Battleground Elementary,review_recommended,Lincoln,Regular School,None,Traditional,35.476778399050055,-81.2644544076963,20352.4,0,0.0,False,21
Catawba Springs Elementary,review_recommended,Lincoln,Regular School,None,Traditional,35.452927191135615,-81.02188052590648,27763.9,0,0.0,False,21
GE Massey Elementary,review_recommended,Lincoln,Regular School,None,Traditional,35.477692895906785,-81.23878416154942,19879.2,0,0.0,False,21
Lincolnton High,review_recommended,Lincoln,Regular School,None,Traditional,35.47942694863397,-81.25870529892663,19958.1,0,0.0,False,21
Lincolnton Middle,review_recommended,Lincoln,Regular School,None,Traditional,35.47719260560425,-81.26562370518643,20330.7,0,0.0,False,21
S Ray Lowder Elementary,ok,Lincoln,Regular School,None,Traditional,35.46385402547093,-81.24561068961123,21474.8,0,0.0,False,21
West Lincoln High,review_recommended,Lincoln,Regular School,None,Traditional,35.485728200698404,-81.38781728194876,24045.9,0,0.0,False,21
West Lincoln Middle,review_recommended,Lincoln,Regular School,None,Traditional,35.48399663052032,-81.38704702624172,24159.0,0,0.0,False,21
Mars Hill Elementary,review_recommended,Madison,Regular School,None,Traditional,35.834292328875414,-82.55204466641841,76015.2,0,0.0,False,21
E J Hayes Elementary,ok,Martin,Regular School,None,Traditional,35.84751732410166,-77.06239374659775,63897.6,0,0.0,False,21
Williamston Middle,ok,Martin,Regular School,None,Traditional,35.859999589674324,-77.05828291828546,64065.0,0,0.0,False,21
Eastfield Global Magnet School,review_recommended,McDowell,Regular School,Magnet,Year Round,35.6867863601893,-81.98620217806285,25066.9,0,0.0,False,21
East McDowell Junior High,review_recommended,McDowell,Regular School,None,Traditional,35.6874225267794,-81.99659635786479,25968.5,0,0.0,False,21
Glenwood Elementary,review_recommended,McDowell,Regular School,None,Traditional,35.78924177620889,-82.03401004326447,28949.2,0,0.0,False,21
Marion Elementary,review_recommended,McDowell,Regular School,None,Traditional,35.691054380973554,-82.0049502352035,26625.1,0,0.0,False,21
Albemarle Road Elementary,review_recommended,Mecklenburg,Regular School,None,Traditional,35.197590321044814,-80.73218498700204,12687.4,0,0.0,False,21
Albemarle Road Middle,review_recommended,Mecklenburg,Regular School,None,Traditional,35.20030114029585,-80.7299153406247,12410.7,0,0.0,False,21
J M Alexander Middle,review_recommended,Mecklenburg,Regular School,None,Traditional,35.37660005682164,-80.84461551356662,10242.0,0,0.0,False,21
Allenbrook Elementary,review_recommended,Mecklenburg,Regular School,None,Traditional,35.26186205631456,-80.91364528045587,16218.3,0,0.0,False,21
Ashley Park PreK8 School,review_recommended,Mecklenburg,Regular School,None,Traditional,35.232012512400985,-80.89114924821982,15881.5,0,0.0,False,21
Barringer Academic Center,review_recommended,Mecklenburg,Regular School,None,Traditional,35.21039284986681,-80.88922982549774,17195.1,0,0.0,False,21
Berryhill School,review_recommended,Mecklenburg,Regular School,None,Traditional,35.214040215256254,-80.99252398329186,24901.8,0,0.0,False,21
Beverly Woods Elementary,review_recommended,Mecklenburg,Regular School,None,Traditional,35.13257592233874,-80.83895386812492,21570.1,0,0.0,False,21
Briarwood Elementary,review_recommended,Mecklenburg,Regular School,None,Traditional,35.2510892561454,-80.76440182550189,6902.5,0,0.0,False,21
Carmel Middle,review_recommended,Mecklenburg,Regular School,None,Traditional,35.129175165424,-80.80547977652273,20929.3,0,0.0,False,21
Billingsville Elementary,review_recommended,Mecklenburg,Regular School,None,Traditional,35.20658604925325,-80.80013701141404,12633.7,0,0.0,False,21
Clear Creek Elementary,review_recommended,Mecklenburg,Regular School,None,Traditional,35.223376509720374,-80.62766247788583,14524.2,0,0.0,False,21
Cochrane Collegiate Academy,review_recommended,Mecklenburg,Regular School,None,Traditional,35.247789048305336,-80.75138295711668,7077.2,0,0.0,False,21
Collinswood Language Academy,review_recommended,Mecklenburg,Regular School,Magnet,Traditional,35.18451354850254,-80.87030572756913,18064.9,0,0.0,False,21
Cornelius Elementary,review_recommended,Mecklenburg,Regular School,None,Traditional,35.48297947567773,-80.8626137867053,16921.0,0,0.0,False,21
Coulwood Middle,review_recommended,Mecklenburg,Regular School,None,Traditional,35.30440398513875,-80.94336849590127,17972.8,0,0.0,False,21
Crown Point Elementary,review_recommended,Mecklenburg,Regular School,None,Traditional,35.15727943295319,-80.71311627371205,17354.4,0,0.0,False,21
Crestdale Middle,review_recommended,Mecklenburg,Regular School,None,Traditional,35.1260284448278,-80.71904154830513,20706.9,0,0.0,False,21
Davidson Elementary,review_recommended,Mecklenburg,Regular School,None,Traditional,35.48956544578685,-80.84935227475424,16001.0,0,0.0,False,21
Butler High,review_recommended,Mecklenburg,Regular School,None,Traditional,35.11872373451039,-80.69842121825533,21804.3,0,0.0,False,21
David Cox Road Elementary,review_recommended,Mecklenburg,Regular School,None,Traditional,35.33828190996891,-80.80154091089202,5871.8,0,0.0,False,21
Devonshire Elementary,review_recommended,Mecklenburg,Regular School,None,Traditional,35.24584308000025,-80.74504944521165,7275.5,0,0.0,False,21
First Ward Arts Elementary,review_recommended,Mecklenburg,Regular School,Magnet,Traditional,35.211803907558625,-80.85315278265868,14743.2,0,0.0,False,21
Druid Hills Academy,review_recommended,Mecklenburg,Regular School,None,Traditional,35.255708835752436,-80.82549036824882,9521.0,0,0.0,False,21
East Mecklenburg High,review_recommended,Mecklenburg,Regular School,None,Traditional,35.17676794469776,-80.7565665041898,14967.3,0,0.0,False,21
Eastover Elementary,review_recommended,Mecklenburg,Regular School,None,Traditional,35.197093266664766,-80.82090489051969,14402.5,0,0.0,False,21
Eastway Middle,review_recommended,Mecklenburg,Regular School,None,Traditional,35.20983763900846,-80.78148009748385,11724.9,0,0.0,False,21
Elizabeth Lane Elementary,review_recommended,Mecklenburg,Regular School,None,Traditional,35.1143756134591,-80.74918196160203,21857.0,0,0.0,False,21
Elizabeth Traditional Elementary,review_recommended,Mecklenburg,Regular School,Magnet,Traditional,35.21509468203609,-80.82305412155175,12786.0,0,0.0,False,21
Hawthorne High,review_recommended,Mecklenburg,Alternative Education,Cooperative Innovative HS,Traditional,35.220012806013806,-80.80839006181695,11626.2,0,0.0,False,21
Francis Bradley Middle,review_recommended,Mecklenburg,Regular School,None,Traditional,35.376632172242786,-80.90877933566998,16068.0,0,0.0,False,21
Greenway Park Elementary,review_recommended,Mecklenburg,Regular School,None,Traditional,35.15651019956078,-80.74881634317494,17184.3,0,0.0,False,21
Alexander Graham Middle,review_recommended,Mecklenburg,Regular School,None,Traditional,35.165436617092894,-80.83234226313843,18003.1,0,0.0,False,21
Hickory Grove Elementary,review_recommended,Mecklenburg,Regular School,None,Traditional,35.225661529208935,-80.7205829653706,9787.0,0,0.0,False,21
Hidden Valley Elementary,review_recommended,Mecklenburg,Regular School,None,Traditional,35.26894565479579,-80.78544713008559,5930.7,0,0.0,False,21
Highland Renaissance Academy,review_recommended,Mecklenburg,Regular School,None,Traditional,35.24278349029091,-80.80349068008523,9244.2,0,0.0,False,21
Hornets Nest Elementary,review_recommended,Mecklenburg,Regular School,None,Traditional,35.32454062198383,-80.86631002869412,11045.2,0,0.0,False,21
Huntingtowne Farms Elementary,review_recommended,Mecklenburg,Regular School,None,Traditional,35.133931664774146,-80.85976108476393,22248.5,0,0.0,False,21
Idlewild Elementary,review_recommended,Mecklenburg,Regular School,None,Traditional,35.18614314335688,-80.7449025135773,13896.1,0,0.0,False,21
Independence High,review_recommended,Mecklenburg,Regular School,None,Traditional,35.1967457827845,-80.68539915174811,13858.0,0,0.0,False,21
James Martin Middle,review_recommended,Mecklenburg,Regular School,None,Traditional,35.30525769450063,-80.76888695726333,2203.4,0,0.0,True,21
John M. Morehead STEM Academy,review_recommended,Mecklenburg,Regular School,Magnet,Traditional,35.30020625417137,-80.77592914200538,3004.8,0,0.0,True,21
Kennedy Middle,review_recommended,Mecklenburg,Regular School,None,Traditional,35.15334061551999,-80.95792093062975,26072.8,0,0.0,False,21
Lake Wylie Elementary,review_recommended,Mecklenburg,Regular School,None,Traditional,35.11826771014366,-80.98159853724418,30320.0,0,0.0,False,21
Lansdowne Elementary,review_recommended,Mecklenburg,Regular School,None,Traditional,35.14378450426757,-80.78130839579607,18871.3,0,0.0,False,21
Turning Point Academy,review_recommended,Mecklenburg,Alternative Education,None,Traditional,35.29854656189112,-80.80019965240552,5143.6,0,0.0,False,21
Lebanon Road Elementary,review_recommended,Mecklenburg,Regular School,None,Traditional,35.18402758013183,-80.6893720681239,15035.8,0,0.0,False,21
Blythe Elementary,review_recommended,Mecklenburg,Regular School,None,Traditional,35.376602134057606,-80.84459010409788,10239.7,0,0.0,False,21
Long Creek Elementary,review_recommended,Mecklenburg,Regular School,None,Traditional,35.34970080621843,-80.88811170892589,13607.4,0,0.0,False,21
Mallard Creek Elementary,review_recommended,Mecklenburg,Regular School,None,Traditional,35.32808370591438,-80.7725548603792,3049.1,0,0.0,True,21
Matthews Elementary,ok,Mecklenburg,Regular School,None,Traditional,35.11360601480658,-80.72372943367199,22032.4,0,0.0,False,21
McAlpine Elementary,review_recommended,Mecklenburg,Regular School,None,Traditional,35.08279820675117,-80.82707689971055,26412.7,0,0.0,False,21
McClintock Middle,review_recommended,Mecklenburg,Regular School,None,Traditional,35.18083092686358,-80.76585361386289,14598.8,0,0.0,False,21
McKee Road Elementary,review_recommended,Mecklenburg,Regular School,None,Traditional,35.07430493459768,-80.74731128651679,26299.0,0,0.0,False,21
Merry Oaks Elementary,review_recommended,Mecklenburg,Regular School,None,Traditional,35.22120289886848,-80.78448884538767,10606.7,0,0.0,False,21
Metro School,review_recommended,Mecklenburg,Exceptional Children,None,Traditional,35.219176152919616,-80.84089696926863,13395.4,0,0.0,False,21
Montclaire Elementary,review_recommended,Mecklenburg,Regular School,None,Traditional,35.15256522646529,-80.86751539494854,20808.8,0,0.0,False,21
Morgan School,review_recommended,Mecklenburg,Exceptional Children,None,Traditional,35.21026980583635,-80.83289340113681,13732.3,0,0.0,False,21
Myers Park Traditional,review_recommended,Mecklenburg,Regular School,Magnet,Traditional,35.19114593230493,-80.83458744076536,15593.1,0,0.0,False,21
Myers Park High,review_recommended,Mecklenburg,Regular School,None,Traditional,35.17303772390943,-80.83172082568174,17223.0,0,0.0,False,21
Nathaniel Alexander Elementary,review_recommended,Mecklenburg,Regular School,None,Traditional,35.30213715909143,-80.77528012728573,2867.3,0,0.0,True,21
Nations Ford Elementary,review_recommended,Mecklenburg,Regular School,None,Traditional,35.142842415278736,-80.89459056253283,23082.5,0,0.0,False,21
Newell Elementary,review_recommended,Mecklenburg,Regular School,None,Traditional,35.28997336002914,-80.72915275499764,2823.9,0,0.0,True,21
J H Gunn Elementary,review_recommended,Mecklenburg,Regular School,None,Traditional,35.22188492997675,-80.68578713067647,11335.5,0,0.0,False,21
North Mecklenburg High,review_recommended,Mecklenburg,Regular School,None,Traditional,35.384643595384496,-80.83466291423274,9414.5,0,0.0,False,21
Northwest School of the Arts,review_recommended,Mecklenburg,Regular School,Magnet,Traditional,35.2571531736358,-80.85570844021287,11663.8,0,0.0,False,21
Oakdale Elementary,review_recommended,Mecklenburg,Regular School,None,Traditional,35.30028748934829,-80.89629379919843,13732.5,0,0.0,False,21
Bruns Academy,review_recommended,Mecklenburg,Regular School,None,Traditional,35.250659526662595,-80.8506782676546,11675.3,0,0.0,False,21
Olde Providence Elementary,review_recommended,Mecklenburg,Regular School,None,Traditional,35.1097401153765,-80.79840970631773,22874.7,0,0.0,False,21
Park Road Montessori,review_recommended,Mecklenburg,Regular School,Magnet,Traditional,35.17956264248004,-80.84969171415085,17411.4,0,0.0,False,21
Paw Creek Elementary,review_recommended,Mecklenburg,Regular School,None,Traditional,35.29225667085313,-80.94700780038632,18411.4,0,0.0,False,21
Piedmont IB Middle,review_recommended,Mecklenburg,Regular School,Magnet,Traditional,35.222382684484906,-80.82333638530007,12133.4,0,0.0,False,21
Pineville Elementary,review_recommended,Mecklenburg,Regular School,None,Traditional,35.080749057999135,-80.88891631126867,28708.0,0,0.0,False,21
Pinewood Elementary,review_recommended,Mecklenburg,Regular School,None,Traditional,35.165011432138186,-80.86337092486285,19443.4,0,0.0,False,21
Piney Grove Elementary,review_recommended,Mecklenburg,Regular School,None,Traditional,35.174064179314925,-80.73174948416728,15289.4,0,0.0,False,21
Providence High,review_recommended,Mecklenburg,Regular School,None,Traditional,35.10709008951382,-80.7657401054631,22735.0,0,0.0,False,21
Quail Hollow Middle,review_recommended,Mecklenburg,Regular School,None,Traditional,35.112551185372126,-80.85724363052725,24275.5,0,0.0,False,21
Rama Road Elementary,review_recommended,Mecklenburg,Regular School,None,Traditional,35.16730299245537,-80.77276777067893,16171.7,0,0.0,False,21
Randolph Middle,review_recommended,Mecklenburg,Regular School,Magnet,Traditional,35.184110438307044,-80.7925316269482,14746.0,0,0.0,False,21
Ranson Middle,review_recommended,Mecklenburg,Regular School,None,Traditional,35.299779230682525,-80.83985068505089,8642.8,0,0.0,False,21
Reedy Creek Elementary,review_recommended,Mecklenburg,Regular School,None,Traditional,35.26004234899053,-80.6845206328003,7974.9,0,0.0,False,21
Sedgefield Elementary,review_recommended,Mecklenburg,Regular School,None,Traditional,35.19270327844427,-80.86150683990664,16855.2,0,0.0,False,21
Sedgefield Middle,review_recommended,Mecklenburg,Regular School,None,Traditional,35.19700259581266,-80.85761580630145,16261.6,0,0.0,False,21
Selwyn Elementary,review_recommended,Mecklenburg,Regular School,None,Traditional,35.16536106220741,-80.83433269591731,18090.5,0,0.0,False,21
Shamrock Gardens Elementary,review_recommended,Mecklenburg,Regular School,None,Traditional,35.23404771887622,-80.79075442950591,9505.1,0,0.0,False,21
Sharon Elementary,review_recommended,Mecklenburg,Regular School,None,Traditional,35.152687986436426,-80.8157300794225,18719.0,0,0.0,False,21
Waddell Language Academy,review_recommended,Mecklenburg,Regular School,Magnet,Traditional,35.16326213700596,-80.87082135708425,19983.6,0,0.0,False,21
Smithfield Elementary,review_recommended,Mecklenburg,Regular School,None,Traditional,35.11224142863727,-80.85448108006482,24203.0,0,0.0,False,21
South Mecklenburg High,review_recommended,Mecklenburg,Regular School,None,Traditional,35.11105974978664,-80.85761496577148,24440.0,0,0.0,False,21
Steele Creek Elementary,review_recommended,Mecklenburg,Regular School,None,Traditional,35.154549345734154,-80.95727135465356,25938.8,0,0.0,False,21
Sterling Elementary,review_recommended,Mecklenburg,Regular School,None,Traditional,35.10760109365514,-80.88654037792978,25980.9,0,0.0,False,21
Thomasboro Academy,review_recommended,Mecklenburg,Regular School,None,Traditional,35.251419428244645,-80.89748592195403,15311.9,0,0.0,False,21
Tuckaseegee Elementary,review_recommended,Mecklenburg,Regular School,None,Traditional,35.25014755171921,-80.9406834339884,18976.9,0,0.0,False,21
University Park Creative Arts,review_recommended,Mecklenburg,Regular School,Magnet,Traditional,35.26082233449553,-80.85748975303778,11600.3,0,0.0,False,21
University Meadows Elementary,review_recommended,Mecklenburg,Regular School,None,Traditional,35.315315644675216,-80.71441676001976,2224.1,0,0.0,True,21
Irwin Academic Center,ok,Mecklenburg,Regular School,Magnet,Traditional,35.23762657692413,-80.8133850693009,10234.1,0,0.0,False,21
West Charlotte High,review_recommended,Mecklenburg,Regular School,None,Traditional,35.26582801821013,-80.8571948105558,11317.8,0,0.0,False,21
Westerly Hills Academy,review_recommended,Mecklenburg,Regular School,None,Traditional,35.229620349950444,-80.91099870808843,17548.3,0,0.0,False,21
West Mecklenburg High,review_recommended,Mecklenburg,Regular School,None,Traditional,35.24663740161564,-80.95101881277822,19994.3,0,0.0,False,21
Winding Springs Elementary,review_recommended,Mecklenburg,Regular School,None,Traditional,35.30675110971583,-80.82754911510182,7445.0,0,0.0,False,21
Windsor Park Elementary,review_recommended,Mecklenburg,Regular School,None,Traditional,35.224513428780476,-80.75972262148787,9722.7,0,0.0,False,21
Winterfield Elementary,review_recommended,Mecklenburg,Regular School,None,Traditional,35.20850049932352,-80.76552854332577,11555.8,0,0.0,False,21
Vance High,review_recommended,Mecklenburg,Regular School,None,Traditional,35.30575971018663,-80.77184925306294,2445.8,0,0.0,True,21
Deyton Elementary,review_recommended,Mitchell,Regular School,None,Traditional,35.91044623326714,-82.08583053138021,37635.7,0,0.0,False,21
Harris Middle,review_recommended,Mitchell,Regular School,None,Traditional,35.91093718263385,-82.08492547352047,37588.6,0,0.0,False,21
Candor Elementary,review_recommended,Montgomery,Regular School,None,Traditional,35.29020980383965,-79.74708338632297,37851.4,0,0.0,False,21
Troy Elementary,review_recommended,Montgomery,Regular School,None,Traditional,35.36175702103298,-79.89124433155352,31982.9,0,0.0,False,21
Aberdeen Primary,review_recommended,Moore,Regular School,None,Traditional,35.12733899144351,-79.42358836949602,63932.7,0,0.0,False,21
Aberdeen Elementary,ok,Moore,Regular School,None,Traditional,35.139450054216255,-79.42610338677663,62648.0,0,0.0,False,21
Sandhills Farm Life Elementary,ok,Moore,Regular School,None,Traditional,35.274784487170436,-79.39074120035609,52145.4,0,0.0,False,21
Southern Pines Primary,review_recommended,Moore,Regular School,None,Traditional and Year Round,35.18693376586689,-79.40566443569858,59121.2,0,0.0,False,21
Southern Pines Elementary,review_recommended,Moore,Regular School,None,Traditional and Year Round,35.170133609719116,-79.39164490755932,61379.9,0,0.0,False,21
Union Pines High,review_recommended,Moore,Regular School,None,Traditional,35.31713710959507,-79.34875418412925,51408.6,0,0.0,False,21
VassLakeview Elementary,review_recommended,Moore,Regular School,None,Traditional,35.24984023871159,-79.28884841393797,60504.8,0,0.0,False,21
West Pine Middle,review_recommended,Moore,Regular School,None,Traditional,35.22439632911352,-79.53195217204627,49848.5,0,0.0,False,21
Baskerville Elementary,review_recommended,Nash,Regular School,None,Traditional,35.94945701086138,-77.7708367984376,31.6,12,12.0,True,21
Nash Central Middle,review_recommended,Nash,Regular School,None,Traditional,35.96227409097293,-77.9596657938062,5579.7,0,0.0,False,21
D S Johnson Elementary,review_recommended,Nash,Regular School,None,Traditional,35.93664230319686,-77.77636657237227,122.0,11,14.0,True,21
M B Hubbard Elementary,review_recommended,Nash,Regular School,None,Traditional,36.038547369140105,-77.82041119261211,2490.5,0,0.0,True,21
J W Parker Middle,review_recommended,Nash,Regular School,None,Traditional,35.95146286437184,-77.77175129767357,56.9,14,12.0,True,21
W L Greene Alternative,review_recommended,Nash,Alternative Education,None,Traditional,35.96520680937071,-77.96507475207504,6006.9,0,0.0,False,21
O R Pope Elementary,review_recommended,Nash,Regular School,None,Traditional,35.942528692292534,-77.78495084345505,48.5,22,13.0,True,21
Bradley Creek Elementary,review_recommended,New Hanover,Regular School,None,Traditional,34.19731886935982,-77.84536997723353,1349.4,0,0.0,True,21
Carolina Beach Elementary,review_recommended,New Hanover,Regular School,None,Traditional,34.0313099240744,-77.89916177873621,12251.7,0,0.0,False,21
R Freeman Sch of Engineering,review_recommended,New Hanover,Regular School,None,Traditional,34.23994854874155,-77.92096971962077,247.4,11,29.8,True,21
College Park Elementary,review_recommended,New Hanover,Regular School,None,Traditional,34.236254406709364,-77.86504255162403,302.1,8,19.2,True,21
Edwin A Alderman Elementary,review_recommended,New Hanover,Regular School,None,Traditional,34.20647065704031,-77.90887701564063,9.6,3,28.0,True,21
Emma B Trask Middle,review_recommended,New Hanover,Regular School,None,Traditional,34.30269523959736,-77.87556312341988,5685.7,0,0.0,False,21
Emsley A Laney High,review_recommended,New Hanover,Regular School,None,Traditional,34.29836319316249,-77.87388009938434,5205.6,0,0.0,False,21
Forest Hills Elementary,review_recommended,New Hanover,Regular School,None,Traditional,34.2305344508449,-77.91290627477815,449.3,5,19.2,True,21
Gregory Elementary,review_recommended,New Hanover,Regular School,Magnet,Modified,34.23216015795818,-77.93627570545766,384.0,22,19.6,True,21
Heyward C Bellamy Elem,review_recommended,New Hanover,Regular School,None,Traditional,34.12325320388043,-77.90924091028788,2426.8,0,0.0,True,21
John J Blair Elementary,review_recommended,New Hanover,Regular School,None,Traditional,34.256023349560856,-77.84183734853805,252.2,1,14.0,True,21
John T Hoggard High,review_recommended,New Hanover,Regular School,None,Traditional,34.1982013359754,-77.89135685887048,103.0,9,14.0,True,21
Mary C Williams Elementary,review_recommended,New Hanover,Regular School,None,Traditional,34.14331136276469,-77.91470904180842,1293.8,0,0.0,True,21
Myrtle Grove Middle,review_recommended,New Hanover,Regular School,None,Traditional,34.13508571887663,-77.88253732046991,1361.9,0,0.0,True,21
New Hanover High,review_recommended,New Hanover,Regular School,None,Traditional,34.2365875999812,-77.9328481643002,90.7,14,26.1,True,21
Lakeside,review_recommended,New Hanover,Alternative Education,None,Traditional,34.21378430198965,-77.93104681781455,440.5,15,33.6,True,21
Pine Valley Elementary,review_recommended,New Hanover,Regular School,None,Traditional,34.17865644959484,-77.90080438906088,375.0,4,14.0,True,21
RolandGrise Middle,review_recommended,New Hanover,Regular School,None,Traditional,34.20644392222473,-77.88944480904671,116.6,12,14.0,True,21
Dr John Codington Elem,review_recommended,New Hanover,Regular School,None,Year Round,34.16650680185013,-77.91716941665572,331.9,2,26.5,True,21
Sunset Park Elementary,review_recommended,New Hanover,Regular School,None,Traditional,34.20690061794131,-77.9416464826139,144.2,6,26.3,True,21
A H Snipes Academy of Arts/Des,review_recommended,New Hanover,Regular School,None,Traditional,34.24859361109084,-77.93932168330397,110.8,13,25.1,True,21
Williston Middle,review_recommended,New Hanover,Regular School,None,Traditional,34.231200027801464,-77.9361558073735,281.7,26,20.8,True,21
Winter Park Model Elementary,review_recommended,New Hanover,Regular School,None,Traditional,34.21171675960979,-77.88170240996038,224.7,9,17.1,True,21
Wrightsboro Elementary,ok,New Hanover,Regular School,None,Traditional,34.29244204133072,-77.92036707773441,4652.5,0,0.0,True,21
Bell Fork Elementary,review_recommended,Onslow,Regular School,None,Traditional,34.75413507556206,-77.39324031706906,52.3,6,14.0,True,21
Blue Creek Elementary,review_recommended,Onslow,Regular School,None,Traditional,34.75273188016945,-77.47764642599633,584.4,3,14.0,True,21
Clyde Erwin Elementary,ok,Onslow,Regular School,Magnet,Traditional,34.75584206038955,-77.41231872251556,232.0,12,20.7,True,21
Dixon Elementary,ok,Onslow,Regular School,None,Traditional,34.55977341631694,-77.44378344800774,7843.1,0,0.0,False,21
Dixon Middle,ok,Onslow,Regular School,None,Traditional,34.58680960977957,-77.47919231578432,10675.8,0,0.0,False,21
Dixon High,ok,Onslow,Regular School,None,Traditional,34.585813681284776,-77.47989157745187,10736.0,0,0.0,False,21
Jacksonville Commons Elem,review_recommended,Onslow,Regular School,None,Traditional,34.798335541845944,-77.40259461638935,509.1,6,20.7,True,21
Jacksonville High,review_recommended,Onslow,Regular School,None,Traditional,34.779847428622304,-77.4259618308313,77.5,18,14.8,True,21
Jacksonville Commons Middle,review_recommended,Onslow,Regular School,None,Traditional,34.79175163008538,-77.39560679185406,181.9,7,20.9,True,21
New Bridge Middle,review_recommended,Onslow,Regular School,Magnet,Traditional,34.750109639753276,-77.42658027055542,111.2,14,22.3,True,21
Northwoods Elementary,ok,Onslow,Regular School,None,Traditional,34.772007198029144,-77.42744712869528,112.0,7,12.9,True,21
Northwoods Park Middle,review_recommended,Onslow,Regular School,None,Traditional,34.77075288676326,-77.43746992627659,998.8,0,0.0,True,21
Parkwood Elementary,review_recommended,Onslow,Regular School,None,Traditional,34.78001182534802,-77.43882723197486,1228.8,0,0.0,True,21
Sand Ridge Elementary,review_recommended,Onslow,Regular School,None,Traditional,34.66575812155177,-77.2031860048047,12183.0,0,0.0,False,21
Silverdale Elementary,review_recommended,Onslow,Regular School,None,Traditional,34.77648903710921,-77.20395162072472,12560.0,0,0.0,False,21
Southwest Elementary,review_recommended,Onslow,Regular School,None,Traditional,34.73279510545181,-77.52605887377963,5138.9,0,0.0,False,21
Southwest High,review_recommended,Onslow,Regular School,None,Traditional,34.735942953938775,-77.51871528778244,4387.5,0,0.0,True,21
Southwest Middle,review_recommended,Onslow,Regular School,None,Traditional,34.742979576153154,-77.47740341920928,712.7,2,14.0,True,21
Swansboro Middle,review_recommended,Onslow,Regular School,None,Traditional,34.69606750346148,-77.13912276367004,16803.3,0,0.0,False,21
White Oak High,review_recommended,Onslow,Regular School,None,Traditional,34.76941507953689,-77.34912602518018,2578.7,0,0.0,True,21
A L Stanback Middle,review_recommended,Orange,Regular School,None,Traditional,36.02660942905471,-79.07964490550425,138.4,4,9.5,True,21
Cameron Park Elementary,review_recommended,Orange,Regular School,None,Traditional,36.0771528353911,-79.09504549893562,407.2,4,9.0,True,21
Central Elementary,review_recommended,Orange,Regular School,None,Traditional,36.080122737708315,-79.11366502578757,701.9,2,9.0,True,21
Charles W Stanford Middle,review_recommended,Orange,Regular School,None,Traditional,36.0954121404103,-79.0872591542873,1654.4,0,0.0,True,21
Grady Brown Elementary,review_recommended,Orange,Regular School,None,Traditional,36.052507972342255,-79.13158508073032,3754.8,0,0.0,True,21
Hillsborough Elementary,review_recommended,Orange,Regular School,None,Year Round,36.07937803286064,-79.11111668377103,770.4,2,9.0,True,21
Orange High,review_recommended,Orange,Regular School,None,Traditional,36.09550617284669,-79.09079050597173,1465.1,0,0.0,True,21
Carrboro Elementary,review_recommended,Orange,Regular School,None,Traditional,35.91395221124233,-79.07631309130166,236.5,66,32.7,True,21
Chapel Hill High,review_recommended,Orange,Regular School,None,Traditional,35.947445759193954,-79.07945594783284,123.9,32,13.0,True,21
McDougle Middle,review_recommended,Orange,Regular School,None,Traditional,35.92558756510026,-79.10044022267203,104.4,22,18.5,True,21
Ephesus Road Elementary,review_recommended,Orange,Regular School,None,Traditional,35.932443575978105,-79.01631597897236,15.7,38,19.3,True,21
East Chapel Hill High,review_recommended,Orange,Regular School,None,Traditional,35.961325904487886,-79.03232667756394,156.9,6,14.7,True,21
Grey Culbreth Middle,review_recommended,Orange,Regular School,None,Traditional,35.89210704148429,-79.06782923598135,13.2,16,45.9,True,21
McDougle Elementary,review_recommended,Orange,Regular School,None,Traditional,35.925289447114466,-79.10041838208566,72.8,22,18.5,True,21
Elizabeth City Middle,review_recommended,Pasquotank,Regular School,None,Traditional,36.302085183540925,-76.22328872476854,139937.3,0,0.0,False,21
H L Trigg Community,review_recommended,Pasquotank,Alternative Education,None,Traditional,36.28538137951428,-76.2133077566549,140474.3,0,0.0,False,21
J C Sawyer Elementary,review_recommended,Pasquotank,Regular School,None,Traditional,36.290173895863866,-76.21268148120404,140626.1,0,0.0,False,21
Northeastern High,ok,Pasquotank,Regular School,None,Traditional,36.286904241795924,-76.2547054175038,136841.6,0,0.0,False,21
Pasquotank Elementary,review_recommended,Pasquotank,Regular School,None,Traditional,36.285018610447466,-76.2239028692141,139528.9,0,0.0,False,21
P W Moore Elementary,review_recommended,Pasquotank,Regular School,None,Traditional,36.29049117916742,-76.2268081504062,139382.8,0,0.0,False,21
River Road Middle,review_recommended,Pasquotank,Regular School,None,Traditional,36.278347708616586,-76.19877864536025,141624.6,0,0.0,False,21
SheepHarney Elementary,review_recommended,Pasquotank,Regular School,None,Traditional,36.30192133774824,-76.22264702666729,139990.4,0,0.0,False,21
Burgaw Elementary,review_recommended,Pender,Regular School,None,Traditional,34.556852135297966,-77.92911632484714,33927.3,0,0.0,False,21
Burgaw Middle,review_recommended,Pender,Regular School,None,Traditional,34.54686080324068,-77.92551204960417,32802.8,0,0.0,False,21
North Topsail Elementary,review_recommended,Pender,Regular School,None,Traditional,34.40069018863059,-77.63554539312527,23478.8,0,0.0,False,21
Malpass Corner Elementary,review_recommended,Pender,Regular School,None,Traditional,34.505038248731886,-78.05527663654345,30167.8,0,0.0,False,21
South Topsail Elementary,review_recommended,Pender,Regular School,None,Traditional,34.38321824022338,-77.71134680963748,17223.3,0,0.0,False,21
North Elementary,review_recommended,Person,Regular School,None,Traditional,36.405451400961546,-78.96504681185236,33566.0,0,0.0,False,21
North End Elementary,review_recommended,Person,Regular School,None,Traditional,36.43630018676956,-78.90490878857615,29648.2,0,0.0,False,21
Person High,review_recommended,Person,Regular School,None,Traditional,36.41582842184042,-78.97543305656157,34779.2,0,0.0,False,21
Ayden Elementary,review_recommended,Pitt,Regular School,None,Traditional,35.47546955234004,-77.43391304793535,44449.0,0,0.0,False,21
C M Eppes Middle,ok,Pitt,Regular School,None,Traditional,35.59994170463781,-77.36094807718422,51504.9,0,0.0,False,21
D H Conley High,review_recommended,Pitt,Regular School,None,Traditional,35.531540387250814,-77.32872130476457,48058.7,0,0.0,False,21
Eastern Elementary,ok,Pitt,Regular School,None,Traditional,35.596335669183276,-77.3430017362774,52956.0,0,0.0,False,21
E B Aycock Middle,ok,Pitt,Regular School,None,Traditional,35.58664006324304,-77.35370601493754,53010.4,0,0.0,False,21
H B Sugg Elementary,review_recommended,Pitt,Regular School,None,Traditional,35.59480705682168,-77.57546199986585,38286.4,0,0.0,False,21
Junius H Rose High,ok,Pitt,Regular School,None,Traditional,35.59367978581772,-77.3844567886645,50504.1,0,0.0,False,21
Pitt Memorial Hospital,ok,Pitt,Exceptional Children,None,Traditional,35.60624083040504,-77.40811828753446,48019.3,0,0.0,False,21
W H Robinson Elementary,review_recommended,Pitt,Regular School,None,Traditional,35.53180485059245,-77.4009159142678,49077.1,0,0.0,False,21
Sam D Bundy Elementary,review_recommended,Pitt,Regular School,None,Traditional,35.59375690316205,-77.57561741342556,38205.2,0,0.0,False,21
South Greenville Elementary,ok,Pitt,Regular School,None,Traditional,35.59865082109684,-77.38524381255544,50055.2,0,0.0,False,21
Wahl Coates Elementary,ok,Pitt,Regular School,None,Traditional,35.606656954445384,-77.35008642119399,51703.0,0,0.0,False,21
Wellcome Middle,review_recommended,Pitt,Regular School,None,Traditional,35.66810435978697,-77.36315690500984,46373.5,0,0.0,False,21
Wintergreen Intermediate,review_recommended,Pitt,Regular School,None,Traditional,35.54640626961682,-77.35312084064151,50525.4,0,0.0,False,21
Tryon Elementary,ok,Polk,Regular School,None,Traditional,35.21368283511585,-82.24294426344306,75068.8,0,0.0,False,21
Sunny View Elementary,ok,Polk,Regular School,None,Traditional,35.37246432251309,-82.18416651530785,58655.7,0,0.0,False,21
Archdale Elementary,review_recommended,Randolph,Regular School,None,Traditional,35.91377894736459,-79.97461355662732,349.3,4,31.2,True,21
Farmer Elementary,review_recommended,Randolph,Regular School,None,Traditional,35.64056414507496,-79.97257377123329,13270.3,0,0.0,False,21
John R Lawrence Elementary,review_recommended,Randolph,Regular School,None,Traditional,35.889640728382226,-79.92505381074272,5350.0,0,0.0,False,21
Level Cross Elementary,review_recommended,Randolph,Regular School,None,Traditional,35.860029152646334,-79.78982455113179,5221.4,0,0.0,False,21
Ramseur Elementary,review_recommended,Randolph,Regular School,None,Traditional,35.73833449643496,-79.65327539171236,13983.5,0,0.0,False,21
Randleman Elementary,review_recommended,Randolph,Regular School,None,Traditional,35.810206475733075,-79.80362858497591,2141.8,0,0.0,True,21
Randleman High,review_recommended,Randolph,Regular School,None,Traditional,35.82428012458235,-79.8227329385561,316.2,1,22.0,True,21
Southeastern Randolph Middle,review_recommended,Randolph,Regular School,None,Traditional,35.73012904391459,-79.63417165702323,15784.6,0,0.0,False,21
Southwestern Randolph High,review_recommended,Randolph,Regular School,None,Traditional,35.623799312881694,-79.86304987347826,5962.3,0,0.0,False,21
Southwestern Randolph Middle,review_recommended,Randolph,Regular School,None,Traditional,35.62302150804408,-79.85913887097738,5873.9,0,0.0,False,21
Tabernacle Elementary,review_recommended,Randolph,Regular School,None,Traditional,35.7340281554918,-79.96584885242471,14074.1,0,0.0,False,21
Trindale Elementary,review_recommended,Randolph,Regular School,None,Traditional,35.89910931638799,-79.96209382192649,2244.2,0,0.0,True,21
Trinity Elementary,review_recommended,Randolph,Regular School,None,Traditional,35.894680806835694,-79.9852885481949,2666.2,0,0.0,True,21
Asheboro High,review_recommended,Randolph,Regular School,None,Traditional,35.6912235593117,-79.82032243092907,1653.9,0,0.0,True,21
South Asheboro Middle,review_recommended,Randolph,Regular School,None,Traditional,35.69068157175263,-79.82126512147207,1740.0,0,0.0,True,21
Charles W McCrary Elementary,review_recommended,Randolph,Regular School,None,Traditional,35.7121041566136,-79.81893832384635,565.5,2,11.0,True,21
Donna L Loflin Elementary,review_recommended,Randolph,Regular School,None,Traditional,35.70386660990607,-79.82047470194493,583.2,2,11.0,True,21
Guy B Teachey Elementary,review_recommended,Randolph,Regular School,None,Traditional,35.674128040485286,-79.8091773949347,1650.3,0,0.0,True,21
Lindley Park Elementary,review_recommended,Randolph,Regular School,None,Traditional,35.70271518490665,-79.8067217316047,728.0,2,11.0,True,21
North Asheboro Middle,review_recommended,Randolph,Regular School,None,Traditional,35.7517533488205,-79.82289534828423,1521.8,0,0.0,True,21
Ellerbe Middle,ok,Richmond,Regular School,None,Traditional,35.074196834825614,-79.76335914804471,61774.4,0,0.0,False,21
Fairview Heights Elementary,review_recommended,Richmond,Regular School,None,Traditional,34.8899109876716,-79.71030813170279,82367.3,0,0.0,False,21
Hamlet Middle,review_recommended,Richmond,Regular School,None,Traditional,34.890275366459186,-79.72183169911085,82269.6,0,0.0,False,21
L J Bell Elementary,review_recommended,Richmond,Regular School,None,Traditional,34.94464931407258,-79.76419331970062,76142.8,0,0.0,False,21
Leak Street High,review_recommended,Richmond,Alternative Education,None,Traditional,34.93869037743768,-79.76096824726412,76804.7,0,0.0,False,21
Monroe Avenue Elementary,ok,Richmond,Regular School,None,Traditional,34.896861941368165,-79.69838060279842,81671.8,0,0.0,False,21
Rockingham Middle,review_recommended,Richmond,Regular School,None,Traditional,34.943848497441515,-79.76252646178519,76232.0,0,0.0,False,21
Fairmont Middle,review_recommended,Robeson,Regular School,None,Traditional,34.49706904814869,-79.11753227190225,111014.6,0,0.0,False,21
Janie C Hargrave Elem,ok,Robeson,Regular School,None,Traditional,34.61374156204124,-78.98722993555396,103753.9,0,0.0,False,21
L Gilbert Carroll Middle,review_recommended,Robeson,Regular School,None,Traditional,34.65798474659888,-79.00492953144283,107220.7,0,0.0,False,21
Lumberton Junior High,review_recommended,Robeson,Regular School,None,Traditional,34.6043489036226,-79.0300668176722,107002.6,0,0.0,False,21
Lumberton Senior High,review_recommended,Robeson,Regular School,None,Traditional,34.65266627108283,-79.00011347040862,106572.7,0,0.0,False,21
Peterson Elementary,review_recommended,Robeson,Regular School,None,Traditional,34.812481840987296,-79.18920023888387,104570.1,0,0.0,False,21
Red Springs High,review_recommended,Robeson,Regular School,None,Traditional,34.82098853634433,-79.18269710688038,103495.5,0,0.0,False,21
Red Springs Middle,review_recommended,Robeson,Regular School,None,Traditional,34.81849807477314,-79.1846796873973,103812.1,0,0.0,False,21
Rosenwald Elementary,review_recommended,Robeson,Regular School,None,Traditional,34.50369270087178,-79.11741311197812,111186.1,0,0.0,False,21
Rowland Middle,review_recommended,Robeson,Regular School,None,Traditional,34.539082860692176,-79.29417052558175,127880.6,0,0.0,False,21
Rowland Norment Elementary,ok,Robeson,Regular School,None,Traditional,34.622530908325366,-78.99557617640909,104838.8,0,0.0,False,21
Saint Pauls High,review_recommended,Robeson,Regular School,None,Traditional,34.81200274428063,-78.97788728896668,100747.4,0,0.0,False,21
Saint Pauls Middle,review_recommended,Robeson,Regular School,None,Traditional,34.810586285518234,-78.97544953594793,100879.4,0,0.0,False,21
Tanglewood Elementary,ok,Robeson,Regular School,None,Traditional,34.63857201685194,-79.01270474226065,106986.4,0,0.0,False,21
Townsend Middle,review_recommended,Robeson,Regular School,None,Traditional,34.73367664952448,-79.35094222433106,106464.2,0,0.0,False,21
West Lumberton Elementary,ok,Robeson,Regular School,None,Traditional,34.62245943424829,-79.03499829458802,108170.8,0,0.0,False,21
Central Elementary,review_recommended,Rockingham,Regular School,None,Traditional,36.50357897152174,-79.73136419161249,968.9,0,0.0,True,21
Douglass Elementary,review_recommended,Rockingham,Regular School,None,Traditional,36.4947876824164,-79.77714050659254,717.6,1,10.0,True,21
Draper Elementary,review_recommended,Rockingham,Regular School,None,Traditional,36.516341698843455,-79.68902719484295,341.0,1,10.0,True,21
J E Holmes Middle,review_recommended,Rockingham,Regular School,None,Traditional,36.50474215728372,-79.73679723216482,565.6,2,10.0,True,21
John W Dillard Elementary,review_recommended,Rockingham,Regular School,None,Traditional,36.39718730142974,-79.97730194643874,633.5,3,9.0,True,21
Lawsonville Ave Elem,review_recommended,Rockingham,Regular School,None,Traditional,36.35751938244148,-79.65945648707341,325.6,7,10.3,True,21
LeaksvilleSpray Elementary,review_recommended,Rockingham,Regular School,None,Traditional,36.493895735357334,-79.7574475711292,263.3,2,10.0,True,21
Monroeton Elementary,review_recommended,Rockingham,Regular School,None,Traditional,36.318795664706194,-79.71676134387383,2980.6,0,0.0,True,21
John M Morehead High,review_recommended,Rockingham,Regular School,None,Traditional,36.5032194977121,-79.73634584891371,731.4,2,10.0,True,21
Moss Street Elementary,review_recommended,Rockingham,Regular School,None,Traditional,36.36368975363236,-79.68090031306662,917.9,0,0.0,True,21
New Vision Sch.of Math/Sci/Tec,review_recommended,Rockingham,Regular School,None,Year Round,36.39807677505231,-79.97121399889836,342.5,4,9.0,True,21
Reidsville High,review_recommended,Rockingham,Regular School,None,Traditional,36.33030707688656,-79.6757582259928,933.6,0,0.0,True,21
Reidsville Middle,review_recommended,Rockingham,Regular School,None,Traditional,36.32844901178355,-79.68072166722996,472.2,1,9.0,True,21
South End Elementary,ok,Rockingham,Regular School,None,Traditional,36.34366985061516,-79.6675940592276,586.0,1,9.0,True,21
Bostian Elementary,review_recommended,Rowan,Regular School,None,Traditional,35.524134162368796,-80.54209172343045,5100.6,0,0.0,False,21
Overton Elementary,ok,Rowan,Regular School,None,Traditional,35.68941356584314,-80.47412447001744,658.8,5,1.0,True,21
China Grove Elementary,review_recommended,Rowan,Regular School,None,Traditional,35.56762811507809,-80.58434797438275,4866.2,0,0.0,True,21
China Grove Middle,review_recommended,Rowan,Regular School,None,Traditional,35.57586913816129,-80.56948545303973,6446.5,0,0.0,False,21
Corriher Lipe Middle,review_recommended,Rowan,Regular School,None,Traditional,35.54526089574326,-80.61462881189776,1309.9,0,0.0,True,21
Isenberg Elementary,ok,Rowan,Regular School,None,Traditional,35.701459069072314,-80.50364832009623,1203.4,0,0.0,True,21
Dole Elementary,review_recommended,Rowan,Regular School,None,Traditional,35.669914244381,-80.42514660634238,901.9,0,0.0,True,21
Hurley Elementary,review_recommended,Rowan,Regular School,None,Traditional,35.693065824863766,-80.56231101033892,3569.4,0,0.0,True,21
Knollwood Elementary,review_recommended,Rowan,Regular School,None,Traditional,35.61565808273947,-80.57260332827495,7779.2,0,0.0,False,21
Knox Middle,ok,Rowan,Regular School,None,Traditional,35.68619778517078,-80.47733939268072,229.5,12,1.0,True,21
Landis Elementary,review_recommended,Rowan,Regular School,None,Traditional,35.55411399325854,-80.6202465306288,2241.7,0,0.0,True,21
Morgan Elementary,review_recommended,Rowan,Regular School,None,Traditional,35.58068006515794,-80.33575974516368,13382.8,0,0.0,False,21
North Rowan Elementary,review_recommended,Rowan,Regular School,None,Traditional,35.700111256321506,-80.42630698169155,801.8,0,0.0,True,21
North Rowan High,review_recommended,Rowan,Regular School,None,Traditional,35.69571917237376,-80.42450360976063,331.2,2,1.0,True,21
North Rowan Middle,review_recommended,Rowan,Regular School,None,Traditional,35.70139681428995,-80.42589539551912,942.7,0,0.0,True,21
Rockwell Elementary,review_recommended,Rowan,Regular School,None,Traditional,35.55618628173904,-80.41307806714607,10812.3,0,0.0,False,21
Salisbury High,review_recommended,Rowan,Regular School,None,Traditional,35.66364604767794,-80.48269372611972,103.8,22,1.0,True,21
South Rowan High,review_recommended,Rowan,Regular School,None,Traditional,35.574697598394934,-80.61296969074594,4550.7,0,0.0,True,21
West Rowan Middle,review_recommended,Rowan,Regular School,None,Traditional,35.715119395125406,-80.58149072255677,5786.5,0,0.0,False,21
Chase High,review_recommended,Rutherford,Regular School,None,Traditional,35.25051012269451,-81.84288361482187,54152.2,0,0.0,False,21
Forest CityDunbar Elementary,review_recommended,Rutherford,Regular School,None,Traditional,35.34714776118505,-81.87468560387362,44832.1,0,0.0,False,21
Rutherford Opportunity Center,review_recommended,Rutherford,Alternative Education,None,Traditional,35.3301946108309,-81.85720050350737,46051.0,0,0.0,False,21
Rutherfordton Elementary,review_recommended,Rutherford,Regular School,None,Traditional,35.33464700422722,-81.97358207852866,49942.5,0,0.0,False,21
Spindale Elementary,ok,Rutherford,Regular School,None,Traditional,35.35917620279285,-81.93191593654079,45764.1,0,0.0,False,21
Sunshine Elementary,ok,Rutherford,Regular School,None,Traditional,35.452394152264,-81.80972554218485,31832.5,0,0.0,False,21
Clement Elementary,ok,Sampson,Regular School,None,Traditional,35.10524093802547,-78.58952394795622,59717.8,0,0.0,False,21
Hargrove Elementary,ok,Sampson,Regular School,None,Traditional,35.092206817303115,-78.23711110099389,35730.3,0,0.0,False,21
Hobbton Elementary,ok,Sampson,Regular School,None,Traditional,35.180408071514314,-78.32940817451083,35073.5,0,0.0,False,21
Hobbton Middle,ok,Sampson,Regular School,None,Traditional,35.176400176712875,-78.32919410579164,35302.0,0,0.0,False,21
Hobbton High,ok,Sampson,Regular School,None,Traditional,35.178003723713196,-78.32918113648884,35202.6,0,0.0,False,21
Midway High,ok,Sampson,Regular School,None,Traditional,35.17509497149103,-78.47731328548235,46885.1,0,0.0,False,21
Plain View Elementary,review_recommended,Sampson,Regular School,None,Traditional,35.23651277690411,-78.53919981401465,48203.5,0,0.0,False,21
Union Middle,review_recommended,Sampson,Regular School,None,Traditional,34.86726521121082,-78.2558870127981,58468.7,0,0.0,False,21
Union Elementary,review_recommended,Sampson,Regular School,None,Traditional,34.82577689564378,-78.24259975673002,62307.9,0,0.0,False,21
Union High,review_recommended,Sampson,Regular School,None,Traditional,34.80930333933722,-78.23672576965065,63848.7,0,0.0,False,21
Butler Avenue Elementary,ok,Sampson,Regular School,None,Traditional,34.98911101775076,-78.31840689321501,49354.1,0,0.0,False,21
Clinton High,ok,Sampson,Regular School,None,Traditional,34.97211032365025,-78.3303357491775,51524.6,0,0.0,False,21
Langdon C Kerr Elementary,ok,Sampson,Regular School,None,Traditional,35.01420271120289,-78.32212652966051,47308.7,0,0.0,False,21
Sampson Middle,ok,Sampson,Regular School,None,Traditional,34.973999294520205,-78.33346894487191,51517.5,0,0.0,False,21
Covington Street Elementary,review_recommended,Scotland,Regular School,None,Traditional,34.773642814002,-79.47154520463921,98805.2,0,0.0,False,21
North Laurinburg Elementary,review_recommended,Scotland,Regular School,None,Traditional,34.78720974107969,-79.45548442459594,97769.1,0,0.0,False,21
Sycamore Lane Middle,review_recommended,Scotland,Regular School,None,Traditional,34.74279466491045,-79.4930356565278,101608.7,0,0.0,False,21
South Scotland Elementary,ok,Scotland,Regular School,None,Traditional,34.735063912306096,-79.43906393320079,103741.3,0,0.0,False,21
Washington Park Elementary,review_recommended,Scotland,Regular School,None,Traditional,34.76135497241032,-79.45882264167527,100434.4,0,0.0,False,21
Albemarle High,review_recommended,Stanly,Regular School,None,Traditional,35.369932791683176,-80.19440565809941,35049.8,0,0.0,False,21
Albemarle Middle,review_recommended,Stanly,Regular School,None,Traditional,35.35312492565313,-80.19629941978631,35140.0,0,0.0,False,21
Central Elementary,review_recommended,Stanly,Regular School,None,Traditional,35.35213505354711,-80.19634641085561,35150.0,0,0.0,False,21
Endy Elementary,review_recommended,Stanly,Regular School,None,Traditional,35.305721110220745,-80.2792281207102,28864.7,0,0.0,False,21
East Albemarle Elementary,review_recommended,Stanly,Regular School,None,Traditional,35.349846397421175,-80.16749005661285,37782.9,0,0.0,False,21
Locust Elementary,review_recommended,Stanly,Regular School,None,Traditional,35.26233775994502,-80.41760878341344,20163.2,0,0.0,False,21
Oakboro Elementary,review_recommended,Stanly,Regular School,None,Traditional,35.2367255296203,-80.33902361627207,27498.8,0,0.0,False,21
South Stanly High,review_recommended,Stanly,Regular School,None,Traditional,35.230959127088205,-80.16427596725642,41615.9,0,0.0,False,21
Cedar Ridge Elementary,ok,Surry,Regular School,None,Traditional,36.50853654911058,-80.8010120246306,56604.9,0,0.0,False,21
Copeland Elementary,review_recommended,Surry,Regular School,None,Traditional,36.33715841210383,-80.65013831878409,34202.2,0,0.0,False,21
Flat Rock Elementary,review_recommended,Surry,Regular School,None,Traditional,36.51339493352257,-80.56866679915527,43906.6,0,0.0,False,21
Franklin Elementary,review_recommended,Surry,Regular School,None,Traditional,36.48893381158796,-80.63134670110243,44698.4,0,0.0,False,21
J Sam Gentry Middle,review_recommended,Surry,Regular School,None,Traditional,36.50278540138583,-80.66309896866369,47652.2,0,0.0,False,21
Mountain Park Elementary,ok,Surry,Regular School,None,Traditional,36.3661103190569,-80.85074159126833,51492.3,0,0.0,False,21
North Surry High,review_recommended,Surry,Regular School,None,Traditional,36.50517371574387,-80.67451864363453,48500.0,0,0.0,False,21
White Plains Elementary,review_recommended,Surry,Regular School,None,Traditional,36.448778835667625,-80.66653156562334,43335.3,0,0.0,False,21
Elkin Elementary,ok,Surry,Regular School,None,Traditional,36.24600678791643,-80.85431421350735,45544.3,0,0.0,False,21
Elkin High,ok,Surry,Regular School,None,Traditional,36.24486046573295,-80.85994140059651,45135.3,0,0.0,False,21
Mount Airy High,review_recommended,Surry,Regular School,None,Traditional,36.51063779597631,-80.6167282226162,45908.8,0,0.0,False,21
Mount Airy Middle,review_recommended,Surry,Regular School,None,Traditional,36.51322132380657,-80.61557290467206,46089.5,0,0.0,False,21
Brevard Elementary,ok,Transylvania,Regular School,None,Traditional,35.22565026950699,-82.72249407786504,46244.4,0,0.0,False,21
Brevard High,review_recommended,Transylvania,Regular School,None,Traditional,35.217588747754654,-82.73464891062063,45469.0,0,0.0,False,21
Pisgah Forest Elementary,review_recommended,Transylvania,Regular School,None,Traditional,35.257254941484554,-82.70388139523008,46901.4,0,0.0,False,21
Davidson River School,review_recommended,Transylvania,Alternative Education,None,Traditional,35.25831779515957,-82.70465444429935,46804.0,0,0.0,False,21
East Elementary,review_recommended,Union,Regular School,None,Year Round,34.978291569016164,-80.53387529126435,41688.1,0,0.0,False,21
Fairview Elementary,review_recommended,Union,Regular School,None,Traditional,35.16031320035084,-80.54062369578472,24553.8,0,0.0,False,21
Monroe Middle,review_recommended,Union,Regular School,None,Year Round,34.97161662926255,-80.5375924706325,42192.6,0,0.0,False,21
Indian Trail Elementary,ok,Union,Regular School,None,Traditional,35.07277799286926,-80.67398775281823,27264.7,0,0.0,False,21
Monroe High,ok,Union,Regular School,None,Traditional,34.97211350777002,-80.52661222776263,42603.0,0,0.0,False,21
Piedmont Middle,ok,Union,Regular School,None,Traditional,35.09242935031121,-80.49213152615226,32957.4,0,0.0,False,21
Prospect Elementary,review_recommended,Union,Regular School,None,Traditional,34.859898604023336,-80.61334004068858,51512.1,0,0.0,False,21
Shiloh Elementary,ok,Union,Regular School,None,Year Round,35.037646569397786,-80.65001786715517,31593.2,0,0.0,False,21
Sun Valley High,review_recommended,Union,Regular School,None,Traditional,35.04511657043706,-80.64170706779396,31020.7,0,0.0,False,21
Union Elementary,review_recommended,Union,Regular School,None,Traditional,34.91210497130092,-80.4112679769089,53767.7,0,0.0,False,21
South Providence,review_recommended,Union,Alternative Education,None,Traditional,34.92255176167935,-80.74170062581732,43129.3,0,0.0,False,21
Central Academy of Technology,review_recommended,Union,Regular School,None,Traditional,34.97086787600062,-80.56814731465883,41092.7,0,0.0,False,21
Unionville Elementary,ok,Union,Regular School,None,Traditional,35.08549131672087,-80.50938490822105,33034.7,0,0.0,False,21
Walter Bickett Elementary,ok,Union,Regular School,None,Year Round,34.97600257070119,-80.55373967565961,41111.1,0,0.0,False,21
Waxhaw Elementary,review_recommended,Union,Regular School,None,Traditional,34.918710375124306,-80.73493772667507,43565.0,0,0.0,False,21
Wesley Chapel Elementary,review_recommended,Union,Regular School,None,Traditional,35.006031852904776,-80.67278666915956,34517.6,0,0.0,False,21
Wingate Elementary,ok,Union,Regular School,None,Traditional,34.984903391906954,-80.45462905063985,44889.8,0,0.0,False,21
Aycock Elementary,review_recommended,Vance,Regular School,None,Traditional,36.31859024609677,-78.36042068745562,3212.5,0,0.0,True,21
Carver Elementary,review_recommended,Vance,Regular School,None,Traditional,36.368513959643444,-78.32184088839261,7094.7,0,0.0,False,21
Dabney Elementary,review_recommended,Vance,Regular School,None,Traditional,36.330747332382636,-78.48325426286107,2676.1,0,0.0,True,21
Henderson Middle,review_recommended,Vance,Regular School,None,Traditional,36.32754506132093,-78.40013091778117,259.5,7,1.0,True,21
Pinkston Street Elementary,review_recommended,Vance,Regular School,None,Traditional,36.32422086711462,-78.3869055360676,768.2,1,1.0,True,21
E M Rollins Elementary,review_recommended,Vance,Regular School,None,Traditional,36.31979264004178,-78.41572527247426,86.4,4,1.0,True,21
Southern Vance High,review_recommended,Vance,Regular School,None,Traditional,36.30067535995181,-78.3735765305934,3270.6,0,0.0,True,21
Western Vance High,review_recommended,Vance,Alternative Education,None,Traditional,36.3488371247992,-78.49587335986868,4312.1,0,0.0,True,21
Northern Vance High,review_recommended,Vance,Regular School,None,Traditional,36.349785011091285,-78.37942066412911,1535.4,0,0.0,True,21
L B Yancey Elementary,review_recommended,Vance,Regular School,None,Traditional,36.306544718782014,-78.40431261681785,435.3,1,1.0,True,21
Apex Elementary,ok,Wake,Regular School,None,Traditional,35.7213479703083,-78.85650930287767,143.9,10,52.2,True,21
Apex Middle,ok,Wake,Regular School,None,Traditional,35.72662321873757,-78.84838637975363,178.5,17,57.9,True,21
Apex High,ok,Wake,Regular School,None,Traditional,35.74513352058963,-78.83721515621416,910.6,0,0.0,True,21
Athens Drive High,ok,Wake,Regular School,None,Traditional,35.7688022061862,-78.71067687794816,1967.0,0,0.0,True,21
Aversboro Elementary,ok,Wake,Regular School,None,Traditional,35.689052191847836,-78.61565847409383,12656.8,0,0.0,False,21
Longview,ok,Wake,Exceptional Children,None,Traditional,35.78538441690682,-78.61035844718566,8675.1,0,0.0,False,21
Baileywick Road Elementary,ok,Wake,Regular School,None,Traditional,35.90955366326207,-78.66514647086947,10429.0,0,0.0,False,21
Baucom Elementary,ok,Wake,Regular School,None,Traditional,35.736642088418435,-78.85448998486513,276.8,12,48.2,True,21
Brassfield Elementary,review_recommended,Wake,Regular School,None,Year Round,35.93331068040414,-78.62890377033558,13854.4,0,0.0,False,21
Brentwood Elementary,ok,Wake,Regular School,Magnet,Traditional,35.830450010730885,-78.59683101289603,10452.4,0,0.0,False,21
Briarcliff Elementary,ok,Wake,Regular School,None,Traditional,35.768787653320054,-78.78736199325111,503.7,6,59.0,True,21
Brooks Elementary,ok,Wake,Regular School,Magnet,Traditional,35.844597342791936,-78.65430590344103,6961.4,0,0.0,False,21
Needham Broughton High,ok,Wake,Regular School,Magnet,Traditional,35.789801908537086,-78.65238802373071,4845.9,0,0.0,True,21
Bugg Elementary,ok,Wake,Regular School,Magnet,Traditional,35.76586527623332,-78.58684500553498,11258.5,0,0.0,False,21
Carnage Middle,ok,Wake,Regular School,Magnet,Traditional,35.76292825720452,-78.62790408557458,7968.2,0,0.0,False,21
Carroll Middle,review_recommended,Wake,Regular School,None,Traditional,35.84300272558523,-78.64246126935483,7591.3,0,0.0,False,21
Carver Elementary,ok,Wake,Regular School,None,Modified,35.791442624595774,-78.38711137493365,28763.7,0,0.0,False,21
Cary Elementary,ok,Wake,Regular School,None,Traditional,35.781659320051475,-78.78093397821732,69.9,15,127.9,True,21
Cary High,review_recommended,Wake,Regular School,None,Traditional,35.77279964551135,-78.76602397595346,321.9,8,73.2,True,21
Combs Elementary,ok,Wake,Regular School,Magnet,Traditional,35.774870480193385,-78.70200233756847,2042.6,0,0.0,True,21
Conn Elementary,ok,Wake,Regular School,Magnet,Traditional,35.79632939230065,-78.62361139859215,7373.0,0,0.0,False,21
Creech Road Elementary,ok,Wake,Regular School,None,Traditional,35.714769155542655,-78.60165455210267,12487.3,0,0.0,False,21
Daniels Middle,ok,Wake,Regular School,Magnet,Traditional,35.813305422316816,-78.65715346971851,4681.0,0,0.0,True,21
Davis Drive Elementary,review_recommended,Wake,Regular School,None,Traditional,35.77999303826285,-78.85013770093124,1116.1,0,0.0,True,21
Davis Drive Middle,review_recommended,Wake,Regular School,None,Traditional,35.77749401681341,-78.85044880740112,1381.3,0,0.0,True,21
Douglas Elementary,ok,Wake,Regular School,Magnet,Traditional,35.840791844223176,-78.62969961379909,8343.3,0,0.0,False,21
Durant Road Elementary,ok,Wake,Regular School,None,Year Round,35.90030582908292,-78.58027436569051,16047.3,0,0.0,False,21
Durant Road Middle,ok,Wake,Regular School,None,Year Round,35.90346136001351,-78.58771736565755,15839.9,0,0.0,False,21
Reedy Creek Middle,ok,Wake,Regular School,None,Traditional,35.81278968427803,-78.76865941036527,605.3,6,60.0,True,21
East Millbrook Middle,ok,Wake,Regular School,Magnet,Traditional,35.85753168614156,-78.57340383634077,13644.9,0,0.0,False,21
East Wake Middle,ok,Wake,Regular School,None,Year Round,35.826349660237945,-78.50216772096839,18626.1,0,0.0,False,21
William G Enloe High,ok,Wake,Regular School,Magnet,Traditional,35.784594110172975,-78.60424473197543,9234.8,0,0.0,False,21
Farmington Woods Elementary,ok,Wake,Regular School,Magnet,Modified,35.75817170153968,-78.77528256416396,689.0,3,58.7,True,21
Fox Road Elementary,review_recommended,Wake,Regular School,None,Traditional,35.87293958673321,-78.55536392594733,15916.9,0,0.0,False,21
Fuller Elementary,ok,Wake,Regular School,Magnet,Traditional,35.754634211434315,-78.62499450076359,8668.8,0,0.0,False,21
FuquayVarina Elementary,review_recommended,Wake,Regular School,None,Traditional,35.60303580768361,-78.75704586630765,14755.7,0,0.0,False,21
FuquayVarina Middle,ok,Wake,Regular School,None,Traditional,35.584392335184795,-78.79491524239938,15248.8,0,0.0,False,21
Garner High,ok,Wake,Regular School,Magnet,Traditional,35.7109754029844,-78.63531753425225,9870.6,0,0.0,False,21
Green Elementary,review_recommended,Wake,Regular School,None,Year Round,35.854611516682596,-78.6438339857247,8420.7,0,0.0,False,21
Hodge Road Elementary,ok,Wake,Regular School,None,Year Round,35.77625577348515,-78.52248703108718,16683.9,0,0.0,False,21
Holly Springs Elementary,ok,Wake,Regular School,None,Year Round,35.6555135540343,-78.82824684829454,6806.2,0,0.0,False,21
Hunter Elementary,ok,Wake,Regular School,Magnet,Traditional,35.774783810736466,-78.62289970291157,7852.0,0,0.0,False,21
Jeffreys Grove Elementary,ok,Wake,Regular School,None,Traditional,35.86808843692824,-78.68106499989675,8132.5,0,0.0,False,21
Heritage Elementary,ok,Wake,Regular School,None,Year Round,35.946657428774245,-78.51181089645115,24063.6,0,0.0,False,21
Joyner Elementary,ok,Wake,Regular School,Magnet,Traditional,35.81270625092026,-78.63293784245279,6743.2,0,0.0,False,21
Kingswood Elementary,ok,Wake,Regular School,None,Traditional,35.79291893708283,-78.77867398995885,330.3,16,134.4,True,21
Lacy Elementary,ok,Wake,Regular School,None,Traditional,35.8143154805442,-78.67975812776376,2959.9,0,0.0,True,21
Leesville Road Elementary,ok,Wake,Regular School,None,Year Round,35.88789375058945,-78.7185899067116,6298.2,0,0.0,False,21
Lead Mine Elementary,ok,Wake,Regular School,None,Traditional,35.89122287843191,-78.6562827916219,11301.4,0,0.0,False,21
Leesville Road Middle,ok,Wake,Regular School,None,Year Round,35.88922214922464,-78.71856617360463,6233.7,0,0.0,False,21
Ligon Middle,ok,Wake,Regular School,Magnet,Traditional,35.77206569360542,-78.62651789561549,7649.0,0,0.0,False,21
Leesville Road High,ok,Wake,Regular School,None,Traditional,35.89083663493653,-78.71850696628779,6161.6,0,0.0,False,21
Lincoln Heights Elementary,review_recommended,Wake,Regular School,Magnet,Modified,35.58977191437905,-78.80931251986475,14290.6,0,0.0,False,21
Lynn Road Elementary,ok,Wake,Regular School,None,Traditional,35.870944015289616,-78.66747022093848,8835.2,0,0.0,False,21
Martin Middle,ok,Wake,Regular School,Magnet,Traditional,35.811934348621016,-78.68534023922568,2404.4,0,0.0,True,21
Millbrook Elementary,ok,Wake,Regular School,Magnet,Traditional,35.849485273490664,-78.61077086337455,10299.1,0,0.0,False,21
Millbrook High,ok,Wake,Regular School,Magnet,Traditional,35.865031576275214,-78.60357150153929,11851.9,0,0.0,False,21
Morrisville Elementary,review_recommended,Wake,Regular School,None,Year Round,35.811497371766606,-78.84658337855113,2134.8,0,0.0,True,21
Mount Vernon,ok,Wake,Alternative Education,None,Traditional,35.79038937823983,-78.71873243882537,601.8,2,89.0,True,21
North Garner Middle,ok,Wake,Regular School,None,Year Round,35.715103610178815,-78.61216852475839,11583.6,0,0.0,False,21
North Ridge Elementary,ok,Wake,Regular School,None,Traditional,35.88129607076359,-78.62336446134466,11880.1,0,0.0,False,21
Northwoods Elementary,review_recommended,Wake,Regular School,None,Traditional,35.7950631615275,-78.79011583917544,155.3,9,84.7,True,21
Oak Grove Elementary,review_recommended,Wake,Regular School,None,Year Round,35.71413938365793,-78.78290388936,2312.5,0,0.0,True,21
Olive Chapel Elementary,review_recommended,Wake,Regular School,None,Year Round,35.734836166562665,-78.89466294023708,208.8,6,67.7,True,21
Olds Elementary,ok,Wake,Regular School,None,Traditional,35.793645426376195,-78.67521112602962,2740.1,0,0.0,True,21
Partnership Elementary,ok,Wake,Regular School,None,Modified,35.79004490404323,-78.64713524206769,5309.8,0,0.0,False,21
Phillips High,ok,Wake,Alternative Education,None,Traditional,35.78832229142099,-78.61622860284032,8103.7,0,0.0,False,21
Penny Road Elementary,review_recommended,Wake,Regular School,None,Traditional,35.71604592165549,-78.79739665777585,2562.0,0,0.0,True,21
Pleasant Union Elementary,review_recommended,Wake,Regular School,None,Year Round,35.95031824634919,-78.67336505374817,10479.9,0,0.0,False,21
Poe Elementary,ok,Wake,Regular School,Magnet,Traditional,35.77408637207564,-78.60560723742567,9367.7,0,0.0,False,21
Powell Elementary,ok,Wake,Regular School,Magnet,Traditional,35.795517792031504,-78.603699558849,9174.8,0,0.0,False,21
Rand Road Elementary,ok,Wake,Regular School,None,Year Round,35.655546218342636,-78.61664851623222,14861.4,0,0.0,False,21
Root Elementary,ok,Wake,Regular School,None,Traditional,35.82532138695195,-78.6509289870805,5794.0,0,0.0,False,21
Sanderson High,review_recommended,Wake,Regular School,None,Traditional,35.860662680343744,-78.64788175504688,8715.0,0,0.0,False,21
Smith Elementary,ok,Wake,Regular School,Magnet,Traditional,35.71230335327604,-78.65336551157662,8386.6,0,0.0,False,21
Southeast Raleigh High,ok,Wake,Regular School,Magnet,Modified,35.74633399308665,-78.60440585041648,10734.2,0,0.0,False,21
Stough Elementary,review_recommended,Wake,Regular School,None,Traditional,35.836009635043894,-78.69212822470601,4435.0,0,0.0,True,21
Swift Creek Elementary,ok,Wake,Regular School,None,Traditional,35.74514244127929,-78.73369223605701,366.0,3,58.0,True,21
Timber Drive Elementary,review_recommended,Wake,Regular School,None,Year Round,35.69013470603455,-78.63552611967832,11130.3,0,0.0,False,21
Underwood Elementary,ok,Wake,Regular School,Magnet,Traditional,35.802321322330435,-78.64536012924314,5432.1,0,0.0,False,21
Vance Elementary,ok,Wake,Regular School,None,Year Round,35.65515633544588,-78.66774012499567,11912.4,0,0.0,False,21
Vandora Springs Elementary,ok,Wake,Regular School,None,Traditional,35.69920695118061,-78.62902366912736,11025.8,0,0.0,False,21
Wake Forest Elementary,ok,Wake,Regular School,None,Traditional,35.975966784123294,-78.51415945935545,25003.5,0,0.0,False,21
Wake ForestRolesville High,ok,Wake,Regular School,None,Traditional,35.98412462450861,-78.51559030139349,25143.5,0,0.0,False,21
Wake ForestRolesville Mid,ok,Wake,Regular School,None,Traditional,35.95365651993729,-78.52814917743001,23200.9,0,0.0,False,21
Washington Elementary,ok,Wake,Regular School,Magnet,Traditional,35.767337274802344,-78.64265792049514,6566.6,0,0.0,False,21
Weatherstone Elementary,ok,Wake,Regular School,None,Traditional,35.792129071418394,-78.81127629303562,553.0,6,58.0,True,21
Wendell Elementary,ok,Wake,Regular School,Magnet,Traditional,35.71771227528103,-78.35707211881852,32707.4,0,0.0,False,21
West Cary Middle,review_recommended,Wake,Regular School,None,Traditional,35.80239819222673,-78.79483885325925,450.3,3,58.0,True,21
West Lake Elementary,ok,Wake,Regular School,None,Year Round,35.66173761529309,-78.76190618303863,8255.1,0,0.0,False,21
West Lake Middle,ok,Wake,Regular School,None,Year Round,35.660494176131415,-78.76072112473977,8411.4,0,0.0,False,21
West Millbrook Middle,ok,Wake,Regular School,None,Traditional,35.89258775221422,-78.63028380955362,12536.4,0,0.0,False,21
Wilburn Elementary,ok,Wake,Regular School,None,Year Round,35.819429747757695,-78.57557406443964,11963.9,0,0.0,False,21
Wiley Elementary,ok,Wake,Regular School,Magnet,Traditional,35.78502327802464,-78.65135982823507,5056.1,0,0.0,False,21
Willow Springs Elementary,ok,Wake,Regular School,None,Year Round,35.59385260310206,-78.72843268017431,16300.7,0,0.0,False,21
York Elementary,ok,Wake,Regular School,None,Traditional,35.85251902630185,-78.68339466001407,6416.7,0,0.0,False,21
Zebulon Elementary,ok,Wake,Regular School,Magnet,Traditional,35.83963539119758,-78.32003438794051,35123.8,0,0.0,False,21
Mariam Boyd Elementary,review_recommended,Warren,Regular School,None,Traditional,36.395325196215566,-78.15697829569767,22078.6,0,0.0,False,21
Green Valley Elementary,ok,Watauga,Regular School,None,Traditional,36.27731697621903,-81.6467756705317,5861.6,0,0.0,False,21
Hardin Park Elementary,review_recommended,Watauga,Regular School,None,Traditional,36.222592115439305,-81.66002317300419,255.4,7,155.9,True,21
Parkway Elementary,ok,Watauga,Regular School,None,Traditional,36.23177037350997,-81.56201328727364,6968.4,0,0.0,False,21
Watauga High,ok,Watauga,Regular School,None,Traditional,36.200251160572996,-81.67645695264999,63.9,13,166.7,True,21
Brogden Primary,review_recommended,Wayne,Regular School,None,Traditional,35.24925406431337,-78.03992255991565,11859.2,0,0.0,False,21
Carver Heights Elementary,review_recommended,Wayne,Regular School,None,Traditional,35.36598307987954,-77.99645943466922,35.1,7,14.0,True,21
Dillard Middle,review_recommended,Wayne,Regular School,None,Traditional,35.368484027711304,-77.99250636846868,209.8,10,14.0,True,21
Eastern Wayne Elementary,review_recommended,Wayne,Regular School,None,Traditional,35.37417169628496,-77.87617263130466,3291.8,0,0.0,True,21
Eastern Wayne High,review_recommended,Wayne,Regular School,None,Traditional,35.377676360862075,-77.88006424641547,2836.7,0,0.0,True,21
Edgewood Cmty Developmental,review_recommended,Wayne,Exceptional Children,None,Traditional,35.380198506200195,-77.97226507627465,112.6,18,15.8,True,21
Grantham,review_recommended,Wayne,Regular School,None,Traditional,35.295953948921266,-78.16546438215607,15785.3,0,0.0,False,21
Greenwood Middle,review_recommended,Wayne,Regular School,None,Traditional,35.3662143411663,-77.94423389037694,895.9,0,0.0,True,21
Meadow Lane Elementary,review_recommended,Wayne,Regular School,None,Traditional,35.364083407763225,-77.93905330299214,1321.2,0,0.0,True,21
Mount Olive Middle,review_recommended,Wayne,Regular School,None,Traditional,35.20154363079282,-78.07182257859279,17783.9,0,0.0,False,21
Rosewood High,review_recommended,Wayne,Regular School,None,Traditional,35.41389621324068,-78.07294783201489,1577.5,0,0.0,True,21
School Street Elementary,review_recommended,Wayne,Regular School,None,Traditional,35.38072724253243,-78.0034838914205,174.7,31,13.3,True,21
Southern Wayne High,review_recommended,Wayne,Regular School,None,Traditional,35.25499440298961,-78.04528414910435,11387.5,0,0.0,False,21
North Drive Elementary,review_recommended,Wayne,Regular School,None,Traditional,35.387277699924255,-77.96342939933605,359.1,8,13.0,True,21
Northwest Elementary,ok,Wayne,Regular School,None,Traditional,35.495662104040946,-78.03261365407094,7630.9,0,0.0,False,21
BoomerFerguson Elementary,ok,Wilkes,Regular School,None,Traditional,36.10150705050828,-81.29773642979487,22220.6,0,0.0,False,21
Central Wilkes Middle,review_recommended,Wilkes,Regular School,None,Traditional,36.09355053731674,-81.17647103193751,18873.4,0,0.0,False,21
Mulberry Elementary,ok,Wilkes,Regular School,None,Traditional,36.23738536677941,-81.18154532374476,34833.2,0,0.0,False,21
North Wilkesboro Elementary,ok,Wilkes,Regular School,None,Traditional,36.17802253317953,-81.1418975496369,28379.7,0,0.0,False,21
Roaring River Elementary,ok,Wilkes,Regular School,None,Traditional,36.208768745802196,-81.00315000763882,35031.6,0,0.0,False,21
Wilkes Central High,review_recommended,Wilkes,Regular School,None,Traditional,36.1102987737491,-81.17808652898992,20733.5,0,0.0,False,21
Wilkesboro Elementary,ok,Wilkes,Regular School,None,Traditional,36.13598598610012,-81.17717806305211,23580.7,0,0.0,False,21
Milton M Daniels Learning Cntr,review_recommended,Wilson,Alternative Education,None,Traditional,35.71207002102791,-77.90660966302687,24140.6,0,0.0,False,21
B O Barnes Elementary,review_recommended,Wilson,Regular School,None,Traditional,35.71275511038111,-77.88629282028438,23533.9,0,0.0,False,21
Charles H Darden Middle,review_recommended,Wilson,Regular School,None,Traditional,35.72051625550366,-77.89780165151059,22999.2,0,0.0,False,21
Beddingfield High,review_recommended,Wilson,Regular School,None,Traditional,35.66006667619531,-77.8761701753937,28632.5,0,0.0,False,21
Elm City Elementary,review_recommended,Wilson,Regular School,None,Traditional,35.80619746657508,-77.87265340198338,13268.2,0,0.0,False,21
Elm City Middle,review_recommended,Wilson,Regular School,None,Traditional,35.822158583858005,-80.24426939356594,16175.6,0,0.0,False,21
Fike High,review_recommended,Wilson,Regular School,None,Traditional,35.75384493270421,-77.92445025999972,20503.5,0,0.0,False,21
James Hunt High,review_recommended,Wilson,Regular School,None,Traditional,35.722732451951174,-77.99516863820175,26787.8,0,0.0,False,21
Margaret Hearne Elementary,review_recommended,Wilson,Regular School,None,Traditional,35.73103577359471,-77.90833844289315,22215.4,0,0.0,False,21
New Hope Elementary,review_recommended,Wilson,Regular School,None,Traditional,35.78175574489661,-77.95081765792692,19124.4,0,0.0,False,21
Rock Ridge Elementary,ok,Wilson,Regular School,None,Traditional,35.70216211752564,-78.06837407737024,30043.4,0,0.0,False,21
Springfield Middle,review_recommended,Wilson,Regular School,None,Traditional,35.67608161003997,-78.02929307197573,27315.4,0,0.0,False,21
Toisnot Middle,review_recommended,Wilson,Regular School,None,Traditional,35.7431387822996,-77.91035338455647,21037.5,0,0.0,False,21
VinsonBynum Elementary,review_recommended,Wilson,Regular School,None,Traditional,35.721166093749815,-77.94169873643244,24444.3,0,0.0,False,21
Wells Elementary,review_recommended,Wilson,Regular School,None,Traditional,35.743766880472684,-77.91838609545535,21267.2,0,0.0,False,21
Winstead Elementary,review_recommended,Wilson,Regular School,None,Traditional,35.71394919344177,-77.93051985480342,24736.3,0,0.0,False,21
Courtney Elementary,review_recommended,Yadkin,Regular School,None,Traditional,36.06517474886344,-80.6062793357267,23502.6,0,0.0,False,21
Fall Creek Elementary,review_recommended,Yadkin,Regular School,None,Traditional,36.23010570564387,-80.58879229775827,24029.0,0,0.0,False,21
Forbush Elementary,review_recommended,Yadkin,Regular School,None,Traditional,36.12263433530541,-80.49550985758586,14029.9,0,0.0,False,21
Forbush High,review_recommended,Yadkin,Regular School,None,Traditional,36.14179480540376,-80.55459262676487,19740.8,0,0.0,False,21
Jonesville Elementary,ok,Yadkin,Regular School,None,Traditional,36.232149195912484,-80.84497443846881,44872.0,0,0.0,False,21
Starmount High,ok,Yadkin,Regular School,None,Traditional,36.182214561383795,-80.77257503244735,39528.0,0,0.0,False,21
Ansonville Elementary,review_recommended,Anson,Regular School,None,Traditional,35.10546251178699,-80.10635273500374,53196.8,0,0.0,False,21
Ashe County High,ok,Ashe,Regular School,None,Traditional,36.40111223721631,-81.4938707252616,23808.4,0,0.0,False,21
Shawboro Elementary School,review_recommended,Currituck,Regular School,None,Traditional,36.43641586664985,-76.08727602326961,155298.9,0,0.0,False,21
Carver High,review_recommended,Forsyth,Regular School,None,Traditional,36.134530787350315,-80.20787985198011,80.1,9,17.6,True,21
Southwest Elementary,review_recommended,Forsyth,Regular School,None,Traditional,36.068039271439,-80.38378364653927,3881.7,0,0.0,True,21
Highland Sch of Technology,review_recommended,Gaston,Regular School,Magnet,Traditional,35.28036890926034,-81.19074600748588,40597.1,0,0.0,False,21
Florence Elementary,review_recommended,Guilford,Regular School,None,Traditional,36.02479737565397,-79.95719241340028,861.5,0,0.0,True,21
Jamestown Middle,review_recommended,Guilford,Regular School,None,Traditional,35.99392384484121,-79.91783057024654,401.8,4,26.8,True,21
Millis Road Elementary,review_recommended,Guilford,Regular School,None,Traditional,35.996713096084946,-79.91266527622794,85.1,5,30.8,True,21
Oak View Elementary,review_recommended,Guilford,Regular School,None,Traditional,36.00048572374124,-80.01586946484915,66.6,6,24.0,True,21
Page High,review_recommended,Guilford,Regular School,None,Traditional,36.10908707523549,-79.7862709299687,496.9,9,32.0,True,21
Stokesdale Elementary,ok,Guilford,Regular School,None,Traditional,36.396339718076845,-79.18612702218957,35001.9,0,0.0,False,21
Sedalia Elementary,review_recommended,Guilford,Regular School,None,Traditional,36.069920751683846,-79.63136958218479,8894.5,0,0.0,False,21
CorinthHolders Elementary,review_recommended,Johnston,Regular School,None,Traditional,35.732794112732385,-78.29715211388222,37595.7,0,0.0,False,21
Cotswold Elementary,review_recommended,Mecklenburg,Regular School,None,Traditional,35.179445784594876,-80.7975258290819,15374.9,0,0.0,False,21
South Charlotte Middle,review_recommended,Mecklenburg,Regular School,None,Traditional,35.0906394353045,-80.798889538964,24958.5,0,0.0,False,21
Stories Creek Elementary,review_recommended,Person,Regular School,None,Traditional,36.42515413879011,-79.00064564523261,36829.6,0,0.0,False,21
Wintergreen Primary,review_recommended,Pitt,Regular School,None,Traditional,35.54478014874966,-77.35311179929163,50364.6,0,0.0,False,21
Balfour Elementary,review_recommended,Randolph,Regular School,None,Traditional,35.751914709888645,-79.823485129612,1577.7,0,0.0,True,21
The SCORE Center,review_recommended,Rockingham,Alternative Education,None,Traditional,36.39248248110778,-79.75589690829793,432.9,2,14.0,True,21
Southeast Middle,review_recommended,Rowan,Regular School,None,Traditional,35.60604808062949,-80.50873762867782,3871.7,0,0.0,True,21
Midway Middle,ok,Sampson,Regular School,None,Traditional,35.16681355780106,-78.53242479538392,51523.5,0,0.0,False,21
West Stokes High,review_recommended,Stokes,Regular School,None,Traditional,36.3143246553532,-80.37567788071173,16516.1,0,0.0,False,21
Meadowview Middle,review_recommended,Surry,Regular School,None,Traditional,36.481387612977166,-80.65385294750516,45286.2,0,0.0,False,21
Centennial Campus Middle,review_recommended,Wake,Regular School,Magnet,Modified,35.75842222565412,-78.68839551045978,3862.8,0,0.0,True,21
East Garner Middle,review_recommended,Wake,Regular School,Magnet,Traditional,35.702352352211214,-78.58609543494345,14304.1,0,0.0,False,21
Hilburn Drive Academy,ok,Wake,Regular School,None,Traditional,35.875079136752234,-78.71417474029884,6901.5,0,0.0,False,21
Rosewood Middle,review_recommended,Wayne,Regular School,None,Traditional,35.4142241256263,-78.07140102268195,1459.3,0,0.0,True,21
Garrett Elementary,review_recommended,Alamance,Regular School,None,Traditional,36.06116163236149,-79.2969102555598,2853.2,0,0.0,True,21
River Bend Middle,review_recommended,Catawba,Regular School,None,Traditional,35.75320840005228,-81.11646788772877,8940.7,0,0.0,False,21
South Davidson Middle,ok,Davidson,Regular School,None,Traditional,35.674020642926635,-80.10284582045284,24635.8,0,0.0,False,21
Cook Elementary,review_recommended,Forsyth,Regular School,None,Traditional,36.10856353927261,-80.23528136398961,114.1,31,32.7,True,21
Ashe County Middle,ok,Ashe,Regular School,None,Traditional,36.46428354212219,-81.50957140278193,29260.9,0,0.0,False,21
Virginia Williamson Elem,review_recommended,Brunswick,Regular School,None,Traditional,33.99630065883916,-78.23509575512522,34549.1,0,0.0,False,21
Hominy Valley Elementary,review_recommended,Buncombe,Regular School,None,Traditional,35.533803891941865,-82.66459131426238,51504.0,0,0.0,False,21
Ray Childers Elementary,review_recommended,Burke,Regular School,None,Traditional,35.751007186415634,-81.4284548434369,5498.6,0,0.0,False,21
W A Young Elementary,ok,Burke,Regular School,None,Traditional,35.719283460708844,-81.77013707062055,5287.8,0,0.0,False,21
Caldwell Career Cen Mid. Coll.,ok,Caldwell,Regular School,Cooperative Innovative HS,Traditional,35.85509977661123,-81.48474656400872,16840.7,0,0.0,False,21
Mill Creek Middle,review_recommended,Catawba,Regular School,None,Traditional,35.6504382112931,-81.08862989766453,10704.0,0,0.0,False,21
North Chatham Elementary,review_recommended,Chatham,Regular School,None,Traditional,35.82220465962191,-79.03740089127702,5542.1,0,0.0,False,21
Springmore Elementary,ok,Cleveland,Regular School,None,Traditional,35.27623241341362,-81.66702624246986,49209.3,0,0.0,False,21
Ireland Drive Middle,review_recommended,Cumberland,Regular School,None,Traditional,35.034890983337604,-78.94769214708003,75866.3,0,0.0,False,21
Lake Rim Elementary,ok,Cumberland,Regular School,None,Traditional,35.0508341896782,-79.07563152493326,76293.5,0,0.0,False,21
Cornatzer Elementary,ok,Davie,Regular School,None,Traditional,35.89759953508332,-80.49401487376575,21620.0,0,0.0,False,21
Hope Valley Elementary,review_recommended,Durham,Regular School,None,Traditional,35.96783851270696,-78.93975429978404,94.4,16,56.8,True,21
Lakeview School,review_recommended,Durham,Alternative Education,None,Traditional,36.03815490749054,-78.8776360379854,69.4,15,41.9,True,21
Ashley Elementary,review_recommended,Forsyth,Regular School,Magnet,Traditional,36.1183440547701,-80.22424019597184,343.8,20,21.8,True,21
Clemmons Middle,review_recommended,Forsyth,Regular School,None,Traditional,36.02748804453663,-80.34367560788304,1837.7,0,0.0,True,21
Hospital/Homebound Ed Center,review_recommended,Forsyth,Regular School,Hospital,Traditional,36.11834411578467,-80.22420617584906,341.7,20,21.8,True,21
Jefferson Middle,review_recommended,Forsyth,Regular School,None,Traditional,36.11604878994882,-80.32119919680078,398.9,5,14.0,True,21
Meadowlark Middle,review_recommended,Forsyth,Regular School,None,Traditional,36.096988332690046,-80.36736221305316,2266.1,0,0.0,True,21
Petree Elementary,review_recommended,Forsyth,Regular School,None,Traditional,36.115031209844076,-80.1829882868986,222.6,6,17.5,True,21
Walkertown Middle,review_recommended,Forsyth,Regular School,None,Traditional,36.169583796089505,-80.15078699317267,5073.4,0,0.0,False,21
Ward Elementary,review_recommended,Forsyth,Regular School,None,Traditional,36.0274699333092,-80.34365761983106,1838.1,0,0.0,True,21
Jefferson Elementary,review_recommended,Guilford,Regular School,None,Traditional,36.11049146736036,-79.88237282939758,2245.3,0,0.0,True,21
Eastern Middle,review_recommended,Guilford,Regular School,None,Traditional,36.09436565278486,-79.61510895431917,9935.1,0,0.0,False,21
Triangle Lake Montessori Elem,review_recommended,Guilford,Regular School,Magnet,Modified,35.955631724868496,-80.02770273500137,155.5,12,12.0,True,21
Weldon Elementary,review_recommended,Halifax,Regular School,None,Traditional,36.42245323080482,-77.60014146671499,43475.3,0,0.0,False,21
Glenn C Marlow Elementary,ok,Henderson,Regular School,None,Traditional,35.40766367583636,-82.55095539842996,59216.4,0,0.0,False,21
Lakeshore Middle,review_recommended,Iredell,Regular School,None,Traditional,35.60784316241109,-80.88852759643423,24748.1,0,0.0,False,21
Mooresville Intermediate,review_recommended,Iredell,Regular School,None,Traditional,35.55482641505401,-80.79093324767858,14176.2,0,0.0,False,21
Pumpkin Center Primary,review_recommended,Lincoln,Regular School,None,Traditional,35.51905489142255,-81.1351135533994,16860.5,0,0.0,False,21
North Lincoln Middle,review_recommended,Lincoln,Regular School,None,Traditional,35.51888320958132,-81.13487847716378,16886.9,0,0.0,False,21
Bain Elementary,review_recommended,Mecklenburg,Regular School,None,Traditional,35.17603632185941,-80.64883641766777,17418.8,0,0.0,False,21
Huntersville Elementary,review_recommended,Mecklenburg,Regular School,None,Traditional,35.410598998623506,-80.85155484614532,11621.6,0,0.0,False,21
Northeast Middle,review_recommended,Mecklenburg,Regular School,None,Traditional,35.195999258995776,-80.69385992609723,13648.6,0,0.0,False,21
Reid Park Academy,review_recommended,Mecklenburg,Regular School,None,Traditional,35.19837020199577,-80.91501198863922,19850.4,0,0.0,False,21
Southern Middle,review_recommended,Moore,Regular School,None,Traditional,35.1548885068437,-79.42281770782955,61312.5,0,0.0,False,21
Northeastern Randolph Middle,review_recommended,Randolph,Regular School,None,Traditional,35.828524104531624,-79.64488753447728,16102.5,0,0.0,False,21
Lincoln Elementary,review_recommended,Rockingham,Regular School,None,Traditional,36.467296760289415,-79.6492201618398,6711.5,0,0.0,False,21
Rockingham County Middle,review_recommended,Rockingham,Regular School,None,Traditional,36.386053458922454,-79.7426008928677,420.4,1,14.0,True,21
Pinnacle Elementary,review_recommended,Rutherford,Regular School,None,Traditional,35.46565414418109,-82.00766001492087,39975.1,0,0.0,False,21
South Stanly Middle,review_recommended,Stanly,Regular School,None,Traditional,35.24481893102858,-80.16577996819821,40881.8,0,0.0,False,21
Meadowbrook Academy,review_recommended,Stokes,Alternative Education,None,Traditional,36.27226128810324,-80.37678526554974,12275.2,0,0.0,False,21
Bruce H Tharrington Elem,ok,Surry,Regular School,None,Traditional,36.49091088280553,-80.60169918708996,43341.6,0,0.0,False,21
Jones Elementary,review_recommended,Surry,Regular School,None,Traditional,36.52785007044154,-80.58760452666468,46139.4,0,0.0,False,21
Columbia High,review_recommended,Tyrrell,Regular School,None,Traditional,35.91914428294265,-76.2471638908092,115081.7,0,0.0,False,21
Weddington High,ok,Union,Regular School,None,Traditional,35.00006288834906,-80.725468451876,34581.8,0,0.0,False,21
Green Hope High,ok,Wake,Regular School,None,Traditional,35.80442515547057,-78.86737115777683,1758.9,0,0.0,True,21
Knightdale Elementary,ok,Wake,Regular School,None,Traditional,35.78478641790038,-78.47872948761471,20520.9,0,0.0,False,21
Lufkin Road Middle,ok,Wake,Regular School,None,Year Round,35.720016784802155,-78.82968448252554,1216.0,0,0.0,True,21
Reedy Creek Elementary,ok,Wake,Regular School,None,Traditional,35.8125926658226,-78.76583902318684,816.3,0,0.0,True,21
Rolesville Elementary,ok,Wake,Regular School,None,Traditional,35.91875118865419,-78.46270204541631,25707.8,0,0.0,False,21
Salem Elementary,ok,Wake,Regular School,None,Year Round,35.756154100966015,-78.85055597267112,936.4,0,0.0,True,21
Yates Mill Elementary,review_recommended,Wake,Regular School,None,Traditional,35.73751151794902,-78.72890160490564,1238.0,0,0.0,True,21
Tommy's Road Elementary,review_recommended,Wayne,Regular School,None,Traditional,35.415132937293535,-77.93823539437567,1255.1,0,0.0,True,21
Vick Elementary,review_recommended,Wilson,Regular School,None,Traditional,35.71202257468258,-77.9079814009152,24186.1,0,0.0,False,21
East Surry High,review_recommended,Surry,Regular School,None,Traditional,36.3930458663724,-80.47662101750355,28237.2,0,0.0,False,21
Chocowinity Middle,review_recommended,Beaufort,Regular School,None,Traditional,35.51040506418911,-77.10185352695564,40943.6,0,0.0,False,21
John R Griffin Middle,ok,Cumberland,Regular School,None,Traditional,35.00275949101989,-78.97554585308838,79715.9,0,0.0,False,21
MonticelloBrown Summit Elem,review_recommended,Guilford,Regular School,None,Traditional,36.21835161190341,-79.6740724250143,10317.3,0,0.0,False,21
Colfax Elementary,review_recommended,Guilford,Regular School,None,Traditional,36.10907732527742,-80.00798142978995,1289.1,0,0.0,True,21
PennGriffin School for Arts,review_recommended,Guilford,Regular School,Magnet,Modified,35.96290348503437,-79.99585678602647,131.4,47,12.7,True,21
Kernodle Middle,review_recommended,Guilford,Regular School,None,Traditional,36.133555883570345,-79.87539418253687,1287.2,0,0.0,True,21
Nathanael Greene Elementary,review_recommended,Guilford,Regular School,None,Traditional,35.94658085339789,-79.60728305860202,16185.6,0,0.0,False,21
Mattamuskeet Elementary,review_recommended,Hyde,Regular School,None,Traditional,35.43934976890318,-76.21677096854573,83401.5,0,0.0,False,21
Lakeshore Elementary,review_recommended,Iredell,Regular School,None,Traditional,35.60727957038054,-80.88884253289498,24742.3,0,0.0,False,21
Asbury School,review_recommended,Lincoln,Alternative Education,None,Traditional,35.47816389832793,-81.20790188968776,19733.2,0,0.0,False,21
Northridge Middle,review_recommended,Mecklenburg,Regular School,None,Traditional,35.257819451096935,-80.73537899830433,6022.7,0,0.0,False,21
Red Oak Middle,review_recommended,Nash,Regular School,None,Traditional,36.03790934687519,-77.9016262937349,6804.5,0,0.0,False,21
Piney Grove Middle,review_recommended,Stokes,Regular School,None,Traditional,36.490139027012404,-80.23498472493746,24054.4,0,0.0,False,21
Rosman Middle,ok,Transylvania,Regular School,None,Traditional,35.14413625286071,-82.82109730074353,41903.9,0,0.0,False,21
Dillard Drive Middle,ok,Wake,Regular School,None,Traditional,35.75218918762388,-78.72508429037946,582.7,3,58.0,True,21
Dillard Drive Elementary,ok,Wake,Regular School,None,Traditional,35.75169287100343,-78.72300960470069,777.2,1,58.0,True,21
FuquayVarina High,ok,Wake,Regular School,None,Traditional,35.585559999728446,-78.79429020338841,15145.6,0,0.0,False,21
Wakefield Elementary,ok,Wake,Regular School,None,Year Round,35.944559964347796,-78.56809860005633,19472.6,0,0.0,False,21
Wakefield Middle,ok,Wake,Regular School,None,Traditional,35.945948735589994,-78.5693924435428,19385.1,0,0.0,False,21
Wakefield High,review_recommended,Wake,Regular School,None,Traditional,35.947980486672755,-78.57042949205783,19335.5,0,0.0,False,21
Wildwood Forest Elementary,review_recommended,Wake,Regular School,None,Traditional,35.89342660006702,-78.55135237419887,17506.9,0,0.0,False,21
Zebulon Middle,ok,Wake,Regular School,Magnet,Traditional,35.83163513768878,-78.31238093018541,35706.2,0,0.0,False,21
Spring Creek Elementary,review_recommended,Wayne,Regular School,None,Traditional,35.28149046589685,-77.86523410387795,11847.3,0,0.0,False,21
Statesville Road Elementary,review_recommended,Mecklenburg,Regular School,None,Traditional,35.30030271758178,-80.84584918281641,9174.3,0,0.0,False,21
Mary Scroggs Elementary,review_recommended,Orange,Regular School,None,Traditional,35.884059298695696,-79.0741645828245,882.8,0,0.0,True,21
Bearfield Primary,ok,Hertford,Regular School,None,Traditional,36.29665552707552,-76.99396956861099,73026.7,0,0.0,False,21
Shadybrook Elementary,review_recommended,Guilford,Regular School,None,Traditional,36.00322746404416,-80.02419698124484,563.8,4,24.0,True,21
Bridgeton Elementary,ok,Craven,Regular School,None,Traditional,35.12471458834834,-77.02492135095329,2040.3,0,0.0,True,21
Wrightsville Beach Elem,review_recommended,New Hanover,Regular School,None,Traditional,34.21200545644328,-77.79891306390986,2158.1,0,0.0,True,21
Spring Hill Middle,ok,Scotland,Regular School,Magnet,Traditional,34.77355305705038,-79.34965829694877,102380.4,0,0.0,False,21
I E Johnson Elementary,review_recommended,Scotland,Regular School,None,Traditional,34.7852265263768,-79.44147181557445,98355.0,0,0.0,False,21
Forrest W Hunt Elementary,ok,Rutherford,Regular School,None,Traditional,35.30120701312984,-81.8511791911827,48943.1,0,0.0,False,21
Old Fort Elementary,ok,McDowell,Regular School,None,Traditional,35.625726808462595,-82.17903730129999,43686.3,0,0.0,False,21
Hiwassee Dam Elementary/Middle,ok,Cherokee,Regular School,None,Traditional,35.10358564918009,-84.22323060762932,93471.3,0,0.0,False,21
Mountain Youth School,ok,Cherokee,Alternative Education,None,Traditional,35.02374899851982,-84.03100520238235,80899.6,0,0.0,False,21
Martins Creek Elementary/Mid,review_recommended,Cherokee,Regular School,None,Traditional,35.01975367821125,-84.01851623672798,80115.2,0,0.0,False,21
Peachtree Elementary,ok,Cherokee,Regular School,None,Traditional,35.09134892903237,-83.9455661909628,70523.3,0,0.0,False,21
Ranger Elementary/Middle,ok,Cherokee,Regular School,None,Traditional,35.016159205268714,-84.18265050418053,93647.7,0,0.0,False,21
Murphy High,ok,Cherokee,Regular School,None,Traditional,35.10072716019438,-84.01644502326606,75960.7,0,0.0,False,21
Murphy Middle,ok,Cherokee,Regular School,None,Traditional,35.10055963763604,-84.01486831123155,75836.1,0,0.0,False,21
Murphy Elementary,review_recommended,Cherokee,Regular School,None,Traditional,35.0898074023088,-84.03029485922228,77603.7,0,0.0,False,21
Andrews Elementary,ok,Cherokee,Regular School,None,Traditional,35.19813658293437,-83.82545682307764,55775.8,0,0.0,False,21
Marble Elementary,ok,Cherokee,Regular School,None,Traditional,35.17928798304295,-83.92061080008264,64644.2,0,0.0,False,21
Andrews Middle,review_recommended,Cherokee,Regular School,None,Traditional,35.19491124671022,-83.79773682029064,53540.9,0,0.0,False,21
Andrews High,ok,Cherokee,Regular School,None,Traditional,35.19584133941979,-83.82458757134579,55789.7,0,0.0,False,21
Hayesville Elementary,ok,Clay,Regular School,None,Traditional,35.04229777463114,-83.81465553474862,63018.4,0,0.0,False,21
Hayesville High,ok,Clay,Regular School,None,Traditional,35.04118029622485,-83.81506432951673,63120.7,0,0.0,False,21
Hayesville Middle,ok,Clay,Regular School,None,Traditional,35.04079038053195,-83.81710992245634,63298.0,0,0.0,False,21
Robbinsville Elementary,ok,Graham,Regular School,None,Traditional,35.32705697159327,-83.80848014534688,51061.2,0,0.0,False,21
Robbinsville High,ok,Graham,Regular School,None,Traditional,35.329235558032906,-83.79828482263896,50115.2,0,0.0,False,21
Robbinsville Middle,ok,Graham,Regular School,None,Traditional,35.32890645701571,-83.79706380146168,50008.0,0,0.0,False,21
Nantahala School,review_recommended,Macon,Regular School,None,Traditional,35.25359859105516,-83.6347437256223,37350.4,0,0.0,False,21
Swain Co East Elementary,ok,Swain,Regular School,None,Traditional,35.45368590030655,-83.38867562786068,15723.6,0,0.0,False,21
Swain Co West Elementary,ok,Swain,Regular School,None,Traditional,35.38797322889464,-83.48811801986274,21798.7,0,0.0,False,21
Swain County High,review_recommended,Swain,Regular School,None,Traditional,35.44742983077174,-83.45680102824133,20732.0,0,0.0,False,21
Swain County Middle,review_recommended,Swain,Regular School,None,Traditional,35.42375139515691,-83.44851108540098,19069.3,0,0.0,False,21
Smokey Mountain Elementary,ok,Jackson,Regular School,None,Traditional,35.4292175374465,-83.32411304239547,9480.0,0,0.0,False,21
Cullowhee Valley School,review_recommended,Jackson,Regular School,None,Traditional,35.29398786481875,-83.18054592238882,6555.4,0,0.0,False,21
Jackson Co Sch of Alternatives,review_recommended,Jackson,Alternative Education,None,Traditional,35.404191351524744,-83.16439119941843,4016.5,0,0.0,True,21
Blue Ridge School,ok,Jackson,Regular School,None,Traditional,35.127959203330306,-83.12083547695659,25734.3,0,0.0,False,21
Cartoogechaye Elementary,review_recommended,Macon,Regular School,None,Traditional,35.166066418045595,-83.43747547743425,28348.3,0,0.0,False,21
Highlands School,ok,Macon,Regular School,None,Traditional,35.047435086986106,-83.196590966219,33424.4,0,0.0,False,21
East Franklin Elementary,ok,Macon,Regular School,None,Traditional,35.18921643262481,-83.37178795714951,22915.2,0,0.0,False,21
Franklin High,ok,Macon,Regular School,None,Traditional,35.1764325344106,-83.38145555729754,24583.1,0,0.0,False,21
Iotla Valley Elementary,review_recommended,Macon,Regular School,None,Traditional,35.22803251851133,-83.4150278219424,21777.5,0,0.0,False,21
Macon Middle School,review_recommended,Macon,Regular School,None,Traditional,35.162505293044944,-83.35905455083716,24787.1,0,0.0,False,21
John Small Elementary,review_recommended,Beaufort,Regular School,None,Traditional,35.60039195919738,-77.03338250012936,51291.8,0,0.0,False,21
Shallotte Middle,review_recommended,Brunswick,Regular School,None,Traditional,33.96587496802338,-78.38841129652539,48171.0,0,0.0,False,21
Dawson Elementary,review_recommended,Halifax,Regular School,None,Traditional,36.16787932879928,-77.52659051618096,23713.6,0,0.0,False,21
Hertford Grammar,review_recommended,Perquimans,Regular School,None,Traditional,36.188654141601376,-76.4754614465032,115487.3,0,0.0,False,21
Perquimans Central,review_recommended,Perquimans,Regular School,None,Traditional,36.21399617914952,-76.46217730515869,117063.6,0,0.0,False,21
Spring Creek High,review_recommended,Wayne,Regular School,None,Traditional,35.22788414200816,-77.89495150238342,16191.6,0,0.0,False,21
Prospect Elementary,review_recommended,Robeson,Regular School,None,Traditional,34.732771209034375,-79.23190747493003,110864.8,0,0.0,False,21
Union Chapel Elementary,review_recommended,Robeson,Regular School,None,Traditional,34.71161997815593,-79.13368557029486,114104.9,0,0.0,False,21
Green Grove Elementary,review_recommended,Robeson,Regular School,None,Traditional,34.55726849590271,-79.14248174281812,115021.3,0,0.0,False,21
Fairgrove Middle,review_recommended,Robeson,Regular School,None,Traditional,34.49309088494928,-79.17553204250844,116084.8,0,0.0,False,21
Cane Creek Middle,review_recommended,Buncombe,Regular School,None,Traditional,35.48472443718729,-82.43413366735001,70606.2,0,0.0,False,21
Upward Elementary,review_recommended,Henderson,Regular School,None,Traditional,35.2950979234091,-82.39410305705643,73973.8,0,0.0,False,21
Hillandale Elementary,review_recommended,Henderson,Regular School,None,Traditional,35.26995087057026,-82.42672947937312,71376.8,0,0.0,False,21
Flat Rock Middle,review_recommended,Henderson,Regular School,None,Traditional,35.27093192731926,-82.43005731559607,71061.4,0,0.0,False,21
Chase Middle,review_recommended,Rutherford,Regular School,None,Traditional,35.27034824524785,-81.8464645057672,52110.4,0,0.0,False,21
Harris Elementary,review_recommended,Rutherford,Regular School,None,Traditional,35.27384690854194,-81.89816530392741,53188.4,0,0.0,False,21
Freedom Trail Elementary,ok,Avery,Regular School,None,Traditional,36.159418957793214,-81.98249556288508,24698.0,0,0.0,False,21
Chapel Grove Elementary,review_recommended,Gaston,Regular School,None,Traditional,35.20648771384374,-81.25030617519367,47339.9,0,0.0,False,21
Warlick Academy,review_recommended,Gaston,Alternative Education,None,Traditional,35.28130093457847,-81.13349662613903,35403.3,0,0.0,False,21
Union Elementary,review_recommended,Lincoln,Regular School,None,Traditional,35.516525858645736,-81.3666186363734,20163.8,0,0.0,False,21
Banoak Elementary,review_recommended,Catawba,Regular School,None,Traditional,35.58228397664997,-81.41637897007509,16275.5,0,0.0,False,21
Cool Spring Elementary,ok,Iredell,Regular School,None,Traditional,35.784234722416976,-80.72086511962361,20498.2,0,0.0,False,21
Pinckney Academy,review_recommended,Moore,Alternative Education,None,Traditional,35.341140872481176,-79.42633481681169,44512.0,0,0.0,False,21
South Macon Elementary,ok,Macon,Regular School,None,Traditional,35.113465702024946,-83.39929971869469,31349.6,0,0.0,False,21
Richlands Primary,review_recommended,Onslow,Regular School,None,Traditional,34.89119411228104,-77.54754573479472,14433.7,0,0.0,False,21
Otis L Hairston Sr Middle,review_recommended,Guilford,Regular School,Magnet,Traditional,36.062547703752124,-79.7649329859274,58.9,32,32.0,True,21
Northwest Elementary,review_recommended,Pitt,Regular School,None,Traditional,35.73756267656813,-77.47660737830219,33526.2,0,0.0,False,21
Northside High,review_recommended,Onslow,Regular School,None,Traditional,34.79016895973531,-77.39351279549773,178.3,8,19.8,True,21
Horizons Elementary,review_recommended,Caldwell,Alternative Education,None,Traditional,35.85176377223591,-81.48408291934017,16512.1,0,0.0,False,21
Hopewell Elementary,review_recommended,Randolph,Regular School,None,Traditional,35.86109711327787,-80.00651100468649,6849.7,0,0.0,False,21
Middle College at GTCC  Jamestown,review_recommended,Guilford,Regular School,Cooperative Innovative HS,Traditional,35.99631697588825,-79.93535584918651,44.4,6,8.0,True,21
Gibson Elementary,review_recommended,Forsyth,Regular School,None,Traditional,36.189120851629596,-80.31011865333706,1929.7,0,0.0,True,21
Greensboro College Middle College,review_recommended,Guilford,Regular School,Cooperative Innovative HS,Traditional,36.072955959927505,-79.80042777714095,67.1,28,60.2,True,21
Friedberg Elementary,ok,Davidson,Regular School,None,Traditional,35.9938999198524,-80.27660328935592,4098.9,0,0.0,True,21
Roberson Cntr for Ed Achieveme,review_recommended,Edgecombe,Alternative Education,None,Traditional,35.907793607594165,-77.5372855208214,20452.8,0,0.0,False,21
Middle Creek Elementary,ok,Wake,Regular School,None,Year Round,35.670108640675366,-78.75934523225114,7398.5,0,0.0,False,21
Southmont Elementary,review_recommended,Randolph,Regular School,None,Traditional,35.64884854583661,-79.84850149986993,2903.2,0,0.0,True,21
RD & Euzelle Smith Middle,review_recommended,Orange,Regular School,None,Traditional,35.95197833898263,-79.07533270406448,164.2,38,13.0,True,21
Hopewell High,review_recommended,Mecklenburg,Regular School,None,Traditional,35.254418817938635,-80.85601537771599,11846.9,0,0.0,False,21
Jay M Robinson High,review_recommended,Cabarrus,Regular School,None,Traditional,35.3622969399598,-80.66113991709358,2822.1,0,0.0,True,21
Mount Energy Elementary,review_recommended,Granville,Regular School,None,Traditional,36.12407417007939,-78.64385627558683,17700.9,0,0.0,False,21
Jack Britt High,review_recommended,Cumberland,Regular School,None,Traditional,34.977686515798716,-79.01139276582899,82964.6,0,0.0,False,21
Stoney Point Elementary,review_recommended,Cumberland,Regular School,None,Traditional,34.97964633890239,-79.01473481501675,82802.6,0,0.0,False,21
Waldo C Falkener Sr Elementary,review_recommended,Guilford,Regular School,Magnet,Modified,36.082037903968136,-79.73587126334729,438.3,7,50.4,True,21
Gray's Creek Middle,review_recommended,Cumberland,Regular School,None,Traditional,34.920491760552196,-78.90097373764996,88165.6,0,0.0,False,21
Alderman Road Elementary,review_recommended,Cumberland,Regular School,None,Traditional,34.89553570029967,-78.86005547261801,90820.7,0,0.0,False,21
Laurel Hill Elementary,review_recommended,Scotland,Regular School,None,Traditional,34.82314183969505,-79.52049182685738,92353.7,0,0.0,False,21
Carver Middle,review_recommended,Scotland,Regular School,None,Traditional,34.8204750770276,-79.51979008014865,92656.2,0,0.0,False,21
Sandy Grove Elementary,review_recommended,Hoke,Regular School,None,Traditional,34.9465766858582,-79.09133984338746,87849.2,0,0.0,False,21
Brush Creek Elementary,review_recommended,Madison,Regular School,None,Traditional,35.83981947133517,-82.71474853762602,66922.4,0,0.0,False,21
Hawfields Middle,ok,Alamance,Regular School,None,Traditional,36.059791877310545,-79.3042959810329,3506.5,0,0.0,True,21
Green Hope Elementary,ok,Wake,Regular School,None,Year Round,35.80277980138282,-78.86017234403553,1516.0,0,0.0,True,21
Newport Middle,review_recommended,Carteret,Regular School,None,Traditional,34.77361014109217,-76.86166124511556,40110.1,0,0.0,False,21
Northeast Elementary,review_recommended,Beaufort,Regular School,None,Traditional,35.53864122347073,-76.7098465178574,56118.6,0,0.0,False,21
Winstead Avenue Elementary,review_recommended,Nash,Regular School,None,Traditional,35.98166710276503,-77.84087861225144,132.7,7,12.0,True,21
Cape Fear Elementary,review_recommended,Pender,Regular School,None,Traditional,34.40551480013496,-77.91995879864793,17108.8,0,0.0,False,21
Cape Fear Middle,review_recommended,Pender,Regular School,None,Traditional,34.404490449936944,-77.91900963560387,16990.3,0,0.0,False,21
Overhills Middle,review_recommended,Harnett,Regular School,None,Traditional,35.24843581544903,-78.96825060359657,52708.8,0,0.0,False,21
Greenlee Primary,review_recommended,Mitchell,Regular School,None,Traditional,35.88425939563243,-82.05324218581602,33705.3,0,0.0,False,21
Page Street Elementary,review_recommended,Montgomery,Regular School,None,Traditional,35.366230052103724,-79.87658602693868,31063.2,0,0.0,False,21
North Whiteville Academy,review_recommended,Columbus,Alternative Education,None,Traditional,34.370380337487106,-78.71346804370329,71674.8,0,0.0,False,21
Walter L Parsley Elementary,review_recommended,New Hanover,Regular School,None,Traditional,34.17868491314973,-77.86153494461333,2751.7,0,0.0,True,21
W M Irvin Elementary,review_recommended,Cabarrus,Regular School,None,Traditional,35.418401624973534,-80.55254613112332,2396.4,0,0.0,True,21
Hawk Ridge Elementary,review_recommended,Mecklenburg,Regular School,None,Traditional,35.04444446971503,-80.82629999993394,30502.6,0,0.0,False,21
Eugene Ashley High,review_recommended,New Hanover,Regular School,None,Traditional,34.103584537738875,-77.90728401637233,4373.1,0,0.0,True,21
Charles P Murray Middle,review_recommended,New Hanover,Regular School,None,Traditional,34.10356864911251,-77.90555024984353,4336.1,0,0.0,True,21
Southside High,ok,Beaufort,Regular School,None,Traditional,35.44643678404847,-77.05481007162581,34080.1,0,0.0,False,21
Lyle Creek Elementary,ok,Catawba,Regular School,None,Traditional,35.748939799828214,-81.19957219619751,2710.1,0,0.0,True,21
Polenta Elementary,review_recommended,Johnston,Regular School,None,Traditional,35.568034263450414,-78.51241463514178,28398.3,0,0.0,False,21
Riverwood Elementary,review_recommended,Johnston,Regular School,None,Traditional,35.691972225034235,-78.4226543190036,28112.2,0,0.0,False,21
Riverwood Middle,review_recommended,Johnston,Regular School,None,Traditional,35.693089178882325,-78.42139602396897,28164.4,0,0.0,False,21
Kimberley Park Elementary,review_recommended,Forsyth,Regular School,None,Traditional,36.11633119328931,-80.25486224786486,22.5,35,21.5,True,21
Isaac M Bear High,review_recommended,New Hanover,Regular School,Early College,Traditional,34.22119963203413,-77.8819553125952,233.7,9,23.3,True,21
Harnett Central High,review_recommended,Harnett,Regular School,None,Traditional,35.46370160538812,-78.78301805746763,28448.2,0,0.0,False,21
Pathways Elementary,review_recommended,Orange,Regular School,None,Traditional,36.113210942761036,-79.1014967909683,2946.7,0,0.0,True,21
Pasquotank County High,ok,Pasquotank,Regular School,None,Traditional,36.3652909146045,-76.2733541310656,137097.2,0,0.0,False,21
Northside Elementary,ok,Pasquotank,Regular School,None,Traditional,36.363462339804705,-76.27244527987436,137126.0,0,0.0,False,21
Bladenboro Middle,review_recommended,Bladen,Regular School,None,Traditional,34.53084292002701,-78.79726486352716,84136.4,0,0.0,False,21
Jessie Mae Monroe Elementary,ok,Brunswick,Regular School,None,Traditional,33.947854981064204,-78.54947572530065,62256.4,0,0.0,False,21
Buncombe County Early College,ok,Buncombe,Regular School,Early College,Traditional,35.5704735562542,-82.55694328453723,62053.8,0,0.0,False,21
North Windy Ridge Intermediate,review_recommended,Buncombe,Regular School,None,Traditional,35.725565525143445,-82.55187222809045,70002.6,0,0.0,False,21
Walter R Johnson Middle,review_recommended,Burke,Regular School,None,Traditional,35.78072564724366,-81.69038805596544,2385.9,0,0.0,True,21
Cox Mill Elementary,review_recommended,Cabarrus,Regular School,None,Traditional,35.39375839558008,-80.73202862632611,1854.9,0,0.0,True,21
Turning Point Academy,ok,Cleveland,Alternative Education,None,Traditional,35.24409619105175,-81.35130070065323,47299.9,0,0.0,False,21
East Elementary,review_recommended,Cleveland,Regular School,None,Traditional,35.24937231448949,-81.33023240838735,46269.4,0,0.0,False,21
Grover Elementary,ok,Cleveland,Regular School,None,Traditional,35.17470784982756,-81.44729094174563,57305.1,0,0.0,False,21
Jefferson Elementary,review_recommended,Cleveland,Regular School,None,Traditional,35.30235436890581,-81.51250258287327,47222.1,0,0.0,False,21
Marion Elementary,review_recommended,Cleveland,Regular School,None,Traditional,35.28908277248116,-81.52496178880317,49073.4,0,0.0,False,21
North Elementary,review_recommended,Cleveland,Regular School,None,Traditional,35.254734224024936,-81.34045753196226,45909.4,0,0.0,False,21
North Shelby,review_recommended,Cleveland,Exceptional Children,None,Traditional,35.3109252747155,-81.53216855256213,46623.9,0,0.0,False,21
Shelby Middle,review_recommended,Cleveland,Regular School,None,Traditional,35.26424736928264,-81.54982026674827,51360.6,0,0.0,False,21
West Elementary,review_recommended,Cleveland,Regular School,None,Traditional,35.23967943718682,-81.3517255145554,47783.1,0,0.0,False,21
Moyock Middle,ok,Currituck,Regular School,None,Traditional,36.503732374937286,-76.15736385766081,151512.1,0,0.0,False,21
South Lexington Development Center,ok,Davidson,Exceptional Children,None,Traditional,35.7975692453702,-80.26163890469394,18837.6,0,0.0,False,21
J D Clement Early College HS,review_recommended,Durham,Regular School,Early College,Traditional,35.97098067794733,-78.89590326535887,101.8,33,37.2,True,21
Middle College of Forsyth Cnty,ok,Forsyth,Alternative Education,None,Traditional,36.06931140826412,-80.27194124443791,87.0,17,24.8,True,21
Middle Fork Elementary,review_recommended,Forsyth,Regular School,None,Traditional,36.14061108914409,-80.1695472424936,2681.3,0,0.0,True,21
WinstonSalem Preparatory Acad,review_recommended,Forsyth,Regular School,Magnet,Traditional,36.109803611540336,-80.22261471367122,31.7,23,18.0,True,21
Blaine Beam Intermediate,review_recommended,Gaston,Regular School,None,Traditional,35.38146613957009,-81.37527393988083,33568.3,0,0.0,False,21
Middle College at Bennett,review_recommended,Guilford,Regular School,Cooperative Innovative HS,Traditional,36.0687694376608,-79.77859032894874,65.9,30,42.1,True,21
Gillespie Park Elementary,review_recommended,Guilford,Regular School,None,Traditional,36.04659164817251,-79.77473246549171,65.1,15,32.0,True,21
The Early College at Guilford,review_recommended,Guilford,Regular School,Early College,Traditional,36.08948587554357,-79.89245578837442,20.0,8,36.0,True,21
Lake Norman High,review_recommended,Iredell,Regular School,None,Traditional,35.59775712551375,-80.89854599632308,25026.9,0,0.0,False,21
River Dell Elementary,review_recommended,Johnston,Regular School,None,Traditional,35.667141918576995,-78.35114197075022,35147.5,0,0.0,False,21
South Campus Community Middle,review_recommended,Johnston,Alternative Education,None,Traditional,35.503557393453605,-78.3390715621155,26257.3,0,0.0,False,21
North Lincoln High,review_recommended,Lincoln,Regular School,None,Traditional,35.53407845217239,-81.11517914423194,16314.6,0,0.0,False,21
Endhaven Elementary,review_recommended,Mecklenburg,Regular School,None,Traditional,35.06717022878323,-80.8323164994458,28210.3,0,0.0,False,21
Highland Mill Montessori,review_recommended,Mecklenburg,Regular School,Magnet,Traditional,35.24278349029091,-80.80349068008523,9244.2,0,0.0,False,21
Mint Hill Middle,ok,Mecklenburg,Regular School,None,Traditional,35.15214404819275,-80.69990821145586,18154.3,0,0.0,False,21
Mountain Island Elementary,review_recommended,Mecklenburg,Regular School,None,Traditional,35.30854281242902,-80.92931166296756,16680.6,0,0.0,False,21
Oaklawn Language Academy,review_recommended,Mecklenburg,Regular School,Magnet,Traditional,35.250659526662595,-80.8506782676546,11675.3,0,0.0,False,21
Providence Spring Elementary,review_recommended,Mecklenburg,Regular School,None,Traditional,35.075231209174575,-80.772681325009,26309.5,0,0.0,False,21
Southwest Middle School,review_recommended,Mecklenburg,Regular School,None,Traditional,35.107450286786275,-80.99055117596721,31746.4,0,0.0,False,21
Walter G Byers School,review_recommended,Mecklenburg,Regular School,None,Traditional,35.24345711241705,-80.84201188721653,11546.5,0,0.0,False,21
NRM Early College High School,review_recommended,Nash,Regular School,Early College,Traditional,35.97769662786931,-77.89667067884344,107.8,3,12.0,True,21
Cedar Ridge High,review_recommended,Orange,Regular School,None,Traditional,36.05250360894047,-79.13184311486543,3773.1,0,0.0,True,21
Uwharrie Middle,review_recommended,Randolph,Regular School,None,Traditional,35.716872151432774,-79.99633291753968,15842.7,0,0.0,False,21
Porter Ridge Elementary,ok,Union,Regular School,None,Traditional,35.093791207319974,-80.5758124847273,28674.2,0,0.0,False,21
Jones Dairy Elementary,ok,Wake,Regular School,None,Year Round,35.95032411335487,-78.47148562419554,27077.2,0,0.0,False,21
Moore Square Museum Magnet Middle,ok,Wake,Regular School,Magnet,Modified,35.776756879633346,-78.6349826918805,6748.4,0,0.0,False,21
Salem Middle,ok,Wake,Regular School,None,Year Round,35.75788881312578,-78.84857264709474,1161.7,0,0.0,True,21
Yadkin Success Academy,review_recommended,Yadkin,Alternative Education,None,Traditional,36.134725386201914,-80.65340713176238,28157.4,0,0.0,False,21
Westwood Elementary,review_recommended,Ashe,Regular School,None,Traditional,36.36436551616952,-81.50899137353589,19709.7,0,0.0,False,21
East Bladen High,review_recommended,Bladen,Regular School,None,Traditional,34.61314817929825,-78.61500938930462,73468.6,0,0.0,False,21
Elizabethtown Middle,ok,Bladen,Regular School,None,Traditional,34.60565693723927,-78.61721137140276,73185.5,0,0.0,False,21
West Bladen High,ok,Bladen,Regular School,None,Traditional,34.636916560477104,-78.74002435809852,84599.8,0,0.0,False,21
Plain View Primary,review_recommended,Bladen,Regular School,None,Traditional,34.73802196339601,-78.84026769925006,98332.2,0,0.0,False,21
Dublin Primary,review_recommended,Bladen,Regular School,None,Traditional,34.655240419984466,-78.72005568157965,84096.5,0,0.0,False,21
C C Griffin Middle,review_recommended,Cabarrus,Regular School,None,Traditional,35.309543117480864,-80.58803974365905,7501.0,0,0.0,False,21
Harris Road Middle,review_recommended,Cabarrus,Regular School,None,Traditional,35.430098698764674,-80.74145137278022,5389.5,0,0.0,False,21
Hiwassee Dam High,review_recommended,Cherokee,Regular School,None,Traditional,35.10377779996388,-84.22352629306293,93490.1,0,0.0,False,21
Kings Mountain Intermediate,ok,Cleveland,Regular School,None,Traditional,35.23186000994963,-81.37883738465082,49302.5,0,0.0,False,21
Gallberry Farm Elementary,ok,Cumberland,Regular School,None,Traditional,34.9202066423993,-78.91482433698854,88271.1,0,0.0,False,21
Gray's Creek High,ok,Cumberland,Regular School,None,Traditional,34.922271095019035,-78.90312910043535,87978.8,0,0.0,False,21
First Flight Middle,ok,Dare,Regular School,None,Traditional,36.0056594342839,-75.66658993968582,159511.2,0,0.0,False,21
First Flight High School,review_recommended,Dare,Regular School,None,Traditional,36.00891301415368,-75.66646272765655,159743.9,0,0.0,False,21
Brier Creek Elementary,ok,Davidson,Regular School,None,Traditional,35.79717821548446,-80.08643820502192,11251.9,0,0.0,False,21
Creekside Elementary,review_recommended,Durham,Regular School,None,Traditional,35.92878873439086,-78.9941308631079,762.7,2,15.0,True,21
Royal Elementary,review_recommended,Franklin,Regular School,None,Traditional,36.018863068592985,-78.3644017252622,32321.2,0,0.0,False,21
Sadler Elementary,review_recommended,Gaston,Regular School,None,Traditional,35.257777578413304,-81.25563263869662,44307.3,0,0.0,False,21
Brown Summit Middle,review_recommended,Guilford,Regular School,Magnet,Modified,36.211765340535734,-79.70308356877588,8269.7,0,0.0,False,21
Middle College at NC A&T,review_recommended,Guilford,Regular School,Cooperative Innovative HS,Traditional,36.07289002861879,-79.77238260882665,73.6,26,39.8,True,21
Highland Elementary,review_recommended,Harnett,Regular School,None,Traditional,35.30662604317068,-79.04146517998535,48285.2,0,0.0,False,21
Overhills High,review_recommended,Harnett,Regular School,None,Traditional,35.24561973916258,-78.96995632248152,53045.4,0,0.0,False,21
Clear Creek Elementary,review_recommended,Henderson,Regular School,None,Traditional,35.374126893811145,-82.43508389710412,69715.8,0,0.0,False,21
Third Creek Elementary,review_recommended,Iredell,Regular School,None,Traditional,35.74967991998383,-80.8570055048343,30838.9,0,0.0,False,21
McGee's Crossroads Middle,review_recommended,Johnston,Regular School,None,Traditional,35.51541709426822,-78.57298670997982,29629.5,0,0.0,False,21
West Johnston High,review_recommended,Johnston,Regular School,None,Traditional,35.524517598693194,-78.5422051318276,30300.4,0,0.0,False,21
St James Elementary,review_recommended,Lincoln,Regular School,None,Traditional,35.48579736793119,-81.0202027081802,25903.3,0,0.0,False,21
Jay M Robinson Middle,review_recommended,Mecklenburg,Regular School,None,Traditional,35.0642761807721,-80.78294434661177,27618.0,0,0.0,False,21
Joseph W Grier Academy,review_recommended,Mecklenburg,Regular School,None,Traditional,35.26934363722225,-80.7254209595795,5024.9,0,0.0,False,21
Harding University High,review_recommended,Mecklenburg,Regular School,Magnet,Traditional,35.236202092639935,-80.90324283808701,16568.6,0,0.0,False,21
Phillip O Berry Academy of Technology,review_recommended,Mecklenburg,Regular School,Magnet,Traditional,35.240307559531054,-80.89567226651994,15744.3,0,0.0,False,21
Nash Central High,review_recommended,Nash,Regular School,None,Traditional,35.9555943215887,-77.89824009852293,1809.3,0,0.0,True,21
Swift Creek Elementary,review_recommended,Nash,Regular School,None,Traditional,36.106938951484345,-77.89797497996246,8635.6,0,0.0,False,21
Benvenue Elementary,review_recommended,Nash,Regular School,None,Traditional,35.976313687757354,-77.83785408467764,149.1,8,12.0,True,21
Englewood Elementary,review_recommended,Nash,Regular School,None,Traditional,35.96224248111972,-77.84040716058736,130.5,10,12.0,True,21
G R Edwards Middle,review_recommended,Nash,Regular School,None,Traditional,35.93463433967979,-77.82244302548874,148.4,10,10.8,True,21
Nashville Elementary,review_recommended,Nash,Regular School,None,Traditional,35.970888034719785,-77.96541960622619,5987.3,0,0.0,False,21
Rocky Mount High,review_recommended,Nash,Regular School,None,Traditional,35.94238614493589,-77.8084371754728,179.4,15,12.0,True,21
Williford Elementary,review_recommended,Nash,Regular School,None,Traditional,35.9280958900365,-77.81861732478379,154.3,14,12.0,True,21
Rashkis Elementary,review_recommended,Orange,Regular School,None,Traditional,35.91157624445823,-79.00519510631771,763.8,2,28.0,True,21
Heide Trask High,review_recommended,Pender,Regular School,None,Traditional,34.43499067153049,-77.88861930997386,20008.8,0,0.0,False,21
South Central High,review_recommended,Pitt,Regular School,None,Traditional,35.53964584309345,-77.42955280420027,46943.1,0,0.0,False,21
Huntsville Elementary,review_recommended,Rockingham,Regular School,None,Traditional,36.330566315800866,-79.9504998505575,6349.2,0,0.0,False,21
West Stanly Middle School,ok,Stanly,Regular School,None,Traditional,35.27586534311702,-80.38337125966119,21698.5,0,0.0,False,21
Carolina Forest Elementary,ok,Onslow,Regular School,None,Traditional,34.81173121383944,-77.40971588483063,1211.5,0,0.0,True,21
Columbia Middle,ok,Tyrrell,Regular School,None,Traditional,35.919065747282055,-76.24615334173848,115132.8,0,0.0,False,21
Antioch Elementary,ok,Union,Regular School,None,Traditional,35.058485921078024,-80.72286919385519,28130.9,0,0.0,False,21
Marvin Elementary,ok,Union,Regular School,None,Traditional,35.000220174457304,-80.8064995316628,34953.6,0,0.0,False,21
Ballentine Elementary,review_recommended,Wake,Regular School,None,Year Round,35.61341387104348,-78.77062795245281,13315.5,0,0.0,False,21
Lockhart Elementary,ok,Wake,Regular School,None,Year Round,35.80381690640587,-78.48538770417304,19880.6,0,0.0,False,21
Forestville Road Elementary,ok,Wake,Regular School,None,Traditional,35.81062437090084,-78.48183359568813,20241.2,0,0.0,False,21
Highcroft Elementary,ok,Wake,Regular School,None,Year Round,35.800948387013314,-78.8837884144577,1911.4,0,0.0,True,21
Heritage Middle,ok,Wake,Regular School,None,Year Round,35.94929405245898,-78.51139110875744,24292.9,0,0.0,False,21
Holly Ridge Elementary,ok,Wake,Regular School,None,Traditional,35.65466681545144,-78.81655439752377,7279.0,0,0.0,False,21
Holly Ridge Middle,ok,Wake,Regular School,None,Traditional,35.654712521666156,-78.81529939936122,7323.5,0,0.0,False,21
Knightdale High,review_recommended,Wake,Regular School,None,Traditional,35.810652423384596,-78.47614668543731,20754.3,0,0.0,False,21
Middle Creek High,ok,Wake,Regular School,None,Traditional,35.66648968628756,-78.7599318614063,7776.4,0,0.0,False,21
Turner Creek Elementary,ok,Wake,Regular School,None,Year Round,35.7729373858014,-78.87487119992869,1588.2,0,0.0,True,21
East Wilkes Middle,review_recommended,Wilkes,Regular School,None,Traditional,36.246739652321956,-80.93211175325919,41704.5,0,0.0,False,21
Millers Creek Elementary,ok,Wilkes,Regular School,None,Traditional,36.20685611860283,-81.24406975344434,31984.1,0,0.0,False,21
North Wilkes Middle,review_recommended,Wilkes,Regular School,None,Traditional,36.26335611651635,-81.14945552511348,37765.4,0,0.0,False,21
West Wilkes Middle,ok,Wilkes,Regular School,None,Traditional,36.169734067093444,-81.24128441657341,27884.6,0,0.0,False,21
East Arcadia Elementary,review_recommended,Bladen,Regular School,None,Traditional,34.419983081862796,-78.34244411245518,40976.4,0,0.0,False,21
Bladenboro Primary,ok,Bladen,Regular School,None,Traditional,34.52980517101739,-78.79516093405547,83914.4,0,0.0,False,21
Dunn Middle,review_recommended,Harnett,Regular School,None,Traditional,35.32925960771351,-78.6091763908656,47569.6,0,0.0,False,21
CoatsErwin Middle,review_recommended,Harnett,Regular School,None,Traditional,35.372773010066034,-78.66082505250964,41580.3,0,0.0,False,21
Shelby High,ok,Cleveland,Regular School,None,Traditional,35.27473289775906,-81.53869953882197,50412.7,0,0.0,False,21
Chewning Middle,review_recommended,Durham,Regular School,None,Year Round,36.074020515195826,-78.82435213678485,5455.3,0,0.0,False,21
Mangum Elementary,review_recommended,Durham,Regular School,None,Traditional,36.17077237472363,-78.87643686684738,8305.1,0,0.0,False,21
Little River Elementary,review_recommended,Durham,Regular School,None,Traditional,36.09905790683798,-78.86320691176823,4295.6,0,0.0,True,21
Northern High,review_recommended,Durham,Regular School,None,Traditional,36.095351742070356,-78.91335091068999,154.2,6,35.0,True,21
George L Carrington Middle,review_recommended,Durham,Regular School,None,Traditional,36.088007640775174,-78.914156181611,118.7,7,34.9,True,21
Eno Valley Elementary,review_recommended,Durham,Regular School,None,Traditional,36.08590707479618,-78.91241104821721,70.7,7,34.9,True,21
Holt Elementary,review_recommended,Durham,Regular School,None,Year Round,36.05664781333288,-78.90612461520689,273.5,15,33.8,True,21
Hillandale Elementary,review_recommended,Durham,Regular School,None,Traditional,36.05241186197031,-78.9340294102967,114.0,12,54.0,True,21
Riverside High,review_recommended,Durham,Regular School,None,Traditional,36.06558535236917,-78.94303218572745,384.3,1,52.0,True,21
Club Boulevard Elementary,review_recommended,Durham,Regular School,Magnet,Modified,36.01921488516868,-78.89687483648815,613.4,7,37.0,True,21
Glenn Elementary,review_recommended,Durham,Regular School,None,Traditional,36.02828487199548,-78.83797140426532,395.0,2,32.5,True,21
Oak Grove Elementary,review_recommended,Durham,Regular School,None,Traditional,35.980472643486934,-78.81917566702987,224.4,2,18.0,True,21
Southern High,review_recommended,Durham,Regular School,None,Traditional,36.00008560257049,-78.82848881431907,280.7,4,22.5,True,21
MerrickMoore Elementary,review_recommended,Durham,Regular School,None,Traditional,36.006061785879425,-78.85222661428612,1328.4,0,0.0,True,21
Y E Smith Elementary,review_recommended,Durham,Regular School,None,Traditional,35.98593256494855,-78.8722405042048,132.8,20,21.1,True,21
Eastway Elementary,review_recommended,Durham,Regular School,None,Traditional,35.99102353867152,-78.88546996035375,102.7,33,47.2,True,21
George Watts Elementary,review_recommended,Durham,Regular School,Magnet,Modified,36.00822562411965,-78.909886577444,144.0,14,42.6,True,21
Durham School of the Arts,review_recommended,Durham,Regular School,Magnet,Modified,36.00266243845216,-78.90657634860301,44.3,28,85.9,True,21
Morehead Montessori,review_recommended,Durham,Regular School,Magnet,Modified,35.98848792370064,-78.9134448947027,362.7,25,46.4,True,21
R N Harris Elementary,review_recommended,Durham,Regular School,None,Traditional,35.97073397895881,-78.88361112984255,172.7,31,23.9,True,21
Burton Elementary,review_recommended,Durham,Regular School,Magnet,Modified,35.97864109937118,-78.8871279394839,151.6,35,26.3,True,21
C C Spaulding Elementary,review_recommended,Durham,Regular School,None,Traditional,35.97814875802939,-78.90534134629785,112.8,34,49.1,True,21
W G Pearson Elementary,review_recommended,Durham,Regular School,Magnet,Modified,35.98219482638659,-78.89618889367377,242.0,31,46.1,True,21
Fayetteville Street Elementary,review_recommended,Durham,Regular School,None,Traditional,35.96434824199313,-78.90510046461083,111.1,18,51.7,True,21
James E Shepard Middle,review_recommended,Durham,Regular School,Magnet,Modified,35.96522450073611,-78.89934616396329,428.7,18,45.0,True,21
Hillside High,review_recommended,Durham,Regular School,None,Traditional,35.956166242677796,-78.90258538572886,422.1,13,80.2,True,21
RogersHerr Middle,review_recommended,Durham,Regular School,None,Year Round,35.97240486288676,-78.93392712172864,185.8,24,50.2,True,21
Lakewood Elementary,review_recommended,Durham,Regular School,None,Traditional,35.98292919529476,-78.93534760790334,207.4,15,60.0,True,21
Parkwood Elementary,review_recommended,Durham,Regular School,None,Traditional,35.891905812257825,-78.90570063394637,899.4,0,0.0,True,21
Lowe's Grove Middle,review_recommended,Durham,Regular School,None,Traditional,35.90270882096743,-78.8906717170713,202.2,13,23.8,True,21
Southwest Elementary,review_recommended,Durham,Regular School,None,Traditional,35.92925706495169,-78.92337386973261,289.3,8,51.6,True,21
Pearsontown Elementary,review_recommended,Durham,Regular School,None,Year Round,35.93238641745772,-78.90773333006365,532.1,4,59.0,True,21
C E Jordan High,review_recommended,Durham,Regular School,None,Traditional,35.923829028271406,-78.96264090076285,279.4,7,21.1,True,21
Bethesda Elementary,review_recommended,Durham,Regular School,None,Traditional,35.94060841772033,-78.83718244744779,186.7,7,31.3,True,21
Neal Middle,review_recommended,Durham,Regular School,None,Traditional,35.97866781097474,-78.78246499355899,3420.7,0,0.0,True,21
M C S Noble Middle,review_recommended,New Hanover,Regular School,None,Traditional,34.25607230698574,-77.84171112210406,264.9,1,14.0,True,21
Richfield Elementary,ok,Stanly,Regular School,None,Traditional,35.46852447779902,-80.25607451378907,27068.3,0,0.0,False,21
Brunswick County Early College,review_recommended,Brunswick,Regular School,Early College,Modified,34.038116698004266,-78.22848099828542,31379.0,0,0.0,False,21
School of Inquiry and Life Sciences,review_recommended,Buncombe,Regular School,Cooperative Innovative HS,Traditional,35.57282018254328,-82.55115648065662,62634.6,0,0.0,False,21
Burke Middle College,review_recommended,Burke,Regular School,Cooperative Innovative HS,Year Round,35.72161298656166,-81.6889940475513,232.2,2,13.0,True,21
Kannapolis Interm,review_recommended,Cabarrus,Regular School,None,Traditional,35.49247742150217,-80.6170617005965,310.8,8,17.5,True,21
Caldwell Early College,review_recommended,Caldwell,Regular School,Early College,Traditional,35.85441266241211,-81.48315930381023,16692.9,0,0.0,False,21
Maiden Middle School,ok,Catawba,Regular School,None,Traditional,35.58110806974625,-81.21776027293652,8303.9,0,0.0,False,21
Newton Conover Health Science,ok,Catawba,Regular School,Cooperative Innovative HS,Traditional,35.677610442222424,-81.22492355450288,440.3,12,9.2,True,21
TriCounty Early College High,ok,Cherokee,Regular School,Early College,Traditional,35.037976676290924,-84.09232321925239,85158.7,0,0.0,False,21
Kings Mountain Middle,review_recommended,Cleveland,Regular School,None,Traditional,35.230201256282726,-81.37428006401669,49356.1,0,0.0,False,21
CCCA  Southeastern Campus,review_recommended,Columbus,Regular School,Early College,Traditional,34.33125781688166,-78.78099418086441,77124.6,0,0.0,False,21
Craven Early College High,review_recommended,Craven,Regular School,Early College,Traditional,35.110370095084555,-77.10208187536563,27.4,2,5.5,True,21
Cross Creek Early College,review_recommended,Cumberland,Regular School,Early College,Traditional,35.071450559243345,-78.89431693407667,71408.6,0,0.0,False,21
Howard Health & Life Sciences,review_recommended,Cumberland,Regular School,Cooperative Innovative HS,Traditional,35.030723183365254,-78.94883385596789,76337.3,0,0.0,False,21
Nags Head Elementary,ok,Dare,Regular School,None,Traditional,35.97913282729364,-75.63917734343978,159685.4,0,0.0,False,21
Friendship Elementary,review_recommended,Davidson,Regular School,None,Traditional,35.959897118211316,-80.14035798428999,8101.9,0,0.0,False,21
Central Davie Academy,review_recommended,Davie,Alternative Education,None,Traditional,35.90737623905541,-80.55223931384167,23790.6,0,0.0,False,21
Middle College HS @ DTCC,review_recommended,Durham,Regular School,Early College,Traditional,35.97391571826345,-78.88047630681136,40.8,24,23.1,True,21
Edgecombe Early College High,review_recommended,Edgecombe,Regular School,Early College,Traditional,35.87923022283667,-77.57352675878589,18053.3,0,0.0,False,21
East Forsyth Middle,review_recommended,Forsyth,Regular School,None,Traditional,36.137790767146235,-80.12126626539626,3211.1,0,0.0,True,21
Main Street Academy,ok,Forsyth,Alternative Education,None,Traditional,36.04087877705407,-80.26450860827875,472.6,5,27.4,True,21
Reagan High,review_recommended,Forsyth,Regular School,None,Traditional,36.17003579146416,-80.3649158586124,2861.5,0,0.0,True,21
S Granville High of Health Sci,review_recommended,Granville,Regular School,None,Traditional,36.12448190491586,-78.67361932438006,18395.8,0,0.0,False,21
Middle College at GTCC  GSO,review_recommended,Guilford,Regular School,Cooperative Innovative HS,Traditional,36.07019737376088,-79.79606734985475,42.9,58,60.1,True,21
Middle College at GTCC  High Point,review_recommended,Guilford,Regular School,Cooperative Innovative HS,Traditional,35.946506755518506,-80.00353531000967,17.2,47,17.7,True,21
McLeansville Elementary,review_recommended,Guilford,Regular School,None,Traditional,36.10897418515013,-79.65533839525564,6518.2,0,0.0,False,21
Northern Guilford Middle,review_recommended,Guilford,Regular School,None,Traditional,36.20796211378367,-79.80447047886453,7861.0,0,0.0,False,21
Dean B Pruett SCALE Academy,review_recommended,Guilford,Alternative Education,None,Traditional,35.94999257349698,-80.00916831576365,166.3,52,18.4,True,21
Collaborative College for Technology,review_recommended,Iredell,Regular School,Early College,Traditional,35.783394574613375,-80.89267892018593,28778.6,0,0.0,False,21
East Mooresville Intermediate,review_recommended,Iredell,Regular School,None,Traditional,35.597364555289744,-80.78072273852341,15989.4,0,0.0,False,21
Dixon Road Elementary,ok,Johnston,Regular School,None,Traditional,35.53316949270309,-78.58437932660179,27407.1,0,0.0,False,21
Lee Early College,review_recommended,Lee,Regular School,Early College,Traditional,35.46846761087651,-79.14619655647147,37366.5,0,0.0,False,21
Kiser Intermediate,review_recommended,Lincoln,Regular School,None,Traditional,35.47719260560425,-81.26562370518643,20330.7,0,0.0,False,21
Childers Elementary,review_recommended,Lincoln,Regular School,None,Traditional,35.47609365110722,-81.3097881549108,21621.7,0,0.0,False,21
Ardrey Kell High,review_recommended,Mecklenburg,Regular School,None,Traditional,35.03495668342754,-80.83453924586685,31707.9,0,0.0,False,21
Bailey Middle,review_recommended,Mecklenburg,Regular School,None,Traditional,35.46999920379264,-80.82949882592548,13646.6,0,0.0,False,21
Chantilly Montessori,review_recommended,Mecklenburg,Regular School,Magnet,Traditional,35.20658604925325,-80.80013701141404,12633.7,0,0.0,False,21
Community House Middle,review_recommended,Mecklenburg,Regular School,None,Traditional,35.03252586927328,-80.82325730289453,31724.7,0,0.0,False,21
Highland Creek Elementary,review_recommended,Mecklenburg,Regular School,None,Traditional,35.38529976347154,-80.75557459885549,2522.1,0,0.0,True,21
J.V. Washam Elementary,review_recommended,Mecklenburg,Regular School,None,Traditional,35.466262870985794,-80.86840480986689,16112.9,0,0.0,False,21
Performance Learning Center,review_recommended,Mecklenburg,Regular School,Cooperative Innovative HS,Traditional,35.24124626232727,-80.8344028502533,11200.7,0,0.0,False,21
Torrence Creek Elementary,review_recommended,Mecklenburg,Regular School,None,Traditional,35.41142793632604,-80.87398039910221,13572.9,0,0.0,False,21
Winget Park Elementary,review_recommended,Mecklenburg,Regular School,None,Traditional,35.1299114841348,-81.00151283425677,30767.3,0,0.0,False,21
Olympic High  Renaissance School,review_recommended,Mecklenburg,Regular School,None,Traditional,35.157801712099676,-80.9504773128764,25238.5,0,0.0,False,21
Olympic HighMath Eng Tech Science,review_recommended,Mecklenburg,Regular School,None,Traditional,35.157801712099676,-80.9504773128764,25238.5,0,0.0,False,21
Olympic High  Intl Study & Global Econ,review_recommended,Mecklenburg,Regular School,None,Traditional,35.157801712099676,-80.9504773128764,25238.5,0,0.0,False,21
Olympic High Intl Bus & Comm Studies,review_recommended,Mecklenburg,Regular School,None,Traditional,35.157801712099676,-80.9504773128764,25238.5,0,0.0,False,21
Olympic High  Biotech Health Pub Admin,review_recommended,Mecklenburg,Regular School,None,Traditional,35.157801712099676,-80.9504773128764,25238.5,0,0.0,False,21
Lake Forest Academy,review_recommended,New Hanover,Alternative Education,None,Traditional,34.21596131792543,-77.92767276046972,146.4,14,33.1,True,21
Partnership Academy,review_recommended,Orange,Alternative Education,None,Traditional,36.07706751773716,-79.10335179425107,359.2,4,9.0,True,21
Pender Early College High,review_recommended,Pender,Regular School,Early College,Traditional,34.54276548714502,-77.91873700768788,32275.7,0,0.0,False,21
PSRC Early College at RCC,review_recommended,Robeson,Regular School,Early College,Traditional,34.671447857733945,-79.00706972125869,108033.7,0,0.0,False,21
Koontz Elementary,review_recommended,Rowan,Regular School,None,Traditional,35.62435091141648,-80.4942419981793,1471.4,0,0.0,True,21
Millbridge Elementary,review_recommended,Rowan,Regular School,None,Traditional,35.600270555049825,-80.6545837819394,8041.7,0,0.0,False,21
Sampson Early College High,ok,Sampson,Regular School,Early College,Traditional,34.99167951843349,-78.35842778139745,51319.3,0,0.0,False,21
Stanly Early College High,review_recommended,Stanly,Regular School,Early College,Traditional,35.33752370201104,-80.23364556812004,32067.1,0,0.0,False,21
Surry Early College HS Design,review_recommended,Surry,Regular School,Early College,Traditional,36.376876643884515,-80.71082933005142,41181.0,0,0.0,False,21
Elkin Middle,review_recommended,Surry,Regular School,None,Traditional,36.24454209244542,-80.8577190461929,45228.7,0,0.0,False,21
Kensington Elementary,ok,Union,Regular School,None,Traditional,34.9447015012163,-80.77579693448088,40762.7,0,0.0,False,21
Porter Ridge High School,ok,Union,Regular School,None,Traditional,35.09084578518913,-80.57429440523947,29024.0,0,0.0,False,21
Porter Ridge Middle School,ok,Union,Regular School,None,Traditional,35.08949222794382,-80.57125037123726,29300.1,0,0.0,False,21
Rock Rest Elementary,review_recommended,Union,Regular School,None,Traditional,34.9579247065797,-80.48701925015119,45750.3,0,0.0,False,21
Union County Early College,review_recommended,Union,Regular School,Early College,Traditional,35.04587195958995,-80.6444199613567,30866.1,0,0.0,False,21
Marvin Ridge Middle,review_recommended,Union,Regular School,None,Traditional,34.97439929661718,-80.79411443084099,37635.5,0,0.0,False,21
River Bend Elementary,review_recommended,Wake,Regular School,None,Year Round,35.864799377547925,-78.5376244050918,16882.7,0,0.0,False,21
Barwell Road Elementary,ok,Wake,Regular School,None,Year Round,35.732490047530284,-78.55514456641521,15365.1,0,0.0,False,21
East Cary Middle,ok,Wake,Regular School,None,Year Round,35.77974070574703,-78.76596777898307,182.4,10,58.4,True,21
Forest Pines Elementary,ok,Wake,Regular School,None,Traditional,35.98694932532116,-78.49884941722105,26677.2,0,0.0,False,21
River Oaks Middle,review_recommended,Wake,Alternative Education,None,Traditional,35.797586532615064,-78.55757412834596,13342.3,0,0.0,False,21
Harris Creek Elementary,review_recommended,Wake,Regular School,None,Year Round,35.87330208414107,-78.51272262474893,19318.1,0,0.0,False,21
Holly Springs High,ok,Wake,Regular School,None,Traditional,35.62812506750464,-78.84961240747143,9534.2,0,0.0,False,21
Holly Grove Elementary,ok,Wake,Regular School,None,Year Round,35.63186087561874,-78.85059218959302,9119.2,0,0.0,False,21
Wake Early College of Health and Science,ok,Wake,Regular School,Early College,Modified,35.78500358443578,-78.58407196852048,11034.6,0,0.0,False,21
East Wake School of Health Science,review_recommended,Wake,Regular School,Cooperative Innovative HS,Traditional,35.81308820655212,-78.42470538952517,25412.2,0,0.0,False,21
East Wake School of Integrated Technolog,review_recommended,Wake,Regular School,Cooperative Innovative HS,Traditional,35.812706716799276,-78.42472274176679,25407.9,0,0.0,False,21
McGee's Crossroads Elem,review_recommended,Johnston,Regular School,None,Traditional,35.51180020296479,-78.57880960425561,29718.3,0,0.0,False,21
Randolph Early College High,review_recommended,Randolph,Regular School,Early College,Traditional,35.67236473963224,-79.8304230345855,195.9,3,14.7,True,21
CamTech High,review_recommended,Camden,Regular School,Cooperative Innovative HS,Traditional,36.326790124573925,-76.17234614667827,144975.7,0,0.0,False,21
Carrboro High,review_recommended,Orange,Regular School,None,Traditional,35.89150261290528,-79.08368684095099,74.0,34,65.9,True,21
Carpenter Elementary,ok,Wake,Regular School,None,Year Round,35.8140639850589,-78.8668843645024,2806.9,0,0.0,True,21
Martin Luther King Jr Middle,review_recommended,Mecklenburg,Regular School,None,Traditional,35.266353942082965,-80.78092635180853,5930.8,0,0.0,False,21
Carson High,ok,Rowan,Regular School,None,Traditional,35.56295571117202,-80.54611072409881,7323.7,0,0.0,False,21
Haywood Early College,review_recommended,Haywood,Regular School,Early College,Traditional,35.525104347874056,-82.92710335538182,29391.3,0,0.0,False,21
Pitts School Road Elementary,review_recommended,Cabarrus,Regular School,None,Traditional,35.343849518277764,-80.6464543792202,3956.5,0,0.0,True,21
Gravelly Hill Middle,review_recommended,Orange,Regular School,None,Traditional,36.06960317409321,-79.19644216738224,6641.1,0,0.0,False,21
Macon Early College High School,review_recommended,Macon,Regular School,Early College,Traditional,35.15992194331702,-83.38083242230842,26166.1,0,0.0,False,21
West View Elementary,review_recommended,Johnston,Regular School,None,Traditional,35.593217105744145,-78.56078240756426,23329.3,0,0.0,False,21
Wayne Early / Middle College High,review_recommended,Wayne,Regular School,Early College,Traditional,35.403526541636474,-77.94560684432298,213.3,7,13.0,True,21
AlamanceBurlington Middle College,ok,Alamance,Regular School,Cooperative Innovative HS,Traditional,36.06701550885192,-79.35473983290727,278.8,1,13.0,True,21
Hope Middle,review_recommended,Pitt,Regular School,None,Traditional,35.513728527892496,-77.28748077992765,44718.9,0,0.0,False,21
Challenger Early College High,review_recommended,Catawba,Regular School,Early College,Traditional,35.700555704558454,-81.28748533616252,21.1,18,13.4,True,21
Davidson Early College,ok,Davidson,Regular School,Early College,Traditional,35.863125799451886,-80.1834065997375,9166.4,0,0.0,False,21
Cedar Fork Elementary,ok,Wake,Regular School,None,Traditional,35.83670561259737,-78.84002707521576,3245.6,0,0.0,True,21
JF Webb High School Of Health And Life S,review_recommended,Granville,Regular School,Cooperative Innovative HS,Traditional,36.340910583539,-78.60192641768892,777.9,1,1.0,True,21
SandHoke Early College High,review_recommended,Hoke,Regular School,Early College,Traditional,34.97450927721865,-79.23321180605438,87450.5,0,0.0,False,21
Brier Creek Elementary,ok,Wake,Regular School,None,Year Round,35.901672305232545,-78.80520863225634,1891.8,0,0.0,True,21
Southern Lee High School,review_recommended,Lee,Regular School,None,Traditional,35.438033627898605,-79.18864819582795,42398.9,0,0.0,False,21
Johnston Co Middle College,review_recommended,Johnston,Regular School,Cooperative Innovative HS,Modified,35.50108803596931,-78.33749739502308,26037.3,0,0.0,False,21
Marvin Ridge High,review_recommended,Union,Regular School,None,Traditional,34.973108038348684,-80.79482188778996,37785.3,0,0.0,False,21
Murrayville Elementary,review_recommended,New Hanover,Regular School,None,Traditional,34.304701277640326,-77.84886971517781,5127.8,0,0.0,False,21
Creekside Elementary,review_recommended,Pitt,Regular School,None,Traditional,35.53678711387662,-77.41722203782562,47874.5,0,0.0,False,21
Tar Heel Middle,ok,Bladen,Regular School,None,Traditional,34.73685765278838,-78.79534025431064,94848.3,0,0.0,False,21
Bethware Elementary,ok,Cleveland,Regular School,None,Traditional,35.24864953860793,-81.41366753032821,48552.5,0,0.0,False,21
Kings Mountain High,review_recommended,Cleveland,Regular School,None,Traditional,35.23405807375453,-81.36963582186453,48824.9,0,0.0,False,21
Graham Elementary,ok,Cleveland,Regular School,None,Traditional,35.28875434042929,-81.5590852570218,48536.6,0,0.0,False,21
James Love Elementary,review_recommended,Cleveland,Regular School,None,Traditional,35.26612279389858,-81.56709915017963,50895.7,0,0.0,False,21
LillingtonShawtown Elementary,review_recommended,Harnett,Regular School,None,Traditional,35.3943069801249,-78.84271536896254,35485.1,0,0.0,False,21
Fairview Elementary,review_recommended,Jackson,Regular School,None,Traditional,35.35582928298804,-83.19468522229197,1025.3,0,0.0,True,21
Smoky Mountain High,review_recommended,Jackson,Regular School,None,Traditional,35.35392237687726,-83.19881585477584,773.4,1,10.0,True,21
Scotts Creek Elementary,review_recommended,Jackson,Regular School,None,Traditional,35.4089365772432,-83.17844673088439,3303.7,0,0.0,True,21
Wakelon Elementary,ok,Wake,Regular School,None,Traditional,35.80447849107068,-78.39411675749598,28130.9,0,0.0,False,21
Bertie Early College High,review_recommended,Bertie,Regular School,Early College,Traditional,36.03435119069456,-77.01461492585136,65892.7,0,0.0,False,21
Bertie Middle,review_recommended,Bertie,Regular School,None,Traditional,36.04781094796005,-76.96590296512026,70274.3,0,0.0,False,21
Bertie STEM High,review_recommended,Bertie,Regular School,Cooperative Innovative HS,Traditional,36.05000556273262,-76.97181786597884,69741.5,0,0.0,False,21
Buncombe County Middle College,ok,Buncombe,Alternative Education,Cooperative Innovative HS,Traditional,35.5702310281099,-82.55626083056244,62103.4,0,0.0,False,21
Robert L. Patton High School,review_recommended,Burke,Regular School,None,Traditional,35.70300182262313,-81.67067227073751,2516.4,0,0.0,True,21
Performance Learning Center,review_recommended,Cabarrus,Regular School,Cooperative Innovative HS,Traditional,35.3669464066421,-80.59406440375122,1131.1,0,0.0,True,21
Long School,review_recommended,Cabarrus,Regular School,None,Traditional,35.412762805077776,-80.59665329537611,225.9,10,14.0,True,21
Fuller Performance Learning Center,review_recommended,Cumberland,Alternative Education,Cooperative Innovative HS,Traditional,35.08716910936511,-78.90069943387441,69702.6,0,0.0,False,21
Durham's Performance Learning Center,review_recommended,Durham,Alternative Education,None,Traditional,35.98936234233501,-78.87902883025284,48.6,35,39.8,True,21
WG Pearson Magnet Middle,review_recommended,Durham,Regular School,None,Traditional,35.98246601888742,-78.89714497152754,151.6,32,47.0,True,21
Southern School of Engineering,review_recommended,Durham,Regular School,Cooperative Innovative HS,Traditional,36.00143892374558,-78.83264866789068,481.9,3,24.0,True,21
Hillside New Tech High,review_recommended,Durham,Regular School,Cooperative Innovative HS,Traditional,35.95305962004405,-78.9054566792458,24.3,13,80.2,True,21
The Special Children's School,review_recommended,Forsyth,Exceptional Children,None,Traditional,36.150734262622066,-80.33441452478593,1484.6,0,0.0,True,21
Granville Central High,review_recommended,Granville,Regular School,None,Traditional,36.2130980124293,-78.68726653229771,10594.5,0,0.0,False,21
S Granville HS of Integ Tech & Lead,review_recommended,Granville,Regular School,None,Traditional,36.12448190491586,-78.67361932438006,18395.8,0,0.0,False,21
High School Ahead Academy,review_recommended,Guilford,Alternative Education,None,Traditional,36.080447227624816,-79.8944360925675,444.4,6,32.0,True,21
Doris Henderson Newcomers School,review_recommended,Guilford,Regular School,Magnet,Traditional,36.080565484225744,-79.90258697356983,458.7,4,32.0,True,21
Northern Guilford High,review_recommended,Guilford,Regular School,None,Traditional,36.205663547416286,-79.80187665671704,7533.4,0,0.0,False,21
Archer Lodge Middle,review_recommended,Johnston,Regular School,None,Traditional,35.70297657281442,-78.36538735058234,32477.2,0,0.0,False,21
Pumpkin Center Intermediate,review_recommended,Lincoln,Regular School,None,Traditional,35.51888320958132,-81.13487847716378,16886.9,0,0.0,False,21
Elon Park Elementary,review_recommended,Mecklenburg,Regular School,None,Traditional,35.05335557328359,-80.79273425059054,28938.4,0,0.0,False,21
Mallard Creek High,review_recommended,Mecklenburg,Regular School,None,Traditional,35.36739365026962,-80.76659621204882,3218.3,0,0.0,True,21
Wilmington Early College High,review_recommended,New Hanover,Regular School,Early College,Traditional,34.323919000782276,-77.880123120737,8055.2,0,0.0,False,21
Richmond Early College High,review_recommended,Richmond,Regular School,Early College,Traditional,34.90194318558397,-79.70924003916967,81041.4,0,0.0,False,21
Shive Elementary,review_recommended,Rowan,Regular School,None,Traditional,35.54154257389651,-80.4349575444919,11359.3,0,0.0,False,21
Stanly Academy Learning Center,review_recommended,Stanly,Alternative Education,None,Traditional,35.36233721807704,-80.20983273276407,33785.3,0,0.0,False,21
Rea View Elementary,ok,Union,Regular School,None,Traditional,35.01623183100416,-80.77459285453966,32843.2,0,0.0,False,21
New Town Elementary,ok,Union,Regular School,None,Traditional,34.97679403601741,-80.70408611102015,37306.9,0,0.0,False,21
Rocky River Elementary,ok,Union,Regular School,None,Traditional,34.99439265021376,-80.60958210527974,37287.3,0,0.0,False,21
East Garner Elementary,ok,Wake,Regular School,None,Year Round,35.70773935543176,-78.58769301117991,13944.4,0,0.0,False,21
East Wake School of Arts Education and G,review_recommended,Wake,Regular School,Cooperative Innovative HS,Traditional,35.81257521047229,-78.42465048098067,25413.4,0,0.0,False,21
East Wake School of Engineering,review_recommended,Wake,Regular School,Cooperative Innovative HS,Traditional,35.81291024974622,-78.42489696646702,25393.6,0,0.0,False,21
Warren New Tech High,review_recommended,Warren,Regular School,Cooperative Innovative HS,Traditional,36.40248192625298,-78.15509165080721,22462.3,0,0.0,False,21
Wayne School of Engineering,review_recommended,Wayne,Regular School,Cooperative Innovative HS,Traditional,35.385908760637626,-77.98146454467158,167.3,18,13.5,True,21
Yadkin Early College,review_recommended,Yadkin,Regular School,Early College,Traditional,36.14808093922986,-80.67374265480822,30257.4,0,0.0,False,21
William Ellis Middle,ok,Davie,Regular School,None,Traditional,35.929289864312594,-80.40705188253698,14082.8,0,0.0,False,21
Highland Elementary,review_recommended,Alamance,Regular School,None,Traditional,36.05906242689511,-79.51791516437778,1787.0,0,0.0,True,21
Anson Co. Early College High,ok,Anson,Regular School,Early College,Traditional,35.00086763395927,-80.21094779819205,54318.0,0,0.0,False,21
Anson New Tech High,ok,Anson,Regular School,Cooperative Innovative HS,Traditional,34.9785447388653,-80.10230103910949,62720.6,0,0.0,False,21
Carl A Furr Elementary,ok,Cabarrus,Regular School,None,Traditional,35.3769062170245,-80.68655996770956,1887.0,0,0.0,True,21
Charles E Boger Elementary,review_recommended,Cabarrus,Regular School,None,Traditional,35.45438382612418,-80.66301248010441,1881.3,0,0.0,True,21
Hickory Ridge High,ok,Cabarrus,Regular School,None,Traditional,35.310109129587055,-80.63445493203024,6735.7,0,0.0,False,21
Catawba Rosenwald Education Center,ok,Catawba,Exceptional Children,None,Traditional,35.70249496736419,-81.07554696350586,10628.9,0,0.0,False,21
Virginia Cross Elementary,ok,Chatham,Regular School,None,Traditional,35.712941711915995,-79.44093716629195,30744.5,0,0.0,False,21
Creekside Elementary,ok,Craven,Regular School,None,Traditional,35.02726034316582,-77.02161669479143,8695.7,0,0.0,False,21
Davie County Early College High,review_recommended,Davie,Regular School,Early College,Traditional,35.871072196367734,-80.55495780188943,19828.7,0,0.0,False,21
Jacket Academy at Carver High,review_recommended,Forsyth,Regular School,Cooperative Innovative HS,Traditional,36.13527814891429,-80.20658137200022,222.4,12,17.2,True,21
Greene Early College High,review_recommended,Greene,Regular School,Early College,Modified,35.47602578220495,-77.67169713633913,23943.8,0,0.0,False,21
Northern Guilford Elementary,review_recommended,Guilford,Regular School,None,Traditional,36.22683672003637,-79.76755002622416,8875.6,0,0.0,False,21
EP Pearce Elementary,review_recommended,Guilford,Regular School,None,Traditional,36.14491609956181,-79.94022332145614,2725.7,0,0.0,True,21
Reedy Fork Elementary,ok,Guilford,Regular School,None,Traditional,36.186441209494575,-79.69661329105443,6318.4,0,0.0,False,21
Woodland Heights Elementary,ok,Iredell,Regular School,None,Traditional,35.57081424190184,-80.92230411684544,25891.4,0,0.0,False,21
Lenoir County Early College High,ok,Lenoir,Regular School,Early College,Traditional,35.23312704826869,-77.57445555945081,34861.3,0,0.0,False,21
McDowell Early College,review_recommended,McDowell,Regular School,Early College,Traditional,35.65651378633071,-81.96281752752637,24061.1,0,0.0,False,21
Cato Middle College High,review_recommended,Mecklenburg,Regular School,Early College,Traditional,35.265843991045536,-80.7311463048106,5230.8,0,0.0,False,21
Edwin A Anderson Elementary,review_recommended,New Hanover,Regular School,None,Traditional,34.09670967490746,-77.91550163954702,5333.5,0,0.0,False,21
Polk County Early College,review_recommended,Polk,Regular School,Early College,Traditional,35.26570253767087,-82.18615621726403,67325.6,0,0.0,False,21
Rutherford Early College High,review_recommended,Rutherford,Regular School,Early College,Modified,35.33831291185318,-81.90957006471344,46975.6,0,0.0,False,21
Sandy Ridge Elementary,ok,Union,Regular School,None,Traditional,34.96781986496206,-80.80172575014936,38445.9,0,0.0,False,21
North Forest Pines Drive Elementary,ok,Wake,Regular School,None,Year Round,35.95364990369631,-78.54683611568106,21547.1,0,0.0,False,21
Panther Creek High,ok,Wake,Regular School,None,Traditional,35.82987980256954,-78.8884249303302,4990.9,0,0.0,True,21
Sanford Creek Elementary,ok,Wake,Regular School,None,Year Round,35.92760121753072,-78.46158116007427,26318.9,0,0.0,False,21
Wendell Middle,ok,Wake,Regular School,None,Traditional,35.804463146811855,-78.39380636660769,28158.9,0,0.0,False,21
Beaufort Co Early College High,review_recommended,Beaufort,Regular School,Early College,Traditional,35.534419179106514,-76.96351832929346,45330.4,0,0.0,False,21
Cleveland ECHS,review_recommended,Cleveland,Regular School,Early College,Traditional,35.281385279740626,-81.49185925990753,48239.7,0,0.0,False,21
Tyro Elementary,review_recommended,Davidson,Regular School,None,Traditional,35.79096511736449,-80.32012135928001,14472.7,0,0.0,False,21
City of Medicine Academy,review_recommended,Durham,Regular School,Cooperative Innovative HS,Traditional,36.05406512680825,-78.90298220526735,41.3,17,36.2,True,21
Early College of Forsyth Count,ok,Forsyth,Regular School,Early College,Traditional,36.0692619681458,-80.27302136841178,87.7,16,26.5,True,21
Long Mill Elementary,review_recommended,Franklin,Regular School,None,Traditional,36.057587178668776,-78.49662979979092,26504.9,0,0.0,False,21
Center For Innovative Learning,review_recommended,Granville,Alternative Education,None,Traditional,36.338788398477256,-78.59614442357373,390.4,1,1.0,True,21
Mary Potter Middle,review_recommended,Granville,Regular School,None,Traditional,36.3186576439903,-78.5869204238385,571.6,1,1.0,True,21
The Academy at Central,review_recommended,Guilford,Regular School,Cooperative Innovative HS,Traditional,35.95563173678053,-80.02770271187266,155.5,12,12.0,True,21
The Academy at Smith,review_recommended,Guilford,Regular School,Cooperative Innovative HS,Traditional,36.03769244374606,-79.85001195373002,205.0,17,33.2,True,21
Sugarloaf Elementary,review_recommended,Henderson,Regular School,None,Traditional,35.339704887294836,-82.40330139054359,72784.6,0,0.0,False,21
Powhatan Elementary,review_recommended,Johnston,Regular School,None,Traditional,35.62753351158802,-78.39183513076459,33753.2,0,0.0,False,21
Barnette Elementary,review_recommended,Mecklenburg,Regular School,None,Traditional,35.37734120578635,-80.9117544969049,16340.0,0,0.0,False,21
MG Davis Military & Global Lead Academy,review_recommended,Mecklenburg,Regular School,Magnet,Traditional,35.20273416725006,-80.87514801867114,16842.6,0,0.0,False,21
Polo Ridge Elementary,review_recommended,Mecklenburg,Regular School,None,Traditional,35.05335564020455,-80.79273417640492,28938.4,0,0.0,False,21
Croft Community Elementary,review_recommended,Mecklenburg,Regular School,None,Traditional,35.34655339581132,-80.80435984110798,6590.7,0,0.0,False,21
Mary Sidberry Mosley PLC,review_recommended,New Hanover,Alternative Education,None,Traditional,34.213784311456045,-77.93104656592995,440.4,15,33.6,True,21
Meadow View Elementary,review_recommended,Onslow,Regular School,None,Traditional,34.773152200133566,-77.52765268581378,5594.3,0,0.0,False,21
Morris Grove Elementary,review_recommended,Orange,Regular School,None,Traditional,35.966718316306746,-79.10269253459533,106.5,2,26.0,True,21
Richmond 9th Grade Academy,review_recommended,Richmond,Regular School,None,Traditional,34.92113715213762,-79.69533884341529,79009.0,0,0.0,False,21
Rowan Co Early College,ok,Rowan,Regular School,Early College,Traditional,35.63970960651527,-80.48174512004812,121.1,10,1.0,True,21
Sunset Avenue Elementary,ok,Sampson,Regular School,None,Traditional,34.99745962773023,-78.33181242495567,49324.0,0,0.0,False,21
Stallings Elementary,ok,Union,Regular School,None,Traditional,35.109272686450964,-80.6649991584253,23597.7,0,0.0,False,21
Sun Valley Elementary,ok,Union,Regular School,None,Traditional,35.0393943637462,-80.64831604793622,31450.3,0,0.0,False,21
Sycamore Creek Elementary,ok,Wake,Regular School,None,Year Round,35.918567523015845,-78.73295822276829,4325.5,0,0.0,True,21
Warren Early College High,review_recommended,Warren,Regular School,Early College,Traditional,36.40248188575085,-78.15509191988697,22462.3,0,0.0,False,21
Forbush Middle,review_recommended,Yadkin,Regular School,None,Traditional,36.13931807939522,-80.5519457348823,19429.2,0,0.0,False,21
Starmount Middle,review_recommended,Yadkin,Regular School,None,Traditional,36.1851765270882,-80.77275797091927,39560.0,0,0.0,False,21
Jimmy C Draughn High School,ok,Burke,Regular School,None,Traditional,35.765867241269696,-81.54405660373209,10133.1,0,0.0,False,21
Camden Intermediate,ok,Camden,Regular School,None,Traditional,36.33152680627977,-76.18289543788339,144156.4,0,0.0,False,21
Nakina Middle,review_recommended,Columbus,Regular School,None,Traditional,34.10863372539334,-78.6541944731295,66347.1,0,0.0,False,21
Jarvisburg Elementary,ok,Currituck,Regular School,None,Traditional,36.20099631317509,-75.85796521527274,161761.3,0,0.0,False,21
The JP Knapp ECH (i)School,ok,Currituck,Regular School,Early College,Traditional,36.44536184694535,-76.01453601498471,161863.1,0,0.0,False,21
Whitewater Academy,review_recommended,Mecklenburg,Regular School,None,Traditional,35.283558058290424,-80.99300088104081,22682.5,0,0.0,False,21
Ballantyne Elementary,ok,Mecklenburg,Regular School,None,Traditional,35.03670202602202,-80.85493742004374,32046.9,0,0.0,False,21
Mills Park Elementary,ok,Wake,Regular School,None,Year Round,35.81085681933388,-78.896690574554,3501.5,0,0.0,True,21
Laurel Park Elementary,ok,Wake,Regular School,None,Year Round,35.75914672461566,-78.82648573369784,579.8,2,57.0,True,21
Central Elementary,review_recommended,Northampton,Regular School,None,Traditional,36.418491919700045,-77.43490508056239,49628.8,0,0.0,False,21
Frank Morgan Elementary,review_recommended,Forsyth,Regular School,None,Traditional,36.032560699971164,-80.39614468342688,6025.3,0,0.0,False,21
Rockford Elementary,review_recommended,Surry,Regular School,None,Traditional,36.371022078349505,-80.69588931451577,39709.4,0,0.0,False,21
Pilot Mountain Elementary,review_recommended,Surry,Regular School,None,Traditional,36.390767728451,-80.47110376278053,27784.7,0,0.0,False,21
Walkertown High,review_recommended,Forsyth,Regular School,None,Traditional,36.17764300394493,-80.14931943007934,5608.5,0,0.0,False,21
Stokes Early College High,review_recommended,Stokes,Regular School,Early College,Traditional,36.37432628693769,-80.18130553617925,18560.7,0,0.0,False,21
Atkins Academic & Technology High,review_recommended,Forsyth,Regular School,Magnet,Traditional,36.11028388322467,-80.19558166539771,144.8,15,17.5,True,21
Kingswood School,review_recommended,Forsyth,Alternative Education,None,Traditional,36.10660607672116,-80.26616633574513,43.9,10,18.0,True,21
Career Technical Education Center,review_recommended,Alamance,Vocational Education,None, ,36.092514466672824,-79.38457732758734,3827.5,0,0.0,True,21
Haynes Inman Education Center,review_recommended,Guilford,Exceptional Children,None,Traditional,35.98497157321525,-79.91463812672144,1388.1,0,0.0,True,21
Caleb's Creek Elementary,ok,Forsyth,Regular School,None,Traditional,36.07890854249534,-80.08844714532837,3935.8,0,0.0,True,21
Flat Rock Middle,review_recommended,Forsyth,Regular School,None,Traditional,36.01021822884142,-80.30324037292696,3610.6,0,0.0,True,21
Kimmel Farm Elementary,review_recommended,Forsyth,Regular School,None,Traditional,36.008646211646905,-80.30305647066551,3772.7,0,0.0,True,21
Southmont Elementary,review_recommended,Davidson,Regular School,None,Traditional,35.66459254853983,-80.27059142088407,14092.0,0,0.0,False,21
Warren Williams Elementary Alternative,review_recommended,Lee,Alternative Education,None,Traditional,35.49327293887733,-79.18400768654386,37510.7,0,0.0,False,21
Wheatmore High,review_recommended,Randolph,Regular School,None,Traditional,35.82912848010668,-80.00806847202038,10209.3,0,0.0,False,21
West Pine Elementary,review_recommended,Moore,Regular School,None,Traditional and Year Round,35.22824692148157,-79.52874705854974,49587.5,0,0.0,False,21
Middle College at UNCG,review_recommended,Guilford,Regular School,Early College,Traditional,36.068988067582545,-79.8129987765492,399.6,23,48.9,True,21
Margaret B. Pollard Middle,review_recommended,Chatham,Regular School,None,Traditional,35.81740731039414,-79.11360164969028,4836.5,0,0.0,True,21
Phoenix Academy High,review_recommended,Orange,Alternative Education,None,Traditional,35.9025369628881,-79.06848472302713,64.6,36,56.7,True,21
Mills Park Middle,ok,Wake,Regular School,None,Traditional,35.81324745019974,-78.89699887079263,3722.2,0,0.0,True,21
Alston Ridge Elementary,ok,Wake,Regular School,None,Year Round,35.85965450541555,-78.90022263136645,2453.1,0,0.0,True,21
Cleveland High,review_recommended,Johnston,Regular School,None,Traditional,35.55332065805948,-78.50002846983526,30344.2,0,0.0,False,21
Granville Early College High,review_recommended,Granville,Regular School,Early College,Traditional,36.124860714965564,-78.67414698272788,18372.7,0,0.0,False,21
Tar River Elementary,ok,Granville,Regular School,None,Traditional,36.15395331820762,-78.5741013564666,14252.6,0,0.0,False,21
Herbert Akins Rd Elementary,ok,Wake,Regular School,None,Year Round,35.62082571129696,-78.80384511885272,11181.1,0,0.0,False,21
Wayne Middle / High Academy,review_recommended,Wayne,Alternative Education,None,Traditional,35.38914332790238,-77.98292192372176,208.7,16,13.2,True,21
Clarke Elementary,review_recommended,Vance,Regular School,None,Traditional,36.3023085422832,-78.36760304164461,3556.8,0,0.0,True,21
Holly Grove Middle,ok,Wake,Regular School,None,Year Round,35.6323044333246,-78.85109368331601,9070.0,0,0.0,False,21
Franklin County Early College,review_recommended,Franklin,Regular School,Early College,Traditional,36.085232227290966,-78.33205461791462,25654.9,0,0.0,False,21
Lake Myra Elementary,ok,Wake,Regular School,None,Year Round,35.76186943460049,-78.43005963981898,25188.9,0,0.0,False,21
Corinth Holders High,review_recommended,Johnston,Regular School,None,Traditional,35.7259775610875,-78.33858748031469,34093.5,0,0.0,False,21
Wake NCSU STEM ECHS,ok,Wake,Regular School,Early College, ,35.773045948553815,-78.66693065934749,4392.5,0,0.0,True,21
Banks Rd Elementary,ok,Wake,Regular School,None,Year Round,35.6323353241092,-78.71046608692328,12861.1,0,0.0,False,21
Walnut Creek ES,ok,Wake,Regular School,None,Year Round,35.74538727171781,-78.58735251065977,12120.7,0,0.0,False,21
Holton Career and Resource Center,review_recommended,Durham,Vocational Education,None,Traditional,35.98930949066145,-78.87886430360602,50.3,36,39.0,True,21
Sandy Ridge Elementary,review_recommended,Durham,Regular School,Magnet, ,36.05840200020549,-78.8705468286914,1261.7,0,0.0,True,21
Lakewood Montessori Middle,review_recommended,Durham,Regular School,Magnet,Traditional,35.98521579062036,-78.92932015107483,38.8,15,60.0,True,21
Lakeforest Elementary,ok,Pitt,Regular School,None,Traditional,35.59224751208448,-77.42152665695289,48374.6,0,0.0,False,21
Heritage High,ok,Wake,Regular School,None,Traditional,35.941798630923486,-78.51028204535841,23798.2,0,0.0,False,21
Northampton County Alternative School,review_recommended,Northampton,Alternative Education,None,Traditional,36.49043480048392,-77.43781196491112,56278.3,0,0.0,False,21
Roanoke Valley Early College,review_recommended,Halifax,Regular School,Early College,Traditional,36.43057484282958,-77.62009534293782,43841.2,0,0.0,False,21
Wilson Early College Academy,review_recommended,Wilson,Regular School,Early College,Traditional,35.73100548645123,-77.8959265412663,21839.5,0,0.0,False,21
John W Jones Elementary,ok,Wilson,Regular School,None,Traditional,35.72371121992434,-77.98159564387588,26011.3,0,0.0,False,21
Bessemer City Early College High School,review_recommended,Gaston,Regular School,Early College,Modified,35.29847579360903,-81.28188272825366,40095.6,0,0.0,False,21
Patriots Elementary,review_recommended,Cabarrus,Regular School,None, ,35.31024166681367,-80.58455843021628,7467.7,0,0.0,False,21
Harold E. Winkler Middle,review_recommended,Cabarrus,Regular School,None,Traditional,35.392022052467766,-80.64953777131176,2510.0,0,0.0,True,21
CabarrusKannapolis Early Coll,review_recommended,Cabarrus,Regular School,Early College,Traditional,35.436664780522236,-80.66025292571894,147.9,4,17.5,True,21
Cox Mill High School,review_recommended,Cabarrus,Regular School,None,Traditional,35.39564422701045,-80.7305102805451,1997.4,0,0.0,True,21
William Amos Hough High,ok,Mecklenburg,Regular School,None,Traditional,35.46909494488507,-80.82825129237092,13513.0,0,0.0,False,21
Hawks Nest Intermediate,review_recommended,Gaston,Regular School,None,Traditional,35.216037687868535,-81.16128803744924,39240.4,0,0.0,False,21
Hickory Ridge Middle,review_recommended,Cabarrus,Regular School,None, ,35.30915160731625,-80.6425709754518,6290.5,0,0.0,False,21
Poplin Elementary,ok,Union,Regular School,None,Traditional,35.086493739377175,-80.60107219999495,28214.5,0,0.0,False,21
Rocky River Elementary,review_recommended,Iredell,Regular School,None,Traditional,35.54966998370383,-80.78230199218719,13221.8,0,0.0,False,21
Coddle Creek Elementary,ok,Iredell,Regular School,None,Traditional,35.51802403670833,-80.81262604925364,14527.1,0,0.0,False,21
Career Academy and Technical School,review_recommended,Iredell,Vocational Education,None,Traditional,35.71745495154337,-80.88759030393389,27708.0,0,0.0,False,21
Cuthbertson High,ok,Union,Regular School,None,Traditional,34.976160081113285,-80.73909215142147,37187.8,0,0.0,False,21
Cuthbertson Middle,ok,Union,Regular School,None,Traditional,34.97437440589267,-80.74116404215319,37383.1,0,0.0,False,21
Dilworth Elementary,review_recommended,Mecklenburg,Regular School,None,Traditional,35.212415569159035,-80.85335395746735,14704.5,0,0.0,False,21
River Oaks Academy,review_recommended,Mecklenburg,Regular School,None,Traditional,35.30815322873619,-80.97892555876597,21190.9,0,0.0,False,21
Whitewater Middle,ok,Mecklenburg,Regular School,None,Traditional,35.28398069750879,-80.99248608777393,22629.7,0,0.0,False,21
Rocky River High,ok,Mecklenburg,Regular School,None,Traditional,35.214374655949115,-80.64059430351607,14406.7,0,0.0,False,21
Stoney Creek Elementary,review_recommended,Mecklenburg,Regular School,None,Traditional,35.347975221469376,-80.72511138213513,1621.4,0,0.0,True,21
Ridge Road Middle,review_recommended,Mecklenburg,Regular School,None,Traditional,35.37723591216466,-80.76255061977425,2814.2,0,0.0,True,21
River Gate Elementary,review_recommended,Mecklenburg,Regular School,None,Traditional,35.0889546330284,-80.97653833148046,32400.0,0,0.0,False,21
Berewick Elementary,review_recommended,Mecklenburg,Regular School,None,Traditional,35.17354646596763,-80.97855991919282,26117.5,0,0.0,False,21
Cumberland International Early CollegeHS,review_recommended,Cumberland,Regular School,Early College,Traditional,35.07756239163084,-78.88294251499597,70681.4,0,0.0,False,21
New Century International Elementary,review_recommended,Cumberland,Regular School,None,Traditional,35.0126076330979,-79.04447346883329,79740.0,0,0.0,False,21
Crain's Creek Middle,review_recommended,Moore,Regular School,None,Traditional,35.2728892268184,-79.2858012486668,58945.5,0,0.0,False,21
Union Intermediate,ok,Sampson,Regular School,None,Traditional,34.85536894799492,-78.28064141993735,60584.6,0,0.0,False,21
Gray's Creek Elementary,review_recommended,Cumberland,Regular School,None,Traditional,34.89114653314971,-78.86753040746046,91316.3,0,0.0,False,21
Duplin Early College High,review_recommended,Duplin,Regular School,Early College,Traditional,34.94710018753055,-77.97886428687173,45041.6,0,0.0,False,21
Scotland High School,review_recommended,Scotland,Regular School,None,Traditional,34.77846511177402,-79.47807645658905,98130.0,0,0.0,False,21
East Rockingham Elementary,ok,Richmond,Regular School,None,Traditional,34.89482244559935,-79.75095763908837,81679.9,0,0.0,False,21
Castle Hayne Elementary,ok,New Hanover,Regular School,None,Traditional,34.352196298452796,-77.89249772560609,11259.2,0,0.0,False,21
Holly Shelter Middle,ok,New Hanover,Regular School,None,Traditional,34.35119960582589,-77.89099259620357,11167.1,0,0.0,False,21
Topsail Elementary,review_recommended,Pender,Regular School,None,Traditional,34.39289028080421,-77.67991090167074,19931.2,0,0.0,False,21
Cedar Grove Middle,review_recommended,Brunswick,Regular School,None,Traditional,33.96683028360022,-78.27122456193628,39198.2,0,0.0,False,21
Town Creek Elementary,ok,Brunswick,Regular School,None,Traditional,34.1398653872583,-78.08774247391128,14623.3,0,0.0,False,21
Northeast Elementary,ok,Lenoir,Regular School,None,Traditional,35.27708150237375,-77.5664088712811,33467.3,0,0.0,False,21
Early College EAST High,ok,Craven,Regular School,Early College,Traditional,34.880331090890806,-76.90100967887722,27839.7,0,0.0,False,21
Stateside Elementary,ok,Onslow,Regular School,None,Traditional,34.85699063010544,-77.48147162344014,7707.0,0,0.0,False,21
Snow Creek Elementary,review_recommended,Catawba,Regular School,None,Traditional,35.782771419534924,-81.26717831771815,3908.4,0,0.0,True,21
Cloverleaf Elementary,review_recommended,Iredell,Regular School,None,Traditional,35.82417144989046,-80.86527968874528,28983.6,0,0.0,False,21
Avery High Viking Academy,ok,Avery,Regular School,Cooperative Innovative HS,Traditional,36.0679221505709,-81.91976659619583,24541.6,0,0.0,False,21
Avery High STEM Academy,ok,Avery,Regular School,Cooperative Innovative HS,Traditional,36.06809460810713,-81.91853873562076,24446.6,0,0.0,False,21
Visual and Performing Arts Center,review_recommended,Iredell,Regular School,Early College,Traditional,35.792700674407754,-80.89339397630853,28235.4,0,0.0,False,21
Wilkes Early College High,review_recommended,Wilkes,Regular School,Early College,Traditional,36.13857271337674,-81.18156667029784,23877.0,0,0.0,False,21
Henderson County Early College,review_recommended,Henderson,Regular School,Early College,Traditional,35.30720387059289,-82.42266907911544,71259.4,0,0.0,False,21
Mountain View Intermediate,review_recommended,Macon,Regular School,None,Traditional,35.163395265712495,-83.36217351290281,24863.7,0,0.0,False,21
Mayland Early College,ok,Mitchell,Regular School,Early College,Traditional,35.93450762772899,-82.01713271801879,33788.2,0,0.0,False,21
Koontz Intermediate,review_recommended,Buncombe,Regular School,None,Traditional,35.4854305521824,-82.54141994026162,61018.1,0,0.0,False,21
Eblen Intermediate,review_recommended,Buncombe,Regular School,None,Traditional,35.619846728974835,-82.61955154476902,58912.4,0,0.0,False,21
Green Ridge Elementary,review_recommended,Montgomery,Regular School,None,Traditional,35.34062043051354,-79.78495979692197,32271.6,0,0.0,False,21
Providence Grove High,review_recommended,Randolph,Regular School,None,Traditional,35.84879343206508,-79.71254272165348,10421.6,0,0.0,False,21
SanLee Middle School,review_recommended,Lee,Regular School,None,Traditional,35.43765742264694,-79.1891695169654,42461.1,0,0.0,False,21
Rockingham Co Early College High,review_recommended,Rockingham,Regular School,Early College,Traditional,36.39545846419019,-79.75617436670188,641.6,1,14.0,True,21
Johnston Co Early College Academy,review_recommended,Johnston,Regular School,Early College,Modified,35.503441137341305,-78.33282061600227,25714.6,0,0.0,False,21
Vance Co Early College,review_recommended,Vance,Regular School,Early College,Traditional,36.32430695311131,-78.48894241040907,3263.3,0,0.0,True,21
Princeton Elementary,review_recommended,Johnston,Regular School,None,Traditional,35.46330899183177,-78.1756601395086,10775.5,0,0.0,False,21
Spring Valley Elementary,review_recommended,Durham,Regular School,None,Traditional,35.957982680203514,-78.81624366861038,2411.4,0,0.0,True,21
Mattamuskeet Early College High,review_recommended,Hyde,Regular School,Early College,Traditional,35.442135613115006,-76.2199698731089,83274.5,0,0.0,False,21
Hertford Co Early College,review_recommended,Hertford,Regular School,Early College,Traditional,36.32422407939887,-77.0247572946987,71705.7,0,0.0,False,21
CS Brown High,review_recommended,Hertford,Regular School,None,Traditional,36.38641180283422,-76.93974456062497,81605.3,0,0.0,False,21
Scotland Early College High,review_recommended,Scotland,Regular School,Early College,Traditional,34.74558566342917,-79.48391476502607,101515.1,0,0.0,False,21
Don D Steed Elementary,review_recommended,Hoke,Regular School,None,Traditional,34.981878343324155,-79.16044527480004,85868.0,0,0.0,False,21
Richmond Co Transitional,review_recommended,Richmond,Alternative Education,None,Traditional,34.8974649086179,-79.78463659714463,81394.5,0,0.0,False,21
Overhills Elementary,review_recommended,Harnett,Regular School,None,Traditional,35.24607122049281,-78.967478252581,52952.8,0,0.0,False,21
Ridgewood Elementary,review_recommended,Pitt,Regular School,None,Traditional,35.56425674811028,-77.42866683022685,48081.5,0,0.0,False,21
Blue Ridge Early College,review_recommended,Jackson,Regular School,Early College,Traditional,35.129488399171954,-83.12086298185977,25572.2,0,0.0,False,21
Union Academy,review_recommended,Macon,Alternative Education,None,Traditional,35.117410226830195,-83.39976119739694,31009.8,0,0.0,False,21
Madison Early College High,review_recommended,Madison,Regular School,Early College,Traditional,35.84497246592646,-82.55141991303846,76104.3,0,0.0,False,21
Polk County Middle,review_recommended,Polk,Regular School,None,Traditional,35.29843380056866,-82.17307281941574,63804.0,0,0.0,False,21
Jackson Co Early College,review_recommended,Jackson,Regular School,Early College,Traditional,35.34761554023645,-83.2051568909553,300.0,2,10.0,True,21
Poplar Springs Elementary,ok,Stokes,Regular School,None, ,36.29176599500588,-80.32709750997037,12241.4,0,0.0,False,21
Oak Grove Middle School,ok,Davidson,Regular School,None,Traditional,35.94137691867325,-80.16293674714231,7997.1,0,0.0,False,21
Yadkin Valley Regional Career Academy,ok,Davidson,Regular School,Cooperative Innovative HS,Traditional,35.81668836350109,-80.18918848783427,12648.0,0,0.0,False,21
McNair Elementary,ok,Guilford,Regular School,None,Traditional,36.16092832930081,-79.7725119509869,1958.7,0,0.0,True,21
STEM Early College at NC A&T,ok,Guilford,Regular School,Cooperative Innovative HS,Modified,36.07757004372964,-79.77343407061007,278.7,25,42.2,True,21
Rolesville Middle School,ok,Wake,Regular School,None,Year Round,35.91573249985352,-78.4802035235404,24191.6,0,0.0,False,21
Richland Creek Elementary,ok,Wake,Regular School,None,Traditional,35.985466785481904,-78.49850473739768,26657.6,0,0.0,False,21
Wake Young Men's Leadership Academy,ok,Wake,Regular School,None, ,35.78817014612206,-78.63774080507157,6181.7,0,0.0,False,21
Wake Young Women's Leadership Academy,ok,Wake,Regular School,None, ,35.78817014612206,-78.63774080507157,6181.7,0,0.0,False,21
Lucas Middle,ok,Durham,Regular School,None, ,36.10797368857101,-78.88526451188618,2417.2,0,0.0,True,21
Gaston Middle,ok,Northampton,Regular School,None, ,36.51060376198949,-77.6521031776804,51891.0,0,0.0,False,21
Weldon High,ok,Halifax,Regular School,None,Traditional,36.41320518753187,-77.61079282556986,42212.5,0,0.0,False,21
Garinger High,ok,Mecklenburg,Regular School,None, ,35.24115127230615,-80.77928628561064,8367.4,0,0.0,False,21
Reid Ross Classical Middle,ok,Cumberland,Regular School,None, ,35.10159944877175,-78.87772408805485,67998.2,0,0.0,False,21
New Century International Middle,ok,Cumberland,Regular School,None, ,35.012589018515236,-79.04066829796258,79668.5,0,0.0,False,21
D.C. Virgo  Preparatory Academy,ok,New Hanover,Regular School,None,Traditional,34.249710001677684,-77.94080121563954,12.9,14,23.4,True,21
Greene County Intermediate,ok,Greene,Regular School,None,Traditional,35.49131823622299,-77.66671962746825,25109.3,0,0.0,False,21
Wolfe School,review_recommended,Union,Exceptional Children,None,Year Round,34.970364597880994,-80.5673620600971,41172.3,0,0.0,False,21
