shape_id,shape_pt_lat,shape_pt_lon,shape_pt_sequence
1,35.12241,-77.08353,0
1,35.12145,-77.08248,1
1,35.12117,-77.08218,2
1,35.12091,-77.08189,3
1,35.12078,-77.08174,4
1,35.12074,-77.0817,5
1,35.1204,-77.08134,6
1,35.12018,-77.08109,7
1,35.12013,-77.08102,8
1,35.11999,-77.08085,9
1,35.11988,-77.08068,10
1,35.11973,-77.08043,11
1,35.11942,-77.07987,12
1,35.11894,-77.079,13
1,35.11891,-77.07895,14
1,35.11854,-77.07829,15
1,35.11816,-77.07761,16
1,35.11769,-77.07676,17
1,35.11747,-77.07637,18
1,35.11685,-77.07526,19
1,35.1163,-77.07425,20
1,35.11628,-77.07421,21
1,35.11599,-77.07367,22
1,35.11569,-77.07317,23
1,35.11543,-77.07272,24
1,35.11503,-77.07199,25
1,35.11471,-77.07142,26
1,35.1146,-77.07121,27
1,35.11456,-77.07115,28
1,35.11446,-77.07096,29
1,35.11427,-77.07061,30
1,35.11401,-77.07015,31
1,35.11379,-77.06977,32
1,35.11373,-77.06965,33
1,35.11348,-77.06921,34
1,35.11343,-77.06912,35
1,35.11331,-77.0689,36
1,35.11287,-77.06812,37
1,35.11254,-77.06751,38
1,35.1122,-77.06687,39
1,35.11217,-77.0668,40
1,35.11188,-77.06627,41
1,35.11148,-77.06559,42
1,35.1112,-77.06512,43
1,35.11101,-77.06474,44
1,35.11056,-77.0645,45
1,35.1104,-77.06442,46
1,35.11041,-77.06412,47
1,35.11041,-77.06403,48
1,35.11039,-77.06372,49
1,35.11036,-77.06353,50
1,35.11034,-77.06335,51
1,35.11032,-77.06319,52
1,35.11031,-77.06309,53
1,35.11025,-77.06266,54
1,35.11018,-77.06217,55
1,35.11014,-77.06196,56
1,35.11003,-77.06131,57
1,35.11,-77.06116,58
1,35.10995,-77.06084,59
1,35.10985,-77.0603,60
1,35.10969,-77.05945,61
1,35.10961,-77.05903,62
1,35.10947,-77.05824,63
1,35.10947,-77.05805,64
1,35.10943,-77.05779,65
1,35.10934,-77.0573,66
1,35.10933,-77.05726,67
1,35.10929,-77.05708,68
1,35.1092,-77.05659,69
1,35.10913,-77.0563,70
1,35.10894,-77.05535,71
1,35.10889,-77.05507,72
1,35.10873,-77.0543,73
1,35.1086,-77.05363,74
1,35.10852,-77.05319,75
1,35.10846,-77.05311,76
1,35.10832,-77.05238,77
1,35.10827,-77.05204,78
1,35.10825,-77.05191,79
1,35.10822,-77.05162,80
1,35.10822,-77.0516,81
1,35.10822,-77.05154,82
1,35.10818,-77.05099,83
1,35.10818,-77.05083,84
1,35.10816,-77.05019,85
1,35.10815,-77.04976,86
1,35.10814,-77.04921,87
1,35.10821,-77.04915,88
1,35.10876,-77.0492,89
1,35.10879,-77.0492,90
1,35.10893,-77.04922,91
1,35.10938,-77.04926,92
1,35.10951,-77.04927,93
1,35.11038,-77.04934,94
1,35.11053,-77.04935,95
1,35.11087,-77.04936,96
1,35.11142,-77.04935,97
1,35.1119,-77.04937,98
1,35.1119,-77.04969,99
1,35.1119,-77.05,100
1,35.11189,-77.05029,101
1,35.11189,-77.05068,102
1,35.11187,-77.05116,103
1,35.11187,-77.05136,104
1,35.11187,-77.05153,105
1,35.11188,-77.05195,106
1,35.11186,-77.05248,107
1,35.11185,-77.05312,108
1,35.11191,-77.05381,109
1,35.11196,-77.05451,110
1,35.11196,-77.05454,111
1,35.11196,-77.05457,112
1,35.11196,-77.0546,113
1,35.11194,-77.05463,114
1,35.11119,-77.05475,115
1,35.11194,-77.05463,116
1,35.11196,-77.0546,117
1,35.11196,-77.05457,118
1,35.11196,-77.05454,119
1,35.11196,-77.05451,120
1,35.11191,-77.05381,121
1,35.11185,-77.05312,122
1,35.11244,-77.05318,123
1,35.11255,-77.05319,124
1,35.11278,-77.05321,125
1,35.11313,-77.05327,126
1,35.11331,-77.05332,127
1,35.11344,-77.05335,128
1,35.11349,-77.05336,129
1,35.11373,-77.05343,130
1,35.11406,-77.05356,131
1,35.11418,-77.05359,132
1,35.11443,-77.05365,133
1,35.11454,-77.05358,134
1,35.11523,-77.05242,135
1,35.11558,-77.05276,136
1,35.11643,-77.05357,137
1,35.11558,-77.05276,138
1,35.11523,-77.05242,139
1,35.11574,-77.05162,140
1,35.11583,-77.05149,141
1,35.116,-77.05123,142
1,35.11616,-77.05094,143
1,35.11634,-77.05064,144
1,35.11643,-77.05049,145
1,35.1166,-77.05022,146
1,35.11677,-77.04991,147
1,35.11644,-77.04959,148
1,35.11547,-77.04857,149
1,35.11479,-77.0479,150
1,35.11459,-77.04779,151
1,35.11462,-77.04699,152
1,35.1146,-77.04686,153
1,35.11461,-77.04635,154
1,35.11461,-77.04616,155
1,35.11501,-77.04618,156
1,35.11527,-77.04617,157
1,35.11557,-77.04577,158
1,35.11564,-77.04566,159
1,35.11583,-77.04538,160
1,35.11514,-77.04481,161
1,35.11504,-77.04473,162
1,35.11492,-77.04464,163
1,35.11482,-77.04457,164
1,35.11476,-77.04454,165
1,35.11466,-77.04452,166
1,35.11424,-77.0445,167
1,35.11369,-77.04448,168
1,35.11351,-77.04447,169
1,35.11333,-77.04447,170
1,35.11199,-77.04443,171
1,35.11088,-77.0444,172
1,35.11056,-77.04439,173
1,35.10968,-77.04437,174
1,35.10919,-77.04435,175
1,35.10909,-77.04435,176
1,35.10879,-77.04434,177
1,35.10878,-77.04434,178
1,35.10835,-77.04433,179
1,35.10836,-77.04406,180
1,35.1084,-77.04285,181
1,35.10845,-77.04129,182
1,35.10845,-77.04119,183
1,35.10844,-77.04118,184
1,35.10834,-77.04041,185
1,35.10824,-77.03963,186
1,35.10814,-77.03888,187
1,35.10802,-77.03801,188
1,35.10767,-77.03809,189
1,35.10762,-77.0381,190
1,35.10756,-77.03812,191
1,35.10749,-77.03813,192
1,35.10734,-77.03816,193
1,35.10719,-77.03819,194
1,35.10713,-77.0382,195
1,35.10701,-77.03822,196
1,35.10679,-77.03825,197
1,35.10666,-77.03827,198
1,35.10683,-77.03964,199
1,35.10686,-77.03979,200
1,35.10687,-77.03989,201
1,35.107,-77.04092,202
1,35.10701,-77.04101,203
1,35.10703,-77.04114,204
1,35.10703,-77.04118,205
1,35.10707,-77.04145,206
1,35.10708,-77.04145,207
1,35.10708,-77.04147,208
1,35.10708,-77.04151,209
1,35.10708,-77.04165,210
1,35.10708,-77.04197,211
1,35.10707,-77.0423,212
1,35.10707,-77.04232,213
1,35.10707,-77.04237,214
1,35.10705,-77.04263,215
1,35.10705,-77.04264,216
1,35.10703,-77.04316,217
1,35.10699,-77.0443,218
1,35.10696,-77.0448,219
1,35.10692,-77.04578,220
1,35.10689,-77.04643,221
1,35.10685,-77.04763,222
1,35.10684,-77.04807,223
1,35.10676,-77.04811,224
1,35.10672,-77.04812,225
1,35.10667,-77.04812,226
1,35.10649,-77.04806,227
1,35.10643,-77.04801,228
1,35.10632,-77.04793,229
1,35.10617,-77.04783,230
1,35.10599,-77.04817,231
1,35.10617,-77.04783,232
1,35.10581,-77.04756,233
1,35.10574,-77.04751,234
1,35.10555,-77.04737,235
1,35.10545,-77.04754,236
1,35.10522,-77.04801,237
1,35.10491,-77.04864,238
1,35.10486,-77.04876,239
1,35.10483,-77.04883,240
1,35.10479,-77.04893,241
1,35.10471,-77.04924,242
1,35.10455,-77.04991,243
1,35.10455,-77.04998,244
1,35.10453,-77.05002,245
1,35.10444,-77.0505,246
1,35.10431,-77.05113,247
1,35.10423,-77.05157,248
1,35.10421,-77.05192,249
1,35.10418,-77.05235,250
1,35.10416,-77.05268,251
1,35.10413,-77.05323,252
1,35.10408,-77.05405,253
1,35.10403,-77.05478,254
1,35.10402,-77.05479,255
1,35.10401,-77.05485,256
1,35.104,-77.05489,257
1,35.10405,-77.05508,258
1,35.10397,-77.05514,259
1,35.10387,-77.05521,260
1,35.1038,-77.05529,261
1,35.10371,-77.05539,262
1,35.10349,-77.05567,263
1,35.10328,-77.05594,264
1,35.10304,-77.05626,265
1,35.10266,-77.05674,266
1,35.10219,-77.05733,267
1,35.10195,-77.05764,268
1,35.10201,-77.05789,269
1,35.10202,-77.05797,270
1,35.10203,-77.05807,271
1,35.10204,-77.05816,272
1,35.10204,-77.0582,273
1,35.10205,-77.05825,274
1,35.10204,-77.05838,275
1,35.10203,-77.05849,276
1,35.102,-77.05865,277
1,35.10197,-77.05882,278
1,35.10177,-77.05975,279
1,35.1017,-77.06013,280
1,35.10165,-77.06034,281
1,35.10161,-77.06059,282
1,35.10158,-77.06077,283
1,35.10157,-77.06081,284
1,35.10155,-77.06098,285
1,35.10155,-77.0611,286
1,35.10154,-77.06117,287
1,35.10152,-77.06145,288
1,35.10151,-77.06176,289
1,35.10151,-77.06204,290
1,35.10149,-77.06239,291
1,35.10148,-77.06266,292
1,35.10146,-77.06295,293
1,35.10145,-77.06308,294
1,35.10143,-77.06327,295
1,35.1014,-77.06356,296
1,35.10137,-77.06388,297
1,35.10136,-77.06395,298
1,35.10132,-77.06421,299
1,35.10129,-77.06441,300
1,35.10129,-77.06447,301
1,35.10126,-77.06466,302
1,35.10123,-77.06479,303
1,35.10121,-77.06491,304
1,35.10116,-77.06515,305
1,35.10114,-77.06528,306
1,35.1011,-77.06543,307
1,35.10104,-77.06563,308
1,35.10101,-77.0658,309
1,35.10095,-77.06612,310
1,35.10086,-77.06656,311
1,35.10021,-77.06985,312
1,35.10007,-77.07056,313
1,35.0998,-77.07198,314
1,35.09977,-77.07214,315
1,35.09975,-77.07228,316
1,35.09973,-77.07238,317
1,35.0997,-77.07258,318
1,35.09968,-77.07273,319
1,35.09966,-77.07288,320
1,35.09964,-77.07306,321
1,35.09963,-77.07319,322
1,35.09961,-77.07349,323
1,35.0996,-77.0738,324
1,35.09959,-77.0741,325
1,35.0996,-77.0744,326
1,35.0996,-77.07445,327
1,35.0996,-77.07457,328
1,35.09961,-77.07467,329
1,35.09961,-77.0747,330
1,35.09963,-77.07501,331
1,35.09965,-77.0753,332
1,35.09969,-77.07559,333
1,35.09973,-77.07586,334
1,35.09977,-77.07614,335
1,35.0998,-77.0763,336
1,35.09983,-77.07642,337
1,35.09986,-77.07657,338
1,35.0999,-77.07675,339
1,35.09993,-77.07689,340
1,35.09997,-77.07702,341
1,35.10001,-77.07716,342
1,35.10005,-77.07731,343
1,35.1001,-77.07746,344
1,35.10016,-77.07765,345
1,35.10029,-77.078,346
1,35.10034,-77.07816,347
1,35.10042,-77.07835,348
1,35.10055,-77.07867,349
1,35.10062,-77.07882,350
1,35.10069,-77.07896,351
1,35.10081,-77.07918,352
1,35.10093,-77.07942,353
1,35.10104,-77.07961,354
1,35.10114,-77.07978,355
1,35.10129,-77.08001,356
1,35.10131,-77.08002,357
1,35.10133,-77.08003,358
1,35.10135,-77.08005,359
1,35.10147,-77.08021,360
1,35.10156,-77.08032,361
1,35.10167,-77.08047,362
1,35.10172,-77.08054,363
1,35.10178,-77.08062,364
1,35.10182,-77.08068,365
1,35.10198,-77.0809,366
1,35.10228,-77.08127,367
1,35.10249,-77.08154,368
1,35.10269,-77.08178,369
1,35.10277,-77.08187,370
1,35.10292,-77.08205,371
1,35.10302,-77.08217,372
1,35.10304,-77.08219,373
1,35.10313,-77.08229,374
1,35.10371,-77.08285,375
1,35.10373,-77.08287,376
1,35.10417,-77.0832,377
1,35.10429,-77.08329,378
1,35.10442,-77.08346,379
1,35.10411,-77.08427,380
1,35.10403,-77.08447,381
1,35.104,-77.08456,382
1,35.10373,-77.08527,383
1,35.10347,-77.08596,384
1,35.10334,-77.08632,385
1,35.10319,-77.08674,386
1,35.10303,-77.08718,387
1,35.10288,-77.08759,388
1,35.10284,-77.0877,389
1,35.10265,-77.08759,390
1,35.10231,-77.08742,391
1,35.10224,-77.08741,392
1,35.1022,-77.08741,393
1,35.10215,-77.08742,394
1,35.10209,-77.08746,395
1,35.10202,-77.08763,396
1,35.10193,-77.08759,397
1,35.10135,-77.08726,398
1,35.10132,-77.08732,399
1,35.10135,-77.08726,400
1,35.10193,-77.08759,401
1,35.10202,-77.08763,402
1,35.10209,-77.08746,403
1,35.10215,-77.0873,404
1,35.10218,-77.08723,405
1,35.10269,-77.0875,406
1,35.10288,-77.08759,407
1,35.10284,-77.0877,408
1,35.10224,-77.08925,409
1,35.10195,-77.09001,410
1,35.10169,-77.09069,411
1,35.10161,-77.09092,412
1,35.10135,-77.09159,413
1,35.10117,-77.09207,414
1,35.101,-77.09251,415
1,35.10088,-77.09284,416
1,35.1007,-77.09329,417
1,35.10034,-77.09426,418
1,35.09995,-77.09528,419
1,35.10038,-77.09533,420
1,35.10067,-77.09536,421
1,35.10074,-77.09537,422
1,35.10104,-77.09537,423
1,35.10162,-77.09539,424
1,35.10171,-77.09539,425
1,35.102,-77.09539,426
1,35.10236,-77.09541,427
1,35.10254,-77.09543,428
1,35.10252,-77.09567,429
1,35.10235,-77.09722,430
1,35.10205,-77.09719,431
1,35.10141,-77.09713,432
1,35.10062,-77.09705,433
1,35.1006,-77.09724,434
1,35.1006,-77.09736,435
1,35.10023,-77.09732,436
1,35.10015,-77.09731,437
1,35.10005,-77.09729,438
1,35.10005,-77.09731,439
1,35.09997,-77.09804,440
1,35.09995,-77.09812,441
1,35.09993,-77.09815,442
1,35.09999,-77.09818,443
1,35.09999,-77.09819,444
1,35.09996,-77.09861,445
1,35.09994,-77.09887,446
1,35.09989,-77.099,447
1,35.09983,-77.09917,448
1,35.09982,-77.09927,449
1,35.09955,-77.09922,450
1,35.09934,-77.09921,451
1,35.09893,-77.09914,452
1,35.09891,-77.09914,453
1,35.09885,-77.09916,454
1,35.09881,-77.0992,455
1,35.09879,-77.09925,456
1,35.09878,-77.09928,457
1,35.09876,-77.09947,458
2,35.12241,-77.08353,0
2,35.12279,-77.08393,1
2,35.12351,-77.08472,2
2,35.12393,-77.08518,3
2,35.12405,-77.08531,4
2,35.12423,-77.08552,5
2,35.12427,-77.08556,6
2,35.12447,-77.08578,7
2,35.12464,-77.08596,8
2,35.12494,-77.08627,9
2,35.12534,-77.0867,10
2,35.12538,-77.08676,11
2,35.12544,-77.08682,12
2,35.12552,-77.0869,13
2,35.12571,-77.08711,14
2,35.12588,-77.0873,15
2,35.1261,-77.08754,16
2,35.12649,-77.08797,17
2,35.12756,-77.08913,18
2,35.12775,-77.08933,19
2,35.12803,-77.08961,20
2,35.12815,-77.08976,21
2,35.12892,-77.09053,22
2,35.12976,-77.09134,23
2,35.13045,-77.09203,24
2,35.13093,-77.0925,25
2,35.13166,-77.09322,26
2,35.13188,-77.09344,27
2,35.13225,-77.09381,28
2,35.13237,-77.09393,29
2,35.13292,-77.09447,30
2,35.13372,-77.09527,31
2,35.1343,-77.09584,32
2,35.13475,-77.09627,33
2,35.13489,-77.09639,34
2,35.13522,-77.09671,35
2,35.13543,-77.09692,36
2,35.13545,-77.09693,37
2,35.13595,-77.0974,38
2,35.13615,-77.09759,39
2,35.13629,-77.09774,40
2,35.13691,-77.09839,41
2,35.1372,-77.09868,42
2,35.13753,-77.09903,43
2,35.1378,-77.09932,44
2,35.13819,-77.09973,45
2,35.13866,-77.10022,46
2,35.13881,-77.10038,47
2,35.13893,-77.10051,48
2,35.13932,-77.10091,49
2,35.13963,-77.10124,50
2,35.14005,-77.10165,51
2,35.14053,-77.10213,52
2,35.14074,-77.10166,53
2,35.14103,-77.10106,54
2,35.14116,-77.10078,55
2,35.14119,-77.10069,56
2,35.14121,-77.10062,57
2,35.14126,-77.10052,58
2,35.14136,-77.10028,59
2,35.14172,-77.09951,60
2,35.1418,-77.09934,61
2,35.14172,-77.09951,62
2,35.14136,-77.10028,63
2,35.14126,-77.10052,64
2,35.14121,-77.10062,65
2,35.14119,-77.10069,66
2,35.14116,-77.10078,67
2,35.14103,-77.10106,68
2,35.14074,-77.10166,69
2,35.14053,-77.10213,70
2,35.14005,-77.10165,71
2,35.13963,-77.10124,72
2,35.13932,-77.10091,73
2,35.13893,-77.10051,74
2,35.13881,-77.10038,75
2,35.13866,-77.10022,76
2,35.13819,-77.09973,77
2,35.1378,-77.09932,78
2,35.13753,-77.09903,79
2,35.1372,-77.09868,80
2,35.13691,-77.09839,81
2,35.13629,-77.09774,82
2,35.13615,-77.09759,83
2,35.13595,-77.0974,84
2,35.13545,-77.09693,85
2,35.13543,-77.09692,86
2,35.13522,-77.09671,87
2,35.13489,-77.09639,88
2,35.13475,-77.09627,89
2,35.1343,-77.09584,90
2,35.13372,-77.09527,91
2,35.13292,-77.09447,92
2,35.13237,-77.09393,93
2,35.13177,-77.09424,94
2,35.13147,-77.0944,95
2,35.13097,-77.09466,96
2,35.13064,-77.09483,97
2,35.13031,-77.09501,98
2,35.12982,-77.09527,99
2,35.12978,-77.09529,100
2,35.12968,-77.09533,101
2,35.12953,-77.09541,102
2,35.12939,-77.09548,103
2,35.12905,-77.09564,104
2,35.12838,-77.09597,105
2,35.12822,-77.09604,106
2,35.12805,-77.09613,107
2,35.12795,-77.09618,108
2,35.12738,-77.09645,109
2,35.12712,-77.09661,110
2,35.12709,-77.09663,111
2,35.12684,-77.09676,112
2,35.12669,-77.09682,113
2,35.1264,-77.09698,114
2,35.12609,-77.09714,115
2,35.1263,-77.09764,116
2,35.12646,-77.09791,117
2,35.12676,-77.09844,118
2,35.12687,-77.09863,119
2,35.12752,-77.09968,120
2,35.12773,-77.10003,121
2,35.1278,-77.10019,122
2,35.12781,-77.10025,123
2,35.12781,-77.10029,124
2,35.12782,-77.10033,125
2,35.12782,-77.10036,126
2,35.1278,-77.1017,127
2,35.12779,-77.10321,128
2,35.12778,-77.10346,129
2,35.12777,-77.10396,130
2,35.1277,-77.1044,131
2,35.12764,-77.1047,132
2,35.1276,-77.10497,133
2,35.1266,-77.10461,134
2,35.12615,-77.1045,135
2,35.12586,-77.10443,136
2,35.12567,-77.10442,137
2,35.12569,-77.10374,138
2,35.1257,-77.10366,139
2,35.12571,-77.10354,140
2,35.12574,-77.1033,141
2,35.1258,-77.1032,142
2,35.12581,-77.10318,143
2,35.12587,-77.1031,144
2,35.12581,-77.10318,145
2,35.1258,-77.1032,146
2,35.12574,-77.1033,147
2,35.12571,-77.10354,148
2,35.1257,-77.10366,149
2,35.12569,-77.10374,150
2,35.12567,-77.10442,151
2,35.12562,-77.10442,152
2,35.12553,-77.10442,153
2,35.12551,-77.10442,154
2,35.12532,-77.10445,155
2,35.12506,-77.10459,156
2,35.12475,-77.10488,157
2,35.12447,-77.1051,158
2,35.12386,-77.10562,159
2,35.12366,-77.10531,160
2,35.1231,-77.1044,161
2,35.12305,-77.10433,162
2,35.12285,-77.10403,163
2,35.12263,-77.10373,164
2,35.12251,-77.10352,165
2,35.12207,-77.10284,166
2,35.12198,-77.10268,167
2,35.12182,-77.10241,168
2,35.12164,-77.10208,169
2,35.12162,-77.10203,170
2,35.12155,-77.10188,171
2,35.12146,-77.10162,172
2,35.12144,-77.10159,173
2,35.12141,-77.10152,174
2,35.12106,-77.1009,175
2,35.12078,-77.10044,176
2,35.12062,-77.10019,177
2,35.12049,-77.09999,178
2,35.12044,-77.09993,179
2,35.12051,-77.0999,180
2,35.12151,-77.09942,181
2,35.12207,-77.09914,182
2,35.1222,-77.09908,183
2,35.12256,-77.0989,184
2,35.12341,-77.09848,185
2,35.12303,-77.09737,186
2,35.12266,-77.09625,187
2,35.12255,-77.09593,188
2,35.12249,-77.09563,189
2,35.12247,-77.09524,190
2,35.12247,-77.09519,191
2,35.12252,-77.09485,192
2,35.12256,-77.09467,193
2,35.1226,-77.09451,194
2,35.12274,-77.09393,195
2,35.12285,-77.09353,196
2,35.12291,-77.09342,197
2,35.12311,-77.0931,198
2,35.12328,-77.09287,199
2,35.12334,-77.09278,200
2,35.12367,-77.09231,201
2,35.12404,-77.09181,202
2,35.12424,-77.09157,203
2,35.12445,-77.09141,204
2,35.1247,-77.0913,205
2,35.12486,-77.09128,206
2,35.12499,-77.09127,207
2,35.12533,-77.09126,208
2,35.12535,-77.09125,209
2,35.12554,-77.09124,210
2,35.12565,-77.09123,211
2,35.12594,-77.09113,212
2,35.12619,-77.09096,213
2,35.12623,-77.09091,214
2,35.12639,-77.09071,215
2,35.12655,-77.0905,216
2,35.12682,-77.09012,217
2,35.12708,-77.08976,218
2,35.12726,-77.08952,219
2,35.12756,-77.08913,220
2,35.12649,-77.08797,221
2,35.1261,-77.08754,222
2,35.12588,-77.0873,223
2,35.12551,-77.08782,224
2,35.12564,-77.08794,225
2,35.12536,-77.08831,226
2,35.12543,-77.08839,227
2,35.12536,-77.08831,228
2,35.12524,-77.08819,229
2,35.125,-77.08852,230
2,35.12485,-77.08871,231
2,35.12482,-77.08862,232
2,35.12478,-77.08856,233
2,35.12476,-77.08851,234
2,35.12475,-77.0885,235
2,35.12474,-77.08848,236
2,35.12469,-77.08841,237
2,35.12449,-77.0882,238
2,35.12437,-77.08807,239
2,35.1243,-77.088,240
2,35.12402,-77.08768,241
2,35.12398,-77.08764,242
2,35.12389,-77.08753,243
2,35.12379,-77.08736,244
2,35.12372,-77.08738,245
2,35.1237,-77.0874,246
2,35.12357,-77.08744,247
2,35.1235,-77.08746,248
2,35.12326,-77.08752,249
2,35.12302,-77.08758,250
2,35.12286,-77.08763,251
2,35.1227,-77.08769,252
2,35.12255,-77.08775,253
2,35.12241,-77.08783,254
2,35.12238,-77.08785,255
2,35.12228,-77.08791,256
2,35.12219,-77.08798,257
2,35.12211,-77.08805,258
2,35.12174,-77.08843,259
2,35.12103,-77.08914,260
2,35.12006,-77.09008,261
2,35.11989,-77.09024,262
2,35.11975,-77.09037,263
2,35.11935,-77.09076,264
2,35.11925,-77.09086,265
2,35.11921,-77.0909,266
2,35.11848,-77.0916,267
2,35.1184,-77.09167,268
2,35.11801,-77.09205,269
2,35.11738,-77.09266,270
2,35.1171,-77.09293,271
2,35.11655,-77.09348,272
2,35.11607,-77.09394,273
2,35.1158,-77.0942,274
2,35.11497,-77.09499,275
2,35.11441,-77.09553,276
2,35.1142,-77.09573,277
2,35.11407,-77.09585,278
2,35.11384,-77.09607,279
2,35.11366,-77.09624,280
2,35.1135,-77.0964,281
2,35.11336,-77.09654,282
2,35.11288,-77.09701,283
2,35.11267,-77.09721,284
2,35.1126,-77.09728,285
2,35.11259,-77.0973,286
2,35.11248,-77.0974,287
2,35.11229,-77.09758,288
2,35.11178,-77.09804,289
2,35.11146,-77.09834,290
2,35.11113,-77.09866,291
2,35.11058,-77.09915,292
2,35.1105,-77.09922,293
2,35.11043,-77.09927,294
2,35.11025,-77.0994,295
2,35.10996,-77.09958,296
2,35.10973,-77.0997,297
2,35.10946,-77.09982,298
2,35.10939,-77.09985,299
2,35.10929,-77.09989,300
2,35.10926,-77.0999,301
2,35.10912,-77.09995,302
2,35.10883,-77.10004,303
2,35.10868,-77.10007,304
2,35.10835,-77.10013,305
2,35.10811,-77.10016,306
2,35.10802,-77.10017,307
2,35.10768,-77.10019,308
2,35.10754,-77.10019,309
2,35.10751,-77.10019,310
2,35.107,-77.10014,311
2,35.10689,-77.10013,312
2,35.10663,-77.1001,313
2,35.10659,-77.10009,314
2,35.10635,-77.10005,315
2,35.10603,-77.1,316
2,35.10596,-77.09999,317
2,35.10566,-77.09994,318
2,35.10562,-77.09994,319
2,35.105,-77.09984,320
2,35.10458,-77.09977,321
2,35.10438,-77.09973,322
2,35.1042,-77.09971,323
2,35.10416,-77.0997,324
2,35.10403,-77.09968,325
2,35.10374,-77.09963,326
2,35.1036,-77.09961,327
2,35.10323,-77.09955,328
2,35.10319,-77.09954,329
2,35.10297,-77.0995,330
2,35.10241,-77.09941,331
2,35.10204,-77.09935,332
2,35.10198,-77.09934,333
2,35.10141,-77.09924,334
2,35.10127,-77.09922,335
2,35.10013,-77.09904,336
2,35.09989,-77.099,337
2,35.09985,-77.099,338
2,35.09937,-77.09891,339
2,35.09935,-77.09916,340
2,35.09934,-77.09921,341
2,35.09893,-77.09914,342
2,35.09891,-77.09914,343
2,35.09885,-77.09916,344
2,35.09881,-77.0992,345
2,35.09879,-77.09925,346
2,35.09878,-77.09928,347
2,35.09876,-77.09947,348
2,35.09878,-77.09928,349
2,35.09879,-77.09925,350
2,35.09881,-77.0992,351
2,35.09885,-77.09916,352
2,35.09891,-77.09914,353
2,35.09893,-77.09914,354
2,35.09934,-77.09921,355
2,35.09935,-77.09916,356
2,35.09937,-77.09891,357
2,35.09985,-77.099,358
2,35.09989,-77.099,359
2,35.09994,-77.09887,360
2,35.09996,-77.09861,361
2,35.09999,-77.09819,362
2,35.09999,-77.09818,363
2,35.09993,-77.09815,364
2,35.09995,-77.09812,365
2,35.09997,-77.09804,366
2,35.10005,-77.09731,367
2,35.10005,-77.09729,368
2,35.10015,-77.09731,369
2,35.10023,-77.09732,370
2,35.1006,-77.09736,371
2,35.1006,-77.09724,372
2,35.10062,-77.09705,373
2,35.10141,-77.09713,374
2,35.10205,-77.09719,375
2,35.10235,-77.09722,376
2,35.10252,-77.09567,377
2,35.10254,-77.09543,378
2,35.10236,-77.09541,379
2,35.102,-77.09539,380
2,35.10171,-77.09539,381
2,35.10162,-77.09539,382
2,35.10104,-77.09537,383
2,35.10074,-77.09537,384
2,35.10067,-77.09536,385
2,35.10038,-77.09533,386
2,35.09995,-77.09528,387
2,35.09978,-77.09525,388
2,35.10009,-77.09442,389
2,35.1005,-77.09332,390
2,35.10075,-77.09264,391
2,35.10102,-77.09192,392
2,35.10139,-77.09095,393
2,35.10142,-77.09088,394
2,35.10177,-77.08997,395
2,35.10211,-77.08907,396
2,35.10212,-77.08903,397
2,35.10228,-77.08858,398
2,35.10242,-77.0882,399
2,35.10265,-77.08759,400
2,35.10231,-77.08742,401
2,35.10224,-77.08741,402
2,35.1022,-77.08741,403
2,35.10215,-77.08742,404
2,35.10209,-77.08746,405
2,35.10202,-77.08763,406
2,35.10193,-77.08759,407
2,35.10135,-77.08726,408
2,35.10132,-77.08732,409
2,35.10135,-77.08726,410
2,35.10193,-77.08759,411
2,35.10202,-77.08763,412
2,35.10209,-77.08746,413
2,35.10215,-77.0873,414
2,35.10218,-77.08723,415
2,35.10269,-77.0875,416
2,35.10328,-77.08593,417
2,35.10347,-77.08544,418
2,35.1036,-77.08511,419
2,35.10388,-77.08437,420
2,35.10399,-77.08408,421
2,35.10405,-77.08392,422
2,35.10429,-77.08329,423
2,35.10445,-77.08285,424
2,35.10472,-77.08213,425
2,35.1048,-77.08193,426
2,35.10488,-77.08173,427
2,35.10508,-77.08119,428
2,35.10516,-77.081,429
2,35.10539,-77.08037,430
2,35.10613,-77.0784,431
2,35.10649,-77.07743,432
2,35.10689,-77.07638,433
2,35.10752,-77.07471,434
2,35.10765,-77.07437,435
2,35.10838,-77.07244,436
2,35.10854,-77.07201,437
2,35.1087,-77.0716,438
2,35.10891,-77.07103,439
2,35.10909,-77.07055,440
2,35.10911,-77.07049,441
2,35.10928,-77.07,442
2,35.10936,-77.06976,443
2,35.10944,-77.0695,444
2,35.10948,-77.06939,445
2,35.10957,-77.06908,446
2,35.10975,-77.06842,447
2,35.10988,-77.06788,448
2,35.10998,-77.0674,449
2,35.11012,-77.06669,450
2,35.11019,-77.06627,451
2,35.11026,-77.06585,452
2,35.1103,-77.06555,453
2,35.11034,-77.06516,454
2,35.11039,-77.06463,455
2,35.1104,-77.06442,456
2,35.11041,-77.06412,457
2,35.11041,-77.06403,458
2,35.11039,-77.06372,459
2,35.11036,-77.06353,460
2,35.11034,-77.06335,461
2,35.11032,-77.06319,462
2,35.11031,-77.06309,463
2,35.11025,-77.06266,464
2,35.11018,-77.06217,465
2,35.11014,-77.06196,466
2,35.11003,-77.06131,467
2,35.11,-77.06116,468
2,35.10995,-77.06084,469
2,35.10985,-77.0603,470
2,35.10969,-77.05945,471
2,35.10961,-77.05903,472
2,35.10947,-77.05824,473
2,35.10947,-77.05805,474
2,35.10943,-77.05779,475
2,35.10934,-77.0573,476
2,35.10933,-77.05726,477
2,35.10929,-77.05708,478
2,35.1092,-77.05659,479
2,35.10913,-77.0563,480
2,35.10894,-77.05535,481
2,35.10889,-77.05507,482
2,35.10873,-77.0543,483
2,35.1086,-77.05363,484
2,35.10852,-77.05319,485
2,35.10846,-77.05311,486
2,35.10832,-77.05238,487
2,35.10827,-77.05204,488
2,35.10825,-77.05191,489
2,35.10822,-77.05162,490
2,35.10822,-77.0516,491
2,35.10822,-77.05154,492
2,35.10818,-77.05099,493
2,35.10818,-77.05083,494
2,35.10816,-77.05019,495
2,35.10815,-77.04976,496
2,35.10814,-77.04921,497
2,35.10821,-77.04915,498
2,35.10876,-77.0492,499
2,35.10879,-77.0492,500
2,35.10893,-77.04922,501
2,35.10938,-77.04926,502
2,35.10951,-77.04927,503
2,35.11038,-77.04934,504
2,35.11053,-77.04935,505
2,35.11087,-77.04936,506
2,35.11142,-77.04935,507
2,35.1119,-77.04937,508
2,35.1119,-77.04969,509
2,35.1119,-77.05,510
2,35.11189,-77.05029,511
2,35.11189,-77.05068,512
2,35.11187,-77.05116,513
2,35.11187,-77.05136,514
2,35.11187,-77.05153,515
2,35.11188,-77.05195,516
2,35.11186,-77.05248,517
2,35.11185,-77.05312,518
2,35.11191,-77.05381,519
2,35.11196,-77.05451,520
2,35.11196,-77.05454,521
2,35.11196,-77.05457,522
2,35.11196,-77.0546,523
2,35.11194,-77.05463,524
2,35.11119,-77.05475,525
2,35.11194,-77.05463,526
2,35.11196,-77.0546,527
2,35.11196,-77.05457,528
2,35.11196,-77.05454,529
2,35.11196,-77.05451,530
2,35.11191,-77.05381,531
2,35.11185,-77.05312,532
2,35.11244,-77.05318,533
2,35.11255,-77.05319,534
2,35.11278,-77.05321,535
2,35.11313,-77.05327,536
2,35.11331,-77.05332,537
2,35.11344,-77.05335,538
2,35.11349,-77.05336,539
2,35.11373,-77.05343,540
2,35.11406,-77.05356,541
2,35.11418,-77.05359,542
2,35.11443,-77.05365,543
2,35.11454,-77.05358,544
2,35.11523,-77.05242,545
2,35.11558,-77.05276,546
2,35.11643,-77.05357,547
2,35.11558,-77.05276,548
2,35.11523,-77.05242,549
2,35.11574,-77.05162,550
2,35.11583,-77.05149,551
2,35.116,-77.05123,552
2,35.11616,-77.05094,553
2,35.11634,-77.05064,554
2,35.11643,-77.05049,555
2,35.1166,-77.05022,556
2,35.11677,-77.04991,557
2,35.11644,-77.04959,558
2,35.11547,-77.04857,559
2,35.11479,-77.0479,560
2,35.11459,-77.04779,561
2,35.11462,-77.04699,562
2,35.1146,-77.04686,563
2,35.11461,-77.04635,564
2,35.11461,-77.04616,565
2,35.11501,-77.04618,566
2,35.11527,-77.04617,567
2,35.11557,-77.04577,568
2,35.11564,-77.04566,569
2,35.11583,-77.04538,570
2,35.11514,-77.04481,571
2,35.11504,-77.04473,572
2,35.11492,-77.04464,573
2,35.11482,-77.04457,574
2,35.11476,-77.04454,575
2,35.11466,-77.04452,576
2,35.11424,-77.0445,577
2,35.11369,-77.04448,578
2,35.11351,-77.04447,579
2,35.11333,-77.04447,580
2,35.11199,-77.04443,581
2,35.11088,-77.0444,582
2,35.11056,-77.04439,583
2,35.10968,-77.04437,584
2,35.10919,-77.04435,585
2,35.10909,-77.04435,586
2,35.10879,-77.04434,587
2,35.10878,-77.04434,588
2,35.10835,-77.04433,589
2,35.10836,-77.04406,590
2,35.1084,-77.04285,591
2,35.10845,-77.04129,592
2,35.10845,-77.04119,593
2,35.10844,-77.04118,594
2,35.10834,-77.04041,595
2,35.10824,-77.03963,596
2,35.10814,-77.03888,597
2,35.10802,-77.03801,598
2,35.10767,-77.03809,599
2,35.10762,-77.0381,600
2,35.10756,-77.03812,601
2,35.10749,-77.03813,602
2,35.10734,-77.03816,603
2,35.10719,-77.03819,604
2,35.10713,-77.0382,605
2,35.10701,-77.03822,606
2,35.10679,-77.03825,607
2,35.10666,-77.03827,608
2,35.10683,-77.03964,609
2,35.10686,-77.03979,610
2,35.10687,-77.03989,611
2,35.107,-77.04092,612
2,35.10701,-77.04101,613
2,35.10703,-77.04114,614
2,35.10703,-77.04118,615
2,35.10707,-77.04145,616
2,35.10708,-77.04145,617
2,35.10708,-77.04147,618
2,35.10708,-77.04151,619
2,35.10708,-77.04165,620
2,35.10708,-77.04197,621
2,35.10707,-77.0423,622
2,35.10707,-77.04232,623
2,35.10707,-77.04237,624
2,35.10705,-77.04263,625
2,35.10705,-77.04264,626
2,35.10703,-77.04316,627
2,35.10699,-77.0443,628
2,35.10696,-77.0448,629
2,35.10692,-77.04578,630
2,35.10689,-77.04643,631
2,35.10685,-77.04763,632
2,35.10684,-77.04807,633
2,35.10676,-77.04811,634
2,35.10672,-77.04812,635
2,35.10667,-77.04812,636
2,35.10649,-77.04806,637
2,35.10643,-77.04801,638
2,35.10632,-77.04793,639
2,35.10617,-77.04783,640
2,35.10599,-77.04817,641
2,35.10617,-77.04783,642
2,35.10581,-77.04756,643
2,35.10574,-77.04751,644
2,35.10555,-77.04737,645
2,35.10545,-77.04754,646
2,35.10522,-77.04801,647
2,35.10491,-77.04864,648
2,35.10486,-77.04876,649
2,35.10483,-77.04883,650
2,35.10479,-77.04893,651
2,35.10471,-77.04924,652
2,35.10455,-77.04991,653
2,35.10455,-77.04998,654
2,35.10453,-77.05002,655
2,35.10444,-77.0505,656
2,35.10431,-77.05113,657
2,35.10423,-77.05157,658
2,35.10421,-77.05192,659
2,35.10418,-77.05235,660
2,35.10416,-77.05268,661
2,35.10413,-77.05323,662
2,35.10408,-77.05405,663
2,35.10403,-77.05478,664
2,35.10402,-77.05479,665
2,35.10401,-77.05485,666
2,35.104,-77.05489,667
2,35.10405,-77.05508,668
2,35.10414,-77.05503,669
2,35.10426,-77.05499,670
2,35.10435,-77.05496,671
2,35.10445,-77.05494,672
2,35.10459,-77.05494,673
2,35.10467,-77.05494,674
2,35.10476,-77.05495,675
2,35.10508,-77.05498,676
2,35.10528,-77.055,677
2,35.1054,-77.05501,678
2,35.1055,-77.05502,679
2,35.10601,-77.05507,680
2,35.1065,-77.05512,681
2,35.10662,-77.05513,682
2,35.10711,-77.05518,683
2,35.10737,-77.05521,684
2,35.10798,-77.05526,685
2,35.10843,-77.05531,686
2,35.10894,-77.05535,687
2,35.10913,-77.0563,688
2,35.1092,-77.05659,689
2,35.10929,-77.05708,690
2,35.10933,-77.05726,691
2,35.10934,-77.0573,692
2,35.10947,-77.05805,693
2,35.10957,-77.05821,694
2,35.10995,-77.06028,695
2,35.11019,-77.0616,696
2,35.11029,-77.0621,697
2,35.11045,-77.06298,698
2,35.11052,-77.0635,699
2,35.11052,-77.06352,700
2,35.11055,-77.06373,701
2,35.11056,-77.06393,702
2,35.11056,-77.06404,703
2,35.11056,-77.06418,704
2,35.11056,-77.0645,705
2,35.11054,-77.06475,706
2,35.1105,-77.06518,707
2,35.11048,-77.06538,708
2,35.11043,-77.06576,709
2,35.11035,-77.06633,710
2,35.1103,-77.06664,711
2,35.11029,-77.0667,712
2,35.11019,-77.06724,713
2,35.11009,-77.06776,714
2,35.10998,-77.06826,715
2,35.10989,-77.06863,716
2,35.10979,-77.069,717
2,35.10962,-77.0696,718
2,35.10955,-77.06981,719
2,35.10948,-77.07002,720
2,35.10939,-77.07029,721
2,35.10935,-77.07041,722
2,35.10919,-77.07082,723
2,35.10912,-77.071,724
2,35.10886,-77.0717,725
2,35.10845,-77.07276,726
2,35.10838,-77.07295,727
2,35.10769,-77.07478,728
2,35.10754,-77.07519,729
2,35.10716,-77.07621,730
2,35.10708,-77.07642,731
2,35.10659,-77.07771,732
2,35.1065,-77.07796,733
2,35.10623,-77.07867,734
2,35.10611,-77.079,735
2,35.10555,-77.08046,736
2,35.1054,-77.08086,737
2,35.10539,-77.08088,738
2,35.10535,-77.081,739
2,35.10525,-77.08126,740
2,35.10488,-77.08224,741
2,35.10472,-77.08269,742
2,35.10442,-77.08346,743
2,35.10411,-77.08427,744
2,35.10403,-77.08447,745
2,35.104,-77.08456,746
2,35.10373,-77.08527,747
2,35.10347,-77.08596,748
2,35.10334,-77.08632,749
2,35.10319,-77.08674,750
2,35.10303,-77.08718,751
2,35.10288,-77.08759,752
2,35.10284,-77.0877,753
2,35.10265,-77.08759,754
2,35.10231,-77.08742,755
2,35.10224,-77.08741,756
2,35.1022,-77.08741,757
2,35.10215,-77.08742,758
2,35.10209,-77.08746,759
2,35.10202,-77.08763,760
2,35.10193,-77.08759,761
2,35.10137,-77.08727,762
2,35.10135,-77.08726,763
2,35.10142,-77.08707,764
2,35.10149,-77.08688,765
2,35.10198,-77.08716,766
2,35.1021,-77.08723,767
2,35.10218,-77.08723,768
2,35.10269,-77.0875,769
2,35.10288,-77.08759,770
2,35.10284,-77.0877,771
2,35.10224,-77.08925,772
2,35.10195,-77.09001,773
2,35.10169,-77.09069,774
2,35.10161,-77.09092,775
2,35.10135,-77.09159,776
2,35.10117,-77.09207,777
2,35.101,-77.09251,778
2,35.10088,-77.09284,779
2,35.1007,-77.09329,780
2,35.10034,-77.09426,781
2,35.09995,-77.09528,782
2,35.10038,-77.09533,783
2,35.10067,-77.09536,784
2,35.10074,-77.09537,785
2,35.10104,-77.09537,786
2,35.10162,-77.09539,787
2,35.10171,-77.09539,788
2,35.102,-77.09539,789
2,35.10236,-77.09541,790
2,35.10254,-77.09543,791
2,35.10252,-77.09567,792
2,35.10235,-77.09722,793
2,35.10205,-77.09719,794
2,35.10141,-77.09713,795
2,35.10062,-77.09705,796
2,35.1006,-77.09724,797
2,35.1006,-77.09736,798
2,35.10023,-77.09732,799
2,35.10015,-77.09731,800
2,35.10005,-77.09729,801
2,35.10005,-77.09731,802
2,35.09997,-77.09804,803
2,35.09995,-77.09812,804
2,35.09993,-77.09815,805
2,35.09999,-77.09818,806
2,35.09999,-77.09819,807
2,35.09996,-77.09861,808
2,35.09994,-77.09887,809
2,35.09989,-77.099,810
2,35.09983,-77.09917,811
2,35.09982,-77.09927,812
2,35.09955,-77.09922,813
2,35.09934,-77.09921,814
2,35.09893,-77.09914,815
2,35.09891,-77.09914,816
2,35.09885,-77.09916,817
2,35.09881,-77.0992,818
2,35.09879,-77.09925,819
2,35.09878,-77.09928,820
2,35.09876,-77.09947,821
3,35.12241,-77.08353,0
3,35.12279,-77.08393,1
3,35.12351,-77.08472,2
3,35.12393,-77.08518,3
3,35.12405,-77.08531,4
3,35.12423,-77.08552,5
3,35.12427,-77.08556,6
3,35.12447,-77.08578,7
3,35.12464,-77.08596,8
3,35.12494,-77.08627,9
3,35.12534,-77.0867,10
3,35.12538,-77.08676,11
3,35.12544,-77.08682,12
3,35.12552,-77.0869,13
3,35.12571,-77.08711,14
3,35.12588,-77.0873,15
3,35.1261,-77.08754,16
3,35.12649,-77.08797,17
3,35.12756,-77.08913,18
3,35.12775,-77.08933,19
3,35.12803,-77.08961,20
3,35.12815,-77.08976,21
3,35.12892,-77.09053,22
3,35.12976,-77.09134,23
3,35.13045,-77.09203,24
3,35.13093,-77.0925,25
3,35.13166,-77.09322,26
3,35.13188,-77.09344,27
3,35.13225,-77.09381,28
3,35.13237,-77.09393,29
3,35.13292,-77.09447,30
3,35.13372,-77.09527,31
3,35.1343,-77.09584,32
3,35.13475,-77.09627,33
3,35.13489,-77.09639,34
3,35.13522,-77.09671,35
3,35.13543,-77.09692,36
3,35.13545,-77.09693,37
3,35.13595,-77.0974,38
3,35.13615,-77.09759,39
3,35.13629,-77.09774,40
3,35.13691,-77.09839,41
3,35.1372,-77.09868,42
3,35.13753,-77.09903,43
3,35.1378,-77.09932,44
3,35.13819,-77.09973,45
3,35.13866,-77.10022,46
3,35.13881,-77.10038,47
3,35.13893,-77.10051,48
3,35.13932,-77.10091,49
3,35.13963,-77.10124,50
3,35.14005,-77.10165,51
3,35.14053,-77.10213,52
3,35.14074,-77.10166,53
3,35.14103,-77.10106,54
3,35.14116,-77.10078,55
3,35.14119,-77.10069,56
3,35.14121,-77.10062,57
3,35.14126,-77.10052,58
3,35.14136,-77.10028,59
3,35.14172,-77.09951,60
3,35.1418,-77.09934,61
3,35.14172,-77.09951,62
3,35.14136,-77.10028,63
3,35.14126,-77.10052,64
3,35.14121,-77.10062,65
3,35.14119,-77.10069,66
3,35.14116,-77.10078,67
3,35.14103,-77.10106,68
3,35.14074,-77.10166,69
3,35.14053,-77.10213,70
3,35.14005,-77.10165,71
3,35.13963,-77.10124,72
3,35.13932,-77.10091,73
3,35.13893,-77.10051,74
3,35.13881,-77.10038,75
3,35.13866,-77.10022,76
3,35.13819,-77.09973,77
3,35.1378,-77.09932,78
3,35.13753,-77.09903,79
3,35.1372,-77.09868,80
3,35.13691,-77.09839,81
3,35.13629,-77.09774,82
3,35.13615,-77.09759,83
3,35.13595,-77.0974,84
3,35.13545,-77.09693,85
3,35.13543,-77.09692,86
3,35.13522,-77.09671,87
3,35.13489,-77.09639,88
3,35.13475,-77.09627,89
3,35.1343,-77.09584,90
3,35.13372,-77.09527,91
3,35.13292,-77.09447,92
3,35.13237,-77.09393,93
3,35.13177,-77.09424,94
3,35.13147,-77.0944,95
3,35.13097,-77.09466,96
3,35.13064,-77.09483,97
3,35.13031,-77.09501,98
3,35.12982,-77.09527,99
3,35.12978,-77.09529,100
3,35.12968,-77.09533,101
3,35.12953,-77.09541,102
3,35.12939,-77.09548,103
3,35.12905,-77.09564,104
3,35.12838,-77.09597,105
3,35.12822,-77.09604,106
3,35.12805,-77.09613,107
3,35.12795,-77.09618,108
3,35.12738,-77.09645,109
3,35.12712,-77.09661,110
3,35.12709,-77.09663,111
3,35.12684,-77.09676,112
3,35.12669,-77.09682,113
3,35.1264,-77.09698,114
3,35.12609,-77.09714,115
3,35.1263,-77.09764,116
3,35.12646,-77.09791,117
3,35.12676,-77.09844,118
3,35.12687,-77.09863,119
3,35.12752,-77.09968,120
3,35.12773,-77.10003,121
3,35.1278,-77.10019,122
3,35.12781,-77.10025,123
3,35.12781,-77.10029,124
3,35.12782,-77.10033,125
3,35.12782,-77.10036,126
3,35.1278,-77.1017,127
3,35.12779,-77.10321,128
3,35.12778,-77.10346,129
3,35.12777,-77.10396,130
3,35.1277,-77.1044,131
3,35.12764,-77.1047,132
3,35.1276,-77.10497,133
3,35.1266,-77.10461,134
3,35.12615,-77.1045,135
3,35.12586,-77.10443,136
3,35.12567,-77.10442,137
3,35.12569,-77.10374,138
3,35.1257,-77.10366,139
3,35.12571,-77.10354,140
3,35.12574,-77.1033,141
3,35.1258,-77.1032,142
3,35.12581,-77.10318,143
3,35.12587,-77.1031,144
3,35.12581,-77.10318,145
3,35.1258,-77.1032,146
3,35.12574,-77.1033,147
3,35.12571,-77.10354,148
3,35.1257,-77.10366,149
3,35.12569,-77.10374,150
3,35.12567,-77.10442,151
3,35.12562,-77.10442,152
3,35.12553,-77.10442,153
3,35.12551,-77.10442,154
3,35.12532,-77.10445,155
3,35.12506,-77.10459,156
3,35.12475,-77.10488,157
3,35.12447,-77.1051,158
3,35.12386,-77.10562,159
3,35.12366,-77.10531,160
3,35.1231,-77.1044,161
3,35.12305,-77.10433,162
3,35.12285,-77.10403,163
3,35.12263,-77.10373,164
3,35.12251,-77.10352,165
3,35.12207,-77.10284,166
3,35.12198,-77.10268,167
3,35.12182,-77.10241,168
3,35.12164,-77.10208,169
3,35.12162,-77.10203,170
3,35.12155,-77.10188,171
3,35.12146,-77.10162,172
3,35.12144,-77.10159,173
3,35.12141,-77.10152,174
3,35.12106,-77.1009,175
3,35.12078,-77.10044,176
3,35.12062,-77.10019,177
3,35.12049,-77.09999,178
3,35.12044,-77.09993,179
3,35.12051,-77.0999,180
3,35.12151,-77.09942,181
3,35.12207,-77.09914,182
3,35.1222,-77.09908,183
3,35.12256,-77.0989,184
3,35.12341,-77.09848,185
3,35.12303,-77.09737,186
3,35.12266,-77.09625,187
3,35.12255,-77.09593,188
3,35.12249,-77.09563,189
3,35.12247,-77.09524,190
3,35.12247,-77.09519,191
3,35.12252,-77.09485,192
3,35.12256,-77.09467,193
3,35.1226,-77.09451,194
3,35.12274,-77.09393,195
3,35.12285,-77.09353,196
3,35.12291,-77.09342,197
3,35.12311,-77.0931,198
3,35.12328,-77.09287,199
3,35.12334,-77.09278,200
3,35.12367,-77.09231,201
3,35.12404,-77.09181,202
3,35.12424,-77.09157,203
3,35.12445,-77.09141,204
3,35.1247,-77.0913,205
3,35.12486,-77.09128,206
3,35.12499,-77.09127,207
3,35.12533,-77.09126,208
3,35.12535,-77.09125,209
3,35.12554,-77.09124,210
3,35.12565,-77.09123,211
3,35.12594,-77.09113,212
3,35.12619,-77.09096,213
3,35.12623,-77.09091,214
3,35.12639,-77.09071,215
3,35.12655,-77.0905,216
3,35.12682,-77.09012,217
3,35.12708,-77.08976,218
3,35.12726,-77.08952,219
3,35.12756,-77.08913,220
3,35.12649,-77.08797,221
3,35.1261,-77.08754,222
3,35.12588,-77.0873,223
3,35.12551,-77.08782,224
3,35.12564,-77.08794,225
3,35.12536,-77.08831,226
3,35.12543,-77.08839,227
4,35.12241,-77.08353,0
4,35.12279,-77.08393,1
4,35.12351,-77.08472,2
4,35.12393,-77.08518,3
4,35.12405,-77.08531,4
4,35.12423,-77.08552,5
4,35.12427,-77.08556,6
4,35.12447,-77.08578,7
4,35.12464,-77.08596,8
4,35.12494,-77.08627,9
4,35.12471,-77.08652,10
4,35.12461,-77.08664,11
4,35.12454,-77.08671,12
4,35.12442,-77.08684,13
4,35.12433,-77.08693,14
4,35.12426,-77.087,15
4,35.12418,-77.08708,16
4,35.12416,-77.0871,17
4,35.12406,-77.08719,18
4,35.12394,-77.08727,19
4,35.12383,-77.08734,20
4,35.12379,-77.08736,21
4,35.12372,-77.08738,22
4,35.1237,-77.0874,23
4,35.12357,-77.08744,24
4,35.1235,-77.08746,25
4,35.12326,-77.08752,26
4,35.12302,-77.08758,27
4,35.12286,-77.08763,28
4,35.1227,-77.08769,29
4,35.12255,-77.08775,30
4,35.12241,-77.08783,31
4,35.12238,-77.08785,32
4,35.12228,-77.08791,33
4,35.12219,-77.08798,34
4,35.12211,-77.08805,35
4,35.12174,-77.08843,36
4,35.12103,-77.08914,37
4,35.12006,-77.09008,38
4,35.11989,-77.09024,39
4,35.11975,-77.09037,40
4,35.11935,-77.09076,41
4,35.11925,-77.09086,42
4,35.11921,-77.0909,43
4,35.11848,-77.0916,44
4,35.1184,-77.09167,45
4,35.11801,-77.09205,46
4,35.11738,-77.09266,47
4,35.1171,-77.09293,48
4,35.11655,-77.09348,49
4,35.11607,-77.09394,50
4,35.1158,-77.0942,51
4,35.11497,-77.09499,52
4,35.11441,-77.09553,53
4,35.1142,-77.09573,54
4,35.11407,-77.09585,55
4,35.11384,-77.09607,56
4,35.11366,-77.09624,57
4,35.1135,-77.0964,58
4,35.11336,-77.09654,59
4,35.11288,-77.09701,60
4,35.11267,-77.09721,61
4,35.1126,-77.09728,62
4,35.11259,-77.0973,63
4,35.11248,-77.0974,64
4,35.11229,-77.09758,65
4,35.11178,-77.09804,66
4,35.11146,-77.09834,67
4,35.11113,-77.09866,68
4,35.11058,-77.09915,69
4,35.1105,-77.09922,70
4,35.11043,-77.09927,71
4,35.11025,-77.0994,72
4,35.10996,-77.09958,73
4,35.10973,-77.0997,74
4,35.10946,-77.09982,75
4,35.10939,-77.09985,76
4,35.10929,-77.09989,77
4,35.10926,-77.0999,78
4,35.10912,-77.09995,79
4,35.10883,-77.10004,80
4,35.10868,-77.10007,81
4,35.10835,-77.10013,82
4,35.10811,-77.10016,83
4,35.10802,-77.10017,84
4,35.10768,-77.10019,85
4,35.10754,-77.10019,86
4,35.10751,-77.10019,87
4,35.107,-77.10014,88
4,35.10689,-77.10013,89
4,35.10663,-77.1001,90
4,35.10659,-77.10009,91
4,35.10635,-77.10005,92
4,35.10603,-77.1,93
4,35.10596,-77.09999,94
4,35.10566,-77.09994,95
4,35.10562,-77.09994,96
4,35.105,-77.09984,97
4,35.10458,-77.09977,98
4,35.10438,-77.09973,99
4,35.1042,-77.09971,100
4,35.10416,-77.0997,101
4,35.10403,-77.09968,102
4,35.10374,-77.09963,103
4,35.1036,-77.09961,104
4,35.10323,-77.09955,105
4,35.10319,-77.09954,106
4,35.10297,-77.0995,107
4,35.10241,-77.09941,108
4,35.10204,-77.09935,109
4,35.10198,-77.09934,110
4,35.10141,-77.09924,111
4,35.10127,-77.09922,112
4,35.10013,-77.09904,113
4,35.09989,-77.099,114
4,35.09985,-77.099,115
4,35.09937,-77.09891,116
4,35.09935,-77.09916,117
4,35.09934,-77.09921,118
4,35.09893,-77.09914,119
4,35.09891,-77.09914,120
4,35.09885,-77.09916,121
4,35.09881,-77.0992,122
4,35.09879,-77.09925,123
4,35.09878,-77.09928,124
4,35.09876,-77.09947,125
4,35.09878,-77.09928,126
4,35.09879,-77.09925,127
4,35.09881,-77.0992,128
4,35.09885,-77.09916,129
4,35.09891,-77.09914,130
4,35.09893,-77.09914,131
4,35.09934,-77.09921,132
4,35.09935,-77.09916,133
4,35.09937,-77.09891,134
4,35.09985,-77.099,135
4,35.09989,-77.099,136
4,35.09994,-77.09887,137
4,35.09996,-77.09861,138
4,35.09999,-77.09819,139
4,35.09999,-77.09818,140
4,35.09993,-77.09815,141
4,35.09995,-77.09812,142
4,35.09997,-77.09804,143
4,35.10005,-77.09731,144
4,35.10005,-77.09729,145
4,35.10015,-77.09731,146
4,35.10023,-77.09732,147
4,35.1006,-77.09736,148
4,35.1006,-77.09724,149
4,35.10062,-77.09705,150
4,35.10141,-77.09713,151
4,35.10205,-77.09719,152
4,35.10235,-77.09722,153
4,35.10252,-77.09567,154
4,35.10254,-77.09543,155
4,35.10236,-77.09541,156
4,35.102,-77.09539,157
4,35.10171,-77.09539,158
4,35.10162,-77.09539,159
4,35.10104,-77.09537,160
4,35.10074,-77.09537,161
4,35.10067,-77.09536,162
4,35.10038,-77.09533,163
4,35.09995,-77.09528,164
4,35.09978,-77.09525,165
4,35.10009,-77.09442,166
4,35.1005,-77.09332,167
4,35.10075,-77.09264,168
4,35.10102,-77.09192,169
4,35.10139,-77.09095,170
4,35.10142,-77.09088,171
4,35.10177,-77.08997,172
4,35.10211,-77.08907,173
4,35.10212,-77.08903,174
4,35.10228,-77.08858,175
4,35.10242,-77.0882,176
4,35.10265,-77.08759,177
4,35.10231,-77.08742,178
4,35.10224,-77.08741,179
4,35.1022,-77.08741,180
4,35.10215,-77.08742,181
4,35.10209,-77.08746,182
4,35.10202,-77.08763,183
4,35.10193,-77.08759,184
4,35.10135,-77.08726,185
4,35.10132,-77.08732,186
4,35.10135,-77.08726,187
4,35.10193,-77.08759,188
4,35.10202,-77.08763,189
4,35.10209,-77.08746,190
4,35.10215,-77.0873,191
4,35.10218,-77.08723,192
4,35.10269,-77.0875,193
4,35.10328,-77.08593,194
4,35.10347,-77.08544,195
4,35.1036,-77.08511,196
4,35.10388,-77.08437,197
4,35.10399,-77.08408,198
4,35.10405,-77.08392,199
4,35.10429,-77.08329,200
4,35.10445,-77.08285,201
4,35.10472,-77.08213,202
4,35.1048,-77.08193,203
4,35.10488,-77.08173,204
4,35.10508,-77.08119,205
4,35.10516,-77.081,206
4,35.10539,-77.08037,207
4,35.10613,-77.0784,208
4,35.10649,-77.07743,209
4,35.10689,-77.07638,210
4,35.10752,-77.07471,211
4,35.10765,-77.07437,212
4,35.10838,-77.07244,213
4,35.10854,-77.07201,214
4,35.1087,-77.0716,215
4,35.10891,-77.07103,216
4,35.10909,-77.07055,217
4,35.10911,-77.07049,218
4,35.10928,-77.07,219
4,35.10936,-77.06976,220
4,35.10944,-77.0695,221
4,35.10948,-77.06939,222
4,35.10957,-77.06908,223
4,35.10975,-77.06842,224
4,35.10988,-77.06788,225
4,35.10998,-77.0674,226
4,35.11012,-77.06669,227
4,35.11019,-77.06627,228
4,35.11026,-77.06585,229
4,35.1103,-77.06555,230
4,35.11034,-77.06516,231
4,35.11039,-77.06463,232
4,35.1104,-77.06442,233
4,35.11041,-77.06412,234
4,35.11041,-77.06403,235
4,35.11039,-77.06372,236
4,35.11036,-77.06353,237
4,35.11034,-77.06335,238
4,35.11032,-77.06319,239
4,35.11031,-77.06309,240
4,35.11025,-77.06266,241
4,35.11018,-77.06217,242
4,35.11014,-77.06196,243
4,35.11003,-77.06131,244
4,35.11,-77.06116,245
4,35.10995,-77.06084,246
4,35.10985,-77.0603,247
4,35.10969,-77.05945,248
4,35.10961,-77.05903,249
4,35.10947,-77.05824,250
4,35.10947,-77.05805,251
4,35.10943,-77.05779,252
4,35.10934,-77.0573,253
4,35.10933,-77.05726,254
4,35.10929,-77.05708,255
4,35.1092,-77.05659,256
4,35.10913,-77.0563,257
4,35.10894,-77.05535,258
4,35.10889,-77.05507,259
4,35.10873,-77.0543,260
4,35.1086,-77.05363,261
4,35.10852,-77.05319,262
4,35.10846,-77.05311,263
4,35.10832,-77.05238,264
4,35.10827,-77.05204,265
4,35.10825,-77.05191,266
4,35.10822,-77.05162,267
4,35.10822,-77.0516,268
4,35.10822,-77.05154,269
4,35.10818,-77.05099,270
4,35.10818,-77.05083,271
4,35.10816,-77.05019,272
4,35.10815,-77.04976,273
4,35.10814,-77.04921,274
4,35.10821,-77.04915,275
4,35.10876,-77.0492,276
4,35.10879,-77.0492,277
4,35.10893,-77.04922,278
4,35.10938,-77.04926,279
4,35.10951,-77.04927,280
4,35.11038,-77.04934,281
4,35.11053,-77.04935,282
4,35.11087,-77.04936,283
4,35.11142,-77.04935,284
4,35.1119,-77.04937,285
4,35.1119,-77.04969,286
4,35.1119,-77.05,287
4,35.11189,-77.05029,288
4,35.11189,-77.05068,289
4,35.11187,-77.05116,290
4,35.11187,-77.05136,291
4,35.11187,-77.05153,292
4,35.11188,-77.05195,293
4,35.11186,-77.05248,294
4,35.11185,-77.05312,295
4,35.11191,-77.05381,296
4,35.11196,-77.05451,297
4,35.11196,-77.05454,298
4,35.11196,-77.05457,299
4,35.11196,-77.0546,300
4,35.11194,-77.05463,301
4,35.11119,-77.05475,302
4,35.11194,-77.05463,303
4,35.11196,-77.0546,304
4,35.11196,-77.05457,305
4,35.11196,-77.05454,306
4,35.11196,-77.05451,307
4,35.11191,-77.05381,308
4,35.11185,-77.05312,309
4,35.11244,-77.05318,310
4,35.11255,-77.05319,311
4,35.11278,-77.05321,312
4,35.11313,-77.05327,313
4,35.11331,-77.05332,314
4,35.11344,-77.05335,315
4,35.11349,-77.05336,316
4,35.11373,-77.05343,317
4,35.11406,-77.05356,318
4,35.11418,-77.05359,319
4,35.11443,-77.05365,320
4,35.11454,-77.05358,321
4,35.11523,-77.05242,322
4,35.11558,-77.05276,323
4,35.11643,-77.05357,324
4,35.11558,-77.05276,325
4,35.11523,-77.05242,326
4,35.11574,-77.05162,327
4,35.11583,-77.05149,328
4,35.116,-77.05123,329
4,35.11616,-77.05094,330
4,35.11634,-77.05064,331
4,35.11643,-77.05049,332
4,35.1166,-77.05022,333
4,35.11677,-77.04991,334
4,35.11644,-77.04959,335
4,35.11547,-77.04857,336
4,35.11479,-77.0479,337
4,35.11459,-77.04779,338
4,35.11462,-77.04699,339
4,35.1146,-77.04686,340
4,35.11461,-77.04635,341
4,35.11461,-77.04616,342
4,35.11501,-77.04618,343
4,35.11527,-77.04617,344
4,35.11557,-77.04577,345
4,35.11564,-77.04566,346
4,35.11583,-77.04538,347
4,35.11514,-77.04481,348
4,35.11504,-77.04473,349
4,35.11492,-77.04464,350
4,35.11482,-77.04457,351
4,35.11476,-77.04454,352
4,35.11466,-77.04452,353
4,35.11424,-77.0445,354
4,35.11369,-77.04448,355
4,35.11351,-77.04447,356
4,35.11333,-77.04447,357
4,35.11199,-77.04443,358
4,35.11088,-77.0444,359
4,35.11056,-77.04439,360
4,35.10968,-77.04437,361
4,35.10919,-77.04435,362
4,35.10909,-77.04435,363
4,35.10879,-77.04434,364
4,35.10878,-77.04434,365
4,35.10835,-77.04433,366
4,35.10836,-77.04406,367
4,35.1084,-77.04285,368
4,35.10845,-77.04129,369
4,35.10845,-77.04119,370
4,35.10844,-77.04118,371
4,35.10834,-77.04041,372
4,35.10824,-77.03963,373
4,35.10814,-77.03888,374
4,35.10802,-77.03801,375
4,35.10767,-77.03809,376
4,35.10762,-77.0381,377
4,35.10756,-77.03812,378
4,35.10749,-77.03813,379
4,35.10734,-77.03816,380
4,35.10719,-77.03819,381
4,35.10713,-77.0382,382
4,35.10701,-77.03822,383
4,35.10679,-77.03825,384
4,35.10666,-77.03827,385
4,35.10683,-77.03964,386
4,35.10686,-77.03979,387
4,35.10687,-77.03989,388
4,35.107,-77.04092,389
4,35.10701,-77.04101,390
4,35.10703,-77.04114,391
4,35.10703,-77.04118,392
4,35.10707,-77.04145,393
4,35.10708,-77.04145,394
4,35.10708,-77.04147,395
4,35.10708,-77.04151,396
4,35.10708,-77.04165,397
4,35.10708,-77.04197,398
4,35.10707,-77.0423,399
4,35.10707,-77.04232,400
4,35.10707,-77.04237,401
4,35.10705,-77.04263,402
4,35.10705,-77.04264,403
4,35.10703,-77.04316,404
4,35.10699,-77.0443,405
4,35.10696,-77.0448,406
4,35.10692,-77.04578,407
4,35.10689,-77.04643,408
4,35.10685,-77.04763,409
4,35.10684,-77.04807,410
4,35.10676,-77.04811,411
4,35.10672,-77.04812,412
4,35.10667,-77.04812,413
4,35.10649,-77.04806,414
4,35.10643,-77.04801,415
4,35.10632,-77.04793,416
4,35.10617,-77.04783,417
4,35.10599,-77.04817,418
4,35.10617,-77.04783,419
4,35.10581,-77.04756,420
4,35.10574,-77.04751,421
4,35.10555,-77.04737,422
4,35.10545,-77.04754,423
4,35.10522,-77.04801,424
4,35.10491,-77.04864,425
4,35.10486,-77.04876,426
4,35.10483,-77.04883,427
4,35.10479,-77.04893,428
4,35.10471,-77.04924,429
4,35.10455,-77.04991,430
4,35.10455,-77.04998,431
4,35.10453,-77.05002,432
4,35.10444,-77.0505,433
4,35.10431,-77.05113,434
4,35.10423,-77.05157,435
4,35.10421,-77.05192,436
4,35.10418,-77.05235,437
4,35.10416,-77.05268,438
4,35.10413,-77.05323,439
4,35.10408,-77.05405,440
4,35.10403,-77.05478,441
4,35.10402,-77.05479,442
4,35.10401,-77.05485,443
4,35.104,-77.05489,444
4,35.10405,-77.05508,445
4,35.10414,-77.05503,446
4,35.10426,-77.05499,447
4,35.10435,-77.05496,448
4,35.10445,-77.05494,449
4,35.10459,-77.05494,450
4,35.10467,-77.05494,451
4,35.10476,-77.05495,452
4,35.10508,-77.05498,453
4,35.10528,-77.055,454
4,35.1054,-77.05501,455
4,35.1055,-77.05502,456
4,35.10601,-77.05507,457
4,35.1065,-77.05512,458
4,35.10662,-77.05513,459
4,35.10711,-77.05518,460
4,35.10737,-77.05521,461
4,35.10798,-77.05526,462
4,35.10843,-77.05531,463
4,35.10894,-77.05535,464
4,35.10913,-77.0563,465
4,35.1092,-77.05659,466
4,35.10929,-77.05708,467
4,35.10933,-77.05726,468
4,35.10934,-77.0573,469
4,35.10947,-77.05805,470
4,35.10957,-77.05821,471
4,35.10995,-77.06028,472
4,35.11019,-77.0616,473
4,35.11029,-77.0621,474
4,35.11045,-77.06298,475
4,35.11052,-77.0635,476
4,35.11052,-77.06352,477
4,35.11055,-77.06373,478
4,35.11056,-77.06393,479
4,35.11056,-77.06404,480
4,35.11056,-77.06418,481
4,35.11056,-77.0645,482
4,35.11054,-77.06475,483
4,35.1105,-77.06518,484
4,35.11048,-77.06538,485
4,35.11043,-77.06576,486
4,35.11035,-77.06633,487
4,35.1103,-77.06664,488
4,35.11029,-77.0667,489
4,35.11019,-77.06724,490
4,35.11009,-77.06776,491
4,35.10998,-77.06826,492
4,35.10989,-77.06863,493
4,35.10983,-77.06885,494
4,35.10979,-77.069,495
4,35.10962,-77.0696,496
4,35.10955,-77.06981,497
4,35.10948,-77.07002,498
4,35.10939,-77.07029,499
4,35.10935,-77.07041,500
4,35.10919,-77.07082,501
4,35.10912,-77.071,502
4,35.10886,-77.0717,503
4,35.10838,-77.07295,504
4,35.10769,-77.07478,505
4,35.10754,-77.07519,506
4,35.10716,-77.07621,507
4,35.10708,-77.07642,508
4,35.10659,-77.07771,509
4,35.1065,-77.07796,510
4,35.10623,-77.07867,511
4,35.10611,-77.079,512
4,35.10555,-77.08046,513
4,35.1054,-77.08086,514
4,35.10539,-77.08088,515
4,35.10535,-77.081,516
4,35.10525,-77.08126,517
4,35.10488,-77.08224,518
4,35.10472,-77.08269,519
4,35.10442,-77.08346,520
4,35.10411,-77.08427,521
4,35.10403,-77.08447,522
4,35.104,-77.08456,523
4,35.10373,-77.08527,524
4,35.10347,-77.08596,525
4,35.10334,-77.08632,526
4,35.10319,-77.08674,527
4,35.10303,-77.08718,528
4,35.10288,-77.08759,529
4,35.10284,-77.0877,530
4,35.10265,-77.08759,531
4,35.10231,-77.08742,532
4,35.10224,-77.08741,533
4,35.1022,-77.08741,534
4,35.10215,-77.08742,535
4,35.10209,-77.08746,536
4,35.10202,-77.08763,537
4,35.10193,-77.08759,538
4,35.10135,-77.08726,539
4,35.10142,-77.08707,540
4,35.10149,-77.08688,541
4,35.10198,-77.08716,542
4,35.1021,-77.08723,543
4,35.10218,-77.08723,544
4,35.10269,-77.0875,545
4,35.10288,-77.08759,546
4,35.10284,-77.0877,547
4,35.10224,-77.08925,548
4,35.10195,-77.09001,549
4,35.10169,-77.09069,550
4,35.10161,-77.09092,551
4,35.10135,-77.09159,552
4,35.10117,-77.09207,553
4,35.101,-77.09251,554
4,35.10088,-77.09284,555
4,35.1007,-77.09329,556
4,35.10034,-77.09426,557
4,35.09995,-77.09528,558
4,35.10038,-77.09533,559
4,35.10067,-77.09536,560
4,35.10074,-77.09537,561
4,35.10104,-77.09537,562
4,35.10162,-77.09539,563
4,35.10171,-77.09539,564
4,35.102,-77.09539,565
4,35.10236,-77.09541,566
4,35.10254,-77.09543,567
4,35.10252,-77.09567,568
4,35.10235,-77.09722,569
4,35.10205,-77.09719,570
4,35.10141,-77.09713,571
4,35.10062,-77.09705,572
4,35.1006,-77.09724,573
4,35.1006,-77.09736,574
4,35.10023,-77.09732,575
4,35.10015,-77.09731,576
4,35.10005,-77.09729,577
4,35.10005,-77.09731,578
4,35.09997,-77.09804,579
4,35.09995,-77.09812,580
4,35.09993,-77.09815,581
4,35.09999,-77.09818,582
4,35.09999,-77.09819,583
4,35.09996,-77.09861,584
4,35.09994,-77.09887,585
4,35.09989,-77.099,586
4,35.09983,-77.09917,587
4,35.09982,-77.09927,588
4,35.09955,-77.09922,589
4,35.09934,-77.09921,590
4,35.09893,-77.09914,591
4,35.09891,-77.09914,592
4,35.09885,-77.09916,593
4,35.09881,-77.0992,594
4,35.09879,-77.09925,595
4,35.09878,-77.09928,596
4,35.09876,-77.09947,597
5,35.12241,-77.08353,0
5,35.12279,-77.08393,1
5,35.12351,-77.08472,2
5,35.12393,-77.08518,3
5,35.12405,-77.08531,4
5,35.12423,-77.08552,5
5,35.12427,-77.08556,6
5,35.12447,-77.08578,7
5,35.12464,-77.08596,8
5,35.12494,-77.08627,9
5,35.12534,-77.0867,10
5,35.12538,-77.08676,11
5,35.12544,-77.08682,12
5,35.12552,-77.0869,13
5,35.12571,-77.08711,14
5,35.12588,-77.0873,15
5,35.1261,-77.08754,16
5,35.12649,-77.08797,17
5,35.12756,-77.08913,18
5,35.12775,-77.08933,19
5,35.12803,-77.08961,20
5,35.12815,-77.08976,21
5,35.12892,-77.09053,22
5,35.12976,-77.09134,23
5,35.13045,-77.09203,24
5,35.13093,-77.0925,25
5,35.13166,-77.09322,26
5,35.13188,-77.09344,27
5,35.13225,-77.09381,28
5,35.13237,-77.09393,29
5,35.13292,-77.09447,30
5,35.13372,-77.09527,31
5,35.1343,-77.09584,32
5,35.13475,-77.09627,33
5,35.13489,-77.09639,34
5,35.13522,-77.09671,35
5,35.13543,-77.09692,36
5,35.13545,-77.09693,37
5,35.13595,-77.0974,38
5,35.13615,-77.09759,39
5,35.13629,-77.09774,40
5,35.13691,-77.09839,41
5,35.1372,-77.09868,42
5,35.13753,-77.09903,43
5,35.1378,-77.09932,44
5,35.13819,-77.09973,45
5,35.13866,-77.10022,46
5,35.13881,-77.10038,47
5,35.13893,-77.10051,48
5,35.13932,-77.10091,49
5,35.13963,-77.10124,50
5,35.14005,-77.10165,51
5,35.14053,-77.10213,52
5,35.14074,-77.10166,53
5,35.14103,-77.10106,54
5,35.14116,-77.10078,55
5,35.14119,-77.10069,56
5,35.14121,-77.10062,57
5,35.14126,-77.10052,58
5,35.14136,-77.10028,59
5,35.14172,-77.09951,60
5,35.1418,-77.09934,61
5,35.14172,-77.09951,62
5,35.14136,-77.10028,63
5,35.14126,-77.10052,64
5,35.14121,-77.10062,65
5,35.14119,-77.10069,66
5,35.14116,-77.10078,67
5,35.14103,-77.10106,68
5,35.14074,-77.10166,69
5,35.14053,-77.10213,70
5,35.14005,-77.10165,71
5,35.13963,-77.10124,72
5,35.13932,-77.10091,73
5,35.13893,-77.10051,74
5,35.13881,-77.10038,75
5,35.13866,-77.10022,76
5,35.13819,-77.09973,77
5,35.1378,-77.09932,78
5,35.13753,-77.09903,79
5,35.1372,-77.09868,80
5,35.13691,-77.09839,81
5,35.13629,-77.09774,82
5,35.13615,-77.09759,83
5,35.13595,-77.0974,84
5,35.13545,-77.09693,85
5,35.13543,-77.09692,86
5,35.13522,-77.09671,87
5,35.13489,-77.09639,88
5,35.13475,-77.09627,89
5,35.1343,-77.09584,90
5,35.13372,-77.09527,91
5,35.13292,-77.09447,92
5,35.13237,-77.09393,93
5,35.13177,-77.09424,94
5,35.13147,-77.0944,95
5,35.13097,-77.09466,96
5,35.13064,-77.09483,97
5,35.13031,-77.09501,98
5,35.12982,-77.09527,99
5,35.12978,-77.09529,100
5,35.12968,-77.09533,101
5,35.12953,-77.09541,102
5,35.12939,-77.09548,103
5,35.12905,-77.09564,104
5,35.12838,-77.09597,105
5,35.12822,-77.09604,106
5,35.12805,-77.09613,107
5,35.12795,-77.09618,108
5,35.12738,-77.09645,109
5,35.12712,-77.09661,110
5,35.12709,-77.09663,111
5,35.12684,-77.09676,112
5,35.12669,-77.09682,113
5,35.1264,-77.09698,114
5,35.12609,-77.09714,115
5,35.1263,-77.09764,116
5,35.12646,-77.09791,117
5,35.12676,-77.09844,118
5,35.12687,-77.09863,119
5,35.12752,-77.09968,120
5,35.12773,-77.10003,121
5,35.1278,-77.10019,122
5,35.12781,-77.10025,123
5,35.12781,-77.10029,124
5,35.12782,-77.10033,125
5,35.12782,-77.10036,126
5,35.1278,-77.1017,127
5,35.12779,-77.10321,128
5,35.12778,-77.10346,129
5,35.12777,-77.10396,130
5,35.1277,-77.1044,131
5,35.12764,-77.1047,132
5,35.1276,-77.10497,133
5,35.1266,-77.10461,134
5,35.12615,-77.1045,135
5,35.12586,-77.10443,136
5,35.12567,-77.10442,137
5,35.12569,-77.10374,138
5,35.1257,-77.10366,139
5,35.12571,-77.10354,140
5,35.12574,-77.1033,141
5,35.1258,-77.1032,142
5,35.12581,-77.10318,143
5,35.12587,-77.1031,144
5,35.12581,-77.10318,145
5,35.1258,-77.1032,146
5,35.12574,-77.1033,147
5,35.12571,-77.10354,148
5,35.1257,-77.10366,149
5,35.12569,-77.10374,150
5,35.12567,-77.10442,151
5,35.12562,-77.10442,152
5,35.12553,-77.10442,153
5,35.12551,-77.10442,154
5,35.12532,-77.10445,155
5,35.12506,-77.10459,156
5,35.12475,-77.10488,157
5,35.12447,-77.1051,158
5,35.12386,-77.10562,159
5,35.12366,-77.10531,160
5,35.1231,-77.1044,161
5,35.12305,-77.10433,162
5,35.12285,-77.10403,163
5,35.12263,-77.10373,164
5,35.12251,-77.10352,165
5,35.12207,-77.10284,166
5,35.12198,-77.10268,167
5,35.12182,-77.10241,168
5,35.12164,-77.10208,169
5,35.12162,-77.10203,170
5,35.12155,-77.10188,171
5,35.12146,-77.10162,172
5,35.12144,-77.10159,173
5,35.12141,-77.10152,174
5,35.12106,-77.1009,175
5,35.12078,-77.10044,176
5,35.12062,-77.10019,177
5,35.12049,-77.09999,178
5,35.12044,-77.09993,179
5,35.12051,-77.0999,180
5,35.12151,-77.09942,181
5,35.12207,-77.09914,182
5,35.1222,-77.09908,183
5,35.12256,-77.0989,184
5,35.12341,-77.09848,185
5,35.12303,-77.09737,186
5,35.12266,-77.09625,187
5,35.12255,-77.09593,188
5,35.12249,-77.09563,189
5,35.12247,-77.09524,190
5,35.12247,-77.09519,191
5,35.12252,-77.09485,192
5,35.12256,-77.09467,193
5,35.1226,-77.09451,194
5,35.12274,-77.09393,195
5,35.12285,-77.09353,196
5,35.12291,-77.09342,197
5,35.12311,-77.0931,198
5,35.12328,-77.09287,199
5,35.12334,-77.09278,200
5,35.12367,-77.09231,201
5,35.12404,-77.09181,202
5,35.12424,-77.09157,203
5,35.12445,-77.09141,204
5,35.1247,-77.0913,205
5,35.12486,-77.09128,206
5,35.12499,-77.09127,207
5,35.12533,-77.09126,208
5,35.12535,-77.09125,209
5,35.12554,-77.09124,210
5,35.12565,-77.09123,211
5,35.12594,-77.09113,212
5,35.12619,-77.09096,213
5,35.12623,-77.09091,214
5,35.12639,-77.09071,215
5,35.12655,-77.0905,216
5,35.12682,-77.09012,217
5,35.12708,-77.08976,218
5,35.12726,-77.08952,219
5,35.12756,-77.08913,220
5,35.12649,-77.08797,221
5,35.1261,-77.08754,222
5,35.12588,-77.0873,223
5,35.12551,-77.08782,224
5,35.12564,-77.08794,225
5,35.12536,-77.08831,226
5,35.12543,-77.08839,227
5,35.12536,-77.08831,228
5,35.12524,-77.08819,229
5,35.125,-77.08852,230
5,35.12485,-77.08871,231
5,35.12482,-77.08862,232
5,35.12478,-77.08856,233
5,35.12476,-77.08851,234
5,35.12475,-77.0885,235
5,35.12474,-77.08848,236
5,35.12469,-77.08841,237
5,35.12449,-77.0882,238
5,35.12437,-77.08807,239
5,35.1243,-77.088,240
5,35.12402,-77.08768,241
5,35.12398,-77.08764,242
5,35.12389,-77.08753,243
5,35.12379,-77.08736,244
5,35.12372,-77.08738,245
5,35.1237,-77.0874,246
5,35.12357,-77.08744,247
5,35.1235,-77.08746,248
5,35.12326,-77.08752,249
5,35.12302,-77.08758,250
5,35.12286,-77.08763,251
5,35.1227,-77.08769,252
5,35.12255,-77.08775,253
5,35.12241,-77.08783,254
5,35.12238,-77.08785,255
5,35.12228,-77.08791,256
5,35.12219,-77.08798,257
5,35.12211,-77.08805,258
5,35.12174,-77.08843,259
5,35.12103,-77.08914,260
5,35.12006,-77.09008,261
5,35.11989,-77.09024,262
5,35.11975,-77.09037,263
5,35.11935,-77.09076,264
5,35.11925,-77.09086,265
5,35.11921,-77.0909,266
5,35.11848,-77.0916,267
5,35.1184,-77.09167,268
5,35.11801,-77.09205,269
5,35.11738,-77.09266,270
5,35.1171,-77.09293,271
5,35.11655,-77.09348,272
5,35.11607,-77.09394,273
5,35.1158,-77.0942,274
5,35.11497,-77.09499,275
5,35.11441,-77.09553,276
5,35.1142,-77.09573,277
5,35.11407,-77.09585,278
5,35.11384,-77.09607,279
5,35.11366,-77.09624,280
5,35.1135,-77.0964,281
5,35.11336,-77.09654,282
5,35.11288,-77.09701,283
5,35.11267,-77.09721,284
5,35.1126,-77.09728,285
5,35.11259,-77.0973,286
5,35.11248,-77.0974,287
5,35.11229,-77.09758,288
5,35.11178,-77.09804,289
5,35.11146,-77.09834,290
5,35.11113,-77.09866,291
5,35.11058,-77.09915,292
5,35.1105,-77.09922,293
5,35.11043,-77.09927,294
5,35.11025,-77.0994,295
5,35.10996,-77.09958,296
5,35.10973,-77.0997,297
5,35.10946,-77.09982,298
5,35.10939,-77.09985,299
5,35.10929,-77.09989,300
5,35.10926,-77.0999,301
5,35.10912,-77.09995,302
5,35.10883,-77.10004,303
5,35.10868,-77.10007,304
5,35.10835,-77.10013,305
5,35.10811,-77.10016,306
5,35.10802,-77.10017,307
5,35.10768,-77.10019,308
5,35.10754,-77.10019,309
5,35.10751,-77.10019,310
5,35.107,-77.10014,311
5,35.10689,-77.10013,312
5,35.10663,-77.1001,313
5,35.10659,-77.10009,314
5,35.10635,-77.10005,315
5,35.10603,-77.1,316
5,35.10596,-77.09999,317
5,35.10566,-77.09994,318
5,35.10562,-77.09994,319
5,35.105,-77.09984,320
5,35.10458,-77.09977,321
5,35.10438,-77.09973,322
5,35.1042,-77.09971,323
5,35.10416,-77.0997,324
5,35.10403,-77.09968,325
5,35.10374,-77.09963,326
5,35.1036,-77.09961,327
5,35.10323,-77.09955,328
5,35.10319,-77.09954,329
5,35.10297,-77.0995,330
5,35.10241,-77.09941,331
5,35.10204,-77.09935,332
5,35.10198,-77.09934,333
5,35.10141,-77.09924,334
5,35.10127,-77.09922,335
5,35.10013,-77.09904,336
5,35.09989,-77.099,337
5,35.09985,-77.099,338
5,35.09937,-77.09891,339
5,35.09935,-77.09916,340
5,35.09934,-77.09921,341
5,35.09893,-77.09914,342
5,35.09891,-77.09914,343
5,35.09885,-77.09916,344
5,35.09881,-77.0992,345
5,35.09879,-77.09925,346
5,35.09878,-77.09928,347
5,35.09876,-77.09947,348
5,35.09878,-77.09928,349
5,35.09879,-77.09925,350
5,35.09881,-77.0992,351
5,35.09885,-77.09916,352
5,35.09891,-77.09914,353
5,35.09893,-77.09914,354
5,35.09934,-77.09921,355
5,35.09935,-77.09916,356
5,35.09937,-77.09891,357
5,35.09985,-77.099,358
5,35.09989,-77.099,359
5,35.09994,-77.09887,360
5,35.09996,-77.09861,361
5,35.09999,-77.09819,362
5,35.09999,-77.09818,363
5,35.09993,-77.09815,364
5,35.09995,-77.09812,365
5,35.09997,-77.09804,366
5,35.10005,-77.09731,367
5,35.10005,-77.09729,368
5,35.10015,-77.09731,369
5,35.10023,-77.09732,370
5,35.1006,-77.09736,371
5,35.1006,-77.09724,372
5,35.10062,-77.09705,373
5,35.10141,-77.09713,374
5,35.10205,-77.09719,375
5,35.10235,-77.09722,376
5,35.10252,-77.09567,377
5,35.10254,-77.09543,378
5,35.10236,-77.09541,379
5,35.102,-77.09539,380
5,35.10171,-77.09539,381
5,35.10162,-77.09539,382
5,35.10104,-77.09537,383
5,35.10074,-77.09537,384
5,35.10067,-77.09536,385
5,35.10038,-77.09533,386
5,35.09995,-77.09528,387
5,35.09978,-77.09525,388
5,35.10009,-77.09442,389
5,35.1005,-77.09332,390
5,35.10075,-77.09264,391
5,35.10102,-77.09192,392
5,35.10139,-77.09095,393
5,35.10142,-77.09088,394
5,35.10177,-77.08997,395
5,35.10211,-77.08907,396
5,35.10212,-77.08903,397
5,35.10228,-77.08858,398
5,35.10242,-77.0882,399
5,35.10265,-77.08759,400
5,35.10231,-77.08742,401
5,35.10224,-77.08741,402
5,35.1022,-77.08741,403
5,35.10215,-77.08742,404
5,35.10209,-77.08746,405
5,35.10202,-77.08763,406
5,35.10193,-77.08759,407
5,35.10135,-77.08726,408
5,35.10132,-77.08732,409
5,35.10135,-77.08726,410
5,35.10193,-77.08759,411
5,35.10202,-77.08763,412
5,35.10209,-77.08746,413
5,35.10215,-77.0873,414
5,35.10218,-77.08723,415
5,35.10269,-77.0875,416
5,35.10328,-77.08593,417
5,35.10347,-77.08544,418
5,35.1036,-77.08511,419
5,35.10388,-77.08437,420
5,35.10399,-77.08408,421
5,35.10405,-77.08392,422
5,35.10429,-77.08329,423
5,35.10445,-77.08285,424
5,35.10472,-77.08213,425
5,35.1048,-77.08193,426
5,35.10488,-77.08173,427
5,35.10508,-77.08119,428
5,35.10516,-77.081,429
5,35.10539,-77.08037,430
5,35.10613,-77.0784,431
5,35.10649,-77.07743,432
5,35.10689,-77.07638,433
5,35.10752,-77.07471,434
5,35.10765,-77.07437,435
5,35.10838,-77.07244,436
5,35.10854,-77.07201,437
5,35.1087,-77.0716,438
5,35.10891,-77.07103,439
5,35.10909,-77.07055,440
5,35.10911,-77.07049,441
5,35.10928,-77.07,442
5,35.10936,-77.06976,443
5,35.10944,-77.0695,444
5,35.10948,-77.06939,445
5,35.10957,-77.06908,446
5,35.10975,-77.06842,447
5,35.10988,-77.06788,448
5,35.10998,-77.0674,449
5,35.11012,-77.06669,450
5,35.11019,-77.06627,451
5,35.11026,-77.06585,452
5,35.1103,-77.06555,453
5,35.11034,-77.06516,454
5,35.11039,-77.06463,455
5,35.1104,-77.06442,456
5,35.11041,-77.06412,457
5,35.11041,-77.06403,458
5,35.11039,-77.06372,459
5,35.11036,-77.06353,460
5,35.11034,-77.06335,461
5,35.11032,-77.06319,462
5,35.11031,-77.06309,463
5,35.11025,-77.06266,464
5,35.11018,-77.06217,465
5,35.11014,-77.06196,466
5,35.11003,-77.06131,467
5,35.11,-77.06116,468
5,35.10995,-77.06084,469
5,35.10985,-77.0603,470
5,35.10969,-77.05945,471
5,35.10961,-77.05903,472
5,35.10947,-77.05824,473
5,35.10947,-77.05805,474
5,35.10943,-77.05779,475
5,35.10934,-77.0573,476
5,35.10933,-77.05726,477
5,35.10929,-77.05708,478
5,35.1092,-77.05659,479
5,35.10913,-77.0563,480
5,35.10894,-77.05535,481
5,35.10889,-77.05507,482
5,35.10873,-77.0543,483
5,35.1086,-77.05363,484
5,35.10852,-77.05319,485
5,35.10846,-77.05311,486
5,35.10832,-77.05238,487
5,35.10827,-77.05204,488
5,35.10825,-77.05191,489
5,35.10822,-77.05162,490
5,35.10822,-77.0516,491
5,35.10822,-77.05154,492
5,35.10818,-77.05099,493
5,35.10818,-77.05083,494
5,35.10816,-77.05019,495
5,35.10815,-77.04976,496
5,35.10814,-77.04921,497
5,35.10821,-77.04915,498
5,35.10876,-77.0492,499
5,35.10879,-77.0492,500
5,35.10893,-77.04922,501
5,35.10938,-77.04926,502
5,35.10951,-77.04927,503
5,35.11038,-77.04934,504
5,35.11053,-77.04935,505
5,35.11087,-77.04936,506
5,35.11142,-77.04935,507
5,35.1119,-77.04937,508
5,35.1119,-77.04969,509
5,35.1119,-77.05,510
5,35.11189,-77.05029,511
5,35.11189,-77.05068,512
5,35.11187,-77.05116,513
5,35.11187,-77.05136,514
5,35.11187,-77.05153,515
5,35.11188,-77.05195,516
5,35.11186,-77.05248,517
5,35.11185,-77.05312,518
5,35.11191,-77.05381,519
5,35.11196,-77.05451,520
5,35.11196,-77.05454,521
5,35.11196,-77.05457,522
5,35.11196,-77.0546,523
5,35.11194,-77.05463,524
5,35.11119,-77.05475,525
5,35.11194,-77.05463,526
5,35.11196,-77.0546,527
5,35.11196,-77.05457,528
5,35.11196,-77.05454,529
5,35.11196,-77.05451,530
5,35.11191,-77.05381,531
5,35.11185,-77.05312,532
5,35.11244,-77.05318,533
5,35.11255,-77.05319,534
5,35.11278,-77.05321,535
5,35.11313,-77.05327,536
5,35.11331,-77.05332,537
5,35.11344,-77.05335,538
5,35.11349,-77.05336,539
5,35.11373,-77.05343,540
5,35.11406,-77.05356,541
5,35.11418,-77.05359,542
5,35.11443,-77.05365,543
5,35.11454,-77.05358,544
5,35.11523,-77.05242,545
5,35.11558,-77.05276,546
5,35.11643,-77.05357,547
5,35.11558,-77.05276,548
5,35.11523,-77.05242,549
5,35.11574,-77.05162,550
5,35.11583,-77.05149,551
5,35.116,-77.05123,552
5,35.11616,-77.05094,553
5,35.11634,-77.05064,554
5,35.11643,-77.05049,555
5,35.1166,-77.05022,556
5,35.11677,-77.04991,557
5,35.11644,-77.04959,558
5,35.11547,-77.04857,559
5,35.11479,-77.0479,560
5,35.11459,-77.04779,561
5,35.11462,-77.04699,562
5,35.1146,-77.04686,563
5,35.11461,-77.04635,564
5,35.11461,-77.04616,565
5,35.11501,-77.04618,566
5,35.11527,-77.04617,567
5,35.11557,-77.04577,568
5,35.11564,-77.04566,569
5,35.11583,-77.04538,570
5,35.11514,-77.04481,571
5,35.11504,-77.04473,572
5,35.11492,-77.04464,573
5,35.11482,-77.04457,574
5,35.11476,-77.04454,575
5,35.11466,-77.04452,576
5,35.11424,-77.0445,577
5,35.11369,-77.04448,578
5,35.11351,-77.04447,579
5,35.11333,-77.04447,580
5,35.11199,-77.04443,581
5,35.11088,-77.0444,582
5,35.11056,-77.04439,583
5,35.10968,-77.04437,584
5,35.10919,-77.04435,585
5,35.10909,-77.04435,586
5,35.10879,-77.04434,587
5,35.10878,-77.04434,588
5,35.10835,-77.04433,589
5,35.10836,-77.04406,590
5,35.1084,-77.04285,591
5,35.10845,-77.04129,592
5,35.10845,-77.04119,593
5,35.10844,-77.04118,594
5,35.10834,-77.04041,595
5,35.10824,-77.03963,596
5,35.10814,-77.03888,597
5,35.10802,-77.03801,598
5,35.10767,-77.03809,599
5,35.10762,-77.0381,600
5,35.10756,-77.03812,601
5,35.10749,-77.03813,602
5,35.10734,-77.03816,603
5,35.10719,-77.03819,604
5,35.10713,-77.0382,605
5,35.10701,-77.03822,606
5,35.10679,-77.03825,607
5,35.10666,-77.03827,608
5,35.10683,-77.03964,609
5,35.10686,-77.03979,610
5,35.10687,-77.03989,611
5,35.107,-77.04092,612
5,35.10701,-77.04101,613
5,35.10703,-77.04114,614
5,35.10703,-77.04118,615
5,35.10707,-77.04145,616
5,35.10708,-77.04145,617
5,35.10708,-77.04147,618
5,35.10708,-77.04151,619
5,35.10708,-77.04165,620
5,35.10708,-77.04197,621
5,35.10707,-77.0423,622
5,35.10707,-77.04232,623
5,35.10707,-77.04237,624
5,35.10705,-77.04263,625
5,35.10705,-77.04264,626
5,35.10703,-77.04316,627
5,35.10699,-77.0443,628
5,35.10696,-77.0448,629
5,35.10692,-77.04578,630
5,35.10689,-77.04643,631
5,35.10685,-77.04763,632
5,35.10684,-77.04807,633
5,35.10676,-77.04811,634
5,35.10672,-77.04812,635
5,35.10667,-77.04812,636
5,35.10649,-77.04806,637
5,35.10643,-77.04801,638
5,35.10632,-77.04793,639
5,35.10617,-77.04783,640
5,35.10599,-77.04817,641
5,35.10617,-77.04783,642
5,35.10632,-77.04793,643
5,35.10643,-77.04801,644
5,35.10649,-77.04806,645
5,35.10667,-77.04812,646
5,35.10672,-77.04812,647
5,35.10676,-77.04811,648
5,35.10684,-77.04807,649
5,35.10744,-77.04795,650
5,35.10748,-77.04794,651
5,35.10779,-77.04788,652
5,35.10819,-77.0478,653
5,35.10825,-77.04781,654
5,35.10822,-77.04881,655
5,35.10821,-77.04915,656
5,35.10823,-77.05003,657
5,35.10824,-77.05019,658
5,35.10826,-77.05082,659
5,35.10826,-77.05098,660
5,35.1083,-77.05153,661
5,35.10831,-77.05159,662
5,35.10831,-77.0516,663
5,35.10834,-77.05189,664
5,35.10836,-77.05202,665
5,35.10841,-77.05237,666
5,35.10853,-77.05308,667
5,35.10852,-77.05319,668
5,35.1086,-77.05363,669
5,35.10873,-77.0543,670
5,35.10889,-77.05507,671
5,35.10894,-77.05535,672
5,35.10913,-77.0563,673
5,35.1092,-77.05659,674
5,35.10929,-77.05708,675
5,35.10933,-77.05726,676
5,35.10934,-77.0573,677
5,35.10947,-77.05805,678
5,35.10957,-77.05821,679
5,35.10995,-77.06028,680
5,35.11019,-77.0616,681
5,35.11029,-77.0621,682
5,35.11045,-77.06298,683
5,35.11052,-77.0635,684
5,35.11052,-77.06352,685
5,35.11055,-77.06373,686
5,35.11062,-77.0638,687
5,35.11065,-77.06385,688
5,35.11069,-77.06393,689
5,35.11101,-77.06474,690
5,35.1112,-77.06512,691
5,35.11148,-77.06559,692
5,35.11188,-77.06627,693
5,35.11211,-77.06607,694
5,35.11246,-77.06573,695
5,35.11255,-77.06585,696
5,35.11258,-77.06589,697
5,35.11273,-77.06607,698
5,35.1128,-77.06616,699
5,35.11283,-77.06618,700
5,35.11287,-77.0662,701
5,35.1129,-77.06622,702
5,35.11292,-77.06623,703
5,35.11294,-77.06626,704
5,35.11306,-77.06651,705
5,35.11314,-77.06668,706
5,35.11313,-77.06695,707
5,35.11313,-77.06696,708
5,35.11313,-77.067,709
5,35.11313,-77.06702,710
5,35.11313,-77.06705,711
5,35.11313,-77.06706,712
5,35.11314,-77.06708,713
5,35.11314,-77.06709,714
5,35.11321,-77.06721,715
5,35.11334,-77.06743,716
5,35.11337,-77.06747,717
5,35.11345,-77.06763,718
5,35.11325,-77.0678,719
5,35.11287,-77.06812,720
5,35.11331,-77.0689,721
5,35.11343,-77.06912,722
5,35.11331,-77.06923,723
5,35.1129,-77.06962,724
5,35.11289,-77.06962,725
5,35.11285,-77.06966,726
5,35.11296,-77.06982,727
5,35.11306,-77.06999,728
5,35.11309,-77.07005,729
5,35.11306,-77.06999,730
5,35.11296,-77.06982,731
5,35.11285,-77.06966,732
5,35.11289,-77.06962,733
5,35.1129,-77.06962,734
5,35.11331,-77.06923,735
5,35.11343,-77.06912,736
5,35.11331,-77.0689,737
5,35.11287,-77.06812,738
5,35.11254,-77.06751,739
5,35.1122,-77.06687,740
5,35.11217,-77.0668,741
5,35.11188,-77.06627,742
5,35.11076,-77.06718,743
5,35.11031,-77.06754,744
5,35.11009,-77.06776,745
5,35.10998,-77.06826,746
5,35.10989,-77.06863,747
5,35.10979,-77.069,748
5,35.10962,-77.0696,749
5,35.10955,-77.06981,750
5,35.10948,-77.07002,751
5,35.10939,-77.07029,752
5,35.10935,-77.07041,753
5,35.10919,-77.07082,754
5,35.10912,-77.071,755
5,35.10886,-77.0717,756
5,35.10838,-77.07295,757
5,35.10769,-77.07478,758
5,35.10754,-77.07519,759
5,35.10716,-77.07621,760
5,35.10708,-77.07642,761
5,35.10659,-77.07771,762
5,35.1065,-77.07796,763
5,35.10623,-77.07867,764
5,35.10611,-77.079,765
5,35.10555,-77.08046,766
5,35.1054,-77.08086,767
5,35.10539,-77.08088,768
5,35.10535,-77.081,769
5,35.10525,-77.08126,770
5,35.10488,-77.08224,771
5,35.10472,-77.08269,772
5,35.10442,-77.08346,773
5,35.10411,-77.08427,774
5,35.10403,-77.08447,775
5,35.104,-77.08456,776
5,35.10373,-77.08527,777
5,35.10347,-77.08596,778
5,35.10334,-77.08632,779
5,35.10319,-77.08674,780
5,35.10303,-77.08718,781
5,35.10288,-77.08759,782
5,35.10284,-77.0877,783
5,35.10265,-77.08759,784
5,35.10231,-77.08742,785
5,35.10224,-77.08741,786
5,35.1022,-77.08741,787
5,35.10215,-77.08742,788
5,35.10209,-77.08746,789
5,35.10202,-77.08763,790
5,35.10193,-77.08759,791
5,35.10135,-77.08726,792
5,35.10132,-77.08732,793
5,35.10135,-77.08726,794
5,35.10193,-77.08759,795
5,35.10202,-77.08763,796
5,35.10209,-77.08746,797
5,35.10215,-77.0873,798
5,35.10218,-77.08723,799
5,35.10269,-77.0875,800
5,35.10288,-77.08759,801
5,35.10284,-77.0877,802
5,35.10224,-77.08925,803
5,35.10195,-77.09001,804
5,35.10169,-77.09069,805
5,35.10161,-77.09092,806
5,35.10135,-77.09159,807
5,35.10117,-77.09207,808
5,35.101,-77.09251,809
5,35.10088,-77.09284,810
5,35.1007,-77.09329,811
5,35.10034,-77.09426,812
5,35.09995,-77.09528,813
5,35.10038,-77.09533,814
5,35.10067,-77.09536,815
5,35.10074,-77.09537,816
5,35.10104,-77.09537,817
5,35.10162,-77.09539,818
5,35.10171,-77.09539,819
5,35.102,-77.09539,820
5,35.10236,-77.09541,821
5,35.10254,-77.09543,822
5,35.10252,-77.09567,823
5,35.10235,-77.09722,824
5,35.10205,-77.09719,825
5,35.10141,-77.09713,826
5,35.10062,-77.09705,827
5,35.1006,-77.09724,828
5,35.1006,-77.09736,829
5,35.10023,-77.09732,830
5,35.10015,-77.09731,831
5,35.10005,-77.09729,832
5,35.10005,-77.09731,833
5,35.09997,-77.09804,834
5,35.09995,-77.09812,835
5,35.09993,-77.09815,836
5,35.09999,-77.09818,837
5,35.09999,-77.09819,838
5,35.09996,-77.09861,839
5,35.09994,-77.09887,840
5,35.09989,-77.099,841
5,35.09983,-77.09917,842
5,35.09982,-77.09927,843
5,35.09955,-77.09922,844
5,35.09934,-77.09921,845
5,35.09893,-77.09914,846
5,35.09891,-77.09914,847
5,35.09885,-77.09916,848
5,35.09881,-77.0992,849
5,35.09879,-77.09925,850
5,35.09878,-77.09928,851
5,35.09876,-77.09947,852
5,35.09878,-77.09928,853
5,35.09879,-77.09925,854
5,35.09881,-77.0992,855
5,35.09885,-77.09916,856
5,35.09891,-77.09914,857
5,35.09893,-77.09914,858
5,35.09934,-77.09921,859
5,35.09935,-77.09916,860
5,35.09937,-77.09891,861
5,35.09985,-77.099,862
5,35.09989,-77.099,863
5,35.10013,-77.09904,864
5,35.10127,-77.09922,865
5,35.10141,-77.09924,866
5,35.10198,-77.09934,867
5,35.10204,-77.09935,868
5,35.10241,-77.09941,869
5,35.10297,-77.0995,870
5,35.10319,-77.09954,871
5,35.10323,-77.09955,872
5,35.1036,-77.09961,873
5,35.10374,-77.09963,874
5,35.10403,-77.09968,875
5,35.10416,-77.0997,876
5,35.1042,-77.09971,877
5,35.10438,-77.09973,878
5,35.10458,-77.09977,879
5,35.105,-77.09984,880
5,35.10562,-77.09994,881
5,35.10566,-77.09994,882
5,35.10596,-77.09999,883
5,35.10603,-77.1,884
5,35.10635,-77.10005,885
5,35.10659,-77.10009,886
5,35.10663,-77.1001,887
5,35.10689,-77.10013,888
5,35.107,-77.10014,889
5,35.10751,-77.10019,890
5,35.10754,-77.10019,891
5,35.10768,-77.10019,892
5,35.10802,-77.10017,893
5,35.10811,-77.10016,894
5,35.10835,-77.10013,895
5,35.10868,-77.10007,896
5,35.10883,-77.10004,897
5,35.10912,-77.09995,898
5,35.10926,-77.0999,899
5,35.10929,-77.09989,900
5,35.10939,-77.09985,901
5,35.10946,-77.09982,902
5,35.10973,-77.0997,903
5,35.10996,-77.09958,904
5,35.10993,-77.09951,905
5,35.10983,-77.09927,906
5,35.10978,-77.09917,907
5,35.10972,-77.09906,908
5,35.1096,-77.09886,909
5,35.10953,-77.09877,910
5,35.10947,-77.09868,911
5,35.10934,-77.09856,912
5,35.10952,-77.09833,913
5,35.10967,-77.09815,914
5,35.10976,-77.098,915
5,35.10984,-77.09779,916
5,35.10985,-77.09776,917
5,35.10988,-77.09766,918
5,35.10985,-77.09776,919
5,35.10984,-77.09779,920
5,35.10976,-77.098,921
5,35.10967,-77.09815,922
5,35.10952,-77.09833,923
5,35.10934,-77.09856,924
5,35.10947,-77.09868,925
5,35.10953,-77.09877,926
5,35.1096,-77.09886,927
5,35.10972,-77.09906,928
5,35.10978,-77.09917,929
5,35.10983,-77.09927,930
5,35.10993,-77.09951,931
5,35.10996,-77.09958,932
5,35.11025,-77.0994,933
5,35.11043,-77.09927,934
5,35.1105,-77.09922,935
5,35.11058,-77.09915,936
5,35.11113,-77.09866,937
5,35.11146,-77.09834,938
5,35.11178,-77.09804,939
5,35.11229,-77.09758,940
5,35.11248,-77.0974,941
5,35.11259,-77.0973,942
5,35.1126,-77.09728,943
5,35.11267,-77.09721,944
5,35.11288,-77.09701,945
5,35.11336,-77.09654,946
5,35.1135,-77.0964,947
5,35.11366,-77.09624,948
5,35.11384,-77.09607,949
5,35.11407,-77.09585,950
5,35.1142,-77.09573,951
5,35.11441,-77.09553,952
5,35.11497,-77.09499,953
5,35.1158,-77.0942,954
5,35.11567,-77.09398,955
5,35.11551,-77.09372,956
5,35.11536,-77.09386,957
5,35.11522,-77.09399,958
5,35.11508,-77.09412,959
6,35.1418,-77.09934,0
6,35.14172,-77.09951,1
6,35.14136,-77.10028,2
6,35.14126,-77.10052,3
6,35.14121,-77.10062,4
6,35.14119,-77.10069,5
6,35.14116,-77.10078,6
6,35.14103,-77.10106,7
6,35.14074,-77.10166,8
6,35.14053,-77.10213,9
6,35.14005,-77.10165,10
6,35.13963,-77.10124,11
6,35.13932,-77.10091,12
6,35.13893,-77.10051,13
6,35.13881,-77.10038,14
6,35.13866,-77.10022,15
6,35.13819,-77.09973,16
6,35.1378,-77.09932,17
6,35.13753,-77.09903,18
6,35.1372,-77.09868,19
6,35.13691,-77.09839,20
6,35.13629,-77.09774,21
6,35.13615,-77.09759,22
6,35.13595,-77.0974,23
6,35.13545,-77.09693,24
6,35.13543,-77.09692,25
6,35.13522,-77.09671,26
6,35.13489,-77.09639,27
6,35.13475,-77.09627,28
6,35.1343,-77.09584,29
6,35.13372,-77.09527,30
6,35.13292,-77.09447,31
6,35.13237,-77.09393,32
6,35.13177,-77.09424,33
6,35.13147,-77.0944,34
6,35.13097,-77.09466,35
6,35.13064,-77.09483,36
6,35.13031,-77.09501,37
6,35.12982,-77.09527,38
6,35.12978,-77.09529,39
6,35.12968,-77.09533,40
6,35.12953,-77.09541,41
6,35.12939,-77.09548,42
6,35.12905,-77.09564,43
6,35.12838,-77.09597,44
6,35.12822,-77.09604,45
6,35.12805,-77.09613,46
6,35.12795,-77.09618,47
6,35.12738,-77.09645,48
6,35.12712,-77.09661,49
6,35.12709,-77.09663,50
6,35.12684,-77.09676,51
6,35.12669,-77.09682,52
6,35.1264,-77.09698,53
6,35.12609,-77.09714,54
6,35.1263,-77.09764,55
6,35.12646,-77.09791,56
6,35.12676,-77.09844,57
6,35.12687,-77.09863,58
6,35.12752,-77.09968,59
6,35.12773,-77.10003,60
6,35.1278,-77.10019,61
6,35.12781,-77.10025,62
6,35.12781,-77.10029,63
6,35.12782,-77.10033,64
6,35.12782,-77.10036,65
6,35.1278,-77.1017,66
6,35.12779,-77.10321,67
6,35.12778,-77.10346,68
6,35.12777,-77.10396,69
6,35.1277,-77.1044,70
6,35.12764,-77.1047,71
6,35.1276,-77.10497,72
6,35.1266,-77.10461,73
6,35.12615,-77.1045,74
6,35.12586,-77.10443,75
6,35.12567,-77.10442,76
6,35.12569,-77.10374,77
6,35.1257,-77.10366,78
6,35.12571,-77.10354,79
6,35.12574,-77.1033,80
6,35.1258,-77.1032,81
6,35.12581,-77.10318,82
6,35.12587,-77.1031,83
6,35.12581,-77.10318,84
6,35.1258,-77.1032,85
6,35.12574,-77.1033,86
6,35.12571,-77.10354,87
6,35.1257,-77.10366,88
6,35.12569,-77.10374,89
6,35.12567,-77.10442,90
6,35.12562,-77.10442,91
6,35.12553,-77.10442,92
6,35.12551,-77.10442,93
6,35.12532,-77.10445,94
6,35.12506,-77.10459,95
6,35.12475,-77.10488,96
6,35.12447,-77.1051,97
6,35.12386,-77.10562,98
6,35.12366,-77.10531,99
6,35.1231,-77.1044,100
6,35.12305,-77.10433,101
6,35.12285,-77.10403,102
6,35.12263,-77.10373,103
6,35.12251,-77.10352,104
6,35.12207,-77.10284,105
6,35.12198,-77.10268,106
6,35.12182,-77.10241,107
6,35.12164,-77.10208,108
6,35.12162,-77.10203,109
6,35.12155,-77.10188,110
6,35.12146,-77.10162,111
6,35.12144,-77.10159,112
6,35.12141,-77.10152,113
6,35.12106,-77.1009,114
6,35.12078,-77.10044,115
6,35.12062,-77.10019,116
6,35.12049,-77.09999,117
6,35.12044,-77.09993,118
6,35.12051,-77.0999,119
6,35.12151,-77.09942,120
6,35.12207,-77.09914,121
6,35.1222,-77.09908,122
6,35.12256,-77.0989,123
6,35.12341,-77.09848,124
6,35.12303,-77.09737,125
6,35.12266,-77.09625,126
6,35.12255,-77.09593,127
6,35.12249,-77.09563,128
6,35.12247,-77.09524,129
6,35.12247,-77.09519,130
6,35.12252,-77.09485,131
6,35.12256,-77.09467,132
6,35.1226,-77.09451,133
6,35.12274,-77.09393,134
6,35.12285,-77.09353,135
6,35.12291,-77.09342,136
6,35.12311,-77.0931,137
6,35.12328,-77.09287,138
6,35.12334,-77.09278,139
6,35.12367,-77.09231,140
6,35.12404,-77.09181,141
6,35.12424,-77.09157,142
6,35.12445,-77.09141,143
6,35.1247,-77.0913,144
6,35.12486,-77.09128,145
6,35.12499,-77.09127,146
6,35.12533,-77.09126,147
6,35.12535,-77.09125,148
6,35.12554,-77.09124,149
6,35.12565,-77.09123,150
6,35.12594,-77.09113,151
6,35.12619,-77.09096,152
6,35.12623,-77.09091,153
6,35.12639,-77.09071,154
6,35.12655,-77.0905,155
6,35.12682,-77.09012,156
6,35.12708,-77.08976,157
6,35.12726,-77.08952,158
6,35.12756,-77.08913,159
6,35.12649,-77.08797,160
6,35.1261,-77.08754,161
6,35.12588,-77.0873,162
6,35.12551,-77.08782,163
6,35.12564,-77.08794,164
6,35.12536,-77.08831,165
6,35.12543,-77.08839,166
6,35.12536,-77.08831,167
6,35.12564,-77.08794,168
6,35.12551,-77.08782,169
6,35.12588,-77.0873,170
6,35.12571,-77.08711,171
6,35.12552,-77.0869,172
6,35.12544,-77.08682,173
6,35.12538,-77.08676,174
6,35.12534,-77.0867,175
6,35.12494,-77.08627,176
6,35.12464,-77.08596,177
6,35.12447,-77.08578,178
6,35.12427,-77.08556,179
6,35.12423,-77.08552,180
6,35.12405,-77.08531,181
6,35.12393,-77.08518,182
6,35.12351,-77.08472,183
6,35.12279,-77.08393,184
6,35.12145,-77.08248,185
6,35.12117,-77.08218,186
6,35.12091,-77.08189,187
6,35.12078,-77.08174,188
6,35.12074,-77.0817,189
6,35.1204,-77.08134,190
6,35.12018,-77.08109,191
6,35.12013,-77.08102,192
6,35.11999,-77.08085,193
6,35.11988,-77.08068,194
6,35.11973,-77.08043,195
6,35.11942,-77.07987,196
6,35.11894,-77.079,197
6,35.11891,-77.07895,198
6,35.11854,-77.07829,199
6,35.11816,-77.07761,200
6,35.11769,-77.07676,201
6,35.11747,-77.07637,202
6,35.11685,-77.07526,203
6,35.1163,-77.07425,204
6,35.11628,-77.07421,205
6,35.11599,-77.07367,206
6,35.11569,-77.07317,207
6,35.11543,-77.07272,208
6,35.11503,-77.07199,209
6,35.11471,-77.07142,210
6,35.1146,-77.07121,211
6,35.11456,-77.07115,212
6,35.11446,-77.07096,213
6,35.11427,-77.07061,214
6,35.11401,-77.07015,215
6,35.11379,-77.06977,216
6,35.11373,-77.06965,217
6,35.11348,-77.06921,218
6,35.11343,-77.06912,219
6,35.11331,-77.0689,220
6,35.11287,-77.06812,221
6,35.11254,-77.06751,222
6,35.1122,-77.06687,223
6,35.11217,-77.0668,224
6,35.11188,-77.06627,225
6,35.11148,-77.06559,226
6,35.1112,-77.06512,227
6,35.11101,-77.06474,228
6,35.11056,-77.0645,229
6,35.1104,-77.06442,230
6,35.11041,-77.06412,231
6,35.11041,-77.06403,232
6,35.11039,-77.06372,233
6,35.11036,-77.06353,234
6,35.11034,-77.06335,235
6,35.11032,-77.06319,236
6,35.11031,-77.06309,237
6,35.11025,-77.06266,238
6,35.11018,-77.06217,239
6,35.11014,-77.06196,240
6,35.11003,-77.06131,241
6,35.11,-77.06116,242
6,35.10995,-77.06084,243
6,35.10985,-77.0603,244
6,35.10969,-77.05945,245
6,35.10961,-77.05903,246
6,35.10947,-77.05824,247
6,35.10947,-77.05805,248
6,35.10943,-77.05779,249
6,35.10934,-77.0573,250
6,35.10933,-77.05726,251
6,35.10929,-77.05708,252
6,35.1092,-77.05659,253
6,35.10913,-77.0563,254
6,35.10894,-77.05535,255
6,35.10889,-77.05507,256
6,35.10873,-77.0543,257
6,35.1086,-77.05363,258
6,35.10852,-77.05319,259
6,35.10846,-77.05311,260
6,35.10832,-77.05238,261
6,35.10827,-77.05204,262
6,35.10825,-77.05191,263
6,35.10822,-77.05162,264
6,35.10822,-77.0516,265
6,35.10822,-77.05154,266
6,35.10818,-77.05099,267
6,35.10818,-77.05083,268
6,35.10816,-77.05019,269
6,35.10815,-77.04976,270
6,35.10814,-77.04921,271
6,35.10821,-77.04915,272
6,35.10876,-77.0492,273
6,35.10879,-77.0492,274
6,35.10893,-77.04922,275
6,35.10938,-77.04926,276
6,35.10951,-77.04927,277
6,35.11038,-77.04934,278
6,35.11053,-77.04935,279
6,35.11087,-77.04936,280
6,35.11142,-77.04935,281
6,35.1119,-77.04937,282
6,35.1119,-77.04969,283
6,35.1119,-77.05,284
6,35.11189,-77.05029,285
6,35.11189,-77.05068,286
6,35.11187,-77.05116,287
6,35.11187,-77.05136,288
6,35.11187,-77.05153,289
6,35.11188,-77.05195,290
6,35.11186,-77.05248,291
6,35.11185,-77.05312,292
6,35.11191,-77.05381,293
6,35.11196,-77.05451,294
6,35.11196,-77.05454,295
6,35.11196,-77.05457,296
6,35.11196,-77.0546,297
6,35.11194,-77.05463,298
6,35.11119,-77.05475,299
6,35.11194,-77.05463,300
6,35.11196,-77.0546,301
6,35.11196,-77.05457,302
6,35.11196,-77.05454,303
6,35.11196,-77.05451,304
6,35.11191,-77.05381,305
6,35.11185,-77.05312,306
6,35.11244,-77.05318,307
6,35.11255,-77.05319,308
6,35.11278,-77.05321,309
6,35.11313,-77.05327,310
6,35.11331,-77.05332,311
6,35.11344,-77.05335,312
6,35.11349,-77.05336,313
6,35.11373,-77.05343,314
6,35.11406,-77.05356,315
6,35.11418,-77.05359,316
6,35.11443,-77.05365,317
6,35.11454,-77.05358,318
6,35.11523,-77.05242,319
6,35.11558,-77.05276,320
6,35.11643,-77.05357,321
6,35.11558,-77.05276,322
6,35.11523,-77.05242,323
6,35.11574,-77.05162,324
6,35.11583,-77.05149,325
6,35.116,-77.05123,326
6,35.11616,-77.05094,327
6,35.11634,-77.05064,328
6,35.11643,-77.05049,329
6,35.1166,-77.05022,330
6,35.11677,-77.04991,331
6,35.11644,-77.04959,332
6,35.11547,-77.04857,333
6,35.11479,-77.0479,334
6,35.11459,-77.04779,335
6,35.11462,-77.04699,336
6,35.1146,-77.04686,337
6,35.11461,-77.04635,338
6,35.11461,-77.04616,339
6,35.11501,-77.04618,340
6,35.11527,-77.04617,341
6,35.11557,-77.04577,342
6,35.11564,-77.04566,343
6,35.11583,-77.04538,344
6,35.11514,-77.04481,345
6,35.11504,-77.04473,346
6,35.11492,-77.04464,347
6,35.11482,-77.04457,348
6,35.11476,-77.04454,349
6,35.11466,-77.04452,350
6,35.11424,-77.0445,351
6,35.11369,-77.04448,352
6,35.11351,-77.04447,353
6,35.11333,-77.04447,354
6,35.11199,-77.04443,355
6,35.11088,-77.0444,356
6,35.11056,-77.04439,357
6,35.11017,-77.04516,358
6,35.11008,-77.04532,359
6,35.10973,-77.04601,360
6,35.10964,-77.04625,361
6,35.10954,-77.04646,362
6,35.10892,-77.04767,363
6,35.10825,-77.04781,364
6,35.10819,-77.0478,365
6,35.10779,-77.04788,366
6,35.10748,-77.04794,367
6,35.10744,-77.04795,368
6,35.10684,-77.04807,369
6,35.10676,-77.04811,370
6,35.10672,-77.04812,371
6,35.10667,-77.04812,372
6,35.10649,-77.04806,373
6,35.10643,-77.04801,374
6,35.10632,-77.04793,375
6,35.10617,-77.04783,376
6,35.10599,-77.04817,377
6,35.10617,-77.04783,378
6,35.10581,-77.04756,379
6,35.10574,-77.04751,380
6,35.10555,-77.04737,381
6,35.10545,-77.04754,382
6,35.10522,-77.04801,383
6,35.10491,-77.04864,384
6,35.10486,-77.04876,385
6,35.10483,-77.04883,386
6,35.10479,-77.04893,387
6,35.10471,-77.04924,388
6,35.10455,-77.04991,389
6,35.10455,-77.04998,390
6,35.10453,-77.05002,391
6,35.10444,-77.0505,392
6,35.10431,-77.05113,393
6,35.10423,-77.05157,394
6,35.10421,-77.05192,395
6,35.10418,-77.05235,396
6,35.10416,-77.05268,397
10,35.12241,-77.08353,0
10,35.12145,-77.08248,1
10,35.12117,-77.08218,2
10,35.12091,-77.08189,3
10,35.12078,-77.08174,4
10,35.12074,-77.0817,5
10,35.1204,-77.08134,6
10,35.12018,-77.08109,7
10,35.12013,-77.08102,8
10,35.11999,-77.08085,9
10,35.11988,-77.08068,10
10,35.11973,-77.08043,11
10,35.11942,-77.07987,12
10,35.11894,-77.079,13
10,35.11891,-77.07895,14
10,35.11854,-77.07829,15
10,35.11816,-77.07761,16
10,35.11769,-77.07676,17
10,35.11747,-77.07637,18
10,35.11685,-77.07526,19
10,35.1163,-77.07425,20
10,35.11628,-77.07421,21
10,35.11599,-77.07367,22
10,35.11569,-77.07317,23
10,35.11543,-77.07272,24
10,35.11503,-77.07199,25
10,35.11471,-77.07142,26
10,35.1146,-77.07121,27
10,35.11456,-77.07115,28
10,35.11446,-77.07096,29
10,35.11427,-77.07061,30
10,35.11401,-77.07015,31
10,35.11379,-77.06977,32
10,35.11373,-77.06965,33
10,35.11348,-77.06921,34
10,35.11343,-77.06912,35
10,35.11331,-77.0689,36
10,35.11287,-77.06812,37
10,35.11254,-77.06751,38
10,35.1122,-77.06687,39
10,35.11217,-77.0668,40
10,35.11188,-77.06627,41
10,35.11148,-77.06559,42
10,35.1112,-77.06512,43
10,35.11101,-77.06474,44
10,35.11056,-77.0645,45
10,35.1104,-77.06442,46
10,35.11041,-77.06412,47
10,35.11041,-77.06403,48
10,35.11039,-77.06372,49
10,35.11036,-77.06353,50
10,35.11034,-77.06335,51
10,35.11032,-77.06319,52
10,35.11031,-77.06309,53
10,35.11025,-77.06266,54
10,35.11018,-77.06217,55
10,35.11014,-77.06196,56
10,35.11003,-77.06131,57
10,35.11,-77.06116,58
10,35.10995,-77.06084,59
10,35.10985,-77.0603,60
10,35.10969,-77.05945,61
10,35.10961,-77.05903,62
10,35.10947,-77.05824,63
10,35.10947,-77.05805,64
10,35.10943,-77.05779,65
10,35.10934,-77.0573,66
10,35.10933,-77.05726,67
10,35.10929,-77.05708,68
10,35.1092,-77.05659,69
10,35.10913,-77.0563,70
10,35.10894,-77.05535,71
10,35.10889,-77.05507,72
10,35.10873,-77.0543,73
10,35.1086,-77.05363,74
10,35.10852,-77.05319,75
10,35.10846,-77.05311,76
10,35.10832,-77.05238,77
10,35.10827,-77.05204,78
10,35.10825,-77.05191,79
10,35.10822,-77.05162,80
10,35.10822,-77.0516,81
10,35.10822,-77.05154,82
10,35.10818,-77.05099,83
10,35.10818,-77.05083,84
10,35.10816,-77.05019,85
10,35.10815,-77.04976,86
10,35.10814,-77.04921,87
10,35.10821,-77.04915,88
10,35.10876,-77.0492,89
10,35.10879,-77.0492,90
10,35.10893,-77.04922,91
10,35.10938,-77.04926,92
10,35.10951,-77.04927,93
10,35.11038,-77.04934,94
10,35.11053,-77.04935,95
10,35.11087,-77.04936,96
10,35.11142,-77.04935,97
10,35.1119,-77.04937,98
10,35.1119,-77.04969,99
10,35.1119,-77.05,100
10,35.11189,-77.05029,101
10,35.11189,-77.05068,102
10,35.11187,-77.05116,103
10,35.11187,-77.05136,104
10,35.11187,-77.05153,105
10,35.11188,-77.05195,106
10,35.11186,-77.05248,107
10,35.11185,-77.05312,108
10,35.11191,-77.05381,109
10,35.11196,-77.05451,110
10,35.11196,-77.05454,111
10,35.11196,-77.05457,112
10,35.11196,-77.0546,113
10,35.11194,-77.05463,114
10,35.11119,-77.05475,115
10,35.11194,-77.05463,116
10,35.11196,-77.0546,117
10,35.11196,-77.05457,118
10,35.11196,-77.05454,119
10,35.11196,-77.05451,120
10,35.11191,-77.05381,121
10,35.11185,-77.05312,122
10,35.11244,-77.05318,123
10,35.11255,-77.05319,124
10,35.11278,-77.05321,125
10,35.11313,-77.05327,126
10,35.11331,-77.05332,127
10,35.11344,-77.05335,128
10,35.11349,-77.05336,129
10,35.11373,-77.05343,130
10,35.11406,-77.05356,131
10,35.11418,-77.05359,132
10,35.11443,-77.05365,133
10,35.11454,-77.05358,134
10,35.11523,-77.05242,135
10,35.11558,-77.05276,136
10,35.11643,-77.05357,137
10,35.11558,-77.05276,138
10,35.11523,-77.05242,139
10,35.11574,-77.05162,140
10,35.11583,-77.05149,141
10,35.116,-77.05123,142
10,35.11616,-77.05094,143
10,35.11634,-77.05064,144
10,35.11643,-77.05049,145
10,35.1166,-77.05022,146
10,35.11677,-77.04991,147
10,35.11644,-77.04959,148
10,35.11547,-77.04857,149
10,35.11479,-77.0479,150
10,35.11459,-77.04779,151
10,35.11462,-77.04699,152
10,35.1146,-77.04686,153
10,35.11461,-77.04635,154
10,35.11461,-77.04616,155
10,35.11501,-77.04618,156
10,35.11527,-77.04617,157
10,35.11557,-77.04577,158
10,35.11564,-77.04566,159
10,35.11583,-77.04538,160
10,35.11514,-77.04481,161
10,35.11504,-77.04473,162
10,35.11492,-77.04464,163
10,35.11482,-77.04457,164
10,35.11476,-77.04454,165
10,35.11466,-77.04452,166
10,35.11424,-77.0445,167
10,35.11369,-77.04448,168
10,35.11351,-77.04447,169
10,35.11333,-77.04447,170
10,35.11199,-77.04443,171
10,35.11088,-77.0444,172
10,35.11056,-77.04439,173
10,35.11017,-77.04516,174
10,35.11008,-77.04532,175
10,35.10973,-77.04601,176
10,35.10964,-77.04625,177
10,35.10954,-77.04646,178
10,35.10892,-77.04767,179
10,35.10825,-77.04781,180
10,35.10819,-77.0478,181
10,35.10779,-77.04788,182
10,35.10748,-77.04794,183
10,35.10744,-77.04795,184
10,35.10684,-77.04807,185
10,35.10676,-77.04811,186
10,35.10672,-77.04812,187
10,35.10667,-77.04812,188
10,35.10649,-77.04806,189
10,35.10643,-77.04801,190
10,35.10632,-77.04793,191
10,35.10617,-77.04783,192
10,35.10599,-77.04817,193
10,35.10617,-77.04783,194
10,35.10581,-77.04756,195
10,35.10574,-77.04751,196
10,35.10555,-77.04737,197
10,35.10545,-77.04754,198
10,35.10522,-77.04801,199
10,35.10491,-77.04864,200
10,35.10486,-77.04876,201
10,35.10483,-77.04883,202
10,35.10479,-77.04893,203
10,35.10471,-77.04924,204
10,35.10455,-77.04991,205
10,35.10455,-77.04998,206
10,35.10453,-77.05002,207
10,35.10444,-77.0505,208
10,35.10431,-77.05113,209
10,35.10423,-77.05157,210
10,35.10421,-77.05192,211
10,35.10418,-77.05235,212
10,35.10416,-77.05268,213
10,35.10413,-77.05323,214
10,35.10408,-77.05405,215
10,35.10403,-77.05478,216
10,35.10402,-77.05479,217
10,35.10401,-77.05485,218
10,35.104,-77.05489,219
10,35.10405,-77.05508,220
10,35.10414,-77.05503,221
10,35.10426,-77.05499,222
10,35.10435,-77.05496,223
10,35.10445,-77.05494,224
10,35.10448,-77.05494,225
10,35.10445,-77.05494,226
10,35.10435,-77.05496,227
10,35.10426,-77.05499,228
10,35.10414,-77.05503,229
10,35.10405,-77.05508,230
10,35.10397,-77.05514,231
10,35.10387,-77.05521,232
10,35.1038,-77.05529,233
10,35.10371,-77.05539,234
10,35.10349,-77.05567,235
10,35.10328,-77.05594,236
10,35.10304,-77.05626,237
10,35.10266,-77.05674,238
10,35.10219,-77.05733,239
10,35.10195,-77.05764,240
10,35.10201,-77.05789,241
10,35.10202,-77.05797,242
10,35.10203,-77.05807,243
10,35.10204,-77.05816,244
10,35.10204,-77.0582,245
10,35.10205,-77.05825,246
10,35.10204,-77.05838,247
10,35.10203,-77.05849,248
10,35.102,-77.05865,249
10,35.10197,-77.05882,250
10,35.10177,-77.05975,251
10,35.1017,-77.06013,252
10,35.10165,-77.06034,253
10,35.10161,-77.06059,254
10,35.10158,-77.06077,255
10,35.10157,-77.06081,256
10,35.10155,-77.06098,257
10,35.10155,-77.0611,258
10,35.10154,-77.06117,259
10,35.10152,-77.06145,260
10,35.10151,-77.06176,261
10,35.10151,-77.06204,262
10,35.10149,-77.06239,263
10,35.10148,-77.06266,264
10,35.10146,-77.06295,265
10,35.10145,-77.06308,266
10,35.10143,-77.06327,267
10,35.1014,-77.06356,268
10,35.10137,-77.06388,269
10,35.10136,-77.06395,270
10,35.10132,-77.06421,271
10,35.10129,-77.06441,272
10,35.10129,-77.06447,273
10,35.10126,-77.06466,274
10,35.10123,-77.06479,275
10,35.10121,-77.06491,276
10,35.10116,-77.06515,277
10,35.10114,-77.06528,278
10,35.1011,-77.06543,279
10,35.10104,-77.06563,280
10,35.10101,-77.0658,281
10,35.10095,-77.06612,282
10,35.10086,-77.06656,283
10,35.10021,-77.06985,284
10,35.10007,-77.07056,285
10,35.0998,-77.07198,286
10,35.09977,-77.07214,287
10,35.09975,-77.07228,288
10,35.09973,-77.07238,289
10,35.0997,-77.07258,290
10,35.09968,-77.07273,291
10,35.09966,-77.07288,292
10,35.09964,-77.07306,293
10,35.09963,-77.07319,294
10,35.09961,-77.07349,295
10,35.0996,-77.0738,296
10,35.09959,-77.0741,297
10,35.0996,-77.0744,298
10,35.0996,-77.07445,299
10,35.0996,-77.07457,300
10,35.09961,-77.07467,301
10,35.09961,-77.0747,302
10,35.09963,-77.07501,303
10,35.09965,-77.0753,304
10,35.09969,-77.07559,305
10,35.09973,-77.07586,306
10,35.09977,-77.07614,307
10,35.0998,-77.0763,308
10,35.09983,-77.07642,309
10,35.09986,-77.07657,310
10,35.0999,-77.07675,311
10,35.09993,-77.07689,312
10,35.09997,-77.07702,313
10,35.10001,-77.07716,314
10,35.10005,-77.07731,315
10,35.1001,-77.07746,316
10,35.10016,-77.07765,317
10,35.10029,-77.078,318
10,35.10034,-77.07816,319
10,35.10042,-77.07835,320
10,35.10055,-77.07867,321
10,35.10062,-77.07882,322
10,35.10069,-77.07896,323
10,35.10081,-77.07918,324
10,35.10093,-77.07942,325
10,35.10104,-77.07961,326
10,35.10114,-77.07978,327
10,35.10129,-77.08001,328
10,35.10146,-77.08027,329
10,35.10162,-77.08051,330
10,35.10168,-77.0806,331
10,35.10174,-77.08069,332
10,35.10235,-77.08162,333
10,35.10241,-77.08171,334
10,35.10247,-77.0818,335
10,35.10265,-77.08206,336
10,35.10356,-77.08343,337
10,35.10371,-77.08367,338
10,35.10373,-77.0837,339
10,35.10375,-77.08372,340
10,35.10379,-77.08378,341
10,35.10397,-77.08406,342
10,35.104,-77.08411,343
10,35.10408,-77.08423,344
10,35.10412,-77.08429,345
10,35.10431,-77.08457,346
10,35.10521,-77.08593,347
10,35.10543,-77.08626,348
10,35.10556,-77.08646,349
10,35.10613,-77.08731,350
10,35.1066,-77.08803,351
10,35.10733,-77.08914,352
10,35.10773,-77.08974,353
10,35.10809,-77.09028,354
10,35.10916,-77.0919,355
10,35.10986,-77.09295,356
10,35.1103,-77.0936,357
10,35.11039,-77.09368,358
10,35.11051,-77.09381,359
10,35.11066,-77.09398,360
10,35.11081,-77.09418,361
10,35.11102,-77.09446,362
10,35.11114,-77.0946,363
10,35.11117,-77.09464,364
10,35.11119,-77.09467,365
10,35.11131,-77.0948,366
10,35.11145,-77.09496,367
10,35.11146,-77.09496,368
10,35.11158,-77.09508,369
10,35.11167,-77.09516,370
10,35.11177,-77.09525,371
10,35.11188,-77.09534,372
10,35.112,-77.09544,373
10,35.11226,-77.09564,374
10,35.11265,-77.09595,375
10,35.11279,-77.09605,376
10,35.11301,-77.09621,377
10,35.11315,-77.09632,378
10,35.11324,-77.0964,379
10,35.11336,-77.09654,380
10,35.11288,-77.09701,381
10,35.11267,-77.09721,382
10,35.1126,-77.09728,383
10,35.11259,-77.0973,384
10,35.11248,-77.0974,385
10,35.11229,-77.09758,386
10,35.11178,-77.09804,387
10,35.11146,-77.09834,388
10,35.11113,-77.09866,389
10,35.11058,-77.09915,390
10,35.1105,-77.09922,391
10,35.11043,-77.09927,392
10,35.11025,-77.0994,393
10,35.10996,-77.09958,394
10,35.11034,-77.10062,395
10,35.11037,-77.10071,396
10,35.11046,-77.10074,397
10,35.11044,-77.10123,398
10,35.11043,-77.10145,399
10,35.11042,-77.10172,400
10,35.11041,-77.10194,401
10,35.11041,-77.10216,402
10,35.1104,-77.10227,403
10,35.11039,-77.10234,404
10,35.11038,-77.10239,405
10,35.11038,-77.1024,406
10,35.11036,-77.10243,407
10,35.11034,-77.10246,408
10,35.11031,-77.10249,409
10,35.11029,-77.1025,410
10,35.11026,-77.1025,411
10,35.11023,-77.1025,412
10,35.1102,-77.1025,413
10,35.11018,-77.10249,414
10,35.11004,-77.10244,415
10,35.11006,-77.10234,416
10,35.11007,-77.10224,417
10,35.11007,-77.10223,418
10,35.1101,-77.10208,419
10,35.11012,-77.10203,420
10,35.11013,-77.10202,421
10,35.11023,-77.10171,422
10,35.11027,-77.10157,423
10,35.1103,-77.10145,424
10,35.11032,-77.10126,425
10,35.11033,-77.10119,426
10,35.11034,-77.10084,427
10,35.11037,-77.10071,428
10,35.11034,-77.10062,429
10,35.10996,-77.09958,430
10,35.11025,-77.0994,431
10,35.11043,-77.09927,432
10,35.1105,-77.09922,433
10,35.11058,-77.09915,434
10,35.11113,-77.09866,435
10,35.11146,-77.09834,436
10,35.11178,-77.09804,437
10,35.11229,-77.09758,438
10,35.11248,-77.0974,439
10,35.11259,-77.0973,440
10,35.1126,-77.09728,441
10,35.11267,-77.09721,442
10,35.11288,-77.09701,443
10,35.11336,-77.09654,444
10,35.1135,-77.0964,445
10,35.11366,-77.09624,446
10,35.11384,-77.09607,447
10,35.11407,-77.09585,448
10,35.1142,-77.09573,449
10,35.11441,-77.09553,450
10,35.11497,-77.09499,451
10,35.1158,-77.0942,452
10,35.11607,-77.09394,453
10,35.11655,-77.09348,454
10,35.1171,-77.09293,455
10,35.11738,-77.09266,456
10,35.11801,-77.09205,457
10,35.1184,-77.09167,458
10,35.11848,-77.0916,459
10,35.11921,-77.0909,460
10,35.11925,-77.09086,461
10,35.11935,-77.09076,462
10,35.11975,-77.09037,463
10,35.11989,-77.09024,464
10,35.12006,-77.09008,465
10,35.12103,-77.08914,466
10,35.12174,-77.08843,467
10,35.12211,-77.08805,468
10,35.12219,-77.08798,469
10,35.12228,-77.08791,470
10,35.12238,-77.08785,471
10,35.12241,-77.08783,472
10,35.12255,-77.08775,473
10,35.1227,-77.08769,474
10,35.12286,-77.08763,475
10,35.12302,-77.08758,476
10,35.12326,-77.08752,477
10,35.1235,-77.08746,478
10,35.12357,-77.08744,479
10,35.1237,-77.0874,480
10,35.12372,-77.08738,481
10,35.12379,-77.08736,482
10,35.12383,-77.08734,483
10,35.12394,-77.08727,484
10,35.12406,-77.08719,485
10,35.12416,-77.0871,486
10,35.12418,-77.08708,487
10,35.12426,-77.087,488
10,35.12433,-77.08693,489
10,35.12442,-77.08684,490
10,35.12454,-77.08671,491
10,35.12461,-77.08664,492
10,35.12471,-77.08652,493
10,35.12494,-77.08627,494
10,35.12534,-77.0867,495
10,35.12538,-77.08676,496
10,35.12544,-77.08682,497
10,35.12552,-77.0869,498
10,35.12571,-77.08711,499
10,35.12588,-77.0873,500
10,35.1261,-77.08754,501
10,35.12649,-77.08797,502
10,35.12756,-77.08913,503
10,35.12775,-77.08933,504
10,35.12803,-77.08961,505
10,35.12815,-77.08976,506
10,35.12892,-77.09053,507
10,35.12976,-77.09134,508
10,35.13045,-77.09203,509
10,35.13093,-77.0925,510
10,35.13166,-77.09322,511
10,35.13188,-77.09344,512
10,35.13225,-77.09381,513
10,35.13237,-77.09393,514
10,35.13292,-77.09447,515
10,35.13372,-77.09527,516
10,35.1343,-77.09584,517
10,35.13475,-77.09627,518
10,35.13489,-77.09639,519
10,35.13522,-77.09671,520
10,35.13543,-77.09692,521
10,35.13545,-77.09693,522
10,35.13595,-77.0974,523
10,35.13615,-77.09759,524
10,35.13629,-77.09774,525
10,35.13691,-77.09839,526
10,35.1372,-77.09868,527
10,35.13753,-77.09903,528
10,35.1378,-77.09932,529
10,35.13819,-77.09973,530
10,35.13866,-77.10022,531
10,35.13881,-77.10038,532
10,35.13893,-77.10051,533
10,35.13932,-77.10091,534
10,35.13963,-77.10124,535
10,35.14005,-77.10165,536
10,35.14053,-77.10213,537
10,35.14074,-77.10166,538
10,35.14103,-77.10106,539
10,35.14116,-77.10078,540
10,35.14119,-77.10069,541
10,35.14121,-77.10062,542
10,35.14126,-77.10052,543
10,35.14136,-77.10028,544
10,35.14172,-77.09951,545
10,35.1418,-77.09934,546
10,35.14172,-77.09951,547
10,35.14136,-77.10028,548
10,35.14126,-77.10052,549
10,35.14121,-77.10062,550
10,35.14119,-77.10069,551
10,35.14116,-77.10078,552
10,35.14103,-77.10106,553
10,35.14074,-77.10166,554
10,35.14053,-77.10213,555
10,35.14005,-77.10165,556
10,35.13963,-77.10124,557
10,35.13932,-77.10091,558
10,35.13893,-77.10051,559
10,35.13881,-77.10038,560
10,35.13866,-77.10022,561
10,35.13819,-77.09973,562
10,35.1378,-77.09932,563
10,35.13753,-77.09903,564
10,35.1372,-77.09868,565
10,35.13691,-77.09839,566
10,35.13629,-77.09774,567
10,35.13615,-77.09759,568
10,35.13595,-77.0974,569
10,35.13545,-77.09693,570
10,35.13543,-77.09692,571
10,35.13522,-77.09671,572
10,35.13489,-77.09639,573
10,35.13475,-77.09627,574
10,35.1343,-77.09584,575
10,35.13372,-77.09527,576
10,35.13292,-77.09447,577
10,35.13237,-77.09393,578
10,35.13177,-77.09424,579
10,35.13147,-77.0944,580
10,35.13097,-77.09466,581
10,35.13064,-77.09483,582
10,35.13031,-77.09501,583
10,35.12982,-77.09527,584
10,35.12978,-77.09529,585
10,35.12968,-77.09533,586
10,35.12953,-77.09541,587
10,35.12939,-77.09548,588
10,35.12905,-77.09564,589
10,35.12838,-77.09597,590
10,35.12822,-77.09604,591
10,35.12805,-77.09613,592
10,35.12795,-77.09618,593
10,35.12738,-77.09645,594
10,35.12712,-77.09661,595
10,35.12709,-77.09663,596
10,35.12684,-77.09676,597
10,35.12669,-77.09682,598
10,35.1264,-77.09698,599
10,35.12609,-77.09714,600
10,35.1263,-77.09764,601
10,35.12646,-77.09791,602
10,35.12676,-77.09844,603
10,35.12687,-77.09863,604
10,35.12752,-77.09968,605
10,35.12773,-77.10003,606
10,35.1278,-77.10019,607
10,35.12781,-77.10025,608
10,35.12781,-77.10029,609
10,35.12782,-77.10033,610
10,35.12782,-77.10036,611
10,35.1278,-77.1017,612
10,35.12779,-77.10321,613
10,35.12778,-77.10346,614
10,35.12777,-77.10396,615
10,35.1277,-77.1044,616
10,35.12764,-77.1047,617
10,35.1276,-77.10497,618
10,35.1266,-77.10461,619
10,35.12615,-77.1045,620
10,35.12586,-77.10443,621
10,35.12567,-77.10442,622
10,35.12569,-77.10374,623
10,35.1257,-77.10366,624
10,35.12571,-77.10354,625
10,35.12574,-77.1033,626
10,35.1258,-77.1032,627
10,35.12581,-77.10318,628
10,35.12587,-77.1031,629
10,35.12581,-77.10318,630
10,35.1258,-77.1032,631
10,35.12574,-77.1033,632
10,35.12571,-77.10354,633
10,35.1257,-77.10366,634
10,35.12569,-77.10374,635
10,35.12567,-77.10442,636
10,35.12562,-77.10442,637
10,35.12553,-77.10442,638
10,35.12551,-77.10442,639
10,35.12532,-77.10445,640
10,35.12506,-77.10459,641
10,35.12475,-77.10488,642
10,35.12447,-77.1051,643
10,35.12386,-77.10562,644
10,35.12366,-77.10531,645
10,35.1231,-77.1044,646
10,35.12305,-77.10433,647
10,35.12285,-77.10403,648
10,35.12263,-77.10373,649
10,35.12251,-77.10352,650
10,35.12207,-77.10284,651
10,35.12198,-77.10268,652
10,35.12182,-77.10241,653
10,35.12164,-77.10208,654
10,35.12162,-77.10203,655
10,35.12155,-77.10188,656
10,35.12146,-77.10162,657
10,35.12144,-77.10159,658
10,35.12141,-77.10152,659
10,35.12106,-77.1009,660
10,35.12078,-77.10044,661
10,35.12062,-77.10019,662
10,35.12049,-77.09999,663
10,35.12044,-77.09993,664
10,35.12051,-77.0999,665
10,35.12151,-77.09942,666
10,35.12207,-77.09914,667
10,35.1222,-77.09908,668
10,35.12256,-77.0989,669
10,35.12341,-77.09848,670
10,35.12303,-77.09737,671
10,35.12266,-77.09625,672
10,35.12255,-77.09593,673
10,35.12249,-77.09563,674
10,35.12247,-77.09524,675
10,35.12247,-77.09519,676
10,35.12252,-77.09485,677
10,35.12256,-77.09467,678
10,35.1226,-77.09451,679
10,35.12274,-77.09393,680
10,35.12285,-77.09353,681
10,35.12291,-77.09342,682
10,35.12311,-77.0931,683
10,35.12328,-77.09287,684
10,35.12334,-77.09278,685
10,35.12367,-77.09231,686
10,35.12404,-77.09181,687
10,35.12424,-77.09157,688
10,35.12445,-77.09141,689
10,35.1247,-77.0913,690
10,35.12486,-77.09128,691
10,35.12499,-77.09127,692
10,35.12533,-77.09126,693
10,35.12535,-77.09125,694
11,35.10943,-77.05779,0
11,35.10934,-77.0573,1
11,35.10933,-77.05726,2
11,35.10929,-77.05708,3
11,35.1092,-77.05659,4
11,35.10913,-77.0563,5
11,35.10894,-77.05535,6
11,35.10889,-77.05507,7
11,35.10873,-77.0543,8
11,35.1086,-77.05363,9
11,35.10852,-77.05319,10
11,35.10846,-77.05311,11
11,35.10832,-77.05238,12
11,35.10827,-77.05204,13
11,35.10825,-77.05191,14
11,35.10822,-77.05162,15
11,35.10822,-77.0516,16
11,35.10822,-77.05154,17
11,35.10818,-77.05099,18
11,35.10818,-77.05083,19
11,35.10816,-77.05019,20
11,35.10815,-77.04976,21
11,35.10814,-77.04921,22
11,35.10821,-77.04915,23
11,35.10876,-77.0492,24
11,35.10879,-77.0492,25
11,35.10893,-77.04922,26
11,35.10938,-77.04926,27
11,35.10951,-77.04927,28
11,35.11038,-77.04934,29
11,35.11053,-77.04935,30
11,35.11087,-77.04936,31
11,35.11142,-77.04935,32
11,35.1119,-77.04937,33
11,35.1119,-77.04969,34
11,35.1119,-77.05,35
11,35.11189,-77.05029,36
11,35.11189,-77.05068,37
11,35.11187,-77.05116,38
11,35.11187,-77.05136,39
11,35.11187,-77.05153,40
11,35.11188,-77.05195,41
11,35.11186,-77.05248,42
11,35.11185,-77.05312,43
11,35.11191,-77.05381,44
11,35.11196,-77.05451,45
11,35.11196,-77.05454,46
11,35.11196,-77.05457,47
11,35.11196,-77.0546,48
11,35.11194,-77.05463,49
11,35.11119,-77.05475,50
11,35.11194,-77.05463,51
11,35.11196,-77.0546,52
11,35.11196,-77.05457,53
11,35.11196,-77.05454,54
11,35.11196,-77.05451,55
11,35.11191,-77.05381,56
11,35.11185,-77.05312,57
11,35.11244,-77.05318,58
11,35.11255,-77.05319,59
11,35.11278,-77.05321,60
11,35.11313,-77.05327,61
11,35.11331,-77.05332,62
11,35.11344,-77.05335,63
11,35.11349,-77.05336,64
11,35.11373,-77.05343,65
11,35.11406,-77.05356,66
11,35.11418,-77.05359,67
11,35.11443,-77.05365,68
11,35.11454,-77.05358,69
11,35.11523,-77.05242,70
11,35.11558,-77.05276,71
11,35.11643,-77.05357,72
11,35.11558,-77.05276,73
11,35.11523,-77.05242,74
11,35.11574,-77.05162,75
11,35.11583,-77.05149,76
11,35.116,-77.05123,77
11,35.11616,-77.05094,78
11,35.11634,-77.05064,79
11,35.11643,-77.05049,80
11,35.1166,-77.05022,81
11,35.11677,-77.04991,82
11,35.11644,-77.04959,83
11,35.11547,-77.04857,84
11,35.11479,-77.0479,85
11,35.11459,-77.04779,86
11,35.11462,-77.04699,87
11,35.1146,-77.04686,88
11,35.11461,-77.04635,89
11,35.11461,-77.04616,90
11,35.11501,-77.04618,91
11,35.11527,-77.04617,92
11,35.11557,-77.04577,93
11,35.11564,-77.04566,94
11,35.11583,-77.04538,95
11,35.11514,-77.04481,96
11,35.11504,-77.04473,97
11,35.11492,-77.04464,98
11,35.11482,-77.04457,99
11,35.11476,-77.04454,100
11,35.11466,-77.04452,101
11,35.11424,-77.0445,102
11,35.11369,-77.04448,103
11,35.11351,-77.04447,104
11,35.11333,-77.04447,105
11,35.11199,-77.04443,106
11,35.11088,-77.0444,107
11,35.11056,-77.04439,108
11,35.11102,-77.04343,109
11,35.11101,-77.04328,110
11,35.11101,-77.04307,111
11,35.11102,-77.04276,112
11,35.11102,-77.04239,113
11,35.11103,-77.0419,114
11,35.11105,-77.04145,115
11,35.11106,-77.04101,116
11,35.11106,-77.04079,117
11,35.11106,-77.04072,118
11,35.11098,-77.04007,119
11,35.11095,-77.03984,120
11,35.11086,-77.03913,121
11,35.11013,-77.03927,122
11,35.10955,-77.0394,123
11,35.1092,-77.03946,124
11,35.10877,-77.03954,125
11,35.10824,-77.03963,126
11,35.10814,-77.03888,127
11,35.10802,-77.03801,128
11,35.10793,-77.03735,129
11,35.10773,-77.03583,130
11,35.10772,-77.03583,131
11,35.10771,-77.03583,132
11,35.1077,-77.03583,133
11,35.10769,-77.03583,134
11,35.10768,-77.03583,135
11,35.10767,-77.03583,136
11,35.10766,-77.03583,137
11,35.10766,-77.03582,138
11,35.10765,-77.03582,139
11,35.10764,-77.03581,140
11,35.10763,-77.03581,141
11,35.10763,-77.0358,142
11,35.10762,-77.0358,143
11,35.10762,-77.03579,144
11,35.10761,-77.03578,145
11,35.1076,-77.03577,146
11,35.1076,-77.03576,147
11,35.10759,-77.03575,148
11,35.10759,-77.03574,149
11,35.10759,-77.03573,150
11,35.10759,-77.03572,151
11,35.10758,-77.03571,152
11,35.10758,-77.0357,153
11,35.10758,-77.03569,154
11,35.10738,-77.03573,155
11,35.10728,-77.03575,156
11,35.10709,-77.03579,157
11,35.10685,-77.03584,158
11,35.10674,-77.03586,159
11,35.10635,-77.03594,160
11,35.10617,-77.03598,161
11,35.10594,-77.03602,162
11,35.10579,-77.03605,163
11,35.10577,-77.03606,164
11,35.10542,-77.03613,165
11,35.10506,-77.0362,166
11,35.10442,-77.03632,167
11,35.10444,-77.03652,168
11,35.10446,-77.03664,169
11,35.10454,-77.03722,170
11,35.10457,-77.03739,171
11,35.10461,-77.03769,172
11,35.10474,-77.03865,173
11,35.10481,-77.03922,174
11,35.10484,-77.03944,175
11,35.10489,-77.03978,176
11,35.10495,-77.04026,177
11,35.10498,-77.04048,178
11,35.10503,-77.04085,179
11,35.10503,-77.04087,180
11,35.10511,-77.04136,181
11,35.10513,-77.0415,182
11,35.10514,-77.04159,183
11,35.10515,-77.04171,184
11,35.10517,-77.04183,185
11,35.10516,-77.04189,186
11,35.10517,-77.042,187
11,35.10516,-77.04217,188
11,35.10515,-77.0424,189
11,35.10515,-77.04251,190
11,35.10514,-77.04262,191
11,35.10514,-77.04265,192
11,35.10512,-77.04307,193
11,35.1051,-77.04352,194
11,35.10496,-77.04355,195
11,35.1046,-77.04365,196
11,35.1044,-77.04371,197
11,35.10433,-77.04378,198
11,35.10431,-77.04381,199
11,35.10429,-77.04389,200
11,35.10426,-77.04402,201
11,35.10424,-77.04413,202
11,35.10423,-77.04423,203
11,35.10424,-77.0443,204
11,35.10424,-77.04436,205
11,35.10425,-77.04442,206
11,35.1043,-77.04458,207
11,35.10438,-77.04483,208
11,35.10446,-77.04503,209
11,35.1045,-77.04509,210
11,35.10452,-77.04512,211
11,35.10453,-77.04513,212
11,35.10459,-77.04515,213
11,35.10467,-77.04517,214
11,35.10488,-77.04517,215
11,35.10505,-77.04517,216
11,35.10499,-77.04634,217
11,35.10497,-77.04673,218
11,35.10497,-77.04689,219
11,35.10501,-77.04698,220
11,35.10547,-77.04732,221
11,35.10555,-77.04737,222
11,35.10574,-77.04751,223
11,35.10581,-77.04756,224
11,35.10617,-77.04783,225
11,35.10599,-77.04817,226
11,35.10617,-77.04783,227
11,35.10581,-77.04756,228
11,35.10574,-77.04751,229
11,35.10555,-77.04737,230
11,35.10545,-77.04754,231
11,35.10522,-77.04801,232
11,35.10491,-77.04864,233
11,35.10486,-77.04876,234
11,35.10483,-77.04883,235
11,35.10479,-77.04893,236
11,35.10471,-77.04924,237
11,35.10455,-77.04991,238
11,35.10455,-77.04998,239
11,35.10453,-77.05002,240
11,35.10444,-77.0505,241
11,35.10431,-77.05113,242
11,35.10423,-77.05157,243
11,35.10421,-77.05192,244
11,35.10418,-77.05235,245
11,35.10416,-77.05268,246
11,35.10413,-77.05323,247
11,35.10408,-77.05405,248
11,35.10403,-77.05478,249
11,35.10402,-77.05479,250
11,35.10401,-77.05485,251
11,35.104,-77.05489,252
11,35.10405,-77.05508,253
11,35.10414,-77.05503,254
11,35.10426,-77.05499,255
11,35.10435,-77.05496,256
11,35.10445,-77.05494,257
11,35.10448,-77.05494,258
11,35.10445,-77.05494,259
11,35.10435,-77.05496,260
11,35.10426,-77.05499,261
11,35.10414,-77.05503,262
11,35.10405,-77.05508,263
11,35.10397,-77.05514,264
11,35.10387,-77.05521,265
11,35.1038,-77.05529,266
11,35.10371,-77.05539,267
11,35.10349,-77.05567,268
11,35.10328,-77.05594,269
11,35.10304,-77.05626,270
11,35.10266,-77.05674,271
11,35.10219,-77.05733,272
11,35.10195,-77.05764,273
11,35.10201,-77.05789,274
11,35.10202,-77.05797,275
11,35.10203,-77.05807,276
11,35.10204,-77.05816,277
11,35.10204,-77.0582,278
11,35.10205,-77.05825,279
11,35.10204,-77.05838,280
11,35.10203,-77.05849,281
11,35.102,-77.05865,282
11,35.10197,-77.05882,283
11,35.10177,-77.05975,284
11,35.1017,-77.06013,285
11,35.10165,-77.06034,286
11,35.10161,-77.06059,287
11,35.10158,-77.06077,288
11,35.10157,-77.06081,289
11,35.10155,-77.06098,290
11,35.10155,-77.0611,291
11,35.10154,-77.06117,292
11,35.10152,-77.06145,293
11,35.10151,-77.06176,294
11,35.10151,-77.06204,295
11,35.10149,-77.06239,296
11,35.10148,-77.06266,297
11,35.10146,-77.06295,298
11,35.10145,-77.06308,299
11,35.10143,-77.06327,300
11,35.1014,-77.06356,301
11,35.10137,-77.06388,302
11,35.10136,-77.06395,303
11,35.10132,-77.06421,304
11,35.10129,-77.06441,305
11,35.10129,-77.06447,306
11,35.10126,-77.06466,307
11,35.10123,-77.06479,308
11,35.10121,-77.06491,309
11,35.10116,-77.06515,310
11,35.10114,-77.06528,311
11,35.1011,-77.06543,312
11,35.10104,-77.06563,313
11,35.10101,-77.0658,314
11,35.10095,-77.06612,315
11,35.10086,-77.06656,316
11,35.10021,-77.06985,317
11,35.10007,-77.07056,318
11,35.0998,-77.07198,319
11,35.09977,-77.07214,320
11,35.09975,-77.07228,321
11,35.09973,-77.07238,322
11,35.0997,-77.07258,323
11,35.09968,-77.07273,324
11,35.09966,-77.07288,325
11,35.09964,-77.07306,326
11,35.09963,-77.07319,327
11,35.09961,-77.07349,328
11,35.0996,-77.0738,329
11,35.09959,-77.0741,330
11,35.0996,-77.0744,331
11,35.0996,-77.07445,332
11,35.0996,-77.07457,333
11,35.09961,-77.07467,334
11,35.09961,-77.0747,335
11,35.09963,-77.07501,336
11,35.09965,-77.0753,337
11,35.09969,-77.07559,338
11,35.09973,-77.07586,339
11,35.09977,-77.07614,340
11,35.0998,-77.0763,341
11,35.09983,-77.07642,342
11,35.09986,-77.07657,343
11,35.0999,-77.07675,344
11,35.09993,-77.07689,345
11,35.09997,-77.07702,346
11,35.10001,-77.07716,347
11,35.10005,-77.07731,348
11,35.1001,-77.07746,349
11,35.10016,-77.07765,350
11,35.10029,-77.078,351
11,35.10034,-77.07816,352
11,35.10042,-77.07835,353
11,35.10055,-77.07867,354
11,35.10062,-77.07882,355
11,35.10069,-77.07896,356
11,35.10081,-77.07918,357
11,35.10093,-77.07942,358
11,35.10104,-77.07961,359
11,35.10114,-77.07978,360
11,35.10129,-77.08001,361
11,35.10146,-77.08027,362
11,35.10162,-77.08051,363
11,35.10168,-77.0806,364
11,35.10174,-77.08069,365
11,35.10235,-77.08162,366
11,35.10241,-77.08171,367
11,35.10247,-77.0818,368
11,35.10265,-77.08206,369
11,35.10356,-77.08343,370
11,35.10371,-77.08367,371
11,35.10373,-77.0837,372
11,35.10375,-77.08372,373
11,35.10379,-77.08378,374
11,35.10397,-77.08406,375
11,35.104,-77.08411,376
11,35.10408,-77.08423,377
11,35.10412,-77.08429,378
11,35.10431,-77.08457,379
11,35.10521,-77.08593,380
11,35.10543,-77.08626,381
11,35.10556,-77.08646,382
11,35.10613,-77.08731,383
11,35.1066,-77.08803,384
11,35.10733,-77.08914,385
11,35.10773,-77.08974,386
11,35.10809,-77.09028,387
11,35.10916,-77.0919,388
11,35.10986,-77.09295,389
11,35.1103,-77.0936,390
11,35.11039,-77.09368,391
11,35.11051,-77.09381,392
11,35.11066,-77.09398,393
11,35.11081,-77.09418,394
11,35.11102,-77.09446,395
11,35.11114,-77.0946,396
11,35.11117,-77.09464,397
11,35.11119,-77.09467,398
11,35.11131,-77.0948,399
11,35.11145,-77.09496,400
11,35.11146,-77.09496,401
11,35.11158,-77.09508,402
11,35.11167,-77.09516,403
11,35.11177,-77.09525,404
11,35.11188,-77.09534,405
11,35.112,-77.09544,406
11,35.11226,-77.09564,407
11,35.11265,-77.09595,408
11,35.11279,-77.09605,409
11,35.11301,-77.09621,410
11,35.11315,-77.09632,411
11,35.11324,-77.0964,412
11,35.11336,-77.09654,413
11,35.11288,-77.09701,414
11,35.11267,-77.09721,415
11,35.1126,-77.09728,416
11,35.11259,-77.0973,417
11,35.11248,-77.0974,418
11,35.11229,-77.09758,419
11,35.11178,-77.09804,420
11,35.11146,-77.09834,421
11,35.11113,-77.09866,422
11,35.11058,-77.09915,423
11,35.1105,-77.09922,424
11,35.11043,-77.09927,425
11,35.11025,-77.0994,426
11,35.10996,-77.09958,427
11,35.11034,-77.10062,428
11,35.11037,-77.10071,429
11,35.11046,-77.10074,430
11,35.11044,-77.10123,431
11,35.11043,-77.10145,432
11,35.11042,-77.10172,433
11,35.11041,-77.10194,434
11,35.11041,-77.10216,435
11,35.1104,-77.10227,436
11,35.11039,-77.10234,437
11,35.11038,-77.10239,438
11,35.11038,-77.1024,439
11,35.11036,-77.10243,440
11,35.11034,-77.10246,441
11,35.11031,-77.10249,442
11,35.11029,-77.1025,443
11,35.11026,-77.1025,444
11,35.11023,-77.1025,445
11,35.1102,-77.1025,446
11,35.11018,-77.10249,447
11,35.11004,-77.10244,448
11,35.11006,-77.10234,449
11,35.11007,-77.10224,450
11,35.11007,-77.10223,451
11,35.1101,-77.10208,452
11,35.11012,-77.10203,453
11,35.11013,-77.10202,454
11,35.11023,-77.10171,455
11,35.11027,-77.10157,456
11,35.1103,-77.10145,457
11,35.11032,-77.10126,458
11,35.11033,-77.10119,459
11,35.11034,-77.10084,460
11,35.11037,-77.10071,461
11,35.11034,-77.10062,462
11,35.10996,-77.09958,463
11,35.11025,-77.0994,464
11,35.11043,-77.09927,465
11,35.1105,-77.09922,466
11,35.11058,-77.09915,467
11,35.11113,-77.09866,468
11,35.11146,-77.09834,469
11,35.11178,-77.09804,470
11,35.11229,-77.09758,471
11,35.11248,-77.0974,472
11,35.11259,-77.0973,473
11,35.1126,-77.09728,474
11,35.11267,-77.09721,475
11,35.11288,-77.09701,476
11,35.11336,-77.09654,477
11,35.1135,-77.0964,478
11,35.11366,-77.09624,479
11,35.11384,-77.09607,480
11,35.11407,-77.09585,481
11,35.1142,-77.09573,482
11,35.11441,-77.09553,483
11,35.11497,-77.09499,484
11,35.1158,-77.0942,485
11,35.11607,-77.09394,486
11,35.11655,-77.09348,487
11,35.1171,-77.09293,488
11,35.11738,-77.09266,489
11,35.11801,-77.09205,490
11,35.1184,-77.09167,491
11,35.11848,-77.0916,492
11,35.11921,-77.0909,493
11,35.11925,-77.09086,494
11,35.11935,-77.09076,495
11,35.11975,-77.09037,496
11,35.11989,-77.09024,497
11,35.12006,-77.09008,498
11,35.12103,-77.08914,499
11,35.12174,-77.08843,500
11,35.12211,-77.08805,501
11,35.12219,-77.08798,502
11,35.12228,-77.08791,503
11,35.12238,-77.08785,504
11,35.12241,-77.08783,505
11,35.12255,-77.08775,506
11,35.1227,-77.08769,507
11,35.12286,-77.08763,508
11,35.12302,-77.08758,509
11,35.12326,-77.08752,510
11,35.1235,-77.08746,511
11,35.12357,-77.08744,512
11,35.1237,-77.0874,513
11,35.12372,-77.08738,514
11,35.12379,-77.08736,515
11,35.12383,-77.08734,516
11,35.12394,-77.08727,517
11,35.12406,-77.08719,518
11,35.12416,-77.0871,519
11,35.12418,-77.08708,520
11,35.12426,-77.087,521
11,35.12433,-77.08693,522
11,35.12442,-77.08684,523
11,35.12454,-77.08671,524
11,35.12461,-77.08664,525
11,35.12471,-77.08652,526
11,35.12494,-77.08627,527
11,35.12534,-77.0867,528
11,35.12538,-77.08676,529
11,35.12544,-77.08682,530
11,35.12552,-77.0869,531
11,35.12571,-77.08711,532
11,35.12588,-77.0873,533
11,35.1261,-77.08754,534
11,35.12649,-77.08797,535
11,35.12756,-77.08913,536
11,35.12775,-77.08933,537
11,35.12803,-77.08961,538
11,35.12815,-77.08976,539
11,35.12892,-77.09053,540
11,35.12976,-77.09134,541
11,35.13045,-77.09203,542
11,35.13093,-77.0925,543
11,35.13166,-77.09322,544
11,35.13188,-77.09344,545
11,35.13225,-77.09381,546
11,35.13237,-77.09393,547
11,35.13292,-77.09447,548
11,35.13372,-77.09527,549
11,35.1343,-77.09584,550
11,35.13475,-77.09627,551
11,35.13489,-77.09639,552
11,35.13522,-77.09671,553
11,35.13543,-77.09692,554
11,35.13545,-77.09693,555
11,35.13595,-77.0974,556
11,35.13615,-77.09759,557
11,35.13629,-77.09774,558
11,35.13691,-77.09839,559
11,35.1372,-77.09868,560
11,35.13753,-77.09903,561
11,35.1378,-77.09932,562
11,35.13819,-77.09973,563
11,35.13866,-77.10022,564
11,35.13881,-77.10038,565
11,35.13893,-77.10051,566
11,35.13932,-77.10091,567
11,35.13963,-77.10124,568
11,35.14005,-77.10165,569
11,35.14053,-77.10213,570
11,35.14074,-77.10166,571
11,35.14103,-77.10106,572
11,35.14116,-77.10078,573
11,35.14119,-77.10069,574
11,35.14121,-77.10062,575
11,35.14126,-77.10052,576
11,35.14136,-77.10028,577
11,35.14172,-77.09951,578
11,35.1418,-77.09934,579
11,35.14172,-77.09951,580
11,35.14136,-77.10028,581
11,35.14126,-77.10052,582
11,35.14121,-77.10062,583
11,35.14119,-77.10069,584
11,35.14116,-77.10078,585
11,35.14103,-77.10106,586
11,35.14074,-77.10166,587
11,35.14053,-77.10213,588
11,35.14005,-77.10165,589
11,35.13963,-77.10124,590
11,35.13932,-77.10091,591
11,35.13893,-77.10051,592
11,35.13881,-77.10038,593
11,35.13866,-77.10022,594
11,35.13819,-77.09973,595
11,35.1378,-77.09932,596
11,35.13753,-77.09903,597
11,35.1372,-77.09868,598
11,35.13691,-77.09839,599
11,35.13629,-77.09774,600
11,35.13615,-77.09759,601
11,35.13595,-77.0974,602
11,35.13545,-77.09693,603
11,35.13543,-77.09692,604
11,35.13522,-77.09671,605
11,35.13489,-77.09639,606
11,35.13475,-77.09627,607
11,35.1343,-77.09584,608
11,35.13372,-77.09527,609
11,35.13292,-77.09447,610
11,35.13237,-77.09393,611
11,35.13177,-77.09424,612
11,35.13147,-77.0944,613
11,35.13097,-77.09466,614
11,35.13064,-77.09483,615
11,35.13031,-77.09501,616
11,35.12982,-77.09527,617
11,35.12978,-77.09529,618
11,35.12968,-77.09533,619
11,35.12953,-77.09541,620
11,35.12939,-77.09548,621
11,35.12905,-77.09564,622
11,35.12838,-77.09597,623
11,35.12822,-77.09604,624
11,35.12805,-77.09613,625
11,35.12795,-77.09618,626
11,35.12738,-77.09645,627
11,35.12712,-77.09661,628
11,35.12709,-77.09663,629
11,35.12684,-77.09676,630
11,35.12669,-77.09682,631
11,35.1264,-77.09698,632
11,35.12609,-77.09714,633
11,35.1263,-77.09764,634
11,35.12646,-77.09791,635
11,35.12676,-77.09844,636
11,35.12687,-77.09863,637
11,35.12752,-77.09968,638
11,35.12773,-77.10003,639
11,35.1278,-77.10019,640
11,35.12781,-77.10025,641
11,35.12781,-77.10029,642
11,35.12782,-77.10033,643
11,35.12782,-77.10036,644
11,35.1278,-77.1017,645
11,35.12779,-77.10321,646
11,35.12778,-77.10346,647
11,35.12777,-77.10396,648
11,35.1277,-77.1044,649
11,35.12764,-77.1047,650
11,35.1276,-77.10497,651
11,35.1266,-77.10461,652
11,35.12615,-77.1045,653
11,35.12586,-77.10443,654
11,35.12567,-77.10442,655
11,35.12569,-77.10374,656
11,35.1257,-77.10366,657
11,35.12571,-77.10354,658
11,35.12574,-77.1033,659
11,35.1258,-77.1032,660
11,35.12581,-77.10318,661
11,35.12587,-77.1031,662
11,35.12581,-77.10318,663
11,35.1258,-77.1032,664
11,35.12574,-77.1033,665
11,35.12571,-77.10354,666
11,35.1257,-77.10366,667
11,35.12569,-77.10374,668
11,35.12567,-77.10442,669
11,35.12562,-77.10442,670
11,35.12553,-77.10442,671
11,35.12551,-77.10442,672
11,35.12532,-77.10445,673
11,35.12506,-77.10459,674
11,35.12475,-77.10488,675
11,35.12447,-77.1051,676
11,35.12386,-77.10562,677
11,35.12366,-77.10531,678
11,35.1231,-77.1044,679
11,35.12305,-77.10433,680
11,35.12285,-77.10403,681
11,35.12263,-77.10373,682
11,35.12251,-77.10352,683
11,35.12207,-77.10284,684
11,35.12198,-77.10268,685
11,35.12182,-77.10241,686
11,35.12164,-77.10208,687
11,35.12162,-77.10203,688
11,35.12155,-77.10188,689
11,35.12146,-77.10162,690
11,35.12144,-77.10159,691
11,35.12141,-77.10152,692
11,35.12106,-77.1009,693
11,35.12078,-77.10044,694
11,35.12062,-77.10019,695
11,35.12049,-77.09999,696
11,35.12044,-77.09993,697
11,35.12051,-77.0999,698
11,35.12151,-77.09942,699
11,35.12207,-77.09914,700
11,35.1222,-77.09908,701
11,35.12256,-77.0989,702
11,35.12341,-77.09848,703
11,35.12303,-77.09737,704
11,35.12266,-77.09625,705
11,35.12255,-77.09593,706
11,35.12249,-77.09563,707
11,35.12247,-77.09524,708
11,35.12247,-77.09519,709
11,35.12252,-77.09485,710
11,35.12256,-77.09467,711
11,35.1226,-77.09451,712
11,35.12274,-77.09393,713
11,35.12285,-77.09353,714
11,35.12291,-77.09342,715
11,35.12311,-77.0931,716
11,35.12328,-77.09287,717
11,35.12334,-77.09278,718
11,35.12367,-77.09231,719
11,35.12404,-77.09181,720
11,35.12424,-77.09157,721
11,35.12445,-77.09141,722
11,35.1247,-77.0913,723
11,35.12486,-77.09128,724
11,35.12499,-77.09127,725
11,35.12533,-77.09126,726
11,35.12535,-77.09125,727
12,35.12241,-77.08353,0
12,35.12145,-77.08248,1
12,35.12117,-77.08218,2
12,35.12091,-77.08189,3
12,35.12078,-77.08174,4
12,35.12074,-77.0817,5
12,35.1204,-77.08134,6
12,35.12018,-77.08109,7
12,35.12013,-77.08102,8
12,35.11999,-77.08085,9
12,35.11988,-77.08068,10
12,35.11973,-77.08043,11
12,35.11942,-77.07987,12
12,35.11894,-77.079,13
12,35.11891,-77.07895,14
12,35.11854,-77.07829,15
12,35.11816,-77.07761,16
12,35.11769,-77.07676,17
12,35.11747,-77.07637,18
12,35.11685,-77.07526,19
12,35.1163,-77.07425,20
12,35.11628,-77.07421,21
12,35.11599,-77.07367,22
12,35.11569,-77.07317,23
12,35.11543,-77.07272,24
12,35.11503,-77.07199,25
12,35.11471,-77.07142,26
12,35.1146,-77.07121,27
12,35.11456,-77.07115,28
12,35.11446,-77.07096,29
12,35.11427,-77.07061,30
12,35.11401,-77.07015,31
12,35.11379,-77.06977,32
12,35.11373,-77.06965,33
12,35.11348,-77.06921,34
12,35.11343,-77.06912,35
12,35.11331,-77.0689,36
12,35.11287,-77.06812,37
12,35.11254,-77.06751,38
12,35.1122,-77.06687,39
12,35.11217,-77.0668,40
12,35.11188,-77.06627,41
12,35.11148,-77.06559,42
12,35.1112,-77.06512,43
12,35.11101,-77.06474,44
12,35.11056,-77.0645,45
12,35.1104,-77.06442,46
12,35.11041,-77.06412,47
12,35.11041,-77.06403,48
12,35.11039,-77.06372,49
12,35.11036,-77.06353,50
12,35.11034,-77.06335,51
12,35.11032,-77.06319,52
12,35.11031,-77.06309,53
12,35.11025,-77.06266,54
12,35.11018,-77.06217,55
12,35.11014,-77.06196,56
12,35.11003,-77.06131,57
12,35.11,-77.06116,58
12,35.10995,-77.06084,59
12,35.10985,-77.0603,60
12,35.10969,-77.05945,61
12,35.10961,-77.05903,62
12,35.10947,-77.05824,63
12,35.10947,-77.05805,64
12,35.10943,-77.05779,65
12,35.10934,-77.0573,66
12,35.10933,-77.05726,67
12,35.10929,-77.05708,68
12,35.1092,-77.05659,69
12,35.10913,-77.0563,70
12,35.10894,-77.05535,71
12,35.10889,-77.05507,72
12,35.10873,-77.0543,73
12,35.1086,-77.05363,74
12,35.10852,-77.05319,75
12,35.10846,-77.05311,76
12,35.10832,-77.05238,77
12,35.10827,-77.05204,78
12,35.10825,-77.05191,79
12,35.10822,-77.05162,80
12,35.10822,-77.0516,81
12,35.10822,-77.05154,82
12,35.10818,-77.05099,83
12,35.10818,-77.05083,84
12,35.10816,-77.05019,85
12,35.10815,-77.04976,86
12,35.10814,-77.04921,87
12,35.10821,-77.04915,88
12,35.10876,-77.0492,89
12,35.10879,-77.0492,90
12,35.10893,-77.04922,91
12,35.10938,-77.04926,92
12,35.10951,-77.04927,93
12,35.11038,-77.04934,94
12,35.11053,-77.04935,95
12,35.11087,-77.04936,96
12,35.11142,-77.04935,97
12,35.1119,-77.04937,98
12,35.1119,-77.04969,99
12,35.1119,-77.05,100
12,35.11189,-77.05029,101
12,35.11189,-77.05068,102
12,35.11187,-77.05116,103
12,35.11187,-77.05136,104
12,35.11187,-77.05153,105
12,35.11188,-77.05195,106
12,35.11186,-77.05248,107
12,35.11185,-77.05312,108
12,35.11191,-77.05381,109
12,35.11196,-77.05451,110
12,35.11196,-77.05454,111
12,35.11196,-77.05457,112
12,35.11196,-77.0546,113
12,35.11194,-77.05463,114
12,35.11119,-77.05475,115
12,35.11194,-77.05463,116
12,35.11196,-77.0546,117
12,35.11196,-77.05457,118
12,35.11196,-77.05454,119
12,35.11196,-77.05451,120
12,35.11191,-77.05381,121
12,35.11185,-77.05312,122
12,35.11244,-77.05318,123
12,35.11255,-77.05319,124
12,35.11278,-77.05321,125
12,35.11313,-77.05327,126
12,35.11331,-77.05332,127
12,35.11344,-77.05335,128
12,35.11349,-77.05336,129
12,35.11373,-77.05343,130
12,35.11406,-77.05356,131
12,35.11418,-77.05359,132
12,35.11443,-77.05365,133
12,35.11454,-77.05358,134
12,35.11523,-77.05242,135
12,35.11558,-77.05276,136
12,35.11643,-77.05357,137
12,35.11558,-77.05276,138
12,35.11523,-77.05242,139
12,35.11574,-77.05162,140
12,35.11583,-77.05149,141
12,35.116,-77.05123,142
12,35.11616,-77.05094,143
12,35.11634,-77.05064,144
12,35.11643,-77.05049,145
12,35.1166,-77.05022,146
12,35.11677,-77.04991,147
12,35.11644,-77.04959,148
12,35.11547,-77.04857,149
12,35.11479,-77.0479,150
12,35.11459,-77.04779,151
12,35.11462,-77.04699,152
12,35.1146,-77.04686,153
12,35.11461,-77.04635,154
12,35.11461,-77.04616,155
12,35.11501,-77.04618,156
12,35.11527,-77.04617,157
12,35.11557,-77.04577,158
12,35.11564,-77.04566,159
12,35.11583,-77.04538,160
12,35.11514,-77.04481,161
12,35.11504,-77.04473,162
12,35.11492,-77.04464,163
12,35.11482,-77.04457,164
12,35.11476,-77.04454,165
12,35.11466,-77.04452,166
12,35.11424,-77.0445,167
12,35.11369,-77.04448,168
12,35.11351,-77.04447,169
12,35.11333,-77.04447,170
12,35.11199,-77.04443,171
12,35.11088,-77.0444,172
12,35.11056,-77.04439,173
12,35.11102,-77.04343,174
12,35.11101,-77.04328,175
12,35.11101,-77.04307,176
12,35.11102,-77.04276,177
12,35.11102,-77.04239,178
12,35.11103,-77.0419,179
12,35.11105,-77.04145,180
12,35.11106,-77.04101,181
12,35.11106,-77.04079,182
12,35.11106,-77.04072,183
12,35.11098,-77.04007,184
12,35.11095,-77.03984,185
12,35.11086,-77.03913,186
12,35.11013,-77.03927,187
12,35.10955,-77.0394,188
12,35.1092,-77.03946,189
12,35.10877,-77.03954,190
12,35.10824,-77.03963,191
12,35.10814,-77.03888,192
12,35.10802,-77.03801,193
12,35.10793,-77.03735,194
12,35.10773,-77.03583,195
12,35.10772,-77.03583,196
12,35.10771,-77.03583,197
12,35.1077,-77.03583,198
12,35.10769,-77.03583,199
12,35.10768,-77.03583,200
12,35.10767,-77.03583,201
12,35.10766,-77.03583,202
12,35.10766,-77.03582,203
12,35.10765,-77.03582,204
12,35.10764,-77.03581,205
12,35.10763,-77.03581,206
12,35.10763,-77.0358,207
12,35.10762,-77.0358,208
12,35.10762,-77.03579,209
12,35.10761,-77.03578,210
12,35.1076,-77.03577,211
12,35.1076,-77.03576,212
12,35.10759,-77.03575,213
12,35.10759,-77.03574,214
12,35.10759,-77.03573,215
12,35.10759,-77.03572,216
12,35.10758,-77.03571,217
12,35.10758,-77.0357,218
12,35.10758,-77.03569,219
12,35.10738,-77.03573,220
12,35.10728,-77.03575,221
12,35.10709,-77.03579,222
12,35.10685,-77.03584,223
12,35.10674,-77.03586,224
12,35.10635,-77.03594,225
12,35.10617,-77.03598,226
12,35.10594,-77.03602,227
12,35.10579,-77.03605,228
12,35.10577,-77.03606,229
12,35.10542,-77.03613,230
12,35.10506,-77.0362,231
12,35.10442,-77.03632,232
12,35.10444,-77.03652,233
12,35.10446,-77.03664,234
12,35.10454,-77.03722,235
12,35.10457,-77.03739,236
12,35.10461,-77.03769,237
12,35.10474,-77.03865,238
12,35.10481,-77.03922,239
12,35.10484,-77.03944,240
12,35.10489,-77.03978,241
12,35.10495,-77.04026,242
12,35.10498,-77.04048,243
12,35.10503,-77.04085,244
12,35.10503,-77.04087,245
12,35.10511,-77.04136,246
12,35.10513,-77.0415,247
12,35.10514,-77.04159,248
12,35.10515,-77.04171,249
12,35.10517,-77.04183,250
12,35.10516,-77.04189,251
12,35.10517,-77.042,252
12,35.10516,-77.04217,253
12,35.10515,-77.0424,254
12,35.10515,-77.04251,255
12,35.10514,-77.04262,256
12,35.10514,-77.04265,257
12,35.10512,-77.04307,258
12,35.1051,-77.04352,259
12,35.10496,-77.04355,260
12,35.1046,-77.04365,261
12,35.1044,-77.04371,262
12,35.10433,-77.04378,263
12,35.10431,-77.04381,264
12,35.10429,-77.04389,265
12,35.10426,-77.04402,266
12,35.10424,-77.04413,267
12,35.10423,-77.04423,268
12,35.10424,-77.0443,269
12,35.10424,-77.04436,270
12,35.10425,-77.04442,271
12,35.1043,-77.04458,272
12,35.10438,-77.04483,273
12,35.10446,-77.04503,274
12,35.1045,-77.04509,275
12,35.10452,-77.04512,276
12,35.10453,-77.04513,277
12,35.10459,-77.04515,278
12,35.10467,-77.04517,279
12,35.10488,-77.04517,280
12,35.10505,-77.04517,281
12,35.10499,-77.04634,282
12,35.10497,-77.04673,283
12,35.10497,-77.04689,284
12,35.10501,-77.04698,285
12,35.10547,-77.04732,286
12,35.10555,-77.04737,287
12,35.10574,-77.04751,288
12,35.10581,-77.04756,289
12,35.10617,-77.04783,290
12,35.10599,-77.04817,291
12,35.10617,-77.04783,292
12,35.10581,-77.04756,293
12,35.10574,-77.04751,294
12,35.10555,-77.04737,295
12,35.10545,-77.04754,296
12,35.10522,-77.04801,297
12,35.10491,-77.04864,298
12,35.10486,-77.04876,299
12,35.10483,-77.04883,300
12,35.10479,-77.04893,301
12,35.10471,-77.04924,302
12,35.10455,-77.04991,303
12,35.10455,-77.04998,304
12,35.10453,-77.05002,305
12,35.10444,-77.0505,306
12,35.10431,-77.05113,307
12,35.10423,-77.05157,308
12,35.10421,-77.05192,309
12,35.10418,-77.05235,310
12,35.10416,-77.05268,311
12,35.10413,-77.05323,312
12,35.10408,-77.05405,313
12,35.10403,-77.05478,314
12,35.10402,-77.05479,315
12,35.10401,-77.05485,316
12,35.104,-77.05489,317
12,35.10405,-77.05508,318
12,35.10414,-77.05503,319
12,35.10426,-77.05499,320
12,35.10435,-77.05496,321
12,35.10445,-77.05494,322
12,35.10448,-77.05494,323
12,35.10445,-77.05494,324
12,35.10435,-77.05496,325
12,35.10426,-77.05499,326
12,35.10414,-77.05503,327
12,35.10405,-77.05508,328
12,35.10397,-77.05514,329
12,35.10387,-77.05521,330
12,35.1038,-77.05529,331
12,35.10371,-77.05539,332
12,35.10349,-77.05567,333
12,35.10328,-77.05594,334
12,35.10304,-77.05626,335
12,35.10266,-77.05674,336
12,35.10219,-77.05733,337
12,35.10195,-77.05764,338
12,35.10201,-77.05789,339
12,35.10202,-77.05797,340
12,35.10203,-77.05807,341
12,35.10204,-77.05816,342
12,35.10204,-77.0582,343
12,35.10205,-77.05825,344
12,35.10204,-77.05838,345
12,35.10203,-77.05849,346
12,35.102,-77.05865,347
12,35.10197,-77.05882,348
12,35.10177,-77.05975,349
12,35.1017,-77.06013,350
12,35.10165,-77.06034,351
12,35.10161,-77.06059,352
12,35.10158,-77.06077,353
12,35.10157,-77.06081,354
12,35.10155,-77.06098,355
12,35.10155,-77.0611,356
12,35.10154,-77.06117,357
12,35.10152,-77.06145,358
12,35.10151,-77.06176,359
12,35.10151,-77.06204,360
12,35.10149,-77.06239,361
12,35.10148,-77.06266,362
12,35.10146,-77.06295,363
12,35.10145,-77.06308,364
12,35.10143,-77.06327,365
12,35.1014,-77.06356,366
12,35.10137,-77.06388,367
12,35.10136,-77.06395,368
12,35.10132,-77.06421,369
12,35.10129,-77.06441,370
12,35.10129,-77.06447,371
12,35.10126,-77.06466,372
12,35.10123,-77.06479,373
12,35.10121,-77.06491,374
12,35.10116,-77.06515,375
12,35.10114,-77.06528,376
12,35.1011,-77.06543,377
12,35.10104,-77.06563,378
12,35.10101,-77.0658,379
12,35.10095,-77.06612,380
12,35.10086,-77.06656,381
12,35.10021,-77.06985,382
12,35.10007,-77.07056,383
12,35.0998,-77.07198,384
12,35.09977,-77.07214,385
12,35.09975,-77.07228,386
12,35.09973,-77.07238,387
12,35.0997,-77.07258,388
12,35.09968,-77.07273,389
12,35.09966,-77.07288,390
12,35.09964,-77.07306,391
12,35.09963,-77.07319,392
12,35.09961,-77.07349,393
12,35.0996,-77.0738,394
12,35.09959,-77.0741,395
12,35.0996,-77.0744,396
12,35.0996,-77.07445,397
12,35.0996,-77.07457,398
12,35.09961,-77.07467,399
12,35.09961,-77.0747,400
12,35.09963,-77.07501,401
12,35.09965,-77.0753,402
12,35.09969,-77.07559,403
12,35.09973,-77.07586,404
12,35.09977,-77.07614,405
12,35.0998,-77.0763,406
12,35.09983,-77.07642,407
12,35.09986,-77.07657,408
12,35.0999,-77.07675,409
12,35.09993,-77.07689,410
12,35.09997,-77.07702,411
12,35.10001,-77.07716,412
12,35.10005,-77.07731,413
12,35.1001,-77.07746,414
12,35.10016,-77.07765,415
12,35.10029,-77.078,416
12,35.10034,-77.07816,417
12,35.10042,-77.07835,418
12,35.10055,-77.07867,419
12,35.10062,-77.07882,420
12,35.10069,-77.07896,421
12,35.10081,-77.07918,422
12,35.10093,-77.07942,423
12,35.10104,-77.07961,424
12,35.10114,-77.07978,425
12,35.10129,-77.08001,426
12,35.10146,-77.08027,427
12,35.10162,-77.08051,428
12,35.10168,-77.0806,429
12,35.10174,-77.08069,430
12,35.10235,-77.08162,431
12,35.10241,-77.08171,432
12,35.10247,-77.0818,433
12,35.10265,-77.08206,434
12,35.10356,-77.08343,435
12,35.10371,-77.08367,436
12,35.10373,-77.0837,437
12,35.10375,-77.08372,438
12,35.10379,-77.08378,439
12,35.10397,-77.08406,440
12,35.104,-77.08411,441
12,35.10408,-77.08423,442
12,35.10412,-77.08429,443
12,35.10431,-77.08457,444
12,35.10521,-77.08593,445
12,35.10543,-77.08626,446
12,35.10556,-77.08646,447
12,35.10613,-77.08731,448
12,35.1066,-77.08803,449
12,35.10733,-77.08914,450
12,35.10773,-77.08974,451
12,35.10809,-77.09028,452
12,35.10916,-77.0919,453
12,35.10986,-77.09295,454
12,35.1103,-77.0936,455
12,35.11039,-77.09368,456
12,35.11051,-77.09381,457
12,35.11066,-77.09398,458
12,35.11081,-77.09418,459
12,35.11102,-77.09446,460
12,35.11114,-77.0946,461
12,35.11117,-77.09464,462
12,35.11119,-77.09467,463
12,35.11131,-77.0948,464
12,35.11145,-77.09496,465
12,35.11146,-77.09496,466
12,35.11158,-77.09508,467
12,35.11167,-77.09516,468
12,35.11177,-77.09525,469
12,35.11188,-77.09534,470
12,35.112,-77.09544,471
12,35.11226,-77.09564,472
12,35.11265,-77.09595,473
12,35.11279,-77.09605,474
12,35.11301,-77.09621,475
12,35.11315,-77.09632,476
12,35.11324,-77.0964,477
12,35.11336,-77.09654,478
12,35.11288,-77.09701,479
12,35.11267,-77.09721,480
12,35.1126,-77.09728,481
12,35.11259,-77.0973,482
12,35.11248,-77.0974,483
12,35.11229,-77.09758,484
12,35.11178,-77.09804,485
12,35.11146,-77.09834,486
12,35.11113,-77.09866,487
12,35.11058,-77.09915,488
12,35.1105,-77.09922,489
12,35.11043,-77.09927,490
12,35.11025,-77.0994,491
12,35.10996,-77.09958,492
12,35.11034,-77.10062,493
12,35.11037,-77.10071,494
12,35.11046,-77.10074,495
12,35.11044,-77.10123,496
12,35.11043,-77.10145,497
12,35.11042,-77.10172,498
12,35.11041,-77.10194,499
12,35.11041,-77.10216,500
12,35.1104,-77.10227,501
12,35.11039,-77.10234,502
12,35.11038,-77.10239,503
12,35.11038,-77.1024,504
12,35.11036,-77.10243,505
12,35.11034,-77.10246,506
12,35.11031,-77.10249,507
12,35.11029,-77.1025,508
12,35.11026,-77.1025,509
12,35.11023,-77.1025,510
12,35.1102,-77.1025,511
12,35.11018,-77.10249,512
12,35.11004,-77.10244,513
12,35.11006,-77.10234,514
12,35.11007,-77.10224,515
12,35.11007,-77.10223,516
12,35.1101,-77.10208,517
12,35.11012,-77.10203,518
12,35.11013,-77.10202,519
12,35.11023,-77.10171,520
12,35.11027,-77.10157,521
12,35.1103,-77.10145,522
12,35.11032,-77.10126,523
12,35.11033,-77.10119,524
12,35.11034,-77.10084,525
12,35.11037,-77.10071,526
12,35.11034,-77.10062,527
12,35.10996,-77.09958,528
12,35.11025,-77.0994,529
12,35.11043,-77.09927,530
12,35.1105,-77.09922,531
12,35.11058,-77.09915,532
12,35.11113,-77.09866,533
12,35.11146,-77.09834,534
12,35.11178,-77.09804,535
12,35.11229,-77.09758,536
12,35.11248,-77.0974,537
12,35.11259,-77.0973,538
12,35.1126,-77.09728,539
12,35.11267,-77.09721,540
12,35.11288,-77.09701,541
12,35.11336,-77.09654,542
12,35.1135,-77.0964,543
12,35.11366,-77.09624,544
12,35.11384,-77.09607,545
12,35.11407,-77.09585,546
12,35.1142,-77.09573,547
12,35.11441,-77.09553,548
12,35.11497,-77.09499,549
12,35.1158,-77.0942,550
12,35.11607,-77.09394,551
12,35.11655,-77.09348,552
12,35.1171,-77.09293,553
12,35.11738,-77.09266,554
12,35.11801,-77.09205,555
12,35.1184,-77.09167,556
12,35.11848,-77.0916,557
12,35.11921,-77.0909,558
12,35.11925,-77.09086,559
12,35.11935,-77.09076,560
12,35.11975,-77.09037,561
12,35.11989,-77.09024,562
12,35.12006,-77.09008,563
12,35.12103,-77.08914,564
12,35.12174,-77.08843,565
12,35.12211,-77.08805,566
12,35.12219,-77.08798,567
12,35.12228,-77.08791,568
12,35.12238,-77.08785,569
12,35.12241,-77.08783,570
12,35.12255,-77.08775,571
12,35.1227,-77.08769,572
12,35.12286,-77.08763,573
12,35.12302,-77.08758,574
12,35.12326,-77.08752,575
12,35.1235,-77.08746,576
12,35.12357,-77.08744,577
12,35.1237,-77.0874,578
12,35.12372,-77.08738,579
12,35.12379,-77.08736,580
12,35.12383,-77.08734,581
12,35.12394,-77.08727,582
12,35.12406,-77.08719,583
12,35.12416,-77.0871,584
12,35.12418,-77.08708,585
12,35.12426,-77.087,586
12,35.12433,-77.08693,587
12,35.12442,-77.08684,588
12,35.12454,-77.08671,589
12,35.12461,-77.08664,590
12,35.12471,-77.08652,591
12,35.12494,-77.08627,592
12,35.12534,-77.0867,593
12,35.12538,-77.08676,594
12,35.12544,-77.08682,595
12,35.12552,-77.0869,596
12,35.12571,-77.08711,597
12,35.12588,-77.0873,598
12,35.1261,-77.08754,599
12,35.12649,-77.08797,600
12,35.12756,-77.08913,601
12,35.12775,-77.08933,602
12,35.12803,-77.08961,603
12,35.12815,-77.08976,604
12,35.12892,-77.09053,605
12,35.12976,-77.09134,606
12,35.13045,-77.09203,607
12,35.13093,-77.0925,608
12,35.13166,-77.09322,609
12,35.13188,-77.09344,610
12,35.13225,-77.09381,611
12,35.13237,-77.09393,612
12,35.13292,-77.09447,613
12,35.13372,-77.09527,614
12,35.1343,-77.09584,615
12,35.13475,-77.09627,616
12,35.13489,-77.09639,617
12,35.13522,-77.09671,618
12,35.13543,-77.09692,619
12,35.13545,-77.09693,620
12,35.13595,-77.0974,621
12,35.13615,-77.09759,622
12,35.13629,-77.09774,623
12,35.13691,-77.09839,624
12,35.1372,-77.09868,625
12,35.13753,-77.09903,626
12,35.1378,-77.09932,627
12,35.13819,-77.09973,628
12,35.13866,-77.10022,629
12,35.13881,-77.10038,630
12,35.13893,-77.10051,631
12,35.13932,-77.10091,632
12,35.13963,-77.10124,633
12,35.14005,-77.10165,634
12,35.14053,-77.10213,635
12,35.14074,-77.10166,636
12,35.14103,-77.10106,637
12,35.14116,-77.10078,638
12,35.14119,-77.10069,639
12,35.14121,-77.10062,640
12,35.14126,-77.10052,641
12,35.14136,-77.10028,642
12,35.14172,-77.09951,643
12,35.1418,-77.09934,644
12,35.14172,-77.09951,645
12,35.14136,-77.10028,646
12,35.14126,-77.10052,647
12,35.14121,-77.10062,648
12,35.14119,-77.10069,649
12,35.14116,-77.10078,650
12,35.14103,-77.10106,651
12,35.14074,-77.10166,652
12,35.14053,-77.10213,653
12,35.14005,-77.10165,654
12,35.13963,-77.10124,655
12,35.13932,-77.10091,656
12,35.13893,-77.10051,657
12,35.13881,-77.10038,658
12,35.13866,-77.10022,659
12,35.13819,-77.09973,660
12,35.1378,-77.09932,661
12,35.13753,-77.09903,662
12,35.1372,-77.09868,663
12,35.13691,-77.09839,664
12,35.13629,-77.09774,665
12,35.13615,-77.09759,666
12,35.13595,-77.0974,667
12,35.13545,-77.09693,668
12,35.13543,-77.09692,669
12,35.13522,-77.09671,670
12,35.13489,-77.09639,671
12,35.13475,-77.09627,672
12,35.1343,-77.09584,673
12,35.13372,-77.09527,674
12,35.13292,-77.09447,675
12,35.13237,-77.09393,676
12,35.13177,-77.09424,677
12,35.13147,-77.0944,678
12,35.13097,-77.09466,679
12,35.13064,-77.09483,680
12,35.13031,-77.09501,681
12,35.12982,-77.09527,682
12,35.12978,-77.09529,683
12,35.12968,-77.09533,684
12,35.12953,-77.09541,685
12,35.12939,-77.09548,686
12,35.12905,-77.09564,687
12,35.12838,-77.09597,688
12,35.12822,-77.09604,689
12,35.12805,-77.09613,690
12,35.12795,-77.09618,691
12,35.12738,-77.09645,692
12,35.12712,-77.09661,693
12,35.12709,-77.09663,694
12,35.12684,-77.09676,695
12,35.12669,-77.09682,696
12,35.1264,-77.09698,697
12,35.12609,-77.09714,698
12,35.1263,-77.09764,699
12,35.12646,-77.09791,700
12,35.12676,-77.09844,701
12,35.12687,-77.09863,702
12,35.12752,-77.09968,703
12,35.12773,-77.10003,704
12,35.1278,-77.10019,705
12,35.12781,-77.10025,706
12,35.12781,-77.10029,707
12,35.12782,-77.10033,708
12,35.12782,-77.10036,709
12,35.1278,-77.1017,710
12,35.12779,-77.10321,711
12,35.12778,-77.10346,712
12,35.12777,-77.10396,713
12,35.1277,-77.1044,714
12,35.12764,-77.1047,715
12,35.1276,-77.10497,716
12,35.1266,-77.10461,717
12,35.12615,-77.1045,718
12,35.12586,-77.10443,719
12,35.12567,-77.10442,720
12,35.12569,-77.10374,721
12,35.1257,-77.10366,722
12,35.12571,-77.10354,723
12,35.12574,-77.1033,724
12,35.1258,-77.1032,725
12,35.12581,-77.10318,726
12,35.12587,-77.1031,727
12,35.12581,-77.10318,728
12,35.1258,-77.1032,729
12,35.12574,-77.1033,730
12,35.12571,-77.10354,731
12,35.1257,-77.10366,732
12,35.12569,-77.10374,733
12,35.12567,-77.10442,734
12,35.12562,-77.10442,735
12,35.12553,-77.10442,736
12,35.12551,-77.10442,737
12,35.12532,-77.10445,738
12,35.12506,-77.10459,739
12,35.12475,-77.10488,740
12,35.12447,-77.1051,741
12,35.12386,-77.10562,742
12,35.12366,-77.10531,743
12,35.1231,-77.1044,744
12,35.12305,-77.10433,745
12,35.12285,-77.10403,746
12,35.12263,-77.10373,747
12,35.12251,-77.10352,748
12,35.12207,-77.10284,749
12,35.12198,-77.10268,750
12,35.12182,-77.10241,751
12,35.12164,-77.10208,752
12,35.12162,-77.10203,753
12,35.12155,-77.10188,754
12,35.12146,-77.10162,755
12,35.12144,-77.10159,756
12,35.12141,-77.10152,757
12,35.12106,-77.1009,758
12,35.12078,-77.10044,759
12,35.12062,-77.10019,760
12,35.12049,-77.09999,761
12,35.12044,-77.09993,762
12,35.12051,-77.0999,763
12,35.12151,-77.09942,764
12,35.12207,-77.09914,765
12,35.1222,-77.09908,766
12,35.12256,-77.0989,767
12,35.12341,-77.09848,768
12,35.12303,-77.09737,769
12,35.12266,-77.09625,770
12,35.12255,-77.09593,771
12,35.12249,-77.09563,772
12,35.12247,-77.09524,773
12,35.12247,-77.09519,774
12,35.12252,-77.09485,775
12,35.12256,-77.09467,776
12,35.1226,-77.09451,777
12,35.12274,-77.09393,778
12,35.12285,-77.09353,779
12,35.12291,-77.09342,780
12,35.12311,-77.0931,781
12,35.12328,-77.09287,782
12,35.12334,-77.09278,783
12,35.12367,-77.09231,784
12,35.12404,-77.09181,785
12,35.12424,-77.09157,786
12,35.12445,-77.09141,787
12,35.1247,-77.0913,788
12,35.12486,-77.09128,789
12,35.12499,-77.09127,790
12,35.12533,-77.09126,791
12,35.12535,-77.09125,792
13,35.12241,-77.08353,0
13,35.12145,-77.08248,1
13,35.12117,-77.08218,2
13,35.12091,-77.08189,3
13,35.12078,-77.08174,4
13,35.12074,-77.0817,5
13,35.1204,-77.08134,6
13,35.12018,-77.08109,7
13,35.12013,-77.08102,8
13,35.11999,-77.08085,9
13,35.11988,-77.08068,10
13,35.11973,-77.08043,11
13,35.11942,-77.07987,12
13,35.11894,-77.079,13
13,35.11891,-77.07895,14
13,35.11854,-77.07829,15
13,35.11816,-77.07761,16
13,35.11769,-77.07676,17
13,35.11747,-77.07637,18
13,35.11685,-77.07526,19
13,35.1163,-77.07425,20
13,35.11628,-77.07421,21
13,35.11599,-77.07367,22
13,35.11569,-77.07317,23
13,35.11543,-77.07272,24
13,35.11503,-77.07199,25
13,35.11471,-77.07142,26
13,35.1146,-77.07121,27
13,35.11456,-77.07115,28
13,35.11446,-77.07096,29
13,35.11427,-77.07061,30
13,35.11401,-77.07015,31
13,35.11379,-77.06977,32
13,35.11373,-77.06965,33
13,35.11348,-77.06921,34
13,35.11343,-77.06912,35
13,35.11331,-77.0689,36
13,35.11287,-77.06812,37
13,35.11254,-77.06751,38
13,35.1122,-77.06687,39
13,35.11217,-77.0668,40
13,35.11188,-77.06627,41
13,35.11148,-77.06559,42
13,35.1112,-77.06512,43
13,35.11101,-77.06474,44
13,35.11056,-77.0645,45
13,35.1104,-77.06442,46
13,35.11041,-77.06412,47
13,35.11041,-77.06403,48
13,35.11039,-77.06372,49
13,35.11036,-77.06353,50
13,35.11034,-77.06335,51
13,35.11032,-77.06319,52
13,35.11031,-77.06309,53
13,35.11025,-77.06266,54
13,35.11018,-77.06217,55
13,35.11014,-77.06196,56
13,35.11003,-77.06131,57
13,35.11,-77.06116,58
13,35.10995,-77.06084,59
13,35.10985,-77.0603,60
13,35.10969,-77.05945,61
13,35.10961,-77.05903,62
13,35.10947,-77.05824,63
13,35.10947,-77.05805,64
13,35.10943,-77.05779,65
13,35.10934,-77.0573,66
13,35.10933,-77.05726,67
13,35.10929,-77.05708,68
13,35.1092,-77.05659,69
13,35.10913,-77.0563,70
13,35.10894,-77.05535,71
13,35.10889,-77.05507,72
13,35.10873,-77.0543,73
13,35.1086,-77.05363,74
13,35.10852,-77.05319,75
13,35.10846,-77.05311,76
13,35.10832,-77.05238,77
13,35.10827,-77.05204,78
13,35.10825,-77.05191,79
13,35.10822,-77.05162,80
13,35.10822,-77.0516,81
13,35.10822,-77.05154,82
13,35.10818,-77.05099,83
13,35.10818,-77.05083,84
13,35.10816,-77.05019,85
13,35.10815,-77.04976,86
13,35.10814,-77.04921,87
13,35.10821,-77.04915,88
13,35.10876,-77.0492,89
13,35.10879,-77.0492,90
13,35.10893,-77.04922,91
13,35.10938,-77.04926,92
13,35.10951,-77.04927,93
13,35.11038,-77.04934,94
13,35.11053,-77.04935,95
13,35.11087,-77.04936,96
13,35.11142,-77.04935,97
13,35.1119,-77.04937,98
13,35.1119,-77.04969,99
13,35.1119,-77.05,100
13,35.11189,-77.05029,101
13,35.11189,-77.05068,102
13,35.11187,-77.05116,103
13,35.11187,-77.05136,104
13,35.11187,-77.05153,105
13,35.11188,-77.05195,106
13,35.11186,-77.05248,107
13,35.11185,-77.05312,108
13,35.11191,-77.05381,109
13,35.11196,-77.05451,110
13,35.11196,-77.05454,111
13,35.11196,-77.05457,112
13,35.11196,-77.0546,113
13,35.11194,-77.05463,114
13,35.11119,-77.05475,115
13,35.11194,-77.05463,116
13,35.11196,-77.0546,117
13,35.11196,-77.05457,118
13,35.11196,-77.05454,119
13,35.11196,-77.05451,120
13,35.11191,-77.05381,121
13,35.11185,-77.05312,122
13,35.11244,-77.05318,123
13,35.11255,-77.05319,124
13,35.11278,-77.05321,125
13,35.11313,-77.05327,126
13,35.11331,-77.05332,127
13,35.11344,-77.05335,128
13,35.11349,-77.05336,129
13,35.11373,-77.05343,130
13,35.11406,-77.05356,131
13,35.11418,-77.05359,132
13,35.11443,-77.05365,133
13,35.11454,-77.05358,134
13,35.11523,-77.05242,135
13,35.11558,-77.05276,136
13,35.11643,-77.05357,137
13,35.11558,-77.05276,138
13,35.11523,-77.05242,139
13,35.11574,-77.05162,140
13,35.11583,-77.05149,141
13,35.116,-77.05123,142
13,35.11616,-77.05094,143
13,35.11634,-77.05064,144
13,35.11643,-77.05049,145
13,35.1166,-77.05022,146
13,35.11677,-77.04991,147
13,35.11644,-77.04959,148
13,35.11547,-77.04857,149
13,35.11479,-77.0479,150
13,35.11459,-77.04779,151
13,35.11462,-77.04699,152
13,35.1146,-77.04686,153
13,35.11461,-77.04635,154
13,35.11461,-77.04616,155
13,35.11501,-77.04618,156
13,35.11527,-77.04617,157
13,35.11557,-77.04577,158
13,35.11564,-77.04566,159
13,35.11583,-77.04538,160
13,35.11514,-77.04481,161
13,35.11504,-77.04473,162
13,35.11492,-77.04464,163
13,35.11482,-77.04457,164
13,35.11476,-77.04454,165
13,35.11466,-77.04452,166
13,35.11424,-77.0445,167
13,35.11369,-77.04448,168
13,35.11351,-77.04447,169
13,35.11333,-77.04447,170
13,35.11199,-77.04443,171
13,35.11088,-77.0444,172
13,35.11056,-77.04439,173
13,35.11017,-77.04516,174
13,35.11008,-77.04532,175
13,35.10973,-77.04601,176
13,35.10964,-77.04625,177
13,35.10954,-77.04646,178
13,35.10892,-77.04767,179
13,35.10857,-77.0484,180
13,35.10821,-77.04915,181
13,35.10814,-77.04921,182
13,35.10794,-77.04966,183
13,35.10788,-77.0498,184
13,35.10731,-77.05094,185
13,35.10706,-77.05142,186
13,35.10685,-77.05185,187
13,35.10669,-77.05183,188
13,35.10633,-77.0518,189
13,35.10553,-77.05173,190
13,35.10496,-77.05165,191
13,35.10467,-77.05162,192
13,35.10423,-77.05157,193
13,35.10421,-77.05192,194
13,35.10418,-77.05235,195
13,35.10416,-77.05268,196
13,35.10413,-77.05323,197
13,35.10408,-77.05405,198
13,35.10403,-77.05478,199
13,35.10402,-77.05479,200
13,35.10401,-77.05485,201
13,35.104,-77.05489,202
13,35.10405,-77.05508,203
13,35.10414,-77.05503,204
13,35.10426,-77.05499,205
13,35.10435,-77.05496,206
13,35.10445,-77.05494,207
13,35.10448,-77.05494,208
14,35.12241,-77.08353,0
14,35.12279,-77.08393,1
14,35.12351,-77.08472,2
14,35.12393,-77.08518,3
14,35.12405,-77.08531,4
14,35.12423,-77.08552,5
14,35.12427,-77.08556,6
14,35.12447,-77.08578,7
14,35.12464,-77.08596,8
14,35.12494,-77.08627,9
14,35.12534,-77.0867,10
14,35.12538,-77.08676,11
14,35.12544,-77.08682,12
14,35.12552,-77.0869,13
14,35.12571,-77.08711,14
14,35.12588,-77.0873,15
14,35.1261,-77.08754,16
14,35.12649,-77.08797,17
14,35.12756,-77.08913,18
14,35.12775,-77.08933,19
14,35.12803,-77.08961,20
14,35.12815,-77.08976,21
14,35.12892,-77.09053,22
14,35.12976,-77.09134,23
14,35.13045,-77.09203,24
14,35.13093,-77.0925,25
14,35.13166,-77.09322,26
14,35.13188,-77.09344,27
14,35.13225,-77.09381,28
14,35.13237,-77.09393,29
14,35.13292,-77.09447,30
14,35.13372,-77.09527,31
14,35.1343,-77.09584,32
14,35.13475,-77.09627,33
14,35.13489,-77.09639,34
14,35.13522,-77.09671,35
14,35.13543,-77.09692,36
14,35.13545,-77.09693,37
14,35.13595,-77.0974,38
14,35.13615,-77.09759,39
14,35.13629,-77.09774,40
14,35.13691,-77.09839,41
14,35.1372,-77.09868,42
14,35.13753,-77.09903,43
14,35.1378,-77.09932,44
14,35.13819,-77.09973,45
14,35.13866,-77.10022,46
14,35.13881,-77.10038,47
14,35.13893,-77.10051,48
14,35.13932,-77.10091,49
14,35.13963,-77.10124,50
14,35.14005,-77.10165,51
14,35.14053,-77.10213,52
14,35.14074,-77.10166,53
14,35.14103,-77.10106,54
14,35.14116,-77.10078,55
14,35.14119,-77.10069,56
14,35.14121,-77.10062,57
14,35.14126,-77.10052,58
14,35.14136,-77.10028,59
14,35.14172,-77.09951,60
14,35.1418,-77.09934,61
14,35.14172,-77.09951,62
14,35.14136,-77.10028,63
14,35.14126,-77.10052,64
14,35.14121,-77.10062,65
14,35.14119,-77.10069,66
14,35.14116,-77.10078,67
14,35.14103,-77.10106,68
14,35.14074,-77.10166,69
14,35.14053,-77.10213,70
14,35.14005,-77.10165,71
14,35.13963,-77.10124,72
14,35.13932,-77.10091,73
14,35.13893,-77.10051,74
14,35.13881,-77.10038,75
14,35.13866,-77.10022,76
14,35.13819,-77.09973,77
14,35.1378,-77.09932,78
14,35.13753,-77.09903,79
14,35.1372,-77.09868,80
14,35.13691,-77.09839,81
14,35.13629,-77.09774,82
14,35.13615,-77.09759,83
14,35.13595,-77.0974,84
14,35.13545,-77.09693,85
14,35.13543,-77.09692,86
14,35.13522,-77.09671,87
14,35.13489,-77.09639,88
14,35.13475,-77.09627,89
14,35.1343,-77.09584,90
14,35.13372,-77.09527,91
14,35.13292,-77.09447,92
14,35.13237,-77.09393,93
14,35.13177,-77.09424,94
14,35.13147,-77.0944,95
14,35.13097,-77.09466,96
14,35.13064,-77.09483,97
14,35.13031,-77.09501,98
14,35.12982,-77.09527,99
14,35.12978,-77.09529,100
14,35.12968,-77.09533,101
14,35.12953,-77.09541,102
14,35.12939,-77.09548,103
14,35.12905,-77.09564,104
14,35.12838,-77.09597,105
14,35.12822,-77.09604,106
14,35.12805,-77.09613,107
14,35.12795,-77.09618,108
14,35.12738,-77.09645,109
14,35.12712,-77.09661,110
14,35.12709,-77.09663,111
14,35.12684,-77.09676,112
14,35.12669,-77.09682,113
14,35.1264,-77.09698,114
14,35.12609,-77.09714,115
14,35.1263,-77.09764,116
14,35.12646,-77.09791,117
14,35.12676,-77.09844,118
14,35.12687,-77.09863,119
14,35.12752,-77.09968,120
14,35.12773,-77.10003,121
14,35.1278,-77.10019,122
14,35.12781,-77.10025,123
14,35.12781,-77.10029,124
14,35.12782,-77.10033,125
14,35.12782,-77.10036,126
14,35.1278,-77.1017,127
14,35.12779,-77.10321,128
14,35.12778,-77.10346,129
14,35.12777,-77.10396,130
14,35.1277,-77.1044,131
14,35.12764,-77.1047,132
14,35.1276,-77.10497,133
14,35.1266,-77.10461,134
14,35.12615,-77.1045,135
14,35.12586,-77.10443,136
14,35.12567,-77.10442,137
14,35.12569,-77.10374,138
14,35.1257,-77.10366,139
14,35.12571,-77.10354,140
14,35.12574,-77.1033,141
14,35.1258,-77.1032,142
14,35.12581,-77.10318,143
14,35.12587,-77.1031,144
14,35.12581,-77.10318,145
14,35.1258,-77.1032,146
14,35.12574,-77.1033,147
14,35.12571,-77.10354,148
14,35.1257,-77.10366,149
14,35.12569,-77.10374,150
14,35.12567,-77.10442,151
14,35.12562,-77.10442,152
14,35.12553,-77.10442,153
14,35.12551,-77.10442,154
14,35.12532,-77.10445,155
14,35.12506,-77.10459,156
14,35.12475,-77.10488,157
14,35.12447,-77.1051,158
14,35.12386,-77.10562,159
14,35.12366,-77.10531,160
14,35.1231,-77.1044,161
14,35.12305,-77.10433,162
14,35.12285,-77.10403,163
14,35.12263,-77.10373,164
14,35.12251,-77.10352,165
14,35.12207,-77.10284,166
14,35.12198,-77.10268,167
14,35.12182,-77.10241,168
14,35.12164,-77.10208,169
14,35.12162,-77.10203,170
14,35.12155,-77.10188,171
14,35.12146,-77.10162,172
14,35.12144,-77.10159,173
14,35.12141,-77.10152,174
14,35.12106,-77.1009,175
14,35.12078,-77.10044,176
14,35.12062,-77.10019,177
14,35.12049,-77.09999,178
14,35.12044,-77.09993,179
14,35.12051,-77.0999,180
14,35.12151,-77.09942,181
14,35.12207,-77.09914,182
14,35.1222,-77.09908,183
14,35.12256,-77.0989,184
14,35.12341,-77.09848,185
14,35.12303,-77.09737,186
14,35.12266,-77.09625,187
14,35.12255,-77.09593,188
14,35.12249,-77.09563,189
14,35.12247,-77.09524,190
14,35.12247,-77.09519,191
14,35.12252,-77.09485,192
14,35.12256,-77.09467,193
14,35.1226,-77.09451,194
14,35.12274,-77.09393,195
14,35.12285,-77.09353,196
14,35.12291,-77.09342,197
14,35.12311,-77.0931,198
14,35.12328,-77.09287,199
14,35.12334,-77.09278,200
14,35.12367,-77.09231,201
14,35.12404,-77.09181,202
14,35.12424,-77.09157,203
14,35.12445,-77.09141,204
14,35.1247,-77.0913,205
14,35.12486,-77.09128,206
14,35.12499,-77.09127,207
14,35.12533,-77.09126,208
14,35.12535,-77.09125,209
14,35.12554,-77.09124,210
14,35.12565,-77.09123,211
14,35.12594,-77.09113,212
14,35.12619,-77.09096,213
14,35.12623,-77.09091,214
14,35.12639,-77.09071,215
14,35.12655,-77.0905,216
14,35.12682,-77.09012,217
14,35.12708,-77.08976,218
14,35.12726,-77.08952,219
14,35.12756,-77.08913,220
14,35.12649,-77.08797,221
14,35.1261,-77.08754,222
14,35.12588,-77.0873,223
14,35.12571,-77.08711,224
14,35.12552,-77.0869,225
14,35.12544,-77.08682,226
14,35.12538,-77.08676,227
14,35.12534,-77.0867,228
14,35.12494,-77.08627,229
14,35.12464,-77.08596,230
14,35.12447,-77.08578,231
14,35.12427,-77.08556,232
14,35.12423,-77.08552,233
14,35.12405,-77.08531,234
14,35.12393,-77.08518,235
14,35.12351,-77.08472,236
14,35.12279,-77.08393,237
14,35.12145,-77.08248,238
14,35.12117,-77.08218,239
14,35.12091,-77.08189,240
14,35.12078,-77.08174,241
14,35.12074,-77.0817,242
14,35.1204,-77.08134,243
14,35.12018,-77.08109,244
14,35.12013,-77.08102,245
14,35.11999,-77.08085,246
14,35.11988,-77.08068,247
14,35.11973,-77.08043,248
14,35.11942,-77.07987,249
14,35.11894,-77.079,250
14,35.11891,-77.07895,251
14,35.11854,-77.07829,252
14,35.11816,-77.07761,253
14,35.11769,-77.07676,254
14,35.11747,-77.07637,255
14,35.11685,-77.07526,256
14,35.1163,-77.07425,257
14,35.11628,-77.07421,258
14,35.11599,-77.07367,259
14,35.11569,-77.07317,260
14,35.11543,-77.07272,261
14,35.11503,-77.07199,262
14,35.11471,-77.07142,263
14,35.1146,-77.07121,264
14,35.11456,-77.07115,265
14,35.11446,-77.07096,266
14,35.11427,-77.07061,267
14,35.11401,-77.07015,268
14,35.11379,-77.06977,269
14,35.11373,-77.06965,270
14,35.11348,-77.06921,271
14,35.11343,-77.06912,272
14,35.11331,-77.06923,273
14,35.1129,-77.06962,274
14,35.11289,-77.06962,275
14,35.11285,-77.06966,276
14,35.11296,-77.06982,277
14,35.11306,-77.06999,278
14,35.11309,-77.07005,279
14,35.11306,-77.06999,280
14,35.11296,-77.06982,281
14,35.11285,-77.06966,282
14,35.11289,-77.06962,283
14,35.1129,-77.06962,284
14,35.11331,-77.06923,285
14,35.11343,-77.06912,286
14,35.11331,-77.0689,287
14,35.11287,-77.06812,288
14,35.11254,-77.06751,289
14,35.1122,-77.06687,290
14,35.11217,-77.0668,291
14,35.11188,-77.06627,292
14,35.11211,-77.06607,293
14,35.11246,-77.06573,294
14,35.11255,-77.06585,295
14,35.11258,-77.06589,296
14,35.11273,-77.06607,297
14,35.1128,-77.06616,298
14,35.11283,-77.06618,299
14,35.11287,-77.0662,300
14,35.1129,-77.06622,301
14,35.11292,-77.06623,302
14,35.11294,-77.06626,303
14,35.11306,-77.06651,304
14,35.11314,-77.06668,305
14,35.11313,-77.06695,306
14,35.11313,-77.06696,307
14,35.11313,-77.067,308
14,35.11313,-77.06702,309
14,35.11313,-77.06705,310
14,35.11313,-77.06706,311
14,35.11314,-77.06708,312
14,35.11314,-77.06709,313
14,35.11321,-77.06721,314
14,35.11334,-77.06743,315
14,35.11337,-77.06747,316
14,35.11345,-77.06763,317
14,35.11325,-77.0678,318
14,35.11287,-77.06812,319
14,35.11254,-77.06751,320
14,35.1122,-77.06687,321
14,35.11217,-77.0668,322
14,35.11188,-77.06627,323
14,35.11148,-77.06559,324
14,35.1112,-77.06512,325
14,35.11101,-77.06474,326
14,35.11056,-77.0645,327
14,35.1104,-77.06442,328
14,35.11041,-77.06412,329
14,35.11041,-77.06403,330
14,35.11039,-77.06372,331
14,35.11036,-77.06353,332
14,35.11034,-77.06335,333
14,35.11032,-77.06319,334
14,35.11031,-77.06309,335
14,35.11025,-77.06266,336
14,35.11018,-77.06217,337
14,35.11014,-77.06196,338
14,35.11003,-77.06131,339
14,35.11,-77.06116,340
14,35.10995,-77.06084,341
14,35.10985,-77.0603,342
14,35.10969,-77.05945,343
14,35.10961,-77.05903,344
14,35.10947,-77.05824,345
14,35.10947,-77.05805,346
14,35.10943,-77.05779,347
14,35.10934,-77.0573,348
14,35.10933,-77.05726,349
14,35.10929,-77.05708,350
14,35.1092,-77.05659,351
14,35.10913,-77.0563,352
14,35.10894,-77.05535,353
14,35.10889,-77.05507,354
14,35.10873,-77.0543,355
14,35.1086,-77.05363,356
14,35.10852,-77.05319,357
14,35.10846,-77.05311,358
14,35.10832,-77.05238,359
14,35.10827,-77.05204,360
14,35.10825,-77.05191,361
14,35.10822,-77.05162,362
14,35.10822,-77.0516,363
14,35.10822,-77.05154,364
14,35.10818,-77.05099,365
14,35.10818,-77.05083,366
14,35.10816,-77.05019,367
14,35.10815,-77.04976,368
14,35.10814,-77.04921,369
14,35.10821,-77.04915,370
14,35.10876,-77.0492,371
14,35.10879,-77.0492,372
14,35.10893,-77.04922,373
14,35.10938,-77.04926,374
14,35.10951,-77.04927,375
14,35.11038,-77.04934,376
14,35.11053,-77.04935,377
14,35.11087,-77.04936,378
14,35.11142,-77.04935,379
14,35.1119,-77.04937,380
14,35.1119,-77.04969,381
14,35.1119,-77.05,382
14,35.11189,-77.05029,383
14,35.11189,-77.05068,384
14,35.11187,-77.05116,385
14,35.11187,-77.05136,386
14,35.11187,-77.05153,387
14,35.11188,-77.05195,388
14,35.11186,-77.05248,389
14,35.11185,-77.05312,390
14,35.11191,-77.05381,391
14,35.11196,-77.05451,392
14,35.11196,-77.05454,393
14,35.11196,-77.05457,394
14,35.11196,-77.0546,395
14,35.11194,-77.05463,396
14,35.11119,-77.05475,397
14,35.11194,-77.05463,398
14,35.11196,-77.0546,399
14,35.11196,-77.05457,400
14,35.11196,-77.05454,401
14,35.11196,-77.05451,402
14,35.11191,-77.05381,403
14,35.11185,-77.05312,404
14,35.11244,-77.05318,405
14,35.11255,-77.05319,406
14,35.11278,-77.05321,407
14,35.11313,-77.05327,408
14,35.11331,-77.05332,409
14,35.11344,-77.05335,410
14,35.11349,-77.05336,411
14,35.11373,-77.05343,412
14,35.11406,-77.05356,413
14,35.11418,-77.05359,414
14,35.11443,-77.05365,415
14,35.11454,-77.05358,416
14,35.11523,-77.05242,417
14,35.11558,-77.05276,418
14,35.11643,-77.05357,419
14,35.11558,-77.05276,420
14,35.11523,-77.05242,421
14,35.11574,-77.05162,422
14,35.11583,-77.05149,423
14,35.116,-77.05123,424
14,35.11616,-77.05094,425
14,35.11634,-77.05064,426
14,35.11643,-77.05049,427
14,35.1166,-77.05022,428
14,35.11677,-77.04991,429
14,35.11644,-77.04959,430
14,35.11547,-77.04857,431
14,35.11479,-77.0479,432
14,35.11459,-77.04779,433
14,35.11462,-77.04699,434
14,35.1146,-77.04686,435
14,35.11461,-77.04635,436
14,35.11461,-77.04616,437
14,35.11501,-77.04618,438
14,35.11527,-77.04617,439
14,35.11557,-77.04577,440
14,35.11564,-77.04566,441
14,35.11583,-77.04538,442
14,35.11514,-77.04481,443
14,35.11504,-77.04473,444
14,35.11492,-77.04464,445
14,35.11482,-77.04457,446
14,35.11476,-77.04454,447
14,35.11466,-77.04452,448
14,35.11424,-77.0445,449
14,35.11369,-77.04448,450
14,35.11351,-77.04447,451
14,35.11333,-77.04447,452
14,35.11199,-77.04443,453
14,35.11088,-77.0444,454
14,35.11056,-77.04439,455
14,35.11017,-77.04516,456
14,35.11008,-77.04532,457
14,35.10973,-77.04601,458
14,35.10964,-77.04625,459
14,35.10954,-77.04646,460
14,35.10892,-77.04767,461
14,35.10825,-77.04781,462
14,35.10819,-77.0478,463
14,35.10779,-77.04788,464
14,35.10748,-77.04794,465
14,35.10744,-77.04795,466
14,35.10684,-77.04807,467
14,35.10676,-77.04811,468
14,35.10672,-77.04812,469
14,35.10667,-77.04812,470
14,35.10649,-77.04806,471
14,35.10643,-77.04801,472
14,35.10632,-77.04793,473
14,35.10617,-77.04783,474
14,35.10599,-77.04817,475
14,35.10617,-77.04783,476
14,35.10581,-77.04756,477
14,35.10574,-77.04751,478
14,35.10555,-77.04737,479
14,35.10545,-77.04754,480
14,35.10522,-77.04801,481
14,35.10491,-77.04864,482
14,35.10486,-77.04876,483
14,35.10483,-77.04883,484
14,35.10479,-77.04893,485
14,35.10471,-77.04924,486
14,35.10455,-77.04991,487
14,35.10455,-77.04998,488
14,35.10453,-77.05002,489
14,35.10444,-77.0505,490
14,35.10431,-77.05113,491
14,35.10423,-77.05157,492
14,35.10421,-77.05192,493
14,35.10418,-77.05235,494
14,35.10416,-77.05268,495
14,35.10413,-77.05323,496
14,35.10408,-77.05405,497
14,35.10403,-77.05478,498
14,35.10402,-77.05479,499
14,35.10401,-77.05485,500
14,35.104,-77.05489,501
14,35.10405,-77.05508,502
14,35.10414,-77.05503,503
14,35.10426,-77.05499,504
14,35.10435,-77.05496,505
14,35.10445,-77.05494,506
14,35.10459,-77.05494,507
14,35.10467,-77.05494,508
14,35.10476,-77.05495,509
14,35.10508,-77.05498,510
14,35.10528,-77.055,511
14,35.1054,-77.05501,512
14,35.1055,-77.05502,513
14,35.10601,-77.05507,514
14,35.1065,-77.05512,515
14,35.10662,-77.05513,516
14,35.10711,-77.05518,517
14,35.10737,-77.05521,518
14,35.10798,-77.05526,519
14,35.10843,-77.05531,520
14,35.10894,-77.05535,521
14,35.10913,-77.0563,522
14,35.1092,-77.05659,523
14,35.10929,-77.05708,524
14,35.10933,-77.05726,525
14,35.10934,-77.0573,526
14,35.10947,-77.05805,527
14,35.10957,-77.05821,528
14,35.10995,-77.06028,529
14,35.11019,-77.0616,530
14,35.11029,-77.0621,531
14,35.11045,-77.06298,532
14,35.11052,-77.0635,533
14,35.11052,-77.06352,534
14,35.11055,-77.06373,535
14,35.11062,-77.0638,536
14,35.11065,-77.06385,537
14,35.11069,-77.06393,538
14,35.11101,-77.06474,539
14,35.1112,-77.06512,540
14,35.11148,-77.06559,541
14,35.11188,-77.06627,542
14,35.11211,-77.06607,543
14,35.11246,-77.06573,544
14,35.11255,-77.06585,545
14,35.11258,-77.06589,546
14,35.11273,-77.06607,547
14,35.1128,-77.06616,548
14,35.11283,-77.06618,549
14,35.11287,-77.0662,550
14,35.1129,-77.06622,551
14,35.11292,-77.06623,552
14,35.11294,-77.06626,553
14,35.11306,-77.06651,554
14,35.11314,-77.06668,555
14,35.11313,-77.06695,556
14,35.11313,-77.06696,557
14,35.11313,-77.067,558
14,35.11313,-77.06702,559
14,35.11313,-77.06705,560
14,35.11313,-77.06706,561
14,35.11314,-77.06708,562
14,35.11314,-77.06709,563
14,35.11321,-77.06721,564
14,35.11334,-77.06743,565
14,35.11337,-77.06747,566
14,35.11345,-77.06763,567
14,35.11325,-77.0678,568
14,35.11287,-77.06812,569
14,35.11331,-77.0689,570
14,35.11343,-77.06912,571
14,35.11331,-77.06923,572
14,35.1129,-77.06962,573
14,35.11289,-77.06962,574
14,35.11285,-77.06966,575
14,35.11296,-77.06982,576
14,35.11306,-77.06999,577
14,35.11309,-77.07005,578
14,35.11306,-77.06999,579
14,35.11296,-77.06982,580
14,35.11285,-77.06966,581
14,35.11289,-77.06962,582
14,35.1129,-77.06962,583
14,35.11331,-77.06923,584
14,35.11343,-77.06912,585
14,35.11331,-77.0689,586
14,35.11287,-77.06812,587
14,35.11254,-77.06751,588
14,35.1122,-77.06687,589
14,35.11217,-77.0668,590
14,35.11188,-77.06627,591
14,35.11076,-77.06718,592
14,35.11031,-77.06754,593
14,35.11009,-77.06776,594
14,35.10998,-77.06826,595
14,35.10989,-77.06863,596
14,35.10979,-77.069,597
14,35.10962,-77.0696,598
14,35.10955,-77.06981,599
14,35.10948,-77.07002,600
14,35.10939,-77.07029,601
14,35.10935,-77.07041,602
14,35.10919,-77.07082,603
14,35.10912,-77.071,604
14,35.10886,-77.0717,605
14,35.10838,-77.07295,606
14,35.10769,-77.07478,607
14,35.10754,-77.07519,608
14,35.10716,-77.07621,609
14,35.10708,-77.07642,610
14,35.10659,-77.07771,611
14,35.1065,-77.07796,612
14,35.10623,-77.07867,613
14,35.10611,-77.079,614
14,35.10555,-77.08046,615
14,35.1054,-77.08086,616
14,35.10539,-77.08088,617
14,35.10535,-77.081,618
14,35.10525,-77.08126,619
14,35.10488,-77.08224,620
14,35.10513,-77.08236,621
14,35.10527,-77.08243,622
14,35.10534,-77.08248,623
14,35.10548,-77.08256,624
14,35.10559,-77.08262,625
14,35.10575,-77.08272,626
14,35.10567,-77.08294,627
14,35.10635,-77.08333,628
14,35.10567,-77.08294,629
14,35.10575,-77.08272,630
14,35.10559,-77.08262,631
14,35.10548,-77.08256,632
14,35.10534,-77.08248,633
14,35.10527,-77.08243,634
14,35.10513,-77.08236,635
14,35.10488,-77.08224,636
14,35.10472,-77.08269,637
14,35.10442,-77.08346,638
14,35.10411,-77.08427,639
14,35.10403,-77.08447,640
14,35.104,-77.08456,641
14,35.10373,-77.08527,642
14,35.10347,-77.08596,643
14,35.10334,-77.08632,644
14,35.10319,-77.08674,645
14,35.10303,-77.08718,646
14,35.10288,-77.08759,647
14,35.10284,-77.0877,648
14,35.10224,-77.08925,649
14,35.10195,-77.09001,650
14,35.10169,-77.09069,651
14,35.10161,-77.09092,652
14,35.10135,-77.09159,653
14,35.10117,-77.09207,654
14,35.101,-77.09251,655
14,35.10088,-77.09284,656
14,35.1007,-77.09329,657
14,35.10034,-77.09426,658
14,35.09995,-77.09528,659
14,35.10038,-77.09533,660
14,35.10067,-77.09536,661
14,35.10074,-77.09537,662
14,35.10104,-77.09537,663
14,35.10162,-77.09539,664
14,35.10171,-77.09539,665
14,35.102,-77.09539,666
14,35.10236,-77.09541,667
14,35.10254,-77.09543,668
14,35.10267,-77.09548,669
14,35.10275,-77.09551,670
14,35.10279,-77.09552,671
14,35.10287,-77.09557,672
14,35.10297,-77.09562,673
14,35.10308,-77.0957,674
14,35.10317,-77.09576,675
14,35.10326,-77.09584,676
14,35.1033,-77.09589,677
14,35.10334,-77.09593,678
14,35.10368,-77.09638,679
14,35.10392,-77.09667,680
14,35.10411,-77.09687,681
14,35.10421,-77.09697,682
14,35.10431,-77.09705,683
14,35.10442,-77.09712,684
14,35.10455,-77.09718,685
14,35.10467,-77.09723,686
14,35.1048,-77.09726,687
14,35.105,-77.0973,688
14,35.10519,-77.09733,689
14,35.10552,-77.09739,690
14,35.10569,-77.0974,691
14,35.10571,-77.09741,692
14,35.10578,-77.09742,693
14,35.10609,-77.09748,694
14,35.1062,-77.09751,695
14,35.10629,-77.09753,696
14,35.10645,-77.09756,697
14,35.10663,-77.0976,698
14,35.10687,-77.09766,699
14,35.10726,-77.09776,700
14,35.10737,-77.09779,701
14,35.10776,-77.09787,702
14,35.10807,-77.09794,703
14,35.10837,-77.09801,704
14,35.10855,-77.09805,705
14,35.10868,-77.09809,706
14,35.10877,-77.09812,707
14,35.10887,-77.09816,708
14,35.10896,-77.09822,709
14,35.10897,-77.09822,710
14,35.10905,-77.09829,711
14,35.10916,-77.09839,712
14,35.10934,-77.09856,713
14,35.10952,-77.09833,714
14,35.10967,-77.09815,715
14,35.10976,-77.098,716
14,35.10984,-77.09779,717
14,35.10985,-77.09776,718
14,35.10988,-77.09766,719
14,35.10985,-77.09776,720
14,35.10984,-77.09779,721
14,35.10976,-77.098,722
14,35.10967,-77.09815,723
14,35.10952,-77.09833,724
14,35.10934,-77.09856,725
14,35.10947,-77.09868,726
14,35.10953,-77.09877,727
14,35.1096,-77.09886,728
14,35.10972,-77.09906,729
14,35.10978,-77.09917,730
14,35.10983,-77.09927,731
14,35.10993,-77.09951,732
14,35.10996,-77.09958,733
14,35.11025,-77.0994,734
14,35.11043,-77.09927,735
14,35.1105,-77.09922,736
14,35.11058,-77.09915,737
14,35.11113,-77.09866,738
14,35.11146,-77.09834,739
14,35.11178,-77.09804,740
14,35.11229,-77.09758,741
14,35.11248,-77.0974,742
14,35.11259,-77.0973,743
14,35.1126,-77.09728,744
14,35.11267,-77.09721,745
14,35.11288,-77.09701,746
14,35.11336,-77.09654,747
14,35.1135,-77.0964,748
14,35.11366,-77.09624,749
14,35.11384,-77.09607,750
14,35.11407,-77.09585,751
14,35.1142,-77.09573,752
14,35.11441,-77.09553,753
14,35.11497,-77.09499,754
14,35.1158,-77.0942,755
14,35.11567,-77.09398,756
14,35.11551,-77.09372,757
14,35.11536,-77.09386,758
14,35.11522,-77.09399,759
14,35.11508,-77.09412,760
15,35.12241,-77.08353,0
15,35.12279,-77.08393,1
15,35.12351,-77.08472,2
15,35.12393,-77.08518,3
15,35.12405,-77.08531,4
15,35.12423,-77.08552,5
15,35.12427,-77.08556,6
15,35.12447,-77.08578,7
15,35.12464,-77.08596,8
15,35.12494,-77.08627,9
15,35.12534,-77.0867,10
15,35.12538,-77.08676,11
15,35.12544,-77.08682,12
15,35.12552,-77.0869,13
15,35.12571,-77.08711,14
15,35.12588,-77.0873,15
15,35.1261,-77.08754,16
15,35.12649,-77.08797,17
15,35.12756,-77.08913,18
15,35.12775,-77.08933,19
15,35.12803,-77.08961,20
15,35.12815,-77.08976,21
15,35.12892,-77.09053,22
15,35.12976,-77.09134,23
15,35.13045,-77.09203,24
15,35.13093,-77.0925,25
15,35.13166,-77.09322,26
15,35.13188,-77.09344,27
15,35.13225,-77.09381,28
15,35.13237,-77.09393,29
15,35.13292,-77.09447,30
15,35.13372,-77.09527,31
15,35.1343,-77.09584,32
15,35.13475,-77.09627,33
15,35.13489,-77.09639,34
15,35.13522,-77.09671,35
15,35.13543,-77.09692,36
15,35.13545,-77.09693,37
15,35.13595,-77.0974,38
15,35.13615,-77.09759,39
15,35.13629,-77.09774,40
15,35.13691,-77.09839,41
15,35.1372,-77.09868,42
15,35.13753,-77.09903,43
15,35.1378,-77.09932,44
15,35.13819,-77.09973,45
15,35.13866,-77.10022,46
15,35.13881,-77.10038,47
15,35.13893,-77.10051,48
15,35.13932,-77.10091,49
15,35.13963,-77.10124,50
15,35.14005,-77.10165,51
15,35.14053,-77.10213,52
15,35.14074,-77.10166,53
15,35.14103,-77.10106,54
15,35.14116,-77.10078,55
15,35.14119,-77.10069,56
15,35.14121,-77.10062,57
15,35.14126,-77.10052,58
15,35.14136,-77.10028,59
15,35.14172,-77.09951,60
15,35.1418,-77.09934,61
15,35.14172,-77.09951,62
15,35.14136,-77.10028,63
15,35.14126,-77.10052,64
15,35.14121,-77.10062,65
15,35.14119,-77.10069,66
15,35.14116,-77.10078,67
15,35.14103,-77.10106,68
15,35.14074,-77.10166,69
15,35.14053,-77.10213,70
15,35.14005,-77.10165,71
15,35.13963,-77.10124,72
15,35.13932,-77.10091,73
15,35.13893,-77.10051,74
15,35.13881,-77.10038,75
15,35.13866,-77.10022,76
15,35.13819,-77.09973,77
15,35.1378,-77.09932,78
15,35.13753,-77.09903,79
15,35.1372,-77.09868,80
15,35.13691,-77.09839,81
15,35.13629,-77.09774,82
15,35.13615,-77.09759,83
15,35.13595,-77.0974,84
15,35.13545,-77.09693,85
15,35.13543,-77.09692,86
15,35.13522,-77.09671,87
15,35.13489,-77.09639,88
15,35.13475,-77.09627,89
15,35.1343,-77.09584,90
15,35.13372,-77.09527,91
15,35.13292,-77.09447,92
15,35.13237,-77.09393,93
15,35.13177,-77.09424,94
15,35.13147,-77.0944,95
15,35.13097,-77.09466,96
15,35.13064,-77.09483,97
15,35.13031,-77.09501,98
15,35.12982,-77.09527,99
15,35.12978,-77.09529,100
15,35.12968,-77.09533,101
15,35.12953,-77.09541,102
15,35.12939,-77.09548,103
15,35.12905,-77.09564,104
15,35.12838,-77.09597,105
15,35.12822,-77.09604,106
15,35.12805,-77.09613,107
15,35.12795,-77.09618,108
15,35.12738,-77.09645,109
15,35.12712,-77.09661,110
15,35.12709,-77.09663,111
15,35.12684,-77.09676,112
15,35.12669,-77.09682,113
15,35.1264,-77.09698,114
15,35.12609,-77.09714,115
15,35.1263,-77.09764,116
15,35.12646,-77.09791,117
15,35.12676,-77.09844,118
15,35.12687,-77.09863,119
15,35.12752,-77.09968,120
15,35.12773,-77.10003,121
15,35.1278,-77.10019,122
15,35.12781,-77.10025,123
15,35.12781,-77.10029,124
15,35.12782,-77.10033,125
15,35.12782,-77.10036,126
15,35.1278,-77.1017,127
15,35.12779,-77.10321,128
15,35.12778,-77.10346,129
15,35.12777,-77.10396,130
15,35.1277,-77.1044,131
15,35.12764,-77.1047,132
15,35.1276,-77.10497,133
15,35.1266,-77.10461,134
15,35.12615,-77.1045,135
15,35.12586,-77.10443,136
15,35.12567,-77.10442,137
15,35.12569,-77.10374,138
15,35.1257,-77.10366,139
15,35.12571,-77.10354,140
15,35.12574,-77.1033,141
15,35.1258,-77.1032,142
15,35.12581,-77.10318,143
15,35.12587,-77.1031,144
15,35.12581,-77.10318,145
15,35.1258,-77.1032,146
15,35.12574,-77.1033,147
15,35.12571,-77.10354,148
15,35.1257,-77.10366,149
15,35.12569,-77.10374,150
15,35.12567,-77.10442,151
15,35.12562,-77.10442,152
15,35.12553,-77.10442,153
15,35.12551,-77.10442,154
15,35.12532,-77.10445,155
15,35.12506,-77.10459,156
15,35.12475,-77.10488,157
15,35.12447,-77.1051,158
15,35.12386,-77.10562,159
15,35.12366,-77.10531,160
15,35.1231,-77.1044,161
15,35.12305,-77.10433,162
15,35.12285,-77.10403,163
15,35.12263,-77.10373,164
15,35.12251,-77.10352,165
15,35.12207,-77.10284,166
15,35.12198,-77.10268,167
15,35.12182,-77.10241,168
15,35.12164,-77.10208,169
15,35.12162,-77.10203,170
15,35.12155,-77.10188,171
15,35.12146,-77.10162,172
15,35.12144,-77.10159,173
15,35.12141,-77.10152,174
15,35.12106,-77.1009,175
15,35.12078,-77.10044,176
15,35.12062,-77.10019,177
15,35.12049,-77.09999,178
15,35.12044,-77.09993,179
15,35.12051,-77.0999,180
15,35.12151,-77.09942,181
15,35.12207,-77.09914,182
15,35.1222,-77.09908,183
15,35.12256,-77.0989,184
15,35.12341,-77.09848,185
15,35.12303,-77.09737,186
15,35.12266,-77.09625,187
15,35.12255,-77.09593,188
15,35.12249,-77.09563,189
15,35.12247,-77.09524,190
15,35.12247,-77.09519,191
15,35.12252,-77.09485,192
15,35.12256,-77.09467,193
15,35.1226,-77.09451,194
15,35.12274,-77.09393,195
15,35.12285,-77.09353,196
15,35.12291,-77.09342,197
15,35.12311,-77.0931,198
15,35.12328,-77.09287,199
15,35.12334,-77.09278,200
15,35.12367,-77.09231,201
15,35.12404,-77.09181,202
15,35.12424,-77.09157,203
15,35.12445,-77.09141,204
15,35.1247,-77.0913,205
15,35.12486,-77.09128,206
15,35.12499,-77.09127,207
15,35.12533,-77.09126,208
15,35.12535,-77.09125,209
15,35.12554,-77.09124,210
15,35.12565,-77.09123,211
15,35.12594,-77.09113,212
15,35.12619,-77.09096,213
15,35.12623,-77.09091,214
15,35.12639,-77.09071,215
15,35.12655,-77.0905,216
15,35.12682,-77.09012,217
15,35.12708,-77.08976,218
15,35.12726,-77.08952,219
15,35.12756,-77.08913,220
15,35.12649,-77.08797,221
15,35.1261,-77.08754,222
15,35.12588,-77.0873,223
15,35.12571,-77.08711,224
15,35.12552,-77.0869,225
15,35.12544,-77.08682,226
15,35.12538,-77.08676,227
15,35.12534,-77.0867,228
15,35.12494,-77.08627,229
15,35.12464,-77.08596,230
15,35.12447,-77.08578,231
15,35.12427,-77.08556,232
15,35.12423,-77.08552,233
15,35.12405,-77.08531,234
15,35.12393,-77.08518,235
15,35.12351,-77.08472,236
15,35.12279,-77.08393,237
15,35.12145,-77.08248,238
15,35.12117,-77.08218,239
15,35.12091,-77.08189,240
15,35.12078,-77.08174,241
15,35.12074,-77.0817,242
15,35.1204,-77.08134,243
15,35.12018,-77.08109,244
15,35.12013,-77.08102,245
15,35.11999,-77.08085,246
15,35.11988,-77.08068,247
15,35.11973,-77.08043,248
15,35.11942,-77.07987,249
15,35.11894,-77.079,250
15,35.11891,-77.07895,251
15,35.11854,-77.07829,252
15,35.11816,-77.07761,253
15,35.11769,-77.07676,254
15,35.11747,-77.07637,255
15,35.11685,-77.07526,256
15,35.1163,-77.07425,257
15,35.11628,-77.07421,258
15,35.11599,-77.07367,259
15,35.11569,-77.07317,260
15,35.11543,-77.07272,261
15,35.11503,-77.07199,262
15,35.11471,-77.07142,263
15,35.1146,-77.07121,264
15,35.11456,-77.07115,265
15,35.11446,-77.07096,266
15,35.11427,-77.07061,267
15,35.11401,-77.07015,268
15,35.11379,-77.06977,269
15,35.11373,-77.06965,270
15,35.11348,-77.06921,271
15,35.11343,-77.06912,272
15,35.11331,-77.06923,273
15,35.1129,-77.06962,274
15,35.11289,-77.06962,275
15,35.11285,-77.06966,276
15,35.11296,-77.06982,277
15,35.11306,-77.06999,278
15,35.11309,-77.07005,279
15,35.11306,-77.06999,280
15,35.11296,-77.06982,281
15,35.11285,-77.06966,282
15,35.11289,-77.06962,283
15,35.1129,-77.06962,284
15,35.11331,-77.06923,285
15,35.11343,-77.06912,286
15,35.11331,-77.0689,287
15,35.11287,-77.06812,288
15,35.11254,-77.06751,289
15,35.1122,-77.06687,290
15,35.11217,-77.0668,291
15,35.11188,-77.06627,292
15,35.11211,-77.06607,293
15,35.11246,-77.06573,294
15,35.11255,-77.06585,295
15,35.11258,-77.06589,296
15,35.11273,-77.06607,297
15,35.1128,-77.06616,298
15,35.11283,-77.06618,299
15,35.11287,-77.0662,300
15,35.1129,-77.06622,301
15,35.11292,-77.06623,302
15,35.11294,-77.06626,303
15,35.11306,-77.06651,304
15,35.11314,-77.06668,305
15,35.11313,-77.06695,306
15,35.11313,-77.06696,307
15,35.11313,-77.067,308
15,35.11313,-77.06702,309
15,35.11313,-77.06705,310
15,35.11313,-77.06706,311
15,35.11314,-77.06708,312
15,35.11314,-77.06709,313
15,35.11321,-77.06721,314
15,35.11334,-77.06743,315
15,35.11337,-77.06747,316
15,35.11345,-77.06763,317
15,35.11325,-77.0678,318
15,35.11287,-77.06812,319
15,35.11254,-77.06751,320
15,35.1122,-77.06687,321
15,35.11217,-77.0668,322
15,35.11188,-77.06627,323
15,35.11148,-77.06559,324
15,35.1112,-77.06512,325
15,35.11101,-77.06474,326
15,35.11056,-77.0645,327
15,35.1104,-77.06442,328
15,35.11041,-77.06412,329
15,35.11041,-77.06403,330
15,35.11039,-77.06372,331
15,35.11036,-77.06353,332
15,35.11034,-77.06335,333
15,35.11032,-77.06319,334
15,35.11031,-77.06309,335
15,35.11025,-77.06266,336
15,35.11018,-77.06217,337
15,35.11014,-77.06196,338
15,35.11003,-77.06131,339
15,35.11,-77.06116,340
15,35.10995,-77.06084,341
15,35.10985,-77.0603,342
15,35.10969,-77.05945,343
15,35.10961,-77.05903,344
15,35.10947,-77.05824,345
15,35.10947,-77.05805,346
15,35.10943,-77.05779,347
15,35.10934,-77.0573,348
15,35.10933,-77.05726,349
15,35.10929,-77.05708,350
15,35.1092,-77.05659,351
15,35.10913,-77.0563,352
15,35.10894,-77.05535,353
15,35.10889,-77.05507,354
15,35.10873,-77.0543,355
15,35.1086,-77.05363,356
15,35.10852,-77.05319,357
15,35.10846,-77.05311,358
15,35.10832,-77.05238,359
15,35.10827,-77.05204,360
15,35.10825,-77.05191,361
15,35.10822,-77.05162,362
15,35.10822,-77.0516,363
15,35.10822,-77.05154,364
15,35.10818,-77.05099,365
15,35.10818,-77.05083,366
15,35.10816,-77.05019,367
15,35.10815,-77.04976,368
15,35.10814,-77.04921,369
15,35.10821,-77.04915,370
15,35.10876,-77.0492,371
15,35.10879,-77.0492,372
15,35.10893,-77.04922,373
15,35.10938,-77.04926,374
15,35.10951,-77.04927,375
15,35.11038,-77.04934,376
15,35.11053,-77.04935,377
15,35.11087,-77.04936,378
15,35.11142,-77.04935,379
15,35.1119,-77.04937,380
15,35.1119,-77.04969,381
15,35.1119,-77.05,382
15,35.11189,-77.05029,383
15,35.11189,-77.05068,384
15,35.11187,-77.05116,385
15,35.11187,-77.05136,386
15,35.11187,-77.05153,387
15,35.11188,-77.05195,388
15,35.11186,-77.05248,389
15,35.11185,-77.05312,390
15,35.11191,-77.05381,391
15,35.11196,-77.05451,392
15,35.11196,-77.05454,393
15,35.11196,-77.05457,394
15,35.11196,-77.0546,395
15,35.11194,-77.05463,396
15,35.11119,-77.05475,397
15,35.11194,-77.05463,398
15,35.11196,-77.0546,399
15,35.11196,-77.05457,400
15,35.11196,-77.05454,401
15,35.11196,-77.05451,402
15,35.11191,-77.05381,403
15,35.11185,-77.05312,404
15,35.11244,-77.05318,405
15,35.11255,-77.05319,406
15,35.11278,-77.05321,407
15,35.11313,-77.05327,408
15,35.11331,-77.05332,409
15,35.11344,-77.05335,410
15,35.11349,-77.05336,411
15,35.11373,-77.05343,412
15,35.11406,-77.05356,413
15,35.11418,-77.05359,414
15,35.11443,-77.05365,415
15,35.11454,-77.05358,416
15,35.11523,-77.05242,417
15,35.11558,-77.05276,418
15,35.11643,-77.05357,419
15,35.11558,-77.05276,420
15,35.11523,-77.05242,421
15,35.11574,-77.05162,422
15,35.11583,-77.05149,423
15,35.116,-77.05123,424
15,35.11616,-77.05094,425
15,35.11634,-77.05064,426
15,35.11643,-77.05049,427
15,35.1166,-77.05022,428
15,35.11677,-77.04991,429
15,35.11644,-77.04959,430
15,35.11547,-77.04857,431
15,35.11479,-77.0479,432
15,35.11459,-77.04779,433
15,35.11462,-77.04699,434
15,35.1146,-77.04686,435
15,35.11461,-77.04635,436
15,35.11461,-77.04616,437
15,35.11501,-77.04618,438
15,35.11527,-77.04617,439
15,35.11557,-77.04577,440
15,35.11564,-77.04566,441
15,35.11583,-77.04538,442
15,35.11514,-77.04481,443
15,35.11504,-77.04473,444
15,35.11492,-77.04464,445
15,35.11482,-77.04457,446
15,35.11476,-77.04454,447
15,35.11466,-77.04452,448
15,35.11424,-77.0445,449
15,35.11369,-77.04448,450
15,35.11351,-77.04447,451
15,35.11333,-77.04447,452
15,35.11199,-77.04443,453
15,35.11088,-77.0444,454
15,35.11056,-77.04439,455
15,35.11017,-77.04516,456
15,35.11008,-77.04532,457
15,35.10973,-77.04601,458
15,35.10964,-77.04625,459
15,35.10954,-77.04646,460
15,35.10892,-77.04767,461
15,35.10825,-77.04781,462
15,35.10819,-77.0478,463
15,35.10779,-77.04788,464
15,35.10748,-77.04794,465
15,35.10744,-77.04795,466
15,35.10684,-77.04807,467
15,35.10676,-77.04811,468
15,35.10672,-77.04812,469
15,35.10667,-77.04812,470
15,35.10649,-77.04806,471
15,35.10643,-77.04801,472
15,35.10632,-77.04793,473
15,35.10617,-77.04783,474
15,35.10599,-77.04817,475
15,35.10617,-77.04783,476
15,35.10581,-77.04756,477
15,35.10574,-77.04751,478
15,35.10555,-77.04737,479
15,35.10545,-77.04754,480
15,35.10522,-77.04801,481
15,35.10491,-77.04864,482
15,35.10486,-77.04876,483
15,35.10483,-77.04883,484
15,35.10479,-77.04893,485
15,35.10471,-77.04924,486
15,35.10455,-77.04991,487
15,35.10455,-77.04998,488
15,35.10453,-77.05002,489
15,35.10444,-77.0505,490
15,35.10431,-77.05113,491
15,35.10423,-77.05157,492
15,35.10421,-77.05192,493
15,35.10418,-77.05235,494
15,35.10416,-77.05268,495
