shape_id,shape_pt_lat,shape_pt_lon,shape_pt_sequence
GT,35.2643,-81.1801,0
GT,35.2638,-81.18007,1
GT,35.2638,-81.18028,2
GT,35.2638,-81.18091,3
GT,35.2638,-81.18095,4
GT,35.26379,-81.18122,5
GT,35.26379,-81.18195,6
GT,35.26423,-81.18196,7
GT,35.26446,-81.18196,8
GT,35.26467,-81.18196,9
GT,35.26497,-81.18197,10
GT,35.2654,-81.18196,11
GT,35.26547,-81.18191,12
GT,35.26546,-81.18198,13
GT,35.26545,-81.18203,14
GT,35.26538,-81.18261,15
GT,35.26535,-81.18283,16
GT,35.2653,-81.18331,17
GT,35.26521,-81.18413,18
GT,35.26519,-81.18427,19
GT,35.26517,-81.18454,20
GT,35.26515,-81.18505,21
GT,35.26515,-81.18507,22
GT,35.26516,-81.1857,23
GT,35.26533,-81.18571,24
GT,35.2655,-81.18572,25
GT,35.26562,-81.18575,26
GT,35.26569,-81.18577,27
GT,35.26581,-81.18581,28
GT,35.26598,-81.18589,29
GT,35.26606,-81.18593,30
GT,35.26616,-81.18599,31
GT,35.26624,-81.18605,32
GT,35.26636,-81.18615,33
GT,35.26637,-81.18616,34
GT,35.26649,-81.18627,35
GT,35.26653,-81.18632,36
GT,35.26661,-81.18642,37
GT,35.26714,-81.18716,38
GT,35.26744,-81.18745,39
GT,35.26761,-81.18757,40
GT,35.26765,-81.1876,41
GT,35.26792,-81.18765,42
GT,35.26818,-81.1877,43
GT,35.26827,-81.18771,44
GT,35.26836,-81.18772,45
GT,35.26864,-81.18774,46
GT,35.26865,-81.18774,47
GT,35.26894,-81.18774,48
GT,35.26901,-81.18774,49
GT,35.26971,-81.18775,50
GT,35.2702,-81.18775,51
GT,35.27066,-81.18774,52
GT,35.27076,-81.18775,53
GT,35.27114,-81.18776,54
GT,35.27163,-81.18776,55
GT,35.27181,-81.18777,56
GT,35.27217,-81.18778,57
GT,35.27232,-81.18778,58
GT,35.27261,-81.18778,59
GT,35.273,-81.18778,60
GT,35.27367,-81.18778,61
GT,35.2737,-81.18778,62
GT,35.27386,-81.18778,63
GT,35.27393,-81.18778,64
GT,35.27429,-81.18778,65
GT,35.27453,-81.18779,66
GT,35.27508,-81.1878,67
GT,35.27522,-81.1878,68
GT,35.27572,-81.1878,69
GT,35.2758,-81.1878,70
GT,35.27622,-81.18781,71
GT,35.27624,-81.18779,72
GT,35.27625,-81.18778,73
GT,35.27627,-81.18777,74
GT,35.27629,-81.18776,75
GT,35.27631,-81.18775,76
GT,35.27633,-81.18775,77
GT,35.27636,-81.18775,78
GT,35.27675,-81.18775,79
GT,35.27684,-81.18776,80
GT,35.27718,-81.18776,81
GT,35.27726,-81.18776,82
GT,35.27727,-81.18776,83
GT,35.27729,-81.18776,84
GT,35.27731,-81.18776,85
GT,35.27732,-81.18777,86
GT,35.27733,-81.18778,87
GT,35.27734,-81.18779,88
GT,35.27735,-81.1878,89
GT,35.27736,-81.18781,90
GT,35.27746,-81.18782,91
GT,35.2776,-81.18782,92
GT,35.27791,-81.18782,93
GT,35.27814,-81.18782,94
GT,35.27844,-81.18783,95
GT,35.2786,-81.18783,96
GT,35.27893,-81.18783,97
GT,35.2791,-81.18783,98
GT,35.27929,-81.18783,99
GT,35.27948,-81.18783,100
GT,35.27963,-81.18783,101
GT,35.27978,-81.18784,102
GT,35.2802,-81.18785,103
GT,35.28033,-81.18785,104
GT,35.28035,-81.18785,105
GT,35.2805,-81.18785,106
GT,35.28069,-81.18786,107
GT,35.28093,-81.18786,108
GT,35.28114,-81.18787,109
GT,35.2813,-81.18787,110
GT,35.28134,-81.18784,111
GT,35.28135,-81.18783,112
GT,35.28136,-81.18782,113
GT,35.28137,-81.18781,114
GT,35.28138,-81.1878,115
GT,35.28147,-81.18779,116
GT,35.28213,-81.1878,117
GT,35.28287,-81.18781,118
GT,35.28291,-81.18781,119
GT,35.28294,-81.18781,120
GT,35.28303,-81.18781,121
GT,35.28342,-81.18781,122
GT,35.28348,-81.18781,123
GT,35.2835,-81.18781,124
GT,35.28356,-81.18781,125
GT,35.28366,-81.18781,126
GT,35.2837,-81.18781,127
GT,35.28389,-81.18781,128
GT,35.28393,-81.18781,129
GT,35.28403,-81.18781,130
GT,35.28412,-81.1878,131
GT,35.28434,-81.1878,132
GT,35.28506,-81.18777,133
GT,35.28519,-81.18777,134
GT,35.2858,-81.1878,135
GT,35.28592,-81.1878,136
GT,35.28616,-81.18779,137
GT,35.28674,-81.1878,138
GT,35.28693,-81.18781,139
GT,35.28714,-81.18781,140
GT,35.28773,-81.18783,141
GT,35.28825,-81.18784,142
GT,35.28843,-81.18784,143
GT,35.28927,-81.18786,144
GT,35.28933,-81.18786,145
GT,35.28971,-81.18787,146
GT,35.28975,-81.18787,147
GT,35.28976,-81.18787,148
GT,35.28977,-81.18788,149
GT,35.28978,-81.18789,150
GT,35.28985,-81.18796,151
GT,35.28993,-81.18796,152
GT,35.29024,-81.18795,153
GT,35.2905,-81.18795,154
GT,35.2906,-81.18795,155
GT,35.29105,-81.18796,156
GT,35.29111,-81.18796,157
GT,35.29132,-81.18797,158
GT,35.29163,-81.18798,159
GT,35.29174,-81.18798,160
GT,35.29204,-81.18797,161
GT,35.29221,-81.18797,162
GT,35.29242,-81.18798,163
GT,35.29257,-81.18798,164
GT,35.2926,-81.18798,165
GT,35.29286,-81.18798,166
GT,35.29297,-81.18799,167
GT,35.29314,-81.18799,168
GT,35.29327,-81.18799,169
GT,35.29342,-81.18799,170
GT,35.29377,-81.18799,171
GT,35.29393,-81.18799,172
GT,35.29404,-81.18798,173
GT,35.29411,-81.18798,174
GT,35.29425,-81.18798,175
GT,35.29443,-81.18789,176
GT,35.29454,-81.18789,177
GT,35.29481,-81.18788,178
GT,35.29517,-81.18787,179
GT,35.29548,-81.18786,180
GT,35.29571,-81.18784,181
GT,35.29633,-81.18782,182
GT,35.29657,-81.18781,183
GT,35.29669,-81.18781,184
GT,35.29711,-81.1878,185
GT,35.29725,-81.18779,186
GT,35.29728,-81.18779,187
GT,35.29763,-81.18778,188
GT,35.29778,-81.18778,189
GT,35.29818,-81.18776,190
GT,35.2985,-81.18775,191
GT,35.299,-81.18773,192
GT,35.29904,-81.18773,193
GT,35.29934,-81.18771,194
GT,35.29994,-81.18769,195
GT,35.30042,-81.18767,196
GT,35.30118,-81.18765,197
GT,35.30129,-81.18764,198
GT,35.30159,-81.18763,199
GT,35.30257,-81.1876,200
GT,35.30266,-81.18752,201
GT,35.30267,-81.18752,202
GT,35.30281,-81.18751,203
GT,35.30296,-81.18749,204
GT,35.303,-81.18749,205
GT,35.30309,-81.18747,206
GT,35.30322,-81.18744,207
GT,35.30328,-81.18742,208
GT,35.30333,-81.18741,209
GT,35.3034,-81.18739,210
GT,35.30341,-81.18739,211
GT,35.30349,-81.18736,212
GT,35.30362,-81.18731,213
GT,35.3037,-81.18729,214
GT,35.30379,-81.18725,215
GT,35.3039,-81.1872,216
GT,35.30399,-81.18715,217
GT,35.30406,-81.18711,218
GT,35.30413,-81.18707,219
GT,35.30423,-81.18702,220
GT,35.30427,-81.187,221
GT,35.30433,-81.18697,222
GT,35.30456,-81.18684,223
GT,35.30489,-81.18664,224
GT,35.30531,-81.1864,225
GT,35.30553,-81.18627,226
GT,35.30557,-81.18624,227
GT,35.3056,-81.18623,228
GT,35.30567,-81.18618,229
GT,35.30575,-81.18612,230
GT,35.30585,-81.18607,231
GT,35.30598,-81.186,232
GT,35.30603,-81.18594,233
GT,35.30609,-81.18607,234
GT,35.30621,-81.1863,235
GT,35.30638,-81.18657,236
GT,35.30645,-81.18669,237
GT,35.30651,-81.18678,238
GT,35.30673,-81.18714,239
GT,35.30683,-81.18731,240
GT,35.30704,-81.18764,241
GT,35.30705,-81.18766,242
GT,35.30714,-81.18779,243
GT,35.30721,-81.1879,244
GT,35.30728,-81.18799,245
GT,35.30737,-81.18814,246
GT,35.30743,-81.18825,247
GT,35.30749,-81.18836,248
GT,35.30754,-81.18847,249
GT,35.30755,-81.18848,250
GT,35.3076,-81.18859,251
GT,35.30764,-81.1887,252
GT,35.30768,-81.1888,253
GT,35.30772,-81.18892,254
GT,35.3078,-81.18925,255
GT,35.30784,-81.18941,256
GT,35.30792,-81.18975,257
GT,35.30795,-81.18988,258
GT,35.30808,-81.1904,259
GT,35.30809,-81.19045,260
GT,35.30809,-81.19047,261
GT,35.3081,-81.1905,262
GT,35.30811,-81.19052,263
GT,35.30812,-81.19053,264
GT,35.30815,-81.19058,265
GT,35.30819,-81.19058,266
GT,35.30826,-81.1906,267
GT,35.30832,-81.19065,268
GT,35.30834,-81.19067,269
GT,35.30838,-81.19072,270
GT,35.30841,-81.19079,271
GT,35.30842,-81.19082,272
GT,35.30842,-81.19087,273
GT,35.30842,-81.19091,274
GT,35.30842,-81.19094,275
GT,35.3084,-81.19103,276
GT,35.30837,-81.1911,277
GT,35.30834,-81.19115,278
GT,35.30827,-81.19121,279
GT,35.3082,-81.19124,280
GT,35.30815,-81.19125,281
GT,35.30811,-81.19124,282
GT,35.30806,-81.19123,283
GT,35.30801,-81.19122,284
GT,35.30799,-81.19119,285
GT,35.30789,-81.19135,286
GT,35.30787,-81.19142,287
GT,35.30786,-81.1915,288
GT,35.30786,-81.1916,289
GT,35.30788,-81.19186,290
GT,35.30789,-81.19195,291
GT,35.30792,-81.19216,292
GT,35.30792,-81.19217,293
GT,35.30797,-81.19235,294
GT,35.30801,-81.19245,295
GT,35.30807,-81.19256,296
GT,35.30819,-81.19271,297
GT,35.30825,-81.19277,298
GT,35.30831,-81.19282,299
GT,35.30844,-81.19289,300
GT,35.3085,-81.19292,301
GT,35.30856,-81.19293,302
GT,35.30863,-81.19294,303
GT,35.30876,-81.19296,304
GT,35.30886,-81.19294,305
GT,35.30891,-81.19293,306
GT,35.30899,-81.1929,307
GT,35.30907,-81.19286,308
GT,35.30913,-81.19283,309
GT,35.30921,-81.19279,310
GT,35.3094,-81.19269,311
GT,35.30969,-81.19253,312
GT,35.30978,-81.19247,313
GT,35.30982,-81.19244,314
GT,35.30988,-81.19239,315
GT,35.31005,-81.19217,316
GT,35.31009,-81.19207,317
GT,35.31017,-81.19184,318
GT,35.31019,-81.19179,319
GT,35.31022,-81.19176,320
GT,35.3103,-81.1917,321
GT,35.31036,-81.19168,322
GT,35.31053,-81.19162,323
GT,35.31055,-81.19161,324
GT,35.31073,-81.19155,325
GT,35.31076,-81.19153,326
GT,35.3108,-81.1915,327
GT,35.31082,-81.19147,328
GT,35.31086,-81.1914,329
GT,35.31086,-81.19134,330
GT,35.31086,-81.19104,331
GT,35.31085,-81.19063,332
GT,35.31084,-81.19049,333
GT,35.31084,-81.19038,334
GT,35.31084,-81.19008,335
GT,35.31083,-81.19004,336
GT,35.31083,-81.18988,337
GT,35.31083,-81.18982,338
GT,35.31083,-81.18979,339
GT,35.31084,-81.18976,340
GT,35.31085,-81.18971,341
GT,35.31087,-81.18968,342
GT,35.31088,-81.18964,343
GT,35.31088,-81.18952,344
GT,35.31089,-81.18944,345
GT,35.31088,-81.18952,346
GT,35.31088,-81.18964,347
GT,35.31087,-81.18968,348
GT,35.31085,-81.18971,349
GT,35.31084,-81.18976,350
GT,35.31083,-81.18979,351
GT,35.31083,-81.18982,352
GT,35.31083,-81.18988,353
GT,35.31083,-81.19004,354
GT,35.31084,-81.19008,355
GT,35.31084,-81.19038,356
GT,35.31084,-81.19049,357
GT,35.31085,-81.19063,358
GT,35.31086,-81.19104,359
GT,35.31086,-81.19134,360
GT,35.31096,-81.1914,361
GT,35.31123,-81.19156,362
GT,35.31129,-81.1916,363
GT,35.31132,-81.19161,364
GT,35.3114,-81.19165,365
GT,35.3114,-81.19166,366
GT,35.31146,-81.19169,367
GT,35.3115,-81.1917,368
GT,35.31157,-81.19171,369
GT,35.31167,-81.19173,370
GT,35.31175,-81.19174,371
GT,35.31201,-81.19178,372
GT,35.31206,-81.19178,373
GT,35.3121,-81.19178,374
GT,35.31211,-81.19178,375
GT,35.31228,-81.19173,376
GT,35.31234,-81.19172,377
GT,35.31239,-81.19171,378
GT,35.31246,-81.19172,379
GT,35.31271,-81.19176,380
GT,35.31274,-81.19175,381
GT,35.3128,-81.1917,382
GT,35.31287,-81.19162,383
GT,35.31292,-81.19156,384
GT,35.31293,-81.19154,385
GT,35.31301,-81.19144,386
GT,35.31307,-81.19135,387
GT,35.31311,-81.19127,388
GT,35.31311,-81.19126,389
GT,35.31314,-81.19119,390
GT,35.31315,-81.19109,391
GT,35.31316,-81.19085,392
GT,35.31318,-81.19064,393
GT,35.31319,-81.19039,394
GT,35.3132,-81.19026,395
GT,35.3132,-81.19016,396
GT,35.31322,-81.18993,397
GT,35.31322,-81.18991,398
GT,35.31324,-81.1897,399
GT,35.31324,-81.1896,400
GT,35.31326,-81.18939,401
GT,35.31324,-81.1896,402
GT,35.31324,-81.1897,403
GT,35.31322,-81.18991,404
GT,35.31322,-81.18993,405
GT,35.3132,-81.19016,406
GT,35.3132,-81.19026,407
GT,35.31319,-81.19039,408
GT,35.31318,-81.19064,409
GT,35.31316,-81.19085,410
GT,35.31315,-81.19109,411
GT,35.31326,-81.19114,412
GT,35.31335,-81.19117,413
GT,35.31342,-81.19122,414
GT,35.3135,-81.19128,415
GT,35.31357,-81.19135,416
GT,35.3136,-81.19138,417
GT,35.31368,-81.1915,418
GT,35.31376,-81.19165,419
GT,35.31379,-81.1917,420
GT,35.31411,-81.19223,421
GT,35.31423,-81.19238,422
GT,35.31426,-81.19241,423
GT,35.31429,-81.19245,424
GT,35.31441,-81.19257,425
GT,35.31458,-81.19269,426
GT,35.31476,-81.19279,427
GT,35.31513,-81.19293,428
GT,35.31519,-81.19295,429
GT,35.31533,-81.19299,430
GT,35.31541,-81.19298,431
GT,35.31541,-81.19275,432
GT,35.31542,-81.19267,433
GT,35.31544,-81.19221,434
GT,35.31546,-81.19194,435
GT,35.31547,-81.19175,436
GT,35.31548,-81.19166,437
GT,35.31548,-81.19158,438
GT,35.31549,-81.19147,439
GT,35.31551,-81.1913,440
GT,35.31554,-81.19104,441
GT,35.31554,-81.19103,442
GT,35.31557,-81.19081,443
GT,35.31558,-81.19071,444
GT,35.31559,-81.19066,445
GT,35.3156,-81.19058,446
GT,35.31562,-81.19041,447
GT,35.3157,-81.18985,448
GT,35.31573,-81.18954,449
GT,35.31579,-81.18909,450
GT,35.31581,-81.18893,451
GT,35.3158,-81.18881,452
GT,35.31581,-81.18867,453
GT,35.31596,-81.18767,454
GT,35.31601,-81.18733,455
GT,35.31602,-81.18723,456
GT,35.31604,-81.18706,457
GT,35.31608,-81.18681,458
GT,35.31616,-81.18613,459
GT,35.3162,-81.1859,460
GT,35.31622,-81.18572,461
GT,35.31625,-81.18558,462
GT,35.31628,-81.18552,463
GT,35.3163,-81.18542,464
GT,35.3163,-81.18538,465
GT,35.31632,-81.18525,466
GT,35.31632,-81.18524,467
GT,35.31638,-81.18483,468
GT,35.31644,-81.18435,469
GT,35.31656,-81.18342,470
GT,35.3166,-81.18306,471
GT,35.31663,-81.18271,472
GT,35.31666,-81.18245,473
GT,35.31668,-81.18211,474
GT,35.3167,-81.18174,475
GT,35.31672,-81.18095,476
GT,35.31672,-81.1804,477
GT,35.31671,-81.17992,478
GT,35.31668,-81.17914,479
GT,35.31665,-81.17857,480
GT,35.31552,-81.17865,481
GT,35.3155,-81.17821,482
GT,35.3155,-81.17799,483
GT,35.31549,-81.17785,484
GT,35.31549,-81.17777,485
GT,35.31549,-81.1776,486
GT,35.31548,-81.17755,487
GT,35.31548,-81.17751,488
GT,35.31547,-81.17729,489
GT,35.31546,-81.17704,490
GT,35.31545,-81.17655,491
GT,35.31544,-81.17636,492
GT,35.31542,-81.17592,493
GT,35.3154,-81.17523,494
GT,35.3154,-81.17519,495
GT,35.31538,-81.17471,496
GT,35.31538,-81.17453,497
GT,35.31536,-81.17397,498
GT,35.31535,-81.1739,499
GT,35.31532,-81.17324,500
GT,35.31531,-81.17314,501
GT,35.31529,-81.17294,502
GT,35.31528,-81.17273,503
GT,35.31524,-81.17205,504
GT,35.31523,-81.17183,505
GT,35.31522,-81.17161,506
GT,35.3152,-81.17113,507
GT,35.3152,-81.17095,508
GT,35.31518,-81.17066,509
GT,35.31504,-81.17065,510
GT,35.315,-81.17065,511
GT,35.31483,-81.17066,512
GT,35.31482,-81.17066,513
GT,35.31464,-81.17068,514
GT,35.31446,-81.17068,515
GT,35.31442,-81.17069,516
GT,35.314,-81.1707,517
GT,35.31375,-81.17073,518
GT,35.3132,-81.17075,519
GT,35.31312,-81.17076,520
GT,35.31276,-81.17076,521
GT,35.31234,-81.17078,522
GT,35.31194,-81.1708,523
GT,35.3114,-81.17083,524
GT,35.31104,-81.17084,525
GT,35.31082,-81.17086,526
GT,35.31072,-81.17086,527
GT,35.31068,-81.17085,528
GT,35.3106,-81.17084,529
GT,35.31051,-81.17082,530
GT,35.31045,-81.17079,531
GT,35.31026,-81.17063,532
GT,35.31028,-81.17103,533
GT,35.31028,-81.17112,534
GT,35.31029,-81.17129,535
GT,35.31031,-81.17195,536
GT,35.31032,-81.17217,537
GT,35.31033,-81.17246,538
GT,35.31034,-81.1725,539
GT,35.31018,-81.17258,540
GT,35.31012,-81.17261,541
GT,35.30977,-81.1727,542
GT,35.30962,-81.17275,543
GT,35.30957,-81.17278,544
GT,35.30958,-81.17286,545
GT,35.30961,-81.173,546
GT,35.30968,-81.17335,547
GT,35.30971,-81.17354,548
GT,35.3098,-81.17397,549
GT,35.30982,-81.17408,550
GT,35.30984,-81.17418,551
GT,35.30995,-81.17481,552
GT,35.30961,-81.17495,553
GT,35.30944,-81.17502,554
GT,35.30927,-81.1751,555
GT,35.30876,-81.17531,556
GT,35.30859,-81.17538,557
GT,35.30825,-81.17552,558
GT,35.30798,-81.17564,559
GT,35.30807,-81.17599,560
GT,35.30812,-81.17621,561
GT,35.30812,-81.17624,562
GT,35.30817,-81.17642,563
GT,35.30817,-81.17645,564
GT,35.30822,-81.17666,565
GT,35.30827,-81.17684,566
GT,35.30832,-81.17705,567
GT,35.30815,-81.17712,568
GT,35.30801,-81.17717,569
GT,35.30783,-81.17724,570
GT,35.30775,-81.17727,571
GT,35.30756,-81.17735,572
GT,35.30751,-81.17737,573
GT,35.30728,-81.17747,574
GT,35.30662,-81.17776,575
GT,35.30631,-81.17789,576
GT,35.30608,-81.17799,577
GT,35.30563,-81.17819,578
GT,35.3054,-81.17829,579
GT,35.30512,-81.1784,580
GT,35.30497,-81.17847,581
GT,35.30491,-81.1785,582
GT,35.30462,-81.17861,583
GT,35.30452,-81.17865,584
GT,35.30418,-81.1788,585
GT,35.30407,-81.17883,586
GT,35.30362,-81.17897,587
GT,35.30344,-81.17903,588
GT,35.30332,-81.17906,589
GT,35.30328,-81.17907,590
GT,35.30293,-81.17915,591
GT,35.3029,-81.17916,592
GT,35.30275,-81.17918,593
GT,35.30253,-81.17922,594
GT,35.30238,-81.17925,595
GT,35.30221,-81.17928,596
GT,35.30167,-81.17936,597
GT,35.30138,-81.17941,598
GT,35.30113,-81.17945,599
GT,35.30112,-81.17931,600
GT,35.30112,-81.17922,601
GT,35.30112,-81.17916,602
GT,35.30115,-81.17902,603
GT,35.30115,-81.17901,604
GT,35.30116,-81.17899,605
GT,35.30119,-81.17889,606
GT,35.30125,-81.17875,607
GT,35.30133,-81.17856,608
GT,35.30139,-81.17846,609
GT,35.30158,-81.17808,610
GT,35.30159,-81.17806,611
GT,35.30159,-81.17805,612
GT,35.30167,-81.17789,613
GT,35.30168,-81.17787,614
GT,35.30169,-81.17787,615
GT,35.30175,-81.17775,616
GT,35.30177,-81.1777,617
GT,35.30178,-81.17768,618
GT,35.3018,-81.17762,619
GT,35.30182,-81.17756,620
GT,35.30184,-81.1775,621
GT,35.30185,-81.17742,622
GT,35.30186,-81.17735,623
GT,35.30187,-81.1773,624
GT,35.30187,-81.17729,625
GT,35.30187,-81.17726,626
GT,35.30187,-81.17723,627
GT,35.30187,-81.17717,628
GT,35.30186,-81.1771,629
GT,35.30184,-81.17697,630
GT,35.30184,-81.17692,631
GT,35.30182,-81.17681,632
GT,35.30176,-81.17657,633
GT,35.30174,-81.17645,634
GT,35.30171,-81.17635,635
GT,35.30165,-81.1761,636
GT,35.30165,-81.17609,637
GT,35.30163,-81.17602,638
GT,35.3016,-81.17588,639
GT,35.30157,-81.17571,640
GT,35.30156,-81.17566,641
GT,35.30154,-81.17553,642
GT,35.30153,-81.17546,643
GT,35.30153,-81.17545,644
GT,35.30151,-81.17533,645
GT,35.30151,-81.17523,646
GT,35.30151,-81.17521,647
GT,35.30151,-81.17511,648
GT,35.30151,-81.175,649
GT,35.30152,-81.17457,650
GT,35.30152,-81.17448,651
GT,35.30153,-81.17436,652
GT,35.30154,-81.17413,653
GT,35.30154,-81.17412,654
GT,35.30154,-81.17385,655
GT,35.30155,-81.17383,656
GT,35.30156,-81.17366,657
GT,35.30158,-81.17343,658
GT,35.3016,-81.17333,659
GT,35.30162,-81.17317,660
GT,35.30163,-81.17314,661
GT,35.3017,-81.17271,662
GT,35.30173,-81.17252,663
GT,35.30179,-81.17211,664
GT,35.30181,-81.17202,665
GT,35.3019,-81.17151,666
GT,35.30201,-81.17094,667
GT,35.30213,-81.17023,668
GT,35.30218,-81.16993,669
GT,35.3022,-81.1698,670
GT,35.30223,-81.16964,671
GT,35.30225,-81.1695,672
GT,35.30228,-81.16938,673
GT,35.30231,-81.16918,674
GT,35.30237,-81.16894,675
GT,35.30239,-81.16886,676
GT,35.3024,-81.16882,677
GT,35.30241,-81.16879,678
GT,35.3025,-81.16849,679
GT,35.3025,-81.16848,680
GT,35.30265,-81.16808,681
GT,35.30278,-81.16817,682
GT,35.3028,-81.16819,683
GT,35.30278,-81.16817,684
GT,35.30265,-81.16808,685
GT,35.3028,-81.16771,686
GT,35.3029,-81.16742,687
GT,35.30295,-81.16727,688
GT,35.30297,-81.16724,689
GT,35.30301,-81.1671,690
GT,35.30303,-81.16702,691
GT,35.30304,-81.16697,692
GT,35.30305,-81.16692,693
GT,35.30306,-81.16687,694
GT,35.30306,-81.16685,695
GT,35.30307,-81.16677,696
GT,35.30308,-81.16671,697
GT,35.30308,-81.16665,698
GT,35.30307,-81.16652,699
GT,35.30307,-81.16647,700
GT,35.30305,-81.16638,701
GT,35.30303,-81.16627,702
GT,35.30301,-81.16615,703
GT,35.3029,-81.16573,704
GT,35.30287,-81.16563,705
GT,35.30277,-81.16526,706
GT,35.30276,-81.16522,707
GT,35.30275,-81.16517,708
GT,35.3027,-81.16497,709
GT,35.30265,-81.16482,710
GT,35.3026,-81.16467,711
GT,35.30255,-81.16457,712
GT,35.30248,-81.16445,713
GT,35.3024,-81.16436,714
GT,35.3023,-81.16427,715
GT,35.30223,-81.16422,716
GT,35.30218,-81.16419,717
GT,35.30211,-81.16415,718
GT,35.30196,-81.16408,719
GT,35.30182,-81.16402,720
GT,35.30179,-81.16401,721
GT,35.30165,-81.16397,722
GT,35.30161,-81.16396,723
GT,35.3016,-81.16396,724
GT,35.30155,-81.16395,725
GT,35.30146,-81.16395,726
GT,35.30129,-81.16395,727
GT,35.30114,-81.16397,728
GT,35.30104,-81.16399,729
GT,35.30091,-81.16403,730
GT,35.30076,-81.16408,731
GT,35.30074,-81.16408,732
GT,35.3004,-81.1642,733
GT,35.3002,-81.16425,734
GT,35.30013,-81.16427,735
GT,35.30006,-81.16428,736
GT,35.30005,-81.16428,737
GT,35.30002,-81.16428,738
GT,35.29999,-81.16428,739
GT,35.29994,-81.16428,740
GT,35.29988,-81.16426,741
GT,35.29984,-81.16425,742
GT,35.2998,-81.16422,743
GT,35.29975,-81.16419,744
GT,35.29972,-81.16415,745
GT,35.29968,-81.16409,746
GT,35.29965,-81.16403,747
GT,35.29964,-81.164,748
GT,35.29963,-81.16397,749
GT,35.29963,-81.16396,750
GT,35.29963,-81.16393,751
GT,35.29963,-81.16391,752
GT,35.29963,-81.16387,753
GT,35.29964,-81.16382,754
GT,35.29965,-81.16377,755
GT,35.29968,-81.16372,756
GT,35.29974,-81.16362,757
GT,35.29982,-81.16352,758
GT,35.29989,-81.16342,759
GT,35.29996,-81.16332,760
GT,35.30014,-81.16306,761
GT,35.30024,-81.16292,762
GT,35.30036,-81.16275,763
GT,35.30038,-81.16272,764
GT,35.30058,-81.16241,765
GT,35.30059,-81.16241,766
GT,35.30061,-81.16238,767
GT,35.30074,-81.16217,768
GT,35.30087,-81.16198,769
GT,35.30096,-81.1618,770
GT,35.30101,-81.1617,771
GT,35.30106,-81.16159,772
GT,35.30109,-81.1615,773
GT,35.30111,-81.16147,774
GT,35.30113,-81.16141,775
GT,35.30116,-81.1613,776
GT,35.30117,-81.16128,777
GT,35.30117,-81.16126,778
GT,35.30123,-81.1611,779
GT,35.30124,-81.16106,780
GT,35.30128,-81.16089,781
GT,35.30129,-81.16087,782
GT,35.30132,-81.16072,783
GT,35.30133,-81.16068,784
GT,35.30133,-81.16067,785
GT,35.30134,-81.16064,786
GT,35.30137,-81.1605,787
GT,35.30138,-81.16046,788
GT,35.30142,-81.1602,789
GT,35.30143,-81.16007,790
GT,35.30145,-81.15985,791
GT,35.30146,-81.15981,792
GT,35.30146,-81.15961,793
GT,35.30145,-81.15947,794
GT,35.30144,-81.15941,795
GT,35.30144,-81.15934,796
GT,35.30141,-81.15919,797
GT,35.30109,-81.15931,798
GT,35.30073,-81.15944,799
GT,35.30063,-81.15947,800
GT,35.30054,-81.1595,801
GT,35.30042,-81.15953,802
GT,35.30038,-81.15954,803
GT,35.30032,-81.15955,804
GT,35.3002,-81.15957,805
GT,35.30009,-81.15959,806
GT,35.30003,-81.15959,807
GT,35.29999,-81.15959,808
GT,35.29989,-81.1596,809
GT,35.29975,-81.1596,810
GT,35.29967,-81.15959,811
GT,35.29942,-81.15956,812
GT,35.29909,-81.15954,813
GT,35.29898,-81.15953,814
GT,35.29877,-81.15951,815
GT,35.29875,-81.15973,816
GT,35.29875,-81.15978,817
GT,35.2987,-81.16025,818
GT,35.2987,-81.16026,819
GT,35.29869,-81.16028,820
GT,35.29868,-81.16029,821
GT,35.29867,-81.16029,822
GT,35.29866,-81.1603,823
GT,35.29865,-81.1603,824
GT,35.29864,-81.16031,825
GT,35.29857,-81.1603,826
GT,35.29839,-81.16029,827
GT,35.29825,-81.16027,828
GT,35.29822,-81.16027,829
GT,35.29805,-81.16025,830
GT,35.29804,-81.16025,831
GT,35.29793,-81.16024,832
GT,35.29786,-81.16023,833
GT,35.29768,-81.16022,834
GT,35.29761,-81.16022,835
GT,35.29759,-81.16021,836
GT,35.29758,-81.16021,837
GT,35.29757,-81.16021,838
GT,35.29756,-81.1602,839
GT,35.29755,-81.1602,840
GT,35.29755,-81.16019,841
GT,35.29754,-81.16017,842
GT,35.29753,-81.16016,843
GT,35.29753,-81.16014,844
GT,35.29756,-81.15981,845
GT,35.29759,-81.15937,846
GT,35.29745,-81.15935,847
GT,35.2972,-81.15933,848
GT,35.29678,-81.15933,849
GT,35.2965,-81.15934,850
GT,35.29599,-81.15936,851
GT,35.29562,-81.15937,852
GT,35.29535,-81.15938,853
GT,35.29506,-81.15937,854
GT,35.29487,-81.15936,855
GT,35.29464,-81.15934,856
GT,35.29444,-81.15931,857
GT,35.29428,-81.15929,858
GT,35.29399,-81.15924,859
GT,35.29373,-81.1592,860
GT,35.29346,-81.15915,861
GT,35.2934,-81.15914,862
GT,35.29328,-81.15912,863
GT,35.29311,-81.15909,864
GT,35.29279,-81.15903,865
GT,35.29259,-81.15897,866
GT,35.29248,-81.15893,867
GT,35.29242,-81.15891,868
GT,35.29239,-81.15889,869
GT,35.29229,-81.15884,870
GT,35.29222,-81.1588,871
GT,35.29211,-81.15874,872
GT,35.29203,-81.15869,873
GT,35.2919,-81.15859,874
GT,35.29177,-81.15848,875
GT,35.29168,-81.1584,876
GT,35.29146,-81.15817,877
GT,35.29139,-81.15831,878
GT,35.29137,-81.15833,879
GT,35.29134,-81.1584,880
GT,35.2913,-81.1585,881
GT,35.29129,-81.15853,882
GT,35.29127,-81.1586,883
GT,35.29125,-81.15869,884
GT,35.29122,-81.15881,885
GT,35.2912,-81.15896,886
GT,35.29118,-81.15925,887
GT,35.29116,-81.15952,888
GT,35.29116,-81.15953,889
GT,35.29115,-81.15976,890
GT,35.29113,-81.16008,891
GT,35.29111,-81.16042,892
GT,35.29111,-81.16049,893
GT,35.2911,-81.16071,894
GT,35.29109,-81.16078,895
GT,35.29109,-81.16087,896
GT,35.29108,-81.16091,897
GT,35.29108,-81.16093,898
GT,35.29107,-81.16103,899
GT,35.29105,-81.16112,900
GT,35.29104,-81.16121,901
GT,35.291,-81.16135,902
GT,35.291,-81.16136,903
GT,35.29097,-81.16145,904
GT,35.29095,-81.16151,905
GT,35.29093,-81.16157,906
GT,35.29088,-81.16171,907
GT,35.29086,-81.16177,908
GT,35.29081,-81.16191,909
GT,35.29075,-81.16212,910
GT,35.29068,-81.16232,911
GT,35.29061,-81.16253,912
GT,35.29056,-81.16269,913
GT,35.29052,-81.16281,914
GT,35.29043,-81.16306,915
GT,35.29036,-81.16321,916
GT,35.29036,-81.16322,917
GT,35.29029,-81.16335,918
GT,35.29027,-81.16339,919
GT,35.29024,-81.16345,920
GT,35.29019,-81.16354,921
GT,35.29011,-81.16367,922
GT,35.29007,-81.16373,923
GT,35.29006,-81.16375,924
GT,35.29003,-81.16378,925
GT,35.28999,-81.16384,926
GT,35.28992,-81.16391,927
GT,35.28986,-81.16397,928
GT,35.28984,-81.16399,929
GT,35.28981,-81.16403,930
GT,35.28979,-81.16404,931
GT,35.28975,-81.16408,932
GT,35.28968,-81.16413,933
GT,35.2896,-81.16417,934
GT,35.28953,-81.16421,935
GT,35.28948,-81.16423,936
GT,35.28942,-81.16426,937
GT,35.28923,-81.16432,938
GT,35.28881,-81.16441,939
GT,35.28848,-81.16447,940
GT,35.28828,-81.16451,941
GT,35.28813,-81.16454,942
GT,35.28795,-81.16457,943
GT,35.2876,-81.16464,944
GT,35.28724,-81.16471,945
GT,35.28704,-81.16474,946
GT,35.28683,-81.16479,947
GT,35.28674,-81.16481,948
GT,35.28671,-81.16482,949
GT,35.2867,-81.16482,950
GT,35.28666,-81.16483,951
GT,35.28657,-81.16487,952
GT,35.28654,-81.16488,953
GT,35.28651,-81.16489,954
GT,35.28646,-81.16492,955
GT,35.2864,-81.16495,956
GT,35.28632,-81.16499,957
GT,35.28624,-81.16504,958
GT,35.28615,-81.1651,959
GT,35.28607,-81.16515,960
GT,35.28592,-81.16527,961
GT,35.28575,-81.16539,962
GT,35.28564,-81.16547,963
GT,35.28555,-81.16553,964
GT,35.28547,-81.16557,965
GT,35.28541,-81.16561,966
GT,35.28533,-81.16564,967
GT,35.28523,-81.16567,968
GT,35.2851,-81.16571,969
GT,35.28502,-81.16571,970
GT,35.28494,-81.16572,971
GT,35.28486,-81.16572,972
GT,35.28485,-81.16572,973
GT,35.28477,-81.16571,974
GT,35.28462,-81.16569,975
GT,35.28452,-81.16567,976
GT,35.28444,-81.16566,977
GT,35.28433,-81.16563,978
GT,35.28414,-81.1656,979
GT,35.28399,-81.16557,980
GT,35.28378,-81.16552,981
GT,35.28367,-81.1655,982
GT,35.28345,-81.16547,983
GT,35.28327,-81.16544,984
GT,35.28276,-81.1654,985
GT,35.28248,-81.16538,986
GT,35.28198,-81.16534,987
GT,35.28167,-81.16534,988
GT,35.28153,-81.16534,989
GT,35.28122,-81.16536,990
GT,35.28039,-81.16543,991
GT,35.2803,-81.16478,992
GT,35.28027,-81.16456,993
GT,35.2802,-81.16401,994
GT,35.28012,-81.16336,995
GT,35.28005,-81.1628,996
GT,35.27965,-81.16288,997
GT,35.27952,-81.1629,998
GT,35.27936,-81.16291,999
GT,35.27934,-81.16291,1000
GT,35.27916,-81.16289,1001
GT,35.27907,-81.16288,1002
GT,35.27819,-81.16278,1003
GT,35.27815,-81.16277,1004
GT,35.27819,-81.16278,1005
GT,35.27907,-81.16288,1006
GT,35.27916,-81.16289,1007
GT,35.27934,-81.16291,1008
GT,35.27936,-81.16291,1009
GT,35.27952,-81.1629,1010
GT,35.27965,-81.16288,1011
GT,35.28005,-81.1628,1012
GT,35.28012,-81.16336,1013
GT,35.2802,-81.16401,1014
GT,35.28027,-81.16456,1015
GT,35.2803,-81.16478,1016
GT,35.28039,-81.16543,1017
GT,35.27977,-81.16549,1018
GT,35.27972,-81.1655,1019
GT,35.27961,-81.1655,1020
GT,35.2795,-81.16551,1021
GT,35.27942,-81.16553,1022
GT,35.27939,-81.16553,1023
GT,35.27927,-81.16556,1024
GT,35.27913,-81.16559,1025
GT,35.27898,-81.16564,1026
GT,35.27883,-81.16571,1027
GT,35.27863,-81.16579,1028
GT,35.27834,-81.16594,1029
GT,35.27809,-81.16607,1030
GT,35.27799,-81.16613,1031
GT,35.27797,-81.16614,1032
GT,35.27793,-81.16616,1033
GT,35.27764,-81.16632,1034
GT,35.27744,-81.16643,1035
GT,35.27728,-81.16651,1036
GT,35.27717,-81.16656,1037
GT,35.27703,-81.16661,1038
GT,35.27691,-81.16665,1039
GT,35.2767,-81.16669,1040
GT,35.27646,-81.16672,1041
GT,35.27626,-81.16672,1042
GT,35.27625,-81.16672,1043
GT,35.27611,-81.16671,1044
GT,35.27602,-81.16669,1045
GT,35.27597,-81.16669,1046
GT,35.27596,-81.16668,1047
GT,35.27581,-81.16666,1048
GT,35.2757,-81.16662,1049
GT,35.27566,-81.16661,1050
GT,35.27562,-81.1666,1051
GT,35.27549,-81.16656,1052
GT,35.2752,-81.16645,1053
GT,35.27514,-81.16643,1054
GT,35.2751,-81.16641,1055
GT,35.27492,-81.16635,1056
GT,35.27464,-81.16625,1057
GT,35.27458,-81.16623,1058
GT,35.27444,-81.16619,1059
GT,35.27434,-81.16617,1060
GT,35.27424,-81.16615,1061
GT,35.27417,-81.16615,1062
GT,35.27411,-81.16615,1063
GT,35.27395,-81.16617,1064
GT,35.27378,-81.1662,1065
GT,35.27362,-81.16624,1066
GT,35.2736,-81.16625,1067
GT,35.27348,-81.16629,1068
GT,35.27335,-81.16633,1069
GT,35.27331,-81.16633,1070
GT,35.27323,-81.16635,1071
GT,35.27312,-81.16637,1072
GT,35.27305,-81.16638,1073
GT,35.2729,-81.16638,1074
GT,35.27269,-81.16637,1075
GT,35.27223,-81.16638,1076
GT,35.27203,-81.16638,1077
GT,35.27201,-81.16638,1078
GT,35.27192,-81.16638,1079
GT,35.27183,-81.16638,1080
GT,35.27156,-81.16638,1081
GT,35.27154,-81.16638,1082
GT,35.27117,-81.16638,1083
GT,35.271,-81.16638,1084
GT,35.27065,-81.16638,1085
GT,35.27047,-81.16638,1086
GT,35.27045,-81.16638,1087
GT,35.27011,-81.16638,1088
GT,35.27005,-81.16638,1089
GT,35.26992,-81.16638,1090
GT,35.2696,-81.16638,1091
GT,35.26917,-81.16639,1092
GT,35.26897,-81.16639,1093
GT,35.26882,-81.1664,1094
GT,35.26861,-81.16642,1095
GT,35.26855,-81.16643,1096
GT,35.26841,-81.16644,1097
GT,35.26835,-81.16645,1098
GT,35.2682,-81.16646,1099
GT,35.2679,-81.16652,1100
GT,35.26743,-81.1666,1101
GT,35.26725,-81.16678,1102
GT,35.26712,-81.16693,1103
GT,35.26663,-81.16745,1104
GT,35.26635,-81.16776,1105
GT,35.26623,-81.16789,1106
GT,35.26587,-81.16835,1107
GT,35.2657,-81.16862,1108
GT,35.26556,-81.16883,1109
GT,35.26551,-81.16893,1110
GT,35.2654,-81.16915,1111
GT,35.26529,-81.16937,1112
GT,35.2652,-81.16959,1113
GT,35.26508,-81.1699,1114
GT,35.26507,-81.16992,1115
GT,35.26501,-81.1701,1116
GT,35.2649,-81.17046,1117
GT,35.26482,-81.17076,1118
GT,35.26476,-81.17102,1119
GT,35.26474,-81.17115,1120
GT,35.26472,-81.17127,1121
GT,35.2647,-81.17146,1122
GT,35.26466,-81.1718,1123
GT,35.26465,-81.17182,1124
GT,35.26464,-81.17204,1125
GT,35.26463,-81.17227,1126
GT,35.26463,-81.17246,1127
GT,35.26462,-81.17258,1128
GT,35.26463,-81.17289,1129
GT,35.26464,-81.17301,1130
GT,35.26465,-81.17316,1131
GT,35.26467,-81.17328,1132
GT,35.26467,-81.17334,1133
GT,35.2647,-81.17351,1134
GT,35.26474,-81.17381,1135
GT,35.26475,-81.17388,1136
GT,35.26483,-81.17424,1137
GT,35.26491,-81.17461,1138
GT,35.26496,-81.17482,1139
GT,35.2651,-81.17541,1140
GT,35.26515,-81.17559,1141
GT,35.26528,-81.17551,1142
GT,35.26515,-81.17559,1143
GT,35.2653,-81.17621,1144
GT,35.26533,-81.17635,1145
GT,35.26541,-81.17667,1146
GT,35.26544,-81.1768,1147
GT,35.26548,-81.17696,1148
GT,35.26555,-81.17725,1149
GT,35.26561,-81.17753,1150
GT,35.26564,-81.17768,1151
GT,35.26507,-81.1778,1152
GT,35.26493,-81.17783,1153
GT,35.26486,-81.17784,1154
GT,35.26465,-81.17788,1155
GT,35.26435,-81.17793,1156
GT,35.2639,-81.17803,1157
GT,35.26387,-81.17808,1158
GT,35.26386,-81.1782,1159
GT,35.26384,-81.1784,1160
GT,35.26384,-81.17842,1161
GT,35.26383,-81.17875,1162
GT,35.26382,-81.17895,1163
GT,35.2638,-81.17979,1164
GT,35.2638,-81.18007,1165
GT,35.26426,-81.18005,1166
GT-AllYear,35.2643,-81.1801,0
GT-AllYear,35.2638,-81.18007,1
GT-AllYear,35.2638,-81.18028,2
GT-AllYear,35.2638,-81.1805,3
GT-AllYear,35.2638,-81.18091,4
GT-AllYear,35.2638,-81.18095,5
GT-AllYear,35.26379,-81.18122,6
GT-AllYear,35.26379,-81.18195,7
GT-AllYear,35.26423,-81.18196,8
GT-AllYear,35.26446,-81.18196,9
GT-AllYear,35.26467,-81.18196,10
GT-AllYear,35.26497,-81.18197,11
GT-AllYear,35.26506,-81.18197,12
GT-AllYear,35.2654,-81.18196,13
GT-AllYear,35.26547,-81.18191,14
GT-AllYear,35.26545,-81.18203,15
GT-AllYear,35.26538,-81.18261,16
GT-AllYear,35.26535,-81.18283,17
GT-AllYear,35.2653,-81.18331,18
GT-AllYear,35.26521,-81.18413,19
GT-AllYear,35.26519,-81.18427,20
GT-AllYear,35.26517,-81.18454,21
GT-AllYear,35.26515,-81.18505,22
GT-AllYear,35.26515,-81.18507,23
GT-AllYear,35.26515,-81.1853,24
GT-AllYear,35.26516,-81.1857,25
GT-AllYear,35.26533,-81.18571,26
GT-AllYear,35.2655,-81.18572,27
GT-AllYear,35.26562,-81.18575,28
GT-AllYear,35.26569,-81.18577,29
GT-AllYear,35.26581,-81.18581,30
GT-AllYear,35.26598,-81.18589,31
GT-AllYear,35.26606,-81.18593,32
GT-AllYear,35.26616,-81.18599,33
GT-AllYear,35.26624,-81.18605,34
GT-AllYear,35.26636,-81.18615,35
GT-AllYear,35.26649,-81.18627,36
GT-AllYear,35.26653,-81.18632,37
GT-AllYear,35.26661,-81.18642,38
GT-AllYear,35.26665,-81.18649,39
GT-AllYear,35.26714,-81.18716,40
GT-AllYear,35.26744,-81.18745,41
GT-AllYear,35.26765,-81.1876,42
GT-AllYear,35.26792,-81.18765,43
GT-AllYear,35.26807,-81.18768,44
GT-AllYear,35.26818,-81.1877,45
GT-AllYear,35.26827,-81.18771,46
GT-AllYear,35.26836,-81.18772,47
GT-AllYear,35.26864,-81.18774,48
GT-AllYear,35.26865,-81.18774,49
GT-AllYear,35.26894,-81.18774,50
GT-AllYear,35.26901,-81.18774,51
GT-AllYear,35.26971,-81.18775,52
GT-AllYear,35.2702,-81.18775,53
GT-AllYear,35.27066,-81.18774,54
GT-AllYear,35.27076,-81.18775,55
GT-AllYear,35.27114,-81.18776,56
GT-AllYear,35.27163,-81.18776,57
GT-AllYear,35.27181,-81.18777,58
GT-AllYear,35.27217,-81.18778,59
GT-AllYear,35.27232,-81.18778,60
GT-AllYear,35.27261,-81.18778,61
GT-AllYear,35.273,-81.18778,62
GT-AllYear,35.27367,-81.18778,63
GT-AllYear,35.2737,-81.18778,64
GT-AllYear,35.27386,-81.18778,65
GT-AllYear,35.27393,-81.18778,66
GT-AllYear,35.27429,-81.18778,67
GT-AllYear,35.27453,-81.18779,68
GT-AllYear,35.27508,-81.1878,69
GT-AllYear,35.27522,-81.1878,70
GT-AllYear,35.27572,-81.1878,71
GT-AllYear,35.2758,-81.1878,72
GT-AllYear,35.27622,-81.18781,73
GT-AllYear,35.27624,-81.18779,74
GT-AllYear,35.27625,-81.18778,75
GT-AllYear,35.27627,-81.18777,76
GT-AllYear,35.27629,-81.18776,77
GT-AllYear,35.27631,-81.18775,78
GT-AllYear,35.27633,-81.18775,79
GT-AllYear,35.27636,-81.18775,80
GT-AllYear,35.27675,-81.18775,81
GT-AllYear,35.27684,-81.18776,82
GT-AllYear,35.27718,-81.18776,83
GT-AllYear,35.27726,-81.18776,84
GT-AllYear,35.27727,-81.18776,85
GT-AllYear,35.27729,-81.18776,86
GT-AllYear,35.27731,-81.18776,87
GT-AllYear,35.27732,-81.18777,88
GT-AllYear,35.27733,-81.18778,89
GT-AllYear,35.27734,-81.18779,90
GT-AllYear,35.27735,-81.1878,91
GT-AllYear,35.27736,-81.18781,92
GT-AllYear,35.27746,-81.18782,93
GT-AllYear,35.2776,-81.18782,94
GT-AllYear,35.27791,-81.18782,95
GT-AllYear,35.27814,-81.18782,96
GT-AllYear,35.27844,-81.18783,97
GT-AllYear,35.2786,-81.18783,98
GT-AllYear,35.27893,-81.18783,99
GT-AllYear,35.2791,-81.18783,100
GT-AllYear,35.27929,-81.18783,101
GT-AllYear,35.27948,-81.18783,102
GT-AllYear,35.27963,-81.18783,103
GT-AllYear,35.27978,-81.18784,104
GT-AllYear,35.2802,-81.18785,105
GT-AllYear,35.28033,-81.18785,106
GT-AllYear,35.28035,-81.18785,107
GT-AllYear,35.2805,-81.18785,108
GT-AllYear,35.28069,-81.18786,109
GT-AllYear,35.28093,-81.18786,110
GT-AllYear,35.28114,-81.18787,111
GT-AllYear,35.2813,-81.18787,112
GT-AllYear,35.28134,-81.18784,113
GT-AllYear,35.28135,-81.18783,114
GT-AllYear,35.28136,-81.18782,115
GT-AllYear,35.28137,-81.18781,116
GT-AllYear,35.28138,-81.1878,117
GT-AllYear,35.28147,-81.18779,118
GT-AllYear,35.28213,-81.1878,119
GT-AllYear,35.28287,-81.18781,120
GT-AllYear,35.28291,-81.18781,121
GT-AllYear,35.28294,-81.18781,122
GT-AllYear,35.28303,-81.18781,123
GT-AllYear,35.28342,-81.18781,124
GT-AllYear,35.28348,-81.18781,125
GT-AllYear,35.2835,-81.18781,126
GT-AllYear,35.28356,-81.18781,127
GT-AllYear,35.28366,-81.18781,128
GT-AllYear,35.2837,-81.18781,129
GT-AllYear,35.28389,-81.18781,130
GT-AllYear,35.28393,-81.18781,131
GT-AllYear,35.28403,-81.18781,132
GT-AllYear,35.28412,-81.1878,133
GT-AllYear,35.28434,-81.1878,134
GT-AllYear,35.28506,-81.18777,135
GT-AllYear,35.28519,-81.18777,136
GT-AllYear,35.2858,-81.1878,137
GT-AllYear,35.28592,-81.1878,138
GT-AllYear,35.28616,-81.18779,139
GT-AllYear,35.28674,-81.1878,140
GT-AllYear,35.28693,-81.18781,141
GT-AllYear,35.28714,-81.18781,142
GT-AllYear,35.28773,-81.18783,143
GT-AllYear,35.28825,-81.18784,144
GT-AllYear,35.28843,-81.18784,145
GT-AllYear,35.28927,-81.18786,146
GT-AllYear,35.28933,-81.18786,147
GT-AllYear,35.28971,-81.18787,148
GT-AllYear,35.28975,-81.18787,149
GT-AllYear,35.28976,-81.18787,150
GT-AllYear,35.28977,-81.18788,151
GT-AllYear,35.28978,-81.18789,152
GT-AllYear,35.28985,-81.18796,153
GT-AllYear,35.28993,-81.18796,154
GT-AllYear,35.29024,-81.18795,155
GT-AllYear,35.2905,-81.18795,156
GT-AllYear,35.2906,-81.18795,157
GT-AllYear,35.29105,-81.18796,158
GT-AllYear,35.29111,-81.18796,159
GT-AllYear,35.29132,-81.18797,160
GT-AllYear,35.29163,-81.18798,161
GT-AllYear,35.29174,-81.18798,162
GT-AllYear,35.29204,-81.18797,163
GT-AllYear,35.29221,-81.18797,164
GT-AllYear,35.29242,-81.18798,165
GT-AllYear,35.29257,-81.18798,166
GT-AllYear,35.2926,-81.18798,167
GT-AllYear,35.29286,-81.18798,168
GT-AllYear,35.29297,-81.18799,169
GT-AllYear,35.29314,-81.18799,170
GT-AllYear,35.29327,-81.18799,171
GT-AllYear,35.29342,-81.18799,172
GT-AllYear,35.29377,-81.18799,173
GT-AllYear,35.29393,-81.18799,174
GT-AllYear,35.29404,-81.18798,175
GT-AllYear,35.29411,-81.18798,176
GT-AllYear,35.29425,-81.18798,177
GT-AllYear,35.29443,-81.18789,178
GT-AllYear,35.29454,-81.18789,179
GT-AllYear,35.29481,-81.18788,180
GT-AllYear,35.29517,-81.18787,181
GT-AllYear,35.29548,-81.18786,182
GT-AllYear,35.29571,-81.18784,183
GT-AllYear,35.29624,-81.18782,184
GT-AllYear,35.29633,-81.18782,185
GT-AllYear,35.29657,-81.18781,186
GT-AllYear,35.29669,-81.18781,187
GT-AllYear,35.29711,-81.1878,188
GT-AllYear,35.29725,-81.18779,189
GT-AllYear,35.29728,-81.18779,190
GT-AllYear,35.29763,-81.18778,191
GT-AllYear,35.29778,-81.18778,192
GT-AllYear,35.29818,-81.18776,193
GT-AllYear,35.2985,-81.18775,194
GT-AllYear,35.29904,-81.18773,195
GT-AllYear,35.29934,-81.18771,196
GT-AllYear,35.29994,-81.18769,197
GT-AllYear,35.30042,-81.18767,198
GT-AllYear,35.30118,-81.18765,199
GT-AllYear,35.30129,-81.18764,200
GT-AllYear,35.30159,-81.18763,201
GT-AllYear,35.30257,-81.1876,202
GT-AllYear,35.30266,-81.18752,203
GT-AllYear,35.30267,-81.18752,204
GT-AllYear,35.30281,-81.18751,205
GT-AllYear,35.30296,-81.18749,206
GT-AllYear,35.303,-81.18749,207
GT-AllYear,35.30309,-81.18747,208
GT-AllYear,35.30322,-81.18744,209
GT-AllYear,35.30328,-81.18742,210
GT-AllYear,35.30333,-81.18741,211
GT-AllYear,35.3034,-81.18739,212
GT-AllYear,35.30341,-81.18739,213
GT-AllYear,35.30349,-81.18736,214
GT-AllYear,35.30362,-81.18731,215
GT-AllYear,35.3037,-81.18729,216
GT-AllYear,35.30379,-81.18725,217
GT-AllYear,35.3039,-81.1872,218
GT-AllYear,35.30399,-81.18715,219
GT-AllYear,35.30406,-81.18711,220
GT-AllYear,35.30413,-81.18707,221
GT-AllYear,35.30423,-81.18702,222
GT-AllYear,35.30427,-81.187,223
GT-AllYear,35.30433,-81.18697,224
GT-AllYear,35.30456,-81.18684,225
GT-AllYear,35.30489,-81.18664,226
GT-AllYear,35.30531,-81.1864,227
GT-AllYear,35.30553,-81.18627,228
GT-AllYear,35.30557,-81.18624,229
GT-AllYear,35.3056,-81.18623,230
GT-AllYear,35.30567,-81.18618,231
GT-AllYear,35.30575,-81.18612,232
GT-AllYear,35.30585,-81.18607,233
GT-AllYear,35.30598,-81.186,234
GT-AllYear,35.30603,-81.18594,235
GT-AllYear,35.30609,-81.18607,236
GT-AllYear,35.30621,-81.1863,237
GT-AllYear,35.30629,-81.18643,238
GT-AllYear,35.30638,-81.18657,239
GT-AllYear,35.30651,-81.18678,240
GT-AllYear,35.30673,-81.18714,241
GT-AllYear,35.30683,-81.18731,242
GT-AllYear,35.30704,-81.18764,243
GT-AllYear,35.30705,-81.18766,244
GT-AllYear,35.30714,-81.18779,245
GT-AllYear,35.30721,-81.1879,246
GT-AllYear,35.30728,-81.18799,247
GT-AllYear,35.30737,-81.18814,248
GT-AllYear,35.30743,-81.18825,249
GT-AllYear,35.30749,-81.18836,250
GT-AllYear,35.30754,-81.18847,251
GT-AllYear,35.30755,-81.18848,252
GT-AllYear,35.3076,-81.18859,253
GT-AllYear,35.30764,-81.1887,254
GT-AllYear,35.30768,-81.1888,255
GT-AllYear,35.30772,-81.18892,256
GT-AllYear,35.3078,-81.18925,257
GT-AllYear,35.30784,-81.18941,258
GT-AllYear,35.30792,-81.18975,259
GT-AllYear,35.30795,-81.18988,260
GT-AllYear,35.30808,-81.1904,261
GT-AllYear,35.30809,-81.19045,262
GT-AllYear,35.30809,-81.19047,263
GT-AllYear,35.3081,-81.1905,264
GT-AllYear,35.30811,-81.19052,265
GT-AllYear,35.30812,-81.19053,266
GT-AllYear,35.30815,-81.19058,267
GT-AllYear,35.30819,-81.19058,268
GT-AllYear,35.30826,-81.1906,269
GT-AllYear,35.30832,-81.19065,270
GT-AllYear,35.30834,-81.19067,271
GT-AllYear,35.30838,-81.19072,272
GT-AllYear,35.30841,-81.19079,273
GT-AllYear,35.30842,-81.19082,274
GT-AllYear,35.30842,-81.19087,275
GT-AllYear,35.30842,-81.19091,276
GT-AllYear,35.30842,-81.19094,277
GT-AllYear,35.3084,-81.19103,278
GT-AllYear,35.30837,-81.1911,279
GT-AllYear,35.30834,-81.19115,280
GT-AllYear,35.30827,-81.19121,281
GT-AllYear,35.3082,-81.19124,282
GT-AllYear,35.30815,-81.19125,283
GT-AllYear,35.30811,-81.19124,284
GT-AllYear,35.30806,-81.19123,285
GT-AllYear,35.30801,-81.19122,286
GT-AllYear,35.30799,-81.19119,287
GT-AllYear,35.30789,-81.19135,288
GT-AllYear,35.30787,-81.19142,289
GT-AllYear,35.30786,-81.1915,290
GT-AllYear,35.30786,-81.1916,291
GT-AllYear,35.30788,-81.19186,292
GT-AllYear,35.30789,-81.19195,293
GT-AllYear,35.30792,-81.19216,294
GT-AllYear,35.30792,-81.19217,295
GT-AllYear,35.30797,-81.19235,296
GT-AllYear,35.30801,-81.19245,297
GT-AllYear,35.30807,-81.19256,298
GT-AllYear,35.30819,-81.19271,299
GT-AllYear,35.30825,-81.19277,300
GT-AllYear,35.30831,-81.19282,301
GT-AllYear,35.30844,-81.19289,302
GT-AllYear,35.3085,-81.19292,303
GT-AllYear,35.30856,-81.19293,304
GT-AllYear,35.30863,-81.19294,305
GT-AllYear,35.30876,-81.19296,306
GT-AllYear,35.30886,-81.19294,307
GT-AllYear,35.30891,-81.19293,308
GT-AllYear,35.30899,-81.1929,309
GT-AllYear,35.30907,-81.19286,310
GT-AllYear,35.30913,-81.19283,311
GT-AllYear,35.30921,-81.19279,312
GT-AllYear,35.3094,-81.19269,313
GT-AllYear,35.30969,-81.19253,314
GT-AllYear,35.30978,-81.19247,315
GT-AllYear,35.30982,-81.19244,316
GT-AllYear,35.30988,-81.19239,317
GT-AllYear,35.31005,-81.19217,318
GT-AllYear,35.31009,-81.19207,319
GT-AllYear,35.31017,-81.19184,320
GT-AllYear,35.31019,-81.19179,321
GT-AllYear,35.31022,-81.19176,322
GT-AllYear,35.3103,-81.1917,323
GT-AllYear,35.31036,-81.19168,324
GT-AllYear,35.31053,-81.19162,325
GT-AllYear,35.31055,-81.19161,326
GT-AllYear,35.31073,-81.19155,327
GT-AllYear,35.31076,-81.19153,328
GT-AllYear,35.3108,-81.1915,329
GT-AllYear,35.31082,-81.19147,330
GT-AllYear,35.31086,-81.1914,331
GT-AllYear,35.31086,-81.19134,332
GT-AllYear,35.31086,-81.19104,333
GT-AllYear,35.31085,-81.19063,334
GT-AllYear,35.31084,-81.19049,335
GT-AllYear,35.31084,-81.19038,336
GT-AllYear,35.31084,-81.19008,337
GT-AllYear,35.31083,-81.19004,338
GT-AllYear,35.31083,-81.18988,339
GT-AllYear,35.31083,-81.18982,340
GT-AllYear,35.31083,-81.18979,341
GT-AllYear,35.31084,-81.18976,342
GT-AllYear,35.31085,-81.18971,343
GT-AllYear,35.31087,-81.18968,344
GT-AllYear,35.31088,-81.18964,345
GT-AllYear,35.31088,-81.18952,346
GT-AllYear,35.31089,-81.18944,347
GT-AllYear,35.31088,-81.18952,348
GT-AllYear,35.31088,-81.18964,349
GT-AllYear,35.31087,-81.18968,350
GT-AllYear,35.31085,-81.18971,351
GT-AllYear,35.31084,-81.18976,352
GT-AllYear,35.31083,-81.18979,353
GT-AllYear,35.31083,-81.18982,354
GT-AllYear,35.31083,-81.18988,355
GT-AllYear,35.31083,-81.19004,356
GT-AllYear,35.31084,-81.19008,357
GT-AllYear,35.31084,-81.19038,358
GT-AllYear,35.31084,-81.19049,359
GT-AllYear,35.31085,-81.19063,360
GT-AllYear,35.31086,-81.19104,361
GT-AllYear,35.31086,-81.19134,362
GT-AllYear,35.31096,-81.1914,363
GT-AllYear,35.31123,-81.19156,364
GT-AllYear,35.31129,-81.1916,365
GT-AllYear,35.31132,-81.19161,366
GT-AllYear,35.3114,-81.19165,367
GT-AllYear,35.3114,-81.19166,368
GT-AllYear,35.31146,-81.19169,369
GT-AllYear,35.3115,-81.1917,370
GT-AllYear,35.31157,-81.19171,371
GT-AllYear,35.31167,-81.19173,372
GT-AllYear,35.31175,-81.19174,373
GT-AllYear,35.31201,-81.19178,374
GT-AllYear,35.31206,-81.19178,375
GT-AllYear,35.3121,-81.19178,376
GT-AllYear,35.31211,-81.19178,377
GT-AllYear,35.31228,-81.19173,378
GT-AllYear,35.31234,-81.19172,379
GT-AllYear,35.31239,-81.19171,380
GT-AllYear,35.31246,-81.19172,381
GT-AllYear,35.31271,-81.19176,382
GT-AllYear,35.31274,-81.19175,383
GT-AllYear,35.3128,-81.1917,384
GT-AllYear,35.31287,-81.19162,385
GT-AllYear,35.31292,-81.19156,386
GT-AllYear,35.31293,-81.19154,387
GT-AllYear,35.31301,-81.19144,388
GT-AllYear,35.31307,-81.19135,389
GT-AllYear,35.31311,-81.19127,390
GT-AllYear,35.31311,-81.19126,391
GT-AllYear,35.31314,-81.19119,392
GT-AllYear,35.31315,-81.19109,393
GT-AllYear,35.31316,-81.19085,394
GT-AllYear,35.31318,-81.19064,395
GT-AllYear,35.31319,-81.19039,396
GT-AllYear,35.3132,-81.19026,397
GT-AllYear,35.3132,-81.19016,398
GT-AllYear,35.31322,-81.18993,399
GT-AllYear,35.31322,-81.18991,400
GT-AllYear,35.31324,-81.1897,401
GT-AllYear,35.31324,-81.1896,402
GT-AllYear,35.31326,-81.18939,403
GT-AllYear,35.31324,-81.1896,404
GT-AllYear,35.31324,-81.1897,405
GT-AllYear,35.31322,-81.18991,406
GT-AllYear,35.31322,-81.18993,407
GT-AllYear,35.3132,-81.19016,408
GT-AllYear,35.3132,-81.19026,409
GT-AllYear,35.31319,-81.19039,410
GT-AllYear,35.31318,-81.19064,411
GT-AllYear,35.31316,-81.19085,412
GT-AllYear,35.31315,-81.19109,413
GT-AllYear,35.31326,-81.19114,414
GT-AllYear,35.31335,-81.19117,415
GT-AllYear,35.31342,-81.19122,416
GT-AllYear,35.3135,-81.19128,417
GT-AllYear,35.31357,-81.19135,418
GT-AllYear,35.3136,-81.19138,419
GT-AllYear,35.31368,-81.1915,420
GT-AllYear,35.31376,-81.19165,421
GT-AllYear,35.31379,-81.1917,422
GT-AllYear,35.31411,-81.19223,423
GT-AllYear,35.31423,-81.19238,424
GT-AllYear,35.31426,-81.19241,425
GT-AllYear,35.31429,-81.19245,426
GT-AllYear,35.31441,-81.19257,427
GT-AllYear,35.31458,-81.19269,428
GT-AllYear,35.31476,-81.19279,429
GT-AllYear,35.31513,-81.19293,430
GT-AllYear,35.31519,-81.19295,431
GT-AllYear,35.31533,-81.19299,432
GT-AllYear,35.31541,-81.19298,433
GT-AllYear,35.31541,-81.19275,434
GT-AllYear,35.31542,-81.19267,435
GT-AllYear,35.31544,-81.19221,436
GT-AllYear,35.31546,-81.19194,437
GT-AllYear,35.31547,-81.19175,438
GT-AllYear,35.31548,-81.19166,439
GT-AllYear,35.31548,-81.19158,440
GT-AllYear,35.31549,-81.19147,441
GT-AllYear,35.31551,-81.1913,442
GT-AllYear,35.31554,-81.19104,443
GT-AllYear,35.31554,-81.19103,444
GT-AllYear,35.31557,-81.19081,445
GT-AllYear,35.31558,-81.19071,446
GT-AllYear,35.31559,-81.19066,447
GT-AllYear,35.3156,-81.19058,448
GT-AllYear,35.31562,-81.19041,449
GT-AllYear,35.3157,-81.18985,450
GT-AllYear,35.31573,-81.18954,451
GT-AllYear,35.31579,-81.18909,452
GT-AllYear,35.31581,-81.18893,453
GT-AllYear,35.3158,-81.18881,454
GT-AllYear,35.31581,-81.18867,455
GT-AllYear,35.31596,-81.18767,456
GT-AllYear,35.31601,-81.18733,457
GT-AllYear,35.31602,-81.18723,458
GT-AllYear,35.31604,-81.18706,459
GT-AllYear,35.31608,-81.18681,460
GT-AllYear,35.31616,-81.18613,461
GT-AllYear,35.3162,-81.1859,462
GT-AllYear,35.31622,-81.18572,463
GT-AllYear,35.31625,-81.18558,464
GT-AllYear,35.31628,-81.18552,465
GT-AllYear,35.3163,-81.18542,466
GT-AllYear,35.3163,-81.18538,467
GT-AllYear,35.31632,-81.18525,468
GT-AllYear,35.31632,-81.18524,469
GT-AllYear,35.31638,-81.18483,470
GT-AllYear,35.31644,-81.18435,471
GT-AllYear,35.31656,-81.18342,472
GT-AllYear,35.3166,-81.18306,473
GT-AllYear,35.31663,-81.18271,474
GT-AllYear,35.31666,-81.18245,475
GT-AllYear,35.31668,-81.18211,476
GT-AllYear,35.3167,-81.18174,477
GT-AllYear,35.31672,-81.18095,478
GT-AllYear,35.31672,-81.1804,479
GT-AllYear,35.31671,-81.17992,480
GT-AllYear,35.31668,-81.17914,481
GT-AllYear,35.31665,-81.17857,482
GT-AllYear,35.31552,-81.17865,483
GT-AllYear,35.3155,-81.17821,484
GT-AllYear,35.3155,-81.17799,485
GT-AllYear,35.31549,-81.17785,486
GT-AllYear,35.31549,-81.17777,487
GT-AllYear,35.31549,-81.1776,488
GT-AllYear,35.31548,-81.17755,489
GT-AllYear,35.31548,-81.17751,490
GT-AllYear,35.31547,-81.17729,491
GT-AllYear,35.31546,-81.17704,492
GT-AllYear,35.31545,-81.17655,493
GT-AllYear,35.31544,-81.17636,494
GT-AllYear,35.31542,-81.17592,495
GT-AllYear,35.3154,-81.17523,496
GT-AllYear,35.3154,-81.17519,497
GT-AllYear,35.31538,-81.17471,498
GT-AllYear,35.31538,-81.17453,499
GT-AllYear,35.31536,-81.17397,500
GT-AllYear,35.31535,-81.1739,501
GT-AllYear,35.31532,-81.17324,502
GT-AllYear,35.31531,-81.17314,503
GT-AllYear,35.31529,-81.17294,504
GT-AllYear,35.31528,-81.17273,505
GT-AllYear,35.31524,-81.17205,506
GT-AllYear,35.31523,-81.17183,507
GT-AllYear,35.31522,-81.17161,508
GT-AllYear,35.3152,-81.17095,509
GT-AllYear,35.31518,-81.17066,510
GT-AllYear,35.31504,-81.17065,511
GT-AllYear,35.315,-81.17065,512
GT-AllYear,35.31484,-81.17066,513
GT-AllYear,35.31483,-81.17066,514
GT-AllYear,35.31482,-81.17066,515
GT-AllYear,35.31464,-81.17068,516
GT-AllYear,35.31446,-81.17068,517
GT-AllYear,35.314,-81.1707,518
GT-AllYear,35.31375,-81.17073,519
GT-AllYear,35.3132,-81.17075,520
GT-AllYear,35.31312,-81.17076,521
GT-AllYear,35.31276,-81.17076,522
GT-AllYear,35.31234,-81.17078,523
GT-AllYear,35.31194,-81.1708,524
GT-AllYear,35.3114,-81.17083,525
GT-AllYear,35.31104,-81.17084,526
GT-AllYear,35.31082,-81.17086,527
GT-AllYear,35.31072,-81.17086,528
GT-AllYear,35.31068,-81.17085,529
GT-AllYear,35.3106,-81.17084,530
GT-AllYear,35.31051,-81.17082,531
GT-AllYear,35.31045,-81.17079,532
GT-AllYear,35.31026,-81.17063,533
GT-AllYear,35.31028,-81.17103,534
GT-AllYear,35.31028,-81.17112,535
GT-AllYear,35.31029,-81.17129,536
GT-AllYear,35.31031,-81.17195,537
GT-AllYear,35.31032,-81.17217,538
GT-AllYear,35.31033,-81.17246,539
GT-AllYear,35.31034,-81.1725,540
GT-AllYear,35.31018,-81.17258,541
GT-AllYear,35.31012,-81.17261,542
GT-AllYear,35.30977,-81.1727,543
GT-AllYear,35.30962,-81.17275,544
GT-AllYear,35.30957,-81.17278,545
GT-AllYear,35.30958,-81.17286,546
GT-AllYear,35.30961,-81.173,547
GT-AllYear,35.30968,-81.17335,548
GT-AllYear,35.30971,-81.17354,549
GT-AllYear,35.3098,-81.17397,550
GT-AllYear,35.30982,-81.17408,551
GT-AllYear,35.30984,-81.17418,552
GT-AllYear,35.30995,-81.17481,553
GT-AllYear,35.30961,-81.17495,554
GT-AllYear,35.30944,-81.17502,555
GT-AllYear,35.30927,-81.1751,556
GT-AllYear,35.30876,-81.17531,557
GT-AllYear,35.30859,-81.17538,558
GT-AllYear,35.30825,-81.17552,559
GT-AllYear,35.30798,-81.17564,560
GT-AllYear,35.30807,-81.17599,561
GT-AllYear,35.30812,-81.17621,562
GT-AllYear,35.30812,-81.17624,563
GT-AllYear,35.30817,-81.17642,564
GT-AllYear,35.30817,-81.17645,565
GT-AllYear,35.30822,-81.17666,566
GT-AllYear,35.30827,-81.17684,567
GT-AllYear,35.30832,-81.17705,568
GT-AllYear,35.30815,-81.17712,569
GT-AllYear,35.30801,-81.17717,570
GT-AllYear,35.30783,-81.17724,571
GT-AllYear,35.30775,-81.17727,572
GT-AllYear,35.30756,-81.17735,573
GT-AllYear,35.30751,-81.17737,574
GT-AllYear,35.30728,-81.17747,575
GT-AllYear,35.30662,-81.17776,576
GT-AllYear,35.30631,-81.17789,577
GT-AllYear,35.30608,-81.17799,578
GT-AllYear,35.30563,-81.17819,579
GT-AllYear,35.3054,-81.17829,580
GT-AllYear,35.30512,-81.1784,581
GT-AllYear,35.30497,-81.17847,582
GT-AllYear,35.30491,-81.1785,583
GT-AllYear,35.30462,-81.17861,584
GT-AllYear,35.30452,-81.17865,585
GT-AllYear,35.30418,-81.1788,586
GT-AllYear,35.30407,-81.17883,587
GT-AllYear,35.30362,-81.17897,588
GT-AllYear,35.30344,-81.17903,589
GT-AllYear,35.30332,-81.17906,590
GT-AllYear,35.30328,-81.17907,591
GT-AllYear,35.30293,-81.17915,592
GT-AllYear,35.3029,-81.17916,593
GT-AllYear,35.30275,-81.17918,594
GT-AllYear,35.30253,-81.17922,595
GT-AllYear,35.30238,-81.17925,596
GT-AllYear,35.30221,-81.17928,597
GT-AllYear,35.30167,-81.17936,598
GT-AllYear,35.30138,-81.17941,599
GT-AllYear,35.30113,-81.17945,600
GT-AllYear,35.30112,-81.17931,601
GT-AllYear,35.30112,-81.17922,602
GT-AllYear,35.30112,-81.17916,603
GT-AllYear,35.30115,-81.17902,604
GT-AllYear,35.30115,-81.17901,605
GT-AllYear,35.30116,-81.17899,606
GT-AllYear,35.30119,-81.17889,607
GT-AllYear,35.30125,-81.17875,608
GT-AllYear,35.30133,-81.17856,609
GT-AllYear,35.30139,-81.17846,610
GT-AllYear,35.30158,-81.17808,611
GT-AllYear,35.30159,-81.17806,612
GT-AllYear,35.30159,-81.17805,613
GT-AllYear,35.30167,-81.17789,614
GT-AllYear,35.30168,-81.17787,615
GT-AllYear,35.30169,-81.17787,616
GT-AllYear,35.30175,-81.17775,617
GT-AllYear,35.30177,-81.1777,618
GT-AllYear,35.30178,-81.17768,619
GT-AllYear,35.3018,-81.17762,620
GT-AllYear,35.30182,-81.17756,621
GT-AllYear,35.30184,-81.1775,622
GT-AllYear,35.30185,-81.17742,623
GT-AllYear,35.30186,-81.17735,624
GT-AllYear,35.30187,-81.1773,625
GT-AllYear,35.30187,-81.17729,626
GT-AllYear,35.30187,-81.17726,627
GT-AllYear,35.30187,-81.17723,628
GT-AllYear,35.30187,-81.17717,629
GT-AllYear,35.30186,-81.1771,630
GT-AllYear,35.30184,-81.17697,631
GT-AllYear,35.30184,-81.17692,632
GT-AllYear,35.30182,-81.17681,633
GT-AllYear,35.30176,-81.17657,634
GT-AllYear,35.30174,-81.17645,635
GT-AllYear,35.30171,-81.17635,636
GT-AllYear,35.30165,-81.1761,637
GT-AllYear,35.30165,-81.17609,638
GT-AllYear,35.30163,-81.17602,639
GT-AllYear,35.3016,-81.17588,640
GT-AllYear,35.30157,-81.17571,641
GT-AllYear,35.30156,-81.17566,642
GT-AllYear,35.30154,-81.17553,643
GT-AllYear,35.30153,-81.17546,644
GT-AllYear,35.30153,-81.17545,645
GT-AllYear,35.30151,-81.17533,646
GT-AllYear,35.30151,-81.17523,647
GT-AllYear,35.30151,-81.17521,648
GT-AllYear,35.30151,-81.17511,649
GT-AllYear,35.30151,-81.175,650
GT-AllYear,35.30152,-81.17457,651
GT-AllYear,35.30152,-81.17448,652
GT-AllYear,35.30153,-81.17436,653
GT-AllYear,35.30154,-81.17413,654
GT-AllYear,35.30154,-81.17412,655
GT-AllYear,35.30154,-81.17385,656
GT-AllYear,35.30155,-81.17383,657
GT-AllYear,35.30156,-81.17366,658
GT-AllYear,35.30158,-81.17343,659
GT-AllYear,35.3016,-81.17333,660
GT-AllYear,35.30162,-81.17317,661
GT-AllYear,35.30163,-81.17314,662
GT-AllYear,35.3017,-81.17271,663
GT-AllYear,35.30173,-81.17252,664
GT-AllYear,35.30179,-81.17211,665
GT-AllYear,35.30181,-81.17202,666
GT-AllYear,35.3019,-81.17151,667
GT-AllYear,35.30201,-81.17094,668
GT-AllYear,35.30213,-81.17023,669
GT-AllYear,35.30218,-81.16993,670
GT-AllYear,35.3022,-81.1698,671
GT-AllYear,35.30223,-81.16964,672
GT-AllYear,35.30225,-81.1695,673
GT-AllYear,35.30228,-81.16938,674
GT-AllYear,35.30231,-81.16918,675
GT-AllYear,35.30237,-81.16894,676
GT-AllYear,35.30239,-81.16886,677
GT-AllYear,35.3024,-81.16882,678
GT-AllYear,35.30241,-81.16879,679
GT-AllYear,35.3025,-81.16849,680
GT-AllYear,35.3025,-81.16848,681
GT-AllYear,35.30265,-81.16808,682
GT-AllYear,35.30278,-81.16817,683
GT-AllYear,35.3028,-81.16819,684
GT-AllYear,35.30278,-81.16817,685
GT-AllYear,35.30265,-81.16808,686
GT-AllYear,35.3028,-81.16771,687
GT-AllYear,35.3029,-81.16742,688
GT-AllYear,35.30295,-81.16727,689
GT-AllYear,35.30297,-81.16724,690
GT-AllYear,35.30301,-81.1671,691
GT-AllYear,35.30303,-81.16702,692
GT-AllYear,35.30304,-81.16697,693
GT-AllYear,35.30305,-81.16692,694
GT-AllYear,35.30306,-81.16687,695
GT-AllYear,35.30306,-81.16685,696
GT-AllYear,35.30307,-81.16677,697
GT-AllYear,35.30308,-81.16671,698
GT-AllYear,35.30308,-81.16665,699
GT-AllYear,35.30307,-81.16652,700
GT-AllYear,35.30307,-81.16647,701
GT-AllYear,35.30305,-81.16638,702
GT-AllYear,35.30303,-81.16627,703
GT-AllYear,35.30301,-81.16615,704
GT-AllYear,35.3029,-81.16573,705
GT-AllYear,35.30287,-81.16563,706
GT-AllYear,35.30277,-81.16526,707
GT-AllYear,35.30276,-81.16522,708
GT-AllYear,35.30275,-81.16517,709
GT-AllYear,35.3027,-81.16497,710
GT-AllYear,35.30265,-81.16482,711
GT-AllYear,35.3026,-81.16467,712
GT-AllYear,35.30255,-81.16457,713
GT-AllYear,35.30248,-81.16445,714
GT-AllYear,35.3024,-81.16436,715
GT-AllYear,35.3023,-81.16427,716
GT-AllYear,35.30223,-81.16422,717
GT-AllYear,35.30218,-81.16419,718
GT-AllYear,35.30211,-81.16415,719
GT-AllYear,35.30196,-81.16408,720
GT-AllYear,35.30182,-81.16402,721
GT-AllYear,35.30179,-81.16401,722
GT-AllYear,35.30165,-81.16397,723
GT-AllYear,35.30161,-81.16396,724
GT-AllYear,35.3016,-81.16396,725
GT-AllYear,35.30155,-81.16395,726
GT-AllYear,35.30146,-81.16395,727
GT-AllYear,35.30129,-81.16395,728
GT-AllYear,35.30114,-81.16397,729
GT-AllYear,35.30104,-81.16399,730
GT-AllYear,35.30091,-81.16403,731
GT-AllYear,35.30076,-81.16408,732
GT-AllYear,35.30074,-81.16408,733
GT-AllYear,35.3004,-81.1642,734
GT-AllYear,35.3002,-81.16425,735
GT-AllYear,35.30013,-81.16427,736
GT-AllYear,35.30006,-81.16428,737
GT-AllYear,35.30005,-81.16428,738
GT-AllYear,35.30002,-81.16428,739
GT-AllYear,35.29999,-81.16428,740
GT-AllYear,35.29994,-81.16428,741
GT-AllYear,35.29988,-81.16426,742
GT-AllYear,35.29984,-81.16425,743
GT-AllYear,35.2998,-81.16422,744
GT-AllYear,35.29975,-81.16419,745
GT-AllYear,35.29972,-81.16415,746
GT-AllYear,35.29968,-81.16409,747
GT-AllYear,35.29965,-81.16403,748
GT-AllYear,35.29964,-81.164,749
GT-AllYear,35.29963,-81.16397,750
GT-AllYear,35.29963,-81.16396,751
GT-AllYear,35.29963,-81.16393,752
GT-AllYear,35.29963,-81.16391,753
GT-AllYear,35.29963,-81.16387,754
GT-AllYear,35.29964,-81.16382,755
GT-AllYear,35.29965,-81.16377,756
GT-AllYear,35.29968,-81.16372,757
GT-AllYear,35.29974,-81.16362,758
GT-AllYear,35.29982,-81.16352,759
GT-AllYear,35.29989,-81.16342,760
GT-AllYear,35.29996,-81.16332,761
GT-AllYear,35.30014,-81.16306,762
GT-AllYear,35.30024,-81.16292,763
GT-AllYear,35.30036,-81.16275,764
GT-AllYear,35.30038,-81.16272,765
GT-AllYear,35.30058,-81.16241,766
GT-AllYear,35.30059,-81.16241,767
GT-AllYear,35.30061,-81.16238,768
GT-AllYear,35.30074,-81.16217,769
GT-AllYear,35.30087,-81.16198,770
GT-AllYear,35.30096,-81.1618,771
GT-AllYear,35.30101,-81.1617,772
GT-AllYear,35.30106,-81.16159,773
GT-AllYear,35.30109,-81.1615,774
GT-AllYear,35.30111,-81.16147,775
GT-AllYear,35.30113,-81.16141,776
GT-AllYear,35.30116,-81.1613,777
GT-AllYear,35.30117,-81.16128,778
GT-AllYear,35.30117,-81.16126,779
GT-AllYear,35.30123,-81.1611,780
GT-AllYear,35.30124,-81.16106,781
GT-AllYear,35.30128,-81.16089,782
GT-AllYear,35.30129,-81.16087,783
GT-AllYear,35.30132,-81.16072,784
GT-AllYear,35.30133,-81.16068,785
GT-AllYear,35.30133,-81.16067,786
GT-AllYear,35.30134,-81.16064,787
GT-AllYear,35.30137,-81.1605,788
GT-AllYear,35.30138,-81.16046,789
GT-AllYear,35.30142,-81.1602,790
GT-AllYear,35.30143,-81.16007,791
GT-AllYear,35.30145,-81.15985,792
GT-AllYear,35.30146,-81.15981,793
GT-AllYear,35.30146,-81.15961,794
GT-AllYear,35.30145,-81.15947,795
GT-AllYear,35.30144,-81.15941,796
GT-AllYear,35.30144,-81.15934,797
GT-AllYear,35.30141,-81.15919,798
GT-AllYear,35.30109,-81.15931,799
GT-AllYear,35.30073,-81.15944,800
GT-AllYear,35.30063,-81.15947,801
GT-AllYear,35.30054,-81.1595,802
GT-AllYear,35.30042,-81.15953,803
GT-AllYear,35.30038,-81.15954,804
GT-AllYear,35.30032,-81.15955,805
GT-AllYear,35.3002,-81.15957,806
GT-AllYear,35.30009,-81.15959,807
GT-AllYear,35.30003,-81.15959,808
GT-AllYear,35.29999,-81.15959,809
GT-AllYear,35.29989,-81.1596,810
GT-AllYear,35.29975,-81.1596,811
GT-AllYear,35.29967,-81.15959,812
GT-AllYear,35.29942,-81.15956,813
GT-AllYear,35.29909,-81.15954,814
GT-AllYear,35.29898,-81.15953,815
GT-AllYear,35.29877,-81.15951,816
GT-AllYear,35.29875,-81.15973,817
GT-AllYear,35.29875,-81.15978,818
GT-AllYear,35.2987,-81.16025,819
GT-AllYear,35.2987,-81.16026,820
GT-AllYear,35.29869,-81.16028,821
GT-AllYear,35.29868,-81.16029,822
GT-AllYear,35.29867,-81.16029,823
GT-AllYear,35.29866,-81.1603,824
GT-AllYear,35.29865,-81.1603,825
GT-AllYear,35.29864,-81.16031,826
GT-AllYear,35.29857,-81.1603,827
GT-AllYear,35.29839,-81.16029,828
GT-AllYear,35.29825,-81.16027,829
GT-AllYear,35.29822,-81.16027,830
GT-AllYear,35.29805,-81.16025,831
GT-AllYear,35.29804,-81.16025,832
GT-AllYear,35.29793,-81.16024,833
GT-AllYear,35.29786,-81.16023,834
GT-AllYear,35.29768,-81.16022,835
GT-AllYear,35.29761,-81.16022,836
GT-AllYear,35.29759,-81.16021,837
GT-AllYear,35.29758,-81.16021,838
GT-AllYear,35.29757,-81.16021,839
GT-AllYear,35.29756,-81.1602,840
GT-AllYear,35.29755,-81.1602,841
GT-AllYear,35.29755,-81.16019,842
GT-AllYear,35.29754,-81.16017,843
GT-AllYear,35.29753,-81.16016,844
GT-AllYear,35.29753,-81.16014,845
GT-AllYear,35.29756,-81.15981,846
GT-AllYear,35.29759,-81.15937,847
GT-AllYear,35.29745,-81.15935,848
GT-AllYear,35.2972,-81.15933,849
GT-AllYear,35.29678,-81.15933,850
GT-AllYear,35.2965,-81.15934,851
GT-AllYear,35.29599,-81.15936,852
GT-AllYear,35.29562,-81.15937,853
GT-AllYear,35.29535,-81.15938,854
GT-AllYear,35.29506,-81.15937,855
GT-AllYear,35.29487,-81.15936,856
GT-AllYear,35.29464,-81.15934,857
GT-AllYear,35.29444,-81.15931,858
GT-AllYear,35.29428,-81.15929,859
GT-AllYear,35.29399,-81.15924,860
GT-AllYear,35.29373,-81.1592,861
GT-AllYear,35.29346,-81.15915,862
GT-AllYear,35.2934,-81.15914,863
GT-AllYear,35.29328,-81.15912,864
GT-AllYear,35.29311,-81.15909,865
GT-AllYear,35.29279,-81.15903,866
GT-AllYear,35.29259,-81.15897,867
GT-AllYear,35.29248,-81.15893,868
GT-AllYear,35.29242,-81.15891,869
GT-AllYear,35.29239,-81.15889,870
GT-AllYear,35.29229,-81.15884,871
GT-AllYear,35.29222,-81.1588,872
GT-AllYear,35.29211,-81.15874,873
GT-AllYear,35.29203,-81.15869,874
GT-AllYear,35.2919,-81.15859,875
GT-AllYear,35.29177,-81.15848,876
GT-AllYear,35.29168,-81.1584,877
GT-AllYear,35.29146,-81.15817,878
GT-AllYear,35.29139,-81.15831,879
GT-AllYear,35.29137,-81.15833,880
GT-AllYear,35.29134,-81.1584,881
GT-AllYear,35.2913,-81.1585,882
GT-AllYear,35.29129,-81.15853,883
GT-AllYear,35.29127,-81.1586,884
GT-AllYear,35.29125,-81.15869,885
GT-AllYear,35.29122,-81.15881,886
GT-AllYear,35.2912,-81.15896,887
GT-AllYear,35.29118,-81.15925,888
GT-AllYear,35.29116,-81.15952,889
GT-AllYear,35.29116,-81.15953,890
GT-AllYear,35.29115,-81.15976,891
GT-AllYear,35.29113,-81.16008,892
GT-AllYear,35.29111,-81.16042,893
GT-AllYear,35.29111,-81.16049,894
GT-AllYear,35.2911,-81.16071,895
GT-AllYear,35.29109,-81.16078,896
GT-AllYear,35.29109,-81.16087,897
GT-AllYear,35.29108,-81.16091,898
GT-AllYear,35.29108,-81.16093,899
GT-AllYear,35.29107,-81.16103,900
GT-AllYear,35.29105,-81.16112,901
GT-AllYear,35.29104,-81.16121,902
GT-AllYear,35.291,-81.16135,903
GT-AllYear,35.291,-81.16136,904
GT-AllYear,35.29097,-81.16145,905
GT-AllYear,35.29095,-81.16151,906
GT-AllYear,35.29093,-81.16157,907
GT-AllYear,35.29088,-81.16171,908
GT-AllYear,35.29086,-81.16177,909
GT-AllYear,35.29081,-81.16191,910
GT-AllYear,35.29075,-81.16212,911
GT-AllYear,35.29068,-81.16232,912
GT-AllYear,35.29061,-81.16253,913
GT-AllYear,35.29056,-81.16269,914
GT-AllYear,35.29052,-81.16281,915
GT-AllYear,35.29043,-81.16306,916
GT-AllYear,35.29036,-81.16321,917
GT-AllYear,35.29036,-81.16322,918
GT-AllYear,35.29029,-81.16335,919
GT-AllYear,35.29027,-81.16339,920
GT-AllYear,35.29024,-81.16345,921
GT-AllYear,35.29019,-81.16354,922
GT-AllYear,35.29011,-81.16367,923
GT-AllYear,35.29007,-81.16373,924
GT-AllYear,35.29006,-81.16375,925
GT-AllYear,35.29003,-81.16378,926
GT-AllYear,35.28999,-81.16384,927
GT-AllYear,35.28992,-81.16391,928
GT-AllYear,35.28986,-81.16397,929
GT-AllYear,35.28984,-81.16399,930
GT-AllYear,35.28981,-81.16403,931
GT-AllYear,35.28979,-81.16404,932
GT-AllYear,35.28975,-81.16408,933
GT-AllYear,35.28968,-81.16413,934
GT-AllYear,35.2896,-81.16417,935
GT-AllYear,35.28953,-81.16421,936
GT-AllYear,35.28948,-81.16423,937
GT-AllYear,35.28942,-81.16426,938
GT-AllYear,35.28923,-81.16432,939
GT-AllYear,35.28881,-81.16441,940
GT-AllYear,35.28848,-81.16447,941
GT-AllYear,35.28828,-81.16451,942
GT-AllYear,35.28813,-81.16454,943
GT-AllYear,35.28795,-81.16457,944
GT-AllYear,35.2876,-81.16464,945
GT-AllYear,35.28724,-81.16471,946
GT-AllYear,35.28704,-81.16474,947
GT-AllYear,35.28683,-81.16479,948
GT-AllYear,35.28674,-81.16481,949
GT-AllYear,35.28671,-81.16482,950
GT-AllYear,35.2867,-81.16482,951
GT-AllYear,35.28666,-81.16483,952
GT-AllYear,35.28657,-81.16487,953
GT-AllYear,35.28654,-81.16488,954
GT-AllYear,35.28651,-81.16489,955
GT-AllYear,35.28646,-81.16492,956
GT-AllYear,35.2864,-81.16495,957
GT-AllYear,35.28632,-81.16499,958
GT-AllYear,35.28624,-81.16504,959
GT-AllYear,35.28615,-81.1651,960
GT-AllYear,35.28607,-81.16515,961
GT-AllYear,35.28592,-81.16527,962
GT-AllYear,35.28575,-81.16539,963
GT-AllYear,35.28564,-81.16547,964
GT-AllYear,35.28555,-81.16553,965
GT-AllYear,35.28547,-81.16557,966
GT-AllYear,35.28541,-81.16561,967
GT-AllYear,35.28533,-81.16564,968
GT-AllYear,35.28523,-81.16567,969
GT-AllYear,35.2851,-81.16571,970
GT-AllYear,35.28502,-81.16571,971
GT-AllYear,35.28494,-81.16572,972
GT-AllYear,35.28486,-81.16572,973
GT-AllYear,35.28485,-81.16572,974
GT-AllYear,35.28477,-81.16571,975
GT-AllYear,35.28462,-81.16569,976
GT-AllYear,35.28452,-81.16567,977
GT-AllYear,35.28444,-81.16566,978
GT-AllYear,35.28433,-81.16563,979
GT-AllYear,35.28414,-81.1656,980
GT-AllYear,35.28399,-81.16557,981
GT-AllYear,35.28378,-81.16552,982
GT-AllYear,35.28367,-81.1655,983
GT-AllYear,35.28345,-81.16547,984
GT-AllYear,35.28327,-81.16544,985
GT-AllYear,35.28276,-81.1654,986
GT-AllYear,35.28248,-81.16538,987
GT-AllYear,35.28198,-81.16534,988
GT-AllYear,35.28167,-81.16534,989
GT-AllYear,35.28153,-81.16534,990
GT-AllYear,35.28122,-81.16536,991
GT-AllYear,35.28039,-81.16543,992
GT-AllYear,35.2803,-81.16478,993
GT-AllYear,35.28027,-81.16456,994
GT-AllYear,35.2802,-81.16401,995
GT-AllYear,35.28012,-81.16336,996
GT-AllYear,35.28005,-81.1628,997
GT-AllYear,35.27965,-81.16288,998
GT-AllYear,35.27952,-81.1629,999
GT-AllYear,35.27936,-81.16291,1000
GT-AllYear,35.27934,-81.16291,1001
GT-AllYear,35.27916,-81.16289,1002
GT-AllYear,35.27907,-81.16288,1003
GT-AllYear,35.27819,-81.16278,1004
GT-AllYear,35.27815,-81.16277,1005
GT-AllYear,35.27819,-81.16278,1006
GT-AllYear,35.27907,-81.16288,1007
GT-AllYear,35.27916,-81.16289,1008
GT-AllYear,35.27934,-81.16291,1009
GT-AllYear,35.27936,-81.16291,1010
GT-AllYear,35.27952,-81.1629,1011
GT-AllYear,35.27965,-81.16288,1012
GT-AllYear,35.28005,-81.1628,1013
GT-AllYear,35.28012,-81.16336,1014
GT-AllYear,35.2802,-81.16401,1015
GT-AllYear,35.28027,-81.16456,1016
GT-AllYear,35.2803,-81.16478,1017
GT-AllYear,35.28039,-81.16543,1018
GT-AllYear,35.27977,-81.16549,1019
GT-AllYear,35.27972,-81.1655,1020
GT-AllYear,35.27961,-81.1655,1021
GT-AllYear,35.2795,-81.16551,1022
GT-AllYear,35.27942,-81.16553,1023
GT-AllYear,35.27939,-81.16553,1024
GT-AllYear,35.27927,-81.16556,1025
GT-AllYear,35.27913,-81.16559,1026
GT-AllYear,35.27898,-81.16564,1027
GT-AllYear,35.27883,-81.16571,1028
GT-AllYear,35.27863,-81.16579,1029
GT-AllYear,35.27834,-81.16594,1030
GT-AllYear,35.27809,-81.16607,1031
GT-AllYear,35.27799,-81.16613,1032
GT-AllYear,35.27797,-81.16614,1033
GT-AllYear,35.27793,-81.16616,1034
GT-AllYear,35.27764,-81.16632,1035
GT-AllYear,35.27744,-81.16643,1036
GT-AllYear,35.27728,-81.16651,1037
GT-AllYear,35.27717,-81.16656,1038
GT-AllYear,35.27703,-81.16661,1039
GT-AllYear,35.27691,-81.16665,1040
GT-AllYear,35.2767,-81.16669,1041
GT-AllYear,35.27646,-81.16672,1042
GT-AllYear,35.27626,-81.16672,1043
GT-AllYear,35.27625,-81.16672,1044
GT-AllYear,35.27611,-81.16671,1045
GT-AllYear,35.27602,-81.16669,1046
GT-AllYear,35.27597,-81.16669,1047
GT-AllYear,35.27596,-81.16668,1048
GT-AllYear,35.27581,-81.16666,1049
GT-AllYear,35.2757,-81.16662,1050
GT-AllYear,35.27566,-81.16661,1051
GT-AllYear,35.27562,-81.1666,1052
GT-AllYear,35.27549,-81.16656,1053
GT-AllYear,35.2752,-81.16645,1054
GT-AllYear,35.27514,-81.16643,1055
GT-AllYear,35.2751,-81.16641,1056
GT-AllYear,35.27492,-81.16635,1057
GT-AllYear,35.27464,-81.16625,1058
GT-AllYear,35.27458,-81.16623,1059
GT-AllYear,35.27444,-81.16619,1060
GT-AllYear,35.27434,-81.16617,1061
GT-AllYear,35.27424,-81.16615,1062
GT-AllYear,35.27417,-81.16615,1063
GT-AllYear,35.27411,-81.16615,1064
GT-AllYear,35.27395,-81.16617,1065
GT-AllYear,35.27378,-81.1662,1066
GT-AllYear,35.27362,-81.16624,1067
GT-AllYear,35.2736,-81.16625,1068
GT-AllYear,35.27348,-81.16629,1069
GT-AllYear,35.27335,-81.16633,1070
GT-AllYear,35.27331,-81.16633,1071
GT-AllYear,35.27323,-81.16635,1072
GT-AllYear,35.27312,-81.16637,1073
GT-AllYear,35.27305,-81.16638,1074
GT-AllYear,35.2729,-81.16638,1075
GT-AllYear,35.27269,-81.16637,1076
GT-AllYear,35.27223,-81.16638,1077
GT-AllYear,35.27203,-81.16638,1078
GT-AllYear,35.27201,-81.16638,1079
GT-AllYear,35.27192,-81.16638,1080
GT-AllYear,35.27183,-81.16638,1081
GT-AllYear,35.27156,-81.16638,1082
GT-AllYear,35.27154,-81.16638,1083
GT-AllYear,35.27117,-81.16638,1084
GT-AllYear,35.271,-81.16638,1085
GT-AllYear,35.27065,-81.16638,1086
GT-AllYear,35.27047,-81.16638,1087
GT-AllYear,35.27045,-81.16638,1088
GT-AllYear,35.27011,-81.16638,1089
GT-AllYear,35.27005,-81.16638,1090
GT-AllYear,35.26992,-81.16638,1091
GT-AllYear,35.2696,-81.16638,1092
GT-AllYear,35.26917,-81.16639,1093
GT-AllYear,35.26897,-81.16639,1094
GT-AllYear,35.26882,-81.1664,1095
GT-AllYear,35.26861,-81.16642,1096
GT-AllYear,35.26855,-81.16643,1097
GT-AllYear,35.26841,-81.16644,1098
GT-AllYear,35.26835,-81.16645,1099
GT-AllYear,35.2682,-81.16646,1100
GT-AllYear,35.2679,-81.16652,1101
GT-AllYear,35.26743,-81.1666,1102
GT-AllYear,35.26725,-81.16678,1103
GT-AllYear,35.26712,-81.16693,1104
GT-AllYear,35.26663,-81.16745,1105
GT-AllYear,35.26635,-81.16776,1106
GT-AllYear,35.26623,-81.16789,1107
GT-AllYear,35.26587,-81.16835,1108
GT-AllYear,35.2657,-81.16862,1109
GT-AllYear,35.26556,-81.16883,1110
GT-AllYear,35.26551,-81.16893,1111
GT-AllYear,35.2654,-81.16915,1112
GT-AllYear,35.26529,-81.16937,1113
GT-AllYear,35.2652,-81.16959,1114
GT-AllYear,35.26508,-81.1699,1115
GT-AllYear,35.26507,-81.16992,1116
GT-AllYear,35.26501,-81.1701,1117
GT-AllYear,35.2649,-81.17046,1118
GT-AllYear,35.26482,-81.17076,1119
GT-AllYear,35.26476,-81.17102,1120
GT-AllYear,35.26474,-81.17115,1121
GT-AllYear,35.26472,-81.17127,1122
GT-AllYear,35.2647,-81.17146,1123
GT-AllYear,35.26466,-81.1718,1124
GT-AllYear,35.26465,-81.17182,1125
GT-AllYear,35.26464,-81.17204,1126
GT-AllYear,35.26463,-81.17227,1127
GT-AllYear,35.26463,-81.17246,1128
GT-AllYear,35.26462,-81.17258,1129
GT-AllYear,35.26463,-81.17289,1130
GT-AllYear,35.26464,-81.17301,1131
GT-AllYear,35.26465,-81.17316,1132
GT-AllYear,35.26467,-81.17328,1133
GT-AllYear,35.26467,-81.17334,1134
GT-AllYear,35.2647,-81.17351,1135
GT-AllYear,35.26474,-81.17381,1136
GT-AllYear,35.26475,-81.17388,1137
GT-AllYear,35.26483,-81.17424,1138
GT-AllYear,35.26491,-81.17461,1139
GT-AllYear,35.26496,-81.17482,1140
GT-AllYear,35.2651,-81.17541,1141
GT-AllYear,35.26515,-81.17559,1142
GT-AllYear,35.2653,-81.17621,1143
GT-AllYear,35.26533,-81.17635,1144
GT-AllYear,35.26541,-81.17667,1145
GT-AllYear,35.26544,-81.1768,1146
GT-AllYear,35.26548,-81.17696,1147
GT-AllYear,35.26551,-81.17707,1148
GT-AllYear,35.26555,-81.17725,1149
GT-AllYear,35.26561,-81.17753,1150
GT-AllYear,35.26564,-81.17768,1151
GT-AllYear,35.26507,-81.1778,1152
GT-AllYear,35.26493,-81.17783,1153
GT-AllYear,35.26486,-81.17784,1154
GT-AllYear,35.26465,-81.17788,1155
GT-AllYear,35.26435,-81.17793,1156
GT-AllYear,35.2639,-81.17803,1157
GT-AllYear,35.26387,-81.17808,1158
GT-AllYear,35.26386,-81.1782,1159
GT-AllYear,35.26384,-81.1784,1160
GT-AllYear,35.26384,-81.17842,1161
GT-AllYear,35.26383,-81.17875,1162
GT-AllYear,35.26382,-81.17895,1163
GT-AllYear,35.2638,-81.18007,1164
GT-AllYear,35.26426,-81.18005,1165
BC,35.2643,-81.1801,0
BC,35.2638,-81.18007,1
BC,35.2638,-81.18028,2
BC,35.2638,-81.18058,3
BC,35.2638,-81.18091,4
BC,35.2638,-81.18095,5
BC,35.26379,-81.18122,6
BC,35.26379,-81.18195,7
BC,35.26423,-81.18196,8
BC,35.26446,-81.18196,9
BC,35.26467,-81.18196,10
BC,35.26497,-81.18197,11
BC,35.2654,-81.18196,12
BC,35.26547,-81.18191,13
BC,35.26545,-81.18203,14
BC,35.2654,-81.18244,15
BC,35.26538,-81.18261,16
BC,35.26535,-81.18283,17
BC,35.2653,-81.18331,18
BC,35.26521,-81.18413,19
BC,35.26519,-81.18427,20
BC,35.26517,-81.18454,21
BC,35.26515,-81.18505,22
BC,35.26515,-81.18507,23
BC,35.26516,-81.1857,24
BC,35.26516,-81.1863,25
BC,35.26516,-81.18668,26
BC,35.26516,-81.18673,27
BC,35.26516,-81.18727,28
BC,35.26516,-81.18789,29
BC,35.26516,-81.18834,30
BC,35.26516,-81.18844,31
BC,35.26515,-81.189,32
BC,35.26515,-81.18914,33
BC,35.26515,-81.18957,34
BC,35.26515,-81.1899,35
BC,35.26518,-81.19048,36
BC,35.2652,-81.19085,37
BC,35.26526,-81.19169,38
BC,35.26527,-81.19191,39
BC,35.2653,-81.19232,40
BC,35.26534,-81.19275,41
BC,35.26535,-81.19299,42
BC,35.26541,-81.19377,43
BC,35.26542,-81.19392,44
BC,35.26542,-81.19402,45
BC,35.26544,-81.1943,46
BC,35.26546,-81.19473,47
BC,35.26548,-81.19524,48
BC,35.26549,-81.19559,49
BC,35.26551,-81.19594,50
BC,35.26551,-81.19608,51
BC,35.26551,-81.19619,52
BC,35.26551,-81.19628,53
BC,35.26551,-81.19634,54
BC,35.2655,-81.1964,55
BC,35.2655,-81.19644,56
BC,35.2655,-81.19647,57
BC,35.26549,-81.19652,58
BC,35.26548,-81.19659,59
BC,35.26547,-81.19666,60
BC,35.26545,-81.19673,61
BC,35.26541,-81.19687,62
BC,35.26531,-81.1972,63
BC,35.26526,-81.19733,64
BC,35.26525,-81.19737,65
BC,35.26518,-81.19762,66
BC,35.26511,-81.19783,67
BC,35.26502,-81.19813,68
BC,35.26482,-81.19878,69
BC,35.26477,-81.19896,70
BC,35.26469,-81.1992,71
BC,35.26464,-81.19937,72
BC,35.26452,-81.19978,73
BC,35.2645,-81.19981,74
BC,35.26442,-81.20015,75
BC,35.26432,-81.2005,76
BC,35.26429,-81.20066,77
BC,35.26423,-81.20089,78
BC,35.26414,-81.20126,79
BC,35.26409,-81.20149,80
BC,35.26407,-81.20155,81
BC,35.26402,-81.20176,82
BC,35.26387,-81.20239,83
BC,35.26384,-81.2025,84
BC,35.26379,-81.20271,85
BC,35.2637,-81.20307,86
BC,35.2636,-81.20349,87
BC,35.26353,-81.20377,88
BC,35.2635,-81.20389,89
BC,35.26341,-81.20422,90
BC,35.26334,-81.20455,91
BC,35.2633,-81.2047,92
BC,35.26317,-81.20507,93
BC,35.26312,-81.20519,94
BC,35.26297,-81.20547,95
BC,35.26285,-81.20569,96
BC,35.26286,-81.20573,97
BC,35.26286,-81.20578,98
BC,35.26286,-81.20583,99
BC,35.26286,-81.20586,100
BC,35.26285,-81.20591,101
BC,35.26284,-81.20594,102
BC,35.26282,-81.20604,103
BC,35.26278,-81.20615,104
BC,35.26269,-81.20644,105
BC,35.26265,-81.20658,106
BC,35.26262,-81.20664,107
BC,35.26261,-81.20668,108
BC,35.26258,-81.20678,109
BC,35.26258,-81.20679,110
BC,35.26255,-81.2069,111
BC,35.26253,-81.20699,112
BC,35.26252,-81.20707,113
BC,35.26252,-81.2071,114
BC,35.2625,-81.20718,115
BC,35.2625,-81.20727,116
BC,35.2625,-81.20728,117
BC,35.2625,-81.20736,118
BC,35.2625,-81.20745,119
BC,35.2625,-81.2075,120
BC,35.26251,-81.20755,121
BC,35.26252,-81.20765,122
BC,35.26256,-81.20786,123
BC,35.2626,-81.20799,124
BC,35.26265,-81.20813,125
BC,35.26266,-81.20814,126
BC,35.2627,-81.20823,127
BC,35.26275,-81.20834,128
BC,35.2628,-81.20844,129
BC,35.26283,-81.20849,130
BC,35.26285,-81.20854,131
BC,35.26289,-81.20859,132
BC,35.26296,-81.20869,133
BC,35.26303,-81.20877,134
BC,35.2632,-81.20895,135
BC,35.26339,-81.20916,136
BC,35.26359,-81.20939,137
BC,35.26424,-81.21018,138
BC,35.26477,-81.21082,139
BC,35.26542,-81.21161,140
BC,35.26545,-81.21165,141
BC,35.26553,-81.21175,142
BC,35.26557,-81.21179,143
BC,35.26559,-81.21183,144
BC,35.26563,-81.2119,145
BC,35.26568,-81.21199,146
BC,35.26579,-81.2122,147
BC,35.26572,-81.21228,148
BC,35.2657,-81.2123,149
BC,35.26568,-81.21233,150
BC,35.2656,-81.21245,151
BC,35.26568,-81.21253,152
BC,35.26601,-81.21293,153
BC,35.26631,-81.2133,154
BC,35.26634,-81.21334,155
BC,35.26689,-81.21401,156
BC,35.26694,-81.21408,157
BC,35.26736,-81.21459,158
BC,35.26796,-81.21532,159
BC,35.26844,-81.21591,160
BC,35.26847,-81.21595,161
BC,35.26859,-81.21611,162
BC,35.26868,-81.21621,163
BC,35.2687,-81.21625,164
BC,35.26911,-81.21674,165
BC,35.26921,-81.21687,166
BC,35.26927,-81.21697,167
BC,35.26932,-81.21706,168
BC,35.26935,-81.21713,169
BC,35.26935,-81.21715,170
BC,35.26937,-81.21721,171
BC,35.26939,-81.21734,172
BC,35.26941,-81.21744,173
BC,35.26942,-81.21753,174
BC,35.26942,-81.21757,175
BC,35.26942,-81.21771,176
BC,35.26941,-81.21793,177
BC,35.2694,-81.21823,178
BC,35.2694,-81.21824,179
BC,35.26939,-81.21836,180
BC,35.26935,-81.21893,181
BC,35.26933,-81.21938,182
BC,35.26933,-81.21955,183
BC,35.26933,-81.21969,184
BC,35.26934,-81.21977,185
BC,35.26936,-81.21992,186
BC,35.2694,-81.22008,187
BC,35.26946,-81.22033,188
BC,35.2695,-81.22047,189
BC,35.26958,-81.22066,190
BC,35.26968,-81.22086,191
BC,35.26976,-81.22097,192
BC,35.26981,-81.22105,193
BC,35.26982,-81.22106,194
BC,35.26996,-81.22128,195
BC,35.27012,-81.22153,196
BC,35.27015,-81.22158,197
BC,35.27024,-81.22172,198
BC,35.27032,-81.22186,199
BC,35.27035,-81.22193,200
BC,35.27038,-81.22199,201
BC,35.27039,-81.22206,202
BC,35.2704,-81.22213,203
BC,35.2704,-81.22218,204
BC,35.2704,-81.22224,205
BC,35.2704,-81.22229,206
BC,35.27038,-81.22238,207
BC,35.27036,-81.22248,208
BC,35.27073,-81.2226,209
BC,35.27088,-81.22266,210
BC,35.2709,-81.22266,211
BC,35.27096,-81.22268,212
BC,35.27103,-81.22271,213
BC,35.27112,-81.22274,214
BC,35.27115,-81.22276,215
BC,35.27118,-81.22277,216
BC,35.27122,-81.22279,217
BC,35.27126,-81.22281,218
BC,35.27134,-81.22285,219
BC,35.27142,-81.22289,220
BC,35.27146,-81.22291,221
BC,35.27149,-81.22293,222
BC,35.2716,-81.22299,223
BC,35.27165,-81.22302,224
BC,35.27169,-81.22305,225
BC,35.27185,-81.22317,226
BC,35.27191,-81.22322,227
BC,35.27201,-81.22329,228
BC,35.2721,-81.22336,229
BC,35.27218,-81.22342,230
BC,35.2723,-81.22353,231
BC,35.27243,-81.22364,232
BC,35.27255,-81.22376,233
BC,35.27267,-81.22389,234
BC,35.27272,-81.22394,235
BC,35.27277,-81.22401,236
BC,35.27288,-81.22414,237
BC,35.27307,-81.22437,238
BC,35.27308,-81.22438,239
BC,35.27316,-81.22449,240
BC,35.27325,-81.22462,241
BC,35.27328,-81.22466,242
BC,35.27333,-81.22473,243
BC,35.27339,-81.22483,244
BC,35.2734,-81.22484,245
BC,35.27359,-81.22514,246
BC,35.27377,-81.22544,247
BC,35.27385,-81.22557,248
BC,35.27388,-81.22562,249
BC,35.274,-81.22582,250
BC,35.27405,-81.22589,251
BC,35.2741,-81.22597,252
BC,35.27415,-81.22605,253
BC,35.27432,-81.22632,254
BC,35.27461,-81.22678,255
BC,35.27494,-81.22728,256
BC,35.27521,-81.22771,257
BC,35.27535,-81.22794,258
BC,35.27547,-81.22813,259
BC,35.2755,-81.22818,260
BC,35.27558,-81.22821,261
BC,35.27574,-81.22846,262
BC,35.27593,-81.22876,263
BC,35.27599,-81.22884,264
BC,35.27631,-81.2294,265
BC,35.27665,-81.22995,266
BC,35.27685,-81.23027,267
BC,35.2771,-81.23064,268
BC,35.27753,-81.2313,269
BC,35.27759,-81.2314,270
BC,35.2778,-81.23172,271
BC,35.27818,-81.23237,272
BC,35.27829,-81.23256,273
BC,35.27836,-81.23268,274
BC,35.27846,-81.23284,275
BC,35.27874,-81.23331,276
BC,35.27884,-81.2335,277
BC,35.27889,-81.23364,278
BC,35.27905,-81.2339,279
BC,35.2791,-81.23398,280
BC,35.27919,-81.23412,281
BC,35.27925,-81.2342,282
BC,35.27931,-81.2343,283
BC,35.27957,-81.23472,284
BC,35.27965,-81.23483,285
BC,35.28001,-81.23541,286
BC,35.28015,-81.23563,287
BC,35.28042,-81.23605,288
BC,35.28056,-81.23629,289
BC,35.28108,-81.23711,290
BC,35.28123,-81.23736,291
BC,35.28133,-81.23751,292
BC,35.28162,-81.23797,293
BC,35.28166,-81.23803,294
BC,35.28173,-81.23814,295
BC,35.2819,-81.23838,296
BC,35.28195,-81.23844,297
BC,35.28205,-81.23855,298
BC,35.28214,-81.23864,299
BC,35.28221,-81.23871,300
BC,35.28228,-81.23877,301
BC,35.28234,-81.23882,302
BC,35.28237,-81.23885,303
BC,35.28249,-81.23893,304
BC,35.2826,-81.239,305
BC,35.28275,-81.23909,306
BC,35.28279,-81.23911,307
BC,35.28285,-81.23914,308
BC,35.28299,-81.2392,309
BC,35.28313,-81.23924,310
BC,35.28324,-81.23928,311
BC,35.28331,-81.23929,312
BC,35.28336,-81.23931,313
BC,35.28348,-81.23933,314
BC,35.28356,-81.23934,315
BC,35.28392,-81.23939,316
BC,35.28402,-81.2394,317
BC,35.28408,-81.23941,318
BC,35.28414,-81.23942,319
BC,35.28425,-81.23945,320
BC,35.28446,-81.23951,321
BC,35.28464,-81.23955,322
BC,35.28483,-81.2396,323
BC,35.285,-81.23964,324
BC,35.28507,-81.23966,325
BC,35.28518,-81.2397,326
BC,35.2852,-81.23971,327
BC,35.28531,-81.23975,328
BC,35.28537,-81.23978,329
BC,35.28543,-81.23982,330
BC,35.28569,-81.24,331
BC,35.28571,-81.24001,332
BC,35.28584,-81.24013,333
BC,35.28596,-81.24025,334
BC,35.28604,-81.24033,335
BC,35.28613,-81.24043,336
BC,35.28614,-81.24044,337
BC,35.28635,-81.24072,338
BC,35.28641,-81.24081,339
BC,35.2865,-81.24093,340
BC,35.28656,-81.24102,341
BC,35.28671,-81.24124,342
BC,35.28686,-81.24146,343
BC,35.28693,-81.24157,344
BC,35.28694,-81.24158,345
BC,35.28701,-81.2417,346
BC,35.28709,-81.24186,347
BC,35.28711,-81.2419,348
BC,35.28725,-81.24217,349
BC,35.28728,-81.24224,350
BC,35.28738,-81.24247,351
BC,35.28746,-81.24265,352
BC,35.2875,-81.24272,353
BC,35.28752,-81.24278,354
BC,35.28765,-81.24314,355
BC,35.28766,-81.24318,356
BC,35.2878,-81.24367,357
BC,35.28784,-81.24381,358
BC,35.28789,-81.24397,359
BC,35.28798,-81.24444,360
BC,35.28808,-81.24441,361
BC,35.28798,-81.24444,362
BC,35.28806,-81.24486,363
BC,35.28823,-81.24579,364
BC,35.28831,-81.24624,365
BC,35.28832,-81.24628,366
BC,35.28833,-81.24636,367
BC,35.28836,-81.24653,368
BC,35.28837,-81.24655,369
BC,35.28846,-81.24696,370
BC,35.28855,-81.24743,371
BC,35.28859,-81.2476,372
BC,35.2888,-81.24858,373
BC,35.28882,-81.24872,374
BC,35.28884,-81.24888,375
BC,35.28886,-81.24903,376
BC,35.28886,-81.24914,377
BC,35.28887,-81.24923,378
BC,35.28887,-81.24932,379
BC,35.28887,-81.24941,380
BC,35.28887,-81.2496,381
BC,35.28886,-81.24977,382
BC,35.28884,-81.24994,383
BC,35.28882,-81.25011,384
BC,35.28879,-81.2503,385
BC,35.28872,-81.25067,386
BC,35.28866,-81.25099,387
BC,35.28862,-81.25122,388
BC,35.28859,-81.25143,389
BC,35.28855,-81.25167,390
BC,35.28853,-81.25177,391
BC,35.2885,-81.25189,392
BC,35.28847,-81.25197,393
BC,35.28845,-81.25205,394
BC,35.28837,-81.2523,395
BC,35.28829,-81.25251,396
BC,35.28815,-81.2529,397
BC,35.2881,-81.25304,398
BC,35.28797,-81.2534,399
BC,35.28788,-81.25369,400
BC,35.28782,-81.25391,401
BC,35.28779,-81.254,402
BC,35.28777,-81.2541,403
BC,35.28776,-81.25415,404
BC,35.28772,-81.2543,405
BC,35.2877,-81.25444,406
BC,35.28769,-81.25448,407
BC,35.28768,-81.25456,408
BC,35.28766,-81.25467,409
BC,35.28766,-81.2547,410
BC,35.28765,-81.25476,411
BC,35.28763,-81.25493,412
BC,35.28762,-81.25511,413
BC,35.28761,-81.25513,414
BC,35.2876,-81.25525,415
BC,35.28758,-81.25562,416
BC,35.28755,-81.25621,417
BC,35.28754,-81.25623,418
BC,35.28754,-81.25631,419
BC,35.2875,-81.25689,420
BC,35.28748,-81.2573,421
BC,35.28747,-81.25752,422
BC,35.28744,-81.2579,423
BC,35.28739,-81.25848,424
BC,35.28738,-81.25856,425
BC,35.28738,-81.25862,426
BC,35.28737,-81.25876,427
BC,35.28735,-81.25893,428
BC,35.28733,-81.25918,429
BC,35.28732,-81.25922,430
BC,35.28731,-81.25945,431
BC,35.28731,-81.25955,432
BC,35.28729,-81.25988,433
BC,35.28729,-81.26,434
BC,35.28731,-81.26026,435
BC,35.28731,-81.26032,436
BC,35.28731,-81.26041,437
BC,35.28732,-81.26051,438
BC,35.28732,-81.26056,439
BC,35.28733,-81.26064,440
BC,35.28734,-81.26072,441
BC,35.28739,-81.26088,442
BC,35.2874,-81.26101,443
BC,35.28744,-81.26128,444
BC,35.28761,-81.26128,445
BC,35.28762,-81.26128,446
BC,35.28763,-81.26128,447
BC,35.28778,-81.26127,448
BC,35.28788,-81.26127,449
BC,35.28798,-81.26127,450
BC,35.28817,-81.26126,451
BC,35.28833,-81.26124,452
BC,35.28834,-81.26123,453
BC,35.28836,-81.26122,454
BC,35.28837,-81.26119,455
BC,35.28838,-81.26119,456
BC,35.2884,-81.26115,457
BC,35.28841,-81.2611,458
BC,35.28842,-81.26103,459
BC,35.28842,-81.26093,460
BC,35.28844,-81.26087,461
BC,35.28845,-81.26087,462
BC,35.28847,-81.26082,463
BC,35.28851,-81.26076,464
BC,35.28853,-81.26075,465
BC,35.28859,-81.26073,466
BC,35.28861,-81.26072,467
BC,35.28863,-81.26072,468
BC,35.28865,-81.26072,469
BC,35.28869,-81.26073,470
BC,35.28873,-81.26076,471
BC,35.28875,-81.26078,472
BC,35.28877,-81.26082,473
BC,35.28879,-81.26085,474
BC,35.2888,-81.2609,475
BC,35.28881,-81.26092,476
BC,35.28883,-81.26103,477
BC,35.28887,-81.26132,478
BC,35.2889,-81.26155,479
BC,35.28892,-81.26165,480
BC,35.28893,-81.26178,481
BC,35.28895,-81.262,482
BC,35.28895,-81.26202,483
BC,35.28899,-81.26244,484
BC,35.28898,-81.2625,485
BC,35.28897,-81.26257,486
BC,35.28893,-81.26264,487
BC,35.28889,-81.26268,488
BC,35.28884,-81.26272,489
BC,35.2888,-81.26274,490
BC,35.28875,-81.26276,491
BC,35.28872,-81.26277,492
BC,35.28863,-81.26277,493
BC,35.28852,-81.26278,494
BC,35.2884,-81.26282,495
BC,35.2884,-81.26283,496
BC,35.28828,-81.26285,497
BC,35.28804,-81.26281,498
BC,35.28787,-81.26279,499
BC,35.28786,-81.26279,500
BC,35.28765,-81.26276,501
BC,35.28767,-81.26301,502
BC,35.28768,-81.26316,503
BC,35.28768,-81.26318,504
BC,35.28769,-81.26323,505
BC,35.28769,-81.26333,506
BC,35.28769,-81.26353,507
BC,35.28768,-81.26374,508
BC,35.28766,-81.26407,509
BC,35.28765,-81.26436,510
BC,35.28764,-81.26442,511
BC,35.28762,-81.2648,512
BC,35.28757,-81.26547,513
BC,35.28755,-81.2658,514
BC,35.28754,-81.26597,515
BC,35.28748,-81.26626,516
BC,35.28748,-81.26629,517
BC,35.28745,-81.26641,518
BC,35.28744,-81.26648,519
BC,35.28742,-81.26653,520
BC,35.28738,-81.26668,521
BC,35.28735,-81.26676,522
BC,35.28734,-81.26679,523
BC,35.28731,-81.26686,524
BC,35.28728,-81.26693,525
BC,35.28725,-81.267,526
BC,35.2872,-81.26709,527
BC,35.28717,-81.26716,528
BC,35.28714,-81.26721,529
BC,35.28711,-81.26727,530
BC,35.28707,-81.26732,531
BC,35.287,-81.26743,532
BC,35.28705,-81.2675,533
BC,35.28705,-81.26752,534
BC,35.28707,-81.26757,535
BC,35.2871,-81.26773,536
BC,35.28712,-81.26783,537
BC,35.28712,-81.26785,538
BC,35.28718,-81.26816,539
BC,35.28721,-81.26835,540
BC,35.28727,-81.26865,541
BC,35.28729,-81.26877,542
BC,35.28734,-81.26904,543
BC,35.28743,-81.26953,544
BC,35.2875,-81.26997,545
BC,35.28754,-81.27018,546
BC,35.28762,-81.27059,547
BC,35.28774,-81.27125,548
BC,35.28783,-81.2717,549
BC,35.2879,-81.27212,550
BC,35.28795,-81.27235,551
BC,35.28799,-81.27256,552
BC,35.28803,-81.27278,553
BC,35.28814,-81.27342,554
BC,35.28822,-81.27385,555
BC,35.28825,-81.27401,556
BC,35.2883,-81.27428,557
BC,35.28846,-81.27514,558
BC,35.28857,-81.27572,559
BC,35.28864,-81.27606,560
BC,35.28871,-81.27647,561
BC,35.28871,-81.27649,562
BC,35.2888,-81.27695,563
BC,35.2889,-81.27755,564
BC,35.28891,-81.2776,565
BC,35.28893,-81.27768,566
BC,35.28903,-81.27822,567
BC,35.28904,-81.27829,568
BC,35.28911,-81.27865,569
BC,35.28914,-81.27884,570
BC,35.28915,-81.27887,571
BC,35.2893,-81.27969,572
BC,35.28931,-81.27972,573
BC,35.28934,-81.27991,574
BC,35.28935,-81.27994,575
BC,35.28943,-81.28033,576
BC,35.28952,-81.28083,577
BC,35.28958,-81.28119,578
BC,35.28958,-81.2812,579
BC,35.28974,-81.28205,580
BC,35.28974,-81.28206,581
BC,35.28982,-81.28249,582
BC,35.28969,-81.28253,583
BC,35.28943,-81.2826,584
BC,35.28933,-81.28262,585
BC,35.28916,-81.28267,586
BC,35.28898,-81.28272,587
BC,35.28881,-81.28276,588
BC,35.28811,-81.28297,589
BC,35.28811,-81.28298,590
BC,35.2878,-81.28307,591
BC,35.28762,-81.28312,592
BC,35.28745,-81.28317,593
BC,35.28692,-81.28332,594
BC,35.28677,-81.28336,595
BC,35.28635,-81.28348,596
BC,35.28637,-81.28362,597
BC,35.28635,-81.28348,598
BC,35.28627,-81.2835,599
BC,35.28607,-81.28356,600
BC,35.28576,-81.28364,601
BC,35.28524,-81.28377,602
BC,35.28509,-81.28381,603
BC,35.28475,-81.28391,604
BC,35.28477,-81.28404,605
BC,35.28482,-81.28437,606
BC,35.28486,-81.28455,607
BC,35.28486,-81.28456,608
BC,35.28496,-81.28519,609
BC,35.28502,-81.28548,610
BC,35.28508,-81.28578,611
BC,35.28509,-81.28585,612
BC,35.28513,-81.28607,613
BC,35.28493,-81.28614,614
BC,35.28462,-81.28622,615
BC,35.28457,-81.2863,616
BC,35.28455,-81.28636,617
BC,35.28453,-81.28641,618
BC,35.28451,-81.28649,619
BC,35.2845,-81.28659,620
BC,35.28447,-81.28672,621
BC,35.2845,-81.28691,622
BC,35.28451,-81.28695,623
BC,35.28452,-81.28708,624
BC,35.28453,-81.28719,625
BC,35.28454,-81.28732,626
BC,35.28453,-81.28742,627
BC,35.28452,-81.28762,628
BC,35.28452,-81.28768,629
BC,35.28449,-81.28788,630
BC,35.28448,-81.28797,631
BC,35.28445,-81.28808,632
BC,35.28441,-81.28821,633
BC,35.2844,-81.28824,634
BC,35.2844,-81.28827,635
BC,35.28436,-81.28837,636
BC,35.28435,-81.2884,637
BC,35.28424,-81.28865,638
BC,35.2842,-81.28863,639
BC,35.28413,-81.28863,640
BC,35.28401,-81.28864,641
BC,35.28396,-81.28865,642
BC,35.28379,-81.28868,643
BC,35.28369,-81.28872,644
BC,35.28361,-81.28874,645
BC,35.28346,-81.28878,646
BC,35.28329,-81.28882,647
BC,35.28326,-81.28883,648
BC,35.28322,-81.28884,649
BC,35.28311,-81.28887,650
BC,35.28294,-81.28892,651
BC,35.28291,-81.28892,652
BC,35.28259,-81.28901,653
BC,35.28256,-81.28902,654
BC,35.28251,-81.28903,655
BC,35.28241,-81.28906,656
BC,35.28238,-81.28907,657
BC,35.28188,-81.2892,658
BC,35.28171,-81.28925,659
BC,35.28168,-81.28926,660
BC,35.28148,-81.28931,661
BC,35.28145,-81.28913,662
BC,35.28144,-81.2891,663
BC,35.28137,-81.28885,664
BC,35.28134,-81.28875,665
BC,35.28133,-81.28865,666
BC,35.28133,-81.28864,667
BC,35.28136,-81.28849,668
BC,35.28139,-81.28838,669
BC,35.28141,-81.28835,670
BC,35.28143,-81.28831,671
BC,35.28145,-81.28827,672
BC,35.2815,-81.28823,673
BC,35.28158,-81.28816,674
BC,35.28165,-81.2881,675
BC,35.28174,-81.28805,676
BC,35.28182,-81.28801,677
BC,35.28207,-81.28788,678
BC,35.28213,-81.28785,679
BC,35.28231,-81.28776,680
BC,35.28234,-81.28775,681
BC,35.28236,-81.28775,682
BC,35.28253,-81.28768,683
BC,35.28255,-81.28767,684
BC,35.28288,-81.28757,685
BC,35.28296,-81.28755,686
BC,35.28297,-81.28755,687
BC,35.28314,-81.2875,688
BC,35.28343,-81.28741,689
BC,35.28353,-81.28737,690
BC,35.28345,-81.28696,691
BC,35.28344,-81.28695,692
BC,35.28337,-81.28657,693
BC,35.28333,-81.28636,694
BC,35.28333,-81.28635,695
BC,35.28321,-81.28569,696
BC,35.28319,-81.28559,697
BC,35.28317,-81.28547,698
BC,35.28311,-81.28516,699
BC,35.28309,-81.28504,700
BC,35.28297,-81.2844,701
BC,35.28289,-81.28396,702
BC,35.28284,-81.2837,703
BC,35.28281,-81.28353,704
BC,35.2828,-81.28349,705
BC,35.28272,-81.28306,706
BC,35.28269,-81.28306,707
BC,35.28272,-81.28306,708
BC,35.28261,-81.28248,709
BC,35.28257,-81.28224,710
BC,35.28246,-81.28168,711
BC,35.28245,-81.28161,712
BC,35.28244,-81.28157,713
BC,35.2824,-81.28136,714
BC,35.28238,-81.28125,715
BC,35.2823,-81.28082,716
BC,35.28217,-81.28007,717
BC,35.28205,-81.27944,718
BC,35.28197,-81.27901,719
BC,35.28189,-81.27858,720
BC,35.28182,-81.27815,721
BC,35.28178,-81.27794,722
BC,35.2817,-81.27749,723
BC,35.28158,-81.27684,724
BC,35.28139,-81.27576,725
BC,35.28133,-81.27544,726
BC,35.28129,-81.27523,727
BC,35.28126,-81.27506,728
BC,35.28122,-81.27485,729
BC,35.28118,-81.27463,730
BC,35.28118,-81.27462,731
BC,35.28116,-81.27452,732
BC,35.28105,-81.2739,733
BC,35.28101,-81.27368,734
BC,35.28099,-81.27356,735
BC,35.28096,-81.2734,736
BC,35.2809,-81.27311,737
BC,35.28088,-81.27298,738
BC,35.28086,-81.27291,739
BC,35.28086,-81.27289,740
BC,35.28083,-81.2728,741
BC,35.28082,-81.27275,742
BC,35.28081,-81.27273,743
BC,35.28078,-81.27267,744
BC,35.28075,-81.2726,745
BC,35.28072,-81.27254,746
BC,35.28067,-81.27247,747
BC,35.28061,-81.27242,748
BC,35.28056,-81.27236,749
BC,35.28052,-81.27232,750
BC,35.2804,-81.27222,751
BC,35.28013,-81.27199,752
BC,35.27982,-81.27173,753
BC,35.27966,-81.2716,754
BC,35.27939,-81.27138,755
BC,35.27912,-81.27117,756
BC,35.2789,-81.27098,757
BC,35.27867,-81.27079,758
BC,35.27862,-81.27075,759
BC,35.27855,-81.27069,760
BC,35.27845,-81.27061,761
BC,35.27833,-81.2705,762
BC,35.27804,-81.27025,763
BC,35.27787,-81.27009,764
BC,35.27765,-81.2699,765
BC,35.27755,-81.26981,766
BC,35.27751,-81.26977,767
BC,35.27735,-81.26963,768
BC,35.27728,-81.26957,769
BC,35.27692,-81.26925,770
BC,35.27671,-81.26906,771
BC,35.27665,-81.269,772
BC,35.27637,-81.26875,773
BC,35.27618,-81.26857,774
BC,35.27613,-81.26854,775
BC,35.27611,-81.26852,776
BC,35.27571,-81.26817,777
BC,35.27569,-81.26815,778
BC,35.27565,-81.26812,779
BC,35.27558,-81.26806,780
BC,35.27546,-81.26797,781
BC,35.27533,-81.26786,782
BC,35.27522,-81.26779,783
BC,35.27514,-81.26773,784
BC,35.27506,-81.26767,785
BC,35.27505,-81.26767,786
BC,35.27498,-81.26763,787
BC,35.27492,-81.26759,788
BC,35.27491,-81.26759,789
BC,35.27476,-81.2675,790
BC,35.27459,-81.26741,791
BC,35.27449,-81.26735,792
BC,35.27427,-81.26722,793
BC,35.27404,-81.26708,794
BC,35.27396,-81.26701,795
BC,35.27375,-81.26685,796
BC,35.27369,-81.26679,797
BC,35.27357,-81.26667,798
BC,35.2734,-81.26649,799
BC,35.27328,-81.26634,800
BC,35.27322,-81.26627,801
BC,35.27319,-81.26623,802
BC,35.27266,-81.26556,803
BC,35.27264,-81.26553,804
BC,35.2725,-81.26535,805
BC,35.27233,-81.26512,806
BC,35.27225,-81.26499,807
BC,35.27218,-81.26487,808
BC,35.27207,-81.26469,809
BC,35.27221,-81.26462,810
BC,35.27238,-81.26454,811
BC,35.27254,-81.26446,812
BC,35.27272,-81.26439,813
BC,35.27289,-81.26433,814
BC,35.27296,-81.26429,815
BC,35.27317,-81.26419,816
BC,35.2734,-81.26407,817
BC,35.27347,-81.26404,818
BC,35.27364,-81.26396,819
BC,35.27381,-81.26387,820
BC,35.27409,-81.26373,821
BC,35.27444,-81.26347,822
BC,35.2746,-81.26336,823
BC,35.27475,-81.26324,824
BC,35.27491,-81.26313,825
BC,35.27506,-81.26302,826
BC,35.27514,-81.26296,827
BC,35.27521,-81.26289,828
BC,35.27533,-81.26278,829
BC,35.27535,-81.26275,830
BC,35.27566,-81.26231,831
BC,35.27592,-81.26194,832
BC,35.27603,-81.26177,833
BC,35.27605,-81.26175,834
BC,35.27627,-81.26143,835
BC,35.27638,-81.26127,836
BC,35.27644,-81.26118,837
BC,35.27656,-81.26103,838
BC,35.27669,-81.26087,839
BC,35.27692,-81.26058,840
BC,35.27695,-81.26056,841
BC,35.2771,-81.26044,842
BC,35.2771,-81.26043,843
BC,35.27724,-81.26033,844
BC,35.27748,-81.2602,845
BC,35.27767,-81.26008,846
BC,35.27773,-81.26003,847
BC,35.27789,-81.25993,848
BC,35.27802,-81.25984,849
BC,35.27805,-81.25981,850
BC,35.27819,-81.25969,851
BC,35.27828,-81.25962,852
BC,35.27834,-81.25956,853
BC,35.27848,-81.25942,854
BC,35.27849,-81.2594,855
BC,35.27861,-81.25927,856
BC,35.27873,-81.25914,857
BC,35.27899,-81.25881,858
BC,35.27925,-81.25849,859
BC,35.27926,-81.25848,860
BC,35.27939,-81.25836,861
BC,35.27946,-81.25831,862
BC,35.27955,-81.25825,863
BC,35.27962,-81.25821,864
BC,35.27971,-81.25817,865
BC,35.27982,-81.25812,866
BC,35.27989,-81.25811,867
BC,35.27999,-81.2581,868
BC,35.28002,-81.2581,869
BC,35.28007,-81.2581,870
BC,35.28018,-81.25809,871
BC,35.28043,-81.25813,872
BC,35.28043,-81.25797,873
BC,35.28047,-81.2577,874
BC,35.28048,-81.25762,875
BC,35.2805,-81.25748,876
BC,35.28052,-81.25734,877
BC,35.28054,-81.25727,878
BC,35.28059,-81.25706,879
BC,35.28063,-81.25692,880
BC,35.28075,-81.25655,881
BC,35.28078,-81.25644,882
BC,35.28083,-81.25628,883
BC,35.28084,-81.25623,884
BC,35.28093,-81.25593,885
BC,35.28084,-81.25623,886
BC,35.28083,-81.25628,887
BC,35.28078,-81.25644,888
BC,35.28075,-81.25655,889
BC,35.28063,-81.25692,890
BC,35.28059,-81.25706,891
BC,35.28054,-81.25727,892
BC,35.28052,-81.25734,893
BC,35.2805,-81.25748,894
BC,35.28048,-81.25762,895
BC,35.28047,-81.2577,896
BC,35.28043,-81.25797,897
BC,35.28043,-81.25813,898
BC,35.2806,-81.25817,899
BC,35.28114,-81.25829,900
BC,35.28178,-81.25843,901
BC,35.28193,-81.25853,902
BC,35.28203,-81.25861,903
BC,35.28211,-81.25867,904
BC,35.28219,-81.25875,905
BC,35.28229,-81.25886,906
BC,35.28239,-81.25898,907
BC,35.28247,-81.25907,908
BC,35.28249,-81.25911,909
BC,35.28259,-81.25927,910
BC,35.28273,-81.25956,911
BC,35.28283,-81.25979,912
BC,35.2829,-81.26003,913
BC,35.28293,-81.2602,914
BC,35.28295,-81.26031,915
BC,35.28297,-81.26039,916
BC,35.28301,-81.26061,917
BC,35.28301,-81.26062,918
BC,35.28309,-81.26104,919
BC,35.28313,-81.26126,920
BC,35.28313,-81.26127,921
BC,35.28318,-81.26149,922
BC,35.28326,-81.26169,923
BC,35.28332,-81.26186,924
BC,35.28341,-81.26203,925
BC,35.28351,-81.26221,926
BC,35.28362,-81.26238,927
BC,35.28381,-81.26261,928
BC,35.28386,-81.26266,929
BC,35.2839,-81.26272,930
BC,35.28398,-81.26282,931
BC,35.28405,-81.26294,932
BC,35.28407,-81.26298,933
BC,35.28412,-81.26307,934
BC,35.28414,-81.26313,935
BC,35.28416,-81.26315,936
BC,35.28422,-81.26331,937
BC,35.28422,-81.26333,938
BC,35.28426,-81.26348,939
BC,35.28427,-81.26353,940
BC,35.28429,-81.26367,941
BC,35.2843,-81.26375,942
BC,35.28431,-81.26379,943
BC,35.28431,-81.26391,944
BC,35.28431,-81.26394,945
BC,35.28431,-81.26397,946
BC,35.28431,-81.2642,947
BC,35.28432,-81.26435,948
BC,35.28432,-81.26441,949
BC,35.28436,-81.26463,950
BC,35.28439,-81.26477,951
BC,35.28443,-81.2649,952
BC,35.28448,-81.26505,953
BC,35.28456,-81.26523,954
BC,35.28466,-81.2654,955
BC,35.28474,-81.26551,956
BC,35.28489,-81.26566,957
BC,35.2848,-81.26578,958
BC,35.28466,-81.26597,959
BC,35.28463,-81.26604,960
BC,35.28462,-81.26609,961
BC,35.28461,-81.26614,962
BC,35.28477,-81.26632,963
BC,35.28493,-81.26651,964
BC,35.28496,-81.26654,965
BC,35.28515,-81.2667,966
BC,35.28519,-81.26673,967
BC,35.28524,-81.26677,968
BC,35.28526,-81.26677,969
BC,35.28527,-81.26677,970
BC,35.28528,-81.26677,971
BC,35.28529,-81.26676,972
BC,35.28529,-81.26675,973
BC,35.2853,-81.26675,974
BC,35.28531,-81.26673,975
BC,35.28542,-81.26658,976
BC,35.2855,-81.26648,977
BC,35.28557,-81.26638,978
BC,35.28561,-81.26643,979
BC,35.28567,-81.26648,980
BC,35.28568,-81.26649,981
BC,35.28571,-81.26651,982
BC,35.28577,-81.26655,983
BC,35.28581,-81.26658,984
BC,35.28589,-81.26665,985
BC,35.28598,-81.26674,986
BC,35.28599,-81.26675,987
BC,35.28614,-81.26689,988
BC,35.28622,-81.26696,989
BC,35.28623,-81.26696,990
BC,35.28629,-81.26699,991
BC,35.28639,-81.26703,992
BC,35.28665,-81.26714,993
BC,35.2867,-81.26716,994
BC,35.28674,-81.26718,995
BC,35.28679,-81.26722,996
BC,35.28695,-81.26738,997
BC,35.287,-81.26743,998
BC,35.28707,-81.26732,999
BC,35.28711,-81.26727,1000
BC,35.28714,-81.26721,1001
BC,35.28717,-81.26716,1002
BC,35.2872,-81.26709,1003
BC,35.28725,-81.267,1004
BC,35.28728,-81.26693,1005
BC,35.28731,-81.26686,1006
BC,35.28734,-81.26679,1007
BC,35.28735,-81.26676,1008
BC,35.28738,-81.26668,1009
BC,35.28742,-81.26653,1010
BC,35.28744,-81.26648,1011
BC,35.28745,-81.26641,1012
BC,35.28748,-81.26629,1013
BC,35.28748,-81.26626,1014
BC,35.28754,-81.26597,1015
BC,35.28755,-81.2658,1016
BC,35.28757,-81.26547,1017
BC,35.28762,-81.2648,1018
BC,35.28764,-81.26442,1019
BC,35.28765,-81.26436,1020
BC,35.28766,-81.26407,1021
BC,35.28768,-81.26374,1022
BC,35.28769,-81.26353,1023
BC,35.28769,-81.26333,1024
BC,35.28768,-81.26318,1025
BC,35.28768,-81.26316,1026
BC,35.28767,-81.26301,1027
BC,35.28765,-81.26276,1028
BC,35.28761,-81.26248,1029
BC,35.28759,-81.26232,1030
BC,35.28755,-81.26205,1031
BC,35.28753,-81.26193,1032
BC,35.28748,-81.26156,1033
BC,35.28744,-81.26128,1034
BC,35.2874,-81.26101,1035
BC,35.28739,-81.26088,1036
BC,35.28734,-81.26072,1037
BC,35.28733,-81.26064,1038
BC,35.28732,-81.26056,1039
BC,35.28732,-81.26051,1040
BC,35.28731,-81.26041,1041
BC,35.28731,-81.26032,1042
BC,35.28731,-81.26026,1043
BC,35.28729,-81.26,1044
BC,35.28729,-81.25988,1045
BC,35.28731,-81.25955,1046
BC,35.28731,-81.25945,1047
BC,35.28732,-81.25922,1048
BC,35.28733,-81.25918,1049
BC,35.28735,-81.25893,1050
BC,35.28737,-81.25876,1051
BC,35.28738,-81.25862,1052
BC,35.28738,-81.25856,1053
BC,35.28739,-81.25848,1054
BC,35.28744,-81.2579,1055
BC,35.28747,-81.25752,1056
BC,35.28748,-81.2573,1057
BC,35.2875,-81.25689,1058
BC,35.28754,-81.25631,1059
BC,35.28754,-81.25623,1060
BC,35.28755,-81.25621,1061
BC,35.28758,-81.25562,1062
BC,35.2876,-81.25525,1063
BC,35.28761,-81.25513,1064
BC,35.28762,-81.25511,1065
BC,35.28763,-81.25493,1066
BC,35.28765,-81.25476,1067
BC,35.28766,-81.2547,1068
BC,35.28766,-81.25467,1069
BC,35.28768,-81.25456,1070
BC,35.28769,-81.25448,1071
BC,35.2877,-81.25444,1072
BC,35.28772,-81.2543,1073
BC,35.28776,-81.25415,1074
BC,35.28779,-81.254,1075
BC,35.28782,-81.25391,1076
BC,35.28788,-81.25369,1077
BC,35.28797,-81.2534,1078
BC,35.2881,-81.25304,1079
BC,35.28815,-81.2529,1080
BC,35.28829,-81.25251,1081
BC,35.28837,-81.2523,1082
BC,35.28845,-81.25205,1083
BC,35.28847,-81.25197,1084
BC,35.2885,-81.25189,1085
BC,35.28853,-81.25177,1086
BC,35.28855,-81.25167,1087
BC,35.28859,-81.25143,1088
BC,35.28862,-81.25122,1089
BC,35.28866,-81.25099,1090
BC,35.28872,-81.25067,1091
BC,35.28879,-81.2503,1092
BC,35.28882,-81.25011,1093
BC,35.28884,-81.24994,1094
BC,35.28886,-81.24977,1095
BC,35.28887,-81.2496,1096
BC,35.28887,-81.24941,1097
BC,35.28887,-81.24932,1098
BC,35.28887,-81.24923,1099
BC,35.28886,-81.24914,1100
BC,35.28886,-81.24903,1101
BC,35.28884,-81.24888,1102
BC,35.28882,-81.24872,1103
BC,35.2888,-81.24858,1104
BC,35.28859,-81.2476,1105
BC,35.28855,-81.24743,1106
BC,35.28846,-81.24696,1107
BC,35.28837,-81.24655,1108
BC,35.28836,-81.24653,1109
BC,35.28833,-81.24636,1110
BC,35.28832,-81.24628,1111
BC,35.28831,-81.24624,1112
BC,35.28823,-81.24579,1113
BC,35.28806,-81.24486,1114
BC,35.28798,-81.24444,1115
BC,35.28789,-81.24397,1116
BC,35.28784,-81.24381,1117
BC,35.2878,-81.24367,1118
BC,35.28766,-81.24318,1119
BC,35.28765,-81.24314,1120
BC,35.28752,-81.24278,1121
BC,35.2875,-81.24272,1122
BC,35.28746,-81.24265,1123
BC,35.28738,-81.24247,1124
BC,35.28728,-81.24224,1125
BC,35.28725,-81.24217,1126
BC,35.28711,-81.2419,1127
BC,35.28709,-81.24186,1128
BC,35.28701,-81.2417,1129
BC,35.28694,-81.24158,1130
BC,35.28693,-81.24157,1131
BC,35.28686,-81.24146,1132
BC,35.28671,-81.24124,1133
BC,35.28656,-81.24102,1134
BC,35.2865,-81.24093,1135
BC,35.28641,-81.24081,1136
BC,35.28635,-81.24072,1137
BC,35.28614,-81.24044,1138
BC,35.28613,-81.24043,1139
BC,35.28604,-81.24033,1140
BC,35.28596,-81.24025,1141
BC,35.28584,-81.24013,1142
BC,35.28571,-81.24001,1143
BC,35.28569,-81.24,1144
BC,35.28543,-81.23982,1145
BC,35.28537,-81.23978,1146
BC,35.28531,-81.23975,1147
BC,35.2852,-81.23971,1148
BC,35.28518,-81.2397,1149
BC,35.28507,-81.23966,1150
BC,35.285,-81.23964,1151
BC,35.28483,-81.2396,1152
BC,35.28464,-81.23955,1153
BC,35.28446,-81.23951,1154
BC,35.28425,-81.23945,1155
BC,35.28414,-81.23942,1156
BC,35.28408,-81.23941,1157
BC,35.28402,-81.2394,1158
BC,35.28392,-81.23939,1159
BC,35.28356,-81.23934,1160
BC,35.28348,-81.23933,1161
BC,35.28336,-81.23931,1162
BC,35.28331,-81.23929,1163
BC,35.28324,-81.23928,1164
BC,35.28313,-81.23924,1165
BC,35.28299,-81.2392,1166
BC,35.28285,-81.23914,1167
BC,35.28279,-81.23911,1168
BC,35.28275,-81.23909,1169
BC,35.2826,-81.239,1170
BC,35.28249,-81.23893,1171
BC,35.28237,-81.23885,1172
BC,35.28234,-81.23882,1173
BC,35.28228,-81.23877,1174
BC,35.28221,-81.23871,1175
BC,35.28214,-81.23864,1176
BC,35.28205,-81.23855,1177
BC,35.28195,-81.23844,1178
BC,35.2819,-81.23838,1179
BC,35.28173,-81.23814,1180
BC,35.28166,-81.23803,1181
BC,35.28162,-81.23797,1182
BC,35.28133,-81.23751,1183
BC,35.28123,-81.23736,1184
BC,35.28108,-81.23711,1185
BC,35.28095,-81.23728,1186
BC,35.2808,-81.23759,1187
BC,35.28095,-81.23728,1188
BC,35.28108,-81.23711,1189
BC,35.28056,-81.23629,1190
BC,35.28042,-81.23605,1191
BC,35.28001,-81.23541,1192
BC,35.27965,-81.23483,1193
BC,35.27957,-81.23472,1194
BC,35.27931,-81.2343,1195
BC,35.27925,-81.2342,1196
BC,35.27919,-81.23412,1197
BC,35.2791,-81.23398,1198
BC,35.27905,-81.2339,1199
BC,35.27889,-81.23364,1200
BC,35.2788,-81.23357,1201
BC,35.27871,-81.23343,1202
BC,35.27848,-81.23306,1203
BC,35.27836,-81.23285,1204
BC,35.27828,-81.23272,1205
BC,35.27822,-81.23262,1206
BC,35.27812,-81.23245,1207
BC,35.2781,-81.23241,1208
BC,35.27768,-81.23172,1209
BC,35.27751,-81.23148,1210
BC,35.27745,-81.23137,1211
BC,35.27703,-81.23071,1212
BC,35.27678,-81.23034,1213
BC,35.27624,-81.22946,1214
BC,35.27592,-81.22891,1215
BC,35.27586,-81.22882,1216
BC,35.27568,-81.22855,1217
BC,35.27551,-81.22828,1218
BC,35.2755,-81.22818,1219
BC,35.27547,-81.22813,1220
BC,35.27535,-81.22794,1221
BC,35.27521,-81.22771,1222
BC,35.27494,-81.22728,1223
BC,35.27461,-81.22678,1224
BC,35.27432,-81.22632,1225
BC,35.27415,-81.22605,1226
BC,35.2741,-81.22597,1227
BC,35.27405,-81.22589,1228
BC,35.274,-81.22582,1229
BC,35.27388,-81.22562,1230
BC,35.27385,-81.22557,1231
BC,35.27377,-81.22544,1232
BC,35.27359,-81.22514,1233
BC,35.2734,-81.22484,1234
BC,35.27339,-81.22483,1235
BC,35.27333,-81.22473,1236
BC,35.27328,-81.22466,1237
BC,35.27325,-81.22462,1238
BC,35.27316,-81.22449,1239
BC,35.27308,-81.22438,1240
BC,35.27307,-81.22437,1241
BC,35.27288,-81.22414,1242
BC,35.27277,-81.22401,1243
BC,35.27272,-81.22394,1244
BC,35.27267,-81.22389,1245
BC,35.27255,-81.22376,1246
BC,35.27243,-81.22364,1247
BC,35.2723,-81.22353,1248
BC,35.27218,-81.22342,1249
BC,35.2721,-81.22336,1250
BC,35.27201,-81.22329,1251
BC,35.27191,-81.22322,1252
BC,35.27185,-81.22317,1253
BC,35.27169,-81.22305,1254
BC,35.27165,-81.22302,1255
BC,35.2716,-81.22299,1256
BC,35.27149,-81.22293,1257
BC,35.27146,-81.22291,1258
BC,35.27142,-81.22289,1259
BC,35.27134,-81.22285,1260
BC,35.27126,-81.22281,1261
BC,35.27122,-81.22279,1262
BC,35.27118,-81.22277,1263
BC,35.27115,-81.22276,1264
BC,35.27112,-81.22274,1265
BC,35.27103,-81.22271,1266
BC,35.27096,-81.22268,1267
BC,35.2709,-81.22266,1268
BC,35.27088,-81.22266,1269
BC,35.27073,-81.2226,1270
BC,35.2705,-81.22252,1271
BC,35.27036,-81.22248,1272
BC,35.27038,-81.22238,1273
BC,35.2704,-81.22229,1274
BC,35.2704,-81.22224,1275
BC,35.2704,-81.22218,1276
BC,35.2704,-81.22213,1277
BC,35.27039,-81.22206,1278
BC,35.27038,-81.22199,1279
BC,35.27035,-81.22193,1280
BC,35.27032,-81.22186,1281
BC,35.27024,-81.22172,1282
BC,35.27015,-81.22158,1283
BC,35.27012,-81.22153,1284
BC,35.26982,-81.22106,1285
BC,35.26981,-81.22105,1286
BC,35.26976,-81.22097,1287
BC,35.26968,-81.22086,1288
BC,35.26958,-81.22066,1289
BC,35.2695,-81.22047,1290
BC,35.26946,-81.22033,1291
BC,35.2694,-81.22008,1292
BC,35.26936,-81.21992,1293
BC,35.26934,-81.21977,1294
BC,35.26933,-81.21969,1295
BC,35.26933,-81.21955,1296
BC,35.26933,-81.21938,1297
BC,35.26935,-81.21893,1298
BC,35.26939,-81.21836,1299
BC,35.2694,-81.21824,1300
BC,35.2694,-81.21823,1301
BC,35.26941,-81.21793,1302
BC,35.26942,-81.21771,1303
BC,35.26942,-81.21757,1304
BC,35.26942,-81.21753,1305
BC,35.26941,-81.21744,1306
BC,35.26939,-81.21734,1307
BC,35.26937,-81.21721,1308
BC,35.26935,-81.21715,1309
BC,35.26935,-81.21713,1310
BC,35.26932,-81.21706,1311
BC,35.26927,-81.21697,1312
BC,35.26921,-81.21687,1313
BC,35.26911,-81.21674,1314
BC,35.2687,-81.21625,1315
BC,35.26859,-81.21611,1316
BC,35.26847,-81.21595,1317
BC,35.26844,-81.21591,1318
BC,35.26796,-81.21532,1319
BC,35.26736,-81.21459,1320
BC,35.26694,-81.21408,1321
BC,35.26689,-81.21401,1322
BC,35.26634,-81.21334,1323
BC,35.26631,-81.2133,1324
BC,35.26601,-81.21293,1325
BC,35.26568,-81.21253,1326
BC,35.2656,-81.21245,1327
BC,35.26568,-81.21233,1328
BC,35.2657,-81.2123,1329
BC,35.26572,-81.21228,1330
BC,35.26579,-81.2122,1331
BC,35.26568,-81.21199,1332
BC,35.26563,-81.2119,1333
BC,35.26559,-81.21183,1334
BC,35.26557,-81.21179,1335
BC,35.26553,-81.21175,1336
BC,35.26545,-81.21165,1337
BC,35.26542,-81.21161,1338
BC,35.26477,-81.21082,1339
BC,35.26424,-81.21018,1340
BC,35.26359,-81.20939,1341
BC,35.26339,-81.20916,1342
BC,35.2632,-81.20895,1343
BC,35.26296,-81.20869,1344
BC,35.26289,-81.20859,1345
BC,35.26285,-81.20854,1346
BC,35.26283,-81.20849,1347
BC,35.2628,-81.20844,1348
BC,35.26275,-81.20834,1349
BC,35.2627,-81.20823,1350
BC,35.26266,-81.20814,1351
BC,35.26265,-81.20813,1352
BC,35.2626,-81.20799,1353
BC,35.26256,-81.20786,1354
BC,35.26252,-81.20765,1355
BC,35.26251,-81.20755,1356
BC,35.2625,-81.2075,1357
BC,35.2625,-81.20745,1358
BC,35.2625,-81.20736,1359
BC,35.2625,-81.20728,1360
BC,35.2625,-81.20727,1361
BC,35.2625,-81.20718,1362
BC,35.26252,-81.2071,1363
BC,35.26252,-81.20707,1364
BC,35.26253,-81.20699,1365
BC,35.26255,-81.2069,1366
BC,35.26258,-81.20679,1367
BC,35.26258,-81.20678,1368
BC,35.26261,-81.20668,1369
BC,35.26262,-81.20664,1370
BC,35.26265,-81.20658,1371
BC,35.26269,-81.20644,1372
BC,35.26278,-81.20615,1373
BC,35.26267,-81.20595,1374
BC,35.26276,-81.20582,1375
BC,35.26285,-81.20569,1376
BC,35.26297,-81.20547,1377
BC,35.26312,-81.20519,1378
BC,35.26317,-81.20507,1379
BC,35.2633,-81.2047,1380
BC,35.26334,-81.20455,1381
BC,35.26341,-81.20422,1382
BC,35.2635,-81.20389,1383
BC,35.26353,-81.20377,1384
BC,35.2636,-81.20349,1385
BC,35.2637,-81.20307,1386
BC,35.26379,-81.20271,1387
BC,35.26384,-81.2025,1388
BC,35.26387,-81.20239,1389
BC,35.26402,-81.20176,1390
BC,35.26407,-81.20155,1391
BC,35.26409,-81.20149,1392
BC,35.26414,-81.20126,1393
BC,35.26423,-81.20089,1394
BC,35.26429,-81.20066,1395
BC,35.26432,-81.2005,1396
BC,35.26442,-81.20015,1397
BC,35.2645,-81.19981,1398
BC,35.26452,-81.19978,1399
BC,35.26464,-81.19937,1400
BC,35.26469,-81.1992,1401
BC,35.26477,-81.19896,1402
BC,35.26482,-81.19878,1403
BC,35.26502,-81.19813,1404
BC,35.26511,-81.19783,1405
BC,35.26518,-81.19762,1406
BC,35.26525,-81.19737,1407
BC,35.26526,-81.19733,1408
BC,35.26531,-81.1972,1409
BC,35.26541,-81.19687,1410
BC,35.26545,-81.19673,1411
BC,35.26547,-81.19666,1412
BC,35.26548,-81.19659,1413
BC,35.26549,-81.19652,1414
BC,35.2655,-81.19647,1415
BC,35.2655,-81.19644,1416
BC,35.2655,-81.1964,1417
BC,35.26551,-81.19634,1418
BC,35.26551,-81.19628,1419
BC,35.26551,-81.19619,1420
BC,35.26551,-81.19608,1421
BC,35.26551,-81.19594,1422
BC,35.26549,-81.19559,1423
BC,35.26548,-81.19524,1424
BC,35.26546,-81.19473,1425
BC,35.26544,-81.1943,1426
BC,35.26542,-81.19402,1427
BC,35.26542,-81.19392,1428
BC,35.26541,-81.19377,1429
BC,35.26535,-81.19299,1430
BC,35.26534,-81.19275,1431
BC,35.2653,-81.19232,1432
BC,35.26527,-81.19191,1433
BC,35.26526,-81.19169,1434
BC,35.2652,-81.19085,1435
BC,35.26518,-81.19048,1436
BC,35.26515,-81.1899,1437
BC,35.26515,-81.18957,1438
BC,35.26515,-81.18914,1439
BC,35.26515,-81.189,1440
BC,35.26516,-81.18834,1441
BC,35.26516,-81.18789,1442
BC,35.26516,-81.18727,1443
BC,35.26516,-81.18673,1444
BC,35.26516,-81.18668,1445
BC,35.26516,-81.1863,1446
BC,35.26516,-81.1857,1447
BC,35.26515,-81.18507,1448
BC,35.26515,-81.18505,1449
BC,35.26517,-81.18454,1450
BC,35.26519,-81.18427,1451
BC,35.26521,-81.18413,1452
BC,35.2653,-81.18331,1453
BC,35.26535,-81.18283,1454
BC,35.26538,-81.18261,1455
BC,35.26545,-81.18203,1456
BC,35.26547,-81.18191,1457
BC,35.26554,-81.18129,1458
BC,35.26559,-81.18077,1459
BC,35.26565,-81.18034,1460
BC,35.26571,-81.17976,1461
BC,35.26573,-81.17953,1462
BC,35.26573,-81.17944,1463
BC,35.26574,-81.17926,1464
BC,35.26575,-81.17898,1465
BC,35.26575,-81.17875,1466
BC,35.26574,-81.17851,1467
BC,35.2657,-81.17812,1468
BC,35.26564,-81.17768,1469
BC,35.26507,-81.1778,1470
BC,35.26502,-81.17781,1471
BC,35.26493,-81.17783,1472
BC,35.26486,-81.17784,1473
BC,35.26465,-81.17788,1474
BC,35.26435,-81.17793,1475
BC,35.2639,-81.17803,1476
BC,35.26387,-81.17808,1477
BC,35.26386,-81.1782,1478
BC,35.26384,-81.1784,1479
BC,35.26384,-81.17842,1480
BC,35.26383,-81.17875,1481
BC,35.26382,-81.17889,1482
BC,35.26382,-81.17895,1483
BC,35.2638,-81.18007,1484
BC,35.26426,-81.18005,1485
