shape_id,shape_pt_lat,shape_pt_lon,shape_pt_sequence
1,35.34695,-81.90721,0
1,35.34697,-81.90718,1
1,35.34705,-81.90715,2
1,35.34738,-81.90704,3
1,35.34766,-81.90695,4
1,35.34774,-81.90692,5
1,35.34794,-81.90685,6
1,35.34795,-81.90685,7
1,35.34803,-81.90683,8
1,35.34806,-81.90682,9
1,35.34808,-81.90682,10
1,35.34812,-81.90681,11
1,35.34815,-81.90681,12
1,35.34869,-81.90679,13
1,35.34887,-81.90678,14
1,35.34902,-81.90677,15
1,35.34909,-81.90677,16
1,35.3492,-81.90677,17
1,35.34927,-81.90676,18
1,35.34938,-81.90676,19
1,35.34963,-81.90675,20
1,35.34981,-81.90674,21
1,35.3501,-81.90673,22
1,35.35059,-81.90672,23
1,35.35099,-81.9067,24
1,35.35121,-81.90669,25
1,35.35134,-81.90669,26
1,35.3514,-81.90669,27
1,35.35145,-81.90669,28
1,35.35152,-81.90669,29
1,35.3517,-81.90669,30
1,35.35186,-81.90669,31
1,35.3519,-81.90669,32
1,35.35192,-81.90669,33
1,35.35204,-81.90669,34
1,35.35207,-81.90669,35
1,35.35207,-81.9071,36
1,35.35208,-81.90779,37
1,35.35209,-81.90809,38
1,35.35209,-81.90831,39
1,35.3521,-81.90875,40
1,35.35211,-81.90923,41
1,35.35211,-81.90941,42
1,35.35211,-81.90945,43
1,35.35212,-81.91011,44
1,35.35213,-81.91055,45
1,35.35213,-81.91104,46
1,35.35215,-81.91205,47
1,35.35216,-81.91228,48
1,35.35216,-81.91254,49
1,35.35221,-81.91301,50
1,35.35226,-81.91342,51
1,35.35229,-81.91363,52
1,35.3523,-81.91368,53
1,35.35237,-81.91407,54
1,35.35241,-81.91428,55
1,35.35242,-81.91432,56
1,35.35244,-81.91446,57
1,35.35257,-81.91517,58
1,35.35268,-81.91579,59
1,35.35272,-81.916,60
1,35.35275,-81.91621,61
1,35.35276,-81.91622,62
1,35.35279,-81.91643,63
1,35.35283,-81.91665,64
1,35.35287,-81.91685,65
1,35.35287,-81.91687,66
1,35.35295,-81.9173,67
1,35.35299,-81.9175,68
1,35.35299,-81.91751,69
1,35.35302,-81.91771,70
1,35.35317,-81.91859,71
1,35.35324,-81.91897,72
1,35.35333,-81.91937,73
1,35.35337,-81.91948,74
1,35.35343,-81.91964,75
1,35.35349,-81.91984,76
1,35.3535,-81.91985,77
1,35.35356,-81.92003,78
1,35.3538,-81.92064,79
1,35.35381,-81.92066,80
1,35.35396,-81.92106,81
1,35.35403,-81.92126,82
1,35.35426,-81.92186,83
1,35.35456,-81.92266,84
1,35.3548,-81.9233,85
1,35.35488,-81.92352,86
1,35.35512,-81.92416,87
1,35.35571,-81.92571,88
1,35.35617,-81.92692,89
1,35.35622,-81.92704,90
1,35.35629,-81.92723,91
1,35.35637,-81.92744,92
1,35.35639,-81.92752,93
1,35.3564,-81.92755,94
1,35.35641,-81.92757,95
1,35.35642,-81.92761,96
1,35.35644,-81.92781,97
1,35.35642,-81.928,98
1,35.3564,-81.92814,99
1,35.3564,-81.92823,100
1,35.35642,-81.92843,101
1,35.35676,-81.92933,102
1,35.35692,-81.92969,103
1,35.35701,-81.92992,104
1,35.35727,-81.93055,105
1,35.35742,-81.93095,106
1,35.3575,-81.93115,107
1,35.35758,-81.93135,108
1,35.35781,-81.93194,109
1,35.35804,-81.93253,110
1,35.35811,-81.93272,111
1,35.35813,-81.93278,112
1,35.35847,-81.93365,113
1,35.3586,-81.93395,114
1,35.35866,-81.93412,115
1,35.35872,-81.93425,116
1,35.35876,-81.93433,117
1,35.35893,-81.93468,118
1,35.35895,-81.93472,119
1,35.35903,-81.93486,120
1,35.35924,-81.93523,121
1,35.35964,-81.9359,122
1,35.35996,-81.93641,123
1,35.36034,-81.937,124
1,35.36049,-81.93724,125
1,35.36095,-81.93795,126
1,35.36104,-81.9381,127
1,35.36119,-81.93834,128
1,35.36126,-81.93846,129
1,35.36138,-81.93867,130
1,35.36162,-81.9391,131
1,35.36171,-81.93927,132
1,35.3622,-81.94025,133
1,35.36226,-81.94038,134
1,35.36238,-81.94061,135
1,35.3625,-81.94086,136
1,35.36264,-81.94076,137
1,35.36266,-81.94075,138
1,35.36283,-81.94089,139
1,35.36286,-81.94091,140
1,35.36287,-81.94091,141
1,35.36288,-81.94091,142
1,35.36287,-81.94091,143
1,35.36286,-81.94091,144
1,35.36283,-81.94089,145
1,35.36266,-81.94075,146
1,35.36264,-81.94076,147
1,35.3625,-81.94086,148
1,35.36257,-81.94098,149
1,35.36276,-81.94138,150
1,35.36288,-81.94141,151
1,35.36294,-81.94145,152
1,35.36303,-81.9415,153
1,35.36304,-81.94151,154
1,35.36316,-81.94158,155
1,35.36321,-81.9416,156
1,35.36326,-81.94163,157
1,35.36329,-81.94164,158
1,35.36334,-81.94168,159
1,35.36339,-81.94174,160
1,35.36347,-81.94173,161
1,35.36355,-81.94174,162
1,35.3637,-81.94175,163
1,35.36379,-81.94176,164
1,35.3639,-81.94177,165
1,35.36397,-81.94178,166
1,35.36399,-81.94179,167
1,35.36412,-81.94182,168
1,35.36414,-81.94182,169
1,35.36424,-81.94186,170
1,35.36427,-81.94187,171
1,35.36456,-81.94197,172
1,35.36494,-81.94211,173
1,35.36504,-81.94214,174
1,35.36506,-81.94214,175
1,35.36513,-81.94214,176
1,35.36529,-81.94216,177
1,35.36541,-81.94217,178
1,35.36557,-81.94217,179
1,35.36581,-81.94212,180
1,35.36629,-81.94208,181
1,35.36718,-81.94201,182
1,35.36723,-81.942,183
1,35.3679,-81.94194,184
1,35.36854,-81.94188,185
1,35.36896,-81.94182,186
1,35.36936,-81.94178,187
1,35.36989,-81.94173,188
1,35.37016,-81.9417,189
1,35.37047,-81.94166,190
1,35.37099,-81.9416,191
1,35.37136,-81.94156,192
1,35.37172,-81.94152,193
1,35.37226,-81.94146,194
1,35.37256,-81.94143,195
1,35.37312,-81.94137,196
1,35.37347,-81.94136,197
1,35.37374,-81.94136,198
1,35.37395,-81.9414,199
1,35.37412,-81.94144,200
1,35.37414,-81.94144,201
1,35.37442,-81.94153,202
1,35.37448,-81.94156,203
1,35.37462,-81.94162,204
1,35.37482,-81.94172,205
1,35.37492,-81.94178,206
1,35.37506,-81.94188,207
1,35.37523,-81.94201,208
1,35.37537,-81.94213,209
1,35.37548,-81.94224,210
1,35.37557,-81.94233,211
1,35.37571,-81.94251,212
1,35.37581,-81.94265,213
1,35.37592,-81.94281,214
1,35.37601,-81.94297,215
1,35.37609,-81.94313,216
1,35.37619,-81.94333,217
1,35.37626,-81.9435,218
1,35.37638,-81.9438,219
1,35.37647,-81.94405,220
1,35.37648,-81.94408,221
1,35.37657,-81.94432,222
1,35.37666,-81.94452,223
1,35.3767,-81.94461,224
1,35.37672,-81.94466,225
1,35.37676,-81.94473,226
1,35.37678,-81.94477,227
1,35.3769,-81.94498,228
1,35.37678,-81.94531,229
1,35.37667,-81.94556,230
1,35.37664,-81.94565,231
1,35.37657,-81.94582,232
1,35.37651,-81.94599,233
1,35.37643,-81.94615,234
1,35.37642,-81.94618,235
1,35.37632,-81.94637,236
1,35.37618,-81.94666,237
1,35.37601,-81.94702,238
1.1,35.35817,-81.93276,0
1.1,35.35813,-81.93278,1
1.1,35.35847,-81.93365,2
1.1,35.3586,-81.93395,3
1.1,35.35866,-81.93412,4
1.1,35.35872,-81.93425,5
1.1,35.35876,-81.93433,6
1.1,35.35893,-81.93468,7
1.1,35.35895,-81.93472,8
1.1,35.35903,-81.93486,9
1.1,35.35924,-81.93523,10
1.1,35.35964,-81.9359,11
1.1,35.35996,-81.93641,12
1.1,35.36034,-81.937,13
1.1,35.36049,-81.93724,14
1.1,35.36095,-81.93795,15
1.1,35.36104,-81.9381,16
1.1,35.36119,-81.93834,17
1.1,35.36126,-81.93846,18
1.1,35.36138,-81.93867,19
1.1,35.36162,-81.9391,20
1.1,35.36171,-81.93927,21
1.1,35.3622,-81.94025,22
1.1,35.36226,-81.94038,23
1.1,35.36238,-81.94061,24
1.1,35.3625,-81.94086,25
1.1,35.36264,-81.94076,26
1.1,35.36266,-81.94075,27
1.1,35.36283,-81.94089,28
1.1,35.36286,-81.94091,29
1.1,35.36287,-81.94091,30
1.1,35.36286,-81.94091,31
1.1,35.36283,-81.94089,32
1.1,35.36266,-81.94075,33
1.1,35.36264,-81.94076,34
1.1,35.3625,-81.94086,35
1.1,35.36257,-81.94098,36
1.1,35.36276,-81.94138,37
1.1,35.36288,-81.94141,38
1.1,35.36294,-81.94145,39
1.1,35.36303,-81.9415,40
1.1,35.36304,-81.94151,41
1.1,35.36316,-81.94158,42
1.1,35.36321,-81.9416,43
1.1,35.36326,-81.94163,44
1.1,35.36329,-81.94164,45
1.1,35.36334,-81.94168,46
1.1,35.36339,-81.94174,47
1.1,35.36347,-81.94173,48
1.1,35.36355,-81.94174,49
1.1,35.3637,-81.94175,50
1.1,35.36379,-81.94176,51
1.1,35.3639,-81.94177,52
1.1,35.36397,-81.94178,53
1.1,35.36399,-81.94179,54
1.1,35.36412,-81.94182,55
1.1,35.36414,-81.94182,56
1.1,35.36424,-81.94186,57
1.1,35.36427,-81.94187,58
1.1,35.36456,-81.94197,59
1.1,35.36494,-81.94211,60
1.1,35.36504,-81.94214,61
1.1,35.36506,-81.94214,62
1.1,35.36513,-81.94214,63
1.1,35.36529,-81.94216,64
1.1,35.36541,-81.94217,65
1.1,35.36557,-81.94217,66
1.1,35.36581,-81.94212,67
1.1,35.36629,-81.94208,68
1.1,35.36718,-81.94201,69
1.1,35.36723,-81.942,70
1.1,35.3679,-81.94194,71
1.1,35.36854,-81.94188,72
1.1,35.36896,-81.94182,73
1.1,35.36936,-81.94178,74
1.1,35.36989,-81.94173,75
1.1,35.37016,-81.9417,76
1.1,35.37047,-81.94166,77
1.1,35.37099,-81.9416,78
1.1,35.37136,-81.94156,79
1.1,35.37172,-81.94152,80
1.1,35.37226,-81.94146,81
1.1,35.37256,-81.94143,82
1.1,35.37312,-81.94137,83
1.1,35.37347,-81.94136,84
1.1,35.37374,-81.94136,85
1.1,35.37395,-81.9414,86
1.1,35.37412,-81.94144,87
1.1,35.37414,-81.94144,88
1.1,35.37442,-81.94153,89
1.1,35.37448,-81.94156,90
1.1,35.37462,-81.94162,91
1.1,35.37482,-81.94172,92
1.1,35.37492,-81.94178,93
1.1,35.37506,-81.94188,94
1.1,35.37523,-81.94201,95
1.1,35.37537,-81.94213,96
1.1,35.37548,-81.94224,97
1.1,35.37557,-81.94233,98
1.1,35.37571,-81.94251,99
1.1,35.37581,-81.94265,100
1.1,35.37592,-81.94281,101
1.1,35.37601,-81.94297,102
1.1,35.37609,-81.94313,103
1.1,35.37619,-81.94333,104
1.1,35.37626,-81.9435,105
1.1,35.37638,-81.9438,106
1.1,35.37647,-81.94405,107
1.1,35.37648,-81.94408,108
1.1,35.37657,-81.94432,109
1.1,35.37666,-81.94452,110
1.1,35.3767,-81.94461,111
1.1,35.37672,-81.94466,112
1.1,35.37676,-81.94473,113
1.1,35.37678,-81.94477,114
1.1,35.3769,-81.94498,115
1.1,35.37678,-81.94531,116
1.1,35.37667,-81.94556,117
1.1,35.37666,-81.94561,118
1.1,35.37643,-81.94611,119
1.1,35.37579,-81.94744,120
1.1,35.37471,-81.94974,121
1.1,35.37367,-81.95218,122
1.1,35.37328,-81.95362,123
1.1,35.37304,-81.95484,124
1.1,35.37303,-81.95523,125
1.1,35.37305,-81.95576,126
1.1,35.36909,-81.95685,127
1.1,35.36903,-81.95686,128
1.1,35.36862,-81.95696,129
1.1,35.36844,-81.957,130
1.1,35.36801,-81.95711,131
1.1,35.36762,-81.95721,132
1.1,35.36749,-81.95725,133
1.1,35.36745,-81.95726,134
1.1,35.36723,-81.95731,135
1.1,35.36705,-81.95735,136
1.1,35.36662,-81.95747,137
1.1,35.36665,-81.95785,138
1.1,35.36667,-81.95807,139
1.1,35.36673,-81.9585,140
1.1,35.36677,-81.95872,141
1.1,35.3668,-81.95893,142
1.1,35.36681,-81.95901,143
1.1,35.36652,-81.95908,144
1.1,35.36634,-81.95914,145
1.1,35.36617,-81.95921,146
1.1,35.36609,-81.95941,147
1.1,35.36597,-81.95968,148
1.1,35.36575,-81.96019,149
1.1,35.36571,-81.96028,150
1.1,35.3656,-81.96051,151
1.1,35.3654,-81.96096,152
1.1,35.36531,-81.96115,153
1.1,35.36527,-81.96124,154
1.1,35.36522,-81.96134,155
1.1,35.36518,-81.96143,156
1.1,35.36509,-81.96162,157
1.1,35.36505,-81.96171,158
1.1,35.36497,-81.9619,159
1.1,35.36489,-81.96206,160
1.1,35.36452,-81.96289,161
1.1,35.36435,-81.96328,162
1.1,35.36427,-81.96344,163
1.1,35.36418,-81.96364,164
1.1,35.36401,-81.96402,165
1.1,35.36375,-81.9646,166
1.1,35.36366,-81.96479,167
1.1,35.36366,-81.96486,168
1.1,35.36365,-81.96492,169
1.1,35.36365,-81.96498,170
1.1,35.36366,-81.96503,171
1.1,35.36367,-81.96509,172
1.1,35.36372,-81.96521,173
1.1,35.36354,-81.96504,174
1.1,35.36349,-81.96514,175
1.1,35.36346,-81.96521,176
1.1,35.36346,-81.96524,177
1.1,35.36344,-81.9653,178
1.1,35.36343,-81.96535,179
1.1,35.36342,-81.96539,180
1.1,35.36341,-81.96549,181
1.1,35.36333,-81.96548,182
1.1,35.36329,-81.96548,183
1.1,35.36327,-81.96548,184
1.1,35.36324,-81.96547,185
1.1,35.36322,-81.96546,186
1.1,35.36319,-81.96543,187
1.1,35.36312,-81.96537,188
1.1,35.36299,-81.96525,189
1.1,35.36265,-81.96491,190
1.1,35.36261,-81.96488,191
1.1,35.36255,-81.96486,192
1.1,35.36254,-81.96486,193
1.1,35.3625,-81.96485,194
1.1,35.36245,-81.96485,195
1.1,35.3624,-81.96485,196
1.1,35.36235,-81.96486,197
1.1,35.36231,-81.96488,198
1.1,35.36227,-81.96489,199
1.1,35.36223,-81.96491,200
1.1,35.3622,-81.96494,201
1.1,35.36218,-81.96496,202
1.1,35.36216,-81.96499,203
1.1,35.36208,-81.96511,204
1.1,35.36207,-81.96513,205
1.1,35.36204,-81.96517,206
1.1,35.36197,-81.96529,207
1.1,35.36185,-81.96549,208
1.1,35.36164,-81.96585,209
1.1,35.36155,-81.96576,210
1.1,35.36151,-81.96573,211
1.1,35.36135,-81.96558,212
1.1,35.36126,-81.96549,213
1.1,35.36115,-81.96539,214
1.1,35.36084,-81.96508,215
1.1,35.3607,-81.96494,216
1.1,35.36058,-81.96509,217
1.1,35.36052,-81.96517,218
1.1,35.36045,-81.96524,219
1.1,35.36038,-81.96531,220
1.1,35.36034,-81.96535,221
1.1,35.36016,-81.96549,222
1.1,35.36007,-81.96553,223
1.1,35.35999,-81.96557,224
1.1,35.35995,-81.96559,225
1.1,35.35994,-81.9656,226
1.1,35.3599,-81.96561,227
1.1,35.35959,-81.96572,228
1.1,35.35956,-81.96573,229
1.1,35.35952,-81.96575,230
1.1,35.35939,-81.96582,231
1.1,35.35933,-81.96585,232
1.1,35.35908,-81.96605,233
1.1,35.3588,-81.96583,234
1.1,35.35878,-81.96581,235
1.1,35.35866,-81.96567,236
1.1,35.35875,-81.96551,237
1.1,35.35873,-81.9655,238
1.1,35.35859,-81.96541,239
1.1,35.35857,-81.9654,240
1.1,35.3585,-81.96535,241
1.1,35.35843,-81.96532,242
1.1,35.35841,-81.96531,243
1.1,35.35825,-81.96522,244
1.1,35.35819,-81.96518,245
1.1,35.35802,-81.96509,246
1.1,35.35792,-81.96503,247
1.1,35.35775,-81.96494,248
1.1,35.35757,-81.96481,249
1.1,35.35739,-81.96467,250
1.1,35.35732,-81.96461,251
1.1,35.35724,-81.96455,252
1.1,35.35695,-81.96429,253
1.1,35.3567,-81.96409,254
1.1,35.35655,-81.96397,255
1.1,35.35625,-81.96373,256
1.1,35.3561,-81.96361,257
1.1,35.35596,-81.96348,258
1.1,35.35581,-81.96336,259
1.1,35.35536,-81.96298,260
1.1,35.35522,-81.96286,261
1.1,35.35483,-81.96253,262
1.1,35.35451,-81.96226,263
1.1,35.35436,-81.96213,264
1.1,35.35406,-81.96188,265
1.1,35.35391,-81.96176,266
1.1,35.35389,-81.96174,267
1.1,35.35376,-81.96164,268
1.1,35.35374,-81.96161,269
1.1,35.35372,-81.96159,270
1.1,35.35366,-81.96152,271
1.1,35.35362,-81.96145,272
1.1,35.35352,-81.96131,273
1.1,35.3535,-81.96128,274
1.1,35.35349,-81.96126,275
1.1,35.35339,-81.96111,276
1.1,35.35275,-81.9613,277
1.1,35.35274,-81.9613,278
1.1,35.35273,-81.9613,279
1.1,35.35234,-81.96142,280
1.1,35.35221,-81.96145,281
1.1,35.35174,-81.96159,282
1.1,35.35141,-81.96169,283
1.1,35.35112,-81.96177,284
1.1,35.35059,-81.96192,285
1.1,35.35018,-81.96205,286
1.1,35.34983,-81.96215,287
1.1,35.34966,-81.96221,288
1.1,35.34948,-81.96226,289
1.1,35.34931,-81.96231,290
1.1,35.34924,-81.96233,291
1.1,35.34889,-81.96243,292
1.1,35.34871,-81.96248,293
1.1,35.34854,-81.96253,294
1.1,35.34849,-81.96254,295
1.1,35.34801,-81.96268,296
1.1,35.34784,-81.96274,297
1.1,35.34773,-81.96277,298
1.1,35.34749,-81.96284,299
1.1,35.34722,-81.96292,300
1.1,35.34712,-81.96295,301
1.1,35.34694,-81.963,302
1.1,35.34687,-81.96303,303
1.1,35.34677,-81.96306,304
1.1,35.3467,-81.96307,305
1.1,35.34659,-81.96311,306
1.1,35.34648,-81.96314,307
1.1,35.34642,-81.96316,308
1.1,35.34624,-81.96321,309
1.1,35.3461,-81.96324,310
1.1,35.34607,-81.96325,311
1.1,35.34571,-81.96334,312
1.1,35.34554,-81.96337,313
1.1,35.34542,-81.9634,314
1.1,35.34519,-81.96344,315
1.1,35.34496,-81.96347,316
1.1,35.34482,-81.96349,317
1.1,35.34469,-81.9635,318
1.1,35.34464,-81.96351,319
1.1,35.34453,-81.96352,320
1.1,35.34446,-81.96352,321
1.1,35.34441,-81.96353,322
1.1,35.34428,-81.96353,323
1.1,35.34426,-81.96353,324
1.1,35.34412,-81.96354,325
1.1,35.3441,-81.96354,326
1.1,35.34394,-81.96354,327
1.1,35.34391,-81.96354,328
1.1,35.34379,-81.96354,329
1.1,35.34363,-81.96354,330
1.1,35.34346,-81.96353,331
1.1,35.34323,-81.96351,332
1.1,35.34301,-81.96349,333
1.1,35.34296,-81.96349,334
1.1,35.34284,-81.96347,335
1.1,35.34268,-81.96346,336
1.1,35.34251,-81.96343,337
1.1,35.34248,-81.96342,338
1.1,35.34245,-81.96342,339
1.1,35.34236,-81.9634,340
1.1,35.3423,-81.96339,341
1.1,35.34221,-81.96337,342
1.1,35.34212,-81.96335,343
1.1,35.34209,-81.96335,344
1.1,35.34206,-81.96334,345
1.1,35.34195,-81.96331,346
1.1,35.34191,-81.96331,347
1.1,35.34177,-81.96327,348
1.1,35.34174,-81.96326,349
1.1,35.3416,-81.96322,350
1.1,35.34159,-81.96322,351
1.1,35.34149,-81.96319,352
1.1,35.34139,-81.96316,353
1.1,35.34128,-81.96313,354
1.1,35.34111,-81.96308,355
1.1,35.34085,-81.96298,356
1.1,35.34047,-81.96284,357
1.1,35.34051,-81.96274,358
1.1,35.34052,-81.9627,359
1.1,35.34056,-81.96259,360
1.1,35.3406,-81.96228,361
1.1,35.34062,-81.96206,362
1.1,35.34064,-81.96191,363
1.1,35.34063,-81.96162,364
1.1,35.34061,-81.9614,365
1.1,35.34061,-81.96139,366
1.1,35.34057,-81.96118,367
1.1,35.34053,-81.96097,368
1.1,35.34053,-81.96096,369
1.1,35.34043,-81.96055,370
1.1,35.34033,-81.96014,371
1.1,35.34022,-81.9597,372
1.1,35.34017,-81.95949,373
1.1,35.34014,-81.95938,374
1.1,35.34012,-81.95928,375
1.1,35.33996,-81.95873,376
1.1,35.33991,-81.95844,377
1.1,35.33987,-81.95822,378
1.1,35.33984,-81.95806,379
1.1,35.33984,-81.95801,380
1.1,35.33983,-81.95757,381
1.1,35.33982,-81.95743,382
1.1,35.33985,-81.95723,383
1.1,35.33993,-81.95676,384
1.1,35.34001,-81.9565,385
1.1,35.34016,-81.95609,386
1.1,35.34035,-81.95573,387
1.1,35.3406,-81.95536,388
1.1,35.3407,-81.95518,389
1.1,35.34086,-81.95496,390
1.1,35.34151,-81.954,391
1.1,35.34163,-81.95383,392
1.1,35.34183,-81.95354,393
1.1,35.34186,-81.95349,394
1.1,35.34247,-81.95255,395
1.1,35.3427,-81.95221,396
1.1,35.34289,-81.95196,397
1.1,35.34301,-81.9518,398
1.1,35.34313,-81.95163,399
1.1,35.34361,-81.95099,400
1.1,35.34361,-81.95098,401
1.1,35.34375,-81.95084,402
1.1,35.34403,-81.95056,403
1.1,35.34416,-81.95041,404
1.1,35.3443,-81.95027,405
1.1,35.34444,-81.95013,406
1.1,35.34447,-81.9501,407
1.1,35.3447,-81.94982,408
1.1,35.34483,-81.94967,409
1.1,35.34495,-81.94951,410
1.1,35.34497,-81.9495,411
1.1,35.34517,-81.94916,412
1.1,35.34528,-81.94899,413
1.1,35.34539,-81.94881,414
1.1,35.34541,-81.94877,415
1.1,35.34548,-81.94862,416
1.1,35.34557,-81.94843,417
1.1,35.34563,-81.94831,418
1.1,35.34566,-81.94824,419
1.1,35.34573,-81.94803,420
1.1,35.34581,-81.9478,421
1.1,35.34587,-81.94763,422
1.1,35.34593,-81.94742,423
1.1,35.34598,-81.94729,424
1.1,35.34599,-81.94722,425
1.1,35.34604,-81.947,426
1.1,35.34608,-81.94679,427
1.1,35.34612,-81.94657,428
1.1,35.34616,-81.94631,429
1.1,35.34619,-81.94614,430
1.1,35.34622,-81.94592,431
1.1,35.34622,-81.94587,432
1.1,35.34625,-81.9457,433
1.1,35.34626,-81.94561,434
1.1,35.34628,-81.94549,435
1.1,35.34628,-81.94544,436
1.1,35.34631,-81.94522,437
1.1,35.34633,-81.94505,438
1.1,35.34636,-81.94483,439
1.1,35.34639,-81.94462,440
1.1,35.34643,-81.94435,441
1.1,35.34646,-81.94413,442
1.1,35.34649,-81.94392,443
1.1,35.34652,-81.9437,444
1.1,35.34652,-81.94364,445
1.1,35.34655,-81.94348,446
1.1,35.34658,-81.94326,447
1.1,35.3466,-81.94309,448
1.1,35.34663,-81.94283,449
1.1,35.34668,-81.94244,450
1.1,35.34671,-81.94222,451
1.1,35.34678,-81.94171,452
1.1,35.34683,-81.94133,453
1.1,35.3469,-81.94087,454
1.1,35.34696,-81.94044,455
1.1,35.34702,-81.94,456
1.1,35.34705,-81.93978,457
1.1,35.34705,-81.93977,458
1.1,35.34707,-81.93956,459
1.1,35.3471,-81.93935,460
1.1,35.34712,-81.93915,461
1.1,35.34718,-81.93879,462
1.1,35.34732,-81.93828,463
1.1,35.34733,-81.93824,464
1.1,35.34739,-81.93808,465
1.1,35.34743,-81.938,466
1.1,35.34748,-81.93789,467
1.1,35.34755,-81.93775,468
1.1,35.34768,-81.93753,469
1.1,35.34769,-81.93751,470
1.1,35.34781,-81.93737,471
1.1,35.34791,-81.93724,472
1.1,35.34794,-81.93722,473
1.1,35.34808,-81.93708,474
1.1,35.34823,-81.93695,475
1.1,35.34837,-81.93681,476
1.1,35.34853,-81.93671,477
1.1,35.34864,-81.93667,478
1.1,35.34889,-81.93656,479
1.1,35.34899,-81.93654,480
1.1,35.34902,-81.93653,481
1.1,35.34906,-81.93652,482
1.1,35.34911,-81.93651,483
1.1,35.34926,-81.93647,484
1.1,35.34934,-81.93646,485
1.1,35.34952,-81.93645,486
1.1,35.34959,-81.93645,487
1.1,35.34972,-81.93645,488
1.1,35.35008,-81.93647,489
1.1,35.35016,-81.93647,490
1.1,35.35026,-81.93648,491
1.1,35.35027,-81.93648,492
1.1,35.35034,-81.93647,493
1.1,35.35079,-81.9364,494
1.1,35.35093,-81.93638,495
1.1,35.35133,-81.93619,496
1.1,35.35138,-81.93615,497
1.1,35.35168,-81.93592,498
1.1,35.35184,-81.9358,499
1.1,35.35192,-81.93574,500
1.1,35.35203,-81.93565,501
1.1,35.35248,-81.93531,502
1.1,35.35274,-81.93509,503
1.1,35.35289,-81.93496,504
1.1,35.35321,-81.93469,505
1.1,35.35325,-81.93466,506
1.1,35.35331,-81.93461,507
1.1,35.35342,-81.93453,508
1.1,35.35346,-81.9345,509
1.1,35.35389,-81.93421,510
1.1,35.3544,-81.93387,511
1.1,35.35513,-81.93358,512
1.1,35.35541,-81.93351,513
1.1,35.35567,-81.93345,514
1.1,35.35594,-81.9334,515
1.1,35.35602,-81.93338,516
1.1,35.35647,-81.9333,517
1.1,35.3566,-81.93328,518
1.1,35.35696,-81.93323,519
1.1,35.35708,-81.93321,520
1.1,35.35743,-81.93312,521
1.1,35.35749,-81.93311,522
1.1,35.35766,-81.93305,523
1.1,35.35799,-81.93286,524
1.1,35.35813,-81.93278,525
1.1,35.35804,-81.93253,526
1.1,35.35781,-81.93194,527
1.1,35.35758,-81.93135,528
1.1,35.3575,-81.93115,529
1.1,35.35742,-81.93095,530
1.1,35.35727,-81.93055,531
1.1,35.35711,-81.93018,532
1.1,35.35701,-81.92992,533
1.1,35.35692,-81.92969,534
1.1,35.35676,-81.92933,535
1.1,35.35642,-81.92843,536
1.1,35.3564,-81.92823,537
1.1,35.3564,-81.92814,538
1.1,35.35642,-81.928,539
1.1,35.35644,-81.92781,540
1.1,35.35642,-81.92761,541
1.1,35.35641,-81.92757,542
1.1,35.3564,-81.92755,543
1.1,35.35639,-81.92752,544
1.1,35.35637,-81.92744,545
1.1,35.35629,-81.92723,546
1.1,35.35622,-81.92704,547
1.1,35.35617,-81.92692,548
1.1,35.35571,-81.92571,549
1.1,35.35512,-81.92416,550
1.1,35.35488,-81.92352,551
1.1,35.3548,-81.9233,552
1.1,35.35456,-81.92266,553
1.1,35.35426,-81.92186,554
1.1,35.35403,-81.92126,555
1.1,35.35396,-81.92106,556
1.1,35.35381,-81.92066,557
1.1,35.3538,-81.92064,558
1.1,35.35362,-81.92066,559
1.1,35.35357,-81.92069,560
1.1,35.35346,-81.92057,561
1.1,35.35343,-81.92054,562
1.1,35.35337,-81.92039,563
1.1,35.35323,-81.92009,564
1.1,35.35321,-81.92004,565
1.1,35.35319,-81.91998,566
1.1,35.35317,-81.91996,567
1.1,35.35306,-81.91979,568
1.1,35.35304,-81.91977,569
1.1,35.35303,-81.91974,570
1.1,35.35288,-81.91956,571
1.1,35.35286,-81.91954,572
1.1,35.35279,-81.91944,573
1.1,35.3526,-81.91929,574
1.1,35.35255,-81.91925,575
1.1,35.35248,-81.91919,576
1.1,35.35212,-81.91899,577
1.1,35.35207,-81.91897,578
1.1,35.35198,-81.91894,579
1.1,35.35195,-81.91892,580
1.1,35.3519,-81.9189,581
1.1,35.35167,-81.91881,582
1.1,35.3513,-81.91867,583
1.1,35.35121,-81.91864,584
1.1,35.35109,-81.91859,585
1.1,35.35104,-81.91857,586
1.1,35.35101,-81.91856,587
1.1,35.35076,-81.91844,588
1.1,35.35083,-81.91809,589
1.1,35.35088,-81.91776,590
1.1,35.3509,-81.91762,591
1.1,35.35091,-81.91758,592
1.1,35.35093,-81.91736,593
1.1,35.35096,-81.91714,594
1.1,35.35099,-81.91671,595
1.1,35.35101,-81.91645,596
1.1,35.35102,-81.9163,597
1.1,35.35102,-81.91627,598
1.1,35.35102,-81.91605,599
1.1,35.35101,-81.91582,600
1.1,35.35101,-81.91579,601
1.1,35.35095,-81.91542,602
1.1,35.35085,-81.91497,603
1.1,35.35085,-81.91493,604
1.1,35.35081,-81.91475,605
1.1,35.3508,-81.91469,606
1.1,35.35064,-81.91404,607
1.1,35.35056,-81.9137,608
1.1,35.35051,-81.91348,609
1.1,35.35049,-81.9134,610
1.1,35.35046,-81.91327,611
1.1,35.35039,-81.91296,612
1.1,35.35032,-81.91246,613
1.1,35.35035,-81.91203,614
1.1,35.35042,-81.91159,615
1.1,35.35051,-81.91094,616
1.1,35.35037,-81.91092,617
1.1,35.35015,-81.91091,618
1.1,35.35009,-81.9109,619
1.1,35.35008,-81.9109,620
1.1,35.35006,-81.9109,621
1.1,35.34982,-81.91088,622
1.1,35.34979,-81.91088,623
1.1,35.34973,-81.91087,624
1.1,35.34972,-81.91087,625
1.1,35.34955,-81.91086,626
1.1,35.34943,-81.91085,627
1.1,35.34939,-81.91085,628
1.1,35.34884,-81.9108,629
1.1,35.34846,-81.91077,630
1.1,35.34833,-81.91076,631
1.1,35.34819,-81.91075,632
1.1,35.34788,-81.91072,633
1.1,35.34765,-81.9107,634
1.1,35.34763,-81.9107,635
1.1,35.34758,-81.91071,636
1.1,35.34726,-81.91073,637
1.1,35.34712,-81.91074,638
1.1,35.34704,-81.91075,639
1.1,35.34694,-81.91076,640
1.1,35.34668,-81.91079,641
1.1,35.34624,-81.91084,642
1.1,35.34547,-81.91093,643
1.1,35.34521,-81.91096,644
1.1,35.34521,-81.91089,645
1.1,35.3452,-81.91084,646
1.1,35.34519,-81.91073,647
1.1,35.34519,-81.91055,648
1.1,35.34519,-81.91048,649
1.1,35.34519,-81.91028,650
1.1,35.34518,-81.90972,651
1.1,35.34519,-81.90956,652
1.1,35.34519,-81.90934,653
1.1,35.34519,-81.90923,654
1.1,35.34519,-81.90846,655
1.1,35.34519,-81.90824,656
1.1,35.34519,-81.90802,657
1.1,35.34519,-81.90736,658
1.1,35.34519,-81.90723,659
1.1,35.34519,-81.90719,660
1.1,35.34519,-81.90697,661
1.1,35.34519,-81.9068,662
1.1,35.34519,-81.90666,663
1.1,35.34519,-81.90614,664
1.1,35.3452,-81.90603,665
1.1,35.3452,-81.90589,666
1.1,35.3452,-81.90515,667
1.1,35.3452,-81.9047,668
1.1,35.3452,-81.90422,669
1.1,35.3452,-81.90412,670
1.1,35.34521,-81.90401,671
1.1,35.34521,-81.90366,672
1.1,35.34521,-81.90359,673
1.1,35.34519,-81.90346,674
1.1,35.34516,-81.90324,675
1.1,35.34514,-81.90311,676
1.1,35.34503,-81.90282,677
1.1,35.34494,-81.90254,678
1.1,35.34488,-81.90242,679
1.1,35.34479,-81.90223,680
1.1,35.34461,-81.90185,681
1.1,35.34438,-81.90146,682
1.1,35.34435,-81.90141,683
1.1,35.34432,-81.90135,684
1.1,35.34421,-81.90116,685
1.1,35.34417,-81.90109,686
1.1,35.34402,-81.90086,687
1.1,35.34379,-81.90047,688
1.1,35.34348,-81.90008,689
1.1,35.34326,-81.8998,690
1.1,35.34311,-81.89961,691
1.1,35.34307,-81.89955,692
1.1,35.34311,-81.89961,693
1.1,35.34297,-81.89973,694
1.1,35.34254,-81.90009,695
1.1,35.3422,-81.90038,696
1.1,35.34211,-81.90045,697
1.1,35.3419,-81.90063,698
1.1,35.34178,-81.90042,699
1.1,35.34176,-81.90037,700
1.1,35.34171,-81.9003,701
1.1,35.34163,-81.90018,702
1.1,35.34157,-81.90012,703
1.1,35.34148,-81.90004,704
1.1,35.34142,-81.89999,705
1.1,35.34124,-81.89988,706
1.1,35.34122,-81.89987,707
1.1,35.34113,-81.89982,708
1.1,35.34109,-81.8998,709
1.1,35.34105,-81.89978,710
1.1,35.34079,-81.89964,711
1.1,35.34076,-81.89962,712
1.1,35.34064,-81.89956,713
1.1,35.3405,-81.89948,714
1.1,35.34044,-81.89944,715
1.1,35.3404,-81.89942,716
1.1,35.34032,-81.89937,717
1.1,35.34025,-81.89932,718
1.1,35.34023,-81.89931,719
1.1,35.34015,-81.89925,720
1.1,35.34012,-81.89922,721
1.1,35.34008,-81.89919,722
1.1,35.34002,-81.89913,723
1.1,35.34002,-81.89912,724
1.1,35.33994,-81.89902,725
1.1,35.33986,-81.8989,726
1.1,35.33985,-81.89888,727
1.1,35.3398,-81.89876,728
1.1,35.33976,-81.89865,729
1.1,35.33971,-81.89851,730
1.1,35.3397,-81.89848,731
1.1,35.33967,-81.89836,732
1.1,35.33949,-81.89843,733
1.1,35.33937,-81.89849,734
1.1,35.33918,-81.89856,735
1.1,35.33903,-81.89863,736
1.1,35.33901,-81.89864,737
1.1,35.33892,-81.89868,738
1.1,35.33871,-81.89874,739
1.1,35.33867,-81.89876,740
1.1,35.33852,-81.89883,741
1.1,35.33832,-81.89818,742
1.1,35.33816,-81.89768,743
1.1,35.33798,-81.89719,744
1.1,35.33787,-81.8969,745
1.1,35.33776,-81.89661,746
1.1,35.33763,-81.89629,747
1.1,35.33737,-81.89571,748
1.1,35.3373,-81.89554,749
1.1,35.33719,-81.89533,750
1.1,35.33713,-81.89519,751
1.1,35.33701,-81.89496,752
1.1,35.33688,-81.89472,753
1.1,35.33676,-81.89482,754
1.1,35.33673,-81.89485,755
1.1,35.33661,-81.89496,756
1.1,35.33658,-81.89498,757
1.1,35.33649,-81.89508,758
1.1,35.33642,-81.89518,759
1.1,35.33623,-81.89566,760
1.1,35.33615,-81.89593,761
1.1,35.33635,-81.89608,762
1.1,35.33636,-81.89608,763
1.1,35.33644,-81.89618,764
1.1,35.33652,-81.89634,765
1.1,35.33652,-81.89637,766
1.1,35.33655,-81.89649,767
1.1,35.33669,-81.89723,768
1.1,35.33671,-81.89734,769
1.1,35.33673,-81.89744,770
1.1,35.33676,-81.89758,771
1.1,35.33676,-81.8977,772
1.1,35.33676,-81.89773,773
1.1,35.33673,-81.89787,774
1.1,35.33671,-81.89795,775
1.1,35.33635,-81.89887,776
1.1,35.33627,-81.89907,777
1.1,35.33616,-81.89935,778
1.1,35.33599,-81.89925,779
1.1,35.33584,-81.89916,780
1.1,35.3357,-81.89908,781
1.1,35.33557,-81.899,782
1.1,35.3357,-81.89908,783
1.1,35.33584,-81.89916,784
1.1,35.33599,-81.89925,785
1.1,35.33607,-81.89905,786
1.1,35.33615,-81.89886,787
1.1,35.33624,-81.89866,788
1.1,35.33632,-81.89847,789
1.1,35.3364,-81.89827,790
1.1,35.33648,-81.89808,791
1.1,35.3366,-81.8978,792
1.1,35.33673,-81.89787,793
1.1,35.33676,-81.89773,794
1.1,35.33676,-81.8977,795
1.1,35.33676,-81.89758,796
1.1,35.33673,-81.89744,797
1.1,35.33671,-81.89734,798
1.1,35.33669,-81.89723,799
1.1,35.33655,-81.89649,800
1.1,35.33652,-81.89637,801
1.1,35.33652,-81.89634,802
1.1,35.33644,-81.89618,803
1.1,35.33636,-81.89608,804
1.1,35.33635,-81.89608,805
1.1,35.33615,-81.89593,806
1.1,35.33611,-81.8959,807
1.1,35.33614,-81.89577,808
1.1,35.33618,-81.89563,809
1.1,35.33619,-81.89561,810
1.1,35.33624,-81.89539,811
1.1,35.33627,-81.8953,812
1.1,35.33631,-81.89515,813
1.1,35.33634,-81.89511,814
1.1,35.33642,-81.89499,815
1.1,35.33643,-81.89498,816
1.1,35.33651,-81.89489,817
1.1,35.33655,-81.89483,818
1.1,35.33671,-81.89472,819
1.1,35.33683,-81.89463,820
1.1,35.33698,-81.89449,821
1.1,35.33704,-81.89459,822
1.1,35.33709,-81.89469,823
1.1,35.3374,-81.89533,824
1.1,35.33752,-81.89559,825
1.1,35.33765,-81.89589,826
1.1,35.33784,-81.89634,827
1.1,35.33786,-81.89638,828
1.1,35.33795,-81.89661,829
1.1,35.33817,-81.89722,830
1.1,35.33819,-81.89725,831
1.1,35.33829,-81.89755,832
1.1,35.3383,-81.89758,833
1.1,35.3384,-81.89788,834
1.1,35.33842,-81.89795,835
1.1,35.33854,-81.89835,836
1.1,35.33867,-81.89876,837
1.1,35.33872,-81.89896,838
1.1,35.33879,-81.89922,839
1.1,35.33883,-81.89939,840
1.1,35.33895,-81.89984,841
1.1,35.33906,-81.90041,842
1.1,35.33913,-81.90076,843
1.1,35.33915,-81.90088,844
1.1,35.33919,-81.90109,845
1.1,35.33921,-81.90118,846
1.1,35.33934,-81.90194,847
1.1,35.33934,-81.90196,848
1.1,35.33937,-81.90217,849
1.1,35.33945,-81.9026,850
1.1,35.33949,-81.90285,851
1.1,35.33955,-81.90325,852
1.1,35.33962,-81.90368,853
1.1,35.33971,-81.90421,854
1.1,35.33975,-81.90443,855
1.1,35.33978,-81.90464,856
1.1,35.33982,-81.90486,857
1.1,35.33986,-81.90512,858
1.1,35.33995,-81.90567,859
1.1,35.34003,-81.90613,860
1.1,35.34004,-81.90619,861
1.1,35.34015,-81.90688,862
1.1,35.34032,-81.9079,863
1.1,35.34034,-81.90789,864
1.1,35.34085,-81.90777,865
1.1,35.34083,-81.90764,866
1.1,35.34084,-81.90764,867
1.1,35.34119,-81.90756,868
1.1,35.34136,-81.90752,869
1.1,35.34174,-81.90743,870
1.1,35.34136,-81.90752,871
1.1,35.34119,-81.90756,872
1.1,35.34084,-81.90764,873
1.1,35.34083,-81.90764,874
1.1,35.34085,-81.90777,875
1.1,35.34086,-81.90781,876
1.1,35.341,-81.9086,877
1.1,35.34104,-81.90883,878
1.1,35.34104,-81.90892,879
1.1,35.34105,-81.90898,880
1.1,35.34106,-81.90902,881
1.1,35.34107,-81.90904,882
1.1,35.34107,-81.90905,883
1.1,35.34108,-81.90906,884
1.1,35.34109,-81.90906,885
1.1,35.3411,-81.90906,886
1.1,35.34112,-81.90906,887
1.1,35.34119,-81.90903,888
1.1,35.34137,-81.90899,889
1.1,35.34141,-81.90899,890
1.1,35.34143,-81.90913,891
1.1,35.34144,-81.90918,892
1.1,35.34148,-81.90934,893
1.1,35.34152,-81.90945,894
1.1,35.34161,-81.90952,895
1.1,35.34173,-81.90952,896
1.1,35.34225,-81.90939,897
1.1,35.34251,-81.90933,898
1.1,35.34272,-81.90928,899
1.1,35.3428,-81.90925,900
1.1,35.34285,-81.90918,901
1.1,35.34272,-81.90823,902
1.1,35.34265,-81.90767,903
1.1,35.34261,-81.90733,904
1.1,35.34259,-81.90719,905
1.1,35.34262,-81.90712,906
1.1,35.34277,-81.90705,907
1.1,35.34305,-81.907,908
1.1,35.34339,-81.90693,909
1.1,35.34347,-81.90692,910
1.1,35.34358,-81.90692,911
1.1,35.34376,-81.90692,912
1.1,35.34394,-81.90692,913
1.1,35.34412,-81.90692,914
1.1,35.34422,-81.90693,915
1.1,35.3443,-81.90694,916
1.1,35.34451,-81.90698,917
1.1,35.34466,-81.907,918
1.1,35.34483,-81.90702,919
1.1,35.34487,-81.90702,920
1.1,35.34506,-81.90701,921
1.1,35.34515,-81.90699,922
1.1,35.34519,-81.90697,923
1.1,35.34519,-81.90719,924
1.1,35.34519,-81.90723,925
1.1,35.34519,-81.90736,926
1.1,35.34519,-81.90802,927
1.1,35.34519,-81.90824,928
1.1,35.34519,-81.90846,929
1.1,35.34519,-81.90923,930
1.1,35.34519,-81.90934,931
1.1,35.34519,-81.90956,932
1.1,35.34518,-81.90972,933
1.1,35.34519,-81.91028,934
1.1,35.34519,-81.91048,935
1.1,35.34519,-81.91055,936
1.1,35.34519,-81.91073,937
1.1,35.3452,-81.91084,938
1.1,35.34521,-81.91089,939
1.1,35.34521,-81.91096,940
1.1,35.34547,-81.91093,941
1.1,35.34624,-81.91084,942
1.1,35.34668,-81.91079,943
1.1,35.34664,-81.91057,944
1.1,35.34661,-81.91037,945
1.2,35.34693,-81.90722,0
1.2,35.34697,-81.90718,1
1.2,35.34705,-81.90715,2
1.2,35.34738,-81.90704,3
1.2,35.34766,-81.90695,4
1.2,35.34774,-81.90692,5
1.2,35.34794,-81.90685,6
1.2,35.34795,-81.90685,7
1.2,35.34803,-81.90683,8
1.2,35.34806,-81.90682,9
1.2,35.34808,-81.90682,10
1.2,35.34812,-81.90681,11
1.2,35.34815,-81.90681,12
1.2,35.34869,-81.90679,13
1.2,35.34887,-81.90678,14
1.2,35.34902,-81.90677,15
1.2,35.34909,-81.90677,16
1.2,35.3492,-81.90677,17
1.2,35.34927,-81.90676,18
1.2,35.34938,-81.90676,19
1.2,35.34963,-81.90675,20
1.2,35.34981,-81.90674,21
1.2,35.3501,-81.90673,22
1.2,35.35059,-81.90672,23
1.2,35.35099,-81.9067,24
1.2,35.35121,-81.90669,25
1.2,35.35134,-81.90669,26
1.2,35.3514,-81.90669,27
1.2,35.35145,-81.90669,28
1.2,35.35152,-81.90669,29
1.2,35.3517,-81.90669,30
1.2,35.35186,-81.90669,31
1.2,35.3519,-81.90669,32
1.2,35.35192,-81.90669,33
1.2,35.35207,-81.90669,34
1.2,35.35207,-81.9071,35
1.2,35.35207,-81.90718,36
1.2,35.35208,-81.90779,37
1.2,35.35209,-81.90809,38
1.2,35.35209,-81.90831,39
1.2,35.3521,-81.90875,40
1.2,35.35211,-81.90923,41
1.2,35.35211,-81.90941,42
1.2,35.35211,-81.90945,43
1.2,35.35212,-81.91011,44
1.2,35.35213,-81.91055,45
1.2,35.35213,-81.91104,46
1.2,35.35215,-81.91205,47
1.2,35.35216,-81.91228,48
1.2,35.35216,-81.91254,49
1.2,35.35221,-81.91301,50
1.2,35.35226,-81.91342,51
1.2,35.35229,-81.91363,52
1.2,35.3523,-81.91368,53
1.2,35.35237,-81.91407,54
1.2,35.35241,-81.91428,55
1.2,35.35242,-81.91432,56
1.2,35.35244,-81.91446,57
1.2,35.35257,-81.91517,58
1.2,35.35268,-81.91579,59
1.2,35.35272,-81.916,60
1.2,35.35275,-81.91621,61
1.2,35.35276,-81.91622,62
1.2,35.35279,-81.91643,63
1.2,35.35283,-81.91665,64
1.2,35.35287,-81.91685,65
1.2,35.35287,-81.91687,66
1.2,35.35295,-81.9173,67
1.2,35.35299,-81.9175,68
1.2,35.35299,-81.91751,69
1.2,35.35302,-81.91771,70
1.2,35.35317,-81.91859,71
1.2,35.35324,-81.91897,72
1.2,35.35333,-81.91937,73
1.2,35.35337,-81.91948,74
1.2,35.35343,-81.91964,75
1.2,35.35349,-81.91984,76
1.2,35.3535,-81.91985,77
1.2,35.35356,-81.92003,78
1.2,35.3538,-81.92064,79
1.2,35.35381,-81.92066,80
1.2,35.35396,-81.92106,81
1.2,35.35403,-81.92126,82
1.2,35.35426,-81.92186,83
1.2,35.35456,-81.92266,84
1.2,35.3548,-81.9233,85
1.2,35.35488,-81.92352,86
1.2,35.35512,-81.92416,87
1.2,35.35571,-81.92571,88
1.2,35.35617,-81.92692,89
1.2,35.35622,-81.92704,90
1.2,35.35629,-81.92723,91
1.2,35.35637,-81.92744,92
1.2,35.35639,-81.92752,93
1.2,35.3564,-81.92755,94
1.2,35.35641,-81.92757,95
1.2,35.35642,-81.92761,96
1.2,35.35644,-81.92781,97
1.2,35.35642,-81.928,98
1.2,35.3564,-81.92814,99
1.2,35.3564,-81.92823,100
1.2,35.35642,-81.92843,101
1.2,35.35676,-81.92933,102
1.2,35.35692,-81.92969,103
1.2,35.35701,-81.92992,104
1.2,35.35727,-81.93055,105
1.2,35.35742,-81.93095,106
1.2,35.3575,-81.93115,107
1.2,35.35758,-81.93135,108
1.2,35.35781,-81.93194,109
1.2,35.35804,-81.93253,110
1.2,35.35811,-81.93273,111
1.2,35.35813,-81.93278,112
1.2,35.35847,-81.93365,113
1.2,35.3586,-81.93395,114
1.2,35.35866,-81.93412,115
1.2,35.35872,-81.93425,116
1.2,35.35876,-81.93433,117
1.2,35.35893,-81.93468,118
1.2,35.35895,-81.93472,119
1.2,35.35903,-81.93486,120
1.2,35.35924,-81.93523,121
1.2,35.35964,-81.9359,122
1.2,35.35996,-81.93641,123
1.2,35.36034,-81.937,124
1.2,35.36049,-81.93724,125
1.2,35.36095,-81.93795,126
1.2,35.36104,-81.9381,127
1.2,35.36119,-81.93834,128
1.2,35.36126,-81.93846,129
1.2,35.36138,-81.93867,130
1.2,35.36162,-81.9391,131
1.2,35.36171,-81.93927,132
1.2,35.3622,-81.94025,133
1.2,35.36226,-81.94038,134
1.2,35.36238,-81.94061,135
1.2,35.3625,-81.94086,136
1.2,35.36264,-81.94076,137
1.2,35.36266,-81.94075,138
1.2,35.36283,-81.94089,139
1.2,35.36285,-81.9409,140
1.2,35.36283,-81.94089,141
1.2,35.36266,-81.94075,142
1.2,35.36264,-81.94076,143
1.2,35.3625,-81.94086,144
1.2,35.36257,-81.94098,145
1.2,35.36276,-81.94138,146
1.2,35.36288,-81.94141,147
1.2,35.36294,-81.94145,148
1.2,35.36303,-81.9415,149
1.2,35.36304,-81.94151,150
1.2,35.36316,-81.94158,151
1.2,35.36321,-81.9416,152
1.2,35.36326,-81.94163,153
1.2,35.36329,-81.94164,154
1.2,35.36334,-81.94168,155
1.2,35.36339,-81.94174,156
1.2,35.36347,-81.94173,157
1.2,35.36355,-81.94174,158
1.2,35.3637,-81.94175,159
1.2,35.36379,-81.94176,160
1.2,35.3639,-81.94177,161
1.2,35.36397,-81.94178,162
1.2,35.36399,-81.94179,163
1.2,35.36412,-81.94182,164
1.2,35.36414,-81.94182,165
1.2,35.36424,-81.94186,166
1.2,35.36427,-81.94187,167
1.2,35.36456,-81.94197,168
1.2,35.36494,-81.94211,169
1.2,35.36504,-81.94214,170
1.2,35.36506,-81.94214,171
1.2,35.36513,-81.94214,172
1.2,35.36529,-81.94216,173
1.2,35.36541,-81.94217,174
1.2,35.36557,-81.94217,175
1.2,35.36581,-81.94212,176
1.2,35.36629,-81.94208,177
1.2,35.36718,-81.94201,178
1.2,35.36723,-81.942,179
1.2,35.3679,-81.94194,180
1.2,35.36854,-81.94188,181
1.2,35.36896,-81.94182,182
1.2,35.36936,-81.94178,183
1.2,35.36989,-81.94173,184
1.2,35.37016,-81.9417,185
1.2,35.37047,-81.94166,186
1.2,35.37099,-81.9416,187
1.2,35.37136,-81.94156,188
1.2,35.37172,-81.94152,189
1.2,35.37226,-81.94146,190
1.2,35.37256,-81.94143,191
1.2,35.37312,-81.94137,192
1.2,35.37347,-81.94136,193
1.2,35.37374,-81.94136,194
1.2,35.37395,-81.9414,195
1.2,35.37412,-81.94144,196
1.2,35.37414,-81.94144,197
1.2,35.37442,-81.94153,198
1.2,35.37448,-81.94156,199
1.2,35.37462,-81.94162,200
1.2,35.37482,-81.94172,201
1.2,35.37492,-81.94178,202
1.2,35.37506,-81.94188,203
1.2,35.37523,-81.94201,204
1.2,35.37537,-81.94213,205
1.2,35.37548,-81.94224,206
1.2,35.37557,-81.94233,207
1.2,35.37571,-81.94251,208
1.2,35.37581,-81.94265,209
1.2,35.37592,-81.94281,210
1.2,35.37601,-81.94297,211
1.2,35.37609,-81.94313,212
1.2,35.37619,-81.94333,213
1.2,35.37626,-81.9435,214
1.2,35.37638,-81.9438,215
1.2,35.37647,-81.94405,216
1.2,35.37648,-81.94408,217
1.2,35.37657,-81.94432,218
1.2,35.37666,-81.94452,219
1.2,35.3767,-81.94461,220
1.2,35.37672,-81.94466,221
1.2,35.37676,-81.94473,222
1.2,35.37678,-81.94477,223
1.2,35.3769,-81.94498,224
1.2,35.37678,-81.94531,225
1.2,35.37667,-81.94556,226
1.2,35.37662,-81.94569,227
1.2,35.37617,-81.94665,228
1.2,35.37564,-81.94777,229
1.2,35.37506,-81.949,230
1.2,35.37439,-81.95049,231
1.2,35.37381,-81.95179,232
1.2,35.37354,-81.95268,233
1.2,35.37311,-81.95455,234
1.2,35.37303,-81.95495,235
1.2,35.37306,-81.95551,236
1.2,35.37301,-81.9558,237
1.2,35.36924,-81.95681,238
1.2,35.36921,-81.95682,239
1.2,35.36903,-81.95686,240
1.2,35.36862,-81.95696,241
1.2,35.36844,-81.957,242
1.2,35.36801,-81.95711,243
1.2,35.36762,-81.95721,244
1.2,35.36749,-81.95725,245
1.2,35.36745,-81.95726,246
1.2,35.36723,-81.95731,247
1.2,35.36705,-81.95735,248
1.2,35.36662,-81.95747,249
1.2,35.36665,-81.95785,250
1.2,35.36667,-81.95807,251
1.2,35.36673,-81.9585,252
1.2,35.36677,-81.95872,253
1.2,35.3668,-81.95893,254
1.2,35.36681,-81.95901,255
1.2,35.36652,-81.95908,256
1.2,35.36634,-81.95914,257
1.2,35.36617,-81.95921,258
1.2,35.36609,-81.95941,259
1.2,35.36597,-81.95968,260
1.2,35.36575,-81.96019,261
1.2,35.36571,-81.96028,262
1.2,35.3656,-81.96051,263
1.2,35.3654,-81.96096,264
1.2,35.36531,-81.96115,265
1.2,35.36527,-81.96124,266
1.2,35.36522,-81.96134,267
1.2,35.36518,-81.96143,268
1.2,35.36509,-81.96162,269
1.2,35.36505,-81.96171,270
1.2,35.36497,-81.9619,271
1.2,35.36489,-81.96206,272
1.2,35.36452,-81.96289,273
1.2,35.36435,-81.96328,274
1.2,35.36427,-81.96344,275
1.2,35.36418,-81.96364,276
1.2,35.36401,-81.96402,277
1.2,35.36375,-81.9646,278
1.2,35.36366,-81.96479,279
1.2,35.36354,-81.96504,280
1.2,35.36349,-81.96514,281
1.2,35.36346,-81.96521,282
1.2,35.36346,-81.96524,283
1.2,35.36344,-81.9653,284
1.2,35.36343,-81.96535,285
1.2,35.36342,-81.96539,286
1.2,35.36341,-81.96546,287
1.2,35.36341,-81.96549,288
1.2,35.36329,-81.96548,289
1.2,35.36327,-81.96548,290
1.2,35.36324,-81.96547,291
1.2,35.36322,-81.96546,292
1.2,35.36319,-81.96543,293
1.2,35.36312,-81.96537,294
1.2,35.36299,-81.96525,295
1.2,35.36265,-81.96491,296
1.2,35.36261,-81.96488,297
1.2,35.36255,-81.96486,298
1.2,35.36254,-81.96486,299
1.2,35.3625,-81.96485,300
1.2,35.36245,-81.96485,301
1.2,35.3624,-81.96485,302
1.2,35.36235,-81.96486,303
1.2,35.36231,-81.96488,304
1.2,35.36227,-81.96489,305
1.2,35.36223,-81.96491,306
1.2,35.3622,-81.96494,307
1.2,35.36218,-81.96496,308
1.2,35.36216,-81.96499,309
1.2,35.36208,-81.96511,310
1.2,35.36207,-81.96513,311
1.2,35.36204,-81.96517,312
1.2,35.36197,-81.96529,313
1.2,35.36185,-81.96549,314
1.2,35.36164,-81.96585,315
1.2,35.36151,-81.96573,316
1.2,35.3615,-81.96575,317
1.2,35.36151,-81.96573,318
1.2,35.36135,-81.96558,319
1.2,35.36126,-81.96549,320
1.2,35.36115,-81.96539,321
1.2,35.36084,-81.96508,322
1.2,35.3607,-81.96494,323
1.2,35.36058,-81.96509,324
1.2,35.36052,-81.96517,325
1.2,35.36045,-81.96524,326
1.2,35.36038,-81.96531,327
1.2,35.36034,-81.96535,328
1.2,35.36016,-81.96549,329
1.2,35.36007,-81.96553,330
1.2,35.35999,-81.96557,331
1.2,35.35995,-81.96559,332
1.2,35.35994,-81.9656,333
1.2,35.3599,-81.96561,334
1.2,35.35959,-81.96572,335
1.2,35.35956,-81.96573,336
1.2,35.35952,-81.96575,337
1.2,35.35939,-81.96582,338
1.2,35.35933,-81.96585,339
1.2,35.35908,-81.96605,340
1.2,35.3588,-81.96583,341
1.2,35.35878,-81.96581,342
1.2,35.35866,-81.96567,343
1.2,35.35875,-81.96551,344
1.2,35.35873,-81.9655,345
1.2,35.35859,-81.96541,346
1.2,35.35857,-81.9654,347
1.2,35.3585,-81.96535,348
1.2,35.35843,-81.96532,349
1.2,35.35841,-81.96531,350
1.2,35.35825,-81.96522,351
1.2,35.35819,-81.96518,352
1.2,35.35802,-81.96509,353
1.2,35.35792,-81.96503,354
1.2,35.35775,-81.96494,355
1.2,35.35757,-81.96481,356
1.2,35.35739,-81.96467,357
1.2,35.35732,-81.96461,358
1.2,35.35724,-81.96455,359
1.2,35.35695,-81.96429,360
1.2,35.3567,-81.96409,361
1.2,35.35655,-81.96397,362
1.2,35.35625,-81.96373,363
1.2,35.3561,-81.96361,364
1.2,35.35596,-81.96348,365
1.2,35.35581,-81.96336,366
1.2,35.35536,-81.96298,367
1.2,35.35522,-81.96286,368
1.2,35.35483,-81.96253,369
1.2,35.35451,-81.96226,370
1.2,35.35436,-81.96213,371
1.2,35.35406,-81.96188,372
1.2,35.35391,-81.96176,373
1.2,35.35389,-81.96174,374
1.2,35.35376,-81.96164,375
1.2,35.35374,-81.96161,376
1.2,35.35372,-81.96159,377
1.2,35.35366,-81.96152,378
1.2,35.35362,-81.96145,379
1.2,35.35352,-81.96131,380
1.2,35.3535,-81.96128,381
1.2,35.35349,-81.96126,382
1.2,35.35342,-81.96116,383
1.2,35.35339,-81.96111,384
1.2,35.35274,-81.9613,385
1.2,35.35273,-81.9613,386
1.2,35.35234,-81.96142,387
1.2,35.35221,-81.96145,388
1.2,35.35174,-81.96159,389
1.2,35.35141,-81.96169,390
1.2,35.35112,-81.96177,391
1.2,35.35064,-81.96191,392
1.2,35.35059,-81.96192,393
1.2,35.35018,-81.96205,394
1.2,35.34983,-81.96215,395
1.2,35.34966,-81.96221,396
1.2,35.34948,-81.96226,397
1.2,35.34931,-81.96231,398
1.2,35.34924,-81.96233,399
1.2,35.34889,-81.96243,400
1.2,35.34871,-81.96248,401
1.2,35.34854,-81.96253,402
1.2,35.34849,-81.96254,403
1.2,35.34801,-81.96268,404
1.2,35.34784,-81.96274,405
1.2,35.34773,-81.96277,406
1.2,35.34749,-81.96284,407
1.2,35.34722,-81.96292,408
1.2,35.34712,-81.96295,409
1.2,35.34694,-81.963,410
1.2,35.34687,-81.96303,411
1.2,35.34677,-81.96306,412
1.2,35.3467,-81.96307,413
1.2,35.34659,-81.96311,414
1.2,35.34648,-81.96314,415
1.2,35.34642,-81.96316,416
1.2,35.34624,-81.96321,417
1.2,35.3461,-81.96324,418
1.2,35.34607,-81.96325,419
1.2,35.34571,-81.96334,420
1.2,35.34554,-81.96337,421
1.2,35.34542,-81.9634,422
1.2,35.34519,-81.96344,423
1.2,35.34496,-81.96347,424
1.2,35.34482,-81.96349,425
1.2,35.34469,-81.9635,426
1.2,35.34464,-81.96351,427
1.2,35.34453,-81.96352,428
1.2,35.34446,-81.96352,429
1.2,35.34441,-81.96353,430
1.2,35.34428,-81.96353,431
1.2,35.34426,-81.96353,432
1.2,35.34412,-81.96354,433
1.2,35.3441,-81.96354,434
1.2,35.34394,-81.96354,435
1.2,35.34391,-81.96354,436
1.2,35.34379,-81.96354,437
1.2,35.34363,-81.96354,438
1.2,35.34346,-81.96353,439
1.2,35.34323,-81.96351,440
1.2,35.34301,-81.96349,441
1.2,35.34296,-81.96349,442
1.2,35.34284,-81.96347,443
1.2,35.34268,-81.96346,444
1.2,35.34251,-81.96343,445
1.2,35.34248,-81.96342,446
1.2,35.34245,-81.96342,447
1.2,35.34236,-81.9634,448
1.2,35.3423,-81.96339,449
1.2,35.34221,-81.96337,450
1.2,35.34212,-81.96335,451
1.2,35.34209,-81.96335,452
1.2,35.34206,-81.96334,453
1.2,35.34195,-81.96331,454
1.2,35.34191,-81.96331,455
1.2,35.34177,-81.96327,456
1.2,35.34174,-81.96326,457
1.2,35.3416,-81.96322,458
1.2,35.34159,-81.96322,459
1.2,35.34149,-81.96319,460
1.2,35.34139,-81.96316,461
1.2,35.34128,-81.96313,462
1.2,35.34111,-81.96308,463
1.2,35.34085,-81.96298,464
1.2,35.34047,-81.96284,465
1.2,35.34041,-81.96281,466
1.2,35.34047,-81.96284,467
1.2,35.34052,-81.9627,468
1.2,35.34056,-81.96259,469
1.2,35.3406,-81.96228,470
1.2,35.34062,-81.96206,471
1.2,35.34064,-81.96191,472
1.2,35.34063,-81.96162,473
1.2,35.34061,-81.9614,474
1.2,35.34061,-81.96139,475
1.2,35.34057,-81.96118,476
1.2,35.34053,-81.96097,477
1.2,35.34053,-81.96096,478
1.2,35.34043,-81.96055,479
1.2,35.34033,-81.96014,480
1.2,35.34022,-81.9597,481
1.2,35.34017,-81.95949,482
1.2,35.34014,-81.95938,483
1.2,35.34012,-81.95928,484
1.2,35.33996,-81.95873,485
1.2,35.33991,-81.95844,486
1.2,35.33987,-81.95822,487
1.2,35.33984,-81.95806,488
1.2,35.33984,-81.95801,489
1.2,35.33983,-81.95757,490
1.2,35.33982,-81.95743,491
1.2,35.33985,-81.95723,492
1.2,35.33993,-81.95676,493
1.2,35.34001,-81.9565,494
1.2,35.34016,-81.95609,495
1.2,35.34035,-81.95573,496
1.2,35.3406,-81.95536,497
1.2,35.3407,-81.95518,498
1.2,35.34086,-81.95496,499
1.2,35.34151,-81.954,500
1.2,35.34163,-81.95383,501
1.2,35.34183,-81.95354,502
1.2,35.34186,-81.95349,503
1.2,35.34247,-81.95255,504
1.2,35.3427,-81.95221,505
1.2,35.34289,-81.95196,506
1.2,35.34301,-81.9518,507
1.2,35.34313,-81.95163,508
1.2,35.34361,-81.95099,509
1.2,35.34361,-81.95098,510
1.2,35.34375,-81.95084,511
1.2,35.34403,-81.95056,512
1.2,35.34416,-81.95041,513
1.2,35.3443,-81.95027,514
1.2,35.34444,-81.95013,515
1.2,35.34447,-81.9501,516
1.2,35.3447,-81.94982,517
1.2,35.34483,-81.94967,518
1.2,35.34495,-81.94951,519
1.2,35.34497,-81.9495,520
1.2,35.34517,-81.94916,521
1.2,35.34528,-81.94899,522
1.2,35.34539,-81.94881,523
1.2,35.34541,-81.94877,524
1.2,35.34548,-81.94862,525
1.2,35.34557,-81.94843,526
1.2,35.34563,-81.94831,527
1.2,35.34566,-81.94824,528
1.2,35.34573,-81.94803,529
1.2,35.34581,-81.9478,530
1.2,35.34587,-81.94763,531
1.2,35.34593,-81.94742,532
1.2,35.34598,-81.94729,533
1.2,35.34599,-81.94722,534
1.2,35.34604,-81.947,535
1.2,35.34608,-81.94679,536
1.2,35.34612,-81.94657,537
1.2,35.34616,-81.94631,538
1.2,35.34619,-81.94614,539
1.2,35.34622,-81.94592,540
1.2,35.34622,-81.94587,541
1.2,35.34625,-81.9457,542
1.2,35.34626,-81.94561,543
1.2,35.34628,-81.94549,544
1.2,35.34628,-81.94544,545
1.2,35.34631,-81.94522,546
1.2,35.34633,-81.94505,547
1.2,35.34636,-81.94483,548
1.2,35.34639,-81.94462,549
1.2,35.34643,-81.94435,550
1.2,35.34646,-81.94413,551
1.2,35.34649,-81.94392,552
1.2,35.34652,-81.9437,553
1.2,35.34652,-81.94364,554
1.2,35.34655,-81.94348,555
1.2,35.34658,-81.94326,556
1.2,35.3466,-81.94309,557
1.2,35.34663,-81.94283,558
1.2,35.34668,-81.94244,559
1.2,35.34671,-81.94222,560
1.2,35.34678,-81.94171,561
1.2,35.34683,-81.94133,562
1.2,35.3469,-81.94087,563
1.2,35.34696,-81.94044,564
1.2,35.34702,-81.94,565
1.2,35.34705,-81.93978,566
1.2,35.34705,-81.93977,567
1.2,35.34707,-81.93956,568
1.2,35.3471,-81.93935,569
1.2,35.34712,-81.93915,570
1.2,35.34718,-81.93879,571
1.2,35.34732,-81.93828,572
1.2,35.34733,-81.93824,573
1.2,35.34739,-81.93808,574
1.2,35.34743,-81.938,575
1.2,35.34748,-81.93789,576
1.2,35.34755,-81.93775,577
1.2,35.34768,-81.93753,578
1.2,35.34769,-81.93751,579
1.2,35.34781,-81.93737,580
1.2,35.34791,-81.93724,581
1.2,35.34794,-81.93722,582
1.2,35.34808,-81.93708,583
1.2,35.34823,-81.93695,584
1.2,35.34837,-81.93681,585
1.2,35.34853,-81.93671,586
1.2,35.34864,-81.93667,587
1.2,35.34889,-81.93656,588
1.2,35.34899,-81.93654,589
1.2,35.34902,-81.93653,590
1.2,35.34906,-81.93652,591
1.2,35.34911,-81.93651,592
1.2,35.34926,-81.93647,593
1.2,35.34934,-81.93646,594
1.2,35.34947,-81.93645,595
1.2,35.34952,-81.93645,596
1.2,35.34972,-81.93645,597
1.2,35.35008,-81.93647,598
1.2,35.35016,-81.93647,599
1.2,35.35026,-81.93648,600
1.2,35.35027,-81.93648,601
1.2,35.35034,-81.93647,602
1.2,35.35079,-81.9364,603
1.2,35.35093,-81.93638,604
1.2,35.35133,-81.93619,605
1.2,35.35138,-81.93615,606
1.2,35.35168,-81.93592,607
1.2,35.35184,-81.9358,608
1.2,35.35192,-81.93574,609
1.2,35.35203,-81.93565,610
1.2,35.35248,-81.93531,611
1.2,35.35274,-81.93509,612
1.2,35.35289,-81.93496,613
1.2,35.35321,-81.93469,614
1.2,35.35325,-81.93466,615
1.2,35.35331,-81.93461,616
1.2,35.35342,-81.93453,617
1.2,35.35346,-81.9345,618
1.2,35.35389,-81.93421,619
1.2,35.3544,-81.93387,620
1.2,35.35513,-81.93358,621
1.2,35.35541,-81.93351,622
1.2,35.35567,-81.93345,623
1.2,35.35594,-81.9334,624
1.2,35.35602,-81.93338,625
1.2,35.35647,-81.9333,626
1.2,35.3566,-81.93328,627
1.2,35.35696,-81.93323,628
1.2,35.35708,-81.93321,629
1.2,35.35743,-81.93312,630
1.2,35.35749,-81.93311,631
1.2,35.35766,-81.93305,632
1.2,35.35799,-81.93286,633
1.2,35.35813,-81.93278,634
1.2,35.35804,-81.93253,635
1.2,35.35781,-81.93194,636
1.2,35.35758,-81.93135,637
1.2,35.3575,-81.93115,638
1.2,35.35742,-81.93095,639
1.2,35.35727,-81.93055,640
1.2,35.35701,-81.92992,641
1.2,35.35692,-81.92969,642
1.2,35.35676,-81.92933,643
1.2,35.35642,-81.92843,644
1.2,35.35638,-81.9283,645
1.2,35.35642,-81.92843,646
1.2,35.3564,-81.92823,647
1.2,35.3564,-81.92814,648
1.2,35.35642,-81.928,649
1.2,35.35644,-81.92781,650
1.2,35.35642,-81.92761,651
1.2,35.35641,-81.92757,652
1.2,35.3564,-81.92755,653
1.2,35.35639,-81.92752,654
1.2,35.35637,-81.92744,655
1.2,35.35629,-81.92723,656
1.2,35.35622,-81.92704,657
1.2,35.35617,-81.92692,658
1.2,35.35571,-81.92571,659
1.2,35.35512,-81.92416,660
1.2,35.35488,-81.92352,661
1.2,35.3548,-81.9233,662
1.2,35.35456,-81.92266,663
1.2,35.35426,-81.92186,664
1.2,35.35403,-81.92126,665
1.2,35.35396,-81.92106,666
1.2,35.35381,-81.92066,667
1.2,35.3538,-81.92064,668
1.2,35.35362,-81.92066,669
1.2,35.35357,-81.92069,670
1.2,35.35343,-81.92054,671
1.2,35.35337,-81.92039,672
1.2,35.35331,-81.92027,673
1.2,35.35323,-81.92009,674
1.2,35.35321,-81.92004,675
1.2,35.35319,-81.91998,676
1.2,35.35317,-81.91996,677
1.2,35.35306,-81.91979,678
1.2,35.35304,-81.91977,679
1.2,35.35303,-81.91974,680
1.2,35.35288,-81.91956,681
1.2,35.35286,-81.91954,682
1.2,35.35279,-81.91944,683
1.2,35.3526,-81.91929,684
1.2,35.35255,-81.91925,685
1.2,35.35248,-81.91919,686
1.2,35.35212,-81.91899,687
1.2,35.35207,-81.91897,688
1.2,35.35198,-81.91894,689
1.2,35.35195,-81.91892,690
1.2,35.3519,-81.9189,691
1.2,35.35167,-81.91881,692
1.2,35.3513,-81.91867,693
1.2,35.35121,-81.91864,694
1.2,35.35109,-81.91859,695
1.2,35.35104,-81.91857,696
1.2,35.35101,-81.91856,697
1.2,35.35076,-81.91844,698
1.2,35.35083,-81.91809,699
1.2,35.35088,-81.91776,700
1.2,35.3509,-81.91762,701
1.2,35.35091,-81.91758,702
1.2,35.35093,-81.91736,703
1.2,35.35096,-81.91714,704
1.2,35.35099,-81.91671,705
1.2,35.35101,-81.91645,706
1.2,35.35102,-81.9163,707
1.2,35.35102,-81.91627,708
1.2,35.35102,-81.91605,709
1.2,35.35101,-81.91582,710
1.2,35.35101,-81.91579,711
1.2,35.35095,-81.91542,712
1.2,35.35085,-81.91497,713
1.2,35.35085,-81.91493,714
1.2,35.35081,-81.91475,715
1.2,35.3508,-81.91469,716
1.2,35.35064,-81.91404,717
1.2,35.35056,-81.9137,718
1.2,35.35051,-81.91348,719
1.2,35.35049,-81.9134,720
1.2,35.35046,-81.91327,721
1.2,35.35039,-81.91296,722
1.2,35.35032,-81.91246,723
1.2,35.35035,-81.91203,724
1.2,35.35042,-81.91159,725
1.2,35.35051,-81.91094,726
1.2,35.35037,-81.91092,727
1.2,35.35034,-81.91092,728
1.2,35.35015,-81.91091,729
1.2,35.35009,-81.9109,730
1.2,35.35008,-81.9109,731
1.2,35.35006,-81.9109,732
1.2,35.34982,-81.91088,733
1.2,35.34979,-81.91088,734
1.2,35.34973,-81.91087,735
1.2,35.34972,-81.91087,736
1.2,35.34955,-81.91086,737
1.2,35.34943,-81.91085,738
1.2,35.34939,-81.91085,739
1.2,35.34884,-81.9108,740
1.2,35.34846,-81.91077,741
1.2,35.34833,-81.91076,742
1.2,35.34819,-81.91075,743
1.2,35.34788,-81.91072,744
1.2,35.34765,-81.9107,745
1.2,35.34763,-81.9107,746
1.2,35.34758,-81.91071,747
1.2,35.34726,-81.91073,748
1.2,35.34712,-81.91074,749
1.2,35.34704,-81.91075,750
1.2,35.34694,-81.91076,751
1.2,35.34668,-81.91079,752
1.2,35.34624,-81.91084,753
1.2,35.34547,-81.91093,754
1.2,35.34521,-81.91096,755
1.2,35.34517,-81.91097,756
1.2,35.34521,-81.91096,757
1.2,35.34521,-81.91089,758
1.2,35.3452,-81.91084,759
1.2,35.34519,-81.91073,760
1.2,35.34519,-81.91055,761
1.2,35.34519,-81.91048,762
1.2,35.34519,-81.91028,763
1.2,35.34518,-81.90972,764
1.2,35.34519,-81.90956,765
1.2,35.34519,-81.90934,766
1.2,35.34519,-81.90923,767
1.2,35.34519,-81.90846,768
1.2,35.34519,-81.90824,769
1.2,35.34519,-81.90802,770
1.2,35.34519,-81.90736,771
1.2,35.34519,-81.90723,772
1.2,35.34519,-81.90719,773
1.2,35.34519,-81.90697,774
1.2,35.34519,-81.9068,775
1.2,35.34519,-81.90666,776
1.2,35.34519,-81.90614,777
1.2,35.3452,-81.90603,778
1.2,35.3452,-81.90589,779
1.2,35.3452,-81.90515,780
1.2,35.3452,-81.9047,781
1.2,35.3452,-81.90422,782
1.2,35.3452,-81.90412,783
1.2,35.34521,-81.90401,784
1.2,35.34521,-81.90366,785
1.2,35.34521,-81.90359,786
1.2,35.34519,-81.90346,787
1.2,35.34516,-81.90324,788
1.2,35.34514,-81.90311,789
1.2,35.34503,-81.90282,790
1.2,35.34494,-81.90254,791
1.2,35.34488,-81.90242,792
1.2,35.34479,-81.90223,793
1.2,35.34461,-81.90185,794
1.2,35.34438,-81.90146,795
1.2,35.34435,-81.90141,796
1.2,35.34432,-81.90135,797
1.2,35.34421,-81.90116,798
1.2,35.34417,-81.90109,799
1.2,35.34402,-81.90086,800
1.2,35.34379,-81.90047,801
1.2,35.34348,-81.90008,802
1.2,35.34326,-81.8998,803
1.2,35.34311,-81.89961,804
1.2,35.34306,-81.89954,805
1.2,35.34311,-81.89961,806
1.2,35.34297,-81.89973,807
1.2,35.34254,-81.90009,808
1.2,35.3422,-81.90038,809
1.2,35.34211,-81.90045,810
1.2,35.3419,-81.90063,811
1.2,35.34188,-81.90065,812
1.2,35.3419,-81.90063,813
1.2,35.34178,-81.90042,814
1.2,35.34176,-81.90037,815
1.2,35.34171,-81.9003,816
1.2,35.34163,-81.90018,817
1.2,35.34157,-81.90012,818
1.2,35.34148,-81.90004,819
1.2,35.34142,-81.89999,820
1.2,35.34124,-81.89988,821
1.2,35.34122,-81.89987,822
1.2,35.34113,-81.89982,823
1.2,35.34109,-81.8998,824
1.2,35.34079,-81.89964,825
1.2,35.34076,-81.89962,826
1.2,35.34064,-81.89956,827
1.2,35.3405,-81.89948,828
1.2,35.34044,-81.89944,829
1.2,35.3404,-81.89942,830
1.2,35.34032,-81.89937,831
1.2,35.34025,-81.89932,832
1.2,35.34023,-81.89931,833
1.2,35.34015,-81.89925,834
1.2,35.34012,-81.89922,835
1.2,35.34008,-81.89919,836
1.2,35.34002,-81.89913,837
1.2,35.34002,-81.89912,838
1.2,35.33994,-81.89902,839
1.2,35.33986,-81.8989,840
1.2,35.33985,-81.89888,841
1.2,35.3398,-81.89876,842
1.2,35.33976,-81.89865,843
1.2,35.33971,-81.89851,844
1.2,35.3397,-81.89848,845
1.2,35.33967,-81.89836,846
1.2,35.33962,-81.89838,847
1.2,35.33949,-81.89843,848
1.2,35.33937,-81.89849,849
1.2,35.33918,-81.89856,850
1.2,35.33903,-81.89863,851
1.2,35.33901,-81.89864,852
1.2,35.33892,-81.89868,853
1.2,35.33867,-81.89876,854
1.2,35.33852,-81.89883,855
1.2,35.33832,-81.89818,856
1.2,35.33816,-81.89768,857
1.2,35.33798,-81.89719,858
1.2,35.33787,-81.8969,859
1.2,35.33776,-81.89661,860
1.2,35.33763,-81.89629,861
1.2,35.33737,-81.89571,862
1.2,35.3373,-81.89554,863
1.2,35.33719,-81.89533,864
1.2,35.33713,-81.89519,865
1.2,35.33701,-81.89496,866
1.2,35.33688,-81.89472,867
1.2,35.33673,-81.89485,868
1.2,35.33661,-81.89496,869
1.2,35.33658,-81.89498,870
1.2,35.33649,-81.89508,871
1.2,35.33642,-81.89518,872
1.2,35.33623,-81.89566,873
1.2,35.33615,-81.89593,874
1.2,35.33635,-81.89608,875
1.2,35.33636,-81.89608,876
1.2,35.33644,-81.89618,877
1.2,35.33652,-81.89634,878
1.2,35.33652,-81.89637,879
1.2,35.33655,-81.89649,880
1.2,35.33669,-81.89723,881
1.2,35.33671,-81.89734,882
1.2,35.33673,-81.89744,883
1.2,35.33676,-81.89758,884
1.2,35.33676,-81.8977,885
1.2,35.33676,-81.89773,886
1.2,35.33673,-81.89787,887
1.2,35.33671,-81.89795,888
1.2,35.33635,-81.89887,889
1.2,35.33627,-81.89907,890
1.2,35.33616,-81.89935,891
1.2,35.33599,-81.89925,892
1.2,35.33584,-81.89916,893
1.2,35.3357,-81.89908,894
1.2,35.33557,-81.899,895
1.2,35.33554,-81.89898,896
1.2,35.33547,-81.89894,897
1.2,35.33541,-81.89891,898
1.2,35.33529,-81.89884,899
1.2,35.33545,-81.89844,900
1.2,35.33569,-81.89784,901
1.2,35.33576,-81.89765,902
1.2,35.33587,-81.89737,903
1.2,35.33574,-81.89728,904
1.2,35.33559,-81.8972,905
1.2,35.33559,-81.89719,906
1.2,35.33564,-81.89693,907
1.2,35.33561,-81.89677,908
1.2,35.33557,-81.89661,909
1.2,35.33555,-81.89654,910
1.2,35.3356,-81.89652,911
1.2,35.33578,-81.89641,912
1.2,35.33586,-81.89632,913
1.2,35.33596,-81.89623,914
1.2,35.33603,-81.89612,915
1.2,35.33607,-81.89602,916
1.2,35.33611,-81.8959,917
1.2,35.33614,-81.89577,918
1.2,35.33618,-81.89563,919
1.2,35.33619,-81.89561,920
1.2,35.33624,-81.89539,921
1.2,35.33627,-81.8953,922
1.2,35.33631,-81.89515,923
1.2,35.33634,-81.89511,924
1.2,35.33642,-81.89499,925
1.2,35.33643,-81.89498,926
1.2,35.33651,-81.89489,927
1.2,35.33655,-81.89483,928
1.2,35.33671,-81.89472,929
1.2,35.33683,-81.89463,930
1.2,35.33698,-81.89449,931
1.2,35.33704,-81.89459,932
1.2,35.33707,-81.89466,933
1.2,35.3374,-81.89533,934
1.2,35.33752,-81.89559,935
1.2,35.33765,-81.89589,936
1.2,35.33784,-81.89634,937
1.2,35.33786,-81.89638,938
1.2,35.33795,-81.89661,939
1.2,35.33817,-81.89722,940
1.2,35.33819,-81.89725,941
1.2,35.33829,-81.89755,942
1.2,35.3383,-81.89758,943
1.2,35.3384,-81.89788,944
1.2,35.33842,-81.89795,945
1.2,35.33854,-81.89835,946
1.2,35.33867,-81.89876,947
1.2,35.33872,-81.89896,948
1.2,35.33879,-81.89922,949
1.2,35.33883,-81.89939,950
1.2,35.33895,-81.89984,951
1.2,35.33906,-81.90041,952
1.2,35.33913,-81.90076,953
1.2,35.33915,-81.90088,954
1.2,35.33919,-81.90109,955
1.2,35.33921,-81.90118,956
1.2,35.33934,-81.90194,957
1.2,35.33934,-81.90196,958
1.2,35.33937,-81.90217,959
1.2,35.33945,-81.9026,960
1.2,35.33949,-81.90285,961
1.2,35.33955,-81.90325,962
1.2,35.33962,-81.90368,963
1.2,35.33971,-81.90421,964
1.2,35.33975,-81.90443,965
1.2,35.33978,-81.90464,966
1.2,35.33982,-81.90486,967
1.2,35.33986,-81.90512,968
1.2,35.33995,-81.90567,969
1.2,35.34003,-81.90613,970
1.2,35.34004,-81.90619,971
1.2,35.34015,-81.90688,972
1.2,35.34032,-81.9079,973
1.2,35.34085,-81.90777,974
1.2,35.34083,-81.90764,975
1.2,35.34084,-81.90764,976
1.2,35.34119,-81.90756,977
1.2,35.34136,-81.90752,978
1.2,35.34177,-81.90742,979
1.2,35.34136,-81.90752,980
1.2,35.34119,-81.90756,981
1.2,35.34084,-81.90764,982
1.2,35.34083,-81.90764,983
1.2,35.34085,-81.90777,984
1.2,35.34086,-81.90781,985
1.2,35.341,-81.9086,986
1.2,35.34104,-81.90883,987
1.2,35.34104,-81.90892,988
1.2,35.34105,-81.90898,989
1.2,35.34106,-81.90902,990
1.2,35.34107,-81.90904,991
1.2,35.34107,-81.90905,992
1.2,35.34108,-81.90906,993
1.2,35.34109,-81.90906,994
1.2,35.3411,-81.90906,995
1.2,35.34112,-81.90906,996
1.2,35.34119,-81.90903,997
1.2,35.34137,-81.90899,998
1.2,35.34141,-81.90899,999
1.2,35.34143,-81.90913,1000
1.2,35.34144,-81.90918,1001
1.2,35.34148,-81.90934,1002
1.2,35.34152,-81.90945,1003
1.2,35.34161,-81.90952,1004
1.2,35.34173,-81.90952,1005
1.2,35.34225,-81.90939,1006
1.2,35.34251,-81.90933,1007
1.2,35.34272,-81.90928,1008
1.2,35.3428,-81.90925,1009
1.2,35.34285,-81.90918,1010
1.2,35.34272,-81.90823,1011
1.2,35.34265,-81.90767,1012
1.2,35.34261,-81.90733,1013
1.2,35.34259,-81.90719,1014
1.2,35.34262,-81.90712,1015
1.2,35.34277,-81.90705,1016
1.2,35.34305,-81.907,1017
1.2,35.34347,-81.90692,1018
1.2,35.34358,-81.90692,1019
1.2,35.34371,-81.90692,1020
1.2,35.34376,-81.90692,1021
1.2,35.34394,-81.90692,1022
1.2,35.34412,-81.90692,1023
1.2,35.34422,-81.90693,1024
1.2,35.3443,-81.90694,1025
1.2,35.34451,-81.90698,1026
1.2,35.34466,-81.907,1027
1.2,35.34483,-81.90702,1028
1.2,35.34487,-81.90702,1029
1.2,35.34506,-81.90701,1030
1.2,35.34519,-81.90697,1031
1.2,35.34519,-81.90719,1032
1.2,35.34519,-81.90723,1033
1.2,35.34519,-81.90736,1034
1.2,35.34519,-81.90802,1035
1.2,35.34519,-81.90824,1036
1.2,35.34519,-81.90846,1037
1.2,35.34519,-81.90923,1038
1.2,35.34519,-81.90934,1039
1.2,35.34519,-81.90956,1040
1.2,35.34518,-81.90972,1041
1.2,35.34519,-81.91028,1042
1.2,35.34519,-81.91048,1043
1.2,35.34519,-81.91055,1044
1.2,35.34519,-81.91073,1045
1.2,35.3452,-81.91084,1046
1.2,35.34521,-81.91089,1047
1.2,35.34521,-81.91096,1048
1.2,35.34547,-81.91093,1049
1.2,35.34624,-81.91084,1050
1.2,35.34668,-81.91079,1051
1.2,35.34664,-81.91057,1052
1.2,35.34661,-81.91037,1053
1.3,35.35817,-81.93276,0
1.3,35.35813,-81.93278,1
1.3,35.35847,-81.93365,2
1.3,35.3586,-81.93395,3
1.3,35.35866,-81.93412,4
1.3,35.35872,-81.93425,5
1.3,35.35876,-81.93433,6
1.3,35.35893,-81.93468,7
1.3,35.35895,-81.93472,8
1.3,35.35903,-81.93486,9
1.3,35.35924,-81.93523,10
1.3,35.35964,-81.9359,11
1.3,35.35996,-81.93641,12
1.3,35.36034,-81.937,13
1.3,35.36049,-81.93724,14
1.3,35.36095,-81.93795,15
1.3,35.36104,-81.9381,16
1.3,35.36119,-81.93834,17
1.3,35.36126,-81.93846,18
1.3,35.36138,-81.93867,19
1.3,35.36162,-81.9391,20
1.3,35.36171,-81.93927,21
1.3,35.3622,-81.94025,22
1.3,35.36226,-81.94038,23
1.3,35.36238,-81.94061,24
1.3,35.3625,-81.94086,25
1.3,35.36264,-81.94076,26
1.3,35.36266,-81.94075,27
1.3,35.36283,-81.94089,28
1.3,35.36286,-81.94091,29
1.3,35.36287,-81.94091,30
1.3,35.3629,-81.94092,31
1.3,35.36287,-81.94091,32
1.3,35.36286,-81.94091,33
1.3,35.36283,-81.94089,34
1.3,35.36266,-81.94075,35
1.3,35.36264,-81.94076,36
1.3,35.3625,-81.94086,37
1.3,35.36257,-81.94098,38
1.3,35.36276,-81.94138,39
1.3,35.36288,-81.94141,40
1.3,35.36294,-81.94145,41
1.3,35.36303,-81.9415,42
1.3,35.36304,-81.94151,43
1.3,35.36316,-81.94158,44
1.3,35.36321,-81.9416,45
1.3,35.36326,-81.94163,46
1.3,35.36329,-81.94164,47
1.3,35.36334,-81.94168,48
1.3,35.36339,-81.94174,49
1.3,35.36347,-81.94173,50
1.3,35.36355,-81.94174,51
1.3,35.3637,-81.94175,52
1.3,35.36379,-81.94176,53
1.3,35.3639,-81.94177,54
1.3,35.36397,-81.94178,55
1.3,35.36399,-81.94179,56
1.3,35.36412,-81.94182,57
1.3,35.36414,-81.94182,58
1.3,35.36424,-81.94186,59
1.3,35.36427,-81.94187,60
1.3,35.36456,-81.94197,61
1.3,35.36494,-81.94211,62
1.3,35.36504,-81.94214,63
1.3,35.36506,-81.94214,64
1.3,35.36513,-81.94214,65
1.3,35.36529,-81.94216,66
1.3,35.36541,-81.94217,67
1.3,35.36557,-81.94217,68
1.3,35.36581,-81.94212,69
1.3,35.36629,-81.94208,70
1.3,35.36718,-81.94201,71
1.3,35.36723,-81.942,72
1.3,35.3679,-81.94194,73
1.3,35.36854,-81.94188,74
1.3,35.36896,-81.94182,75
1.3,35.36936,-81.94178,76
1.3,35.36989,-81.94173,77
1.3,35.37016,-81.9417,78
1.3,35.37047,-81.94166,79
1.3,35.37099,-81.9416,80
1.3,35.37136,-81.94156,81
1.3,35.37172,-81.94152,82
1.3,35.37226,-81.94146,83
1.3,35.37256,-81.94143,84
1.3,35.37312,-81.94137,85
1.3,35.37347,-81.94136,86
1.3,35.37374,-81.94136,87
1.3,35.37395,-81.9414,88
1.3,35.37412,-81.94144,89
1.3,35.37414,-81.94144,90
1.3,35.37442,-81.94153,91
1.3,35.37448,-81.94156,92
1.3,35.37462,-81.94162,93
1.3,35.37482,-81.94172,94
1.3,35.37492,-81.94178,95
1.3,35.37506,-81.94188,96
1.3,35.37523,-81.94201,97
1.3,35.37537,-81.94213,98
1.3,35.37548,-81.94224,99
1.3,35.37557,-81.94233,100
1.3,35.37571,-81.94251,101
1.3,35.37581,-81.94265,102
1.3,35.37592,-81.94281,103
1.3,35.37601,-81.94297,104
1.3,35.37609,-81.94313,105
1.3,35.37619,-81.94333,106
1.3,35.37626,-81.9435,107
1.3,35.37638,-81.9438,108
1.3,35.37647,-81.94405,109
1.3,35.37648,-81.94408,110
1.3,35.37657,-81.94432,111
1.3,35.37666,-81.94452,112
1.3,35.3767,-81.94461,113
1.3,35.37672,-81.94466,114
1.3,35.37676,-81.94473,115
1.3,35.37678,-81.94477,116
1.3,35.3769,-81.94498,117
1.3,35.37678,-81.94531,118
1.3,35.37667,-81.94556,119
1.3,35.37664,-81.94564,120
1.3,35.37603,-81.94696,121
1.3,35.37531,-81.94852,122
1.3,35.37465,-81.94996,123
1.3,35.37386,-81.95165,124
1.3,35.37341,-81.95315,125
1.3,35.37314,-81.9544,126
1.3,35.37303,-81.95498,127
1.3,35.37306,-81.95569,128
1.3,35.37185,-81.95614,129
1.3,35.37153,-81.95623,130
1.3,35.37135,-81.95627,131
1.3,35.37065,-81.95645,132
1.3,35.37042,-81.9565,133
1.3,35.36982,-81.95666,134
1.3,35.36945,-81.95676,135
1.3,35.36921,-81.95682,136
1.3,35.36918,-81.95682,137
1.3,35.36903,-81.95686,138
1.3,35.36862,-81.95696,139
1.3,35.36844,-81.957,140
1.3,35.36801,-81.95711,141
1.3,35.36762,-81.95721,142
1.3,35.36749,-81.95725,143
1.3,35.36745,-81.95726,144
1.3,35.36723,-81.95731,145
1.3,35.36705,-81.95735,146
1.3,35.36662,-81.95747,147
1.3,35.36665,-81.95785,148
1.3,35.36667,-81.95807,149
1.3,35.36673,-81.9585,150
1.3,35.36677,-81.95872,151
1.3,35.3668,-81.95893,152
1.3,35.36681,-81.95901,153
1.3,35.36652,-81.95908,154
1.3,35.36634,-81.95914,155
1.3,35.36617,-81.95921,156
1.3,35.36609,-81.95941,157
1.3,35.36597,-81.95968,158
1.3,35.36575,-81.96019,159
1.3,35.36571,-81.96028,160
1.3,35.3656,-81.96051,161
1.3,35.3654,-81.96096,162
1.3,35.36531,-81.96115,163
1.3,35.36527,-81.96124,164
1.3,35.36522,-81.96134,165
1.3,35.36518,-81.96143,166
1.3,35.36509,-81.96162,167
1.3,35.36505,-81.96171,168
1.3,35.36497,-81.9619,169
1.3,35.36489,-81.96206,170
1.3,35.36452,-81.96289,171
1.3,35.36435,-81.96328,172
1.3,35.36427,-81.96344,173
1.3,35.36418,-81.96364,174
1.3,35.36401,-81.96402,175
1.3,35.36375,-81.9646,176
1.3,35.36366,-81.96479,177
1.3,35.36354,-81.96504,178
1.3,35.36349,-81.96514,179
1.3,35.36346,-81.96521,180
1.3,35.36346,-81.96524,181
1.3,35.36344,-81.9653,182
1.3,35.36343,-81.96535,183
1.3,35.36342,-81.96539,184
1.3,35.36341,-81.96549,185
1.3,35.36329,-81.96548,186
1.3,35.36327,-81.96548,187
1.3,35.36324,-81.96547,188
1.3,35.36322,-81.96546,189
1.3,35.36319,-81.96543,190
1.3,35.36312,-81.96537,191
1.3,35.36299,-81.96525,192
1.3,35.36297,-81.96525,193
1.3,35.36282,-81.96528,194
1.3,35.36278,-81.96529,195
1.3,35.36275,-81.9653,196
1.3,35.36273,-81.96529,197
1.3,35.36271,-81.96528,198
1.3,35.36259,-81.96515,199
1.3,35.36258,-81.96514,200
1.3,35.36257,-81.96512,201
1.3,35.36256,-81.96509,202
1.3,35.36254,-81.96486,203
1.3,35.3625,-81.96485,204
1.3,35.36245,-81.96485,205
1.3,35.3624,-81.96485,206
1.3,35.36235,-81.96486,207
1.3,35.36231,-81.96488,208
1.3,35.36227,-81.96489,209
1.3,35.36223,-81.96491,210
1.3,35.3622,-81.96494,211
1.3,35.36218,-81.96496,212
1.3,35.36216,-81.96499,213
1.3,35.36208,-81.96511,214
1.3,35.36207,-81.96513,215
1.3,35.36204,-81.96517,216
1.3,35.36197,-81.96529,217
1.3,35.36185,-81.96549,218
1.3,35.36164,-81.96585,219
1.3,35.36151,-81.96573,220
1.3,35.36142,-81.96565,221
1.3,35.36135,-81.96558,222
1.3,35.36126,-81.96549,223
1.3,35.36115,-81.96539,224
1.3,35.36084,-81.96508,225
1.3,35.3607,-81.96494,226
1.3,35.36058,-81.96509,227
1.3,35.36052,-81.96517,228
1.3,35.36045,-81.96524,229
1.3,35.36038,-81.96531,230
1.3,35.36034,-81.96535,231
1.3,35.36016,-81.96549,232
1.3,35.36007,-81.96553,233
1.3,35.35999,-81.96557,234
1.3,35.35995,-81.96559,235
1.3,35.35994,-81.9656,236
1.3,35.3599,-81.96561,237
1.3,35.35959,-81.96572,238
1.3,35.35956,-81.96573,239
1.3,35.35952,-81.96575,240
1.3,35.35939,-81.96582,241
1.3,35.35933,-81.96585,242
1.3,35.35908,-81.96605,243
1.3,35.3588,-81.96583,244
1.3,35.35878,-81.96581,245
1.3,35.35866,-81.96567,246
1.3,35.35875,-81.96551,247
1.3,35.35873,-81.9655,248
1.3,35.35859,-81.96541,249
1.3,35.35857,-81.9654,250
1.3,35.3585,-81.96535,251
1.3,35.35843,-81.96532,252
1.3,35.35841,-81.96531,253
1.3,35.35825,-81.96522,254
1.3,35.35819,-81.96518,255
1.3,35.35802,-81.96509,256
1.3,35.35792,-81.96503,257
1.3,35.35775,-81.96494,258
1.3,35.35757,-81.96481,259
1.3,35.35739,-81.96467,260
1.3,35.35732,-81.96461,261
1.3,35.35724,-81.96455,262
1.3,35.35695,-81.96429,263
1.3,35.3567,-81.96409,264
1.3,35.35655,-81.96397,265
1.3,35.35625,-81.96373,266
1.3,35.3561,-81.96361,267
1.3,35.35596,-81.96348,268
1.3,35.35581,-81.96336,269
1.3,35.35536,-81.96298,270
1.3,35.35522,-81.96286,271
1.3,35.35483,-81.96253,272
1.3,35.35451,-81.96226,273
1.3,35.35436,-81.96213,274
1.3,35.35406,-81.96188,275
1.3,35.35391,-81.96176,276
1.3,35.35389,-81.96174,277
1.3,35.35376,-81.96164,278
1.3,35.35374,-81.96161,279
1.3,35.35372,-81.96159,280
1.3,35.35366,-81.96152,281
1.3,35.35362,-81.96145,282
1.3,35.35352,-81.96131,283
1.3,35.3535,-81.96128,284
1.3,35.35349,-81.96126,285
1.3,35.35339,-81.96111,286
1.3,35.35331,-81.96113,287
1.3,35.35274,-81.9613,288
1.3,35.35273,-81.9613,289
1.3,35.35234,-81.96142,290
1.3,35.35221,-81.96145,291
1.3,35.35174,-81.96159,292
1.3,35.35141,-81.96169,293
1.3,35.35112,-81.96177,294
1.3,35.35059,-81.96192,295
1.3,35.35018,-81.96205,296
1.3,35.34983,-81.96215,297
1.3,35.34966,-81.96221,298
1.3,35.34948,-81.96226,299
1.3,35.34931,-81.96231,300
1.3,35.34924,-81.96233,301
1.3,35.34889,-81.96243,302
1.3,35.34871,-81.96248,303
1.3,35.34854,-81.96253,304
1.3,35.34849,-81.96254,305
1.3,35.34801,-81.96268,306
1.3,35.34784,-81.96274,307
1.3,35.34773,-81.96277,308
1.3,35.34749,-81.96284,309
1.3,35.34722,-81.96292,310
1.3,35.34712,-81.96295,311
1.3,35.34694,-81.963,312
1.3,35.34687,-81.96303,313
1.3,35.34677,-81.96306,314
1.3,35.3467,-81.96307,315
1.3,35.34659,-81.96311,316
1.3,35.34648,-81.96314,317
1.3,35.34642,-81.96316,318
1.3,35.34624,-81.96321,319
1.3,35.3461,-81.96324,320
1.3,35.34607,-81.96325,321
1.3,35.34571,-81.96334,322
1.3,35.34554,-81.96337,323
1.3,35.34542,-81.9634,324
1.3,35.34519,-81.96344,325
1.3,35.34496,-81.96347,326
1.3,35.34482,-81.96349,327
1.3,35.34469,-81.9635,328
1.3,35.34464,-81.96351,329
1.3,35.34453,-81.96352,330
1.3,35.34446,-81.96352,331
1.3,35.34441,-81.96353,332
1.3,35.34428,-81.96353,333
1.3,35.34426,-81.96353,334
1.3,35.34412,-81.96354,335
1.3,35.3441,-81.96354,336
1.3,35.34394,-81.96354,337
1.3,35.34391,-81.96354,338
1.3,35.34379,-81.96354,339
1.3,35.34363,-81.96354,340
1.3,35.34346,-81.96353,341
1.3,35.34323,-81.96351,342
1.3,35.34301,-81.96349,343
1.3,35.34296,-81.96349,344
1.3,35.34284,-81.96347,345
1.3,35.34268,-81.96346,346
1.3,35.34251,-81.96343,347
1.3,35.34248,-81.96342,348
1.3,35.34245,-81.96342,349
1.3,35.34236,-81.9634,350
1.3,35.3423,-81.96339,351
1.3,35.34221,-81.96337,352
1.3,35.34212,-81.96335,353
1.3,35.34209,-81.96335,354
1.3,35.34206,-81.96334,355
1.3,35.34195,-81.96331,356
1.3,35.34191,-81.96331,357
1.3,35.34177,-81.96327,358
1.3,35.34174,-81.96326,359
1.3,35.3416,-81.96322,360
1.3,35.34159,-81.96322,361
1.3,35.34149,-81.96319,362
1.3,35.34139,-81.96316,363
1.3,35.34128,-81.96313,364
1.3,35.34111,-81.96308,365
1.3,35.34085,-81.96298,366
1.3,35.34047,-81.96284,367
1.3,35.34044,-81.96283,368
1.3,35.34047,-81.96284,369
1.3,35.34052,-81.9627,370
1.3,35.34056,-81.96259,371
1.3,35.3406,-81.96228,372
1.3,35.34062,-81.96206,373
1.3,35.34064,-81.96191,374
1.3,35.34063,-81.96162,375
1.3,35.34061,-81.9614,376
1.3,35.34061,-81.96139,377
1.3,35.34057,-81.96118,378
1.3,35.34053,-81.96097,379
1.3,35.34053,-81.96096,380
1.3,35.34043,-81.96055,381
1.3,35.34033,-81.96014,382
1.3,35.34022,-81.9597,383
1.3,35.34017,-81.95949,384
1.3,35.34014,-81.95938,385
1.3,35.34012,-81.95928,386
1.3,35.33996,-81.95873,387
1.3,35.33991,-81.95844,388
1.3,35.33987,-81.95822,389
1.3,35.33984,-81.95806,390
1.3,35.33984,-81.95801,391
1.3,35.33983,-81.95757,392
1.3,35.33982,-81.95743,393
1.3,35.33985,-81.95723,394
1.3,35.33993,-81.95676,395
1.3,35.34001,-81.9565,396
1.3,35.34016,-81.95609,397
1.3,35.34035,-81.95573,398
1.3,35.3406,-81.95536,399
1.3,35.3407,-81.95518,400
1.3,35.34086,-81.95496,401
1.3,35.34151,-81.954,402
1.3,35.34163,-81.95383,403
1.3,35.34183,-81.95354,404
1.3,35.34186,-81.95349,405
1.3,35.34247,-81.95255,406
1.3,35.3427,-81.95221,407
1.3,35.34289,-81.95196,408
1.3,35.34301,-81.9518,409
1.3,35.34313,-81.95163,410
1.3,35.34361,-81.95099,411
1.3,35.34361,-81.95098,412
1.3,35.34375,-81.95084,413
1.3,35.34403,-81.95056,414
1.3,35.34416,-81.95041,415
1.3,35.3443,-81.95027,416
1.3,35.34444,-81.95013,417
1.3,35.34447,-81.9501,418
1.3,35.3447,-81.94982,419
1.3,35.34483,-81.94967,420
1.3,35.34495,-81.94951,421
1.3,35.34497,-81.9495,422
1.3,35.34517,-81.94916,423
1.3,35.34528,-81.94899,424
1.3,35.34539,-81.94881,425
1.3,35.34541,-81.94877,426
1.3,35.34548,-81.94862,427
1.3,35.34557,-81.94843,428
1.3,35.34563,-81.94831,429
1.3,35.34566,-81.94824,430
1.3,35.34573,-81.94803,431
1.3,35.34581,-81.9478,432
1.3,35.34587,-81.94763,433
1.3,35.34593,-81.94742,434
1.3,35.34598,-81.94729,435
1.3,35.34599,-81.94722,436
1.3,35.34604,-81.947,437
1.3,35.34608,-81.94679,438
1.3,35.34612,-81.94657,439
1.3,35.34616,-81.94631,440
1.3,35.34619,-81.94614,441
1.3,35.34622,-81.94592,442
1.3,35.34622,-81.94587,443
1.3,35.34625,-81.9457,444
1.3,35.34626,-81.94561,445
1.3,35.34628,-81.94549,446
1.3,35.34628,-81.94544,447
1.3,35.34631,-81.94522,448
1.3,35.34633,-81.94505,449
1.3,35.34636,-81.94483,450
1.3,35.34639,-81.94462,451
1.3,35.34643,-81.94435,452
1.3,35.34646,-81.94413,453
1.3,35.34649,-81.94392,454
1.3,35.34652,-81.9437,455
1.3,35.34652,-81.94364,456
1.3,35.34655,-81.94348,457
1.3,35.34658,-81.94326,458
1.3,35.3466,-81.94309,459
1.3,35.34663,-81.94283,460
1.3,35.34668,-81.94244,461
1.3,35.34671,-81.94222,462
1.3,35.34678,-81.94171,463
1.3,35.34683,-81.94133,464
1.3,35.3469,-81.94087,465
1.3,35.34696,-81.94044,466
1.3,35.34702,-81.94,467
1.3,35.34705,-81.93978,468
1.3,35.34705,-81.93977,469
1.3,35.34707,-81.93956,470
1.3,35.3471,-81.93935,471
1.3,35.34712,-81.93915,472
1.3,35.34718,-81.93879,473
1.3,35.34732,-81.93828,474
1.3,35.34733,-81.93824,475
1.3,35.34739,-81.93808,476
1.3,35.34743,-81.938,477
1.3,35.34748,-81.93789,478
1.3,35.34755,-81.93775,479
1.3,35.34768,-81.93753,480
1.3,35.34769,-81.93751,481
1.3,35.34781,-81.93737,482
1.3,35.34791,-81.93724,483
1.3,35.34794,-81.93722,484
1.3,35.34808,-81.93708,485
1.3,35.3482,-81.93697,486
1.3,35.34823,-81.93695,487
1.3,35.34837,-81.93681,488
1.3,35.34853,-81.93671,489
1.3,35.34864,-81.93667,490
1.3,35.34889,-81.93656,491
1.3,35.34899,-81.93654,492
1.3,35.34902,-81.93653,493
1.3,35.34906,-81.93652,494
1.3,35.34911,-81.93651,495
1.3,35.34926,-81.93647,496
1.3,35.34934,-81.93646,497
1.3,35.34952,-81.93645,498
1.3,35.34972,-81.93645,499
1.3,35.35008,-81.93647,500
1.3,35.35016,-81.93647,501
1.3,35.35026,-81.93648,502
1.3,35.35027,-81.93648,503
1.3,35.35034,-81.93647,504
1.3,35.35079,-81.9364,505
1.3,35.35093,-81.93638,506
1.3,35.35133,-81.93619,507
1.3,35.35138,-81.93615,508
1.3,35.35168,-81.93592,509
1.3,35.35184,-81.9358,510
1.3,35.35192,-81.93574,511
1.3,35.35203,-81.93565,512
1.3,35.35248,-81.93531,513
1.3,35.35274,-81.93509,514
1.3,35.35289,-81.93496,515
1.3,35.35321,-81.93469,516
1.3,35.35325,-81.93466,517
1.3,35.35331,-81.93461,518
1.3,35.35342,-81.93453,519
1.3,35.35346,-81.9345,520
1.3,35.35389,-81.93421,521
1.3,35.3544,-81.93387,522
1.3,35.35513,-81.93358,523
1.3,35.35541,-81.93351,524
1.3,35.35567,-81.93345,525
1.3,35.35594,-81.9334,526
1.3,35.35602,-81.93338,527
1.3,35.35647,-81.9333,528
1.3,35.3566,-81.93328,529
1.3,35.35696,-81.93323,530
1.3,35.35708,-81.93321,531
1.3,35.35743,-81.93312,532
1.3,35.35749,-81.93311,533
1.3,35.35766,-81.93305,534
1.3,35.35799,-81.93286,535
1.3,35.35813,-81.93278,536
1.3,35.35804,-81.93253,537
1.3,35.35781,-81.93194,538
1.3,35.35758,-81.93135,539
1.3,35.3575,-81.93115,540
1.3,35.35742,-81.93095,541
1.3,35.35727,-81.93055,542
1.3,35.35707,-81.93007,543
1.3,35.35701,-81.92992,544
1.3,35.35692,-81.92969,545
1.3,35.35676,-81.92933,546
1.3,35.35642,-81.92843,547
1.3,35.3564,-81.92823,548
1.3,35.3564,-81.92814,549
1.3,35.35642,-81.928,550
1.3,35.35644,-81.92781,551
1.3,35.35642,-81.92761,552
1.3,35.35641,-81.92757,553
1.3,35.3564,-81.92755,554
1.3,35.35639,-81.92752,555
1.3,35.35637,-81.92744,556
1.3,35.35629,-81.92723,557
1.3,35.35622,-81.92704,558
1.3,35.35617,-81.92692,559
1.3,35.35571,-81.92571,560
1.3,35.35512,-81.92416,561
1.3,35.35488,-81.92352,562
1.3,35.3548,-81.9233,563
1.3,35.35456,-81.92266,564
1.3,35.35426,-81.92186,565
1.3,35.35403,-81.92126,566
1.3,35.35396,-81.92106,567
1.3,35.35381,-81.92066,568
1.3,35.3538,-81.92064,569
1.3,35.35362,-81.92066,570
1.3,35.35357,-81.92069,571
1.3,35.35343,-81.92054,572
1.3,35.35337,-81.92039,573
1.3,35.35323,-81.92009,574
1.3,35.35321,-81.92004,575
1.3,35.35319,-81.91998,576
1.3,35.35317,-81.91996,577
1.3,35.35306,-81.91979,578
1.3,35.35304,-81.91977,579
1.3,35.35303,-81.91974,580
1.3,35.35288,-81.91956,581
1.3,35.35286,-81.91954,582
1.3,35.35279,-81.91944,583
1.3,35.3526,-81.91929,584
1.3,35.35255,-81.91925,585
1.3,35.35248,-81.91919,586
1.3,35.35212,-81.91899,587
1.3,35.35207,-81.91897,588
1.3,35.35198,-81.91894,589
1.3,35.35195,-81.91892,590
1.3,35.3519,-81.9189,591
1.3,35.35167,-81.91881,592
1.3,35.3513,-81.91867,593
1.3,35.35121,-81.91864,594
1.3,35.35109,-81.91859,595
1.3,35.35104,-81.91857,596
1.3,35.35101,-81.91856,597
1.3,35.35076,-81.91844,598
1.3,35.35083,-81.91809,599
1.3,35.35088,-81.91776,600
1.3,35.3509,-81.91762,601
1.3,35.35091,-81.91758,602
1.3,35.35093,-81.91736,603
1.3,35.35096,-81.91714,604
1.3,35.35099,-81.91671,605
1.3,35.35101,-81.91645,606
1.3,35.35102,-81.9163,607
1.3,35.35102,-81.91627,608
1.3,35.35102,-81.91605,609
1.3,35.35101,-81.91582,610
1.3,35.35101,-81.91579,611
1.3,35.35095,-81.91542,612
1.3,35.35085,-81.91497,613
1.3,35.35085,-81.91493,614
1.3,35.35081,-81.91475,615
1.3,35.3508,-81.91469,616
1.3,35.35064,-81.91404,617
1.3,35.35056,-81.9137,618
1.3,35.35051,-81.91348,619
1.3,35.35049,-81.9134,620
1.3,35.35046,-81.91327,621
1.3,35.35039,-81.91296,622
1.3,35.35032,-81.91246,623
1.3,35.35035,-81.91203,624
1.3,35.35042,-81.91159,625
1.3,35.3505,-81.91099,626
1.3,35.35051,-81.91094,627
1.3,35.35037,-81.91092,628
1.3,35.35015,-81.91091,629
1.3,35.35009,-81.9109,630
1.3,35.35008,-81.9109,631
1.3,35.35006,-81.9109,632
1.3,35.34982,-81.91088,633
1.3,35.34979,-81.91088,634
1.3,35.34973,-81.91087,635
1.3,35.34972,-81.91087,636
1.3,35.34955,-81.91086,637
1.3,35.34943,-81.91085,638
1.3,35.34939,-81.91085,639
1.3,35.34884,-81.9108,640
1.3,35.34846,-81.91077,641
1.3,35.34833,-81.91076,642
1.3,35.34819,-81.91075,643
1.3,35.34788,-81.91072,644
1.3,35.34765,-81.9107,645
1.3,35.34763,-81.9107,646
1.3,35.34758,-81.91071,647
1.3,35.34726,-81.91073,648
1.3,35.34712,-81.91074,649
1.3,35.34704,-81.91075,650
1.3,35.34694,-81.91076,651
1.3,35.34668,-81.91079,652
1.3,35.34624,-81.91084,653
1.3,35.34547,-81.91093,654
1.3,35.34521,-81.91096,655
1.3,35.34521,-81.91091,656
1.3,35.34521,-81.91089,657
1.3,35.3452,-81.91084,658
1.3,35.34519,-81.91073,659
1.3,35.34519,-81.91055,660
1.3,35.34519,-81.91048,661
1.3,35.34519,-81.91028,662
1.3,35.34518,-81.90972,663
1.3,35.34519,-81.90956,664
1.3,35.34519,-81.90934,665
1.3,35.34519,-81.90923,666
1.3,35.34519,-81.90846,667
1.3,35.34519,-81.90824,668
1.3,35.34519,-81.90802,669
1.3,35.34519,-81.90736,670
1.3,35.34519,-81.90723,671
1.3,35.34519,-81.90719,672
1.3,35.34519,-81.90697,673
1.3,35.34519,-81.9068,674
1.3,35.34519,-81.90666,675
1.3,35.34519,-81.90614,676
1.3,35.3452,-81.90603,677
1.3,35.3452,-81.90589,678
1.3,35.3452,-81.90515,679
1.3,35.3452,-81.9047,680
1.3,35.3452,-81.90422,681
1.3,35.3452,-81.90412,682
1.3,35.34521,-81.90401,683
1.3,35.34521,-81.90366,684
1.3,35.34521,-81.90359,685
1.3,35.34519,-81.90346,686
1.3,35.34516,-81.90324,687
1.3,35.34514,-81.90311,688
1.3,35.34503,-81.90282,689
1.3,35.34494,-81.90254,690
1.3,35.34488,-81.90242,691
1.3,35.34479,-81.90223,692
1.3,35.34461,-81.90185,693
1.3,35.34438,-81.90146,694
1.3,35.34435,-81.90141,695
1.3,35.34432,-81.90135,696
1.3,35.34421,-81.90116,697
1.3,35.34417,-81.90109,698
1.3,35.34402,-81.90086,699
1.3,35.34379,-81.90047,700
1.3,35.34348,-81.90008,701
1.3,35.34326,-81.8998,702
1.3,35.34311,-81.89961,703
1.3,35.34297,-81.89973,704
1.3,35.34254,-81.90009,705
1.3,35.3422,-81.90038,706
1.3,35.34211,-81.90045,707
1.3,35.3419,-81.90063,708
1.3,35.34187,-81.90058,709
1.3,35.34178,-81.90042,710
1.3,35.34176,-81.90037,711
1.3,35.34171,-81.9003,712
1.3,35.34163,-81.90018,713
1.3,35.34157,-81.90012,714
1.3,35.34148,-81.90004,715
1.3,35.34142,-81.89999,716
1.3,35.34124,-81.89988,717
1.3,35.34122,-81.89987,718
1.3,35.34113,-81.89982,719
1.3,35.34109,-81.8998,720
1.3,35.34079,-81.89964,721
1.3,35.34076,-81.89962,722
1.3,35.34064,-81.89956,723
1.3,35.3405,-81.89948,724
1.3,35.34044,-81.89944,725
1.3,35.3404,-81.89942,726
1.3,35.34032,-81.89937,727
1.3,35.34025,-81.89932,728
1.3,35.34023,-81.89931,729
1.3,35.34015,-81.89925,730
1.3,35.34012,-81.89922,731
1.3,35.34008,-81.89919,732
1.3,35.34002,-81.89913,733
1.3,35.34002,-81.89912,734
1.3,35.33994,-81.89902,735
1.3,35.33986,-81.8989,736
1.3,35.33985,-81.89888,737
1.3,35.3398,-81.89876,738
1.3,35.33976,-81.89865,739
1.3,35.33971,-81.89851,740
1.3,35.3397,-81.89848,741
1.3,35.33967,-81.89836,742
1.3,35.33949,-81.89843,743
1.3,35.33937,-81.89849,744
1.3,35.33918,-81.89856,745
1.3,35.33903,-81.89863,746
1.3,35.33901,-81.89864,747
1.3,35.33892,-81.89868,748
1.3,35.33867,-81.89876,749
1.3,35.33852,-81.89883,750
1.3,35.33832,-81.89818,751
1.3,35.33816,-81.89768,752
1.3,35.33798,-81.89719,753
1.3,35.33787,-81.8969,754
1.3,35.33776,-81.89661,755
1.3,35.33763,-81.89629,756
1.3,35.33737,-81.89571,757
1.3,35.3373,-81.89554,758
1.3,35.33719,-81.89533,759
1.3,35.33713,-81.89519,760
1.3,35.33701,-81.89496,761
1.3,35.33688,-81.89472,762
1.3,35.33673,-81.89485,763
1.3,35.33661,-81.89496,764
1.3,35.33658,-81.89498,765
1.3,35.33649,-81.89508,766
1.3,35.33642,-81.89518,767
1.3,35.33623,-81.89566,768
1.3,35.33615,-81.89593,769
1.3,35.33635,-81.89608,770
1.3,35.33636,-81.89608,771
1.3,35.33644,-81.89618,772
1.3,35.33652,-81.89634,773
1.3,35.33652,-81.89637,774
1.3,35.33655,-81.89649,775
1.3,35.33669,-81.89723,776
1.3,35.33671,-81.89734,777
1.3,35.33673,-81.89744,778
1.3,35.33676,-81.89758,779
1.3,35.33676,-81.8977,780
1.3,35.33676,-81.89773,781
1.3,35.33673,-81.89787,782
1.3,35.33671,-81.89795,783
1.3,35.33635,-81.89887,784
1.3,35.33627,-81.89907,785
1.3,35.33616,-81.89935,786
1.3,35.33599,-81.89925,787
1.3,35.33584,-81.89916,788
1.3,35.3357,-81.89908,789
1.3,35.33557,-81.899,790
1.3,35.33558,-81.89897,791
1.4,35.34698,-81.90719,0
1.4,35.34705,-81.90715,1
1.4,35.34738,-81.90704,2
1.4,35.34766,-81.90695,3
1.4,35.34774,-81.90692,4
1.4,35.34794,-81.90685,5
1.4,35.34795,-81.90685,6
1.4,35.34803,-81.90683,7
1.4,35.34806,-81.90682,8
1.4,35.34808,-81.90682,9
1.4,35.34812,-81.90681,10
1.4,35.34815,-81.90681,11
1.4,35.34869,-81.90679,12
1.4,35.34887,-81.90678,13
1.4,35.34902,-81.90677,14
1.4,35.34909,-81.90677,15
1.4,35.3492,-81.90677,16
1.4,35.34927,-81.90676,17
1.4,35.34938,-81.90676,18
1.4,35.34963,-81.90675,19
1.4,35.34981,-81.90674,20
1.4,35.3501,-81.90673,21
1.4,35.35059,-81.90672,22
1.4,35.35099,-81.9067,23
1.4,35.35121,-81.90669,24
1.4,35.35134,-81.90669,25
1.4,35.3514,-81.90669,26
1.4,35.35145,-81.90669,27
1.4,35.35152,-81.90669,28
1.4,35.3517,-81.90669,29
1.4,35.35186,-81.90669,30
1.4,35.3519,-81.90669,31
1.4,35.35192,-81.90669,32
1.4,35.35207,-81.90669,33
1.4,35.35207,-81.9071,34
1.4,35.35208,-81.90779,35
1.4,35.35209,-81.90809,36
1.4,35.35209,-81.90831,37
1.4,35.3521,-81.90875,38
1.4,35.35211,-81.90923,39
1.4,35.35211,-81.90941,40
1.4,35.35211,-81.90945,41
1.4,35.35212,-81.91011,42
1.4,35.35213,-81.91055,43
1.4,35.35213,-81.91104,44
1.4,35.35215,-81.91205,45
1.4,35.35216,-81.91228,46
1.4,35.35216,-81.91254,47
1.4,35.35221,-81.91301,48
1.4,35.35226,-81.91342,49
1.4,35.35229,-81.91363,50
1.4,35.3523,-81.91368,51
1.4,35.35237,-81.91407,52
1.4,35.35241,-81.91428,53
1.4,35.35242,-81.91432,54
1.4,35.35244,-81.91446,55
1.4,35.35257,-81.91517,56
1.4,35.35268,-81.91579,57
1.4,35.35272,-81.916,58
1.4,35.35275,-81.91621,59
1.4,35.35276,-81.91622,60
1.4,35.35279,-81.91643,61
1.4,35.35283,-81.91665,62
1.4,35.35287,-81.91685,63
1.4,35.35287,-81.91687,64
1.4,35.35295,-81.9173,65
1.4,35.35299,-81.9175,66
1.4,35.35299,-81.91751,67
1.4,35.35302,-81.91771,68
1.4,35.35317,-81.91859,69
1.4,35.35324,-81.91897,70
1.4,35.35333,-81.91937,71
1.4,35.35337,-81.91948,72
1.4,35.35343,-81.91964,73
1.4,35.35349,-81.91984,74
1.4,35.3535,-81.91985,75
1.4,35.35356,-81.92003,76
1.4,35.3538,-81.92064,77
1.4,35.35381,-81.92066,78
1.4,35.35396,-81.92106,79
1.4,35.35403,-81.92126,80
1.4,35.35426,-81.92186,81
1.4,35.35456,-81.92266,82
1.4,35.3548,-81.9233,83
1.4,35.35488,-81.92352,84
1.4,35.35512,-81.92416,85
1.4,35.35571,-81.92571,86
1.4,35.35617,-81.92692,87
1.4,35.35622,-81.92704,88
1.4,35.35629,-81.92723,89
1.4,35.35637,-81.92744,90
1.4,35.35639,-81.92752,91
1.4,35.3564,-81.92755,92
1.4,35.35641,-81.92757,93
1.4,35.35642,-81.92761,94
1.4,35.35644,-81.92781,95
1.4,35.35642,-81.928,96
1.4,35.3564,-81.92814,97
1.4,35.3564,-81.92823,98
1.4,35.35642,-81.92843,99
1.4,35.35676,-81.92933,100
1.4,35.35692,-81.92969,101
1.4,35.35701,-81.92992,102
1.4,35.35727,-81.93055,103
1.4,35.35742,-81.93095,104
1.4,35.3575,-81.93115,105
1.4,35.35758,-81.93135,106
1.4,35.35781,-81.93194,107
1.4,35.35804,-81.93253,108
1.4,35.35811,-81.93272,109
1.4,35.35813,-81.93278,110
1.4,35.35847,-81.93365,111
1.4,35.3586,-81.93395,112
1.4,35.35866,-81.93412,113
1.4,35.35872,-81.93425,114
1.4,35.35876,-81.93433,115
1.4,35.35893,-81.93468,116
1.4,35.35895,-81.93472,117
1.4,35.35903,-81.93486,118
1.4,35.35924,-81.93523,119
1.4,35.35964,-81.9359,120
1.4,35.35996,-81.93641,121
1.4,35.36034,-81.937,122
1.4,35.36049,-81.93724,123
1.4,35.36095,-81.93795,124
1.4,35.36104,-81.9381,125
1.4,35.36119,-81.93834,126
1.4,35.36126,-81.93846,127
1.4,35.36138,-81.93867,128
1.4,35.36162,-81.9391,129
1.4,35.36171,-81.93927,130
1.4,35.3622,-81.94025,131
1.4,35.36226,-81.94038,132
1.4,35.36238,-81.94061,133
1.4,35.3625,-81.94086,134
1.4,35.36264,-81.94076,135
1.4,35.36266,-81.94075,136
1.4,35.36283,-81.94089,137
1.4,35.36286,-81.94091,138
1.4,35.36287,-81.94091,139
1.4,35.36289,-81.94092,140
1.4,35.36287,-81.94091,141
1.4,35.36286,-81.94091,142
1.4,35.36283,-81.94089,143
1.4,35.36266,-81.94075,144
1.4,35.36264,-81.94076,145
1.4,35.3625,-81.94086,146
1.4,35.36257,-81.94098,147
1.4,35.36276,-81.94138,148
1.4,35.36288,-81.94141,149
1.4,35.36294,-81.94145,150
1.4,35.36303,-81.9415,151
1.4,35.36304,-81.94151,152
1.4,35.36316,-81.94158,153
1.4,35.36321,-81.9416,154
1.4,35.36326,-81.94163,155
1.4,35.36329,-81.94164,156
1.4,35.36334,-81.94168,157
1.4,35.36339,-81.94174,158
1.4,35.36347,-81.94173,159
1.4,35.36355,-81.94174,160
1.4,35.3637,-81.94175,161
1.4,35.36379,-81.94176,162
1.4,35.3639,-81.94177,163
1.4,35.36397,-81.94178,164
1.4,35.36399,-81.94179,165
1.4,35.36412,-81.94182,166
1.4,35.36414,-81.94182,167
1.4,35.36424,-81.94186,168
1.4,35.36427,-81.94187,169
1.4,35.36456,-81.94197,170
1.4,35.36494,-81.94211,171
1.4,35.36504,-81.94214,172
1.4,35.36506,-81.94214,173
1.4,35.36513,-81.94214,174
1.4,35.36529,-81.94216,175
1.4,35.36541,-81.94217,176
1.4,35.36557,-81.94217,177
1.4,35.36581,-81.94212,178
1.4,35.36629,-81.94208,179
1.4,35.36718,-81.94201,180
1.4,35.36723,-81.942,181
1.4,35.3679,-81.94194,182
1.4,35.36854,-81.94188,183
1.4,35.36896,-81.94182,184
1.4,35.36936,-81.94178,185
1.4,35.36989,-81.94173,186
1.4,35.37016,-81.9417,187
1.4,35.37047,-81.94166,188
1.4,35.37099,-81.9416,189
1.4,35.37136,-81.94156,190
1.4,35.37172,-81.94152,191
1.4,35.37226,-81.94146,192
1.4,35.37256,-81.94143,193
1.4,35.37312,-81.94137,194
1.4,35.37347,-81.94136,195
1.4,35.37374,-81.94136,196
1.4,35.37395,-81.9414,197
1.4,35.37412,-81.94144,198
1.4,35.37414,-81.94144,199
1.4,35.37442,-81.94153,200
1.4,35.37448,-81.94156,201
1.4,35.37462,-81.94162,202
1.4,35.37482,-81.94172,203
1.4,35.37492,-81.94178,204
1.4,35.37506,-81.94188,205
1.4,35.37523,-81.94201,206
1.4,35.37537,-81.94213,207
1.4,35.37548,-81.94224,208
1.4,35.37557,-81.94233,209
1.4,35.37571,-81.94251,210
1.4,35.37581,-81.94265,211
1.4,35.37592,-81.94281,212
1.4,35.37601,-81.94297,213
1.4,35.37609,-81.94313,214
1.4,35.37619,-81.94333,215
1.4,35.37626,-81.9435,216
1.4,35.37638,-81.9438,217
1.4,35.37647,-81.94405,218
1.4,35.37648,-81.94408,219
1.4,35.37657,-81.94432,220
1.4,35.37666,-81.94452,221
1.4,35.3767,-81.94461,222
1.4,35.37672,-81.94466,223
1.4,35.37676,-81.94473,224
1.4,35.37678,-81.94477,225
1.4,35.3769,-81.94498,226
1.4,35.37678,-81.94531,227
1.4,35.37667,-81.94556,228
1.4,35.37663,-81.94567,229
1.4,35.37596,-81.94709,230
1.4,35.3754,-81.9483,231
1.4,35.37477,-81.94969,232
1.4,35.37388,-81.95161,233
1.4,35.3736,-81.95246,234
1.4,35.37321,-81.95401,235
1.4,35.37304,-81.95485,236
1.4,35.37306,-81.95571,237
1.4,35.36926,-81.9568,238
1.4,35.36921,-81.95682,239
1.4,35.36903,-81.95686,240
1.4,35.36862,-81.95696,241
1.4,35.36844,-81.957,242
1.4,35.36801,-81.95711,243
1.4,35.36762,-81.95721,244
1.4,35.36749,-81.95725,245
1.4,35.36745,-81.95726,246
1.4,35.36723,-81.95731,247
1.4,35.36705,-81.95735,248
1.4,35.36662,-81.95747,249
1.4,35.36665,-81.95785,250
1.4,35.36667,-81.95807,251
1.4,35.36673,-81.9585,252
1.4,35.36677,-81.95872,253
1.4,35.3668,-81.95893,254
1.4,35.36681,-81.95901,255
1.4,35.36652,-81.95908,256
1.4,35.36634,-81.95914,257
1.4,35.36617,-81.95921,258
1.4,35.36609,-81.95941,259
1.4,35.36597,-81.95968,260
1.4,35.36575,-81.96019,261
1.4,35.36571,-81.96028,262
1.4,35.3656,-81.96051,263
1.4,35.3654,-81.96096,264
1.4,35.36531,-81.96115,265
1.4,35.36527,-81.96124,266
1.4,35.36522,-81.96134,267
1.4,35.36518,-81.96143,268
1.4,35.36509,-81.96162,269
1.4,35.36505,-81.96171,270
1.4,35.36497,-81.9619,271
1.4,35.36489,-81.96206,272
1.4,35.36452,-81.96289,273
1.4,35.36435,-81.96328,274
1.4,35.36427,-81.96344,275
1.4,35.36418,-81.96364,276
1.4,35.36401,-81.96402,277
1.4,35.36375,-81.9646,278
1.4,35.36366,-81.96479,279
1.4,35.36354,-81.96504,280
1.4,35.36349,-81.96514,281
1.4,35.36346,-81.96521,282
1.4,35.36346,-81.96524,283
1.4,35.36344,-81.9653,284
1.4,35.36343,-81.96535,285
1.4,35.36342,-81.96539,286
1.4,35.36341,-81.96546,287
1.4,35.36342,-81.96539,288
1.4,35.36343,-81.96535,289
1.4,35.36344,-81.9653,290
1.4,35.36346,-81.96524,291
1.4,35.36346,-81.96521,292
1.4,35.36349,-81.96514,293
1.4,35.36354,-81.96504,294
1.4,35.3634,-81.9649,295
1.4,35.36326,-81.96476,296
1.4,35.36298,-81.96447,297
1.4,35.36271,-81.96419,298
1.4,35.36263,-81.96411,299
1.4,35.3622,-81.96369,300
1.4,35.36219,-81.96369,301
1.4,35.36206,-81.9636,302
1.4,35.36203,-81.96359,303
1.4,35.36189,-81.96356,304
1.4,35.36167,-81.9636,305
1.4,35.36153,-81.96375,306
1.4,35.36153,-81.96376,307
1.4,35.36122,-81.96421,308
1.4,35.36114,-81.96432,309
1.4,35.3607,-81.96494,310
1.4,35.36058,-81.96509,311
1.4,35.36052,-81.96517,312
1.4,35.36045,-81.96524,313
1.4,35.36038,-81.96531,314
1.4,35.36034,-81.96535,315
1.4,35.36016,-81.96549,316
1.4,35.36007,-81.96553,317
1.4,35.35999,-81.96557,318
1.4,35.35995,-81.96559,319
1.4,35.35994,-81.9656,320
1.4,35.3599,-81.96561,321
1.4,35.35959,-81.96572,322
1.4,35.35956,-81.96573,323
1.4,35.35952,-81.96575,324
1.4,35.35939,-81.96582,325
1.4,35.35933,-81.96585,326
1.4,35.35908,-81.96605,327
1.4,35.3588,-81.96583,328
1.4,35.35878,-81.96581,329
1.4,35.35866,-81.96567,330
1.4,35.35875,-81.96551,331
1.4,35.35873,-81.9655,332
1.4,35.35859,-81.96541,333
1.4,35.35857,-81.9654,334
1.4,35.3585,-81.96535,335
1.4,35.35843,-81.96532,336
1.4,35.35841,-81.96531,337
1.4,35.35825,-81.96522,338
1.4,35.35819,-81.96518,339
1.4,35.35811,-81.96514,340
1.4,35.35802,-81.96509,341
1.4,35.35792,-81.96503,342
1.4,35.35775,-81.96494,343
1.4,35.35757,-81.96481,344
1.4,35.35739,-81.96467,345
1.4,35.35732,-81.96461,346
1.4,35.35724,-81.96455,347
1.4,35.35695,-81.96429,348
1.4,35.3567,-81.96409,349
1.4,35.35655,-81.96397,350
1.4,35.35625,-81.96373,351
1.4,35.3561,-81.96361,352
1.4,35.35596,-81.96348,353
1.4,35.35581,-81.96336,354
1.4,35.35536,-81.96298,355
1.4,35.35522,-81.96286,356
1.4,35.35483,-81.96253,357
1.4,35.35451,-81.96226,358
1.4,35.35436,-81.96213,359
1.4,35.35406,-81.96188,360
1.4,35.35391,-81.96176,361
1.4,35.35389,-81.96174,362
1.4,35.35376,-81.96164,363
1.4,35.35374,-81.96161,364
1.4,35.35372,-81.96159,365
1.4,35.35366,-81.96152,366
1.4,35.35362,-81.96145,367
1.4,35.35352,-81.96131,368
1.4,35.3535,-81.96128,369
1.4,35.35349,-81.96126,370
1.4,35.35339,-81.96111,371
1.4,35.35274,-81.9613,372
1.4,35.35273,-81.9613,373
1.4,35.35234,-81.96142,374
1.4,35.35227,-81.96144,375
1.4,35.35221,-81.96145,376
1.4,35.35174,-81.96159,377
1.4,35.35141,-81.96169,378
1.4,35.35112,-81.96177,379
1.4,35.35059,-81.96192,380
1.4,35.35018,-81.96205,381
1.4,35.34983,-81.96215,382
1.4,35.34966,-81.96221,383
1.4,35.34948,-81.96226,384
1.4,35.34931,-81.96231,385
1.4,35.34924,-81.96233,386
1.4,35.34889,-81.96243,387
1.4,35.34871,-81.96248,388
1.4,35.34854,-81.96253,389
1.4,35.34849,-81.96254,390
1.4,35.34801,-81.96268,391
1.4,35.34784,-81.96274,392
1.4,35.34773,-81.96277,393
1.4,35.34749,-81.96284,394
1.4,35.34722,-81.96292,395
1.4,35.34712,-81.96295,396
1.4,35.34694,-81.963,397
1.4,35.34687,-81.96303,398
1.4,35.34677,-81.96306,399
1.4,35.3467,-81.96307,400
1.4,35.34659,-81.96311,401
1.4,35.34648,-81.96314,402
1.4,35.34642,-81.96316,403
1.4,35.34624,-81.96321,404
1.4,35.3461,-81.96324,405
1.4,35.34607,-81.96325,406
1.4,35.34571,-81.96334,407
1.4,35.34554,-81.96337,408
1.4,35.34542,-81.9634,409
1.4,35.34519,-81.96344,410
1.4,35.34496,-81.96347,411
1.4,35.34482,-81.96349,412
1.4,35.34469,-81.9635,413
1.4,35.34464,-81.96351,414
1.4,35.34453,-81.96352,415
1.4,35.34446,-81.96352,416
1.4,35.34441,-81.96353,417
1.4,35.34428,-81.96353,418
1.4,35.34426,-81.96353,419
1.4,35.34412,-81.96354,420
1.4,35.3441,-81.96354,421
1.4,35.34394,-81.96354,422
1.4,35.34391,-81.96354,423
1.4,35.34379,-81.96354,424
1.4,35.34363,-81.96354,425
1.4,35.34346,-81.96353,426
1.4,35.34323,-81.96351,427
1.4,35.34301,-81.96349,428
1.4,35.34296,-81.96349,429
1.4,35.34284,-81.96347,430
1.4,35.34268,-81.96346,431
1.4,35.34251,-81.96343,432
1.4,35.34248,-81.96342,433
1.4,35.34245,-81.96342,434
1.4,35.34236,-81.9634,435
1.4,35.3423,-81.96339,436
1.4,35.34221,-81.96337,437
1.4,35.34212,-81.96335,438
1.4,35.34209,-81.96335,439
1.4,35.34206,-81.96334,440
1.4,35.34195,-81.96331,441
1.4,35.34191,-81.96331,442
1.4,35.34177,-81.96327,443
1.4,35.34174,-81.96326,444
1.4,35.3416,-81.96322,445
1.4,35.34159,-81.96322,446
1.4,35.34149,-81.96319,447
1.4,35.34139,-81.96316,448
1.4,35.34128,-81.96313,449
1.4,35.34111,-81.96308,450
1.4,35.34085,-81.96298,451
1.4,35.34047,-81.96284,452
1.4,35.3405,-81.96274,453
1.4,35.34052,-81.9627,454
1.4,35.34056,-81.96259,455
1.4,35.3406,-81.96228,456
1.4,35.34062,-81.96206,457
1.4,35.34064,-81.96191,458
1.4,35.34063,-81.96162,459
1.4,35.34061,-81.9614,460
1.4,35.34061,-81.96139,461
1.4,35.34057,-81.96118,462
1.4,35.34053,-81.96097,463
1.4,35.34053,-81.96096,464
1.4,35.34043,-81.96055,465
1.4,35.34033,-81.96014,466
1.4,35.34022,-81.9597,467
1.4,35.34017,-81.95949,468
1.4,35.34014,-81.95938,469
1.4,35.34012,-81.95928,470
1.4,35.33996,-81.95873,471
1.4,35.33991,-81.95844,472
1.4,35.33987,-81.95822,473
1.4,35.33984,-81.95806,474
1.4,35.33984,-81.95801,475
1.4,35.33983,-81.95757,476
1.4,35.33982,-81.95743,477
1.4,35.33985,-81.95723,478
1.4,35.33993,-81.95676,479
1.4,35.34001,-81.9565,480
1.4,35.34016,-81.95609,481
1.4,35.34035,-81.95573,482
1.4,35.3406,-81.95536,483
1.4,35.3407,-81.95518,484
1.4,35.34086,-81.95496,485
1.4,35.34151,-81.954,486
1.4,35.34163,-81.95383,487
1.4,35.34183,-81.95354,488
1.4,35.34186,-81.95349,489
1.4,35.34247,-81.95255,490
1.4,35.3427,-81.95221,491
1.4,35.34289,-81.95196,492
1.4,35.34301,-81.9518,493
1.4,35.34313,-81.95163,494
1.4,35.34361,-81.95099,495
1.4,35.34361,-81.95098,496
1.4,35.34375,-81.95084,497
1.4,35.34403,-81.95056,498
1.4,35.34416,-81.95041,499
1.4,35.3443,-81.95027,500
1.4,35.34444,-81.95013,501
1.4,35.34447,-81.9501,502
1.4,35.3447,-81.94982,503
1.4,35.34483,-81.94967,504
1.4,35.34495,-81.94951,505
1.4,35.34497,-81.9495,506
1.4,35.34517,-81.94916,507
1.4,35.34528,-81.94899,508
1.4,35.34539,-81.94881,509
1.4,35.34541,-81.94877,510
1.4,35.34548,-81.94862,511
1.4,35.34557,-81.94843,512
1.4,35.34563,-81.94831,513
1.4,35.34566,-81.94824,514
1.4,35.34573,-81.94803,515
1.4,35.34581,-81.9478,516
1.4,35.34587,-81.94763,517
1.4,35.34593,-81.94742,518
1.4,35.34598,-81.94729,519
1.4,35.34599,-81.94722,520
1.4,35.34604,-81.947,521
1.4,35.34608,-81.94679,522
1.4,35.34612,-81.94657,523
1.4,35.34616,-81.94631,524
1.4,35.34619,-81.94614,525
1.4,35.34622,-81.94592,526
1.4,35.34622,-81.94587,527
1.4,35.34625,-81.9457,528
1.4,35.34626,-81.94561,529
1.4,35.34628,-81.94549,530
1.4,35.34628,-81.94544,531
1.4,35.34631,-81.94522,532
1.4,35.34633,-81.94505,533
1.4,35.34636,-81.94483,534
1.4,35.34639,-81.94462,535
1.4,35.34643,-81.94435,536
1.4,35.34646,-81.94413,537
1.4,35.34649,-81.94392,538
1.4,35.34652,-81.9437,539
1.4,35.34652,-81.94364,540
1.4,35.34655,-81.94348,541
1.4,35.34658,-81.94326,542
1.4,35.3466,-81.94309,543
1.4,35.34663,-81.94283,544
1.4,35.34668,-81.94244,545
1.4,35.34671,-81.94222,546
1.4,35.34678,-81.94171,547
1.4,35.34683,-81.94133,548
1.4,35.3469,-81.94087,549
1.4,35.34696,-81.94044,550
1.4,35.34702,-81.94,551
1.4,35.34705,-81.93978,552
1.4,35.34705,-81.93977,553
1.4,35.34707,-81.93956,554
1.4,35.3471,-81.93935,555
1.4,35.34712,-81.93915,556
1.4,35.34718,-81.93879,557
1.4,35.34732,-81.93828,558
1.4,35.34733,-81.93824,559
1.4,35.34739,-81.93808,560
1.4,35.34743,-81.938,561
1.4,35.34748,-81.93789,562
1.4,35.34755,-81.93775,563
1.4,35.34768,-81.93753,564
1.4,35.34769,-81.93751,565
1.4,35.34781,-81.93737,566
1.4,35.34791,-81.93724,567
1.4,35.34794,-81.93722,568
1.4,35.34808,-81.93708,569
1.4,35.34823,-81.93695,570
1.4,35.34837,-81.93681,571
1.4,35.34853,-81.93671,572
1.4,35.34864,-81.93667,573
1.4,35.34889,-81.93656,574
1.4,35.34899,-81.93654,575
1.4,35.34902,-81.93653,576
1.4,35.34906,-81.93652,577
1.4,35.34911,-81.93651,578
1.4,35.34926,-81.93647,579
1.4,35.34934,-81.93646,580
1.4,35.34952,-81.93645,581
1.4,35.34972,-81.93645,582
1.4,35.35008,-81.93647,583
1.4,35.35016,-81.93647,584
1.4,35.35026,-81.93648,585
1.4,35.35027,-81.93648,586
1.4,35.35034,-81.93647,587
1.4,35.35079,-81.9364,588
1.4,35.35093,-81.93638,589
1.4,35.35133,-81.93619,590
1.4,35.35138,-81.93615,591
1.4,35.35168,-81.93592,592
1.4,35.35184,-81.9358,593
1.4,35.35192,-81.93574,594
1.4,35.35203,-81.93565,595
1.4,35.35248,-81.93531,596
1.4,35.35274,-81.93509,597
1.4,35.35289,-81.93496,598
1.4,35.35321,-81.93469,599
1.4,35.35325,-81.93466,600
1.4,35.35331,-81.93461,601
1.4,35.35342,-81.93453,602
1.4,35.35346,-81.9345,603
1.4,35.35389,-81.93421,604
1.4,35.3544,-81.93387,605
1.4,35.35513,-81.93358,606
1.4,35.35541,-81.93351,607
1.4,35.35567,-81.93345,608
1.4,35.35594,-81.9334,609
1.4,35.35602,-81.93338,610
1.4,35.35647,-81.9333,611
1.4,35.3566,-81.93328,612
1.4,35.35696,-81.93323,613
1.4,35.35708,-81.93321,614
1.4,35.35743,-81.93312,615
1.4,35.35749,-81.93311,616
1.4,35.35766,-81.93305,617
1.4,35.35799,-81.93286,618
1.4,35.35813,-81.93278,619
1.4,35.35804,-81.93253,620
1.4,35.35781,-81.93194,621
1.4,35.35758,-81.93135,622
1.4,35.3575,-81.93115,623
1.4,35.35742,-81.93095,624
1.4,35.35727,-81.93055,625
1.4,35.35701,-81.92992,626
1.4,35.35692,-81.92969,627
1.4,35.35676,-81.92933,628
1.4,35.35642,-81.92843,629
1.4,35.3564,-81.92823,630
1.4,35.3564,-81.92814,631
1.4,35.35642,-81.928,632
1.4,35.35644,-81.92781,633
1.4,35.35642,-81.92761,634
1.4,35.35641,-81.92757,635
1.4,35.3564,-81.92755,636
1.4,35.35639,-81.92752,637
1.4,35.35637,-81.92744,638
1.4,35.35629,-81.92723,639
1.4,35.35622,-81.92704,640
1.4,35.35617,-81.92692,641
1.4,35.35571,-81.92571,642
1.4,35.35512,-81.92416,643
1.4,35.35488,-81.92352,644
1.4,35.3548,-81.9233,645
1.4,35.35456,-81.92266,646
1.4,35.35426,-81.92186,647
1.4,35.35403,-81.92126,648
1.4,35.35396,-81.92106,649
1.4,35.35381,-81.92066,650
1.4,35.3538,-81.92064,651
1.4,35.35362,-81.92066,652
1.4,35.35357,-81.92069,653
1.4,35.35343,-81.92054,654
1.4,35.35337,-81.92039,655
1.4,35.35323,-81.92009,656
1.4,35.35321,-81.92004,657
1.4,35.35319,-81.91998,658
1.4,35.35317,-81.91996,659
1.4,35.35306,-81.91979,660
1.4,35.35304,-81.91977,661
1.4,35.35303,-81.91974,662
1.4,35.35288,-81.91956,663
1.4,35.35286,-81.91954,664
1.4,35.35279,-81.91944,665
1.4,35.3526,-81.91929,666
1.4,35.35255,-81.91925,667
1.4,35.35248,-81.91919,668
1.4,35.35212,-81.91899,669
1.4,35.35207,-81.91897,670
1.4,35.35198,-81.91894,671
1.4,35.35195,-81.91892,672
1.4,35.3519,-81.9189,673
1.4,35.35167,-81.91881,674
1.4,35.3513,-81.91867,675
1.4,35.35121,-81.91864,676
1.4,35.35109,-81.91859,677
1.4,35.35104,-81.91857,678
1.4,35.35101,-81.91856,679
1.4,35.35076,-81.91844,680
1.4,35.35072,-81.91843,681
1.4,35.35076,-81.91844,682
1.4,35.35083,-81.91809,683
1.4,35.35088,-81.91776,684
1.4,35.3509,-81.91762,685
1.4,35.35091,-81.91758,686
1.4,35.35093,-81.91736,687
1.4,35.35096,-81.91714,688
1.4,35.35099,-81.91671,689
1.4,35.35101,-81.91645,690
1.4,35.35102,-81.9163,691
1.4,35.35102,-81.91627,692
1.4,35.35102,-81.91605,693
1.4,35.35101,-81.91582,694
1.4,35.35101,-81.91579,695
1.4,35.35095,-81.91542,696
1.4,35.35085,-81.91497,697
1.4,35.35085,-81.91493,698
1.4,35.35081,-81.91475,699
1.4,35.3508,-81.91469,700
1.4,35.35064,-81.91404,701
1.4,35.35056,-81.9137,702
1.4,35.35051,-81.91348,703
1.4,35.35049,-81.9134,704
1.4,35.35046,-81.91327,705
1.4,35.35039,-81.91296,706
1.4,35.35032,-81.91246,707
1.4,35.35035,-81.91203,708
1.4,35.35042,-81.91159,709
1.4,35.35051,-81.91094,710
1.4,35.35043,-81.91093,711
1.4,35.35037,-81.91092,712
1.4,35.35015,-81.91091,713
1.4,35.35009,-81.9109,714
1.4,35.35008,-81.9109,715
1.4,35.35006,-81.9109,716
1.4,35.34982,-81.91088,717
1.4,35.34979,-81.91088,718
1.4,35.34973,-81.91087,719
1.4,35.34972,-81.91087,720
1.4,35.34955,-81.91086,721
1.4,35.34943,-81.91085,722
1.4,35.34939,-81.91085,723
1.4,35.34884,-81.9108,724
1.4,35.34846,-81.91077,725
1.4,35.34833,-81.91076,726
1.4,35.34819,-81.91075,727
1.4,35.34788,-81.91072,728
1.4,35.34765,-81.9107,729
1.4,35.34763,-81.9107,730
1.4,35.34758,-81.91071,731
1.4,35.34726,-81.91073,732
1.4,35.34712,-81.91074,733
1.4,35.34704,-81.91075,734
1.4,35.34694,-81.91076,735
1.4,35.34668,-81.91079,736
1.4,35.34624,-81.91084,737
1.4,35.34547,-81.91093,738
1.4,35.34521,-81.91096,739
1.4,35.34522,-81.91099,740
1.4,35.34521,-81.91096,741
1.4,35.34521,-81.91089,742
1.4,35.3452,-81.91084,743
1.4,35.34519,-81.91073,744
1.4,35.34519,-81.91055,745
1.4,35.34519,-81.91048,746
1.4,35.34519,-81.91028,747
1.4,35.34518,-81.90972,748
1.4,35.34519,-81.90956,749
1.4,35.34519,-81.90934,750
1.4,35.34519,-81.90923,751
1.4,35.34519,-81.90846,752
1.4,35.34519,-81.90824,753
1.4,35.34519,-81.90802,754
1.4,35.34519,-81.90736,755
1.4,35.34519,-81.90723,756
1.4,35.34519,-81.90719,757
1.4,35.34519,-81.90697,758
1.4,35.34519,-81.9068,759
1.4,35.34519,-81.90666,760
1.4,35.34519,-81.90614,761
1.4,35.3452,-81.90603,762
1.4,35.3452,-81.90589,763
1.4,35.3452,-81.90515,764
1.4,35.3452,-81.9047,765
1.4,35.3452,-81.90422,766
1.4,35.3452,-81.90412,767
1.4,35.34521,-81.90401,768
1.4,35.34521,-81.90366,769
1.4,35.34521,-81.90359,770
1.4,35.34519,-81.90346,771
1.4,35.34516,-81.90324,772
1.4,35.34514,-81.90311,773
1.4,35.34503,-81.90282,774
1.4,35.34494,-81.90254,775
1.4,35.34488,-81.90242,776
1.4,35.34479,-81.90223,777
1.4,35.34461,-81.90185,778
1.4,35.34438,-81.90146,779
1.4,35.34435,-81.90141,780
1.4,35.34432,-81.90135,781
1.4,35.34421,-81.90116,782
1.4,35.34417,-81.90109,783
1.4,35.34402,-81.90086,784
1.4,35.34379,-81.90047,785
1.4,35.34348,-81.90008,786
1.4,35.34326,-81.8998,787
1.4,35.34311,-81.89961,788
1.4,35.34297,-81.89973,789
1.4,35.34254,-81.90009,790
1.4,35.3422,-81.90038,791
1.4,35.34211,-81.90045,792
1.4,35.3419,-81.90063,793
1.4,35.34178,-81.90042,794
1.4,35.34176,-81.90037,795
1.4,35.34171,-81.9003,796
1.4,35.34163,-81.90018,797
1.4,35.34157,-81.90012,798
1.4,35.34148,-81.90004,799
1.4,35.34142,-81.89999,800
1.4,35.34124,-81.89988,801
1.4,35.34122,-81.89987,802
1.4,35.34113,-81.89982,803
1.4,35.34109,-81.8998,804
1.4,35.34079,-81.89964,805
1.4,35.34076,-81.89962,806
1.4,35.34064,-81.89956,807
1.4,35.3405,-81.89948,808
1.4,35.34044,-81.89944,809
1.4,35.3404,-81.89942,810
1.4,35.34032,-81.89937,811
1.4,35.34025,-81.89932,812
1.4,35.34023,-81.89931,813
1.4,35.34015,-81.89925,814
1.4,35.34012,-81.89922,815
1.4,35.34008,-81.89919,816
1.4,35.34002,-81.89913,817
1.4,35.34002,-81.89912,818
1.4,35.33994,-81.89902,819
1.4,35.33986,-81.8989,820
1.4,35.33985,-81.89888,821
1.4,35.3398,-81.89876,822
1.4,35.33976,-81.89865,823
1.4,35.33971,-81.89851,824
1.4,35.3397,-81.89848,825
1.4,35.33967,-81.89836,826
1.4,35.33963,-81.89837,827
1.4,35.33949,-81.89843,828
1.4,35.33937,-81.89849,829
1.4,35.33918,-81.89856,830
1.4,35.33903,-81.89863,831
1.4,35.33901,-81.89864,832
1.4,35.33892,-81.89868,833
1.4,35.33867,-81.89876,834
1.4,35.33852,-81.89883,835
1.4,35.33832,-81.89818,836
1.4,35.33816,-81.89768,837
1.4,35.33798,-81.89719,838
1.4,35.33787,-81.8969,839
1.4,35.33776,-81.89661,840
1.4,35.33763,-81.89629,841
1.4,35.33737,-81.89571,842
1.4,35.3373,-81.89554,843
1.4,35.33719,-81.89533,844
1.4,35.33713,-81.89519,845
1.4,35.33701,-81.89496,846
1.4,35.33688,-81.89472,847
1.4,35.33673,-81.89485,848
1.4,35.33661,-81.89496,849
1.4,35.33658,-81.89498,850
1.4,35.33649,-81.89508,851
1.4,35.33642,-81.89518,852
1.4,35.33623,-81.89566,853
1.4,35.33615,-81.89593,854
1.4,35.33635,-81.89608,855
1.4,35.33636,-81.89608,856
1.4,35.33644,-81.89618,857
1.4,35.33652,-81.89634,858
1.4,35.33652,-81.89637,859
1.4,35.33655,-81.89649,860
1.4,35.33669,-81.89723,861
1.4,35.33671,-81.89734,862
1.4,35.33673,-81.89744,863
1.4,35.33676,-81.89758,864
1.4,35.33676,-81.8977,865
1.4,35.33676,-81.89773,866
1.4,35.33673,-81.89787,867
1.4,35.33671,-81.89795,868
1.4,35.33635,-81.89887,869
1.4,35.33627,-81.89907,870
1.4,35.33616,-81.89935,871
1.4,35.33599,-81.89925,872
1.4,35.33584,-81.89916,873
1.4,35.3357,-81.89908,874
1.4,35.33557,-81.899,875
1.4,35.33553,-81.89898,876
1.4,35.33547,-81.89894,877
1.4,35.33541,-81.89891,878
1.4,35.33529,-81.89884,879
1.4,35.33545,-81.89844,880
1.4,35.33569,-81.89784,881
1.4,35.33576,-81.89765,882
1.4,35.33587,-81.89737,883
1.4,35.33574,-81.89728,884
1.4,35.33559,-81.8972,885
1.4,35.33559,-81.89719,886
1.4,35.33564,-81.89693,887
1.4,35.33561,-81.89677,888
1.4,35.33557,-81.89661,889
1.4,35.33555,-81.89654,890
1.4,35.3356,-81.89652,891
1.4,35.33578,-81.89641,892
1.4,35.33586,-81.89632,893
1.4,35.33596,-81.89623,894
1.4,35.33603,-81.89612,895
1.4,35.33607,-81.89602,896
1.4,35.33611,-81.8959,897
1.4,35.33614,-81.89577,898
1.4,35.33618,-81.89563,899
1.4,35.33619,-81.89561,900
1.4,35.33624,-81.89539,901
1.4,35.33627,-81.8953,902
1.4,35.33631,-81.89515,903
1.4,35.33634,-81.89511,904
1.4,35.33642,-81.89499,905
1.4,35.33643,-81.89498,906
1.4,35.33651,-81.89489,907
1.4,35.33655,-81.89483,908
1.4,35.33671,-81.89472,909
1.4,35.33683,-81.89463,910
1.4,35.33698,-81.89449,911
1.4,35.33704,-81.89459,912
1.4,35.3374,-81.89533,913
1.4,35.33752,-81.89559,914
1.4,35.33765,-81.89589,915
1.4,35.33784,-81.89634,916
1.4,35.33786,-81.89638,917
1.4,35.33795,-81.89661,918
1.4,35.33817,-81.89722,919
1.4,35.33819,-81.89725,920
1.4,35.33829,-81.89755,921
1.4,35.3383,-81.89758,922
1.4,35.3384,-81.89788,923
1.4,35.33842,-81.89795,924
1.4,35.33854,-81.89835,925
1.4,35.33867,-81.89876,926
1.4,35.33872,-81.89896,927
1.4,35.33879,-81.89922,928
1.4,35.33883,-81.89939,929
1.4,35.33895,-81.89984,930
1.4,35.33906,-81.90041,931
1.4,35.33913,-81.90076,932
1.4,35.33915,-81.90088,933
1.4,35.33919,-81.90109,934
1.4,35.33921,-81.90118,935
1.4,35.33934,-81.90194,936
1.4,35.33934,-81.90196,937
1.4,35.33937,-81.90217,938
1.4,35.33945,-81.9026,939
1.4,35.33949,-81.90285,940
1.4,35.33955,-81.90325,941
1.4,35.33962,-81.90368,942
1.4,35.33971,-81.90421,943
1.4,35.33975,-81.90443,944
1.4,35.33978,-81.90464,945
1.4,35.33982,-81.90486,946
1.4,35.33986,-81.90512,947
1.4,35.33995,-81.90567,948
1.4,35.34003,-81.90613,949
1.4,35.34004,-81.90619,950
1.4,35.34015,-81.90688,951
1.4,35.34032,-81.9079,952
1.4,35.34085,-81.90777,953
1.4,35.34083,-81.90764,954
1.4,35.34084,-81.90764,955
1.4,35.34119,-81.90756,956
1.4,35.34136,-81.90752,957
1.4,35.34171,-81.90744,958
1.4,35.34136,-81.90752,959
1.4,35.34119,-81.90756,960
1.4,35.34084,-81.90764,961
1.4,35.34083,-81.90764,962
1.4,35.34085,-81.90777,963
1.4,35.34086,-81.90781,964
1.4,35.341,-81.9086,965
1.4,35.34104,-81.90883,966
1.4,35.34104,-81.90892,967
1.4,35.34105,-81.90898,968
1.4,35.34106,-81.90902,969
1.4,35.34107,-81.90904,970
1.4,35.34107,-81.90905,971
1.4,35.34108,-81.90906,972
1.4,35.34109,-81.90906,973
1.4,35.3411,-81.90906,974
1.4,35.34112,-81.90906,975
1.4,35.34119,-81.90903,976
1.4,35.34137,-81.90899,977
1.4,35.34141,-81.90899,978
1.4,35.34143,-81.90913,979
1.4,35.34144,-81.90918,980
1.4,35.34148,-81.90934,981
1.4,35.34152,-81.90945,982
1.4,35.34161,-81.90952,983
1.4,35.34173,-81.90952,984
1.4,35.34225,-81.90939,985
1.4,35.34251,-81.90933,986
1.4,35.34272,-81.90928,987
1.4,35.3428,-81.90925,988
1.4,35.34285,-81.90918,989
1.4,35.34272,-81.90823,990
1.4,35.34265,-81.90767,991
1.4,35.34261,-81.90733,992
1.4,35.34259,-81.90719,993
1.4,35.34262,-81.90712,994
1.4,35.34277,-81.90705,995
1.4,35.34305,-81.907,996
1.4,35.34347,-81.90692,997
1.4,35.34358,-81.90692,998
1.4,35.34376,-81.90692,999
1.4,35.34394,-81.90692,1000
1.4,35.34412,-81.90692,1001
1.4,35.34422,-81.90693,1002
1.4,35.3443,-81.90694,1003
1.4,35.34451,-81.90698,1004
1.4,35.34466,-81.907,1005
1.4,35.34483,-81.90702,1006
1.4,35.34487,-81.90702,1007
1.4,35.34506,-81.90701,1008
1.4,35.34515,-81.90699,1009
1.4,35.34519,-81.90697,1010
1.4,35.34519,-81.90719,1011
1.4,35.34519,-81.90723,1012
1.4,35.34519,-81.90736,1013
1.4,35.34519,-81.90802,1014
1.4,35.34519,-81.90824,1015
1.4,35.34519,-81.90846,1016
1.4,35.34519,-81.90923,1017
1.4,35.34519,-81.90934,1018
1.4,35.34519,-81.90956,1019
1.4,35.34518,-81.90972,1020
1.4,35.34519,-81.91028,1021
1.4,35.34519,-81.91048,1022
1.4,35.34519,-81.91055,1023
1.4,35.34519,-81.91073,1024
1.4,35.3452,-81.91084,1025
1.4,35.34521,-81.91089,1026
1.4,35.34521,-81.91096,1027
1.4,35.34547,-81.91093,1028
1.4,35.34624,-81.91084,1029
1.4,35.34668,-81.91079,1030
1.4,35.34664,-81.91057,1031
1.4,35.34661,-81.91037,1032
1.4,35.34661,-81.91036,1033
1.4,35.34658,-81.9102,1034
2.0,35.34687,-81.90728,0
2.0,35.34689,-81.90721,1
2.0,35.34697,-81.90718,2
2.0,35.34705,-81.90715,3
2.0,35.34738,-81.90704,4
2.0,35.34766,-81.90695,5
2.0,35.34774,-81.90692,6
2.0,35.34794,-81.90685,7
2.0,35.34795,-81.90685,8
2.0,35.34803,-81.90683,9
2.0,35.34806,-81.90682,10
2.0,35.34808,-81.90682,11
2.0,35.34812,-81.90681,12
2.0,35.34815,-81.90681,13
2.0,35.34869,-81.90679,14
2.0,35.34887,-81.90678,15
2.0,35.34902,-81.90677,16
2.0,35.34909,-81.90677,17
2.0,35.3492,-81.90677,18
2.0,35.34927,-81.90676,19
2.0,35.34938,-81.90676,20
2.0,35.34963,-81.90675,21
2.0,35.34981,-81.90674,22
2.0,35.3501,-81.90673,23
2.0,35.35059,-81.90672,24
2.0,35.35099,-81.9067,25
2.0,35.35121,-81.90669,26
2.0,35.35134,-81.90669,27
2.0,35.3514,-81.90669,28
2.0,35.35145,-81.90669,29
2.0,35.35152,-81.90669,30
2.0,35.3517,-81.90669,31
2.0,35.35178,-81.90669,32
2.0,35.35186,-81.90669,33
2.0,35.3519,-81.90669,34
2.0,35.35192,-81.90669,35
2.0,35.35207,-81.90669,36
2.0,35.35205,-81.90586,37
2.0,35.35205,-81.90559,38
2.0,35.35202,-81.90364,39
2.0,35.352,-81.90265,40
2.0,35.352,-81.90232,41
2.0,35.35199,-81.9021,42
2.0,35.35199,-81.90188,43
2.0,35.35199,-81.90177,44
2.0,35.35197,-81.90092,45
2.0,35.35197,-81.90087,46
2.0,35.35197,-81.90078,47
2.0,35.35196,-81.90023,48
2.0,35.35196,-81.90006,49
2.0,35.35195,-81.89945,50
2.0,35.35195,-81.89913,51
2.0,35.35194,-81.89869,52
2.0,35.35194,-81.89861,53
2.0,35.35193,-81.89847,54
2.0,35.35193,-81.89829,55
2.0,35.35191,-81.89796,56
2.0,35.35188,-81.89756,57
2.0,35.35187,-81.89744,58
2.0,35.35185,-81.89723,59
2.0,35.35181,-81.89678,60
2.0,35.35177,-81.89653,61
2.0,35.35177,-81.89647,62
2.0,35.35175,-81.89636,63
2.0,35.3517,-81.896,64
2.0,35.35163,-81.89555,65
2.0,35.35153,-81.89501,66
2.0,35.35152,-81.895,67
2.0,35.35148,-81.89479,68
2.0,35.35143,-81.89457,69
2.0,35.35135,-81.89425,70
2.0,35.35122,-81.89373,71
2.0,35.3511,-81.8933,72
2.0,35.351,-81.89298,73
2.0,35.35093,-81.89275,74
2.0,35.35088,-81.8926,75
2.0,35.35086,-81.89255,76
2.0,35.35081,-81.89238,77
2.0,35.35071,-81.89214,78
2.0,35.35066,-81.89199,79
2.0,35.35055,-81.89173,80
2.0,35.35024,-81.89095,81
2.0,35.34998,-81.89042,82
2.0,35.34969,-81.88981,83
2.0,35.34961,-81.88967,84
2.0,35.34954,-81.88955,85
2.0,35.34944,-81.88935,86
2.0,35.34943,-81.88934,87
2.0,35.3494,-81.88929,88
2.0,35.34937,-81.88924,89
2.0,35.34935,-81.8892,90
2.0,35.34919,-81.88893,91
2.0,35.34908,-81.88876,92
2.0,35.34892,-81.8885,93
2.0,35.3489,-81.88846,94
2.0,35.34864,-81.88807,95
2.0,35.34855,-81.88795,96
2.0,35.34842,-81.88775,97
2.0,35.34808,-81.88729,98
2.0,35.34808,-81.88728,99
2.0,35.34806,-81.88726,100
2.0,35.34768,-81.88679,101
2.0,35.34741,-81.88647,102
2.0,35.34719,-81.88622,103
2.0,35.34715,-81.88618,104
2.0,35.34714,-81.88616,105
2.0,35.34703,-81.88605,106
2.0,35.34686,-81.88587,107
2.0,35.34672,-81.88572,108
2.0,35.34662,-81.88562,109
2.0,35.34648,-81.88548,110
2.0,35.34631,-81.88531,111
2.0,35.34609,-81.8851,112
2.0,35.34565,-81.88464,113
2.0,35.34534,-81.88433,114
2.0,35.34504,-81.88402,115
2.0,35.34485,-81.88383,116
2.0,35.34472,-81.8837,117
2.0,35.34446,-81.88344,118
2.0,35.34429,-81.88327,119
2.0,35.34416,-81.88314,120
2.0,35.34379,-81.88278,121
2.0,35.34361,-81.88259,122
2.0,35.34348,-81.88246,123
2.0,35.34328,-81.88225,124
2.0,35.34275,-81.88171,125
2.0,35.3423,-81.88125,126
2.0,35.34216,-81.88111,127
2.0,35.34197,-81.88092,128
2.0,35.34187,-81.88081,129
2.0,35.34166,-81.8806,130
2.0,35.34158,-81.88052,131
2.0,35.34134,-81.88025,132
2.0,35.34128,-81.88015,133
2.0,35.34111,-81.87994,134
2.0,35.34099,-81.87977,135
2.0,35.34087,-81.87959,136
2.0,35.34074,-81.8794,137
2.0,35.34052,-81.87899,138
2.0,35.34041,-81.87875,139
2.0,35.34024,-81.87835,140
2.0,35.3401,-81.87795,141
2.0,35.34001,-81.87769,142
2.0,35.3399,-81.87727,143
2.0,35.33977,-81.87673,144
2.0,35.33965,-81.87614,145
2.0,35.33956,-81.87583,146
2.0,35.3395,-81.87565,147
2.0,35.33936,-81.87528,148
2.0,35.33921,-81.87494,149
2.0,35.3391,-81.87469,150
2.0,35.33904,-81.87455,151
2.0,35.33897,-81.8744,152
2.0,35.33882,-81.87407,153
2.0,35.33866,-81.87373,154
2.0,35.3386,-81.87358,155
2.0,35.33856,-81.87347,156
2.0,35.3385,-81.87336,157
2.0,35.33839,-81.87314,158
2.0,35.33824,-81.87288,159
2.0,35.33808,-81.87268,160
2.0,35.33798,-81.87253,161
2.0,35.33787,-81.8724,162
2.0,35.33772,-81.87221,163
2.0,35.33735,-81.87175,164
2.0,35.33711,-81.87144,165
2.0,35.33698,-81.87127,166
2.0,35.33685,-81.8711,167
2.0,35.33651,-81.87067,168
2.0,35.3359,-81.86989,169
2.0,35.33589,-81.86987,170
2.0,35.33586,-81.86983,171
2.0,35.33576,-81.86969,172
2.0,35.33566,-81.86956,173
2.0,35.33547,-81.86932,174
2.0,35.3354,-81.86923,175
2.0,35.33528,-81.86907,176
2.0,35.33525,-81.86903,177
2.0,35.33518,-81.86894,178
2.0,35.33501,-81.86871,179
2.0,35.33485,-81.86849,180
2.0,35.33462,-81.86818,181
2.0,35.33447,-81.86782,182
2.0,35.3344,-81.86764,183
2.0,35.33433,-81.8674,184
2.0,35.33428,-81.86729,185
2.0,35.33422,-81.8672,186
2.0,35.33421,-81.86718,187
2.0,35.33408,-81.86681,188
2.0,35.33392,-81.86611,189
2.0,35.33368,-81.86511,190
2.0,35.3336,-81.86478,191
2.0,35.33355,-81.86451,192
2.0,35.33346,-81.86401,193
2.0,35.33345,-81.864,194
2.0,35.33333,-81.86343,195
2.0,35.33326,-81.86313,196
2.0,35.33321,-81.8629,197
2.0,35.33319,-81.86276,198
2.0,35.33312,-81.86242,199
2.0,35.33316,-81.86241,200
2.0,35.33312,-81.86242,201
2.0,35.33301,-81.86191,202
2.0,35.33266,-81.86203,203
2.0,35.33232,-81.86216,204
2.0,35.33203,-81.86227,205
2.0,35.33169,-81.86239,206
2.0,35.33152,-81.86245,207
2.0,35.33072,-81.86274,208
2.0,35.33033,-81.86287,209
2.0,35.33016,-81.86293,210
2.0,35.32993,-81.86301,211
2.0,35.32981,-81.86303,212
2.0,35.32965,-81.86301,213
2.0,35.32952,-81.86296,214
2.0,35.32947,-81.86294,215
2.0,35.3293,-81.86287,216
2.0,35.32914,-81.86279,217
2.0,35.32898,-81.86272,218
2.0,35.3288,-81.86264,219
2.0,35.32847,-81.8625,220
2.0,35.32814,-81.86233,221
2.0,35.3279,-81.86222,222
2.0,35.32755,-81.86207,223
2.0,35.32742,-81.86201,224
2.0,35.3273,-81.86196,225
2.0,35.32662,-81.86166,226
2.0,35.32612,-81.86145,227
2.0,35.32484,-81.86088,228
2.0,35.32451,-81.86074,229
2.0,35.32434,-81.86066,230
2.0,35.32417,-81.86059,231
2.0,35.32316,-81.86014,232
2.0,35.3229,-81.86003,233
2.0,35.32259,-81.85989,234
2.0,35.32239,-81.85981,235
2.0,35.32225,-81.85974,236
2.0,35.32224,-81.85974,237
2.0,35.32217,-81.85971,238
2.0,35.32213,-81.85969,239
2.0,35.32191,-81.8596,240
2.0,35.32157,-81.85945,241
2.0,35.32091,-81.85916,242
2.0,35.32056,-81.859,243
2.0,35.32039,-81.85893,244
2.0,35.32022,-81.85885,245
2.0,35.31988,-81.8587,246
2.0,35.31937,-81.85848,247
2.0,35.31897,-81.8583,248
2.0,35.31875,-81.8582,249
2.0,35.31857,-81.85812,250
2.0,35.31846,-81.85807,251
2.0,35.31832,-81.85801,252
2.0,35.3181,-81.85791,253
2.0,35.31766,-81.85772,254
2.0,35.31762,-81.85785,255
2.0,35.31761,-81.85786,256
2.0,35.31759,-81.85792,257
2.0,35.31755,-81.85793,258
2.0,35.31753,-81.85794,259
2.0,35.31749,-81.85796,260
2.0,35.31745,-81.85798,261
2.0,35.31735,-81.85794,262
2.0,35.31731,-81.85807,263
2.0,35.3172,-81.8585,264
2.0,35.3172,-81.85867,265
2.0,35.31719,-81.85887,266
2.0,35.31719,-81.85907,267
2.0,35.31718,-81.85951,268
2.0,35.31717,-81.86045,269
2.0,35.31717,-81.86155,270
2.0,35.31716,-81.86177,271
2.0,35.31716,-81.86221,272
2.0,35.31716,-81.86287,273
2.0,35.31723,-81.86308,274
2.0,35.31728,-81.86329,275
2.0,35.31728,-81.8633,276
2.0,35.31733,-81.8634,277
2.0,35.31738,-81.86351,278
2.0,35.31749,-81.86363,279
2.0,35.31751,-81.86365,280
2.0,35.31775,-81.86383,281
2.0,35.31786,-81.86394,282
2.0,35.31802,-81.86399,283
2.0,35.31807,-81.864,284
2.0,35.31814,-81.86403,285
2.0,35.3182,-81.86402,286
2.0,35.31824,-81.86402,287
2.0,35.31837,-81.86401,288
2.0,35.31842,-81.86401,289
2.0,35.31855,-81.86399,290
2.0,35.3186,-81.86399,291
2.0,35.31863,-81.86399,292
2.0,35.31873,-81.86396,293
2.0,35.31895,-81.8639,294
2.0,35.31918,-81.86371,295
2.0,35.31921,-81.86369,296
2.0,35.31935,-81.86358,297
2.0,35.31936,-81.86357,298
2.0,35.31947,-81.86346,299
2.0,35.31951,-81.86343,300
2.0,35.31962,-81.86333,301
2.0,35.31979,-81.86316,302
2.0,35.31985,-81.8631,303
2.0,35.31992,-81.86301,304
2.0,35.32001,-81.86289,305
2.0,35.32005,-81.86281,306
2.0,35.32018,-81.86243,307
2.0,35.32036,-81.86252,308
2.0,35.32089,-81.86278,309
2.0,35.32128,-81.86297,310
2.0,35.32145,-81.86305,311
2.0,35.32162,-81.86313,312
2.0,35.32172,-81.86317,313
2.0,35.32187,-81.86329,314
2.0,35.32221,-81.86345,315
2.0,35.32236,-81.86352,316
2.0,35.32265,-81.86369,317
2.0,35.32281,-81.86379,318
2.0,35.32315,-81.86396,319
2.0,35.32324,-81.86401,320
2.0,35.32341,-81.8641,321
2.0,35.32356,-81.86417,322
2.0,35.3239,-81.86435,323
2.0,35.32402,-81.86443,324
2.0,35.32415,-81.8645,325
2.0,35.32431,-81.8646,326
2.0,35.32464,-81.86478,327
2.0,35.3248,-81.86488,328
2.0,35.32496,-81.86497,329
2.0,35.32533,-81.86512,330
2.0,35.32561,-81.86526,331
2.0,35.32577,-81.86534,332
2.0,35.32584,-81.86536,333
2.0,35.32595,-81.8654,334
2.0,35.32616,-81.86546,335
2.0,35.32629,-81.8655,336
2.0,35.32665,-81.86559,337
2.0,35.32682,-81.86564,338
2.0,35.327,-81.86568,339
2.0,35.32735,-81.86577,340
2.0,35.328,-81.86592,341
2.0,35.32818,-81.86596,342
2.0,35.32836,-81.866,343
2.0,35.32837,-81.86612,344
2.0,35.32839,-81.8662,345
2.0,35.32841,-81.8663,346
2.0,35.32845,-81.86638,347
2.0,35.32846,-81.8664,348
2.0,35.32849,-81.86646,349
2.0,35.3285,-81.86647,350
2.0,35.3285,-81.86648,351
2.0,35.32851,-81.86651,352
2.0,35.32855,-81.86657,353
2.0,35.3286,-81.86666,354
2.0,35.3286,-81.86667,355
2.0,35.32865,-81.86677,356
2.0,35.32868,-81.86685,357
2.0,35.32869,-81.8669,358
2.0,35.32872,-81.86711,359
2.0,35.3288,-81.86754,360
2.0,35.32882,-81.86763,361
2.0,35.32884,-81.8677,362
2.0,35.32886,-81.86775,363
2.0,35.32892,-81.86789,364
2.0,35.32894,-81.86794,365
2.0,35.32894,-81.86795,366
2.0,35.32896,-81.86799,367
2.0,35.3291,-81.86824,368
2.0,35.32915,-81.86845,369
2.0,35.32925,-81.86887,370
2.0,35.32926,-81.86892,371
2.0,35.32927,-81.86895,372
2.0,35.32931,-81.86913,373
2.0,35.32937,-81.86935,374
2.0,35.32938,-81.8694,375
2.0,35.32942,-81.86955,376
2.0,35.32948,-81.86976,377
2.0,35.32949,-81.86982,378
2.0,35.32953,-81.86997,379
2.0,35.32956,-81.87007,380
2.0,35.32977,-81.86999,381
2.0,35.33025,-81.8698,382
2.0,35.33076,-81.8696,383
2.0,35.33079,-81.86959,384
2.0,35.33096,-81.86952,385
2.0,35.33112,-81.86947,386
2.0,35.33141,-81.86938,387
2.0,35.33148,-81.86935,388
2.0,35.33201,-81.86918,389
2.0,35.33214,-81.8695,390
2.0,35.3322,-81.86968,391
2.0,35.33221,-81.86968,392
2.0,35.33224,-81.86978,393
2.0,35.33227,-81.86985,394
2.0,35.33231,-81.86998,395
2.0,35.33233,-81.87004,396
2.0,35.33239,-81.87023,397
2.0,35.33244,-81.87041,398
2.0,35.33249,-81.87061,399
2.0,35.33255,-81.87083,400
2.0,35.3326,-81.87105,401
2.0,35.33264,-81.87125,402
2.0,35.33265,-81.87128,403
2.0,35.33267,-81.87139,404
2.0,35.33269,-81.87152,405
2.0,35.33273,-81.87174,406
2.0,35.33275,-81.87187,407
2.0,35.33276,-81.87197,408
2.0,35.33281,-81.87246,409
2.0,35.33284,-81.87275,410
2.0,35.33285,-81.87306,411
2.0,35.33286,-81.87337,412
2.0,35.33286,-81.87367,413
2.0,35.33284,-81.87428,414
2.0,35.33282,-81.87497,415
2.0,35.33282,-81.87517,416
2.0,35.33282,-81.87534,417
2.0,35.33282,-81.87545,418
2.0,35.33282,-81.87563,419
2.0,35.33283,-81.87579,420
2.0,35.33284,-81.87595,421
2.0,35.33286,-81.87626,422
2.0,35.33289,-81.87658,423
2.0,35.3329,-81.87673,424
2.0,35.3329,-81.87674,425
2.0,35.3329,-81.87675,426
2.0,35.33291,-81.87687,427
2.0,35.33294,-81.87722,428
2.0,35.33296,-81.8775,429
2.0,35.33302,-81.8781,430
2.0,35.33305,-81.87851,431
2.0,35.33312,-81.87923,432
2.0,35.33312,-81.87928,433
2.0,35.33313,-81.87935,434
2.0,35.33317,-81.87941,435
2.0,35.33322,-81.87992,436
2.0,35.33325,-81.88028,437
2.0,35.33328,-81.88057,438
2.0,35.33333,-81.88111,439
2.0,35.33319,-81.88107,440
2.0,35.33303,-81.88101,441
2.0,35.33299,-81.88099,442
2.0,35.33291,-81.88096,443
2.0,35.33274,-81.88089,444
2.0,35.33266,-81.88086,445
2.0,35.33249,-81.8808,446
2.0,35.33248,-81.88079,447
2.0,35.33214,-81.88067,448
2.0,35.33185,-81.88057,449
2.0,35.3318,-81.88055,450
2.0,35.33162,-81.88049,451
2.0,35.33133,-81.88039,452
2.0,35.33128,-81.88037,453
2.0,35.3311,-81.88031,454
2.0,35.33098,-81.88027,455
2.0,35.33071,-81.88015,456
2.0,35.33063,-81.8801,457
2.0,35.33056,-81.88006,458
2.0,35.33063,-81.8801,459
2.0,35.33071,-81.88015,460
2.0,35.33098,-81.88027,461
2.0,35.3311,-81.88031,462
2.0,35.33128,-81.88037,463
2.0,35.33133,-81.88039,464
2.0,35.33162,-81.88049,465
2.0,35.3318,-81.88055,466
2.0,35.33185,-81.88057,467
2.0,35.33214,-81.88067,468
2.0,35.33248,-81.88079,469
2.0,35.33249,-81.8808,470
2.0,35.33266,-81.88086,471
2.0,35.33274,-81.88089,472
2.0,35.33291,-81.88096,473
2.0,35.33299,-81.88099,474
2.0,35.33303,-81.88101,475
2.0,35.33319,-81.88107,476
2.0,35.33317,-81.88076,477
2.0,35.33312,-81.8801,478
2.0,35.33309,-81.87955,479
2.0,35.33309,-81.87947,480
2.0,35.33309,-81.87944,481
2.0,35.3331,-81.87941,482
2.0,35.33311,-81.87939,483
2.0,35.33313,-81.87935,484
2.0,35.33312,-81.87928,485
2.0,35.33312,-81.87923,486
2.0,35.33305,-81.87851,487
2.0,35.33302,-81.8781,488
2.0,35.33296,-81.8775,489
2.0,35.33294,-81.87722,490
2.0,35.33291,-81.87687,491
2.0,35.3329,-81.87675,492
2.0,35.3329,-81.87674,493
2.0,35.3329,-81.87673,494
2.0,35.33289,-81.87658,495
2.0,35.33286,-81.87626,496
2.0,35.33284,-81.87595,497
2.0,35.33283,-81.87579,498
2.0,35.33282,-81.87563,499
2.0,35.33282,-81.87545,500
2.0,35.33282,-81.87534,501
2.0,35.33282,-81.87517,502
2.0,35.33282,-81.87497,503
2.0,35.33284,-81.87428,504
2.0,35.33286,-81.87367,505
2.0,35.33286,-81.87337,506
2.0,35.33285,-81.87306,507
2.0,35.33284,-81.87275,508
2.0,35.33281,-81.87246,509
2.0,35.33276,-81.87197,510
2.0,35.33275,-81.87187,511
2.0,35.33273,-81.87174,512
2.0,35.33269,-81.87152,513
2.0,35.33267,-81.87139,514
2.0,35.33265,-81.87128,515
2.0,35.33264,-81.87125,516
2.0,35.3326,-81.87105,517
2.0,35.33255,-81.87083,518
2.0,35.33249,-81.87061,519
2.0,35.33244,-81.87041,520
2.0,35.33239,-81.87023,521
2.0,35.33233,-81.87004,522
2.0,35.33231,-81.86998,523
2.0,35.33227,-81.86985,524
2.0,35.33224,-81.86978,525
2.0,35.33221,-81.86968,526
2.0,35.3322,-81.86968,527
2.0,35.33214,-81.8695,528
2.0,35.33208,-81.86936,529
2.0,35.33201,-81.86918,530
2.0,35.33148,-81.86935,531
2.0,35.33141,-81.86938,532
2.0,35.33112,-81.86947,533
2.0,35.33096,-81.86952,534
2.0,35.33079,-81.86959,535
2.0,35.33076,-81.8696,536
2.0,35.33025,-81.8698,537
2.0,35.32977,-81.86999,538
2.0,35.32956,-81.87007,539
2.0,35.32927,-81.87018,540
2.0,35.32916,-81.87023,541
2.0,35.32909,-81.87025,542
2.0,35.32892,-81.87032,543
2.0,35.32814,-81.87071,544
2.0,35.32786,-81.87085,545
2.0,35.32752,-81.87112,546
2.0,35.32721,-81.87136,547
2.0,35.32692,-81.87156,548
2.0,35.32676,-81.87167,549
2.0,35.3263,-81.87201,550
2.0,35.32609,-81.87216,551
2.0,35.3256,-81.87255,552
2.0,35.32533,-81.87285,553
2.0,35.32509,-81.87311,554
2.0,35.32496,-81.87326,555
2.0,35.32483,-81.8734,556
2.0,35.32479,-81.87344,557
2.0,35.32452,-81.87373,558
2.0,35.32432,-81.87407,559
2.0,35.32424,-81.87418,560
2.0,35.32416,-81.87431,561
2.0,35.3241,-81.87442,562
2.0,35.32382,-81.8749,563
2.0,35.32378,-81.87498,564
2.0,35.32357,-81.87534,565
2.0,35.32357,-81.87535,566
2.0,35.32327,-81.87588,567
2.0,35.32312,-81.87617,568
2.0,35.32291,-81.87655,569
2.0,35.32283,-81.87669,570
2.0,35.3226,-81.87709,571
2.0,35.32255,-81.87717,572
2.0,35.32251,-81.87723,573
2.0,35.3222,-81.87766,574
2.0,35.32215,-81.87772,575
2.0,35.32185,-81.87814,576
2.0,35.32155,-81.87855,577
2.0,35.32152,-81.8786,578
2.0,35.3214,-81.87876,579
2.0,35.32123,-81.87899,580
2.0,35.32115,-81.87911,581
2.0,35.32098,-81.87935,582
2.0,35.32076,-81.87964,583
2.0,35.32064,-81.8798,584
2.0,35.32049,-81.87998,585
2.0,35.32032,-81.88009,586
2.0,35.3203,-81.8801,587
2.0,35.32014,-81.8802,588
2.0,35.32009,-81.88023,589
2.0,35.31987,-81.88035,590
2.0,35.31979,-81.88039,591
2.0,35.31963,-81.88048,592
2.0,35.31929,-81.88066,593
2.0,35.31901,-81.88082,594
2.0,35.31869,-81.88098,595
2.0,35.3186,-81.88103,596
2.0,35.31852,-81.88107,597
2.0,35.31819,-81.88124,598
2.0,35.31857,-81.88156,599
2.0,35.31889,-81.88182,600
2.0,35.31919,-81.88207,601
2.0,35.31935,-81.8822,602
2.0,35.31965,-81.88243,603
2.0,35.31993,-81.88264,604
2.0,35.32026,-81.88288,605
2.0,35.32044,-81.88301,606
2.0,35.32072,-81.8832,607
2.0,35.32102,-81.88339,608
2.0,35.32123,-81.88351,609
2.0,35.32154,-81.88368,610
2.0,35.32164,-81.88374,611
2.0,35.32176,-81.8838,612
2.0,35.3218,-81.88382,613
2.0,35.32184,-81.88384,614
2.0,35.32205,-81.88395,615
2.0,35.32216,-81.884,616
2.0,35.32235,-81.88409,617
2.0,35.32243,-81.88412,618
2.0,35.32247,-81.88414,619
2.0,35.32267,-81.88423,620
2.0,35.32278,-81.88428,621
2.0,35.32298,-81.88436,622
2.0,35.32311,-81.88441,623
2.0,35.32349,-81.88457,624
2.0,35.32351,-81.88458,625
2.0,35.32423,-81.88487,626
2.0,35.32444,-81.88496,627
2.0,35.32474,-81.88508,628
2.0,35.32571,-81.88547,629
2.0,35.32579,-81.8855,630
2.0,35.32611,-81.88563,631
2.0,35.32632,-81.88572,632
2.0,35.32648,-81.88579,633
2.0,35.32673,-81.88589,634
2.0,35.32736,-81.88615,635
2.0,35.32813,-81.88646,636
2.0,35.32889,-81.88677,637
2.0,35.32921,-81.88691,638
2.0,35.32953,-81.88707,639
2.0,35.32956,-81.88709,640
2.0,35.32979,-81.8872,641
2.0,35.3299,-81.88726,642
2.0,35.33006,-81.88734,643
2.0,35.33009,-81.88736,644
2.0,35.33039,-81.88753,645
2.0,35.33053,-81.88761,646
2.0,35.33066,-81.88768,647
2.0,35.33114,-81.88798,648
2.0,35.33152,-81.88824,649
2.0,35.33166,-81.88834,650
2.0,35.33197,-81.88856,651
2.0,35.33227,-81.8888,652
2.0,35.33264,-81.88908,653
2.0,35.33273,-81.88916,654
2.0,35.33291,-81.88932,655
2.0,35.33324,-81.88962,656
2.0,35.33341,-81.88978,657
2.0,35.33347,-81.88984,658
2.0,35.33366,-81.89003,659
2.0,35.33393,-81.89029,660
2.0,35.33395,-81.89031,661
2.0,35.33408,-81.89046,662
2.0,35.33403,-81.89064,663
2.0,35.33398,-81.89097,664
2.0,35.33395,-81.89134,665
2.0,35.33393,-81.89163,666
2.0,35.33392,-81.89165,667
2.0,35.33387,-81.89176,668
2.0,35.33385,-81.89204,669
2.0,35.33383,-81.89231,670
2.0,35.33381,-81.89257,671
2.0,35.33379,-81.89277,672
2.0,35.33376,-81.89322,673
2.0,35.33374,-81.89344,674
2.0,35.33373,-81.89352,675
2.0,35.33371,-81.89383,676
2.0,35.33369,-81.89393,677
2.0,35.33368,-81.89403,678
2.0,35.33366,-81.89412,679
2.0,35.33359,-81.89445,680
2.0,35.33358,-81.89448,681
2.0,35.3335,-81.89474,682
2.0,35.33347,-81.89482,683
2.0,35.33345,-81.89487,684
2.0,35.33334,-81.89517,685
2.0,35.33329,-81.89533,686
2.0,35.33313,-81.89579,687
2.0,35.33308,-81.89594,688
2.0,35.33303,-81.89606,689
2.0,35.33302,-81.89609,690
2.0,35.33336,-81.89624,691
2.0,35.33338,-81.89625,692
2.0,35.33353,-81.89629,693
2.0,35.33372,-81.89634,694
2.0,35.33384,-81.89636,695
2.0,35.33384,-81.89637,696
2.0,35.33383,-81.8965,697
2.0,35.33383,-81.89656,698
2.0,35.33382,-81.89662,699
2.0,35.33378,-81.89677,700
2.0,35.33375,-81.89689,701
2.0,35.33371,-81.89698,702
2.0,35.33339,-81.89777,703
2.0,35.33342,-81.89779,704
2.0,35.33354,-81.89786,705
2.0,35.33367,-81.89794,706
2.0,35.33381,-81.89802,707
2.0,35.33395,-81.8981,708
2.0,35.33409,-81.89819,709
2.0,35.33424,-81.89828,710
2.0,35.33431,-81.89832,711
2.0,35.3344,-81.89836,712
2.0,35.33446,-81.89839,713
2.0,35.33455,-81.89842,714
2.0,35.33465,-81.89845,715
2.0,35.33468,-81.89847,716
2.0,35.33482,-81.89856,717
2.0,35.33487,-81.89858,718
2.0,35.33499,-81.89866,719
2.0,35.33514,-81.89874,720
2.0,35.33529,-81.89884,721
2.0,35.33541,-81.89891,722
2.0,35.33545,-81.89893,723
2.0,35.33541,-81.89891,724
2.0,35.33529,-81.89884,725
2.0,35.33514,-81.89874,726
2.0,35.33499,-81.89866,727
2.0,35.33487,-81.89858,728
2.0,35.33482,-81.89856,729
2.0,35.33468,-81.89847,730
2.0,35.33465,-81.89845,731
2.0,35.33455,-81.89842,732
2.0,35.33446,-81.89839,733
2.0,35.3344,-81.89836,734
2.0,35.33431,-81.89832,735
2.0,35.33424,-81.89828,736
2.0,35.33409,-81.89819,737
2.0,35.33395,-81.8981,738
2.0,35.33381,-81.89802,739
2.0,35.33367,-81.89794,740
2.0,35.33354,-81.89786,741
2.0,35.33343,-81.89779,742
2.0,35.33339,-81.89777,743
2.0,35.33353,-81.89743,744
2.0,35.33371,-81.89698,745
2.0,35.33375,-81.89689,746
2.0,35.33378,-81.89677,747
2.0,35.33382,-81.89662,748
2.0,35.33383,-81.89658,749
2.0,35.33383,-81.89656,750
2.0,35.33383,-81.8965,751
2.0,35.33384,-81.89637,752
2.0,35.33384,-81.89636,753
2.0,35.33372,-81.89634,754
2.0,35.33353,-81.89629,755
2.0,35.33347,-81.89628,756
2.0,35.33338,-81.89625,757
2.0,35.33336,-81.89624,758
2.0,35.33302,-81.89609,759
2.0,35.3329,-81.8965,760
2.0,35.33289,-81.89651,761
2.0,35.33247,-81.89742,762
2.0,35.33242,-81.89752,763
2.0,35.33227,-81.89792,764
2.0,35.33208,-81.89825,765
2.0,35.33175,-81.89892,766
2.0,35.3317,-81.89902,767
2.0,35.33167,-81.89911,768
2.0,35.33154,-81.8995,769
2.0,35.33142,-81.89994,770
2.0,35.3313,-81.90036,771
2.0,35.33124,-81.90056,772
2.0,35.33121,-81.9007,773
2.0,35.33119,-81.90076,774
2.0,35.33118,-81.90081,775
2.0,35.33116,-81.90085,776
2.0,35.33115,-81.90089,777
2.0,35.33111,-81.90099,778
2.0,35.33105,-81.90112,779
2.0,35.33116,-81.90129,780
2.0,35.33132,-81.90154,781
2.0,35.33139,-81.90163,782
2.0,35.33169,-81.90209,783
2.0,35.33178,-81.90228,784
2.0,35.33198,-81.90268,785
2.0,35.33212,-81.90301,786
2.0,35.33219,-81.9033,787
2.0,35.33232,-81.90392,788
2.0,35.33234,-81.90403,789
2.0,35.33236,-81.90413,790
2.0,35.33238,-81.9043,791
2.0,35.33256,-81.90526,792
2.0,35.33257,-81.90528,793
2.0,35.33265,-81.90571,794
2.0,35.33272,-81.90613,795
2.0,35.33287,-81.907,796
2.0,35.33293,-81.90735,797
2.0,35.33305,-81.90807,798
2.0,35.33308,-81.90827,799
2.0,35.3331,-81.90837,800
2.0,35.33318,-81.90885,801
2.0,35.33319,-81.90893,802
2.0,35.33321,-81.90907,803
2.0,35.33328,-81.9095,804
2.0,35.33332,-81.90974,805
2.0,35.33343,-81.91038,806
2.0,35.33354,-81.91103,807
2.0,35.33371,-81.91182,808
2.0,35.33384,-81.91178,809
2.0,35.33388,-81.91176,810
2.0,35.3339,-81.91176,811
2.0,35.33398,-81.91172,812
2.0,35.33422,-81.91162,813
2.0,35.33428,-81.91159,814
2.0,35.33432,-81.91157,815
2.0,35.33439,-81.91154,816
2.0,35.33445,-81.91152,817
2.0,35.33448,-81.9115,818
2.0,35.33462,-81.91144,819
2.0,35.33465,-81.91143,820
2.0,35.33478,-81.91137,821
2.0,35.33529,-81.91115,822
2.0,35.33545,-81.91108,823
2.0,35.33562,-81.911,824
2.0,35.33584,-81.91091,825
2.0,35.33604,-81.91082,826
2.0,35.33621,-81.91074,827
2.0,35.33646,-81.9115,828
2.0,35.33655,-81.91146,829
2.0,35.33659,-81.91141,830
2.0,35.33651,-81.9111,831
2.0,35.3365,-81.91104,832
2.0,35.33638,-81.91067,833
2.0,35.33657,-81.91059,834
2.0,35.33694,-81.91067,835
2.0,35.33696,-81.91068,836
2.0,35.33706,-81.91075,837
2.0,35.33715,-81.91082,838
2.0,35.33722,-81.91087,839
2.0,35.3373,-81.91093,840
2.0,35.33753,-81.91109,841
2.0,35.33777,-81.91126,842
2.0,35.33783,-81.9113,843
2.0,35.33784,-81.91131,844
2.0,35.33803,-81.91148,845
2.0,35.33807,-81.91152,846
2.0,35.33812,-81.91158,847
2.0,35.33818,-81.91165,848
2.0,35.33829,-81.91184,849
2.0,35.33832,-81.91194,850
2.0,35.33835,-81.91206,851
2.0,35.33836,-81.91208,852
2.0,35.33831,-81.9127,853
2.0,35.3383,-81.91281,854
2.0,35.33826,-81.91315,855
2.0,35.33824,-81.9134,856
2.0,35.3382,-81.91382,857
2.0,35.33837,-81.91385,858
2.0,35.3384,-81.91386,859
2.0,35.33855,-81.91389,860
2.0,35.33857,-81.91389,861
2.0,35.33878,-81.91393,862
2.0,35.33927,-81.91399,863
2.0,35.33928,-81.914,864
2.0,35.33929,-81.914,865
2.0,35.33944,-81.91402,866
2.0,35.33951,-81.91403,867
2.0,35.3397,-81.914,868
2.0,35.33978,-81.91395,869
2.0,35.33977,-81.91404,870
2.0,35.33976,-81.91411,871
2.0,35.33974,-81.91427,872
2.0,35.33974,-81.91433,873
2.0,35.33971,-81.91447,874
2.0,35.33963,-81.91457,875
2.0,35.33958,-81.91462,876
2.0,35.3395,-81.91471,877
2.0,35.33947,-81.91474,878
2.0,35.3394,-81.9148,879
2.0,35.33932,-81.91486,880
2.0,35.33932,-81.91485,881
2.0,35.33932,-81.91484,882
2.0,35.33931,-81.91484,883
2.0,35.33931,-81.91483,884
2.0,35.3393,-81.91482,885
2.0,35.3393,-81.91481,886
2.0,35.33929,-81.91481,887
2.0,35.33928,-81.9148,888
2.0,35.33927,-81.9148,889
2.0,35.33927,-81.91479,890
2.0,35.33926,-81.91479,891
2.0,35.33925,-81.91479,892
2.0,35.33924,-81.91479,893
2.0,35.33923,-81.91478,894
2.0,35.33922,-81.91479,895
2.0,35.33921,-81.91479,896
2.0,35.3392,-81.91479,897
2.0,35.33919,-81.91479,898
2.0,35.33919,-81.9148,899
2.0,35.33918,-81.9148,900
2.0,35.33919,-81.9148,901
2.0,35.33919,-81.91479,902
2.0,35.3392,-81.91479,903
2.0,35.33921,-81.91479,904
2.0,35.33922,-81.91479,905
2.0,35.33923,-81.91478,906
2.0,35.33924,-81.91479,907
2.0,35.33925,-81.91479,908
2.0,35.33926,-81.91479,909
2.0,35.33927,-81.91479,910
2.0,35.33927,-81.9148,911
2.0,35.33928,-81.9148,912
2.0,35.33929,-81.91481,913
2.0,35.3393,-81.91481,914
2.0,35.3393,-81.91482,915
2.0,35.33931,-81.91483,916
2.0,35.33931,-81.91484,917
2.0,35.33932,-81.91484,918
2.0,35.33932,-81.91485,919
2.0,35.33932,-81.91486,920
2.0,35.3394,-81.9148,921
2.0,35.33947,-81.91474,922
2.0,35.3395,-81.91471,923
2.0,35.33958,-81.91462,924
2.0,35.33963,-81.91457,925
2.0,35.33971,-81.91447,926
2.0,35.33974,-81.91433,927
2.0,35.33974,-81.91427,928
2.0,35.33976,-81.91411,929
2.0,35.33977,-81.91404,930
2.0,35.33978,-81.91395,931
2.0,35.34001,-81.91363,932
2.0,35.34002,-81.91362,933
2.0,35.34011,-81.91343,934
2.0,35.34018,-81.91329,935
2.0,35.34021,-81.91324,936
2.0,35.34025,-81.91315,937
2.0,35.3403,-81.91305,938
2.0,35.34035,-81.91295,939
2.0,35.34048,-81.91275,940
2.0,35.34058,-81.91267,941
2.0,35.34061,-81.91267,942
2.0,35.34065,-81.91266,943
2.0,35.34072,-81.91264,944
2.0,35.34083,-81.91263,945
2.0,35.34092,-81.91261,946
2.0,35.3411,-81.91257,947
2.0,35.3413,-81.91253,948
2.0,35.34143,-81.9125,949
2.0,35.34151,-81.91298,950
2.0,35.34153,-81.91305,951
2.0,35.34162,-81.91362,952
2.0,35.3417,-81.91405,953
2.0,35.34174,-81.91422,954
2.0,35.34175,-81.91425,955
2.0,35.34178,-81.91433,956
2.0,35.34182,-81.91436,957
2.0,35.34188,-81.91437,958
2.0,35.34239,-81.91426,959
2.0,35.3427,-81.91419,960
2.0,35.34276,-81.91417,961
2.0,35.34281,-81.91416,962
2.0,35.34285,-81.91414,963
2.0,35.34289,-81.91411,964
2.0,35.34304,-81.91403,965
2.0,35.34344,-81.91381,966
2.0,35.34355,-81.91375,967
2.0,35.34381,-81.91359,968
2.0,35.34398,-81.91343,969
2.0,35.34401,-81.9134,970
2.0,35.34407,-81.91334,971
2.0,35.34412,-81.91326,972
2.0,35.34413,-81.91323,973
2.0,35.34419,-81.91303,974
2.0,35.34423,-81.9129,975
2.0,35.3443,-81.91261,976
2.0,35.34432,-81.91252,977
2.0,35.34434,-81.91239,978
2.0,35.34436,-81.91218,979
2.0,35.34439,-81.91196,980
2.0,35.34439,-81.91195,981
2.0,35.34444,-81.91175,982
2.0,35.3445,-81.91152,983
2.0,35.34468,-81.91121,984
2.0,35.34471,-81.91119,985
2.0,35.34487,-81.91109,986
2.0,35.34495,-81.91104,987
2.0,35.34504,-81.91101,988
2.0,35.34521,-81.91096,989
2.0,35.34547,-81.91093,990
2.0,35.34624,-81.91084,991
2.0,35.34668,-81.91079,992
2.0,35.34664,-81.91057,993
2.0,35.34661,-81.91037,994
2.0,35.34661,-81.91036,995
2.0,35.34656,-81.91007,996
2.0,35.34654,-81.90998,997
2.0,35.34649,-81.90971,998
2.0,35.34646,-81.90955,999
2.0,35.34643,-81.90937,1000
2.0,35.34642,-81.90934,1001
2.0,35.34642,-81.90933,1002
2.0,35.34639,-81.90915,1003
2.0,35.34639,-81.90912,1004
2.0,35.34637,-81.90894,1005
2.0,35.34636,-81.9089,1006
2.0,35.34632,-81.90824,1007
2.0,35.34632,-81.90817,1008
2.0,35.34632,-81.90808,1009
2.0,35.34631,-81.90802,1010
2.0,35.34631,-81.90781,1011
2.0,35.34631,-81.90777,1012
2.0,35.34631,-81.90772,1013
2.0,35.34631,-81.90767,1014
2.0,35.34631,-81.90763,1015
2.0,35.34632,-81.90762,1016
2.0,35.34632,-81.90759,1017
2.0,35.34633,-81.90756,1018
2.0,35.34633,-81.90755,1019
2.0,35.34634,-81.90753,1020
2.0,35.34635,-81.9075,1021
2.0,35.34637,-81.90746,1022
2.0,35.34638,-81.90744,1023
2.0,35.3464,-81.90742,1024
2.0,35.34641,-81.90741,1025
2.0,35.34643,-81.9074,1026
2.0,35.34644,-81.90739,1027
2.0,35.34645,-81.90738,1028
2.0,35.34651,-81.90735,1029
2.0,35.34656,-81.90733,1030
2.0,35.34664,-81.9073,1031
2.0,35.34666,-81.90729,1032
2.0,35.3467,-81.90734,1033
2.0,35.34686,-81.90733,1034
2.0,35.34686,-81.90732,1035
2.1,35.35193,-81.89976,0
2.1,35.35195,-81.89945,1
2.1,35.35195,-81.89913,2
2.1,35.35194,-81.89869,3
2.1,35.35194,-81.89861,4
2.1,35.35193,-81.89847,5
2.1,35.35193,-81.89829,6
2.1,35.35191,-81.89796,7
2.1,35.35188,-81.89756,8
2.1,35.35187,-81.89744,9
2.1,35.35185,-81.89723,10
2.1,35.35181,-81.89678,11
2.1,35.35177,-81.89653,12
2.1,35.35177,-81.89647,13
2.1,35.35175,-81.89636,14
2.1,35.3517,-81.896,15
2.1,35.35163,-81.89555,16
2.1,35.35153,-81.89501,17
2.1,35.35152,-81.895,18
2.1,35.35148,-81.89479,19
2.1,35.35143,-81.89457,20
2.1,35.35135,-81.89425,21
2.1,35.35122,-81.89373,22
2.1,35.3511,-81.8933,23
2.1,35.351,-81.89298,24
2.1,35.35093,-81.89275,25
2.1,35.35088,-81.8926,26
2.1,35.35086,-81.89255,27
2.1,35.35081,-81.89238,28
2.1,35.35071,-81.89214,29
2.1,35.35066,-81.89199,30
2.1,35.35055,-81.89173,31
2.1,35.35024,-81.89095,32
2.1,35.34998,-81.89042,33
2.1,35.34969,-81.88981,34
2.1,35.34961,-81.88967,35
2.1,35.34954,-81.88955,36
2.1,35.34944,-81.88935,37
2.1,35.34943,-81.88934,38
2.1,35.3494,-81.88929,39
2.1,35.34937,-81.88924,40
2.1,35.34935,-81.8892,41
2.1,35.34919,-81.88893,42
2.1,35.34908,-81.88876,43
2.1,35.34892,-81.8885,44
2.1,35.3489,-81.88846,45
2.1,35.34864,-81.88807,46
2.1,35.34855,-81.88795,47
2.1,35.34842,-81.88775,48
2.1,35.34808,-81.88729,49
2.1,35.34808,-81.88728,50
2.1,35.34806,-81.88726,51
2.1,35.34768,-81.88679,52
2.1,35.34741,-81.88647,53
2.1,35.34736,-81.88642,54
2.1,35.34715,-81.88618,55
2.1,35.34714,-81.88616,56
2.1,35.34703,-81.88605,57
2.1,35.34686,-81.88587,58
2.1,35.34672,-81.88572,59
2.1,35.34662,-81.88562,60
2.1,35.34648,-81.88548,61
2.1,35.34631,-81.88531,62
2.1,35.34609,-81.8851,63
2.1,35.34565,-81.88464,64
2.1,35.34534,-81.88433,65
2.1,35.34504,-81.88402,66
2.1,35.34485,-81.88383,67
2.1,35.34472,-81.8837,68
2.1,35.34446,-81.88344,69
2.1,35.34429,-81.88327,70
2.1,35.34416,-81.88314,71
2.1,35.34379,-81.88278,72
2.1,35.34361,-81.88259,73
2.1,35.34348,-81.88246,74
2.1,35.34328,-81.88225,75
2.1,35.34275,-81.88171,76
2.1,35.3423,-81.88125,77
2.1,35.34216,-81.88111,78
2.1,35.34197,-81.88092,79
2.1,35.34187,-81.88081,80
2.1,35.34166,-81.8806,81
2.1,35.34158,-81.88052,82
2.1,35.34134,-81.88025,83
2.1,35.34128,-81.88015,84
2.1,35.34111,-81.87994,85
2.1,35.34099,-81.87977,86
2.1,35.34087,-81.87959,87
2.1,35.34074,-81.8794,88
2.1,35.34052,-81.87899,89
2.1,35.34041,-81.87875,90
2.1,35.34024,-81.87835,91
2.1,35.3401,-81.87795,92
2.1,35.34001,-81.87769,93
2.1,35.3399,-81.87727,94
2.1,35.33977,-81.87673,95
2.1,35.33965,-81.87614,96
2.1,35.33956,-81.87583,97
2.1,35.3395,-81.87565,98
2.1,35.33936,-81.87528,99
2.1,35.33921,-81.87494,100
2.1,35.3391,-81.87469,101
2.1,35.33904,-81.87455,102
2.1,35.33897,-81.8744,103
2.1,35.33882,-81.87407,104
2.1,35.33866,-81.87373,105
2.1,35.3386,-81.87358,106
2.1,35.33856,-81.87347,107
2.1,35.3385,-81.87336,108
2.1,35.33839,-81.87314,109
2.1,35.33824,-81.87288,110
2.1,35.33808,-81.87268,111
2.1,35.33798,-81.87253,112
2.1,35.33787,-81.8724,113
2.1,35.33772,-81.87221,114
2.1,35.33735,-81.87175,115
2.1,35.33711,-81.87144,116
2.1,35.33698,-81.87127,117
2.1,35.33685,-81.8711,118
2.1,35.33651,-81.87067,119
2.1,35.3359,-81.86989,120
2.1,35.33589,-81.86987,121
2.1,35.33586,-81.86983,122
2.1,35.33576,-81.86969,123
2.1,35.33566,-81.86956,124
2.1,35.33561,-81.8695,125
2.1,35.3354,-81.86923,126
2.1,35.33528,-81.86907,127
2.1,35.33525,-81.86903,128
2.1,35.33518,-81.86894,129
2.1,35.33501,-81.86871,130
2.1,35.33485,-81.86849,131
2.1,35.33462,-81.86818,132
2.1,35.33447,-81.86782,133
2.1,35.3344,-81.86764,134
2.1,35.33433,-81.8674,135
2.1,35.33428,-81.86729,136
2.1,35.33422,-81.8672,137
2.1,35.33421,-81.86718,138
2.1,35.33408,-81.86681,139
2.1,35.33392,-81.86611,140
2.1,35.33368,-81.86511,141
2.1,35.3336,-81.86478,142
2.1,35.33355,-81.86451,143
2.1,35.33346,-81.86401,144
2.1,35.33345,-81.864,145
2.1,35.33333,-81.86343,146
2.1,35.33326,-81.86313,147
2.1,35.33321,-81.8629,148
2.1,35.33319,-81.86276,149
2.1,35.33312,-81.86242,150
2.1,35.33308,-81.86224,151
2.1,35.33301,-81.86191,152
2.1,35.33266,-81.86203,153
2.1,35.33232,-81.86216,154
2.1,35.33203,-81.86227,155
2.1,35.33169,-81.86239,156
2.1,35.33152,-81.86245,157
2.1,35.33072,-81.86274,158
2.1,35.33033,-81.86287,159
2.1,35.33016,-81.86293,160
2.1,35.32993,-81.86301,161
2.1,35.32981,-81.86303,162
2.1,35.32965,-81.86301,163
2.1,35.32952,-81.86296,164
2.1,35.32947,-81.86294,165
2.1,35.3293,-81.86287,166
2.1,35.32914,-81.86279,167
2.1,35.32898,-81.86272,168
2.1,35.3288,-81.86264,169
2.1,35.32847,-81.8625,170
2.1,35.32814,-81.86233,171
2.1,35.3279,-81.86222,172
2.1,35.32755,-81.86207,173
2.1,35.32742,-81.86201,174
2.1,35.3273,-81.86196,175
2.1,35.32662,-81.86166,176
2.1,35.32612,-81.86145,177
2.1,35.32484,-81.86088,178
2.1,35.32451,-81.86074,179
2.1,35.32434,-81.86066,180
2.1,35.32417,-81.86059,181
2.1,35.32316,-81.86014,182
2.1,35.3229,-81.86003,183
2.1,35.32259,-81.85989,184
2.1,35.32239,-81.85981,185
2.1,35.32225,-81.85974,186
2.1,35.32224,-81.85974,187
2.1,35.32217,-81.85971,188
2.1,35.32213,-81.85969,189
2.1,35.32191,-81.8596,190
2.1,35.32157,-81.85945,191
2.1,35.32091,-81.85916,192
2.1,35.32056,-81.859,193
2.1,35.32039,-81.85893,194
2.1,35.32022,-81.85885,195
2.1,35.31988,-81.8587,196
2.1,35.31937,-81.85848,197
2.1,35.31897,-81.8583,198
2.1,35.31875,-81.8582,199
2.1,35.31857,-81.85812,200
2.1,35.31846,-81.85807,201
2.1,35.31832,-81.85801,202
2.1,35.3181,-81.85791,203
2.1,35.31766,-81.85772,204
2.1,35.31751,-81.85765,205
2.1,35.31744,-81.85762,206
2.1,35.31735,-81.85794,207
2.1,35.31731,-81.85807,208
2.1,35.3172,-81.8585,209
2.1,35.3172,-81.85867,210
2.1,35.31719,-81.85887,211
2.1,35.31719,-81.85907,212
2.1,35.31718,-81.85951,213
2.1,35.31717,-81.86045,214
2.1,35.31717,-81.86155,215
2.1,35.31716,-81.86177,216
2.1,35.31716,-81.86221,217
2.1,35.31716,-81.86287,218
2.1,35.31723,-81.86308,219
2.1,35.31724,-81.86312,220
2.1,35.31728,-81.86329,221
2.1,35.31728,-81.8633,222
2.1,35.31738,-81.86351,223
2.1,35.31749,-81.86363,224
2.1,35.31751,-81.86365,225
2.1,35.31775,-81.86383,226
2.1,35.31786,-81.86394,227
2.1,35.31802,-81.86399,228
2.1,35.31807,-81.864,229
2.1,35.31814,-81.86403,230
2.1,35.3182,-81.86402,231
2.1,35.31824,-81.86402,232
2.1,35.31837,-81.86401,233
2.1,35.31842,-81.86401,234
2.1,35.31855,-81.86399,235
2.1,35.3186,-81.86399,236
2.1,35.31863,-81.86399,237
2.1,35.31873,-81.86396,238
2.1,35.31895,-81.8639,239
2.1,35.31918,-81.86371,240
2.1,35.31921,-81.86369,241
2.1,35.31935,-81.86358,242
2.1,35.31936,-81.86357,243
2.1,35.31947,-81.86346,244
2.1,35.31951,-81.86343,245
2.1,35.31962,-81.86333,246
2.1,35.31979,-81.86316,247
2.1,35.31985,-81.8631,248
2.1,35.31992,-81.86301,249
2.1,35.32001,-81.86289,250
2.1,35.32005,-81.86281,251
2.1,35.32018,-81.86243,252
2.1,35.32089,-81.86278,253
2.1,35.32128,-81.86297,254
2.1,35.32145,-81.86305,255
2.1,35.32162,-81.86313,256
2.1,35.32172,-81.86317,257
2.1,35.32187,-81.86329,258
2.1,35.32221,-81.86345,259
2.1,35.32236,-81.86352,260
2.1,35.32265,-81.86369,261
2.1,35.32281,-81.86379,262
2.1,35.32315,-81.86396,263
2.1,35.32324,-81.86401,264
2.1,35.32341,-81.8641,265
2.1,35.32356,-81.86417,266
2.1,35.32376,-81.86428,267
2.1,35.3239,-81.86435,268
2.1,35.32415,-81.8645,269
2.1,35.32431,-81.8646,270
2.1,35.32464,-81.86478,271
2.1,35.3248,-81.86488,272
2.1,35.32496,-81.86497,273
2.1,35.32533,-81.86512,274
2.1,35.32561,-81.86526,275
2.1,35.32577,-81.86534,276
2.1,35.32584,-81.86536,277
2.1,35.32595,-81.8654,278
2.1,35.32616,-81.86546,279
2.1,35.32629,-81.8655,280
2.1,35.32665,-81.86559,281
2.1,35.32682,-81.86564,282
2.1,35.327,-81.86568,283
2.1,35.32735,-81.86577,284
2.1,35.328,-81.86592,285
2.1,35.32818,-81.86596,286
2.1,35.32832,-81.866,287
2.1,35.32836,-81.866,288
2.1,35.32837,-81.86612,289
2.1,35.32839,-81.8662,290
2.1,35.32841,-81.8663,291
2.1,35.32845,-81.86638,292
2.1,35.32846,-81.8664,293
2.1,35.32849,-81.86646,294
2.1,35.3285,-81.86647,295
2.1,35.3285,-81.86648,296
2.1,35.32851,-81.86651,297
2.1,35.32855,-81.86657,298
2.1,35.3286,-81.86666,299
2.1,35.3286,-81.86667,300
2.1,35.32865,-81.86677,301
2.1,35.32868,-81.86685,302
2.1,35.32869,-81.8669,303
2.1,35.32872,-81.86711,304
2.1,35.3288,-81.86754,305
2.1,35.32882,-81.86763,306
2.1,35.32884,-81.8677,307
2.1,35.32886,-81.86775,308
2.1,35.32892,-81.86789,309
2.1,35.32894,-81.86794,310
2.1,35.32894,-81.86795,311
2.1,35.32896,-81.86799,312
2.1,35.3291,-81.86824,313
2.1,35.32915,-81.86845,314
2.1,35.32925,-81.86887,315
2.1,35.32926,-81.86892,316
2.1,35.32931,-81.86913,317
2.1,35.32937,-81.86935,318
2.1,35.32938,-81.8694,319
2.1,35.32942,-81.86955,320
2.1,35.32948,-81.86976,321
2.1,35.32949,-81.86982,322
2.1,35.32953,-81.86996,323
2.1,35.32953,-81.86997,324
2.1,35.32956,-81.87007,325
2.1,35.32977,-81.86999,326
2.1,35.33025,-81.8698,327
2.1,35.33076,-81.8696,328
2.1,35.33079,-81.86959,329
2.1,35.33096,-81.86952,330
2.1,35.33112,-81.86947,331
2.1,35.33141,-81.86938,332
2.1,35.33148,-81.86935,333
2.1,35.33201,-81.86918,334
2.1,35.33214,-81.8695,335
2.1,35.3322,-81.86968,336
2.1,35.33221,-81.86968,337
2.1,35.33224,-81.86978,338
2.1,35.33227,-81.86985,339
2.1,35.33231,-81.86998,340
2.1,35.33233,-81.87004,341
2.1,35.33239,-81.87023,342
2.1,35.33244,-81.87041,343
2.1,35.33249,-81.87061,344
2.1,35.33255,-81.87083,345
2.1,35.3326,-81.87105,346
2.1,35.33264,-81.87125,347
2.1,35.33265,-81.87128,348
2.1,35.33267,-81.87139,349
2.1,35.33269,-81.87152,350
2.1,35.33273,-81.87174,351
2.1,35.33275,-81.87187,352
2.1,35.33276,-81.87197,353
2.1,35.33281,-81.87246,354
2.1,35.33284,-81.87275,355
2.1,35.33285,-81.87306,356
2.1,35.33286,-81.87337,357
2.1,35.33286,-81.87367,358
2.1,35.33284,-81.87428,359
2.1,35.33282,-81.87497,360
2.1,35.33282,-81.87517,361
2.1,35.33282,-81.87534,362
2.1,35.33282,-81.87545,363
2.1,35.33282,-81.87563,364
2.1,35.33283,-81.87579,365
2.1,35.33284,-81.87595,366
2.1,35.33286,-81.87626,367
2.1,35.33289,-81.87658,368
2.1,35.3329,-81.87673,369
2.1,35.3329,-81.87674,370
2.1,35.3329,-81.87675,371
2.1,35.33291,-81.87687,372
2.1,35.33294,-81.87722,373
2.1,35.33296,-81.8775,374
2.1,35.33302,-81.8781,375
2.1,35.33305,-81.87851,376
2.1,35.33312,-81.87923,377
2.1,35.33312,-81.87928,378
2.1,35.33313,-81.87935,379
2.1,35.33317,-81.87941,380
2.1,35.33322,-81.87992,381
2.1,35.33325,-81.88028,382
2.1,35.33328,-81.88057,383
2.1,35.33333,-81.88111,384
2.1,35.33337,-81.88155,385
2.1,35.33341,-81.88206,386
2.1,35.3334,-81.88253,387
2.1,35.33341,-81.88262,388
2.1,35.33344,-81.883,389
2.1,35.33344,-81.88301,390
2.1,35.33345,-81.88309,391
2.1,35.33346,-81.88331,392
2.1,35.33348,-81.88356,393
2.1,35.33352,-81.88409,394
2.1,35.33355,-81.88449,395
2.1,35.33358,-81.88485,396
2.1,35.3336,-81.88511,397
2.1,35.33362,-81.88528,398
2.1,35.33365,-81.88573,399
2.1,35.33366,-81.88587,400
2.1,35.33367,-81.88589,401
2.1,35.3337,-81.88622,402
2.1,35.33373,-81.8866,403
2.1,35.33373,-81.88663,404
2.1,35.33375,-81.8868,405
2.1,35.3335,-81.88683,406
2.1,35.3332,-81.88686,407
2.1,35.33287,-81.8869,408
2.1,35.33269,-81.88692,409
2.1,35.33249,-81.88694,410
2.1,35.33269,-81.88692,411
2.1,35.33287,-81.8869,412
2.1,35.3332,-81.88686,413
2.1,35.3335,-81.88683,414
2.1,35.33375,-81.8868,415
2.1,35.33373,-81.88663,416
2.1,35.33373,-81.8866,417
2.1,35.3337,-81.88622,418
2.1,35.33367,-81.88589,419
2.1,35.33366,-81.88587,420
2.1,35.33365,-81.88573,421
2.1,35.33362,-81.88528,422
2.1,35.3336,-81.88511,423
2.1,35.33358,-81.88485,424
2.1,35.33355,-81.88449,425
2.1,35.33352,-81.88409,426
2.1,35.33348,-81.88356,427
2.1,35.33346,-81.88331,428
2.1,35.33345,-81.88309,429
2.1,35.33344,-81.88301,430
2.1,35.33344,-81.883,431
2.1,35.33341,-81.88262,432
2.1,35.3334,-81.88253,433
2.1,35.33328,-81.88208,434
2.1,35.33324,-81.88165,435
2.1,35.33319,-81.88107,436
2.1,35.33303,-81.88101,437
2.1,35.33299,-81.88099,438
2.1,35.33291,-81.88096,439
2.1,35.33274,-81.88089,440
2.1,35.33266,-81.88086,441
2.1,35.33249,-81.8808,442
2.1,35.33248,-81.88079,443
2.1,35.33214,-81.88067,444
2.1,35.33185,-81.88057,445
2.1,35.3318,-81.88055,446
2.1,35.33162,-81.88049,447
2.1,35.33133,-81.88039,448
2.1,35.33128,-81.88037,449
2.1,35.3311,-81.88031,450
2.1,35.33098,-81.88027,451
2.1,35.33071,-81.88015,452
2.1,35.33063,-81.8801,453
2.1,35.33047,-81.88,454
2.1,35.33038,-81.87994,455
2.1,35.33026,-81.87981,456
2.1,35.33006,-81.87958,457
2.1,35.32986,-81.8794,458
2.1,35.32963,-81.87918,459
2.1,35.32942,-81.87898,460
2.1,35.32927,-81.87886,461
2.1,35.32912,-81.87874,462
2.1,35.32867,-81.87837,463
2.1,35.32852,-81.87825,464
2.1,35.32817,-81.87797,465
2.1,35.32795,-81.87781,466
2.1,35.3278,-81.8777,467
2.1,35.32764,-81.87759,468
2.1,35.32733,-81.87737,469
2.1,35.32718,-81.87726,470
2.1,35.32687,-81.87704,471
2.1,35.32656,-81.87681,472
2.1,35.3263,-81.87664,473
2.1,35.32599,-81.87642,474
2.1,35.32537,-81.87598,475
2.1,35.32521,-81.87587,476
2.1,35.32488,-81.87563,477
2.1,35.32434,-81.87526,478
2.1,35.32382,-81.8749,479
2.1,35.32378,-81.87498,480
2.1,35.32357,-81.87534,481
2.1,35.32357,-81.87535,482
2.1,35.32327,-81.87588,483
2.1,35.32312,-81.87617,484
2.1,35.32291,-81.87655,485
2.1,35.32283,-81.87669,486
2.1,35.3226,-81.87709,487
2.1,35.32255,-81.87717,488
2.1,35.32251,-81.87723,489
2.1,35.3222,-81.87766,490
2.1,35.32215,-81.87772,491
2.1,35.32185,-81.87814,492
2.1,35.32155,-81.87855,493
2.1,35.32152,-81.8786,494
2.1,35.3214,-81.87876,495
2.1,35.32123,-81.87899,496
2.1,35.32115,-81.87911,497
2.1,35.32098,-81.87935,498
2.1,35.32076,-81.87964,499
2.1,35.32064,-81.8798,500
2.1,35.32049,-81.87998,501
2.1,35.32042,-81.88002,502
2.1,35.3203,-81.8801,503
2.1,35.32014,-81.8802,504
2.1,35.32009,-81.88023,505
2.1,35.31987,-81.88035,506
2.1,35.31979,-81.88039,507
2.1,35.31963,-81.88048,508
2.1,35.31929,-81.88066,509
2.1,35.31901,-81.88082,510
2.1,35.31869,-81.88098,511
2.1,35.3186,-81.88103,512
2.1,35.31852,-81.88107,513
2.1,35.31819,-81.88124,514
2.1,35.31857,-81.88156,515
2.1,35.31889,-81.88182,516
2.1,35.31919,-81.88207,517
2.1,35.31935,-81.8822,518
2.1,35.31965,-81.88243,519
2.1,35.31993,-81.88264,520
2.1,35.32026,-81.88288,521
2.1,35.32044,-81.88301,522
2.1,35.32072,-81.8832,523
2.1,35.32102,-81.88339,524
2.1,35.32123,-81.88351,525
2.1,35.32154,-81.88368,526
2.1,35.32164,-81.88374,527
2.1,35.32176,-81.8838,528
2.1,35.3218,-81.88382,529
2.1,35.32184,-81.88384,530
2.1,35.32205,-81.88395,531
2.1,35.32216,-81.884,532
2.1,35.32235,-81.88409,533
2.1,35.32243,-81.88412,534
2.1,35.32247,-81.88414,535
2.1,35.32267,-81.88423,536
2.1,35.32278,-81.88428,537
2.1,35.32298,-81.88436,538
2.1,35.32311,-81.88441,539
2.1,35.32349,-81.88457,540
2.1,35.32351,-81.88458,541
2.1,35.32423,-81.88487,542
2.1,35.32444,-81.88496,543
2.1,35.32474,-81.88508,544
2.1,35.32571,-81.88547,545
2.1,35.32579,-81.8855,546
2.1,35.32611,-81.88563,547
2.1,35.32632,-81.88572,548
2.1,35.32648,-81.88579,549
2.1,35.32673,-81.88589,550
2.1,35.32736,-81.88615,551
2.1,35.32813,-81.88646,552
2.1,35.32889,-81.88677,553
2.1,35.32921,-81.88691,554
2.1,35.32953,-81.88707,555
2.1,35.32956,-81.88709,556
2.1,35.32979,-81.8872,557
2.1,35.3299,-81.88726,558
2.1,35.33006,-81.88734,559
2.1,35.33009,-81.88736,560
2.1,35.33039,-81.88753,561
2.1,35.33053,-81.88761,562
2.1,35.33066,-81.88768,563
2.1,35.33114,-81.88798,564
2.1,35.33152,-81.88824,565
2.1,35.33166,-81.88834,566
2.1,35.33197,-81.88856,567
2.1,35.33227,-81.8888,568
2.1,35.33264,-81.88908,569
2.1,35.33273,-81.88916,570
2.1,35.33291,-81.88932,571
2.1,35.33324,-81.88962,572
2.1,35.33347,-81.88984,573
2.1,35.33352,-81.88988,574
2.1,35.33366,-81.89003,575
2.1,35.33393,-81.89029,576
2.1,35.33395,-81.89031,577
2.1,35.33408,-81.89046,578
2.1,35.33403,-81.89064,579
2.1,35.33398,-81.89097,580
2.1,35.33395,-81.89134,581
2.1,35.33393,-81.89163,582
2.1,35.33392,-81.89165,583
2.1,35.33387,-81.89176,584
2.1,35.33385,-81.89204,585
2.1,35.33383,-81.89231,586
2.1,35.33381,-81.89257,587
2.1,35.33379,-81.89277,588
2.1,35.33376,-81.89322,589
2.1,35.33374,-81.89344,590
2.1,35.33373,-81.89352,591
2.1,35.33371,-81.89383,592
2.1,35.33369,-81.89393,593
2.1,35.33368,-81.89403,594
2.1,35.33366,-81.89412,595
2.1,35.33359,-81.89445,596
2.1,35.33358,-81.89448,597
2.1,35.3335,-81.89474,598
2.1,35.33347,-81.89482,599
2.1,35.33345,-81.89487,600
2.1,35.33334,-81.89517,601
2.1,35.33329,-81.89533,602
2.1,35.33313,-81.89579,603
2.1,35.33308,-81.89594,604
2.1,35.33302,-81.89609,605
2.1,35.33307,-81.89611,606
2.1,35.33336,-81.89624,607
2.1,35.33338,-81.89625,608
2.1,35.33353,-81.89629,609
2.1,35.33372,-81.89634,610
2.1,35.33384,-81.89636,611
2.1,35.33384,-81.89637,612
2.1,35.33383,-81.8965,613
2.1,35.33383,-81.89656,614
2.1,35.33382,-81.89662,615
2.1,35.33378,-81.89677,616
2.1,35.33375,-81.89689,617
2.1,35.33371,-81.89698,618
2.1,35.33339,-81.89777,619
2.1,35.33354,-81.89786,620
2.1,35.33367,-81.89794,621
2.1,35.33381,-81.89802,622
2.1,35.33395,-81.8981,623
2.1,35.33409,-81.89819,624
2.1,35.33424,-81.89828,625
2.1,35.33431,-81.89832,626
2.1,35.3344,-81.89836,627
2.1,35.33446,-81.89839,628
2.1,35.33455,-81.89842,629
2.1,35.33465,-81.89845,630
2.1,35.33468,-81.89847,631
2.1,35.33482,-81.89856,632
2.1,35.33487,-81.89858,633
2.1,35.33499,-81.89866,634
2.1,35.33514,-81.89874,635
2.1,35.33529,-81.89884,636
2.1,35.33541,-81.89891,637
2.1,35.33529,-81.89884,638
2.1,35.33545,-81.89844,639
2.1,35.33569,-81.89784,640
2.1,35.33576,-81.89765,641
2.1,35.33587,-81.89737,642
2.1,35.33574,-81.89728,643
2.1,35.33559,-81.8972,644
2.1,35.33555,-81.89718,645
2.1,35.33559,-81.8972,646
2.1,35.33559,-81.89719,647
2.1,35.33564,-81.89693,648
2.1,35.33561,-81.89677,649
2.1,35.33557,-81.89661,650
2.1,35.33543,-81.89661,651
2.1,35.3353,-81.89662,652
2.1,35.33511,-81.8966,653
2.1,35.33508,-81.89659,654
2.1,35.33485,-81.89655,655
2.1,35.3345,-81.89649,656
2.1,35.33432,-81.89645,657
2.1,35.33412,-81.89642,658
2.1,35.33384,-81.89636,659
2.1,35.33372,-81.89634,660
2.1,35.33353,-81.89629,661
2.1,35.33338,-81.89625,662
2.1,35.33336,-81.89624,663
2.1,35.33302,-81.89609,664
2.1,35.3329,-81.8965,665
2.1,35.33242,-81.89752,666
2.1,35.33227,-81.89792,667
2.1,35.33208,-81.89825,668
2.1,35.33188,-81.89866,669
2.1,35.33175,-81.89892,670
2.1,35.3317,-81.89902,671
2.1,35.33167,-81.89911,672
2.1,35.33154,-81.8995,673
2.1,35.33142,-81.89994,674
2.1,35.3313,-81.90036,675
2.1,35.33124,-81.90056,676
2.1,35.33121,-81.9007,677
2.1,35.33119,-81.90076,678
2.1,35.33118,-81.90081,679
2.1,35.33116,-81.90085,680
2.1,35.33115,-81.90089,681
2.1,35.33111,-81.90099,682
2.1,35.33105,-81.90112,683
2.1,35.33116,-81.90129,684
2.1,35.33132,-81.90154,685
2.1,35.33139,-81.90163,686
2.1,35.33169,-81.90209,687
2.1,35.33178,-81.90228,688
2.1,35.33198,-81.90268,689
2.1,35.33212,-81.90301,690
2.1,35.33219,-81.9033,691
2.1,35.33234,-81.90403,692
2.1,35.33236,-81.90413,693
2.1,35.33238,-81.9043,694
2.1,35.33256,-81.90526,695
2.1,35.33257,-81.90528,696
2.1,35.33265,-81.90571,697
2.1,35.33272,-81.90613,698
2.1,35.33287,-81.907,699
2.1,35.33293,-81.90735,700
2.1,35.33305,-81.90807,701
2.1,35.33308,-81.90827,702
2.1,35.3331,-81.90837,703
2.1,35.33318,-81.90885,704
2.1,35.33319,-81.90893,705
2.1,35.33321,-81.90907,706
2.1,35.33328,-81.9095,707
2.1,35.33332,-81.90974,708
2.1,35.33343,-81.91038,709
2.1,35.33354,-81.91103,710
2.1,35.3337,-81.9118,711
2.1,35.33371,-81.91182,712
2.1,35.33384,-81.91178,713
2.1,35.33388,-81.91176,714
2.1,35.3339,-81.91176,715
2.1,35.33398,-81.91172,716
2.1,35.33422,-81.91162,717
2.1,35.33428,-81.91159,718
2.1,35.33432,-81.91157,719
2.1,35.33439,-81.91154,720
2.1,35.33445,-81.91152,721
2.1,35.33448,-81.9115,722
2.1,35.33462,-81.91144,723
2.1,35.33465,-81.91143,724
2.1,35.33478,-81.91137,725
2.1,35.33529,-81.91115,726
2.1,35.33545,-81.91108,727
2.1,35.33562,-81.911,728
2.1,35.33584,-81.91091,729
2.1,35.33604,-81.91082,730
2.1,35.33621,-81.91074,731
2.1,35.33645,-81.91147,732
2.1,35.33621,-81.91074,733
2.1,35.33638,-81.91067,734
2.1,35.33657,-81.91059,735
2.1,35.33694,-81.91067,736
2.1,35.33696,-81.91068,737
2.1,35.33706,-81.91075,738
2.1,35.33715,-81.91082,739
2.1,35.33722,-81.91087,740
2.1,35.33727,-81.91091,741
2.1,35.3373,-81.91093,742
2.1,35.33753,-81.91109,743
2.1,35.33777,-81.91126,744
2.1,35.33783,-81.9113,745
2.1,35.33784,-81.91131,746
2.1,35.33803,-81.91148,747
2.1,35.33807,-81.91152,748
2.1,35.33812,-81.91158,749
2.1,35.33818,-81.91165,750
2.1,35.33829,-81.91184,751
2.1,35.33832,-81.91194,752
2.1,35.33835,-81.91206,753
2.1,35.33836,-81.91208,754
2.1,35.33831,-81.9127,755
2.1,35.3383,-81.91281,756
2.1,35.33826,-81.91315,757
2.1,35.33824,-81.9134,758
2.1,35.3382,-81.91382,759
2.1,35.33837,-81.91385,760
2.1,35.3384,-81.91386,761
2.1,35.33855,-81.91389,762
2.1,35.33857,-81.91389,763
2.1,35.33878,-81.91393,764
2.1,35.33927,-81.91399,765
2.1,35.33928,-81.914,766
2.1,35.33929,-81.914,767
2.1,35.33944,-81.91402,768
2.1,35.33951,-81.91403,769
2.1,35.3397,-81.914,770
2.1,35.33975,-81.91397,771
2.1,35.33978,-81.91395,772
2.1,35.33977,-81.91404,773
2.1,35.33976,-81.91411,774
2.1,35.33974,-81.91427,775
2.1,35.33974,-81.91433,776
2.1,35.33971,-81.91447,777
2.1,35.33963,-81.91457,778
2.1,35.33958,-81.91462,779
2.1,35.33963,-81.91457,780
2.1,35.33971,-81.91447,781
2.1,35.33974,-81.91433,782
2.1,35.33974,-81.91427,783
2.1,35.33976,-81.91411,784
2.1,35.33977,-81.91404,785
2.1,35.33978,-81.91395,786
2.1,35.34001,-81.91363,787
2.1,35.34002,-81.91362,788
2.1,35.34011,-81.91343,789
2.1,35.34018,-81.91329,790
2.1,35.34021,-81.91324,791
2.1,35.34025,-81.91315,792
2.1,35.3403,-81.91305,793
2.1,35.34035,-81.91295,794
2.1,35.34048,-81.91275,795
2.1,35.34058,-81.91267,796
2.1,35.34061,-81.91267,797
2.1,35.34065,-81.91266,798
2.1,35.34072,-81.91264,799
2.1,35.34081,-81.91263,800
2.1,35.34092,-81.91261,801
2.1,35.3411,-81.91257,802
2.1,35.34143,-81.9125,803
2.1,35.34151,-81.91298,804
2.1,35.34162,-81.91362,805
2.1,35.3417,-81.91405,806
2.1,35.34174,-81.91422,807
2.1,35.34175,-81.91425,808
2.1,35.34178,-81.91433,809
2.1,35.34182,-81.91436,810
2.1,35.34183,-81.91436,811
2.1,35.34188,-81.91437,812
2.1,35.34239,-81.91426,813
2.1,35.3427,-81.91419,814
2.1,35.34276,-81.91417,815
2.1,35.34281,-81.91416,816
2.1,35.34285,-81.91414,817
2.1,35.34289,-81.91411,818
2.1,35.34344,-81.91381,819
2.1,35.34355,-81.91375,820
2.1,35.34381,-81.91359,821
2.1,35.34398,-81.91343,822
2.1,35.34401,-81.9134,823
2.1,35.34407,-81.91334,824
2.1,35.34412,-81.91326,825
2.1,35.34413,-81.91323,826
2.1,35.34419,-81.91303,827
2.1,35.34423,-81.9129,828
2.1,35.3443,-81.91261,829
2.1,35.34432,-81.91252,830
2.1,35.34434,-81.91239,831
2.1,35.34436,-81.91218,832
2.1,35.34439,-81.91196,833
2.1,35.34439,-81.91195,834
2.1,35.34444,-81.91175,835
2.1,35.3445,-81.91152,836
2.1,35.34468,-81.91121,837
2.1,35.34471,-81.91119,838
2.1,35.34487,-81.91109,839
2.1,35.34495,-81.91104,840
2.1,35.34504,-81.91101,841
2.1,35.34521,-81.91096,842
2.1,35.34547,-81.91093,843
2.1,35.34624,-81.91084,844
2.1,35.34668,-81.91079,845
2.1,35.34667,-81.91072,846
2.1,35.34664,-81.91057,847
2.1,35.34661,-81.91037,848
2.1,35.34661,-81.91036,849
2.1,35.34656,-81.91007,850
2.1,35.34654,-81.90998,851
2.1,35.34649,-81.90971,852
2.1,35.34646,-81.90955,853
2.1,35.34643,-81.90937,854
2.1,35.34642,-81.90934,855
2.1,35.34642,-81.90933,856
2.1,35.34639,-81.90915,857
2.1,35.34639,-81.90912,858
2.1,35.34637,-81.90894,859
2.1,35.34636,-81.9089,860
2.1,35.34632,-81.90824,861
2.1,35.34632,-81.90817,862
2.1,35.34631,-81.90802,863
2.1,35.34631,-81.90781,864
2.1,35.34631,-81.90777,865
2.1,35.34631,-81.90772,866
2.1,35.34631,-81.90767,867
2.1,35.34631,-81.90763,868
2.1,35.34632,-81.90762,869
2.1,35.34632,-81.90759,870
2.1,35.34633,-81.90756,871
2.1,35.34633,-81.90755,872
2.1,35.34634,-81.90753,873
2.1,35.34635,-81.9075,874
2.1,35.34637,-81.90746,875
2.1,35.34638,-81.90744,876
2.1,35.3464,-81.90742,877
2.1,35.34641,-81.90741,878
2.1,35.34643,-81.9074,879
2.1,35.34644,-81.90739,880
2.1,35.34645,-81.90738,881
2.1,35.34651,-81.90735,882
2.1,35.34656,-81.90733,883
2.1,35.34664,-81.9073,884
2.1,35.34666,-81.90729,885
2.1,35.34689,-81.90721,886
2.1,35.34697,-81.90718,887
2.1,35.34699,-81.90717,888
2.2,35.35192,-81.89976,0
2.2,35.35195,-81.89945,1
2.2,35.35195,-81.89913,2
2.2,35.35194,-81.89869,3
2.2,35.35194,-81.89861,4
2.2,35.35193,-81.89847,5
2.2,35.35193,-81.89829,6
2.2,35.35191,-81.89796,7
2.2,35.35188,-81.89756,8
2.2,35.35187,-81.89744,9
2.2,35.35185,-81.89723,10
2.2,35.35181,-81.89678,11
2.2,35.35177,-81.89653,12
2.2,35.35177,-81.89647,13
2.2,35.35175,-81.89636,14
2.2,35.3517,-81.896,15
2.2,35.35163,-81.89555,16
2.2,35.35153,-81.89501,17
2.2,35.35152,-81.895,18
2.2,35.35148,-81.89479,19
2.2,35.35143,-81.89457,20
2.2,35.35135,-81.89425,21
2.2,35.35122,-81.89373,22
2.2,35.3511,-81.8933,23
2.2,35.351,-81.89298,24
2.2,35.35093,-81.89275,25
2.2,35.35088,-81.8926,26
2.2,35.35086,-81.89255,27
2.2,35.35081,-81.89238,28
2.2,35.35071,-81.89214,29
2.2,35.35066,-81.89199,30
2.2,35.35055,-81.89173,31
2.2,35.35024,-81.89095,32
2.2,35.34998,-81.89042,33
2.2,35.34969,-81.88981,34
2.2,35.34961,-81.88967,35
2.2,35.34954,-81.88955,36
2.2,35.34944,-81.88935,37
2.2,35.34943,-81.88934,38
2.2,35.3494,-81.88929,39
2.2,35.34937,-81.88924,40
2.2,35.34935,-81.8892,41
2.2,35.34919,-81.88893,42
2.2,35.34908,-81.88876,43
2.2,35.34892,-81.8885,44
2.2,35.3489,-81.88846,45
2.2,35.34864,-81.88807,46
2.2,35.34855,-81.88795,47
2.2,35.34842,-81.88775,48
2.2,35.34808,-81.88729,49
2.2,35.34808,-81.88728,50
2.2,35.34806,-81.88726,51
2.2,35.34768,-81.88679,52
2.2,35.34741,-81.88647,53
2.2,35.34738,-81.88651,54
2.2,35.34741,-81.88647,55
2.2,35.34715,-81.88618,56
2.2,35.34714,-81.88616,57
2.2,35.34703,-81.88605,58
2.2,35.34686,-81.88587,59
2.2,35.34672,-81.88572,60
2.2,35.34662,-81.88562,61
2.2,35.34648,-81.88548,62
2.2,35.34631,-81.88531,63
2.2,35.34609,-81.8851,64
2.2,35.34565,-81.88464,65
2.2,35.34534,-81.88433,66
2.2,35.34504,-81.88402,67
2.2,35.34485,-81.88383,68
2.2,35.34472,-81.8837,69
2.2,35.34446,-81.88344,70
2.2,35.34429,-81.88327,71
2.2,35.34416,-81.88314,72
2.2,35.34379,-81.88278,73
2.2,35.34361,-81.88259,74
2.2,35.34348,-81.88246,75
2.2,35.34328,-81.88225,76
2.2,35.34275,-81.88171,77
2.2,35.3423,-81.88125,78
2.2,35.34216,-81.88111,79
2.2,35.34197,-81.88092,80
2.2,35.34187,-81.88081,81
2.2,35.34166,-81.8806,82
2.2,35.34158,-81.88052,83
2.2,35.34134,-81.88025,84
2.2,35.34128,-81.88015,85
2.2,35.34111,-81.87994,86
2.2,35.34099,-81.87977,87
2.2,35.34087,-81.87959,88
2.2,35.34074,-81.8794,89
2.2,35.34052,-81.87899,90
2.2,35.34041,-81.87875,91
2.2,35.34024,-81.87835,92
2.2,35.3401,-81.87795,93
2.2,35.34001,-81.87769,94
2.2,35.3399,-81.87727,95
2.2,35.33977,-81.87673,96
2.2,35.33965,-81.87614,97
2.2,35.33956,-81.87583,98
2.2,35.3395,-81.87565,99
2.2,35.33936,-81.87528,100
2.2,35.33921,-81.87494,101
2.2,35.3391,-81.87469,102
2.2,35.33904,-81.87455,103
2.2,35.33897,-81.8744,104
2.2,35.33882,-81.87407,105
2.2,35.33866,-81.87373,106
2.2,35.3386,-81.87358,107
2.2,35.33856,-81.87347,108
2.2,35.3385,-81.87336,109
2.2,35.33839,-81.87314,110
2.2,35.33824,-81.87288,111
2.2,35.33808,-81.87268,112
2.2,35.33798,-81.87253,113
2.2,35.33787,-81.8724,114
2.2,35.33772,-81.87221,115
2.2,35.33735,-81.87175,116
2.2,35.33711,-81.87144,117
2.2,35.33698,-81.87127,118
2.2,35.33685,-81.8711,119
2.2,35.33651,-81.87067,120
2.2,35.3359,-81.86989,121
2.2,35.33589,-81.86987,122
2.2,35.33586,-81.86983,123
2.2,35.33576,-81.86969,124
2.2,35.33566,-81.86956,125
2.2,35.33559,-81.86948,126
2.2,35.3354,-81.86923,127
2.2,35.33528,-81.86907,128
2.2,35.33525,-81.86903,129
2.2,35.33518,-81.86894,130
2.2,35.33501,-81.86871,131
2.2,35.33485,-81.86849,132
2.2,35.33462,-81.86818,133
2.2,35.33447,-81.86782,134
2.2,35.3344,-81.86764,135
2.2,35.33433,-81.8674,136
2.2,35.33428,-81.86729,137
2.2,35.33422,-81.8672,138
2.2,35.33421,-81.86718,139
2.2,35.33408,-81.86681,140
2.2,35.33392,-81.86611,141
2.2,35.33368,-81.86511,142
2.2,35.3336,-81.86478,143
2.2,35.33355,-81.86451,144
2.2,35.33346,-81.86401,145
2.2,35.33345,-81.864,146
2.2,35.33333,-81.86343,147
2.2,35.33326,-81.86313,148
2.2,35.33321,-81.8629,149
2.2,35.33319,-81.86276,150
2.2,35.33314,-81.86251,151
2.2,35.33312,-81.86242,152
2.2,35.33301,-81.86191,153
2.2,35.33266,-81.86203,154
2.2,35.33248,-81.8621,155
2.2,35.33232,-81.86216,156
2.2,35.33203,-81.86227,157
2.2,35.33169,-81.86239,158
2.2,35.33152,-81.86245,159
2.2,35.33072,-81.86274,160
2.2,35.33033,-81.86287,161
2.2,35.33016,-81.86293,162
2.2,35.32993,-81.86301,163
2.2,35.32981,-81.86303,164
2.2,35.32965,-81.86301,165
2.2,35.32952,-81.86296,166
2.2,35.32947,-81.86294,167
2.2,35.3293,-81.86287,168
2.2,35.32914,-81.86279,169
2.2,35.32898,-81.86272,170
2.2,35.3288,-81.86264,171
2.2,35.32847,-81.8625,172
2.2,35.32814,-81.86233,173
2.2,35.3279,-81.86222,174
2.2,35.32755,-81.86207,175
2.2,35.32742,-81.86201,176
2.2,35.3273,-81.86196,177
2.2,35.32662,-81.86166,178
2.2,35.32612,-81.86145,179
2.2,35.32484,-81.86088,180
2.2,35.32451,-81.86074,181
2.2,35.32434,-81.86066,182
2.2,35.32417,-81.86059,183
2.2,35.32316,-81.86014,184
2.2,35.3229,-81.86003,185
2.2,35.32259,-81.85989,186
2.2,35.32239,-81.85981,187
2.2,35.32225,-81.85974,188
2.2,35.32224,-81.85974,189
2.2,35.32217,-81.85971,190
2.2,35.32213,-81.85969,191
2.2,35.32191,-81.8596,192
2.2,35.32157,-81.85945,193
2.2,35.32091,-81.85916,194
2.2,35.32056,-81.859,195
2.2,35.32039,-81.85893,196
2.2,35.32022,-81.85885,197
2.2,35.31988,-81.8587,198
2.2,35.31937,-81.85848,199
2.2,35.31897,-81.8583,200
2.2,35.31875,-81.8582,201
2.2,35.31857,-81.85812,202
2.2,35.31846,-81.85807,203
2.2,35.31832,-81.85801,204
2.2,35.3181,-81.85791,205
2.2,35.31766,-81.85772,206
2.2,35.31744,-81.85762,207
2.2,35.31742,-81.85768,208
2.2,35.31735,-81.85794,209
2.2,35.31731,-81.85807,210
2.2,35.3172,-81.8585,211
2.2,35.3172,-81.85867,212
2.2,35.31719,-81.85874,213
2.2,35.31719,-81.85887,214
2.2,35.31719,-81.85907,215
2.2,35.31718,-81.85951,216
2.2,35.31717,-81.86045,217
2.2,35.31717,-81.86155,218
2.2,35.31716,-81.86177,219
2.2,35.31716,-81.86221,220
2.2,35.31716,-81.86287,221
2.2,35.31723,-81.86308,222
2.2,35.31728,-81.86329,223
2.2,35.31728,-81.8633,224
2.2,35.31738,-81.86351,225
2.2,35.31749,-81.86363,226
2.2,35.31751,-81.86365,227
2.2,35.31775,-81.86383,228
2.2,35.31786,-81.86394,229
2.2,35.31802,-81.86399,230
2.2,35.31807,-81.864,231
2.2,35.31814,-81.86403,232
2.2,35.3182,-81.86402,233
2.2,35.31824,-81.86402,234
2.2,35.31837,-81.86401,235
2.2,35.31842,-81.86401,236
2.2,35.31855,-81.86399,237
2.2,35.3186,-81.86399,238
2.2,35.31863,-81.86399,239
2.2,35.31873,-81.86396,240
2.2,35.31895,-81.8639,241
2.2,35.31918,-81.86371,242
2.2,35.31921,-81.86369,243
2.2,35.31935,-81.86358,244
2.2,35.31936,-81.86357,245
2.2,35.31947,-81.86346,246
2.2,35.31951,-81.86343,247
2.2,35.31962,-81.86333,248
2.2,35.31979,-81.86316,249
2.2,35.31985,-81.8631,250
2.2,35.31992,-81.86301,251
2.2,35.32001,-81.86289,252
2.2,35.32005,-81.86281,253
2.2,35.32018,-81.86243,254
2.2,35.32089,-81.86278,255
2.2,35.32128,-81.86297,256
2.2,35.32145,-81.86305,257
2.2,35.32162,-81.86313,258
2.2,35.32172,-81.86317,259
2.2,35.32187,-81.86329,260
2.2,35.32221,-81.86345,261
2.2,35.32236,-81.86352,262
2.2,35.32265,-81.86369,263
2.2,35.32281,-81.86379,264
2.2,35.32315,-81.86396,265
2.2,35.32324,-81.86401,266
2.2,35.32341,-81.8641,267
2.2,35.32356,-81.86417,268
2.2,35.3239,-81.86435,269
2.2,35.32396,-81.86439,270
2.2,35.32415,-81.8645,271
2.2,35.32431,-81.8646,272
2.2,35.32464,-81.86478,273
2.2,35.3248,-81.86488,274
2.2,35.32496,-81.86497,275
2.2,35.32533,-81.86512,276
2.2,35.32561,-81.86526,277
2.2,35.32577,-81.86534,278
2.2,35.32584,-81.86536,279
2.2,35.32595,-81.8654,280
2.2,35.32616,-81.86546,281
2.2,35.32629,-81.8655,282
2.2,35.32665,-81.86559,283
2.2,35.32682,-81.86564,284
2.2,35.327,-81.86568,285
2.2,35.32735,-81.86577,286
2.2,35.328,-81.86592,287
2.2,35.32818,-81.86596,288
2.2,35.32836,-81.866,289
2.2,35.32837,-81.86612,290
2.2,35.32839,-81.8662,291
2.2,35.32841,-81.8663,292
2.2,35.32845,-81.86638,293
2.2,35.32846,-81.8664,294
2.2,35.32849,-81.86646,295
2.2,35.3285,-81.86647,296
2.2,35.3285,-81.86648,297
2.2,35.32851,-81.86651,298
2.2,35.32855,-81.86657,299
2.2,35.3286,-81.86666,300
2.2,35.3286,-81.86667,301
2.2,35.32865,-81.86677,302
2.2,35.32868,-81.86685,303
2.2,35.32869,-81.8669,304
2.2,35.32872,-81.86711,305
2.2,35.3288,-81.86754,306
2.2,35.32882,-81.86763,307
2.2,35.32884,-81.8677,308
2.2,35.32886,-81.86775,309
2.2,35.32892,-81.86789,310
2.2,35.32894,-81.86794,311
2.2,35.32894,-81.86795,312
2.2,35.32896,-81.86799,313
2.2,35.3291,-81.86824,314
2.2,35.32915,-81.86845,315
2.2,35.32925,-81.86887,316
2.2,35.32925,-81.86889,317
2.2,35.32926,-81.86892,318
2.2,35.32931,-81.86913,319
2.2,35.32937,-81.86935,320
2.2,35.32938,-81.8694,321
2.2,35.32942,-81.86955,322
2.2,35.32948,-81.86976,323
2.2,35.32949,-81.86982,324
2.2,35.32953,-81.86997,325
2.2,35.32956,-81.87007,326
2.2,35.32977,-81.86999,327
2.2,35.33025,-81.8698,328
2.2,35.33076,-81.8696,329
2.2,35.33079,-81.86959,330
2.2,35.33096,-81.86952,331
2.2,35.33112,-81.86947,332
2.2,35.33141,-81.86938,333
2.2,35.33148,-81.86935,334
2.2,35.33201,-81.86918,335
2.2,35.33199,-81.86912,336
2.2,35.33201,-81.86918,337
2.2,35.33214,-81.8695,338
2.2,35.3322,-81.86968,339
2.2,35.33221,-81.86968,340
2.2,35.33224,-81.86978,341
2.2,35.33227,-81.86985,342
2.2,35.33231,-81.86998,343
2.2,35.33233,-81.87004,344
2.2,35.33239,-81.87023,345
2.2,35.33244,-81.87041,346
2.2,35.33249,-81.87061,347
2.2,35.33255,-81.87083,348
2.2,35.3326,-81.87105,349
2.2,35.33264,-81.87125,350
2.2,35.33265,-81.87128,351
2.2,35.33267,-81.87139,352
2.2,35.33269,-81.87152,353
2.2,35.33273,-81.87174,354
2.2,35.33275,-81.87187,355
2.2,35.33276,-81.87197,356
2.2,35.33281,-81.87246,357
2.2,35.33284,-81.87275,358
2.2,35.33285,-81.87306,359
2.2,35.33286,-81.87337,360
2.2,35.33286,-81.87367,361
2.2,35.33284,-81.87428,362
2.2,35.33282,-81.87497,363
2.2,35.33282,-81.87517,364
2.2,35.33282,-81.87534,365
2.2,35.33282,-81.87545,366
2.2,35.33282,-81.87563,367
2.2,35.33283,-81.87579,368
2.2,35.33284,-81.87595,369
2.2,35.33286,-81.87626,370
2.2,35.33289,-81.87658,371
2.2,35.3329,-81.87673,372
2.2,35.3329,-81.87674,373
2.2,35.3329,-81.87675,374
2.2,35.33291,-81.87687,375
2.2,35.33294,-81.87722,376
2.2,35.33296,-81.8775,377
2.2,35.33302,-81.8781,378
2.2,35.33305,-81.87851,379
2.2,35.33312,-81.87923,380
2.2,35.33312,-81.87928,381
2.2,35.33313,-81.87935,382
2.2,35.33317,-81.87941,383
2.2,35.33322,-81.87992,384
2.2,35.33325,-81.88028,385
2.2,35.33328,-81.88057,386
2.2,35.33333,-81.88111,387
2.2,35.33337,-81.88155,388
2.2,35.33341,-81.88206,389
2.2,35.3334,-81.88253,390
2.2,35.33341,-81.88262,391
2.2,35.33344,-81.883,392
2.2,35.33344,-81.88301,393
2.2,35.33345,-81.88309,394
2.2,35.33346,-81.88331,395
2.2,35.33348,-81.88356,396
2.2,35.33352,-81.88409,397
2.2,35.33355,-81.88449,398
2.2,35.33358,-81.88485,399
2.2,35.3336,-81.88511,400
2.2,35.33362,-81.88528,401
2.2,35.33365,-81.88573,402
2.2,35.33366,-81.88587,403
2.2,35.33367,-81.88589,404
2.2,35.3337,-81.88622,405
2.2,35.33373,-81.8866,406
2.2,35.33373,-81.88663,407
2.2,35.33375,-81.8868,408
2.2,35.3335,-81.88683,409
2.2,35.3332,-81.88686,410
2.2,35.33287,-81.8869,411
2.2,35.33269,-81.88692,412
2.2,35.33249,-81.88694,413
2.2,35.33269,-81.88692,414
2.2,35.33287,-81.8869,415
2.2,35.3332,-81.88686,416
2.2,35.3335,-81.88683,417
2.2,35.33375,-81.8868,418
2.2,35.33373,-81.88663,419
2.2,35.33373,-81.8866,420
2.2,35.3337,-81.88622,421
2.2,35.33367,-81.88589,422
2.2,35.33366,-81.88587,423
2.2,35.33365,-81.88573,424
2.2,35.33362,-81.88528,425
2.2,35.3336,-81.88511,426
2.2,35.33358,-81.88485,427
2.2,35.33355,-81.88449,428
2.2,35.33352,-81.88409,429
2.2,35.33348,-81.88356,430
2.2,35.33346,-81.88331,431
2.2,35.33345,-81.88309,432
2.2,35.33344,-81.88301,433
2.2,35.33344,-81.883,434
2.2,35.33341,-81.88262,435
2.2,35.3334,-81.88253,436
2.2,35.33328,-81.88208,437
2.2,35.33324,-81.88165,438
2.2,35.33319,-81.88107,439
2.2,35.33303,-81.88101,440
2.2,35.33299,-81.88099,441
2.2,35.33291,-81.88096,442
2.2,35.33274,-81.88089,443
2.2,35.33266,-81.88086,444
2.2,35.33249,-81.8808,445
2.2,35.33248,-81.88079,446
2.2,35.3324,-81.88077,447
2.2,35.33214,-81.88067,448
2.2,35.33185,-81.88057,449
2.2,35.3318,-81.88055,450
2.2,35.33162,-81.88049,451
2.2,35.33133,-81.88039,452
2.2,35.33128,-81.88037,453
2.2,35.3311,-81.88031,454
2.2,35.33098,-81.88027,455
2.2,35.33071,-81.88015,456
2.2,35.33063,-81.8801,457
2.2,35.33047,-81.88,458
2.2,35.33046,-81.88,459
2.2,35.33038,-81.87994,460
2.2,35.33006,-81.87958,461
2.2,35.32986,-81.8794,462
2.2,35.32963,-81.87918,463
2.2,35.32942,-81.87898,464
2.2,35.32927,-81.87886,465
2.2,35.32912,-81.87874,466
2.2,35.32867,-81.87837,467
2.2,35.32852,-81.87825,468
2.2,35.32817,-81.87797,469
2.2,35.32795,-81.87781,470
2.2,35.3278,-81.8777,471
2.2,35.32764,-81.87759,472
2.2,35.32733,-81.87737,473
2.2,35.32718,-81.87726,474
2.2,35.32687,-81.87704,475
2.2,35.32656,-81.87681,476
2.2,35.3263,-81.87664,477
2.2,35.32599,-81.87642,478
2.2,35.32537,-81.87598,479
2.2,35.32521,-81.87587,480
2.2,35.32488,-81.87563,481
2.2,35.32434,-81.87526,482
2.2,35.32382,-81.8749,483
2.2,35.32378,-81.87498,484
2.2,35.32357,-81.87534,485
2.2,35.32357,-81.87535,486
2.2,35.32327,-81.87588,487
2.2,35.32312,-81.87617,488
2.2,35.32291,-81.87655,489
2.2,35.32283,-81.87669,490
2.2,35.3226,-81.87709,491
2.2,35.32255,-81.87717,492
2.2,35.32251,-81.87723,493
2.2,35.3222,-81.87766,494
2.2,35.32215,-81.87772,495
2.2,35.32185,-81.87814,496
2.2,35.32155,-81.87855,497
2.2,35.32152,-81.8786,498
2.2,35.3214,-81.87876,499
2.2,35.32123,-81.87899,500
2.2,35.32115,-81.87911,501
2.2,35.32098,-81.87935,502
2.2,35.32076,-81.87964,503
2.2,35.32064,-81.8798,504
2.2,35.32049,-81.87998,505
2.2,35.3203,-81.8801,506
2.2,35.32014,-81.8802,507
2.2,35.32009,-81.88023,508
2.2,35.31987,-81.88035,509
2.2,35.31979,-81.88039,510
2.2,35.31963,-81.88048,511
2.2,35.31929,-81.88066,512
2.2,35.31901,-81.88082,513
2.2,35.31869,-81.88098,514
2.2,35.3186,-81.88103,515
2.2,35.31852,-81.88107,516
2.2,35.31819,-81.88124,517
2.2,35.31857,-81.88156,518
2.2,35.31889,-81.88182,519
2.2,35.31919,-81.88207,520
2.2,35.31935,-81.8822,521
2.2,35.31965,-81.88243,522
2.2,35.31993,-81.88264,523
2.2,35.32026,-81.88288,524
2.2,35.32044,-81.88301,525
2.2,35.32072,-81.8832,526
2.2,35.32102,-81.88339,527
2.2,35.32123,-81.88351,528
2.2,35.32154,-81.88368,529
2.2,35.32164,-81.88374,530
2.2,35.32176,-81.8838,531
2.2,35.3218,-81.88382,532
2.2,35.32184,-81.88384,533
2.2,35.32205,-81.88395,534
2.2,35.32216,-81.884,535
2.2,35.32235,-81.88409,536
2.2,35.32243,-81.88412,537
2.2,35.32247,-81.88414,538
2.2,35.32267,-81.88423,539
2.2,35.32278,-81.88428,540
2.2,35.32298,-81.88436,541
2.2,35.32311,-81.88441,542
2.2,35.32349,-81.88457,543
2.2,35.32351,-81.88458,544
2.2,35.32423,-81.88487,545
2.2,35.32444,-81.88496,546
2.2,35.32474,-81.88508,547
2.2,35.32571,-81.88547,548
2.2,35.32579,-81.8855,549
2.2,35.32611,-81.88563,550
2.2,35.32632,-81.88572,551
2.2,35.32648,-81.88579,552
2.2,35.32673,-81.88589,553
2.2,35.32736,-81.88615,554
2.2,35.32813,-81.88646,555
2.2,35.32889,-81.88677,556
2.2,35.32921,-81.88691,557
2.2,35.32953,-81.88707,558
2.2,35.32956,-81.88709,559
2.2,35.32979,-81.8872,560
2.2,35.3299,-81.88726,561
2.2,35.33006,-81.88734,562
2.2,35.33009,-81.88736,563
2.2,35.33039,-81.88753,564
2.2,35.33053,-81.88761,565
2.2,35.33066,-81.88768,566
2.2,35.33114,-81.88798,567
2.2,35.33152,-81.88824,568
2.2,35.33166,-81.88834,569
2.2,35.33197,-81.88856,570
2.2,35.33227,-81.8888,571
2.2,35.3325,-81.88897,572
2.2,35.33264,-81.88908,573
2.2,35.33273,-81.88916,574
2.2,35.33291,-81.88932,575
2.2,35.33324,-81.88962,576
2.2,35.33347,-81.88984,577
2.2,35.33366,-81.89003,578
2.2,35.33393,-81.89029,579
2.2,35.33395,-81.89031,580
2.2,35.33408,-81.89046,581
2.2,35.33403,-81.89064,582
2.2,35.33398,-81.89097,583
2.2,35.33395,-81.89134,584
2.2,35.33393,-81.89163,585
2.2,35.33392,-81.89165,586
2.2,35.33387,-81.89176,587
2.2,35.33385,-81.89204,588
2.2,35.33383,-81.89231,589
2.2,35.33381,-81.89257,590
2.2,35.33379,-81.89277,591
2.2,35.33376,-81.89322,592
2.2,35.33374,-81.89344,593
2.2,35.33373,-81.89352,594
2.2,35.33371,-81.89383,595
2.2,35.33369,-81.89393,596
2.2,35.33368,-81.89403,597
2.2,35.33366,-81.89412,598
2.2,35.33359,-81.89445,599
2.2,35.33358,-81.89448,600
2.2,35.3335,-81.89474,601
2.2,35.33347,-81.89482,602
2.2,35.33345,-81.89487,603
2.2,35.33334,-81.89517,604
2.2,35.33329,-81.89533,605
2.2,35.33313,-81.89579,606
2.2,35.33311,-81.89586,607
2.2,35.33308,-81.89594,608
2.2,35.33302,-81.89609,609
2.2,35.33336,-81.89624,610
2.2,35.33338,-81.89625,611
2.2,35.33353,-81.89629,612
2.2,35.33372,-81.89634,613
2.2,35.33384,-81.89636,614
2.2,35.33384,-81.89637,615
2.2,35.33383,-81.8965,616
2.2,35.33383,-81.89656,617
2.2,35.33382,-81.89662,618
2.2,35.33378,-81.89677,619
2.2,35.33375,-81.89689,620
2.2,35.33371,-81.89698,621
2.2,35.33339,-81.89777,622
2.2,35.33345,-81.8978,623
2.2,35.33354,-81.89786,624
2.2,35.33367,-81.89794,625
2.2,35.33381,-81.89802,626
2.2,35.33395,-81.8981,627
2.2,35.33409,-81.89819,628
2.2,35.33424,-81.89828,629
2.2,35.33431,-81.89832,630
2.2,35.3344,-81.89836,631
2.2,35.33446,-81.89839,632
2.2,35.33455,-81.89842,633
2.2,35.33465,-81.89845,634
2.2,35.33468,-81.89847,635
2.2,35.33482,-81.89856,636
2.2,35.33487,-81.89858,637
2.2,35.33499,-81.89866,638
2.2,35.33514,-81.89874,639
2.2,35.33529,-81.89884,640
2.2,35.33541,-81.89891,641
2.2,35.33529,-81.89884,642
2.2,35.33545,-81.89844,643
2.2,35.33569,-81.89784,644
2.2,35.33576,-81.89765,645
2.2,35.33587,-81.89737,646
2.2,35.33574,-81.89728,647
2.2,35.33572,-81.89727,648
2.2,35.33559,-81.8972,649
2.2,35.33559,-81.89719,650
2.2,35.33564,-81.89693,651
2.2,35.33561,-81.89677,652
2.2,35.33557,-81.89661,653
2.2,35.33543,-81.89661,654
2.2,35.33538,-81.89662,655
2.2,35.3353,-81.89662,656
2.2,35.33511,-81.8966,657
2.2,35.33508,-81.89659,658
2.2,35.33485,-81.89655,659
2.2,35.3345,-81.89649,660
2.2,35.33432,-81.89645,661
2.2,35.33384,-81.89636,662
2.2,35.33372,-81.89634,663
2.2,35.33353,-81.89629,664
2.2,35.33338,-81.89625,665
2.2,35.33336,-81.89624,666
2.2,35.33302,-81.89609,667
2.2,35.333,-81.89617,668
2.2,35.3329,-81.8965,669
2.2,35.33242,-81.89752,670
2.2,35.33227,-81.89792,671
2.2,35.33208,-81.89825,672
2.2,35.33175,-81.89892,673
2.2,35.3317,-81.89902,674
2.2,35.33167,-81.89911,675
2.2,35.33154,-81.8995,676
2.2,35.33142,-81.89994,677
2.2,35.3313,-81.90036,678
2.2,35.33124,-81.90056,679
2.2,35.33121,-81.9007,680
2.2,35.33119,-81.90076,681
2.2,35.33118,-81.90081,682
2.2,35.33116,-81.90085,683
2.2,35.33115,-81.90089,684
2.2,35.33111,-81.90099,685
2.2,35.33105,-81.90112,686
2.2,35.33116,-81.90129,687
2.2,35.33132,-81.90154,688
2.2,35.33139,-81.90163,689
2.2,35.33169,-81.90209,690
2.2,35.33178,-81.90228,691
2.2,35.33198,-81.90268,692
2.2,35.33212,-81.90301,693
2.2,35.33219,-81.9033,694
2.2,35.33234,-81.90403,695
2.2,35.33236,-81.90413,696
2.2,35.33238,-81.9043,697
2.2,35.33256,-81.90526,698
2.2,35.33257,-81.90528,699
2.2,35.33265,-81.90571,700
2.2,35.33272,-81.90613,701
2.2,35.33287,-81.907,702
2.2,35.33293,-81.90735,703
2.2,35.33305,-81.90807,704
2.2,35.33308,-81.90827,705
2.2,35.3331,-81.90837,706
2.2,35.33318,-81.90885,707
2.2,35.33319,-81.90893,708
2.2,35.33321,-81.90907,709
2.2,35.33328,-81.9095,710
2.2,35.33332,-81.90974,711
2.2,35.33343,-81.91038,712
2.2,35.33354,-81.91103,713
2.2,35.33371,-81.91182,714
2.2,35.33384,-81.91178,715
2.2,35.33388,-81.91176,716
2.2,35.3339,-81.91176,717
2.2,35.33398,-81.91172,718
2.2,35.33422,-81.91162,719
2.2,35.33428,-81.91159,720
2.2,35.33432,-81.91157,721
2.2,35.33439,-81.91154,722
2.2,35.33445,-81.91152,723
2.2,35.33448,-81.9115,724
2.2,35.33462,-81.91144,725
2.2,35.33465,-81.91143,726
2.2,35.33478,-81.91137,727
2.2,35.33529,-81.91115,728
2.2,35.33545,-81.91108,729
2.2,35.33562,-81.911,730
2.2,35.33584,-81.91091,731
2.2,35.33604,-81.91082,732
2.2,35.33615,-81.91077,733
2.2,35.33621,-81.91074,734
2.2,35.33643,-81.91141,735
2.2,35.33621,-81.91074,736
2.2,35.33638,-81.91067,737
2.2,35.33657,-81.91059,738
2.2,35.33668,-81.91061,739
2.2,35.33694,-81.91067,740
2.2,35.33696,-81.91068,741
2.2,35.33706,-81.91075,742
2.2,35.33715,-81.91082,743
2.2,35.33722,-81.91087,744
2.2,35.3373,-81.91093,745
2.2,35.33753,-81.91109,746
2.2,35.33777,-81.91126,747
2.2,35.33783,-81.9113,748
2.2,35.33784,-81.91131,749
2.2,35.33803,-81.91148,750
2.2,35.33807,-81.91152,751
2.2,35.33812,-81.91158,752
2.2,35.33818,-81.91165,753
2.2,35.33829,-81.91184,754
2.2,35.33832,-81.91194,755
2.2,35.33835,-81.91206,756
2.2,35.33836,-81.91208,757
2.2,35.33831,-81.9127,758
2.2,35.3383,-81.91281,759
2.2,35.33826,-81.91315,760
2.2,35.33824,-81.9134,761
2.2,35.3382,-81.91382,762
2.2,35.33826,-81.91383,763
2.2,35.33837,-81.91385,764
2.2,35.3384,-81.91386,765
2.2,35.33855,-81.91389,766
2.2,35.33857,-81.91389,767
2.2,35.33878,-81.91393,768
2.2,35.33927,-81.91399,769
2.2,35.33928,-81.914,770
2.2,35.33929,-81.914,771
2.2,35.33944,-81.91402,772
2.2,35.33951,-81.91403,773
2.2,35.3397,-81.914,774
2.2,35.33978,-81.91395,775
2.2,35.34001,-81.91363,776
2.2,35.34002,-81.91362,777
2.2,35.34011,-81.91343,778
2.2,35.34018,-81.91329,779
2.2,35.34021,-81.91324,780
2.2,35.34025,-81.91315,781
2.2,35.3403,-81.91305,782
2.2,35.34035,-81.91295,783
2.2,35.34048,-81.91275,784
2.2,35.34058,-81.91267,785
2.2,35.34061,-81.91267,786
2.2,35.34065,-81.91266,787
2.2,35.34072,-81.91264,788
2.2,35.34079,-81.91263,789
2.2,35.34092,-81.91261,790
2.2,35.3411,-81.91257,791
2.2,35.34143,-81.9125,792
2.2,35.34151,-81.91298,793
2.2,35.34162,-81.91362,794
2.2,35.3417,-81.91405,795
2.2,35.34174,-81.91422,796
2.2,35.34175,-81.91425,797
2.2,35.34178,-81.91433,798
2.2,35.34182,-81.91436,799
2.2,35.34188,-81.91437,800
2.2,35.34239,-81.91426,801
2.2,35.3427,-81.91419,802
2.2,35.34274,-81.91418,803
2.2,35.34276,-81.91417,804
2.2,35.34281,-81.91416,805
2.2,35.34285,-81.91414,806
2.2,35.34289,-81.91411,807
2.2,35.34344,-81.91381,808
2.2,35.34355,-81.91375,809
2.2,35.34381,-81.91359,810
2.2,35.34398,-81.91343,811
2.2,35.34401,-81.9134,812
2.2,35.34407,-81.91334,813
2.2,35.34412,-81.91326,814
2.2,35.34413,-81.91323,815
2.2,35.34419,-81.91303,816
2.2,35.34423,-81.9129,817
2.2,35.3443,-81.91261,818
2.2,35.34432,-81.91252,819
2.2,35.34434,-81.91239,820
2.2,35.34436,-81.91218,821
2.2,35.34439,-81.91196,822
2.2,35.34439,-81.91195,823
2.2,35.34444,-81.91175,824
2.2,35.3445,-81.91152,825
2.2,35.34468,-81.91121,826
2.2,35.34471,-81.91119,827
2.2,35.34487,-81.91109,828
2.2,35.34495,-81.91104,829
2.2,35.34504,-81.91101,830
2.2,35.34521,-81.91096,831
2.2,35.34547,-81.91093,832
2.2,35.34624,-81.91084,833
2.2,35.34668,-81.91079,834
2.2,35.34664,-81.91057,835
2.2,35.34661,-81.91037,836
2.2,35.34661,-81.91036,837
2.2,35.34656,-81.91007,838
2.2,35.34654,-81.90998,839
2.2,35.34649,-81.90971,840
2.2,35.34646,-81.90955,841
2.2,35.34643,-81.90937,842
2.2,35.34642,-81.90934,843
2.2,35.34642,-81.90933,844
2.2,35.34639,-81.90915,845
2.2,35.34639,-81.90912,846
2.2,35.34637,-81.90894,847
2.2,35.34636,-81.9089,848
2.2,35.34632,-81.90824,849
2.2,35.34632,-81.90817,850
2.2,35.34631,-81.90802,851
2.2,35.34631,-81.90781,852
2.2,35.34631,-81.90777,853
2.2,35.34631,-81.90772,854
2.2,35.34631,-81.90767,855
2.2,35.34631,-81.90763,856
2.2,35.34632,-81.90762,857
2.2,35.34632,-81.90759,858
2.2,35.34633,-81.90756,859
2.2,35.34633,-81.90755,860
2.2,35.34634,-81.90753,861
2.2,35.34635,-81.9075,862
2.2,35.34637,-81.90746,863
2.2,35.34638,-81.90744,864
2.2,35.3464,-81.90742,865
2.2,35.34641,-81.90741,866
2.2,35.34643,-81.9074,867
2.2,35.34644,-81.90739,868
2.2,35.34645,-81.90738,869
2.2,35.34651,-81.90735,870
2.2,35.34656,-81.90733,871
2.2,35.34664,-81.9073,872
2.2,35.34666,-81.90729,873
2.2,35.34689,-81.90721,874
2.2,35.34697,-81.90718,875
2.2,35.34701,-81.90717,876
2.3,35.34696,-81.90719,0
2.3,35.34697,-81.90718,1
2.3,35.34705,-81.90715,2
2.3,35.34738,-81.90704,3
2.3,35.34766,-81.90695,4
2.3,35.34774,-81.90692,5
2.3,35.34794,-81.90685,6
2.3,35.34795,-81.90685,7
2.3,35.34803,-81.90683,8
2.3,35.34806,-81.90682,9
2.3,35.34808,-81.90682,10
2.3,35.34812,-81.90681,11
2.3,35.34815,-81.90681,12
2.3,35.34869,-81.90679,13
2.3,35.34887,-81.90678,14
2.3,35.34902,-81.90677,15
2.3,35.34909,-81.90677,16
2.3,35.3492,-81.90677,17
2.3,35.34927,-81.90676,18
2.3,35.34938,-81.90676,19
2.3,35.34963,-81.90675,20
2.3,35.34981,-81.90674,21
2.3,35.3501,-81.90673,22
2.3,35.35059,-81.90672,23
2.3,35.35099,-81.9067,24
2.3,35.35121,-81.90669,25
2.3,35.35134,-81.90669,26
2.3,35.3514,-81.90669,27
2.3,35.35145,-81.90669,28
2.3,35.35152,-81.90669,29
2.3,35.3517,-81.90669,30
2.3,35.35186,-81.90669,31
2.3,35.3519,-81.90669,32
2.3,35.35192,-81.90669,33
2.3,35.35207,-81.90669,34
2.3,35.35205,-81.90586,35
2.3,35.35205,-81.90559,36
2.3,35.35202,-81.90364,37
2.3,35.352,-81.90265,38
2.3,35.352,-81.90232,39
2.3,35.35199,-81.9021,40
2.3,35.35199,-81.90188,41
2.3,35.35199,-81.90177,42
2.3,35.35197,-81.90092,43
2.3,35.35197,-81.90087,44
2.3,35.35197,-81.90078,45
2.3,35.35196,-81.90023,46
2.3,35.35196,-81.89959,47
2.3,35.35195,-81.89945,48
2.3,35.35195,-81.89913,49
2.3,35.35194,-81.89869,50
2.3,35.35194,-81.89861,51
2.3,35.35193,-81.89847,52
2.3,35.35193,-81.89829,53
2.3,35.35191,-81.89796,54
2.3,35.35188,-81.89756,55
2.3,35.35187,-81.89744,56
2.3,35.35185,-81.89723,57
2.3,35.35181,-81.89678,58
2.3,35.35177,-81.89653,59
2.3,35.35177,-81.89647,60
2.3,35.35175,-81.89636,61
2.3,35.3517,-81.896,62
2.3,35.35163,-81.89555,63
2.3,35.35153,-81.89501,64
2.3,35.35152,-81.895,65
2.3,35.35148,-81.89479,66
2.3,35.35143,-81.89457,67
2.3,35.35135,-81.89425,68
2.3,35.35122,-81.89373,69
2.3,35.3511,-81.8933,70
2.3,35.351,-81.89298,71
2.3,35.35093,-81.89275,72
2.3,35.35088,-81.8926,73
2.3,35.35086,-81.89255,74
2.3,35.35081,-81.89238,75
2.3,35.35071,-81.89214,76
2.3,35.35066,-81.89199,77
2.3,35.35055,-81.89173,78
2.3,35.35024,-81.89095,79
2.3,35.34998,-81.89042,80
2.3,35.34969,-81.88981,81
2.3,35.34961,-81.88967,82
2.3,35.34954,-81.88955,83
2.3,35.34944,-81.88935,84
2.3,35.34943,-81.88934,85
2.3,35.3494,-81.88929,86
2.3,35.34937,-81.88924,87
2.3,35.34935,-81.8892,88
2.3,35.34919,-81.88893,89
2.3,35.34908,-81.88876,90
2.3,35.34892,-81.8885,91
2.3,35.3489,-81.88846,92
2.3,35.34864,-81.88807,93
2.3,35.34855,-81.88795,94
2.3,35.34842,-81.88775,95
2.3,35.34808,-81.88729,96
2.3,35.34808,-81.88728,97
2.3,35.34806,-81.88726,98
2.3,35.34768,-81.88679,99
2.3,35.34741,-81.88647,100
2.3,35.34731,-81.88636,101
2.3,35.34715,-81.88618,102
2.3,35.34714,-81.88616,103
2.3,35.34703,-81.88605,104
2.3,35.34686,-81.88587,105
2.3,35.34672,-81.88572,106
2.3,35.34662,-81.88562,107
2.3,35.34648,-81.88548,108
2.3,35.34631,-81.88531,109
2.3,35.34609,-81.8851,110
2.3,35.34565,-81.88464,111
2.3,35.34534,-81.88433,112
2.3,35.34504,-81.88402,113
2.3,35.34485,-81.88383,114
2.3,35.34472,-81.8837,115
2.3,35.34446,-81.88344,116
2.3,35.34429,-81.88327,117
2.3,35.34416,-81.88314,118
2.3,35.34379,-81.88278,119
2.3,35.34361,-81.88259,120
2.3,35.34348,-81.88246,121
2.3,35.34328,-81.88225,122
2.3,35.34275,-81.88171,123
2.3,35.3423,-81.88125,124
2.3,35.34216,-81.88111,125
2.3,35.34197,-81.88092,126
2.3,35.34187,-81.88081,127
2.3,35.34166,-81.8806,128
2.3,35.34158,-81.88052,129
2.3,35.34134,-81.88025,130
2.3,35.34128,-81.88015,131
2.3,35.34111,-81.87994,132
2.3,35.34099,-81.87977,133
2.3,35.34087,-81.87959,134
2.3,35.34074,-81.8794,135
2.3,35.34052,-81.87899,136
2.3,35.34041,-81.87875,137
2.3,35.34024,-81.87835,138
2.3,35.3401,-81.87795,139
2.3,35.34001,-81.87769,140
2.3,35.3399,-81.87727,141
2.3,35.33977,-81.87673,142
2.3,35.33965,-81.87614,143
2.3,35.33956,-81.87583,144
2.3,35.3395,-81.87565,145
2.3,35.33936,-81.87528,146
2.3,35.33921,-81.87494,147
2.3,35.3391,-81.87469,148
2.3,35.33904,-81.87455,149
2.3,35.33897,-81.8744,150
2.3,35.33882,-81.87407,151
2.3,35.33866,-81.87373,152
2.3,35.3386,-81.87358,153
2.3,35.33856,-81.87347,154
2.3,35.3385,-81.87336,155
2.3,35.33839,-81.87314,156
2.3,35.33824,-81.87288,157
2.3,35.33808,-81.87268,158
2.3,35.33798,-81.87253,159
2.3,35.33787,-81.8724,160
2.3,35.33772,-81.87221,161
2.3,35.33735,-81.87175,162
2.3,35.33711,-81.87144,163
2.3,35.33698,-81.87127,164
2.3,35.33685,-81.8711,165
2.3,35.33651,-81.87067,166
2.3,35.3359,-81.86989,167
2.3,35.33589,-81.86987,168
2.3,35.33586,-81.86983,169
2.3,35.33576,-81.86969,170
2.3,35.33566,-81.86956,171
2.3,35.33561,-81.86951,172
2.3,35.3354,-81.86923,173
2.3,35.33528,-81.86907,174
2.3,35.33525,-81.86903,175
2.3,35.33518,-81.86894,176
2.3,35.33501,-81.86871,177
2.3,35.33485,-81.86849,178
2.3,35.33462,-81.86818,179
2.3,35.33447,-81.86782,180
2.3,35.3344,-81.86764,181
2.3,35.33433,-81.8674,182
2.3,35.33428,-81.86729,183
2.3,35.33422,-81.8672,184
2.3,35.33421,-81.86718,185
2.3,35.33408,-81.86681,186
2.3,35.33392,-81.86611,187
2.3,35.33368,-81.86511,188
2.3,35.3336,-81.86478,189
2.3,35.33355,-81.86451,190
2.3,35.33346,-81.86401,191
2.3,35.33345,-81.864,192
2.3,35.33333,-81.86343,193
2.3,35.33326,-81.86313,194
2.3,35.33321,-81.8629,195
2.3,35.33319,-81.86276,196
2.3,35.33312,-81.86242,197
2.3,35.33322,-81.86239,198
2.3,35.33312,-81.86242,199
2.3,35.33301,-81.86191,200
2.3,35.33266,-81.86203,201
2.3,35.33232,-81.86216,202
2.3,35.33203,-81.86227,203
2.3,35.33169,-81.86239,204
2.3,35.33152,-81.86245,205
2.3,35.33072,-81.86274,206
2.3,35.33033,-81.86287,207
2.3,35.33016,-81.86293,208
2.3,35.32993,-81.86301,209
2.3,35.32981,-81.86303,210
2.3,35.32965,-81.86301,211
2.3,35.32952,-81.86296,212
2.3,35.32947,-81.86294,213
2.3,35.3293,-81.86287,214
2.3,35.32914,-81.86279,215
2.3,35.32898,-81.86272,216
2.3,35.3288,-81.86264,217
2.3,35.32847,-81.8625,218
2.3,35.32814,-81.86233,219
2.3,35.3279,-81.86222,220
2.3,35.32755,-81.86207,221
2.3,35.32742,-81.86201,222
2.3,35.3273,-81.86196,223
2.3,35.32662,-81.86166,224
2.3,35.32612,-81.86145,225
2.3,35.32484,-81.86088,226
2.3,35.32451,-81.86074,227
2.3,35.32434,-81.86066,228
2.3,35.32417,-81.86059,229
2.3,35.32316,-81.86014,230
2.3,35.3229,-81.86003,231
2.3,35.32259,-81.85989,232
2.3,35.32239,-81.85981,233
2.3,35.32225,-81.85974,234
2.3,35.32224,-81.85974,235
2.3,35.32217,-81.85971,236
2.3,35.32213,-81.85969,237
2.3,35.32191,-81.8596,238
2.3,35.32157,-81.85945,239
2.3,35.32091,-81.85916,240
2.3,35.32056,-81.859,241
2.3,35.32039,-81.85893,242
2.3,35.32022,-81.85885,243
2.3,35.31988,-81.8587,244
2.3,35.31937,-81.85848,245
2.3,35.31897,-81.8583,246
2.3,35.31875,-81.8582,247
2.3,35.31857,-81.85812,248
2.3,35.31846,-81.85807,249
2.3,35.31832,-81.85801,250
2.3,35.3181,-81.85791,251
2.3,35.31766,-81.85772,252
2.3,35.31749,-81.85764,253
2.3,35.31744,-81.85762,254
2.3,35.31735,-81.85794,255
2.3,35.31731,-81.85807,256
2.3,35.3172,-81.8585,257
2.3,35.3172,-81.85867,258
2.3,35.31719,-81.85887,259
2.3,35.31719,-81.85907,260
2.3,35.31718,-81.85951,261
2.3,35.31717,-81.86045,262
2.3,35.31717,-81.86155,263
2.3,35.31716,-81.86177,264
2.3,35.31716,-81.86221,265
2.3,35.31716,-81.86287,266
2.3,35.31723,-81.86308,267
2.3,35.31728,-81.86329,268
2.3,35.31728,-81.8633,269
2.3,35.31738,-81.86351,270
2.3,35.31749,-81.86363,271
2.3,35.31751,-81.86365,272
2.3,35.31775,-81.86383,273
2.3,35.31786,-81.86394,274
2.3,35.31802,-81.86399,275
2.3,35.31807,-81.864,276
2.3,35.31814,-81.86403,277
2.3,35.3182,-81.86402,278
2.3,35.31824,-81.86402,279
2.3,35.31837,-81.86401,280
2.3,35.31842,-81.86401,281
2.3,35.31855,-81.86399,282
2.3,35.3186,-81.86399,283
2.3,35.31861,-81.86399,284
2.3,35.31863,-81.86399,285
2.3,35.31873,-81.86396,286
2.3,35.31895,-81.8639,287
2.3,35.31918,-81.86371,288
2.3,35.31921,-81.86369,289
2.3,35.31935,-81.86358,290
2.3,35.31936,-81.86357,291
2.3,35.31947,-81.86346,292
2.3,35.31951,-81.86343,293
2.3,35.31962,-81.86333,294
2.3,35.31979,-81.86316,295
2.3,35.31985,-81.8631,296
2.3,35.31992,-81.86301,297
2.3,35.32001,-81.86289,298
2.3,35.32005,-81.86281,299
2.3,35.32018,-81.86243,300
2.3,35.32089,-81.86278,301
2.3,35.32128,-81.86297,302
2.3,35.32145,-81.86305,303
2.3,35.32162,-81.86313,304
2.3,35.32172,-81.86317,305
2.3,35.32187,-81.86329,306
2.3,35.32221,-81.86345,307
2.3,35.32236,-81.86352,308
2.3,35.32265,-81.86369,309
2.3,35.32281,-81.86379,310
2.3,35.32315,-81.86396,311
2.3,35.32324,-81.86401,312
2.3,35.32341,-81.8641,313
2.3,35.32356,-81.86417,314
2.3,35.3239,-81.86435,315
2.3,35.32402,-81.86442,316
2.3,35.32415,-81.8645,317
2.3,35.32431,-81.8646,318
2.3,35.32464,-81.86478,319
2.3,35.3248,-81.86488,320
2.3,35.32496,-81.86497,321
2.3,35.32533,-81.86512,322
2.3,35.32561,-81.86526,323
2.3,35.32577,-81.86534,324
2.3,35.32584,-81.86536,325
2.3,35.32595,-81.8654,326
2.3,35.32616,-81.86546,327
2.3,35.32629,-81.8655,328
2.3,35.32665,-81.86559,329
2.3,35.32682,-81.86564,330
2.3,35.327,-81.86568,331
2.3,35.32735,-81.86577,332
2.3,35.328,-81.86592,333
2.3,35.32818,-81.86596,334
2.3,35.32836,-81.866,335
2.3,35.32837,-81.86612,336
2.3,35.32839,-81.8662,337
2.3,35.32841,-81.8663,338
2.3,35.32845,-81.86638,339
2.3,35.32846,-81.8664,340
2.3,35.32849,-81.86646,341
2.3,35.3285,-81.86647,342
2.3,35.3285,-81.86648,343
2.3,35.32851,-81.86651,344
2.3,35.32855,-81.86657,345
2.3,35.3286,-81.86666,346
2.3,35.3286,-81.86667,347
2.3,35.32865,-81.86677,348
2.3,35.32868,-81.86685,349
2.3,35.32869,-81.8669,350
2.3,35.32872,-81.86711,351
2.3,35.3288,-81.86754,352
2.3,35.32882,-81.86763,353
2.3,35.32884,-81.8677,354
2.3,35.32886,-81.86775,355
2.3,35.32892,-81.86789,356
2.3,35.32894,-81.86794,357
2.3,35.32894,-81.86795,358
2.3,35.32896,-81.86799,359
2.3,35.3291,-81.86824,360
2.3,35.32915,-81.86845,361
2.3,35.32925,-81.86887,362
2.3,35.32926,-81.86892,363
2.3,35.32931,-81.86913,364
2.3,35.32937,-81.86935,365
2.3,35.32938,-81.8694,366
2.3,35.32942,-81.86955,367
2.3,35.32948,-81.86976,368
2.3,35.32949,-81.86982,369
2.3,35.32953,-81.86997,370
2.3,35.32954,-81.87,371
2.3,35.32956,-81.87007,372
2.3,35.32977,-81.86999,373
2.3,35.33025,-81.8698,374
2.3,35.33076,-81.8696,375
2.3,35.33079,-81.86959,376
2.3,35.33096,-81.86952,377
2.3,35.33112,-81.86947,378
2.3,35.33141,-81.86938,379
2.3,35.33148,-81.86935,380
2.3,35.33201,-81.86918,381
2.3,35.33214,-81.8695,382
2.3,35.3322,-81.86968,383
2.3,35.33221,-81.86968,384
2.3,35.33224,-81.86978,385
2.3,35.33227,-81.86985,386
2.3,35.33231,-81.86998,387
2.3,35.33233,-81.87004,388
2.3,35.33239,-81.87023,389
2.3,35.33244,-81.87041,390
2.3,35.33249,-81.87061,391
2.3,35.33255,-81.87083,392
2.3,35.3326,-81.87105,393
2.3,35.33264,-81.87125,394
2.3,35.33265,-81.87128,395
2.3,35.33267,-81.87139,396
2.3,35.33269,-81.87152,397
2.3,35.33273,-81.87174,398
2.3,35.33275,-81.87187,399
2.3,35.33276,-81.87197,400
2.3,35.33281,-81.87246,401
2.3,35.33284,-81.87275,402
2.3,35.33285,-81.87306,403
2.3,35.33286,-81.87337,404
2.3,35.33286,-81.87367,405
2.3,35.33284,-81.87428,406
2.3,35.33282,-81.87497,407
2.3,35.33282,-81.87517,408
2.3,35.33282,-81.87534,409
2.3,35.33282,-81.87545,410
2.3,35.33282,-81.87563,411
2.3,35.33283,-81.87579,412
2.3,35.33284,-81.87595,413
2.3,35.33286,-81.87626,414
2.3,35.33289,-81.87658,415
2.3,35.3329,-81.87673,416
2.3,35.3329,-81.87674,417
2.3,35.3329,-81.87675,418
2.3,35.33291,-81.87687,419
2.3,35.33294,-81.87722,420
2.3,35.33296,-81.8775,421
2.3,35.33302,-81.8781,422
2.3,35.33305,-81.87851,423
2.3,35.33312,-81.87923,424
2.3,35.33312,-81.87928,425
2.3,35.33313,-81.87935,426
2.3,35.33317,-81.87941,427
2.3,35.33322,-81.87992,428
2.3,35.33325,-81.88028,429
2.3,35.33328,-81.88057,430
2.3,35.33333,-81.88111,431
2.3,35.33337,-81.88155,432
2.3,35.33341,-81.88206,433
2.3,35.3334,-81.88253,434
2.3,35.33341,-81.88262,435
2.3,35.33344,-81.883,436
2.3,35.33344,-81.88301,437
2.3,35.33345,-81.88309,438
2.3,35.33346,-81.88331,439
2.3,35.33348,-81.88356,440
2.3,35.33352,-81.88409,441
2.3,35.33355,-81.88449,442
2.3,35.33358,-81.88485,443
2.3,35.3336,-81.88511,444
2.3,35.33362,-81.88528,445
2.3,35.33365,-81.88573,446
2.3,35.33366,-81.88587,447
2.3,35.33367,-81.88589,448
2.3,35.3337,-81.88622,449
2.3,35.33373,-81.8866,450
2.3,35.33373,-81.88663,451
2.3,35.33375,-81.8868,452
2.3,35.3335,-81.88683,453
2.3,35.3332,-81.88686,454
2.3,35.33287,-81.8869,455
2.3,35.33269,-81.88692,456
2.3,35.33264,-81.88692,457
2.3,35.33269,-81.88692,458
2.3,35.33287,-81.8869,459
2.3,35.3332,-81.88686,460
2.3,35.3335,-81.88683,461
2.3,35.33375,-81.8868,462
2.3,35.33373,-81.88663,463
2.3,35.33373,-81.8866,464
2.3,35.3337,-81.88622,465
2.3,35.33367,-81.88589,466
2.3,35.33366,-81.88587,467
2.3,35.33365,-81.88573,468
2.3,35.33362,-81.88528,469
2.3,35.3336,-81.88511,470
2.3,35.33358,-81.88485,471
2.3,35.33355,-81.88449,472
2.3,35.33352,-81.88409,473
2.3,35.33348,-81.88356,474
2.3,35.33346,-81.88331,475
2.3,35.33345,-81.88309,476
2.3,35.33344,-81.88301,477
2.3,35.33344,-81.883,478
2.3,35.33341,-81.88262,479
2.3,35.3334,-81.88253,480
2.3,35.33328,-81.88208,481
2.3,35.33324,-81.88165,482
2.3,35.33319,-81.88107,483
2.3,35.33303,-81.88101,484
2.3,35.33299,-81.88099,485
2.3,35.33291,-81.88096,486
2.3,35.33274,-81.88089,487
2.3,35.33266,-81.88086,488
2.3,35.33249,-81.8808,489
2.3,35.33248,-81.88079,490
2.3,35.33214,-81.88067,491
2.3,35.33185,-81.88057,492
2.3,35.3318,-81.88055,493
2.3,35.33162,-81.88049,494
2.3,35.33133,-81.88039,495
2.3,35.33128,-81.88037,496
2.3,35.3311,-81.88031,497
2.3,35.33098,-81.88027,498
2.3,35.33071,-81.88015,499
2.3,35.33063,-81.8801,500
2.3,35.33047,-81.88,501
2.3,35.33044,-81.87998,502
2.3,35.33038,-81.87994,503
2.3,35.33006,-81.87958,504
2.3,35.32986,-81.8794,505
2.3,35.32963,-81.87918,506
2.3,35.32942,-81.87898,507
2.3,35.32927,-81.87886,508
2.3,35.32912,-81.87874,509
2.3,35.32867,-81.87837,510
2.3,35.32852,-81.87825,511
2.3,35.32817,-81.87797,512
2.3,35.32795,-81.87781,513
2.3,35.3278,-81.8777,514
2.3,35.32764,-81.87759,515
2.3,35.32733,-81.87737,516
2.3,35.32718,-81.87726,517
2.3,35.32687,-81.87704,518
2.3,35.32656,-81.87681,519
2.3,35.3263,-81.87664,520
2.3,35.32599,-81.87642,521
2.3,35.32537,-81.87598,522
2.3,35.32521,-81.87587,523
2.3,35.32488,-81.87563,524
2.3,35.32434,-81.87526,525
2.3,35.32382,-81.8749,526
2.3,35.32378,-81.87498,527
2.3,35.32357,-81.87534,528
2.3,35.32357,-81.87535,529
2.3,35.32327,-81.87588,530
2.3,35.32312,-81.87617,531
2.3,35.32291,-81.87655,532
2.3,35.32283,-81.87669,533
2.3,35.3226,-81.87709,534
2.3,35.32255,-81.87717,535
2.3,35.32251,-81.87723,536
2.3,35.3222,-81.87766,537
2.3,35.32215,-81.87772,538
2.3,35.32185,-81.87814,539
2.3,35.32155,-81.87855,540
2.3,35.32152,-81.8786,541
2.3,35.3214,-81.87876,542
2.3,35.32123,-81.87899,543
2.3,35.32115,-81.87911,544
2.3,35.32098,-81.87935,545
2.3,35.32076,-81.87964,546
2.3,35.32064,-81.8798,547
2.3,35.32049,-81.87998,548
2.3,35.3203,-81.8801,549
2.3,35.32017,-81.88018,550
2.3,35.32014,-81.8802,551
2.3,35.32009,-81.88023,552
2.3,35.31987,-81.88035,553
2.3,35.31979,-81.88039,554
2.3,35.31963,-81.88048,555
2.3,35.31929,-81.88066,556
2.3,35.31901,-81.88082,557
2.3,35.31869,-81.88098,558
2.3,35.3186,-81.88103,559
2.3,35.31852,-81.88107,560
2.3,35.31819,-81.88124,561
2.3,35.31857,-81.88156,562
2.3,35.31889,-81.88182,563
2.3,35.31919,-81.88207,564
2.3,35.31935,-81.8822,565
2.3,35.31965,-81.88243,566
2.3,35.31993,-81.88264,567
2.3,35.32026,-81.88288,568
2.3,35.32044,-81.88301,569
2.3,35.32072,-81.8832,570
2.3,35.32102,-81.88339,571
2.3,35.32123,-81.88351,572
2.3,35.32154,-81.88368,573
2.3,35.32164,-81.88374,574
2.3,35.32176,-81.8838,575
2.3,35.3218,-81.88382,576
2.3,35.32184,-81.88384,577
2.3,35.32205,-81.88395,578
2.3,35.32216,-81.884,579
2.3,35.32235,-81.88409,580
2.3,35.32243,-81.88412,581
2.3,35.32247,-81.88414,582
2.3,35.32267,-81.88423,583
2.3,35.32278,-81.88428,584
2.3,35.32298,-81.88436,585
2.3,35.32311,-81.88441,586
2.3,35.32349,-81.88457,587
2.3,35.32351,-81.88458,588
2.3,35.32423,-81.88487,589
2.3,35.32444,-81.88496,590
2.3,35.32474,-81.88508,591
2.3,35.32571,-81.88547,592
2.3,35.32579,-81.8855,593
2.3,35.32611,-81.88563,594
2.3,35.32632,-81.88572,595
2.3,35.32648,-81.88579,596
2.3,35.32673,-81.88589,597
2.3,35.32736,-81.88615,598
2.3,35.32813,-81.88646,599
2.3,35.32889,-81.88677,600
2.3,35.32921,-81.88691,601
2.3,35.32953,-81.88707,602
2.3,35.32956,-81.88709,603
2.3,35.32979,-81.8872,604
2.3,35.3299,-81.88726,605
2.3,35.33006,-81.88734,606
2.3,35.33009,-81.88736,607
2.3,35.33039,-81.88753,608
2.3,35.33053,-81.88761,609
2.3,35.33066,-81.88768,610
2.3,35.33114,-81.88798,611
2.3,35.33152,-81.88824,612
2.3,35.33166,-81.88834,613
2.3,35.33197,-81.88856,614
2.3,35.33227,-81.8888,615
2.3,35.33264,-81.88908,616
2.3,35.33273,-81.88916,617
2.3,35.33291,-81.88932,618
2.3,35.33324,-81.88962,619
2.3,35.33347,-81.88984,620
2.3,35.33366,-81.89003,621
2.3,35.33383,-81.89019,622
2.3,35.33393,-81.89029,623
2.3,35.33395,-81.89031,624
2.3,35.33408,-81.89046,625
2.3,35.33403,-81.89064,626
2.3,35.33398,-81.89097,627
2.3,35.33395,-81.89134,628
2.3,35.33393,-81.89163,629
2.3,35.33392,-81.89165,630
2.3,35.33387,-81.89176,631
2.3,35.33385,-81.89204,632
2.3,35.33383,-81.89231,633
2.3,35.33381,-81.89257,634
2.3,35.33379,-81.89277,635
2.3,35.33376,-81.89322,636
2.3,35.33374,-81.89344,637
2.3,35.33373,-81.89352,638
2.3,35.33371,-81.89383,639
2.3,35.33369,-81.89393,640
2.3,35.33368,-81.89403,641
2.3,35.33366,-81.89412,642
2.3,35.33359,-81.89445,643
2.3,35.33358,-81.89448,644
2.3,35.3335,-81.89474,645
2.3,35.33347,-81.89482,646
2.3,35.33345,-81.89487,647
2.3,35.33334,-81.89517,648
2.3,35.33329,-81.89533,649
2.3,35.33313,-81.89579,650
2.3,35.33308,-81.89594,651
2.3,35.33302,-81.89609,652
2.3,35.33336,-81.89624,653
2.3,35.33338,-81.89625,654
2.3,35.33353,-81.89629,655
2.3,35.33372,-81.89634,656
2.3,35.33384,-81.89636,657
2.3,35.33384,-81.89637,658
2.3,35.33383,-81.8965,659
2.3,35.33383,-81.89656,660
2.3,35.33382,-81.89662,661
2.3,35.33378,-81.89677,662
2.3,35.33375,-81.89689,663
2.3,35.33371,-81.89698,664
2.3,35.33341,-81.89771,665
2.3,35.33339,-81.89777,666
2.3,35.33354,-81.89786,667
2.3,35.33367,-81.89794,668
2.3,35.33381,-81.89802,669
2.3,35.33395,-81.8981,670
2.3,35.33409,-81.89819,671
2.3,35.33424,-81.89828,672
2.3,35.33431,-81.89832,673
2.3,35.3344,-81.89836,674
2.3,35.33446,-81.89839,675
2.3,35.33455,-81.89842,676
2.3,35.33465,-81.89845,677
2.3,35.33468,-81.89847,678
2.3,35.33482,-81.89856,679
2.3,35.33487,-81.89858,680
2.3,35.33499,-81.89866,681
2.3,35.33514,-81.89874,682
2.3,35.33529,-81.89884,683
2.3,35.33541,-81.89891,684
2.3,35.33529,-81.89884,685
2.3,35.33545,-81.89844,686
2.3,35.33569,-81.89784,687
2.3,35.33576,-81.89765,688
2.3,35.33587,-81.89737,689
2.3,35.33574,-81.89728,690
2.3,35.33559,-81.8972,691
2.3,35.33559,-81.89719,692
2.3,35.33564,-81.89693,693
2.3,35.33561,-81.89677,694
2.3,35.33557,-81.89661,695
2.3,35.33543,-81.89661,696
2.3,35.3353,-81.89662,697
2.3,35.33511,-81.8966,698
2.3,35.33508,-81.89659,699
2.3,35.33485,-81.89655,700
2.3,35.3345,-81.89649,701
2.3,35.33432,-81.89645,702
2.3,35.33384,-81.89636,703
2.3,35.33372,-81.89634,704
2.3,35.33353,-81.89629,705
2.3,35.33338,-81.89625,706
2.3,35.33336,-81.89624,707
2.3,35.33302,-81.89609,708
2.3,35.3329,-81.8965,709
2.3,35.33242,-81.89752,710
2.3,35.33227,-81.89792,711
2.3,35.33208,-81.89825,712
2.3,35.33206,-81.89829,713
2.3,35.33175,-81.89892,714
2.3,35.3317,-81.89902,715
2.3,35.33167,-81.89911,716
2.3,35.33154,-81.8995,717
2.3,35.33142,-81.89994,718
2.3,35.3313,-81.90036,719
2.3,35.33124,-81.90056,720
2.3,35.33121,-81.9007,721
2.3,35.33119,-81.90076,722
2.3,35.33118,-81.90081,723
2.3,35.33116,-81.90085,724
2.3,35.33115,-81.90089,725
2.3,35.33111,-81.90099,726
2.3,35.33105,-81.90112,727
2.3,35.33116,-81.90129,728
2.3,35.33132,-81.90154,729
2.3,35.33139,-81.90163,730
2.3,35.33169,-81.90209,731
2.3,35.33178,-81.90228,732
2.3,35.33198,-81.90268,733
2.3,35.33212,-81.90301,734
2.3,35.33219,-81.9033,735
2.3,35.33234,-81.90403,736
2.3,35.33236,-81.90413,737
2.3,35.33238,-81.9043,738
2.3,35.33256,-81.90526,739
2.3,35.33257,-81.90528,740
2.3,35.33265,-81.90571,741
2.3,35.33268,-81.90592,742
2.3,35.33272,-81.90613,743
2.3,35.33287,-81.907,744
2.3,35.33293,-81.90735,745
2.3,35.33305,-81.90807,746
2.3,35.33308,-81.90827,747
2.3,35.3331,-81.90837,748
2.3,35.33318,-81.90885,749
2.3,35.33319,-81.90893,750
2.3,35.33321,-81.90907,751
2.3,35.33328,-81.9095,752
2.3,35.33332,-81.90974,753
2.3,35.33343,-81.91038,754
2.3,35.33354,-81.91103,755
2.3,35.33371,-81.91182,756
2.3,35.33384,-81.91178,757
2.3,35.33388,-81.91176,758
2.3,35.3339,-81.91176,759
2.3,35.33398,-81.91172,760
2.3,35.33422,-81.91162,761
2.3,35.33428,-81.91159,762
2.3,35.33432,-81.91157,763
2.3,35.33439,-81.91154,764
2.3,35.33445,-81.91152,765
2.3,35.33448,-81.9115,766
2.3,35.33462,-81.91144,767
2.3,35.33465,-81.91143,768
2.3,35.33478,-81.91137,769
2.3,35.33529,-81.91115,770
2.3,35.33545,-81.91108,771
2.3,35.33562,-81.911,772
2.3,35.33584,-81.91091,773
2.3,35.33604,-81.91082,774
2.3,35.33617,-81.91076,775
2.3,35.33621,-81.91074,776
2.3,35.33643,-81.91141,777
2.3,35.33621,-81.91074,778
2.3,35.33638,-81.91067,779
2.3,35.33657,-81.91059,780
2.3,35.33694,-81.91067,781
2.3,35.33696,-81.91068,782
2.3,35.33706,-81.91075,783
2.3,35.33715,-81.91082,784
2.3,35.33722,-81.91087,785
2.3,35.3373,-81.91093,786
2.3,35.33753,-81.91109,787
2.3,35.33777,-81.91126,788
2.3,35.33783,-81.9113,789
2.3,35.33784,-81.91131,790
2.3,35.33803,-81.91148,791
2.3,35.33807,-81.91152,792
2.3,35.33812,-81.91158,793
2.3,35.33818,-81.91165,794
2.3,35.33829,-81.91184,795
2.3,35.33832,-81.91194,796
2.3,35.33835,-81.91206,797
2.3,35.33836,-81.91208,798
2.3,35.33831,-81.9127,799
2.3,35.3383,-81.91281,800
2.3,35.33826,-81.91315,801
2.3,35.33824,-81.9134,802
2.3,35.33821,-81.91373,803
2.3,35.3382,-81.91382,804
2.3,35.33837,-81.91385,805
2.3,35.3384,-81.91386,806
2.3,35.33855,-81.91389,807
2.3,35.33857,-81.91389,808
2.3,35.33878,-81.91393,809
2.3,35.33927,-81.91399,810
2.3,35.33928,-81.914,811
2.3,35.33929,-81.914,812
2.3,35.33944,-81.91402,813
2.3,35.33951,-81.91403,814
2.3,35.3397,-81.914,815
2.3,35.33978,-81.91395,816
2.3,35.33977,-81.91404,817
2.3,35.33976,-81.91411,818
2.3,35.33974,-81.91427,819
2.3,35.33974,-81.91433,820
2.3,35.33971,-81.91447,821
2.3,35.33963,-81.91457,822
2.3,35.3396,-81.91461,823
2.3,35.33963,-81.91457,824
2.3,35.33971,-81.91447,825
2.3,35.33974,-81.91433,826
2.3,35.33974,-81.91427,827
2.3,35.33976,-81.91411,828
2.3,35.33977,-81.91404,829
2.3,35.33978,-81.91395,830
2.3,35.34001,-81.91363,831
2.3,35.34002,-81.91362,832
2.3,35.34011,-81.91343,833
2.3,35.34018,-81.91329,834
2.3,35.34021,-81.91324,835
2.3,35.34025,-81.91315,836
2.3,35.3403,-81.91305,837
2.3,35.34035,-81.91295,838
2.3,35.34048,-81.91275,839
2.3,35.34058,-81.91267,840
2.3,35.34061,-81.91267,841
2.3,35.34065,-81.91266,842
2.3,35.34072,-81.91264,843
2.3,35.34076,-81.91264,844
2.3,35.34092,-81.91261,845
2.3,35.3411,-81.91257,846
2.3,35.3414,-81.91251,847
2.3,35.34143,-81.9125,848
2.3,35.34151,-81.91298,849
2.3,35.34162,-81.91362,850
2.3,35.3417,-81.91405,851
2.3,35.34174,-81.91422,852
2.3,35.34175,-81.91425,853
2.3,35.34178,-81.91433,854
2.3,35.34182,-81.91436,855
2.3,35.34188,-81.91437,856
2.3,35.34239,-81.91426,857
2.3,35.3427,-81.91419,858
2.3,35.34276,-81.91417,859
2.3,35.34281,-81.91416,860
2.3,35.34285,-81.91414,861
2.3,35.34289,-81.91411,862
2.3,35.34344,-81.91381,863
2.3,35.34355,-81.91375,864
2.3,35.34359,-81.91373,865
2.3,35.34381,-81.91359,866
2.3,35.34398,-81.91343,867
2.3,35.34401,-81.9134,868
2.3,35.34407,-81.91334,869
2.3,35.34412,-81.91326,870
2.3,35.34413,-81.91323,871
2.3,35.34419,-81.91303,872
2.3,35.34423,-81.9129,873
2.3,35.3443,-81.91261,874
2.3,35.34432,-81.91252,875
2.3,35.34434,-81.91239,876
2.3,35.34436,-81.91218,877
2.3,35.34439,-81.91196,878
2.3,35.34439,-81.91195,879
2.3,35.34444,-81.91175,880
2.3,35.3445,-81.91152,881
2.3,35.34468,-81.91121,882
2.3,35.34471,-81.91119,883
2.3,35.34487,-81.91109,884
2.3,35.34495,-81.91104,885
2.3,35.34504,-81.91101,886
2.3,35.34521,-81.91096,887
2.3,35.34547,-81.91093,888
2.3,35.34624,-81.91084,889
2.3,35.34668,-81.91079,890
2.3,35.34664,-81.91057,891
2.3,35.34661,-81.91037,892
2.3,35.34661,-81.91036,893
2.3,35.34656,-81.91007,894
2.3,35.34654,-81.90998,895
2.3,35.34649,-81.90971,896
2.3,35.34646,-81.90955,897
2.3,35.34643,-81.90937,898
2.3,35.34642,-81.90934,899
2.3,35.34642,-81.90933,900
2.3,35.34639,-81.90915,901
2.3,35.34639,-81.90912,902
2.3,35.34637,-81.90894,903
2.3,35.34636,-81.9089,904
2.3,35.34632,-81.90824,905
2.3,35.34632,-81.90817,906
2.3,35.34631,-81.90802,907
2.3,35.34631,-81.90781,908
2.3,35.34631,-81.90777,909
2.3,35.34631,-81.90772,910
2.3,35.34631,-81.90767,911
2.3,35.34631,-81.90763,912
2.3,35.34632,-81.90762,913
2.3,35.34632,-81.90759,914
2.3,35.34633,-81.90756,915
2.3,35.34633,-81.90755,916
2.3,35.34634,-81.90753,917
2.3,35.34635,-81.9075,918
2.3,35.34637,-81.90746,919
2.3,35.34638,-81.90744,920
2.3,35.3464,-81.90742,921
2.3,35.34641,-81.90741,922
2.3,35.34643,-81.9074,923
2.3,35.34644,-81.90739,924
2.3,35.34645,-81.90738,925
2.3,35.34651,-81.90735,926
2.3,35.34656,-81.90733,927
2.3,35.34664,-81.9073,928
2.3,35.34666,-81.90729,929
2.3,35.34689,-81.90721,930
2.4,35.3469,-81.90723,0
2.4,35.34697,-81.90718,1
2.4,35.34705,-81.90715,2
2.4,35.34738,-81.90704,3
2.4,35.34766,-81.90695,4
2.4,35.34774,-81.90692,5
2.4,35.34794,-81.90685,6
2.4,35.34795,-81.90685,7
2.4,35.34803,-81.90683,8
2.4,35.34806,-81.90682,9
2.4,35.34808,-81.90682,10
2.4,35.34812,-81.90681,11
2.4,35.34815,-81.90681,12
2.4,35.34869,-81.90679,13
2.4,35.34887,-81.90678,14
2.4,35.34902,-81.90677,15
2.4,35.34909,-81.90677,16
2.4,35.3492,-81.90677,17
2.4,35.34927,-81.90676,18
2.4,35.34938,-81.90676,19
2.4,35.34963,-81.90675,20
2.4,35.34981,-81.90674,21
2.4,35.3501,-81.90673,22
2.4,35.35059,-81.90672,23
2.4,35.35099,-81.9067,24
2.4,35.35121,-81.90669,25
2.4,35.35134,-81.90669,26
2.4,35.3514,-81.90669,27
2.4,35.35145,-81.90669,28
2.4,35.35152,-81.90669,29
2.4,35.3517,-81.90669,30
2.4,35.35186,-81.90669,31
2.4,35.3519,-81.90669,32
2.4,35.35192,-81.90669,33
2.4,35.35207,-81.90669,34
2.4,35.35205,-81.90586,35
2.4,35.35205,-81.90559,36
2.4,35.35202,-81.90364,37
2.4,35.352,-81.90265,38
2.4,35.352,-81.90232,39
2.4,35.35199,-81.9021,40
2.4,35.35199,-81.90188,41
2.4,35.35199,-81.90177,42
2.4,35.35197,-81.90092,43
2.4,35.35197,-81.90087,44
2.4,35.35197,-81.90078,45
2.4,35.35196,-81.90023,46
2.4,35.35196,-81.89966,47
2.4,35.35195,-81.89945,48
2.4,35.35195,-81.89913,49
2.4,35.35194,-81.89869,50
2.4,35.35194,-81.89861,51
2.4,35.35193,-81.89847,52
2.4,35.35193,-81.89829,53
2.4,35.35191,-81.89796,54
2.4,35.35188,-81.89756,55
2.4,35.35187,-81.89744,56
2.4,35.35185,-81.89723,57
2.4,35.35181,-81.89678,58
2.4,35.35177,-81.89653,59
2.4,35.35177,-81.89647,60
2.4,35.35175,-81.89636,61
2.4,35.3517,-81.896,62
2.4,35.35163,-81.89555,63
2.4,35.35153,-81.89501,64
2.4,35.35152,-81.895,65
2.4,35.35148,-81.89479,66
2.4,35.35143,-81.89457,67
2.4,35.35135,-81.89425,68
2.4,35.35122,-81.89373,69
2.4,35.3511,-81.8933,70
2.4,35.351,-81.89298,71
2.4,35.35093,-81.89275,72
2.4,35.35088,-81.8926,73
2.4,35.35086,-81.89255,74
2.4,35.35081,-81.89238,75
2.4,35.35071,-81.89214,76
2.4,35.35066,-81.89199,77
2.4,35.35055,-81.89173,78
2.4,35.35024,-81.89095,79
2.4,35.34998,-81.89042,80
2.4,35.34969,-81.88981,81
2.4,35.34961,-81.88967,82
2.4,35.34954,-81.88955,83
2.4,35.34944,-81.88935,84
2.4,35.34943,-81.88934,85
2.4,35.3494,-81.88929,86
2.4,35.34937,-81.88924,87
2.4,35.34935,-81.8892,88
2.4,35.34919,-81.88893,89
2.4,35.34908,-81.88876,90
2.4,35.34892,-81.8885,91
2.4,35.3489,-81.88846,92
2.4,35.34864,-81.88807,93
2.4,35.34855,-81.88795,94
2.4,35.34842,-81.88775,95
2.4,35.34808,-81.88729,96
2.4,35.34808,-81.88728,97
2.4,35.34806,-81.88726,98
2.4,35.34768,-81.88679,99
2.4,35.34741,-81.88647,100
2.4,35.34731,-81.88636,101
2.4,35.34715,-81.88618,102
2.4,35.34714,-81.88616,103
2.4,35.34703,-81.88605,104
2.4,35.34686,-81.88587,105
2.4,35.34672,-81.88572,106
2.4,35.34662,-81.88562,107
2.4,35.34648,-81.88548,108
2.4,35.34631,-81.88531,109
2.4,35.34609,-81.8851,110
2.4,35.34565,-81.88464,111
2.4,35.34534,-81.88433,112
2.4,35.34504,-81.88402,113
2.4,35.34485,-81.88383,114
2.4,35.34472,-81.8837,115
2.4,35.34446,-81.88344,116
2.4,35.34429,-81.88327,117
2.4,35.34416,-81.88314,118
2.4,35.34379,-81.88278,119
2.4,35.34361,-81.88259,120
2.4,35.34348,-81.88246,121
2.4,35.34328,-81.88225,122
2.4,35.34275,-81.88171,123
2.4,35.3423,-81.88125,124
2.4,35.34216,-81.88111,125
2.4,35.34197,-81.88092,126
2.4,35.34187,-81.88081,127
2.4,35.34166,-81.8806,128
2.4,35.34158,-81.88052,129
2.4,35.34134,-81.88025,130
2.4,35.34128,-81.88015,131
2.4,35.34111,-81.87994,132
2.4,35.34099,-81.87977,133
2.4,35.34087,-81.87959,134
2.4,35.34074,-81.8794,135
2.4,35.34052,-81.87899,136
2.4,35.34041,-81.87875,137
2.4,35.34024,-81.87835,138
2.4,35.3401,-81.87795,139
2.4,35.34001,-81.87769,140
2.4,35.3399,-81.87727,141
2.4,35.33977,-81.87673,142
2.4,35.33965,-81.87614,143
2.4,35.33956,-81.87583,144
2.4,35.3395,-81.87565,145
2.4,35.33936,-81.87528,146
2.4,35.33921,-81.87494,147
2.4,35.3391,-81.87469,148
2.4,35.33904,-81.87455,149
2.4,35.33897,-81.8744,150
2.4,35.33882,-81.87407,151
2.4,35.33866,-81.87373,152
2.4,35.3386,-81.87358,153
2.4,35.33856,-81.87347,154
2.4,35.3385,-81.87336,155
2.4,35.33839,-81.87314,156
2.4,35.33824,-81.87288,157
2.4,35.33808,-81.87268,158
2.4,35.33798,-81.87253,159
2.4,35.33787,-81.8724,160
2.4,35.33772,-81.87221,161
2.4,35.33735,-81.87175,162
2.4,35.33711,-81.87144,163
2.4,35.33698,-81.87127,164
2.4,35.33685,-81.8711,165
2.4,35.33651,-81.87067,166
2.4,35.3359,-81.86989,167
2.4,35.33589,-81.86987,168
2.4,35.33586,-81.86983,169
2.4,35.33576,-81.86969,170
2.4,35.33566,-81.86956,171
2.4,35.33562,-81.86951,172
2.4,35.3354,-81.86923,173
2.4,35.33528,-81.86907,174
2.4,35.33525,-81.86903,175
2.4,35.33518,-81.86894,176
2.4,35.33501,-81.86871,177
2.4,35.33485,-81.86849,178
2.4,35.33462,-81.86818,179
2.4,35.33447,-81.86782,180
2.4,35.3344,-81.86764,181
2.4,35.33433,-81.8674,182
2.4,35.33428,-81.86729,183
2.4,35.33422,-81.8672,184
2.4,35.33421,-81.86718,185
2.4,35.33408,-81.86681,186
2.4,35.33392,-81.86611,187
2.4,35.33368,-81.86511,188
2.4,35.3336,-81.86478,189
2.4,35.33355,-81.86451,190
2.4,35.33346,-81.86401,191
2.4,35.33345,-81.864,192
2.4,35.33333,-81.86343,193
2.4,35.33326,-81.86313,194
2.4,35.33321,-81.8629,195
2.4,35.33319,-81.86276,196
2.4,35.33312,-81.86242,197
2.4,35.33319,-81.8624,198
2.4,35.33312,-81.86242,199
2.4,35.33301,-81.86191,200
2.4,35.33266,-81.86203,201
2.4,35.33232,-81.86216,202
2.4,35.33203,-81.86227,203
2.4,35.33169,-81.86239,204
2.4,35.33152,-81.86245,205
2.4,35.33072,-81.86274,206
2.4,35.33033,-81.86287,207
2.4,35.33016,-81.86293,208
2.4,35.32993,-81.86301,209
2.4,35.32981,-81.86303,210
2.4,35.32965,-81.86301,211
2.4,35.32952,-81.86296,212
2.4,35.32947,-81.86294,213
2.4,35.3293,-81.86287,214
2.4,35.32914,-81.86279,215
2.4,35.32898,-81.86272,216
2.4,35.3288,-81.86264,217
2.4,35.32847,-81.8625,218
2.4,35.32814,-81.86233,219
2.4,35.3279,-81.86222,220
2.4,35.32755,-81.86207,221
2.4,35.32742,-81.86201,222
2.4,35.3273,-81.86196,223
2.4,35.32662,-81.86166,224
2.4,35.32612,-81.86145,225
2.4,35.32484,-81.86088,226
2.4,35.32451,-81.86074,227
2.4,35.32434,-81.86066,228
2.4,35.32417,-81.86059,229
2.4,35.32316,-81.86014,230
2.4,35.3229,-81.86003,231
2.4,35.32259,-81.85989,232
2.4,35.32239,-81.85981,233
2.4,35.32225,-81.85974,234
2.4,35.32224,-81.85974,235
2.4,35.32217,-81.85971,236
2.4,35.32213,-81.85969,237
2.4,35.32191,-81.8596,238
2.4,35.32157,-81.85945,239
2.4,35.32091,-81.85916,240
2.4,35.32056,-81.859,241
2.4,35.32039,-81.85893,242
2.4,35.32022,-81.85885,243
2.4,35.31988,-81.8587,244
2.4,35.31937,-81.85848,245
2.4,35.31897,-81.8583,246
2.4,35.31875,-81.8582,247
2.4,35.31857,-81.85812,248
2.4,35.31846,-81.85807,249
2.4,35.31832,-81.85801,250
2.4,35.3181,-81.85791,251
2.4,35.31766,-81.85772,252
2.4,35.31744,-81.85762,253
2.4,35.31742,-81.8577,254
2.4,35.31735,-81.85794,255
2.4,35.31731,-81.85807,256
2.4,35.3172,-81.8585,257
2.4,35.3172,-81.85867,258
2.4,35.31719,-81.85887,259
2.4,35.31719,-81.85907,260
2.4,35.31718,-81.85951,261
2.4,35.31717,-81.86045,262
2.4,35.31717,-81.86155,263
2.4,35.31716,-81.86177,264
2.4,35.31716,-81.86221,265
2.4,35.31716,-81.86287,266
2.4,35.31723,-81.86308,267
2.4,35.31728,-81.86329,268
2.4,35.31728,-81.8633,269
2.4,35.31738,-81.86351,270
2.4,35.31749,-81.86363,271
2.4,35.31751,-81.86365,272
2.4,35.31775,-81.86383,273
2.4,35.31786,-81.86394,274
2.4,35.31802,-81.86399,275
2.4,35.31807,-81.864,276
2.4,35.31814,-81.86403,277
2.4,35.3182,-81.86402,278
2.4,35.31824,-81.86402,279
2.4,35.31837,-81.86401,280
2.4,35.31842,-81.86401,281
2.4,35.31855,-81.86399,282
2.4,35.3186,-81.86399,283
2.4,35.31863,-81.86399,284
2.4,35.31873,-81.86396,285
2.4,35.31895,-81.8639,286
2.4,35.31918,-81.86371,287
2.4,35.31921,-81.86369,288
2.4,35.31935,-81.86358,289
2.4,35.31936,-81.86357,290
2.4,35.31947,-81.86346,291
2.4,35.31951,-81.86343,292
2.4,35.31962,-81.86333,293
2.4,35.31979,-81.86316,294
2.4,35.31985,-81.8631,295
2.4,35.31987,-81.86308,296
2.4,35.31992,-81.86301,297
2.4,35.32001,-81.86289,298
2.4,35.32005,-81.86281,299
2.4,35.32018,-81.86243,300
2.4,35.32089,-81.86278,301
2.4,35.32128,-81.86297,302
2.4,35.32145,-81.86305,303
2.4,35.32162,-81.86313,304
2.4,35.32172,-81.86317,305
2.4,35.32187,-81.86329,306
2.4,35.32221,-81.86345,307
2.4,35.32236,-81.86352,308
2.4,35.32265,-81.86369,309
2.4,35.32281,-81.86379,310
2.4,35.32315,-81.86396,311
2.4,35.32324,-81.86401,312
2.4,35.32341,-81.8641,313
2.4,35.32356,-81.86417,314
2.4,35.3239,-81.86435,315
2.4,35.32415,-81.8645,316
2.4,35.32431,-81.8646,317
2.4,35.32435,-81.86462,318
2.4,35.32464,-81.86478,319
2.4,35.3248,-81.86488,320
2.4,35.32496,-81.86497,321
2.4,35.32533,-81.86512,322
2.4,35.32561,-81.86526,323
2.4,35.32577,-81.86534,324
2.4,35.32584,-81.86536,325
2.4,35.32595,-81.8654,326
2.4,35.32616,-81.86546,327
2.4,35.32629,-81.8655,328
2.4,35.32665,-81.86559,329
2.4,35.32682,-81.86564,330
2.4,35.327,-81.86568,331
2.4,35.32735,-81.86577,332
2.4,35.328,-81.86592,333
2.4,35.32818,-81.86596,334
2.4,35.32836,-81.866,335
2.4,35.32837,-81.86612,336
2.4,35.32839,-81.8662,337
2.4,35.32841,-81.8663,338
2.4,35.32845,-81.86638,339
2.4,35.32846,-81.8664,340
2.4,35.32849,-81.86646,341
2.4,35.3285,-81.86647,342
2.4,35.3285,-81.86648,343
2.4,35.32851,-81.86651,344
2.4,35.32855,-81.86657,345
2.4,35.3286,-81.86666,346
2.4,35.3286,-81.86667,347
2.4,35.32865,-81.86677,348
2.4,35.32868,-81.86685,349
2.4,35.32869,-81.8669,350
2.4,35.32872,-81.86711,351
2.4,35.3288,-81.86754,352
2.4,35.32882,-81.86763,353
2.4,35.32884,-81.8677,354
2.4,35.32886,-81.86775,355
2.4,35.32892,-81.86789,356
2.4,35.32894,-81.86794,357
2.4,35.32894,-81.86795,358
2.4,35.32896,-81.86799,359
2.4,35.3291,-81.86824,360
2.4,35.32915,-81.86845,361
2.4,35.32925,-81.86887,362
2.4,35.32926,-81.86892,363
2.4,35.32931,-81.86913,364
2.4,35.32937,-81.86935,365
2.4,35.32938,-81.8694,366
2.4,35.32942,-81.86955,367
2.4,35.32948,-81.86976,368
2.4,35.32949,-81.86982,369
2.4,35.32953,-81.86997,370
2.4,35.32956,-81.87007,371
2.4,35.32977,-81.86999,372
2.4,35.33025,-81.8698,373
2.4,35.33076,-81.8696,374
2.4,35.33079,-81.86959,375
2.4,35.33096,-81.86952,376
2.4,35.33112,-81.86947,377
2.4,35.33141,-81.86938,378
2.4,35.33148,-81.86935,379
2.4,35.33201,-81.86918,380
2.4,35.33214,-81.8695,381
2.4,35.3322,-81.86968,382
2.4,35.33221,-81.86968,383
2.4,35.33224,-81.86978,384
2.4,35.33227,-81.86985,385
2.4,35.33231,-81.86998,386
2.4,35.33233,-81.87004,387
2.4,35.33239,-81.87023,388
2.4,35.33244,-81.87041,389
2.4,35.33249,-81.87061,390
2.4,35.33255,-81.87083,391
2.4,35.3326,-81.87105,392
2.4,35.33264,-81.87125,393
2.4,35.33265,-81.87128,394
2.4,35.33267,-81.87139,395
2.4,35.33269,-81.87152,396
2.4,35.33273,-81.87174,397
2.4,35.33275,-81.87187,398
2.4,35.33276,-81.87197,399
2.4,35.33281,-81.87246,400
2.4,35.33284,-81.87275,401
2.4,35.33285,-81.87306,402
2.4,35.33286,-81.87337,403
2.4,35.33286,-81.87367,404
2.4,35.33284,-81.87428,405
2.4,35.33282,-81.87497,406
2.4,35.33282,-81.87517,407
2.4,35.33282,-81.87534,408
2.4,35.33282,-81.87545,409
2.4,35.33282,-81.87563,410
2.4,35.33283,-81.87579,411
2.4,35.33284,-81.87595,412
2.4,35.33286,-81.87626,413
2.4,35.33289,-81.87658,414
2.4,35.3329,-81.87673,415
2.4,35.3329,-81.87674,416
2.4,35.3329,-81.87675,417
2.4,35.33291,-81.87687,418
2.4,35.33294,-81.87722,419
2.4,35.33296,-81.8775,420
2.4,35.33302,-81.8781,421
2.4,35.33305,-81.87851,422
2.4,35.33312,-81.87923,423
2.4,35.33312,-81.87928,424
2.4,35.33313,-81.87935,425
2.4,35.33317,-81.87941,426
2.4,35.33322,-81.87992,427
2.4,35.33325,-81.88028,428
2.4,35.33328,-81.88057,429
2.4,35.33333,-81.88111,430
2.4,35.33337,-81.88155,431
2.4,35.33341,-81.88206,432
2.4,35.3334,-81.88253,433
2.4,35.33341,-81.88262,434
2.4,35.33344,-81.883,435
2.4,35.33344,-81.88301,436
2.4,35.33345,-81.88309,437
2.4,35.33346,-81.88331,438
2.4,35.33348,-81.88356,439
2.4,35.33352,-81.88409,440
2.4,35.33355,-81.88449,441
2.4,35.33358,-81.88485,442
2.4,35.3336,-81.88511,443
2.4,35.33362,-81.88528,444
2.4,35.33365,-81.88573,445
2.4,35.33366,-81.88587,446
2.4,35.33367,-81.88589,447
2.4,35.3337,-81.88622,448
2.4,35.33373,-81.8866,449
2.4,35.33373,-81.88663,450
2.4,35.33375,-81.8868,451
2.4,35.3335,-81.88683,452
2.4,35.3332,-81.88686,453
2.4,35.33287,-81.8869,454
2.4,35.33269,-81.88692,455
2.4,35.33249,-81.88694,456
2.4,35.33234,-81.88696,457
2.4,35.33249,-81.88694,458
2.4,35.33269,-81.88692,459
2.4,35.33287,-81.8869,460
2.4,35.3332,-81.88686,461
2.4,35.3335,-81.88683,462
2.4,35.33375,-81.8868,463
2.4,35.33373,-81.88663,464
2.4,35.33373,-81.8866,465
2.4,35.3337,-81.88622,466
2.4,35.33367,-81.88589,467
2.4,35.33366,-81.88587,468
2.4,35.33365,-81.88573,469
2.4,35.33362,-81.88528,470
2.4,35.3336,-81.88511,471
2.4,35.33358,-81.88485,472
2.4,35.33355,-81.88449,473
2.4,35.33352,-81.88409,474
2.4,35.33348,-81.88356,475
2.4,35.33346,-81.88331,476
2.4,35.33345,-81.88309,477
2.4,35.33344,-81.88301,478
2.4,35.33344,-81.883,479
2.4,35.33341,-81.88262,480
2.4,35.3334,-81.88253,481
2.4,35.33328,-81.88208,482
2.4,35.33324,-81.88165,483
2.4,35.33319,-81.88107,484
2.4,35.33303,-81.88101,485
2.4,35.33299,-81.88099,486
2.4,35.33291,-81.88096,487
2.4,35.33274,-81.88089,488
2.4,35.33266,-81.88086,489
2.4,35.33249,-81.8808,490
2.4,35.33248,-81.88079,491
2.4,35.33214,-81.88067,492
2.4,35.33185,-81.88057,493
2.4,35.3318,-81.88055,494
2.4,35.33162,-81.88049,495
2.4,35.33133,-81.88039,496
2.4,35.33128,-81.88037,497
2.4,35.3311,-81.88031,498
2.4,35.33098,-81.88027,499
2.4,35.33071,-81.88015,500
2.4,35.33063,-81.8801,501
2.4,35.33056,-81.88006,502
2.4,35.33047,-81.88,503
2.4,35.33038,-81.87994,504
2.4,35.33006,-81.87958,505
2.4,35.32986,-81.8794,506
2.4,35.32963,-81.87918,507
2.4,35.32942,-81.87898,508
2.4,35.32927,-81.87886,509
2.4,35.32912,-81.87874,510
2.4,35.32867,-81.87837,511
2.4,35.32852,-81.87825,512
2.4,35.32817,-81.87797,513
2.4,35.32795,-81.87781,514
2.4,35.3278,-81.8777,515
2.4,35.32764,-81.87759,516
2.4,35.32733,-81.87737,517
2.4,35.32718,-81.87726,518
2.4,35.32687,-81.87704,519
2.4,35.32656,-81.87681,520
2.4,35.3263,-81.87664,521
2.4,35.32599,-81.87642,522
2.4,35.32537,-81.87598,523
2.4,35.32521,-81.87587,524
2.4,35.32488,-81.87563,525
2.4,35.32434,-81.87526,526
2.4,35.32382,-81.8749,527
2.4,35.32378,-81.87498,528
2.4,35.32357,-81.87534,529
2.4,35.32357,-81.87535,530
2.4,35.32327,-81.87588,531
2.4,35.32312,-81.87617,532
2.4,35.32291,-81.87655,533
2.4,35.32283,-81.87669,534
2.4,35.3226,-81.87709,535
2.4,35.32255,-81.87717,536
2.4,35.32251,-81.87723,537
2.4,35.3222,-81.87766,538
2.4,35.32215,-81.87772,539
2.4,35.32185,-81.87814,540
2.4,35.32155,-81.87855,541
2.4,35.32152,-81.8786,542
2.4,35.3214,-81.87876,543
2.4,35.32123,-81.87899,544
2.4,35.32115,-81.87911,545
2.4,35.32098,-81.87935,546
2.4,35.32076,-81.87964,547
2.4,35.32064,-81.8798,548
2.4,35.32049,-81.87998,549
2.4,35.3203,-81.8801,550
2.4,35.32014,-81.8802,551
2.4,35.32009,-81.88023,552
2.4,35.31987,-81.88035,553
2.4,35.31979,-81.88039,554
2.4,35.31963,-81.88048,555
2.4,35.31929,-81.88066,556
2.4,35.31901,-81.88082,557
2.4,35.31869,-81.88098,558
2.4,35.3186,-81.88103,559
2.4,35.31852,-81.88107,560
2.4,35.31819,-81.88124,561
2.4,35.31857,-81.88156,562
2.4,35.31889,-81.88182,563
2.4,35.31919,-81.88207,564
2.4,35.31935,-81.8822,565
2.4,35.31965,-81.88243,566
2.4,35.31993,-81.88264,567
2.4,35.32026,-81.88288,568
2.4,35.32044,-81.88301,569
2.4,35.32072,-81.8832,570
2.4,35.32102,-81.88339,571
2.4,35.32123,-81.88351,572
2.4,35.32154,-81.88368,573
2.4,35.32164,-81.88374,574
2.4,35.32176,-81.8838,575
2.4,35.3218,-81.88382,576
2.4,35.32184,-81.88384,577
2.4,35.32205,-81.88395,578
2.4,35.32216,-81.884,579
2.4,35.32235,-81.88409,580
2.4,35.32243,-81.88412,581
2.4,35.32247,-81.88414,582
2.4,35.32267,-81.88423,583
2.4,35.32278,-81.88428,584
2.4,35.32298,-81.88436,585
2.4,35.32311,-81.88441,586
2.4,35.32349,-81.88457,587
2.4,35.32351,-81.88458,588
2.4,35.32423,-81.88487,589
2.4,35.32444,-81.88496,590
2.4,35.32474,-81.88508,591
2.4,35.32571,-81.88547,592
2.4,35.32579,-81.8855,593
2.4,35.32611,-81.88563,594
2.4,35.32632,-81.88572,595
2.4,35.32648,-81.88579,596
2.4,35.32673,-81.88589,597
2.4,35.32736,-81.88615,598
2.4,35.32813,-81.88646,599
2.4,35.32889,-81.88677,600
2.4,35.32921,-81.88691,601
2.4,35.32953,-81.88707,602
2.4,35.32956,-81.88709,603
2.4,35.32979,-81.8872,604
2.4,35.3299,-81.88726,605
2.4,35.33006,-81.88734,606
2.4,35.33009,-81.88736,607
2.4,35.33039,-81.88753,608
2.4,35.33053,-81.88761,609
2.4,35.33066,-81.88768,610
2.4,35.33114,-81.88798,611
2.4,35.33152,-81.88824,612
2.4,35.33166,-81.88834,613
2.4,35.33197,-81.88856,614
2.4,35.33227,-81.8888,615
2.4,35.33264,-81.88908,616
2.4,35.33273,-81.88916,617
2.4,35.33291,-81.88932,618
2.4,35.33324,-81.88962,619
2.4,35.33347,-81.88984,620
2.4,35.33366,-81.89003,621
2.4,35.33388,-81.89024,622
2.4,35.33393,-81.89029,623
2.4,35.33395,-81.89031,624
2.4,35.33408,-81.89046,625
2.4,35.33403,-81.89064,626
2.4,35.33398,-81.89097,627
2.4,35.33395,-81.89134,628
2.4,35.33393,-81.89163,629
2.4,35.33392,-81.89165,630
2.4,35.33387,-81.89176,631
2.4,35.33385,-81.89204,632
2.4,35.33383,-81.89231,633
2.4,35.33381,-81.89257,634
2.4,35.33379,-81.89277,635
2.4,35.33376,-81.89322,636
2.4,35.33374,-81.89344,637
2.4,35.33373,-81.89352,638
2.4,35.33371,-81.89383,639
2.4,35.33369,-81.89393,640
2.4,35.33368,-81.89403,641
2.4,35.33366,-81.89412,642
2.4,35.33359,-81.89445,643
2.4,35.33358,-81.89448,644
2.4,35.3335,-81.89474,645
2.4,35.33347,-81.89482,646
2.4,35.33345,-81.89487,647
2.4,35.33334,-81.89517,648
2.4,35.33329,-81.89533,649
2.4,35.33313,-81.89579,650
2.4,35.33308,-81.89594,651
2.4,35.33302,-81.89609,652
2.4,35.33336,-81.89624,653
2.4,35.33338,-81.89625,654
2.4,35.33353,-81.89629,655
2.4,35.33372,-81.89634,656
2.4,35.33384,-81.89636,657
2.4,35.33384,-81.89637,658
2.4,35.33383,-81.8965,659
2.4,35.33383,-81.89656,660
2.4,35.33382,-81.89662,661
2.4,35.33378,-81.89677,662
2.4,35.33375,-81.89689,663
2.4,35.33371,-81.89698,664
2.4,35.33385,-81.89706,665
2.4,35.33399,-81.89714,666
2.4,35.33413,-81.89723,667
2.4,35.33426,-81.8973,668
2.4,35.33442,-81.8974,669
2.4,35.33456,-81.89748,670
2.4,35.33424,-81.89828,671
2.4,35.33431,-81.89832,672
2.4,35.3344,-81.89836,673
2.4,35.33446,-81.89839,674
2.4,35.33455,-81.89842,675
2.4,35.33465,-81.89845,676
2.4,35.33468,-81.89847,677
2.4,35.33482,-81.89856,678
2.4,35.33487,-81.89858,679
2.4,35.33499,-81.89866,680
2.4,35.33514,-81.89874,681
2.4,35.33529,-81.89884,682
2.4,35.33541,-81.89891,683
2.4,35.33547,-81.89894,684
2.4,35.33541,-81.89891,685
2.4,35.33529,-81.89884,686
2.4,35.33545,-81.89844,687
2.4,35.33569,-81.89784,688
2.4,35.33576,-81.89765,689
2.4,35.33587,-81.89737,690
2.4,35.33574,-81.89728,691
2.4,35.33559,-81.8972,692
2.4,35.33559,-81.89719,693
2.4,35.33564,-81.89693,694
2.4,35.33561,-81.89677,695
2.4,35.33558,-81.89665,696
2.4,35.33557,-81.89661,697
2.4,35.33543,-81.89661,698
2.4,35.3353,-81.89662,699
2.4,35.33511,-81.8966,700
2.4,35.33508,-81.89659,701
2.4,35.33485,-81.89655,702
2.4,35.33463,-81.89651,703
2.4,35.3345,-81.89649,704
2.4,35.33432,-81.89645,705
2.4,35.33384,-81.89636,706
2.4,35.33372,-81.89634,707
2.4,35.33353,-81.89629,708
2.4,35.33338,-81.89625,709
2.4,35.33336,-81.89624,710
2.4,35.33302,-81.89609,711
2.4,35.33292,-81.89643,712
2.4,35.3329,-81.8965,713
2.4,35.33242,-81.89752,714
2.4,35.33227,-81.89792,715
2.4,35.33208,-81.89825,716
2.4,35.33175,-81.89892,717
2.4,35.3317,-81.89902,718
2.4,35.33167,-81.89911,719
2.4,35.33154,-81.8995,720
2.4,35.33142,-81.89994,721
2.4,35.3313,-81.90036,722
2.4,35.33124,-81.90056,723
2.4,35.33121,-81.9007,724
2.4,35.33119,-81.90076,725
2.4,35.33118,-81.90081,726
2.4,35.33116,-81.90085,727
2.4,35.33115,-81.90089,728
2.4,35.33111,-81.90099,729
2.4,35.33105,-81.90112,730
2.4,35.33116,-81.90129,731
2.4,35.33132,-81.90154,732
2.4,35.33139,-81.90163,733
2.4,35.33169,-81.90209,734
2.4,35.33178,-81.90228,735
2.4,35.33198,-81.90268,736
2.4,35.33212,-81.90301,737
2.4,35.33219,-81.9033,738
2.4,35.33234,-81.90403,739
2.4,35.33236,-81.90413,740
2.4,35.33238,-81.9043,741
2.4,35.33256,-81.90526,742
2.4,35.33257,-81.90528,743
2.4,35.33265,-81.90571,744
2.4,35.33272,-81.90613,745
2.4,35.33287,-81.907,746
2.4,35.33293,-81.90735,747
2.4,35.33305,-81.90807,748
2.4,35.33308,-81.90827,749
2.4,35.3331,-81.90837,750
2.4,35.33318,-81.90885,751
2.4,35.33319,-81.90893,752
2.4,35.33321,-81.90907,753
2.4,35.33328,-81.9095,754
2.4,35.33332,-81.90974,755
2.4,35.33343,-81.91038,756
2.4,35.33354,-81.91103,757
2.4,35.33371,-81.91182,758
2.4,35.33384,-81.91178,759
2.4,35.33388,-81.91176,760
2.4,35.3339,-81.91176,761
2.4,35.33398,-81.91172,762
2.4,35.33422,-81.91162,763
2.4,35.33428,-81.91159,764
2.4,35.33432,-81.91157,765
2.4,35.33439,-81.91154,766
2.4,35.33445,-81.91152,767
2.4,35.33448,-81.9115,768
2.4,35.33462,-81.91144,769
2.4,35.33465,-81.91143,770
2.4,35.33478,-81.91137,771
2.4,35.33529,-81.91115,772
2.4,35.33545,-81.91108,773
2.4,35.33562,-81.911,774
2.4,35.33584,-81.91091,775
2.4,35.33604,-81.91082,776
2.4,35.33619,-81.91076,777
2.4,35.33621,-81.91074,778
2.4,35.33645,-81.91147,779
2.4,35.33621,-81.91074,780
2.4,35.33638,-81.91067,781
2.4,35.33657,-81.91059,782
2.4,35.33694,-81.91067,783
2.4,35.33696,-81.91068,784
2.4,35.33706,-81.91075,785
2.4,35.33715,-81.91082,786
2.4,35.33722,-81.91087,787
2.4,35.3373,-81.91093,788
2.4,35.33753,-81.91109,789
2.4,35.33777,-81.91126,790
2.4,35.33783,-81.9113,791
2.4,35.33784,-81.91131,792
2.4,35.33803,-81.91148,793
2.4,35.33807,-81.91152,794
2.4,35.33812,-81.91158,795
2.4,35.33818,-81.91165,796
2.4,35.33829,-81.91184,797
2.4,35.33832,-81.91194,798
2.4,35.33835,-81.91206,799
2.4,35.33836,-81.91208,800
2.4,35.33831,-81.9127,801
2.4,35.3383,-81.91281,802
2.4,35.33826,-81.91315,803
2.4,35.33824,-81.9134,804
2.4,35.3382,-81.91382,805
2.4,35.33837,-81.91385,806
2.4,35.3384,-81.91386,807
2.4,35.33855,-81.91389,808
2.4,35.33857,-81.91389,809
2.4,35.33878,-81.91393,810
2.4,35.33901,-81.91396,811
2.4,35.33927,-81.91399,812
2.4,35.33928,-81.914,813
2.4,35.33929,-81.914,814
2.4,35.33944,-81.91402,815
2.4,35.33951,-81.91403,816
2.4,35.3397,-81.914,817
2.4,35.33978,-81.91395,818
2.4,35.34001,-81.91363,819
2.4,35.34002,-81.91362,820
2.4,35.34011,-81.91343,821
2.4,35.34018,-81.91329,822
2.4,35.34021,-81.91324,823
2.4,35.34025,-81.91315,824
2.4,35.3403,-81.91305,825
2.4,35.34035,-81.91295,826
2.4,35.34048,-81.91275,827
2.4,35.34058,-81.91267,828
2.4,35.34061,-81.91267,829
2.4,35.34065,-81.91266,830
2.4,35.34072,-81.91264,831
2.4,35.34082,-81.91263,832
2.4,35.34092,-81.91261,833
2.4,35.3411,-81.91257,834
2.4,35.34143,-81.9125,835
2.4,35.34151,-81.91298,836
2.4,35.34162,-81.91362,837
2.4,35.3417,-81.91405,838
2.4,35.34174,-81.91422,839
2.4,35.34175,-81.91425,840
2.4,35.34178,-81.91433,841
2.4,35.34182,-81.91436,842
2.4,35.34185,-81.91436,843
2.4,35.34188,-81.91437,844
2.4,35.34239,-81.91426,845
2.4,35.3427,-81.91419,846
2.4,35.34276,-81.91417,847
2.4,35.34281,-81.91416,848
2.4,35.34285,-81.91414,849
2.4,35.34289,-81.91411,850
2.4,35.34344,-81.91381,851
2.4,35.34355,-81.91375,852
2.4,35.34381,-81.91359,853
2.4,35.34398,-81.91343,854
2.4,35.34401,-81.9134,855
2.4,35.34407,-81.91334,856
2.4,35.34412,-81.91326,857
2.4,35.34413,-81.91323,858
2.4,35.34419,-81.91303,859
2.4,35.34423,-81.9129,860
2.4,35.3443,-81.91261,861
2.4,35.34432,-81.91252,862
2.4,35.34434,-81.91239,863
2.4,35.34436,-81.91218,864
2.4,35.34439,-81.91196,865
2.4,35.34439,-81.91195,866
2.4,35.34444,-81.91175,867
2.4,35.3445,-81.91152,868
2.4,35.34468,-81.91121,869
2.4,35.34471,-81.91119,870
2.4,35.34487,-81.91109,871
2.4,35.34495,-81.91104,872
2.4,35.34504,-81.91101,873
2.4,35.34521,-81.91096,874
2.4,35.34547,-81.91093,875
2.4,35.34624,-81.91084,876
2.4,35.34668,-81.91079,877
2.4,35.34664,-81.91057,878
2.4,35.34661,-81.91037,879
2.4,35.34661,-81.91036,880
2.4,35.34656,-81.91007,881
2.4,35.34654,-81.90998,882
2.4,35.34649,-81.90971,883
2.4,35.34646,-81.90955,884
2.4,35.34643,-81.90937,885
2.4,35.34642,-81.90934,886
2.4,35.34642,-81.90933,887
2.4,35.34639,-81.90915,888
2.4,35.34639,-81.90912,889
2.4,35.34637,-81.90894,890
2.4,35.34636,-81.9089,891
2.4,35.34632,-81.90824,892
2.4,35.34632,-81.90817,893
2.4,35.34631,-81.90802,894
2.4,35.34631,-81.90781,895
2.4,35.34631,-81.90777,896
2.4,35.34631,-81.90772,897
2.4,35.34631,-81.90767,898
2.4,35.34631,-81.90763,899
2.4,35.34632,-81.90762,900
2.4,35.34632,-81.90759,901
2.4,35.34633,-81.90756,902
2.4,35.34633,-81.90755,903
2.4,35.34634,-81.90753,904
2.4,35.34635,-81.9075,905
2.4,35.34637,-81.90746,906
2.4,35.34638,-81.90744,907
2.4,35.3464,-81.90742,908
2.4,35.34641,-81.90741,909
2.4,35.34643,-81.9074,910
2.4,35.34644,-81.90739,911
2.4,35.34645,-81.90738,912
2.4,35.34651,-81.90735,913
2.4,35.34656,-81.90733,914
2.4,35.34664,-81.9073,915
2.4,35.34666,-81.90729,916
2.4,35.34683,-81.90723,917
