shape_id,shape_pt_lat,shape_pt_lon,shape_pt_sequence
West,35.73033,-81.341429,0
West,35.729932,-81.341408,1
West,35.729893,-81.339576,2
West,35.730694,-81.339559,3
West,35.73076,-81.34197,4
West,35.73078,-81.34328,5
West,35.730796,-81.344202,6
West,35.730796,-81.344593,7
West,35.73178,-81.34457,8
West,35.73194,-81.34456,9
West,35.73215,-81.34456,10
West,35.732165,-81.34547,11
West,35.73216,-81.34602,12
West,35.73216,-81.34619,13
West,35.732166,-81.347896,14
West,35.7322,-81.35049,15
West,35.732111,-81.351995,16
West,35.73201,-81.3534,17
West,35.732,-81.3535,18
West,35.73196,-81.35397,19
West,35.7319,-81.3548,20
West,35.731729,-81.356878,21
West,35.73185,-81.356878,22
West,35.73245,-81.35687,23
West,35.73262,-81.35687,24
West,35.73261,-81.35704,25
West,35.7326,-81.3572,26
West,35.73258,-81.35747,27
West,35.73247,-81.358882,28
West,35.73235,-81.36074,29
West,35.73228,-81.36162,30
West,35.73223,-81.36206,31
West,35.73225,-81.36205,32
West,35.73252,-81.36206,33
West,35.733049,-81.362054,34
West,35.73376,-81.36205,35
West,35.73423,-81.36204,36
West,35.73445,-81.36204,37
West,35.73468,-81.36204,38
West,35.73476,-81.36203,39
West,35.73487,-81.36318,40
West,35.735038,-81.364757,41
West,35.73512,-81.36551,42
West,35.73512,-81.36567,43
West,35.7352,-81.36631,44
West,35.735232,-81.366609,45
West,35.73531,-81.36735,46
West,35.73534,-81.36774,47
West,35.73546,-81.36878,48
West,35.73549,-81.36912,49
West,35.73559,-81.37011,50
West,35.73567,-81.3709,51
West,35.734855,-81.370953,52
West,35.734211,-81.371004,53
West,35.73322,-81.37107,54
West,35.73303,-81.3711,55
West,35.73284,-81.37111,56
West,35.73268,-81.3711,57
West,35.7327,-81.37061,58
West,35.73271,-81.37031,59
West,35.73275,-81.36968,60
West,35.73275,-81.36946,61
West,35.73276,-81.36926,62
West,35.73283,-81.36788,63
West,35.73203,-81.36793,64
West,35.73176,-81.36795,65
West,35.73083,-81.36803,66
West,35.73077,-81.36803,67
West,35.73074,-81.36804,68
West,35.73059,-81.36806,69
West,35.73024,-81.36808,70
West,35.72946,-81.36816,71
West,35.72904,-81.36823,72
West,35.72875,-81.36826,73
West,35.72854,-81.368267,74
West,35.72844,-81.368281,75
West,35.7281,-81.36832,76
West,35.72757,-81.36835,77
West,35.72704,-81.36838,78
West,35.72598,-81.36845,79
West,35.72579,-81.36847,80
West,35.72488,-81.36861,81
West,35.72391,-81.36876,82
West,35.72391,-81.3686,83
West,35.72393,-81.36833,84
West,35.72396,-81.36809,85
West,35.724,-81.3678,86
West,35.72409,-81.3675,87
West,35.7243,-81.36686,88
West,35.72439,-81.36654,89
West,35.72461,-81.36589,90
West,35.72485,-81.36587,91
West,35.72472,-81.36442,92
West,35.72464,-81.36312,93
West,35.724614,-81.362868,94
West,35.72461,-81.36258,95
West,35.724503,-81.361188,96
West,35.72446,-81.36098,97
West,35.72443,-81.36064,98
West,35.7244,-81.36021,99
West,35.72433,-81.35873,100
West,35.7243,-81.35796,101
West,35.72427,-81.35745,102
West,35.72426,-81.35721,103
West,35.72424,-81.35693,104
West,35.72424,-81.35684,105
West,35.72424,-81.35682,106
West,35.72421,-81.35617,107
West,35.72418,-81.35552,108
West,35.72414,-81.35471,109
West,35.724116,-81.35439,110
West,35.7241,-81.35414,111
West,35.72403,-81.3529,112
West,35.724018,-81.352627,113
West,35.723999,-81.352217,114
West,35.72399,-81.35207,115
West,35.724,-81.35198,116
West,35.72405,-81.35183,117
West,35.72405,-81.35168,118
West,35.72403,-81.3513,119
West,35.72397,-81.35025,120
West,35.72394,-81.34987,121
West,35.72391,-81.34969,122
West,35.72385,-81.3494,123
West,35.72382,-81.34918,124
West,35.72378,-81.3486,125
West,35.72378,-81.34832,126
West,35.72376,-81.34805,127
West,35.72374,-81.34744,128
West,35.7237,-81.34678,129
West,35.7237,-81.34672,130
West,35.72368,-81.34643,131
West,35.72367,-81.34599,132
West,35.72366,-81.34574,133
West,35.72366,-81.34567,134
West,35.72365,-81.34555,135
West,35.72365,-81.34549,136
West,35.72366,-81.34532,137
West,35.72368,-81.34515,138
West,35.72371,-81.345,139
West,35.72371,-81.34405,140
West,35.72373,-81.34316,141
West,35.72375,-81.34279,142
West,35.72379,-81.34224,143
West,35.723796,-81.34201,144
West,35.723821,-81.341638,145
West,35.72383,-81.34146,146
West,35.72384,-81.34135,147
West,35.72385,-81.3405,148
West,35.72386,-81.33951,149
West,35.72386,-81.33928,150
West,35.72428,-81.33926,151
West,35.72482,-81.33921,152
West,35.725853,-81.339119,153
West,35.72597,-81.33912,154
West,35.7267,-81.33905,155
West,35.727041,-81.339019,156
West,35.72736,-81.339,157
West,35.72749,-81.33899,158
West,35.728105,-81.338947,159
West,35.72858,-81.338907,160
West,35.72891,-81.33888,161
West,35.72988,-81.3388,162
West,35.72987,-81.3382,163
West,35.72987,-81.33807,164
West,35.730149,-81.33807,165
West,35.73065,-81.33805,166
West,35.7311,-81.33803,167
West,35.73179,-81.338,168
West,35.732042,-81.33801,169
West,35.732334,-81.337984,170
West,35.733,-81.33795,171
West,35.73331,-81.33794,172
West,35.73334,-81.33883,173
West,35.73335,-81.33949,174
West,35.73336,-81.33964,175
West,35.73312,-81.33963,176
West,35.73273,-81.33964,177
West,35.73246,-81.33964,178
West,35.732238,-81.339642,179
West,35.732053,-81.339651,180
West,35.73199,-81.33964,181
West,35.73183,-81.33964,182
West,35.7314,-81.33953,183
West,35.73128,-81.33952,184
West,35.731249,-81.339518,185
West,35.73069,-81.339555,186
West,35.730732,-81.340755,187
West,35.730741,-81.341387,188
West,35.730534,-81.3414,189
Blue,35.730314,-81.341453,0
Blue,35.729938,-81.341472,1
Blue,35.7299,-81.33957,2
Blue,35.729894,-81.339028,3
Blue,35.72987,-81.3382,4
Blue,35.72987,-81.33807,5
Blue,35.730161,-81.338071,6
Blue,35.73065,-81.33805,7
Blue,35.7311,-81.33803,8
Blue,35.73179,-81.338,9
Blue,35.732023,-81.337977,10
Blue,35.732353,-81.337972,11
Blue,35.733,-81.33795,12
Blue,35.73331,-81.33794,13
Blue,35.73347,-81.33791,14
Blue,35.73374,-81.33788,15
Blue,35.734171,-81.337871,16
Blue,35.734322,-81.337851,17
Blue,35.73433,-81.33749,18
Blue,35.73431,-81.33678,19
Blue,35.7343,-81.33655,20
Blue,35.73429,-81.33603,21
Blue,35.73428,-81.33565,22
Blue,35.73429,-81.33554,23
Blue,35.73438,-81.3356,24
Blue,35.7344,-81.3356,25
Blue,35.73456,-81.3356,26
Blue,35.73484,-81.33559,27
Blue,35.736035,-81.335592,28
Blue,35.738079,-81.335642,29
Blue,35.73844,-81.33565,30
Blue,35.73861,-81.33565,31
Blue,35.73918,-81.33561,32
Blue,35.7394,-81.33559,33
Blue,35.73975,-81.33557,34
Blue,35.74041,-81.33552,35
Blue,35.74074,-81.3355,36
Blue,35.74127,-81.33545,37
Blue,35.74181,-81.33542,38
Blue,35.74193,-81.33541,39
Blue,35.74283,-81.33534,40
Blue,35.74297,-81.33532,41
Blue,35.74367,-81.33528,42
Blue,35.74475,-81.33521,43
Blue,35.74487,-81.3352,44
Blue,35.74522,-81.33517,45
Blue,35.74584,-81.33513,46
Blue,35.74675,-81.33505,47
Blue,35.74782,-81.33495,48
Blue,35.74814,-81.33492,49
Blue,35.74841,-81.3349,50
Blue,35.74887,-81.33488,51
Blue,35.74906,-81.33489,52
Blue,35.74925,-81.33491,53
Blue,35.74927,-81.33492,54
Blue,35.74941,-81.33496,55
Blue,35.74954,-81.33501,56
Blue,35.74961,-81.33505,57
Blue,35.74974,-81.33514,58
Blue,35.74993,-81.33531,59
Blue,35.75016,-81.3355,60
Blue,35.75044,-81.33575,61
Blue,35.75056,-81.33586,62
Blue,35.75074,-81.336,63
Blue,35.75087,-81.33609,64
Blue,35.75101,-81.33616,65
Blue,35.75108,-81.33619,66
Blue,35.75128,-81.33626,67
Blue,35.75141,-81.33629,68
Blue,35.75163,-81.33633,69
Blue,35.75209,-81.33643,70
Blue,35.75245,-81.33651,71
Blue,35.75273,-81.33658,72
Blue,35.75314,-81.33667,73
Blue,35.75349,-81.33673,74
Blue,35.75355,-81.33675,75
Blue,35.75367,-81.33676,76
Blue,35.7538,-81.33676,77
Blue,35.7539,-81.33676,78
Blue,35.75399,-81.33674,79
Blue,35.75411,-81.33671,80
Blue,35.75414,-81.33671,81
Blue,35.75441,-81.33661,82
Blue,35.75543,-81.33622,83
Blue,35.75649,-81.33581,84
Blue,35.75727,-81.33551,85
Blue,35.75755,-81.33541,86
Blue,35.75812,-81.3352,87
Blue,35.75854,-81.33504,88
Blue,35.75903,-81.33485,89
Blue,35.75937,-81.33468,90
Blue,35.75963,-81.33454,91
Blue,35.75984,-81.33441,92
Blue,35.76018,-81.33417,93
Blue,35.76042,-81.33398,94
Blue,35.76128,-81.33332,95
Blue,35.7615,-81.33316,96
Blue,35.76155,-81.33312,97
Blue,35.76165,-81.33306,98
Blue,35.7618,-81.33297,99
Blue,35.76188,-81.33293,100
Blue,35.76196,-81.33289,101
Blue,35.76214,-81.33283,102
Blue,35.76222,-81.33281,103
Blue,35.76233,-81.33278,104
Blue,35.76249,-81.33275,105
Blue,35.76263,-81.33274,106
Blue,35.76295,-81.33273,107
Blue,35.76318,-81.33273,108
Blue,35.764706,-81.332752,109
Blue,35.765,-81.33276,110
Blue,35.7651,-81.33276,111
Blue,35.76531,-81.33274,112
Blue,35.76549,-81.33271,113
Blue,35.76559,-81.33269,114
Blue,35.76567,-81.33268,115
Blue,35.7657,-81.33267,116
Blue,35.765611,-81.331758,117
Blue,35.765522,-81.330903,118
Blue,35.76551,-81.33075,119
Blue,35.76543,-81.33032,120
Blue,35.7652,-81.32912,121
Blue,35.76512,-81.32877,122
Blue,35.7651,-81.32864,123
Blue,35.76509,-81.3285,124
Blue,35.76508,-81.32841,125
Blue,35.76509,-81.32832,126
Blue,35.76512,-81.328,127
Blue,35.76513,-81.32784,128
Blue,35.76513,-81.32769,129
Blue,35.765049,-81.326303,130
Blue,35.76499,-81.32538,131
Blue,35.76498,-81.32529,132
Blue,35.76493,-81.32431,133
Blue,35.76483,-81.32177,134
Blue,35.76482,-81.32154,135
Blue,35.76482,-81.32148,136
Blue,35.76482,-81.32142,137
Blue,35.7648,-81.32137,138
Blue,35.76476,-81.32132,139
Blue,35.76474,-81.32131,140
Blue,35.76471,-81.3213,141
Blue,35.76399,-81.32122,142
Blue,35.76378,-81.3212,143
Blue,35.76304,-81.32114,144
Blue,35.76293,-81.32113,145
Blue,35.7628,-81.32113,146
Blue,35.76272,-81.32111,147
Blue,35.76258,-81.3211,148
Blue,35.76245,-81.32111,149
Blue,35.76238,-81.32112,150
Blue,35.76231,-81.32114,151
Blue,35.76183,-81.3213,152
Blue,35.76129,-81.32149,153
Blue,35.76105,-81.32158,154
Blue,35.76097,-81.32161,155
Blue,35.76073,-81.32169,156
Blue,35.76014,-81.32185,157
Blue,35.7595,-81.32204,158
Blue,35.75875,-81.32226,159
Blue,35.75862,-81.32229,160
Blue,35.75847,-81.32232,161
Blue,35.7583,-81.32234,162
Blue,35.75798,-81.32235,163
Blue,35.757461,-81.322352,164
Blue,35.75709,-81.32234,165
Blue,35.75667,-81.32236,166
Blue,35.75671,-81.32193,167
Blue,35.75676,-81.32104,168
Blue,35.756783,-81.320731,169
Blue,35.75681,-81.32032,170
Blue,35.75683,-81.32008,171
Blue,35.75688,-81.31985,172
Blue,35.7569,-81.31973,173
Blue,35.75706,-81.31915,174
Blue,35.75718,-81.31863,175
Blue,35.75724,-81.31837,176
Blue,35.75729,-81.31806,177
Blue,35.75729,-81.31802,178
Blue,35.7573,-81.31793,179
Blue,35.75734,-81.31754,180
Blue,35.75737,-81.31695,181
Blue,35.75743,-81.31606,182
Blue,35.75745,-81.31574,183
Blue,35.75748,-81.3154,184
Blue,35.75749,-81.31536,185
Blue,35.75751,-81.31519,186
Blue,35.75756,-81.31464,187
Blue,35.75759,-81.31408,188
Blue,35.75764,-81.31352,189
Blue,35.75766,-81.3133,190
Blue,35.75769,-81.31314,191
Blue,35.7577,-81.31307,192
Blue,35.75772,-81.31298,193
Blue,35.75776,-81.31286,194
Blue,35.75781,-81.31275,195
Blue,35.7583,-81.31175,196
Blue,35.7586,-81.31115,197
Blue,35.7587,-81.31097,198
Blue,35.75878,-81.31083,199
Blue,35.75899,-81.3105,200
Blue,35.75901,-81.31047,201
Blue,35.7595,-81.30974,202
Blue,35.75956,-81.30963,203
Blue,35.7596,-81.30951,204
Blue,35.75964,-81.30939,205
Blue,35.75968,-81.30921,206
Blue,35.75969,-81.30911,207
Blue,35.75969,-81.30894,208
Blue,35.75967,-81.30879,209
Blue,35.75947,-81.30786,210
Blue,35.75944,-81.30767,211
Blue,35.75939,-81.30748,212
Blue,35.75934,-81.30736,213
Blue,35.7593,-81.30726,214
Blue,35.75922,-81.30705,215
Blue,35.75916,-81.30692,216
Blue,35.75908,-81.3068,217
Blue,35.759,-81.3067,218
Blue,35.7584,-81.30595,219
Blue,35.75826,-81.30581,220
Blue,35.75815,-81.30572,221
Blue,35.75798,-81.30563,222
Blue,35.75786,-81.30558,223
Blue,35.75774,-81.30554,224
Blue,35.75762,-81.30551,225
Blue,35.75681,-81.30533,226
Blue,35.75635,-81.30521,227
Blue,35.75604,-81.30514,228
Blue,35.75592,-81.30512,229
Blue,35.755223,-81.304987,230
Blue,35.75444,-81.30483,231
Blue,35.75361,-81.30467,232
Blue,35.75335,-81.30462,233
Blue,35.75247,-81.30448,234
Blue,35.7521,-81.30442,235
Blue,35.7518,-81.30436,236
Blue,35.75158,-81.3043,237
Blue,35.75096,-81.30411,238
Blue,35.7505,-81.30396,239
Blue,35.75025,-81.30388,240
Blue,35.74938,-81.30354,241
Blue,35.74901,-81.3034,242
Blue,35.74863,-81.30326,243
Blue,35.74832,-81.30316,244
Blue,35.7479,-81.30304,245
Blue,35.74642,-81.30259,246
Blue,35.74597,-81.30246,247
Blue,35.74587,-81.30244,248
Blue,35.74577,-81.30244,249
Blue,35.74567,-81.30244,250
Blue,35.74552,-81.30246,251
Blue,35.74531,-81.30253,252
Blue,35.74516,-81.3026,253
Blue,35.74466,-81.30285,254
Blue,35.74423,-81.30306,255
Blue,35.7439,-81.30321,256
Blue,35.74367,-81.30329,257
Blue,35.7433,-81.3034,258
Blue,35.74277,-81.30353,259
Blue,35.74263,-81.30356,260
Blue,35.74259,-81.30356,261
Blue,35.74248,-81.30353,262
Blue,35.7424,-81.3035,263
Blue,35.74246,-81.30337,264
Blue,35.74254,-81.30319,265
Blue,35.7426,-81.303,266
Blue,35.74264,-81.30287,267
Blue,35.74266,-81.30275,268
Blue,35.74267,-81.30272,269
Blue,35.7427,-81.30252,270
Blue,35.74276,-81.30209,271
Blue,35.74307,-81.29949,272
Blue,35.74311,-81.29913,273
Blue,35.74281,-81.29909,274
Blue,35.74246,-81.29901,275
Blue,35.74231,-81.29895,276
Blue,35.74215,-81.29884,277
Blue,35.74201,-81.29875,278
Blue,35.74194,-81.29871,279
Blue,35.74186,-81.29868,280
Blue,35.74169,-81.29863,281
Blue,35.741354,-81.298553,282
Blue,35.740744,-81.298438,283
Blue,35.73937,-81.29818,284
Blue,35.7392,-81.29817,285
Blue,35.73909,-81.29817,286
Blue,35.73892,-81.29819,287
Blue,35.73867,-81.29826,288
Blue,35.73829,-81.29836,289
Blue,35.7372,-81.29865,290
Blue,35.73713,-81.29867,291
Blue,35.73697,-81.29871,292
Blue,35.73684,-81.29875,293
Blue,35.73659,-81.29881,294
Blue,35.73638,-81.29886,295
Blue,35.7358,-81.29902,296
Blue,35.73567,-81.29906,297
Blue,35.73557,-81.2991,298
Blue,35.73557,-81.29921,299
Blue,35.73565,-81.29931,300
Blue,35.73576,-81.29943,301
Blue,35.73588,-81.29954,302
Blue,35.73615,-81.29977,303
Blue,35.73689,-81.30035,304
Blue,35.73746,-81.30077,305
Blue,35.73756,-81.30087,306
Blue,35.73766,-81.301,307
Blue,35.73769,-81.30104,308
Blue,35.73775,-81.30117,309
Blue,35.73778,-81.30126,310
Blue,35.73781,-81.30135,311
Blue,35.73795,-81.302,312
Blue,35.73798,-81.30213,313
Blue,35.738,-81.30221,314
Blue,35.7383,-81.30346,315
Blue,35.73834,-81.30363,316
Blue,35.73862,-81.30483,317
Blue,35.73869,-81.30509,318
Blue,35.73877,-81.30535,319
Blue,35.73891,-81.30572,320
Blue,35.73912,-81.30623,321
Blue,35.73919,-81.30641,322
Blue,35.73929,-81.30661,323
Blue,35.73933,-81.30668,324
Blue,35.73938,-81.30677,325
Blue,35.73944,-81.30686,326
Blue,35.73956,-81.307,327
Blue,35.73971,-81.30716,328
Blue,35.73977,-81.30722,329
Blue,35.74006,-81.30751,330
Blue,35.7401,-81.30755,331
Blue,35.74012,-81.30759,332
Blue,35.74015,-81.30767,333
Blue,35.74016,-81.30775,334
Blue,35.74019,-81.30798,335
Blue,35.7402,-81.30807,336
Blue,35.74023,-81.30833,337
Blue,35.74032,-81.30902,338
Blue,35.74056,-81.31069,339
Blue,35.7406,-81.31091,340
Blue,35.74064,-81.3111,341
Blue,35.74081,-81.31179,342
Blue,35.74085,-81.31197,343
Blue,35.74089,-81.31221,344
Blue,35.74089,-81.31223,345
Blue,35.7409,-81.31241,346
Blue,35.74091,-81.31255,347
Blue,35.74091,-81.3126,348
Blue,35.74091,-81.31275,349
Blue,35.7409,-81.31295,350
Blue,35.74088,-81.31359,351
Blue,35.74087,-81.3141,352
Blue,35.74088,-81.31478,353
Blue,35.74089,-81.31494,354
Blue,35.74091,-81.31512,355
Blue,35.74111,-81.31644,356
Blue,35.74115,-81.31689,357
Blue,35.74123,-81.31766,358
Blue,35.74123,-81.31779,359
Blue,35.74124,-81.31797,360
Blue,35.74125,-81.31817,361
Blue,35.74126,-81.31825,362
Blue,35.74129,-81.31837,363
Blue,35.74135,-81.3185,364
Blue,35.7414,-81.31859,365
Blue,35.74145,-81.31868,366
Blue,35.74154,-81.31881,367
Blue,35.74161,-81.31894,368
Blue,35.7417,-81.31907,369
Blue,35.74176,-81.31917,370
Blue,35.74233,-81.3201,371
Blue,35.74238,-81.32019,372
Blue,35.74253,-81.32043,373
Blue,35.74264,-81.32061,374
Blue,35.74267,-81.32069,375
Blue,35.741523,-81.321719,376
Blue,35.74053,-81.32259,377
Blue,35.74048,-81.32264,378
Blue,35.74015,-81.32293,379
Blue,35.74008,-81.323,380
Blue,35.73986,-81.3232,381
Blue,35.73969,-81.32336,382
Blue,35.7394,-81.32361,383
Blue,35.73917,-81.32371,384
Blue,35.73908,-81.32375,385
Blue,35.73899,-81.32379,386
Blue,35.73881,-81.32384,387
Blue,35.73876,-81.32385,388
Blue,35.73808,-81.32399,389
Blue,35.73799,-81.32434,390
Blue,35.73789,-81.32461,391
Blue,35.7377,-81.32497,392
Blue,35.73759,-81.3251,393
Blue,35.73746,-81.32524,394
Blue,35.73733,-81.32538,395
Blue,35.73726,-81.32545,396
Blue,35.73705,-81.32564,397
Blue,35.73669,-81.32597,398
Blue,35.73664,-81.32603,399
Blue,35.73566,-81.3269,400
Blue,35.7356,-81.32697,401
Blue,35.73553,-81.32704,402
Blue,35.73547,-81.32711,403
Blue,35.73541,-81.32719,404
Blue,35.73538,-81.32725,405
Blue,35.73516,-81.32776,406
Blue,35.734652,-81.32896,407
Blue,35.73449,-81.32935,408
Blue,35.73446,-81.32943,409
Blue,35.73424,-81.32995,410
Blue,35.73402,-81.33058,411
Blue,35.73399,-81.33064,412
Blue,35.7339,-81.33082,413
Blue,35.73381,-81.33101,414
Blue,35.73345,-81.33193,415
Blue,35.73329,-81.33234,416
Blue,35.73299,-81.33311,417
Blue,35.73309,-81.33316,418
Blue,35.73312,-81.3332,419
Blue,35.73314,-81.33325,420
Blue,35.73318,-81.33349,421
Blue,35.7332,-81.33376,422
Blue,35.73322,-81.33392,423
Blue,35.73323,-81.33431,424
Blue,35.73325,-81.3346,425
Blue,35.73325,-81.33475,426
Blue,35.73326,-81.3352,427
Blue,35.73327,-81.33554,428
Blue,35.73327,-81.33565,429
Blue,35.73329,-81.33644,430
Blue,35.73331,-81.33692,431
Blue,35.73331,-81.33794,432
Blue,35.73334,-81.33883,433
Blue,35.73335,-81.33949,434
Blue,35.73336,-81.33964,435
Blue,35.73312,-81.33963,436
Blue,35.73273,-81.33964,437
Blue,35.732279,-81.33964,438
Blue,35.73205,-81.33965,439
Blue,35.73199,-81.33964,440
Blue,35.73183,-81.33964,441
Blue,35.7314,-81.33953,442
Blue,35.73128,-81.33952,443
Blue,35.73124,-81.33952,444
Blue,35.73104,-81.33953,445
Blue,35.73069,-81.33955,446
Blue,35.730731,-81.340757,447
Blue,35.73074,-81.34143,448
Blue,35.730536,-81.341437,449
Red3,35.730339,-81.341475,0
Red3,35.729917,-81.341556,1
Red3,35.729897,-81.33985,2
Red3,35.729875,-81.338084,3
Red3,35.732442,-81.337976,4
Red3,35.734204,-81.337885,5
Red3,35.734344,-81.337885,6
Red3,35.734344,-81.339653,7
Red3,35.732262,-81.339665,8
Red3,35.731784,-81.339653,9
Red3,35.731414,-81.339761,10
Red3,35.731393,-81.339551,11
Red3,35.729897,-81.33956,12
Red3,35.729876,-81.339053,13
Red3,35.72987,-81.338075,14
Red3,35.729124,-81.338111,15
Red3,35.728422,-81.338151,16
Red3,35.72747,-81.33821,17
Red3,35.726982,-81.338251,18
Red3,35.723747,-81.338496,19
Red3,35.723383,-81.338527,20
Red3,35.72314,-81.33854,21
Red3,35.72237,-81.338544,22
Red3,35.721128,-81.338558,23
Red3,35.720044,-81.338548,24
Red3,35.71938,-81.33858,25
Red3,35.71923,-81.33857,26
Red3,35.71913,-81.33855,27
Red3,35.71902,-81.33852,28
Red3,35.718253,-81.338206,29
Red3,35.71789,-81.33805,30
Red3,35.71762,-81.33795,31
Red3,35.71713,-81.33781,32
Red3,35.716125,-81.337536,33
Red3,35.715678,-81.337425,34
Red3,35.71553,-81.337385,35
Red3,35.715326,-81.337,36
Red3,35.7151,-81.33653,37
Red3,35.714945,-81.336216,38
Red3,35.714864,-81.33592,39
Red3,35.714212,-81.334603,40
Red3,35.714004,-81.334147,41
Red3,35.713776,-81.33369,42
Red3,35.71349,-81.332963,43
Red3,35.713242,-81.332331,44
Red3,35.713039,-81.331789,45
Red3,35.7129,-81.33141,46
Red3,35.71285,-81.33124,47
Red3,35.71278,-81.33102,48
Red3,35.71271,-81.3308,49
Red3,35.7126,-81.33043,50
Red3,35.71253,-81.3302,51
Red3,35.7123,-81.32937,52
Red3,35.71221,-81.32904,53
Red3,35.71214,-81.32879,54
Red3,35.71213,-81.32875,55
Red3,35.71204,-81.32836,56
Red3,35.71204,-81.32833,57
Red3,35.71196,-81.328,58
Red3,35.71195,-81.32795,59
Red3,35.71189,-81.32768,60
Red3,35.71188,-81.32764,61
Red3,35.71184,-81.32735,62
Red3,35.71181,-81.32724,63
Red3,35.71181,-81.32719,64
Red3,35.71172,-81.3267,65
Red3,35.71169,-81.32657,66
Red3,35.71167,-81.32648,67
Red3,35.71162,-81.32609,68
Red3,35.7116,-81.32592,69
Red3,35.71153,-81.32579,70
Red3,35.71151,-81.32575,71
Red3,35.71145,-81.32528,72
Red3,35.711341,-81.324682,73
Red3,35.71131,-81.32413,74
Red3,35.71128,-81.32388,75
Red3,35.71119,-81.32321,76
Red3,35.71111,-81.32245,77
Red3,35.71108,-81.32225,78
Red3,35.71105,-81.32198,79
Red3,35.71106,-81.32195,80
Red3,35.71108,-81.3218,81
Red3,35.71091,-81.32043,82
Red3,35.71088,-81.32027,83
Red3,35.71082,-81.31977,84
Red3,35.710655,-81.318975,85
Red3,35.71052,-81.318111,86
Red3,35.710436,-81.317171,87
Red3,35.71039,-81.31646,88
Red3,35.71031,-81.31594,89
Red3,35.710222,-81.315602,90
Red3,35.710171,-81.315346,91
Red3,35.710105,-81.314972,92
Red3,35.710024,-81.314595,93
Red3,35.709912,-81.314149,94
Red3,35.70978,-81.31348,95
Red3,35.70977,-81.31344,96
Red3,35.7097,-81.31335,97
Red3,35.70964,-81.31317,98
Red3,35.70957,-81.31292,99
Red3,35.70945,-81.31253,100
Red3,35.70905,-81.31141,101
Red3,35.70886,-81.31096,102
Red3,35.70873,-81.31063,103
Red3,35.70854,-81.31014,104
Red3,35.70841,-81.30982,105
Red3,35.708281,-81.30961,106
Red3,35.7081,-81.30905,107
Red3,35.70796,-81.30871,108
Red3,35.70785,-81.30843,109
Red3,35.707561,-81.308662,110
Red3,35.707502,-81.308706,111
Red3,35.70733,-81.30872,112
Red3,35.70711,-81.30884,113
Red3,35.70705,-81.30887,114
Red3,35.70697,-81.30892,115
Red3,35.70688,-81.309,116
Red3,35.70683,-81.30905,117
Red3,35.70678,-81.30915,118
Red3,35.70675,-81.30929,119
Red3,35.706742,-81.309618,120
Red3,35.706715,-81.309761,121
Red3,35.706688,-81.309878,122
Red3,35.706644,-81.309961,123
Red3,35.706584,-81.310033,124
Red3,35.706481,-81.310129,125
Red3,35.70632,-81.31017,126
Red3,35.70609,-81.3103,127
Red3,35.70595,-81.31036,128
Red3,35.70575,-81.3104,129
Red3,35.70562,-81.31041,130
Red3,35.70479,-81.31047,131
Red3,35.7044,-81.31046,132
Red3,35.7041,-81.31047,133
Red3,35.70331,-81.31053,134
Red3,35.702512,-81.310684,135
Red3,35.7019,-81.308883,136
Red3,35.701747,-81.308329,137
Red3,35.701681,-81.30816,138
Red3,35.702634,-81.307434,139
Red3,35.702315,-81.307053,140
Red3,35.702288,-81.306775,141
Red3,35.702359,-81.30667,142
Red3,35.702415,-81.306415,143
Red3,35.702492,-81.306073,144
Red3,35.702548,-81.305869,145
Red3,35.702548,-81.305848,146
Red3,35.702537,-81.305624,147
Red3,35.702454,-81.305488,148
Red3,35.702027,-81.305338,149
Red3,35.701878,-81.305405,150
Red3,35.701872,-81.305405,151
Red3,35.70175,-81.30537,152
Red3,35.701384,-81.304237,153
Red3,35.701355,-81.303482,154
Red3,35.701445,-81.302922,155
Red3,35.701535,-81.302576,156
Red3,35.701735,-81.302266,157
Red3,35.702096,-81.302299,158
Red3,35.70246,-81.302345,159
Red3,35.702681,-81.302342,160
Red3,35.702947,-81.302402,161
Red3,35.703286,-81.302446,162
Red3,35.703684,-81.302457,163
Red3,35.703963,-81.302453,164
Red3,35.704189,-81.302486,165
Red3,35.704321,-81.302505,166
Red3,35.70439,-81.302525,167
Red3,35.704483,-81.302618,168
Red3,35.704553,-81.302768,169
Red3,35.704655,-81.30284,170
Red3,35.704668,-81.30284,171
Red3,35.704764,-81.302871,172
Red3,35.704883,-81.302853,173
Red3,35.704995,-81.302814,174
Red3,35.705106,-81.302755,175
Red3,35.705201,-81.302704,176
Red3,35.705286,-81.302649,177
Red3,35.705361,-81.302589,178
Red3,35.705358,-81.302409,179
Red3,35.705355,-81.302405,180
Red3,35.705276,-81.302161,181
Red3,35.705199,-81.301987,182
Red3,35.705114,-81.301766,183
Red3,35.705045,-81.30157,184
Red3,35.705038,-81.301546,185
Red3,35.704879,-81.301224,186
Red3,35.703851,-81.298564,187
Red3,35.703565,-81.297882,188
Red3,35.703079,-81.296541,189
Red3,35.702884,-81.296063,190
Red3,35.70251,-81.294979,191
Red3,35.7023,-81.29419,192
Red3,35.70225,-81.29401,193
Red3,35.70215,-81.29371,194
Red3,35.70193,-81.29298,195
Red3,35.701727,-81.292467,196
Red3,35.7015,-81.29148,197
Red3,35.70142,-81.29119,198
Red3,35.70137,-81.29102,199
Red3,35.70118,-81.29031,200
Red3,35.70109,-81.29,201
Red3,35.70107,-81.28991,202
Red3,35.70093,-81.28939,203
Red3,35.70087,-81.28909,204
Red3,35.700843,-81.28888,205
Red3,35.700789,-81.288724,206
Red3,35.700678,-81.288396,207
Red3,35.700629,-81.288105,208
Red3,35.700557,-81.287746,209
Red3,35.700513,-81.287562,210
Red3,35.700427,-81.287126,211
Red3,35.700332,-81.286817,212
Red3,35.700235,-81.286459,213
Red3,35.700156,-81.286197,214
Red3,35.7001,-81.285869,215
Red3,35.700055,-81.285599,216
Red3,35.699956,-81.285187,217
Red3,35.69989,-81.284859,218
Red3,35.69976,-81.284199,219
Red3,35.699706,-81.28392,220
Red3,35.699615,-81.283553,221
Red3,35.699551,-81.283155,222
Red3,35.69951,-81.282797,223
Red3,35.69939,-81.282243,224
Red3,35.699268,-81.281671,225
Red3,35.699265,-81.281658,226
Red3,35.699252,-81.281625,227
Red3,35.699212,-81.28141,228
Red3,35.699162,-81.281165,229
Red3,35.698938,-81.2812,230
Red3,35.698362,-81.281316,231
Red3,35.698048,-81.281215,232
Red3,35.6978,-81.281214,233
Red3,35.697581,-81.281174,234
Red3,35.697425,-81.281147,235
Red3,35.697255,-81.281108,236
Red3,35.697236,-81.280815,237
Red3,35.69725,-81.280476,238
Red3,35.697255,-81.280393,239
Red3,35.697228,-81.280347,240
Red3,35.697209,-81.2803,241
Red3,35.697228,-81.280168,242
Red3,35.697239,-81.280055,243
Red3,35.697352,-81.280047,244
Red3,35.697457,-81.280046,245
Red3,35.697557,-81.280083,246
Red3,35.697738,-81.280085,247
Red3,35.697887,-81.280097,248
Red3,35.697994,-81.280099,249
Red3,35.698112,-81.280114,250
Red3,35.698262,-81.280116,251
Red3,35.698494,-81.280014,252
Red3,35.698962,-81.279864,253
Red3,35.699101,-81.279831,254
Red3,35.699177,-81.28039,255
Red3,35.699315,-81.28116,256
Red3,35.699389,-81.281637,257
Red3,35.69953,-81.282454,258
Red3,35.699578,-81.282684,259
Red3,35.699703,-81.28332,260
Red3,35.699812,-81.283783,261
Red3,35.699883,-81.284239,262
Red3,35.699935,-81.284524,263
Red3,35.700036,-81.284963,264
Red3,35.700107,-81.285264,265
Red3,35.700136,-81.285496,266
Red3,35.700233,-81.285741,267
Red3,35.700304,-81.285986,268
Red3,35.700314,-81.286209,269
Red3,35.700397,-81.286631,270
Red3,35.700496,-81.286862,271
Red3,35.700589,-81.287289,272
Red3,35.700704,-81.287883,273
Red3,35.700865,-81.288313,274
Red3,35.700971,-81.288648,275
Red3,35.701033,-81.288861,276
Red3,35.701188,-81.288902,277
Red3,35.701963,-81.288591,278
Red3,35.702891,-81.28832,279
Red3,35.703078,-81.288071,280
Red3,35.704692,-81.288173,281
Red3,35.704653,-81.287975,282
Red3,35.7046,-81.287273,283
Red3,35.704556,-81.286582,284
Red3,35.70452,-81.286014,285
Red3,35.704514,-81.286007,286
Red3,35.704422,-81.28553,287
Red3,35.704365,-81.285155,288
Red3,35.704359,-81.285107,289
Red3,35.704268,-81.284713,290
Red3,35.704263,-81.284706,291
Red3,35.704206,-81.284483,292
Red3,35.704155,-81.284327,293
Red3,35.70415,-81.284314,294
Red3,35.704099,-81.284178,295
Red3,35.703983,-81.284152,296
Red3,35.7023,-81.284829,297
Red3,35.701766,-81.285409,298
Red3,35.701481,-81.285572,299
Red3,35.701188,-81.285625,300
Red3,35.701009,-81.285676,301
Red3,35.70092,-81.285662,302
Red3,35.700971,-81.285534,303
Red3,35.700842,-81.284895,304
Red3,35.700789,-81.284495,305
Red3,35.700735,-81.284094,306
Red3,35.700629,-81.283695,307
Red3,35.70054,-81.283442,308
Red3,35.70036,-81.28286,309
Red3,35.70057,-81.28273,310
Red3,35.70074,-81.28261,311
Red3,35.70092,-81.28246,312
Red3,35.70141,-81.28205,313
Red3,35.70171,-81.28182,314
Red3,35.70208,-81.28155,315
Red3,35.70263,-81.28115,316
Red3,35.70279,-81.28102,317
Red3,35.70291,-81.28091,318
Red3,35.70302,-81.28079,319
Red3,35.70313,-81.28066,320
Red3,35.70323,-81.28051,321
Red3,35.70333,-81.28034,322
Red3,35.70346,-81.28011,323
Red3,35.70355,-81.27995,324
Red3,35.70362,-81.27985,325
Red3,35.70371,-81.27973,326
Red3,35.70378,-81.27966,327
Red3,35.70387,-81.27958,328
Red3,35.70392,-81.27954,329
Red3,35.70398,-81.2795,330
Red3,35.70408,-81.27943,331
Red3,35.70417,-81.27939,332
Red3,35.7043,-81.27934,333
Red3,35.70454,-81.27927,334
Red3,35.70496,-81.27916,335
Red3,35.70529,-81.27908,336
Red3,35.70544,-81.27904,337
Red3,35.7056,-81.279,338
Red3,35.70655,-81.27876,339
Red3,35.70709,-81.27863,340
Red3,35.70757,-81.2785,341
Red3,35.70804,-81.27837,342
Red3,35.70836,-81.27828,343
Red3,35.70869,-81.27819,344
Red3,35.70883,-81.27816,345
Red3,35.70898,-81.27815,346
Red3,35.70907,-81.27814,347
Red3,35.70912,-81.27815,348
Red3,35.70921,-81.27816,349
Red3,35.70927,-81.27817,350
Red3,35.70936,-81.27819,351
Red3,35.70942,-81.2782,352
Red3,35.70946,-81.27822,353
Red3,35.70951,-81.27823,354
Red3,35.70956,-81.27825,355
Red3,35.70973,-81.27832,356
Red3,35.70994,-81.27842,357
Red3,35.71017,-81.27853,358
Red3,35.71061,-81.27872,359
Red3,35.71077,-81.27878,360
Red3,35.71103,-81.27887,361
Red3,35.71104,-81.27864,362
Red3,35.71105,-81.27834,363
Red3,35.71104,-81.27826,364
Red3,35.71102,-81.27811,365
Red3,35.71099,-81.278,366
Red3,35.71096,-81.27792,367
Red3,35.7109,-81.27778,368
Red3,35.71082,-81.27766,369
Red3,35.71078,-81.2776,370
Red3,35.7107,-81.2775,371
Red3,35.71063,-81.27744,372
Red3,35.71058,-81.2774,373
Red3,35.71051,-81.27734,374
Red3,35.71046,-81.27731,375
Red3,35.7104,-81.27727,376
Red3,35.71034,-81.27724,377
Red3,35.71025,-81.27719,378
Red3,35.710062,-81.277174,379
Red3,35.71005,-81.27707,380
Red3,35.70996,-81.27703,381
Red3,35.70991,-81.277,382
Red3,35.70986,-81.27697,383
Red3,35.70979,-81.27692,384
Red3,35.70973,-81.27685,385
Red3,35.70968,-81.27681,386
Red3,35.70963,-81.27674,387
Red3,35.70959,-81.27668,388
Red3,35.70955,-81.27661,389
Red3,35.70952,-81.27655,390
Red3,35.70949,-81.27648,391
Red3,35.70946,-81.27641,392
Red3,35.70943,-81.27632,393
Red3,35.70942,-81.27624,394
Red3,35.70939,-81.27611,395
Red3,35.70938,-81.27595,396
Red3,35.70938,-81.27582,397
Red3,35.70938,-81.27569,398
Red3,35.70939,-81.27554,399
Red3,35.7094,-81.27538,400
Red3,35.70941,-81.27518,401
Red3,35.70942,-81.27503,402
Red3,35.70943,-81.2749,403
Red3,35.70943,-81.27474,404
Red3,35.70944,-81.27461,405
Red3,35.70944,-81.27452,406
Red3,35.70943,-81.27444,407
Red3,35.70943,-81.27436,408
Red3,35.70943,-81.27429,409
Red3,35.70941,-81.27419,410
Red3,35.7094,-81.27409,411
Red3,35.70939,-81.27397,412
Red3,35.70938,-81.27387,413
Red3,35.70936,-81.27375,414
Red3,35.709293,-81.273501,415
Red3,35.70927,-81.27323,416
Red3,35.7093,-81.27324,417
Red3,35.70937,-81.27332,418
Red3,35.70969,-81.27346,419
Red3,35.70979,-81.2735,420
Red3,35.70989,-81.27353,421
Red3,35.70999,-81.27354,422
Red3,35.71009,-81.27354,423
Red3,35.71025,-81.27352,424
Red3,35.71036,-81.2735,425
Red3,35.71067,-81.27341,426
Red3,35.71077,-81.27336,427
Red3,35.71087,-81.2733,428
Red3,35.71097,-81.27323,429
Red3,35.71105,-81.27315,430
Red3,35.71116,-81.27303,431
Red3,35.71127,-81.27287,432
Red3,35.71149,-81.27248,433
Red3,35.71157,-81.27233,434
Red3,35.711652,-81.272079,435
Red3,35.71178,-81.27185,436
Red3,35.71183,-81.27168,437
Red3,35.71188,-81.2715,438
Red3,35.7119,-81.27141,439
Red3,35.71191,-81.27132,440
Red3,35.71194,-81.27113,441
Red3,35.71198,-81.27063,442
Red3,35.712006,-81.269587,443
Red3,35.71205,-81.26951,444
Red3,35.71207,-81.26931,445
Red3,35.71209,-81.2692,446
Red3,35.71213,-81.26903,447
Red3,35.71214,-81.26898,448
Red3,35.71217,-81.26887,449
Red3,35.71226,-81.26866,450
Red3,35.71231,-81.26857,451
Red3,35.71236,-81.26847,452
Red3,35.71242,-81.26838,453
Red3,35.71248,-81.26829,454
Red3,35.71267,-81.26801,455
Red3,35.71274,-81.26788,456
Red3,35.7128,-81.26773,457
Red3,35.71284,-81.26757,458
Red3,35.71287,-81.26739,459
Red3,35.71288,-81.2672,460
Red3,35.71288,-81.26691,461
Red3,35.71285,-81.26647,462
Red3,35.71281,-81.265894,463
Red3,35.712826,-81.264894,464
Red3,35.714462,-81.265115,465
Red3,35.716759,-81.265416,466
Red3,35.716791,-81.267262,467
Red3,35.716527,-81.2673,468
Red3,35.716286,-81.267216,469
Red3,35.716049,-81.267221,470
Red3,35.71541,-81.267238,471
Red3,35.71504,-81.267148,472
Red3,35.714641,-81.266992,473
Red3,35.714341,-81.26683,474
Red3,35.713822,-81.266503,475
Red3,35.713413,-81.266128,476
Red3,35.713195,-81.265825,477
Red3,35.712824,-81.266181,478
Red3,35.71281,-81.265804,479
Red3,35.712826,-81.264898,480
Red3,35.7121,-81.26485,481
Red3,35.71163,-81.26479,482
Red3,35.7111,-81.26473,483
Red3,35.71083,-81.2647,484
Red3,35.710588,-81.264744,485
Red3,35.71023,-81.26461,486
Red3,35.71011,-81.26459,487
Red3,35.70985,-81.26452,488
Red3,35.70958,-81.26445,489
Red3,35.70917,-81.26431,490
Red3,35.70888,-81.26422,491
Red3,35.70869,-81.26415,492
Red3,35.70856,-81.26411,493
Red3,35.70701,-81.26352,494
Red3,35.705153,-81.262923,495
Red3,35.70491,-81.26276,496
Red3,35.70464,-81.26267,497
Red3,35.70441,-81.26258,498
Red3,35.7043,-81.26253,499
Red3,35.70419,-81.26249,500
Red3,35.7037,-81.26234,501
Red3,35.7035,-81.26229,502
Red3,35.70327,-81.26222,503
Red3,35.70291,-81.26214,504
Red3,35.70261,-81.26208,505
Red3,35.70211,-81.26202,506
Red3,35.70212,-81.26173,507
Red3,35.70214,-81.26156,508
Red3,35.70232,-81.26027,509
Red3,35.70249,-81.25914,510
Red3,35.70267,-81.25783,511
Red3,35.70272,-81.25749,512
Red3,35.70274,-81.25738,513
Red3,35.70284,-81.25725,514
Red3,35.70287,-81.25698,515
Red3,35.70291,-81.25674,516
Red3,35.70298,-81.25632,517
Red3,35.70302,-81.25606,518
Red3,35.70308,-81.25582,519
Red3,35.70311,-81.25568,520
Red3,35.70324,-81.25515,521
Red3,35.70327,-81.25502,522
Red3,35.70337,-81.25466,523
Red3,35.70341,-81.25453,524
Red3,35.70353,-81.25417,525
Red3,35.70362,-81.25389,526
Red3,35.70375,-81.25354,527
Red3,35.70404,-81.25282,528
Red3,35.70445,-81.25182,529
Red3,35.70529,-81.24979,530
Red3,35.7058,-81.24854,531
Red3,35.70585,-81.24844,532
Red3,35.70613,-81.24775,533
Red3,35.70618,-81.24762,534
Red3,35.7063,-81.24734,535
Red3,35.70641,-81.24708,536
Red3,35.70649,-81.24688,537
Red3,35.70659,-81.24662,538
Red3,35.70668,-81.24641,539
Red3,35.7068,-81.24613,540
Red3,35.70687,-81.24595,541
Red3,35.70694,-81.24578,542
Red3,35.70707,-81.24548,543
Red3,35.70716,-81.24523,544
Red3,35.70725,-81.24502,545
Red3,35.70741,-81.24464,546
Red3,35.70749,-81.24446,547
Red3,35.70763,-81.24412,548
Red3,35.70775,-81.24383,549
Red3,35.7079,-81.24346,550
Red3,35.70806,-81.24308,551
Red3,35.7083,-81.24249,552
Red3,35.70844,-81.24213,553
Red3,35.70852,-81.24196,554
Red3,35.70878,-81.2413,555
Red3,35.70889,-81.24104,556
Red3,35.70902,-81.24073,557
Red3,35.7091,-81.24055,558
Red3,35.70946,-81.23968,559
Red3,35.70996,-81.23845,560
Red3,35.71006,-81.23822,561
Red3,35.7101,-81.23811,562
Red3,35.71026,-81.23772,563
Red3,35.71055,-81.23701,564
Red3,35.71066,-81.23675,565
Red3,35.71093,-81.2361,566
Red3,35.71129,-81.23521,567
Red3,35.71181,-81.23396,568
Red3,35.71213,-81.23318,569
Red3,35.71226,-81.23287,570
Red3,35.71288,-81.23136,571
Red3,35.71298,-81.23112,572
Red3,35.71318,-81.23063,573
Red3,35.71332,-81.23027,574
Red3,35.71345,-81.22998,575
Red3,35.71369,-81.22939,576
Red3,35.71381,-81.22912,577
Red3,35.7139,-81.22891,578
Red3,35.71396,-81.22875,579
Red3,35.71418,-81.22822,580
Red3,35.71418,-81.2281,581
Red3,35.71418,-81.22809,582
Red3,35.71418,-81.22808,583
Red3,35.71421,-81.22801,584
Red3,35.71423,-81.22796,585
Red3,35.71424,-81.22791,586
Red3,35.71426,-81.22786,587
Red3,35.71427,-81.22778,588
Red3,35.71428,-81.22772,589
Red3,35.71428,-81.22766,590
Red3,35.71428,-81.2276,591
Red3,35.71429,-81.22754,592
Red3,35.71428,-81.22748,593
Red3,35.71427,-81.22742,594
Red3,35.71426,-81.22737,595
Red3,35.71425,-81.22733,596
Red3,35.71424,-81.22727,597
Red3,35.71422,-81.22723,598
Red3,35.71419,-81.22719,599
Red3,35.71418,-81.22716,600
Red3,35.71416,-81.22713,601
Red3,35.71412,-81.22708,602
Red3,35.7141,-81.22706,603
Red3,35.71408,-81.22704,604
Red3,35.71406,-81.22702,605
Red3,35.71404,-81.227,606
Red3,35.71402,-81.22699,607
Red3,35.71399,-81.22697,608
Red3,35.71393,-81.22693,609
Red3,35.7139,-81.22692,610
Red3,35.71387,-81.22691,611
Red3,35.71381,-81.2269,612
Red3,35.71376,-81.22689,613
Red3,35.71371,-81.22689,614
Red3,35.71366,-81.22689,615
Red3,35.71361,-81.2269,616
Red3,35.71356,-81.22691,617
Red3,35.71351,-81.22694,618
Red3,35.71347,-81.22696,619
Red3,35.71343,-81.22698,620
Red3,35.71337,-81.22701,621
Red3,35.71327,-81.22708,622
Red3,35.71318,-81.22715,623
Red3,35.71307,-81.22726,624
Red3,35.71301,-81.22731,625
Red3,35.71287,-81.22746,626
Red3,35.71319,-81.22792,627
Red3,35.71369,-81.22862,628
Red3,35.71397,-81.229,629
Red3,35.71425,-81.22938,630
Red3,35.7145,-81.22972,631
Red3,35.71498,-81.23033,632
Red3,35.71505,-81.23043,633
Red3,35.71529,-81.23068,634
Red3,35.71545,-81.23085,635
Red3,35.71555,-81.23096,636
Red3,35.71571,-81.23112,637
Red3,35.71575,-81.23116,638
Red3,35.71595,-81.23134,639
Red3,35.71613,-81.2315,640
Red3,35.71632,-81.23165,641
Red3,35.71651,-81.23181,642
Red3,35.71661,-81.23171,643
Red3,35.71679,-81.23139,644
Red3,35.71681,-81.23133,645
Red3,35.71682,-81.23129,646
Red3,35.71683,-81.23125,647
Red3,35.71682,-81.2312,648
Red3,35.71681,-81.23115,649
Red3,35.71678,-81.23107,650
Red3,35.71672,-81.23101,651
Red3,35.71665,-81.23097,652
Red3,35.71634,-81.23086,653
Red3,35.71627,-81.23083,654
Red3,35.71621,-81.23079,655
Red3,35.71614,-81.23072,656
Red3,35.71607,-81.23066,657
Red3,35.71601,-81.23059,658
Red3,35.71593,-81.23047,659
Red3,35.71588,-81.23038,660
Red3,35.71585,-81.23033,661
Red3,35.71581,-81.23021,662
Red3,35.71578,-81.23009,663
Red3,35.71576,-81.22996,664
Red3,35.71575,-81.2299,665
Red3,35.71575,-81.22977,666
Red3,35.71576,-81.22965,667
Red3,35.7158,-81.22947,668
Red3,35.71585,-81.2293,669
Red3,35.71597,-81.22899,670
Red3,35.71599,-81.22884,671
Red3,35.71599,-81.22874,672
Red3,35.71598,-81.22846,673
Red3,35.71592,-81.2275,674
Red3,35.71591,-81.22731,675
Red3,35.71592,-81.22712,676
Red3,35.71593,-81.22706,677
Red3,35.71596,-81.22694,678
Red3,35.71601,-81.22683,679
Red3,35.71607,-81.22673,680
Red3,35.71614,-81.22664,681
Red3,35.71618,-81.2266,682
Red3,35.71628,-81.22652,683
Red3,35.7164,-81.22647,684
Red3,35.71652,-81.22644,685
Red3,35.7168,-81.22642,686
Red3,35.71716,-81.2264,687
Red3,35.71745,-81.22638,688
Red3,35.71749,-81.22637,689
Red3,35.71756,-81.22633,690
Red3,35.71763,-81.22629,691
Red3,35.71766,-81.22626,692
Red3,35.71772,-81.22618,693
Red3,35.71778,-81.22607,694
Red3,35.71779,-81.22605,695
Red3,35.71784,-81.22596,696
Red3,35.71788,-81.22584,697
Red3,35.71816,-81.22495,698
Red3,35.71825,-81.22463,699
Red3,35.71809,-81.22453,700
Red3,35.7178,-81.22433,701
Red3,35.71666,-81.22349,702
Red3,35.71657,-81.22342,703
Red3,35.71648,-81.22336,704
Red3,35.71627,-81.2232,705
Red3,35.71618,-81.22313,706
Red3,35.71577,-81.22282,707
Red3,35.71498,-81.22224,708
Red3,35.71388,-81.22143,709
Red3,35.71325,-81.22095,710
Red3,35.71313,-81.22085,711
Red3,35.71304,-81.22077,712
Red3,35.71296,-81.22069,713
Red3,35.71285,-81.22057,714
Red3,35.71264,-81.22032,715
Red3,35.71253,-81.22019,716
Red3,35.71235,-81.21992,717
Red3,35.712048,-81.219492,718
Red3,35.71169,-81.2188,719
Red3,35.71152,-81.21851,720
Red3,35.71133,-81.21855,721
Red3,35.71097,-81.21859,722
Red3,35.710579,-81.218721,723
Red3,35.7094,-81.21874,724
Red3,35.70904,-81.21875,725
Red3,35.70879,-81.21875,726
Red3,35.70858,-81.21873,727
Red3,35.70828,-81.21869,728
Red3,35.70769,-81.21859,729
Red3,35.707441,-81.218637,730
Red3,35.707245,-81.218576,731
Red3,35.70704,-81.218539,732
Red3,35.706905,-81.218534,733
Red3,35.706897,-81.218528,734
Red3,35.706737,-81.218499,735
Red3,35.706591,-81.218543,736
Red3,35.706591,-81.218541,737
Red3,35.70609,-81.21884,738
Red3,35.70546,-81.21944,739
Red3,35.70487,-81.21997,740
Red3,35.704667,-81.220275,741
Red3,35.704524,-81.220367,742
Red3,35.70442,-81.220404,743
Red3,35.704377,-81.220408,744
Red3,35.704214,-81.220433,745
Red3,35.70411,-81.22038,746
Red3,35.70406,-81.22039,747
Red3,35.70401,-81.22039,748
Red3,35.70379,-81.2204,749
Red3,35.701983,-81.220528,750
Red3,35.70141,-81.22043,751
Red3,35.700908,-81.22043,752
Red3,35.70022,-81.22044,753
Red3,35.70005,-81.22044,754
Red3,35.69994,-81.22044,755
Red3,35.69985,-81.22043,756
Red3,35.69978,-81.22041,757
Red3,35.69971,-81.2204,758
Red3,35.69958,-81.22037,759
Red3,35.698352,-81.220079,760
Red3,35.69814,-81.21995,761
Red3,35.69789,-81.21987,762
Red3,35.69703,-81.21961,763
Red3,35.69673,-81.21954,764
Red3,35.6965,-81.21951,765
Red3,35.69628,-81.21948,766
Red3,35.69604,-81.21946,767
Red3,35.69567,-81.21943,768
Red3,35.6955,-81.21942,769
Red3,35.69494,-81.21937,770
Red3,35.69475,-81.21935,771
Red3,35.69446,-81.21933,772
Red3,35.69396,-81.21928,773
Red3,35.69232,-81.21913,774
Red3,35.691788,-81.219144,775
Red3,35.68978,-81.21894,776
Red3,35.68905,-81.21889,777
Red3,35.68833,-81.21884,778
Red3,35.68781,-81.21881,779
Red3,35.68763,-81.2188,780
Red3,35.68702,-81.21876,781
Red3,35.68641,-81.21872,782
Red3,35.68511,-81.21863,783
Red3,35.68421,-81.218588,784
Red3,35.683993,-81.218554,785
Red3,35.68357,-81.21854,786
Red3,35.68341,-81.21853,787
Red3,35.68299,-81.2185,788
Red3,35.68237,-81.21845,789
Red3,35.682285,-81.217978,790
Red3,35.682172,-81.21774,791
Red3,35.682152,-81.217713,792
Red3,35.68205,-81.21687,793
Red3,35.68201,-81.21666,794
Red3,35.68192,-81.21627,795
Red3,35.68171,-81.21553,796
Red3,35.68169,-81.21543,797
Red3,35.68168,-81.21533,798
Red3,35.68168,-81.21516,799
Red3,35.68168,-81.21508,800
Red3,35.68172,-81.21496,801
Red3,35.681843,-81.214625,802
Red3,35.682124,-81.213841,803
Red3,35.682151,-81.21375,804
Red3,35.68215,-81.213733,805
Red3,35.682145,-81.213703,806
Red3,35.6815,-81.21308,807
Red3,35.68122,-81.21283,808
Red3,35.6811,-81.21274,809
Red3,35.68101,-81.21267,810
Red3,35.68096,-81.21264,811
Red3,35.68087,-81.21259,812
Red3,35.680809,-81.212622,813
Red3,35.680744,-81.212575,814
Red3,35.68002,-81.21218,815
Red3,35.67983,-81.21209,816
Red3,35.67911,-81.21174,817
Red3,35.67895,-81.21167,818
Red3,35.67882,-81.21161,819
Red3,35.67865,-81.21153,820
Red3,35.67852,-81.21145,821
Red3,35.67845,-81.21141,822
Red3,35.6784,-81.21137,823
Red3,35.67829,-81.21128,824
Red3,35.67822,-81.21121,825
Red3,35.67817,-81.21114,826
Red3,35.67813,-81.21109,827
Red3,35.67809,-81.21104,828
Red3,35.67801,-81.21092,829
Red3,35.67786,-81.21069,830
Red3,35.67759,-81.21021,831
Red3,35.6774,-81.20984,832
Red3,35.67707,-81.20916,833
Red3,35.67633,-81.20761,834
Red3,35.675936,-81.206833,835
Red3,35.67541,-81.20567,836
Red3,35.674853,-81.205987,837
Red3,35.67448,-81.20614,838
Red3,35.67426,-81.20624,839
Red3,35.67411,-81.20631,840
Red3,35.67409,-81.20632,841
Red3,35.67398,-81.20637,842
Red3,35.67382,-81.20642,843
Red3,35.67372,-81.20644,844
Red3,35.67297,-81.20643,845
Red3,35.67261,-81.20638,846
Red3,35.67244,-81.20637,847
Red3,35.67222,-81.20638,848
Red3,35.67204,-81.20642,849
Red3,35.67192,-81.20646,850
Red3,35.6719,-81.20645,851
Red3,35.67182,-81.20649,852
Red3,35.6714,-81.20668,853
Red3,35.67053,-81.20707,854
Red3,35.67015,-81.20723,855
Red3,35.67,-81.20728,856
Red3,35.66985,-81.20731,857
Red3,35.66936,-81.20741,858
Red3,35.66916,-81.20745,859
Red3,35.66916,-81.20745,860
Red3,35.66907,-81.20749,861
Red3,35.66897,-81.20754,862
Red3,35.66884,-81.20763,863
Red3,35.66873,-81.20772,864
Red3,35.66748,-81.20894,865
Red3,35.66731,-81.2091,866
Red3,35.66716,-81.20925,867
Red3,35.66701,-81.2094,868
Red3,35.66689,-81.2096,869
Red3,35.66671,-81.20997,870
Red3,35.66644,-81.21056,871
Red3,35.666256,-81.211068,872
Red3,35.666253,-81.21108,873
Red3,35.66615,-81.21119,874
Red3,35.66606,-81.21135,875
Red3,35.66598,-81.21145,876
Red3,35.66595,-81.2115,877
Red3,35.66575,-81.21172,878
Red3,35.66545,-81.212,879
Red3,35.664577,-81.212853,880
Red3,35.66444,-81.21292,881
Red3,35.6643,-81.21306,882
Red3,35.66424,-81.21314,883
Red3,35.66419,-81.21321,884
Red3,35.66412,-81.21336,885
Red3,35.66408,-81.21346,886
Red3,35.66398,-81.21374,887
Red3,35.66397,-81.21376,888
Red3,35.66354,-81.21517,889
Red3,35.66331,-81.21592,890
Red3,35.66327,-81.21605,891
Red3,35.66311,-81.21674,892
Red3,35.66305,-81.21691,893
Red3,35.66302,-81.21698,894
Red3,35.66241,-81.21676,895
Red3,35.66191,-81.21658,896
Red3,35.66173,-81.21655,897
Red3,35.66094,-81.21646,898
Red3,35.65879,-81.21624,899
Red3,35.65723,-81.21607,900
Red3,35.65667,-81.21601,901
Red3,35.65649,-81.21598,902
Red3,35.6563,-81.21594,903
Red3,35.65615,-81.21593,904
Red3,35.65585,-81.21594,905
Red3,35.65568,-81.21598,906
Red3,35.65583,-81.21628,907
Red3,35.65594,-81.21651,908
Red3,35.65599,-81.21662,909
Red3,35.65606,-81.21677,910
Red3,35.65631,-81.21729,911
Red3,35.65634,-81.21733,912
Red3,35.65637,-81.21739,913
Red3,35.65642,-81.21749,914
Red3,35.65646,-81.21758,915
Red3,35.65654,-81.21771,916
Red3,35.65664,-81.21785,917
Red3,35.6568,-81.21805,918
Red3,35.65688,-81.21814,919
Red3,35.65702,-81.21827,920
Red3,35.65712,-81.21834,921
Red3,35.65728,-81.21844,922
Red3,35.65737,-81.21849,923
Red3,35.6577,-81.21867,924
Red3,35.65785,-81.21876,925
Red3,35.65796,-81.21882,926
Red3,35.65845,-81.21909,927
Red3,35.65872,-81.21925,928
Red3,35.65877,-81.21928,929
Red3,35.65885,-81.21933,930
Red3,35.65895,-81.21943,931
Red3,35.65903,-81.2195,932
Red3,35.6591,-81.21958,933
Red3,35.6592,-81.21971,934
Red3,35.65927,-81.21981,935
Red3,35.65937,-81.21998,936
Red3,35.65945,-81.22016,937
Red3,35.65952,-81.22037,938
Red3,35.65959,-81.22059,939
Red3,35.65964,-81.22083,940
Red3,35.6598,-81.22151,941
Red3,35.6599,-81.22193,942
Red3,35.66002,-81.22246,943
Red3,35.66016,-81.22306,944
Red3,35.66025,-81.22353,945
Red3,35.66034,-81.22396,946
Red3,35.66046,-81.22448,947
Red3,35.66069,-81.22558,948
Red3,35.66094,-81.22673,949
Red3,35.66114,-81.22763,950
Red3,35.66116,-81.22771,951
Red3,35.66116,-81.22775,952
Red3,35.66116,-81.22779,953
Red3,35.66115,-81.22786,954
Red3,35.66112,-81.22795,955
Red3,35.66107,-81.22804,956
Red3,35.661,-81.22814,957
Red3,35.66093,-81.22823,958
Red3,35.66078,-81.22835,959
Red3,35.66067,-81.22841,960
Red3,35.66058,-81.22845,961
Red3,35.66037,-81.22857,962
Red3,35.66011,-81.22868,963
Red3,35.66002,-81.22873,964
Red3,35.65993,-81.22878,965
Red3,35.65991,-81.22878,966
Red3,35.65981,-81.22885,967
Red3,35.65971,-81.22896,968
Red3,35.65964,-81.22905,969
Red3,35.65953,-81.22919,970
Red3,35.6591,-81.22974,971
Red3,35.65896,-81.22992,972
Red3,35.65883,-81.2301,973
Red3,35.65878,-81.23022,974
Red3,35.659,-81.2302,975
Red3,35.65925,-81.2302,976
Red3,35.65978,-81.23023,977
Red3,35.66024,-81.23027,978
Red3,35.66028,-81.23027,979
Red3,35.66087,-81.23036,980
Red3,35.66088,-81.23062,981
Red3,35.66095,-81.23084,982
Red3,35.66102,-81.23096,983
Red3,35.66112,-81.23107,984
Red3,35.66121,-81.231,985
Red3,35.66131,-81.23093,986
Red3,35.66151,-81.23084,987
Red3,35.66164,-81.23082,988
Red3,35.66182,-81.23082,989
Red3,35.66192,-81.23085,990
Red3,35.66213,-81.23096,991
Red3,35.66235,-81.23108,992
Red3,35.66297,-81.23139,993
Red3,35.66327,-81.23159,994
Red3,35.66339,-81.2317,995
Red3,35.66352,-81.23188,996
Red3,35.66363,-81.23204,997
Red3,35.6637,-81.2322,998
Red3,35.66379,-81.23233,999
Red3,35.66396,-81.23247,1000
Red3,35.66424,-81.23258,1001
Red3,35.66447,-81.23265,1002
Red3,35.66451,-81.23249,1003
Red3,35.66455,-81.23224,1004
Red3,35.66457,-81.23205,1005
Red3,35.66457,-81.23192,1006
Red3,35.66457,-81.2319,1007
Red3,35.66456,-81.23178,1008
Red3,35.66454,-81.23157,1009
Red3,35.66451,-81.23136,1010
Red3,35.66443,-81.231,1011
Red3,35.66431,-81.23046,1012
Red3,35.66421,-81.22951,1013
Red3,35.6642,-81.22943,1014
Red3,35.66418,-81.22928,1015
Red3,35.66414,-81.22873,1016
Red3,35.66411,-81.22852,1017
Red3,35.66406,-81.22794,1018
Red3,35.66406,-81.22793,1019
Red3,35.66405,-81.2277,1020
Red3,35.66403,-81.22754,1021
Red3,35.66399,-81.22731,1022
Red3,35.66387,-81.22676,1023
Red3,35.66377,-81.2264,1024
Red3,35.66336,-81.22475,1025
Red3,35.66334,-81.22463,1026
Red3,35.66332,-81.22455,1027
Red3,35.66323,-81.22419,1028
Red3,35.66308,-81.22354,1029
Red3,35.664636,-81.22296,1030
Red3,35.664509,-81.222402,1031
Red3,35.664171,-81.221002,1032
Red3,35.664402,-81.220922,1033
Red3-1,35.730339,-81.341475,0
Red3-1,35.729917,-81.341556,1
Red3-1,35.729897,-81.33985,2
Red3-1,35.729875,-81.338084,3
Red3-1,35.732442,-81.337976,4
Red3-1,35.734204,-81.337885,5
Red3-1,35.734344,-81.337885,6
Red3-1,35.734344,-81.339653,7
Red3-1,35.732262,-81.339665,8
Red3-1,35.731784,-81.339653,9
Red3-1,35.731414,-81.339761,10
Red3-1,35.731393,-81.339551,11
Red3-1,35.729897,-81.33956,12
Red3-1,35.729876,-81.339053,13
Red3-1,35.72987,-81.338075,14
Red3-1,35.729124,-81.338111,15
Red3-1,35.728422,-81.338151,16
Red3-1,35.72747,-81.33821,17
Red3-1,35.726982,-81.338251,18
Red3-1,35.723747,-81.338496,19
Red3-1,35.723383,-81.338527,20
Red3-1,35.72314,-81.33854,21
Red3-1,35.72237,-81.338544,22
Red3-1,35.721128,-81.338558,23
Red3-1,35.720044,-81.338548,24
Red3-1,35.71938,-81.33858,25
Red3-1,35.71923,-81.33857,26
Red3-1,35.71913,-81.33855,27
Red3-1,35.71902,-81.33852,28
Red3-1,35.718253,-81.338206,29
Red3-1,35.71789,-81.33805,30
Red3-1,35.71762,-81.33795,31
Red3-1,35.71713,-81.33781,32
Red3-1,35.716125,-81.337536,33
Red3-1,35.715678,-81.337425,34
Red3-1,35.71553,-81.337385,35
Red3-1,35.715326,-81.337,36
Red3-1,35.7151,-81.33653,37
Red3-1,35.714945,-81.336216,38
Red3-1,35.714864,-81.33592,39
Red3-1,35.714212,-81.334603,40
Red3-1,35.714004,-81.334147,41
Red3-1,35.713776,-81.33369,42
Red3-1,35.71349,-81.332963,43
Red3-1,35.713242,-81.332331,44
Red3-1,35.713039,-81.331789,45
Red3-1,35.7129,-81.33141,46
Red3-1,35.71285,-81.33124,47
Red3-1,35.71278,-81.33102,48
Red3-1,35.71271,-81.3308,49
Red3-1,35.7126,-81.33043,50
Red3-1,35.71253,-81.3302,51
Red3-1,35.7123,-81.32937,52
Red3-1,35.71221,-81.32904,53
Red3-1,35.71214,-81.32879,54
Red3-1,35.71213,-81.32875,55
Red3-1,35.71204,-81.32836,56
Red3-1,35.71204,-81.32833,57
Red3-1,35.71196,-81.328,58
Red3-1,35.71195,-81.32795,59
Red3-1,35.71189,-81.32768,60
Red3-1,35.71188,-81.32764,61
Red3-1,35.71184,-81.32735,62
Red3-1,35.71181,-81.32724,63
Red3-1,35.71181,-81.32719,64
Red3-1,35.71172,-81.3267,65
Red3-1,35.71169,-81.32657,66
Red3-1,35.71167,-81.32648,67
Red3-1,35.71162,-81.32609,68
Red3-1,35.7116,-81.32592,69
Red3-1,35.71153,-81.32579,70
Red3-1,35.71151,-81.32575,71
Red3-1,35.71145,-81.32528,72
Red3-1,35.711341,-81.324682,73
Red3-1,35.71131,-81.32413,74
Red3-1,35.71128,-81.32388,75
Red3-1,35.71119,-81.32321,76
Red3-1,35.71111,-81.32245,77
Red3-1,35.71108,-81.32225,78
Red3-1,35.71105,-81.32198,79
Red3-1,35.71106,-81.32195,80
Red3-1,35.71108,-81.3218,81
Red3-1,35.71091,-81.32043,82
Red3-1,35.71088,-81.32027,83
Red3-1,35.71082,-81.31977,84
Red3-1,35.710655,-81.318975,85
Red3-1,35.71052,-81.318111,86
Red3-1,35.710436,-81.317171,87
Red3-1,35.71039,-81.31646,88
Red3-1,35.71031,-81.31594,89
Red3-1,35.710222,-81.315602,90
Red3-1,35.710171,-81.315346,91
Red3-1,35.710105,-81.314972,92
Red3-1,35.710024,-81.314595,93
Red3-1,35.709912,-81.314149,94
Red3-1,35.70978,-81.31348,95
Red3-1,35.70977,-81.31344,96
Red3-1,35.7097,-81.31335,97
Red3-1,35.70964,-81.31317,98
Red3-1,35.70957,-81.31292,99
Red3-1,35.70945,-81.31253,100
Red3-1,35.70905,-81.31141,101
Red3-1,35.70886,-81.31096,102
Red3-1,35.70873,-81.31063,103
Red3-1,35.70854,-81.31014,104
Red3-1,35.70841,-81.30982,105
Red3-1,35.708281,-81.30961,106
Red3-1,35.7081,-81.30905,107
Red3-1,35.70796,-81.30871,108
Red3-1,35.70785,-81.30843,109
Red3-1,35.707561,-81.308662,110
Red3-1,35.707502,-81.308706,111
Red3-1,35.70733,-81.30872,112
Red3-1,35.70711,-81.30884,113
Red3-1,35.70705,-81.30887,114
Red3-1,35.70697,-81.30892,115
Red3-1,35.70688,-81.309,116
Red3-1,35.70683,-81.30905,117
Red3-1,35.70678,-81.30915,118
Red3-1,35.70675,-81.30929,119
Red3-1,35.706742,-81.309618,120
Red3-1,35.706715,-81.309761,121
Red3-1,35.706688,-81.309878,122
Red3-1,35.706644,-81.309961,123
Red3-1,35.706584,-81.310033,124
Red3-1,35.706481,-81.310129,125
Red3-1,35.70632,-81.31017,126
Red3-1,35.70609,-81.3103,127
Red3-1,35.70595,-81.31036,128
Red3-1,35.70575,-81.3104,129
Red3-1,35.70562,-81.31041,130
Red3-1,35.70479,-81.31047,131
Red3-1,35.7044,-81.31046,132
Red3-1,35.7041,-81.31047,133
Red3-1,35.70331,-81.31053,134
Red3-1,35.702512,-81.310684,135
Red3-1,35.7019,-81.308883,136
Red3-1,35.701747,-81.308329,137
Red3-1,35.701681,-81.30816,138
Red3-1,35.702634,-81.307434,139
Red3-1,35.702315,-81.307053,140
Red3-1,35.702288,-81.306775,141
Red3-1,35.702359,-81.30667,142
Red3-1,35.702415,-81.306415,143
Red3-1,35.702492,-81.306073,144
Red3-1,35.702548,-81.305869,145
Red3-1,35.702548,-81.305848,146
Red3-1,35.702537,-81.305624,147
Red3-1,35.702454,-81.305488,148
Red3-1,35.702027,-81.305338,149
Red3-1,35.701878,-81.305405,150
Red3-1,35.701872,-81.305405,151
Red3-1,35.70175,-81.30537,152
Red3-1,35.701384,-81.304237,153
Red3-1,35.701355,-81.303482,154
Red3-1,35.701445,-81.302922,155
Red3-1,35.701535,-81.302576,156
Red3-1,35.701735,-81.302266,157
Red3-1,35.702096,-81.302299,158
Red3-1,35.70246,-81.302345,159
Red3-1,35.702681,-81.302342,160
Red3-1,35.702947,-81.302402,161
Red3-1,35.703286,-81.302446,162
Red3-1,35.703684,-81.302457,163
Red3-1,35.703963,-81.302453,164
Red3-1,35.704189,-81.302486,165
Red3-1,35.704321,-81.302505,166
Red3-1,35.70439,-81.302525,167
Red3-1,35.704483,-81.302618,168
Red3-1,35.704553,-81.302768,169
Red3-1,35.704655,-81.30284,170
Red3-1,35.704668,-81.30284,171
Red3-1,35.704764,-81.302871,172
Red3-1,35.704883,-81.302853,173
Red3-1,35.704995,-81.302814,174
Red3-1,35.705106,-81.302755,175
Red3-1,35.705201,-81.302704,176
Red3-1,35.705286,-81.302649,177
Red3-1,35.705361,-81.302589,178
Red3-1,35.705358,-81.302409,179
Red3-1,35.705355,-81.302405,180
Red3-1,35.705276,-81.302161,181
Red3-1,35.705199,-81.301987,182
Red3-1,35.705114,-81.301766,183
Red3-1,35.705045,-81.30157,184
Red3-1,35.705038,-81.301546,185
Red3-1,35.704879,-81.301224,186
Red3-1,35.703851,-81.298564,187
Red3-1,35.703565,-81.297882,188
Red3-1,35.703079,-81.296541,189
Red3-1,35.702884,-81.296063,190
Red3-1,35.70251,-81.294979,191
Red3-1,35.7023,-81.29419,192
Red3-1,35.70225,-81.29401,193
Red3-1,35.70215,-81.29371,194
Red3-1,35.70193,-81.29298,195
Red3-1,35.701727,-81.292467,196
Red3-1,35.7015,-81.29148,197
Red3-1,35.70142,-81.29119,198
Red3-1,35.70137,-81.29102,199
Red3-1,35.70118,-81.29031,200
Red3-1,35.70109,-81.29,201
Red3-1,35.70107,-81.28991,202
Red3-1,35.70093,-81.28939,203
Red3-1,35.70087,-81.28909,204
Red3-1,35.700843,-81.28888,205
Red3-1,35.700789,-81.288724,206
Red3-1,35.700678,-81.288396,207
Red3-1,35.700629,-81.288105,208
Red3-1,35.700557,-81.287746,209
Red3-1,35.700513,-81.287562,210
Red3-1,35.700427,-81.287126,211
Red3-1,35.700332,-81.286817,212
Red3-1,35.700235,-81.286459,213
Red3-1,35.700156,-81.286197,214
Red3-1,35.7001,-81.285869,215
Red3-1,35.700055,-81.285599,216
Red3-1,35.699956,-81.285187,217
Red3-1,35.69989,-81.284859,218
Red3-1,35.69976,-81.284199,219
Red3-1,35.699706,-81.28392,220
Red3-1,35.699615,-81.283553,221
Red3-1,35.699551,-81.283155,222
Red3-1,35.69951,-81.282797,223
Red3-1,35.69939,-81.282243,224
Red3-1,35.699268,-81.281671,225
Red3-1,35.699265,-81.281658,226
Red3-1,35.699252,-81.281625,227
Red3-1,35.699212,-81.28141,228
Red3-1,35.699162,-81.281165,229
Red3-1,35.698938,-81.2812,230
Red3-1,35.698362,-81.281316,231
Red3-1,35.698048,-81.281215,232
Red3-1,35.6978,-81.281214,233
Red3-1,35.697581,-81.281174,234
Red3-1,35.697425,-81.281147,235
Red3-1,35.697255,-81.281108,236
Red3-1,35.697236,-81.280815,237
Red3-1,35.69725,-81.280476,238
Red3-1,35.697255,-81.280393,239
Red3-1,35.697228,-81.280347,240
Red3-1,35.697209,-81.2803,241
Red3-1,35.697228,-81.280168,242
Red3-1,35.697239,-81.280055,243
Red3-1,35.697352,-81.280047,244
Red3-1,35.697457,-81.280046,245
Red3-1,35.697557,-81.280083,246
Red3-1,35.697738,-81.280085,247
Red3-1,35.697887,-81.280097,248
Red3-1,35.697994,-81.280099,249
Red3-1,35.698112,-81.280114,250
Red3-1,35.698262,-81.280116,251
Red3-1,35.698494,-81.280014,252
Red3-1,35.698962,-81.279864,253
Red3-1,35.699101,-81.279831,254
Red3-1,35.699177,-81.28039,255
Red3-1,35.699315,-81.28116,256
Red3-1,35.699389,-81.281637,257
Red3-1,35.69953,-81.282454,258
Red3-1,35.699578,-81.282684,259
Red3-1,35.699703,-81.28332,260
Red3-1,35.699812,-81.283783,261
Red3-1,35.699883,-81.284239,262
Red3-1,35.699935,-81.284524,263
Red3-1,35.700036,-81.284963,264
Red3-1,35.700107,-81.285264,265
Red3-1,35.700136,-81.285496,266
Red3-1,35.700233,-81.285741,267
Red3-1,35.700304,-81.285986,268
Red3-1,35.700314,-81.286209,269
Red3-1,35.700397,-81.286631,270
Red3-1,35.700496,-81.286862,271
Red3-1,35.700589,-81.287289,272
Red3-1,35.700704,-81.287883,273
Red3-1,35.700865,-81.288313,274
Red3-1,35.700971,-81.288648,275
Red3-1,35.701033,-81.288861,276
Red3-1,35.701188,-81.288902,277
Red3-1,35.701963,-81.288591,278
Red3-1,35.702891,-81.28832,279
Red3-1,35.703078,-81.288071,280
Red3-1,35.704692,-81.288173,281
Red3-1,35.704653,-81.287975,282
Red3-1,35.7046,-81.287273,283
Red3-1,35.704556,-81.286582,284
Red3-1,35.70452,-81.286014,285
Red3-1,35.704514,-81.286007,286
Red3-1,35.704422,-81.28553,287
Red3-1,35.704365,-81.285155,288
Red3-1,35.704359,-81.285107,289
Red3-1,35.704268,-81.284713,290
Red3-1,35.704263,-81.284706,291
Red3-1,35.704206,-81.284483,292
Red3-1,35.704155,-81.284327,293
Red3-1,35.70415,-81.284314,294
Red3-1,35.704099,-81.284178,295
Red3-1,35.703983,-81.284152,296
Red3-1,35.7023,-81.284829,297
Red3-1,35.701766,-81.285409,298
Red3-1,35.701481,-81.285572,299
Red3-1,35.701188,-81.285625,300
Red3-1,35.701009,-81.285676,301
Red3-1,35.70092,-81.285662,302
Red3-1,35.700971,-81.285534,303
Red3-1,35.700842,-81.284895,304
Red3-1,35.700789,-81.284495,305
Red3-1,35.700735,-81.284094,306
Red3-1,35.700629,-81.283695,307
Red3-1,35.70054,-81.283442,308
Red3-1,35.70036,-81.28286,309
Red3-1,35.70057,-81.28273,310
Red3-1,35.70074,-81.28261,311
Red3-1,35.70092,-81.28246,312
Red3-1,35.70141,-81.28205,313
Red3-1,35.70171,-81.28182,314
Red3-1,35.70208,-81.28155,315
Red3-1,35.70263,-81.28115,316
Red3-1,35.70279,-81.28102,317
Red3-1,35.70291,-81.28091,318
Red3-1,35.70302,-81.28079,319
Red3-1,35.70313,-81.28066,320
Red3-1,35.70323,-81.28051,321
Red3-1,35.70333,-81.28034,322
Red3-1,35.70346,-81.28011,323
Red3-1,35.70355,-81.27995,324
Red3-1,35.70362,-81.27985,325
Red3-1,35.70371,-81.27973,326
Red3-1,35.70378,-81.27966,327
Red3-1,35.70387,-81.27958,328
Red3-1,35.70392,-81.27954,329
Red3-1,35.70398,-81.2795,330
Red3-1,35.70408,-81.27943,331
Red3-1,35.70417,-81.27939,332
Red3-1,35.7043,-81.27934,333
Red3-1,35.70454,-81.27927,334
Red3-1,35.70496,-81.27916,335
Red3-1,35.70529,-81.27908,336
Red3-1,35.70544,-81.27904,337
Red3-1,35.7056,-81.279,338
Red3-1,35.70655,-81.27876,339
Red3-1,35.70709,-81.27863,340
Red3-1,35.70757,-81.2785,341
Red3-1,35.70804,-81.27837,342
Red3-1,35.70836,-81.27828,343
Red3-1,35.70869,-81.27819,344
Red3-1,35.70883,-81.27816,345
Red3-1,35.70898,-81.27815,346
Red3-1,35.70907,-81.27814,347
Red3-1,35.70912,-81.27815,348
Red3-1,35.70921,-81.27816,349
Red3-1,35.70927,-81.27817,350
Red3-1,35.70936,-81.27819,351
Red3-1,35.70942,-81.2782,352
Red3-1,35.70946,-81.27822,353
Red3-1,35.70951,-81.27823,354
Red3-1,35.70956,-81.27825,355
Red3-1,35.70973,-81.27832,356
Red3-1,35.70994,-81.27842,357
Red3-1,35.71017,-81.27853,358
Red3-1,35.71061,-81.27872,359
Red3-1,35.71077,-81.27878,360
Red3-1,35.71103,-81.27887,361
Red3-1,35.71104,-81.27864,362
Red3-1,35.71105,-81.27834,363
Red3-1,35.71104,-81.27826,364
Red3-1,35.71102,-81.27811,365
Red3-1,35.71099,-81.278,366
Red3-1,35.71096,-81.27792,367
Red3-1,35.7109,-81.27778,368
Red3-1,35.71082,-81.27766,369
Red3-1,35.71078,-81.2776,370
Red3-1,35.7107,-81.2775,371
Red3-1,35.71063,-81.27744,372
Red3-1,35.71058,-81.2774,373
Red3-1,35.71051,-81.27734,374
Red3-1,35.71046,-81.27731,375
Red3-1,35.7104,-81.27727,376
Red3-1,35.71034,-81.27724,377
Red3-1,35.71025,-81.27719,378
Red3-1,35.710062,-81.277174,379
Red3-1,35.71005,-81.27707,380
Red3-1,35.70996,-81.27703,381
Red3-1,35.70991,-81.277,382
Red3-1,35.70986,-81.27697,383
Red3-1,35.70979,-81.27692,384
Red3-1,35.70973,-81.27685,385
Red3-1,35.70968,-81.27681,386
Red3-1,35.70963,-81.27674,387
Red3-1,35.70959,-81.27668,388
Red3-1,35.70955,-81.27661,389
Red3-1,35.70952,-81.27655,390
Red3-1,35.70949,-81.27648,391
Red3-1,35.70946,-81.27641,392
Red3-1,35.70943,-81.27632,393
Red3-1,35.70942,-81.27624,394
Red3-1,35.70939,-81.27611,395
Red3-1,35.70938,-81.27595,396
Red3-1,35.70938,-81.27582,397
Red3-1,35.70938,-81.27569,398
Red3-1,35.70939,-81.27554,399
Red3-1,35.7094,-81.27538,400
Red3-1,35.70941,-81.27518,401
Red3-1,35.70942,-81.27503,402
Red3-1,35.70943,-81.2749,403
Red3-1,35.70943,-81.27474,404
Red3-1,35.70944,-81.27461,405
Red3-1,35.70944,-81.27452,406
Red3-1,35.70943,-81.27444,407
Red3-1,35.70943,-81.27436,408
Red3-1,35.70943,-81.27429,409
Red3-1,35.70941,-81.27419,410
Red3-1,35.7094,-81.27409,411
Red3-1,35.70939,-81.27397,412
Red3-1,35.70938,-81.27387,413
Red3-1,35.70936,-81.27375,414
Red3-1,35.709293,-81.273501,415
Red3-1,35.70927,-81.27323,416
Red3-1,35.7093,-81.27324,417
Red3-1,35.70937,-81.27332,418
Red3-1,35.70969,-81.27346,419
Red3-1,35.70979,-81.2735,420
Red3-1,35.70989,-81.27353,421
Red3-1,35.70999,-81.27354,422
Red3-1,35.71009,-81.27354,423
Red3-1,35.71025,-81.27352,424
Red3-1,35.71036,-81.2735,425
Red3-1,35.71067,-81.27341,426
Red3-1,35.71077,-81.27336,427
Red3-1,35.71087,-81.2733,428
Red3-1,35.71097,-81.27323,429
Red3-1,35.71105,-81.27315,430
Red3-1,35.71116,-81.27303,431
Red3-1,35.71127,-81.27287,432
Red3-1,35.71149,-81.27248,433
Red3-1,35.71157,-81.27233,434
Red3-1,35.711652,-81.272079,435
Red3-1,35.71178,-81.27185,436
Red3-1,35.71183,-81.27168,437
Red3-1,35.71188,-81.2715,438
Red3-1,35.7119,-81.27141,439
Red3-1,35.71191,-81.27132,440
Red3-1,35.71194,-81.27113,441
Red3-1,35.71198,-81.27063,442
Red3-1,35.712006,-81.269587,443
Red3-1,35.71205,-81.26951,444
Red3-1,35.71207,-81.26931,445
Red3-1,35.71209,-81.2692,446
Red3-1,35.71213,-81.26903,447
Red3-1,35.71214,-81.26898,448
Red3-1,35.71217,-81.26887,449
Red3-1,35.71226,-81.26866,450
Red3-1,35.71231,-81.26857,451
Red3-1,35.71236,-81.26847,452
Red3-1,35.71242,-81.26838,453
Red3-1,35.71248,-81.26829,454
Red3-1,35.71267,-81.26801,455
Red3-1,35.71274,-81.26788,456
Red3-1,35.7128,-81.26773,457
Red3-1,35.71284,-81.26757,458
Red3-1,35.71287,-81.26739,459
Red3-1,35.71288,-81.2672,460
Red3-1,35.71288,-81.26691,461
Red3-1,35.71285,-81.26647,462
Red3-1,35.71281,-81.265894,463
Red3-1,35.712826,-81.264894,464
Red3-1,35.714462,-81.265115,465
Red3-1,35.716759,-81.265416,466
Red3-1,35.716791,-81.267262,467
Red3-1,35.716527,-81.2673,468
Red3-1,35.716286,-81.267216,469
Red3-1,35.716049,-81.267221,470
Red3-1,35.71541,-81.267238,471
Red3-1,35.71504,-81.267148,472
Red3-1,35.714641,-81.266992,473
Red3-1,35.714341,-81.26683,474
Red3-1,35.713822,-81.266503,475
Red3-1,35.713413,-81.266128,476
Red3-1,35.713195,-81.265825,477
Red3-1,35.712824,-81.266181,478
Red3-1,35.71281,-81.265804,479
Red3-1,35.712826,-81.264898,480
Red3-1,35.7121,-81.26485,481
Red3-1,35.71163,-81.26479,482
Red3-1,35.7111,-81.26473,483
Red3-1,35.71083,-81.2647,484
Red3-1,35.710588,-81.264744,485
Red3-1,35.71023,-81.26461,486
Red3-1,35.71011,-81.26459,487
Red3-1,35.70985,-81.26452,488
Red3-1,35.70958,-81.26445,489
Red3-1,35.70917,-81.26431,490
Red3-1,35.70888,-81.26422,491
Red3-1,35.70869,-81.26415,492
Red3-1,35.70856,-81.26411,493
Red3-1,35.70701,-81.26352,494
Red3-1,35.705153,-81.262923,495
Red3-1,35.70491,-81.26276,496
Red3-1,35.70464,-81.26267,497
Red3-1,35.70441,-81.26258,498
Red3-1,35.7043,-81.26253,499
Red3-1,35.70419,-81.26249,500
Red3-1,35.7037,-81.26234,501
Red3-1,35.7035,-81.26229,502
Red3-1,35.70327,-81.26222,503
Red3-1,35.70291,-81.26214,504
Red3-1,35.70261,-81.26208,505
Red3-1,35.70211,-81.26202,506
Red3-1,35.70212,-81.26173,507
Red3-1,35.70214,-81.26156,508
Red3-1,35.70232,-81.26027,509
Red3-1,35.70249,-81.25914,510
Red3-1,35.70267,-81.25783,511
Red3-1,35.70272,-81.25749,512
Red3-1,35.70274,-81.25738,513
Red3-1,35.70284,-81.25725,514
Red3-1,35.70287,-81.25698,515
Red3-1,35.70291,-81.25674,516
Red3-1,35.70298,-81.25632,517
Red3-1,35.70302,-81.25606,518
Red3-1,35.70308,-81.25582,519
Red3-1,35.70311,-81.25568,520
Red3-1,35.70324,-81.25515,521
Red3-1,35.70327,-81.25502,522
Red3-1,35.70337,-81.25466,523
Red3-1,35.70341,-81.25453,524
Red3-1,35.70353,-81.25417,525
Red3-1,35.70362,-81.25389,526
Red3-1,35.70375,-81.25354,527
Red3-1,35.70404,-81.25282,528
Red3-1,35.70445,-81.25182,529
Red3-1,35.70529,-81.24979,530
Red3-1,35.7058,-81.24854,531
Red3-1,35.70585,-81.24844,532
Red3-1,35.70613,-81.24775,533
Red3-1,35.70618,-81.24762,534
Red3-1,35.7063,-81.24734,535
Red3-1,35.70641,-81.24708,536
Red3-1,35.70649,-81.24688,537
Red3-1,35.70659,-81.24662,538
Red3-1,35.70668,-81.24641,539
Red3-1,35.7068,-81.24613,540
Red3-1,35.70687,-81.24595,541
Red3-1,35.70694,-81.24578,542
Red3-1,35.70707,-81.24548,543
Red3-1,35.70716,-81.24523,544
Red3-1,35.70725,-81.24502,545
Red3-1,35.70741,-81.24464,546
Red3-1,35.70749,-81.24446,547
Red3-1,35.70763,-81.24412,548
Red3-1,35.70775,-81.24383,549
Red3-1,35.7079,-81.24346,550
Red3-1,35.70806,-81.24308,551
Red3-1,35.7083,-81.24249,552
Red3-1,35.70844,-81.24213,553
Red3-1,35.70852,-81.24196,554
Red3-1,35.70878,-81.2413,555
Red3-1,35.70889,-81.24104,556
Red3-1,35.70902,-81.24073,557
Red3-1,35.7091,-81.24055,558
Red3-1,35.70946,-81.23968,559
Red3-1,35.70996,-81.23845,560
Red3-1,35.71006,-81.23822,561
Red3-1,35.7101,-81.23811,562
Red3-1,35.71026,-81.23772,563
Red3-1,35.71055,-81.23701,564
Red3-1,35.71066,-81.23675,565
Red3-1,35.71093,-81.2361,566
Red3-1,35.71129,-81.23521,567
Red3-1,35.71181,-81.23396,568
Red3-1,35.71213,-81.23318,569
Red3-1,35.71226,-81.23287,570
Red3-1,35.71288,-81.23136,571
Red3-1,35.71298,-81.23112,572
Red3-1,35.71318,-81.23063,573
Red3-1,35.71332,-81.23027,574
Red3-1,35.71345,-81.22998,575
Red3-1,35.71369,-81.22939,576
Red3-1,35.71381,-81.22912,577
Red3-1,35.7139,-81.22891,578
Red3-1,35.71396,-81.22875,579
Red3-1,35.71418,-81.22822,580
Red3-1,35.71418,-81.2281,581
Red3-1,35.71418,-81.22809,582
Red3-1,35.71418,-81.22808,583
Red3-1,35.71421,-81.22801,584
Red3-1,35.71423,-81.22796,585
Red3-1,35.71424,-81.22791,586
Red3-1,35.71426,-81.22786,587
Red3-1,35.71427,-81.22778,588
Red3-1,35.71428,-81.22772,589
Red3-1,35.71428,-81.22766,590
Red3-1,35.71428,-81.2276,591
Red3-1,35.71429,-81.22754,592
Red3-1,35.71428,-81.22748,593
Red3-1,35.71427,-81.22742,594
Red3-1,35.71426,-81.22737,595
Red3-1,35.71425,-81.22733,596
Red3-1,35.71424,-81.22727,597
Red3-1,35.71422,-81.22723,598
Red3-1,35.71419,-81.22719,599
Red3-1,35.71418,-81.22716,600
Red3-1,35.71416,-81.22713,601
Red3-1,35.71412,-81.22708,602
Red3-1,35.7141,-81.22706,603
Red3-1,35.71408,-81.22704,604
Red3-1,35.71406,-81.22702,605
Red3-1,35.71404,-81.227,606
Red3-1,35.71402,-81.22699,607
Red3-1,35.71399,-81.22697,608
Red3-1,35.71393,-81.22693,609
Red3-1,35.7139,-81.22692,610
Red3-1,35.71387,-81.22691,611
Red3-1,35.71381,-81.2269,612
Red3-1,35.71376,-81.22689,613
Red3-1,35.71371,-81.22689,614
Red3-1,35.71366,-81.22689,615
Red3-1,35.71361,-81.2269,616
Red3-1,35.71356,-81.22691,617
Red3-1,35.71351,-81.22694,618
Red3-1,35.71347,-81.22696,619
Red3-1,35.71343,-81.22698,620
Red3-1,35.71337,-81.22701,621
Red3-1,35.71327,-81.22708,622
Red3-1,35.71318,-81.22715,623
Red3-1,35.71307,-81.22726,624
Red3-1,35.71301,-81.22731,625
Red3-1,35.71287,-81.22746,626
Red3-1,35.71319,-81.22792,627
Red3-1,35.71369,-81.22862,628
Red3-1,35.71397,-81.229,629
Red3-1,35.71425,-81.22938,630
Red3-1,35.7145,-81.22972,631
Red3-1,35.71498,-81.23033,632
Red3-1,35.71505,-81.23043,633
Red3-1,35.71529,-81.23068,634
Red3-1,35.71545,-81.23085,635
Red3-1,35.71555,-81.23096,636
Red3-1,35.71571,-81.23112,637
Red3-1,35.71575,-81.23116,638
Red3-1,35.71595,-81.23134,639
Red3-1,35.71613,-81.2315,640
Red3-1,35.71632,-81.23165,641
Red3-1,35.71651,-81.23181,642
Red3-1,35.71661,-81.23171,643
Red3-1,35.71679,-81.23139,644
Red3-1,35.71681,-81.23133,645
Red3-1,35.71682,-81.23129,646
Red3-1,35.71683,-81.23125,647
Red3-1,35.71682,-81.2312,648
Red3-1,35.71681,-81.23115,649
Red3-1,35.71678,-81.23107,650
Red3-1,35.71672,-81.23101,651
Red3-1,35.71665,-81.23097,652
Red3-1,35.71634,-81.23086,653
Red3-1,35.71627,-81.23083,654
Red3-1,35.71621,-81.23079,655
Red3-1,35.71614,-81.23072,656
Red3-1,35.71607,-81.23066,657
Red3-1,35.71601,-81.23059,658
Red3-1,35.71593,-81.23047,659
Red3-1,35.71588,-81.23038,660
Red3-1,35.71585,-81.23033,661
Red3-1,35.71581,-81.23021,662
Red3-1,35.71578,-81.23009,663
Red3-1,35.71576,-81.22996,664
Red3-1,35.71575,-81.2299,665
Red3-1,35.71575,-81.22977,666
Red3-1,35.71576,-81.22965,667
Red3-1,35.7158,-81.22947,668
Red3-1,35.71585,-81.2293,669
Red3-1,35.71597,-81.22899,670
Red3-1,35.71599,-81.22884,671
Red3-1,35.71599,-81.22874,672
Red3-1,35.71598,-81.22846,673
Red3-1,35.71592,-81.2275,674
Red3-1,35.71591,-81.22731,675
Red3-1,35.71592,-81.22712,676
Red3-1,35.71593,-81.22706,677
Red3-1,35.71596,-81.22694,678
Red3-1,35.71601,-81.22683,679
Red3-1,35.71607,-81.22673,680
Red3-1,35.71614,-81.22664,681
Red3-1,35.71618,-81.2266,682
Red3-1,35.71628,-81.22652,683
Red3-1,35.7164,-81.22647,684
Red3-1,35.71652,-81.22644,685
Red3-1,35.7168,-81.22642,686
Red3-1,35.71716,-81.2264,687
Red3-1,35.71745,-81.22638,688
Red3-1,35.71749,-81.22637,689
Red3-1,35.71756,-81.22633,690
Red3-1,35.71763,-81.22629,691
Red3-1,35.71766,-81.22626,692
Red3-1,35.71772,-81.22618,693
Red3-1,35.71778,-81.22607,694
Red3-1,35.71779,-81.22605,695
Red3-1,35.71784,-81.22596,696
Red3-1,35.71788,-81.22584,697
Red3-1,35.71816,-81.22495,698
Red3-1,35.71825,-81.22463,699
Red3-1,35.71809,-81.22453,700
Red3-1,35.7178,-81.22433,701
Red3-1,35.71666,-81.22349,702
Red3-1,35.71657,-81.22342,703
Red3-1,35.71648,-81.22336,704
Red3-1,35.71627,-81.2232,705
Red3-1,35.71618,-81.22313,706
Red3-1,35.71577,-81.22282,707
Red3-1,35.71498,-81.22224,708
Red3-1,35.71388,-81.22143,709
Red3-1,35.71325,-81.22095,710
Red3-1,35.71313,-81.22085,711
Red3-1,35.71304,-81.22077,712
Red3-1,35.71296,-81.22069,713
Red3-1,35.71285,-81.22057,714
Red3-1,35.71264,-81.22032,715
Red3-1,35.71253,-81.22019,716
Red3-1,35.71235,-81.21992,717
Red3-1,35.712048,-81.219492,718
Red3-1,35.71169,-81.2188,719
Red3-1,35.71152,-81.21851,720
Red3-1,35.71133,-81.21855,721
Red3-1,35.71097,-81.21859,722
Red3-1,35.710579,-81.218721,723
Red3-1,35.7094,-81.21874,724
Red3-1,35.70904,-81.21875,725
Red3-1,35.70879,-81.21875,726
Red3-1,35.70858,-81.21873,727
Red3-1,35.70828,-81.21869,728
Red3-1,35.70769,-81.21859,729
Red3-1,35.707441,-81.218637,730
Red3-1,35.707245,-81.218576,731
Red3-1,35.70704,-81.218539,732
Red3-1,35.706905,-81.218534,733
Red3-1,35.706897,-81.218528,734
Red3-1,35.706737,-81.218499,735
Red3-1,35.706591,-81.218543,736
Red3-1,35.706591,-81.218541,737
Red3-1,35.70609,-81.21884,738
Red3-1,35.70546,-81.21944,739
Red3-1,35.70487,-81.21997,740
Red3-1,35.704667,-81.220275,741
Red3-1,35.704524,-81.220367,742
Red3-1,35.70442,-81.220404,743
Red3-1,35.704377,-81.220408,744
Red3-1,35.704214,-81.220433,745
Red3-1,35.70411,-81.22038,746
Red3-1,35.70406,-81.22039,747
Red3-1,35.70401,-81.22039,748
Red3-1,35.70379,-81.2204,749
Red3-1,35.701983,-81.220528,750
Red3-1,35.70141,-81.22043,751
Red3-1,35.700908,-81.22043,752
Red3-1,35.70022,-81.22044,753
Red3-1,35.70005,-81.22044,754
Red3-1,35.69994,-81.22044,755
Red3-1,35.69985,-81.22043,756
Red3-1,35.69978,-81.22041,757
Red3-1,35.69971,-81.2204,758
Red3-1,35.69958,-81.22037,759
Red3-1,35.698352,-81.220079,760
Red3-1,35.69814,-81.21995,761
Red3-1,35.69789,-81.21987,762
Red3-1,35.69703,-81.21961,763
Red3-1,35.69673,-81.21954,764
Red3-1,35.6965,-81.21951,765
Red3-1,35.69628,-81.21948,766
Red3-1,35.69604,-81.21946,767
Red3-1,35.69567,-81.21943,768
Red3-1,35.6955,-81.21942,769
Red3-1,35.69494,-81.21937,770
Red3-1,35.69475,-81.21935,771
Red3-1,35.69446,-81.21933,772
Red3-1,35.69396,-81.21928,773
Red3-1,35.69232,-81.21913,774
Red3-1,35.691788,-81.219144,775
Red3-1,35.68978,-81.21894,776
Red3-1,35.68905,-81.21889,777
Red3-1,35.68833,-81.21884,778
Red3-1,35.68781,-81.21881,779
Red3-1,35.68763,-81.2188,780
Red3-1,35.68702,-81.21876,781
Red3-1,35.68641,-81.21872,782
Red3-1,35.68511,-81.21863,783
Red3-1,35.68421,-81.218588,784
Red3-1,35.683993,-81.218554,785
Red3-1,35.68357,-81.21854,786
Red3-1,35.68341,-81.21853,787
Red3-1,35.68299,-81.2185,788
Red3-1,35.68237,-81.21845,789
Red3-1,35.682285,-81.217978,790
Red3-1,35.682172,-81.21774,791
Red3-1,35.682152,-81.217713,792
Red3-1,35.68205,-81.21687,793
Red3-1,35.68201,-81.21666,794
Red3-1,35.68192,-81.21627,795
Red3-1,35.68171,-81.21553,796
Red3-1,35.68169,-81.21543,797
Red3-1,35.68168,-81.21533,798
Red3-1,35.68168,-81.21516,799
Red3-1,35.68168,-81.21508,800
Red3-1,35.68172,-81.21496,801
Red3-1,35.681843,-81.214625,802
Red3-1,35.682124,-81.213841,803
Red3-1,35.682151,-81.21375,804
Red3-1,35.68215,-81.213733,805
Red3-1,35.682145,-81.213703,806
Red3-1,35.6815,-81.21308,807
Red3-1,35.68122,-81.21283,808
Red3-1,35.6811,-81.21274,809
Red3-1,35.68101,-81.21267,810
Red3-1,35.68096,-81.21264,811
Red3-1,35.68087,-81.21259,812
Red3-1,35.680809,-81.212622,813
Red3-1,35.680744,-81.212575,814
Red3-1,35.68002,-81.21218,815
Red3-1,35.67983,-81.21209,816
Red3-1,35.67911,-81.21174,817
Red3-1,35.67895,-81.21167,818
Red3-1,35.67882,-81.21161,819
Red3-1,35.67865,-81.21153,820
Red3-1,35.67852,-81.21145,821
Red3-1,35.67845,-81.21141,822
Red3-1,35.6784,-81.21137,823
Red3-1,35.67829,-81.21128,824
Red3-1,35.67822,-81.21121,825
Red3-1,35.67817,-81.21114,826
Red3-1,35.67813,-81.21109,827
Red3-1,35.67809,-81.21104,828
Red3-1,35.67801,-81.21092,829
Red3-1,35.67786,-81.21069,830
Red3-1,35.67759,-81.21021,831
Red3-1,35.6774,-81.20984,832
Red3-1,35.67707,-81.20916,833
Red3-1,35.67633,-81.20761,834
Red3-1,35.675936,-81.206833,835
Red3-1,35.67541,-81.20567,836
Red3-1,35.674853,-81.205987,837
Red3-1,35.67448,-81.20614,838
Red3-1,35.67426,-81.20624,839
Red3-1,35.67411,-81.20631,840
Red3-1,35.67409,-81.20632,841
Red3-1,35.67398,-81.20637,842
Red3-1,35.67382,-81.20642,843
Red3-1,35.67372,-81.20644,844
Red3-1,35.67297,-81.20643,845
Red3-1,35.67261,-81.20638,846
Red3-1,35.67244,-81.20637,847
Red3-1,35.67222,-81.20638,848
Red3-1,35.67204,-81.20642,849
Red3-1,35.67192,-81.20646,850
Red3-1,35.6719,-81.20645,851
Red3-1,35.67182,-81.20649,852
Red3-1,35.6714,-81.20668,853
Red3-1,35.67053,-81.20707,854
Red3-1,35.67015,-81.20723,855
Red3-1,35.67,-81.20728,856
Red3-1,35.66985,-81.20731,857
Red3-1,35.66936,-81.20741,858
Red3-1,35.66916,-81.20745,859
Red3-1,35.66916,-81.20745,860
Red3-1,35.66907,-81.20749,861
Red3-1,35.66897,-81.20754,862
Red3-1,35.66884,-81.20763,863
Red3-1,35.66873,-81.20772,864
Red3-1,35.66748,-81.20894,865
Red3-1,35.66731,-81.2091,866
Red3-1,35.66716,-81.20925,867
Red3-1,35.66701,-81.2094,868
Red3-1,35.66689,-81.2096,869
Red3-1,35.66671,-81.20997,870
Red3-1,35.66644,-81.21056,871
Red3-1,35.666256,-81.211068,872
Red3-1,35.666253,-81.21108,873
Red3-1,35.66615,-81.21119,874
Red3-1,35.66606,-81.21135,875
Red3-1,35.66598,-81.21145,876
Red3-1,35.66595,-81.2115,877
Red3-1,35.66575,-81.21172,878
Red3-1,35.66545,-81.212,879
Red3-1,35.664577,-81.212853,880
Red3-1,35.66444,-81.21292,881
Red3-1,35.6643,-81.21306,882
Red3-1,35.66424,-81.21314,883
Red3-1,35.66419,-81.21321,884
Red3-1,35.66412,-81.21336,885
Red3-1,35.66408,-81.21346,886
Red3-1,35.66398,-81.21374,887
Red3-1,35.66397,-81.21376,888
Red3-1,35.66354,-81.21517,889
Red3-1,35.66331,-81.21592,890
Red3-1,35.66327,-81.21605,891
Red3-1,35.66311,-81.21674,892
Red3-1,35.66305,-81.21691,893
Red3-1,35.66302,-81.21698,894
Red3-1,35.66241,-81.21676,895
Red3-1,35.66191,-81.21658,896
Red3-1,35.66173,-81.21655,897
Red3-1,35.66094,-81.21646,898
Red3-1,35.65879,-81.21624,899
Red3-1,35.65723,-81.21607,900
Red3-1,35.65667,-81.21601,901
Red3-1,35.65649,-81.21598,902
Red3-1,35.6563,-81.21594,903
Red3-1,35.65615,-81.21593,904
Red3-1,35.65585,-81.21594,905
Red3-1,35.65568,-81.21598,906
Red3-1,35.65583,-81.21628,907
Red3-1,35.65594,-81.21651,908
Red3-1,35.65599,-81.21662,909
Red3-1,35.65606,-81.21677,910
Red3-1,35.65631,-81.21729,911
Red3-1,35.65634,-81.21733,912
Red3-1,35.65637,-81.21739,913
Red3-1,35.65642,-81.21749,914
Red3-1,35.65646,-81.21758,915
Red3-1,35.65654,-81.21771,916
Red3-1,35.65664,-81.21785,917
Red3-1,35.6568,-81.21805,918
Red3-1,35.65688,-81.21814,919
Red3-1,35.65702,-81.21827,920
Red3-1,35.65712,-81.21834,921
Red3-1,35.65728,-81.21844,922
Red3-1,35.65737,-81.21849,923
Red3-1,35.6577,-81.21867,924
Red3-1,35.65785,-81.21876,925
Red3-1,35.65796,-81.21882,926
Red3-1,35.65845,-81.21909,927
Red3-1,35.65872,-81.21925,928
Red3-1,35.65877,-81.21928,929
Red3-1,35.65885,-81.21933,930
Red3-1,35.65895,-81.21943,931
Red3-1,35.65903,-81.2195,932
Red3-1,35.6591,-81.21958,933
Red3-1,35.6592,-81.21971,934
Red3-1,35.65927,-81.21981,935
Red3-1,35.65937,-81.21998,936
Red3-1,35.65945,-81.22016,937
Red3-1,35.65952,-81.22037,938
Red3-1,35.65959,-81.22059,939
Red3-1,35.65964,-81.22083,940
Red3-1,35.6598,-81.22151,941
Red3-1,35.6599,-81.22193,942
Red3-1,35.66002,-81.22246,943
Red3-1,35.66016,-81.22306,944
Red3-1,35.66025,-81.22353,945
Red3-1,35.66034,-81.22396,946
Red3-1,35.66046,-81.22448,947
Red3-1,35.66069,-81.22558,948
Red3-1,35.66094,-81.22673,949
Red3-1,35.66114,-81.22763,950
Red3-1,35.66116,-81.22771,951
Red3-1,35.66116,-81.22775,952
Red3-1,35.66116,-81.22779,953
Red3-1,35.66115,-81.22786,954
Red3-1,35.66112,-81.22795,955
Red3-1,35.66107,-81.22804,956
Red3-1,35.661,-81.22814,957
Red3-1,35.66093,-81.22823,958
Red3-1,35.66078,-81.22835,959
Red3-1,35.66067,-81.22841,960
Red3-1,35.66058,-81.22845,961
Red3-1,35.66037,-81.22857,962
Red3-1,35.66011,-81.22868,963
Red3-1,35.66002,-81.22873,964
Red3-1,35.65993,-81.22878,965
Red3-1,35.65991,-81.22878,966
Red3-1,35.65981,-81.22885,967
Red3-1,35.65971,-81.22896,968
Red3-1,35.65964,-81.22905,969
Red3-1,35.65953,-81.22919,970
Red3-1,35.6591,-81.22974,971
Red3-1,35.65896,-81.22992,972
Red3-1,35.65883,-81.2301,973
Red3-1,35.65878,-81.23022,974
Red3-1,35.659,-81.2302,975
Red3-1,35.65925,-81.2302,976
Red3-1,35.65978,-81.23023,977
Red3-1,35.66024,-81.23027,978
Red3-1,35.66028,-81.23027,979
Red3-1,35.66087,-81.23036,980
Red3-1,35.66088,-81.23062,981
Red3-1,35.66095,-81.23084,982
Red3-1,35.66102,-81.23096,983
Red3-1,35.66112,-81.23107,984
Red3-1,35.66121,-81.231,985
Red3-1,35.66131,-81.23093,986
Red3-1,35.66151,-81.23084,987
Red3-1,35.66164,-81.23082,988
Red3-1,35.66182,-81.23082,989
Red3-1,35.66192,-81.23085,990
Red3-1,35.66213,-81.23096,991
Red3-1,35.66235,-81.23108,992
Red3-1,35.66297,-81.23139,993
Red3-1,35.66327,-81.23159,994
Red3-1,35.66339,-81.2317,995
Red3-1,35.66352,-81.23188,996
Red3-1,35.66363,-81.23204,997
Red3-1,35.6637,-81.2322,998
Red3-1,35.66379,-81.23233,999
Red3-1,35.66396,-81.23247,1000
Red3-1,35.66424,-81.23258,1001
Red3-1,35.66447,-81.23265,1002
Red3-1,35.66451,-81.23249,1003
Red3-1,35.66455,-81.23224,1004
Red3-1,35.66457,-81.23205,1005
Red3-1,35.66457,-81.23192,1006
Red3-1,35.66457,-81.2319,1007
Red3-1,35.66456,-81.23178,1008
Red3-1,35.66454,-81.23157,1009
Red3-1,35.66451,-81.23136,1010
Red3-1,35.66443,-81.231,1011
Red3-1,35.66431,-81.23046,1012
Red3-1,35.66421,-81.22951,1013
Red3-1,35.6642,-81.22943,1014
Red3-1,35.66418,-81.22928,1015
Red3-1,35.66414,-81.22873,1016
Red3-1,35.66411,-81.22852,1017
Red3-1,35.66406,-81.22794,1018
Red3-1,35.66406,-81.22793,1019
Red3-1,35.66405,-81.2277,1020
Red3-1,35.66403,-81.22754,1021
Red3-1,35.66399,-81.22731,1022
Red3-1,35.66387,-81.22676,1023
Red3-1,35.66377,-81.2264,1024
Red3-1,35.66336,-81.22475,1025
Red3-1,35.66334,-81.22463,1026
Red3-1,35.66332,-81.22455,1027
Red3-1,35.66323,-81.22419,1028
Red3-1,35.66308,-81.22354,1029
Red3-1,35.664636,-81.22296,1030
Red3-1,35.664509,-81.222402,1031
Red3-1,35.664171,-81.221002,1032
Red3-1,35.664402,-81.220922,1033
Red4,35.6644,-81.22093,0
Red4,35.66496,-81.22076,1
Red4,35.6655,-81.22056,2
Red4,35.66559,-81.2205,3
Red4,35.66671,-81.2204,4
Red4,35.66678,-81.2204,5
Red4,35.66686,-81.22042,6
Red4,35.6669,-81.22045,7
Red4,35.66694,-81.22048,8
Red4,35.66697,-81.22053,9
Red4,35.66701,-81.22063,10
Red4,35.66714,-81.22101,11
Red4,35.66719,-81.221,12
Red4,35.66725,-81.221,13
Red4,35.6673,-81.221,14
Red4,35.66746,-81.22102,15
Red4,35.66767,-81.22107,16
Red4,35.66898,-81.2213,17
Red4,35.66978,-81.22145,18
Red4,35.67002,-81.22149,19
Red4,35.67015,-81.2215,20
Red4,35.67024,-81.22151,21
Red4,35.67032,-81.22151,22
Red4,35.67054,-81.2215,23
Red4,35.67148,-81.22139,24
Red4,35.67294,-81.22121,25
Red4,35.674577,-81.220899,26
Red4,35.6756,-81.22082,27
Red4,35.67567,-81.2208,28
Red4,35.67571,-81.22079,29
Red4,35.67575,-81.22077,30
Red4,35.67597,-81.22068,31
Red4,35.6764,-81.22046,32
Red4,35.67686,-81.22024,33
Red4,35.67713,-81.22012,34
Red4,35.67781,-81.21979,35
Red4,35.67785,-81.21977,36
Red4,35.67788,-81.21976,37
Red4,35.67811,-81.21965,38
Red4,35.67832,-81.21956,39
Red4,35.67851,-81.21947,40
Red4,35.67881,-81.21934,41
Red4,35.67932,-81.21914,42
Red4,35.67979,-81.21896,43
Red4,35.68077,-81.21856,44
Red4,35.68089,-81.21852,45
Red4,35.68098,-81.21849,46
Red4,35.68111,-81.21845,47
Red4,35.6812,-81.21844,48
Red4,35.6813,-81.21843,49
Red4,35.68134,-81.21843,50
Red4,35.68148,-81.21844,51
Red4,35.68163,-81.21845,52
Red4,35.68171,-81.21846,53
Red4,35.68184,-81.21842,54
Red4,35.68194,-81.21842,55
Red4,35.68237,-81.21845,56
Red4,35.68299,-81.2185,57
Red4,35.68341,-81.21853,58
Red4,35.68357,-81.21854,59
Red4,35.68423,-81.21858,60
Red4,35.68511,-81.21863,61
Red4,35.68641,-81.21872,62
Red4,35.68702,-81.21876,63
Red4,35.68763,-81.2188,64
Red4,35.68781,-81.21881,65
Red4,35.68833,-81.21884,66
Red4,35.68905,-81.21889,67
Red4,35.68978,-81.21894,68
Red4,35.69116,-81.21903,69
Red4,35.69232,-81.21913,70
Red4,35.69396,-81.21928,71
Red4,35.69446,-81.21933,72
Red4,35.69475,-81.21935,73
Red4,35.69494,-81.21937,74
Red4,35.6955,-81.21942,75
Red4,35.69567,-81.21943,76
Red4,35.69604,-81.21946,77
Red4,35.69628,-81.21948,78
Red4,35.6965,-81.21951,79
Red4,35.69673,-81.21954,80
Red4,35.69703,-81.21961,81
Red4,35.69789,-81.21987,82
Red4,35.69814,-81.21995,83
Red4,35.69839,-81.22003,84
Red4,35.69958,-81.22037,85
Red4,35.69971,-81.2204,86
Red4,35.69978,-81.22041,87
Red4,35.69985,-81.22043,88
Red4,35.69994,-81.22044,89
Red4,35.70005,-81.22044,90
Red4,35.70022,-81.22044,91
Red4,35.70039,-81.22044,92
Red4,35.70141,-81.22043,93
Red4,35.70183,-81.22042,94
Red4,35.70379,-81.2204,95
Red4,35.70401,-81.22039,96
Red4,35.70406,-81.22039,97
Red4,35.70411,-81.22038,98
Red4,35.70417,-81.22038,99
Red4,35.70435,-81.22036,100
Red4,35.7044,-81.22034,101
Red4,35.70449,-81.2203,102
Red4,35.70458,-81.22025,103
Red4,35.70465,-81.22019,104
Red4,35.70487,-81.21997,105
Red4,35.70546,-81.21944,106
Red4,35.70609,-81.21884,107
Red4,35.70645,-81.21849,108
Red4,35.70655,-81.21843,109
Red4,35.70658,-81.21842,110
Red4,35.7066,-81.21841,111
Red4,35.70662,-81.21841,112
Red4,35.70666,-81.21842,113
Red4,35.70687,-81.21846,114
Red4,35.7071,-81.21849,115
Red4,35.70769,-81.21859,116
Red4,35.70828,-81.21869,117
Red4,35.70858,-81.21873,118
Red4,35.70879,-81.21875,119
Red4,35.70904,-81.21875,120
Red4,35.7094,-81.21874,121
Red4,35.71047,-81.21864,122
Red4,35.71097,-81.21859,123
Red4,35.71133,-81.21855,124
Red4,35.71152,-81.21851,125
Red4,35.71169,-81.2188,126
Red4,35.71209,-81.2195,127
Red4,35.71235,-81.21992,128
Red4,35.71253,-81.22019,129
Red4,35.71264,-81.22032,130
Red4,35.71285,-81.22057,131
Red4,35.71296,-81.22069,132
Red4,35.71304,-81.22077,133
Red4,35.71313,-81.22085,134
Red4,35.71325,-81.22095,135
Red4,35.71388,-81.22143,136
Red4,35.71498,-81.22224,137
Red4,35.71577,-81.22282,138
Red4,35.71618,-81.22313,139
Red4,35.71627,-81.2232,140
Red4,35.71648,-81.22336,141
Red4,35.71657,-81.22342,142
Red4,35.71666,-81.22349,143
Red4,35.7178,-81.22433,144
Red4,35.71809,-81.22453,145
Red4,35.71825,-81.22463,146
Red4,35.71816,-81.22495,147
Red4,35.71788,-81.22584,148
Red4,35.71784,-81.22596,149
Red4,35.71779,-81.22605,150
Red4,35.71778,-81.22607,151
Red4,35.71772,-81.22618,152
Red4,35.71766,-81.22626,153
Red4,35.71763,-81.22629,154
Red4,35.71756,-81.22633,155
Red4,35.71749,-81.22637,156
Red4,35.71745,-81.22638,157
Red4,35.71716,-81.2264,158
Red4,35.7168,-81.22642,159
Red4,35.71652,-81.22644,160
Red4,35.7164,-81.22647,161
Red4,35.71628,-81.22652,162
Red4,35.71618,-81.2266,163
Red4,35.71614,-81.22664,164
Red4,35.71607,-81.22673,165
Red4,35.71601,-81.22683,166
Red4,35.71596,-81.22694,167
Red4,35.71593,-81.22706,168
Red4,35.71592,-81.22712,169
Red4,35.71591,-81.22731,170
Red4,35.71592,-81.2275,171
Red4,35.71598,-81.22846,172
Red4,35.71599,-81.22874,173
Red4,35.71599,-81.22884,174
Red4,35.71597,-81.22899,175
Red4,35.71585,-81.2293,176
Red4,35.7158,-81.22947,177
Red4,35.71576,-81.22965,178
Red4,35.71575,-81.22977,179
Red4,35.71575,-81.2299,180
Red4,35.71576,-81.22996,181
Red4,35.71578,-81.23009,182
Red4,35.71581,-81.23021,183
Red4,35.71585,-81.23033,184
Red4,35.71588,-81.23038,185
Red4,35.71593,-81.23047,186
Red4,35.71601,-81.23059,187
Red4,35.71607,-81.23066,188
Red4,35.71614,-81.23072,189
Red4,35.71621,-81.23079,190
Red4,35.71627,-81.23083,191
Red4,35.71634,-81.23086,192
Red4,35.71665,-81.23097,193
Red4,35.71672,-81.23101,194
Red4,35.71678,-81.23107,195
Red4,35.71681,-81.23115,196
Red4,35.71682,-81.2312,197
Red4,35.71683,-81.23125,198
Red4,35.71682,-81.23129,199
Red4,35.71681,-81.23133,200
Red4,35.71679,-81.23139,201
Red4,35.71661,-81.23171,202
Red4,35.71651,-81.23181,203
Red4,35.71632,-81.23165,204
Red4,35.71613,-81.2315,205
Red4,35.71595,-81.23134,206
Red4,35.71575,-81.23116,207
Red4,35.71571,-81.23112,208
Red4,35.71555,-81.23096,209
Red4,35.71545,-81.23085,210
Red4,35.71529,-81.23068,211
Red4,35.71505,-81.23043,212
Red4,35.71498,-81.23033,213
Red4,35.71525,-81.22963,214
Red4,35.71527,-81.22958,215
Red4,35.71531,-81.22947,216
Red4,35.71534,-81.22938,217
Red4,35.71536,-81.2293,218
Red4,35.71537,-81.22922,219
Red4,35.71538,-81.22914,220
Red4,35.71538,-81.22906,221
Red4,35.71538,-81.22897,222
Red4,35.71537,-81.22889,223
Red4,35.71536,-81.22881,224
Red4,35.71535,-81.22876,225
Red4,35.71533,-81.22869,226
Red4,35.71531,-81.22862,227
Red4,35.71528,-81.22856,228
Red4,35.71525,-81.22849,229
Red4,35.71522,-81.22844,230
Red4,35.71518,-81.2284,231
Red4,35.71514,-81.22837,232
Red4,35.71512,-81.22836,233
Red4,35.7151,-81.22835,234
Red4,35.71506,-81.22832,235
Red4,35.715,-81.2283,236
Red4,35.71495,-81.22829,237
Red4,35.71491,-81.22828,238
Red4,35.71484,-81.22828,239
Red4,35.71478,-81.22829,240
Red4,35.71474,-81.22831,241
Red4,35.71468,-81.22834,242
Red4,35.71463,-81.22838,243
Red4,35.71455,-81.22844,244
Red4,35.71452,-81.22848,245
Red4,35.71446,-81.22855,246
Red4,35.71437,-81.2287,247
Red4,35.7143,-81.22886,248
Red4,35.71429,-81.22887,249
Red4,35.71428,-81.22888,250
Red4,35.71417,-81.22899,251
Red4,35.71414,-81.22908,252
Red4,35.71402,-81.22938,253
Red4,35.71392,-81.22964,254
Red4,35.71352,-81.2306,255
Red4,35.71254,-81.23299,256
Red4,35.71221,-81.23379,257
Red4,35.71115,-81.23636,258
Red4,35.71081,-81.23719,259
Red4,35.71048,-81.23798,260
Red4,35.70987,-81.23946,261
Red4,35.70973,-81.23984,262
Red4,35.70953,-81.24031,263
Red4,35.70935,-81.24074,264
Red4,35.70873,-81.24224,265
Red4,35.70863,-81.24248,266
Red4,35.70851,-81.24279,267
Red4,35.7084,-81.24305,268
Red4,35.70809,-81.24381,269
Red4,35.70794,-81.24416,270
Red4,35.70776,-81.24461,271
Red4,35.70768,-81.2448,272
Red4,35.7076,-81.24501,273
Red4,35.70749,-81.24526,274
Red4,35.7074,-81.24548,275
Red4,35.70729,-81.24574,276
Red4,35.70716,-81.24608,277
Red4,35.70689,-81.24671,278
Red4,35.70666,-81.24729,279
Red4,35.70645,-81.24777,280
Red4,35.70641,-81.24788,281
Red4,35.70574,-81.2495,282
Red4,35.70555,-81.24996,283
Red4,35.70481,-81.25177,284
Red4,35.70451,-81.2525,285
Red4,35.70441,-81.25273,286
Red4,35.70421,-81.25323,287
Red4,35.70407,-81.25359,288
Red4,35.70397,-81.25385,289
Red4,35.70387,-81.2541,290
Red4,35.70375,-81.25445,291
Red4,35.70367,-81.2547,292
Red4,35.7036,-81.25496,293
Red4,35.7035,-81.25535,294
Red4,35.70343,-81.25561,295
Red4,35.7034,-81.25574,296
Red4,35.70337,-81.25587,297
Red4,35.70331,-81.25619,298
Red4,35.70325,-81.25651,299
Red4,35.70318,-81.25691,300
Red4,35.70315,-81.25719,301
Red4,35.70318,-81.25733,302
Red4,35.70318,-81.25736,303
Red4,35.70318,-81.25745,304
Red4,35.70316,-81.25773,305
Red4,35.70316,-81.25782,306
Red4,35.70315,-81.25811,307
Red4,35.70316,-81.25828,308
Red4,35.70317,-81.25847,309
Red4,35.70319,-81.25867,310
Red4,35.70321,-81.25882,311
Red4,35.70325,-81.25906,312
Red4,35.70329,-81.25927,313
Red4,35.70335,-81.25948,314
Red4,35.70342,-81.25974,315
Red4,35.70348,-81.25993,316
Red4,35.70364,-81.26035,317
Red4,35.70375,-81.26063,318
Red4,35.70386,-81.26091,319
Red4,35.70406,-81.26139,320
Red4,35.70413,-81.26161,321
Red4,35.70417,-81.26172,322
Red4,35.7042,-81.26184,323
Red4,35.70421,-81.26192,324
Red4,35.70423,-81.26199,325
Red4,35.70425,-81.26209,326
Red4,35.70426,-81.26217,327
Red4,35.7043,-81.26253,328
Red4,35.70441,-81.26258,329
Red4,35.70464,-81.26267,330
Red4,35.70491,-81.26276,331
Red4,35.70522,-81.26287,332
Red4,35.70701,-81.26352,333
Red4,35.70856,-81.26411,334
Red4,35.70869,-81.26415,335
Red4,35.70888,-81.26422,336
Red4,35.70917,-81.26431,337
Red4,35.70958,-81.26445,338
Red4,35.70985,-81.26452,339
Red4,35.71011,-81.26459,340
Red4,35.71023,-81.26461,341
Red4,35.7104,-81.26464,342
Red4,35.71083,-81.2647,343
Red4,35.7111,-81.26473,344
Red4,35.71163,-81.26479,345
Red4,35.7121,-81.26485,346
Red4,35.714464,-81.265082,347
Red4,35.71462,-81.265246,348
Red4,35.714544,-81.26682,349
Red4,35.714276,-81.266784,350
Red4,35.713837,-81.266501,351
Red4,35.713168,-81.265803,352
Red4,35.713004,-81.265547,353
Red4,35.712901,-81.265513,354
Red4,35.712894,-81.265509,355
Red4,35.712853,-81.265607,356
Red4,35.712862,-81.265698,357
Red4,35.71283,-81.26614,358
Red4,35.71285,-81.26647,359
Red4,35.71288,-81.26691,360
Red4,35.71288,-81.2672,361
Red4,35.71287,-81.26739,362
Red4,35.71284,-81.26757,363
Red4,35.7128,-81.26773,364
Red4,35.71274,-81.26788,365
Red4,35.71267,-81.26801,366
Red4,35.71248,-81.26829,367
Red4,35.71242,-81.26838,368
Red4,35.71236,-81.26847,369
Red4,35.71231,-81.26857,370
Red4,35.71226,-81.26866,371
Red4,35.71217,-81.26887,372
Red4,35.71214,-81.26898,373
Red4,35.71213,-81.26903,374
Red4,35.712125,-81.269241,375
Red4,35.71207,-81.26931,376
Red4,35.71205,-81.26951,377
Red4,35.71203,-81.26972,378
Red4,35.71198,-81.27063,379
Red4,35.71194,-81.27113,380
Red4,35.71191,-81.27132,381
Red4,35.7119,-81.27141,382
Red4,35.71188,-81.2715,383
Red4,35.71183,-81.27168,384
Red4,35.71178,-81.27185,385
Red4,35.71167,-81.2721,386
Red4,35.71157,-81.27233,387
Red4,35.71149,-81.27248,388
Red4,35.71127,-81.27287,389
Red4,35.71116,-81.27303,390
Red4,35.71105,-81.27315,391
Red4,35.71097,-81.27323,392
Red4,35.71087,-81.2733,393
Red4,35.71077,-81.27336,394
Red4,35.71067,-81.27341,395
Red4,35.71036,-81.2735,396
Red4,35.71025,-81.27352,397
Red4,35.71009,-81.27354,398
Red4,35.70999,-81.27354,399
Red4,35.70989,-81.27353,400
Red4,35.70979,-81.2735,401
Red4,35.70969,-81.27346,402
Red4,35.70937,-81.27332,403
Red4,35.7093,-81.27324,404
Red4,35.70927,-81.27323,405
Red4,35.70933,-81.27356,406
Red4,35.70936,-81.27375,407
Red4,35.70938,-81.27387,408
Red4,35.70939,-81.27397,409
Red4,35.7094,-81.27409,410
Red4,35.70941,-81.27419,411
Red4,35.70943,-81.27429,412
Red4,35.70943,-81.27436,413
Red4,35.70943,-81.27444,414
Red4,35.70944,-81.27452,415
Red4,35.70944,-81.27461,416
Red4,35.70943,-81.27474,417
Red4,35.70943,-81.2749,418
Red4,35.70942,-81.27503,419
Red4,35.70941,-81.27518,420
Red4,35.7094,-81.27538,421
Red4,35.70939,-81.27554,422
Red4,35.70938,-81.27569,423
Red4,35.70938,-81.27582,424
Red4,35.70938,-81.27595,425
Red4,35.70939,-81.27611,426
Red4,35.70942,-81.27624,427
Red4,35.70943,-81.27632,428
Red4,35.70946,-81.27641,429
Red4,35.70949,-81.27648,430
Red4,35.70952,-81.27655,431
Red4,35.70955,-81.27661,432
Red4,35.70959,-81.27668,433
Red4,35.70963,-81.27674,434
Red4,35.70968,-81.27681,435
Red4,35.70973,-81.27685,436
Red4,35.70979,-81.27692,437
Red4,35.70986,-81.27697,438
Red4,35.70991,-81.277,439
Red4,35.70996,-81.27703,440
Red4,35.71005,-81.27707,441
Red4,35.71015,-81.27713,442
Red4,35.71025,-81.27719,443
Red4,35.71034,-81.27724,444
Red4,35.7104,-81.27727,445
Red4,35.71046,-81.27731,446
Red4,35.71051,-81.27734,447
Red4,35.71058,-81.2774,448
Red4,35.71063,-81.27744,449
Red4,35.7107,-81.2775,450
Red4,35.71078,-81.2776,451
Red4,35.71082,-81.27766,452
Red4,35.7109,-81.27778,453
Red4,35.71096,-81.27792,454
Red4,35.71099,-81.278,455
Red4,35.71102,-81.27811,456
Red4,35.71104,-81.27826,457
Red4,35.71105,-81.27834,458
Red4,35.71104,-81.27864,459
Red4,35.71103,-81.27887,460
Red4,35.71077,-81.27878,461
Red4,35.71061,-81.27872,462
Red4,35.71017,-81.27853,463
Red4,35.70994,-81.27842,464
Red4,35.70973,-81.27832,465
Red4,35.70956,-81.27825,466
Red4,35.70951,-81.27823,467
Red4,35.70946,-81.27822,468
Red4,35.70942,-81.2782,469
Red4,35.70936,-81.27819,470
Red4,35.70927,-81.27817,471
Red4,35.70921,-81.27816,472
Red4,35.70912,-81.27815,473
Red4,35.70907,-81.27814,474
Red4,35.70898,-81.27815,475
Red4,35.70883,-81.27816,476
Red4,35.70869,-81.27819,477
Red4,35.70836,-81.27828,478
Red4,35.70804,-81.27837,479
Red4,35.70757,-81.2785,480
Red4,35.70709,-81.27863,481
Red4,35.70655,-81.27876,482
Red4,35.7056,-81.279,483
Red4,35.70544,-81.27904,484
Red4,35.70529,-81.27908,485
Red4,35.70496,-81.27916,486
Red4,35.70454,-81.27927,487
Red4,35.7043,-81.27934,488
Red4,35.70417,-81.27939,489
Red4,35.70408,-81.27943,490
Red4,35.70398,-81.2795,491
Red4,35.70392,-81.27954,492
Red4,35.70387,-81.27958,493
Red4,35.70378,-81.27966,494
Red4,35.70371,-81.27973,495
Red4,35.70362,-81.27985,496
Red4,35.70355,-81.27995,497
Red4,35.70346,-81.28011,498
Red4,35.70333,-81.28034,499
Red4,35.70323,-81.28051,500
Red4,35.70313,-81.28066,501
Red4,35.70302,-81.28079,502
Red4,35.70291,-81.28091,503
Red4,35.70279,-81.28102,504
Red4,35.70263,-81.28115,505
Red4,35.70208,-81.28155,506
Red4,35.70171,-81.28182,507
Red4,35.70141,-81.28205,508
Red4,35.70092,-81.28246,509
Red4,35.70074,-81.28261,510
Red4,35.70057,-81.28273,511
Red4,35.70036,-81.28286,512
Red4,35.70019,-81.28293,513
Red4,35.70007,-81.28296,514
Red4,35.69993,-81.283,515
Red4,35.69958,-81.28307,516
Red4,35.69945,-81.28228,517
Red4,35.69936,-81.28176,518
Red4,35.6993,-81.28141,519
Red4,35.69926,-81.28115,520
Red4,35.69822,-81.2814,521
Red4,35.69822,-81.28124,522
Red4,35.69724,-81.28115,523
Red4,35.697255,-81.280662,524
Red4,35.697222,-81.280367,525
Red4,35.697233,-81.280209,526
Red4,35.697247,-81.280035,527
Red4,35.697368,-81.280077,528
Red4,35.697795,-81.280138,529
Red4,35.698284,-81.280161,530
Red4,35.698287,-81.280155,531
Red4,35.698567,-81.280097,532
Red4,35.698758,-81.280015,533
Red4,35.698923,-81.280054,534
Red4,35.699006,-81.280038,535
Red4,35.699083,-81.280067,536
Red4,35.699193,-81.280464,537
Red4,35.699693,-81.283359,538
Red4,35.700191,-81.285812,539
Red4,35.700195,-81.285825,540
Red4,35.700561,-81.287192,541
Red4,35.700692,-81.287846,542
Red4,35.700932,-81.288513,543
Red4,35.701076,-81.288834,544
Red4,35.701285,-81.288832,545
Red4,35.70192,-81.288571,546
Red4,35.702262,-81.288465,547
Red4,35.702288,-81.288465,548
Red4,35.702662,-81.288379,549
Red4,35.702957,-81.28835,550
Red4,35.704459,-81.288247,551
Red4,35.704695,-81.28801,552
Red4,35.704525,-81.286571,553
Red4,35.704536,-81.286528,554
Red4,35.704473,-81.286074,555
Red4,35.704468,-81.286061,556
Red4,35.704394,-81.285416,557
Red4,35.704295,-81.285079,558
Red4,35.704219,-81.284776,559
Red4,35.704214,-81.284763,560
Red4,35.704129,-81.28448,561
Red4,35.704045,-81.284233,562
Red4,35.703511,-81.284328,563
Red4,35.703503,-81.28433,564
Red4,35.702709,-81.284648,565
Red4,35.702389,-81.284803,566
Red4,35.702184,-81.284949,567
Red4,35.701946,-81.285112,568
Red4,35.701936,-81.285119,569
Red4,35.701716,-81.285453,570
Red4,35.701693,-81.285471,571
Red4,35.701467,-81.285634,572
Red4,35.701253,-81.285692,573
Red4,35.700934,-81.285733,574
Red4,35.700923,-81.285731,575
Red4,35.700643,-81.285772,576
Red4,35.70062,-81.285773,577
Red4,35.700397,-81.285829,578
Red4,35.700127,-81.285917,579
Red4,35.699914,-81.286011,580
Red4,35.69982,-81.286061,581
Red4,35.6998,-81.286065,582
Red4,35.699799,-81.286393,583
Red4,35.699902,-81.286839,584
Red4,35.700089,-81.287239,585
Red4,35.700131,-81.287388,586
Red4,35.700201,-81.287554,587
Red4,35.700282,-81.287722,588
Red4,35.700285,-81.287725,589
Red4,35.700341,-81.28798,590
Red4,35.700338,-81.287984,591
Red4,35.700351,-81.288297,592
Red4,35.700359,-81.28832,593
Red4,35.700364,-81.288331,594
Red4,35.700488,-81.288724,595
Red4,35.700496,-81.288739,596
Red4,35.700471,-81.28887,597
Red4,35.70032,-81.288991,598
Red4,35.700082,-81.289099,599
Red4,35.700083,-81.289269,600
Red4,35.700295,-81.289256,601
Red4,35.700493,-81.289178,602
Red4,35.700654,-81.28916,603
Red4,35.700754,-81.289139,604
Red4,35.700992,-81.289174,605
Red4,35.70131,-81.29029,606
Red4,35.70142,-81.29069,607
Red4,35.701689,-81.291494,608
Red4,35.70176,-81.29185,609
Red4,35.70189,-81.29224,610
Red4,35.702,-81.29262,611
Red4,35.70214,-81.29307,612
Red4,35.70226,-81.29343,613
Red4,35.70243,-81.29398,614
Red4,35.70248,-81.29416,615
Red4,35.70259,-81.29449,616
Red4,35.70291,-81.29543,617
Red4,35.70305,-81.29585,618
Red4,35.70319,-81.29626,619
Red4,35.70331,-81.29659,620
Red4,35.70334,-81.29668,621
Red4,35.703487,-81.297073,622
Red4,35.70384,-81.29807,623
Red4,35.70397,-81.29847,624
Red4,35.70398,-81.2985,625
Red4,35.704,-81.29856,626
Red4,35.70407,-81.2989,627
Red4,35.70424,-81.29932,628
Red4,35.70456,-81.30014,629
Red4,35.70472,-81.30052,630
Red4,35.70482,-81.30079,631
Red4,35.70485,-81.30086,632
Red4,35.70488,-81.30092,633
Red4,35.70501,-81.30125,634
Red4,35.7051,-81.30148,635
Red4,35.70514,-81.30158,636
Red4,35.70523,-81.30181,637
Red4,35.705502,-81.302477,638
Red4,35.705883,-81.302252,639
Red4,35.706428,-81.301958,640
Red4,35.706493,-81.302176,641
Red4,35.706383,-81.302252,642
Red4,35.706302,-81.302038,643
Red4,35.706124,-81.302112,644
Red4,35.706015,-81.30217,645
Red4,35.705855,-81.302282,646
Red4,35.705727,-81.302334,647
Red4,35.705436,-81.302511,648
Red4,35.705234,-81.302636,649
Red4,35.70463,-81.30301,650
Red4,35.704584,-81.302976,651
Red4,35.704489,-81.302809,652
Red4,35.704485,-81.302805,653
Red4,35.704383,-81.302644,654
Red4,35.704378,-81.302638,655
Red4,35.704265,-81.302577,656
Red4,35.704255,-81.302579,657
Red4,35.704241,-81.302578,658
Red4,35.704115,-81.30255,659
Red4,35.704107,-81.30255,660
Red4,35.704101,-81.302551,661
Red4,35.703976,-81.302528,662
Red4,35.703973,-81.302529,663
Red4,35.703962,-81.302533,664
Red4,35.703814,-81.302513,665
Red4,35.703806,-81.302512,666
Red4,35.703801,-81.302511,667
Red4,35.703396,-81.30249,668
Red4,35.703064,-81.302445,669
Red4,35.701902,-81.302292,670
Red4,35.701747,-81.302321,671
Red4,35.701627,-81.302421,672
Red4,35.701526,-81.302595,673
Red4,35.701523,-81.3026,674
Red4,35.7015,-81.302719,675
Red4,35.701493,-81.302732,676
Red4,35.701491,-81.302737,677
Red4,35.701419,-81.303153,678
Red4,35.701415,-81.303167,679
Red4,35.701414,-81.303173,680
Red4,35.701379,-81.303292,681
Red4,35.701382,-81.303298,682
Red4,35.70133,-81.303554,683
Red4,35.701311,-81.303766,684
Red4,35.701324,-81.303997,685
Red4,35.70136,-81.304232,686
Red4,35.701362,-81.304246,687
Red4,35.701366,-81.304254,688
Red4,35.701414,-81.304469,689
Red4,35.701413,-81.304477,690
Red4,35.701439,-81.304619,691
Red4,35.70144,-81.304632,692
Red4,35.701443,-81.304643,693
Red4,35.701483,-81.304787,694
Red4,35.701484,-81.304799,695
Red4,35.701543,-81.305001,696
Red4,35.701617,-81.305181,697
Red4,35.701624,-81.305194,698
Red4,35.701631,-81.305216,699
Red4,35.701638,-81.305227,700
Red4,35.70164,-81.305239,701
Red4,35.701649,-81.305248,702
Red4,35.701745,-81.305516,703
Red4,35.70175,-81.305525,704
Red4,35.701786,-81.305491,705
Red4,35.701826,-81.305424,706
Red4,35.701913,-81.305378,707
Red4,35.701976,-81.305354,708
Red4,35.702052,-81.305356,709
Red4,35.702136,-81.305396,710
Red4,35.702145,-81.305396,711
Red4,35.702278,-81.305437,712
Red4,35.702363,-81.305483,713
Red4,35.702434,-81.305497,714
Red4,35.702545,-81.305654,715
Red4,35.702596,-81.305852,716
Red4,35.702576,-81.305994,717
Red4,35.70256,-81.306174,718
Red4,35.702531,-81.306287,719
Red4,35.702489,-81.306395,720
Red4,35.702459,-81.306524,721
Red4,35.702415,-81.306686,722
Red4,35.702329,-81.306831,723
Red4,35.702379,-81.307052,724
Red4,35.702402,-81.307075,725
Red4,35.702419,-81.307092,726
Red4,35.702551,-81.307236,727
Red4,35.702558,-81.307255,728
Red4,35.702691,-81.30755,729
Red4,35.702688,-81.307571,730
Red4,35.702851,-81.30782,731
Red4,35.702848,-81.307841,732
Red4,35.703293,-81.308061,733
Red4,35.703815,-81.308309,734
Red4,35.703864,-81.308711,735
Red4,35.704089,-81.309128,736
Red4,35.704353,-81.309628,737
Red4,35.704569,-81.309931,738
Red4,35.70471,-81.310248,739
Red4,35.704792,-81.310474,740
Red4,35.705328,-81.310468,741
Red4,35.705849,-81.310429,742
Red4,35.706382,-81.310127,743
Red4,35.70648,-81.31005,744
Red4,35.70656,-81.309967,745
Red4,35.706624,-81.309894,746
Red4,35.706755,-81.309241,747
Red4,35.706858,-81.309069,748
Red4,35.707057,-81.308851,749
Red4,35.707421,-81.308658,750
Red4,35.707855,-81.308443,751
Red4,35.707978,-81.308394,752
Red4,35.708439,-81.309506,753
Red4,35.7086,-81.3099,754
Red4,35.70871,-81.31018,755
Red4,35.70893,-81.31076,756
Red4,35.70901,-81.31096,757
Red4,35.70919,-81.31145,758
Red4,35.70928,-81.31168,759
Red4,35.70942,-81.3121,760
Red4,35.7096,-81.31265,761
Red4,35.70971,-81.31302,762
Red4,35.70978,-81.31328,763
Red4,35.70977,-81.31344,764
Red4,35.70978,-81.31348,765
Red4,35.709884,-81.313833,766
Red4,35.709949,-81.314154,767
Red4,35.71006,-81.31455,768
Red4,35.71013,-81.3149,769
Red4,35.7102,-81.31528,770
Red4,35.71025,-81.31555,771
Red4,35.71031,-81.31594,772
Red4,35.71039,-81.31646,773
Red4,35.71049,-81.3172,774
Red4,35.710593,-81.318104,775
Red4,35.71071,-81.31897,776
Red4,35.71082,-81.31977,777
Red4,35.71088,-81.32027,778
Red4,35.71091,-81.32043,779
Red4,35.71108,-81.3218,780
Red4,35.71111,-81.32188,781
Red4,35.711174,-81.322121,782
Red4,35.71123,-81.32256,783
Red4,35.711262,-81.322862,784
Red4,35.71129,-81.32309,785
Red4,35.71137,-81.32368,786
Red4,35.71142,-81.32411,787
Red4,35.71159,-81.32545,788
Red4,35.7116,-81.32551,789
Red4,35.71162,-81.32569,790
Red4,35.7116,-81.32592,791
Red4,35.71162,-81.32609,792
Red4,35.71167,-81.32648,793
Red4,35.71169,-81.32657,794
Red4,35.71172,-81.3267,795
Red4,35.71181,-81.32719,796
Red4,35.71181,-81.32724,797
Red4,35.71184,-81.32735,798
Red4,35.71188,-81.32764,799
Red4,35.71189,-81.32768,800
Red4,35.71195,-81.32795,801
Red4,35.71196,-81.328,802
Red4,35.71204,-81.32833,803
Red4,35.71204,-81.32836,804
Red4,35.71213,-81.32875,805
Red4,35.71214,-81.32879,806
Red4,35.71221,-81.32904,807
Red4,35.7123,-81.32937,808
Red4,35.71253,-81.3302,809
Red4,35.7126,-81.33043,810
Red4,35.71271,-81.3308,811
Red4,35.71278,-81.33102,812
Red4,35.71285,-81.33124,813
Red4,35.7129,-81.33141,814
Red4,35.71304,-81.3318,815
Red4,35.71316,-81.33214,816
Red4,35.71324,-81.33235,817
Red4,35.71325,-81.33238,818
Red4,35.71335,-81.33265,819
Red4,35.713493,-81.332977,820
Red4,35.713646,-81.33333,821
Red4,35.71379,-81.33369,822
Red4,35.71394,-81.33402,823
Red4,35.71408,-81.33432,824
Red4,35.71422,-81.33461,825
Red4,35.714842,-81.335886,826
Red4,35.714936,-81.336077,827
Red4,35.71504,-81.33615,828
Red4,35.71513,-81.33633,829
Red4,35.71536,-81.33678,830
Red4,35.71545,-81.33696,831
Red4,35.71553,-81.337,832
Red4,35.71557,-81.33702,833
Red4,35.71566,-81.33712,834
Red4,35.71578,-81.33723,835
Red4,35.71587,-81.33732,836
Red4,35.71595,-81.33737,837
Red4,35.716,-81.33741,838
Red4,35.71606,-81.33745,839
Red4,35.71608,-81.33746,840
Red4,35.71613,-81.33753,841
Red4,35.71642,-81.33761,842
Red4,35.71713,-81.33781,843
Red4,35.71762,-81.33795,844
Red4,35.71789,-81.33805,845
Red4,35.718438,-81.338295,846
Red4,35.71902,-81.33852,847
Red4,35.71913,-81.33855,848
Red4,35.71923,-81.33857,849
Red4,35.71938,-81.33858,850
Red4,35.720046,-81.338584,851
Red4,35.720691,-81.338558,852
Red4,35.7211,-81.33856,853
Red4,35.722399,-81.338551,854
Red4,35.723426,-81.338512,855
Red4,35.723485,-81.338519,856
Red4,35.725528,-81.338365,857
Red4,35.72698,-81.338259,858
Red4,35.72747,-81.33821,859
Red4,35.728162,-81.338147,860
Red4,35.728902,-81.338153,861
Red4,35.729534,-81.338103,862
Red4,35.729887,-81.338075,863
Red4,35.730086,-81.338027,864
Red4,35.73023,-81.33807,865
Red4,35.73065,-81.33805,866
Red4,35.7311,-81.33803,867
Red4,35.73179,-81.338,868
Red4,35.732302,-81.337965,869
Red4,35.733,-81.33795,870
Red4,35.73331,-81.33794,871
Red4,35.73334,-81.33883,872
Red4,35.73335,-81.33949,873
Red4,35.73336,-81.33964,874
Red4,35.73312,-81.33963,875
Red4,35.73273,-81.33964,876
Red4,35.73246,-81.33964,877
Red4,35.73205,-81.33965,878
Red4,35.73199,-81.33964,879
Red4,35.73183,-81.33964,880
Red4,35.7314,-81.33953,881
Red4,35.73128,-81.33952,882
Red4,35.73124,-81.33952,883
Red4,35.73104,-81.33953,884
Red4,35.73069,-81.33955,885
Red4,35.730728,-81.34076,886
Red4,35.73074,-81.34143,887
Red4,35.730321,-81.341478,888
Red4-1,35.6644,-81.22093,0
Red4-1,35.66496,-81.22076,1
Red4-1,35.6655,-81.22056,2
Red4-1,35.66559,-81.2205,3
Red4-1,35.66671,-81.2204,4
Red4-1,35.66678,-81.2204,5
Red4-1,35.66686,-81.22042,6
Red4-1,35.6669,-81.22045,7
Red4-1,35.66694,-81.22048,8
Red4-1,35.66697,-81.22053,9
Red4-1,35.66701,-81.22063,10
Red4-1,35.66714,-81.22101,11
Red4-1,35.66719,-81.221,12
Red4-1,35.66725,-81.221,13
Red4-1,35.6673,-81.221,14
Red4-1,35.66746,-81.22102,15
Red4-1,35.66767,-81.22107,16
Red4-1,35.66898,-81.2213,17
Red4-1,35.66978,-81.22145,18
Red4-1,35.67002,-81.22149,19
Red4-1,35.67015,-81.2215,20
Red4-1,35.67024,-81.22151,21
Red4-1,35.67032,-81.22151,22
Red4-1,35.67054,-81.2215,23
Red4-1,35.67148,-81.22139,24
Red4-1,35.67294,-81.22121,25
Red4-1,35.674577,-81.220899,26
Red4-1,35.6756,-81.22082,27
Red4-1,35.67567,-81.2208,28
Red4-1,35.67571,-81.22079,29
Red4-1,35.67575,-81.22077,30
Red4-1,35.67597,-81.22068,31
Red4-1,35.6764,-81.22046,32
Red4-1,35.67686,-81.22024,33
Red4-1,35.67713,-81.22012,34
Red4-1,35.67781,-81.21979,35
Red4-1,35.67785,-81.21977,36
Red4-1,35.67788,-81.21976,37
Red4-1,35.67811,-81.21965,38
Red4-1,35.67832,-81.21956,39
Red4-1,35.67851,-81.21947,40
Red4-1,35.67881,-81.21934,41
Red4-1,35.67932,-81.21914,42
Red4-1,35.67979,-81.21896,43
Red4-1,35.68077,-81.21856,44
Red4-1,35.68089,-81.21852,45
Red4-1,35.68098,-81.21849,46
Red4-1,35.68111,-81.21845,47
Red4-1,35.6812,-81.21844,48
Red4-1,35.6813,-81.21843,49
Red4-1,35.68134,-81.21843,50
Red4-1,35.68148,-81.21844,51
Red4-1,35.68163,-81.21845,52
Red4-1,35.68171,-81.21846,53
Red4-1,35.68184,-81.21842,54
Red4-1,35.68194,-81.21842,55
Red4-1,35.68237,-81.21845,56
Red4-1,35.68299,-81.2185,57
Red4-1,35.68341,-81.21853,58
Red4-1,35.68357,-81.21854,59
Red4-1,35.68423,-81.21858,60
Red4-1,35.68511,-81.21863,61
Red4-1,35.68641,-81.21872,62
Red4-1,35.68702,-81.21876,63
Red4-1,35.68763,-81.2188,64
Red4-1,35.68781,-81.21881,65
Red4-1,35.68833,-81.21884,66
Red4-1,35.68905,-81.21889,67
Red4-1,35.68978,-81.21894,68
Red4-1,35.69116,-81.21903,69
Red4-1,35.69232,-81.21913,70
Red4-1,35.69396,-81.21928,71
Red4-1,35.69446,-81.21933,72
Red4-1,35.69475,-81.21935,73
Red4-1,35.69494,-81.21937,74
Red4-1,35.6955,-81.21942,75
Red4-1,35.69567,-81.21943,76
Red4-1,35.69604,-81.21946,77
Red4-1,35.69628,-81.21948,78
Red4-1,35.6965,-81.21951,79
Red4-1,35.69673,-81.21954,80
Red4-1,35.69703,-81.21961,81
Red4-1,35.69789,-81.21987,82
Red4-1,35.69814,-81.21995,83
Red4-1,35.69839,-81.22003,84
Red4-1,35.69958,-81.22037,85
Red4-1,35.69971,-81.2204,86
Red4-1,35.69978,-81.22041,87
Red4-1,35.69985,-81.22043,88
Red4-1,35.69994,-81.22044,89
Red4-1,35.70005,-81.22044,90
Red4-1,35.70022,-81.22044,91
Red4-1,35.70039,-81.22044,92
Red4-1,35.70141,-81.22043,93
Red4-1,35.70183,-81.22042,94
Red4-1,35.70379,-81.2204,95
Red4-1,35.70401,-81.22039,96
Red4-1,35.70406,-81.22039,97
Red4-1,35.70411,-81.22038,98
Red4-1,35.70417,-81.22038,99
Red4-1,35.70435,-81.22036,100
Red4-1,35.7044,-81.22034,101
Red4-1,35.70449,-81.2203,102
Red4-1,35.70458,-81.22025,103
Red4-1,35.70465,-81.22019,104
Red4-1,35.70487,-81.21997,105
Red4-1,35.70546,-81.21944,106
Red4-1,35.70609,-81.21884,107
Red4-1,35.70645,-81.21849,108
Red4-1,35.70655,-81.21843,109
Red4-1,35.70658,-81.21842,110
Red4-1,35.7066,-81.21841,111
Red4-1,35.70662,-81.21841,112
Red4-1,35.70666,-81.21842,113
Red4-1,35.70687,-81.21846,114
Red4-1,35.7071,-81.21849,115
Red4-1,35.70769,-81.21859,116
Red4-1,35.70828,-81.21869,117
Red4-1,35.70858,-81.21873,118
Red4-1,35.70879,-81.21875,119
Red4-1,35.70904,-81.21875,120
Red4-1,35.7094,-81.21874,121
Red4-1,35.71047,-81.21864,122
Red4-1,35.71097,-81.21859,123
Red4-1,35.71133,-81.21855,124
Red4-1,35.71152,-81.21851,125
Red4-1,35.71169,-81.2188,126
Red4-1,35.71209,-81.2195,127
Red4-1,35.71235,-81.21992,128
Red4-1,35.71253,-81.22019,129
Red4-1,35.71264,-81.22032,130
Red4-1,35.71285,-81.22057,131
Red4-1,35.71296,-81.22069,132
Red4-1,35.71304,-81.22077,133
Red4-1,35.71313,-81.22085,134
Red4-1,35.71325,-81.22095,135
Red4-1,35.71388,-81.22143,136
Red4-1,35.71498,-81.22224,137
Red4-1,35.71577,-81.22282,138
Red4-1,35.71618,-81.22313,139
Red4-1,35.71627,-81.2232,140
Red4-1,35.71648,-81.22336,141
Red4-1,35.71657,-81.22342,142
Red4-1,35.71666,-81.22349,143
Red4-1,35.7178,-81.22433,144
Red4-1,35.71809,-81.22453,145
Red4-1,35.71825,-81.22463,146
Red4-1,35.71816,-81.22495,147
Red4-1,35.71788,-81.22584,148
Red4-1,35.71784,-81.22596,149
Red4-1,35.71779,-81.22605,150
Red4-1,35.71778,-81.22607,151
Red4-1,35.71772,-81.22618,152
Red4-1,35.71766,-81.22626,153
Red4-1,35.71763,-81.22629,154
Red4-1,35.71756,-81.22633,155
Red4-1,35.71749,-81.22637,156
Red4-1,35.71745,-81.22638,157
Red4-1,35.71716,-81.2264,158
Red4-1,35.7168,-81.22642,159
Red4-1,35.71652,-81.22644,160
Red4-1,35.7164,-81.22647,161
Red4-1,35.71628,-81.22652,162
Red4-1,35.71618,-81.2266,163
Red4-1,35.71614,-81.22664,164
Red4-1,35.71607,-81.22673,165
Red4-1,35.71601,-81.22683,166
Red4-1,35.71596,-81.22694,167
Red4-1,35.71593,-81.22706,168
Red4-1,35.71592,-81.22712,169
Red4-1,35.71591,-81.22731,170
Red4-1,35.71592,-81.2275,171
Red4-1,35.71598,-81.22846,172
Red4-1,35.71599,-81.22874,173
Red4-1,35.71599,-81.22884,174
Red4-1,35.71597,-81.22899,175
Red4-1,35.71585,-81.2293,176
Red4-1,35.7158,-81.22947,177
Red4-1,35.71576,-81.22965,178
Red4-1,35.71575,-81.22977,179
Red4-1,35.71575,-81.2299,180
Red4-1,35.71576,-81.22996,181
Red4-1,35.71578,-81.23009,182
Red4-1,35.71581,-81.23021,183
Red4-1,35.71585,-81.23033,184
Red4-1,35.71588,-81.23038,185
Red4-1,35.71593,-81.23047,186
Red4-1,35.71601,-81.23059,187
Red4-1,35.71607,-81.23066,188
Red4-1,35.71614,-81.23072,189
Red4-1,35.71621,-81.23079,190
Red4-1,35.71627,-81.23083,191
Red4-1,35.71634,-81.23086,192
Red4-1,35.71665,-81.23097,193
Red4-1,35.71672,-81.23101,194
Red4-1,35.71678,-81.23107,195
Red4-1,35.71681,-81.23115,196
Red4-1,35.71682,-81.2312,197
Red4-1,35.71683,-81.23125,198
Red4-1,35.71682,-81.23129,199
Red4-1,35.71681,-81.23133,200
Red4-1,35.71679,-81.23139,201
Red4-1,35.71661,-81.23171,202
Red4-1,35.71651,-81.23181,203
Red4-1,35.71632,-81.23165,204
Red4-1,35.71613,-81.2315,205
Red4-1,35.71595,-81.23134,206
Red4-1,35.71575,-81.23116,207
Red4-1,35.71571,-81.23112,208
Red4-1,35.71555,-81.23096,209
Red4-1,35.71545,-81.23085,210
Red4-1,35.71529,-81.23068,211
Red4-1,35.71505,-81.23043,212
Red4-1,35.71498,-81.23033,213
Red4-1,35.71525,-81.22963,214
Red4-1,35.71527,-81.22958,215
Red4-1,35.71531,-81.22947,216
Red4-1,35.71534,-81.22938,217
Red4-1,35.71536,-81.2293,218
Red4-1,35.71537,-81.22922,219
Red4-1,35.71538,-81.22914,220
Red4-1,35.71538,-81.22906,221
Red4-1,35.71538,-81.22897,222
Red4-1,35.71537,-81.22889,223
Red4-1,35.71536,-81.22881,224
Red4-1,35.71535,-81.22876,225
Red4-1,35.71533,-81.22869,226
Red4-1,35.71531,-81.22862,227
Red4-1,35.71528,-81.22856,228
Red4-1,35.71525,-81.22849,229
Red4-1,35.71522,-81.22844,230
Red4-1,35.71518,-81.2284,231
Red4-1,35.71514,-81.22837,232
Red4-1,35.71512,-81.22836,233
Red4-1,35.7151,-81.22835,234
Red4-1,35.71506,-81.22832,235
Red4-1,35.715,-81.2283,236
Red4-1,35.71495,-81.22829,237
Red4-1,35.71491,-81.22828,238
Red4-1,35.71484,-81.22828,239
Red4-1,35.71478,-81.22829,240
Red4-1,35.71474,-81.22831,241
Red4-1,35.71468,-81.22834,242
Red4-1,35.71463,-81.22838,243
Red4-1,35.71455,-81.22844,244
Red4-1,35.71452,-81.22848,245
Red4-1,35.71446,-81.22855,246
Red4-1,35.71437,-81.2287,247
Red4-1,35.7143,-81.22886,248
Red4-1,35.71429,-81.22887,249
Red4-1,35.71428,-81.22888,250
Red4-1,35.71417,-81.22899,251
Red4-1,35.71414,-81.22908,252
Red4-1,35.71402,-81.22938,253
Red4-1,35.71392,-81.22964,254
Red4-1,35.71352,-81.2306,255
Red4-1,35.71254,-81.23299,256
Red4-1,35.71221,-81.23379,257
Red4-1,35.71115,-81.23636,258
Red4-1,35.71081,-81.23719,259
Red4-1,35.71048,-81.23798,260
Red4-1,35.70987,-81.23946,261
Red4-1,35.70973,-81.23984,262
Red4-1,35.70953,-81.24031,263
Red4-1,35.70935,-81.24074,264
Red4-1,35.70873,-81.24224,265
Red4-1,35.70863,-81.24248,266
Red4-1,35.70851,-81.24279,267
Red4-1,35.7084,-81.24305,268
Red4-1,35.70809,-81.24381,269
Red4-1,35.70794,-81.24416,270
Red4-1,35.70776,-81.24461,271
Red4-1,35.70768,-81.2448,272
Red4-1,35.7076,-81.24501,273
Red4-1,35.70749,-81.24526,274
Red4-1,35.7074,-81.24548,275
Red4-1,35.70729,-81.24574,276
Red4-1,35.70716,-81.24608,277
Red4-1,35.70689,-81.24671,278
Red4-1,35.70666,-81.24729,279
Red4-1,35.70645,-81.24777,280
Red4-1,35.70641,-81.24788,281
Red4-1,35.70574,-81.2495,282
Red4-1,35.70555,-81.24996,283
Red4-1,35.70481,-81.25177,284
Red4-1,35.70451,-81.2525,285
Red4-1,35.70441,-81.25273,286
Red4-1,35.70421,-81.25323,287
Red4-1,35.70407,-81.25359,288
Red4-1,35.70397,-81.25385,289
Red4-1,35.70387,-81.2541,290
Red4-1,35.70375,-81.25445,291
Red4-1,35.70367,-81.2547,292
Red4-1,35.7036,-81.25496,293
Red4-1,35.7035,-81.25535,294
Red4-1,35.70343,-81.25561,295
Red4-1,35.7034,-81.25574,296
Red4-1,35.70337,-81.25587,297
Red4-1,35.70331,-81.25619,298
Red4-1,35.70325,-81.25651,299
Red4-1,35.70318,-81.25691,300
Red4-1,35.70315,-81.25719,301
Red4-1,35.70318,-81.25733,302
Red4-1,35.70318,-81.25736,303
Red4-1,35.70318,-81.25745,304
Red4-1,35.70316,-81.25773,305
Red4-1,35.70316,-81.25782,306
Red4-1,35.70315,-81.25811,307
Red4-1,35.70316,-81.25828,308
Red4-1,35.70317,-81.25847,309
Red4-1,35.70319,-81.25867,310
Red4-1,35.70321,-81.25882,311
Red4-1,35.70325,-81.25906,312
Red4-1,35.70329,-81.25927,313
Red4-1,35.70335,-81.25948,314
Red4-1,35.70342,-81.25974,315
Red4-1,35.70348,-81.25993,316
Red4-1,35.70364,-81.26035,317
Red4-1,35.70375,-81.26063,318
Red4-1,35.70386,-81.26091,319
Red4-1,35.70406,-81.26139,320
Red4-1,35.70413,-81.26161,321
Red4-1,35.70417,-81.26172,322
Red4-1,35.7042,-81.26184,323
Red4-1,35.70421,-81.26192,324
Red4-1,35.70423,-81.26199,325
Red4-1,35.70425,-81.26209,326
Red4-1,35.70426,-81.26217,327
Red4-1,35.7043,-81.26253,328
Red4-1,35.70441,-81.26258,329
Red4-1,35.70464,-81.26267,330
Red4-1,35.70491,-81.26276,331
Red4-1,35.70522,-81.26287,332
Red4-1,35.70701,-81.26352,333
Red4-1,35.70856,-81.26411,334
Red4-1,35.70869,-81.26415,335
Red4-1,35.70888,-81.26422,336
Red4-1,35.70917,-81.26431,337
Red4-1,35.70958,-81.26445,338
Red4-1,35.70985,-81.26452,339
Red4-1,35.71011,-81.26459,340
Red4-1,35.71023,-81.26461,341
Red4-1,35.7104,-81.26464,342
Red4-1,35.71083,-81.2647,343
Red4-1,35.7111,-81.26473,344
Red4-1,35.71163,-81.26479,345
Red4-1,35.7121,-81.26485,346
Red4-1,35.714464,-81.265082,347
Red4-1,35.71462,-81.265246,348
Red4-1,35.714544,-81.26682,349
Red4-1,35.714276,-81.266784,350
Red4-1,35.713837,-81.266501,351
Red4-1,35.713168,-81.265803,352
Red4-1,35.713004,-81.265547,353
Red4-1,35.712901,-81.265513,354
Red4-1,35.712894,-81.265509,355
Red4-1,35.712853,-81.265607,356
Red4-1,35.712862,-81.265698,357
Red4-1,35.71283,-81.26614,358
Red4-1,35.71285,-81.26647,359
Red4-1,35.71288,-81.26691,360
Red4-1,35.71288,-81.2672,361
Red4-1,35.71287,-81.26739,362
Red4-1,35.71284,-81.26757,363
Red4-1,35.7128,-81.26773,364
Red4-1,35.71274,-81.26788,365
Red4-1,35.71267,-81.26801,366
Red4-1,35.71248,-81.26829,367
Red4-1,35.71242,-81.26838,368
Red4-1,35.71236,-81.26847,369
Red4-1,35.71231,-81.26857,370
Red4-1,35.71226,-81.26866,371
Red4-1,35.71217,-81.26887,372
Red4-1,35.71214,-81.26898,373
Red4-1,35.71213,-81.26903,374
Red4-1,35.712125,-81.269241,375
Red4-1,35.71207,-81.26931,376
Red4-1,35.71205,-81.26951,377
Red4-1,35.71203,-81.26972,378
Red4-1,35.71198,-81.27063,379
Red4-1,35.71194,-81.27113,380
Red4-1,35.71191,-81.27132,381
Red4-1,35.7119,-81.27141,382
Red4-1,35.71188,-81.2715,383
Red4-1,35.71183,-81.27168,384
Red4-1,35.71178,-81.27185,385
Red4-1,35.71167,-81.2721,386
Red4-1,35.71157,-81.27233,387
Red4-1,35.71149,-81.27248,388
Red4-1,35.71127,-81.27287,389
Red4-1,35.71116,-81.27303,390
Red4-1,35.71105,-81.27315,391
Red4-1,35.71097,-81.27323,392
Red4-1,35.71087,-81.2733,393
Red4-1,35.71077,-81.27336,394
Red4-1,35.71067,-81.27341,395
Red4-1,35.71036,-81.2735,396
Red4-1,35.71025,-81.27352,397
Red4-1,35.71009,-81.27354,398
Red4-1,35.70999,-81.27354,399
Red4-1,35.70989,-81.27353,400
Red4-1,35.70979,-81.2735,401
Red4-1,35.70969,-81.27346,402
Red4-1,35.70937,-81.27332,403
Red4-1,35.7093,-81.27324,404
Red4-1,35.70927,-81.27323,405
Red4-1,35.70933,-81.27356,406
Red4-1,35.70936,-81.27375,407
Red4-1,35.70938,-81.27387,408
Red4-1,35.70939,-81.27397,409
Red4-1,35.7094,-81.27409,410
Red4-1,35.70941,-81.27419,411
Red4-1,35.70943,-81.27429,412
Red4-1,35.70943,-81.27436,413
Red4-1,35.70943,-81.27444,414
Red4-1,35.70944,-81.27452,415
Red4-1,35.70944,-81.27461,416
Red4-1,35.70943,-81.27474,417
Red4-1,35.70943,-81.2749,418
Red4-1,35.70942,-81.27503,419
Red4-1,35.70941,-81.27518,420
Red4-1,35.7094,-81.27538,421
Red4-1,35.70939,-81.27554,422
Red4-1,35.70938,-81.27569,423
Red4-1,35.70938,-81.27582,424
Red4-1,35.70938,-81.27595,425
Red4-1,35.70939,-81.27611,426
Red4-1,35.70942,-81.27624,427
Red4-1,35.70943,-81.27632,428
Red4-1,35.70946,-81.27641,429
Red4-1,35.70949,-81.27648,430
Red4-1,35.70952,-81.27655,431
Red4-1,35.70955,-81.27661,432
Red4-1,35.70959,-81.27668,433
Red4-1,35.70963,-81.27674,434
Red4-1,35.70968,-81.27681,435
Red4-1,35.70973,-81.27685,436
Red4-1,35.70979,-81.27692,437
Red4-1,35.70986,-81.27697,438
Red4-1,35.70991,-81.277,439
Red4-1,35.70996,-81.27703,440
Red4-1,35.71005,-81.27707,441
Red4-1,35.71015,-81.27713,442
Red4-1,35.71025,-81.27719,443
Red4-1,35.71034,-81.27724,444
Red4-1,35.7104,-81.27727,445
Red4-1,35.71046,-81.27731,446
Red4-1,35.71051,-81.27734,447
Red4-1,35.71058,-81.2774,448
Red4-1,35.71063,-81.27744,449
Red4-1,35.7107,-81.2775,450
Red4-1,35.71078,-81.2776,451
Red4-1,35.71082,-81.27766,452
Red4-1,35.7109,-81.27778,453
Red4-1,35.71096,-81.27792,454
Red4-1,35.71099,-81.278,455
Red4-1,35.71102,-81.27811,456
Red4-1,35.71104,-81.27826,457
Red4-1,35.71105,-81.27834,458
Red4-1,35.71104,-81.27864,459
Red4-1,35.71103,-81.27887,460
Red4-1,35.71077,-81.27878,461
Red4-1,35.71061,-81.27872,462
Red4-1,35.71017,-81.27853,463
Red4-1,35.70994,-81.27842,464
Red4-1,35.70973,-81.27832,465
Red4-1,35.70956,-81.27825,466
Red4-1,35.70951,-81.27823,467
Red4-1,35.70946,-81.27822,468
Red4-1,35.70942,-81.2782,469
Red4-1,35.70936,-81.27819,470
Red4-1,35.70927,-81.27817,471
Red4-1,35.70921,-81.27816,472
Red4-1,35.70912,-81.27815,473
Red4-1,35.70907,-81.27814,474
Red4-1,35.70898,-81.27815,475
Red4-1,35.70883,-81.27816,476
Red4-1,35.70869,-81.27819,477
Red4-1,35.70836,-81.27828,478
Red4-1,35.70804,-81.27837,479
Red4-1,35.70757,-81.2785,480
Red4-1,35.70709,-81.27863,481
Red4-1,35.70655,-81.27876,482
Red4-1,35.7056,-81.279,483
Red4-1,35.70544,-81.27904,484
Red4-1,35.70529,-81.27908,485
Red4-1,35.70496,-81.27916,486
Red4-1,35.70454,-81.27927,487
Red4-1,35.7043,-81.27934,488
Red4-1,35.70417,-81.27939,489
Red4-1,35.70408,-81.27943,490
Red4-1,35.70398,-81.2795,491
Red4-1,35.70392,-81.27954,492
Red4-1,35.70387,-81.27958,493
Red4-1,35.70378,-81.27966,494
Red4-1,35.70371,-81.27973,495
Red4-1,35.70362,-81.27985,496
Red4-1,35.70355,-81.27995,497
Red4-1,35.70346,-81.28011,498
Red4-1,35.70333,-81.28034,499
Red4-1,35.70323,-81.28051,500
Red4-1,35.70313,-81.28066,501
Red4-1,35.70302,-81.28079,502
Red4-1,35.70291,-81.28091,503
Red4-1,35.70279,-81.28102,504
Red4-1,35.70263,-81.28115,505
Red4-1,35.70208,-81.28155,506
Red4-1,35.70171,-81.28182,507
Red4-1,35.70141,-81.28205,508
Red4-1,35.70092,-81.28246,509
Red4-1,35.70074,-81.28261,510
Red4-1,35.70057,-81.28273,511
Red4-1,35.70036,-81.28286,512
Red4-1,35.70019,-81.28293,513
Red4-1,35.70007,-81.28296,514
Red4-1,35.69993,-81.283,515
Red4-1,35.69958,-81.28307,516
Red4-1,35.69945,-81.28228,517
Red4-1,35.69936,-81.28176,518
Red4-1,35.6993,-81.28141,519
Red4-1,35.69926,-81.28115,520
Red4-1,35.69822,-81.2814,521
Red4-1,35.69822,-81.28124,522
Red4-1,35.69724,-81.28115,523
Red4-1,35.697255,-81.280662,524
Red4-1,35.697222,-81.280367,525
Red4-1,35.697233,-81.280209,526
Red4-1,35.697247,-81.280035,527
Red4-1,35.697368,-81.280077,528
Red4-1,35.697795,-81.280138,529
Red4-1,35.698284,-81.280161,530
Red4-1,35.698287,-81.280155,531
Red4-1,35.698567,-81.280097,532
Red4-1,35.698758,-81.280015,533
Red4-1,35.698923,-81.280054,534
Red4-1,35.699006,-81.280038,535
Red4-1,35.699083,-81.280067,536
Red4-1,35.699193,-81.280464,537
Red4-1,35.699693,-81.283359,538
Red4-1,35.700191,-81.285812,539
Red4-1,35.700195,-81.285825,540
Red4-1,35.700561,-81.287192,541
Red4-1,35.700692,-81.287846,542
Red4-1,35.700932,-81.288513,543
Red4-1,35.701076,-81.288834,544
Red4-1,35.701285,-81.288832,545
Red4-1,35.70192,-81.288571,546
Red4-1,35.702262,-81.288465,547
Red4-1,35.702288,-81.288465,548
Red4-1,35.702662,-81.288379,549
Red4-1,35.702957,-81.28835,550
Red4-1,35.704459,-81.288247,551
Red4-1,35.704695,-81.28801,552
Red4-1,35.704525,-81.286571,553
Red4-1,35.704536,-81.286528,554
Red4-1,35.704473,-81.286074,555
Red4-1,35.704468,-81.286061,556
Red4-1,35.704394,-81.285416,557
Red4-1,35.704295,-81.285079,558
Red4-1,35.704219,-81.284776,559
Red4-1,35.704214,-81.284763,560
Red4-1,35.704129,-81.28448,561
Red4-1,35.704045,-81.284233,562
Red4-1,35.703511,-81.284328,563
Red4-1,35.703503,-81.28433,564
Red4-1,35.702709,-81.284648,565
Red4-1,35.702389,-81.284803,566
Red4-1,35.702184,-81.284949,567
Red4-1,35.701946,-81.285112,568
Red4-1,35.701936,-81.285119,569
Red4-1,35.701716,-81.285453,570
Red4-1,35.701693,-81.285471,571
Red4-1,35.701467,-81.285634,572
Red4-1,35.701253,-81.285692,573
Red4-1,35.700934,-81.285733,574
Red4-1,35.700923,-81.285731,575
Red4-1,35.700643,-81.285772,576
Red4-1,35.70062,-81.285773,577
Red4-1,35.700397,-81.285829,578
Red4-1,35.700127,-81.285917,579
Red4-1,35.699914,-81.286011,580
Red4-1,35.69982,-81.286061,581
Red4-1,35.6998,-81.286065,582
Red4-1,35.699799,-81.286393,583
Red4-1,35.699902,-81.286839,584
Red4-1,35.700089,-81.287239,585
Red4-1,35.700131,-81.287388,586
Red4-1,35.700201,-81.287554,587
Red4-1,35.700282,-81.287722,588
Red4-1,35.700285,-81.287725,589
Red4-1,35.700341,-81.28798,590
Red4-1,35.700338,-81.287984,591
Red4-1,35.700351,-81.288297,592
Red4-1,35.700359,-81.28832,593
Red4-1,35.700364,-81.288331,594
Red4-1,35.700488,-81.288724,595
Red4-1,35.700496,-81.288739,596
Red4-1,35.700471,-81.28887,597
Red4-1,35.70032,-81.288991,598
Red4-1,35.700082,-81.289099,599
Red4-1,35.700083,-81.289269,600
Red4-1,35.700295,-81.289256,601
Red4-1,35.700493,-81.289178,602
Red4-1,35.700654,-81.28916,603
Red4-1,35.700754,-81.289139,604
Red4-1,35.700992,-81.289174,605
Red4-1,35.70131,-81.29029,606
Red4-1,35.70142,-81.29069,607
Red4-1,35.701689,-81.291494,608
Red4-1,35.70176,-81.29185,609
Red4-1,35.70189,-81.29224,610
Red4-1,35.702,-81.29262,611
Red4-1,35.70214,-81.29307,612
Red4-1,35.70226,-81.29343,613
Red4-1,35.70243,-81.29398,614
Red4-1,35.70248,-81.29416,615
Red4-1,35.70259,-81.29449,616
Red4-1,35.70291,-81.29543,617
Red4-1,35.70305,-81.29585,618
Red4-1,35.70319,-81.29626,619
Red4-1,35.70331,-81.29659,620
Red4-1,35.70334,-81.29668,621
Red4-1,35.703487,-81.297073,622
Red4-1,35.70384,-81.29807,623
Red4-1,35.70397,-81.29847,624
Red4-1,35.70398,-81.2985,625
Red4-1,35.704,-81.29856,626
Red4-1,35.70407,-81.2989,627
Red4-1,35.70424,-81.29932,628
Red4-1,35.70456,-81.30014,629
Red4-1,35.70472,-81.30052,630
Red4-1,35.70482,-81.30079,631
Red4-1,35.70485,-81.30086,632
Red4-1,35.70488,-81.30092,633
Red4-1,35.70501,-81.30125,634
Red4-1,35.7051,-81.30148,635
Red4-1,35.70514,-81.30158,636
Red4-1,35.70523,-81.30181,637
Red4-1,35.705502,-81.302477,638
Red4-1,35.705883,-81.302252,639
Red4-1,35.706428,-81.301958,640
Red4-1,35.706493,-81.302176,641
Red4-1,35.706383,-81.302252,642
Red4-1,35.706302,-81.302038,643
Red4-1,35.706124,-81.302112,644
Red4-1,35.706015,-81.30217,645
Red4-1,35.705855,-81.302282,646
Red4-1,35.705727,-81.302334,647
Red4-1,35.705436,-81.302511,648
Red4-1,35.705234,-81.302636,649
Red4-1,35.70463,-81.30301,650
Red4-1,35.704584,-81.302976,651
Red4-1,35.704489,-81.302809,652
Red4-1,35.704485,-81.302805,653
Red4-1,35.704383,-81.302644,654
Red4-1,35.704378,-81.302638,655
Red4-1,35.704265,-81.302577,656
Red4-1,35.704255,-81.302579,657
Red4-1,35.704241,-81.302578,658
Red4-1,35.704115,-81.30255,659
Red4-1,35.704107,-81.30255,660
Red4-1,35.704101,-81.302551,661
Red4-1,35.703976,-81.302528,662
Red4-1,35.703973,-81.302529,663
Red4-1,35.703962,-81.302533,664
Red4-1,35.703814,-81.302513,665
Red4-1,35.703806,-81.302512,666
Red4-1,35.703801,-81.302511,667
Red4-1,35.703396,-81.30249,668
Red4-1,35.703064,-81.302445,669
Red4-1,35.701902,-81.302292,670
Red4-1,35.701747,-81.302321,671
Red4-1,35.701627,-81.302421,672
Red4-1,35.701526,-81.302595,673
Red4-1,35.701523,-81.3026,674
Red4-1,35.7015,-81.302719,675
Red4-1,35.701493,-81.302732,676
Red4-1,35.701491,-81.302737,677
Red4-1,35.701419,-81.303153,678
Red4-1,35.701415,-81.303167,679
Red4-1,35.701414,-81.303173,680
Red4-1,35.701379,-81.303292,681
Red4-1,35.701382,-81.303298,682
Red4-1,35.70133,-81.303554,683
Red4-1,35.701311,-81.303766,684
Red4-1,35.701324,-81.303997,685
Red4-1,35.70136,-81.304232,686
Red4-1,35.701362,-81.304246,687
Red4-1,35.701366,-81.304254,688
Red4-1,35.701414,-81.304469,689
Red4-1,35.701413,-81.304477,690
Red4-1,35.701439,-81.304619,691
Red4-1,35.70144,-81.304632,692
Red4-1,35.701443,-81.304643,693
Red4-1,35.701483,-81.304787,694
Red4-1,35.701484,-81.304799,695
Red4-1,35.701543,-81.305001,696
Red4-1,35.701617,-81.305181,697
Red4-1,35.701624,-81.305194,698
Red4-1,35.701631,-81.305216,699
Red4-1,35.701638,-81.305227,700
Red4-1,35.70164,-81.305239,701
Red4-1,35.701649,-81.305248,702
Red4-1,35.701745,-81.305516,703
Red4-1,35.70175,-81.305525,704
Red4-1,35.701786,-81.305491,705
Red4-1,35.701826,-81.305424,706
Red4-1,35.701913,-81.305378,707
Red4-1,35.701976,-81.305354,708
Red4-1,35.702052,-81.305356,709
Red4-1,35.702136,-81.305396,710
Red4-1,35.702145,-81.305396,711
Red4-1,35.702278,-81.305437,712
Red4-1,35.702363,-81.305483,713
Red4-1,35.702434,-81.305497,714
Red4-1,35.702545,-81.305654,715
Red4-1,35.702596,-81.305852,716
Red4-1,35.702576,-81.305994,717
Red4-1,35.70256,-81.306174,718
Red4-1,35.702531,-81.306287,719
Red4-1,35.702489,-81.306395,720
Red4-1,35.702459,-81.306524,721
Red4-1,35.702415,-81.306686,722
Red4-1,35.702329,-81.306831,723
Red4-1,35.702379,-81.307052,724
Red4-1,35.702402,-81.307075,725
Red4-1,35.702419,-81.307092,726
Red4-1,35.702551,-81.307236,727
Red4-1,35.702558,-81.307255,728
Red4-1,35.702691,-81.30755,729
Red4-1,35.702688,-81.307571,730
Red4-1,35.702851,-81.30782,731
Red4-1,35.702848,-81.307841,732
Red4-1,35.703293,-81.308061,733
Red4-1,35.703815,-81.308309,734
Red4-1,35.703864,-81.308711,735
Red4-1,35.704089,-81.309128,736
Red4-1,35.704353,-81.309628,737
Red4-1,35.704569,-81.309931,738
Red4-1,35.70471,-81.310248,739
Red4-1,35.704792,-81.310474,740
Red4-1,35.705328,-81.310468,741
Red4-1,35.705849,-81.310429,742
Red4-1,35.706382,-81.310127,743
Red4-1,35.70648,-81.31005,744
Red4-1,35.70656,-81.309967,745
Red4-1,35.706624,-81.309894,746
Red4-1,35.706755,-81.309241,747
Red4-1,35.706858,-81.309069,748
Red4-1,35.707057,-81.308851,749
Red4-1,35.707421,-81.308658,750
Red4-1,35.707855,-81.308443,751
Red4-1,35.707978,-81.308394,752
Red4-1,35.708439,-81.309506,753
Red4-1,35.7086,-81.3099,754
Red4-1,35.70871,-81.31018,755
Red4-1,35.70893,-81.31076,756
Red4-1,35.70901,-81.31096,757
Red4-1,35.70919,-81.31145,758
Red4-1,35.70928,-81.31168,759
Red4-1,35.70942,-81.3121,760
Red4-1,35.7096,-81.31265,761
Red4-1,35.70971,-81.31302,762
Red4-1,35.70978,-81.31328,763
Red4-1,35.70977,-81.31344,764
Red4-1,35.70978,-81.31348,765
Red4-1,35.709884,-81.313833,766
Red4-1,35.709949,-81.314154,767
Red4-1,35.71006,-81.31455,768
Red4-1,35.71013,-81.3149,769
Red4-1,35.7102,-81.31528,770
Red4-1,35.71025,-81.31555,771
Red4-1,35.71031,-81.31594,772
Red4-1,35.71039,-81.31646,773
Red4-1,35.71049,-81.3172,774
Red4-1,35.710593,-81.318104,775
Red4-1,35.71071,-81.31897,776
Red4-1,35.71082,-81.31977,777
Red4-1,35.71088,-81.32027,778
Red4-1,35.71091,-81.32043,779
Red4-1,35.71108,-81.3218,780
Red4-1,35.71111,-81.32188,781
Red4-1,35.711174,-81.322121,782
Red4-1,35.71123,-81.32256,783
Red4-1,35.711262,-81.322862,784
Red4-1,35.71129,-81.32309,785
Red4-1,35.71137,-81.32368,786
Red4-1,35.71142,-81.32411,787
Red4-1,35.71159,-81.32545,788
Red4-1,35.7116,-81.32551,789
Red4-1,35.71162,-81.32569,790
Red4-1,35.7116,-81.32592,791
Red4-1,35.71162,-81.32609,792
Red4-1,35.71167,-81.32648,793
Red4-1,35.71169,-81.32657,794
Red4-1,35.71172,-81.3267,795
Red4-1,35.71181,-81.32719,796
Red4-1,35.71181,-81.32724,797
Red4-1,35.71184,-81.32735,798
Red4-1,35.71188,-81.32764,799
Red4-1,35.71189,-81.32768,800
Red4-1,35.71195,-81.32795,801
Red4-1,35.71196,-81.328,802
Red4-1,35.71204,-81.32833,803
Red4-1,35.71204,-81.32836,804
Red4-1,35.71213,-81.32875,805
Red4-1,35.71214,-81.32879,806
Red4-1,35.71221,-81.32904,807
Red4-1,35.7123,-81.32937,808
Red4-1,35.71253,-81.3302,809
Red4-1,35.7126,-81.33043,810
Red4-1,35.71271,-81.3308,811
Red4-1,35.71278,-81.33102,812
Red4-1,35.71285,-81.33124,813
Red4-1,35.7129,-81.33141,814
Red4-1,35.71304,-81.3318,815
Red4-1,35.71316,-81.33214,816
Red4-1,35.71324,-81.33235,817
Red4-1,35.71325,-81.33238,818
Red4-1,35.71335,-81.33265,819
Red4-1,35.713493,-81.332977,820
Red4-1,35.713646,-81.33333,821
Red4-1,35.71379,-81.33369,822
Red4-1,35.71394,-81.33402,823
Red4-1,35.71408,-81.33432,824
Red4-1,35.71422,-81.33461,825
Red4-1,35.714842,-81.335886,826
Red4-1,35.714936,-81.336077,827
Red4-1,35.71504,-81.33615,828
Red4-1,35.71513,-81.33633,829
Red4-1,35.71536,-81.33678,830
Red4-1,35.71545,-81.33696,831
Red4-1,35.71553,-81.337,832
Red4-1,35.71557,-81.33702,833
Red4-1,35.71566,-81.33712,834
Red4-1,35.71578,-81.33723,835
Red4-1,35.71587,-81.33732,836
Red4-1,35.71595,-81.33737,837
Red4-1,35.716,-81.33741,838
Red4-1,35.71606,-81.33745,839
Red4-1,35.71608,-81.33746,840
Red4-1,35.71613,-81.33753,841
Red4-1,35.71642,-81.33761,842
Red4-1,35.71713,-81.33781,843
Red4-1,35.71762,-81.33795,844
Red4-1,35.71789,-81.33805,845
Red4-1,35.718438,-81.338295,846
Red4-1,35.71902,-81.33852,847
Red4-1,35.71913,-81.33855,848
Red4-1,35.71923,-81.33857,849
Red4-1,35.71938,-81.33858,850
Red4-1,35.720046,-81.338584,851
Red4-1,35.720691,-81.338558,852
Red4-1,35.7211,-81.33856,853
Red4-1,35.722399,-81.338551,854
Red4-1,35.723426,-81.338512,855
Red4-1,35.723485,-81.338519,856
Red4-1,35.725528,-81.338365,857
Red4-1,35.72698,-81.338259,858
Red4-1,35.72747,-81.33821,859
Red4-1,35.728162,-81.338147,860
Red4-1,35.728902,-81.338153,861
Red4-1,35.729534,-81.338103,862
Red4-1,35.729887,-81.338075,863
Red4-1,35.730086,-81.338027,864
Red4-1,35.73023,-81.33807,865
Red4-1,35.73065,-81.33805,866
Red4-1,35.7311,-81.33803,867
Red4-1,35.73179,-81.338,868
Red4-1,35.732302,-81.337965,869
Red4-1,35.733,-81.33795,870
Red4-1,35.73331,-81.33794,871
Red4-1,35.73334,-81.33883,872
Red4-1,35.73335,-81.33949,873
Red4-1,35.73336,-81.33964,874
Red4-1,35.73312,-81.33963,875
Red4-1,35.73273,-81.33964,876
Red4-1,35.73246,-81.33964,877
Red4-1,35.73205,-81.33965,878
Red4-1,35.73199,-81.33964,879
Red4-1,35.73183,-81.33964,880
Red4-1,35.7314,-81.33953,881
Red4-1,35.73128,-81.33952,882
Red4-1,35.73124,-81.33952,883
Red4-1,35.73104,-81.33953,884
Red4-1,35.73069,-81.33955,885
Red4-1,35.730728,-81.34076,886
Red4-1,35.73074,-81.34143,887
Red4-1,35.730321,-81.341478,888
Green5,35.730284,-81.341446,0
Green5,35.729997,-81.341405,1
Green5,35.729837,-81.339071,2
Green5,35.72987,-81.33807,3
Green5,35.73023,-81.33807,4
Green5,35.73179,-81.338,5
Green5,35.73204,-81.33801,6
Green5,35.73331,-81.33794,7
Green5,35.73336,-81.33964,8
Green5,35.73312,-81.33963,9
Green5,35.73205,-81.33965,10
Green5,35.73199,-81.33964,11
Green5,35.73183,-81.33964,12
Green5,35.7314,-81.33953,13
Green5,35.73128,-81.33952,14
Green5,35.73049,-81.33956,15
Green5,35.7299,-81.33957,16
Green5,35.729734,-81.334356,17
Green5,35.729521,-81.33273,18
Green5,35.729233,-81.331198,19
Green5,35.729011,-81.328844,20
Green5,35.728618,-81.326441,21
Green5,35.72842,-81.32492,22
Green5,35.72842,-81.32484,23
Green5,35.72845,-81.32473,24
Green5,35.72852,-81.32458,25
Green5,35.72792,-81.32415,26
Green5,35.727596,-81.323898,27
Green5,35.727089,-81.323611,28
Green5,35.72571,-81.32225,29
Green5,35.72459,-81.32133,30
Green5,35.72441,-81.32116,31
Green5,35.724063,-81.320913,32
Green5,35.723799,-81.320626,33
Green5,35.723417,-81.319964,34
Green5,35.72329,-81.31965,35
Green5,35.72302,-81.31914,36
Green5,35.72276,-81.31872,37
Green5,35.722902,-81.318525,38
Green5,35.723086,-81.318153,39
Green5,35.72423,-81.31638,40
Green5,35.72476,-81.31547,41
Green5,35.725005,-81.315177,42
Green5,35.72523,-81.3148,43
Green5,35.72537,-81.31465,44
Green5,35.72599,-81.31405,45
Green5,35.72603,-81.31402,46
Green5,35.72606,-81.31399,47
Green5,35.7261,-81.31397,48
Green5,35.72613,-81.31395,49
Green5,35.72622,-81.31392,50
Green5,35.72626,-81.31392,51
Green5,35.72636,-81.31394,52
Green5,35.7264,-81.31396,53
Green5,35.72646,-81.314,54
Green5,35.72678,-81.31426,55
Green5,35.72683,-81.31428,56
Green5,35.7269,-81.3143,57
Green5,35.72699,-81.31431,58
Green5,35.72708,-81.3143,59
Green5,35.72724,-81.31426,60
Green5,35.72739,-81.3142,61
Green5,35.72756,-81.31416,62
Green5,35.72763,-81.31415,63
Green5,35.72799,-81.31415,64
Green5,35.7282,-81.31413,65
Green5,35.72829,-81.31411,66
Green5,35.72836,-81.31408,67
Green5,35.728512,-81.314059,68
Green5,35.728689,-81.313928,69
Green5,35.728722,-81.313917,70
Green5,35.729,-81.31383,71
Green5,35.72941,-81.31368,72
Green5,35.72885,-81.309,73
Green5,35.728835,-81.308997,74
Green5,35.729246,-81.308861,75
Green5,35.729477,-81.308786,76
Green5,35.729482,-81.308786,77
Green5,35.729704,-81.308695,78
Green5,35.729815,-81.308644,79
Green5,35.729981,-81.30844,80
Green5,35.730194,-81.308428,81
Green5,35.730503,-81.308303,82
Green5,35.730623,-81.308361,83
Green5,35.730623,-81.308366,84
Green5,35.730695,-81.308532,85
Green5,35.730708,-81.308567,86
Green5,35.730717,-81.308595,87
Green5,35.730733,-81.308783,88
Green5,35.730549,-81.308845,89
Green5,35.730333,-81.308981,90
Green5,35.730163,-81.309106,91
Green5,35.730044,-81.309179,92
Green5,35.729984,-81.3091,93
Green5,35.729975,-81.309094,94
Green5,35.729888,-81.308929,95
Green5,35.729806,-81.30873,96
Green5,35.729741,-81.308655,97
Green5,35.729583,-81.308672,98
Green5,35.729454,-81.308747,99
Green5,35.72937,-81.308826,100
Green5,35.72919,-81.308929,101
Green5,35.729066,-81.30898,102
Green5,35.728876,-81.308912,103
Green5,35.728297,-81.304871,104
Green5,35.728138,-81.303517,105
Green5,35.727607,-81.29918,106
Green5,35.72732,-81.29686,107
Green5,35.72683,-81.29407,108
Green5,35.72629,-81.29145,109
Green5,35.7256,-81.28861,110
Green5,35.72527,-81.28748,111
Green5,35.72498,-81.28661,112
Green5,35.72467,-81.28576,113
Green5,35.72447,-81.28529,114
Green5,35.72447,-81.28528,115
Green5,35.72399,-81.28417,116
Green5,35.72416,-81.28407,117
Green5,35.72427,-81.28398,118
Green5,35.72442,-81.28388,119
Green5,35.72455,-81.28378,120
Green5,35.72498,-81.28352,121
Green5,35.72604,-81.28299,122
Green5,35.726323,-81.283747,123
Green5,35.726751,-81.285457,124
Green5,35.726809,-81.285619,125
Green5,35.72687,-81.28611,126
Green5,35.72699,-81.28655,127
Green5,35.72716,-81.28682,128
Green5,35.72725,-81.28688,129
Green5,35.72736,-81.28694,130
Green5,35.72752,-81.287,131
Green5,35.72762,-81.287,132
Green5,35.72793,-81.28697,133
Green5,35.728533,-81.286894,134
Green5,35.72878,-81.28691,135
Green5,35.72901,-81.28691,136
Green5,35.72924,-81.28693,137
Green5,35.72959,-81.28703,138
Green5,35.72983,-81.28718,139
Green5,35.72997,-81.2873,140
Green5,35.73024,-81.28762,141
Green5,35.73037,-81.28781,142
Green5,35.73062,-81.28837,143
Green5,35.731,-81.28931,144
Green5,35.73103,-81.28951,145
Green5,35.731086,-81.289748,146
Green5,35.73085,-81.29064,147
Green5,35.73207,-81.29101,148
Green5,35.732389,-81.291096,149
Green5,35.732465,-81.291887,150
Green5,35.732716,-81.293292,151
Green5,35.733399,-81.293235,152
Green5,35.733826,-81.293189,153
Green5,35.733958,-81.293128,154
Green5,35.734073,-81.293029,155
Green5,35.734202,-81.293176,156
Green5,35.736109,-81.293638,157
Green5,35.737989,-81.293766,158
Green5,35.741275,-81.294042,159
Green5,35.741412,-81.294082,160
Green5,35.741528,-81.294123,161
Green5,35.741644,-81.294252,162
Green5,35.74177,-81.294411,163
Green5,35.741817,-81.294464,164
Green5,35.741945,-81.294535,165
Green5,35.7436,-81.294705,166
Green5,35.74371,-81.294723,167
Green5,35.74468,-81.292825,168
Green5,35.745295,-81.291982,169
Green5,35.745754,-81.291643,170
Green5,35.746826,-81.291121,171
Green5,35.747285,-81.290881,172
Green5,35.74949,-81.289794,173
Green5,35.750566,-81.288787,174
Green5,35.751337,-81.287825,175
Green5,35.751651,-81.28735,176
Green5,35.751914,-81.286933,177
Green5,35.750119,-81.286814,178
Green5,35.748904,-81.286892,179
Green5,35.747852,-81.287031,180
Green5,35.746689,-81.287314,181
Green5,35.745673,-81.287703,182
Green5,35.744651,-81.288256,183
Green5,35.742895,-81.289281,184
Green5,35.742516,-81.289496,185
Green5,35.740226,-81.290169,186
Green5,35.735773,-81.291236,187
Green5,35.734367,-81.291496,188
Green5,35.73427,-81.291517,189
Green5,35.734236,-81.29253,190
Green5,35.73407,-81.29304,191
Green5,35.73396,-81.29312,192
Green5,35.7338,-81.2932,193
Green5,35.733565,-81.293211,194
Green5,35.73272,-81.29328,195
Green5,35.73247,-81.29188,196
Green5,35.73238,-81.29109,197
Green5,35.73227,-81.28979,198
Green5,35.73221,-81.28935,199
Green5,35.73172,-81.28709,200
Green5,35.73159,-81.28662,201
Green5,35.73152,-81.28644,202
Green5,35.73053,-81.28445,203
Green5,35.73045,-81.28426,204
Green5,35.73032,-81.28387,205
Green5,35.72884,-81.27813,206
Green5,35.72882,-81.27799,207
Green5,35.72878,-81.2778,208
Green5,35.728784,-81.277702,209
Green5,35.728595,-81.276785,210
Green5,35.72832,-81.27485,211
Green5,35.72721,-81.2704,212
Green5,35.72702,-81.26996,213
Green5,35.72684,-81.26969,214
Green5,35.723615,-81.265621,215
Green5,35.72256,-81.26393,216
Green5,35.72195,-81.26444,217
Green5,35.72183,-81.26456,218
Green5,35.72089,-81.26532,219
Green5,35.72067,-81.26548,220
Green5,35.72057,-81.26554,221
Green5,35.72031,-81.26566,222
Green5,35.72016,-81.26571,223
Green5,35.71988,-81.26575,224
Green5,35.71944,-81.26573,225
Green5,35.71733,-81.26549,226
Green5,35.716713,-81.265402,227
Green5,35.714763,-81.265234,228
Green5,35.714611,-81.265255,229
Green5,35.714593,-81.265654,230
Green5,35.714581,-81.266157,231
Green5,35.714581,-81.266161,232
Green5,35.714571,-81.266447,233
Green5,35.71452,-81.266717,234
Green5,35.714465,-81.266843,235
Green5,35.71431,-81.266825,236
Green5,35.714304,-81.266817,237
Green5,35.714136,-81.266728,238
Green5,35.713698,-81.266414,239
Green5,35.71352,-81.266251,240
Green5,35.713516,-81.266243,241
Green5,35.713277,-81.265956,242
Green5,35.713146,-81.265751,243
Green5,35.713067,-81.26565,244
Green5,35.713033,-81.265553,245
Green5,35.712937,-81.265527,246
Green5,35.712889,-81.265506,247
Green5,35.712797,-81.265656,248
Green5,35.712802,-81.265425,249
Green5,35.712797,-81.265404,250
Green5,35.712789,-81.265097,251
Green5,35.712789,-81.265086,252
Green5,35.712791,-81.26489,253
Green5,35.710588,-81.264757,254
Green5,35.7104,-81.26464,255
Green5,35.71011,-81.26459,256
Green5,35.70958,-81.26445,257
Green5,35.70857,-81.264125,258
Green5,35.705151,-81.262912,259
Green5,35.704408,-81.262578,260
Green5,35.7043,-81.26253,261
Green5,35.7037,-81.26234,262
Green5,35.70327,-81.26222,263
Green5,35.70261,-81.26208,264
Green5,35.701033,-81.261889,265
Green5,35.698878,-81.261976,266
Green5,35.698506,-81.261964,267
Green5,35.698525,-81.261741,268
Green5,35.698552,-81.261309,269
Green5,35.698552,-81.261301,270
Green5,35.698563,-81.260929,271
Green5,35.69859,-81.260732,272
Green5,35.698603,-81.26054,273
Green5,35.698603,-81.260521,274
Green5,35.698603,-81.260501,275
Green5,35.698603,-81.26025,276
Green5,35.698603,-81.260238,277
Green5,35.6986,-81.260219,278
Green5,35.698597,-81.260207,279
Green5,35.698515,-81.259936,280
Green5,35.698508,-81.259916,281
Green5,35.698505,-81.2599,282
Green5,35.698496,-81.259881,283
Green5,35.698452,-81.25957,284
Green5,35.698452,-81.259558,285
Green5,35.698447,-81.259313,286
Green5,35.698441,-81.259301,287
Green5,35.698407,-81.258944,288
Green5,35.698404,-81.258932,289
Green5,35.698404,-81.258916,290
Green5,35.698404,-81.258901,291
Green5,35.698355,-81.258487,292
Green5,35.698355,-81.258467,293
Green5,35.69832,-81.258113,294
Green5,35.698286,-81.257432,295
Green5,35.698226,-81.256983,296
Green5,35.698226,-81.256968,297
Green5,35.698214,-81.25649,298
Green5,35.698192,-81.256246,299
Green5,35.698191,-81.256061,300
Green5,35.698243,-81.255986,301
Green5,35.69901,-81.25589,302
Green5,35.69942,-81.25581,303
Green5,35.69989,-81.25568,304
Green5,35.70007,-81.25561,305
Green5,35.70025,-81.25551,306
Green5,35.70039,-81.25541,307
Green5,35.70058,-81.2552,308
Green5,35.70073,-81.25488,309
Green5,35.7008,-81.25467,310
Green5,35.70082,-81.25453,311
Green5,35.700855,-81.254481,312
Green5,35.701149,-81.251963,313
Green5,35.701718,-81.246961,314
Green5,35.701808,-81.245646,315
Green5,35.701805,-81.245357,316
Green5,35.701802,-81.245253,317
Green5,35.70184,-81.24506,318
Green5,35.701872,-81.244642,319
Green5,35.70196,-81.24412,320
Green5,35.70219,-81.24303,321
Green5,35.70229,-81.24246,322
Green5,35.70231,-81.24228,323
Green5,35.70235,-81.24097,324
Green5,35.70231,-81.23704,325
Green5,35.7023,-81.23689,326
Green5,35.70233,-81.23647,327
Green5,35.70244,-81.23651,328
Green5,35.70256,-81.23652,329
Green5,35.70314,-81.23652,330
Green5,35.704998,-81.236381,331
Green5,35.707005,-81.236297,332
Green5,35.708737,-81.236242,333
Green5,35.70906,-81.23628,334
Green5,35.70912,-81.23626,335
Green5,35.70918,-81.23623,336
Green5,35.70921,-81.23621,337
Green5,35.70924,-81.23616,338
Green5,35.71041,-81.23331,339
Green5,35.71061,-81.23287,340
Green5,35.71078,-81.23243,341
Green5,35.71252,-81.22826,342
Green5,35.71254,-81.2282,343
Green5,35.71255,-81.22811,344
Green5,35.71251,-81.22801,345
Green5,35.71077,-81.22536,346
Green5,35.71068,-81.22524,347
Green5,35.710556,-81.225116,348
Green5,35.710239,-81.224876,349
Green5,35.71004,-81.22461,350
Green5,35.70983,-81.22435,351
Green5,35.708797,-81.223237,352
Green5,35.70863,-81.22303,353
Green5,35.70849,-81.22291,354
Green5,35.70838,-81.22283,355
Green5,35.70801,-81.22261,356
Green5,35.70712,-81.22213,357
Green5,35.7069,-81.22203,358
Green5,35.70674,-81.22193,359
Green5,35.70589,-81.22145,360
Green5,35.705978,-81.221195,361
Green5,35.706342,-81.220858,362
Green5,35.706778,-81.22157,363
Green5,35.70687,-81.221632,364
Green5,35.706971,-81.221645,365
Green5,35.70786,-81.220821,366
Green5,35.706727,-81.218976,367
Green5,35.706221,-81.218199,368
Green5,35.705445,-81.216834,369
Green5,35.70516,-81.216255,370
Green5,35.704865,-81.215692,371
Green5,35.703376,-81.21176,372
Green5,35.703208,-81.211281,373
Green5,35.703129,-81.211202,374
Green5,35.702833,-81.210282,375
Green5,35.70279,-81.20955,376
Green5,35.7028,-81.2095,377
Green5,35.70284,-81.20843,378
Green5,35.70283,-81.20789,379
Green5,35.702868,-81.207773,380
Green5,35.702809,-81.205226,381
Green5,35.7028,-81.20395,382
Green5,35.70373,-81.20393,383
Green5,35.70372,-81.20306,384
Green5,35.70371,-81.20306,385
Green5,35.70369,-81.20304,386
Green5,35.70369,-81.20303,387
Green5,35.70368,-81.20303,388
Green5,35.70368,-81.203,389
Green5,35.70367,-81.203,390
Green5,35.70367,-81.20299,391
Green5,35.70279,-81.20301,392
Green5,35.70277,-81.20009,393
Green5,35.701727,-81.200065,394
Green5,35.70108,-81.19999,395
Green5,35.70011,-81.19997,396
Green5,35.700142,-81.199357,397
Green5,35.700164,-81.198372,398
Green5,35.700291,-81.195424,399
Green5,35.700276,-81.19511,400
Green5,35.700262,-81.194881,401
Green5,35.700198,-81.194634,402
Green5,35.700085,-81.194425,403
Green5,35.699997,-81.194246,404
Green5,35.699875,-81.194026,405
Green5,35.6998,-81.19397,406
Green5,35.69962,-81.193847,407
Green5,35.699527,-81.193754,408
Green5,35.698041,-81.193227,409
Green5,35.697161,-81.192902,410
Green5,35.696227,-81.192691,411
Green5,35.696061,-81.192736,412
Green5,35.695575,-81.19286,413
Green5,35.693304,-81.194,414
Green5,35.693202,-81.194051,415
Green5,35.692964,-81.194214,416
Green5,35.692779,-81.194355,417
Green5,35.692646,-81.194442,418
Green5,35.692551,-81.194532,419
Green5,35.692249,-81.194869,420
Green5,35.691035,-81.196234,421
Green5,35.691245,-81.196543,422
Green5,35.692227,-81.198654,423
Green5,35.69234,-81.199109,424
Green5,35.69239,-81.200985,425
Green5,35.692409,-81.201431,426
Green5,35.697131,-81.200418,427
Green5,35.699174,-81.199978,428
Green5,35.70012,-81.19981,429
Green5,35.700758,-81.199792,430
Green5,35.701978,-81.199788,431
Green5,35.70303,-81.19994,432
Green5,35.70355,-81.2,433
Green5,35.7048,-81.2002,434
Green5,35.71665,-81.20099,435
Green5,35.71682,-81.20101,436
Green5,35.71781,-81.2012,437
Green5,35.71834,-81.20138,438
Green5,35.71878,-81.20157,439
Green5,35.71948,-81.20192,440
Green5,35.71978,-81.20212,441
Green5,35.72035,-81.20253,442
Green5,35.72324,-81.20497,443
Green5,35.72327,-81.20499,444
Green5,35.72549,-81.20683,445
Green5,35.72611,-81.20738,446
Green5,35.72574,-81.20811,447
Green5,35.72435,-81.21071,448
Green5,35.725,-81.21121,449
Green5,35.72514,-81.21127,450
Green5,35.72541,-81.21132,451
Green5,35.72583,-81.21134,452
Green5,35.72593,-81.21136,453
Green5,35.72607,-81.21143,454
Green5,35.7262,-81.21152,455
Green5,35.726596,-81.211766,456
Green5-1,35.730284,-81.341446,0
Green5-1,35.729997,-81.341405,1
Green5-1,35.729837,-81.339071,2
Green5-1,35.72987,-81.33807,3
Green5-1,35.73023,-81.33807,4
Green5-1,35.73179,-81.338,5
Green5-1,35.73204,-81.33801,6
Green5-1,35.73331,-81.33794,7
Green5-1,35.73336,-81.33964,8
Green5-1,35.73312,-81.33963,9
Green5-1,35.73205,-81.33965,10
Green5-1,35.73199,-81.33964,11
Green5-1,35.73183,-81.33964,12
Green5-1,35.7314,-81.33953,13
Green5-1,35.73128,-81.33952,14
Green5-1,35.73049,-81.33956,15
Green5-1,35.7299,-81.33957,16
Green5-1,35.729734,-81.334356,17
Green5-1,35.729521,-81.33273,18
Green5-1,35.729233,-81.331198,19
Green5-1,35.729011,-81.328844,20
Green5-1,35.728618,-81.326441,21
Green5-1,35.72842,-81.32492,22
Green5-1,35.72842,-81.32484,23
Green5-1,35.72845,-81.32473,24
Green5-1,35.72852,-81.32458,25
Green5-1,35.72792,-81.32415,26
Green5-1,35.727596,-81.323898,27
Green5-1,35.727089,-81.323611,28
Green5-1,35.72571,-81.32225,29
Green5-1,35.72459,-81.32133,30
Green5-1,35.72441,-81.32116,31
Green5-1,35.724063,-81.320913,32
Green5-1,35.723799,-81.320626,33
Green5-1,35.723417,-81.319964,34
Green5-1,35.72329,-81.31965,35
Green5-1,35.72302,-81.31914,36
Green5-1,35.72276,-81.31872,37
Green5-1,35.722902,-81.318525,38
Green5-1,35.723086,-81.318153,39
Green5-1,35.72423,-81.31638,40
Green5-1,35.72476,-81.31547,41
Green5-1,35.725005,-81.315177,42
Green5-1,35.72523,-81.3148,43
Green5-1,35.72537,-81.31465,44
Green5-1,35.72599,-81.31405,45
Green5-1,35.72603,-81.31402,46
Green5-1,35.72606,-81.31399,47
Green5-1,35.7261,-81.31397,48
Green5-1,35.72613,-81.31395,49
Green5-1,35.72622,-81.31392,50
Green5-1,35.72626,-81.31392,51
Green5-1,35.72636,-81.31394,52
Green5-1,35.7264,-81.31396,53
Green5-1,35.72646,-81.314,54
Green5-1,35.72678,-81.31426,55
Green5-1,35.72683,-81.31428,56
Green5-1,35.7269,-81.3143,57
Green5-1,35.72699,-81.31431,58
Green5-1,35.72708,-81.3143,59
Green5-1,35.72724,-81.31426,60
Green5-1,35.72739,-81.3142,61
Green5-1,35.72756,-81.31416,62
Green5-1,35.72763,-81.31415,63
Green5-1,35.72799,-81.31415,64
Green5-1,35.7282,-81.31413,65
Green5-1,35.72829,-81.31411,66
Green5-1,35.72836,-81.31408,67
Green5-1,35.728512,-81.314059,68
Green5-1,35.728689,-81.313928,69
Green5-1,35.728722,-81.313917,70
Green5-1,35.729,-81.31383,71
Green5-1,35.72941,-81.31368,72
Green5-1,35.72885,-81.309,73
Green5-1,35.728835,-81.308997,74
Green5-1,35.729246,-81.308861,75
Green5-1,35.729477,-81.308786,76
Green5-1,35.729482,-81.308786,77
Green5-1,35.729704,-81.308695,78
Green5-1,35.729815,-81.308644,79
Green5-1,35.729981,-81.30844,80
Green5-1,35.730194,-81.308428,81
Green5-1,35.730503,-81.308303,82
Green5-1,35.730623,-81.308361,83
Green5-1,35.730623,-81.308366,84
Green5-1,35.730695,-81.308532,85
Green5-1,35.730708,-81.308567,86
Green5-1,35.730717,-81.308595,87
Green5-1,35.730733,-81.308783,88
Green5-1,35.730549,-81.308845,89
Green5-1,35.730333,-81.308981,90
Green5-1,35.730163,-81.309106,91
Green5-1,35.730044,-81.309179,92
Green5-1,35.729984,-81.3091,93
Green5-1,35.729975,-81.309094,94
Green5-1,35.729888,-81.308929,95
Green5-1,35.729806,-81.30873,96
Green5-1,35.729741,-81.308655,97
Green5-1,35.729583,-81.308672,98
Green5-1,35.729454,-81.308747,99
Green5-1,35.72937,-81.308826,100
Green5-1,35.72919,-81.308929,101
Green5-1,35.729066,-81.30898,102
Green5-1,35.728876,-81.308912,103
Green5-1,35.728297,-81.304871,104
Green5-1,35.728138,-81.303517,105
Green5-1,35.727607,-81.29918,106
Green5-1,35.72732,-81.29686,107
Green5-1,35.72683,-81.29407,108
Green5-1,35.72629,-81.29145,109
Green5-1,35.7256,-81.28861,110
Green5-1,35.72527,-81.28748,111
Green5-1,35.72498,-81.28661,112
Green5-1,35.72467,-81.28576,113
Green5-1,35.72447,-81.28529,114
Green5-1,35.72447,-81.28528,115
Green5-1,35.72399,-81.28417,116
Green5-1,35.72416,-81.28407,117
Green5-1,35.72427,-81.28398,118
Green5-1,35.72442,-81.28388,119
Green5-1,35.72455,-81.28378,120
Green5-1,35.72498,-81.28352,121
Green5-1,35.72604,-81.28299,122
Green5-1,35.726323,-81.283747,123
Green5-1,35.726751,-81.285457,124
Green5-1,35.726809,-81.285619,125
Green5-1,35.72687,-81.28611,126
Green5-1,35.72699,-81.28655,127
Green5-1,35.72716,-81.28682,128
Green5-1,35.72725,-81.28688,129
Green5-1,35.72736,-81.28694,130
Green5-1,35.72752,-81.287,131
Green5-1,35.72762,-81.287,132
Green5-1,35.72793,-81.28697,133
Green5-1,35.728533,-81.286894,134
Green5-1,35.72878,-81.28691,135
Green5-1,35.72901,-81.28691,136
Green5-1,35.72924,-81.28693,137
Green5-1,35.72959,-81.28703,138
Green5-1,35.72983,-81.28718,139
Green5-1,35.72997,-81.2873,140
Green5-1,35.73024,-81.28762,141
Green5-1,35.73037,-81.28781,142
Green5-1,35.73062,-81.28837,143
Green5-1,35.731,-81.28931,144
Green5-1,35.73103,-81.28951,145
Green5-1,35.731086,-81.289748,146
Green5-1,35.73085,-81.29064,147
Green5-1,35.73207,-81.29101,148
Green5-1,35.732389,-81.291096,149
Green5-1,35.732465,-81.291887,150
Green5-1,35.732716,-81.293292,151
Green5-1,35.733399,-81.293235,152
Green5-1,35.733826,-81.293189,153
Green5-1,35.733958,-81.293128,154
Green5-1,35.734073,-81.293029,155
Green5-1,35.734202,-81.293176,156
Green5-1,35.736109,-81.293638,157
Green5-1,35.737989,-81.293766,158
Green5-1,35.741275,-81.294042,159
Green5-1,35.741412,-81.294082,160
Green5-1,35.741528,-81.294123,161
Green5-1,35.741644,-81.294252,162
Green5-1,35.74177,-81.294411,163
Green5-1,35.741817,-81.294464,164
Green5-1,35.741945,-81.294535,165
Green5-1,35.7436,-81.294705,166
Green5-1,35.74371,-81.294723,167
Green5-1,35.74468,-81.292825,168
Green5-1,35.745295,-81.291982,169
Green5-1,35.745754,-81.291643,170
Green5-1,35.746826,-81.291121,171
Green5-1,35.747285,-81.290881,172
Green5-1,35.74949,-81.289794,173
Green5-1,35.750566,-81.288787,174
Green5-1,35.751337,-81.287825,175
Green5-1,35.751651,-81.28735,176
Green5-1,35.751914,-81.286933,177
Green5-1,35.750119,-81.286814,178
Green5-1,35.748904,-81.286892,179
Green5-1,35.747852,-81.287031,180
Green5-1,35.746689,-81.287314,181
Green5-1,35.745673,-81.287703,182
Green5-1,35.744651,-81.288256,183
Green5-1,35.742895,-81.289281,184
Green5-1,35.742516,-81.289496,185
Green5-1,35.740226,-81.290169,186
Green5-1,35.735773,-81.291236,187
Green5-1,35.734367,-81.291496,188
Green5-1,35.73427,-81.291517,189
Green5-1,35.734236,-81.29253,190
Green5-1,35.73407,-81.29304,191
Green5-1,35.73396,-81.29312,192
Green5-1,35.7338,-81.2932,193
Green5-1,35.733565,-81.293211,194
Green5-1,35.73272,-81.29328,195
Green5-1,35.73247,-81.29188,196
Green5-1,35.73238,-81.29109,197
Green5-1,35.73227,-81.28979,198
Green5-1,35.73221,-81.28935,199
Green5-1,35.73172,-81.28709,200
Green5-1,35.73159,-81.28662,201
Green5-1,35.73152,-81.28644,202
Green5-1,35.73053,-81.28445,203
Green5-1,35.73045,-81.28426,204
Green5-1,35.73032,-81.28387,205
Green5-1,35.72884,-81.27813,206
Green5-1,35.72882,-81.27799,207
Green5-1,35.72878,-81.2778,208
Green5-1,35.728784,-81.277702,209
Green5-1,35.728595,-81.276785,210
Green5-1,35.72832,-81.27485,211
Green5-1,35.72721,-81.2704,212
Green5-1,35.72702,-81.26996,213
Green5-1,35.72684,-81.26969,214
Green5-1,35.723615,-81.265621,215
Green5-1,35.72256,-81.26393,216
Green5-1,35.72195,-81.26444,217
Green5-1,35.72183,-81.26456,218
Green5-1,35.72089,-81.26532,219
Green5-1,35.72067,-81.26548,220
Green5-1,35.72057,-81.26554,221
Green5-1,35.72031,-81.26566,222
Green5-1,35.72016,-81.26571,223
Green5-1,35.71988,-81.26575,224
Green5-1,35.71944,-81.26573,225
Green5-1,35.71733,-81.26549,226
Green5-1,35.716713,-81.265402,227
Green5-1,35.714763,-81.265234,228
Green5-1,35.714611,-81.265255,229
Green5-1,35.714593,-81.265654,230
Green5-1,35.714581,-81.266157,231
Green5-1,35.714581,-81.266161,232
Green5-1,35.714571,-81.266447,233
Green5-1,35.71452,-81.266717,234
Green5-1,35.714465,-81.266843,235
Green5-1,35.71431,-81.266825,236
Green5-1,35.714304,-81.266817,237
Green5-1,35.714136,-81.266728,238
Green5-1,35.713698,-81.266414,239
Green5-1,35.71352,-81.266251,240
Green5-1,35.713516,-81.266243,241
Green5-1,35.713277,-81.265956,242
Green5-1,35.713146,-81.265751,243
Green5-1,35.713067,-81.26565,244
Green5-1,35.713033,-81.265553,245
Green5-1,35.712937,-81.265527,246
Green5-1,35.712889,-81.265506,247
Green5-1,35.712797,-81.265656,248
Green5-1,35.712802,-81.265425,249
Green5-1,35.712797,-81.265404,250
Green5-1,35.712789,-81.265097,251
Green5-1,35.712789,-81.265086,252
Green5-1,35.712791,-81.26489,253
Green5-1,35.710588,-81.264757,254
Green5-1,35.7104,-81.26464,255
Green5-1,35.71011,-81.26459,256
Green5-1,35.70958,-81.26445,257
Green5-1,35.70857,-81.264125,258
Green5-1,35.705151,-81.262912,259
Green5-1,35.704408,-81.262578,260
Green5-1,35.7043,-81.26253,261
Green5-1,35.7037,-81.26234,262
Green5-1,35.70327,-81.26222,263
Green5-1,35.70261,-81.26208,264
Green5-1,35.701033,-81.261889,265
Green5-1,35.698878,-81.261976,266
Green5-1,35.698506,-81.261964,267
Green5-1,35.698525,-81.261741,268
Green5-1,35.698552,-81.261309,269
Green5-1,35.698552,-81.261301,270
Green5-1,35.698563,-81.260929,271
Green5-1,35.69859,-81.260732,272
Green5-1,35.698603,-81.26054,273
Green5-1,35.698603,-81.260521,274
Green5-1,35.698603,-81.260501,275
Green5-1,35.698603,-81.26025,276
Green5-1,35.698603,-81.260238,277
Green5-1,35.6986,-81.260219,278
Green5-1,35.698597,-81.260207,279
Green5-1,35.698515,-81.259936,280
Green5-1,35.698508,-81.259916,281
Green5-1,35.698505,-81.2599,282
Green5-1,35.698496,-81.259881,283
Green5-1,35.698452,-81.25957,284
Green5-1,35.698452,-81.259558,285
Green5-1,35.698447,-81.259313,286
Green5-1,35.698441,-81.259301,287
Green5-1,35.698407,-81.258944,288
Green5-1,35.698404,-81.258932,289
Green5-1,35.698404,-81.258916,290
Green5-1,35.698404,-81.258901,291
Green5-1,35.698355,-81.258487,292
Green5-1,35.698355,-81.258467,293
Green5-1,35.69832,-81.258113,294
Green5-1,35.698286,-81.257432,295
Green5-1,35.698226,-81.256983,296
Green5-1,35.698226,-81.256968,297
Green5-1,35.698214,-81.25649,298
Green5-1,35.698192,-81.256246,299
Green5-1,35.698191,-81.256061,300
Green5-1,35.698243,-81.255986,301
Green5-1,35.69901,-81.25589,302
Green5-1,35.69942,-81.25581,303
Green5-1,35.69989,-81.25568,304
Green5-1,35.70007,-81.25561,305
Green5-1,35.70025,-81.25551,306
Green5-1,35.70039,-81.25541,307
Green5-1,35.70058,-81.2552,308
Green5-1,35.70073,-81.25488,309
Green5-1,35.7008,-81.25467,310
Green5-1,35.70082,-81.25453,311
Green5-1,35.700855,-81.254481,312
Green5-1,35.701149,-81.251963,313
Green5-1,35.701718,-81.246961,314
Green5-1,35.701808,-81.245646,315
Green5-1,35.701805,-81.245357,316
Green5-1,35.701802,-81.245253,317
Green5-1,35.70184,-81.24506,318
Green5-1,35.701872,-81.244642,319
Green5-1,35.70196,-81.24412,320
Green5-1,35.70219,-81.24303,321
Green5-1,35.70229,-81.24246,322
Green5-1,35.70231,-81.24228,323
Green5-1,35.70235,-81.24097,324
Green5-1,35.70231,-81.23704,325
Green5-1,35.7023,-81.23689,326
Green5-1,35.70233,-81.23647,327
Green5-1,35.70244,-81.23651,328
Green5-1,35.70256,-81.23652,329
Green5-1,35.70314,-81.23652,330
Green5-1,35.704998,-81.236381,331
Green5-1,35.707005,-81.236297,332
Green5-1,35.708737,-81.236242,333
Green5-1,35.70906,-81.23628,334
Green5-1,35.70912,-81.23626,335
Green5-1,35.70918,-81.23623,336
Green5-1,35.70921,-81.23621,337
Green5-1,35.70924,-81.23616,338
Green5-1,35.71041,-81.23331,339
Green5-1,35.71061,-81.23287,340
Green5-1,35.71078,-81.23243,341
Green5-1,35.71252,-81.22826,342
Green5-1,35.71254,-81.2282,343
Green5-1,35.71255,-81.22811,344
Green5-1,35.71251,-81.22801,345
Green5-1,35.71077,-81.22536,346
Green5-1,35.71068,-81.22524,347
Green5-1,35.710556,-81.225116,348
Green5-1,35.710239,-81.224876,349
Green5-1,35.71004,-81.22461,350
Green5-1,35.70983,-81.22435,351
Green5-1,35.708797,-81.223237,352
Green5-1,35.70863,-81.22303,353
Green5-1,35.70849,-81.22291,354
Green5-1,35.70838,-81.22283,355
Green5-1,35.70801,-81.22261,356
Green5-1,35.70712,-81.22213,357
Green5-1,35.7069,-81.22203,358
Green5-1,35.70674,-81.22193,359
Green5-1,35.70589,-81.22145,360
Green5-1,35.705978,-81.221195,361
Green5-1,35.706342,-81.220858,362
Green5-1,35.706778,-81.22157,363
Green5-1,35.70687,-81.221632,364
Green5-1,35.706971,-81.221645,365
Green5-1,35.70786,-81.220821,366
Green5-1,35.706727,-81.218976,367
Green5-1,35.706221,-81.218199,368
Green5-1,35.705445,-81.216834,369
Green5-1,35.70516,-81.216255,370
Green5-1,35.704865,-81.215692,371
Green5-1,35.703376,-81.21176,372
Green5-1,35.703208,-81.211281,373
Green5-1,35.703129,-81.211202,374
Green5-1,35.702833,-81.210282,375
Green5-1,35.70279,-81.20955,376
Green5-1,35.7028,-81.2095,377
Green5-1,35.70284,-81.20843,378
Green5-1,35.70283,-81.20789,379
Green5-1,35.702868,-81.207773,380
Green5-1,35.702809,-81.205226,381
Green5-1,35.7028,-81.20395,382
Green5-1,35.70373,-81.20393,383
Green5-1,35.70372,-81.20306,384
Green5-1,35.70371,-81.20306,385
Green5-1,35.70369,-81.20304,386
Green5-1,35.70369,-81.20303,387
Green5-1,35.70368,-81.20303,388
Green5-1,35.70368,-81.203,389
Green5-1,35.70367,-81.203,390
Green5-1,35.70367,-81.20299,391
Green5-1,35.70279,-81.20301,392
Green5-1,35.70277,-81.20009,393
Green5-1,35.701727,-81.200065,394
Green5-1,35.70108,-81.19999,395
Green5-1,35.70011,-81.19997,396
Green5-1,35.700142,-81.199357,397
Green5-1,35.700164,-81.198372,398
Green5-1,35.700291,-81.195424,399
Green5-1,35.700276,-81.19511,400
Green5-1,35.700262,-81.194881,401
Green5-1,35.700198,-81.194634,402
Green5-1,35.700085,-81.194425,403
Green5-1,35.699997,-81.194246,404
Green5-1,35.699875,-81.194026,405
Green5-1,35.6998,-81.19397,406
Green5-1,35.69962,-81.193847,407
Green5-1,35.699527,-81.193754,408
Green5-1,35.698041,-81.193227,409
Green5-1,35.697161,-81.192902,410
Green5-1,35.696227,-81.192691,411
Green5-1,35.696061,-81.192736,412
Green5-1,35.695575,-81.19286,413
Green5-1,35.693304,-81.194,414
Green5-1,35.693202,-81.194051,415
Green5-1,35.692964,-81.194214,416
Green5-1,35.692779,-81.194355,417
Green5-1,35.692646,-81.194442,418
Green5-1,35.692551,-81.194532,419
Green5-1,35.692249,-81.194869,420
Green5-1,35.691035,-81.196234,421
Green5-1,35.691245,-81.196543,422
Green5-1,35.692227,-81.198654,423
Green5-1,35.69234,-81.199109,424
Green5-1,35.69239,-81.200985,425
Green5-1,35.692409,-81.201431,426
Green5-1,35.697131,-81.200418,427
Green5-1,35.699174,-81.199978,428
Green5-1,35.70012,-81.19981,429
Green5-1,35.700758,-81.199792,430
Green5-1,35.701978,-81.199788,431
Green5-1,35.70303,-81.19994,432
Green5-1,35.70355,-81.2,433
Green5-1,35.7048,-81.2002,434
Green5-1,35.71665,-81.20099,435
Green5-1,35.71682,-81.20101,436
Green5-1,35.71781,-81.2012,437
Green5-1,35.71834,-81.20138,438
Green5-1,35.71878,-81.20157,439
Green5-1,35.71948,-81.20192,440
Green5-1,35.71978,-81.20212,441
Green5-1,35.72035,-81.20253,442
Green5-1,35.72324,-81.20497,443
Green5-1,35.72327,-81.20499,444
Green5-1,35.72549,-81.20683,445
Green5-1,35.72611,-81.20738,446
Green5-1,35.72574,-81.20811,447
Green5-1,35.72435,-81.21071,448
Green5-1,35.725,-81.21121,449
Green5-1,35.72514,-81.21127,450
Green5-1,35.72541,-81.21132,451
Green5-1,35.72583,-81.21134,452
Green5-1,35.72593,-81.21136,453
Green5-1,35.72607,-81.21143,454
Green5-1,35.7262,-81.21152,455
Green5-1,35.726596,-81.211766,456
Green6,35.726595,-81.211796,0
Green6,35.727262,-81.212319,1
Green6,35.726825,-81.212117,2
Green6,35.726345,-81.211668,3
Green6,35.725798,-81.21144,4
Green6,35.72575,-81.211385,5
Green6,35.724977,-81.211227,6
Green6,35.724543,-81.210805,7
Green6,35.724524,-81.210795,8
Green6,35.724427,-81.210456,9
Green6,35.724435,-81.21042,10
Green6,35.724898,-81.209642,11
Green6,35.725127,-81.209227,12
Green6,35.725349,-81.208739,13
Green6,35.725606,-81.208137,14
Green6,35.725836,-81.207681,15
Green6,35.725926,-81.207351,16
Green6,35.725381,-81.20678,17
Green6,35.724439,-81.206125,18
Green6,35.724415,-81.206101,19
Green6,35.723428,-81.205128,20
Green6,35.722784,-81.204702,21
Green6,35.721957,-81.203967,22
Green6,35.721266,-81.20333,23
Green6,35.720141,-81.202433,24
Green6,35.718634,-81.201526,25
Green6,35.717552,-81.201207,26
Green6,35.71598,-81.200967,27
Green6,35.714795,-81.200925,28
Green6,35.71351,-81.200824,29
Green6,35.712397,-81.200774,30
Green6,35.711472,-81.200782,31
Green6,35.71048,-81.200642,32
Green6,35.709562,-81.200564,33
Green6,35.709007,-81.200548,34
Green6,35.707827,-81.20044,35
Green6,35.706567,-81.200443,36
Green6,35.70562,-81.200362,37
Green6,35.704398,-81.200195,38
Green6,35.703532,-81.200127,39
Green6,35.703224,-81.200131,40
Green6,35.702976,-81.200162,41
Green6,35.702871,-81.200168,42
Green6,35.702834,-81.200702,43
Green6,35.702846,-81.201647,44
Green6,35.702816,-81.202674,45
Green6,35.702846,-81.203003,46
Green6,35.703093,-81.202966,47
Green6,35.703612,-81.203012,48
Green6,35.703707,-81.203076,49
Green6,35.703736,-81.203192,50
Green6,35.703727,-81.203587,51
Green6,35.703684,-81.203887,52
Green6,35.703407,-81.203913,53
Green6,35.703402,-81.203914,54
Green6,35.703017,-81.203936,55
Green6,35.702869,-81.20398,56
Green6,35.702825,-81.204057,57
Green6,35.702844,-81.204735,58
Green6,35.702864,-81.205137,59
Green6,35.702827,-81.205653,60
Green6,35.702856,-81.206486,61
Green6,35.702887,-81.207203,62
Green6,35.702934,-81.208456,63
Green6,35.703191,-81.210928,64
Green6,35.703393,-81.211701,65
Green6,35.70424,-81.214194,66
Green6,35.704811,-81.21536,67
Green6,35.705488,-81.216871,68
Green6,35.706386,-81.21827,69
Green6,35.707179,-81.218496,70
Green6,35.708879,-81.218727,71
Green6,35.710594,-81.218616,72
Green6,35.711116,-81.218583,73
Green6,35.711402,-81.218544,74
Green6,35.711525,-81.218528,75
Green6,35.711733,-81.218769,76
Green6,35.711937,-81.219189,77
Green6,35.712152,-81.219538,78
Green6,35.712286,-81.219816,79
Green6,35.712577,-81.220283,80
Green6,35.712847,-81.220632,81
Green6,35.713103,-81.220892,82
Green6,35.71374,-81.221345,83
Green6,35.714499,-81.221862,84
Green6,35.71494,-81.222204,85
Green6,35.715951,-81.222978,86
Green6,35.716128,-81.223097,87
Green6,35.716953,-81.223764,88
Green6,35.717453,-81.224103,89
Green6,35.71783,-81.224387,90
Green6,35.71808,-81.224604,91
Green6,35.718261,-81.224707,92
Green6,35.71816,-81.22495,93
Green6,35.71788,-81.22584,94
Green6,35.71784,-81.22596,95
Green6,35.71779,-81.22605,96
Green6,35.71778,-81.22607,97
Green6,35.71772,-81.22618,98
Green6,35.71766,-81.22626,99
Green6,35.71763,-81.22629,100
Green6,35.71756,-81.22633,101
Green6,35.71749,-81.22637,102
Green6,35.71745,-81.22638,103
Green6,35.71716,-81.2264,104
Green6,35.7168,-81.22642,105
Green6,35.71652,-81.22644,106
Green6,35.7164,-81.22647,107
Green6,35.71628,-81.22652,108
Green6,35.71618,-81.2266,109
Green6,35.71614,-81.22664,110
Green6,35.71607,-81.22673,111
Green6,35.71601,-81.22683,112
Green6,35.71596,-81.22694,113
Green6,35.71593,-81.22706,114
Green6,35.71592,-81.22712,115
Green6,35.71591,-81.22731,116
Green6,35.71592,-81.2275,117
Green6,35.71598,-81.22846,118
Green6,35.71599,-81.22874,119
Green6,35.71599,-81.22884,120
Green6,35.71597,-81.22899,121
Green6,35.71585,-81.2293,122
Green6,35.7158,-81.22947,123
Green6,35.71576,-81.22965,124
Green6,35.71575,-81.22977,125
Green6,35.71575,-81.2299,126
Green6,35.71576,-81.22996,127
Green6,35.71578,-81.23009,128
Green6,35.71581,-81.23021,129
Green6,35.71585,-81.23033,130
Green6,35.71588,-81.23038,131
Green6,35.71593,-81.23047,132
Green6,35.71601,-81.23059,133
Green6,35.71607,-81.23066,134
Green6,35.71614,-81.23072,135
Green6,35.71621,-81.23079,136
Green6,35.71627,-81.23083,137
Green6,35.71634,-81.23086,138
Green6,35.71665,-81.23097,139
Green6,35.71672,-81.23101,140
Green6,35.71678,-81.23107,141
Green6,35.71681,-81.23115,142
Green6,35.71682,-81.2312,143
Green6,35.71683,-81.23125,144
Green6,35.71682,-81.23129,145
Green6,35.71681,-81.23133,146
Green6,35.71679,-81.23139,147
Green6,35.71661,-81.23171,148
Green6,35.71651,-81.23181,149
Green6,35.71632,-81.23165,150
Green6,35.71613,-81.2315,151
Green6,35.71595,-81.23134,152
Green6,35.71575,-81.23116,153
Green6,35.71571,-81.23112,154
Green6,35.71555,-81.23096,155
Green6,35.71545,-81.23085,156
Green6,35.71529,-81.23068,157
Green6,35.71505,-81.23043,158
Green6,35.71498,-81.23033,159
Green6,35.7145,-81.22972,160
Green6,35.71425,-81.22938,161
Green6,35.71397,-81.229,162
Green6,35.71369,-81.22862,163
Green6,35.71319,-81.22792,164
Green6,35.71287,-81.22746,165
Green6,35.71279,-81.22734,166
Green6,35.71242,-81.22684,167
Green6,35.71209,-81.22638,168
Green6,35.71179,-81.22595,169
Green6,35.71167,-81.22576,170
Green6,35.7111,-81.22491,171
Green6,35.71099,-81.22475,172
Green6,35.71088,-81.22459,173
Green6,35.71074,-81.22441,174
Green6,35.71063,-81.22426,175
Green6,35.71052,-81.22413,176
Green6,35.71036,-81.22394,177
Green6,35.71012,-81.22368,178
Green6,35.70971,-81.22322,179
Green6,35.70956,-81.22305,180
Green6,35.70936,-81.22284,181
Green6,35.70933,-81.22279,182
Green6,35.70919,-81.22264,183
Green6,35.70899,-81.2224,184
Green6,35.70894,-81.22234,185
Green6,35.70879,-81.22215,186
Green6,35.70862,-81.22193,187
Green6,35.70847,-81.22171,188
Green6,35.70802,-81.22104,189
Green6,35.70788,-81.2208,190
Green6,35.707549,-81.221077,191
Green6,35.70704,-81.221599,192
Green6,35.706922,-81.22166,193
Green6,35.706784,-81.221587,194
Green6,35.70546,-81.219458,195
Green6,35.704571,-81.220256,196
Green6,35.704418,-81.220314,197
Green6,35.704201,-81.220382,198
Green6,35.704014,-81.220374,199
Green6,35.703991,-81.220474,200
Green6,35.70582,-81.221411,201
Green6,35.707534,-81.222367,202
Green6,35.708354,-81.222782,203
Green6,35.708728,-81.22311,204
Green6,35.710204,-81.224781,205
Green6,35.710579,-81.225129,206
Green6,35.711086,-81.225844,207
Green6,35.712431,-81.227891,208
Green6,35.712562,-81.22812,209
Green6,35.709429,-81.235712,210
Green6,35.709196,-81.236208,211
Green6,35.709065,-81.236285,212
Green6,35.708799,-81.236283,213
Green6,35.706974,-81.23635,214
Green6,35.702795,-81.236516,215
Green6,35.702337,-81.236473,216
Green6,35.70231,-81.23669,217
Green6,35.7023,-81.23689,218
Green6,35.70231,-81.23704,219
Green6,35.70233,-81.23808,220
Green6,35.70234,-81.23886,221
Green6,35.70234,-81.23909,222
Green6,35.70235,-81.24081,223
Green6,35.70235,-81.24097,224
Green6,35.70233,-81.24185,225
Green6,35.70232,-81.2421,226
Green6,35.70231,-81.24228,227
Green6,35.70229,-81.24246,228
Green6,35.70228,-81.2425,229
Green6,35.70219,-81.24303,230
Green6,35.70196,-81.24412,231
Green6,35.70192,-81.24435,232
Green6,35.70188,-81.24464,233
Green6,35.701846,-81.245066,234
Green6,35.701818,-81.24544,235
Green6,35.70177,-81.24636,236
Green6,35.70175,-81.24672,237
Green6,35.70172,-81.2471,238
Green6,35.70163,-81.24786,239
Green6,35.70158,-81.24828,240
Green6,35.701143,-81.25192,241
Green6,35.70085,-81.25437,242
Green6,35.70083,-81.2545,243
Green6,35.70082,-81.25453,244
Green6,35.7008,-81.25467,245
Green6,35.70073,-81.25488,246
Green6,35.70064,-81.25508,247
Green6,35.70058,-81.2552,248
Green6,35.70049,-81.2553,249
Green6,35.70039,-81.25541,250
Green6,35.70032,-81.25546,251
Green6,35.70025,-81.25551,252
Green6,35.70007,-81.25561,253
Green6,35.69989,-81.25568,254
Green6,35.69967,-81.25574,255
Green6,35.69942,-81.25581,256
Green6,35.698444,-81.255976,257
Green6,35.69814,-81.25602,258
Green6,35.69818,-81.25641,259
Green6,35.69821,-81.2568,260
Green6,35.69834,-81.2583,261
Green6,35.69838,-81.25883,262
Green6,35.69841,-81.25912,263
Green6,35.69847,-81.25998,264
Green6,35.69855,-81.26011,265
Green6,35.6986,-81.26024,266
Green6,35.69862,-81.26039,267
Green6,35.69862,-81.26054,268
Green6,35.69861,-81.26074,269
Green6,35.69853,-81.26154,270
Green6,35.69852,-81.26187,271
Green6,35.698846,-81.261871,272
Green6,35.69906,-81.261871,273
Green6,35.69969,-81.26188,274
Green6,35.70033,-81.26188,275
Green6,35.70071,-81.26187,276
Green6,35.70104,-81.26188,277
Green6,35.70124,-81.2619,278
Green6,35.70132,-81.26191,279
Green6,35.70162,-81.26195,280
Green6,35.70211,-81.26202,281
Green6,35.70261,-81.26208,282
Green6,35.70291,-81.26214,283
Green6,35.70327,-81.26222,284
Green6,35.7035,-81.26229,285
Green6,35.7037,-81.26234,286
Green6,35.70419,-81.26249,287
Green6,35.7043,-81.26253,288
Green6,35.70441,-81.26258,289
Green6,35.70464,-81.26267,290
Green6,35.70491,-81.26276,291
Green6,35.70522,-81.26287,292
Green6,35.70701,-81.26352,293
Green6,35.70856,-81.26411,294
Green6,35.70869,-81.26415,295
Green6,35.70888,-81.26422,296
Green6,35.70917,-81.26431,297
Green6,35.70958,-81.26445,298
Green6,35.70985,-81.26452,299
Green6,35.71011,-81.26459,300
Green6,35.71023,-81.26461,301
Green6,35.7104,-81.26464,302
Green6,35.71083,-81.2647,303
Green6,35.7111,-81.26473,304
Green6,35.71163,-81.26479,305
Green6,35.7121,-81.26485,306
Green6,35.71284,-81.26493,307
Green6,35.714665,-81.26517,308
Green6,35.714576,-81.265618,309
Green6,35.714603,-81.266647,310
Green6,35.714473,-81.266712,311
Green6,35.714337,-81.26669,312
Green6,35.713615,-81.266311,313
Green6,35.713163,-81.265809,314
Green6,35.713094,-81.265658,315
Green6,35.712784,-81.265752,316
Green6,35.712807,-81.264901,317
Green6,35.714406,-81.265127,318
Green6,35.71568,-81.26527,319
Green6,35.71592,-81.2653,320
Green6,35.71625,-81.26534,321
Green6,35.71632,-81.26535,322
Green6,35.71672,-81.2654,323
Green6,35.7172,-81.26547,324
Green6,35.71733,-81.26549,325
Green6,35.71885,-81.26566,326
Green6,35.71944,-81.26573,327
Green6,35.71963,-81.26574,328
Green6,35.71988,-81.26575,329
Green6,35.71995,-81.26574,330
Green6,35.72009,-81.26572,331
Green6,35.72016,-81.26571,332
Green6,35.72022,-81.26569,333
Green6,35.72031,-81.26566,334
Green6,35.72051,-81.26557,335
Green6,35.72057,-81.26554,336
Green6,35.72067,-81.26548,337
Green6,35.72089,-81.26532,338
Green6,35.7212,-81.26506,339
Green6,35.72183,-81.26456,340
Green6,35.72195,-81.26444,341
Green6,35.72211,-81.26431,342
Green6,35.72256,-81.26393,343
Green6,35.72303,-81.26466,344
Green6,35.72315,-81.26484,345
Green6,35.72337,-81.26517,346
Green6,35.723544,-81.265428,347
Green6,35.7236,-81.26551,348
Green6,35.72365,-81.26558,349
Green6,35.72376,-81.26572,350
Green6,35.72415,-81.26622,351
Green6,35.72446,-81.26662,352
Green6,35.7254,-81.26783,353
Green6,35.72549,-81.26794,354
Green6,35.72621,-81.26887,355
Green6,35.72648,-81.26922,356
Green6,35.72674,-81.26956,357
Green6,35.72684,-81.26969,358
Green6,35.72693,-81.26982,359
Green6,35.72702,-81.26996,360
Green6,35.72709,-81.27011,361
Green6,35.72713,-81.2702,362
Green6,35.72717,-81.2703,363
Green6,35.72721,-81.2704,364
Green6,35.72724,-81.2705,365
Green6,35.7273,-81.27074,366
Green6,35.72734,-81.27088,367
Green6,35.72746,-81.27139,368
Green6,35.72758,-81.27184,369
Green6,35.7277,-81.27234,370
Green6,35.72783,-81.27286,371
Green6,35.72809,-81.27389,372
Green6,35.72825,-81.27454,373
Green6,35.72832,-81.27485,374
Green6,35.728393,-81.275308,375
Green6,35.728592,-81.276638,376
Green6,35.72877,-81.27769,377
Green6,35.72878,-81.2778,378
Green6,35.72882,-81.27799,379
Green6,35.72884,-81.27813,380
Green6,35.7289,-81.27836,381
Green6,35.72893,-81.2785,382
Green6,35.72917,-81.27942,383
Green6,35.72952,-81.28078,384
Green6,35.72983,-81.28198,385
Green6,35.73014,-81.28319,386
Green6,35.73032,-81.28387,387
Green6,35.73037,-81.28403,388
Green6,35.73041,-81.28414,389
Green6,35.73045,-81.28426,390
Green6,35.73053,-81.28445,391
Green6,35.73076,-81.28491,392
Green6,35.73132,-81.28602,393
Green6,35.73142,-81.28623,394
Green6,35.73152,-81.28644,395
Green6,35.73156,-81.28655,396
Green6,35.73159,-81.28662,397
Green6,35.73162,-81.28673,398
Green6,35.73167,-81.2869,399
Green6,35.73172,-81.28709,400
Green6,35.73221,-81.28935,401
Green6,35.73224,-81.28957,402
Green6,35.73227,-81.28979,403
Green6,35.73229,-81.29005,404
Green6,35.73232,-81.29035,405
Green6,35.73238,-81.291231,406
Green6,35.733165,-81.291405,407
Green6,35.734221,-81.291469,408
Green6,35.734196,-81.29263,409
Green6,35.734088,-81.29309,410
Green6,35.733603,-81.29322,411
Green6,35.732731,-81.293276,412
Green6,35.73238,-81.291219,413
Green6,35.730787,-81.290837,414
Green6,35.73101,-81.289714,415
Green6,35.730992,-81.289289,416
Green6,35.730445,-81.287916,417
Green6,35.729968,-81.287326,418
Green6,35.729571,-81.28705,419
Green6,35.728952,-81.286913,420
Green6,35.72825,-81.287011,421
Green6,35.727726,-81.286951,422
Green6,35.727584,-81.28699,423
Green6,35.727127,-81.286794,424
Green6,35.727064,-81.286618,425
Green6,35.726749,-81.285459,426
Green6,35.726512,-81.28435,427
Green6,35.726034,-81.28305,428
Green6,35.724104,-81.284067,429
Green6,35.724779,-81.285573,430
Green6,35.725567,-81.28783,431
Green6,35.726019,-81.289583,432
Green6,35.726373,-81.290879,433
Green6,35.727846,-81.290479,434
Green6,35.729358,-81.290386,435
Green6,35.730973,-81.290627,436
Green6,35.732362,-81.291072,437
Green6,35.73272,-81.29328,438
Green6,35.73291,-81.29436,439
Green6,35.73308,-81.29529,440
Green6,35.73334,-81.29673,441
Green6,35.73339,-81.2971,442
Green6,35.73342,-81.29741,443
Green6,35.73343,-81.29772,444
Green6,35.73343,-81.29805,445
Green6,35.73335,-81.29933,446
Green6,35.73301,-81.29911,447
Green6,35.73283,-81.29899,448
Green6,35.73279,-81.29896,449
Green6,35.73267,-81.2989,450
Green6,35.73252,-81.29884,451
Green6,35.73236,-81.29881,452
Green6,35.7323,-81.29883,453
Green6,35.73165,-81.29898,454
Green6,35.73099,-81.29902,455
Green6,35.73091,-81.29903,456
Green6,35.73067,-81.29903,457
Green6,35.73035,-81.29904,458
Green6,35.72984,-81.29905,459
Green6,35.72928,-81.29905,460
Green6,35.72914,-81.29904,461
Green6,35.72905,-81.29904,462
Green6,35.72888,-81.29901,463
Green6,35.72872,-81.29898,464
Green6,35.72856,-81.29893,465
Green6,35.72842,-81.29888,466
Green6,35.72829,-81.29883,467
Green6,35.72821,-81.29879,468
Green6,35.72817,-81.29877,469
Green6,35.72776,-81.29855,470
Green6,35.72789,-81.29949,471
Green6,35.72799,-81.30031,472
Green6,35.72805,-81.30082,473
Green6,35.72821,-81.30216,474
Green6,35.72824,-81.30241,475
Green6,35.728298,-81.302899,476
Green6,35.72838,-81.30353,477
Green6,35.7285,-81.3045,478
Green6,35.72853,-81.30476,479
Green6,35.7286,-81.30531,480
Green6,35.72864,-81.30572,481
Green6,35.72865,-81.30577,482
Green6,35.72875,-81.30661,483
Green6,35.728965,-81.308338,484
Green6,35.729016,-81.308918,485
Green6,35.730159,-81.308426,486
Green6,35.731016,-81.307967,487
Green6,35.730921,-81.306567,488
Green6,35.73081,-81.306336,489
Green6,35.730676,-81.306284,490
Green6,35.729271,-81.306651,491
Green6,35.729083,-81.306831,492
Green6,35.729118,-81.307486,493
Green6,35.729865,-81.308534,494
Green6,35.729016,-81.308897,495
Green6,35.72907,-81.30929,496
Green6,35.72926,-81.31087,497
Green6,35.7293,-81.31112,498
Green6,35.72948,-81.31263,499
Green6,35.72957,-81.31343,500
Green6,35.72959,-81.3136,501
Green6,35.72941,-81.31368,502
Green6,35.729,-81.31383,503
Green6,35.72885,-81.31389,504
Green6,35.72863,-81.31398,505
Green6,35.72852,-81.31403,506
Green6,35.72842,-81.31406,507
Green6,35.72836,-81.31408,508
Green6,35.72829,-81.31411,509
Green6,35.7282,-81.31413,510
Green6,35.72799,-81.31415,511
Green6,35.72785,-81.31415,512
Green6,35.72773,-81.31415,513
Green6,35.72763,-81.31415,514
Green6,35.72756,-81.31416,515
Green6,35.72739,-81.3142,516
Green6,35.72724,-81.31426,517
Green6,35.72717,-81.31428,518
Green6,35.72708,-81.3143,519
Green6,35.72699,-81.31431,520
Green6,35.7269,-81.3143,521
Green6,35.72683,-81.31428,522
Green6,35.72678,-81.31426,523
Green6,35.72665,-81.31416,524
Green6,35.72646,-81.314,525
Green6,35.7264,-81.31396,526
Green6,35.72636,-81.31394,527
Green6,35.72631,-81.31393,528
Green6,35.72626,-81.31392,529
Green6,35.72622,-81.31392,530
Green6,35.72613,-81.31395,531
Green6,35.7261,-81.31397,532
Green6,35.72606,-81.31399,533
Green6,35.72603,-81.31402,534
Green6,35.72599,-81.31405,535
Green6,35.72596,-81.31408,536
Green6,35.72589,-81.31415,537
Green6,35.72574,-81.3143,538
Green6,35.72537,-81.31465,539
Green6,35.72523,-81.3148,540
Green6,35.72507,-81.315,541
Green6,35.72492,-81.31522,542
Green6,35.72476,-81.31547,543
Green6,35.72423,-81.31638,544
Green6,35.72352,-81.31753,545
Green6,35.72312,-81.31818,546
Green6,35.72299,-81.31838,547
Green6,35.72289,-81.31854,548
Green6,35.72276,-81.31872,549
Green6,35.72287,-81.31889,550
Green6,35.72302,-81.31914,551
Green6,35.72316,-81.3194,552
Green6,35.72329,-81.31965,553
Green6,35.72347,-81.31995,554
Green6,35.72362,-81.32017,555
Green6,35.72391,-81.32059,556
Green6,35.72407,-81.32079,557
Green6,35.72423,-81.32097,558
Green6,35.72441,-81.32116,559
Green6,35.72459,-81.32133,560
Green6,35.72552,-81.32209,561
Green6,35.72571,-81.32225,562
Green6,35.7262,-81.32268,563
Green6,35.72661,-81.32304,564
Green6,35.72696,-81.32335,565
Green6,35.7274,-81.32373,566
Green6,35.72759,-81.32389,567
Green6,35.72775,-81.32402,568
Green6,35.72792,-81.32415,569
Green6,35.72819,-81.32434,570
Green6,35.72852,-81.32458,571
Green6,35.72887,-81.32482,572
Green6,35.72919,-81.32504,573
Green6,35.72928,-81.3251,574
Green6,35.72971,-81.32539,575
Green6,35.72985,-81.32546,576
Green6,35.72998,-81.32553,577
Green6,35.73021,-81.32562,578
Green6,35.729745,-81.327073,579
Green6,35.729208,-81.328263,580
Green6,35.729051,-81.328924,581
Green6,35.729819,-81.328861,582
Green6,35.73039,-81.32879,583
Green6,35.73042,-81.32936,584
Green6,35.730481,-81.330878,585
Green6,35.7305,-81.33116,586
Green6,35.73056,-81.33231,587
Green6,35.73057,-81.33246,588
Green6,35.73058,-81.33265,589
Green6,35.73058,-81.33279,590
Green6,35.73056,-81.33312,591
Green6,35.73054,-81.33338,592
Green6,35.73053,-81.33349,593
Green6,35.73047,-81.33403,594
Green6,35.73046,-81.33425,595
Green6,35.73048,-81.33447,596
Green6,35.730515,-81.334818,597
Green6,35.7306,-81.33537,598
Green6,35.73065,-81.3357,599
Green6,35.73068,-81.33588,600
Green6,35.7309,-81.33711,601
Green6,35.7311,-81.33803,602
Green6,35.73179,-81.338,603
Green6,35.732347,-81.337958,604
Green6,35.733,-81.33795,605
Green6,35.734194,-81.33787,606
Green6,35.734343,-81.337864,607
Green6,35.734379,-81.339655,608
Green6,35.73336,-81.33964,609
Green6,35.73312,-81.33963,610
Green6,35.73273,-81.33964,611
Green6,35.732253,-81.339638,612
Green6,35.73205,-81.33965,613
Green6,35.73199,-81.33964,614
Green6,35.73183,-81.33964,615
Green6,35.73149,-81.33969,616
Green6,35.73144,-81.33971,617
Green6,35.7314,-81.33975,618
Green6,35.7314,-81.33986,619
Green6,35.73141,-81.34023,620
Green6,35.73125,-81.34024,621
Green6,35.73106,-81.34024,622
Green6,35.73072,-81.34026,623
Green6,35.730718,-81.340724,624
Green6,35.73074,-81.341363,625
Green6,35.73034,-81.341425,626
Taylorsville,35.909234,-81.176536,0
Taylorsville,35.909731,-81.176549,1
Taylorsville,35.909746,-81.177116,2
Taylorsville,35.909752,-81.177351,3
Taylorsville,35.90974,-81.17789,4
Taylorsville,35.91039,-81.17792,5
Taylorsville,35.91072,-81.17793,6
Taylorsville,35.91133,-81.17796,7
Taylorsville,35.91146,-81.17795,8
Taylorsville,35.91171,-81.17796,9
Taylorsville,35.91217,-81.17797,10
Taylorsville,35.91327,-81.17801,11
Taylorsville,35.91348,-81.17801,12
Taylorsville,35.913908,-81.178042,13
Taylorsville,35.914015,-81.177992,14
Taylorsville,35.914027,-81.177846,15
Taylorsville,35.914027,-81.177841,16
Taylorsville,35.914065,-81.177753,17
Taylorsville,35.914126,-81.177692,18
Taylorsville,35.914145,-81.177689,19
Taylorsville,35.914154,-81.177728,20
Taylorsville,35.914149,-81.177803,21
Taylorsville,35.914106,-81.177839,22
Taylorsville,35.914071,-81.177898,23
Taylorsville,35.914086,-81.177985,24
Taylorsville,35.9146,-81.17804,25
Taylorsville,35.91537,-81.17802,26
Taylorsville,35.91582,-81.17801,27
Taylorsville,35.916496,-81.177929,28
Taylorsville,35.91712,-81.17797,29
Taylorsville,35.91745,-81.17796,30
Taylorsville,35.91767,-81.17796,31
Taylorsville,35.9178,-81.17796,32
Taylorsville,35.918667,-81.177929,33
Taylorsville,35.919213,-81.177866,34
Taylorsville,35.91964,-81.1779,35
Taylorsville,35.92004,-81.1779,36
Taylorsville,35.92027,-81.1779,37
Taylorsville,35.92037,-81.17791,38
Taylorsville,35.921223,-81.178094,39
Taylorsville,35.921266,-81.178031,40
Taylorsville,35.921259,-81.177956,41
Taylorsville,35.921304,-81.177742,42
Taylorsville,35.921324,-81.177689,43
Taylorsville,35.921339,-81.177627,44
Taylorsville,35.92151,-81.17704,45
Taylorsville,35.92179,-81.17605,46
Taylorsville,35.92183,-81.17594,47
Taylorsville,35.92184,-81.17578,48
Taylorsville,35.92188,-81.175659,49
Taylorsville,35.921979,-81.175504,50
Taylorsville,35.922048,-81.175241,51
Taylorsville,35.922086,-81.175082,52
Taylorsville,35.922114,-81.174973,53
Taylorsville,35.922163,-81.174811,54
Taylorsville,35.922394,-81.173998,55
Taylorsville,35.922422,-81.173804,56
Taylorsville,35.92255,-81.17359,57
Taylorsville,35.92258,-81.17348,58
Taylorsville,35.92261,-81.1734,59
Taylorsville,35.92263,-81.17336,60
Taylorsville,35.92267,-81.1733,61
Taylorsville,35.922719,-81.173254,62
Taylorsville,35.923032,-81.172957,63
Taylorsville,35.923144,-81.172904,64
Taylorsville,35.923148,-81.172869,65
Taylorsville,35.923122,-81.17273,66
Taylorsville,35.92309,-81.17247,67
Taylorsville,35.92303,-81.17221,68
Taylorsville,35.923,-81.17206,69
Taylorsville,35.92299,-81.17203,70
Taylorsville,35.92292,-81.17177,71
Taylorsville,35.92268,-81.17091,72
Taylorsville,35.92234,-81.16964,73
Taylorsville,35.92224,-81.16929,74
Taylorsville,35.92222,-81.16921,75
Taylorsville,35.92207,-81.16865,76
Taylorsville,35.921932,-81.168225,77
Taylorsville,35.921858,-81.167894,78
Taylorsville,35.921832,-81.167785,79
Taylorsville,35.921812,-81.167682,80
Taylorsville,35.92179,-81.167516,81
Taylorsville,35.921752,-81.167242,82
Taylorsville,35.921736,-81.167045,83
Taylorsville,35.92164,-81.16494,84
Taylorsville,35.92161,-81.16473,85
Taylorsville,35.92159,-81.16456,86
Taylorsville,35.92158,-81.16453,87
Taylorsville,35.92152,-81.16424,88
Taylorsville,35.92145,-81.16396,89
Taylorsville,35.92139,-81.16377,90
Taylorsville,35.921287,-81.163749,91
Taylorsville,35.921178,-81.163711,92
Taylorsville,35.921063,-81.163574,93
Taylorsville,35.921024,-81.163496,94
Taylorsville,35.921032,-81.163407,95
Taylorsville,35.921049,-81.16333,96
Taylorsville,35.921213,-81.163328,97
Taylorsville,35.921321,-81.163471,98
Taylorsville,35.92135,-81.163584,99
Taylorsville,35.921406,-81.163712,100
Taylorsville,35.921465,-81.163908,101
Taylorsville,35.921522,-81.164112,102
Taylorsville,35.921563,-81.16431,103
Taylorsville,35.921609,-81.164499,104
Taylorsville,35.921656,-81.16477,105
Taylorsville,35.921684,-81.165139,106
Taylorsville,35.921705,-81.165384,107
Taylorsville,35.921707,-81.165707,108
Taylorsville,35.921744,-81.166097,109
Taylorsville,35.921747,-81.166388,110
Taylorsville,35.921792,-81.166924,111
Taylorsville,35.921801,-81.167031,112
Taylorsville,35.921802,-81.167189,113
Taylorsville,35.921813,-81.167391,114
Taylorsville,35.921845,-81.167554,115
Taylorsville,35.921913,-81.167877,116
Taylorsville,35.921968,-81.168047,117
Taylorsville,35.922121,-81.168069,118
Taylorsville,35.922227,-81.168111,119
Taylorsville,35.922268,-81.168166,120
Taylorsville,35.922598,-81.168227,121
Taylorsville,35.922585,-81.168342,122
Taylorsville,35.922278,-81.168323,123
Taylorsville,35.92203,-81.168322,124
Taylorsville,35.922181,-81.168913,125
Taylorsville,35.922286,-81.169312,126
Taylorsville,35.922354,-81.169556,127
Taylorsville,35.922459,-81.169956,128
Taylorsville,35.922636,-81.170618,129
Taylorsville,35.922725,-81.170933,130
Taylorsville,35.922802,-81.171236,131
Taylorsville,35.922952,-81.171735,132
Taylorsville,35.923071,-81.172216,133
Taylorsville,35.923153,-81.172584,134
Taylorsville,35.923199,-81.172804,135
Taylorsville,35.923237,-81.173006,136
Taylorsville,35.923269,-81.173217,137
Taylorsville,35.923299,-81.173554,138
Taylorsville,35.923288,-81.174036,139
Taylorsville,35.923263,-81.174261,140
Taylorsville,35.923181,-81.174607,141
Taylorsville,35.923018,-81.175262,142
Taylorsville,35.922701,-81.176228,143
Taylorsville,35.922643,-81.176523,144
Taylorsville,35.922178,-81.178087,145
Taylorsville,35.921925,-81.178925,146
Taylorsville,35.92151,-81.180458,147
Taylorsville,35.921486,-81.180715,148
Taylorsville,35.921605,-81.181824,149
Taylorsville,35.921756,-81.183421,150
Taylorsville,35.921871,-81.184471,151
Taylorsville,35.922003,-81.18563,152
Taylorsville,35.922219,-81.185664,153
Taylorsville,35.922206,-81.18591,154
Taylorsville,35.922209,-81.18603,155
Taylorsville,35.922038,-81.186036,156
Taylorsville,35.922067,-81.186324,157
Taylorsville,35.922126,-81.186853,158
Taylorsville,35.922395,-81.189437,159
Taylorsville,35.922501,-81.190333,160
Taylorsville,35.92249,-81.190546,161
Taylorsville,35.921787,-81.190621,162
Taylorsville,35.921289,-81.190616,163
Taylorsville,35.921243,-81.190519,164
Taylorsville,35.921271,-81.190232,165
Taylorsville,35.921323,-81.18987,166
Taylorsville,35.921394,-81.189433,167
Taylorsville,35.921485,-81.189397,168
Taylorsville,35.921924,-81.189491,169
Taylorsville,35.922147,-81.189464,170
Taylorsville,35.922413,-81.189549,171
Taylorsville,35.922122,-81.186844,172
Taylorsville,35.921562,-81.186877,173
Taylorsville,35.921323,-81.186861,174
Taylorsville,35.921,-81.186861,175
Taylorsville,35.920585,-81.186906,176
Taylorsville,35.920145,-81.18688,177
Taylorsville,35.919919,-81.186883,178
Taylorsville,35.919865,-81.18666,179
Taylorsville,35.919909,-81.185834,180
Taylorsville,35.920229,-81.185843,181
Taylorsville,35.92034,-81.185858,182
Taylorsville,35.920341,-81.185754,183
Taylorsville,35.920381,-81.185366,184
Taylorsville,35.920464,-81.185391,185
Taylorsville,35.920687,-81.18547,186
Taylorsville,35.921166,-81.185698,187
Taylorsville,35.921744,-81.186104,188
Taylorsville,35.921929,-81.185961,189
Taylorsville,35.922009,-81.185754,190
Taylorsville,35.921893,-81.184681,191
Taylorsville,35.921629,-81.182131,192
Taylorsville,35.921538,-81.181617,193
Taylorsville,35.921538,-81.181605,194
Taylorsville,35.921493,-81.181024,195
Taylorsville,35.921436,-81.180373,196
Taylorsville,35.921354,-81.179344,197
Taylorsville,35.921319,-81.178857,198
Taylorsville,35.9213,-81.178401,199
Taylorsville,35.921299,-81.178384,200
Taylorsville,35.921278,-81.178193,201
Taylorsville,35.921145,-81.178138,202
Taylorsville,35.920902,-81.1781,203
Taylorsville,35.920674,-81.178029,204
Taylorsville,35.920489,-81.177998,205
Taylorsville,35.920399,-81.177977,206
Taylorsville,35.920238,-81.177949,207
Taylorsville,35.920041,-81.177944,208
Taylorsville,35.919851,-81.177962,209
Taylorsville,35.919616,-81.177966,210
Taylorsville,35.91922,-81.177978,211
Taylorsville,35.91886,-81.177976,212
Taylorsville,35.918666,-81.177989,213
Taylorsville,35.918444,-81.177997,214
Taylorsville,35.917972,-81.178026,215
Taylorsville,35.917643,-81.178037,216
Taylorsville,35.91735,-81.178053,217
Taylorsville,35.916902,-81.178043,218
Taylorsville,35.916483,-81.178053,219
Taylorsville,35.916234,-81.178058,220
Taylorsville,35.915941,-81.178048,221
Taylorsville,35.915723,-81.178058,222
Taylorsville,35.914899,-81.178093,223
Taylorsville,35.914539,-81.178084,224
Taylorsville,35.914189,-81.178083,225
Taylorsville,35.913885,-81.178074,226
Taylorsville,35.913597,-81.178066,227
Taylorsville,35.913199,-81.178053,228
Taylorsville,35.912835,-81.178042,229
Taylorsville,35.912722,-81.178051,230
Taylorsville,35.912424,-81.17802,231
Taylorsville,35.912086,-81.178016,232
Taylorsville,35.911819,-81.178013,233
Taylorsville,35.911547,-81.177987,234
Taylorsville,35.911304,-81.177995,235
Taylorsville,35.911118,-81.177997,236
Taylorsville,35.910784,-81.177971,237
Taylorsville,35.910383,-81.177964,238
Taylorsville,35.910186,-81.177951,239
Taylorsville,35.909896,-81.177947,240
Taylorsville,35.90976,-81.177948,241
Taylorsville,35.909694,-81.17795,242
Taylorsville,35.909703,-81.177694,243
Taylorsville,35.909698,-81.177583,244
Taylorsville,35.9097,-81.177466,245
Taylorsville,35.909606,-81.177459,246
Taylorsville,35.909453,-81.17744,247
Taylorsville,35.909314,-81.17744,248
Taylorsville,35.909206,-81.17744,249
Taylorsville,35.909082,-81.17744,250
Taylorsville,35.908951,-81.177432,251
Taylorsville,35.908869,-81.177437,252
Taylorsville,35.908699,-81.177427,253
Taylorsville,35.908484,-81.177397,254
Taylorsville,35.908328,-81.177306,255
Taylorsville,35.908245,-81.177206,256
Taylorsville,35.9082,-81.176946,257
Taylorsville,35.908123,-81.176457,258
Taylorsville,35.908337,-81.176509,259
Taylorsville,35.909104,-81.176525,260
West_Taylorsville,35.89816,-81.29367,0
West_Taylorsville,35.89855,-81.29326,1
West_Taylorsville,35.89888,-81.29295,2
West_Taylorsville,35.89932,-81.29257,3
West_Taylorsville,35.89999,-81.29203,4
West_Taylorsville,35.90032,-81.29177,5
West_Taylorsville,35.9006,-81.29155,6
West_Taylorsville,35.90069,-81.29147,7
West_Taylorsville,35.90096,-81.29125,8
West_Taylorsville,35.90105,-81.29118,9
West_Taylorsville,35.90116,-81.29111,10
West_Taylorsville,35.90127,-81.29106,11
West_Taylorsville,35.90139,-81.29103,12
West_Taylorsville,35.90151,-81.29101,13
West_Taylorsville,35.90173,-81.291,14
West_Taylorsville,35.90211,-81.29101,15
West_Taylorsville,35.9023,-81.29101,16
West_Taylorsville,35.90258,-81.29099,17
West_Taylorsville,35.90276,-81.29096,18
West_Taylorsville,35.90286,-81.29094,19
West_Taylorsville,35.903,-81.2909,20
West_Taylorsville,35.90324,-81.29084,21
West_Taylorsville,35.90349,-81.29077,22
West_Taylorsville,35.90387,-81.29066,23
West_Taylorsville,35.90409,-81.2906,24
West_Taylorsville,35.90428,-81.29055,25
West_Taylorsville,35.90452,-81.29048,26
West_Taylorsville,35.90472,-81.29041,27
West_Taylorsville,35.90491,-81.29033,28
West_Taylorsville,35.90512,-81.29024,29
West_Taylorsville,35.90528,-81.29015,30
West_Taylorsville,35.90546,-81.29003,31
West_Taylorsville,35.90573,-81.28986,32
West_Taylorsville,35.90596,-81.28972,33
West_Taylorsville,35.90614,-81.28961,34
West_Taylorsville,35.9066,-81.28933,35
West_Taylorsville,35.90675,-81.28923,36
West_Taylorsville,35.90681,-81.28919,37
West_Taylorsville,35.90686,-81.28915,38
West_Taylorsville,35.9069,-81.28911,39
West_Taylorsville,35.90693,-81.28908,40
West_Taylorsville,35.90698,-81.28903,41
West_Taylorsville,35.90703,-81.28896,42
West_Taylorsville,35.90708,-81.2889,43
West_Taylorsville,35.90714,-81.28879,44
West_Taylorsville,35.90718,-81.28871,45
West_Taylorsville,35.90732,-81.28841,46
West_Taylorsville,35.90736,-81.28832,47
West_Taylorsville,35.90762,-81.2878,48
West_Taylorsville,35.90771,-81.28762,49
West_Taylorsville,35.9078,-81.28744,50
West_Taylorsville,35.90785,-81.28733,51
West_Taylorsville,35.9079,-81.28725,52
West_Taylorsville,35.90794,-81.28717,53
West_Taylorsville,35.90798,-81.2871,54
West_Taylorsville,35.90802,-81.28706,55
West_Taylorsville,35.90806,-81.28701,56
West_Taylorsville,35.90811,-81.28697,57
West_Taylorsville,35.90815,-81.28693,58
West_Taylorsville,35.90822,-81.28689,59
West_Taylorsville,35.90828,-81.28686,60
West_Taylorsville,35.90834,-81.28685,61
West_Taylorsville,35.9084,-81.28684,62
West_Taylorsville,35.90847,-81.28683,63
West_Taylorsville,35.90856,-81.28682,64
West_Taylorsville,35.90863,-81.2868,65
West_Taylorsville,35.9087,-81.28678,66
West_Taylorsville,35.90877,-81.28674,67
West_Taylorsville,35.90884,-81.28669,68
West_Taylorsville,35.90891,-81.28664,69
West_Taylorsville,35.90897,-81.28658,70
West_Taylorsville,35.909,-81.28654,71
West_Taylorsville,35.90903,-81.2865,72
West_Taylorsville,35.90908,-81.28643,73
West_Taylorsville,35.90913,-81.28634,74
West_Taylorsville,35.90918,-81.2862,75
West_Taylorsville,35.90925,-81.28598,76
West_Taylorsville,35.90928,-81.28584,77
West_Taylorsville,35.90935,-81.28557,78
West_Taylorsville,35.90937,-81.28548,79
West_Taylorsville,35.90944,-81.28524,80
West_Taylorsville,35.90966,-81.28441,81
West_Taylorsville,35.90973,-81.28418,82
West_Taylorsville,35.90978,-81.28401,83
West_Taylorsville,35.90982,-81.28392,84
West_Taylorsville,35.90984,-81.28387,85
West_Taylorsville,35.90987,-81.28381,86
West_Taylorsville,35.90989,-81.28378,87
West_Taylorsville,35.90992,-81.28374,88
West_Taylorsville,35.90995,-81.28371,89
West_Taylorsville,35.90998,-81.28368,90
West_Taylorsville,35.91002,-81.28364,91
West_Taylorsville,35.91006,-81.28361,92
West_Taylorsville,35.91016,-81.28353,93
West_Taylorsville,35.91038,-81.28339,94
West_Taylorsville,35.91059,-81.28326,95
West_Taylorsville,35.91067,-81.2832,96
West_Taylorsville,35.91071,-81.28316,97
West_Taylorsville,35.91076,-81.28312,98
West_Taylorsville,35.9108,-81.28307,99
West_Taylorsville,35.91082,-81.28304,100
West_Taylorsville,35.91084,-81.28301,101
West_Taylorsville,35.91085,-81.28298,102
West_Taylorsville,35.91087,-81.28294,103
West_Taylorsville,35.91088,-81.28291,104
West_Taylorsville,35.91089,-81.28286,105
West_Taylorsville,35.91091,-81.28279,106
West_Taylorsville,35.91092,-81.2827,107
West_Taylorsville,35.91093,-81.28254,108
West_Taylorsville,35.91093,-81.28241,109
West_Taylorsville,35.91094,-81.28233,110
West_Taylorsville,35.91095,-81.28225,111
West_Taylorsville,35.91096,-81.28217,112
West_Taylorsville,35.91098,-81.28211,113
West_Taylorsville,35.911,-81.28205,114
West_Taylorsville,35.91104,-81.28198,115
West_Taylorsville,35.91107,-81.28192,116
West_Taylorsville,35.91112,-81.28186,117
West_Taylorsville,35.91122,-81.28174,118
West_Taylorsville,35.91139,-81.28154,119
West_Taylorsville,35.91144,-81.28148,120
West_Taylorsville,35.91148,-81.28143,121
West_Taylorsville,35.91151,-81.28139,122
West_Taylorsville,35.91155,-81.28132,123
West_Taylorsville,35.91158,-81.28125,124
West_Taylorsville,35.91161,-81.28116,125
West_Taylorsville,35.91162,-81.28109,126
West_Taylorsville,35.91164,-81.28101,127
West_Taylorsville,35.91164,-81.28096,128
West_Taylorsville,35.91165,-81.28088,129
West_Taylorsville,35.91164,-81.28079,130
West_Taylorsville,35.91163,-81.28073,131
West_Taylorsville,35.91163,-81.28069,132
West_Taylorsville,35.91162,-81.28065,133
West_Taylorsville,35.9116,-81.28058,134
West_Taylorsville,35.91157,-81.28049,135
West_Taylorsville,35.91152,-81.28038,136
West_Taylorsville,35.91148,-81.2803,137
West_Taylorsville,35.91144,-81.28023,138
West_Taylorsville,35.9114,-81.28012,139
West_Taylorsville,35.91137,-81.28004,140
West_Taylorsville,35.91135,-81.27996,141
West_Taylorsville,35.91133,-81.27988,142
West_Taylorsville,35.91131,-81.27979,143
West_Taylorsville,35.9113,-81.27969,144
West_Taylorsville,35.91129,-81.27958,145
West_Taylorsville,35.91129,-81.27947,146
West_Taylorsville,35.91129,-81.27936,147
West_Taylorsville,35.9113,-81.27927,148
West_Taylorsville,35.91131,-81.27918,149
West_Taylorsville,35.91133,-81.27909,150
West_Taylorsville,35.91134,-81.27902,151
West_Taylorsville,35.91137,-81.27894,152
West_Taylorsville,35.9114,-81.27885,153
West_Taylorsville,35.91143,-81.27876,154
West_Taylorsville,35.91147,-81.27867,155
West_Taylorsville,35.91154,-81.27854,156
West_Taylorsville,35.9116,-81.27842,157
West_Taylorsville,35.9117,-81.27828,158
West_Taylorsville,35.91177,-81.27818,159
West_Taylorsville,35.91185,-81.2781,160
West_Taylorsville,35.91195,-81.27799,161
West_Taylorsville,35.9121,-81.27785,162
West_Taylorsville,35.91222,-81.27774,163
West_Taylorsville,35.91237,-81.27763,164
West_Taylorsville,35.91248,-81.27753,165
West_Taylorsville,35.91298,-81.27712,166
West_Taylorsville,35.91325,-81.27691,167
West_Taylorsville,35.91355,-81.27666,168
West_Taylorsville,35.91372,-81.27653,169
West_Taylorsville,35.9139,-81.27638,170
West_Taylorsville,35.91406,-81.27625,171
West_Taylorsville,35.91416,-81.27618,172
West_Taylorsville,35.91429,-81.27605,173
West_Taylorsville,35.91435,-81.27597,174
West_Taylorsville,35.91441,-81.2759,175
West_Taylorsville,35.91446,-81.27583,176
West_Taylorsville,35.91453,-81.27571,177
West_Taylorsville,35.91471,-81.27538,178
West_Taylorsville,35.91487,-81.27507,179
West_Taylorsville,35.91511,-81.27461,180
West_Taylorsville,35.91563,-81.27358,181
West_Taylorsville,35.91614,-81.2726,182
West_Taylorsville,35.91646,-81.27199,183
West_Taylorsville,35.91666,-81.27158,184
West_Taylorsville,35.91685,-81.27122,185
West_Taylorsville,35.91704,-81.27087,186
West_Taylorsville,35.91716,-81.27063,187
West_Taylorsville,35.91726,-81.27044,188
West_Taylorsville,35.91735,-81.27028,189
West_Taylorsville,35.91743,-81.27009,190
West_Taylorsville,35.91755,-81.26984,191
West_Taylorsville,35.91759,-81.26963,192
West_Taylorsville,35.91764,-81.26934,193
West_Taylorsville,35.91768,-81.26916,194
West_Taylorsville,35.91777,-81.26864,195
West_Taylorsville,35.91786,-81.26816,196
West_Taylorsville,35.91794,-81.26773,197
West_Taylorsville,35.91803,-81.26724,198
West_Taylorsville,35.91807,-81.26699,199
West_Taylorsville,35.91811,-81.26679,200
West_Taylorsville,35.91814,-81.26667,201
West_Taylorsville,35.91818,-81.26654,202
West_Taylorsville,35.9182,-81.26647,203
West_Taylorsville,35.91823,-81.26641,204
West_Taylorsville,35.91827,-81.26632,205
West_Taylorsville,35.91829,-81.26626,206
West_Taylorsville,35.91832,-81.26621,207
West_Taylorsville,35.91837,-81.26613,208
West_Taylorsville,35.91842,-81.26606,209
West_Taylorsville,35.91849,-81.26597,210
West_Taylorsville,35.91856,-81.26591,211
West_Taylorsville,35.91866,-81.26584,212
West_Taylorsville,35.91876,-81.26579,213
West_Taylorsville,35.91887,-81.26573,214
West_Taylorsville,35.91894,-81.26568,215
West_Taylorsville,35.91901,-81.26564,216
West_Taylorsville,35.91906,-81.2656,217
West_Taylorsville,35.91913,-81.26555,218
West_Taylorsville,35.91919,-81.2655,219
West_Taylorsville,35.91925,-81.26544,220
West_Taylorsville,35.91931,-81.26537,221
West_Taylorsville,35.91937,-81.2653,222
West_Taylorsville,35.91945,-81.26521,223
West_Taylorsville,35.91964,-81.26497,224
West_Taylorsville,35.91972,-81.26487,225
West_Taylorsville,35.91991,-81.26462,226
West_Taylorsville,35.92007,-81.2644,227
West_Taylorsville,35.92028,-81.26412,228
West_Taylorsville,35.9205,-81.26383,229
West_Taylorsville,35.92095,-81.26322,230
West_Taylorsville,35.92131,-81.26275,231
West_Taylorsville,35.92153,-81.26245,232
West_Taylorsville,35.92167,-81.26228,233
West_Taylorsville,35.92176,-81.26216,234
West_Taylorsville,35.92183,-81.26208,235
West_Taylorsville,35.92194,-81.26195,236
West_Taylorsville,35.92202,-81.26186,237
West_Taylorsville,35.92213,-81.26173,238
West_Taylorsville,35.92237,-81.26152,239
West_Taylorsville,35.92254,-81.26137,240
West_Taylorsville,35.92279,-81.26113,241
West_Taylorsville,35.92249,-81.2606,242
West_Taylorsville,35.92209,-81.25991,243
West_Taylorsville,35.92116,-81.25828,244
West_Taylorsville,35.92091,-81.25784,245
West_Taylorsville,35.9206,-81.25729,246
West_Taylorsville,35.91983,-81.25593,247
West_Taylorsville,35.91936,-81.25511,248
West_Taylorsville,35.91923,-81.25488,249
West_Taylorsville,35.91911,-81.25464,250
West_Taylorsville,35.919,-81.25441,251
West_Taylorsville,35.91891,-81.25417,252
West_Taylorsville,35.91884,-81.25392,253
West_Taylorsville,35.9188,-81.25377,254
West_Taylorsville,35.91878,-81.25367,255
West_Taylorsville,35.91877,-81.25358,256
West_Taylorsville,35.91875,-81.25345,257
West_Taylorsville,35.91873,-81.25331,258
West_Taylorsville,35.91872,-81.25319,259
West_Taylorsville,35.91872,-81.25306,260
West_Taylorsville,35.91871,-81.25292,261
West_Taylorsville,35.91872,-81.25272,262
West_Taylorsville,35.91876,-81.25241,263
West_Taylorsville,35.91879,-81.25219,264
West_Taylorsville,35.91887,-81.25183,265
West_Taylorsville,35.91891,-81.25163,266
West_Taylorsville,35.91896,-81.25143,267
West_Taylorsville,35.91905,-81.25106,268
West_Taylorsville,35.91922,-81.2503,269
West_Taylorsville,35.91931,-81.24986,270
West_Taylorsville,35.91935,-81.24957,271
West_Taylorsville,35.91937,-81.24939,272
West_Taylorsville,35.91938,-81.24916,273
West_Taylorsville,35.91937,-81.24892,274
West_Taylorsville,35.91936,-81.24868,275
West_Taylorsville,35.91932,-81.24835,276
West_Taylorsville,35.91926,-81.24807,277
West_Taylorsville,35.91919,-81.2477,278
West_Taylorsville,35.91916,-81.24752,279
West_Taylorsville,35.91914,-81.2474,280
West_Taylorsville,35.91912,-81.24719,281
West_Taylorsville,35.91912,-81.24707,282
West_Taylorsville,35.91912,-81.24696,283
West_Taylorsville,35.91912,-81.24674,284
West_Taylorsville,35.91913,-81.24658,285
West_Taylorsville,35.91916,-81.24637,286
West_Taylorsville,35.91919,-81.24626,287
West_Taylorsville,35.91922,-81.24614,288
West_Taylorsville,35.91928,-81.24594,289
West_Taylorsville,35.91934,-81.24576,290
West_Taylorsville,35.91938,-81.24566,291
West_Taylorsville,35.91943,-81.24554,292
West_Taylorsville,35.91951,-81.24538,293
West_Taylorsville,35.9196,-81.2452,294
West_Taylorsville,35.9197,-81.24501,295
West_Taylorsville,35.91979,-81.24481,296
West_Taylorsville,35.91998,-81.24443,297
West_Taylorsville,35.92015,-81.24408,298
West_Taylorsville,35.92023,-81.24391,299
West_Taylorsville,35.92032,-81.24371,300
West_Taylorsville,35.92044,-81.24347,301
West_Taylorsville,35.92049,-81.24336,302
West_Taylorsville,35.92055,-81.24323,303
West_Taylorsville,35.92063,-81.24304,304
West_Taylorsville,35.92069,-81.24287,305
West_Taylorsville,35.92071,-81.24279,306
West_Taylorsville,35.92075,-81.24267,307
West_Taylorsville,35.92077,-81.24256,308
West_Taylorsville,35.9208,-81.24245,309
West_Taylorsville,35.92081,-81.24236,310
West_Taylorsville,35.92084,-81.24222,311
West_Taylorsville,35.92086,-81.24202,312
West_Taylorsville,35.92087,-81.24173,313
West_Taylorsville,35.92087,-81.2415,314
West_Taylorsville,35.92085,-81.24128,315
West_Taylorsville,35.92082,-81.24102,316
West_Taylorsville,35.92076,-81.24061,317
West_Taylorsville,35.9206,-81.23941,318
West_Taylorsville,35.92014,-81.23607,319
West_Taylorsville,35.91993,-81.23455,320
West_Taylorsville,35.91986,-81.234,321
West_Taylorsville,35.91977,-81.23337,322
West_Taylorsville,35.91971,-81.2328,323
West_Taylorsville,35.91969,-81.23258,324
West_Taylorsville,35.91967,-81.23232,325
West_Taylorsville,35.91966,-81.2317,326
West_Taylorsville,35.91965,-81.23087,327
West_Taylorsville,35.91964,-81.22892,328
West_Taylorsville,35.91912,-81.22884,329
West_Taylorsville,35.91399,-81.22797,330
West_Taylorsville,35.91329,-81.22786,331
West_Taylorsville,35.91301,-81.22782,332
West_Taylorsville,35.91284,-81.2278,333
West_Taylorsville,35.91269,-81.2278,334
West_Taylorsville,35.91255,-81.22781,335
West_Taylorsville,35.91244,-81.22783,336
West_Taylorsville,35.9124,-81.22784,337
West_Taylorsville,35.91231,-81.22786,338
West_Taylorsville,35.91208,-81.22794,339
West_Taylorsville,35.91137,-81.22825,340
West_Taylorsville,35.90989,-81.22893,341
West_Taylorsville,35.90959,-81.22906,342
West_Taylorsville,35.90952,-81.22909,343
West_Taylorsville,35.90946,-81.2291,344
West_Taylorsville,35.90922,-81.22914,345
West_Taylorsville,35.90907,-81.22915,346
West_Taylorsville,35.90885,-81.22916,347
West_Taylorsville,35.90786,-81.22913,348
West_Taylorsville,35.90757,-81.2291,349
West_Taylorsville,35.907747,-81.227639,350
West_Taylorsville,35.90757,-81.2291,351
West_Taylorsville,35.90786,-81.22913,352
West_Taylorsville,35.90885,-81.22916,353
West_Taylorsville,35.90907,-81.22915,354
West_Taylorsville,35.90922,-81.22914,355
West_Taylorsville,35.90946,-81.2291,356
West_Taylorsville,35.90952,-81.22909,357
West_Taylorsville,35.90959,-81.22906,358
West_Taylorsville,35.90989,-81.22893,359
West_Taylorsville,35.91137,-81.22825,360
West_Taylorsville,35.91208,-81.22794,361
West_Taylorsville,35.91231,-81.22786,362
West_Taylorsville,35.9124,-81.22784,363
West_Taylorsville,35.91244,-81.22783,364
West_Taylorsville,35.91255,-81.22781,365
West_Taylorsville,35.91269,-81.2278,366
West_Taylorsville,35.91284,-81.2278,367
West_Taylorsville,35.91301,-81.22782,368
West_Taylorsville,35.91329,-81.22786,369
West_Taylorsville,35.91399,-81.22797,370
West_Taylorsville,35.91912,-81.22884,371
West_Taylorsville,35.91964,-81.22892,372
West_Taylorsville,35.9196,-81.2254,373
West_Taylorsville,35.91957,-81.22287,374
West_Taylorsville,35.91952,-81.22052,375
West_Taylorsville,35.9195,-81.21994,376
West_Taylorsville,35.9195,-81.2195,377
West_Taylorsville,35.9195,-81.21911,378
West_Taylorsville,35.91951,-81.21884,379
West_Taylorsville,35.91954,-81.21833,380
West_Taylorsville,35.91958,-81.21788,381
West_Taylorsville,35.9196,-81.21773,382
West_Taylorsville,35.91961,-81.21763,383
West_Taylorsville,35.91962,-81.21751,384
West_Taylorsville,35.91962,-81.21736,385
West_Taylorsville,35.91962,-81.21724,386
West_Taylorsville,35.91962,-81.21698,387
West_Taylorsville,35.91961,-81.21638,388
West_Taylorsville,35.91947,-81.21109,389
West_Taylorsville,35.91945,-81.21098,390
West_Taylorsville,35.91945,-81.21092,391
West_Taylorsville,35.91944,-81.21085,392
West_Taylorsville,35.91938,-81.20918,393
West_Taylorsville,35.91934,-81.20804,394
West_Taylorsville,35.91933,-81.20777,395
West_Taylorsville,35.91931,-81.20756,396
West_Taylorsville,35.91929,-81.20738,397
West_Taylorsville,35.91928,-81.20724,398
West_Taylorsville,35.91924,-81.20692,399
West_Taylorsville,35.91916,-81.20643,400
West_Taylorsville,35.91914,-81.20631,401
West_Taylorsville,35.91918,-81.20619,402
West_Taylorsville,35.91937,-81.20589,403
West_Taylorsville,35.91952,-81.20559,404
West_Taylorsville,35.91963,-81.20537,405
West_Taylorsville,35.91971,-81.2052,406
West_Taylorsville,35.91977,-81.20506,407
West_Taylorsville,35.91978,-81.20504,408
West_Taylorsville,35.91979,-81.20502,409
West_Taylorsville,35.9198,-81.20501,410
West_Taylorsville,35.91982,-81.20499,411
West_Taylorsville,35.92078,-81.20262,412
West_Taylorsville,35.92176,-81.20021,413
West_Taylorsville,35.92202,-81.19961,414
West_Taylorsville,35.92239,-81.19869,415
West_Taylorsville,35.92253,-81.19833,416
West_Taylorsville,35.92261,-81.1981,417
West_Taylorsville,35.92275,-81.19761,418
West_Taylorsville,35.9228,-81.19742,419
West_Taylorsville,35.92283,-81.19725,420
West_Taylorsville,35.92286,-81.19712,421
West_Taylorsville,35.92286,-81.19708,422
West_Taylorsville,35.9229,-81.19685,423
West_Taylorsville,35.92293,-81.19665,424
West_Taylorsville,35.92296,-81.19631,425
West_Taylorsville,35.92297,-81.19614,426
West_Taylorsville,35.92299,-81.19587,427
West_Taylorsville,35.92299,-81.19573,428
West_Taylorsville,35.92298,-81.19568,429
West_Taylorsville,35.92298,-81.19547,430
West_Taylorsville,35.92295,-81.19507,431
West_Taylorsville,35.92273,-81.19283,432
West_Taylorsville,35.9227,-81.19253,433
West_Taylorsville,35.922463,-81.19045,434
West_Taylorsville,35.921218,-81.190581,435
West_Taylorsville,35.921357,-81.189691,436
West_Taylorsville,35.921437,-81.189396,437
West_Taylorsville,35.922014,-81.189487,438
West_Taylorsville,35.922302,-81.189471,439
West_Taylorsville,35.922373,-81.189481,440
West_Taylorsville,35.922412,-81.189481,441
West_Taylorsville,35.922224,-81.187887,442
West_Taylorsville,35.9222,-81.18751,443
West_Taylorsville,35.92217,-81.18732,444
West_Taylorsville,35.92216,-81.18722,445
West_Taylorsville,35.92214,-81.18698,446
West_Taylorsville,35.92212,-81.18684,447
West_Taylorsville,35.92207,-81.18632,448
West_Taylorsville,35.92204,-81.18603,449
West_Taylorsville,35.92201,-81.18576,450
West_Taylorsville,35.922,-81.18571,451
West_Taylorsville,35.92195,-81.18524,452
West_Taylorsville,35.9219,-81.18481,453
West_Taylorsville,35.92187,-81.18445,454
West_Taylorsville,35.92173,-81.18323,455
West_Taylorsville,35.92169,-81.18284,456
West_Taylorsville,35.92164,-81.18221,457
West_Taylorsville,35.92162,-81.18209,458
West_Taylorsville,35.92159,-81.18173,459
West_Taylorsville,35.92157,-81.18153,460
West_Taylorsville,35.92153,-81.1811,461
West_Taylorsville,35.9215,-81.18087,462
West_Taylorsville,35.92149,-81.18074,463
West_Taylorsville,35.92149,-81.18068,464
West_Taylorsville,35.92149,-81.18061,465
West_Taylorsville,35.92151,-81.18049,466
West_Taylorsville,35.92154,-81.18035,467
West_Taylorsville,35.92159,-81.18019,468
West_Taylorsville,35.92208,-81.17834,469
West_Taylorsville,35.92141,-81.17816,470
West_Taylorsville,35.92131,-81.17814,471
West_Taylorsville,35.92037,-81.17791,472
West_Taylorsville,35.92027,-81.1779,473
West_Taylorsville,35.92004,-81.1779,474
West_Taylorsville,35.91964,-81.1779,475
West_Taylorsville,35.91867,-81.17793,476
West_Taylorsville,35.9178,-81.17796,477
West_Taylorsville,35.91767,-81.17796,478
West_Taylorsville,35.91745,-81.17796,479
West_Taylorsville,35.91712,-81.17797,480
West_Taylorsville,35.91632,-81.17799,481
West_Taylorsville,35.91582,-81.17801,482
West_Taylorsville,35.91537,-81.17802,483
West_Taylorsville,35.9146,-81.17804,484
West_Taylorsville,35.91391,-81.17803,485
West_Taylorsville,35.91348,-81.17801,486
West_Taylorsville,35.91327,-81.17801,487
West_Taylorsville,35.91217,-81.17797,488
West_Taylorsville,35.91171,-81.17796,489
West_Taylorsville,35.91146,-81.17795,490
West_Taylorsville,35.91133,-81.17796,491
West_Taylorsville,35.91072,-81.17793,492
West_Taylorsville,35.91039,-81.17792,493
West_Taylorsville,35.90974,-81.17789,494
West_Taylorsville,35.90974,-81.17741,495
West_Taylorsville,35.909741,-81.177035,496
West_Taylorsville,35.909741,-81.176813,497
West_Taylorsville,35.909743,-81.176542,498
West_Taylorsville,35.909665,-81.176514,499
West_Taylorsville,35.909553,-81.176496,500
West_Taylorsville,35.909228,-81.176484,501
West_Taylorsville2,35.90923,-81.176486,0
West_Taylorsville2,35.909419,-81.176503,1
West_Taylorsville2,35.909755,-81.176535,2
West_Taylorsville2,35.909753,-81.177062,3
West_Taylorsville2,35.90974,-81.17741,4
West_Taylorsville2,35.90974,-81.17789,5
West_Taylorsville2,35.91039,-81.17792,6
West_Taylorsville2,35.91072,-81.17793,7
West_Taylorsville2,35.91133,-81.17796,8
West_Taylorsville2,35.91146,-81.17795,9
West_Taylorsville2,35.91171,-81.17796,10
West_Taylorsville2,35.91217,-81.17797,11
West_Taylorsville2,35.91327,-81.17801,12
West_Taylorsville2,35.91348,-81.17801,13
West_Taylorsville2,35.91391,-81.17803,14
West_Taylorsville2,35.9146,-81.17804,15
West_Taylorsville2,35.91537,-81.17802,16
West_Taylorsville2,35.91582,-81.17801,17
West_Taylorsville2,35.91632,-81.17799,18
West_Taylorsville2,35.91712,-81.17797,19
West_Taylorsville2,35.91745,-81.17796,20
West_Taylorsville2,35.91767,-81.17796,21
West_Taylorsville2,35.9178,-81.17796,22
West_Taylorsville2,35.91867,-81.17793,23
West_Taylorsville2,35.91964,-81.1779,24
West_Taylorsville2,35.92004,-81.1779,25
West_Taylorsville2,35.92027,-81.1779,26
West_Taylorsville2,35.92037,-81.17791,27
West_Taylorsville2,35.92131,-81.17814,28
West_Taylorsville2,35.92132,-81.17835,29
West_Taylorsville2,35.92151,-81.18049,30
West_Taylorsville2,35.92149,-81.18061,31
West_Taylorsville2,35.92149,-81.18068,32
West_Taylorsville2,35.92149,-81.18074,33
West_Taylorsville2,35.9215,-81.18087,34
West_Taylorsville2,35.92153,-81.1811,35
West_Taylorsville2,35.92157,-81.18153,36
West_Taylorsville2,35.92159,-81.18173,37
West_Taylorsville2,35.92162,-81.18209,38
West_Taylorsville2,35.92164,-81.18221,39
West_Taylorsville2,35.92169,-81.18284,40
West_Taylorsville2,35.92173,-81.18323,41
West_Taylorsville2,35.92187,-81.18445,42
West_Taylorsville2,35.9219,-81.18481,43
West_Taylorsville2,35.92195,-81.18524,44
West_Taylorsville2,35.922,-81.18571,45
West_Taylorsville2,35.92201,-81.18576,46
West_Taylorsville2,35.92204,-81.18603,47
West_Taylorsville2,35.92207,-81.18632,48
West_Taylorsville2,35.92212,-81.18684,49
West_Taylorsville2,35.92214,-81.18698,50
West_Taylorsville2,35.92216,-81.18722,51
West_Taylorsville2,35.92217,-81.18732,52
West_Taylorsville2,35.9222,-81.18751,53
West_Taylorsville2,35.92224,-81.18788,54
West_Taylorsville2,35.92246,-81.190101,55
West_Taylorsville2,35.922346,-81.190462,56
West_Taylorsville2,35.922058,-81.190505,57
West_Taylorsville2,35.921761,-81.190548,58
West_Taylorsville2,35.921476,-81.190574,59
West_Taylorsville2,35.921305,-81.190573,60
West_Taylorsville2,35.921234,-81.190529,61
West_Taylorsville2,35.921277,-81.190148,62
West_Taylorsville2,35.921306,-81.189784,63
West_Taylorsville2,35.921335,-81.189508,64
West_Taylorsville2,35.921421,-81.189375,65
West_Taylorsville2,35.921572,-81.189375,66
West_Taylorsville2,35.921813,-81.189458,67
West_Taylorsville2,35.922089,-81.189487,68
West_Taylorsville2,35.922222,-81.189471,69
West_Taylorsville2,35.92237,-81.189438,70
West_Taylorsville2,35.9225,-81.19052,71
West_Taylorsville2,35.92266,-81.19214,72
West_Taylorsville2,35.9227,-81.19253,73
West_Taylorsville2,35.92273,-81.19283,74
West_Taylorsville2,35.92295,-81.19507,75
West_Taylorsville2,35.92298,-81.19547,76
West_Taylorsville2,35.92298,-81.19568,77
West_Taylorsville2,35.92299,-81.19573,78
West_Taylorsville2,35.92299,-81.19587,79
West_Taylorsville2,35.92297,-81.19614,80
West_Taylorsville2,35.92296,-81.19631,81
West_Taylorsville2,35.92293,-81.19665,82
West_Taylorsville2,35.9229,-81.19685,83
West_Taylorsville2,35.92286,-81.19708,84
West_Taylorsville2,35.92286,-81.19712,85
West_Taylorsville2,35.92283,-81.19725,86
West_Taylorsville2,35.9228,-81.19742,87
West_Taylorsville2,35.92275,-81.19761,88
West_Taylorsville2,35.92261,-81.1981,89
West_Taylorsville2,35.92253,-81.19833,90
West_Taylorsville2,35.92239,-81.19869,91
West_Taylorsville2,35.92202,-81.19961,92
West_Taylorsville2,35.92176,-81.20021,93
West_Taylorsville2,35.92078,-81.20262,94
West_Taylorsville2,35.91982,-81.20499,95
West_Taylorsville2,35.91982,-81.20504,96
West_Taylorsville2,35.91981,-81.20505,97
West_Taylorsville2,35.91981,-81.20506,98
West_Taylorsville2,35.91981,-81.20508,99
West_Taylorsville2,35.9198,-81.20509,100
West_Taylorsville2,35.91978,-81.20516,101
West_Taylorsville2,35.91973,-81.20528,102
West_Taylorsville2,35.9197,-81.20536,103
West_Taylorsville2,35.91968,-81.20542,104
West_Taylorsville2,35.91965,-81.20549,105
West_Taylorsville2,35.91962,-81.20556,106
West_Taylorsville2,35.91956,-81.20567,107
West_Taylorsville2,35.91922,-81.20634,108
West_Taylorsville2,35.91932,-81.20706,109
West_Taylorsville2,35.91934,-81.20724,110
West_Taylorsville2,35.91937,-81.20749,111
West_Taylorsville2,35.91939,-81.20774,112
West_Taylorsville2,35.9194,-81.208,113
West_Taylorsville2,35.91942,-81.20838,114
West_Taylorsville2,35.91943,-81.20873,115
West_Taylorsville2,35.91944,-81.20916,116
West_Taylorsville2,35.91949,-81.21084,117
West_Taylorsville2,35.91949,-81.2109,118
West_Taylorsville2,35.91948,-81.21096,119
West_Taylorsville2,35.91947,-81.21109,120
West_Taylorsville2,35.91961,-81.21638,121
West_Taylorsville2,35.91962,-81.21698,122
West_Taylorsville2,35.91962,-81.21724,123
West_Taylorsville2,35.91962,-81.21736,124
West_Taylorsville2,35.91962,-81.21751,125
West_Taylorsville2,35.91961,-81.21763,126
West_Taylorsville2,35.9196,-81.21773,127
West_Taylorsville2,35.91958,-81.21788,128
West_Taylorsville2,35.91954,-81.21833,129
West_Taylorsville2,35.91951,-81.21884,130
West_Taylorsville2,35.9195,-81.21911,131
West_Taylorsville2,35.9195,-81.2195,132
West_Taylorsville2,35.9195,-81.21994,133
West_Taylorsville2,35.91952,-81.22052,134
West_Taylorsville2,35.91957,-81.22287,135
West_Taylorsville2,35.9196,-81.2254,136
West_Taylorsville2,35.91964,-81.22892,137
West_Taylorsville2,35.91912,-81.22884,138
West_Taylorsville2,35.91399,-81.22797,139
West_Taylorsville2,35.91329,-81.22786,140
West_Taylorsville2,35.91301,-81.22782,141
West_Taylorsville2,35.91284,-81.2278,142
West_Taylorsville2,35.91269,-81.2278,143
West_Taylorsville2,35.91255,-81.22781,144
West_Taylorsville2,35.91244,-81.22783,145
West_Taylorsville2,35.9124,-81.22784,146
West_Taylorsville2,35.91231,-81.22786,147
West_Taylorsville2,35.91208,-81.22794,148
West_Taylorsville2,35.91137,-81.22825,149
West_Taylorsville2,35.90989,-81.22893,150
West_Taylorsville2,35.90959,-81.22906,151
West_Taylorsville2,35.90952,-81.22909,152
West_Taylorsville2,35.90946,-81.2291,153
West_Taylorsville2,35.90922,-81.22914,154
West_Taylorsville2,35.90907,-81.22915,155
West_Taylorsville2,35.90885,-81.22916,156
West_Taylorsville2,35.907862,-81.229103,157
West_Taylorsville2,35.90757,-81.2291,158
West_Taylorsville2,35.907774,-81.227408,159
West_Taylorsville2,35.907778,-81.227193,160
West_Taylorsville2,35.907832,-81.227214,161
West_Taylorsville2,35.907774,-81.227411,162
West_Taylorsville2,35.90757,-81.2291,163
West_Taylorsville2,35.907871,-81.229103,164
West_Taylorsville2,35.90885,-81.22916,165
West_Taylorsville2,35.90907,-81.22915,166
West_Taylorsville2,35.90922,-81.22914,167
West_Taylorsville2,35.90946,-81.2291,168
West_Taylorsville2,35.90952,-81.22909,169
West_Taylorsville2,35.90959,-81.22906,170
West_Taylorsville2,35.90989,-81.22893,171
West_Taylorsville2,35.91137,-81.22825,172
West_Taylorsville2,35.91208,-81.22794,173
West_Taylorsville2,35.91231,-81.22786,174
West_Taylorsville2,35.9124,-81.22784,175
West_Taylorsville2,35.91244,-81.22783,176
West_Taylorsville2,35.91255,-81.22781,177
West_Taylorsville2,35.91269,-81.2278,178
West_Taylorsville2,35.91284,-81.2278,179
West_Taylorsville2,35.91301,-81.22782,180
West_Taylorsville2,35.91329,-81.22786,181
West_Taylorsville2,35.91399,-81.22797,182
West_Taylorsville2,35.91912,-81.22884,183
West_Taylorsville2,35.91964,-81.22892,184
West_Taylorsville2,35.91965,-81.23087,185
West_Taylorsville2,35.91966,-81.2317,186
West_Taylorsville2,35.91967,-81.23232,187
West_Taylorsville2,35.91969,-81.23258,188
West_Taylorsville2,35.91971,-81.2328,189
West_Taylorsville2,35.91977,-81.23337,190
West_Taylorsville2,35.91986,-81.234,191
West_Taylorsville2,35.91993,-81.23455,192
West_Taylorsville2,35.92014,-81.23607,193
West_Taylorsville2,35.9206,-81.23941,194
West_Taylorsville2,35.92076,-81.24061,195
West_Taylorsville2,35.92082,-81.24102,196
West_Taylorsville2,35.92085,-81.24128,197
West_Taylorsville2,35.92087,-81.2415,198
West_Taylorsville2,35.92087,-81.24173,199
West_Taylorsville2,35.92086,-81.24202,200
West_Taylorsville2,35.92084,-81.24222,201
West_Taylorsville2,35.92081,-81.24236,202
West_Taylorsville2,35.9208,-81.24245,203
West_Taylorsville2,35.92077,-81.24256,204
West_Taylorsville2,35.92075,-81.24267,205
West_Taylorsville2,35.92071,-81.24279,206
West_Taylorsville2,35.92069,-81.24287,207
West_Taylorsville2,35.92063,-81.24304,208
West_Taylorsville2,35.92055,-81.24323,209
West_Taylorsville2,35.92049,-81.24336,210
West_Taylorsville2,35.92044,-81.24347,211
West_Taylorsville2,35.92032,-81.24371,212
West_Taylorsville2,35.92023,-81.24391,213
West_Taylorsville2,35.92015,-81.24408,214
West_Taylorsville2,35.91998,-81.24443,215
West_Taylorsville2,35.91979,-81.24481,216
West_Taylorsville2,35.9197,-81.24501,217
West_Taylorsville2,35.9196,-81.2452,218
West_Taylorsville2,35.91951,-81.24538,219
West_Taylorsville2,35.91943,-81.24554,220
West_Taylorsville2,35.91938,-81.24566,221
West_Taylorsville2,35.91934,-81.24576,222
West_Taylorsville2,35.91928,-81.24594,223
West_Taylorsville2,35.91922,-81.24614,224
West_Taylorsville2,35.91919,-81.24626,225
West_Taylorsville2,35.91916,-81.24637,226
West_Taylorsville2,35.91913,-81.24658,227
West_Taylorsville2,35.91912,-81.24674,228
West_Taylorsville2,35.91912,-81.24696,229
West_Taylorsville2,35.91912,-81.24707,230
West_Taylorsville2,35.91912,-81.24719,231
West_Taylorsville2,35.91914,-81.2474,232
West_Taylorsville2,35.91916,-81.24752,233
West_Taylorsville2,35.91919,-81.2477,234
West_Taylorsville2,35.91926,-81.24807,235
West_Taylorsville2,35.91932,-81.24835,236
West_Taylorsville2,35.91936,-81.24868,237
West_Taylorsville2,35.91937,-81.24892,238
West_Taylorsville2,35.91938,-81.24916,239
West_Taylorsville2,35.91937,-81.24939,240
West_Taylorsville2,35.91935,-81.24957,241
West_Taylorsville2,35.91931,-81.24986,242
West_Taylorsville2,35.91922,-81.2503,243
West_Taylorsville2,35.91905,-81.25106,244
West_Taylorsville2,35.91896,-81.25143,245
West_Taylorsville2,35.91891,-81.25163,246
West_Taylorsville2,35.91887,-81.25183,247
West_Taylorsville2,35.91879,-81.25219,248
West_Taylorsville2,35.91876,-81.25241,249
West_Taylorsville2,35.91872,-81.25272,250
West_Taylorsville2,35.91871,-81.25292,251
West_Taylorsville2,35.91872,-81.25306,252
West_Taylorsville2,35.91872,-81.25319,253
West_Taylorsville2,35.91873,-81.25331,254
West_Taylorsville2,35.91875,-81.25345,255
West_Taylorsville2,35.91877,-81.25358,256
West_Taylorsville2,35.91878,-81.25367,257
West_Taylorsville2,35.9188,-81.25377,258
West_Taylorsville2,35.91884,-81.25392,259
West_Taylorsville2,35.91891,-81.25417,260
West_Taylorsville2,35.919,-81.25441,261
West_Taylorsville2,35.91911,-81.25464,262
West_Taylorsville2,35.91923,-81.25488,263
West_Taylorsville2,35.91936,-81.25511,264
West_Taylorsville2,35.91983,-81.25593,265
West_Taylorsville2,35.9206,-81.25729,266
West_Taylorsville2,35.92091,-81.25784,267
West_Taylorsville2,35.92116,-81.25828,268
West_Taylorsville2,35.92209,-81.25991,269
West_Taylorsville2,35.92249,-81.2606,270
West_Taylorsville2,35.92279,-81.26113,271
West_Taylorsville2,35.92254,-81.26137,272
West_Taylorsville2,35.92237,-81.26152,273
West_Taylorsville2,35.92213,-81.26173,274
West_Taylorsville2,35.92202,-81.26186,275
West_Taylorsville2,35.92194,-81.26195,276
West_Taylorsville2,35.92183,-81.26208,277
West_Taylorsville2,35.92176,-81.26216,278
West_Taylorsville2,35.92167,-81.26228,279
West_Taylorsville2,35.92153,-81.26245,280
West_Taylorsville2,35.92131,-81.26275,281
West_Taylorsville2,35.92095,-81.26322,282
West_Taylorsville2,35.9205,-81.26383,283
West_Taylorsville2,35.92028,-81.26412,284
West_Taylorsville2,35.92007,-81.2644,285
West_Taylorsville2,35.91991,-81.26462,286
West_Taylorsville2,35.91972,-81.26487,287
West_Taylorsville2,35.91964,-81.26497,288
West_Taylorsville2,35.91945,-81.26521,289
West_Taylorsville2,35.91937,-81.2653,290
West_Taylorsville2,35.91931,-81.26537,291
West_Taylorsville2,35.91925,-81.26544,292
West_Taylorsville2,35.91919,-81.2655,293
West_Taylorsville2,35.91913,-81.26555,294
West_Taylorsville2,35.91906,-81.2656,295
West_Taylorsville2,35.91901,-81.26564,296
West_Taylorsville2,35.91894,-81.26568,297
West_Taylorsville2,35.91887,-81.26573,298
West_Taylorsville2,35.91876,-81.26579,299
West_Taylorsville2,35.91866,-81.26584,300
West_Taylorsville2,35.91856,-81.26591,301
West_Taylorsville2,35.91849,-81.26597,302
West_Taylorsville2,35.91842,-81.26606,303
West_Taylorsville2,35.91837,-81.26613,304
West_Taylorsville2,35.91832,-81.26621,305
West_Taylorsville2,35.91829,-81.26626,306
West_Taylorsville2,35.91827,-81.26632,307
West_Taylorsville2,35.91823,-81.26641,308
West_Taylorsville2,35.9182,-81.26647,309
West_Taylorsville2,35.91818,-81.26654,310
West_Taylorsville2,35.91814,-81.26667,311
West_Taylorsville2,35.91811,-81.26679,312
West_Taylorsville2,35.91807,-81.26699,313
West_Taylorsville2,35.91803,-81.26724,314
West_Taylorsville2,35.91794,-81.26773,315
West_Taylorsville2,35.91786,-81.26816,316
West_Taylorsville2,35.91777,-81.26864,317
West_Taylorsville2,35.91768,-81.26916,318
West_Taylorsville2,35.91764,-81.26934,319
West_Taylorsville2,35.91759,-81.26963,320
West_Taylorsville2,35.91755,-81.26984,321
West_Taylorsville2,35.91743,-81.27009,322
West_Taylorsville2,35.91735,-81.27028,323
West_Taylorsville2,35.91726,-81.27044,324
West_Taylorsville2,35.91716,-81.27063,325
West_Taylorsville2,35.91704,-81.27087,326
West_Taylorsville2,35.91685,-81.27122,327
West_Taylorsville2,35.91666,-81.27158,328
West_Taylorsville2,35.91646,-81.27199,329
West_Taylorsville2,35.91614,-81.2726,330
West_Taylorsville2,35.91563,-81.27358,331
West_Taylorsville2,35.91511,-81.27461,332
West_Taylorsville2,35.91487,-81.27507,333
West_Taylorsville2,35.91471,-81.27538,334
West_Taylorsville2,35.91453,-81.27571,335
West_Taylorsville2,35.91446,-81.27583,336
West_Taylorsville2,35.91441,-81.2759,337
West_Taylorsville2,35.91435,-81.27597,338
West_Taylorsville2,35.91429,-81.27605,339
West_Taylorsville2,35.91416,-81.27618,340
West_Taylorsville2,35.91406,-81.27625,341
West_Taylorsville2,35.9139,-81.27638,342
West_Taylorsville2,35.91372,-81.27653,343
West_Taylorsville2,35.91355,-81.27666,344
West_Taylorsville2,35.91325,-81.27691,345
West_Taylorsville2,35.91298,-81.27712,346
West_Taylorsville2,35.91248,-81.27753,347
West_Taylorsville2,35.91237,-81.27763,348
West_Taylorsville2,35.91222,-81.27774,349
West_Taylorsville2,35.9121,-81.27785,350
West_Taylorsville2,35.91195,-81.27799,351
West_Taylorsville2,35.91185,-81.2781,352
West_Taylorsville2,35.91177,-81.27818,353
West_Taylorsville2,35.9117,-81.27828,354
West_Taylorsville2,35.9116,-81.27842,355
West_Taylorsville2,35.91154,-81.27854,356
West_Taylorsville2,35.91147,-81.27867,357
West_Taylorsville2,35.91143,-81.27876,358
West_Taylorsville2,35.9114,-81.27885,359
West_Taylorsville2,35.91137,-81.27894,360
West_Taylorsville2,35.91134,-81.27902,361
West_Taylorsville2,35.91133,-81.27909,362
West_Taylorsville2,35.91131,-81.27918,363
West_Taylorsville2,35.9113,-81.27927,364
West_Taylorsville2,35.91129,-81.27936,365
West_Taylorsville2,35.91129,-81.27947,366
West_Taylorsville2,35.91129,-81.27958,367
West_Taylorsville2,35.9113,-81.27969,368
West_Taylorsville2,35.91131,-81.27979,369
West_Taylorsville2,35.91133,-81.27988,370
West_Taylorsville2,35.91135,-81.27996,371
West_Taylorsville2,35.91137,-81.28004,372
West_Taylorsville2,35.9114,-81.28012,373
West_Taylorsville2,35.91144,-81.28023,374
West_Taylorsville2,35.91148,-81.2803,375
West_Taylorsville2,35.91152,-81.28038,376
West_Taylorsville2,35.91157,-81.28049,377
West_Taylorsville2,35.9116,-81.28058,378
West_Taylorsville2,35.91162,-81.28065,379
West_Taylorsville2,35.91163,-81.28069,380
West_Taylorsville2,35.91163,-81.28073,381
West_Taylorsville2,35.91164,-81.28079,382
West_Taylorsville2,35.91165,-81.28088,383
West_Taylorsville2,35.91164,-81.28096,384
West_Taylorsville2,35.91164,-81.28101,385
West_Taylorsville2,35.91162,-81.28109,386
West_Taylorsville2,35.91161,-81.28116,387
West_Taylorsville2,35.91158,-81.28125,388
West_Taylorsville2,35.91155,-81.28132,389
West_Taylorsville2,35.91151,-81.28139,390
West_Taylorsville2,35.91148,-81.28143,391
West_Taylorsville2,35.91144,-81.28148,392
West_Taylorsville2,35.91139,-81.28154,393
West_Taylorsville2,35.91122,-81.28174,394
West_Taylorsville2,35.91112,-81.28186,395
West_Taylorsville2,35.91107,-81.28192,396
West_Taylorsville2,35.91104,-81.28198,397
West_Taylorsville2,35.911,-81.28205,398
West_Taylorsville2,35.91098,-81.28211,399
West_Taylorsville2,35.91096,-81.28217,400
West_Taylorsville2,35.91095,-81.28225,401
West_Taylorsville2,35.91094,-81.28233,402
West_Taylorsville2,35.91093,-81.28241,403
West_Taylorsville2,35.91093,-81.28254,404
West_Taylorsville2,35.91092,-81.2827,405
West_Taylorsville2,35.91091,-81.28279,406
West_Taylorsville2,35.91089,-81.28286,407
West_Taylorsville2,35.91088,-81.28291,408
West_Taylorsville2,35.91087,-81.28294,409
West_Taylorsville2,35.91085,-81.28298,410
West_Taylorsville2,35.91084,-81.28301,411
West_Taylorsville2,35.91082,-81.28304,412
West_Taylorsville2,35.9108,-81.28307,413
West_Taylorsville2,35.91076,-81.28312,414
West_Taylorsville2,35.91071,-81.28316,415
West_Taylorsville2,35.91067,-81.2832,416
West_Taylorsville2,35.91059,-81.28326,417
West_Taylorsville2,35.91038,-81.28339,418
West_Taylorsville2,35.91016,-81.28353,419
West_Taylorsville2,35.91006,-81.28361,420
West_Taylorsville2,35.91002,-81.28364,421
West_Taylorsville2,35.90998,-81.28368,422
West_Taylorsville2,35.90995,-81.28371,423
West_Taylorsville2,35.90992,-81.28374,424
West_Taylorsville2,35.90989,-81.28378,425
West_Taylorsville2,35.90987,-81.28381,426
West_Taylorsville2,35.90984,-81.28387,427
West_Taylorsville2,35.90982,-81.28392,428
West_Taylorsville2,35.90978,-81.28401,429
West_Taylorsville2,35.90973,-81.28418,430
West_Taylorsville2,35.90966,-81.28441,431
West_Taylorsville2,35.90944,-81.28524,432
West_Taylorsville2,35.90937,-81.28548,433
West_Taylorsville2,35.90935,-81.28557,434
West_Taylorsville2,35.90928,-81.28584,435
West_Taylorsville2,35.90925,-81.28598,436
West_Taylorsville2,35.90918,-81.2862,437
West_Taylorsville2,35.90913,-81.28634,438
West_Taylorsville2,35.90908,-81.28643,439
West_Taylorsville2,35.90903,-81.2865,440
West_Taylorsville2,35.909,-81.28654,441
West_Taylorsville2,35.90897,-81.28658,442
West_Taylorsville2,35.90891,-81.28664,443
West_Taylorsville2,35.90884,-81.28669,444
West_Taylorsville2,35.90877,-81.28674,445
West_Taylorsville2,35.9087,-81.28678,446
West_Taylorsville2,35.90863,-81.2868,447
West_Taylorsville2,35.90856,-81.28682,448
West_Taylorsville2,35.90847,-81.28683,449
West_Taylorsville2,35.9084,-81.28684,450
West_Taylorsville2,35.90834,-81.28685,451
West_Taylorsville2,35.90828,-81.28686,452
West_Taylorsville2,35.90822,-81.28689,453
West_Taylorsville2,35.90815,-81.28693,454
West_Taylorsville2,35.90811,-81.28697,455
West_Taylorsville2,35.90806,-81.28701,456
West_Taylorsville2,35.90802,-81.28706,457
West_Taylorsville2,35.90798,-81.2871,458
West_Taylorsville2,35.90794,-81.28717,459
West_Taylorsville2,35.9079,-81.28725,460
West_Taylorsville2,35.90785,-81.28733,461
West_Taylorsville2,35.9078,-81.28744,462
West_Taylorsville2,35.90771,-81.28762,463
West_Taylorsville2,35.90762,-81.2878,464
West_Taylorsville2,35.90736,-81.28832,465
West_Taylorsville2,35.90732,-81.28841,466
West_Taylorsville2,35.90718,-81.28871,467
West_Taylorsville2,35.90714,-81.28879,468
West_Taylorsville2,35.90708,-81.2889,469
West_Taylorsville2,35.90703,-81.28896,470
West_Taylorsville2,35.90698,-81.28903,471
West_Taylorsville2,35.90693,-81.28908,472
West_Taylorsville2,35.9069,-81.28911,473
West_Taylorsville2,35.90686,-81.28915,474
West_Taylorsville2,35.90681,-81.28919,475
West_Taylorsville2,35.90675,-81.28923,476
West_Taylorsville2,35.9066,-81.28933,477
West_Taylorsville2,35.90614,-81.28961,478
West_Taylorsville2,35.90596,-81.28972,479
West_Taylorsville2,35.90573,-81.28986,480
West_Taylorsville2,35.90546,-81.29003,481
West_Taylorsville2,35.90528,-81.29015,482
West_Taylorsville2,35.90512,-81.29024,483
West_Taylorsville2,35.90491,-81.29033,484
West_Taylorsville2,35.90472,-81.29041,485
West_Taylorsville2,35.90452,-81.29048,486
West_Taylorsville2,35.90428,-81.29055,487
West_Taylorsville2,35.90409,-81.2906,488
West_Taylorsville2,35.90387,-81.29066,489
West_Taylorsville2,35.90349,-81.29077,490
West_Taylorsville2,35.90324,-81.29084,491
West_Taylorsville2,35.903,-81.2909,492
West_Taylorsville2,35.90286,-81.29094,493
West_Taylorsville2,35.90276,-81.29096,494
West_Taylorsville2,35.90258,-81.29099,495
West_Taylorsville2,35.9023,-81.29101,496
West_Taylorsville2,35.90211,-81.29101,497
West_Taylorsville2,35.90173,-81.291,498
West_Taylorsville2,35.90151,-81.29101,499
West_Taylorsville2,35.90139,-81.29103,500
West_Taylorsville2,35.90127,-81.29106,501
West_Taylorsville2,35.90116,-81.29111,502
West_Taylorsville2,35.90105,-81.29118,503
West_Taylorsville2,35.90096,-81.29125,504
West_Taylorsville2,35.90069,-81.29147,505
West_Taylorsville2,35.9006,-81.29155,506
West_Taylorsville2,35.90032,-81.29177,507
West_Taylorsville2,35.89999,-81.29203,508
West_Taylorsville2,35.89932,-81.29257,509
West_Taylorsville2,35.89888,-81.29295,510
West_Taylorsville2,35.89855,-81.29326,511
West_Taylorsville2,35.89816,-81.29367,512
West_Taylorsville2,35.898168,-81.293673,513
West_Taylorsville2,35.897931,-81.293952,514
West_Taylorsville2,35.89779,-81.293732,515
West_Taylorsville2,35.898003,-81.293457,516
West_Taylorsville2,35.898133,-81.293622,517
West_Taylorsville2,35.898253,-81.293558,518
West_Taylorsville2,35.89888,-81.29295,519
West_Taylorsville2,35.89932,-81.29257,520
West_Taylorsville2,35.89999,-81.29203,521
West_Taylorsville2,35.90032,-81.29177,522
West_Taylorsville2,35.9006,-81.29155,523
West_Taylorsville2,35.90069,-81.29147,524
West_Taylorsville2,35.90096,-81.29125,525
West_Taylorsville2,35.90105,-81.29118,526
West_Taylorsville2,35.90116,-81.29111,527
West_Taylorsville2,35.90127,-81.29106,528
West_Taylorsville2,35.90139,-81.29103,529
West_Taylorsville2,35.90151,-81.29101,530
West_Taylorsville2,35.90173,-81.291,531
West_Taylorsville2,35.90211,-81.29101,532
West_Taylorsville2,35.9023,-81.29101,533
West_Taylorsville2,35.90258,-81.29099,534
West_Taylorsville2,35.90276,-81.29096,535
West_Taylorsville2,35.90286,-81.29094,536
West_Taylorsville2,35.903,-81.2909,537
West_Taylorsville2,35.90324,-81.29084,538
West_Taylorsville2,35.90349,-81.29077,539
West_Taylorsville2,35.90387,-81.29066,540
West_Taylorsville2,35.90409,-81.2906,541
West_Taylorsville2,35.90428,-81.29055,542
West_Taylorsville2,35.90452,-81.29048,543
West_Taylorsville2,35.90472,-81.29041,544
West_Taylorsville2,35.90491,-81.29033,545
West_Taylorsville2,35.90512,-81.29024,546
West_Taylorsville2,35.90528,-81.29015,547
West_Taylorsville2,35.90546,-81.29003,548
West_Taylorsville2,35.90573,-81.28986,549
West_Taylorsville2,35.90596,-81.28972,550
West_Taylorsville2,35.90614,-81.28961,551
West_Taylorsville2,35.9066,-81.28933,552
West_Taylorsville2,35.90675,-81.28923,553
West_Taylorsville2,35.90681,-81.28919,554
West_Taylorsville2,35.90686,-81.28915,555
West_Taylorsville2,35.9069,-81.28911,556
West_Taylorsville2,35.90693,-81.28908,557
West_Taylorsville2,35.90698,-81.28903,558
West_Taylorsville2,35.90703,-81.28896,559
West_Taylorsville2,35.90708,-81.2889,560
West_Taylorsville2,35.90714,-81.28879,561
West_Taylorsville2,35.90718,-81.28871,562
West_Taylorsville2,35.90732,-81.28841,563
West_Taylorsville2,35.90736,-81.28832,564
West_Taylorsville2,35.90762,-81.2878,565
West_Taylorsville2,35.90771,-81.28762,566
West_Taylorsville2,35.9078,-81.28744,567
West_Taylorsville2,35.90785,-81.28733,568
West_Taylorsville2,35.9079,-81.28725,569
West_Taylorsville2,35.90794,-81.28717,570
West_Taylorsville2,35.90798,-81.2871,571
West_Taylorsville2,35.90802,-81.28706,572
West_Taylorsville2,35.90806,-81.28701,573
West_Taylorsville2,35.90811,-81.28697,574
West_Taylorsville2,35.90815,-81.28693,575
West_Taylorsville2,35.90822,-81.28689,576
West_Taylorsville2,35.90828,-81.28686,577
West_Taylorsville2,35.90834,-81.28685,578
West_Taylorsville2,35.9084,-81.28684,579
West_Taylorsville2,35.90847,-81.28683,580
West_Taylorsville2,35.90856,-81.28682,581
West_Taylorsville2,35.90863,-81.2868,582
West_Taylorsville2,35.9087,-81.28678,583
West_Taylorsville2,35.90877,-81.28674,584
West_Taylorsville2,35.90884,-81.28669,585
West_Taylorsville2,35.90891,-81.28664,586
West_Taylorsville2,35.90897,-81.28658,587
West_Taylorsville2,35.909,-81.28654,588
West_Taylorsville2,35.90903,-81.2865,589
West_Taylorsville2,35.90908,-81.28643,590
West_Taylorsville2,35.90913,-81.28634,591
West_Taylorsville2,35.90918,-81.2862,592
West_Taylorsville2,35.90925,-81.28598,593
West_Taylorsville2,35.90928,-81.28584,594
West_Taylorsville2,35.90935,-81.28557,595
West_Taylorsville2,35.90937,-81.28548,596
West_Taylorsville2,35.90944,-81.28524,597
West_Taylorsville2,35.90966,-81.28441,598
West_Taylorsville2,35.90973,-81.28418,599
West_Taylorsville2,35.90978,-81.28401,600
West_Taylorsville2,35.90982,-81.28392,601
West_Taylorsville2,35.90984,-81.28387,602
West_Taylorsville2,35.90987,-81.28381,603
West_Taylorsville2,35.90989,-81.28378,604
West_Taylorsville2,35.90992,-81.28374,605
West_Taylorsville2,35.90995,-81.28371,606
West_Taylorsville2,35.90998,-81.28368,607
West_Taylorsville2,35.91002,-81.28364,608
West_Taylorsville2,35.91006,-81.28361,609
West_Taylorsville2,35.91016,-81.28353,610
West_Taylorsville2,35.91038,-81.28339,611
West_Taylorsville2,35.91059,-81.28326,612
West_Taylorsville2,35.91067,-81.2832,613
West_Taylorsville2,35.91071,-81.28316,614
West_Taylorsville2,35.91076,-81.28312,615
West_Taylorsville2,35.9108,-81.28307,616
West_Taylorsville2,35.91082,-81.28304,617
West_Taylorsville2,35.91084,-81.28301,618
West_Taylorsville2,35.91085,-81.28298,619
West_Taylorsville2,35.91087,-81.28294,620
West_Taylorsville2,35.91088,-81.28291,621
West_Taylorsville2,35.91089,-81.28286,622
West_Taylorsville2,35.91091,-81.28279,623
West_Taylorsville2,35.91092,-81.2827,624
West_Taylorsville2,35.91093,-81.28254,625
West_Taylorsville2,35.91093,-81.28241,626
West_Taylorsville2,35.91094,-81.28233,627
West_Taylorsville2,35.91095,-81.28225,628
West_Taylorsville2,35.91096,-81.28217,629
West_Taylorsville2,35.91098,-81.28211,630
West_Taylorsville2,35.911,-81.28205,631
West_Taylorsville2,35.91104,-81.28198,632
West_Taylorsville2,35.91107,-81.28192,633
West_Taylorsville2,35.91112,-81.28186,634
West_Taylorsville2,35.91122,-81.28174,635
West_Taylorsville2,35.91139,-81.28154,636
West_Taylorsville2,35.91144,-81.28148,637
West_Taylorsville2,35.91148,-81.28143,638
West_Taylorsville2,35.91151,-81.28139,639
West_Taylorsville2,35.91155,-81.28132,640
West_Taylorsville2,35.91158,-81.28125,641
West_Taylorsville2,35.91161,-81.28116,642
West_Taylorsville2,35.91162,-81.28109,643
West_Taylorsville2,35.91164,-81.28101,644
West_Taylorsville2,35.91164,-81.28096,645
West_Taylorsville2,35.91165,-81.28088,646
West_Taylorsville2,35.91164,-81.28079,647
West_Taylorsville2,35.91163,-81.28073,648
West_Taylorsville2,35.91163,-81.28069,649
West_Taylorsville2,35.91162,-81.28065,650
West_Taylorsville2,35.9116,-81.28058,651
West_Taylorsville2,35.91157,-81.28049,652
West_Taylorsville2,35.91152,-81.28038,653
West_Taylorsville2,35.91148,-81.2803,654
West_Taylorsville2,35.91144,-81.28023,655
West_Taylorsville2,35.9114,-81.28012,656
West_Taylorsville2,35.91137,-81.28004,657
West_Taylorsville2,35.91135,-81.27996,658
West_Taylorsville2,35.91133,-81.27988,659
West_Taylorsville2,35.91131,-81.27979,660
West_Taylorsville2,35.9113,-81.27969,661
West_Taylorsville2,35.91129,-81.27958,662
West_Taylorsville2,35.91129,-81.27947,663
West_Taylorsville2,35.91129,-81.27936,664
West_Taylorsville2,35.9113,-81.27927,665
West_Taylorsville2,35.91131,-81.27918,666
West_Taylorsville2,35.91133,-81.27909,667
West_Taylorsville2,35.91134,-81.27902,668
West_Taylorsville2,35.91137,-81.27894,669
West_Taylorsville2,35.9114,-81.27885,670
West_Taylorsville2,35.91143,-81.27876,671
West_Taylorsville2,35.91147,-81.27867,672
West_Taylorsville2,35.91154,-81.27854,673
West_Taylorsville2,35.9116,-81.27842,674
West_Taylorsville2,35.9117,-81.27828,675
West_Taylorsville2,35.91177,-81.27818,676
West_Taylorsville2,35.91185,-81.2781,677
West_Taylorsville2,35.91195,-81.27799,678
West_Taylorsville2,35.9121,-81.27785,679
West_Taylorsville2,35.91222,-81.27774,680
West_Taylorsville2,35.91237,-81.27763,681
West_Taylorsville2,35.91248,-81.27753,682
West_Taylorsville2,35.91298,-81.27712,683
West_Taylorsville2,35.91325,-81.27691,684
West_Taylorsville2,35.91355,-81.27666,685
West_Taylorsville2,35.91372,-81.27653,686
West_Taylorsville2,35.9139,-81.27638,687
West_Taylorsville2,35.91406,-81.27625,688
West_Taylorsville2,35.91416,-81.27618,689
West_Taylorsville2,35.91429,-81.27605,690
West_Taylorsville2,35.91435,-81.27597,691
West_Taylorsville2,35.91441,-81.2759,692
West_Taylorsville2,35.91446,-81.27583,693
West_Taylorsville2,35.91453,-81.27571,694
West_Taylorsville2,35.91471,-81.27538,695
West_Taylorsville2,35.91487,-81.27507,696
West_Taylorsville2,35.91511,-81.27461,697
West_Taylorsville2,35.91563,-81.27358,698
West_Taylorsville2,35.91614,-81.2726,699
West_Taylorsville2,35.91646,-81.27199,700
West_Taylorsville2,35.91666,-81.27158,701
West_Taylorsville2,35.91685,-81.27122,702
West_Taylorsville2,35.91704,-81.27087,703
West_Taylorsville2,35.91716,-81.27063,704
West_Taylorsville2,35.91726,-81.27044,705
West_Taylorsville2,35.91735,-81.27028,706
West_Taylorsville2,35.91743,-81.27009,707
West_Taylorsville2,35.91755,-81.26984,708
West_Taylorsville2,35.91759,-81.26963,709
West_Taylorsville2,35.91764,-81.26934,710
West_Taylorsville2,35.91768,-81.26916,711
West_Taylorsville2,35.91777,-81.26864,712
West_Taylorsville2,35.91786,-81.26816,713
West_Taylorsville2,35.91794,-81.26773,714
West_Taylorsville2,35.91803,-81.26724,715
West_Taylorsville2,35.91807,-81.26699,716
West_Taylorsville2,35.91811,-81.26679,717
West_Taylorsville2,35.91814,-81.26667,718
West_Taylorsville2,35.91818,-81.26654,719
West_Taylorsville2,35.9182,-81.26647,720
West_Taylorsville2,35.91823,-81.26641,721
West_Taylorsville2,35.91827,-81.26632,722
West_Taylorsville2,35.91829,-81.26626,723
West_Taylorsville2,35.91832,-81.26621,724
West_Taylorsville2,35.91837,-81.26613,725
West_Taylorsville2,35.91842,-81.26606,726
West_Taylorsville2,35.91849,-81.26597,727
West_Taylorsville2,35.91856,-81.26591,728
West_Taylorsville2,35.91866,-81.26584,729
West_Taylorsville2,35.91876,-81.26579,730
West_Taylorsville2,35.91887,-81.26573,731
West_Taylorsville2,35.91894,-81.26568,732
West_Taylorsville2,35.91901,-81.26564,733
West_Taylorsville2,35.91906,-81.2656,734
West_Taylorsville2,35.91913,-81.26555,735
West_Taylorsville2,35.91919,-81.2655,736
West_Taylorsville2,35.91925,-81.26544,737
West_Taylorsville2,35.91931,-81.26537,738
West_Taylorsville2,35.91937,-81.2653,739
West_Taylorsville2,35.91945,-81.26521,740
West_Taylorsville2,35.91964,-81.26497,741
West_Taylorsville2,35.91972,-81.26487,742
West_Taylorsville2,35.91991,-81.26462,743
West_Taylorsville2,35.92007,-81.2644,744
West_Taylorsville2,35.92028,-81.26412,745
West_Taylorsville2,35.9205,-81.26383,746
West_Taylorsville2,35.92095,-81.26322,747
West_Taylorsville2,35.92131,-81.26275,748
West_Taylorsville2,35.92153,-81.26245,749
West_Taylorsville2,35.92167,-81.26228,750
West_Taylorsville2,35.92176,-81.26216,751
West_Taylorsville2,35.92183,-81.26208,752
West_Taylorsville2,35.92194,-81.26195,753
West_Taylorsville2,35.92202,-81.26186,754
West_Taylorsville2,35.92213,-81.26173,755
West_Taylorsville2,35.92237,-81.26152,756
West_Taylorsville2,35.92254,-81.26137,757
West_Taylorsville2,35.92279,-81.26113,758
West_Taylorsville2,35.92249,-81.2606,759
West_Taylorsville2,35.92209,-81.25991,760
West_Taylorsville2,35.92116,-81.25828,761
West_Taylorsville2,35.92091,-81.25784,762
West_Taylorsville2,35.9206,-81.25729,763
West_Taylorsville2,35.91983,-81.25593,764
West_Taylorsville2,35.91936,-81.25511,765
West_Taylorsville2,35.91923,-81.25488,766
West_Taylorsville2,35.91911,-81.25464,767
West_Taylorsville2,35.919,-81.25441,768
West_Taylorsville2,35.91891,-81.25417,769
West_Taylorsville2,35.91884,-81.25392,770
West_Taylorsville2,35.9188,-81.25377,771
West_Taylorsville2,35.91878,-81.25367,772
West_Taylorsville2,35.91877,-81.25358,773
West_Taylorsville2,35.91875,-81.25345,774
West_Taylorsville2,35.91873,-81.25331,775
West_Taylorsville2,35.91872,-81.25319,776
West_Taylorsville2,35.91872,-81.25306,777
West_Taylorsville2,35.91871,-81.25292,778
West_Taylorsville2,35.91872,-81.25272,779
West_Taylorsville2,35.91876,-81.25241,780
West_Taylorsville2,35.91879,-81.25219,781
West_Taylorsville2,35.91887,-81.25183,782
West_Taylorsville2,35.91891,-81.25163,783
West_Taylorsville2,35.91896,-81.25143,784
West_Taylorsville2,35.91905,-81.25106,785
West_Taylorsville2,35.91922,-81.2503,786
West_Taylorsville2,35.91931,-81.24986,787
West_Taylorsville2,35.91935,-81.24957,788
West_Taylorsville2,35.91937,-81.24939,789
West_Taylorsville2,35.91938,-81.24916,790
West_Taylorsville2,35.91937,-81.24892,791
West_Taylorsville2,35.91936,-81.24868,792
West_Taylorsville2,35.91932,-81.24835,793
West_Taylorsville2,35.91926,-81.24807,794
West_Taylorsville2,35.91919,-81.2477,795
West_Taylorsville2,35.91916,-81.24752,796
West_Taylorsville2,35.91914,-81.2474,797
West_Taylorsville2,35.91912,-81.24719,798
West_Taylorsville2,35.91912,-81.24707,799
West_Taylorsville2,35.91912,-81.24696,800
West_Taylorsville2,35.91912,-81.24674,801
West_Taylorsville2,35.91913,-81.24658,802
West_Taylorsville2,35.91916,-81.24637,803
West_Taylorsville2,35.91919,-81.24626,804
West_Taylorsville2,35.91922,-81.24614,805
West_Taylorsville2,35.91928,-81.24594,806
West_Taylorsville2,35.91934,-81.24576,807
West_Taylorsville2,35.91938,-81.24566,808
West_Taylorsville2,35.91943,-81.24554,809
West_Taylorsville2,35.91951,-81.24538,810
West_Taylorsville2,35.9196,-81.2452,811
West_Taylorsville2,35.9197,-81.24501,812
West_Taylorsville2,35.91979,-81.24481,813
West_Taylorsville2,35.91998,-81.24443,814
West_Taylorsville2,35.92015,-81.24408,815
West_Taylorsville2,35.92023,-81.24391,816
West_Taylorsville2,35.92032,-81.24371,817
West_Taylorsville2,35.92044,-81.24347,818
West_Taylorsville2,35.92049,-81.24336,819
West_Taylorsville2,35.92055,-81.24323,820
West_Taylorsville2,35.92063,-81.24304,821
West_Taylorsville2,35.92069,-81.24287,822
West_Taylorsville2,35.92071,-81.24279,823
West_Taylorsville2,35.92075,-81.24267,824
West_Taylorsville2,35.92077,-81.24256,825
West_Taylorsville2,35.9208,-81.24245,826
West_Taylorsville2,35.92081,-81.24236,827
West_Taylorsville2,35.92084,-81.24222,828
West_Taylorsville2,35.92086,-81.24202,829
West_Taylorsville2,35.92087,-81.24173,830
West_Taylorsville2,35.92087,-81.2415,831
West_Taylorsville2,35.92085,-81.24128,832
West_Taylorsville2,35.92082,-81.24102,833
