shape_id,shape_pt_lat,shape_pt_lon,shape_pt_sequence,shape_dist_traveled
6e52eb86-fc1f-4ee2-8ba1-46755a74842f,35.7407440477321,-78.8944858035832,102,7519.69
170a315b-7e87-4fb7-a5f1-16b359de1a70,35.7376327626225,-78.8888422794494,103,8632.84
45432d3b-3193-4a6f-b5db-f839a623be9d,35.7406264903142,-78.8944002707434,14,1384.98
a0bb8371-1cb3-4a17-8052-8e76775dc1d3,35.7681433006494,-78.8079236277249,25,7322.52
6e52eb86-fc1f-4ee2-8ba1-46755a74842f,35.7375445574109,-78.8422224922496,24,1047.9
732cf6b5-6601-400b-9d7b-edd5bf32e7d1,35.7902473875508,-78.7795687952551,60,4388.89
732cf6b5-6601-400b-9d7b-edd5bf32e7d1,35.7878242764604,-78.774685627213,36,3298.6
e40053ad-def2-4cbe-8fab-e0f3823d9404,35.80512,-78.783057,15,3306.77
2e2b1f5e-8c30-4972-ac42-0dc085fa20b5,35.743802,-78.871002,34,3961.6
833ae665-e798-4b8c-9e7a-a8ac2824b5d8,35.759606,-78.742683,32,5654.2
556f83a6-e9e0-452c-befd-29666986fc51,35.8185888771131,-78.7716404220025,11,3792.81
39a6d8b3-53d9-437c-8834-40ddfa51e88f,35.7593791338654,-78.7343992656246,39,8520.77
6e52eb86-fc1f-4ee2-8ba1-46755a74842f,35.7427800440572,-78.8911446421222,99,7142.2
170a315b-7e87-4fb7-a5f1-16b359de1a70,35.7448827397039,-78.8731811873776,57,4826.5
2e2b1f5e-8c30-4972-ac42-0dc085fa20b5,35.727216,-78.854493,43,6378.23
732cf6b5-6601-400b-9d7b-edd5bf32e7d1,35.786402,-78.78117,13,864.64
2e2b1f5e-8c30-4972-ac42-0dc085fa20b5,35.726105,-78.851297,44,6691.86
170a315b-7e87-4fb7-a5f1-16b359de1a70,35.7469992859739,-78.8853190272684,73,6013.96
ad6cf4f3-9148-47f3-b22a-d6f3ead3c348,35.7677408662468,-78.7431597701202,27,5187.47
170a315b-7e87-4fb7-a5f1-16b359de1a70,35.7355652354673,-78.8478285199414,24,944.3
cda69c6f-f4fc-421f-992a-fd15d068f3e3,35.7955465127423,-78.7045142952005,2,234.85
833ae665-e798-4b8c-9e7a-a8ac2824b5d8,35.7518448737608,-78.7319756936666,18,2530.22
db8d744b-4628-47cb-b687-a85ba94d94c0,35.7882717721624,-78.7822528947742,30,6498.61
4d11f69f-5fbd-45ef-bd60-b93636979a14,35.828789,-78.790404,47,9577.47
fd071892-7070-4975-9a48-6bc0e821fbf5,35.783476,-78.796918,8,1796.62
4d11f69f-5fbd-45ef-bd60-b93636979a14,35.796638,-78.793505,6,1558.87
2cd7a5bf-656e-4b76-9a1e-6f5f52469995,35.7883184932504,-78.7811969643783,46,8790.05
ad6cf4f3-9148-47f3-b22a-d6f3ead3c348,35.775356,-78.767706,11,2185.97
db8d744b-4628-47cb-b687-a85ba94d94c0,35.735432,-78.782017,0,0
6e52eb86-fc1f-4ee2-8ba1-46755a74842f,35.7474804377874,-78.8821492074211,84,6099.71
3d55eee4-8654-44f4-ae2e-b905e511a090,35.79138,-78.84774,35,6720.71
2e2b1f5e-8c30-4972-ac42-0dc085fa20b5,35.716528,-78.857636,63,9896.66
45432d3b-3193-4a6f-b5db-f839a623be9d,35.720186,-78.855802,80,10353.48
833ae665-e798-4b8c-9e7a-a8ac2824b5d8,35.7575758012628,-78.7414345590054,31,5402.08
833ae665-e798-4b8c-9e7a-a8ac2824b5d8,35.788346243483,-78.7812711882629,58,12122.33
6e52eb86-fc1f-4ee2-8ba1-46755a74842f,35.7376818490119,-78.8892151998233,126,9087.65
45432d3b-3193-4a6f-b5db-f839a623be9d,35.720795,-78.843994,60,7609.08
39a6d8b3-53d9-437c-8834-40ddfa51e88f,35.7577995000788,-78.7417411777286,27,6706.6
9018b8b5-5108-4b52-bd20-e1a97d054993,35.8298373936253,-78.7957221945817,14,2908.35
833ae665-e798-4b8c-9e7a-a8ac2824b5d8,35.7612615380681,-78.7419443934805,24,4262.33
170a315b-7e87-4fb7-a5f1-16b359de1a70,35.7449689601653,-78.8729138944606,56,4800.56
ad6cf4f3-9148-47f3-b22a-d6f3ead3c348,35.783762318313,-78.7219282402589,46,7978.7
6e52eb86-fc1f-4ee2-8ba1-46755a74842f,35.7378768307599,-78.8892151998233,123,9062.28
732cf6b5-6601-400b-9d7b-edd5bf32e7d1,35.7902167157201,-78.7720279738091,41,3661.76
a158cbe7-49b9-4b9b-9187-ad5767819f6c,35.7586759882521,-78.8317858348189,16,4547.36
170a315b-7e87-4fb7-a5f1-16b359de1a70,35.7450663057353,-78.8721394303681,53,4718.91
fd071892-7070-4975-9a48-6bc0e821fbf5,35.786801,-78.788407,4,812.86
170a315b-7e87-4fb7-a5f1-16b359de1a70,35.7473385956477,-78.8792603878196,65,5451.87
732cf6b5-6601-400b-9d7b-edd5bf32e7d1,35.7878217664547,-78.7749450001081,83,5824.62
fa703f36-39be-4426-9648-316d4048009e,35.77256,-78.781881,12,1884.38
ad6cf4f3-9148-47f3-b22a-d6f3ead3c348,35.767313,-78.746295,24,4895.8
170a315b-7e87-4fb7-a5f1-16b359de1a70,35.7378045648531,-78.8890035423138,105,8659.16
ad6cf4f3-9148-47f3-b22a-d6f3ead3c348,35.7758342552967,-78.7325379504556,38,6609.07
4d11f69f-5fbd-45ef-bd60-b93636979a14,35.809984,-78.816208,25,5522.08
4d11f69f-5fbd-45ef-bd60-b93636979a14,35.830585,-78.767551,60,11931.87
170a315b-7e87-4fb7-a5f1-16b359de1a70,35.7333562634896,-78.847086230795,13,314.54
fd071892-7070-4975-9a48-6bc0e821fbf5,35.7415111650679,-78.8493578543804,33,9426.56
a0bb8371-1cb3-4a17-8052-8e76775dc1d3,35.777219,-78.804107,31,8424.62
ad6cf4f3-9148-47f3-b22a-d6f3ead3c348,35.783962,-78.78132,2,522.98
45432d3b-3193-4a6f-b5db-f839a623be9d,35.728588,-78.857491,52,6065.84
732cf6b5-6601-400b-9d7b-edd5bf32e7d1,35.7901728987987,-78.7768733297093,52,4142.4
db8d744b-4628-47cb-b687-a85ba94d94c0,35.771626,-78.7816,20,4470.17
170a315b-7e87-4fb7-a5f1-16b359de1a70,35.738837,-78.865363,48,3795
39a6d8b3-53d9-437c-8834-40ddfa51e88f,35.7614302964908,-78.7445945171524,26,6228.09
9018b8b5-5108-4b52-bd20-e1a97d054993,35.793596,-78.789785,59,10931.37
833ae665-e798-4b8c-9e7a-a8ac2824b5d8,35.7451088488497,-78.7380183464224,13,1559.62
cda69c6f-f4fc-421f-992a-fd15d068f3e3,35.7911967437584,-78.7427507077392,22,5400.17
fd071892-7070-4975-9a48-6bc0e821fbf5,35.7337545295808,-78.8497694641214,38,10307.78
560b17f8-9f95-4019-b51a-1e728c18a6c9,35.7864431076406,-78.8248945977573,30,4977.99
732cf6b5-6601-400b-9d7b-edd5bf32e7d1,35.784583,-78.778677,0,0
45432d3b-3193-4a6f-b5db-f839a623be9d,35.745468,-78.874547,37,3540.26
6e52eb86-fc1f-4ee2-8ba1-46755a74842f,35.7334657488979,-78.8470433154121,9,214.26
732cf6b5-6601-400b-9d7b-edd5bf32e7d1,35.7830714368673,-78.7805188380784,8,443.13
45432d3b-3193-4a6f-b5db-f839a623be9d,35.7464677285469,-78.8874964737693,21,2299.06
a0bb8371-1cb3-4a17-8052-8e76775dc1d3,35.7882717721624,-78.7822528947742,44,11310.59
a158cbe7-49b9-4b9b-9187-ad5767819f6c,35.7620727871895,-78.8217456210675,22,5895.6
732cf6b5-6601-400b-9d7b-edd5bf32e7d1,35.7902298607919,-78.7778024280537,55,4227.32
4d11f69f-5fbd-45ef-bd60-b93636979a14,35.8313457397016,-78.77954738551,51,10610.19
fa703f36-39be-4426-9648-316d4048009e,35.7765968946763,-78.7816885148518,9,1433.74
3d55eee4-8654-44f4-ae2e-b905e511a090,35.788951,-78.863152,39,8152.99
a158cbe7-49b9-4b9b-9187-ad5767819f6c,35.732839,-78.845471,0,0
6e52eb86-fc1f-4ee2-8ba1-46755a74842f,35.735507429377,-78.8565841591261,53,3213.4
b3b170dc-c162-4f32-80b2-fa0a9e39fee2,35.801496,-78.783133,37,9755.4
9018b8b5-5108-4b52-bd20-e1a97d054993,35.830585,-78.767551,0,0
db8d744b-4628-47cb-b687-a85ba94d94c0,35.7801359908699,-78.7804542151089,23,5442.93
170a315b-7e87-4fb7-a5f1-16b359de1a70,35.737724117823,-78.8889985028492,104,8650.21
170a315b-7e87-4fb7-a5f1-16b359de1a70,35.7332799553888,-78.8466816000417,6,173.79
732cf6b5-6601-400b-9d7b-edd5bf32e7d1,35.7913822369615,-78.7809300323644,65,4684.36
732cf6b5-6601-400b-9d7b-edd5bf32e7d1,35.7874956390681,-78.7784776448748,86,6146.5
b3b170dc-c162-4f32-80b2-fa0a9e39fee2,35.7964347949994,-78.75850408858,27,6962.66
3d55eee4-8654-44f4-ae2e-b905e511a090,35.790056,-78.850962,36,7046.27
9018b8b5-5108-4b52-bd20-e1a97d054993,35.826895,-78.805357,22,3898.79
39a6d8b3-53d9-437c-8834-40ddfa51e88f,35.7468742879358,-78.7455642484975,54,11214.4
fd071892-7070-4975-9a48-6bc0e821fbf5,35.7543538960429,-78.8381742738589,28,7124.74
170a315b-7e87-4fb7-a5f1-16b359de1a70,35.7288867359464,-78.8577786008828,36,2479.28
170a315b-7e87-4fb7-a5f1-16b359de1a70,35.7377254813327,-78.88926727429,109,8700.78
45432d3b-3193-4a6f-b5db-f839a623be9d,35.729231956313,-78.8479195501963,97,12758.36
6e52eb86-fc1f-4ee2-8ba1-46755a74842f,35.7373423341993,-78.8885953456882,117,8972.66
170a315b-7e87-4fb7-a5f1-16b359de1a70,35.7471216601213,-78.8851648198163,72,5994.51
732cf6b5-6601-400b-9d7b-edd5bf32e7d1,35.7900266897801,-78.7723734546966,79,5485.87
6e52eb86-fc1f-4ee2-8ba1-46755a74842f,35.7362916794912,-78.8523974609774,50,2825.74
a0bb8371-1cb3-4a17-8052-8e76775dc1d3,35.738116,-78.842433,4,678.96
6e52eb86-fc1f-4ee2-8ba1-46755a74842f,35.7473052209897,-78.8843835020594,85,6302.15
b3b170dc-c162-4f32-80b2-fa0a9e39fee2,35.799879,-78.737714,16,4084.94
005c5c51-3198-4ce1-8c26-bb7c7f39ea2f,35.7904412000862,-78.7401259757265,20,6105.45
6e52eb86-fc1f-4ee2-8ba1-46755a74842f,35.7353266614115,-78.8585062030388,55,3387.94
39a6d8b3-53d9-437c-8834-40ddfa51e88f,35.7548098753416,-78.7304395292813,44,9158.69
2cd7a5bf-656e-4b76-9a1e-6f5f52469995,35.766408,-78.756256,32,5196.77
9018b8b5-5108-4b52-bd20-e1a97d054993,35.8228258734149,-78.8071937382238,25,4406.32
ad6cf4f3-9148-47f3-b22a-d6f3ead3c348,35.770067,-78.761534,14,3010.87
9018b8b5-5108-4b52-bd20-e1a97d054993,35.8270692923017,-78.8003368036312,18,3438.77
170a315b-7e87-4fb7-a5f1-16b359de1a70,35.7325866902635,-78.8503523717174,30,1420.29
39a6d8b3-53d9-437c-8834-40ddfa51e88f,35.7609703083467,-78.7417613804641,34,7797.22
6e52eb86-fc1f-4ee2-8ba1-46755a74842f,35.7378084401002,-78.8422049193339,25,1077.27
a0bb8371-1cb3-4a17-8052-8e76775dc1d3,35.7873483737628,-78.781218107247,42,11106.98
fa703f36-39be-4426-9648-316d4048009e,35.783962,-78.78132,2,528.19
6e52eb86-fc1f-4ee2-8ba1-46755a74842f,35.732839,-78.845471,0,0
39a6d8b3-53d9-437c-8834-40ddfa51e88f,35.746069,-78.737807,50,10375.87
560b17f8-9f95-4019-b51a-1e728c18a6c9,35.7841231366566,-78.7955451560436,44,7742.78
a158cbe7-49b9-4b9b-9187-ad5767819f6c,35.7704696521032,-78.8076187560006,26,7582.48
45432d3b-3193-4a6f-b5db-f839a623be9d,35.732603590398,-78.8456527902824,102,13220.15
cda69c6f-f4fc-421f-992a-fd15d068f3e3,35.7957421881071,-78.7032676675224,3,349.29
560b17f8-9f95-4019-b51a-1e728c18a6c9,35.788188623678,-78.7818049658421,61,9419.64
a0bb8371-1cb3-4a17-8052-8e76775dc1d3,35.783346,-78.798719,34,9307.19
ad6cf4f3-9148-47f3-b22a-d6f3ead3c348,35.766941,-78.75754,15,3511.2
e40053ad-def2-4cbe-8fab-e0f3823d9404,35.829156,-78.769337,2,251.26
170a315b-7e87-4fb7-a5f1-16b359de1a70,35.7474887814349,-78.8796853150209,66,5493.67
db8d744b-4628-47cb-b687-a85ba94d94c0,35.786402,-78.78117,28,6191.81
ad6cf4f3-9148-47f3-b22a-d6f3ead3c348,35.7725178165744,-78.7373138211556,33,6032.64
170a315b-7e87-4fb7-a5f1-16b359de1a70,35.7471494724013,-78.8850517343515,71,5983.85
a0bb8371-1cb3-4a17-8052-8e76775dc1d3,35.784326,-78.792219,38,10000.36
a158cbe7-49b9-4b9b-9187-ad5767819f6c,35.783346,-78.798719,34,9307.19
ad6cf4f3-9148-47f3-b22a-d6f3ead3c348,35.7672200527595,-78.7454562512744,25,4972.13
2e2b1f5e-8c30-4972-ac42-0dc085fa20b5,35.738028,-78.895671,7,1024.09
ad6cf4f3-9148-47f3-b22a-d6f3ead3c348,35.7756336664782,-78.7685042686559,10,2107.67
b3b170dc-c162-4f32-80b2-fa0a9e39fee2,35.79511,-78.751398,23,6292.67
fd071892-7070-4975-9a48-6bc0e821fbf5,35.747797,-78.851992,31,8688.77
6e52eb86-fc1f-4ee2-8ba1-46755a74842f,35.736773356007,-78.8894929819997,113,8851.17
fd071892-7070-4975-9a48-6bc0e821fbf5,35.7882914438847,-78.7812050520828,1,55.27
45432d3b-3193-4a6f-b5db-f839a623be9d,35.7296961803112,-78.8492544596871,95,12625.42
2e2b1f5e-8c30-4972-ac42-0dc085fa20b5,35.745216,-78.888646,14,2126.46
2e2b1f5e-8c30-4972-ac42-0dc085fa20b5,35.7434253868769,-78.8900383694183,11,1890.26
732cf6b5-6601-400b-9d7b-edd5bf32e7d1,35.786534448384,-78.7904985125156,22,1809.88
6e52eb86-fc1f-4ee2-8ba1-46755a74842f,35.747185628351,-78.8789588265801,80,5802.06
ad6cf4f3-9148-47f3-b22a-d6f3ead3c348,35.7713054536747,-78.7389329135036,32,5834
db8d744b-4628-47cb-b687-a85ba94d94c0,35.754888,-78.782664,12,2586.56
170a315b-7e87-4fb7-a5f1-16b359de1a70,35.736275,-78.896151,89,7712.44
45432d3b-3193-4a6f-b5db-f839a623be9d,35.7425373359126,-78.8913308128083,16,1734.83
39a6d8b3-53d9-437c-8834-40ddfa51e88f,35.7873173480647,-78.7811578373218,2,154.45
005c5c51-3198-4ce1-8c26-bb7c7f39ea2f,35.795778,-78.739281,23,6707.85
4d11f69f-5fbd-45ef-bd60-b93636979a14,35.8027372811165,-78.8165111751556,19,4349.58
732cf6b5-6601-400b-9d7b-edd5bf32e7d1,35.7901422269394,-78.7771002025609,53,4163.13
9018b8b5-5108-4b52-bd20-e1a97d054993,35.795776,-78.800554,55,9628.55
e40053ad-def2-4cbe-8fab-e0f3823d9404,35.810109,-78.781029,12,2707.77
9018b8b5-5108-4b52-bd20-e1a97d054993,35.7962100361106,-78.8018775764385,53,9479.39
e40053ad-def2-4cbe-8fab-e0f3823d9404,35.830585,-78.767551,0,0
6e52eb86-fc1f-4ee2-8ba1-46755a74842f,35.736951467045,-78.8886935135803,115,8927.44
4d11f69f-5fbd-45ef-bd60-b93636979a14,35.8089615544752,-78.81575225179,24,5401.27
a0bb8371-1cb3-4a17-8052-8e76775dc1d3,35.7336254886729,-78.845023664514,1,96.26
6e52eb86-fc1f-4ee2-8ba1-46755a74842f,35.735843934805,-78.8625181699225,59,3757.41
db8d744b-4628-47cb-b687-a85ba94d94c0,35.7640728809877,-78.7833713760001,17,3610.1
560b17f8-9f95-4019-b51a-1e728c18a6c9,35.7871974575394,-78.783371224744,54,9153.43
6e52eb86-fc1f-4ee2-8ba1-46755a74842f,35.7366668474042,-78.8904413737057,112,8764.81
3d55eee4-8654-44f4-ae2e-b905e511a090,35.7887842276564,-78.867010047596,40,8501.24
560b17f8-9f95-4019-b51a-1e728c18a6c9,35.786138,-78.825014,29,4942.42
2e2b1f5e-8c30-4972-ac42-0dc085fa20b5,35.717491,-78.844572,52,8040.85
005c5c51-3198-4ce1-8c26-bb7c7f39ea2f,35.802917,-78.778896,7,2003.27
833ae665-e798-4b8c-9e7a-a8ac2824b5d8,35.7908949727353,-78.7702392798805,49,10884.74
3d55eee4-8654-44f4-ae2e-b905e511a090,35.7876592299176,-78.8709139276891,41,8874.68
45432d3b-3193-4a6f-b5db-f839a623be9d,35.7315112861582,-78.846188354506,100,13089.5
556f83a6-e9e0-452c-befd-29666986fc51,35.8314519208649,-78.7683899509295,22,5630.05
cda69c6f-f4fc-421f-992a-fd15d068f3e3,35.8004142824275,-78.7666312862613,30,8050.12
b3b170dc-c162-4f32-80b2-fa0a9e39fee2,35.7963981664699,-78.7555497354742,25,6694.47
2cd7a5bf-656e-4b76-9a1e-6f5f52469995,35.7859209058821,-78.7182954881437,1,230.22
fa703f36-39be-4426-9648-316d4048009e,35.765216,-78.783546,15,2723.22
fd071892-7070-4975-9a48-6bc0e821fbf5,35.7504231184973,-78.8459607270932,29,7951.68
3d55eee4-8654-44f4-ae2e-b905e511a090,35.7930237921603,-78.8397791356641,33,5974.29
2cd7a5bf-656e-4b76-9a1e-6f5f52469995,35.785573776649,-78.7216070805351,5,686.41
4d11f69f-5fbd-45ef-bd60-b93636979a14,35.8116176228862,-78.8169073729564,26,5714.24
b3b170dc-c162-4f32-80b2-fa0a9e39fee2,35.803114,-78.774328,34,8848.4
ad6cf4f3-9148-47f3-b22a-d6f3ead3c348,35.7824881168442,-78.7803836851424,5,737.28
732cf6b5-6601-400b-9d7b-edd5bf32e7d1,35.786420547437,-78.7899832259009,28,1906.42
a158cbe7-49b9-4b9b-9187-ad5767819f6c,35.7501722361926,-78.8509653492489,13,2516.19
2cd7a5bf-656e-4b76-9a1e-6f5f52469995,35.783635,-78.781178,44,8269.61
005c5c51-3198-4ce1-8c26-bb7c7f39ea2f,35.8033049150578,-78.7344026306441,26,7664.25
170a315b-7e87-4fb7-a5f1-16b359de1a70,35.7448883023171,-78.873417638804,58,4847.83
2e2b1f5e-8c30-4972-ac42-0dc085fa20b5,35.7448189853818,-78.8737092556159,30,3652.93
2e2b1f5e-8c30-4972-ac42-0dc085fa20b5,35.740806,-78.867814,35,4401.49
833ae665-e798-4b8c-9e7a-a8ac2824b5d8,35.7883938126799,-78.7637778379785,44,9886.91
2cd7a5bf-656e-4b76-9a1e-6f5f52469995,35.7648398998449,-78.7484553203105,28,4397.43
a158cbe7-49b9-4b9b-9187-ad5767819f6c,35.784326,-78.792219,38,10000.36
45432d3b-3193-4a6f-b5db-f839a623be9d,35.723031,-78.846483,85,11453.63
3d55eee4-8654-44f4-ae2e-b905e511a090,35.788759,-78.82839,28,4801.85
db8d744b-4628-47cb-b687-a85ba94d94c0,35.738049,-78.782978,3,545.27
a0bb8371-1cb3-4a17-8052-8e76775dc1d3,35.7586759882521,-78.8317858348189,16,4547.36
833ae665-e798-4b8c-9e7a-a8ac2824b5d8,35.7871989208398,-78.7640842033452,43,9751.29
2e2b1f5e-8c30-4972-ac42-0dc085fa20b5,35.717794,-78.856513,65,10072.47
170a315b-7e87-4fb7-a5f1-16b359de1a70,35.7406113071426,-78.8954085766488,86,7223.79
b3b170dc-c162-4f32-80b2-fa0a9e39fee2,35.801735,-78.767904,31,8236.38
ad6cf4f3-9148-47f3-b22a-d6f3ead3c348,35.765479,-78.748571,20,4544.08
170a315b-7e87-4fb7-a5f1-16b359de1a70,35.740477991378,-78.8955258971124,87,7241.99
cda69c6f-f4fc-421f-992a-fd15d068f3e3,35.7882660859446,-78.7811945277802,42,11390.47
fa703f36-39be-4426-9648-316d4048009e,35.744935,-78.781669,23,4995.4
170a315b-7e87-4fb7-a5f1-16b359de1a70,35.7464569110072,-78.8877971009978,76,6247.63
e40053ad-def2-4cbe-8fab-e0f3823d9404,35.7915814321799,-78.7832843398822,19,4811.33
2cd7a5bf-656e-4b76-9a1e-6f5f52469995,35.778345,-78.731499,11,1951.22
833ae665-e798-4b8c-9e7a-a8ac2824b5d8,35.7503232986908,-78.7425065049161,4,452.24
a0bb8371-1cb3-4a17-8052-8e76775dc1d3,35.7548537211234,-78.8371125261814,15,3906.18
6e52eb86-fc1f-4ee2-8ba1-46755a74842f,35.7375625932408,-78.8640188031378,61,3991.77
560b17f8-9f95-4019-b51a-1e728c18a6c9,35.783469,-78.802494,38,7056.94
4d11f69f-5fbd-45ef-bd60-b93636979a14,35.7884769377084,-78.7831875463516,1,87.28
2e2b1f5e-8c30-4972-ac42-0dc085fa20b5,35.7297392624461,-78.8589748060092,41,5882.63
005c5c51-3198-4ce1-8c26-bb7c7f39ea2f,35.802923,-78.774305,8,2417.02
170a315b-7e87-4fb7-a5f1-16b359de1a70,35.7421132696837,-78.8689042074875,50,4279.31
cda69c6f-f4fc-421f-992a-fd15d068f3e3,35.7959354888469,-78.7535865048503,24,6510.21
45432d3b-3193-4a6f-b5db-f839a623be9d,35.726105,-78.851297,55,6690.29
170a315b-7e87-4fb7-a5f1-16b359de1a70,35.7436281835977,-78.8900066870456,79,6620.51
b3b170dc-c162-4f32-80b2-fa0a9e39fee2,35.797711,-78.738727,17,4342.57
170a315b-7e87-4fb7-a5f1-16b359de1a70,35.735933694833,-78.8936581553331,93,8080.18
2e2b1f5e-8c30-4972-ac42-0dc085fa20b5,35.747255,-78.883581,23,2676.73
833ae665-e798-4b8c-9e7a-a8ac2824b5d8,35.756266,-78.741311,30,5256.11
fa703f36-39be-4426-9648-316d4048009e,35.788188623678,-78.7818049658421,0,0
fa703f36-39be-4426-9648-316d4048009e,35.735908,-78.77929,29,6034.18
005c5c51-3198-4ce1-8c26-bb7c7f39ea2f,35.7882717721624,-78.7822528947742,0,0
560b17f8-9f95-4019-b51a-1e728c18a6c9,35.78874,-78.862297,4,815.38
a0bb8371-1cb3-4a17-8052-8e76775dc1d3,35.7501722361926,-78.8509653492489,13,2516.19
a158cbe7-49b9-4b9b-9187-ad5767819f6c,35.7667202181881,-78.8097802622706,24,7092.24
005c5c51-3198-4ce1-8c26-bb7c7f39ea2f,35.8004974958774,-78.7072382657865,34,10458.39
b3b170dc-c162-4f32-80b2-fa0a9e39fee2,35.796554,-78.756767,26,6805.54
a158cbe7-49b9-4b9b-9187-ad5767819f6c,35.7782417295073,-78.8022817880607,32,8624.6
9018b8b5-5108-4b52-bd20-e1a97d054993,35.8204647483461,-78.8096717502431,28,4756.24
2e2b1f5e-8c30-4972-ac42-0dc085fa20b5,35.7366400436055,-78.8912305280511,3,262.34
170a315b-7e87-4fb7-a5f1-16b359de1a70,35.7348492277653,-78.845757129665,22,740.14
fd071892-7070-4975-9a48-6bc0e821fbf5,35.7780820595075,-78.8025397838676,11,2679.36
6e52eb86-fc1f-4ee2-8ba1-46755a74842f,35.7332284793628,-78.8462906946544,18,390.95
cda69c6f-f4fc-421f-992a-fd15d068f3e3,35.803114,-78.774328,34,8848.4
b3b170dc-c162-4f32-80b2-fa0a9e39fee2,35.801415,-78.731249,13,3239.78
560b17f8-9f95-4019-b51a-1e728c18a6c9,35.7842243626615,-78.7951078262195,45,7783.78
e40053ad-def2-4cbe-8fab-e0f3823d9404,35.8180959528137,-78.7721987609492,9,1515.74
ad6cf4f3-9148-47f3-b22a-d6f3ead3c348,35.781676,-78.726698,43,7473.96
e40053ad-def2-4cbe-8fab-e0f3823d9404,35.7883993122794,-78.7832415576168,20,5164.95
ad6cf4f3-9148-47f3-b22a-d6f3ead3c348,35.7820477459256,-78.7765690755922,8,1089.42
556f83a6-e9e0-452c-befd-29666986fc51,35.819648,-78.771214,12,3916.61
9018b8b5-5108-4b52-bd20-e1a97d054993,35.8028040924548,-78.816764371312,44,7644.71
6e52eb86-fc1f-4ee2-8ba1-46755a74842f,35.7386607038935,-78.842802398469,27,1186.25
ad6cf4f3-9148-47f3-b22a-d6f3ead3c348,35.7753154235592,-78.7329420931018,37,6540.87
6e52eb86-fc1f-4ee2-8ba1-46755a74842f,35.7357688469402,-78.8624085346191,58,3744.47
4d11f69f-5fbd-45ef-bd60-b93636979a14,35.8287796964309,-78.7978906559896,44,8871.73
6e52eb86-fc1f-4ee2-8ba1-46755a74842f,35.743772,-78.870595,64,4901.68
005c5c51-3198-4ce1-8c26-bb7c7f39ea2f,35.797929,-78.738461,24,6958.03
833ae665-e798-4b8c-9e7a-a8ac2824b5d8,35.7560105607298,-78.7440454780695,27,4975.76
ad6cf4f3-9148-47f3-b22a-d6f3ead3c348,35.785207,-78.720693,49,8210.04
2e2b1f5e-8c30-4972-ac42-0dc085fa20b5,35.744241841486,-78.8894833703301,12,1993.88
2cd7a5bf-656e-4b76-9a1e-6f5f52469995,35.778016,-78.771285,38,7090.85
005c5c51-3198-4ce1-8c26-bb7c7f39ea2f,35.8025249785438,-78.7827627287782,6,1652.08
2e2b1f5e-8c30-4972-ac42-0dc085fa20b5,35.745468,-78.874547,29,3548.48
a0bb8371-1cb3-4a17-8052-8e76775dc1d3,35.773735,-78.806548,28,7957.95
6e52eb86-fc1f-4ee2-8ba1-46755a74842f,35.7433836012682,-78.8902605193975,98,7038.01
833ae665-e798-4b8c-9e7a-a8ac2824b5d8,35.7901805803185,-78.7723792092474,51,11093.33
6e52eb86-fc1f-4ee2-8ba1-46755a74842f,35.7460786926066,-78.8756073846226,76,5473.43
e40053ad-def2-4cbe-8fab-e0f3823d9404,35.8072713432592,-78.7828707779822,14,3067.12
170a315b-7e87-4fb7-a5f1-16b359de1a70,35.7367197252372,-78.890079146107,97,8415.37
732cf6b5-6601-400b-9d7b-edd5bf32e7d1,35.787444,-78.778285,33,2968.23
9018b8b5-5108-4b52-bd20-e1a97d054993,35.788188623678,-78.7818049658421,64,12055.37
39a6d8b3-53d9-437c-8834-40ddfa51e88f,35.7901813970982,-78.7720024325238,7,1100.9
833ae665-e798-4b8c-9e7a-a8ac2824b5d8,35.749962,-78.741193,7,601.38
3d55eee4-8654-44f4-ae2e-b905e511a090,35.7868263169619,-78.8261054482807,26,4498.24
fd071892-7070-4975-9a48-6bc0e821fbf5,35.788188623678,-78.7818049658421,0,0
a0bb8371-1cb3-4a17-8052-8e76775dc1d3,35.7833644420432,-78.7993129705236,33,9253.61
005c5c51-3198-4ce1-8c26-bb7c7f39ea2f,35.7989991741972,-78.7211161925689,31,8989
9018b8b5-5108-4b52-bd20-e1a97d054993,35.829156,-78.769337,2,249.29
6e52eb86-fc1f-4ee2-8ba1-46755a74842f,35.7377075509205,-78.8889745630644,119,9027.35
6e52eb86-fc1f-4ee2-8ba1-46755a74842f,35.7448771770902,-78.8732360166938,70,5212.61
cda69c6f-f4fc-421f-992a-fd15d068f3e3,35.791516,-78.739925,20,5045.33
2e2b1f5e-8c30-4972-ac42-0dc085fa20b5,35.732839,-78.845471,85,13759.92
fa703f36-39be-4426-9648-316d4048009e,35.750652,-78.783061,20,4344.96
6e52eb86-fc1f-4ee2-8ba1-46755a74842f,35.7450162423142,-78.8727973821635,68,5170.07
4d11f69f-5fbd-45ef-bd60-b93636979a14,35.8295639945049,-78.796226901224,45,9045.12
005c5c51-3198-4ce1-8c26-bb7c7f39ea2f,35.801159,-78.767586,11,3078.05
b3b170dc-c162-4f32-80b2-fa0a9e39fee2,35.7905428216661,-78.740158732162,21,5155.5
170a315b-7e87-4fb7-a5f1-16b359de1a70,35.7374200545854,-78.8887179726581,114,8764.22
45432d3b-3193-4a6f-b5db-f839a623be9d,35.7449963735178,-78.8723428877496,42,3779.71
4d11f69f-5fbd-45ef-bd60-b93636979a14,35.8294079063169,-78.7941424541822,46,9233.71
9018b8b5-5108-4b52-bd20-e1a97d054993,35.795381050719,-78.7924523200558,58,10619.69
170a315b-7e87-4fb7-a5f1-16b359de1a70,35.7381506430664,-78.8958450087735,88,7502.2
a0bb8371-1cb3-4a17-8052-8e76775dc1d3,35.7620727871895,-78.8217456210675,22,5895.6
2cd7a5bf-656e-4b76-9a1e-6f5f52469995,35.7830816902335,-78.7805236371165,42,8159.29
732cf6b5-6601-400b-9d7b-edd5bf32e7d1,35.7831312056519,-78.7811136913407,10,498.35
39a6d8b3-53d9-437c-8834-40ddfa51e88f,35.7599413524848,-78.7347439005405,38,8450.99
170a315b-7e87-4fb7-a5f1-16b359de1a70,35.7373532423283,-78.8885835869378,101,8593.24
170a315b-7e87-4fb7-a5f1-16b359de1a70,35.7371221674655,-78.8635759237171,46,3545.41
3d55eee4-8654-44f4-ae2e-b905e511a090,35.7849503018382,-78.8695496487819,46,9488.65
fa703f36-39be-4426-9648-316d4048009e,35.7803213153246,-78.7805298284965,6,989.54
833ae665-e798-4b8c-9e7a-a8ac2824b5d8,35.762335724259,-78.7451453277874,33,6030.1
6e52eb86-fc1f-4ee2-8ba1-46755a74842f,35.7377988019372,-78.8890040063437,120,9037.83
cda69c6f-f4fc-421f-992a-fd15d068f3e3,35.7917253650865,-78.7832458550937,40,10841.16
2cd7a5bf-656e-4b76-9a1e-6f5f52469995,35.771385961004,-78.7389653208019,17,3016.72
b3b170dc-c162-4f32-80b2-fa0a9e39fee2,35.79613,-78.760321,28,7129.88
170a315b-7e87-4fb7-a5f1-16b359de1a70,35.7406493973201,-78.8952443279999,85,7208.38
4d11f69f-5fbd-45ef-bd60-b93636979a14,35.82683,-78.804779,40,8157.38
3d55eee4-8654-44f4-ae2e-b905e511a090,35.7871058837255,-78.8268279932076,27,4570.4
39a6d8b3-53d9-437c-8834-40ddfa51e88f,35.749901,-78.746508,59,11569.02
6e52eb86-fc1f-4ee2-8ba1-46755a74842f,35.7419122487117,-78.8924879603712,100,7297.05
732cf6b5-6601-400b-9d7b-edd5bf32e7d1,35.7900896465815,-78.7724331039011,78,5477.05
9018b8b5-5108-4b52-bd20-e1a97d054993,35.796643,-78.80863,49,8825.16
db8d744b-4628-47cb-b687-a85ba94d94c0,35.747502,-78.78235,9,1761.8
170a315b-7e87-4fb7-a5f1-16b359de1a70,35.7432550199062,-78.8904007709455,80,6675.12
39a6d8b3-53d9-437c-8834-40ddfa51e88f,35.7476680751815,-78.7374665163736,49,10195.55
005c5c51-3198-4ce1-8c26-bb7c7f39ea2f,35.791573,-78.739627,21,6239.02
3d55eee4-8654-44f4-ae2e-b905e511a090,35.78357,-78.800158,16,2097.64
2e2b1f5e-8c30-4972-ac42-0dc085fa20b5,35.724946,-78.848173,45,7001.71
833ae665-e798-4b8c-9e7a-a8ac2824b5d8,35.7461557252234,-78.7375603996753,15,1685.92
170a315b-7e87-4fb7-a5f1-16b359de1a70,35.7475875132114,-78.880803728549,68,5595.65
556f83a6-e9e0-452c-befd-29666986fc51,35.816694,-78.773337,10,3532.61
170a315b-7e87-4fb7-a5f1-16b359de1a70,35.733225,-78.845346,1,44.35
a0bb8371-1cb3-4a17-8052-8e76775dc1d3,35.782937,-78.794159,36,9728.01
2e2b1f5e-8c30-4972-ac42-0dc085fa20b5,35.7468741467385,-78.8852428304207,18,2512.72
2e2b1f5e-8c30-4972-ac42-0dc085fa20b5,35.7310803670335,-78.8464515713722,83,13544.93
833ae665-e798-4b8c-9e7a-a8ac2824b5d8,35.7561021785435,-78.7321104144193,21,3114.75
6e52eb86-fc1f-4ee2-8ba1-46755a74842f,35.7334071310473,-78.8458151113562,2,91.26
ad6cf4f3-9148-47f3-b22a-d6f3ead3c348,35.77974,-78.729855,42,7117.2
cda69c6f-f4fc-421f-992a-fd15d068f3e3,35.799586,-78.725632,11,2686.54
833ae665-e798-4b8c-9e7a-a8ac2824b5d8,35.7899665755085,-78.7723423689632,52,11117.34
45432d3b-3193-4a6f-b5db-f839a623be9d,35.74470613041,-78.8733412065925,39,3680.47
833ae665-e798-4b8c-9e7a-a8ac2824b5d8,35.7441736980363,-78.7398068212778,11,1367.59
45432d3b-3193-4a6f-b5db-f839a623be9d,35.740821,-78.893927,15,1432.83
9018b8b5-5108-4b52-bd20-e1a97d054993,35.819266,-78.810339,29,4902.38
45432d3b-3193-4a6f-b5db-f839a623be9d,35.72266,-78.852845,83,10877.55
ad6cf4f3-9148-47f3-b22a-d6f3ead3c348,35.7682,-78.740705,30,5450.58
45432d3b-3193-4a6f-b5db-f839a623be9d,35.724946,-78.848173,56,7000.14
6e52eb86-fc1f-4ee2-8ba1-46755a74842f,35.7374511784569,-78.8887390168301,129,9140.27
9018b8b5-5108-4b52-bd20-e1a97d054993,35.79632259165,-78.8028291330539,52,9392.72
6e52eb86-fc1f-4ee2-8ba1-46755a74842f,35.7349548181864,-78.8435494210452,22,734.92
45432d3b-3193-4a6f-b5db-f839a623be9d,35.7369154380963,-78.8889695685569,1,47.91
6e52eb86-fc1f-4ee2-8ba1-46755a74842f,35.7471272225781,-78.8851751003131,88,6377.05
005c5c51-3198-4ce1-8c26-bb7c7f39ea2f,35.7962380966272,-78.7584360768793,14,4306.74
a158cbe7-49b9-4b9b-9187-ad5767819f6c,35.741195109557,-78.849137953125,10,1477.38
45432d3b-3193-4a6f-b5db-f839a623be9d,35.7405216746718,-78.8953290549405,11,1298.29
cda69c6f-f4fc-421f-992a-fd15d068f3e3,35.801496,-78.783133,37,9755.4
ad6cf4f3-9148-47f3-b22a-d6f3ead3c348,35.7675421859484,-78.7442866149102,26,5083.5
2e2b1f5e-8c30-4972-ac42-0dc085fa20b5,35.7449456749453,-78.8723044141734,33,3788.54
6e52eb86-fc1f-4ee2-8ba1-46755a74842f,35.7353210993138,-78.8593455983304,57,3463.75
45432d3b-3193-4a6f-b5db-f839a623be9d,35.717491,-78.844572,64,8042.21
6e52eb86-fc1f-4ee2-8ba1-46755a74842f,35.746509787503,-78.8773722032405,78,5639.79
3d55eee4-8654-44f4-ae2e-b905e511a090,35.7841639688113,-78.7957269725637,11,1640.25
a158cbe7-49b9-4b9b-9187-ad5767819f6c,35.786388339591,-78.790103346607,39,10298.5
fd071892-7070-4975-9a48-6bc0e821fbf5,35.7871988884925,-78.7833083440845,3,351.14
2e2b1f5e-8c30-4972-ac42-0dc085fa20b5,35.7164602452377,-78.844908581843,53,8159.34
560b17f8-9f95-4019-b51a-1e728c18a6c9,35.7908751107306,-78.8344532496356,15,3455.98
fd071892-7070-4975-9a48-6bc0e821fbf5,35.7658578911935,-78.8125927038546,20,4463.16
a158cbe7-49b9-4b9b-9187-ad5767819f6c,35.7413617354731,-78.8458750191108,7,1175.69
39a6d8b3-53d9-437c-8834-40ddfa51e88f,35.7611246023617,-78.7413276158287,36,7842.9
005c5c51-3198-4ce1-8c26-bb7c7f39ea2f,35.794406,-78.750384,18,5076.13
732cf6b5-6601-400b-9d7b-edd5bf32e7d1,35.7899844857613,-78.7743939335463,71,5296.04
6e52eb86-fc1f-4ee2-8ba1-46755a74842f,35.736411,-78.862941,60,3831.07
6e52eb86-fc1f-4ee2-8ba1-46755a74842f,35.7448716144761,-78.8733491021583,71,5222.83
b3b170dc-c162-4f32-80b2-fa0a9e39fee2,35.79566,-78.783209,38,10403.93
ad6cf4f3-9148-47f3-b22a-d6f3ead3c348,35.7640295134813,-78.7487749755922,18,4372.48
a0bb8371-1cb3-4a17-8052-8e76775dc1d3,35.741476,-78.846851,8,1264.63
6e52eb86-fc1f-4ee2-8ba1-46755a74842f,35.7449578349496,-78.8736369560688,72,5250.5
b3b170dc-c162-4f32-80b2-fa0a9e39fee2,35.803114,-78.779944,35,9354.52
39a6d8b3-53d9-437c-8834-40ddfa51e88f,35.7624756265432,-78.7455796976531,25,6081.86
9018b8b5-5108-4b52-bd20-e1a97d054993,35.812249,-78.818115,36,6176.81
cda69c6f-f4fc-421f-992a-fd15d068f3e3,35.7981712214808,-78.7076742408596,8,1059.53
005c5c51-3198-4ce1-8c26-bb7c7f39ea2f,35.802762,-78.770921,9,2722.52
170a315b-7e87-4fb7-a5f1-16b359de1a70,35.7378226919146,-78.8643123150481,47,3647.74
560b17f8-9f95-4019-b51a-1e728c18a6c9,35.784115,-78.796217,43,7682.21
170a315b-7e87-4fb7-a5f1-16b359de1a70,35.7408208028932,-78.8942166007391,83,7113.01
833ae665-e798-4b8c-9e7a-a8ac2824b5d8,35.764225,-78.749194,35,6456.9
732cf6b5-6601-400b-9d7b-edd5bf32e7d1,35.7871363272973,-78.7845059806454,17,1262.26
a0bb8371-1cb3-4a17-8052-8e76775dc1d3,35.786723,-78.787606,40,10526.66
4d11f69f-5fbd-45ef-bd60-b93636979a14,35.8314370288148,-78.7711945223808,56,11542.01
170a315b-7e87-4fb7-a5f1-16b359de1a70,35.7461104943229,-78.8757005835292,61,5100.45
ad6cf4f3-9148-47f3-b22a-d6f3ead3c348,35.7663693833962,-78.7484920757403,22,4649.01
3d55eee4-8654-44f4-ae2e-b905e511a090,35.792285,-78.845336,34,6481.83
ad6cf4f3-9148-47f3-b22a-d6f3ead3c348,35.7752517748248,-78.7673132365044,12,2223.22
6e52eb86-fc1f-4ee2-8ba1-46755a74842f,35.7358300296497,-78.8491084018756,45,2520.53
4d11f69f-5fbd-45ef-bd60-b93636979a14,35.8133886552126,-78.8193302981418,28,6008.2
9018b8b5-5108-4b52-bd20-e1a97d054993,35.807925,-78.814332,40,6794.16
170a315b-7e87-4fb7-a5f1-16b359de1a70,35.7446981645471,-78.871643395623,52,4658.29
556f83a6-e9e0-452c-befd-29666986fc51,35.8315894596338,-78.7708366721643,20,5398.65
556f83a6-e9e0-452c-befd-29666986fc51,35.8278840912681,-78.7708278113109,14,4868.31
170a315b-7e87-4fb7-a5f1-16b359de1a70,35.735175651981,-78.8960843425194,90,7834.75
6e52eb86-fc1f-4ee2-8ba1-46755a74842f,35.7406633856031,-78.8952191456883,103,7586.44
2e2b1f5e-8c30-4972-ac42-0dc085fa20b5,35.7159882944521,-78.8585122385187,62,9797.43
732cf6b5-6601-400b-9d7b-edd5bf32e7d1,35.786713,-78.778689,88,6241.13
2e2b1f5e-8c30-4972-ac42-0dc085fa20b5,35.732516,-78.845721,84,13717.53
170a315b-7e87-4fb7-a5f1-16b359de1a70,35.740567622349,-78.8672250476373,49,4050.32
2cd7a5bf-656e-4b76-9a1e-6f5f52469995,35.7677018658887,-78.7410872634923,19,3473.6
45432d3b-3193-4a6f-b5db-f839a623be9d,35.7472215355192,-78.8843723814697,28,2600.11
fd071892-7070-4975-9a48-6bc0e821fbf5,35.732284,-78.849915,40,10487.91
170a315b-7e87-4fb7-a5f1-16b359de1a70,35.7323477769315,-78.8609164722228,41,2960.29
45432d3b-3193-4a6f-b5db-f839a623be9d,35.714045,-78.850733,70,8866.53
005c5c51-3198-4ce1-8c26-bb7c7f39ea2f,35.7993242176123,-78.7249477534339,30,8641.79
732cf6b5-6601-400b-9d7b-edd5bf32e7d1,35.7902868227442,-78.7723250692099,43,3691.65
4d11f69f-5fbd-45ef-bd60-b93636979a14,35.814021793631,-78.8182759847029,29,6126.42
45432d3b-3193-4a6f-b5db-f839a623be9d,35.7447020992483,-78.872973666322,40,3713.62
2e2b1f5e-8c30-4972-ac42-0dc085fa20b5,35.7307088810628,-78.8515866608373,80,12940.12
45432d3b-3193-4a6f-b5db-f839a623be9d,35.7149717017658,-78.845384003651,66,8331.58
4d11f69f-5fbd-45ef-bd60-b93636979a14,35.8318204943786,-78.7697185342244,57,11681.64
170a315b-7e87-4fb7-a5f1-16b359de1a70,35.7341334477279,-78.8445516992696,20,604.38
560b17f8-9f95-4019-b51a-1e728c18a6c9,35.7834916762883,-78.813176202975,34,6086.1
3d55eee4-8654-44f4-ae2e-b905e511a090,35.7841954488482,-78.8713215476074,43,9262.52
833ae665-e798-4b8c-9e7a-a8ac2824b5d8,35.751695,-78.746263,0,0
fd071892-7070-4975-9a48-6bc0e821fbf5,35.7325734566474,-78.8502248771106,39,10445.3
2e2b1f5e-8c30-4972-ac42-0dc085fa20b5,35.7364638947966,-78.8959142301212,6,848.91
e40053ad-def2-4cbe-8fab-e0f3823d9404,35.815963,-78.774487,10,1829.89
170a315b-7e87-4fb7-a5f1-16b359de1a70,35.7351108942169,-78.8957933877698,92,7866.98
833ae665-e798-4b8c-9e7a-a8ac2824b5d8,35.789519,-78.772868,53,11186.03
45432d3b-3193-4a6f-b5db-f839a623be9d,35.7142960698636,-78.8459814275599,67,8424
732cf6b5-6601-400b-9d7b-edd5bf32e7d1,35.7901027916742,-78.7720279738091,40,3649.1
db8d744b-4628-47cb-b687-a85ba94d94c0,35.76228,-78.783306,16,3410.79
3d55eee4-8654-44f4-ae2e-b905e511a090,35.784896,-78.818582,24,3786.45
e40053ad-def2-4cbe-8fab-e0f3823d9404,35.821312,-78.771208,6,1144.81
45432d3b-3193-4a6f-b5db-f839a623be9d,35.736816,-78.890137,2,153.79
732cf6b5-6601-400b-9d7b-edd5bf32e7d1,35.7899308248207,-78.7741133513786,72,5322.02
fa703f36-39be-4426-9648-316d4048009e,35.788251638521,-78.7812393010639,1,51.47
556f83a6-e9e0-452c-befd-29666986fc51,35.793838,-78.783072,3,686.85
556f83a6-e9e0-452c-befd-29666986fc51,35.828838285601,-78.7715615708551,15,4993.26
732cf6b5-6601-400b-9d7b-edd5bf32e7d1,35.7911397800104,-78.7787968468496,67,4878.67
833ae665-e798-4b8c-9e7a-a8ac2824b5d8,35.7438736099993,-78.7403055306125,10,1311.6
b3b170dc-c162-4f32-80b2-fa0a9e39fee2,35.8029501580938,-78.7711281777142,33,8559.45
2cd7a5bf-656e-4b76-9a1e-6f5f52469995,35.7668802257621,-78.757254908964,33,5301.01
560b17f8-9f95-4019-b51a-1e728c18a6c9,35.7885769589349,-78.8672803195598,3,365.83
4d11f69f-5fbd-45ef-bd60-b93636979a14,35.7959478485998,-78.8072552185161,13,3039.91
833ae665-e798-4b8c-9e7a-a8ac2824b5d8,35.7511575587642,-78.7425314612378,2,354.25
6e52eb86-fc1f-4ee2-8ba1-46755a74842f,35.740682,-78.849079,41,1976.68
b3b170dc-c162-4f32-80b2-fa0a9e39fee2,35.8007512256053,-78.7303067342999,12,3127.3
39a6d8b3-53d9-437c-8834-40ddfa51e88f,35.7580299858439,-78.7333962591799,41,8697.5
6e52eb86-fc1f-4ee2-8ba1-46755a74842f,35.736205,-78.849074,44,2478.75
560b17f8-9f95-4019-b51a-1e728c18a6c9,35.788425,-78.828499,18,4096.25
2e2b1f5e-8c30-4972-ac42-0dc085fa20b5,35.7230592204964,-78.845181545328,72,11569.03
4d11f69f-5fbd-45ef-bd60-b93636979a14,35.801011,-78.816879,17,4094.33
a158cbe7-49b9-4b9b-9187-ad5767819f6c,35.7600825363381,-78.8284459479518,17,4886.66
833ae665-e798-4b8c-9e7a-a8ac2824b5d8,35.755277,-78.730927,20,2974.05
b3b170dc-c162-4f32-80b2-fa0a9e39fee2,35.7934241054719,-78.7393934049692,19,4827.95
fd071892-7070-4975-9a48-6bc0e821fbf5,35.78296,-78.793735,7,1504.02
fa703f36-39be-4426-9648-316d4048009e,35.734769,-78.779284,31,6203.18
833ae665-e798-4b8c-9e7a-a8ac2824b5d8,35.780349,-78.764094,41,8990.11
4d11f69f-5fbd-45ef-bd60-b93636979a14,35.831099,-78.782832,50,10313.01
b3b170dc-c162-4f32-80b2-fa0a9e39fee2,35.803103,-78.734821,15,3641.86
732cf6b5-6601-400b-9d7b-edd5bf32e7d1,35.782565,-78.778832,3,247.58
4d11f69f-5fbd-45ef-bd60-b93636979a14,35.7954311888164,-78.7922576576953,5,1383.88
a0bb8371-1cb3-4a17-8052-8e76775dc1d3,35.7667202181881,-78.8097802622706,24,7092.24
560b17f8-9f95-4019-b51a-1e728c18a6c9,35.7879408528703,-78.7832483721306,56,9236.8
cda69c6f-f4fc-421f-992a-fd15d068f3e3,35.801735,-78.767904,31,8236.38
39a6d8b3-53d9-437c-8834-40ddfa51e88f,35.753036,-78.731442,45,9375.54
fd071892-7070-4975-9a48-6bc0e821fbf5,35.7350683304642,-78.8491723019012,37,10152.17
cda69c6f-f4fc-421f-992a-fd15d068f3e3,35.7953903576716,-78.7031559582739,4,389.66
2cd7a5bf-656e-4b76-9a1e-6f5f52469995,35.766398179841,-78.7485812903145,25,4213.71
732cf6b5-6601-400b-9d7b-edd5bf32e7d1,35.7831925547701,-78.7811893156246,11,507.99
556f83a6-e9e0-452c-befd-29666986fc51,35.830585,-78.767551,23,5752.49
170a315b-7e87-4fb7-a5f1-16b359de1a70,35.7361819288839,-78.8928068514351,94,8161.77
fd071892-7070-4975-9a48-6bc0e821fbf5,35.7754989424003,-78.8061447436637,14,3126.3
2cd7a5bf-656e-4b76-9a1e-6f5f52469995,35.7658601138376,-78.7488498678695,26,4278.22
3d55eee4-8654-44f4-ae2e-b905e511a090,35.7836395969176,-78.8118899650508,21,3161.87
170a315b-7e87-4fb7-a5f1-16b359de1a70,35.7466244086434,-78.8873139907616,75,6200.25
6e52eb86-fc1f-4ee2-8ba1-46755a74842f,35.7410284516581,-78.8491945465696,40,1936.8
833ae665-e798-4b8c-9e7a-a8ac2824b5d8,35.785306,-78.764058,42,9540.94
a158cbe7-49b9-4b9b-9187-ad5767819f6c,35.782937,-78.794159,36,9728.01
833ae665-e798-4b8c-9e7a-a8ac2824b5d8,35.758002,-78.733146,22,3345.59
cda69c6f-f4fc-421f-992a-fd15d068f3e3,35.8033426989898,-78.7343926866298,14,3594.96
fa703f36-39be-4426-9648-316d4048009e,35.7749578243522,-78.7817241667398,11,1617.56
2e2b1f5e-8c30-4972-ac42-0dc085fa20b5,35.7458781150507,-78.8752088770395,28,3473.38
39a6d8b3-53d9-437c-8834-40ddfa51e88f,35.747353,-78.745744,55,11270.01
3d55eee4-8654-44f4-ae2e-b905e511a090,35.7853283682436,-78.8696895229128,47,9532.51
170a315b-7e87-4fb7-a5f1-16b359de1a70,35.7340001900956,-78.8445892223948,19,589.19
e40053ad-def2-4cbe-8fab-e0f3823d9404,35.818777,-78.771862,8,1434.21
6e52eb86-fc1f-4ee2-8ba1-46755a74842f,35.735441,-78.857171,54,3266.84
39a6d8b3-53d9-437c-8834-40ddfa51e88f,35.7862029342194,-78.7642707264466,14,2497.43
005c5c51-3198-4ce1-8c26-bb7c7f39ea2f,35.80118,-78.73125,27,8033.68
005c5c51-3198-4ce1-8c26-bb7c7f39ea2f,35.7982179362263,-78.7076969867431,33,10201.73
ad6cf4f3-9148-47f3-b22a-d6f3ead3c348,35.764963154907,-78.7483446825396,19,4483.24
ad6cf4f3-9148-47f3-b22a-d6f3ead3c348,35.7733847225601,-78.7359850494962,35,6188.88
db8d744b-4628-47cb-b687-a85ba94d94c0,35.780944,-78.78039,24,5532.9
170a315b-7e87-4fb7-a5f1-16b359de1a70,35.7338098216631,-78.8498143175711,28,1275.47
45432d3b-3193-4a6f-b5db-f839a623be9d,35.7225591743299,-78.8543026891471,82,10745.57
2e2b1f5e-8c30-4972-ac42-0dc085fa20b5,35.7353222808434,-78.8624294914263,38,5181.79
39a6d8b3-53d9-437c-8834-40ddfa51e88f,35.758765,-78.734096,40,8594.29
fd071892-7070-4975-9a48-6bc0e821fbf5,35.7763292358118,-78.8055679980259,13,3020.4
833ae665-e798-4b8c-9e7a-a8ac2824b5d8,35.787616,-78.77723,56,11661.57
a158cbe7-49b9-4b9b-9187-ad5767819f6c,35.735576,-78.843081,2,374.97
ad6cf4f3-9148-47f3-b22a-d6f3ead3c348,35.7829529020151,-78.7805477195104,4,683.56
45432d3b-3193-4a6f-b5db-f839a623be9d,35.7161381638756,-78.8581859445559,75,9836.49
fd071892-7070-4975-9a48-6bc0e821fbf5,35.762306,-78.82138,23,5349.87
2e2b1f5e-8c30-4972-ac42-0dc085fa20b5,35.7255053952638,-78.8490077167158,75,12014.13
170a315b-7e87-4fb7-a5f1-16b359de1a70,35.743772,-78.870595,51,4518.53
2e2b1f5e-8c30-4972-ac42-0dc085fa20b5,35.732186,-78.85045,81,13133.65
170a315b-7e87-4fb7-a5f1-16b359de1a70,35.7351576203729,-78.8463715708391,23,805.3
45432d3b-3193-4a6f-b5db-f839a623be9d,35.7278480352608,-78.8560451755514,53,6220.02
b3b170dc-c162-4f32-80b2-fa0a9e39fee2,35.7955465127423,-78.7045142952005,2,234.85
3d55eee4-8654-44f4-ae2e-b905e511a090,35.7836353300988,-78.8134193181906,22,3299.73
4d11f69f-5fbd-45ef-bd60-b93636979a14,35.8316489949334,-78.7688224834436,58,11764.58
39a6d8b3-53d9-437c-8834-40ddfa51e88f,35.787624,-78.775191,4,693.4
ad6cf4f3-9148-47f3-b22a-d6f3ead3c348,35.7660298846931,-78.7487084109215,21,4606.54
170a315b-7e87-4fb7-a5f1-16b359de1a70,35.7462665723561,-78.8764182132977,62,5167.45
45432d3b-3193-4a6f-b5db-f839a623be9d,35.7360064083094,-78.8938588938586,4,501.61
45432d3b-3193-4a6f-b5db-f839a623be9d,35.7469232384265,-78.8849584591984,26,2535.1
170a315b-7e87-4fb7-a5f1-16b359de1a70,35.7342400536731,-78.8446361263012,21,618.46
560b17f8-9f95-4019-b51a-1e728c18a6c9,35.7835283107658,-78.7980586141361,40,7460.39
170a315b-7e87-4fb7-a5f1-16b359de1a70,35.7336515419735,-78.8469963128499,8,234.63
fa703f36-39be-4426-9648-316d4048009e,35.757432,-78.783135,18,3589.86
2e2b1f5e-8c30-4972-ac42-0dc085fa20b5,35.736816,-78.890137,2,161.79
cda69c6f-f4fc-421f-992a-fd15d068f3e3,35.79536001307,-78.7633365172263,29,7414.82
2cd7a5bf-656e-4b76-9a1e-6f5f52469995,35.7773399940607,-78.732314522294,12,2084.92
556f83a6-e9e0-452c-befd-29666986fc51,35.8312097300976,-78.771644063214,19,5314.56
2cd7a5bf-656e-4b76-9a1e-6f5f52469995,35.786402,-78.78117,45,8577.08
2cd7a5bf-656e-4b76-9a1e-6f5f52469995,35.78629696084,-78.7178295354461,2,289.47
39a6d8b3-53d9-437c-8834-40ddfa51e88f,35.7483731213714,-78.7369578827739,48,10104.76
560b17f8-9f95-4019-b51a-1e728c18a6c9,35.7841086757885,-78.7978720359231,41,7527.04
45432d3b-3193-4a6f-b5db-f839a623be9d,35.733557,-78.861665,49,5388.26
b3b170dc-c162-4f32-80b2-fa0a9e39fee2,35.7959354888469,-78.7535865048503,24,6510.21
732cf6b5-6601-400b-9d7b-edd5bf32e7d1,35.789519,-78.772868,80,5557.77
833ae665-e798-4b8c-9e7a-a8ac2824b5d8,35.7480133653489,-78.7371896200412,17,1895.9
39a6d8b3-53d9-437c-8834-40ddfa51e88f,35.7878350246168,-78.7747155411888,5,742.25
170a315b-7e87-4fb7-a5f1-16b359de1a70,35.7317918882978,-78.8605928352685,40,2891.97
39a6d8b3-53d9-437c-8834-40ddfa51e88f,35.788188623678,-78.7818049658421,0,0
170a315b-7e87-4fb7-a5f1-16b359de1a70,35.7334624311605,-78.8471700179712,12,300.53
3d55eee4-8654-44f4-ae2e-b905e511a090,35.7872765238734,-78.7834122824833,2,220.82
732cf6b5-6601-400b-9d7b-edd5bf32e7d1,35.786801,-78.788407,18,1615.87
170a315b-7e87-4fb7-a5f1-16b359de1a70,35.737313,-78.888764,115,8776.82
a0bb8371-1cb3-4a17-8052-8e76775dc1d3,35.7872259246692,-78.7833197257602,41,10917.05
e40053ad-def2-4cbe-8fab-e0f3823d9404,35.8200324262436,-78.7713652677624,7,1287.7
fa703f36-39be-4426-9648-316d4048009e,35.761134,-78.78353,17,3176.95
560b17f8-9f95-4019-b51a-1e728c18a6c9,35.7900514179499,-78.8500269562022,9,1933.69
9018b8b5-5108-4b52-bd20-e1a97d054993,35.8213809622157,-78.808385658764,27,4601.99
560b17f8-9f95-4019-b51a-1e728c18a6c9,35.7864031006706,-78.8250542236054,20,4491.01
2e2b1f5e-8c30-4972-ac42-0dc085fa20b5,35.714045,-78.850733,58,8865.28
db8d744b-4628-47cb-b687-a85ba94d94c0,35.7451188407877,-78.7814675565461,7,1485.25
170a315b-7e87-4fb7-a5f1-16b359de1a70,35.7332716610256,-78.8461155257054,16,405.48
560b17f8-9f95-4019-b51a-1e728c18a6c9,35.7883004947082,-78.7824330940964,59,9361
4d11f69f-5fbd-45ef-bd60-b93636979a14,35.793715,-78.789655,4,1081.56
ad6cf4f3-9148-47f3-b22a-d6f3ead3c348,35.776515,-78.73236,39,6686.4
2e2b1f5e-8c30-4972-ac42-0dc085fa20b5,35.7361480583142,-78.8935240540829,4,476.31
556f83a6-e9e0-452c-befd-29666986fc51,35.8318292070178,-78.7695836573315,21,5514.63
2cd7a5bf-656e-4b76-9a1e-6f5f52469995,35.7882717721624,-78.7822528947742,47,8885.37
560b17f8-9f95-4019-b51a-1e728c18a6c9,35.7883844109029,-78.7827188108697,58,9333.61
560b17f8-9f95-4019-b51a-1e728c18a6c9,35.7836362859764,-78.814482250466,33,5967.28
560b17f8-9f95-4019-b51a-1e728c18a6c9,35.785524,-78.826284,25,4771.86
6e52eb86-fc1f-4ee2-8ba1-46755a74842f,35.7374950478685,-78.8886642183699,118,8990.73
170a315b-7e87-4fb7-a5f1-16b359de1a70,35.7376654868855,-78.8891799235718,110,8711.1
6e52eb86-fc1f-4ee2-8ba1-46755a74842f,35.738837,-78.865363,62,4178.19
9018b8b5-5108-4b52-bd20-e1a97d054993,35.795753,-78.807078,50,8996.47
833ae665-e798-4b8c-9e7a-a8ac2824b5d8,35.7516301415152,-78.743300353619,1,267.27
9018b8b5-5108-4b52-bd20-e1a97d054993,35.78841547743,-78.7832411544924,63,11923.48
a158cbe7-49b9-4b9b-9187-ad5767819f6c,35.741476,-78.846851,8,1264.63
3d55eee4-8654-44f4-ae2e-b905e511a090,35.783672928575,-78.8138447640523,23,3338.31
170a315b-7e87-4fb7-a5f1-16b359de1a70,35.7445915470816,-78.8893686464459,78,6498.97
170a315b-7e87-4fb7-a5f1-16b359de1a70,35.745897314076,-78.8883364959218,77,6326.58
a0bb8371-1cb3-4a17-8052-8e76775dc1d3,35.786388339591,-78.790103346607,39,10298.5
2e2b1f5e-8c30-4972-ac42-0dc085fa20b5,35.740624039308,-78.8952154702894,8,1315.47
560b17f8-9f95-4019-b51a-1e728c18a6c9,35.7883764188882,-78.7832557613575,57,9285.2
45432d3b-3193-4a6f-b5db-f839a623be9d,35.717794,-78.856513,78,10078.61
45432d3b-3193-4a6f-b5db-f839a623be9d,35.740806,-78.867814,44,4399.15
6e52eb86-fc1f-4ee2-8ba1-46755a74842f,35.7368623877248,-78.8888380533152,114,8911.07
b3b170dc-c162-4f32-80b2-fa0a9e39fee2,35.7967880310243,-78.7075886763287,7,905.64
560b17f8-9f95-4019-b51a-1e728c18a6c9,35.782937,-78.794159,47,7963.69
2cd7a5bf-656e-4b76-9a1e-6f5f52469995,35.7863991703416,-78.7206632885901,4,561.31
fa703f36-39be-4426-9648-316d4048009e,35.776018,-78.781832,10,1499.35
2e2b1f5e-8c30-4972-ac42-0dc085fa20b5,35.7149246339264,-78.8454204541286,54,8336.12
a0bb8371-1cb3-4a17-8052-8e76775dc1d3,35.7413617354731,-78.8458750191108,7,1175.69
2e2b1f5e-8c30-4972-ac42-0dc085fa20b5,35.7468748658196,-78.8850776614482,19,2527.62
732cf6b5-6601-400b-9d7b-edd5bf32e7d1,35.790593540247,-78.7764357892099,49,4077.84
005c5c51-3198-4ce1-8c26-bb7c7f39ea2f,35.7935761445796,-78.7393392388951,22,6463.12
556f83a6-e9e0-452c-befd-29666986fc51,35.8274122164532,-78.7701104072148,13,4785.08
833ae665-e798-4b8c-9e7a-a8ac2824b5d8,35.7920535798047,-78.7638845527722,46,10295.22
2e2b1f5e-8c30-4972-ac42-0dc085fa20b5,35.725827,-78.8501,76,12118.94
db8d744b-4628-47cb-b687-a85ba94d94c0,35.739795189203,-78.7800567321732,4,872.49
45432d3b-3193-4a6f-b5db-f839a623be9d,35.7470885112781,-78.8848144231464,27,2557.59
2cd7a5bf-656e-4b76-9a1e-6f5f52469995,35.767446,-78.74644,23,3971.16
e40053ad-def2-4cbe-8fab-e0f3823d9404,35.8287570118566,-78.7696246946454,3,302.62
6e52eb86-fc1f-4ee2-8ba1-46755a74842f,35.7378552906094,-78.8890280962995,121,9044.47
cda69c6f-f4fc-421f-992a-fd15d068f3e3,35.7964347949994,-78.75850408858,27,6962.66
170a315b-7e87-4fb7-a5f1-16b359de1a70,35.7350586302834,-78.8493124457725,27,1129.51
2e2b1f5e-8c30-4972-ac42-0dc085fa20b5,35.7446922956168,-78.8733190218819,31,3690.84
45432d3b-3193-4a6f-b5db-f839a623be9d,35.7172699622752,-78.8567706188668,77,10015.91
2e2b1f5e-8c30-4972-ac42-0dc085fa20b5,35.733557,-78.861665,39,5389.72
9018b8b5-5108-4b52-bd20-e1a97d054993,35.7921114765943,-78.7866989268165,61,11256.36
170a315b-7e87-4fb7-a5f1-16b359de1a70,35.7309313955011,-78.859983084485,39,2781.66
ad6cf4f3-9148-47f3-b22a-d6f3ead3c348,35.7851090068029,-78.7215428931714,48,8132.66
db8d744b-4628-47cb-b687-a85ba94d94c0,35.7372026282776,-78.7847767496568,2,357.74
170a315b-7e87-4fb7-a5f1-16b359de1a70,35.7359114639422,-78.8626050128542,44,3384.58
2e2b1f5e-8c30-4972-ac42-0dc085fa20b5,35.747507576185,-78.8804646351445,24,2959.18
45432d3b-3193-4a6f-b5db-f839a623be9d,35.7471691320569,-78.8790927151508,33,3085.33
170a315b-7e87-4fb7-a5f1-16b359de1a70,35.7350766106734,-78.8959951789671,91,7848.38
cda69c6f-f4fc-421f-992a-fd15d068f3e3,35.79566,-78.783209,38,10403.93
833ae665-e798-4b8c-9e7a-a8ac2824b5d8,35.7501747705468,-78.7422307969834,5,482.08
2cd7a5bf-656e-4b76-9a1e-6f5f52469995,35.765469,-78.748753,27,4322.55
2e2b1f5e-8c30-4972-ac42-0dc085fa20b5,35.736155,-78.863075,37,5072.46
732cf6b5-6601-400b-9d7b-edd5bf32e7d1,35.7901597537176,-78.778893578435,58,4326.79
170a315b-7e87-4fb7-a5f1-16b359de1a70,35.7332252945232,-78.8453458269551,18,479.32
45432d3b-3193-4a6f-b5db-f839a623be9d,35.7139438150617,-78.8467353196352,68,8502.48
cda69c6f-f4fc-421f-992a-fd15d068f3e3,35.7914845386769,-78.7811405457233,41,11032.8
2e2b1f5e-8c30-4972-ac42-0dc085fa20b5,35.7143751878289,-78.845949678017,55,8413.63
fa703f36-39be-4426-9648-316d4048009e,35.7791065351143,-78.7815601680552,7,1153.4
4d11f69f-5fbd-45ef-bd60-b93636979a14,35.81307,-78.818871,27,5953.73
833ae665-e798-4b8c-9e7a-a8ac2824b5d8,35.766408,-78.756256,37,7138.34
833ae665-e798-4b8c-9e7a-a8ac2824b5d8,35.7876944258371,-78.7753204899938,55,11489.23
e40053ad-def2-4cbe-8fab-e0f3823d9404,35.8276171640245,-78.7701357050381,4,437.39
39a6d8b3-53d9-437c-8834-40ddfa51e88f,35.7465830055752,-78.7457662758621,53,11177.26
170a315b-7e87-4fb7-a5f1-16b359de1a70,35.745855,-78.874754,60,5010.48
005c5c51-3198-4ce1-8c26-bb7c7f39ea2f,35.798617,-78.716142,32,9439.31
4d11f69f-5fbd-45ef-bd60-b93636979a14,35.816556,-78.811613,32,6802.15
db8d744b-4628-47cb-b687-a85ba94d94c0,35.77493,-78.78155,21,4837.34
3d55eee4-8654-44f4-ae2e-b905e511a090,35.7882717721624,-78.7822528947742,0,0
3d55eee4-8654-44f4-ae2e-b905e511a090,35.784228,-78.79619,12,1682.59
39a6d8b3-53d9-437c-8834-40ddfa51e88f,35.7562381584605,-78.7441144050621,30,7127.81
39a6d8b3-53d9-437c-8834-40ddfa51e88f,35.7460476991201,-78.7456997256715,52,11117.47
39a6d8b3-53d9-437c-8834-40ddfa51e88f,35.7662479580344,-78.75647729137,21,5007.84
4d11f69f-5fbd-45ef-bd60-b93636979a14,35.815293,-78.814488,31,6507.52
3d55eee4-8654-44f4-ae2e-b905e511a090,35.785621,-78.820947,25,4014.35
a158cbe7-49b9-4b9b-9187-ad5767819f6c,35.7629122356073,-78.8273600565294,19,5250.26
170a315b-7e87-4fb7-a5f1-16b359de1a70,35.7427216350521,-78.8912680080841,81,6773.26
ad6cf4f3-9148-47f3-b22a-d6f3ead3c348,35.784033,-78.721804,47,8010.8
fd071892-7070-4975-9a48-6bc0e821fbf5,35.7597840285173,-78.8293873566024,25,6124.54
6e52eb86-fc1f-4ee2-8ba1-46755a74842f,35.741245967123,-78.8456448175901,34,1593.12
a0bb8371-1cb3-4a17-8052-8e76775dc1d3,35.7629122356073,-78.8273600565294,19,5250.26
560b17f8-9f95-4019-b51a-1e728c18a6c9,35.7860271280212,-78.8257327978708,27,4863.58
3d55eee4-8654-44f4-ae2e-b905e511a090,35.786801,-78.788407,3,674.13
2e2b1f5e-8c30-4972-ac42-0dc085fa20b5,35.720795,-78.843994,48,7611.26
3d55eee4-8654-44f4-ae2e-b905e511a090,35.784264560986,-78.797693115965,13,1818.15
9018b8b5-5108-4b52-bd20-e1a97d054993,35.8279675964084,-78.7708143191007,4,471.78
a0bb8371-1cb3-4a17-8052-8e76775dc1d3,35.7704696521032,-78.8076187560006,26,7582.48
45432d3b-3193-4a6f-b5db-f839a623be9d,35.7241470242674,-78.8467922171514,57,7153.1
fd071892-7070-4975-9a48-6bc0e821fbf5,35.7566498670965,-78.8347397050106,27,6723.47
4d11f69f-5fbd-45ef-bd60-b93636979a14,35.830779,-78.776721,52,10872.49
2cd7a5bf-656e-4b76-9a1e-6f5f52469995,35.7771375243892,-78.7325759694714,13,2117.5
cda69c6f-f4fc-421f-992a-fd15d068f3e3,35.7882717721624,-78.7822528947742,43,11485.87
e40053ad-def2-4cbe-8fab-e0f3823d9404,35.813866,-78.77686,11,2146.15
2cd7a5bf-656e-4b76-9a1e-6f5f52469995,35.782565,-78.778832,40,7963.19
6e52eb86-fc1f-4ee2-8ba1-46755a74842f,35.7333977352529,-78.8470065307982,8,206.01
2cd7a5bf-656e-4b76-9a1e-6f5f52469995,35.7836248447671,-78.7236881985478,8,1030
fd071892-7070-4975-9a48-6bc0e821fbf5,35.7648413339163,-78.815253455356,21,4728.33
3d55eee4-8654-44f4-ae2e-b905e511a090,35.7835341118412,-78.7981044254628,15,1912.48
560b17f8-9f95-4019-b51a-1e728c18a6c9,35.786723,-78.787606,53,8768.08
4d11f69f-5fbd-45ef-bd60-b93636979a14,35.796057,-78.801438,10,2491.29
39a6d8b3-53d9-437c-8834-40ddfa51e88f,35.781009,-78.764325,16,3074.61
556f83a6-e9e0-452c-befd-29666986fc51,35.806475,-78.782774,6,2091.42
45432d3b-3193-4a6f-b5db-f839a623be9d,35.746544318886,-78.8871388670196,22,2332.42
6e52eb86-fc1f-4ee2-8ba1-46755a74842f,35.7378900528493,-78.8891271327844,122,9054.2
a158cbe7-49b9-4b9b-9187-ad5767819f6c,35.773735,-78.806548,28,7957.95
2cd7a5bf-656e-4b76-9a1e-6f5f52469995,35.7768656357335,-78.7324904049406,14,2148.68
39a6d8b3-53d9-437c-8834-40ddfa51e88f,35.789255,-78.772862,6,972.06
560b17f8-9f95-4019-b51a-1e728c18a6c9,35.7854024310733,-78.8253525110671,21,4605.41
005c5c51-3198-4ce1-8c26-bb7c7f39ea2f,35.801782,-78.782801,5,1569.45
732cf6b5-6601-400b-9d7b-edd5bf32e7d1,35.7905278151675,-78.7766248499195,50,4096.38
833ae665-e798-4b8c-9e7a-a8ac2824b5d8,35.790238,-78.763636,45,10092.23
ad6cf4f3-9148-47f3-b22a-d6f3ead3c348,35.7702465101298,-78.7398267819443,31,5691.38
732cf6b5-6601-400b-9d7b-edd5bf32e7d1,35.7876928216665,-78.7753986561752,84,5867.95
2e2b1f5e-8c30-4972-ac42-0dc085fa20b5,35.7248509362251,-78.8475512771339,74,11863.96
560b17f8-9f95-4019-b51a-1e728c18a6c9,35.7865573453391,-78.789493842282,52,8596.92
45432d3b-3193-4a6f-b5db-f839a623be9d,35.743802,-78.871002,43,3959.26
3d55eee4-8654-44f4-ae2e-b905e511a090,35.7909541648947,-78.8340890943647,31,5403.17
6e52eb86-fc1f-4ee2-8ba1-46755a74842f,35.737657305821,-78.8889985028492,127,9107.38
833ae665-e798-4b8c-9e7a-a8ac2824b5d8,35.7559199072059,-78.7413703980851,29,5217.28
6e52eb86-fc1f-4ee2-8ba1-46755a74842f,35.7333931477482,-78.8471141605919,14,312.18
a158cbe7-49b9-4b9b-9187-ad5767819f6c,35.788188623678,-78.7818049658421,43,11179.38
6e52eb86-fc1f-4ee2-8ba1-46755a74842f,35.7475916863478,-78.880326132655,83,5934.83
fa703f36-39be-4426-9648-316d4048009e,35.7786871423981,-78.781690891644,8,1201.47
2cd7a5bf-656e-4b76-9a1e-6f5f52469995,35.783152067344,-78.781145168361,43,8215.86
39a6d8b3-53d9-437c-8834-40ddfa51e88f,35.791127,-78.768611,8,1424.15
4d11f69f-5fbd-45ef-bd60-b93636979a14,35.8307510254948,-78.7719764871204,55,11438.21
fa703f36-39be-4426-9648-316d4048009e,35.7347119115997,-78.7809540859662,33,6363.16
fa703f36-39be-4426-9648-316d4048009e,35.7405198978651,-78.7800318904669,26,5508.1
45432d3b-3193-4a6f-b5db-f839a623be9d,35.738028,-78.895671,10,1019.48
005c5c51-3198-4ce1-8c26-bb7c7f39ea2f,35.7960877263918,-78.7549255543236,16,4624.85
6e52eb86-fc1f-4ee2-8ba1-46755a74842f,35.7465348187475,-78.8876287122167,93,6612.32
005c5c51-3198-4ce1-8c26-bb7c7f39ea2f,35.7951623831576,-78.7633845267863,12,3844.47
db8d744b-4628-47cb-b687-a85ba94d94c0,35.7586567566663,-78.7830495217436,15,3007.51
732cf6b5-6601-400b-9d7b-edd5bf32e7d1,35.789255,-78.772862,38,3528.55
6e52eb86-fc1f-4ee2-8ba1-46755a74842f,35.7361819288839,-78.8928068514351,110,8544.65
732cf6b5-6601-400b-9d7b-edd5bf32e7d1,35.7826228825653,-78.7785532691588,1,218.09
ad6cf4f3-9148-47f3-b22a-d6f3ead3c348,35.777897,-78.77147,9,1740.6
fd071892-7070-4975-9a48-6bc0e821fbf5,35.750203177345,-78.8510005981326,30,8406.84
732cf6b5-6601-400b-9d7b-edd5bf32e7d1,35.782552768781,-78.7786072865044,2,227.28
9018b8b5-5108-4b52-bd20-e1a97d054993,35.831406,-78.778165,7,1254.12
39a6d8b3-53d9-437c-8834-40ddfa51e88f,35.7602123346524,-78.7416936418773,33,7712.77
a0bb8371-1cb3-4a17-8052-8e76775dc1d3,35.741195109557,-78.849137953125,10,1477.38
732cf6b5-6601-400b-9d7b-edd5bf32e7d1,35.789985462839,-78.7737342917287,46,3823.78
b3b170dc-c162-4f32-80b2-fa0a9e39fee2,35.7960323265545,-78.7050787834245,1,160.67
170a315b-7e87-4fb7-a5f1-16b359de1a70,35.7277530024448,-78.8556838422254,34,2251.84
6e52eb86-fc1f-4ee2-8ba1-46755a74842f,35.7396982454027,-78.8487686431837,42,2089.52
45432d3b-3193-4a6f-b5db-f839a623be9d,35.7357564485847,-78.8944996059521,5,565.73
6e52eb86-fc1f-4ee2-8ba1-46755a74842f,35.7334071310473,-78.8459618338631,4,105.26
6e52eb86-fc1f-4ee2-8ba1-46755a74842f,35.733225,-78.845346,1,44.35
a0bb8371-1cb3-4a17-8052-8e76775dc1d3,35.7414646090473,-78.8484064820799,9,1404.93
45432d3b-3193-4a6f-b5db-f839a623be9d,35.7192794422735,-78.8559171561393,79,10252.21
39a6d8b3-53d9-437c-8834-40ddfa51e88f,35.7595806843909,-78.7412943407336,32,7633.88
3d55eee4-8654-44f4-ae2e-b905e511a090,35.7840177884112,-78.7980162380944,14,1858.15
6e52eb86-fc1f-4ee2-8ba1-46755a74842f,35.7451302756165,-78.8738768343279,73,5279.4
170a315b-7e87-4fb7-a5f1-16b359de1a70,35.7287562715532,-78.8531166927532,31,1913.59
9018b8b5-5108-4b52-bd20-e1a97d054993,35.8291230541382,-78.7719288738401,5,634.78
732cf6b5-6601-400b-9d7b-edd5bf32e7d1,35.787624,-78.775191,35,3247.9
170a315b-7e87-4fb7-a5f1-16b359de1a70,35.7301977518832,-78.859300846148,38,2679.52
fd071892-7070-4975-9a48-6bc0e821fbf5,35.785711,-78.791278,6,1126.53
db8d744b-4628-47cb-b687-a85ba94d94c0,35.7360854221503,-78.7844343057928,1,229.81
732cf6b5-6601-400b-9d7b-edd5bf32e7d1,35.7829296296444,-78.780395260644,7,423.83
a0bb8371-1cb3-4a17-8052-8e76775dc1d3,35.7833418899568,-78.7952556002735,35,9619.4
a0bb8371-1cb3-4a17-8052-8e76775dc1d3,35.775223,-78.806116,29,8127.82
6e52eb86-fc1f-4ee2-8ba1-46755a74842f,35.7332182120124,-78.8464854814309,17,373.34
4d11f69f-5fbd-45ef-bd60-b93636979a14,35.798444,-78.796758,8,1955.45
45432d3b-3193-4a6f-b5db-f839a623be9d,35.7405821452515,-78.8952297197323,12,1309.49
4d11f69f-5fbd-45ef-bd60-b93636979a14,35.7987315845385,-78.7961460902634,7,1891.71
560b17f8-9f95-4019-b51a-1e728c18a6c9,35.7876831044856,-78.7832804107037,55,9208.01
005c5c51-3198-4ce1-8c26-bb7c7f39ea2f,35.7954852786855,-78.752843484074,17,4824.09
a158cbe7-49b9-4b9b-9187-ad5767819f6c,35.7336254886729,-78.845023664514,1,96.26
170a315b-7e87-4fb7-a5f1-16b359de1a70,35.7281046781284,-78.8564510854816,35,2331.32
4d11f69f-5fbd-45ef-bd60-b93636979a14,35.807692,-78.813073,23,5121.63
6e52eb86-fc1f-4ee2-8ba1-46755a74842f,35.7399598205066,-78.8433455731479,30,1340.12
6e52eb86-fc1f-4ee2-8ba1-46755a74842f,35.7378031472211,-78.8892823791661,124,9072.47
45432d3b-3193-4a6f-b5db-f839a623be9d,35.7302383004208,-78.8594803630282,51,5809.26
ad6cf4f3-9148-47f3-b22a-d6f3ead3c348,35.766363487623,-78.7567692254048,16,3605.79
a0bb8371-1cb3-4a17-8052-8e76775dc1d3,35.7377777596,-78.8421514734446,3,633.6
2cd7a5bf-656e-4b76-9a1e-6f5f52469995,35.7678002200343,-78.7438253284777,21,3721.55
39a6d8b3-53d9-437c-8834-40ddfa51e88f,35.7518336405656,-78.7321234867832,46,9522.6
4d11f69f-5fbd-45ef-bd60-b93636979a14,35.8251394498422,-78.8067465849271,38,7890.8
ad6cf4f3-9148-47f3-b22a-d6f3ead3c348,35.767659,-78.741768,28,5313.28
732cf6b5-6601-400b-9d7b-edd5bf32e7d1,35.7910711408589,-78.77840202059,68,4915.07
ad6cf4f3-9148-47f3-b22a-d6f3ead3c348,35.7830724728644,-78.7812109889122,3,622.31
833ae665-e798-4b8c-9e7a-a8ac2824b5d8,35.7439282593784,-78.7406960983302,9,1275.86
170a315b-7e87-4fb7-a5f1-16b359de1a70,35.7467386113751,-78.8861132507568,74,6091.22
9018b8b5-5108-4b52-bd20-e1a97d054993,35.8292462781595,-78.78829917191,10,2223.27
6e52eb86-fc1f-4ee2-8ba1-46755a74842f,35.7462427870682,-78.8764126902056,77,5548.31
cda69c6f-f4fc-421f-992a-fd15d068f3e3,35.803103,-78.734821,15,3641.86
6e52eb86-fc1f-4ee2-8ba1-46755a74842f,35.7456170012893,-78.888557383761,95,6745.66
45432d3b-3193-4a6f-b5db-f839a623be9d,35.7463105165675,-78.8877795791128,20,2268.12
6e52eb86-fc1f-4ee2-8ba1-46755a74842f,35.7468,-78.878228,79,5723.44
a0bb8371-1cb3-4a17-8052-8e76775dc1d3,35.763771,-78.823277,20,5630.58
45432d3b-3193-4a6f-b5db-f839a623be9d,35.725827,-78.8501,92,12081.69
39a6d8b3-53d9-437c-8834-40ddfa51e88f,35.791744,-78.765733,9,1692.47
39a6d8b3-53d9-437c-8834-40ddfa51e88f,35.7631911489737,-78.7466516310809,24,5956.71
6e52eb86-fc1f-4ee2-8ba1-46755a74842f,35.7336366121888,-78.8469860949016,10,233.94
833ae665-e798-4b8c-9e7a-a8ac2824b5d8,35.7448436579439,-78.7384568666995,12,1510.3
6e52eb86-fc1f-4ee2-8ba1-46755a74842f,35.7466710998314,-78.886724028498,91,6529.13
2e2b1f5e-8c30-4972-ac42-0dc085fa20b5,35.7470764181542,-78.8848640907505,21,2558.72
4d11f69f-5fbd-45ef-bd60-b93636979a14,35.8269393597071,-78.8037637103118,41,8249.66
005c5c51-3198-4ce1-8c26-bb7c7f39ea2f,35.799643,-78.726769,29,8473.87
a0bb8371-1cb3-4a17-8052-8e76775dc1d3,35.735576,-78.843081,2,374.97
2cd7a5bf-656e-4b76-9a1e-6f5f52469995,35.775752,-78.768265,37,6720.16
560b17f8-9f95-4019-b51a-1e728c18a6c9,35.789660491803,-78.8521318324178,8,1739.05
3d55eee4-8654-44f4-ae2e-b905e511a090,35.786646,-78.869821,49,9695.6
39a6d8b3-53d9-437c-8834-40ddfa51e88f,35.790265,-78.76389,11,2041.82
cda69c6f-f4fc-421f-992a-fd15d068f3e3,35.8007512256053,-78.7303067342999,12,3127.3
db8d744b-4628-47cb-b687-a85ba94d94c0,35.783635,-78.781178,27,5884.34
2cd7a5bf-656e-4b76-9a1e-6f5f52469995,35.7641321066461,-78.7488736357945,29,4484.66
556f83a6-e9e0-452c-befd-29666986fc51,35.8294385532987,-78.7724992155052,16,5100.89
db8d744b-4628-47cb-b687-a85ba94d94c0,35.7650757662141,-78.7832752005799,18,3721.88
b3b170dc-c162-4f32-80b2-fa0a9e39fee2,35.8024499290528,-78.769258830395,32,8382.05
560b17f8-9f95-4019-b51a-1e728c18a6c9,35.792808,-78.838879,14,3002.92
9018b8b5-5108-4b52-bd20-e1a97d054993,35.7956025907648,-78.8010427617227,54,9580.47
cda69c6f-f4fc-421f-992a-fd15d068f3e3,35.801415,-78.731249,13,3239.78
45432d3b-3193-4a6f-b5db-f839a623be9d,35.7235811759195,-78.8460525494547,58,7244.78
2e2b1f5e-8c30-4972-ac42-0dc085fa20b5,35.737313,-78.888764,0,0
6e52eb86-fc1f-4ee2-8ba1-46755a74842f,35.736275,-78.896151,106,8092.28
170a315b-7e87-4fb7-a5f1-16b359de1a70,35.7356906418167,-78.8489137625678,25,1043.17
45432d3b-3193-4a6f-b5db-f839a623be9d,35.736155,-78.863075,47,5071
b3b170dc-c162-4f32-80b2-fa0a9e39fee2,35.79607473873,-78.7065191196935,6,780.84
6e52eb86-fc1f-4ee2-8ba1-46755a74842f,35.7333845429254,-78.8458657053241,20,433.42
db8d744b-4628-47cb-b687-a85ba94d94c0,35.7831091706977,-78.7811241991568,26,5825.71
a158cbe7-49b9-4b9b-9187-ad5767819f6c,35.7503445997844,-78.8462552523848,14,2941.39
2e2b1f5e-8c30-4972-ac42-0dc085fa20b5,35.7272756533191,-78.853960415957,77,12502.59
a0bb8371-1cb3-4a17-8052-8e76775dc1d3,35.7600825363381,-78.8284459479518,17,4886.66
732cf6b5-6601-400b-9d7b-edd5bf32e7d1,35.7899056150549,-78.7737241184608,74,5357.6
ad6cf4f3-9148-47f3-b22a-d6f3ead3c348,35.782435,-78.778745,6,885.12
2e2b1f5e-8c30-4972-ac42-0dc085fa20b5,35.7447415638827,-78.8727553509327,32,3741.97
4d11f69f-5fbd-45ef-bd60-b93636979a14,35.804451,-78.813411,21,4687.72
45432d3b-3193-4a6f-b5db-f839a623be9d,35.7468950210761,-78.8850975284899,25,2522.17
732cf6b5-6601-400b-9d7b-edd5bf32e7d1,35.783635,-78.781178,12,557.17
9018b8b5-5108-4b52-bd20-e1a97d054993,35.816719,-78.811804,31,5219.06
556f83a6-e9e0-452c-befd-29666986fc51,35.7882717721624,-78.7822528947742,0,0
a0bb8371-1cb3-4a17-8052-8e76775dc1d3,35.732839,-78.845471,0,0
732cf6b5-6601-400b-9d7b-edd5bf32e7d1,35.7831355877334,-78.7806869543103,9,459.88
560b17f8-9f95-4019-b51a-1e728c18a6c9,35.783638214103,-78.8060184922937,37,6738.67
45432d3b-3193-4a6f-b5db-f839a623be9d,35.7468909900252,-78.8853210327084,24,2502.01
fd071892-7070-4975-9a48-6bc0e821fbf5,35.7590128933795,-78.8312970895348,26,6316.88
6e52eb86-fc1f-4ee2-8ba1-46755a74842f,35.7365343142473,-78.8912283122612,111,8692.32
833ae665-e798-4b8c-9e7a-a8ac2824b5d8,35.7882717721624,-78.7822528947742,59,12211.21
2cd7a5bf-656e-4b76-9a1e-6f5f52469995,35.78146,-78.727406,9,1442.54
9018b8b5-5108-4b52-bd20-e1a97d054993,35.8315374957354,-78.7806690975676,8,1480.19
2e2b1f5e-8c30-4972-ac42-0dc085fa20b5,35.7369250983563,-78.8888329752854,1,43.55
4d11f69f-5fbd-45ef-bd60-b93636979a14,35.8312751633975,-78.7681474743672,59,11838.23
39a6d8b3-53d9-437c-8834-40ddfa51e88f,35.7767,-78.764309,17,3553.43
732cf6b5-6601-400b-9d7b-edd5bf32e7d1,35.7873530792171,-78.7786699109928,87,6169.98
560b17f8-9f95-4019-b51a-1e728c18a6c9,35.783346,-78.798719,39,7397.51
4d11f69f-5fbd-45ef-bd60-b93636979a14,35.8291439046088,-78.787884359471,48,9807.87
2e2b1f5e-8c30-4972-ac42-0dc085fa20b5,35.7195066344444,-78.8558849010399,66,10271.04
9018b8b5-5108-4b52-bd20-e1a97d054993,35.81525,-78.815071,32,5555.67
b3b170dc-c162-4f32-80b2-fa0a9e39fee2,35.791516,-78.739925,20,5045.33
a158cbe7-49b9-4b9b-9187-ad5767819f6c,35.7681433006494,-78.8079236277249,25,7322.52
6e52eb86-fc1f-4ee2-8ba1-46755a74842f,35.7350223968118,-78.8958702438193,108,8239.12
cda69c6f-f4fc-421f-992a-fd15d068f3e3,35.7960323265545,-78.7050787834245,1,160.67
9018b8b5-5108-4b52-bd20-e1a97d054993,35.809689,-78.816438,38,6511.58
ad6cf4f3-9148-47f3-b22a-d6f3ead3c348,35.7677273637179,-78.7408490251077,29,5396.48
b3b170dc-c162-4f32-80b2-fa0a9e39fee2,35.8004142824275,-78.7666312862613,30,8050.12
170a315b-7e87-4fb7-a5f1-16b359de1a70,35.7272530271131,-78.854269400576,33,2112.68
9018b8b5-5108-4b52-bd20-e1a97d054993,35.8290837652814,-78.7925084883272,12,2603.65
a158cbe7-49b9-4b9b-9187-ad5767819f6c,35.7548537211234,-78.8371125261814,15,3906.18
833ae665-e798-4b8c-9e7a-a8ac2824b5d8,35.7507534500634,-78.7423436946284,3,402.24
a0bb8371-1cb3-4a17-8052-8e76775dc1d3,35.7614807205603,-78.828795351501,18,5045.19
fd071892-7070-4975-9a48-6bc0e821fbf5,35.7613598264074,-78.8241476609795,24,5620.67
3d55eee4-8654-44f4-ae2e-b905e511a090,35.7828448024155,-78.7935421722154,7,1348.01
732cf6b5-6601-400b-9d7b-edd5bf32e7d1,35.7900765014866,-78.7811028878703,63,4531.42
560b17f8-9f95-4019-b51a-1e728c18a6c9,35.784326,-78.792219,49,8235
9018b8b5-5108-4b52-bd20-e1a97d054993,35.829036,-78.791202,11,2485.83
ad6cf4f3-9148-47f3-b22a-d6f3ead3c348,35.788188623678,-78.7818049658421,0,0
45432d3b-3193-4a6f-b5db-f839a623be9d,35.7433153675004,-78.8901338235487,17,1873.14
170a315b-7e87-4fb7-a5f1-16b359de1a70,35.7334900016722,-78.8614417959748,42,3095.77
39a6d8b3-53d9-437c-8834-40ddfa51e88f,35.756205,-78.743975,29,7114.71
556f83a6-e9e0-452c-befd-29666986fc51,35.8083436229935,-78.7822434807072,7,2304.49
9018b8b5-5108-4b52-bd20-e1a97d054993,35.8218078477693,-78.8078347173327,26,4533.33
db8d744b-4628-47cb-b687-a85ba94d94c0,35.769125,-78.781771,19,4191.83
3d55eee4-8654-44f4-ae2e-b905e511a090,35.7844808091865,-78.8698764577538,45,9428.74
732cf6b5-6601-400b-9d7b-edd5bf32e7d1,35.7902473875508,-78.7793095119961,59,4365.52
45432d3b-3193-4a6f-b5db-f839a623be9d,35.724314468416,-78.8467851049621,89,11737.26
2e2b1f5e-8c30-4972-ac42-0dc085fa20b5,35.7236345543644,-78.8459835258712,46,7247.17
cda69c6f-f4fc-421f-992a-fd15d068f3e3,35.7967880310243,-78.7075886763287,7,905.64
6e52eb86-fc1f-4ee2-8ba1-46755a74842f,35.7372205331102,-78.8489439489205,43,2365.3
9018b8b5-5108-4b52-bd20-e1a97d054993,35.8268942736179,-78.8011980504754,19,3518.76
3d55eee4-8654-44f4-ae2e-b905e511a090,35.78837802638,-78.7833346731502,1,98.22
170a315b-7e87-4fb7-a5f1-16b359de1a70,35.7332351658173,-78.8466775128627,14,353.79
005c5c51-3198-4ce1-8c26-bb7c7f39ea2f,35.793838,-78.783072,3,686.37
170a315b-7e87-4fb7-a5f1-16b359de1a70,35.7473219083204,-78.8843458069043,69,5916.45
45432d3b-3193-4a6f-b5db-f839a623be9d,35.7230384196461,-78.8455404718184,86,11538.66
cda69c6f-f4fc-421f-992a-fd15d068f3e3,35.803114,-78.779944,35,9354.52
2e2b1f5e-8c30-4972-ac42-0dc085fa20b5,35.7185804672655,-78.8435985358239,50,7890.19
45432d3b-3193-4a6f-b5db-f839a623be9d,35.7363047463079,-78.8927562730474,3,396.78
b3b170dc-c162-4f32-80b2-fa0a9e39fee2,35.7883966187523,-78.7832123557874,40,11211.05
e40053ad-def2-4cbe-8fab-e0f3823d9404,35.793708,-78.783234,18,4574.98
170a315b-7e87-4fb7-a5f1-16b359de1a70,35.7294121841951,-78.8584211844009,37,2561.55
39a6d8b3-53d9-437c-8834-40ddfa51e88f,35.7919319733501,-78.7639272799275,10,1856.56
833ae665-e798-4b8c-9e7a-a8ac2824b5d8,35.79163,-78.76719,48,10598.01
2cd7a5bf-656e-4b76-9a1e-6f5f52469995,35.7745131819284,-78.766874577665,35,6514.2
b3b170dc-c162-4f32-80b2-fa0a9e39fee2,35.7957421881071,-78.7032676675224,3,349.29
cda69c6f-f4fc-421f-992a-fd15d068f3e3,35.793708,-78.783234,39,10620.85
005c5c51-3198-4ce1-8c26-bb7c7f39ea2f,35.8006254360591,-78.7301220273113,28,8152.56
170a315b-7e87-4fb7-a5f1-16b359de1a70,35.7333977352529,-78.8470126615672,7,206.39
a0bb8371-1cb3-4a17-8052-8e76775dc1d3,35.7400215864977,-78.8434189176916,6,908.77
4d11f69f-5fbd-45ef-bd60-b93636979a14,35.830504,-78.784717,49,10130.77
732cf6b5-6601-400b-9d7b-edd5bf32e7d1,35.7899669589445,-78.7731623380668,75,5408.69
4d11f69f-5fbd-45ef-bd60-b93636979a14,35.8038993194002,-78.8143715371239,20,4581.65
ad6cf4f3-9148-47f3-b22a-d6f3ead3c348,35.7837455089593,-78.723185304098,45,7865.37
fa703f36-39be-4426-9648-316d4048009e,35.7420429651503,-78.7806985807691,24,5328.47
a0bb8371-1cb3-4a17-8052-8e76775dc1d3,35.7387398046506,-78.842802323193,5,755.87
39a6d8b3-53d9-437c-8834-40ddfa51e88f,35.7842028608443,-78.7643142798134,15,2719.71
6e52eb86-fc1f-4ee2-8ba1-46755a74842f,35.7447742686673,-78.8892221892206,96,6856.85
ad6cf4f3-9148-47f3-b22a-d6f3ead3c348,35.7671853317392,-78.7478074105516,23,4758.7
fd071892-7070-4975-9a48-6bc0e821fbf5,35.7716600465067,-78.8074126856051,16,3568.08
db8d744b-4628-47cb-b687-a85ba94d94c0,35.7493866409091,-78.7827978192481,10,1975.08
db8d744b-4628-47cb-b687-a85ba94d94c0,35.7830500514639,-78.7804777233205,25,5767.06
732cf6b5-6601-400b-9d7b-edd5bf32e7d1,35.7899713406491,-78.7739401878432,47,3842.4
fd071892-7070-4975-9a48-6bc0e821fbf5,35.7631636120774,-78.8188033591988,22,5098.75
a0bb8371-1cb3-4a17-8052-8e76775dc1d3,35.7648579429139,-78.8150384431333,23,6574.95
45432d3b-3193-4a6f-b5db-f839a623be9d,35.7474593661841,-78.8798625630147,32,3008.78
9018b8b5-5108-4b52-bd20-e1a97d054993,35.7916201355221,-78.783302398342,62,11567.34
2e2b1f5e-8c30-4972-ac42-0dc085fa20b5,35.7324456115035,-78.8503126114793,82,13165.05
fa703f36-39be-4426-9648-316d4048009e,35.747579,-78.782626,22,4689.18
560b17f8-9f95-4019-b51a-1e728c18a6c9,35.7831957076377,-78.7947608145113,46,7902.29
732cf6b5-6601-400b-9d7b-edd5bf32e7d1,35.7904138915675,-78.7759226244269,70,5150.22
6e52eb86-fc1f-4ee2-8ba1-46755a74842f,35.738116,-78.842433,26,1117.16
45432d3b-3193-4a6f-b5db-f839a623be9d,35.7475037074159,-78.8801705021602,31,2980.57
45432d3b-3193-4a6f-b5db-f839a623be9d,35.727216,-78.854493,54,6376.66
9018b8b5-5108-4b52-bd20-e1a97d054993,35.8069217503066,-78.8122929362904,41,7009.09
2e2b1f5e-8c30-4972-ac42-0dc085fa20b5,35.7182916695772,-78.8439715952862,51,7936.69
39a6d8b3-53d9-437c-8834-40ddfa51e88f,35.764956,-78.752464,22,5397.13
ad6cf4f3-9148-47f3-b22a-d6f3ead3c348,35.7732902115175,-78.7363297594004,34,6156.08
732cf6b5-6601-400b-9d7b-edd5bf32e7d1,35.7872283463201,-78.781200119094,14,956.5
cda69c6f-f4fc-421f-992a-fd15d068f3e3,35.79511,-78.751398,23,6292.67
a0bb8371-1cb3-4a17-8052-8e76775dc1d3,35.7782417295073,-78.8022817880607,32,8624.6
b3b170dc-c162-4f32-80b2-fa0a9e39fee2,35.795277,-78.739499,18,4621.84
39a6d8b3-53d9-437c-8834-40ddfa51e88f,35.7482400214765,-78.7463093729532,56,11380.98
39a6d8b3-53d9-437c-8834-40ddfa51e88f,35.755217,-78.731373,43,9063.13
a158cbe7-49b9-4b9b-9187-ad5767819f6c,35.7468,-78.851563,12,2137.61
2e2b1f5e-8c30-4972-ac42-0dc085fa20b5,35.7315682371425,-78.8606725130815,40,5628.16
170a315b-7e87-4fb7-a5f1-16b359de1a70,35.7336216824013,-78.8473437230924,11,276.89
2cd7a5bf-656e-4b76-9a1e-6f5f52469995,35.7838651073292,-78.7220944290207,6,881.29
3d55eee4-8654-44f4-ae2e-b905e511a090,35.789034,-78.860496,38,7913.41
39a6d8b3-53d9-437c-8834-40ddfa51e88f,35.787444,-78.778285,3,413.79
170a315b-7e87-4fb7-a5f1-16b359de1a70,35.745116369125,-78.8738836879925,59,4896.91
833ae665-e798-4b8c-9e7a-a8ac2824b5d8,35.7456098061237,-78.740545651084,8,1088.51
732cf6b5-6601-400b-9d7b-edd5bf32e7d1,35.786210075519,-78.790327141164,26,1866.21
b3b170dc-c162-4f32-80b2-fa0a9e39fee2,35.788188623678,-78.7818049658421,41,11340
fd071892-7070-4975-9a48-6bc0e821fbf5,35.7873260937225,-78.781222052719,2,162.55
6e52eb86-fc1f-4ee2-8ba1-46755a74842f,35.741207,-78.893545,101,7420.46
732cf6b5-6601-400b-9d7b-edd5bf32e7d1,35.7902361720677,-78.7767877586042,51,4131.96
4d11f69f-5fbd-45ef-bd60-b93636979a14,35.8266811310354,-78.8010446596664,42,8496.31
ad6cf4f3-9148-47f3-b22a-d6f3ead3c348,35.7743645447115,-78.76697090391,13,2326.53
005c5c51-3198-4ce1-8c26-bb7c7f39ea2f,35.7909270451125,-78.7424599859835,19,5888.26
fd071892-7070-4975-9a48-6bc0e821fbf5,35.776819,-78.805181,12,2955.75
556f83a6-e9e0-452c-befd-29666986fc51,35.801782,-78.782801,5,1569.93
2cd7a5bf-656e-4b76-9a1e-6f5f52469995,35.785207,-78.720693,0,0
cda69c6f-f4fc-421f-992a-fd15d068f3e3,35.7934241054719,-78.7393934049692,19,4827.95
732cf6b5-6601-400b-9d7b-edd5bf32e7d1,35.7873685655786,-78.7813945815382,16,980.61
560b17f8-9f95-4019-b51a-1e728c18a6c9,35.7894484135787,-78.8564385804686,6,1349.84
2cd7a5bf-656e-4b76-9a1e-6f5f52469995,35.76781,-78.741828,20,3541.46
4d11f69f-5fbd-45ef-bd60-b93636979a14,35.795764704658,-78.8010446596534,9,2443.21
560b17f8-9f95-4019-b51a-1e728c18a6c9,35.7920222337827,-78.8453532201437,11,2408.93
2e2b1f5e-8c30-4972-ac42-0dc085fa20b5,35.738247,-78.865063,36,4778.88
45432d3b-3193-4a6f-b5db-f839a623be9d,35.7372239298996,-78.8639325935878,46,4929.25
170a315b-7e87-4fb7-a5f1-16b359de1a70,35.7330559581998,-78.8500769794471,29,1362.53
9018b8b5-5108-4b52-bd20-e1a97d054993,35.8303892756085,-78.7673854709671,1,26.37
a0bb8371-1cb3-4a17-8052-8e76775dc1d3,35.7827947864949,-78.7933649972628,37,9801.31
005c5c51-3198-4ce1-8c26-bb7c7f39ea2f,35.795302,-78.762364,13,3937.75
170a315b-7e87-4fb7-a5f1-16b359de1a70,35.7407027235379,-78.8946061046781,84,7150.51
b3b170dc-c162-4f32-80b2-fa0a9e39fee2,35.797477,-78.705152,0,0
2cd7a5bf-656e-4b76-9a1e-6f5f52469995,35.7825794079498,-78.7803691456026,41,8101.77
560b17f8-9f95-4019-b51a-1e728c18a6c9,35.7877623715624,-78.8697652561421,1,124.15
2cd7a5bf-656e-4b76-9a1e-6f5f52469995,35.7651766100631,-78.7524012477637,31,4823.24
fa703f36-39be-4426-9648-316d4048009e,35.7399150999237,-78.7799938617865,27,5575.39
6e52eb86-fc1f-4ee2-8ba1-46755a74842f,35.7405399311527,-78.8442038384994,32,1441.29
833ae665-e798-4b8c-9e7a-a8ac2824b5d8,35.7723545113,-78.7640307255152,39,8101.74
b3b170dc-c162-4f32-80b2-fa0a9e39fee2,35.799586,-78.725632,11,2686.54
170a315b-7e87-4fb7-a5f1-16b359de1a70,35.7378277444907,-78.889263914647,108,8689.41
2e2b1f5e-8c30-4972-ac42-0dc085fa20b5,35.746592620922,-78.8863875160404,17,2404.85
833ae665-e798-4b8c-9e7a-a8ac2824b5d8,35.7604,-78.735932,23,3711.81
4d11f69f-5fbd-45ef-bd60-b93636979a14,35.8071728023244,-78.812061093002,22,5013.72
2e2b1f5e-8c30-4972-ac42-0dc085fa20b5,35.747416081132,-78.8795454179044,25,3042.7
fa703f36-39be-4426-9648-316d4048009e,35.7345228386592,-78.7798191675366,32,6258.66
170a315b-7e87-4fb7-a5f1-16b359de1a70,35.732839,-78.845471,0,0
2e2b1f5e-8c30-4972-ac42-0dc085fa20b5,35.714521,-78.855948,59,9338.75
9018b8b5-5108-4b52-bd20-e1a97d054993,35.8010462073428,-78.8175353083846,46,7861.82
b3b170dc-c162-4f32-80b2-fa0a9e39fee2,35.7948245339504,-78.7056088081574,5,619.5
45432d3b-3193-4a6f-b5db-f839a623be9d,35.7297124838412,-78.849127263184,96,12637.04
a158cbe7-49b9-4b9b-9187-ad5767819f6c,35.741478,-78.849227,11,1509.82
cda69c6f-f4fc-421f-992a-fd15d068f3e3,35.796554,-78.756767,26,6805.54
2e2b1f5e-8c30-4972-ac42-0dc085fa20b5,35.727836,-78.853603,78,12572.71
833ae665-e798-4b8c-9e7a-a8ac2824b5d8,35.7502172071878,-78.7412254137464,6,572.87
6e52eb86-fc1f-4ee2-8ba1-46755a74842f,35.7336233412667,-78.8473621153994,13,278.2
45432d3b-3193-4a6f-b5db-f839a623be9d,35.7262775804572,-78.8513155696012,93,12202.24
2e2b1f5e-8c30-4972-ac42-0dc085fa20b5,35.7139102689414,-78.8467218243462,56,8500.36
2cd7a5bf-656e-4b76-9a1e-6f5f52469995,35.7756141646137,-78.7328611845737,15,2291.7
3d55eee4-8654-44f4-ae2e-b905e511a090,35.783697,-78.804446,17,2484.43
2e2b1f5e-8c30-4972-ac42-0dc085fa20b5,35.7463110941099,-78.8877923574827,15,2270.46
db8d744b-4628-47cb-b687-a85ba94d94c0,35.750801,-78.782803,11,2132.24
833ae665-e798-4b8c-9e7a-a8ac2824b5d8,35.770342,-78.761494,38,7781.87
45432d3b-3193-4a6f-b5db-f839a623be9d,35.71916,-78.843082,61,7808.52
6e52eb86-fc1f-4ee2-8ba1-46755a74842f,35.7404964981805,-78.8955069995988,105,7619.6
9018b8b5-5108-4b52-bd20-e1a97d054993,35.824410038233,-78.8071364686126,24,4230.21
6e52eb86-fc1f-4ee2-8ba1-46755a74842f,35.740194042559,-78.8436151458221,31,1375.74
a0bb8371-1cb3-4a17-8052-8e76775dc1d3,35.7503445997844,-78.8462552523848,14,2941.39
170a315b-7e87-4fb7-a5f1-16b359de1a70,35.7471522536288,-78.8848529780799,70,5965.92
3d55eee4-8654-44f4-ae2e-b905e511a090,35.785711,-78.791278,6,969.73
6e52eb86-fc1f-4ee2-8ba1-46755a74842f,35.7362666503515,-78.8515614917891,47,2750.03
2e2b1f5e-8c30-4972-ac42-0dc085fa20b5,35.7352727335164,-78.8959586985126,5,716.49
170a315b-7e87-4fb7-a5f1-16b359de1a70,35.7366131068332,-78.8909282324689,96,8337.87
ad6cf4f3-9148-47f3-b22a-d6f3ead3c348,35.764956,-78.752464,17,4024.29
45432d3b-3193-4a6f-b5db-f839a623be9d,35.7248398943216,-78.8476456798785,90,11834.4
45432d3b-3193-4a6f-b5db-f839a623be9d,35.716528,-78.857636,76,9902.36
ad6cf4f3-9148-47f3-b22a-d6f3ead3c348,35.7882492879278,-78.7812937173261,1,46.57
732cf6b5-6601-400b-9d7b-edd5bf32e7d1,35.7901334635488,-78.7785262604849,57,4293.55
3d55eee4-8654-44f4-ae2e-b905e511a090,35.785642485125,-78.8700749199295,48,9581.76
6e52eb86-fc1f-4ee2-8ba1-46755a74842f,35.7437368330893,-78.8899212630033,97,6988.24
9018b8b5-5108-4b52-bd20-e1a97d054993,35.798396,-78.795663,57,10177
170a315b-7e87-4fb7-a5f1-16b359de1a70,35.7364189086591,-78.8917444812367,95,8261.15
170a315b-7e87-4fb7-a5f1-16b359de1a70,35.73374,-78.847074,9,246.7
6e52eb86-fc1f-4ee2-8ba1-46755a74842f,35.7455641569322,-78.874342883516,74,5343.36
560b17f8-9f95-4019-b51a-1e728c18a6c9,35.791711,-78.846287,10,2317.94
45432d3b-3193-4a6f-b5db-f839a623be9d,35.7458308165577,-78.8752434758308,36,3465.62
b3b170dc-c162-4f32-80b2-fa0a9e39fee2,35.7911967437584,-78.7427507077392,22,5400.17
a158cbe7-49b9-4b9b-9187-ad5767819f6c,35.7400215864977,-78.8434189176916,6,908.77
39a6d8b3-53d9-437c-8834-40ddfa51e88f,35.7610985652675,-78.7416211497053,35,7816.27
2cd7a5bf-656e-4b76-9a1e-6f5f52469995,35.773779,-78.735896,16,2632.94
fd071892-7070-4975-9a48-6bc0e821fbf5,35.7798013555885,-78.8013797283995,10,2461.56
cda69c6f-f4fc-421f-992a-fd15d068f3e3,35.7905428216661,-78.740158732162,21,5155.5
a158cbe7-49b9-4b9b-9187-ad5767819f6c,35.7614807205603,-78.828795351501,18,5045.19
2cd7a5bf-656e-4b76-9a1e-6f5f52469995,35.7838265364918,-78.7231523318305,7,976.75
cda69c6f-f4fc-421f-992a-fd15d068f3e3,35.8024499290528,-78.769258830395,32,8382.05
732cf6b5-6601-400b-9d7b-edd5bf32e7d1,35.7885823281962,-78.773837554887,81,5693.68
9018b8b5-5108-4b52-bd20-e1a97d054993,35.7928493758427,-78.7885778105964,60,11068.2
6e52eb86-fc1f-4ee2-8ba1-46755a74842f,35.7405994121325,-78.8954144751276,104,7605.44
45432d3b-3193-4a6f-b5db-f839a623be9d,35.7291635964949,-78.8473866794566,98,12807.02
39a6d8b3-53d9-437c-8834-40ddfa51e88f,35.763587,-78.748005,23,5827
db8d744b-4628-47cb-b687-a85ba94d94c0,35.7424035777197,-78.780664130558,6,1174.95
6e52eb86-fc1f-4ee2-8ba1-46755a74842f,35.7332818695634,-78.8460680811957,19,411.89
170a315b-7e87-4fb7-a5f1-16b359de1a70,35.7368323775036,-78.8888405996281,98,8527.78
2e2b1f5e-8c30-4972-ac42-0dc085fa20b5,35.7137667068104,-78.8481319754202,57,8628.58
4d11f69f-5fbd-45ef-bd60-b93636979a14,35.81740553969,-78.8108013929684,33,6921.56
3d55eee4-8654-44f4-ae2e-b905e511a090,35.7864840958452,-78.7901386053226,4,834.14
e40053ad-def2-4cbe-8fab-e0f3823d9404,35.825724,-78.770537,5,650.84
fd071892-7070-4975-9a48-6bc0e821fbf5,35.7396580719744,-78.8487153559158,35,9640.48
cda69c6f-f4fc-421f-992a-fd15d068f3e3,35.797477,-78.705152,0,0
005c5c51-3198-4ce1-8c26-bb7c7f39ea2f,35.790614,-78.783145,2,328.06
833ae665-e798-4b8c-9e7a-a8ac2824b5d8,35.7880311448349,-78.7745507165869,54,11410.4
170a315b-7e87-4fb7-a5f1-16b359de1a70,35.7333579223605,-78.8459091231495,17,426.42
45432d3b-3193-4a6f-b5db-f839a623be9d,35.7315257806733,-78.8606325377099,50,5632.43
2cd7a5bf-656e-4b76-9a1e-6f5f52469995,35.7824743235392,-78.7773256627777,39,7827.03
005c5c51-3198-4ce1-8c26-bb7c7f39ea2f,35.8003761715579,-78.7051526239422,35,10646.84
9018b8b5-5108-4b52-bd20-e1a97d054993,35.8087616759146,-78.8158877057265,39,6625.94
170a315b-7e87-4fb7-a5f1-16b359de1a70,35.7333230860634,-78.8461339180123,4,123.45
2e2b1f5e-8c30-4972-ac42-0dc085fa20b5,35.723031,-78.846483,71,11451.58
6e52eb86-fc1f-4ee2-8ba1-46755a74842f,35.733261334875,-78.8468168719206,15,342.74
b3b170dc-c162-4f32-80b2-fa0a9e39fee2,35.798493,-78.710049,9,1276.53
2e2b1f5e-8c30-4972-ac42-0dc085fa20b5,35.728765,-78.852957,79,12691.25
6e52eb86-fc1f-4ee2-8ba1-46755a74842f,35.7471605973106,-78.8850551611838,87,6365.62
6e52eb86-fc1f-4ee2-8ba1-46755a74842f,35.741476,-78.846851,36,1705.43
4d11f69f-5fbd-45ef-bd60-b93636979a14,35.8293886361491,-78.772649119404,53,11270.54
6e52eb86-fc1f-4ee2-8ba1-46755a74842f,35.7414135606005,-78.8462510831831,35,1650.88
3d55eee4-8654-44f4-ae2e-b905e511a090,35.789683,-78.855399,37,7448.35
45432d3b-3193-4a6f-b5db-f839a623be9d,35.7157628190204,-78.8451350770222,65,8240.85
9018b8b5-5108-4b52-bd20-e1a97d054993,35.8144080164151,-78.8164515911283,33,5711.33
45432d3b-3193-4a6f-b5db-f839a623be9d,35.7147349425201,-78.8592669973435,73,9650.66
560b17f8-9f95-4019-b51a-1e728c18a6c9,35.792243944732,-78.8433115553669,12,2594.6
170a315b-7e87-4fb7-a5f1-16b359de1a70,35.7376354896449,-78.8889598669547,112,8731.7
45432d3b-3193-4a6f-b5db-f839a623be9d,35.714521,-78.855948,71,9340
732cf6b5-6601-400b-9d7b-edd5bf32e7d1,35.7902100714226,-78.7725625330149,44,3714.69
e40053ad-def2-4cbe-8fab-e0f3823d9404,35.801496,-78.783133,16,3709.53
fd071892-7070-4975-9a48-6bc0e821fbf5,35.731128975182,-78.8464135810282,41,10828.83
560b17f8-9f95-4019-b51a-1e728c18a6c9,35.7864185251454,-78.7901213155079,51,8538.29
556f83a6-e9e0-452c-befd-29666986fc51,35.790614,-78.783145,2,328.54
db8d744b-4628-47cb-b687-a85ba94d94c0,35.7466608337965,-78.7820635405786,8,1664.83
4d11f69f-5fbd-45ef-bd60-b93636979a14,35.829629,-78.772336,54,11309.39
a158cbe7-49b9-4b9b-9187-ad5767819f6c,35.738116,-78.842433,4,678.96
833ae665-e798-4b8c-9e7a-a8ac2824b5d8,35.7596510823223,-78.7414880493159,25,4445.95
a158cbe7-49b9-4b9b-9187-ad5767819f6c,35.7387398046506,-78.842802323193,5,755.87
170a315b-7e87-4fb7-a5f1-16b359de1a70,35.7451636511863,-78.8726123332211,55,4765.81
9018b8b5-5108-4b52-bd20-e1a97d054993,35.8140757847821,-78.8185221078379,34,5901.52
170a315b-7e87-4fb7-a5f1-16b359de1a70,35.733215259333,-78.8463484949268,15,383.55
732cf6b5-6601-400b-9d7b-edd5bf32e7d1,35.7865535376787,-78.7903344522368,21,1794.94
170a315b-7e87-4fb7-a5f1-16b359de1a70,35.736411,-78.862941,45,3447.82
556f83a6-e9e0-452c-befd-29666986fc51,35.8308069401665,-78.7719461793933,18,5262.18
cda69c6f-f4fc-421f-992a-fd15d068f3e3,35.798493,-78.710049,9,1276.53
4d11f69f-5fbd-45ef-bd60-b93636979a14,35.8227921827209,-78.8069058300254,37,7629.58
2cd7a5bf-656e-4b76-9a1e-6f5f52469995,35.7672949484251,-78.7451349411573,22,3852.3
fd071892-7070-4975-9a48-6bc0e821fbf5,35.7865001730025,-78.7907514745445,5,1026.82
fa703f36-39be-4426-9648-316d4048009e,35.7830524745732,-78.7812242930887,3,629.62
170a315b-7e87-4fb7-a5f1-16b359de1a70,35.7451775576696,-78.872317625646,54,4739.19
3d55eee4-8654-44f4-ae2e-b905e511a090,35.7834068466692,-78.8076235096241,19,2776.26
732cf6b5-6601-400b-9d7b-edd5bf32e7d1,35.79004582959,-78.7731515345977,45,3770.83
833ae665-e798-4b8c-9e7a-a8ac2824b5d8,35.7873946167659,-78.7811531388438,57,12016.05
e40053ad-def2-4cbe-8fab-e0f3823d9404,35.788188623678,-78.7818049658421,21,5296.54
560b17f8-9f95-4019-b51a-1e728c18a6c9,35.7842908825378,-78.7973431995868,42,7578.83
732cf6b5-6601-400b-9d7b-edd5bf32e7d1,35.7883281844893,-78.7738537600907,37,3392.18
45432d3b-3193-4a6f-b5db-f839a623be9d,35.746706,-78.878278,34,3175.04
6e52eb86-fc1f-4ee2-8ba1-46755a74842f,35.7336863781269,-78.8473028512992,12,269.39
b3b170dc-c162-4f32-80b2-fa0a9e39fee2,35.8025363642665,-78.7830234007807,36,9639.37
560b17f8-9f95-4019-b51a-1e728c18a6c9,35.783263,-78.807415,36,6606.06
4d11f69f-5fbd-45ef-bd60-b93636979a14,35.795718,-78.805666,12,2894.41
45432d3b-3193-4a6f-b5db-f839a623be9d,35.738247,-78.865063,45,4776.54
732cf6b5-6601-400b-9d7b-edd5bf32e7d1,35.7900151576816,-78.7741994711021,48,3866.27
e40053ad-def2-4cbe-8fab-e0f3823d9404,35.8090041953655,-78.7820341470139,13,2860.33
6e52eb86-fc1f-4ee2-8ba1-46755a74842f,35.7451775576696,-78.8723758817946,66,5126
556f83a6-e9e0-452c-befd-29666986fc51,35.813321,-78.777095,9,3027.49
cda69c6f-f4fc-421f-992a-fd15d068f3e3,35.799879,-78.737714,16,4084.94
fa703f36-39be-4426-9648-316d4048009e,35.7491949148554,-78.7829577220614,21,4507.14
fd071892-7070-4975-9a48-6bc0e821fbf5,35.773124,-78.806993,15,3401.06
732cf6b5-6601-400b-9d7b-edd5bf32e7d1,35.7906329752686,-78.7766788672651,69,5077.84
db8d744b-4628-47cb-b687-a85ba94d94c0,35.7883591647321,-78.781269950072,29,6409.48
e40053ad-def2-4cbe-8fab-e0f3823d9404,35.8303153347144,-78.7673870442944,1,33.41
2e2b1f5e-8c30-4972-ac42-0dc085fa20b5,35.7171153364711,-78.8569158910516,64,9988.75
732cf6b5-6601-400b-9d7b-edd5bf32e7d1,35.7825834435692,-78.780346645033,4,384.13
4d11f69f-5fbd-45ef-bd60-b93636979a14,35.819098,-78.81005,34,7121.44
2cd7a5bf-656e-4b76-9a1e-6f5f52469995,35.768813,-78.740815,18,3347.71
fd071892-7070-4975-9a48-6bc0e821fbf5,35.7834612300075,-78.7993452727404,9,2015.43
45432d3b-3193-4a6f-b5db-f839a623be9d,35.714596351416,-78.8592100998284,72,9634.43
a158cbe7-49b9-4b9b-9187-ad5767819f6c,35.7833644420432,-78.7993129705236,33,9253.61
6e52eb86-fc1f-4ee2-8ba1-46755a74842f,35.7451580885923,-78.872598625892,67,5146.2
732cf6b5-6601-400b-9d7b-edd5bf32e7d1,35.7866148841556,-78.7888273682944,30,2013.25
2e2b1f5e-8c30-4972-ac42-0dc085fa20b5,35.746706,-78.878278,26,3181.59
a158cbe7-49b9-4b9b-9187-ad5767819f6c,35.7377777596,-78.8421514734446,3,633.6
6e52eb86-fc1f-4ee2-8ba1-46755a74842f,35.733427665698,-78.845891002308,3,98.48
cda69c6f-f4fc-421f-992a-fd15d068f3e3,35.798802,-78.716364,10,1846.72
2e2b1f5e-8c30-4972-ac42-0dc085fa20b5,35.720186,-78.855802,67,10346.9
a158cbe7-49b9-4b9b-9187-ad5767819f6c,35.7414646090473,-78.8484064820799,9,1404.93
560b17f8-9f95-4019-b51a-1e728c18a6c9,35.786646,-78.869821,0,0
560b17f8-9f95-4019-b51a-1e728c18a6c9,35.7858915179886,-78.7909582469943,50,8442.79
4d11f69f-5fbd-45ef-bd60-b93636979a14,35.8012963300357,-78.8175618902605,18,4163.56
833ae665-e798-4b8c-9e7a-a8ac2824b5d8,35.7549776830738,-78.7303111824798,19,2909.32
3d55eee4-8654-44f4-ae2e-b905e511a090,35.78630671428,-78.7905723699579,5,877.93
732cf6b5-6601-400b-9d7b-edd5bf32e7d1,35.79015394785,-78.7773473480489,54,4185.44
fa703f36-39be-4426-9648-316d4048009e,35.7829942284683,-78.7805302349933,4,692.52
170a315b-7e87-4fb7-a5f1-16b359de1a70,35.7353784439765,-78.8623376605875,43,3320.63
9018b8b5-5108-4b52-bd20-e1a97d054993,35.800282,-78.815021,47,8103.81
fd071892-7070-4975-9a48-6bc0e821fbf5,35.744232579722,-78.8504681796114,32,9108.01
39a6d8b3-53d9-437c-8834-40ddfa51e88f,35.788295,-78.764051,13,2264.12
560b17f8-9f95-4019-b51a-1e728c18a6c9,35.784698,-78.818669,32,5571.86
6e52eb86-fc1f-4ee2-8ba1-46755a74842f,35.733327045859,-78.846121204862,5,122.17
45432d3b-3193-4a6f-b5db-f839a623be9d,35.72651,-78.851219,94,12229.5
fa703f36-39be-4426-9648-316d4048009e,35.7382366892264,-78.7801970775474,28,5762.79
6e52eb86-fc1f-4ee2-8ba1-46755a74842f,35.7396662921185,-78.8431318906392,29,1302.23
2cd7a5bf-656e-4b76-9a1e-6f5f52469995,35.7799489142726,-78.7298188901459,10,1717.33
2cd7a5bf-656e-4b76-9a1e-6f5f52469995,35.7671753798647,-78.747941933126,24,4109.88
6e52eb86-fc1f-4ee2-8ba1-46755a74842f,35.7375495883936,-78.8888389198063,128,9126.1
39a6d8b3-53d9-437c-8834-40ddfa51e88f,35.7557135253746,-78.7320034587612,42,8983.91
6e52eb86-fc1f-4ee2-8ba1-46755a74842f,35.7465960062018,-78.8873819802934,92,6589.05
cda69c6f-f4fc-421f-992a-fd15d068f3e3,35.8025363642665,-78.7830234007807,36,9639.37
a0bb8371-1cb3-4a17-8052-8e76775dc1d3,35.7639267889262,-78.8230130653146,21,5660.01
2e2b1f5e-8c30-4972-ac42-0dc085fa20b5,35.728588,-78.857491,42,6067.78
2e2b1f5e-8c30-4972-ac42-0dc085fa20b5,35.7147273973015,-78.8592323300392,61,9642.99
4d11f69f-5fbd-45ef-bd60-b93636979a14,35.8203176486271,-78.8094656355715,35,7266.84
833ae665-e798-4b8c-9e7a-a8ac2824b5d8,35.7902981863202,-78.7720024876325,50,11056.95
45432d3b-3193-4a6f-b5db-f839a623be9d,35.7157974663116,-78.85860556373,74,9782.95
560b17f8-9f95-4019-b51a-1e728c18a6c9,35.7928972745299,-78.8397927023974,13,2919.97
45432d3b-3193-4a6f-b5db-f839a623be9d,35.7445811643009,-78.8892050393514,18,2036.85
a158cbe7-49b9-4b9b-9187-ad5767819f6c,35.7764362215863,-78.8054540023794,30,8275.25
560b17f8-9f95-4019-b51a-1e728c18a6c9,35.7903410662827,-78.8305006436707,17,3817.17
fd071892-7070-4975-9a48-6bc0e821fbf5,35.7683496635169,-78.8078854267529,18,3940.86
cda69c6f-f4fc-421f-992a-fd15d068f3e3,35.795277,-78.739499,18,4621.84
005c5c51-3198-4ce1-8c26-bb7c7f39ea2f,35.7962795447828,-78.7564526435192,15,4485.57
b3b170dc-c162-4f32-80b2-fa0a9e39fee2,35.79536001307,-78.7633365172263,29,7414.82
fd071892-7070-4975-9a48-6bc0e821fbf5,35.740682,-78.849079,34,9522.07
ad6cf4f3-9148-47f3-b22a-d6f3ead3c348,35.7823396164449,-78.7772812960054,7,1017.49
170a315b-7e87-4fb7-a5f1-16b359de1a70,35.7334143239521,-78.8458171616147,2,91.77
6e52eb86-fc1f-4ee2-8ba1-46755a74842f,35.7332683841769,-78.846353163973,6,144.08
4d11f69f-5fbd-45ef-bd60-b93636979a14,35.7882717721624,-78.7822528947742,0,0
9018b8b5-5108-4b52-bd20-e1a97d054993,35.7985468707902,-78.7960757242973,56,10136.2
2e2b1f5e-8c30-4972-ac42-0dc085fa20b5,35.7145794695125,-78.8590848414146,60,9621.84
db8d744b-4628-47cb-b687-a85ba94d94c0,35.757571,-78.782865,14,2885.72
560b17f8-9f95-4019-b51a-1e728c18a6c9,35.7851479235014,-78.8255996974894,22,4641.41
170a315b-7e87-4fb7-a5f1-16b359de1a70,35.7332683841769,-78.846353163973,5,144.14
6e52eb86-fc1f-4ee2-8ba1-46755a74842f,35.7371418970641,-78.8886961349785,116,8948.6
3d55eee4-8654-44f4-ae2e-b905e511a090,35.7841742395929,-78.8698562550174,44,9394.63
732cf6b5-6601-400b-9d7b-edd5bf32e7d1,35.7903043494905,-78.7721900258459,42,3679.32
556f83a6-e9e0-452c-befd-29666986fc51,35.829629,-78.772336,17,5126.66
9018b8b5-5108-4b52-bd20-e1a97d054993,35.8052568062976,-78.812918222473,42,7202.49
fd071892-7070-4975-9a48-6bc0e821fbf5,35.770864,-78.807733,17,3661.13
cda69c6f-f4fc-421f-992a-fd15d068f3e3,35.79613,-78.760321,28,7129.88
732cf6b5-6601-400b-9d7b-edd5bf32e7d1,35.7871757640344,-78.7828692550735,32,2553.93
6e52eb86-fc1f-4ee2-8ba1-46755a74842f,35.7357827521052,-78.8491974805596,46,2530.13
45432d3b-3193-4a6f-b5db-f839a623be9d,35.7352283052963,-78.8958157974614,6,698.16
4d11f69f-5fbd-45ef-bd60-b93636979a14,35.8211958897827,-78.8081804697621,36,7418.27
732cf6b5-6601-400b-9d7b-edd5bf32e7d1,35.7862336588537,-78.7904965042736,25,1850.72
39a6d8b3-53d9-437c-8834-40ddfa51e88f,35.7517150132219,-78.7465743853191,60,11770.68
833ae665-e798-4b8c-9e7a-a8ac2824b5d8,35.755968,-78.743456,28,5029.13
732cf6b5-6601-400b-9d7b-edd5bf32e7d1,35.7898968516383,-78.7739455895777,73,5337.61
170a315b-7e87-4fb7-a5f1-16b359de1a70,35.7468,-78.878228,63,5341.1
6e52eb86-fc1f-4ee2-8ba1-46755a74842f,35.7358290715702,-78.8939923397364,109,8430.76
2e2b1f5e-8c30-4972-ac42-0dc085fa20b5,35.72266,-78.852845,69,10875.91
a158cbe7-49b9-4b9b-9187-ad5767819f6c,35.786723,-78.787606,40,10526.66
4d11f69f-5fbd-45ef-bd60-b93636979a14,35.7994241325227,-78.8118966481172,16,3611.91
732cf6b5-6601-400b-9d7b-edd5bf32e7d1,35.786369497964,-78.7901615967309,27,1889.37
556f83a6-e9e0-452c-befd-29666986fc51,35.809588,-78.781199,8,2471.76
a158cbe7-49b9-4b9b-9187-ad5767819f6c,35.777219,-78.804107,31,8424.62
cda69c6f-f4fc-421f-992a-fd15d068f3e3,35.7948245339504,-78.7056088081574,5,619.5
2e2b1f5e-8c30-4972-ac42-0dc085fa20b5,35.7446922956169,-78.8891798552036,13,2050.93
170a315b-7e87-4fb7-a5f1-16b359de1a70,35.7371446241034,-78.8886961349786,100,8567.93
cda69c6f-f4fc-421f-992a-fd15d068f3e3,35.8029501580938,-78.7711281777142,33,8559.45
833ae665-e798-4b8c-9e7a-a8ac2824b5d8,35.7457087757569,-78.7376025408326,14,1636.11
170a315b-7e87-4fb7-a5f1-16b359de1a70,35.7378713767315,-78.8890522571374,106,8667.79
6e52eb86-fc1f-4ee2-8ba1-46755a74842f,35.7464040999376,-78.8878685904755,94,6638.38
6e52eb86-fc1f-4ee2-8ba1-46755a74842f,35.7351837324172,-78.8960690000908,107,8213.77
732cf6b5-6601-400b-9d7b-edd5bf32e7d1,35.7864965730507,-78.7901994088728,20,1781.22
9018b8b5-5108-4b52-bd20-e1a97d054993,35.827054,-78.802872,20,3670.61
170a315b-7e87-4fb7-a5f1-16b359de1a70,35.741207,-78.893545,82,7038.78
cda69c6f-f4fc-421f-992a-fd15d068f3e3,35.7963981664699,-78.7555497354742,25,6694.47
45432d3b-3193-4a6f-b5db-f839a623be9d,35.745216,-78.888646,19,2123.56
2e2b1f5e-8c30-4972-ac42-0dc085fa20b5,35.7406099619356,-78.894695158644,9,1362.42
732cf6b5-6601-400b-9d7b-edd5bf32e7d1,35.786723,-78.787606,31,2124
560b17f8-9f95-4019-b51a-1e728c18a6c9,35.7859532345036,-78.8251133272144,28,4920.02
4d11f69f-5fbd-45ef-bd60-b93636979a14,35.798859,-78.810872,15,3500.23
3d55eee4-8654-44f4-ae2e-b905e511a090,35.78296,-78.793735,8,1369.6
2cd7a5bf-656e-4b76-9a1e-6f5f52469995,35.7864975227568,-78.7179103639754,3,312.92
005c5c51-3198-4ce1-8c26-bb7c7f39ea2f,35.800288,-78.737255,25,7241.8
45432d3b-3193-4a6f-b5db-f839a623be9d,35.7225014337367,-78.8449430479091,59,7401.03
6e52eb86-fc1f-4ee2-8ba1-46755a74842f,35.7353071940677,-78.8588693699813,56,3420.77
a158cbe7-49b9-4b9b-9187-ad5767819f6c,35.7639267889262,-78.8230130653146,21,5660.01
fa703f36-39be-4426-9648-316d4048009e,35.735432,-78.782017,34,6488.04
9018b8b5-5108-4b52-bd20-e1a97d054993,35.8297159563662,-78.7943234944641,13,2781.62
560b17f8-9f95-4019-b51a-1e728c18a6c9,35.7859152999161,-78.8262485618481,26,4815.46
ad6cf4f3-9148-47f3-b22a-d6f3ead3c348,35.7775064520208,-78.7320410927323,41,6800.28
6e52eb86-fc1f-4ee2-8ba1-46755a74842f,35.7332716022198,-78.8466600306201,7,171.76
9018b8b5-5108-4b52-bd20-e1a97d054993,35.7955954443209,-78.8057851260583,51,9114.31
6e52eb86-fc1f-4ee2-8ba1-46755a74842f,35.7471633785376,-78.8848426975831,86,6346.46
a0bb8371-1cb3-4a17-8052-8e76775dc1d3,35.771728,-78.807201,27,7727.29
a158cbe7-49b9-4b9b-9187-ad5767819f6c,35.7827947864949,-78.7933649972628,37,9801.31
6e52eb86-fc1f-4ee2-8ba1-46755a74842f,35.73374,-78.847074,11,247.9
45432d3b-3193-4a6f-b5db-f839a623be9d,35.7137878985047,-78.8475887823623,69,8581.41
6e52eb86-fc1f-4ee2-8ba1-46755a74842f,35.7408929499205,-78.8448979686712,33,1515.17
732cf6b5-6601-400b-9d7b-edd5bf32e7d1,35.7862990795717,-78.7905988151645,24,1838.98
45432d3b-3193-4a6f-b5db-f839a623be9d,35.7188001743476,-78.843221898076,62,7850.45
ad6cf4f3-9148-47f3-b22a-d6f3ead3c348,35.7737184035062,-78.7357544504569,36,6231.39
39a6d8b3-53d9-437c-8834-40ddfa51e88f,35.7722270895071,-78.7641067277611,18,4050.79
fd071892-7070-4975-9a48-6bc0e821fbf5,35.732839,-78.845471,42,11037
6e52eb86-fc1f-4ee2-8ba1-46755a74842f,35.7393203997294,-78.8429693411686,28,1261.09
45432d3b-3193-4a6f-b5db-f839a623be9d,35.7236735595977,-78.8458889690986,88,11629.52
e40053ad-def2-4cbe-8fab-e0f3823d9404,35.79566,-78.783209,17,4358.06
732cf6b5-6601-400b-9d7b-edd5bf32e7d1,35.7900085985163,-78.7721097540393,39,3636.3
9018b8b5-5108-4b52-bd20-e1a97d054993,35.817687389561,-78.8109294790102,30,5085.69
db8d744b-4628-47cb-b687-a85ba94d94c0,35.7785892831172,-78.7815661535479,22,5243.96
6e52eb86-fc1f-4ee2-8ba1-46755a74842f,35.7467322871809,-78.886110625522,90,6473.39
b3b170dc-c162-4f32-80b2-fa0a9e39fee2,35.798802,-78.716364,10,1846.72
6e52eb86-fc1f-4ee2-8ba1-46755a74842f,35.7405576423462,-78.8672359140717,63,4433.32
45432d3b-3193-4a6f-b5db-f839a623be9d,35.7448190028555,-78.8737236471443,38,3643.77
fa703f36-39be-4426-9648-316d4048009e,35.7640889692425,-78.7835982676453,16,2848.54
fa703f36-39be-4426-9648-316d4048009e,35.7685776624622,-78.7821080187329,14,2327.81
fa703f36-39be-4426-9648-316d4048009e,35.7349222064863,-78.778766248449,30,6153.47
2cd7a5bf-656e-4b76-9a1e-6f5f52469995,35.764225,-78.749194,30,4515.33
6e52eb86-fc1f-4ee2-8ba1-46755a74842f,35.7332202359546,-78.8466550333764,16,358.04
39a6d8b3-53d9-437c-8834-40ddfa51e88f,35.7494205519252,-78.746481690411,58,11515.58
170a315b-7e87-4fb7-a5f1-16b359de1a70,35.7273165834735,-78.8541180396615,32,2097.31
2e2b1f5e-8c30-4972-ac42-0dc085fa20b5,35.740821,-78.893927,10,1435.56
005c5c51-3198-4ce1-8c26-bb7c7f39ea2f,35.7884374486208,-78.7831867718025,1,86.17
3d55eee4-8654-44f4-ae2e-b905e511a090,35.7903025151575,-78.8300913293414,29,5031.93
833ae665-e798-4b8c-9e7a-a8ac2824b5d8,35.775482,-78.764058,40,8449.28
6e52eb86-fc1f-4ee2-8ba1-46755a74842f,35.741163953165,-78.849172580425,39,1921.61
45432d3b-3193-4a6f-b5db-f839a623be9d,35.7230499676893,-78.8479728405876,84,11319.21
2cd7a5bf-656e-4b76-9a1e-6f5f52469995,35.770342,-78.761494,34,5843.27
3d55eee4-8654-44f4-ae2e-b905e511a090,35.7842986116698,-78.7950977829216,10,1581.59
556f83a6-e9e0-452c-befd-29666986fc51,35.7884326699378,-78.7831875124909,1,86.12
3d55eee4-8654-44f4-ae2e-b905e511a090,35.792995,-78.838668,32,5874.09
a158cbe7-49b9-4b9b-9187-ad5767819f6c,35.775223,-78.806116,29,8127.82
a158cbe7-49b9-4b9b-9187-ad5767819f6c,35.7872259246692,-78.7833197257602,41,10917.05
732cf6b5-6601-400b-9d7b-edd5bf32e7d1,35.7866718486989,-78.7894269608306,19,1708.92
170a315b-7e87-4fb7-a5f1-16b359de1a70,35.7369728204489,-78.8886843762282,99,8548.81
45432d3b-3193-4a6f-b5db-f839a623be9d,35.7405619883967,-78.8948721129826,13,1341.82
4d11f69f-5fbd-45ef-bd60-b93636979a14,35.7921981332174,-78.786567616395,3,756.22
6e52eb86-fc1f-4ee2-8ba1-46755a74842f,35.7450440553298,-78.8721497108649,65,5100.78
45432d3b-3193-4a6f-b5db-f839a623be9d,35.7225418521561,-78.8557464635938,81,10615.31
732cf6b5-6601-400b-9d7b-edd5bf32e7d1,35.7900834985905,-78.7726995485402,76,5452.37
732cf6b5-6601-400b-9d7b-edd5bf32e7d1,35.7873203652364,-78.7812811451124,15,969.07
4d11f69f-5fbd-45ef-bd60-b93636979a14,35.814226169242,-78.8163102457708,30,6305
6e52eb86-fc1f-4ee2-8ba1-46755a74842f,35.7412424013005,-78.8489924580387,38,1903.17
ad6cf4f3-9148-47f3-b22a-d6f3ead3c348,35.783414,-78.723799,44,7798.91
39a6d8b3-53d9-437c-8834-40ddfa51e88f,35.751695,-78.746263,61,11798.85
732cf6b5-6601-400b-9d7b-edd5bf32e7d1,35.7901115550682,-78.7725195316541,77,5468.89
560b17f8-9f95-4019-b51a-1e728c18a6c9,35.7889432795289,-78.8597042933945,5,1050.17
170a315b-7e87-4fb7-a5f1-16b359de1a70,35.7376682139068,-78.8890539369589,111,8722.47
170a315b-7e87-4fb7-a5f1-16b359de1a70,35.7374936843548,-78.8886608587269,102,8610.33
39a6d8b3-53d9-437c-8834-40ddfa51e88f,35.749969,-78.734987,47,9853.68
170a315b-7e87-4fb7-a5f1-16b359de1a70,35.7334226183004,-78.8459295590461,3,101.95
6e52eb86-fc1f-4ee2-8ba1-46755a74842f,35.7357660659066,-78.8553644663757,52,3099.69
a158cbe7-49b9-4b9b-9187-ad5767819f6c,35.7648579429139,-78.8150384431333,23,6574.95
560b17f8-9f95-4019-b51a-1e728c18a6c9,35.785406,-78.820994,31,5348
732cf6b5-6601-400b-9d7b-edd5bf32e7d1,35.7826272646747,-78.7803844571749,5,390.07
fa703f36-39be-4426-9648-316d4048009e,35.782199,-78.780535,5,780.89
39a6d8b3-53d9-437c-8834-40ddfa51e88f,35.760163,-78.735827,37,8350.27
6e52eb86-fc1f-4ee2-8ba1-46755a74842f,35.7414777452431,-78.8481928903725,37,1826.46
732cf6b5-6601-400b-9d7b-edd5bf32e7d1,35.7864571359766,-78.7905829320266,23,1821.36
4d11f69f-5fbd-45ef-bd60-b93636979a14,35.796787,-78.80853,14,3187.88
a158cbe7-49b9-4b9b-9187-ad5767819f6c,35.771728,-78.807201,27,7727.29
170a315b-7e87-4fb7-a5f1-16b359de1a70,35.7475749990736,-78.8801445105448,67,5536.18
39a6d8b3-53d9-437c-8834-40ddfa51e88f,35.7579644083698,-78.7441536221386,31,7319.66
732cf6b5-6601-400b-9d7b-edd5bf32e7d1,35.7827981667554,-78.7803736537058,6,409.09
fa703f36-39be-4426-9648-316d4048009e,35.769812,-78.781936,13,2189.78
2e2b1f5e-8c30-4972-ac42-0dc085fa20b5,35.7471627096671,-78.8845750971425,22,2586.49
45432d3b-3193-4a6f-b5db-f839a623be9d,35.7475037074159,-78.8806026103161,30,2941.6
9018b8b5-5108-4b52-bd20-e1a97d054993,35.828557,-78.7985,16,3203.09
005c5c51-3198-4ce1-8c26-bb7c7f39ea2f,35.797477,-78.705152,36,10969
2e2b1f5e-8c30-4972-ac42-0dc085fa20b5,35.7225249162708,-78.8450300430636,47,7397.51
39a6d8b3-53d9-437c-8834-40ddfa51e88f,35.7559970591237,-78.7416853231042,28,6906.95
9018b8b5-5108-4b52-bd20-e1a97d054993,35.8277497184155,-78.7992707077936,17,3316.53
45432d3b-3193-4a6f-b5db-f839a623be9d,35.732839,-78.845471,103,13251.02
39a6d8b3-53d9-437c-8834-40ddfa51e88f,35.770067,-78.761534,19,4384.58
560b17f8-9f95-4019-b51a-1e728c18a6c9,35.783386,-78.810469,35,6330.42
4d11f69f-5fbd-45ef-bd60-b93636979a14,35.827482,-78.799174,43,8686.9
39a6d8b3-53d9-437c-8834-40ddfa51e88f,35.7890077736556,-78.7638003323942,12,2181.76
732cf6b5-6601-400b-9d7b-edd5bf32e7d1,35.790163,-78.780054,61,4433.62
2e2b1f5e-8c30-4972-ac42-0dc085fa20b5,35.7238263323204,-78.845880260818,73,11675.05
45432d3b-3193-4a6f-b5db-f839a623be9d,35.723159674028,-78.8453982280306,87,11557.27
833ae665-e798-4b8c-9e7a-a8ac2824b5d8,35.7579759808905,-78.744246317038,26,4756.61
3d55eee4-8654-44f4-ae2e-b905e511a090,35.783487,-78.808425,20,2849.06
170a315b-7e87-4fb7-a5f1-16b359de1a70,35.733688036991,-78.8473130692475,10,269.02
45432d3b-3193-4a6f-b5db-f839a623be9d,35.7322231876366,-78.8458268486552,101,13175.06
cda69c6f-f4fc-421f-992a-fd15d068f3e3,35.797711,-78.738727,17,4342.57
732cf6b5-6601-400b-9d7b-edd5bf32e7d1,35.7912464064186,-78.7794499570947,66,4818.62
6e52eb86-fc1f-4ee2-8ba1-46755a74842f,35.7473914388274,-78.8793940342781,81,5847.49
732cf6b5-6601-400b-9d7b-edd5bf32e7d1,35.7880871853958,-78.7745073699725,82,5775.37
a158cbe7-49b9-4b9b-9187-ad5767819f6c,35.7883709973022,-78.7832862325614,42,11044.33
833ae665-e798-4b8c-9e7a-a8ac2824b5d8,35.746165,-78.737539,16,1688.11
2cd7a5bf-656e-4b76-9a1e-6f5f52469995,35.7754377367471,-78.7672526837444,36,6622.44
45432d3b-3193-4a6f-b5db-f839a623be9d,35.747255,-78.883581,29,2671.58
a0bb8371-1cb3-4a17-8052-8e76775dc1d3,35.7764362215863,-78.8054540023794,30,8275.25
b3b170dc-c162-4f32-80b2-fa0a9e39fee2,35.7981712214808,-78.7076742408596,8,1059.53
3d55eee4-8654-44f4-ae2e-b905e511a090,35.787175,-78.87109,42,8930.78
6e52eb86-fc1f-4ee2-8ba1-46755a74842f,35.7363055845654,-78.8521028160996,49,2799.12
170a315b-7e87-4fb7-a5f1-16b359de1a70,35.737531862727,-78.8888221215913,113,8748.64
560b17f8-9f95-4019-b51a-1e728c18a6c9,35.7869747684952,-78.8269188173394,19,4311.33
833ae665-e798-4b8c-9e7a-a8ac2824b5d8,35.792058,-78.76463,47,10362.41
45432d3b-3193-4a6f-b5db-f839a623be9d,35.7352524951418,-78.8959399664716,7,709.68
45432d3b-3193-4a6f-b5db-f839a623be9d,35.7353222808434,-78.8624294914263,48,5180.33
170a315b-7e87-4fb7-a5f1-16b359de1a70,35.7356106888276,-78.8491529724906,26,1066.5
732cf6b5-6601-400b-9d7b-edd5bf32e7d1,35.784583,-78.778677,89,6477.82
6e52eb86-fc1f-4ee2-8ba1-46755a74842f,35.7475138123719,-78.8797881199889,82,5885.54
005c5c51-3198-4ce1-8c26-bb7c7f39ea2f,35.8021833861905,-78.7690011915562,10,2907.1
560b17f8-9f95-4019-b51a-1e728c18a6c9,35.7882065883853,-78.7821350619449,60,9389.82
45432d3b-3193-4a6f-b5db-f839a623be9d,35.737313,-78.888764,0,0
4d11f69f-5fbd-45ef-bd60-b93636979a14,35.8262147756337,-78.8059978952827,39,8028.02
6e52eb86-fc1f-4ee2-8ba1-46755a74842f,35.7332252945232,-78.8453458269551,21,483.54
6e52eb86-fc1f-4ee2-8ba1-46755a74842f,35.7362944605062,-78.8517841884991,48,2770.35
6e52eb86-fc1f-4ee2-8ba1-46755a74842f,35.737313,-78.888764,130,9155.79
9018b8b5-5108-4b52-bd20-e1a97d054993,35.830365,-78.774519,6,905.88
45432d3b-3193-4a6f-b5db-f839a623be9d,35.7369135136219,-78.8958157974614,9,894.95
732cf6b5-6601-400b-9d7b-edd5bf32e7d1,35.787616,-78.77723,85,6033.25
45432d3b-3193-4a6f-b5db-f839a623be9d,35.7460928379299,-78.8762914622778,35,3366.72
6e52eb86-fc1f-4ee2-8ba1-46755a74842f,35.735576,-78.843081,23,815.85
9018b8b5-5108-4b52-bd20-e1a97d054993,35.8017411482815,-78.8175925779958,45,7784.43
6e52eb86-fc1f-4ee2-8ba1-46755a74842f,35.745855,-78.874754,75,5392.55
fd071892-7070-4975-9a48-6bc0e821fbf5,35.7669683257918,-78.809253353432,19,4137.77
4d11f69f-5fbd-45ef-bd60-b93636979a14,35.7917469987224,-78.7832234693156,2,450.66
a0bb8371-1cb3-4a17-8052-8e76775dc1d3,35.7468,-78.851563,12,2137.61
170a315b-7e87-4fb7-a5f1-16b359de1a70,35.7471216601215,-78.8788011922957,64,5403.95
2e2b1f5e-8c30-4972-ac42-0dc085fa20b5,35.7225683762174,-78.8557722482546,68,10611.64
39a6d8b3-53d9-437c-8834-40ddfa51e88f,35.7490000381849,-78.7462808514428,57,11465.47
b3b170dc-c162-4f32-80b2-fa0a9e39fee2,35.793708,-78.783234,39,10620.85
560b17f8-9f95-4019-b51a-1e728c18a6c9,35.7849184803708,-78.8260287085398,23,4687.73
a0bb8371-1cb3-4a17-8052-8e76775dc1d3,35.741478,-78.849227,11,1509.82
a0bb8371-1cb3-4a17-8052-8e76775dc1d3,35.7883329816611,-78.7812106147459,43,11216.39
b3b170dc-c162-4f32-80b2-fa0a9e39fee2,35.8033426989898,-78.7343926866298,14,3594.96
9018b8b5-5108-4b52-bd20-e1a97d054993,35.8278336550888,-78.7702240015707,3,416.55
3d55eee4-8654-44f4-ae2e-b905e511a090,35.7906640079056,-78.8310337275767,30,5125.89
2e2b1f5e-8c30-4972-ac42-0dc085fa20b5,35.7464829532196,-78.8875416748251,16,2300.05
39a6d8b3-53d9-437c-8834-40ddfa51e88f,35.7457525556426,-78.737882455065,51,10411.69
6e52eb86-fc1f-4ee2-8ba1-46755a74842f,35.7470187546008,-78.8852950394425,89,6393.24
4d11f69f-5fbd-45ef-bd60-b93636979a14,35.79645385125,-78.8023506881208,11,2584.62
b3b170dc-c162-4f32-80b2-fa0a9e39fee2,35.7953903576716,-78.7031559582739,4,389.66
732cf6b5-6601-400b-9d7b-edd5bf32e7d1,35.7913384206827,-78.7810596739938,64,4671.7
560b17f8-9f95-4019-b51a-1e728c18a6c9,35.790639,-78.8328,16,3607.29
45432d3b-3193-4a6f-b5db-f839a623be9d,35.7182227392821,-78.844018463288,63,7946.79
fd071892-7070-4975-9a48-6bc0e821fbf5,35.736205,-78.849074,36,10025.55
a158cbe7-49b9-4b9b-9187-ad5767819f6c,35.7833418899568,-78.7952556002735,35,9619.4
6e52eb86-fc1f-4ee2-8ba1-46755a74842f,35.7449355845139,-78.8730166994287,69,5191.79
9018b8b5-5108-4b52-bd20-e1a97d054993,35.8113178513249,-78.8169361801454,37,6325.1
45432d3b-3193-4a6f-b5db-f839a623be9d,35.7303971945751,-78.8467113878576,99,12957.02
9018b8b5-5108-4b52-bd20-e1a97d054993,35.829518784852,-78.7971190391254,15,3039.08
560b17f8-9f95-4019-b51a-1e728c18a6c9,35.7827956179738,-78.7933882168297,48,8034.93
db8d744b-4628-47cb-b687-a85ba94d94c0,35.7561633410752,-78.782666110069,13,2728.28
9018b8b5-5108-4b52-bd20-e1a97d054993,35.799131,-78.811473,48,8448.21
9018b8b5-5108-4b52-bd20-e1a97d054993,35.804613,-78.813676,43,7301.39
9018b8b5-5108-4b52-bd20-e1a97d054993,35.83141,-78.782788,9,1671.61
3d55eee4-8654-44f4-ae2e-b905e511a090,35.7837577660979,-78.8060429425966,18,2628.54
9018b8b5-5108-4b52-bd20-e1a97d054993,35.8259155905995,-78.8066276501446,23,4056.75
556f83a6-e9e0-452c-befd-29666986fc51,35.796678,-78.782972,4,1002.56
fa703f36-39be-4426-9648-316d4048009e,35.74123,-78.780359,25,5423.86
2e2b1f5e-8c30-4972-ac42-0dc085fa20b5,35.7469071142275,-78.88497832624,20,2537.27
45432d3b-3193-4a6f-b5db-f839a623be9d,35.7447786912862,-78.8727253283014,41,3737.58
833ae665-e798-4b8c-9e7a-a8ac2824b5d8,35.7651766100631,-78.7524012477637,36,6764.81
fa703f36-39be-4426-9648-316d4048009e,35.7552333028315,-78.782849578001,19,3835.53
db8d744b-4628-47cb-b687-a85ba94d94c0,35.741237,-78.780016,5,1032.75
732cf6b5-6601-400b-9d7b-edd5bf32e7d1,35.7875657484924,-78.7758361966746,34,3189.38
3d55eee4-8654-44f4-ae2e-b905e511a090,35.7833557596266,-78.7947697855534,9,1472.73
732cf6b5-6601-400b-9d7b-edd5bf32e7d1,35.790221097411,-78.7779806852942,56,4243.42
ad6cf4f3-9148-47f3-b22a-d6f3ead3c348,35.777112997132,-78.7321552035968,40,6755.37
45432d3b-3193-4a6f-b5db-f839a623be9d,35.735389570794,-78.8959648002737,8,725.08
39a6d8b3-53d9-437c-8834-40ddfa51e88f,35.766941,-78.75754,20,4884.91
833ae665-e798-4b8c-9e7a-a8ac2824b5d8,35.763339689778,-78.7465422861355,34,6198.36
6e52eb86-fc1f-4ee2-8ba1-46755a74842f,35.7359579569825,-78.8543846008516,51,3008.77
9018b8b5-5108-4b52-bd20-e1a97d054993,35.8132612755421,-78.8193481118444,35,6018.7
560b17f8-9f95-4019-b51a-1e728c18a6c9,35.785008136799,-78.8263044164724,24,4714.51
39a6d8b3-53d9-437c-8834-40ddfa51e88f,35.7882495490318,-78.781249343834,1,50.54
a158cbe7-49b9-4b9b-9187-ad5767819f6c,35.763771,-78.823277,20,5630.58
45432d3b-3193-4a6f-b5db-f839a623be9d,35.7465805984945,-78.8864882214056,23,2391.24
cda69c6f-f4fc-421f-992a-fd15d068f3e3,35.79607473873,-78.7065191196935,6,780.84
732cf6b5-6601-400b-9d7b-edd5bf32e7d1,35.7900151576816,-78.7809516393026,62,4516.18
2e2b1f5e-8c30-4972-ac42-0dc085fa20b5,35.7461423126544,-78.8763206527424,27,3368.9
732cf6b5-6601-400b-9d7b-edd5bf32e7d1,35.7865447738925,-78.7895025851145,29,1951.89
560b17f8-9f95-4019-b51a-1e728c18a6c9,35.7879330017979,-78.8693184191478,2,168.67
2e2b1f5e-8c30-4972-ac42-0dc085fa20b5,35.7230310573,-78.847407778943,70,11368.15
005c5c51-3198-4ce1-8c26-bb7c7f39ea2f,35.796678,-78.782972,4,1002.08
45432d3b-3193-4a6f-b5db-f839a623be9d,35.7252729350453,-78.8485987132571,91,11932.92
2e2b1f5e-8c30-4972-ac42-0dc085fa20b5,35.71916,-78.843082,49,7810.7
560b17f8-9f95-4019-b51a-1e728c18a6c9,35.78947,-78.854617,7,1514.05
170a315b-7e87-4fb7-a5f1-16b359de1a70,35.7378851317099,-78.8891845279446,107,8679.82
6e52eb86-fc1f-4ee2-8ba1-46755a74842f,35.7377472974841,-78.8892723137544,125,9078.74
9018b8b5-5108-4b52-bd20-e1a97d054993,35.8271478719936,-78.8042399478966,21,3794.3
