trip_id,arrival_time,departure_time,stop_id,location_id,stop_sequence,start_pickup_drop_off_window,end_pickup_drop_off_window,stop_headsign,pickup_type,drop_off_type,timepoint,shape_dist_traveled
592875,05:55:00,05:55:00,153909,,1,,,,,,1,0
592875,05:56:00,05:56:00,154004,,2,,,,,,1,717.34
592875,05:56:00,05:56:00,154003,,3,,,,,,1,1008.38
592875,05:57:00,05:57:00,154177,,4,,,,,,1,1541.73
592875,05:57:00,05:57:00,154176,,5,,,,,,1,1958.79
592875,05:58:00,05:58:00,154182,,6,,,,,,1,2751.56
592875,05:59:00,05:59:00,154180,,7,,,,,,1,3482.33
592875,05:59:00,05:59:00,154183,,8,,,,,,1,3847.57
592875,06:00:00,06:00:00,154181,,9,,,,,,1,4232.88
592875,06:01:00,06:01:00,154060,,10,,,,,,1,4688.58
592875,06:02:00,06:02:00,154184,,11,,,,,,1,5055.09
592875,06:03:00,06:03:00,154047,,12,,,,,,1,5579.05
592875,06:03:00,06:03:00,154045,,13,,,,,,1,6093.18
592875,06:04:00,06:04:00,154046,,14,,,,,,1,6651.06
592875,06:05:00,06:05:00,154017,,15,,,,,,1,7041.76
592875,06:06:00,06:06:00,154015,,16,,,,,,1,7482.71
592875,06:06:00,06:06:00,154016,,17,,,,,,1,7787.28
592875,06:07:00,06:07:00,154121,,18,,,,,,1,8134.56
592875,06:08:00,06:08:00,154128,,19,,,,,,1,8830.36
592875,06:08:00,06:08:00,154131,,20,,,,,,1,9619.63
592875,06:09:00,06:09:00,154122,,21,,,,,,1,9998.7
592875,06:09:00,06:09:00,154123,,22,,,,,,1,10422.77
592875,06:10:00,06:10:00,154124,,23,,,,,,1,10696.62
592875,06:12:00,06:12:00,154134,,24,,,,,,1,11640.61
592875,06:13:00,06:13:00,154117,,25,,,,,,1,12040.27
592875,06:14:00,06:14:00,154125,,26,,,,,,1,12627.78
592875,06:15:00,06:15:00,154136,,27,,,,,,1,12960.96
592875,06:16:00,06:16:00,154127,,28,,,,,,1,13390.14
592875,06:22:00,06:22:00,154101,,29,,,,,,1,15287.57
594401,06:55:00,06:55:00,153909,,1,,,,,,1,0
594401,06:56:00,06:56:00,154004,,2,,,,,,1,717.34
594401,06:56:00,06:56:00,154003,,3,,,,,,1,1008.38
594401,06:57:00,06:57:00,154177,,4,,,,,,1,1541.73
594401,06:57:00,06:57:00,154176,,5,,,,,,1,1958.79
594401,06:58:00,06:58:00,154182,,6,,,,,,1,2751.56
594401,06:59:00,06:59:00,154180,,7,,,,,,1,3482.33
594401,06:59:00,06:59:00,154183,,8,,,,,,1,3847.57
594401,07:00:00,07:00:00,154181,,9,,,,,,1,4232.88
594401,07:01:00,07:01:00,154060,,10,,,,,,1,4688.58
594401,07:02:00,07:02:00,154184,,11,,,,,,1,5055.09
594401,07:03:00,07:03:00,154047,,12,,,,,,1,5579.05
594401,07:03:00,07:03:00,154045,,13,,,,,,1,6093.18
594401,07:04:00,07:04:00,154046,,14,,,,,,1,6651.06
594401,07:05:00,07:05:00,154017,,15,,,,,,1,7041.76
594401,07:06:00,07:06:00,154015,,16,,,,,,1,7482.71
594401,07:06:00,07:06:00,154016,,17,,,,,,1,7787.28
594401,07:07:00,07:07:00,154121,,18,,,,,,1,8134.56
594401,07:08:00,07:08:00,154128,,19,,,,,,1,8830.36
594401,07:08:00,07:08:00,154131,,20,,,,,,1,9619.63
594401,07:09:00,07:09:00,154122,,21,,,,,,1,9998.7
594401,07:09:00,07:09:00,154123,,22,,,,,,1,10422.77
594401,07:10:00,07:10:00,154124,,23,,,,,,1,10696.62
594401,07:12:00,07:12:00,154134,,24,,,,,,1,11640.61
594401,07:13:00,07:13:00,154117,,25,,,,,,1,12040.27
594401,07:14:00,07:14:00,154125,,26,,,,,,1,12627.78
594401,07:15:00,07:15:00,154136,,27,,,,,,1,12960.96
594401,07:16:00,07:16:00,154127,,28,,,,,,1,13390.14
594401,07:22:00,07:22:00,154101,,29,,,,,,1,15287.57
594402,07:55:00,07:55:00,153909,,1,,,,,,1,0
594402,07:56:00,07:56:00,154004,,2,,,,,,1,717.34
594402,07:56:00,07:56:00,154003,,3,,,,,,1,1008.38
594402,07:57:00,07:57:00,154177,,4,,,,,,1,1541.73
594402,07:57:00,07:57:00,154176,,5,,,,,,1,1958.79
594402,07:58:00,07:58:00,154182,,6,,,,,,1,2751.56
594402,07:59:00,07:59:00,154180,,7,,,,,,1,3482.33
594402,07:59:00,07:59:00,154183,,8,,,,,,1,3847.57
594402,08:00:00,08:00:00,154181,,9,,,,,,1,4232.88
594402,08:01:00,08:01:00,154060,,10,,,,,,1,4688.58
594402,08:02:00,08:02:00,154184,,11,,,,,,1,5055.09
594402,08:03:00,08:03:00,154047,,12,,,,,,1,5579.05
594402,08:03:00,08:03:00,154045,,13,,,,,,1,6093.18
594402,08:04:00,08:04:00,154046,,14,,,,,,1,6651.06
594402,08:05:00,08:05:00,154017,,15,,,,,,1,7041.76
594402,08:06:00,08:06:00,154015,,16,,,,,,1,7482.71
594402,08:06:00,08:06:00,154016,,17,,,,,,1,7787.28
594402,08:07:00,08:07:00,154121,,18,,,,,,1,8134.56
594402,08:08:00,08:08:00,154128,,19,,,,,,1,8830.36
594402,08:08:00,08:08:00,154131,,20,,,,,,1,9619.63
594402,08:09:00,08:09:00,154122,,21,,,,,,1,9998.7
594402,08:09:00,08:09:00,154123,,22,,,,,,1,10422.77
594402,08:10:00,08:10:00,154124,,23,,,,,,1,10696.62
594402,08:12:00,08:12:00,154134,,24,,,,,,1,11640.61
594402,08:13:00,08:13:00,154117,,25,,,,,,1,12040.27
594402,08:14:00,08:14:00,154125,,26,,,,,,1,12627.78
594402,08:15:00,08:15:00,154136,,27,,,,,,1,12960.96
594402,08:16:00,08:16:00,154127,,28,,,,,,1,13390.14
594402,08:22:00,08:22:00,154101,,29,,,,,,1,15287.57
594403,08:55:00,08:55:00,153909,,1,,,,,,1,0
594403,08:56:00,08:56:00,154004,,2,,,,,,1,717.34
594403,08:56:00,08:56:00,154003,,3,,,,,,1,1008.38
594403,08:57:00,08:57:00,154177,,4,,,,,,1,1541.73
594403,08:57:00,08:57:00,154176,,5,,,,,,1,1958.79
594403,08:58:00,08:58:00,154182,,6,,,,,,1,2751.56
594403,08:59:00,08:59:00,154180,,7,,,,,,1,3482.33
594403,08:59:00,08:59:00,154183,,8,,,,,,1,3847.57
594403,09:00:00,09:00:00,154181,,9,,,,,,1,4232.88
594403,09:01:00,09:01:00,154060,,10,,,,,,1,4688.58
594403,09:02:00,09:02:00,154184,,11,,,,,,1,5055.09
594403,09:03:00,09:03:00,154047,,12,,,,,,1,5579.05
594403,09:03:00,09:03:00,154045,,13,,,,,,1,6093.18
594403,09:04:00,09:04:00,154046,,14,,,,,,1,6651.06
594403,09:05:00,09:05:00,154017,,15,,,,,,1,7041.76
594403,09:06:00,09:06:00,154015,,16,,,,,,1,7482.71
594403,09:06:00,09:06:00,154016,,17,,,,,,1,7787.28
594403,09:07:00,09:07:00,154121,,18,,,,,,1,8134.56
594403,09:08:00,09:08:00,154128,,19,,,,,,1,8830.36
594403,09:08:00,09:08:00,154131,,20,,,,,,1,9619.63
594403,09:09:00,09:09:00,154122,,21,,,,,,1,9998.7
594403,09:09:00,09:09:00,154123,,22,,,,,,1,10422.77
594403,09:10:00,09:10:00,154124,,23,,,,,,1,10696.62
594403,09:12:00,09:12:00,154134,,24,,,,,,1,11640.61
594403,09:13:00,09:13:00,154117,,25,,,,,,1,12040.27
594403,09:14:00,09:14:00,154125,,26,,,,,,1,12627.78
594403,09:15:00,09:15:00,154136,,27,,,,,,1,12960.96
594403,09:16:00,09:16:00,154127,,28,,,,,,1,13390.14
594403,09:22:00,09:22:00,154101,,29,,,,,,1,15287.57
594404,09:55:00,09:55:00,153909,,1,,,,,,1,0
594404,09:56:00,09:56:00,154004,,2,,,,,,1,717.34
594404,09:56:00,09:56:00,154003,,3,,,,,,1,1008.38
594404,09:57:00,09:57:00,154177,,4,,,,,,1,1541.73
594404,09:57:00,09:57:00,154176,,5,,,,,,1,1958.79
594404,09:58:00,09:58:00,154182,,6,,,,,,1,2751.56
594404,09:59:00,09:59:00,154180,,7,,,,,,1,3482.33
594404,09:59:00,09:59:00,154183,,8,,,,,,1,3847.57
594404,10:00:00,10:00:00,154181,,9,,,,,,1,4232.88
594404,10:01:00,10:01:00,154060,,10,,,,,,1,4688.58
594404,10:02:00,10:02:00,154184,,11,,,,,,1,5055.09
594404,10:03:00,10:03:00,154047,,12,,,,,,1,5579.05
594404,10:03:00,10:03:00,154045,,13,,,,,,1,6093.18
594404,10:04:00,10:04:00,154046,,14,,,,,,1,6651.06
594404,10:05:00,10:05:00,154017,,15,,,,,,1,7041.76
594404,10:06:00,10:06:00,154015,,16,,,,,,1,7482.71
594404,10:06:00,10:06:00,154016,,17,,,,,,1,7787.28
594404,10:07:00,10:07:00,154121,,18,,,,,,1,8134.56
594404,10:08:00,10:08:00,154128,,19,,,,,,1,8830.36
594404,10:08:00,10:08:00,154131,,20,,,,,,1,9619.63
594404,10:09:00,10:09:00,154122,,21,,,,,,1,9998.7
594404,10:09:00,10:09:00,154123,,22,,,,,,1,10422.77
594404,10:10:00,10:10:00,154124,,23,,,,,,1,10696.62
594404,10:12:00,10:12:00,154134,,24,,,,,,1,11640.61
594404,10:13:00,10:13:00,154117,,25,,,,,,1,12040.27
594404,10:14:00,10:14:00,154125,,26,,,,,,1,12627.78
594404,10:15:00,10:15:00,154136,,27,,,,,,1,12960.96
594404,10:16:00,10:16:00,154127,,28,,,,,,1,13390.14
594404,10:22:00,10:22:00,154101,,29,,,,,,1,15287.57
594405,10:55:00,10:55:00,153909,,1,,,,,,1,0
594405,10:56:00,10:56:00,154004,,2,,,,,,1,717.34
594405,10:56:00,10:56:00,154003,,3,,,,,,1,1008.38
594405,10:57:00,10:57:00,154177,,4,,,,,,1,1541.73
594405,10:57:00,10:57:00,154176,,5,,,,,,1,1958.79
594405,10:58:00,10:58:00,154182,,6,,,,,,1,2751.56
594405,10:59:00,10:59:00,154180,,7,,,,,,1,3482.33
594405,10:59:00,10:59:00,154183,,8,,,,,,1,3847.57
594405,11:00:00,11:00:00,154181,,9,,,,,,1,4232.88
594405,11:01:00,11:01:00,154060,,10,,,,,,1,4688.58
594405,11:02:00,11:02:00,154184,,11,,,,,,1,5055.09
594405,11:03:00,11:03:00,154047,,12,,,,,,1,5579.05
594405,11:03:00,11:03:00,154045,,13,,,,,,1,6093.18
594405,11:04:00,11:04:00,154046,,14,,,,,,1,6651.06
594405,11:05:00,11:05:00,154017,,15,,,,,,1,7041.76
594405,11:06:00,11:06:00,154015,,16,,,,,,1,7482.71
594405,11:06:00,11:06:00,154016,,17,,,,,,1,7787.28
594405,11:07:00,11:07:00,154121,,18,,,,,,1,8134.56
594405,11:08:00,11:08:00,154128,,19,,,,,,1,8830.36
594405,11:08:00,11:08:00,154131,,20,,,,,,1,9619.63
594405,11:09:00,11:09:00,154122,,21,,,,,,1,9998.7
594405,11:09:00,11:09:00,154123,,22,,,,,,1,10422.77
594405,11:10:00,11:10:00,154124,,23,,,,,,1,10696.62
594405,11:12:00,11:12:00,154134,,24,,,,,,1,11640.61
594405,11:13:00,11:13:00,154117,,25,,,,,,1,12040.27
594405,11:14:00,11:14:00,154125,,26,,,,,,1,12627.78
594405,11:15:00,11:15:00,154136,,27,,,,,,1,12960.96
594405,11:16:00,11:16:00,154127,,28,,,,,,1,13390.14
594405,11:22:00,11:22:00,154101,,29,,,,,,1,15287.57
594406,11:55:00,11:55:00,153909,,1,,,,,,1,0
594406,11:56:00,11:56:00,154004,,2,,,,,,1,717.34
594406,11:56:00,11:56:00,154003,,3,,,,,,1,1008.38
594406,11:57:00,11:57:00,154177,,4,,,,,,1,1541.73
594406,11:57:00,11:57:00,154176,,5,,,,,,1,1958.79
594406,11:58:00,11:58:00,154182,,6,,,,,,1,2751.56
594406,11:59:00,11:59:00,154180,,7,,,,,,1,3482.33
594406,11:59:00,11:59:00,154183,,8,,,,,,1,3847.57
594406,12:00:00,12:00:00,154181,,9,,,,,,1,4232.88
594406,12:01:00,12:01:00,154060,,10,,,,,,1,4688.58
594406,12:02:00,12:02:00,154184,,11,,,,,,1,5055.09
594406,12:03:00,12:03:00,154047,,12,,,,,,1,5579.05
594406,12:03:00,12:03:00,154045,,13,,,,,,1,6093.18
594406,12:04:00,12:04:00,154046,,14,,,,,,1,6651.06
594406,12:05:00,12:05:00,154017,,15,,,,,,1,7041.76
594406,12:06:00,12:06:00,154015,,16,,,,,,1,7482.71
594406,12:06:00,12:06:00,154016,,17,,,,,,1,7787.28
594406,12:07:00,12:07:00,154121,,18,,,,,,1,8134.56
594406,12:08:00,12:08:00,154128,,19,,,,,,1,8830.36
594406,12:08:00,12:08:00,154131,,20,,,,,,1,9619.63
594406,12:09:00,12:09:00,154122,,21,,,,,,1,9998.7
594406,12:09:00,12:09:00,154123,,22,,,,,,1,10422.77
594406,12:10:00,12:10:00,154124,,23,,,,,,1,10696.62
594406,12:12:00,12:12:00,154134,,24,,,,,,1,11640.61
594406,12:13:00,12:13:00,154117,,25,,,,,,1,12040.27
594406,12:14:00,12:14:00,154125,,26,,,,,,1,12627.78
594406,12:15:00,12:15:00,154136,,27,,,,,,1,12960.96
594406,12:16:00,12:16:00,154127,,28,,,,,,1,13390.14
594406,12:22:00,12:22:00,154101,,29,,,,,,1,15287.57
594407,13:03:00,13:03:00,153909,,1,,,,,,1,0
594407,13:04:00,13:04:00,154004,,2,,,,,,1,717.34
594407,13:04:00,13:04:00,154003,,3,,,,,,1,1008.38
594407,13:05:00,13:05:00,154177,,4,,,,,,1,1541.73
594407,13:05:00,13:05:00,154176,,5,,,,,,1,1958.79
594407,13:06:00,13:06:00,154182,,6,,,,,,1,2751.56
594407,13:07:00,13:07:00,154180,,7,,,,,,1,3482.33
594407,13:07:00,13:07:00,154183,,8,,,,,,1,3847.57
594407,13:08:00,13:08:00,154181,,9,,,,,,1,4232.88
594407,13:10:00,13:10:00,154060,,10,,,,,,1,4688.58
594407,13:11:00,13:11:00,154184,,11,,,,,,1,5055.09
594407,13:12:00,13:12:00,154047,,12,,,,,,1,5579.05
594407,13:12:00,13:12:00,154045,,13,,,,,,1,6093.18
594407,13:13:00,13:13:00,154046,,14,,,,,,1,6651.06
594407,13:14:00,13:14:00,154017,,15,,,,,,1,7041.76
594407,13:15:00,13:15:00,154015,,16,,,,,,1,7482.71
594407,13:16:00,13:16:00,154016,,17,,,,,,1,7787.28
594407,13:17:00,13:17:00,154121,,18,,,,,,1,8134.56
594407,13:18:00,13:18:00,154128,,19,,,,,,1,8830.36
594407,13:18:00,13:18:00,154131,,20,,,,,,1,9619.63
594407,13:19:00,13:19:00,154122,,21,,,,,,1,9998.7
594407,13:19:00,13:19:00,154123,,22,,,,,,1,10422.77
594407,13:20:00,13:20:00,154124,,23,,,,,,1,10696.62
594407,13:23:00,13:23:00,154134,,24,,,,,,1,11640.61
594407,13:24:00,13:24:00,154117,,25,,,,,,1,12040.27
594407,13:24:00,13:24:00,154125,,26,,,,,,1,12627.78
594407,13:25:00,13:25:00,154136,,27,,,,,,1,12960.96
594407,13:27:00,13:27:00,154127,,28,,,,,,1,13390.14
594407,13:35:00,13:35:00,154101,,29,,,,,,1,15287.57
594408,14:18:00,14:18:00,153909,,1,,,,,,1,0
594408,14:19:00,14:19:00,154004,,2,,,,,,1,717.34
594408,14:19:00,14:19:00,154003,,3,,,,,,1,1008.38
594408,14:20:00,14:20:00,154177,,4,,,,,,1,1541.73
594408,14:20:00,14:20:00,154176,,5,,,,,,1,1958.79
594408,14:21:00,14:21:00,154182,,6,,,,,,1,2751.56
594408,14:22:00,14:22:00,154180,,7,,,,,,1,3482.33
594408,14:22:00,14:22:00,154183,,8,,,,,,1,3847.57
594408,14:23:00,14:23:00,154181,,9,,,,,,1,4232.88
594408,14:25:00,14:25:00,154060,,10,,,,,,1,4688.58
594408,14:26:00,14:26:00,154184,,11,,,,,,1,5055.09
594408,14:27:00,14:27:00,154047,,12,,,,,,1,5579.05
594408,14:27:00,14:27:00,154045,,13,,,,,,1,6093.18
594408,14:28:00,14:28:00,154046,,14,,,,,,1,6651.06
594408,14:29:00,14:29:00,154017,,15,,,,,,1,7041.76
594408,14:30:00,14:30:00,154015,,16,,,,,,1,7482.71
594408,14:31:00,14:31:00,154016,,17,,,,,,1,7787.28
594408,14:32:00,14:32:00,154121,,18,,,,,,1,8134.56
594408,14:33:00,14:33:00,154128,,19,,,,,,1,8830.36
594408,14:33:00,14:33:00,154131,,20,,,,,,1,9619.63
594408,14:34:00,14:34:00,154122,,21,,,,,,1,9998.7
594408,14:34:00,14:34:00,154123,,22,,,,,,1,10422.77
594408,14:35:00,14:35:00,154124,,23,,,,,,1,10696.62
594408,14:38:00,14:38:00,154134,,24,,,,,,1,11640.61
594408,14:39:00,14:39:00,154117,,25,,,,,,1,12040.27
594408,14:40:00,14:40:00,154125,,26,,,,,,1,12627.78
594408,14:41:00,14:41:00,154136,,27,,,,,,1,12960.96
594408,14:42:00,14:42:00,154127,,28,,,,,,1,13390.14
594408,14:50:00,14:50:00,154101,,29,,,,,,1,15287.57
594409,15:33:00,15:33:00,153909,,1,,,,,,1,0
594409,15:34:00,15:34:00,154004,,2,,,,,,1,717.34
594409,15:34:00,15:34:00,154003,,3,,,,,,1,1008.38
594409,15:35:00,15:35:00,154177,,4,,,,,,1,1541.73
594409,15:35:00,15:35:00,154176,,5,,,,,,1,1958.79
594409,15:36:00,15:36:00,154182,,6,,,,,,1,2751.56
594409,15:37:00,15:37:00,154180,,7,,,,,,1,3482.33
594409,15:37:00,15:37:00,154183,,8,,,,,,1,3847.57
594409,15:38:00,15:38:00,154181,,9,,,,,,1,4232.88
594409,15:40:00,15:40:00,154060,,10,,,,,,1,4688.58
594409,15:41:00,15:41:00,154184,,11,,,,,,1,5055.09
594409,15:42:00,15:42:00,154047,,12,,,,,,1,5579.05
594409,15:42:00,15:42:00,154045,,13,,,,,,1,6093.18
594409,15:43:00,15:43:00,154046,,14,,,,,,1,6651.06
594409,15:44:00,15:44:00,154017,,15,,,,,,1,7041.76
594409,15:45:00,15:45:00,154015,,16,,,,,,1,7482.71
594409,15:46:00,15:46:00,154016,,17,,,,,,1,7787.28
594409,15:47:00,15:47:00,154121,,18,,,,,,1,8134.56
594409,15:48:00,15:48:00,154128,,19,,,,,,1,8830.36
594409,15:48:00,15:48:00,154131,,20,,,,,,1,9619.63
594409,15:49:00,15:49:00,154122,,21,,,,,,1,9998.7
594409,15:49:00,15:49:00,154123,,22,,,,,,1,10422.77
594409,15:50:00,15:50:00,154124,,23,,,,,,1,10696.62
594409,15:53:00,15:53:00,154134,,24,,,,,,1,11640.61
594409,15:54:00,15:54:00,154117,,25,,,,,,1,12040.27
594409,15:55:00,15:55:00,154125,,26,,,,,,1,12627.78
594409,15:56:00,15:56:00,154136,,27,,,,,,1,12960.96
594409,15:57:00,15:57:00,154127,,28,,,,,,1,13390.14
594409,16:05:00,16:05:00,154101,,29,,,,,,1,15287.57
594410,16:48:00,16:48:00,153909,,1,,,,,,1,0
594410,16:49:00,16:49:00,154004,,2,,,,,,1,717.34
594410,16:49:00,16:49:00,154003,,3,,,,,,1,1008.38
594410,16:50:00,16:50:00,154177,,4,,,,,,1,1541.73
594410,16:50:00,16:50:00,154176,,5,,,,,,1,1958.79
594410,16:51:00,16:51:00,154182,,6,,,,,,1,2751.56
594410,16:52:00,16:52:00,154180,,7,,,,,,1,3482.33
594410,16:52:00,16:52:00,154183,,8,,,,,,1,3847.57
594410,16:53:00,16:53:00,154181,,9,,,,,,1,4232.88
594410,16:55:00,16:55:00,154060,,10,,,,,,1,4688.58
594410,16:56:00,16:56:00,154184,,11,,,,,,1,5055.09
594410,16:57:00,16:57:00,154047,,12,,,,,,1,5579.05
594410,16:57:00,16:57:00,154045,,13,,,,,,1,6093.18
594410,16:58:00,16:58:00,154046,,14,,,,,,1,6651.06
594410,16:59:00,16:59:00,154017,,15,,,,,,1,7041.76
594410,17:00:00,17:00:00,154015,,16,,,,,,1,7482.71
594410,17:01:00,17:01:00,154016,,17,,,,,,1,7787.28
594410,17:02:00,17:02:00,154121,,18,,,,,,1,8134.56
594410,17:03:00,17:03:00,154128,,19,,,,,,1,8830.36
594410,17:03:00,17:03:00,154131,,20,,,,,,1,9619.63
594410,17:04:00,17:04:00,154122,,21,,,,,,1,9998.7
594410,17:04:00,17:04:00,154123,,22,,,,,,1,10422.77
594410,17:05:00,17:05:00,154124,,23,,,,,,1,10696.62
594410,17:08:00,17:08:00,154134,,24,,,,,,1,11640.61
594410,17:09:00,17:09:00,154117,,25,,,,,,1,12040.27
594410,17:10:00,17:10:00,154125,,26,,,,,,1,12627.78
594410,17:11:00,17:11:00,154136,,27,,,,,,1,12960.96
594410,17:12:00,17:12:00,154127,,28,,,,,,1,13390.14
594410,17:20:00,17:20:00,154101,,29,,,,,,1,15287.57
594411,17:55:00,17:55:00,153909,,1,,,,,,1,0
594411,17:56:00,17:56:00,154004,,2,,,,,,1,717.34
594411,17:56:00,17:56:00,154003,,3,,,,,,1,1008.38
594411,17:57:00,17:57:00,154177,,4,,,,,,1,1541.73
594411,17:57:00,17:57:00,154176,,5,,,,,,1,1958.79
594411,17:58:00,17:58:00,154182,,6,,,,,,1,2751.56
594411,17:59:00,17:59:00,154180,,7,,,,,,1,3482.33
594411,17:59:00,17:59:00,154183,,8,,,,,,1,3847.57
594411,18:00:00,18:00:00,154181,,9,,,,,,1,4232.88
594411,18:01:00,18:01:00,154060,,10,,,,,,1,4688.58
594411,18:02:00,18:02:00,154184,,11,,,,,,1,5055.09
594411,18:03:00,18:03:00,154047,,12,,,,,,1,5579.05
594411,18:03:00,18:03:00,154045,,13,,,,,,1,6093.18
594411,18:04:00,18:04:00,154046,,14,,,,,,1,6651.06
594411,18:05:00,18:05:00,154017,,15,,,,,,1,7041.76
594411,18:06:00,18:06:00,154015,,16,,,,,,1,7482.71
594411,18:06:00,18:06:00,154016,,17,,,,,,1,7787.28
594411,18:07:00,18:07:00,154121,,18,,,,,,1,8134.56
594411,18:08:00,18:08:00,154128,,19,,,,,,1,8830.36
594411,18:08:00,18:08:00,154131,,20,,,,,,1,9619.63
594411,18:09:00,18:09:00,154122,,21,,,,,,1,9998.7
594411,18:09:00,18:09:00,154123,,22,,,,,,1,10422.77
594411,18:10:00,18:10:00,154124,,23,,,,,,1,10696.62
594411,18:12:00,18:12:00,154134,,24,,,,,,1,11640.61
594411,18:13:00,18:13:00,154117,,25,,,,,,1,12040.27
594411,18:14:00,18:14:00,154125,,26,,,,,,1,12627.78
594411,18:15:00,18:15:00,154136,,27,,,,,,1,12960.96
594411,18:16:00,18:16:00,154127,,28,,,,,,1,13390.14
594411,18:22:00,18:22:00,154101,,29,,,,,,1,15287.57
594412,18:55:00,18:55:00,153909,,1,,,,,,1,0
594412,18:56:00,18:56:00,154004,,2,,,,,,1,717.34
594412,18:56:00,18:56:00,154003,,3,,,,,,1,1008.38
594412,18:57:00,18:57:00,154177,,4,,,,,,1,1541.73
594412,18:57:00,18:57:00,154176,,5,,,,,,1,1958.79
594412,18:58:00,18:58:00,154182,,6,,,,,,1,2751.56
594412,18:59:00,18:59:00,154180,,7,,,,,,1,3482.33
594412,18:59:00,18:59:00,154183,,8,,,,,,1,3847.57
594412,19:00:00,19:00:00,154181,,9,,,,,,1,4232.88
594412,19:01:00,19:01:00,154060,,10,,,,,,1,4688.58
594412,19:02:00,19:02:00,154184,,11,,,,,,1,5055.09
594412,19:03:00,19:03:00,154047,,12,,,,,,1,5579.05
594412,19:03:00,19:03:00,154045,,13,,,,,,1,6093.18
594412,19:04:00,19:04:00,154046,,14,,,,,,1,6651.06
594412,19:05:00,19:05:00,154017,,15,,,,,,1,7041.76
594412,19:06:00,19:06:00,154015,,16,,,,,,1,7482.71
594412,19:06:00,19:06:00,154016,,17,,,,,,1,7787.28
594412,19:07:00,19:07:00,154121,,18,,,,,,1,8134.56
594412,19:08:00,19:08:00,154128,,19,,,,,,1,8830.36
594412,19:08:00,19:08:00,154131,,20,,,,,,1,9619.63
594412,19:09:00,19:09:00,154122,,21,,,,,,1,9998.7
594412,19:09:00,19:09:00,154123,,22,,,,,,1,10422.77
594412,19:10:00,19:10:00,154124,,23,,,,,,1,10696.62
594412,19:12:00,19:12:00,154134,,24,,,,,,1,11640.61
594412,19:13:00,19:13:00,154117,,25,,,,,,1,12040.27
594412,19:14:00,19:14:00,154125,,26,,,,,,1,12627.78
594412,19:15:00,19:15:00,154136,,27,,,,,,1,12960.96
594412,19:16:00,19:16:00,154127,,28,,,,,,1,13390.14
594412,19:22:00,19:22:00,154101,,29,,,,,,1,15287.57
594413,19:55:00,19:55:00,153909,,1,,,,,,1,0
594413,19:56:00,19:56:00,154004,,2,,,,,,1,717.34
594413,19:56:00,19:56:00,154003,,3,,,,,,1,1008.38
594413,19:57:00,19:57:00,154177,,4,,,,,,1,1541.73
594413,19:57:00,19:57:00,154176,,5,,,,,,1,1958.79
594413,19:58:00,19:58:00,154182,,6,,,,,,1,2751.56
594413,19:59:00,19:59:00,154180,,7,,,,,,1,3482.33
594413,19:59:00,19:59:00,154183,,8,,,,,,1,3847.57
594413,20:00:00,20:00:00,154181,,9,,,,,,1,4232.88
594413,20:01:00,20:01:00,154060,,10,,,,,,1,4688.58
594413,20:02:00,20:02:00,154184,,11,,,,,,1,5055.09
594413,20:03:00,20:03:00,154047,,12,,,,,,1,5579.05
594413,20:03:00,20:03:00,154045,,13,,,,,,1,6093.18
594413,20:04:00,20:04:00,154046,,14,,,,,,1,6651.06
594413,20:05:00,20:05:00,154017,,15,,,,,,1,7041.76
594413,20:06:00,20:06:00,154015,,16,,,,,,1,7482.71
594413,20:06:00,20:06:00,154016,,17,,,,,,1,7787.28
594413,20:07:00,20:07:00,154121,,18,,,,,,1,8134.56
594413,20:08:00,20:08:00,154128,,19,,,,,,1,8830.36
594413,20:08:00,20:08:00,154131,,20,,,,,,1,9619.63
594413,20:09:00,20:09:00,154122,,21,,,,,,1,9998.7
594413,20:09:00,20:09:00,154123,,22,,,,,,1,10422.77
594413,20:10:00,20:10:00,154124,,23,,,,,,1,10696.62
594413,20:12:00,20:12:00,154134,,24,,,,,,1,11640.61
594413,20:13:00,20:13:00,154117,,25,,,,,,1,12040.27
594413,20:14:00,20:14:00,154125,,26,,,,,,1,12627.78
594413,20:15:00,20:15:00,154136,,27,,,,,,1,12960.96
594413,20:16:00,20:16:00,154127,,28,,,,,,1,13390.14
594413,20:22:00,20:22:00,154101,,29,,,,,,1,15287.57
594431,08:55:00,08:55:00,153909,,1,,,,,,1,0
594431,08:56:00,08:56:00,154004,,2,,,,,,1,717.34
594431,08:56:00,08:56:00,154003,,3,,,,,,1,1008.38
594431,08:57:00,08:57:00,154177,,4,,,,,,1,1541.73
594431,08:57:00,08:57:00,154176,,5,,,,,,1,1958.79
594431,08:58:00,08:58:00,154182,,6,,,,,,1,2751.56
594431,08:59:00,08:59:00,154180,,7,,,,,,1,3482.33
594431,08:59:00,08:59:00,154183,,8,,,,,,1,3847.57
594431,09:00:00,09:00:00,154181,,9,,,,,,1,4232.88
594431,09:01:00,09:01:00,154060,,10,,,,,,1,4688.58
594431,09:02:00,09:02:00,154184,,11,,,,,,1,5055.09
594431,09:03:00,09:03:00,154047,,12,,,,,,1,5579.05
594431,09:03:00,09:03:00,154045,,13,,,,,,1,6093.18
594431,09:04:00,09:04:00,154046,,14,,,,,,1,6651.06
594431,09:05:00,09:05:00,154017,,15,,,,,,1,7041.76
594431,09:06:00,09:06:00,154015,,16,,,,,,1,7482.71
594431,09:06:00,09:06:00,154016,,17,,,,,,1,7787.28
594431,09:07:00,09:07:00,154121,,18,,,,,,1,8134.56
594431,09:08:00,09:08:00,154128,,19,,,,,,1,8830.36
594431,09:08:00,09:08:00,154131,,20,,,,,,1,9619.63
594431,09:09:00,09:09:00,154122,,21,,,,,,1,9998.7
594431,09:09:00,09:09:00,154123,,22,,,,,,1,10422.77
594431,09:10:00,09:10:00,154124,,23,,,,,,1,10696.62
594431,09:12:00,09:12:00,154134,,24,,,,,,1,11640.61
594431,09:13:00,09:13:00,154117,,25,,,,,,1,12040.27
594431,09:14:00,09:14:00,154125,,26,,,,,,1,12627.78
594431,09:15:00,09:15:00,154136,,27,,,,,,1,12960.96
594431,09:16:00,09:16:00,154127,,28,,,,,,1,13390.14
594431,09:22:00,09:22:00,154101,,29,,,,,,1,15287.57
594432,09:55:00,09:55:00,153909,,1,,,,,,1,0
594432,09:56:00,09:56:00,154004,,2,,,,,,1,717.34
594432,09:56:00,09:56:00,154003,,3,,,,,,1,1008.38
594432,09:57:00,09:57:00,154177,,4,,,,,,1,1541.73
594432,09:57:00,09:57:00,154176,,5,,,,,,1,1958.79
594432,09:58:00,09:58:00,154182,,6,,,,,,1,2751.56
594432,09:59:00,09:59:00,154180,,7,,,,,,1,3482.33
594432,09:59:00,09:59:00,154183,,8,,,,,,1,3847.57
594432,10:00:00,10:00:00,154181,,9,,,,,,1,4232.88
594432,10:01:00,10:01:00,154060,,10,,,,,,1,4688.58
594432,10:02:00,10:02:00,154184,,11,,,,,,1,5055.09
594432,10:03:00,10:03:00,154047,,12,,,,,,1,5579.05
594432,10:03:00,10:03:00,154045,,13,,,,,,1,6093.18
594432,10:04:00,10:04:00,154046,,14,,,,,,1,6651.06
594432,10:05:00,10:05:00,154017,,15,,,,,,1,7041.76
594432,10:06:00,10:06:00,154015,,16,,,,,,1,7482.71
594432,10:06:00,10:06:00,154016,,17,,,,,,1,7787.28
594432,10:07:00,10:07:00,154121,,18,,,,,,1,8134.56
594432,10:08:00,10:08:00,154128,,19,,,,,,1,8830.36
594432,10:08:00,10:08:00,154131,,20,,,,,,1,9619.63
594432,10:09:00,10:09:00,154122,,21,,,,,,1,9998.7
594432,10:09:00,10:09:00,154123,,22,,,,,,1,10422.77
594432,10:10:00,10:10:00,154124,,23,,,,,,1,10696.62
594432,10:12:00,10:12:00,154134,,24,,,,,,1,11640.61
594432,10:13:00,10:13:00,154117,,25,,,,,,1,12040.27
594432,10:14:00,10:14:00,154125,,26,,,,,,1,12627.78
594432,10:15:00,10:15:00,154136,,27,,,,,,1,12960.96
594432,10:16:00,10:16:00,154127,,28,,,,,,1,13390.14
594432,10:22:00,10:22:00,154101,,29,,,,,,1,15287.57
594433,10:55:00,10:55:00,153909,,1,,,,,,1,0
594433,10:56:00,10:56:00,154004,,2,,,,,,1,717.34
594433,10:56:00,10:56:00,154003,,3,,,,,,1,1008.38
594433,10:57:00,10:57:00,154177,,4,,,,,,1,1541.73
594433,10:57:00,10:57:00,154176,,5,,,,,,1,1958.79
594433,10:58:00,10:58:00,154182,,6,,,,,,1,2751.56
594433,10:59:00,10:59:00,154180,,7,,,,,,1,3482.33
594433,10:59:00,10:59:00,154183,,8,,,,,,1,3847.57
594433,11:00:00,11:00:00,154181,,9,,,,,,1,4232.88
594433,11:01:00,11:01:00,154060,,10,,,,,,1,4688.58
594433,11:02:00,11:02:00,154184,,11,,,,,,1,5055.09
594433,11:03:00,11:03:00,154047,,12,,,,,,1,5579.05
594433,11:03:00,11:03:00,154045,,13,,,,,,1,6093.18
594433,11:04:00,11:04:00,154046,,14,,,,,,1,6651.06
594433,11:05:00,11:05:00,154017,,15,,,,,,1,7041.76
594433,11:06:00,11:06:00,154015,,16,,,,,,1,7482.71
594433,11:06:00,11:06:00,154016,,17,,,,,,1,7787.28
594433,11:07:00,11:07:00,154121,,18,,,,,,1,8134.56
594433,11:08:00,11:08:00,154128,,19,,,,,,1,8830.36
594433,11:08:00,11:08:00,154131,,20,,,,,,1,9619.63
594433,11:09:00,11:09:00,154122,,21,,,,,,1,9998.7
594433,11:09:00,11:09:00,154123,,22,,,,,,1,10422.77
594433,11:10:00,11:10:00,154124,,23,,,,,,1,10696.62
594433,11:12:00,11:12:00,154134,,24,,,,,,1,11640.61
594433,11:13:00,11:13:00,154117,,25,,,,,,1,12040.27
594433,11:14:00,11:14:00,154125,,26,,,,,,1,12627.78
594433,11:15:00,11:15:00,154136,,27,,,,,,1,12960.96
594433,11:16:00,11:16:00,154127,,28,,,,,,1,13390.14
594433,11:22:00,11:22:00,154101,,29,,,,,,1,15287.57
594434,11:55:00,11:55:00,153909,,1,,,,,,1,0
594434,11:56:00,11:56:00,154004,,2,,,,,,1,717.34
594434,11:56:00,11:56:00,154003,,3,,,,,,1,1008.38
594434,11:57:00,11:57:00,154177,,4,,,,,,1,1541.73
594434,11:57:00,11:57:00,154176,,5,,,,,,1,1958.79
594434,11:58:00,11:58:00,154182,,6,,,,,,1,2751.56
594434,11:59:00,11:59:00,154180,,7,,,,,,1,3482.33
594434,11:59:00,11:59:00,154183,,8,,,,,,1,3847.57
594434,12:00:00,12:00:00,154181,,9,,,,,,1,4232.88
594434,12:01:00,12:01:00,154060,,10,,,,,,1,4688.58
594434,12:02:00,12:02:00,154184,,11,,,,,,1,5055.09
594434,12:03:00,12:03:00,154047,,12,,,,,,1,5579.05
594434,12:03:00,12:03:00,154045,,13,,,,,,1,6093.18
594434,12:04:00,12:04:00,154046,,14,,,,,,1,6651.06
594434,12:05:00,12:05:00,154017,,15,,,,,,1,7041.76
594434,12:06:00,12:06:00,154015,,16,,,,,,1,7482.71
594434,12:06:00,12:06:00,154016,,17,,,,,,1,7787.28
594434,12:07:00,12:07:00,154121,,18,,,,,,1,8134.56
594434,12:08:00,12:08:00,154128,,19,,,,,,1,8830.36
594434,12:08:00,12:08:00,154131,,20,,,,,,1,9619.63
594434,12:09:00,12:09:00,154122,,21,,,,,,1,9998.7
594434,12:09:00,12:09:00,154123,,22,,,,,,1,10422.77
594434,12:10:00,12:10:00,154124,,23,,,,,,1,10696.62
594434,12:12:00,12:12:00,154134,,24,,,,,,1,11640.61
594434,12:13:00,12:13:00,154117,,25,,,,,,1,12040.27
594434,12:14:00,12:14:00,154125,,26,,,,,,1,12627.78
594434,12:15:00,12:15:00,154136,,27,,,,,,1,12960.96
594434,12:16:00,12:16:00,154127,,28,,,,,,1,13390.14
594434,12:22:00,12:22:00,154101,,29,,,,,,1,15287.57
594435,13:03:00,13:03:00,153909,,1,,,,,,1,0
594435,13:04:00,13:04:00,154004,,2,,,,,,1,717.34
594435,13:04:00,13:04:00,154003,,3,,,,,,1,1008.38
594435,13:05:00,13:05:00,154177,,4,,,,,,1,1541.73
594435,13:05:00,13:05:00,154176,,5,,,,,,1,1958.79
594435,13:06:00,13:06:00,154182,,6,,,,,,1,2751.56
594435,13:07:00,13:07:00,154180,,7,,,,,,1,3482.33
594435,13:07:00,13:07:00,154183,,8,,,,,,1,3847.57
594435,13:08:00,13:08:00,154181,,9,,,,,,1,4232.88
594435,13:10:00,13:10:00,154060,,10,,,,,,1,4688.58
594435,13:11:00,13:11:00,154184,,11,,,,,,1,5055.09
594435,13:12:00,13:12:00,154047,,12,,,,,,1,5579.05
594435,13:12:00,13:12:00,154045,,13,,,,,,1,6093.18
594435,13:13:00,13:13:00,154046,,14,,,,,,1,6651.06
594435,13:14:00,13:14:00,154017,,15,,,,,,1,7041.76
594435,13:15:00,13:15:00,154015,,16,,,,,,1,7482.71
594435,13:16:00,13:16:00,154016,,17,,,,,,1,7787.28
594435,13:17:00,13:17:00,154121,,18,,,,,,1,8134.56
594435,13:18:00,13:18:00,154128,,19,,,,,,1,8830.36
594435,13:18:00,13:18:00,154131,,20,,,,,,1,9619.63
594435,13:19:00,13:19:00,154122,,21,,,,,,1,9998.7
594435,13:19:00,13:19:00,154123,,22,,,,,,1,10422.77
594435,13:20:00,13:20:00,154124,,23,,,,,,1,10696.62
594435,13:23:00,13:23:00,154134,,24,,,,,,1,11640.61
594435,13:23:00,13:23:00,154117,,25,,,,,,1,12040.27
594435,13:24:00,13:24:00,154125,,26,,,,,,1,12627.78
594435,13:25:00,13:25:00,154136,,27,,,,,,1,12960.96
594435,13:27:00,13:27:00,154127,,28,,,,,,1,13390.14
594435,13:35:00,13:35:00,154101,,29,,,,,,1,15287.57
594436,14:18:00,14:18:00,153909,,1,,,,,,1,0
594436,14:19:00,14:19:00,154004,,2,,,,,,1,717.34
594436,14:19:00,14:19:00,154003,,3,,,,,,1,1008.38
594436,14:20:00,14:20:00,154177,,4,,,,,,1,1541.73
594436,14:20:00,14:20:00,154176,,5,,,,,,1,1958.79
594436,14:21:00,14:21:00,154182,,6,,,,,,1,2751.56
594436,14:22:00,14:22:00,154180,,7,,,,,,1,3482.33
594436,14:22:00,14:22:00,154183,,8,,,,,,1,3847.57
594436,14:23:00,14:23:00,154181,,9,,,,,,1,4232.88
594436,14:25:00,14:25:00,154060,,10,,,,,,1,4688.58
594436,14:26:00,14:26:00,154184,,11,,,,,,1,5055.09
594436,14:27:00,14:27:00,154047,,12,,,,,,1,5579.05
594436,14:27:00,14:27:00,154045,,13,,,,,,1,6093.18
594436,14:28:00,14:28:00,154046,,14,,,,,,1,6651.06
594436,14:29:00,14:29:00,154017,,15,,,,,,1,7041.76
594436,14:30:00,14:30:00,154015,,16,,,,,,1,7482.71
594436,14:31:00,14:31:00,154016,,17,,,,,,1,7787.28
594436,14:32:00,14:32:00,154121,,18,,,,,,1,8134.56
594436,14:33:00,14:33:00,154128,,19,,,,,,1,8830.36
594436,14:33:00,14:33:00,154131,,20,,,,,,1,9619.63
594436,14:34:00,14:34:00,154122,,21,,,,,,1,9998.7
594436,14:34:00,14:34:00,154123,,22,,,,,,1,10422.77
594436,14:35:00,14:35:00,154124,,23,,,,,,1,10696.62
594436,14:38:00,14:38:00,154134,,24,,,,,,1,11640.61
594436,14:39:00,14:39:00,154117,,25,,,,,,1,12040.27
594436,14:40:00,14:40:00,154125,,26,,,,,,1,12627.78
594436,14:41:00,14:41:00,154136,,27,,,,,,1,12960.96
594436,14:42:00,14:42:00,154127,,28,,,,,,1,13390.14
594436,14:50:00,14:50:00,154101,,29,,,,,,1,15287.57
594437,15:33:00,15:33:00,153909,,1,,,,,,1,0
594437,15:34:00,15:34:00,154004,,2,,,,,,1,717.34
594437,15:34:00,15:34:00,154003,,3,,,,,,1,1008.38
594437,15:35:00,15:35:00,154177,,4,,,,,,1,1541.73
594437,15:35:00,15:35:00,154176,,5,,,,,,1,1958.79
594437,15:36:00,15:36:00,154182,,6,,,,,,1,2751.56
594437,15:37:00,15:37:00,154180,,7,,,,,,1,3482.33
594437,15:37:00,15:37:00,154183,,8,,,,,,1,3847.57
594437,15:38:00,15:38:00,154181,,9,,,,,,1,4232.88
594437,15:40:00,15:40:00,154060,,10,,,,,,1,4688.58
594437,15:41:00,15:41:00,154184,,11,,,,,,1,5055.09
594437,15:42:00,15:42:00,154047,,12,,,,,,1,5579.05
594437,15:42:00,15:42:00,154045,,13,,,,,,1,6093.18
594437,15:43:00,15:43:00,154046,,14,,,,,,1,6651.06
594437,15:44:00,15:44:00,154017,,15,,,,,,1,7041.76
594437,15:45:00,15:45:00,154015,,16,,,,,,1,7482.71
594437,15:46:00,15:46:00,154016,,17,,,,,,1,7787.28
594437,15:47:00,15:47:00,154121,,18,,,,,,1,8134.56
594437,15:48:00,15:48:00,154128,,19,,,,,,1,8830.36
594437,15:48:00,15:48:00,154131,,20,,,,,,1,9619.63
594437,15:49:00,15:49:00,154122,,21,,,,,,1,9998.7
594437,15:49:00,15:49:00,154123,,22,,,,,,1,10422.77
594437,15:50:00,15:50:00,154124,,23,,,,,,1,10696.62
594437,15:53:00,15:53:00,154134,,24,,,,,,1,11640.61
594437,15:54:00,15:54:00,154117,,25,,,,,,1,12040.27
594437,15:55:00,15:55:00,154125,,26,,,,,,1,12627.78
594437,15:56:00,15:56:00,154136,,27,,,,,,1,12960.96
594437,15:57:00,15:57:00,154127,,28,,,,,,1,13390.14
594437,16:05:00,16:05:00,154101,,29,,,,,,1,15287.57
594438,16:48:00,16:48:00,153909,,1,,,,,,1,0
594438,16:49:00,16:49:00,154004,,2,,,,,,1,717.34
594438,16:49:00,16:49:00,154003,,3,,,,,,1,1008.38
594438,16:50:00,16:50:00,154177,,4,,,,,,1,1541.73
594438,16:50:00,16:50:00,154176,,5,,,,,,1,1958.79
594438,16:51:00,16:51:00,154182,,6,,,,,,1,2751.56
594438,16:52:00,16:52:00,154180,,7,,,,,,1,3482.33
594438,16:52:00,16:52:00,154183,,8,,,,,,1,3847.57
594438,16:53:00,16:53:00,154181,,9,,,,,,1,4232.88
594438,16:55:00,16:55:00,154060,,10,,,,,,1,4688.58
594438,16:56:00,16:56:00,154184,,11,,,,,,1,5055.09
594438,16:57:00,16:57:00,154047,,12,,,,,,1,5579.05
594438,16:57:00,16:57:00,154045,,13,,,,,,1,6093.18
594438,16:58:00,16:58:00,154046,,14,,,,,,1,6651.06
594438,16:59:00,16:59:00,154017,,15,,,,,,1,7041.76
594438,17:00:00,17:00:00,154015,,16,,,,,,1,7482.71
594438,17:01:00,17:01:00,154016,,17,,,,,,1,7787.28
594438,17:02:00,17:02:00,154121,,18,,,,,,1,8134.56
594438,17:03:00,17:03:00,154128,,19,,,,,,1,8830.36
594438,17:03:00,17:03:00,154131,,20,,,,,,1,9619.63
594438,17:04:00,17:04:00,154122,,21,,,,,,1,9998.7
594438,17:04:00,17:04:00,154123,,22,,,,,,1,10422.77
594438,17:05:00,17:05:00,154124,,23,,,,,,1,10696.62
594438,17:08:00,17:08:00,154134,,24,,,,,,1,11640.61
594438,17:09:00,17:09:00,154117,,25,,,,,,1,12040.27
594438,17:10:00,17:10:00,154125,,26,,,,,,1,12627.78
594438,17:11:00,17:11:00,154136,,27,,,,,,1,12960.96
594438,17:12:00,17:12:00,154127,,28,,,,,,1,13390.14
594438,17:20:00,17:20:00,154101,,29,,,,,,1,15287.57
594439,17:55:00,17:55:00,153909,,1,,,,,,1,0
594439,17:56:00,17:56:00,154004,,2,,,,,,1,717.34
594439,17:56:00,17:56:00,154003,,3,,,,,,1,1008.38
594439,17:57:00,17:57:00,154177,,4,,,,,,1,1541.73
594439,17:57:00,17:57:00,154176,,5,,,,,,1,1958.79
594439,17:58:00,17:58:00,154182,,6,,,,,,1,2751.56
594439,17:59:00,17:59:00,154180,,7,,,,,,1,3482.33
594439,17:59:00,17:59:00,154183,,8,,,,,,1,3847.57
594439,18:00:00,18:00:00,154181,,9,,,,,,1,4232.88
594439,18:01:00,18:01:00,154060,,10,,,,,,1,4688.58
594439,18:02:00,18:02:00,154184,,11,,,,,,1,5055.09
594439,18:03:00,18:03:00,154047,,12,,,,,,1,5579.05
594439,18:03:00,18:03:00,154045,,13,,,,,,1,6093.18
594439,18:04:00,18:04:00,154046,,14,,,,,,1,6651.06
594439,18:05:00,18:05:00,154017,,15,,,,,,1,7041.76
594439,18:06:00,18:06:00,154015,,16,,,,,,1,7482.71
594439,18:06:00,18:06:00,154016,,17,,,,,,1,7787.28
594439,18:07:00,18:07:00,154121,,18,,,,,,1,8134.56
594439,18:08:00,18:08:00,154128,,19,,,,,,1,8830.36
594439,18:08:00,18:08:00,154131,,20,,,,,,1,9619.63
594439,18:09:00,18:09:00,154122,,21,,,,,,1,9998.7
594439,18:09:00,18:09:00,154123,,22,,,,,,1,10422.77
594439,18:10:00,18:10:00,154124,,23,,,,,,1,10696.62
594439,18:12:00,18:12:00,154134,,24,,,,,,1,11640.61
594439,18:13:00,18:13:00,154117,,25,,,,,,1,12040.27
594439,18:14:00,18:14:00,154125,,26,,,,,,1,12627.78
594439,18:15:00,18:15:00,154136,,27,,,,,,1,12960.96
594439,18:16:00,18:16:00,154127,,28,,,,,,1,13390.14
594439,18:22:00,18:22:00,154101,,29,,,,,,1,15287.57
594440,18:55:00,18:55:00,153909,,1,,,,,,1,0
594440,18:56:00,18:56:00,154004,,2,,,,,,1,717.34
594440,18:56:00,18:56:00,154003,,3,,,,,,1,1008.38
594440,18:57:00,18:57:00,154177,,4,,,,,,1,1541.73
594440,18:57:00,18:57:00,154176,,5,,,,,,1,1958.79
594440,18:58:00,18:58:00,154182,,6,,,,,,1,2751.56
594440,18:59:00,18:59:00,154180,,7,,,,,,1,3482.33
594440,18:59:00,18:59:00,154183,,8,,,,,,1,3847.57
594440,19:00:00,19:00:00,154181,,9,,,,,,1,4232.88
594440,19:01:00,19:01:00,154060,,10,,,,,,1,4688.58
594440,19:02:00,19:02:00,154184,,11,,,,,,1,5055.09
594440,19:03:00,19:03:00,154047,,12,,,,,,1,5579.05
594440,19:03:00,19:03:00,154045,,13,,,,,,1,6093.18
594440,19:04:00,19:04:00,154046,,14,,,,,,1,6651.06
594440,19:05:00,19:05:00,154017,,15,,,,,,1,7041.76
594440,19:06:00,19:06:00,154015,,16,,,,,,1,7482.71
594440,19:06:00,19:06:00,154016,,17,,,,,,1,7787.28
594440,19:07:00,19:07:00,154121,,18,,,,,,1,8134.56
594440,19:08:00,19:08:00,154128,,19,,,,,,1,8830.36
594440,19:08:00,19:08:00,154131,,20,,,,,,1,9619.63
594440,19:09:00,19:09:00,154122,,21,,,,,,1,9998.7
594440,19:09:00,19:09:00,154123,,22,,,,,,1,10422.77
594440,19:10:00,19:10:00,154124,,23,,,,,,1,10696.62
594440,19:12:00,19:12:00,154134,,24,,,,,,1,11640.61
594440,19:13:00,19:13:00,154117,,25,,,,,,1,12040.27
594440,19:14:00,19:14:00,154125,,26,,,,,,1,12627.78
594440,19:15:00,19:15:00,154136,,27,,,,,,1,12960.96
594440,19:16:00,19:16:00,154127,,28,,,,,,1,13390.14
594440,19:22:00,19:22:00,154101,,29,,,,,,1,15287.57
594441,19:55:00,19:55:00,153909,,1,,,,,,1,0
594441,19:56:00,19:56:00,154004,,2,,,,,,1,717.34
594441,19:56:00,19:56:00,154003,,3,,,,,,1,1008.38
594441,19:57:00,19:57:00,154177,,4,,,,,,1,1541.73
594441,19:57:00,19:57:00,154176,,5,,,,,,1,1958.79
594441,19:58:00,19:58:00,154182,,6,,,,,,1,2751.56
594441,19:59:00,19:59:00,154180,,7,,,,,,1,3482.33
594441,19:59:00,19:59:00,154183,,8,,,,,,1,3847.57
594441,20:00:00,20:00:00,154181,,9,,,,,,1,4232.88
594441,20:01:00,20:01:00,154060,,10,,,,,,1,4688.58
594441,20:02:00,20:02:00,154184,,11,,,,,,1,5055.09
594441,20:03:00,20:03:00,154047,,12,,,,,,1,5579.05
594441,20:03:00,20:03:00,154045,,13,,,,,,1,6093.18
594441,20:04:00,20:04:00,154046,,14,,,,,,1,6651.06
594441,20:05:00,20:05:00,154017,,15,,,,,,1,7041.76
594441,20:06:00,20:06:00,154015,,16,,,,,,1,7482.71
594441,20:06:00,20:06:00,154016,,17,,,,,,1,7787.28
594441,20:07:00,20:07:00,154121,,18,,,,,,1,8134.56
594441,20:08:00,20:08:00,154128,,19,,,,,,1,8830.36
594441,20:08:00,20:08:00,154131,,20,,,,,,1,9619.63
594441,20:09:00,20:09:00,154122,,21,,,,,,1,9998.7
594441,20:09:00,20:09:00,154123,,22,,,,,,1,10422.77
594441,20:10:00,20:10:00,154124,,23,,,,,,1,10696.62
594441,20:12:00,20:12:00,154134,,24,,,,,,1,11640.61
594441,20:13:00,20:13:00,154117,,25,,,,,,1,12040.27
594441,20:14:00,20:14:00,154125,,26,,,,,,1,12627.78
594441,20:15:00,20:15:00,154136,,27,,,,,,1,12960.96
594441,20:16:00,20:16:00,154127,,28,,,,,,1,13390.14
594441,20:22:00,20:22:00,154101,,29,,,,,,1,15287.57
592874,05:30:00,05:30:00,154101,,1,,,,,,1,0
592874,05:32:00,05:32:00,154116,,2,,,,,,1,1368.22
592874,05:33:00,05:33:00,154129,,3,,,,,,1,1668.13
592874,05:34:00,05:34:00,154126,,4,,,,,,1,2584.64
592874,05:35:00,05:35:00,154118,,5,,,,,,1,3241.01
592874,05:36:00,05:36:00,154133,,6,,,,,,1,3619.83
592874,05:36:00,05:36:00,154119,,7,,,,,,1,3965.3
592874,05:38:00,05:38:00,153984,,8,,,,,,1,4400.68
592874,05:39:00,05:39:00,154120,,9,,,,,,1,5068.86
592874,05:39:00,05:39:00,154135,,10,,,,,,1,5463.74
592874,05:40:00,05:40:00,154132,,11,,,,,,1,5848.37
592874,05:42:00,05:42:00,154049,,12,,,,,,1,7330.77
592874,05:43:00,05:43:00,153908,,13,,,,,,1,7567.96
592874,05:44:00,05:44:00,154050,,14,,,,,,1,7882.42
592874,05:48:00,05:48:00,154022,,15,,,,,,1,8286.81
592874,05:49:00,05:49:00,154065,,16,,,,,,1,8631.17
592874,05:49:00,05:49:00,154063,,17,,,,,,1,8818.61
592874,05:51:00,05:51:00,154070,,18,,,,,,1,9486.32
592874,05:51:00,05:51:00,154067,,19,,,,,,1,9996.36
592874,05:51:00,05:51:00,154066,,20,,,,,,1,10592.2
592874,05:52:00,05:52:00,154068,,21,,,,,,1,10973.56
592874,05:52:00,05:52:00,154069,,22,,,,,,1,11354.53
592874,05:53:00,05:53:00,154062,,23,,,,,,1,11692.31
592874,05:53:00,05:53:00,154061,,24,,,,,,1,12008.5
592874,05:55:00,05:55:00,153909,,25,,,,,,1,13075.01
594388,06:30:00,06:30:00,154101,,1,,,,,,1,0
594388,06:32:00,06:32:00,154116,,2,,,,,,1,1368.22
594388,06:33:00,06:33:00,154129,,3,,,,,,1,1668.13
594388,06:34:00,06:34:00,154126,,4,,,,,,1,2584.64
594388,06:35:00,06:35:00,154118,,5,,,,,,1,3241.01
594388,06:36:00,06:36:00,154133,,6,,,,,,1,3619.83
594388,06:36:00,06:36:00,154119,,7,,,,,,1,3965.3
594388,06:38:00,06:38:00,153984,,8,,,,,,1,4400.68
594388,06:39:00,06:39:00,154120,,9,,,,,,1,5068.86
594388,06:39:00,06:39:00,154135,,10,,,,,,1,5463.74
594388,06:40:00,06:40:00,154132,,11,,,,,,1,5848.37
594388,06:42:00,06:42:00,154049,,12,,,,,,1,7330.77
594388,06:43:00,06:43:00,153908,,13,,,,,,1,7567.96
594388,06:44:00,06:44:00,154050,,14,,,,,,1,7882.42
594388,06:48:00,06:48:00,154022,,15,,,,,,1,8286.81
594388,06:49:00,06:49:00,154065,,16,,,,,,1,8631.17
594388,06:49:00,06:49:00,154063,,17,,,,,,1,8818.61
594388,06:51:00,06:51:00,154070,,18,,,,,,1,9486.32
594388,06:51:00,06:51:00,154067,,19,,,,,,1,9996.36
594388,06:51:00,06:51:00,154066,,20,,,,,,1,10592.2
594388,06:52:00,06:52:00,154068,,21,,,,,,1,10973.56
594388,06:52:00,06:52:00,154069,,22,,,,,,1,11354.53
594388,06:53:00,06:53:00,154062,,23,,,,,,1,11692.31
594388,06:53:00,06:53:00,154061,,24,,,,,,1,12008.5
594388,06:55:00,06:55:00,153909,,25,,,,,,1,13075.01
594389,07:30:00,07:30:00,154101,,1,,,,,,1,0
594389,07:32:00,07:32:00,154116,,2,,,,,,1,1368.22
594389,07:33:00,07:33:00,154129,,3,,,,,,1,1668.13
594389,07:34:00,07:34:00,154126,,4,,,,,,1,2584.64
594389,07:35:00,07:35:00,154118,,5,,,,,,1,3241.01
594389,07:36:00,07:36:00,154133,,6,,,,,,1,3619.83
594389,07:36:00,07:36:00,154119,,7,,,,,,1,3965.3
594389,07:38:00,07:38:00,153984,,8,,,,,,1,4400.68
594389,07:39:00,07:39:00,154120,,9,,,,,,1,5068.86
594389,07:39:00,07:39:00,154135,,10,,,,,,1,5463.74
594389,07:40:00,07:40:00,154132,,11,,,,,,1,5848.37
594389,07:42:00,07:42:00,154049,,12,,,,,,1,7330.77
594389,07:43:00,07:43:00,153908,,13,,,,,,1,7567.96
594389,07:44:00,07:44:00,154050,,14,,,,,,1,7882.42
594389,07:48:00,07:48:00,154022,,15,,,,,,1,8286.81
594389,07:49:00,07:49:00,154065,,16,,,,,,1,8631.17
594389,07:49:00,07:49:00,154063,,17,,,,,,1,8818.61
594389,07:51:00,07:51:00,154070,,18,,,,,,1,9486.32
594389,07:51:00,07:51:00,154067,,19,,,,,,1,9996.36
594389,07:51:00,07:51:00,154066,,20,,,,,,1,10592.2
594389,07:52:00,07:52:00,154068,,21,,,,,,1,10973.56
594389,07:52:00,07:52:00,154069,,22,,,,,,1,11354.53
594389,07:53:00,07:53:00,154062,,23,,,,,,1,11692.31
594389,07:53:00,07:53:00,154061,,24,,,,,,1,12008.5
594389,07:55:00,07:55:00,153909,,25,,,,,,1,13075.01
594390,08:30:00,08:30:00,154101,,1,,,,,,1,0
594390,08:32:00,08:32:00,154116,,2,,,,,,1,1368.22
594390,08:33:00,08:33:00,154129,,3,,,,,,1,1668.13
594390,08:34:00,08:34:00,154126,,4,,,,,,1,2584.64
594390,08:35:00,08:35:00,154118,,5,,,,,,1,3241.01
594390,08:36:00,08:36:00,154133,,6,,,,,,1,3619.83
594390,08:36:00,08:36:00,154119,,7,,,,,,1,3965.3
594390,08:38:00,08:38:00,153984,,8,,,,,,1,4400.68
594390,08:39:00,08:39:00,154120,,9,,,,,,1,5068.86
594390,08:39:00,08:39:00,154135,,10,,,,,,1,5463.74
594390,08:40:00,08:40:00,154132,,11,,,,,,1,5848.37
594390,08:42:00,08:42:00,154049,,12,,,,,,1,7330.77
594390,08:43:00,08:43:00,153908,,13,,,,,,1,7567.96
594390,08:44:00,08:44:00,154050,,14,,,,,,1,7882.42
594390,08:48:00,08:48:00,154022,,15,,,,,,1,8286.81
594390,08:49:00,08:49:00,154065,,16,,,,,,1,8631.17
594390,08:49:00,08:49:00,154063,,17,,,,,,1,8818.61
594390,08:51:00,08:51:00,154070,,18,,,,,,1,9486.32
594390,08:51:00,08:51:00,154067,,19,,,,,,1,9996.36
594390,08:51:00,08:51:00,154066,,20,,,,,,1,10592.2
594390,08:52:00,08:52:00,154068,,21,,,,,,1,10973.56
594390,08:52:00,08:52:00,154069,,22,,,,,,1,11354.53
594390,08:53:00,08:53:00,154062,,23,,,,,,1,11692.31
594390,08:53:00,08:53:00,154061,,24,,,,,,1,12008.5
594390,08:55:00,08:55:00,153909,,25,,,,,,1,13075.01
594391,09:30:00,09:30:00,154101,,1,,,,,,1,0
594391,09:32:00,09:32:00,154116,,2,,,,,,1,1368.22
594391,09:33:00,09:33:00,154129,,3,,,,,,1,1668.13
594391,09:34:00,09:34:00,154126,,4,,,,,,1,2584.64
594391,09:35:00,09:35:00,154118,,5,,,,,,1,3241.01
594391,09:36:00,09:36:00,154133,,6,,,,,,1,3619.83
594391,09:36:00,09:36:00,154119,,7,,,,,,1,3965.3
594391,09:38:00,09:38:00,153984,,8,,,,,,1,4400.68
594391,09:39:00,09:39:00,154120,,9,,,,,,1,5068.86
594391,09:39:00,09:39:00,154135,,10,,,,,,1,5463.74
594391,09:40:00,09:40:00,154132,,11,,,,,,1,5848.37
594391,09:42:00,09:42:00,154049,,12,,,,,,1,7330.77
594391,09:43:00,09:43:00,153908,,13,,,,,,1,7567.96
594391,09:44:00,09:44:00,154050,,14,,,,,,1,7882.42
594391,09:48:00,09:48:00,154022,,15,,,,,,1,8286.81
594391,09:49:00,09:49:00,154065,,16,,,,,,1,8631.17
594391,09:49:00,09:49:00,154063,,17,,,,,,1,8818.61
594391,09:51:00,09:51:00,154070,,18,,,,,,1,9486.32
594391,09:51:00,09:51:00,154067,,19,,,,,,1,9996.36
594391,09:51:00,09:51:00,154066,,20,,,,,,1,10592.2
594391,09:52:00,09:52:00,154068,,21,,,,,,1,10973.56
594391,09:52:00,09:52:00,154069,,22,,,,,,1,11354.53
594391,09:53:00,09:53:00,154062,,23,,,,,,1,11692.31
594391,09:53:00,09:53:00,154061,,24,,,,,,1,12008.5
594391,09:55:00,09:55:00,153909,,25,,,,,,1,13075.01
594392,10:30:00,10:30:00,154101,,1,,,,,,1,0
594392,10:32:00,10:32:00,154116,,2,,,,,,1,1368.22
594392,10:33:00,10:33:00,154129,,3,,,,,,1,1668.13
594392,10:34:00,10:34:00,154126,,4,,,,,,1,2584.64
594392,10:35:00,10:35:00,154118,,5,,,,,,1,3241.01
594392,10:36:00,10:36:00,154133,,6,,,,,,1,3619.83
594392,10:36:00,10:36:00,154119,,7,,,,,,1,3965.3
594392,10:38:00,10:38:00,153984,,8,,,,,,1,4400.68
594392,10:39:00,10:39:00,154120,,9,,,,,,1,5068.86
594392,10:39:00,10:39:00,154135,,10,,,,,,1,5463.74
594392,10:40:00,10:40:00,154132,,11,,,,,,1,5848.37
594392,10:42:00,10:42:00,154049,,12,,,,,,1,7330.77
594392,10:43:00,10:43:00,153908,,13,,,,,,1,7567.96
594392,10:44:00,10:44:00,154050,,14,,,,,,1,7882.42
594392,10:48:00,10:48:00,154022,,15,,,,,,1,8286.81
594392,10:49:00,10:49:00,154065,,16,,,,,,1,8631.17
594392,10:49:00,10:49:00,154063,,17,,,,,,1,8818.61
594392,10:51:00,10:51:00,154070,,18,,,,,,1,9486.32
594392,10:51:00,10:51:00,154067,,19,,,,,,1,9996.36
594392,10:51:00,10:51:00,154066,,20,,,,,,1,10592.2
594392,10:52:00,10:52:00,154068,,21,,,,,,1,10973.56
594392,10:52:00,10:52:00,154069,,22,,,,,,1,11354.53
594392,10:53:00,10:53:00,154062,,23,,,,,,1,11692.31
594392,10:53:00,10:53:00,154061,,24,,,,,,1,12008.5
594392,10:55:00,10:55:00,153909,,25,,,,,,1,13075.01
594393,11:30:00,11:30:00,154101,,1,,,,,,1,0
594393,11:32:00,11:32:00,154116,,2,,,,,,1,1368.22
594393,11:33:00,11:33:00,154129,,3,,,,,,1,1668.13
594393,11:34:00,11:34:00,154126,,4,,,,,,1,2584.64
594393,11:35:00,11:35:00,154118,,5,,,,,,1,3241.01
594393,11:36:00,11:36:00,154133,,6,,,,,,1,3619.83
594393,11:36:00,11:36:00,154119,,7,,,,,,1,3965.3
594393,11:38:00,11:38:00,153984,,8,,,,,,1,4400.68
594393,11:39:00,11:39:00,154120,,9,,,,,,1,5068.86
594393,11:39:00,11:39:00,154135,,10,,,,,,1,5463.74
594393,11:40:00,11:40:00,154132,,11,,,,,,1,5848.37
594393,11:42:00,11:42:00,154049,,12,,,,,,1,7330.77
594393,11:43:00,11:43:00,153908,,13,,,,,,1,7567.96
594393,11:44:00,11:44:00,154050,,14,,,,,,1,7882.42
594393,11:48:00,11:48:00,154022,,15,,,,,,1,8286.81
594393,11:49:00,11:49:00,154065,,16,,,,,,1,8631.17
594393,11:49:00,11:49:00,154063,,17,,,,,,1,8818.61
594393,11:51:00,11:51:00,154070,,18,,,,,,1,9486.32
594393,11:51:00,11:51:00,154067,,19,,,,,,1,9996.36
594393,11:51:00,11:51:00,154066,,20,,,,,,1,10592.2
594393,11:52:00,11:52:00,154068,,21,,,,,,1,10973.56
594393,11:52:00,11:52:00,154069,,22,,,,,,1,11354.53
594393,11:53:00,11:53:00,154062,,23,,,,,,1,11692.31
594393,11:53:00,11:53:00,154061,,24,,,,,,1,12008.5
594393,11:55:00,11:55:00,153909,,25,,,,,,1,13075.01
594394,12:30:00,12:30:00,154101,,1,,,,,,1,0
594394,12:33:00,12:33:00,154116,,2,,,,,,1,1368.22
594394,12:34:00,12:34:00,154129,,3,,,,,,1,1668.13
594394,12:35:00,12:35:00,154126,,4,,,,,,1,2584.64
594394,12:36:00,12:36:00,154118,,5,,,,,,1,3241.01
594394,12:37:00,12:37:00,154133,,6,,,,,,1,3619.83
594394,12:38:00,12:38:00,154119,,7,,,,,,1,3965.3
594394,12:42:00,12:42:00,153984,,8,,,,,,1,4400.68
594394,12:43:00,12:43:00,154120,,9,,,,,,1,5068.86
594394,12:43:00,12:43:00,154135,,10,,,,,,1,5463.74
594394,12:45:00,12:45:00,154132,,11,,,,,,1,5848.37
594394,12:47:00,12:47:00,154049,,12,,,,,,1,7330.77
594394,12:48:00,12:48:00,153908,,13,,,,,,1,7567.96
594394,12:49:00,12:49:00,154050,,14,,,,,,1,7882.42
594394,12:55:00,12:55:00,154022,,15,,,,,,1,8286.81
594394,12:57:00,12:57:00,154065,,16,,,,,,1,8631.17
594394,12:57:00,12:57:00,154063,,17,,,,,,1,8818.61
594394,12:58:00,12:58:00,154070,,18,,,,,,1,9486.32
594394,12:59:00,12:59:00,154067,,19,,,,,,1,9996.36
594394,12:59:00,12:59:00,154066,,20,,,,,,1,10592.2
594394,13:00:00,13:00:00,154068,,21,,,,,,1,10973.56
594394,13:00:00,13:00:00,154069,,22,,,,,,1,11354.53
594394,13:01:00,13:01:00,154062,,23,,,,,,1,11692.31
594394,13:01:00,13:01:00,154061,,24,,,,,,1,12008.5
594394,13:03:00,13:03:00,153909,,25,,,,,,1,13075.01
594395,13:45:00,13:45:00,154101,,1,,,,,,1,0
594395,13:48:00,13:48:00,154116,,2,,,,,,1,1368.22
594395,13:49:00,13:49:00,154129,,3,,,,,,1,1668.13
594395,13:50:00,13:50:00,154126,,4,,,,,,1,2584.64
594395,13:51:00,13:51:00,154118,,5,,,,,,1,3241.01
594395,13:52:00,13:52:00,154133,,6,,,,,,1,3619.83
594395,13:53:00,13:53:00,154119,,7,,,,,,1,3965.3
594395,13:57:00,13:57:00,153984,,8,,,,,,1,4400.68
594395,13:58:00,13:58:00,154120,,9,,,,,,1,5068.86
594395,13:58:00,13:58:00,154135,,10,,,,,,1,5463.74
594395,14:00:00,14:00:00,154132,,11,,,,,,1,5848.37
594395,14:02:00,14:02:00,154049,,12,,,,,,1,7330.77
594395,14:03:00,14:03:00,153908,,13,,,,,,1,7567.96
594395,14:04:00,14:04:00,154050,,14,,,,,,1,7882.42
594395,14:10:00,14:10:00,154022,,15,,,,,,1,8286.81
594395,14:12:00,14:12:00,154065,,16,,,,,,1,8631.17
594395,14:12:00,14:12:00,154063,,17,,,,,,1,8818.61
594395,14:13:00,14:13:00,154070,,18,,,,,,1,9486.32
594395,14:14:00,14:14:00,154067,,19,,,,,,1,9996.36
594395,14:14:00,14:14:00,154066,,20,,,,,,1,10592.2
594395,14:15:00,14:15:00,154068,,21,,,,,,1,10973.56
594395,14:15:00,14:15:00,154069,,22,,,,,,1,11354.53
594395,14:16:00,14:16:00,154062,,23,,,,,,1,11692.31
594395,14:16:00,14:16:00,154061,,24,,,,,,1,12008.5
594395,14:18:00,14:18:00,153909,,25,,,,,,1,13075.01
594396,15:00:00,15:00:00,154101,,1,,,,,,1,0
594396,15:03:00,15:03:00,154116,,2,,,,,,1,1368.22
594396,15:04:00,15:04:00,154129,,3,,,,,,1,1668.13
594396,15:05:00,15:05:00,154126,,4,,,,,,1,2584.64
594396,15:06:00,15:06:00,154118,,5,,,,,,1,3241.01
594396,15:07:00,15:07:00,154133,,6,,,,,,1,3619.83
594396,15:08:00,15:08:00,154119,,7,,,,,,1,3965.3
594396,15:12:00,15:12:00,153984,,8,,,,,,1,4400.68
594396,15:13:00,15:13:00,154120,,9,,,,,,1,5068.86
594396,15:13:00,15:13:00,154135,,10,,,,,,1,5463.74
594396,15:15:00,15:15:00,154132,,11,,,,,,1,5848.37
594396,15:17:00,15:17:00,154049,,12,,,,,,1,7330.77
594396,15:18:00,15:18:00,153908,,13,,,,,,1,7567.96
594396,15:19:00,15:19:00,154050,,14,,,,,,1,7882.42
594396,15:25:00,15:25:00,154022,,15,,,,,,1,8286.81
594396,15:27:00,15:27:00,154065,,16,,,,,,1,8631.17
594396,15:27:00,15:27:00,154063,,17,,,,,,1,8818.61
594396,15:28:00,15:28:00,154070,,18,,,,,,1,9486.32
594396,15:29:00,15:29:00,154067,,19,,,,,,1,9996.36
594396,15:29:00,15:29:00,154066,,20,,,,,,1,10592.2
594396,15:30:00,15:30:00,154068,,21,,,,,,1,10973.56
594396,15:30:00,15:30:00,154069,,22,,,,,,1,11354.53
594396,15:31:00,15:31:00,154062,,23,,,,,,1,11692.31
594396,15:31:00,15:31:00,154061,,24,,,,,,1,12008.5
594396,15:33:00,15:33:00,153909,,25,,,,,,1,13075.01
594397,16:15:00,16:15:00,154101,,1,,,,,,1,0
594397,16:18:00,16:18:00,154116,,2,,,,,,1,1368.22
594397,16:19:00,16:19:00,154129,,3,,,,,,1,1668.13
594397,16:20:00,16:20:00,154126,,4,,,,,,1,2584.64
594397,16:21:00,16:21:00,154118,,5,,,,,,1,3241.01
594397,16:22:00,16:22:00,154133,,6,,,,,,1,3619.83
594397,16:23:00,16:23:00,154119,,7,,,,,,1,3965.3
594397,16:27:00,16:27:00,153984,,8,,,,,,1,4400.68
594397,16:28:00,16:28:00,154120,,9,,,,,,1,5068.86
594397,16:28:00,16:28:00,154135,,10,,,,,,1,5463.74
594397,16:30:00,16:30:00,154132,,11,,,,,,1,5848.37
594397,16:32:00,16:32:00,154049,,12,,,,,,1,7330.77
594397,16:33:00,16:33:00,153908,,13,,,,,,1,7567.96
594397,16:34:00,16:34:00,154050,,14,,,,,,1,7882.42
594397,16:40:00,16:40:00,154022,,15,,,,,,1,8286.81
594397,16:42:00,16:42:00,154065,,16,,,,,,1,8631.17
594397,16:42:00,16:42:00,154063,,17,,,,,,1,8818.61
594397,16:43:00,16:43:00,154070,,18,,,,,,1,9486.32
594397,16:44:00,16:44:00,154067,,19,,,,,,1,9996.36
594397,16:44:00,16:44:00,154066,,20,,,,,,1,10592.2
594397,16:45:00,16:45:00,154068,,21,,,,,,1,10973.56
594397,16:45:00,16:45:00,154069,,22,,,,,,1,11354.53
594397,16:46:00,16:46:00,154062,,23,,,,,,1,11692.31
594397,16:46:00,16:46:00,154061,,24,,,,,,1,12008.5
594397,16:48:00,16:48:00,153909,,25,,,,,,1,13075.01
594398,17:30:00,17:30:00,154101,,1,,,,,,1,0
594398,17:32:00,17:32:00,154116,,2,,,,,,1,1368.22
594398,17:33:00,17:33:00,154129,,3,,,,,,1,1668.13
594398,17:34:00,17:34:00,154126,,4,,,,,,1,2584.64
594398,17:35:00,17:35:00,154118,,5,,,,,,1,3241.01
594398,17:36:00,17:36:00,154133,,6,,,,,,1,3619.83
594398,17:36:00,17:36:00,154119,,7,,,,,,1,3965.3
594398,17:38:00,17:38:00,153984,,8,,,,,,1,4400.68
594398,17:39:00,17:39:00,154120,,9,,,,,,1,5068.86
594398,17:39:00,17:39:00,154135,,10,,,,,,1,5463.74
594398,17:40:00,17:40:00,154132,,11,,,,,,1,5848.37
594398,17:42:00,17:42:00,154049,,12,,,,,,1,7330.77
594398,17:43:00,17:43:00,153908,,13,,,,,,1,7567.96
594398,17:44:00,17:44:00,154050,,14,,,,,,1,7882.42
594398,17:48:00,17:48:00,154022,,15,,,,,,1,8286.81
594398,17:49:00,17:49:00,154065,,16,,,,,,1,8631.17
594398,17:49:00,17:49:00,154063,,17,,,,,,1,8818.61
594398,17:51:00,17:51:00,154070,,18,,,,,,1,9486.32
594398,17:51:00,17:51:00,154067,,19,,,,,,1,9996.36
594398,17:51:00,17:51:00,154066,,20,,,,,,1,10592.2
594398,17:52:00,17:52:00,154068,,21,,,,,,1,10973.56
594398,17:52:00,17:52:00,154069,,22,,,,,,1,11354.53
594398,17:53:00,17:53:00,154062,,23,,,,,,1,11692.31
594398,17:53:00,17:53:00,154061,,24,,,,,,1,12008.5
594398,17:55:00,17:55:00,153909,,25,,,,,,1,13075.01
594399,18:30:00,18:30:00,154101,,1,,,,,,1,0
594399,18:32:00,18:32:00,154116,,2,,,,,,1,1368.22
594399,18:33:00,18:33:00,154129,,3,,,,,,1,1668.13
594399,18:34:00,18:34:00,154126,,4,,,,,,1,2584.64
594399,18:35:00,18:35:00,154118,,5,,,,,,1,3241.01
594399,18:36:00,18:36:00,154133,,6,,,,,,1,3619.83
594399,18:36:00,18:36:00,154119,,7,,,,,,1,3965.3
594399,18:38:00,18:38:00,153984,,8,,,,,,1,4400.68
594399,18:39:00,18:39:00,154120,,9,,,,,,1,5068.86
594399,18:39:00,18:39:00,154135,,10,,,,,,1,5463.74
594399,18:40:00,18:40:00,154132,,11,,,,,,1,5848.37
594399,18:42:00,18:42:00,154049,,12,,,,,,1,7330.77
594399,18:43:00,18:43:00,153908,,13,,,,,,1,7567.96
594399,18:44:00,18:44:00,154050,,14,,,,,,1,7882.42
594399,18:48:00,18:48:00,154022,,15,,,,,,1,8286.81
594399,18:49:00,18:49:00,154065,,16,,,,,,1,8631.17
594399,18:49:00,18:49:00,154063,,17,,,,,,1,8818.61
594399,18:51:00,18:51:00,154070,,18,,,,,,1,9486.32
594399,18:51:00,18:51:00,154067,,19,,,,,,1,9996.36
594399,18:51:00,18:51:00,154066,,20,,,,,,1,10592.2
594399,18:52:00,18:52:00,154068,,21,,,,,,1,10973.56
594399,18:52:00,18:52:00,154069,,22,,,,,,1,11354.53
594399,18:53:00,18:53:00,154062,,23,,,,,,1,11692.31
594399,18:53:00,18:53:00,154061,,24,,,,,,1,12008.5
594399,18:55:00,18:55:00,153909,,25,,,,,,1,13075.01
594400,19:30:00,19:30:00,154101,,1,,,,,,1,0
594400,19:32:00,19:32:00,154116,,2,,,,,,1,1368.22
594400,19:33:00,19:33:00,154129,,3,,,,,,1,1668.13
594400,19:34:00,19:34:00,154126,,4,,,,,,1,2584.64
594400,19:35:00,19:35:00,154118,,5,,,,,,1,3241.01
594400,19:36:00,19:36:00,154133,,6,,,,,,1,3619.83
594400,19:36:00,19:36:00,154119,,7,,,,,,1,3965.3
594400,19:38:00,19:38:00,153984,,8,,,,,,1,4400.68
594400,19:39:00,19:39:00,154120,,9,,,,,,1,5068.86
594400,19:39:00,19:39:00,154135,,10,,,,,,1,5463.74
594400,19:40:00,19:40:00,154132,,11,,,,,,1,5848.37
594400,19:42:00,19:42:00,154049,,12,,,,,,1,7330.77
594400,19:43:00,19:43:00,153908,,13,,,,,,1,7567.96
594400,19:44:00,19:44:00,154050,,14,,,,,,1,7882.42
594400,19:48:00,19:48:00,154022,,15,,,,,,1,8286.81
594400,19:49:00,19:49:00,154065,,16,,,,,,1,8631.17
594400,19:49:00,19:49:00,154063,,17,,,,,,1,8818.61
594400,19:51:00,19:51:00,154070,,18,,,,,,1,9486.32
594400,19:51:00,19:51:00,154067,,19,,,,,,1,9996.36
594400,19:51:00,19:51:00,154066,,20,,,,,,1,10592.2
594400,19:52:00,19:52:00,154068,,21,,,,,,1,10973.56
594400,19:52:00,19:52:00,154069,,22,,,,,,1,11354.53
594400,19:53:00,19:53:00,154062,,23,,,,,,1,11692.31
594400,19:53:00,19:53:00,154061,,24,,,,,,1,12008.5
594400,19:55:00,19:55:00,153909,,25,,,,,,1,13075.01
594417,08:30:00,08:30:00,154101,,1,,,,,,1,0
594417,08:32:00,08:32:00,154116,,2,,,,,,1,1368.22
594417,08:33:00,08:33:00,154129,,3,,,,,,1,1668.13
594417,08:34:00,08:34:00,154126,,4,,,,,,1,2584.64
594417,08:35:00,08:35:00,154118,,5,,,,,,1,3241.01
594417,08:36:00,08:36:00,154133,,6,,,,,,1,3619.83
594417,08:36:00,08:36:00,154119,,7,,,,,,1,3965.3
594417,08:38:00,08:38:00,153984,,8,,,,,,1,4400.68
594417,08:39:00,08:39:00,154120,,9,,,,,,1,5068.86
594417,08:39:00,08:39:00,154135,,10,,,,,,1,5463.74
594417,08:40:00,08:40:00,154132,,11,,,,,,1,5848.37
594417,08:42:00,08:42:00,154049,,12,,,,,,1,7330.77
594417,08:43:00,08:43:00,153908,,13,,,,,,1,7567.96
594417,08:44:00,08:44:00,154050,,14,,,,,,1,7882.42
594417,08:48:00,08:48:00,154022,,15,,,,,,1,8286.81
594417,08:49:00,08:49:00,154065,,16,,,,,,1,8631.17
594417,08:49:00,08:49:00,154063,,17,,,,,,1,8818.61
594417,08:51:00,08:51:00,154070,,18,,,,,,1,9486.32
594417,08:51:00,08:51:00,154067,,19,,,,,,1,9996.36
594417,08:51:00,08:51:00,154066,,20,,,,,,1,10592.2
594417,08:52:00,08:52:00,154068,,21,,,,,,1,10973.56
594417,08:52:00,08:52:00,154069,,22,,,,,,1,11354.53
594417,08:53:00,08:53:00,154062,,23,,,,,,1,11692.31
594417,08:53:00,08:53:00,154061,,24,,,,,,1,12008.5
594417,08:55:00,08:55:00,153909,,25,,,,,,1,13075.01
594418,09:30:00,09:30:00,154101,,1,,,,,,1,0
594418,09:32:00,09:32:00,154116,,2,,,,,,1,1368.22
594418,09:33:00,09:33:00,154129,,3,,,,,,1,1668.13
594418,09:34:00,09:34:00,154126,,4,,,,,,1,2584.64
594418,09:35:00,09:35:00,154118,,5,,,,,,1,3241.01
594418,09:36:00,09:36:00,154133,,6,,,,,,1,3619.83
594418,09:36:00,09:36:00,154119,,7,,,,,,1,3965.3
594418,09:38:00,09:38:00,153984,,8,,,,,,1,4400.68
594418,09:39:00,09:39:00,154120,,9,,,,,,1,5068.86
594418,09:39:00,09:39:00,154135,,10,,,,,,1,5463.74
594418,09:40:00,09:40:00,154132,,11,,,,,,1,5848.37
594418,09:42:00,09:42:00,154049,,12,,,,,,1,7330.77
594418,09:43:00,09:43:00,153908,,13,,,,,,1,7567.96
594418,09:44:00,09:44:00,154050,,14,,,,,,1,7882.42
594418,09:48:00,09:48:00,154022,,15,,,,,,1,8286.81
594418,09:49:00,09:49:00,154065,,16,,,,,,1,8631.17
594418,09:49:00,09:49:00,154063,,17,,,,,,1,8818.61
594418,09:51:00,09:51:00,154070,,18,,,,,,1,9486.32
594418,09:51:00,09:51:00,154067,,19,,,,,,1,9996.36
594418,09:51:00,09:51:00,154066,,20,,,,,,1,10592.2
594418,09:52:00,09:52:00,154068,,21,,,,,,1,10973.56
594418,09:52:00,09:52:00,154069,,22,,,,,,1,11354.53
594418,09:53:00,09:53:00,154062,,23,,,,,,1,11692.31
594418,09:53:00,09:53:00,154061,,24,,,,,,1,12008.5
594418,09:55:00,09:55:00,153909,,25,,,,,,1,13075.01
594419,10:30:00,10:30:00,154101,,1,,,,,,1,0
594419,10:32:00,10:32:00,154116,,2,,,,,,1,1368.22
594419,10:33:00,10:33:00,154129,,3,,,,,,1,1668.13
594419,10:34:00,10:34:00,154126,,4,,,,,,1,2584.64
594419,10:35:00,10:35:00,154118,,5,,,,,,1,3241.01
594419,10:36:00,10:36:00,154133,,6,,,,,,1,3619.83
594419,10:36:00,10:36:00,154119,,7,,,,,,1,3965.3
594419,10:38:00,10:38:00,153984,,8,,,,,,1,4400.68
594419,10:39:00,10:39:00,154120,,9,,,,,,1,5068.86
594419,10:39:00,10:39:00,154135,,10,,,,,,1,5463.74
594419,10:40:00,10:40:00,154132,,11,,,,,,1,5848.37
594419,10:42:00,10:42:00,154049,,12,,,,,,1,7330.77
594419,10:43:00,10:43:00,153908,,13,,,,,,1,7567.96
594419,10:44:00,10:44:00,154050,,14,,,,,,1,7882.42
594419,10:48:00,10:48:00,154022,,15,,,,,,1,8286.81
594419,10:49:00,10:49:00,154065,,16,,,,,,1,8631.17
594419,10:49:00,10:49:00,154063,,17,,,,,,1,8818.61
594419,10:51:00,10:51:00,154070,,18,,,,,,1,9486.32
594419,10:51:00,10:51:00,154067,,19,,,,,,1,9996.36
594419,10:51:00,10:51:00,154066,,20,,,,,,1,10592.2
594419,10:52:00,10:52:00,154068,,21,,,,,,1,10973.56
594419,10:52:00,10:52:00,154069,,22,,,,,,1,11354.53
594419,10:53:00,10:53:00,154062,,23,,,,,,1,11692.31
594419,10:53:00,10:53:00,154061,,24,,,,,,1,12008.5
594419,10:55:00,10:55:00,153909,,25,,,,,,1,13075.01
594420,11:30:00,11:30:00,154101,,1,,,,,,1,0
594420,11:32:00,11:32:00,154116,,2,,,,,,1,1368.22
594420,11:33:00,11:33:00,154129,,3,,,,,,1,1668.13
594420,11:34:00,11:34:00,154126,,4,,,,,,1,2584.64
594420,11:35:00,11:35:00,154118,,5,,,,,,1,3241.01
594420,11:36:00,11:36:00,154133,,6,,,,,,1,3619.83
594420,11:36:00,11:36:00,154119,,7,,,,,,1,3965.3
594420,11:38:00,11:38:00,153984,,8,,,,,,1,4400.68
594420,11:39:00,11:39:00,154120,,9,,,,,,1,5068.86
594420,11:39:00,11:39:00,154135,,10,,,,,,1,5463.74
594420,11:40:00,11:40:00,154132,,11,,,,,,1,5848.37
594420,11:42:00,11:42:00,154049,,12,,,,,,1,7330.77
594420,11:43:00,11:43:00,153908,,13,,,,,,1,7567.96
594420,11:44:00,11:44:00,154050,,14,,,,,,1,7882.42
594420,11:48:00,11:48:00,154022,,15,,,,,,1,8286.81
594420,11:49:00,11:49:00,154065,,16,,,,,,1,8631.17
594420,11:49:00,11:49:00,154063,,17,,,,,,1,8818.61
594420,11:51:00,11:51:00,154070,,18,,,,,,1,9486.32
594420,11:51:00,11:51:00,154067,,19,,,,,,1,9996.36
594420,11:51:00,11:51:00,154066,,20,,,,,,1,10592.2
594420,11:52:00,11:52:00,154068,,21,,,,,,1,10973.56
594420,11:52:00,11:52:00,154069,,22,,,,,,1,11354.53
594420,11:53:00,11:53:00,154062,,23,,,,,,1,11692.31
594420,11:53:00,11:53:00,154061,,24,,,,,,1,12008.5
594420,11:55:00,11:55:00,153909,,25,,,,,,1,13075.01
594421,12:30:00,12:30:00,154101,,1,,,,,,1,0
594421,12:33:00,12:33:00,154116,,2,,,,,,1,1368.22
594421,12:34:00,12:34:00,154129,,3,,,,,,1,1668.13
594421,12:35:00,12:35:00,154126,,4,,,,,,1,2584.64
594421,12:36:00,12:36:00,154118,,5,,,,,,1,3241.01
594421,12:37:00,12:37:00,154133,,6,,,,,,1,3619.83
594421,12:38:00,12:38:00,154119,,7,,,,,,1,3965.3
594421,12:42:00,12:42:00,153984,,8,,,,,,1,4400.68
594421,12:43:00,12:43:00,154120,,9,,,,,,1,5068.86
594421,12:43:00,12:43:00,154135,,10,,,,,,1,5463.74
594421,12:45:00,12:45:00,154132,,11,,,,,,1,5848.37
594421,12:47:00,12:47:00,154049,,12,,,,,,1,7330.77
594421,12:48:00,12:48:00,153908,,13,,,,,,1,7567.96
594421,12:49:00,12:49:00,154050,,14,,,,,,1,7882.42
594421,12:55:00,12:55:00,154022,,15,,,,,,1,8286.81
594421,12:57:00,12:57:00,154065,,16,,,,,,1,8631.17
594421,12:57:00,12:57:00,154063,,17,,,,,,1,8818.61
594421,12:58:00,12:58:00,154070,,18,,,,,,1,9486.32
594421,12:59:00,12:59:00,154067,,19,,,,,,1,9996.36
594421,12:59:00,12:59:00,154066,,20,,,,,,1,10592.2
594421,13:00:00,13:00:00,154068,,21,,,,,,1,10973.56
594421,13:00:00,13:00:00,154069,,22,,,,,,1,11354.53
594421,13:01:00,13:01:00,154062,,23,,,,,,1,11692.31
594421,13:01:00,13:01:00,154061,,24,,,,,,1,12008.5
594421,13:03:00,13:03:00,153909,,25,,,,,,1,13075.01
594422,13:45:00,13:45:00,154101,,1,,,,,,1,0
594422,13:48:00,13:48:00,154116,,2,,,,,,1,1368.22
594422,13:49:00,13:49:00,154129,,3,,,,,,1,1668.13
594422,13:50:00,13:50:00,154126,,4,,,,,,1,2584.64
594422,13:51:00,13:51:00,154118,,5,,,,,,1,3241.01
594422,13:52:00,13:52:00,154133,,6,,,,,,1,3619.83
594422,13:53:00,13:53:00,154119,,7,,,,,,1,3965.3
594422,13:57:00,13:57:00,153984,,8,,,,,,1,4400.68
594422,13:58:00,13:58:00,154120,,9,,,,,,1,5068.86
594422,13:58:00,13:58:00,154135,,10,,,,,,1,5463.74
594422,14:00:00,14:00:00,154132,,11,,,,,,1,5848.37
594422,14:02:00,14:02:00,154049,,12,,,,,,1,7330.77
594422,14:03:00,14:03:00,153908,,13,,,,,,1,7567.96
594422,14:04:00,14:04:00,154050,,14,,,,,,1,7882.42
594422,14:10:00,14:10:00,154022,,15,,,,,,1,8286.81
594422,14:12:00,14:12:00,154065,,16,,,,,,1,8631.17
594422,14:12:00,14:12:00,154063,,17,,,,,,1,8818.61
594422,14:13:00,14:13:00,154070,,18,,,,,,1,9486.32
594422,14:14:00,14:14:00,154067,,19,,,,,,1,9996.36
594422,14:14:00,14:14:00,154066,,20,,,,,,1,10592.2
594422,14:15:00,14:15:00,154068,,21,,,,,,1,10973.56
594422,14:15:00,14:15:00,154069,,22,,,,,,1,11354.53
594422,14:16:00,14:16:00,154062,,23,,,,,,1,11692.31
594422,14:16:00,14:16:00,154061,,24,,,,,,1,12008.5
594422,14:18:00,14:18:00,153909,,25,,,,,,1,13075.01
594423,15:00:00,15:00:00,154101,,1,,,,,,1,0
594423,15:03:00,15:03:00,154116,,2,,,,,,1,1368.22
594423,15:04:00,15:04:00,154129,,3,,,,,,1,1668.13
594423,15:05:00,15:05:00,154126,,4,,,,,,1,2584.64
594423,15:06:00,15:06:00,154118,,5,,,,,,1,3241.01
594423,15:07:00,15:07:00,154133,,6,,,,,,1,3619.83
594423,15:08:00,15:08:00,154119,,7,,,,,,1,3965.3
594423,15:12:00,15:12:00,153984,,8,,,,,,1,4400.68
594423,15:13:00,15:13:00,154120,,9,,,,,,1,5068.86
594423,15:13:00,15:13:00,154135,,10,,,,,,1,5463.74
594423,15:15:00,15:15:00,154132,,11,,,,,,1,5848.37
594423,15:17:00,15:17:00,154049,,12,,,,,,1,7330.77
594423,15:18:00,15:18:00,153908,,13,,,,,,1,7567.96
594423,15:19:00,15:19:00,154050,,14,,,,,,1,7882.42
594423,15:25:00,15:25:00,154022,,15,,,,,,1,8286.81
594423,15:27:00,15:27:00,154065,,16,,,,,,1,8631.17
594423,15:27:00,15:27:00,154063,,17,,,,,,1,8818.61
594423,15:28:00,15:28:00,154070,,18,,,,,,1,9486.32
594423,15:29:00,15:29:00,154067,,19,,,,,,1,9996.36
594423,15:29:00,15:29:00,154066,,20,,,,,,1,10592.2
594423,15:30:00,15:30:00,154068,,21,,,,,,1,10973.56
594423,15:30:00,15:30:00,154069,,22,,,,,,1,11354.53
594423,15:31:00,15:31:00,154062,,23,,,,,,1,11692.31
594423,15:31:00,15:31:00,154061,,24,,,,,,1,12008.5
594423,15:33:00,15:33:00,153909,,25,,,,,,1,13075.01
594424,16:15:00,16:15:00,154101,,1,,,,,,1,0
594424,16:18:00,16:18:00,154116,,2,,,,,,1,1368.22
594424,16:19:00,16:19:00,154129,,3,,,,,,1,1668.13
594424,16:20:00,16:20:00,154126,,4,,,,,,1,2584.64
594424,16:21:00,16:21:00,154118,,5,,,,,,1,3241.01
594424,16:22:00,16:22:00,154133,,6,,,,,,1,3619.83
594424,16:23:00,16:23:00,154119,,7,,,,,,1,3965.3
594424,16:27:00,16:27:00,153984,,8,,,,,,1,4400.68
594424,16:28:00,16:28:00,154120,,9,,,,,,1,5068.86
594424,16:28:00,16:28:00,154135,,10,,,,,,1,5463.74
594424,16:30:00,16:30:00,154132,,11,,,,,,1,5848.37
594424,16:32:00,16:32:00,154049,,12,,,,,,1,7330.77
594424,16:33:00,16:33:00,153908,,13,,,,,,1,7567.96
594424,16:34:00,16:34:00,154050,,14,,,,,,1,7882.42
594424,16:40:00,16:40:00,154022,,15,,,,,,1,8286.81
594424,16:42:00,16:42:00,154065,,16,,,,,,1,8631.17
594424,16:42:00,16:42:00,154063,,17,,,,,,1,8818.61
594424,16:43:00,16:43:00,154070,,18,,,,,,1,9486.32
594424,16:44:00,16:44:00,154067,,19,,,,,,1,9996.36
594424,16:44:00,16:44:00,154066,,20,,,,,,1,10592.2
594424,16:45:00,16:45:00,154068,,21,,,,,,1,10973.56
594424,16:45:00,16:45:00,154069,,22,,,,,,1,11354.53
594424,16:46:00,16:46:00,154062,,23,,,,,,1,11692.31
594424,16:46:00,16:46:00,154061,,24,,,,,,1,12008.5
594424,16:48:00,16:48:00,153909,,25,,,,,,1,13075.01
594425,17:30:00,17:30:00,154101,,1,,,,,,1,0
594425,17:32:00,17:32:00,154116,,2,,,,,,1,1368.22
594425,17:33:00,17:33:00,154129,,3,,,,,,1,1668.13
594425,17:34:00,17:34:00,154126,,4,,,,,,1,2584.64
594425,17:35:00,17:35:00,154118,,5,,,,,,1,3241.01
594425,17:36:00,17:36:00,154133,,6,,,,,,1,3619.83
594425,17:36:00,17:36:00,154119,,7,,,,,,1,3965.3
594425,17:38:00,17:38:00,153984,,8,,,,,,1,4400.68
594425,17:39:00,17:39:00,154120,,9,,,,,,1,5068.86
594425,17:39:00,17:39:00,154135,,10,,,,,,1,5463.74
594425,17:40:00,17:40:00,154132,,11,,,,,,1,5848.37
594425,17:42:00,17:42:00,154049,,12,,,,,,1,7330.77
594425,17:43:00,17:43:00,153908,,13,,,,,,1,7567.96
594425,17:44:00,17:44:00,154050,,14,,,,,,1,7882.42
594425,17:48:00,17:48:00,154022,,15,,,,,,1,8286.81
594425,17:49:00,17:49:00,154065,,16,,,,,,1,8631.17
594425,17:49:00,17:49:00,154063,,17,,,,,,1,8818.61
594425,17:51:00,17:51:00,154070,,18,,,,,,1,9486.32
594425,17:51:00,17:51:00,154067,,19,,,,,,1,9996.36
594425,17:51:00,17:51:00,154066,,20,,,,,,1,10592.2
594425,17:52:00,17:52:00,154068,,21,,,,,,1,10973.56
594425,17:52:00,17:52:00,154069,,22,,,,,,1,11354.53
594425,17:53:00,17:53:00,154062,,23,,,,,,1,11692.31
594425,17:53:00,17:53:00,154061,,24,,,,,,1,12008.5
594425,17:55:00,17:55:00,153909,,25,,,,,,1,13075.01
594426,18:30:00,18:30:00,154101,,1,,,,,,1,0
594426,18:32:00,18:32:00,154116,,2,,,,,,1,1368.22
594426,18:33:00,18:33:00,154129,,3,,,,,,1,1668.13
594426,18:34:00,18:34:00,154126,,4,,,,,,1,2584.64
594426,18:35:00,18:35:00,154118,,5,,,,,,1,3241.01
594426,18:36:00,18:36:00,154133,,6,,,,,,1,3619.83
594426,18:36:00,18:36:00,154119,,7,,,,,,1,3965.3
594426,18:38:00,18:38:00,153984,,8,,,,,,1,4400.68
594426,18:39:00,18:39:00,154120,,9,,,,,,1,5068.86
594426,18:39:00,18:39:00,154135,,10,,,,,,1,5463.74
594426,18:40:00,18:40:00,154132,,11,,,,,,1,5848.37
594426,18:42:00,18:42:00,154049,,12,,,,,,1,7330.77
594426,18:43:00,18:43:00,153908,,13,,,,,,1,7567.96
594426,18:44:00,18:44:00,154050,,14,,,,,,1,7882.42
594426,18:48:00,18:48:00,154022,,15,,,,,,1,8286.81
594426,18:49:00,18:49:00,154065,,16,,,,,,1,8631.17
594426,18:49:00,18:49:00,154063,,17,,,,,,1,8818.61
594426,18:51:00,18:51:00,154070,,18,,,,,,1,9486.32
594426,18:51:00,18:51:00,154067,,19,,,,,,1,9996.36
594426,18:51:00,18:51:00,154066,,20,,,,,,1,10592.2
594426,18:52:00,18:52:00,154068,,21,,,,,,1,10973.56
594426,18:52:00,18:52:00,154069,,22,,,,,,1,11354.53
594426,18:53:00,18:53:00,154062,,23,,,,,,1,11692.31
594426,18:53:00,18:53:00,154061,,24,,,,,,1,12008.5
594426,18:55:00,18:55:00,153909,,25,,,,,,1,13075.01
594427,19:30:00,19:30:00,154101,,1,,,,,,1,0
594427,19:32:00,19:32:00,154116,,2,,,,,,1,1368.22
594427,19:33:00,19:33:00,154129,,3,,,,,,1,1668.13
594427,19:34:00,19:34:00,154126,,4,,,,,,1,2584.64
594427,19:35:00,19:35:00,154118,,5,,,,,,1,3241.01
594427,19:36:00,19:36:00,154133,,6,,,,,,1,3619.83
594427,19:36:00,19:36:00,154119,,7,,,,,,1,3965.3
594427,19:38:00,19:38:00,153984,,8,,,,,,1,4400.68
594427,19:39:00,19:39:00,154120,,9,,,,,,1,5068.86
594427,19:39:00,19:39:00,154135,,10,,,,,,1,5463.74
594427,19:40:00,19:40:00,154132,,11,,,,,,1,5848.37
594427,19:42:00,19:42:00,154049,,12,,,,,,1,7330.77
594427,19:43:00,19:43:00,153908,,13,,,,,,1,7567.96
594427,19:44:00,19:44:00,154050,,14,,,,,,1,7882.42
594427,19:48:00,19:48:00,154022,,15,,,,,,1,8286.81
594427,19:49:00,19:49:00,154065,,16,,,,,,1,8631.17
594427,19:49:00,19:49:00,154063,,17,,,,,,1,8818.61
594427,19:51:00,19:51:00,154070,,18,,,,,,1,9486.32
594427,19:51:00,19:51:00,154067,,19,,,,,,1,9996.36
594427,19:51:00,19:51:00,154066,,20,,,,,,1,10592.2
594427,19:52:00,19:52:00,154068,,21,,,,,,1,10973.56
594427,19:52:00,19:52:00,154069,,22,,,,,,1,11354.53
594427,19:53:00,19:53:00,154062,,23,,,,,,1,11692.31
594427,19:53:00,19:53:00,154061,,24,,,,,,1,12008.5
594427,19:55:00,19:55:00,153909,,25,,,,,,1,13075.01
592877,06:02:00,06:02:00,154022,,1,,,,,,1,0
592877,06:05:00,06:05:00,154169,,2,,,,,,1,993.37
592877,06:07:00,06:07:00,153990,,3,,,,,,1,1463.57
592877,06:08:00,06:08:00,153989,,4,,,,,,1,2132.7
592877,06:08:00,06:08:00,153986,,5,,,,,,1,2634.63
592877,06:09:00,06:09:00,153991,,6,,,,,,1,3152.21
592877,06:09:00,06:09:00,154109,,7,,,,,,1,3430.34
592877,06:10:00,06:10:00,154110,,8,,,,,,1,4052.79
592877,06:11:00,06:11:00,154168,,9,,,,,,1,4292.83
592877,06:11:00,06:11:00,154166,,10,,,,,,1,4594.65
592877,06:12:00,06:12:00,154163,,11,,,,,,1,5615.31
592877,06:13:00,06:13:00,154167,,12,,,,,,1,6102.48
592877,06:14:00,06:14:00,154165,,13,,,,,,1,6791.8
592877,06:15:00,06:15:00,154020,,14,,,,,,1,7620.87
592877,06:20:00,06:20:00,154102,,15,,,,,,1,10209.83
594469,07:02:00,07:02:00,154022,,1,,,,,,1,0
594469,07:05:00,07:05:00,154169,,2,,,,,,1,993.37
594469,07:07:00,07:07:00,153990,,3,,,,,,1,1463.57
594469,07:08:00,07:08:00,153989,,4,,,,,,1,2132.7
594469,07:08:00,07:08:00,153986,,5,,,,,,1,2634.63
594469,07:09:00,07:09:00,153991,,6,,,,,,1,3152.21
594469,07:09:00,07:09:00,154109,,7,,,,,,1,3430.34
594469,07:10:00,07:10:00,154110,,8,,,,,,1,4052.79
594469,07:11:00,07:11:00,154168,,9,,,,,,1,4292.83
594469,07:11:00,07:11:00,154166,,10,,,,,,1,4594.65
594469,07:12:00,07:12:00,154163,,11,,,,,,1,5615.31
594469,07:13:00,07:13:00,154167,,12,,,,,,1,6102.48
594469,07:14:00,07:14:00,154165,,13,,,,,,1,6791.8
594469,07:15:00,07:15:00,154020,,14,,,,,,1,7620.87
594469,07:20:00,07:20:00,154102,,15,,,,,,1,10209.83
594470,08:02:00,08:02:00,154022,,1,,,,,,1,0
594470,08:05:00,08:05:00,154169,,2,,,,,,1,993.37
594470,08:07:00,08:07:00,153990,,3,,,,,,1,1463.57
594470,08:08:00,08:08:00,153989,,4,,,,,,1,2132.7
594470,08:08:00,08:08:00,153986,,5,,,,,,1,2634.63
594470,08:09:00,08:09:00,153991,,6,,,,,,1,3152.21
594470,08:09:00,08:09:00,154109,,7,,,,,,1,3430.34
594470,08:10:00,08:10:00,154110,,8,,,,,,1,4052.79
594470,08:11:00,08:11:00,154168,,9,,,,,,1,4292.83
594470,08:11:00,08:11:00,154166,,10,,,,,,1,4594.65
594470,08:12:00,08:12:00,154163,,11,,,,,,1,5615.31
594470,08:13:00,08:13:00,154167,,12,,,,,,1,6102.48
594470,08:14:00,08:14:00,154165,,13,,,,,,1,6791.8
594470,08:15:00,08:15:00,154020,,14,,,,,,1,7620.87
594470,08:20:00,08:20:00,154102,,15,,,,,,1,10209.83
594471,09:02:00,09:02:00,154022,,1,,,,,,1,0
594471,09:05:00,09:05:00,154169,,2,,,,,,1,993.37
594471,09:07:00,09:07:00,153990,,3,,,,,,1,1463.57
594471,09:08:00,09:08:00,153989,,4,,,,,,1,2132.7
594471,09:08:00,09:08:00,153986,,5,,,,,,1,2634.63
594471,09:09:00,09:09:00,153991,,6,,,,,,1,3152.21
594471,09:09:00,09:09:00,154109,,7,,,,,,1,3430.34
594471,09:10:00,09:10:00,154110,,8,,,,,,1,4052.79
594471,09:11:00,09:11:00,154168,,9,,,,,,1,4292.83
594471,09:11:00,09:11:00,154166,,10,,,,,,1,4594.65
594471,09:12:00,09:12:00,154163,,11,,,,,,1,5615.31
594471,09:13:00,09:13:00,154167,,12,,,,,,1,6102.48
594471,09:14:00,09:14:00,154165,,13,,,,,,1,6791.8
594471,09:15:00,09:15:00,154020,,14,,,,,,1,7620.87
594471,09:20:00,09:20:00,154102,,15,,,,,,1,10209.83
594472,10:02:00,10:02:00,154022,,1,,,,,,1,0
594472,10:05:00,10:05:00,154169,,2,,,,,,1,993.37
594472,10:07:00,10:07:00,153990,,3,,,,,,1,1463.57
594472,10:08:00,10:08:00,153989,,4,,,,,,1,2132.7
594472,10:08:00,10:08:00,153986,,5,,,,,,1,2634.63
594472,10:09:00,10:09:00,153991,,6,,,,,,1,3152.21
594472,10:09:00,10:09:00,154109,,7,,,,,,1,3430.34
594472,10:10:00,10:10:00,154110,,8,,,,,,1,4052.79
594472,10:11:00,10:11:00,154168,,9,,,,,,1,4292.83
594472,10:11:00,10:11:00,154166,,10,,,,,,1,4594.65
594472,10:12:00,10:12:00,154163,,11,,,,,,1,5615.31
594472,10:13:00,10:13:00,154167,,12,,,,,,1,6102.48
594472,10:14:00,10:14:00,154165,,13,,,,,,1,6791.8
594472,10:15:00,10:15:00,154020,,14,,,,,,1,7620.87
594472,10:20:00,10:20:00,154102,,15,,,,,,1,10209.83
594473,11:02:00,11:02:00,154022,,1,,,,,,1,0
594473,11:05:00,11:05:00,154169,,2,,,,,,1,993.37
594473,11:07:00,11:07:00,153990,,3,,,,,,1,1463.57
594473,11:08:00,11:08:00,153989,,4,,,,,,1,2132.7
594473,11:08:00,11:08:00,153986,,5,,,,,,1,2634.63
594473,11:09:00,11:09:00,153991,,6,,,,,,1,3152.21
594473,11:09:00,11:09:00,154109,,7,,,,,,1,3430.34
594473,11:10:00,11:10:00,154110,,8,,,,,,1,4052.79
594473,11:11:00,11:11:00,154168,,9,,,,,,1,4292.83
594473,11:11:00,11:11:00,154166,,10,,,,,,1,4594.65
594473,11:12:00,11:12:00,154163,,11,,,,,,1,5615.31
594473,11:13:00,11:13:00,154167,,12,,,,,,1,6102.48
594473,11:14:00,11:14:00,154165,,13,,,,,,1,6791.8
594473,11:15:00,11:15:00,154020,,14,,,,,,1,7620.87
594473,11:20:00,11:20:00,154102,,15,,,,,,1,10209.83
594474,12:02:00,12:02:00,154022,,1,,,,,,1,0
594474,12:05:00,12:05:00,154169,,2,,,,,,1,993.37
594474,12:07:00,12:07:00,153990,,3,,,,,,1,1463.57
594474,12:08:00,12:08:00,153989,,4,,,,,,1,2132.7
594474,12:08:00,12:08:00,153986,,5,,,,,,1,2634.63
594474,12:09:00,12:09:00,153991,,6,,,,,,1,3152.21
594474,12:09:00,12:09:00,154109,,7,,,,,,1,3430.34
594474,12:10:00,12:10:00,154110,,8,,,,,,1,4052.79
594474,12:11:00,12:11:00,154168,,9,,,,,,1,4292.83
594474,12:11:00,12:11:00,154166,,10,,,,,,1,4594.65
594474,12:12:00,12:12:00,154163,,11,,,,,,1,5615.31
594474,12:13:00,12:13:00,154167,,12,,,,,,1,6102.48
594474,12:14:00,12:14:00,154165,,13,,,,,,1,6791.8
594474,12:15:00,12:15:00,154020,,14,,,,,,1,7620.87
594474,12:20:00,12:20:00,154102,,15,,,,,,1,10209.83
594475,13:08:00,13:08:00,154022,,1,,,,,,1,0
594475,13:11:00,13:11:00,154169,,2,,,,,,1,993.37
594475,13:14:00,13:14:00,153990,,3,,,,,,1,1463.57
594475,13:15:00,13:15:00,153989,,4,,,,,,1,2132.7
594475,13:15:00,13:15:00,153986,,5,,,,,,1,2634.63
594475,13:16:00,13:16:00,153991,,6,,,,,,1,3152.21
594475,13:16:00,13:16:00,154109,,7,,,,,,1,3430.34
594475,13:17:00,13:17:00,154110,,8,,,,,,1,4052.79
594475,13:18:00,13:18:00,154168,,9,,,,,,1,4292.83
594475,13:18:00,13:18:00,154166,,10,,,,,,1,4594.65
594475,13:19:00,13:19:00,154163,,11,,,,,,1,5615.31
594475,13:20:00,13:20:00,154167,,12,,,,,,1,6102.48
594475,13:21:00,13:21:00,154165,,13,,,,,,1,6791.8
594475,13:23:00,13:23:00,154020,,14,,,,,,1,7620.87
594475,13:30:00,13:30:00,154102,,15,,,,,,1,10209.83
594476,14:23:00,14:23:00,154022,,1,,,,,,1,0
594476,14:26:00,14:26:00,154169,,2,,,,,,1,993.37
594476,14:29:00,14:29:00,153990,,3,,,,,,1,1463.57
594476,14:30:00,14:30:00,153989,,4,,,,,,1,2132.7
594476,14:30:00,14:30:00,153986,,5,,,,,,1,2634.63
594476,14:31:00,14:31:00,153991,,6,,,,,,1,3152.21
594476,14:31:00,14:31:00,154109,,7,,,,,,1,3430.34
594476,14:32:00,14:32:00,154110,,8,,,,,,1,4052.79
594476,14:33:00,14:33:00,154168,,9,,,,,,1,4292.83
594476,14:33:00,14:33:00,154166,,10,,,,,,1,4594.65
594476,14:34:00,14:34:00,154163,,11,,,,,,1,5615.31
594476,14:35:00,14:35:00,154167,,12,,,,,,1,6102.48
594476,14:36:00,14:36:00,154165,,13,,,,,,1,6791.8
594476,14:38:00,14:38:00,154020,,14,,,,,,1,7620.87
594476,14:45:00,14:45:00,154102,,15,,,,,,1,10209.83
594477,15:38:00,15:38:00,154022,,1,,,,,,1,0
594477,15:41:00,15:41:00,154169,,2,,,,,,1,993.37
594477,15:44:00,15:44:00,153990,,3,,,,,,1,1463.57
594477,15:45:00,15:45:00,153989,,4,,,,,,1,2132.7
594477,15:45:00,15:45:00,153986,,5,,,,,,1,2634.63
594477,15:46:00,15:46:00,153991,,6,,,,,,1,3152.21
594477,15:46:00,15:46:00,154109,,7,,,,,,1,3430.34
594477,15:47:00,15:47:00,154110,,8,,,,,,1,4052.79
594477,15:48:00,15:48:00,154168,,9,,,,,,1,4292.83
594477,15:48:00,15:48:00,154166,,10,,,,,,1,4594.65
594477,15:49:00,15:49:00,154163,,11,,,,,,1,5615.31
594477,15:50:00,15:50:00,154167,,12,,,,,,1,6102.48
594477,15:51:00,15:51:00,154165,,13,,,,,,1,6791.8
594477,15:53:00,15:53:00,154020,,14,,,,,,1,7620.87
594477,16:00:00,16:00:00,154102,,15,,,,,,1,10209.83
594478,16:53:00,16:53:00,154022,,1,,,,,,1,0
594478,16:56:00,16:56:00,154169,,2,,,,,,1,993.37
594478,16:59:00,16:59:00,153990,,3,,,,,,1,1463.57
594478,17:00:00,17:00:00,153989,,4,,,,,,1,2132.7
594478,17:00:00,17:00:00,153986,,5,,,,,,1,2634.63
594478,17:01:00,17:01:00,153991,,6,,,,,,1,3152.21
594478,17:01:00,17:01:00,154109,,7,,,,,,1,3430.34
594478,17:02:00,17:02:00,154110,,8,,,,,,1,4052.79
594478,17:03:00,17:03:00,154168,,9,,,,,,1,4292.83
594478,17:03:00,17:03:00,154166,,10,,,,,,1,4594.65
594478,17:04:00,17:04:00,154163,,11,,,,,,1,5615.31
594478,17:05:00,17:05:00,154167,,12,,,,,,1,6102.48
594478,17:06:00,17:06:00,154165,,13,,,,,,1,6791.8
594478,17:08:00,17:08:00,154020,,14,,,,,,1,7620.87
594478,17:15:00,17:15:00,154102,,15,,,,,,1,10209.83
594479,18:02:00,18:02:00,154022,,1,,,,,,1,0
594479,18:05:00,18:05:00,154169,,2,,,,,,1,993.37
594479,18:07:00,18:07:00,153990,,3,,,,,,1,1463.57
594479,18:08:00,18:08:00,153989,,4,,,,,,1,2132.7
594479,18:08:00,18:08:00,153986,,5,,,,,,1,2634.63
594479,18:09:00,18:09:00,153991,,6,,,,,,1,3152.21
594479,18:09:00,18:09:00,154109,,7,,,,,,1,3430.34
594479,18:10:00,18:10:00,154110,,8,,,,,,1,4052.79
594479,18:11:00,18:11:00,154168,,9,,,,,,1,4292.83
594479,18:11:00,18:11:00,154166,,10,,,,,,1,4594.65
594479,18:12:00,18:12:00,154163,,11,,,,,,1,5615.31
594479,18:13:00,18:13:00,154167,,12,,,,,,1,6102.48
594479,18:14:00,18:14:00,154165,,13,,,,,,1,6791.8
594479,18:15:00,18:15:00,154020,,14,,,,,,1,7620.87
594479,18:20:00,18:20:00,154102,,15,,,,,,1,10209.83
594480,19:02:00,19:02:00,154022,,1,,,,,,1,0
594480,19:05:00,19:05:00,154169,,2,,,,,,1,993.37
594480,19:07:00,19:07:00,153990,,3,,,,,,1,1463.57
594480,19:08:00,19:08:00,153989,,4,,,,,,1,2132.7
594480,19:08:00,19:08:00,153986,,5,,,,,,1,2634.63
594480,19:09:00,19:09:00,153991,,6,,,,,,1,3152.21
594480,19:09:00,19:09:00,154109,,7,,,,,,1,3430.34
594480,19:10:00,19:10:00,154110,,8,,,,,,1,4052.79
594480,19:11:00,19:11:00,154168,,9,,,,,,1,4292.83
594480,19:11:00,19:11:00,154166,,10,,,,,,1,4594.65
594480,19:12:00,19:12:00,154163,,11,,,,,,1,5615.31
594480,19:13:00,19:13:00,154167,,12,,,,,,1,6102.48
594480,19:14:00,19:14:00,154165,,13,,,,,,1,6791.8
594480,19:15:00,19:15:00,154020,,14,,,,,,1,7620.87
594480,19:20:00,19:20:00,154102,,15,,,,,,1,10209.83
594481,20:02:00,20:02:00,154022,,1,,,,,,1,0
594481,20:05:00,20:05:00,154169,,2,,,,,,1,993.37
594481,20:07:00,20:07:00,153990,,3,,,,,,1,1463.57
594481,20:08:00,20:08:00,153989,,4,,,,,,1,2132.7
594481,20:08:00,20:08:00,153986,,5,,,,,,1,2634.63
594481,20:09:00,20:09:00,153991,,6,,,,,,1,3152.21
594481,20:09:00,20:09:00,154109,,7,,,,,,1,3430.34
594481,20:10:00,20:10:00,154110,,8,,,,,,1,4052.79
594481,20:11:00,20:11:00,154168,,9,,,,,,1,4292.83
594481,20:11:00,20:11:00,154166,,10,,,,,,1,4594.65
594481,20:12:00,20:12:00,154163,,11,,,,,,1,5615.31
594481,20:13:00,20:13:00,154167,,12,,,,,,1,6102.48
594481,20:14:00,20:14:00,154165,,13,,,,,,1,6791.8
594481,20:15:00,20:15:00,154020,,14,,,,,,1,7620.87
594481,20:20:00,20:20:00,154102,,15,,,,,,1,10209.83
594485,09:02:00,09:02:00,154022,,1,,,,,,1,0
594485,09:05:00,09:05:00,154169,,2,,,,,,1,993.37
594485,09:07:00,09:07:00,153990,,3,,,,,,1,1463.57
594485,09:08:00,09:08:00,153989,,4,,,,,,1,2132.7
594485,09:08:00,09:08:00,153986,,5,,,,,,1,2634.63
594485,09:09:00,09:09:00,153991,,6,,,,,,1,3152.21
594485,09:09:00,09:09:00,154109,,7,,,,,,1,3430.34
594485,09:10:00,09:10:00,154110,,8,,,,,,1,4052.79
594485,09:11:00,09:11:00,154168,,9,,,,,,1,4292.83
594485,09:11:00,09:11:00,154166,,10,,,,,,1,4594.65
594485,09:12:00,09:12:00,154163,,11,,,,,,1,5615.31
594485,09:13:00,09:13:00,154167,,12,,,,,,1,6102.48
594485,09:14:00,09:14:00,154165,,13,,,,,,1,6791.8
594485,09:15:00,09:15:00,154020,,14,,,,,,1,7620.87
594485,09:20:00,09:20:00,154102,,15,,,,,,1,10209.83
594486,10:02:00,10:02:00,154022,,1,,,,,,1,0
594486,10:05:00,10:05:00,154169,,2,,,,,,1,993.37
594486,10:07:00,10:07:00,153990,,3,,,,,,1,1463.57
594486,10:08:00,10:08:00,153989,,4,,,,,,1,2132.7
594486,10:08:00,10:08:00,153986,,5,,,,,,1,2634.63
594486,10:09:00,10:09:00,153991,,6,,,,,,1,3152.21
594486,10:09:00,10:09:00,154109,,7,,,,,,1,3430.34
594486,10:10:00,10:10:00,154110,,8,,,,,,1,4052.79
594486,10:11:00,10:11:00,154168,,9,,,,,,1,4292.83
594486,10:11:00,10:11:00,154166,,10,,,,,,1,4594.65
594486,10:12:00,10:12:00,154163,,11,,,,,,1,5615.31
594486,10:13:00,10:13:00,154167,,12,,,,,,1,6102.48
594486,10:14:00,10:14:00,154165,,13,,,,,,1,6791.8
594486,10:15:00,10:15:00,154020,,14,,,,,,1,7620.87
594486,10:20:00,10:20:00,154102,,15,,,,,,1,10209.83
594487,11:02:00,11:02:00,154022,,1,,,,,,1,0
594487,11:05:00,11:05:00,154169,,2,,,,,,1,993.37
594487,11:07:00,11:07:00,153990,,3,,,,,,1,1463.57
594487,11:08:00,11:08:00,153989,,4,,,,,,1,2132.7
594487,11:08:00,11:08:00,153986,,5,,,,,,1,2634.63
594487,11:09:00,11:09:00,153991,,6,,,,,,1,3152.21
594487,11:09:00,11:09:00,154109,,7,,,,,,1,3430.34
594487,11:10:00,11:10:00,154110,,8,,,,,,1,4052.79
594487,11:11:00,11:11:00,154168,,9,,,,,,1,4292.83
594487,11:11:00,11:11:00,154166,,10,,,,,,1,4594.65
594487,11:12:00,11:12:00,154163,,11,,,,,,1,5615.31
594487,11:13:00,11:13:00,154167,,12,,,,,,1,6102.48
594487,11:14:00,11:14:00,154165,,13,,,,,,1,6791.8
594487,11:15:00,11:15:00,154020,,14,,,,,,1,7620.87
594487,11:20:00,11:20:00,154102,,15,,,,,,1,10209.83
594488,12:02:00,12:02:00,154022,,1,,,,,,1,0
594488,12:05:00,12:05:00,154169,,2,,,,,,1,993.37
594488,12:07:00,12:07:00,153990,,3,,,,,,1,1463.57
594488,12:08:00,12:08:00,153989,,4,,,,,,1,2132.7
594488,12:08:00,12:08:00,153986,,5,,,,,,1,2634.63
594488,12:09:00,12:09:00,153991,,6,,,,,,1,3152.21
594488,12:09:00,12:09:00,154109,,7,,,,,,1,3430.34
594488,12:10:00,12:10:00,154110,,8,,,,,,1,4052.79
594488,12:11:00,12:11:00,154168,,9,,,,,,1,4292.83
594488,12:11:00,12:11:00,154166,,10,,,,,,1,4594.65
594488,12:12:00,12:12:00,154163,,11,,,,,,1,5615.31
594488,12:13:00,12:13:00,154167,,12,,,,,,1,6102.48
594488,12:14:00,12:14:00,154165,,13,,,,,,1,6791.8
594488,12:15:00,12:15:00,154020,,14,,,,,,1,7620.87
594488,12:20:00,12:20:00,154102,,15,,,,,,1,10209.83
594489,13:08:00,13:08:00,154022,,1,,,,,,1,0
594489,13:11:00,13:11:00,154169,,2,,,,,,1,993.37
594489,13:14:00,13:14:00,153990,,3,,,,,,1,1463.57
594489,13:15:00,13:15:00,153989,,4,,,,,,1,2132.7
594489,13:15:00,13:15:00,153986,,5,,,,,,1,2634.63
594489,13:16:00,13:16:00,153991,,6,,,,,,1,3152.21
594489,13:16:00,13:16:00,154109,,7,,,,,,1,3430.34
594489,13:17:00,13:17:00,154110,,8,,,,,,1,4052.79
594489,13:18:00,13:18:00,154168,,9,,,,,,1,4292.83
594489,13:18:00,13:18:00,154166,,10,,,,,,1,4594.65
594489,13:19:00,13:19:00,154163,,11,,,,,,1,5615.31
594489,13:20:00,13:20:00,154167,,12,,,,,,1,6102.48
594489,13:21:00,13:21:00,154165,,13,,,,,,1,6791.8
594489,13:23:00,13:23:00,154020,,14,,,,,,1,7620.87
594489,13:30:00,13:30:00,154102,,15,,,,,,1,10209.83
594490,14:23:00,14:23:00,154022,,1,,,,,,1,0
594490,14:26:00,14:26:00,154169,,2,,,,,,1,993.37
594490,14:29:00,14:29:00,153990,,3,,,,,,1,1463.57
594490,14:30:00,14:30:00,153989,,4,,,,,,1,2132.7
594490,14:30:00,14:30:00,153986,,5,,,,,,1,2634.63
594490,14:31:00,14:31:00,153991,,6,,,,,,1,3152.21
594490,14:31:00,14:31:00,154109,,7,,,,,,1,3430.34
594490,14:32:00,14:32:00,154110,,8,,,,,,1,4052.79
594490,14:33:00,14:33:00,154168,,9,,,,,,1,4292.83
594490,14:33:00,14:33:00,154166,,10,,,,,,1,4594.65
594490,14:34:00,14:34:00,154163,,11,,,,,,1,5615.31
594490,14:35:00,14:35:00,154167,,12,,,,,,1,6102.48
594490,14:36:00,14:36:00,154165,,13,,,,,,1,6791.8
594490,14:38:00,14:38:00,154020,,14,,,,,,1,7620.87
594490,14:45:00,14:45:00,154102,,15,,,,,,1,10209.83
594491,15:38:00,15:38:00,154022,,1,,,,,,1,0
594491,15:41:00,15:41:00,154169,,2,,,,,,1,993.37
594491,15:44:00,15:44:00,153990,,3,,,,,,1,1463.57
594491,15:45:00,15:45:00,153989,,4,,,,,,1,2132.7
594491,15:45:00,15:45:00,153986,,5,,,,,,1,2634.63
594491,15:46:00,15:46:00,153991,,6,,,,,,1,3152.21
594491,15:46:00,15:46:00,154109,,7,,,,,,1,3430.34
594491,15:47:00,15:47:00,154110,,8,,,,,,1,4052.79
594491,15:48:00,15:48:00,154168,,9,,,,,,1,4292.83
594491,15:48:00,15:48:00,154166,,10,,,,,,1,4594.65
594491,15:49:00,15:49:00,154163,,11,,,,,,1,5615.31
594491,15:50:00,15:50:00,154167,,12,,,,,,1,6102.48
594491,15:51:00,15:51:00,154165,,13,,,,,,1,6791.8
594491,15:53:00,15:53:00,154020,,14,,,,,,1,7620.87
594491,16:00:00,16:00:00,154102,,15,,,,,,1,10209.83
594492,16:53:00,16:53:00,154022,,1,,,,,,1,0
594492,16:56:00,16:56:00,154169,,2,,,,,,1,993.37
594492,16:59:00,16:59:00,153990,,3,,,,,,1,1463.57
594492,17:00:00,17:00:00,153989,,4,,,,,,1,2132.7
594492,17:00:00,17:00:00,153986,,5,,,,,,1,2634.63
594492,17:01:00,17:01:00,153991,,6,,,,,,1,3152.21
594492,17:01:00,17:01:00,154109,,7,,,,,,1,3430.34
594492,17:02:00,17:02:00,154110,,8,,,,,,1,4052.79
594492,17:03:00,17:03:00,154168,,9,,,,,,1,4292.83
594492,17:03:00,17:03:00,154166,,10,,,,,,1,4594.65
594492,17:04:00,17:04:00,154163,,11,,,,,,1,5615.31
594492,17:05:00,17:05:00,154167,,12,,,,,,1,6102.48
594492,17:06:00,17:06:00,154165,,13,,,,,,1,6791.8
594492,17:08:00,17:08:00,154020,,14,,,,,,1,7620.87
594492,17:15:00,17:15:00,154102,,15,,,,,,1,10209.83
594493,18:02:00,18:02:00,154022,,1,,,,,,1,0
594493,18:05:00,18:05:00,154169,,2,,,,,,1,993.37
594493,18:07:00,18:07:00,153990,,3,,,,,,1,1463.57
594493,18:08:00,18:08:00,153989,,4,,,,,,1,2132.7
594493,18:08:00,18:08:00,153986,,5,,,,,,1,2634.63
594493,18:09:00,18:09:00,153991,,6,,,,,,1,3152.21
594493,18:09:00,18:09:00,154109,,7,,,,,,1,3430.34
594493,18:10:00,18:10:00,154110,,8,,,,,,1,4052.79
594493,18:11:00,18:11:00,154168,,9,,,,,,1,4292.83
594493,18:11:00,18:11:00,154166,,10,,,,,,1,4594.65
594493,18:12:00,18:12:00,154163,,11,,,,,,1,5615.31
594493,18:13:00,18:13:00,154167,,12,,,,,,1,6102.48
594493,18:14:00,18:14:00,154165,,13,,,,,,1,6791.8
594493,18:15:00,18:15:00,154020,,14,,,,,,1,7620.87
594493,18:20:00,18:20:00,154102,,15,,,,,,1,10209.83
594494,19:02:00,19:02:00,154022,,1,,,,,,1,0
594494,19:05:00,19:05:00,154169,,2,,,,,,1,993.37
594494,19:07:00,19:07:00,153990,,3,,,,,,1,1463.57
594494,19:08:00,19:08:00,153989,,4,,,,,,1,2132.7
594494,19:08:00,19:08:00,153986,,5,,,,,,1,2634.63
594494,19:09:00,19:09:00,153991,,6,,,,,,1,3152.21
594494,19:09:00,19:09:00,154109,,7,,,,,,1,3430.34
594494,19:10:00,19:10:00,154110,,8,,,,,,1,4052.79
594494,19:11:00,19:11:00,154168,,9,,,,,,1,4292.83
594494,19:11:00,19:11:00,154166,,10,,,,,,1,4594.65
594494,19:12:00,19:12:00,154163,,11,,,,,,1,5615.31
594494,19:13:00,19:13:00,154167,,12,,,,,,1,6102.48
594494,19:14:00,19:14:00,154165,,13,,,,,,1,6791.8
594494,19:15:00,19:15:00,154020,,14,,,,,,1,7620.87
594494,19:20:00,19:20:00,154102,,15,,,,,,1,10209.83
594495,20:02:00,20:02:00,154022,,1,,,,,,1,0
594495,20:05:00,20:05:00,154169,,2,,,,,,1,993.37
594495,20:07:00,20:07:00,153990,,3,,,,,,1,1463.57
594495,20:08:00,20:08:00,153989,,4,,,,,,1,2132.7
594495,20:08:00,20:08:00,153986,,5,,,,,,1,2634.63
594495,20:09:00,20:09:00,153991,,6,,,,,,1,3152.21
594495,20:09:00,20:09:00,154109,,7,,,,,,1,3430.34
594495,20:10:00,20:10:00,154110,,8,,,,,,1,4052.79
594495,20:11:00,20:11:00,154168,,9,,,,,,1,4292.83
594495,20:11:00,20:11:00,154166,,10,,,,,,1,4594.65
594495,20:12:00,20:12:00,154163,,11,,,,,,1,5615.31
594495,20:13:00,20:13:00,154167,,12,,,,,,1,6102.48
594495,20:14:00,20:14:00,154165,,13,,,,,,1,6791.8
594495,20:15:00,20:15:00,154020,,14,,,,,,1,7620.87
594495,20:20:00,20:20:00,154102,,15,,,,,,1,10209.83
592876,05:30:00,05:30:00,154102,,1,,,,,,1,0
592876,05:32:00,05:32:00,154021,,2,,,,,,1,2132.7
592876,05:34:00,05:34:00,154189,,3,,,,,,1,3164.33
592876,05:35:00,05:35:00,154188,,4,,,,,,1,3673.29
592876,05:38:00,05:38:00,154076,,5,,,,,,1,4989.53
592876,05:39:00,05:39:00,154075,,6,,,,,,1,6289.03
592876,05:39:00,05:39:00,154078,,7,,,,,,1,6860.61
592876,05:40:00,05:40:00,154079,,8,,,,,,1,7342.36
592876,05:40:00,05:40:00,154077,,9,,,,,,1,8303.85
592876,05:41:00,05:41:00,154098,,10,,,,,,1,8776.23
592876,05:42:00,05:42:00,154099,,11,,,,,,1,9326.36
592876,05:43:00,05:43:00,153912,,12,,,,,,1,9736.65
592876,05:44:00,05:44:00,154041,,13,,,,,,1,10400.67
592876,05:45:00,05:45:00,154097,,14,,,,,,1,10711.42
592876,05:46:00,05:46:00,154096,,15,,,,,,1,11062.88
592876,05:49:00,05:49:00,154090,,16,,,,,,1,13352.44
592876,05:50:00,05:50:00,154088,,17,,,,,,1,13902.73
592876,05:50:00,05:50:00,154089,,18,,,,,,1,14319.73
592876,05:51:00,05:51:00,154019,,19,,,,,,1,14799.42
592876,05:51:00,05:51:00,154018,,20,,,,,,1,15277.12
592876,05:53:00,05:53:00,154178,,21,,,,,,1,15626.76
592876,05:54:00,05:54:00,153913,,22,,,,,,1,16122.32
592876,05:55:00,05:55:00,154040,,23,,,,,,1,16385.16
592876,05:56:00,05:56:00,154064,,24,,,,,,1,16878.96
592876,06:02:00,06:02:00,154022,,25,,,,,,1,17096.2
594442,06:30:00,06:30:00,154102,,1,,,,,,1,0
594442,06:32:00,06:32:00,154021,,2,,,,,,1,2132.7
594442,06:34:00,06:34:00,154189,,3,,,,,,1,3164.33
594442,06:35:00,06:35:00,154188,,4,,,,,,1,3673.29
594442,06:38:00,06:38:00,154076,,5,,,,,,1,4989.53
594442,06:39:00,06:39:00,154075,,6,,,,,,1,6289.03
594442,06:39:00,06:39:00,154078,,7,,,,,,1,6860.61
594442,06:40:00,06:40:00,154079,,8,,,,,,1,7342.36
594442,06:40:00,06:40:00,154077,,9,,,,,,1,8303.85
594442,06:41:00,06:41:00,154098,,10,,,,,,1,8776.23
594442,06:42:00,06:42:00,154099,,11,,,,,,1,9326.36
594442,06:43:00,06:43:00,153912,,12,,,,,,1,9736.65
594442,06:44:00,06:44:00,154041,,13,,,,,,1,10400.67
594442,06:45:00,06:45:00,154097,,14,,,,,,1,10711.42
594442,06:46:00,06:46:00,154096,,15,,,,,,1,11062.88
594442,06:49:00,06:49:00,154090,,16,,,,,,1,13352.44
594442,06:50:00,06:50:00,154088,,17,,,,,,1,13902.73
594442,06:50:00,06:50:00,154089,,18,,,,,,1,14319.73
594442,06:51:00,06:51:00,154019,,19,,,,,,1,14799.42
594442,06:51:00,06:51:00,154018,,20,,,,,,1,15277.12
594442,06:53:00,06:53:00,154178,,21,,,,,,1,15626.76
594442,06:54:00,06:54:00,153913,,22,,,,,,1,16122.32
594442,06:55:00,06:55:00,154040,,23,,,,,,1,16385.16
594442,06:56:00,06:56:00,154064,,24,,,,,,1,16878.96
594442,07:02:00,07:02:00,154022,,25,,,,,,1,17096.2
594443,07:30:00,07:30:00,154102,,1,,,,,,1,0
594443,07:32:00,07:32:00,154021,,2,,,,,,1,2132.7
594443,07:34:00,07:34:00,154189,,3,,,,,,1,3164.33
594443,07:35:00,07:35:00,154188,,4,,,,,,1,3673.29
594443,07:38:00,07:38:00,154076,,5,,,,,,1,4989.53
594443,07:39:00,07:39:00,154075,,6,,,,,,1,6289.03
594443,07:39:00,07:39:00,154078,,7,,,,,,1,6860.61
594443,07:40:00,07:40:00,154079,,8,,,,,,1,7342.36
594443,07:40:00,07:40:00,154077,,9,,,,,,1,8303.85
594443,07:41:00,07:41:00,154098,,10,,,,,,1,8776.23
594443,07:42:00,07:42:00,154099,,11,,,,,,1,9326.36
594443,07:43:00,07:43:00,153912,,12,,,,,,1,9736.65
594443,07:44:00,07:44:00,154041,,13,,,,,,1,10400.67
594443,07:45:00,07:45:00,154097,,14,,,,,,1,10711.42
594443,07:46:00,07:46:00,154096,,15,,,,,,1,11062.88
594443,07:49:00,07:49:00,154090,,16,,,,,,1,13352.44
594443,07:50:00,07:50:00,154088,,17,,,,,,1,13902.73
594443,07:50:00,07:50:00,154089,,18,,,,,,1,14319.73
594443,07:51:00,07:51:00,154019,,19,,,,,,1,14799.42
594443,07:51:00,07:51:00,154018,,20,,,,,,1,15277.12
594443,07:53:00,07:53:00,154178,,21,,,,,,1,15626.76
594443,07:54:00,07:54:00,153913,,22,,,,,,1,16122.32
594443,07:55:00,07:55:00,154040,,23,,,,,,1,16385.16
594443,07:56:00,07:56:00,154064,,24,,,,,,1,16878.96
594443,08:02:00,08:02:00,154022,,25,,,,,,1,17096.2
594444,08:30:00,08:30:00,154102,,1,,,,,,1,0
594444,08:32:00,08:32:00,154021,,2,,,,,,1,2132.7
594444,08:34:00,08:34:00,154189,,3,,,,,,1,3164.33
594444,08:35:00,08:35:00,154188,,4,,,,,,1,3673.29
594444,08:38:00,08:38:00,154076,,5,,,,,,1,4989.53
594444,08:39:00,08:39:00,154075,,6,,,,,,1,6289.03
594444,08:39:00,08:39:00,154078,,7,,,,,,1,6860.61
594444,08:40:00,08:40:00,154079,,8,,,,,,1,7342.36
594444,08:40:00,08:40:00,154077,,9,,,,,,1,8303.85
594444,08:41:00,08:41:00,154098,,10,,,,,,1,8776.23
594444,08:42:00,08:42:00,154099,,11,,,,,,1,9326.36
594444,08:43:00,08:43:00,153912,,12,,,,,,1,9736.65
594444,08:44:00,08:44:00,154041,,13,,,,,,1,10400.67
594444,08:45:00,08:45:00,154097,,14,,,,,,1,10711.42
594444,08:46:00,08:46:00,154096,,15,,,,,,1,11062.88
594444,08:49:00,08:49:00,154090,,16,,,,,,1,13352.44
594444,08:50:00,08:50:00,154088,,17,,,,,,1,13902.73
594444,08:50:00,08:50:00,154089,,18,,,,,,1,14319.73
594444,08:51:00,08:51:00,154019,,19,,,,,,1,14799.42
594444,08:51:00,08:51:00,154018,,20,,,,,,1,15277.12
594444,08:53:00,08:53:00,154178,,21,,,,,,1,15626.76
594444,08:54:00,08:54:00,153913,,22,,,,,,1,16122.32
594444,08:55:00,08:55:00,154040,,23,,,,,,1,16385.16
594444,08:56:00,08:56:00,154064,,24,,,,,,1,16878.96
594444,09:02:00,09:02:00,154022,,25,,,,,,1,17096.2
594445,09:30:00,09:30:00,154102,,1,,,,,,1,0
594445,09:32:00,09:32:00,154021,,2,,,,,,1,2132.7
594445,09:34:00,09:34:00,154189,,3,,,,,,1,3164.33
594445,09:35:00,09:35:00,154188,,4,,,,,,1,3673.29
594445,09:38:00,09:38:00,154076,,5,,,,,,1,4989.53
594445,09:39:00,09:39:00,154075,,6,,,,,,1,6289.03
594445,09:39:00,09:39:00,154078,,7,,,,,,1,6860.61
594445,09:40:00,09:40:00,154079,,8,,,,,,1,7342.36
594445,09:40:00,09:40:00,154077,,9,,,,,,1,8303.85
594445,09:41:00,09:41:00,154098,,10,,,,,,1,8776.23
594445,09:42:00,09:42:00,154099,,11,,,,,,1,9326.36
594445,09:43:00,09:43:00,153912,,12,,,,,,1,9736.65
594445,09:44:00,09:44:00,154041,,13,,,,,,1,10400.67
594445,09:45:00,09:45:00,154097,,14,,,,,,1,10711.42
594445,09:46:00,09:46:00,154096,,15,,,,,,1,11062.88
594445,09:49:00,09:49:00,154090,,16,,,,,,1,13352.44
594445,09:50:00,09:50:00,154088,,17,,,,,,1,13902.73
594445,09:50:00,09:50:00,154089,,18,,,,,,1,14319.73
594445,09:51:00,09:51:00,154019,,19,,,,,,1,14799.42
594445,09:51:00,09:51:00,154018,,20,,,,,,1,15277.12
594445,09:53:00,09:53:00,154178,,21,,,,,,1,15626.76
594445,09:54:00,09:54:00,153913,,22,,,,,,1,16122.32
594445,09:55:00,09:55:00,154040,,23,,,,,,1,16385.16
594445,09:56:00,09:56:00,154064,,24,,,,,,1,16878.96
594445,10:02:00,10:02:00,154022,,25,,,,,,1,17096.2
594446,10:30:00,10:30:00,154102,,1,,,,,,1,0
594446,10:32:00,10:32:00,154021,,2,,,,,,1,2132.7
594446,10:34:00,10:34:00,154189,,3,,,,,,1,3164.33
594446,10:35:00,10:35:00,154188,,4,,,,,,1,3673.29
594446,10:38:00,10:38:00,154076,,5,,,,,,1,4989.53
594446,10:39:00,10:39:00,154075,,6,,,,,,1,6289.03
594446,10:39:00,10:39:00,154078,,7,,,,,,1,6860.61
594446,10:40:00,10:40:00,154079,,8,,,,,,1,7342.36
594446,10:40:00,10:40:00,154077,,9,,,,,,1,8303.85
594446,10:41:00,10:41:00,154098,,10,,,,,,1,8776.23
594446,10:42:00,10:42:00,154099,,11,,,,,,1,9326.36
594446,10:43:00,10:43:00,153912,,12,,,,,,1,9736.65
594446,10:44:00,10:44:00,154041,,13,,,,,,1,10400.67
594446,10:45:00,10:45:00,154097,,14,,,,,,1,10711.42
594446,10:46:00,10:46:00,154096,,15,,,,,,1,11062.88
594446,10:49:00,10:49:00,154090,,16,,,,,,1,13352.44
594446,10:50:00,10:50:00,154088,,17,,,,,,1,13902.73
594446,10:50:00,10:50:00,154089,,18,,,,,,1,14319.73
594446,10:51:00,10:51:00,154019,,19,,,,,,1,14799.42
594446,10:51:00,10:51:00,154018,,20,,,,,,1,15277.12
594446,10:53:00,10:53:00,154178,,21,,,,,,1,15626.76
594446,10:54:00,10:54:00,153913,,22,,,,,,1,16122.32
594446,10:55:00,10:55:00,154040,,23,,,,,,1,16385.16
594446,10:56:00,10:56:00,154064,,24,,,,,,1,16878.96
594446,11:02:00,11:02:00,154022,,25,,,,,,1,17096.2
594447,11:30:00,11:30:00,154102,,1,,,,,,1,0
594447,11:32:00,11:32:00,154021,,2,,,,,,1,2132.7
594447,11:34:00,11:34:00,154189,,3,,,,,,1,3164.33
594447,11:35:00,11:35:00,154188,,4,,,,,,1,3673.29
594447,11:38:00,11:38:00,154076,,5,,,,,,1,4989.53
594447,11:39:00,11:39:00,154075,,6,,,,,,1,6289.03
594447,11:39:00,11:39:00,154078,,7,,,,,,1,6860.61
594447,11:40:00,11:40:00,154079,,8,,,,,,1,7342.36
594447,11:40:00,11:40:00,154077,,9,,,,,,1,8303.85
594447,11:41:00,11:41:00,154098,,10,,,,,,1,8776.23
594447,11:42:00,11:42:00,154099,,11,,,,,,1,9326.36
594447,11:43:00,11:43:00,153912,,12,,,,,,1,9736.65
594447,11:44:00,11:44:00,154041,,13,,,,,,1,10400.67
594447,11:45:00,11:45:00,154097,,14,,,,,,1,10711.42
594447,11:46:00,11:46:00,154096,,15,,,,,,1,11062.88
594447,11:49:00,11:49:00,154090,,16,,,,,,1,13352.44
594447,11:50:00,11:50:00,154088,,17,,,,,,1,13902.73
594447,11:50:00,11:50:00,154089,,18,,,,,,1,14319.73
594447,11:51:00,11:51:00,154019,,19,,,,,,1,14799.42
594447,11:51:00,11:51:00,154018,,20,,,,,,1,15277.12
594447,11:53:00,11:53:00,154178,,21,,,,,,1,15626.76
594447,11:54:00,11:54:00,153913,,22,,,,,,1,16122.32
594447,11:55:00,11:55:00,154040,,23,,,,,,1,16385.16
594447,11:56:00,11:56:00,154064,,24,,,,,,1,16878.96
594447,12:02:00,12:02:00,154022,,25,,,,,,1,17096.2
594448,12:30:00,12:30:00,154102,,1,,,,,,1,0
594448,12:32:00,12:32:00,154021,,2,,,,,,1,2132.7
594448,12:34:00,12:34:00,154189,,3,,,,,,1,3164.33
594448,12:35:00,12:35:00,154188,,4,,,,,,1,3673.29
594448,12:38:00,12:38:00,154076,,5,,,,,,1,4989.53
594448,12:39:00,12:39:00,154075,,6,,,,,,1,6289.03
594448,12:39:00,12:39:00,154078,,7,,,,,,1,6860.61
594448,12:40:00,12:40:00,154079,,8,,,,,,1,7342.36
594448,12:40:00,12:40:00,154077,,9,,,,,,1,8303.85
594448,12:41:00,12:41:00,154098,,10,,,,,,1,8776.23
594448,12:42:00,12:42:00,154099,,11,,,,,,1,9326.36
594448,12:44:00,12:44:00,153912,,12,,,,,,1,9736.65
594448,12:45:00,12:45:00,154041,,13,,,,,,1,10400.67
594448,12:46:00,12:46:00,154097,,14,,,,,,1,10711.42
594448,12:47:00,12:47:00,154096,,15,,,,,,1,11062.88
594448,12:51:00,12:51:00,154090,,16,,,,,,1,13352.44
594448,12:52:00,12:52:00,154088,,17,,,,,,1,13902.73
594448,12:52:00,12:52:00,154089,,18,,,,,,1,14319.73
594448,12:53:00,12:53:00,154019,,19,,,,,,1,14799.42
594448,12:53:00,12:53:00,154018,,20,,,,,,1,15277.12
594448,12:55:00,12:55:00,154178,,21,,,,,,1,15626.76
594448,12:56:00,12:56:00,153913,,22,,,,,,1,16122.32
594448,12:59:00,12:59:00,154040,,23,,,,,,1,16385.16
594448,13:00:00,13:00:00,154064,,24,,,,,,1,16878.96
594448,13:08:00,13:08:00,154022,,25,,,,,,1,17096.2
594449,13:45:00,13:45:00,154102,,1,,,,,,1,0
594449,13:47:00,13:47:00,154021,,2,,,,,,1,2132.7
594449,13:49:00,13:49:00,154189,,3,,,,,,1,3164.33
594449,13:50:00,13:50:00,154188,,4,,,,,,1,3673.29
594449,13:53:00,13:53:00,154076,,5,,,,,,1,4989.53
594449,13:54:00,13:54:00,154075,,6,,,,,,1,6289.03
594449,13:54:00,13:54:00,154078,,7,,,,,,1,6860.61
594449,13:55:00,13:55:00,154079,,8,,,,,,1,7342.36
594449,13:55:00,13:55:00,154077,,9,,,,,,1,8303.85
594449,13:56:00,13:56:00,154098,,10,,,,,,1,8776.23
594449,13:57:00,13:57:00,154099,,11,,,,,,1,9326.36
594449,13:59:00,13:59:00,153912,,12,,,,,,1,9736.65
594449,14:00:00,14:00:00,154041,,13,,,,,,1,10400.67
594449,14:01:00,14:01:00,154097,,14,,,,,,1,10711.42
594449,14:02:00,14:02:00,154096,,15,,,,,,1,11062.88
594449,14:06:00,14:06:00,154090,,16,,,,,,1,13352.44
594449,14:07:00,14:07:00,154088,,17,,,,,,1,13902.73
594449,14:07:00,14:07:00,154089,,18,,,,,,1,14319.73
594449,14:08:00,14:08:00,154019,,19,,,,,,1,14799.42
594449,14:08:00,14:08:00,154018,,20,,,,,,1,15277.12
594449,14:10:00,14:10:00,154178,,21,,,,,,1,15626.76
594449,14:11:00,14:11:00,153913,,22,,,,,,1,16122.32
594449,14:14:00,14:14:00,154040,,23,,,,,,1,16385.16
594449,14:15:00,14:15:00,154064,,24,,,,,,1,16878.96
594449,14:23:00,14:23:00,154022,,25,,,,,,1,17096.2
594450,15:00:00,15:00:00,154102,,1,,,,,,1,0
594450,15:02:00,15:02:00,154021,,2,,,,,,1,2132.7
594450,15:04:00,15:04:00,154189,,3,,,,,,1,3164.33
594450,15:05:00,15:05:00,154188,,4,,,,,,1,3673.29
594450,15:08:00,15:08:00,154076,,5,,,,,,1,4989.53
594450,15:09:00,15:09:00,154075,,6,,,,,,1,6289.03
594450,15:09:00,15:09:00,154078,,7,,,,,,1,6860.61
594450,15:10:00,15:10:00,154079,,8,,,,,,1,7342.36
594450,15:10:00,15:10:00,154077,,9,,,,,,1,8303.85
594450,15:11:00,15:11:00,154098,,10,,,,,,1,8776.23
594450,15:12:00,15:12:00,154099,,11,,,,,,1,9326.36
594450,15:14:00,15:14:00,153912,,12,,,,,,1,9736.65
594450,15:15:00,15:15:00,154041,,13,,,,,,1,10400.67
594450,15:16:00,15:16:00,154097,,14,,,,,,1,10711.42
594450,15:17:00,15:17:00,154096,,15,,,,,,1,11062.88
594450,15:21:00,15:21:00,154090,,16,,,,,,1,13352.44
594450,15:22:00,15:22:00,154088,,17,,,,,,1,13902.73
594450,15:22:00,15:22:00,154089,,18,,,,,,1,14319.73
594450,15:23:00,15:23:00,154019,,19,,,,,,1,14799.42
594450,15:23:00,15:23:00,154018,,20,,,,,,1,15277.12
594450,15:25:00,15:25:00,154178,,21,,,,,,1,15626.76
594450,15:26:00,15:26:00,153913,,22,,,,,,1,16122.32
594450,15:29:00,15:29:00,154040,,23,,,,,,1,16385.16
594450,15:30:00,15:30:00,154064,,24,,,,,,1,16878.96
594450,15:38:00,15:38:00,154022,,25,,,,,,1,17096.2
594451,16:15:00,16:15:00,154102,,1,,,,,,1,0
594451,16:17:00,16:17:00,154021,,2,,,,,,1,2132.7
594451,16:19:00,16:19:00,154189,,3,,,,,,1,3164.33
594451,16:20:00,16:20:00,154188,,4,,,,,,1,3673.29
594451,16:23:00,16:23:00,154076,,5,,,,,,1,4989.53
594451,16:24:00,16:24:00,154075,,6,,,,,,1,6289.03
594451,16:24:00,16:24:00,154078,,7,,,,,,1,6860.61
594451,16:25:00,16:25:00,154079,,8,,,,,,1,7342.36
594451,16:25:00,16:25:00,154077,,9,,,,,,1,8303.85
594451,16:26:00,16:26:00,154098,,10,,,,,,1,8776.23
594451,16:27:00,16:27:00,154099,,11,,,,,,1,9326.36
594451,16:29:00,16:29:00,153912,,12,,,,,,1,9736.65
594451,16:30:00,16:30:00,154041,,13,,,,,,1,10400.67
594451,16:31:00,16:31:00,154097,,14,,,,,,1,10711.42
594451,16:32:00,16:32:00,154096,,15,,,,,,1,11062.88
594451,16:36:00,16:36:00,154090,,16,,,,,,1,13352.44
594451,16:37:00,16:37:00,154088,,17,,,,,,1,13902.73
594451,16:37:00,16:37:00,154089,,18,,,,,,1,14319.73
594451,16:38:00,16:38:00,154019,,19,,,,,,1,14799.42
594451,16:38:00,16:38:00,154018,,20,,,,,,1,15277.12
594451,16:40:00,16:40:00,154178,,21,,,,,,1,15626.76
594451,16:41:00,16:41:00,153913,,22,,,,,,1,16122.32
594451,16:44:00,16:44:00,154040,,23,,,,,,1,16385.16
594451,16:45:00,16:45:00,154064,,24,,,,,,1,16878.96
594451,16:53:00,16:53:00,154022,,25,,,,,,1,17096.2
594452,17:30:00,17:30:00,154102,,1,,,,,,1,0
594452,17:32:00,17:32:00,154021,,2,,,,,,1,2132.7
594452,17:34:00,17:34:00,154189,,3,,,,,,1,3164.33
594452,17:35:00,17:35:00,154188,,4,,,,,,1,3673.29
594452,17:38:00,17:38:00,154076,,5,,,,,,1,4989.53
594452,17:39:00,17:39:00,154075,,6,,,,,,1,6289.03
594452,17:39:00,17:39:00,154078,,7,,,,,,1,6860.61
594452,17:40:00,17:40:00,154079,,8,,,,,,1,7342.36
594452,17:40:00,17:40:00,154077,,9,,,,,,1,8303.85
594452,17:41:00,17:41:00,154098,,10,,,,,,1,8776.23
594452,17:42:00,17:42:00,154099,,11,,,,,,1,9326.36
594452,17:43:00,17:43:00,153912,,12,,,,,,1,9736.65
594452,17:44:00,17:44:00,154041,,13,,,,,,1,10400.67
594452,17:45:00,17:45:00,154097,,14,,,,,,1,10711.42
594452,17:46:00,17:46:00,154096,,15,,,,,,1,11062.88
594452,17:49:00,17:49:00,154090,,16,,,,,,1,13352.44
594452,17:50:00,17:50:00,154088,,17,,,,,,1,13902.73
594452,17:50:00,17:50:00,154089,,18,,,,,,1,14319.73
594452,17:51:00,17:51:00,154019,,19,,,,,,1,14799.42
594452,17:51:00,17:51:00,154018,,20,,,,,,1,15277.12
594452,17:53:00,17:53:00,154178,,21,,,,,,1,15626.76
594452,17:54:00,17:54:00,153913,,22,,,,,,1,16122.32
594452,17:55:00,17:55:00,154040,,23,,,,,,1,16385.16
594452,17:56:00,17:56:00,154064,,24,,,,,,1,16878.96
594452,18:02:00,18:02:00,154022,,25,,,,,,1,17096.2
594453,18:30:00,18:30:00,154102,,1,,,,,,1,0
594453,18:32:00,18:32:00,154021,,2,,,,,,1,2132.7
594453,18:34:00,18:34:00,154189,,3,,,,,,1,3164.33
594453,18:35:00,18:35:00,154188,,4,,,,,,1,3673.29
594453,18:38:00,18:38:00,154076,,5,,,,,,1,4989.53
594453,18:39:00,18:39:00,154075,,6,,,,,,1,6289.03
594453,18:39:00,18:39:00,154078,,7,,,,,,1,6860.61
594453,18:40:00,18:40:00,154079,,8,,,,,,1,7342.36
594453,18:40:00,18:40:00,154077,,9,,,,,,1,8303.85
594453,18:41:00,18:41:00,154098,,10,,,,,,1,8776.23
594453,18:42:00,18:42:00,154099,,11,,,,,,1,9326.36
594453,18:43:00,18:43:00,153912,,12,,,,,,1,9736.65
594453,18:44:00,18:44:00,154041,,13,,,,,,1,10400.67
594453,18:45:00,18:45:00,154097,,14,,,,,,1,10711.42
594453,18:46:00,18:46:00,154096,,15,,,,,,1,11062.88
594453,18:49:00,18:49:00,154090,,16,,,,,,1,13352.44
594453,18:50:00,18:50:00,154088,,17,,,,,,1,13902.73
594453,18:50:00,18:50:00,154089,,18,,,,,,1,14319.73
594453,18:51:00,18:51:00,154019,,19,,,,,,1,14799.42
594453,18:51:00,18:51:00,154018,,20,,,,,,1,15277.12
594453,18:53:00,18:53:00,154178,,21,,,,,,1,15626.76
594453,18:54:00,18:54:00,153913,,22,,,,,,1,16122.32
594453,18:55:00,18:55:00,154040,,23,,,,,,1,16385.16
594453,18:56:00,18:56:00,154064,,24,,,,,,1,16878.96
594453,19:02:00,19:02:00,154022,,25,,,,,,1,17096.2
594454,19:30:00,19:30:00,154102,,1,,,,,,1,0
594454,19:32:00,19:32:00,154021,,2,,,,,,1,2132.7
594454,19:34:00,19:34:00,154189,,3,,,,,,1,3164.33
594454,19:35:00,19:35:00,154188,,4,,,,,,1,3673.29
594454,19:38:00,19:38:00,154076,,5,,,,,,1,4989.53
594454,19:39:00,19:39:00,154075,,6,,,,,,1,6289.03
594454,19:39:00,19:39:00,154078,,7,,,,,,1,6860.61
594454,19:40:00,19:40:00,154079,,8,,,,,,1,7342.36
594454,19:40:00,19:40:00,154077,,9,,,,,,1,8303.85
594454,19:41:00,19:41:00,154098,,10,,,,,,1,8776.23
594454,19:42:00,19:42:00,154099,,11,,,,,,1,9326.36
594454,19:43:00,19:43:00,153912,,12,,,,,,1,9736.65
594454,19:44:00,19:44:00,154041,,13,,,,,,1,10400.67
594454,19:45:00,19:45:00,154097,,14,,,,,,1,10711.42
594454,19:46:00,19:46:00,154096,,15,,,,,,1,11062.88
594454,19:49:00,19:49:00,154090,,16,,,,,,1,13352.44
594454,19:50:00,19:50:00,154088,,17,,,,,,1,13902.73
594454,19:50:00,19:50:00,154089,,18,,,,,,1,14319.73
594454,19:51:00,19:51:00,154019,,19,,,,,,1,14799.42
594454,19:51:00,19:51:00,154018,,20,,,,,,1,15277.12
594454,19:53:00,19:53:00,154178,,21,,,,,,1,15626.76
594454,19:54:00,19:54:00,153913,,22,,,,,,1,16122.32
594454,19:55:00,19:55:00,154040,,23,,,,,,1,16385.16
594454,19:56:00,19:56:00,154064,,24,,,,,,1,16878.96
594454,20:02:00,20:02:00,154022,,25,,,,,,1,17096.2
594458,08:30:00,08:30:00,154102,,1,,,,,,1,0
594458,08:32:00,08:32:00,154021,,2,,,,,,1,2132.7
594458,08:34:00,08:34:00,154189,,3,,,,,,1,3164.33
594458,08:35:00,08:35:00,154188,,4,,,,,,1,3673.29
594458,08:38:00,08:38:00,154076,,5,,,,,,1,4989.53
594458,08:39:00,08:39:00,154075,,6,,,,,,1,6289.03
594458,08:39:00,08:39:00,154078,,7,,,,,,1,6860.61
594458,08:40:00,08:40:00,154079,,8,,,,,,1,7342.36
594458,08:40:00,08:40:00,154077,,9,,,,,,1,8303.85
594458,08:41:00,08:41:00,154098,,10,,,,,,1,8776.23
594458,08:42:00,08:42:00,154099,,11,,,,,,1,9326.36
594458,08:43:00,08:43:00,153912,,12,,,,,,1,9736.65
594458,08:44:00,08:44:00,154041,,13,,,,,,1,10400.67
594458,08:45:00,08:45:00,154097,,14,,,,,,1,10711.42
594458,08:46:00,08:46:00,154096,,15,,,,,,1,11062.88
594458,08:49:00,08:49:00,154090,,16,,,,,,1,13352.44
594458,08:50:00,08:50:00,154088,,17,,,,,,1,13902.73
594458,08:50:00,08:50:00,154089,,18,,,,,,1,14319.73
594458,08:51:00,08:51:00,154019,,19,,,,,,1,14799.42
594458,08:51:00,08:51:00,154018,,20,,,,,,1,15277.12
594458,08:53:00,08:53:00,154178,,21,,,,,,1,15626.76
594458,08:54:00,08:54:00,153913,,22,,,,,,1,16122.32
594458,08:55:00,08:55:00,154040,,23,,,,,,1,16385.16
594458,08:56:00,08:56:00,154064,,24,,,,,,1,16878.96
594458,09:02:00,09:02:00,154022,,25,,,,,,1,17096.2
594459,09:30:00,09:30:00,154102,,1,,,,,,1,0
594459,09:32:00,09:32:00,154021,,2,,,,,,1,2132.7
594459,09:34:00,09:34:00,154189,,3,,,,,,1,3164.33
594459,09:35:00,09:35:00,154188,,4,,,,,,1,3673.29
594459,09:38:00,09:38:00,154076,,5,,,,,,1,4989.53
594459,09:39:00,09:39:00,154075,,6,,,,,,1,6289.03
594459,09:39:00,09:39:00,154078,,7,,,,,,1,6860.61
594459,09:40:00,09:40:00,154079,,8,,,,,,1,7342.36
594459,09:40:00,09:40:00,154077,,9,,,,,,1,8303.85
594459,09:41:00,09:41:00,154098,,10,,,,,,1,8776.23
594459,09:42:00,09:42:00,154099,,11,,,,,,1,9326.36
594459,09:43:00,09:43:00,153912,,12,,,,,,1,9736.65
594459,09:44:00,09:44:00,154041,,13,,,,,,1,10400.67
594459,09:45:00,09:45:00,154097,,14,,,,,,1,10711.42
594459,09:46:00,09:46:00,154096,,15,,,,,,1,11062.88
594459,09:49:00,09:49:00,154090,,16,,,,,,1,13352.44
594459,09:50:00,09:50:00,154088,,17,,,,,,1,13902.73
594459,09:50:00,09:50:00,154089,,18,,,,,,1,14319.73
594459,09:51:00,09:51:00,154019,,19,,,,,,1,14799.42
594459,09:51:00,09:51:00,154018,,20,,,,,,1,15277.12
594459,09:53:00,09:53:00,154178,,21,,,,,,1,15626.76
594459,09:54:00,09:54:00,153913,,22,,,,,,1,16122.32
594459,09:55:00,09:55:00,154040,,23,,,,,,1,16385.16
594459,09:56:00,09:56:00,154064,,24,,,,,,1,16878.96
594459,10:02:00,10:02:00,154022,,25,,,,,,1,17096.2
594460,10:30:00,10:30:00,154102,,1,,,,,,1,0
594460,10:32:00,10:32:00,154021,,2,,,,,,1,2132.7
594460,10:34:00,10:34:00,154189,,3,,,,,,1,3164.33
594460,10:35:00,10:35:00,154188,,4,,,,,,1,3673.29
594460,10:38:00,10:38:00,154076,,5,,,,,,1,4989.53
594460,10:39:00,10:39:00,154075,,6,,,,,,1,6289.03
594460,10:39:00,10:39:00,154078,,7,,,,,,1,6860.61
594460,10:40:00,10:40:00,154079,,8,,,,,,1,7342.36
594460,10:40:00,10:40:00,154077,,9,,,,,,1,8303.85
594460,10:41:00,10:41:00,154098,,10,,,,,,1,8776.23
594460,10:42:00,10:42:00,154099,,11,,,,,,1,9326.36
594460,10:43:00,10:43:00,153912,,12,,,,,,1,9736.65
594460,10:44:00,10:44:00,154041,,13,,,,,,1,10400.67
594460,10:45:00,10:45:00,154097,,14,,,,,,1,10711.42
594460,10:46:00,10:46:00,154096,,15,,,,,,1,11062.88
594460,10:49:00,10:49:00,154090,,16,,,,,,1,13352.44
594460,10:50:00,10:50:00,154088,,17,,,,,,1,13902.73
594460,10:50:00,10:50:00,154089,,18,,,,,,1,14319.73
594460,10:51:00,10:51:00,154019,,19,,,,,,1,14799.42
594460,10:51:00,10:51:00,154018,,20,,,,,,1,15277.12
594460,10:53:00,10:53:00,154178,,21,,,,,,1,15626.76
594460,10:54:00,10:54:00,153913,,22,,,,,,1,16122.32
594460,10:55:00,10:55:00,154040,,23,,,,,,1,16385.16
594460,10:56:00,10:56:00,154064,,24,,,,,,1,16878.96
594460,11:02:00,11:02:00,154022,,25,,,,,,1,17096.2
594461,11:30:00,11:30:00,154102,,1,,,,,,1,0
594461,11:32:00,11:32:00,154021,,2,,,,,,1,2132.7
594461,11:34:00,11:34:00,154189,,3,,,,,,1,3164.33
594461,11:35:00,11:35:00,154188,,4,,,,,,1,3673.29
594461,11:38:00,11:38:00,154076,,5,,,,,,1,4989.53
594461,11:39:00,11:39:00,154075,,6,,,,,,1,6289.03
594461,11:39:00,11:39:00,154078,,7,,,,,,1,6860.61
594461,11:40:00,11:40:00,154079,,8,,,,,,1,7342.36
594461,11:40:00,11:40:00,154077,,9,,,,,,1,8303.85
594461,11:41:00,11:41:00,154098,,10,,,,,,1,8776.23
594461,11:42:00,11:42:00,154099,,11,,,,,,1,9326.36
594461,11:43:00,11:43:00,153912,,12,,,,,,1,9736.65
594461,11:44:00,11:44:00,154041,,13,,,,,,1,10400.67
594461,11:45:00,11:45:00,154097,,14,,,,,,1,10711.42
594461,11:46:00,11:46:00,154096,,15,,,,,,1,11062.88
594461,11:49:00,11:49:00,154090,,16,,,,,,1,13352.44
594461,11:50:00,11:50:00,154088,,17,,,,,,1,13902.73
594461,11:50:00,11:50:00,154089,,18,,,,,,1,14319.73
594461,11:51:00,11:51:00,154019,,19,,,,,,1,14799.42
594461,11:51:00,11:51:00,154018,,20,,,,,,1,15277.12
594461,11:53:00,11:53:00,154178,,21,,,,,,1,15626.76
594461,11:54:00,11:54:00,153913,,22,,,,,,1,16122.32
594461,11:55:00,11:55:00,154040,,23,,,,,,1,16385.16
594461,11:56:00,11:56:00,154064,,24,,,,,,1,16878.96
594461,12:02:00,12:02:00,154022,,25,,,,,,1,17096.2
594462,12:30:00,12:30:00,154102,,1,,,,,,1,0
594462,12:32:00,12:32:00,154021,,2,,,,,,1,2132.7
594462,12:34:00,12:34:00,154189,,3,,,,,,1,3164.33
594462,12:35:00,12:35:00,154188,,4,,,,,,1,3673.29
594462,12:38:00,12:38:00,154076,,5,,,,,,1,4989.53
594462,12:39:00,12:39:00,154075,,6,,,,,,1,6289.03
594462,12:39:00,12:39:00,154078,,7,,,,,,1,6860.61
594462,12:40:00,12:40:00,154079,,8,,,,,,1,7342.36
594462,12:40:00,12:40:00,154077,,9,,,,,,1,8303.85
594462,12:41:00,12:41:00,154098,,10,,,,,,1,8776.23
594462,12:42:00,12:42:00,154099,,11,,,,,,1,9326.36
594462,12:44:00,12:44:00,153912,,12,,,,,,1,9736.65
594462,12:45:00,12:45:00,154041,,13,,,,,,1,10400.67
594462,12:46:00,12:46:00,154097,,14,,,,,,1,10711.42
594462,12:47:00,12:47:00,154096,,15,,,,,,1,11062.88
594462,12:51:00,12:51:00,154090,,16,,,,,,1,13352.44
594462,12:52:00,12:52:00,154088,,17,,,,,,1,13902.73
594462,12:52:00,12:52:00,154089,,18,,,,,,1,14319.73
594462,12:53:00,12:53:00,154019,,19,,,,,,1,14799.42
594462,12:53:00,12:53:00,154018,,20,,,,,,1,15277.12
594462,12:55:00,12:55:00,154178,,21,,,,,,1,15626.76
594462,12:56:00,12:56:00,153913,,22,,,,,,1,16122.32
594462,12:59:00,12:59:00,154040,,23,,,,,,1,16385.16
594462,13:00:00,13:00:00,154064,,24,,,,,,1,16878.96
594462,13:08:00,13:08:00,154022,,25,,,,,,1,17096.2
594463,13:45:00,13:45:00,154102,,1,,,,,,1,0
594463,13:47:00,13:47:00,154021,,2,,,,,,1,2132.7
594463,13:49:00,13:49:00,154189,,3,,,,,,1,3164.33
594463,13:50:00,13:50:00,154188,,4,,,,,,1,3673.29
594463,13:53:00,13:53:00,154076,,5,,,,,,1,4989.53
594463,13:54:00,13:54:00,154075,,6,,,,,,1,6289.03
594463,13:54:00,13:54:00,154078,,7,,,,,,1,6860.61
594463,13:55:00,13:55:00,154079,,8,,,,,,1,7342.36
594463,13:55:00,13:55:00,154077,,9,,,,,,1,8303.85
594463,13:56:00,13:56:00,154098,,10,,,,,,1,8776.23
594463,13:57:00,13:57:00,154099,,11,,,,,,1,9326.36
594463,13:59:00,13:59:00,153912,,12,,,,,,1,9736.65
594463,14:00:00,14:00:00,154041,,13,,,,,,1,10400.67
594463,14:01:00,14:01:00,154097,,14,,,,,,1,10711.42
594463,14:02:00,14:02:00,154096,,15,,,,,,1,11062.88
594463,14:06:00,14:06:00,154090,,16,,,,,,1,13352.44
594463,14:07:00,14:07:00,154088,,17,,,,,,1,13902.73
594463,14:07:00,14:07:00,154089,,18,,,,,,1,14319.73
594463,14:08:00,14:08:00,154019,,19,,,,,,1,14799.42
594463,14:08:00,14:08:00,154018,,20,,,,,,1,15277.12
594463,14:10:00,14:10:00,154178,,21,,,,,,1,15626.76
594463,14:11:00,14:11:00,153913,,22,,,,,,1,16122.32
594463,14:14:00,14:14:00,154040,,23,,,,,,1,16385.16
594463,14:15:00,14:15:00,154064,,24,,,,,,1,16878.96
594463,14:23:00,14:23:00,154022,,25,,,,,,1,17096.2
594464,15:00:00,15:00:00,154102,,1,,,,,,1,0
594464,15:02:00,15:02:00,154021,,2,,,,,,1,2132.7
594464,15:04:00,15:04:00,154189,,3,,,,,,1,3164.33
594464,15:05:00,15:05:00,154188,,4,,,,,,1,3673.29
594464,15:08:00,15:08:00,154076,,5,,,,,,1,4989.53
594464,15:09:00,15:09:00,154075,,6,,,,,,1,6289.03
594464,15:09:00,15:09:00,154078,,7,,,,,,1,6860.61
594464,15:10:00,15:10:00,154079,,8,,,,,,1,7342.36
594464,15:10:00,15:10:00,154077,,9,,,,,,1,8303.85
594464,15:11:00,15:11:00,154098,,10,,,,,,1,8776.23
594464,15:12:00,15:12:00,154099,,11,,,,,,1,9326.36
594464,15:14:00,15:14:00,153912,,12,,,,,,1,9736.65
594464,15:15:00,15:15:00,154041,,13,,,,,,1,10400.67
594464,15:16:00,15:16:00,154097,,14,,,,,,1,10711.42
594464,15:17:00,15:17:00,154096,,15,,,,,,1,11062.88
594464,15:21:00,15:21:00,154090,,16,,,,,,1,13352.44
594464,15:22:00,15:22:00,154088,,17,,,,,,1,13902.73
594464,15:22:00,15:22:00,154089,,18,,,,,,1,14319.73
594464,15:23:00,15:23:00,154019,,19,,,,,,1,14799.42
594464,15:23:00,15:23:00,154018,,20,,,,,,1,15277.12
594464,15:25:00,15:25:00,154178,,21,,,,,,1,15626.76
594464,15:26:00,15:26:00,153913,,22,,,,,,1,16122.32
594464,15:29:00,15:29:00,154040,,23,,,,,,1,16385.16
594464,15:30:00,15:30:00,154064,,24,,,,,,1,16878.96
594464,15:38:00,15:38:00,154022,,25,,,,,,1,17096.2
594465,16:15:00,16:15:00,154102,,1,,,,,,1,0
594465,16:17:00,16:17:00,154021,,2,,,,,,1,2132.7
594465,16:19:00,16:19:00,154189,,3,,,,,,1,3164.33
594465,16:20:00,16:20:00,154188,,4,,,,,,1,3673.29
594465,16:23:00,16:23:00,154076,,5,,,,,,1,4989.53
594465,16:24:00,16:24:00,154075,,6,,,,,,1,6289.03
594465,16:24:00,16:24:00,154078,,7,,,,,,1,6860.61
594465,16:25:00,16:25:00,154079,,8,,,,,,1,7342.36
594465,16:25:00,16:25:00,154077,,9,,,,,,1,8303.85
594465,16:26:00,16:26:00,154098,,10,,,,,,1,8776.23
594465,16:27:00,16:27:00,154099,,11,,,,,,1,9326.36
594465,16:29:00,16:29:00,153912,,12,,,,,,1,9736.65
594465,16:30:00,16:30:00,154041,,13,,,,,,1,10400.67
594465,16:31:00,16:31:00,154097,,14,,,,,,1,10711.42
594465,16:32:00,16:32:00,154096,,15,,,,,,1,11062.88
594465,16:36:00,16:36:00,154090,,16,,,,,,1,13352.44
594465,16:37:00,16:37:00,154088,,17,,,,,,1,13902.73
594465,16:37:00,16:37:00,154089,,18,,,,,,1,14319.73
594465,16:38:00,16:38:00,154019,,19,,,,,,1,14799.42
594465,16:38:00,16:38:00,154018,,20,,,,,,1,15277.12
594465,16:40:00,16:40:00,154178,,21,,,,,,1,15626.76
594465,16:41:00,16:41:00,153913,,22,,,,,,1,16122.32
594465,16:44:00,16:44:00,154040,,23,,,,,,1,16385.16
594465,16:45:00,16:45:00,154064,,24,,,,,,1,16878.96
594465,16:53:00,16:53:00,154022,,25,,,,,,1,17096.2
594466,17:30:00,17:30:00,154102,,1,,,,,,1,0
594466,17:32:00,17:32:00,154021,,2,,,,,,1,2132.7
594466,17:34:00,17:34:00,154189,,3,,,,,,1,3164.33
594466,17:35:00,17:35:00,154188,,4,,,,,,1,3673.29
594466,17:38:00,17:38:00,154076,,5,,,,,,1,4989.53
594466,17:39:00,17:39:00,154075,,6,,,,,,1,6289.03
594466,17:39:00,17:39:00,154078,,7,,,,,,1,6860.61
594466,17:40:00,17:40:00,154079,,8,,,,,,1,7342.36
594466,17:40:00,17:40:00,154077,,9,,,,,,1,8303.85
594466,17:41:00,17:41:00,154098,,10,,,,,,1,8776.23
594466,17:42:00,17:42:00,154099,,11,,,,,,1,9326.36
594466,17:43:00,17:43:00,153912,,12,,,,,,1,9736.65
594466,17:44:00,17:44:00,154041,,13,,,,,,1,10400.67
594466,17:45:00,17:45:00,154097,,14,,,,,,1,10711.42
594466,17:46:00,17:46:00,154096,,15,,,,,,1,11062.88
594466,17:49:00,17:49:00,154090,,16,,,,,,1,13352.44
594466,17:50:00,17:50:00,154088,,17,,,,,,1,13902.73
594466,17:50:00,17:50:00,154089,,18,,,,,,1,14319.73
594466,17:51:00,17:51:00,154019,,19,,,,,,1,14799.42
594466,17:51:00,17:51:00,154018,,20,,,,,,1,15277.12
594466,17:53:00,17:53:00,154178,,21,,,,,,1,15626.76
594466,17:54:00,17:54:00,153913,,22,,,,,,1,16122.32
594466,17:55:00,17:55:00,154040,,23,,,,,,1,16385.16
594466,17:56:00,17:56:00,154064,,24,,,,,,1,16878.96
594466,18:02:00,18:02:00,154022,,25,,,,,,1,17096.2
594467,18:30:00,18:30:00,154102,,1,,,,,,1,0
594467,18:32:00,18:32:00,154021,,2,,,,,,1,2132.7
594467,18:34:00,18:34:00,154189,,3,,,,,,1,3164.33
594467,18:35:00,18:35:00,154188,,4,,,,,,1,3673.29
594467,18:38:00,18:38:00,154076,,5,,,,,,1,4989.53
594467,18:39:00,18:39:00,154075,,6,,,,,,1,6289.03
594467,18:39:00,18:39:00,154078,,7,,,,,,1,6860.61
594467,18:40:00,18:40:00,154079,,8,,,,,,1,7342.36
594467,18:40:00,18:40:00,154077,,9,,,,,,1,8303.85
594467,18:41:00,18:41:00,154098,,10,,,,,,1,8776.23
594467,18:42:00,18:42:00,154099,,11,,,,,,1,9326.36
594467,18:43:00,18:43:00,153912,,12,,,,,,1,9736.65
594467,18:44:00,18:44:00,154041,,13,,,,,,1,10400.67
594467,18:45:00,18:45:00,154097,,14,,,,,,1,10711.42
594467,18:46:00,18:46:00,154096,,15,,,,,,1,11062.88
594467,18:49:00,18:49:00,154090,,16,,,,,,1,13352.44
594467,18:50:00,18:50:00,154088,,17,,,,,,1,13902.73
594467,18:50:00,18:50:00,154089,,18,,,,,,1,14319.73
594467,18:51:00,18:51:00,154019,,19,,,,,,1,14799.42
594467,18:51:00,18:51:00,154018,,20,,,,,,1,15277.12
594467,18:53:00,18:53:00,154178,,21,,,,,,1,15626.76
594467,18:54:00,18:54:00,153913,,22,,,,,,1,16122.32
594467,18:55:00,18:55:00,154040,,23,,,,,,1,16385.16
594467,18:56:00,18:56:00,154064,,24,,,,,,1,16878.96
594467,19:02:00,19:02:00,154022,,25,,,,,,1,17096.2
594468,19:30:00,19:30:00,154102,,1,,,,,,1,0
594468,19:32:00,19:32:00,154021,,2,,,,,,1,2132.7
594468,19:34:00,19:34:00,154189,,3,,,,,,1,3164.33
594468,19:35:00,19:35:00,154188,,4,,,,,,1,3673.29
594468,19:38:00,19:38:00,154076,,5,,,,,,1,4989.53
594468,19:39:00,19:39:00,154075,,6,,,,,,1,6289.03
594468,19:39:00,19:39:00,154078,,7,,,,,,1,6860.61
594468,19:40:00,19:40:00,154079,,8,,,,,,1,7342.36
594468,19:40:00,19:40:00,154077,,9,,,,,,1,8303.85
594468,19:41:00,19:41:00,154098,,10,,,,,,1,8776.23
594468,19:42:00,19:42:00,154099,,11,,,,,,1,9326.36
594468,19:43:00,19:43:00,153912,,12,,,,,,1,9736.65
594468,19:44:00,19:44:00,154041,,13,,,,,,1,10400.67
594468,19:45:00,19:45:00,154097,,14,,,,,,1,10711.42
594468,19:46:00,19:46:00,154096,,15,,,,,,1,11062.88
594468,19:49:00,19:49:00,154090,,16,,,,,,1,13352.44
594468,19:50:00,19:50:00,154088,,17,,,,,,1,13902.73
594468,19:50:00,19:50:00,154089,,18,,,,,,1,14319.73
594468,19:51:00,19:51:00,154019,,19,,,,,,1,14799.42
594468,19:51:00,19:51:00,154018,,20,,,,,,1,15277.12
594468,19:53:00,19:53:00,154178,,21,,,,,,1,15626.76
594468,19:54:00,19:54:00,153913,,22,,,,,,1,16122.32
594468,19:55:00,19:55:00,154040,,23,,,,,,1,16385.16
594468,19:56:00,19:56:00,154064,,24,,,,,,1,16878.96
594468,20:02:00,20:02:00,154022,,25,,,,,,1,17096.2
592878,05:30:00,05:30:00,154103,,1,,,,,,1,0
592878,05:41:00,05:41:00,154173,,2,,,,,,1,5823.68
592878,05:53:00,05:53:00,153935,,3,,,,,,1,15196.7
592878,05:57:00,05:57:00,154072,,4,,,,,,1,18257.56
592878,06:02:00,06:07:00,154014,,5,,,,,,1,22389.46
592878,06:25:00,06:25:00,154103,,6,,,,,,1,45658.27
594496,06:30:00,06:30:00,154103,,1,,,,,,1,0
594496,06:41:00,06:41:00,154173,,2,,,,,,1,5823.68
594496,06:53:00,06:53:00,153935,,3,,,,,,1,15196.7
594496,06:57:00,06:57:00,154072,,4,,,,,,1,18257.56
594496,07:02:00,07:07:00,154014,,5,,,,,,1,22389.46
594496,07:25:00,07:25:00,154103,,6,,,,,,1,45658.27
594497,07:30:00,07:30:00,154103,,1,,,,,,1,0
594497,07:41:00,07:41:00,154173,,2,,,,,,1,5823.68
594497,07:53:00,07:53:00,153935,,3,,,,,,1,15196.7
594497,07:57:00,07:57:00,154072,,4,,,,,,1,18257.56
594497,08:02:00,08:07:00,154014,,5,,,,,,1,22389.46
594497,08:25:00,08:25:00,154103,,6,,,,,,1,45658.27
594498,08:30:00,08:30:00,154103,,1,,,,,,1,0
594498,08:41:00,08:41:00,154173,,2,,,,,,1,5823.68
594498,08:53:00,08:53:00,153935,,3,,,,,,1,15196.7
594498,08:57:00,08:57:00,154072,,4,,,,,,1,18257.56
594498,09:02:00,09:07:00,154014,,5,,,,,,1,22389.46
594498,09:25:00,09:25:00,154103,,6,,,,,,1,45658.27
594499,09:30:00,09:30:00,154103,,1,,,,,,1,0
594499,09:41:00,09:41:00,154173,,2,,,,,,1,5823.68
594499,09:53:00,09:53:00,153935,,3,,,,,,1,15196.7
594499,09:57:00,09:57:00,154072,,4,,,,,,1,18257.56
594499,10:02:00,10:07:00,154014,,5,,,,,,1,22389.46
594499,10:25:00,10:25:00,154103,,6,,,,,,1,45658.27
594500,10:30:00,10:30:00,154103,,1,,,,,,1,0
594500,10:41:00,10:41:00,154173,,2,,,,,,1,5823.68
594500,10:53:00,10:53:00,153935,,3,,,,,,1,15196.7
594500,10:57:00,10:57:00,154072,,4,,,,,,1,18257.56
594500,11:02:00,11:07:00,154014,,5,,,,,,1,22389.46
594500,11:25:00,11:25:00,154103,,6,,,,,,1,45658.27
594501,11:30:00,11:30:00,154103,,1,,,,,,1,0
594501,11:41:00,11:41:00,154173,,2,,,,,,1,5823.68
594501,11:53:00,11:53:00,153935,,3,,,,,,1,15196.7
594501,11:57:00,11:57:00,154072,,4,,,,,,1,18257.56
594501,12:02:00,12:07:00,154014,,5,,,,,,1,22389.46
594501,12:25:00,12:25:00,154103,,6,,,,,,1,45658.27
594505,08:30:00,08:30:00,154103,,1,,,,,,1,0
594505,08:41:00,08:41:00,154173,,2,,,,,,1,5823.68
594505,08:53:00,08:53:00,153935,,3,,,,,,1,15196.7
594505,08:57:00,08:57:00,154072,,4,,,,,,1,18257.56
594505,09:02:00,09:07:00,154014,,5,,,,,,1,22389.46
594505,09:25:00,09:25:00,154103,,6,,,,,,1,45658.27
594506,09:30:00,09:30:00,154103,,1,,,,,,1,0
594506,09:41:00,09:41:00,154173,,2,,,,,,1,5823.68
594506,09:53:00,09:53:00,153935,,3,,,,,,1,15196.7
594506,09:57:00,09:57:00,154072,,4,,,,,,1,18257.56
594506,10:02:00,10:07:00,154014,,5,,,,,,1,22389.46
594506,10:25:00,10:25:00,154103,,6,,,,,,1,45658.27
594507,10:30:00,10:30:00,154103,,1,,,,,,1,0
594507,10:41:00,10:41:00,154173,,2,,,,,,1,5823.68
594507,10:53:00,10:53:00,153935,,3,,,,,,1,15196.7
594507,10:57:00,10:57:00,154072,,4,,,,,,1,18257.56
594507,11:02:00,11:07:00,154014,,5,,,,,,1,22389.46
594507,11:25:00,11:25:00,154103,,6,,,,,,1,45658.27
594508,11:30:00,11:30:00,154103,,1,,,,,,1,0
594508,11:41:00,11:41:00,154173,,2,,,,,,1,5823.68
594508,11:53:00,11:53:00,153935,,3,,,,,,1,15196.7
594508,11:57:00,11:57:00,154072,,4,,,,,,1,18257.56
594508,12:02:00,12:07:00,154014,,5,,,,,,1,22389.46
594508,12:25:00,12:25:00,154103,,6,,,,,,1,45658.27
592881,12:30:00,12:30:00,154103,,1,,,,,,1,0
592881,12:57:00,12:57:00,154014,,2,,,,,,1,23438.99
592881,13:03:00,13:03:00,154071,,3,,,,,,1,27993.64
592881,13:07:00,13:07:00,153934,,4,,,,,,1,30971.45
592881,13:22:00,13:22:00,154173,,5,,,,,,1,40689.93
592881,13:37:00,13:37:00,154103,,6,,,,,,1,47469.78
594509,13:45:00,13:45:00,154103,,1,,,,,,1,0
594509,14:12:00,14:12:00,154014,,2,,,,,,1,23438.99
594509,14:18:00,14:18:00,154071,,3,,,,,,1,27993.64
594509,14:22:00,14:22:00,153934,,4,,,,,,1,30971.45
594509,14:37:00,14:37:00,154173,,5,,,,,,1,40689.93
594509,14:52:00,14:52:00,154103,,6,,,,,,1,47469.78
594510,15:00:00,15:00:00,154103,,1,,,,,,1,0
594510,15:27:00,15:27:00,154014,,2,,,,,,1,23438.99
594510,15:33:00,15:33:00,154071,,3,,,,,,1,27993.64
594510,15:37:00,15:37:00,153934,,4,,,,,,1,30971.45
594510,15:52:00,15:52:00,154173,,5,,,,,,1,40689.93
594510,16:07:00,16:07:00,154103,,6,,,,,,1,47469.78
594511,16:15:00,16:15:00,154103,,1,,,,,,1,0
594511,16:42:00,16:42:00,154014,,2,,,,,,1,23438.99
594511,16:48:00,16:48:00,154071,,3,,,,,,1,27993.64
594511,16:52:00,16:52:00,153934,,4,,,,,,1,30971.45
594511,17:07:00,17:07:00,154173,,5,,,,,,1,40689.93
594511,17:22:00,17:22:00,154103,,6,,,,,,1,47469.78
594512,17:30:00,17:30:00,154103,,1,,,,,,1,0
594512,17:53:00,17:53:00,154014,,2,,,,,,1,23438.99
594512,17:58:00,17:58:00,154071,,3,,,,,,1,27993.64
594512,18:02:00,18:02:00,153934,,4,,,,,,1,30971.45
594512,18:14:00,18:14:00,154173,,5,,,,,,1,40689.93
594512,18:25:00,18:25:00,154103,,6,,,,,,1,47469.78
594513,18:30:00,18:30:00,154103,,1,,,,,,1,0
594513,18:53:00,18:53:00,154014,,2,,,,,,1,23438.99
594513,18:58:00,18:58:00,154071,,3,,,,,,1,27993.64
594513,19:02:00,19:02:00,153934,,4,,,,,,1,30971.45
594513,19:14:00,19:14:00,154173,,5,,,,,,1,40689.93
594513,19:25:00,19:25:00,154103,,6,,,,,,1,47469.78
594514,19:30:00,19:30:00,154103,,1,,,,,,1,0
594514,19:53:00,19:53:00,154014,,2,,,,,,1,23438.99
594514,19:58:00,19:58:00,154071,,3,,,,,,1,27993.64
594514,20:02:00,20:02:00,153934,,4,,,,,,1,30971.45
594514,20:14:00,20:14:00,154173,,5,,,,,,1,40689.93
594514,20:25:00,20:25:00,154103,,6,,,,,,1,47469.78
594515,12:30:00,12:30:00,154103,,1,,,,,,1,0
594515,12:57:00,12:57:00,154014,,2,,,,,,1,23438.99
594515,13:03:00,13:03:00,154071,,3,,,,,,1,27993.64
594515,13:07:00,13:07:00,153934,,4,,,,,,1,30971.45
594515,13:22:00,13:22:00,154173,,5,,,,,,1,40689.93
594515,13:37:00,13:37:00,154103,,6,,,,,,1,47469.78
594516,13:45:00,13:45:00,154103,,1,,,,,,1,0
594516,14:12:00,14:12:00,154014,,2,,,,,,1,23438.99
594516,14:18:00,14:18:00,154071,,3,,,,,,1,27993.64
594516,14:22:00,14:22:00,153934,,4,,,,,,1,30971.45
594516,14:37:00,14:37:00,154173,,5,,,,,,1,40689.93
594516,14:52:00,14:52:00,154103,,6,,,,,,1,47469.78
594517,15:00:00,15:00:00,154103,,1,,,,,,1,0
594517,15:27:00,15:27:00,154014,,2,,,,,,1,23438.99
594517,15:33:00,15:33:00,154071,,3,,,,,,1,27993.64
594517,15:37:00,15:37:00,153934,,4,,,,,,1,30971.45
594517,15:52:00,15:52:00,154173,,5,,,,,,1,40689.93
594517,16:07:00,16:07:00,154103,,6,,,,,,1,47469.78
594518,16:15:00,16:15:00,154103,,1,,,,,,1,0
594518,16:42:00,16:42:00,154014,,2,,,,,,1,23438.99
594518,16:48:00,16:48:00,154071,,3,,,,,,1,27993.64
594518,16:52:00,16:52:00,153934,,4,,,,,,1,30971.45
594518,17:07:00,17:07:00,154173,,5,,,,,,1,40689.93
594518,17:22:00,17:22:00,154103,,6,,,,,,1,47469.78
594519,17:30:00,17:30:00,154103,,1,,,,,,1,0
594519,17:53:00,17:53:00,154014,,2,,,,,,1,23438.99
594519,17:58:00,17:58:00,154071,,3,,,,,,1,27993.64
594519,18:02:00,18:02:00,153934,,4,,,,,,1,30971.45
594519,18:14:00,18:14:00,154173,,5,,,,,,1,40689.93
594519,18:25:00,18:25:00,154103,,6,,,,,,1,47469.78
594520,18:30:00,18:30:00,154103,,1,,,,,,1,0
594520,18:53:00,18:53:00,154014,,2,,,,,,1,23438.99
594520,18:58:00,18:58:00,154071,,3,,,,,,1,27993.64
594520,19:02:00,19:02:00,153934,,4,,,,,,1,30971.45
594520,19:14:00,19:14:00,154173,,5,,,,,,1,40689.93
594520,19:25:00,19:25:00,154103,,6,,,,,,1,47469.78
594521,19:30:00,19:30:00,154103,,1,,,,,,1,0
594521,19:53:00,19:53:00,154014,,2,,,,,,1,23438.99
594521,19:58:00,19:58:00,154071,,3,,,,,,1,27993.64
594521,20:02:00,20:02:00,153934,,4,,,,,,1,30971.45
594521,20:14:00,20:14:00,154173,,5,,,,,,1,40689.93
594521,20:25:00,20:25:00,154103,,6,,,,,,1,47469.78
594386,05:58:00,05:58:00,153916,,1,,,,,,1,0
594386,05:59:00,05:59:00,154039,,2,,,,,,1,477.49
594386,05:59:00,05:59:00,154038,,3,,,,,,1,988.23
594386,06:00:00,06:00:00,154037,,4,,,,,,1,1446.12
594386,06:01:00,06:01:00,153915,,5,,,,,,1,2226.81
594386,06:02:00,06:02:00,154059,,6,,,,,,1,2809.28
594386,06:02:00,06:02:00,154057,,7,,,,,,1,3313.77
594386,06:02:00,06:02:00,154058,,8,,,,,,1,3723.65
594386,06:03:00,06:03:00,153930,,9,,,,,,1,4291.69
594386,06:03:00,06:03:00,153931,,10,,,,,,1,4693.5
594386,06:04:00,06:04:00,153929,,11,,,,,,1,4989.71
594386,06:06:00,06:06:00,153928,,12,,,,,,1,5907.53
594386,06:06:00,06:06:00,154074,,13,,,,,,1,6575.15
594386,06:07:00,06:07:00,153963,,14,,,,,,1,7081.91
594386,06:08:00,06:08:00,153962,,15,,,,,,1,8130.45
594386,06:09:00,06:09:00,153961,,16,,,,,,1,8319.46
594386,06:09:00,06:09:00,153954,,17,,,,,,1,8774.96
594386,06:11:00,06:11:00,153956,,18,,,,,,1,9093.63
594386,06:12:00,06:12:00,153955,,19,,,,,,1,9476.77
594386,06:12:00,06:12:00,153953,,20,,,,,,1,9679.67
594386,06:18:00,06:18:00,154104,,21,,,,,,1,11204.98
594522,06:58:00,06:58:00,153916,,1,,,,,,1,0
594522,06:59:00,06:59:00,154039,,2,,,,,,1,477.49
594522,06:59:00,06:59:00,154038,,3,,,,,,1,988.23
594522,07:00:00,07:00:00,154037,,4,,,,,,1,1446.12
594522,07:01:00,07:01:00,153915,,5,,,,,,1,2226.81
594522,07:02:00,07:02:00,154059,,6,,,,,,1,2809.28
594522,07:02:00,07:02:00,154057,,7,,,,,,1,3313.77
594522,07:02:00,07:02:00,154058,,8,,,,,,1,3723.65
594522,07:03:00,07:03:00,153930,,9,,,,,,1,4291.69
594522,07:03:00,07:03:00,153931,,10,,,,,,1,4693.5
594522,07:04:00,07:04:00,153929,,11,,,,,,1,4989.71
594522,07:06:00,07:06:00,153928,,12,,,,,,1,5907.53
594522,07:06:00,07:06:00,154074,,13,,,,,,1,6575.15
594522,07:07:00,07:07:00,153963,,14,,,,,,1,7081.91
594522,07:08:00,07:08:00,153962,,15,,,,,,1,8130.45
594522,07:09:00,07:09:00,153961,,16,,,,,,1,8319.46
594522,07:09:00,07:09:00,153954,,17,,,,,,1,8774.96
594522,07:11:00,07:11:00,153956,,18,,,,,,1,9093.63
594522,07:12:00,07:12:00,153955,,19,,,,,,1,9476.77
594522,07:12:00,07:12:00,153953,,20,,,,,,1,9679.67
594522,07:18:00,07:18:00,154104,,21,,,,,,1,11204.98
594523,07:57:00,07:57:00,153916,,1,,,,,,1,0
594523,07:58:00,07:58:00,154039,,2,,,,,,1,477.49
594523,07:59:00,07:59:00,154038,,3,,,,,,1,988.23
594523,07:59:00,07:59:00,154037,,4,,,,,,1,1446.12
594523,08:00:00,08:00:00,153915,,5,,,,,,1,2226.81
594523,08:01:00,08:01:00,154059,,6,,,,,,1,2809.28
594523,08:02:00,08:02:00,154057,,7,,,,,,1,3313.77
594523,08:02:00,08:02:00,154058,,8,,,,,,1,3723.65
594523,08:02:00,08:02:00,153930,,9,,,,,,1,4291.69
594523,08:03:00,08:03:00,153931,,10,,,,,,1,4693.5
594523,08:03:00,08:03:00,153929,,11,,,,,,1,4989.71
594523,08:06:00,08:06:00,153928,,12,,,,,,1,5907.53
594523,08:06:00,08:06:00,154074,,13,,,,,,1,6575.15
594523,08:06:00,08:06:00,153963,,14,,,,,,1,7081.91
594523,08:07:00,08:07:00,153962,,15,,,,,,1,8130.45
594523,08:08:00,08:08:00,153961,,16,,,,,,1,8319.46
594523,08:08:00,08:08:00,153954,,17,,,,,,1,8774.96
594523,08:11:00,08:11:00,153956,,18,,,,,,1,9093.63
594523,08:11:00,08:11:00,153955,,19,,,,,,1,9476.77
594523,08:12:00,08:12:00,153953,,20,,,,,,1,9679.67
594523,08:18:00,08:18:00,154104,,21,,,,,,1,11204.98
594524,08:57:00,08:57:00,153916,,1,,,,,,1,0
594524,08:58:00,08:58:00,154039,,2,,,,,,1,477.49
594524,08:59:00,08:59:00,154038,,3,,,,,,1,988.23
594524,08:59:00,08:59:00,154037,,4,,,,,,1,1446.12
594524,09:00:00,09:00:00,153915,,5,,,,,,1,2226.81
594524,09:01:00,09:01:00,154059,,6,,,,,,1,2809.28
594524,09:02:00,09:02:00,154057,,7,,,,,,1,3313.77
594524,09:02:00,09:02:00,154058,,8,,,,,,1,3723.65
594524,09:02:00,09:02:00,153930,,9,,,,,,1,4291.69
594524,09:03:00,09:03:00,153931,,10,,,,,,1,4693.5
594524,09:03:00,09:03:00,153929,,11,,,,,,1,4989.71
594524,09:06:00,09:06:00,153928,,12,,,,,,1,5907.53
594524,09:06:00,09:06:00,154074,,13,,,,,,1,6575.15
594524,09:06:00,09:06:00,153963,,14,,,,,,1,7081.91
594524,09:07:00,09:07:00,153962,,15,,,,,,1,8130.45
594524,09:08:00,09:08:00,153961,,16,,,,,,1,8319.46
594524,09:08:00,09:08:00,153954,,17,,,,,,1,8774.96
594524,09:11:00,09:11:00,153956,,18,,,,,,1,9093.63
594524,09:11:00,09:11:00,153955,,19,,,,,,1,9476.77
594524,09:12:00,09:12:00,153953,,20,,,,,,1,9679.67
594524,09:18:00,09:18:00,154104,,21,,,,,,1,11204.98
594525,09:57:00,09:57:00,153916,,1,,,,,,1,0
594525,09:58:00,09:58:00,154039,,2,,,,,,1,477.49
594525,09:59:00,09:59:00,154038,,3,,,,,,1,988.23
594525,09:59:00,09:59:00,154037,,4,,,,,,1,1446.12
594525,10:00:00,10:00:00,153915,,5,,,,,,1,2226.81
594525,10:01:00,10:01:00,154059,,6,,,,,,1,2809.28
594525,10:02:00,10:02:00,154057,,7,,,,,,1,3313.77
594525,10:02:00,10:02:00,154058,,8,,,,,,1,3723.65
594525,10:02:00,10:02:00,153930,,9,,,,,,1,4291.69
594525,10:03:00,10:03:00,153931,,10,,,,,,1,4693.5
594525,10:03:00,10:03:00,153929,,11,,,,,,1,4989.71
594525,10:06:00,10:06:00,153928,,12,,,,,,1,5907.53
594525,10:06:00,10:06:00,154074,,13,,,,,,1,6575.15
594525,10:06:00,10:06:00,153963,,14,,,,,,1,7081.91
594525,10:07:00,10:07:00,153962,,15,,,,,,1,8130.45
594525,10:08:00,10:08:00,153961,,16,,,,,,1,8319.46
594525,10:08:00,10:08:00,153954,,17,,,,,,1,8774.96
594525,10:11:00,10:11:00,153956,,18,,,,,,1,9093.63
594525,10:11:00,10:11:00,153955,,19,,,,,,1,9476.77
594525,10:12:00,10:12:00,153953,,20,,,,,,1,9679.67
594525,10:18:00,10:18:00,154104,,21,,,,,,1,11204.98
594526,10:57:00,10:57:00,153916,,1,,,,,,1,0
594526,10:58:00,10:58:00,154039,,2,,,,,,1,477.49
594526,10:59:00,10:59:00,154038,,3,,,,,,1,988.23
594526,10:59:00,10:59:00,154037,,4,,,,,,1,1446.12
594526,11:00:00,11:00:00,153915,,5,,,,,,1,2226.81
594526,11:01:00,11:01:00,154059,,6,,,,,,1,2809.28
594526,11:02:00,11:02:00,154057,,7,,,,,,1,3313.77
594526,11:02:00,11:02:00,154058,,8,,,,,,1,3723.65
594526,11:02:00,11:02:00,153930,,9,,,,,,1,4291.69
594526,11:03:00,11:03:00,153931,,10,,,,,,1,4693.5
594526,11:03:00,11:03:00,153929,,11,,,,,,1,4989.71
594526,11:06:00,11:06:00,153928,,12,,,,,,1,5907.53
594526,11:06:00,11:06:00,154074,,13,,,,,,1,6575.15
594526,11:06:00,11:06:00,153963,,14,,,,,,1,7081.91
594526,11:07:00,11:07:00,153962,,15,,,,,,1,8130.45
594526,11:08:00,11:08:00,153961,,16,,,,,,1,8319.46
594526,11:08:00,11:08:00,153954,,17,,,,,,1,8774.96
594526,11:11:00,11:11:00,153956,,18,,,,,,1,9093.63
594526,11:11:00,11:11:00,153955,,19,,,,,,1,9476.77
594526,11:12:00,11:12:00,153953,,20,,,,,,1,9679.67
594526,11:18:00,11:18:00,154104,,21,,,,,,1,11204.98
594527,11:57:00,11:57:00,153916,,1,,,,,,1,0
594527,11:58:00,11:58:00,154039,,2,,,,,,1,477.49
594527,11:59:00,11:59:00,154038,,3,,,,,,1,988.23
594527,11:59:00,11:59:00,154037,,4,,,,,,1,1446.12
594527,12:00:00,12:00:00,153915,,5,,,,,,1,2226.81
594527,12:01:00,12:01:00,154059,,6,,,,,,1,2809.28
594527,12:02:00,12:02:00,154057,,7,,,,,,1,3313.77
594527,12:02:00,12:02:00,154058,,8,,,,,,1,3723.65
594527,12:02:00,12:02:00,153930,,9,,,,,,1,4291.69
594527,12:03:00,12:03:00,153931,,10,,,,,,1,4693.5
594527,12:03:00,12:03:00,153929,,11,,,,,,1,4989.71
594527,12:06:00,12:06:00,153928,,12,,,,,,1,5907.53
594527,12:06:00,12:06:00,154074,,13,,,,,,1,6575.15
594527,12:06:00,12:06:00,153963,,14,,,,,,1,7081.91
594527,12:07:00,12:07:00,153962,,15,,,,,,1,8130.45
594527,12:08:00,12:08:00,153961,,16,,,,,,1,8319.46
594527,12:08:00,12:08:00,153954,,17,,,,,,1,8774.96
594527,12:11:00,12:11:00,153956,,18,,,,,,1,9093.63
594527,12:11:00,12:11:00,153955,,19,,,,,,1,9476.77
594527,12:12:00,12:12:00,153953,,20,,,,,,1,9679.67
594527,12:18:00,12:18:00,154104,,21,,,,,,1,11204.98
594528,13:01:00,13:01:00,153916,,1,,,,,,1,0
594528,13:03:00,13:03:00,154039,,2,,,,,,1,477.49
594528,13:04:00,13:04:00,154038,,3,,,,,,1,988.23
594528,13:05:00,13:05:00,154037,,4,,,,,,1,1446.12
594528,13:05:00,13:05:00,153915,,5,,,,,,1,2226.81
594528,13:06:00,13:06:00,154059,,6,,,,,,1,2809.28
594528,13:07:00,13:07:00,154057,,7,,,,,,1,3313.77
594528,13:07:00,13:07:00,154058,,8,,,,,,1,3723.65
594528,13:07:00,13:07:00,153930,,9,,,,,,1,4291.69
594528,13:08:00,13:08:00,153931,,10,,,,,,1,4693.5
594528,13:08:00,13:08:00,153929,,11,,,,,,1,4989.71
594528,13:11:00,13:11:00,153928,,12,,,,,,1,5907.53
594528,13:11:00,13:11:00,154074,,13,,,,,,1,6575.15
594528,13:11:00,13:11:00,153963,,14,,,,,,1,7081.91
594528,13:12:00,13:12:00,153962,,15,,,,,,1,8130.45
594528,13:13:00,13:13:00,153961,,16,,,,,,1,8319.46
594528,13:13:00,13:13:00,153954,,17,,,,,,1,8774.96
594528,13:17:00,13:17:00,153956,,18,,,,,,1,9093.63
594528,13:17:00,13:17:00,153955,,19,,,,,,1,9476.77
594528,13:17:00,13:17:00,153953,,20,,,,,,1,9679.67
594528,13:26:00,13:26:00,154104,,21,,,,,,1,11204.98
594529,14:16:00,14:16:00,153916,,1,,,,,,1,0
594529,14:18:00,14:18:00,154039,,2,,,,,,1,477.49
594529,14:19:00,14:19:00,154038,,3,,,,,,1,988.23
594529,14:20:00,14:20:00,154037,,4,,,,,,1,1446.12
594529,14:20:00,14:20:00,153915,,5,,,,,,1,2226.81
594529,14:21:00,14:21:00,154059,,6,,,,,,1,2809.28
594529,14:22:00,14:22:00,154057,,7,,,,,,1,3313.77
594529,14:22:00,14:22:00,154058,,8,,,,,,1,3723.65
594529,14:22:00,14:22:00,153930,,9,,,,,,1,4291.69
594529,14:23:00,14:23:00,153931,,10,,,,,,1,4693.5
594529,14:23:00,14:23:00,153929,,11,,,,,,1,4989.71
594529,14:26:00,14:26:00,153928,,12,,,,,,1,5907.53
594529,14:26:00,14:26:00,154074,,13,,,,,,1,6575.15
594529,14:26:00,14:26:00,153963,,14,,,,,,1,7081.91
594529,14:27:00,14:27:00,153962,,15,,,,,,1,8130.45
594529,14:28:00,14:28:00,153961,,16,,,,,,1,8319.46
594529,14:28:00,14:28:00,153954,,17,,,,,,1,8774.96
594529,14:32:00,14:32:00,153956,,18,,,,,,1,9093.63
594529,14:32:00,14:32:00,153955,,19,,,,,,1,9476.77
594529,14:32:00,14:32:00,153953,,20,,,,,,1,9679.67
594529,14:41:00,14:41:00,154104,,21,,,,,,1,11204.98
594530,15:31:00,15:31:00,153916,,1,,,,,,1,0
594530,15:33:00,15:33:00,154039,,2,,,,,,1,477.49
594530,15:34:00,15:34:00,154038,,3,,,,,,1,988.23
594530,15:35:00,15:35:00,154037,,4,,,,,,1,1446.12
594530,15:35:00,15:35:00,153915,,5,,,,,,1,2226.81
594530,15:36:00,15:36:00,154059,,6,,,,,,1,2809.28
594530,15:37:00,15:37:00,154057,,7,,,,,,1,3313.77
594530,15:37:00,15:37:00,154058,,8,,,,,,1,3723.65
594530,15:37:00,15:37:00,153930,,9,,,,,,1,4291.69
594530,15:38:00,15:38:00,153931,,10,,,,,,1,4693.5
594530,15:38:00,15:38:00,153929,,11,,,,,,1,4989.71
594530,15:41:00,15:41:00,153928,,12,,,,,,1,5907.53
594530,15:41:00,15:41:00,154074,,13,,,,,,1,6575.15
594530,15:41:00,15:41:00,153963,,14,,,,,,1,7081.91
594530,15:42:00,15:42:00,153962,,15,,,,,,1,8130.45
594530,15:43:00,15:43:00,153961,,16,,,,,,1,8319.46
594530,15:43:00,15:43:00,153954,,17,,,,,,1,8774.96
594530,15:47:00,15:47:00,153956,,18,,,,,,1,9093.63
594530,15:47:00,15:47:00,153955,,19,,,,,,1,9476.77
594530,15:47:00,15:47:00,153953,,20,,,,,,1,9679.67
594530,15:56:00,15:56:00,154104,,21,,,,,,1,11204.98
594531,16:46:00,16:46:00,153916,,1,,,,,,1,0
594531,16:48:00,16:48:00,154039,,2,,,,,,1,477.49
594531,16:49:00,16:49:00,154038,,3,,,,,,1,988.23
594531,16:50:00,16:50:00,154037,,4,,,,,,1,1446.12
594531,16:50:00,16:50:00,153915,,5,,,,,,1,2226.81
594531,16:51:00,16:51:00,154059,,6,,,,,,1,2809.28
594531,16:52:00,16:52:00,154057,,7,,,,,,1,3313.77
594531,16:52:00,16:52:00,154058,,8,,,,,,1,3723.65
594531,16:52:00,16:52:00,153930,,9,,,,,,1,4291.69
594531,16:53:00,16:53:00,153931,,10,,,,,,1,4693.5
594531,16:53:00,16:53:00,153929,,11,,,,,,1,4989.71
594531,16:56:00,16:56:00,153928,,12,,,,,,1,5907.53
594531,16:56:00,16:56:00,154074,,13,,,,,,1,6575.15
594531,16:56:00,16:56:00,153963,,14,,,,,,1,7081.91
594531,16:57:00,16:57:00,153962,,15,,,,,,1,8130.45
594531,16:58:00,16:58:00,153961,,16,,,,,,1,8319.46
594531,16:58:00,16:58:00,153954,,17,,,,,,1,8774.96
594531,17:02:00,17:02:00,153956,,18,,,,,,1,9093.63
594531,17:02:00,17:02:00,153955,,19,,,,,,1,9476.77
594531,17:02:00,17:02:00,153953,,20,,,,,,1,9679.67
594531,17:11:00,17:11:00,154104,,21,,,,,,1,11204.98
594532,17:57:00,17:57:00,153916,,1,,,,,,1,0
594532,17:58:00,17:58:00,154039,,2,,,,,,1,477.49
594532,17:59:00,17:59:00,154038,,3,,,,,,1,988.23
594532,17:59:00,17:59:00,154037,,4,,,,,,1,1446.12
594532,18:00:00,18:00:00,153915,,5,,,,,,1,2226.81
594532,18:01:00,18:01:00,154059,,6,,,,,,1,2809.28
594532,18:02:00,18:02:00,154057,,7,,,,,,1,3313.77
594532,18:02:00,18:02:00,154058,,8,,,,,,1,3723.65
594532,18:02:00,18:02:00,153930,,9,,,,,,1,4291.69
594532,18:03:00,18:03:00,153931,,10,,,,,,1,4693.5
594532,18:03:00,18:03:00,153929,,11,,,,,,1,4989.71
594532,18:06:00,18:06:00,153928,,12,,,,,,1,5907.53
594532,18:06:00,18:06:00,154074,,13,,,,,,1,6575.15
594532,18:06:00,18:06:00,153963,,14,,,,,,1,7081.91
594532,18:07:00,18:07:00,153962,,15,,,,,,1,8130.45
594532,18:08:00,18:08:00,153961,,16,,,,,,1,8319.46
594532,18:08:00,18:08:00,153954,,17,,,,,,1,8774.96
594532,18:11:00,18:11:00,153956,,18,,,,,,1,9093.63
594532,18:11:00,18:11:00,153955,,19,,,,,,1,9476.77
594532,18:12:00,18:12:00,153953,,20,,,,,,1,9679.67
594532,18:18:00,18:18:00,154104,,21,,,,,,1,11204.98
594533,18:58:00,18:58:00,153916,,1,,,,,,1,0
594533,18:59:00,18:59:00,154039,,2,,,,,,1,477.49
594533,18:59:00,18:59:00,154038,,3,,,,,,1,988.23
594533,19:00:00,19:00:00,154037,,4,,,,,,1,1446.12
594533,19:01:00,19:01:00,153915,,5,,,,,,1,2226.81
594533,19:02:00,19:02:00,154059,,6,,,,,,1,2809.28
594533,19:02:00,19:02:00,154057,,7,,,,,,1,3313.77
594533,19:02:00,19:02:00,154058,,8,,,,,,1,3723.65
594533,19:03:00,19:03:00,153930,,9,,,,,,1,4291.69
594533,19:03:00,19:03:00,153931,,10,,,,,,1,4693.5
594533,19:04:00,19:04:00,153929,,11,,,,,,1,4989.71
594533,19:06:00,19:06:00,153928,,12,,,,,,1,5907.53
594533,19:06:00,19:06:00,154074,,13,,,,,,1,6575.15
594533,19:07:00,19:07:00,153963,,14,,,,,,1,7081.91
594533,19:08:00,19:08:00,153962,,15,,,,,,1,8130.45
594533,19:08:00,19:08:00,153961,,16,,,,,,1,8319.46
594533,19:09:00,19:09:00,153954,,17,,,,,,1,8774.96
594533,19:11:00,19:11:00,153956,,18,,,,,,1,9093.63
594533,19:12:00,19:12:00,153955,,19,,,,,,1,9476.77
594533,19:12:00,19:12:00,153953,,20,,,,,,1,9679.67
594533,19:18:00,19:18:00,154104,,21,,,,,,1,11204.98
594534,19:58:00,19:58:00,153916,,1,,,,,,1,0
594534,19:59:00,19:59:00,154039,,2,,,,,,1,477.49
594534,19:59:00,19:59:00,154038,,3,,,,,,1,988.23
594534,20:00:00,20:00:00,154037,,4,,,,,,1,1446.12
594534,20:01:00,20:01:00,153915,,5,,,,,,1,2226.81
594534,20:02:00,20:02:00,154059,,6,,,,,,1,2809.28
594534,20:02:00,20:02:00,154057,,7,,,,,,1,3313.77
594534,20:02:00,20:02:00,154058,,8,,,,,,1,3723.65
594534,20:03:00,20:03:00,153930,,9,,,,,,1,4291.69
594534,20:03:00,20:03:00,153931,,10,,,,,,1,4693.5
594534,20:04:00,20:04:00,153929,,11,,,,,,1,4989.71
594534,20:06:00,20:06:00,153928,,12,,,,,,1,5907.53
594534,20:06:00,20:06:00,154074,,13,,,,,,1,6575.15
594534,20:07:00,20:07:00,153963,,14,,,,,,1,7081.91
594534,20:08:00,20:08:00,153962,,15,,,,,,1,8130.45
594534,20:08:00,20:08:00,153961,,16,,,,,,1,8319.46
594534,20:09:00,20:09:00,153954,,17,,,,,,1,8774.96
594534,20:11:00,20:11:00,153956,,18,,,,,,1,9093.63
594534,20:12:00,20:12:00,153955,,19,,,,,,1,9476.77
594534,20:12:00,20:12:00,153953,,20,,,,,,1,9679.67
594534,20:18:00,20:18:00,154104,,21,,,,,,1,11204.98
594565,08:57:00,08:57:00,153916,,1,,,,,,1,0
594565,08:58:00,08:58:00,154039,,2,,,,,,1,477.49
594565,08:59:00,08:59:00,154038,,3,,,,,,1,988.23
594565,08:59:00,08:59:00,154037,,4,,,,,,1,1446.12
594565,09:00:00,09:00:00,153915,,5,,,,,,1,2226.81
594565,09:01:00,09:01:00,154059,,6,,,,,,1,2809.28
594565,09:02:00,09:02:00,154057,,7,,,,,,1,3313.77
594565,09:02:00,09:02:00,154058,,8,,,,,,1,3723.65
594565,09:02:00,09:02:00,153930,,9,,,,,,1,4291.69
594565,09:03:00,09:03:00,153931,,10,,,,,,1,4693.5
594565,09:03:00,09:03:00,153929,,11,,,,,,1,4989.71
594565,09:06:00,09:06:00,153928,,12,,,,,,1,5907.53
594565,09:06:00,09:06:00,154074,,13,,,,,,1,6575.15
594565,09:06:00,09:06:00,153963,,14,,,,,,1,7081.91
594565,09:07:00,09:07:00,153962,,15,,,,,,1,8130.45
594565,09:08:00,09:08:00,153961,,16,,,,,,1,8319.46
594565,09:08:00,09:08:00,153954,,17,,,,,,1,8774.96
594565,09:11:00,09:11:00,153956,,18,,,,,,1,9093.63
594565,09:11:00,09:11:00,153955,,19,,,,,,1,9476.77
594565,09:12:00,09:12:00,153953,,20,,,,,,1,9679.67
594565,09:18:00,09:18:00,154104,,21,,,,,,1,11204.98
594566,09:57:00,09:57:00,153916,,1,,,,,,1,0
594566,09:58:00,09:58:00,154039,,2,,,,,,1,477.49
594566,09:59:00,09:59:00,154038,,3,,,,,,1,988.23
594566,09:59:00,09:59:00,154037,,4,,,,,,1,1446.12
594566,10:00:00,10:00:00,153915,,5,,,,,,1,2226.81
594566,10:01:00,10:01:00,154059,,6,,,,,,1,2809.28
594566,10:02:00,10:02:00,154057,,7,,,,,,1,3313.77
594566,10:02:00,10:02:00,154058,,8,,,,,,1,3723.65
594566,10:02:00,10:02:00,153930,,9,,,,,,1,4291.69
594566,10:03:00,10:03:00,153931,,10,,,,,,1,4693.5
594566,10:03:00,10:03:00,153929,,11,,,,,,1,4989.71
594566,10:06:00,10:06:00,153928,,12,,,,,,1,5907.53
594566,10:06:00,10:06:00,154074,,13,,,,,,1,6575.15
594566,10:06:00,10:06:00,153963,,14,,,,,,1,7081.91
594566,10:07:00,10:07:00,153962,,15,,,,,,1,8130.45
594566,10:08:00,10:08:00,153961,,16,,,,,,1,8319.46
594566,10:08:00,10:08:00,153954,,17,,,,,,1,8774.96
594566,10:11:00,10:11:00,153956,,18,,,,,,1,9093.63
594566,10:11:00,10:11:00,153955,,19,,,,,,1,9476.77
594566,10:12:00,10:12:00,153953,,20,,,,,,1,9679.67
594566,10:18:00,10:18:00,154104,,21,,,,,,1,11204.98
594567,10:57:00,10:57:00,153916,,1,,,,,,1,0
594567,10:58:00,10:58:00,154039,,2,,,,,,1,477.49
594567,10:59:00,10:59:00,154038,,3,,,,,,1,988.23
594567,10:59:00,10:59:00,154037,,4,,,,,,1,1446.12
594567,11:00:00,11:00:00,153915,,5,,,,,,1,2226.81
594567,11:01:00,11:01:00,154059,,6,,,,,,1,2809.28
594567,11:02:00,11:02:00,154057,,7,,,,,,1,3313.77
594567,11:02:00,11:02:00,154058,,8,,,,,,1,3723.65
594567,11:02:00,11:02:00,153930,,9,,,,,,1,4291.69
594567,11:03:00,11:03:00,153931,,10,,,,,,1,4693.5
594567,11:03:00,11:03:00,153929,,11,,,,,,1,4989.71
594567,11:06:00,11:06:00,153928,,12,,,,,,1,5907.53
594567,11:06:00,11:06:00,154074,,13,,,,,,1,6575.15
594567,11:06:00,11:06:00,153963,,14,,,,,,1,7081.91
594567,11:07:00,11:07:00,153962,,15,,,,,,1,8130.45
594567,11:08:00,11:08:00,153961,,16,,,,,,1,8319.46
594567,11:08:00,11:08:00,153954,,17,,,,,,1,8774.96
594567,11:11:00,11:11:00,153956,,18,,,,,,1,9093.63
594567,11:11:00,11:11:00,153955,,19,,,,,,1,9476.77
594567,11:12:00,11:12:00,153953,,20,,,,,,1,9679.67
594567,11:18:00,11:18:00,154104,,21,,,,,,1,11204.98
594568,11:57:00,11:57:00,153916,,1,,,,,,1,0
594568,11:58:00,11:58:00,154039,,2,,,,,,1,477.49
594568,11:59:00,11:59:00,154038,,3,,,,,,1,988.23
594568,11:59:00,11:59:00,154037,,4,,,,,,1,1446.12
594568,12:00:00,12:00:00,153915,,5,,,,,,1,2226.81
594568,12:01:00,12:01:00,154059,,6,,,,,,1,2809.28
594568,12:02:00,12:02:00,154057,,7,,,,,,1,3313.77
594568,12:02:00,12:02:00,154058,,8,,,,,,1,3723.65
594568,12:02:00,12:02:00,153930,,9,,,,,,1,4291.69
594568,12:03:00,12:03:00,153931,,10,,,,,,1,4693.5
594568,12:03:00,12:03:00,153929,,11,,,,,,1,4989.71
594568,12:06:00,12:06:00,153928,,12,,,,,,1,5907.53
594568,12:06:00,12:06:00,154074,,13,,,,,,1,6575.15
594568,12:06:00,12:06:00,153963,,14,,,,,,1,7081.91
594568,12:07:00,12:07:00,153962,,15,,,,,,1,8130.45
594568,12:08:00,12:08:00,153961,,16,,,,,,1,8319.46
594568,12:08:00,12:08:00,153954,,17,,,,,,1,8774.96
594568,12:11:00,12:11:00,153956,,18,,,,,,1,9093.63
594568,12:11:00,12:11:00,153955,,19,,,,,,1,9476.77
594568,12:12:00,12:12:00,153953,,20,,,,,,1,9679.67
594568,12:18:00,12:18:00,154104,,21,,,,,,1,11204.98
594569,13:01:00,13:01:00,153916,,1,,,,,,1,0
594569,13:03:00,13:03:00,154039,,2,,,,,,1,477.49
594569,13:04:00,13:04:00,154038,,3,,,,,,1,988.23
594569,13:05:00,13:05:00,154037,,4,,,,,,1,1446.12
594569,13:05:00,13:05:00,153915,,5,,,,,,1,2226.81
594569,13:06:00,13:06:00,154059,,6,,,,,,1,2809.28
594569,13:07:00,13:07:00,154057,,7,,,,,,1,3313.77
594569,13:07:00,13:07:00,154058,,8,,,,,,1,3723.65
594569,13:07:00,13:07:00,153930,,9,,,,,,1,4291.69
594569,13:08:00,13:08:00,153931,,10,,,,,,1,4693.5
594569,13:08:00,13:08:00,153929,,11,,,,,,1,4989.71
594569,13:11:00,13:11:00,153928,,12,,,,,,1,5907.53
594569,13:11:00,13:11:00,154074,,13,,,,,,1,6575.15
594569,13:11:00,13:11:00,153963,,14,,,,,,1,7081.91
594569,13:12:00,13:12:00,153962,,15,,,,,,1,8130.45
594569,13:13:00,13:13:00,153961,,16,,,,,,1,8319.46
594569,13:13:00,13:13:00,153954,,17,,,,,,1,8774.96
594569,13:17:00,13:17:00,153956,,18,,,,,,1,9093.63
594569,13:17:00,13:17:00,153955,,19,,,,,,1,9476.77
594569,13:17:00,13:17:00,153953,,20,,,,,,1,9679.67
594569,13:26:00,13:26:00,154104,,21,,,,,,1,11204.98
594570,14:16:00,14:16:00,153916,,1,,,,,,1,0
594570,14:18:00,14:18:00,154039,,2,,,,,,1,477.49
594570,14:19:00,14:19:00,154038,,3,,,,,,1,988.23
594570,14:20:00,14:20:00,154037,,4,,,,,,1,1446.12
594570,14:20:00,14:20:00,153915,,5,,,,,,1,2226.81
594570,14:21:00,14:21:00,154059,,6,,,,,,1,2809.28
594570,14:22:00,14:22:00,154057,,7,,,,,,1,3313.77
594570,14:22:00,14:22:00,154058,,8,,,,,,1,3723.65
594570,14:22:00,14:22:00,153930,,9,,,,,,1,4291.69
594570,14:23:00,14:23:00,153931,,10,,,,,,1,4693.5
594570,14:23:00,14:23:00,153929,,11,,,,,,1,4989.71
594570,14:26:00,14:26:00,153928,,12,,,,,,1,5907.53
594570,14:26:00,14:26:00,154074,,13,,,,,,1,6575.15
594570,14:26:00,14:26:00,153963,,14,,,,,,1,7081.91
594570,14:27:00,14:27:00,153962,,15,,,,,,1,8130.45
594570,14:28:00,14:28:00,153961,,16,,,,,,1,8319.46
594570,14:28:00,14:28:00,153954,,17,,,,,,1,8774.96
594570,14:32:00,14:32:00,153956,,18,,,,,,1,9093.63
594570,14:32:00,14:32:00,153955,,19,,,,,,1,9476.77
594570,14:32:00,14:32:00,153953,,20,,,,,,1,9679.67
594570,14:41:00,14:41:00,154104,,21,,,,,,1,11204.98
594571,15:31:00,15:31:00,153916,,1,,,,,,1,0
594571,15:33:00,15:33:00,154039,,2,,,,,,1,477.49
594571,15:34:00,15:34:00,154038,,3,,,,,,1,988.23
594571,15:35:00,15:35:00,154037,,4,,,,,,1,1446.12
594571,15:35:00,15:35:00,153915,,5,,,,,,1,2226.81
594571,15:36:00,15:36:00,154059,,6,,,,,,1,2809.28
594571,15:37:00,15:37:00,154057,,7,,,,,,1,3313.77
594571,15:37:00,15:37:00,154058,,8,,,,,,1,3723.65
594571,15:37:00,15:37:00,153930,,9,,,,,,1,4291.69
594571,15:38:00,15:38:00,153931,,10,,,,,,1,4693.5
594571,15:38:00,15:38:00,153929,,11,,,,,,1,4989.71
594571,15:41:00,15:41:00,153928,,12,,,,,,1,5907.53
594571,15:41:00,15:41:00,154074,,13,,,,,,1,6575.15
594571,15:41:00,15:41:00,153963,,14,,,,,,1,7081.91
594571,15:42:00,15:42:00,153962,,15,,,,,,1,8130.45
594571,15:43:00,15:43:00,153961,,16,,,,,,1,8319.46
594571,15:43:00,15:43:00,153954,,17,,,,,,1,8774.96
594571,15:47:00,15:47:00,153956,,18,,,,,,1,9093.63
594571,15:47:00,15:47:00,153955,,19,,,,,,1,9476.77
594571,15:47:00,15:47:00,153953,,20,,,,,,1,9679.67
594571,15:56:00,15:56:00,154104,,21,,,,,,1,11204.98
594572,16:46:00,16:46:00,153916,,1,,,,,,1,0
594572,16:48:00,16:48:00,154039,,2,,,,,,1,477.49
594572,16:49:00,16:49:00,154038,,3,,,,,,1,988.23
594572,16:50:00,16:50:00,154037,,4,,,,,,1,1446.12
594572,16:50:00,16:50:00,153915,,5,,,,,,1,2226.81
594572,16:51:00,16:51:00,154059,,6,,,,,,1,2809.28
594572,16:52:00,16:52:00,154057,,7,,,,,,1,3313.77
594572,16:52:00,16:52:00,154058,,8,,,,,,1,3723.65
594572,16:52:00,16:52:00,153930,,9,,,,,,1,4291.69
594572,16:53:00,16:53:00,153931,,10,,,,,,1,4693.5
594572,16:53:00,16:53:00,153929,,11,,,,,,1,4989.71
594572,16:56:00,16:56:00,153928,,12,,,,,,1,5907.53
594572,16:56:00,16:56:00,154074,,13,,,,,,1,6575.15
594572,16:56:00,16:56:00,153963,,14,,,,,,1,7081.91
594572,16:57:00,16:57:00,153962,,15,,,,,,1,8130.45
594572,16:58:00,16:58:00,153961,,16,,,,,,1,8319.46
594572,16:58:00,16:58:00,153954,,17,,,,,,1,8774.96
594572,17:02:00,17:02:00,153956,,18,,,,,,1,9093.63
594572,17:02:00,17:02:00,153955,,19,,,,,,1,9476.77
594572,17:02:00,17:02:00,153953,,20,,,,,,1,9679.67
594572,17:11:00,17:11:00,154104,,21,,,,,,1,11204.98
594573,17:57:00,17:57:00,153916,,1,,,,,,1,0
594573,17:58:00,17:58:00,154039,,2,,,,,,1,477.49
594573,17:59:00,17:59:00,154038,,3,,,,,,1,988.23
594573,17:59:00,17:59:00,154037,,4,,,,,,1,1446.12
594573,18:00:00,18:00:00,153915,,5,,,,,,1,2226.81
594573,18:01:00,18:01:00,154059,,6,,,,,,1,2809.28
594573,18:02:00,18:02:00,154057,,7,,,,,,1,3313.77
594573,18:02:00,18:02:00,154058,,8,,,,,,1,3723.65
594573,18:02:00,18:02:00,153930,,9,,,,,,1,4291.69
594573,18:03:00,18:03:00,153931,,10,,,,,,1,4693.5
594573,18:03:00,18:03:00,153929,,11,,,,,,1,4989.71
594573,18:06:00,18:06:00,153928,,12,,,,,,1,5907.53
594573,18:06:00,18:06:00,154074,,13,,,,,,1,6575.15
594573,18:06:00,18:06:00,153963,,14,,,,,,1,7081.91
594573,18:07:00,18:07:00,153962,,15,,,,,,1,8130.45
594573,18:08:00,18:08:00,153961,,16,,,,,,1,8319.46
594573,18:08:00,18:08:00,153954,,17,,,,,,1,8774.96
594573,18:11:00,18:11:00,153956,,18,,,,,,1,9093.63
594573,18:11:00,18:11:00,153955,,19,,,,,,1,9476.77
594573,18:12:00,18:12:00,153953,,20,,,,,,1,9679.67
594573,18:18:00,18:18:00,154104,,21,,,,,,1,11204.98
594574,18:58:00,18:58:00,153916,,1,,,,,,1,0
594574,18:59:00,18:59:00,154039,,2,,,,,,1,477.49
594574,18:59:00,18:59:00,154038,,3,,,,,,1,988.23
594574,19:00:00,19:00:00,154037,,4,,,,,,1,1446.12
594574,19:01:00,19:01:00,153915,,5,,,,,,1,2226.81
594574,19:02:00,19:02:00,154059,,6,,,,,,1,2809.28
594574,19:02:00,19:02:00,154057,,7,,,,,,1,3313.77
594574,19:02:00,19:02:00,154058,,8,,,,,,1,3723.65
594574,19:03:00,19:03:00,153930,,9,,,,,,1,4291.69
594574,19:03:00,19:03:00,153931,,10,,,,,,1,4693.5
594574,19:04:00,19:04:00,153929,,11,,,,,,1,4989.71
594574,19:06:00,19:06:00,153928,,12,,,,,,1,5907.53
594574,19:06:00,19:06:00,154074,,13,,,,,,1,6575.15
594574,19:07:00,19:07:00,153963,,14,,,,,,1,7081.91
594574,19:08:00,19:08:00,153962,,15,,,,,,1,8130.45
594574,19:08:00,19:08:00,153961,,16,,,,,,1,8319.46
594574,19:09:00,19:09:00,153954,,17,,,,,,1,8774.96
594574,19:11:00,19:11:00,153956,,18,,,,,,1,9093.63
594574,19:12:00,19:12:00,153955,,19,,,,,,1,9476.77
594574,19:12:00,19:12:00,153953,,20,,,,,,1,9679.67
594574,19:18:00,19:18:00,154104,,21,,,,,,1,11204.98
594575,19:58:00,19:58:00,153916,,1,,,,,,1,0
594575,19:59:00,19:59:00,154039,,2,,,,,,1,477.49
594575,19:59:00,19:59:00,154038,,3,,,,,,1,988.23
594575,20:00:00,20:00:00,154037,,4,,,,,,1,1446.12
594575,20:01:00,20:01:00,153915,,5,,,,,,1,2226.81
594575,20:02:00,20:02:00,154059,,6,,,,,,1,2809.28
594575,20:02:00,20:02:00,154057,,7,,,,,,1,3313.77
594575,20:02:00,20:02:00,154058,,8,,,,,,1,3723.65
594575,20:03:00,20:03:00,153930,,9,,,,,,1,4291.69
594575,20:03:00,20:03:00,153931,,10,,,,,,1,4693.5
594575,20:04:00,20:04:00,153929,,11,,,,,,1,4989.71
594575,20:06:00,20:06:00,153928,,12,,,,,,1,5907.53
594575,20:06:00,20:06:00,154074,,13,,,,,,1,6575.15
594575,20:07:00,20:07:00,153963,,14,,,,,,1,7081.91
594575,20:08:00,20:08:00,153962,,15,,,,,,1,8130.45
594575,20:08:00,20:08:00,153961,,16,,,,,,1,8319.46
594575,20:09:00,20:09:00,153954,,17,,,,,,1,8774.96
594575,20:11:00,20:11:00,153956,,18,,,,,,1,9093.63
594575,20:12:00,20:12:00,153955,,19,,,,,,1,9476.77
594575,20:12:00,20:12:00,153953,,20,,,,,,1,9679.67
594575,20:18:00,20:18:00,154104,,21,,,,,,1,11204.98
594387,05:30:00,05:30:00,154104,,1,,,,,,1,0
594387,05:32:00,05:32:00,153952,,2,,,,,,1,1500.72
594387,05:33:00,05:33:00,153958,,3,,,,,,1,1660.12
594387,05:35:00,05:35:00,153957,,4,,,,,,1,2040.8
594387,05:36:00,05:36:00,154087,,5,,,,,,1,4281.67
594387,05:37:00,05:37:00,154085,,6,,,,,,1,4506.42
594387,05:42:00,05:42:00,154086,,7,,,,,,1,4849.47
594387,05:43:00,05:43:00,153970,,8,,,,,,1,5245.19
594387,05:43:00,05:43:00,153971,,9,,,,,,1,5666.49
594387,05:44:00,05:44:00,153968,,10,,,,,,1,6244.37
594387,05:44:00,05:44:00,153969,,11,,,,,,1,6822.4
594387,05:45:00,05:45:00,153988,,12,,,,,,1,7579.15
594387,05:47:00,05:47:00,153987,,13,,,,,,1,7790.51
594387,05:47:00,05:47:00,153959,,14,,,,,,1,8037.83
594387,05:47:00,05:47:00,153993,,15,,,,,,1,8228.1
594387,05:49:00,05:49:00,154171,,16,,,,,,1,8663
594387,05:49:00,05:49:00,154073,,17,,,,,,1,8906.89
594387,05:51:00,05:51:00,154172,,18,,,,,,1,9295.64
594387,05:51:00,05:51:00,154316,,19,,,,,,1,10086.93
594387,05:55:00,05:55:00,153985,,20,,,,,,1,11343.19
594387,05:56:00,05:56:00,154159,,21,,,,,,1,12108.36
594387,05:56:00,05:56:00,154161,,22,,,,,,1,12446.71
594387,05:56:00,05:56:00,154162,,23,,,,,,1,12787.86
594387,05:57:00,05:57:00,154160,,24,,,,,,1,13213.6
594387,05:57:00,05:57:00,154158,,25,,,,,,1,13504.9
594387,05:57:00,05:57:00,154157,,26,,,,,,1,13974.92
594387,05:58:00,05:58:00,153916,,27,,,,,,1,14852.14
594535,06:30:00,06:30:00,154104,,1,,,,,,1,0
594535,06:32:00,06:32:00,153952,,2,,,,,,1,1500.72
594535,06:33:00,06:33:00,153958,,3,,,,,,1,1660.12
594535,06:35:00,06:35:00,153957,,4,,,,,,1,2040.8
594535,06:36:00,06:36:00,154087,,5,,,,,,1,4281.67
594535,06:37:00,06:37:00,154085,,6,,,,,,1,4506.42
594535,06:42:00,06:42:00,154086,,7,,,,,,1,4849.47
594535,06:43:00,06:43:00,153970,,8,,,,,,1,5245.19
594535,06:43:00,06:43:00,153971,,9,,,,,,1,5666.49
594535,06:44:00,06:44:00,153968,,10,,,,,,1,6244.37
594535,06:44:00,06:44:00,153969,,11,,,,,,1,6822.4
594535,06:45:00,06:45:00,153988,,12,,,,,,1,7579.15
594535,06:47:00,06:47:00,153987,,13,,,,,,1,7790.51
594535,06:47:00,06:47:00,153959,,14,,,,,,1,8037.83
594535,06:47:00,06:47:00,153993,,15,,,,,,1,8228.1
594535,06:49:00,06:49:00,154171,,16,,,,,,1,8663
594535,06:49:00,06:49:00,154073,,17,,,,,,1,8906.89
594535,06:51:00,06:51:00,154172,,18,,,,,,1,9295.64
594535,06:51:00,06:51:00,154316,,19,,,,,,1,10086.93
594535,06:55:00,06:55:00,153985,,20,,,,,,1,11343.19
594535,06:56:00,06:56:00,154159,,21,,,,,,1,12108.36
594535,06:56:00,06:56:00,154161,,22,,,,,,1,12446.71
594535,06:56:00,06:56:00,154162,,23,,,,,,1,12787.86
594535,06:57:00,06:57:00,154160,,24,,,,,,1,13213.6
594535,06:57:00,06:57:00,154158,,25,,,,,,1,13504.9
594535,06:57:00,06:57:00,154157,,26,,,,,,1,13974.92
594535,06:58:00,06:58:00,153916,,27,,,,,,1,14852.14
594536,07:30:00,07:30:00,154104,,1,,,,,,1,0
594536,07:32:00,07:32:00,153952,,2,,,,,,1,1500.72
594536,07:33:00,07:33:00,153958,,3,,,,,,1,1660.12
594536,07:35:00,07:35:00,153957,,4,,,,,,1,2040.8
594536,07:38:00,07:38:00,153997,,5,,,,,,1,2765.18
594536,07:38:00,07:38:00,154087,,6,,,,,,1,4281.67
594536,07:39:00,07:39:00,154085,,7,,,,,,1,4506.42
594536,07:42:00,07:42:00,154086,,8,,,,,,1,4849.47
594536,07:42:00,07:42:00,153970,,9,,,,,,1,5245.19
594536,07:43:00,07:43:00,153971,,10,,,,,,1,5666.49
594536,07:43:00,07:43:00,153968,,11,,,,,,1,6244.37
594536,07:44:00,07:44:00,153969,,12,,,,,,1,6822.4
594536,07:44:00,07:44:00,153988,,13,,,,,,1,7579.15
594536,07:45:00,07:45:00,153987,,14,,,,,,1,7790.51
594536,07:47:00,07:47:00,153959,,15,,,,,,1,8037.83
594536,07:47:00,07:47:00,153993,,16,,,,,,1,8228.1
594536,07:47:00,07:47:00,154171,,17,,,,,,1,8663
594536,07:49:00,07:49:00,154073,,18,,,,,,1,8906.89
594536,07:50:00,07:50:00,154172,,19,,,,,,1,9295.64
594536,07:51:00,07:51:00,154316,,20,,,,,,1,10086.93
594536,07:55:00,07:55:00,153985,,21,,,,,,1,11343.19
594536,07:55:00,07:55:00,154159,,22,,,,,,1,12108.36
594536,07:56:00,07:56:00,154161,,23,,,,,,1,12446.71
594536,07:56:00,07:56:00,154162,,24,,,,,,1,12787.86
594536,07:56:00,07:56:00,154160,,25,,,,,,1,13213.6
594536,07:57:00,07:57:00,154158,,26,,,,,,1,13504.9
594536,07:57:00,07:57:00,154157,,27,,,,,,1,13974.92
594536,07:57:00,07:57:00,153916,,28,,,,,,1,14852.14
594537,08:30:00,08:30:00,154104,,1,,,,,,1,0
594537,08:32:00,08:32:00,153952,,2,,,,,,1,1500.72
594537,08:33:00,08:33:00,153958,,3,,,,,,1,1660.12
594537,08:35:00,08:35:00,153957,,4,,,,,,1,2040.8
594537,08:38:00,08:38:00,153997,,5,,,,,,1,2765.18
594537,08:38:00,08:38:00,154087,,6,,,,,,1,4281.67
594537,08:39:00,08:39:00,154085,,7,,,,,,1,4506.42
594537,08:42:00,08:42:00,154086,,8,,,,,,1,4849.47
594537,08:42:00,08:42:00,153970,,9,,,,,,1,5245.19
594537,08:43:00,08:43:00,153971,,10,,,,,,1,5666.49
594537,08:43:00,08:43:00,153968,,11,,,,,,1,6244.37
594537,08:44:00,08:44:00,153969,,12,,,,,,1,6822.4
594537,08:44:00,08:44:00,153988,,13,,,,,,1,7579.15
594537,08:45:00,08:45:00,153987,,14,,,,,,1,7790.51
594537,08:47:00,08:47:00,153959,,15,,,,,,1,8037.83
594537,08:47:00,08:47:00,153993,,16,,,,,,1,8228.1
594537,08:47:00,08:47:00,154171,,17,,,,,,1,8663
594537,08:49:00,08:49:00,154073,,18,,,,,,1,8906.89
594537,08:50:00,08:50:00,154172,,19,,,,,,1,9295.64
594537,08:51:00,08:51:00,154316,,20,,,,,,1,10086.93
594537,08:55:00,08:55:00,153985,,21,,,,,,1,11343.19
594537,08:55:00,08:55:00,154159,,22,,,,,,1,12108.36
594537,08:56:00,08:56:00,154161,,23,,,,,,1,12446.71
594537,08:56:00,08:56:00,154162,,24,,,,,,1,12787.86
594537,08:56:00,08:56:00,154160,,25,,,,,,1,13213.6
594537,08:57:00,08:57:00,154158,,26,,,,,,1,13504.9
594537,08:57:00,08:57:00,154157,,27,,,,,,1,13974.92
594537,08:57:00,08:57:00,153916,,28,,,,,,1,14852.14
594538,09:30:00,09:30:00,154104,,1,,,,,,1,0
594538,09:32:00,09:32:00,153952,,2,,,,,,1,1500.72
594538,09:33:00,09:33:00,153958,,3,,,,,,1,1660.12
594538,09:35:00,09:35:00,153957,,4,,,,,,1,2040.8
594538,09:38:00,09:38:00,153997,,5,,,,,,1,2765.18
594538,09:38:00,09:38:00,154087,,6,,,,,,1,4281.67
594538,09:39:00,09:39:00,154085,,7,,,,,,1,4506.42
594538,09:42:00,09:42:00,154086,,8,,,,,,1,4849.47
594538,09:42:00,09:42:00,153970,,9,,,,,,1,5245.19
594538,09:43:00,09:43:00,153971,,10,,,,,,1,5666.49
594538,09:43:00,09:43:00,153968,,11,,,,,,1,6244.37
594538,09:44:00,09:44:00,153969,,12,,,,,,1,6822.4
594538,09:44:00,09:44:00,153988,,13,,,,,,1,7579.15
594538,09:45:00,09:45:00,153987,,14,,,,,,1,7790.51
594538,09:47:00,09:47:00,153959,,15,,,,,,1,8037.83
594538,09:47:00,09:47:00,153993,,16,,,,,,1,8228.1
594538,09:47:00,09:47:00,154171,,17,,,,,,1,8663
594538,09:49:00,09:49:00,154073,,18,,,,,,1,8906.89
594538,09:50:00,09:50:00,154172,,19,,,,,,1,9295.64
594538,09:51:00,09:51:00,154316,,20,,,,,,1,10086.93
594538,09:55:00,09:55:00,153985,,21,,,,,,1,11343.19
594538,09:55:00,09:55:00,154159,,22,,,,,,1,12108.36
594538,09:56:00,09:56:00,154161,,23,,,,,,1,12446.71
594538,09:56:00,09:56:00,154162,,24,,,,,,1,12787.86
594538,09:56:00,09:56:00,154160,,25,,,,,,1,13213.6
594538,09:57:00,09:57:00,154158,,26,,,,,,1,13504.9
594538,09:57:00,09:57:00,154157,,27,,,,,,1,13974.92
594538,09:57:00,09:57:00,153916,,28,,,,,,1,14852.14
594539,10:30:00,10:30:00,154104,,1,,,,,,1,0
594539,10:32:00,10:32:00,153952,,2,,,,,,1,1500.72
594539,10:33:00,10:33:00,153958,,3,,,,,,1,1660.12
594539,10:35:00,10:35:00,153957,,4,,,,,,1,2040.8
594539,10:38:00,10:38:00,153997,,5,,,,,,1,2765.18
594539,10:38:00,10:38:00,154087,,6,,,,,,1,4281.67
594539,10:39:00,10:39:00,154085,,7,,,,,,1,4506.42
594539,10:42:00,10:42:00,154086,,8,,,,,,1,4849.47
594539,10:42:00,10:42:00,153970,,9,,,,,,1,5245.19
594539,10:43:00,10:43:00,153971,,10,,,,,,1,5666.49
594539,10:43:00,10:43:00,153968,,11,,,,,,1,6244.37
594539,10:44:00,10:44:00,153969,,12,,,,,,1,6822.4
594539,10:44:00,10:44:00,153988,,13,,,,,,1,7579.15
594539,10:45:00,10:45:00,153987,,14,,,,,,1,7790.51
594539,10:47:00,10:47:00,153959,,15,,,,,,1,8037.83
594539,10:47:00,10:47:00,153993,,16,,,,,,1,8228.1
594539,10:47:00,10:47:00,154171,,17,,,,,,1,8663
594539,10:49:00,10:49:00,154073,,18,,,,,,1,8906.89
594539,10:50:00,10:50:00,154172,,19,,,,,,1,9295.64
594539,10:51:00,10:51:00,154316,,20,,,,,,1,10086.93
594539,10:55:00,10:55:00,153985,,21,,,,,,1,11343.19
594539,10:55:00,10:55:00,154159,,22,,,,,,1,12108.36
594539,10:56:00,10:56:00,154161,,23,,,,,,1,12446.71
594539,10:56:00,10:56:00,154162,,24,,,,,,1,12787.86
594539,10:56:00,10:56:00,154160,,25,,,,,,1,13213.6
594539,10:57:00,10:57:00,154158,,26,,,,,,1,13504.9
594539,10:57:00,10:57:00,154157,,27,,,,,,1,13974.92
594539,10:57:00,10:57:00,153916,,28,,,,,,1,14852.14
594540,11:30:00,11:30:00,154104,,1,,,,,,1,0
594540,11:32:00,11:32:00,153952,,2,,,,,,1,1500.72
594540,11:33:00,11:33:00,153958,,3,,,,,,1,1660.12
594540,11:35:00,11:35:00,153957,,4,,,,,,1,2040.8
594540,11:38:00,11:38:00,153997,,5,,,,,,1,2765.18
594540,11:38:00,11:38:00,154087,,6,,,,,,1,4281.67
594540,11:39:00,11:39:00,154085,,7,,,,,,1,4506.42
594540,11:42:00,11:42:00,154086,,8,,,,,,1,4849.47
594540,11:42:00,11:42:00,153970,,9,,,,,,1,5245.19
594540,11:43:00,11:43:00,153971,,10,,,,,,1,5666.49
594540,11:43:00,11:43:00,153968,,11,,,,,,1,6244.37
594540,11:44:00,11:44:00,153969,,12,,,,,,1,6822.4
594540,11:44:00,11:44:00,153988,,13,,,,,,1,7579.15
594540,11:45:00,11:45:00,153987,,14,,,,,,1,7790.51
594540,11:47:00,11:47:00,153959,,15,,,,,,1,8037.83
594540,11:47:00,11:47:00,153993,,16,,,,,,1,8228.1
594540,11:47:00,11:47:00,154171,,17,,,,,,1,8663
594540,11:49:00,11:49:00,154073,,18,,,,,,1,8906.89
594540,11:50:00,11:50:00,154172,,19,,,,,,1,9295.64
594540,11:51:00,11:51:00,154316,,20,,,,,,1,10086.93
594540,11:55:00,11:55:00,153985,,21,,,,,,1,11343.19
594540,11:55:00,11:55:00,154159,,22,,,,,,1,12108.36
594540,11:56:00,11:56:00,154161,,23,,,,,,1,12446.71
594540,11:56:00,11:56:00,154162,,24,,,,,,1,12787.86
594540,11:56:00,11:56:00,154160,,25,,,,,,1,13213.6
594540,11:57:00,11:57:00,154158,,26,,,,,,1,13504.9
594540,11:57:00,11:57:00,154157,,27,,,,,,1,13974.92
594540,11:57:00,11:57:00,153916,,28,,,,,,1,14852.14
594541,12:30:00,12:30:00,154104,,1,,,,,,1,0
594541,12:32:00,12:32:00,153952,,2,,,,,,1,1500.72
594541,12:33:00,12:33:00,153958,,3,,,,,,1,1660.12
594541,12:35:00,12:35:00,153957,,4,,,,,,1,2040.8
594541,12:39:00,12:39:00,153997,,5,,,,,,1,2765.18
594541,12:39:00,12:39:00,154087,,6,,,,,,1,4281.67
594541,12:41:00,12:41:00,154085,,7,,,,,,1,4506.42
594541,12:44:00,12:44:00,154086,,8,,,,,,1,4849.47
594541,12:44:00,12:44:00,153970,,9,,,,,,1,5245.19
594541,12:45:00,12:45:00,153971,,10,,,,,,1,5666.49
594541,12:45:00,12:45:00,153968,,11,,,,,,1,6244.37
594541,12:46:00,12:46:00,153969,,12,,,,,,1,6822.4
594541,12:46:00,12:46:00,153988,,13,,,,,,1,7579.15
594541,12:48:00,12:48:00,153987,,14,,,,,,1,7790.51
594541,12:50:00,12:50:00,153959,,15,,,,,,1,8037.83
594541,12:50:00,12:50:00,153993,,16,,,,,,1,8228.1
594541,12:50:00,12:50:00,154171,,17,,,,,,1,8663
594541,12:51:00,12:51:00,154073,,18,,,,,,1,8906.89
594541,12:52:00,12:52:00,154172,,19,,,,,,1,9295.64
594541,12:53:00,12:53:00,154316,,20,,,,,,1,10086.93
594541,12:59:00,12:59:00,153985,,21,,,,,,1,11343.19
594541,12:59:00,12:59:00,154159,,22,,,,,,1,12108.36
594541,13:00:00,13:00:00,154161,,23,,,,,,1,12446.71
594541,13:00:00,13:00:00,154162,,24,,,,,,1,12787.86
594541,13:00:00,13:00:00,154160,,25,,,,,,1,13213.6
594541,13:01:00,13:01:00,154158,,26,,,,,,1,13504.9
594541,13:01:00,13:01:00,154157,,27,,,,,,1,13974.92
594541,13:01:00,13:01:00,153916,,28,,,,,,1,14852.14
594542,13:45:00,13:45:00,154104,,1,,,,,,1,0
594542,13:47:00,13:47:00,153952,,2,,,,,,1,1500.72
594542,13:48:00,13:48:00,153958,,3,,,,,,1,1660.12
594542,13:50:00,13:50:00,153957,,4,,,,,,1,2040.8
594542,13:54:00,13:54:00,153997,,5,,,,,,1,2765.18
594542,13:54:00,13:54:00,154087,,6,,,,,,1,4281.67
594542,13:56:00,13:56:00,154085,,7,,,,,,1,4506.42
594542,13:59:00,13:59:00,154086,,8,,,,,,1,4849.47
594542,13:59:00,13:59:00,153970,,9,,,,,,1,5245.19
594542,14:00:00,14:00:00,153971,,10,,,,,,1,5666.49
594542,14:00:00,14:00:00,153968,,11,,,,,,1,6244.37
594542,14:01:00,14:01:00,153969,,12,,,,,,1,6822.4
594542,14:01:00,14:01:00,153988,,13,,,,,,1,7579.15
594542,14:03:00,14:03:00,153987,,14,,,,,,1,7790.51
594542,14:05:00,14:05:00,153959,,15,,,,,,1,8037.83
594542,14:05:00,14:05:00,153993,,16,,,,,,1,8228.1
594542,14:05:00,14:05:00,154171,,17,,,,,,1,8663
594542,14:06:00,14:06:00,154073,,18,,,,,,1,8906.89
594542,14:07:00,14:07:00,154172,,19,,,,,,1,9295.64
594542,14:08:00,14:08:00,154316,,20,,,,,,1,10086.93
594542,14:14:00,14:14:00,153985,,21,,,,,,1,11343.19
594542,14:14:00,14:14:00,154159,,22,,,,,,1,12108.36
594542,14:15:00,14:15:00,154161,,23,,,,,,1,12446.71
594542,14:15:00,14:15:00,154162,,24,,,,,,1,12787.86
594542,14:15:00,14:15:00,154160,,25,,,,,,1,13213.6
594542,14:16:00,14:16:00,154158,,26,,,,,,1,13504.9
594542,14:16:00,14:16:00,154157,,27,,,,,,1,13974.92
594542,14:16:00,14:16:00,153916,,28,,,,,,1,14852.14
594543,15:00:00,15:00:00,154104,,1,,,,,,1,0
594543,15:02:00,15:02:00,153952,,2,,,,,,1,1500.72
594543,15:03:00,15:03:00,153958,,3,,,,,,1,1660.12
594543,15:05:00,15:05:00,153957,,4,,,,,,1,2040.8
594543,15:09:00,15:09:00,153997,,5,,,,,,1,2765.18
594543,15:09:00,15:09:00,154087,,6,,,,,,1,4281.67
594543,15:11:00,15:11:00,154085,,7,,,,,,1,4506.42
594543,15:14:00,15:14:00,154086,,8,,,,,,1,4849.47
594543,15:14:00,15:14:00,153970,,9,,,,,,1,5245.19
594543,15:15:00,15:15:00,153971,,10,,,,,,1,5666.49
594543,15:15:00,15:15:00,153968,,11,,,,,,1,6244.37
594543,15:16:00,15:16:00,153969,,12,,,,,,1,6822.4
594543,15:16:00,15:16:00,153988,,13,,,,,,1,7579.15
594543,15:18:00,15:18:00,153987,,14,,,,,,1,7790.51
594543,15:20:00,15:20:00,153959,,15,,,,,,1,8037.83
594543,15:20:00,15:20:00,153993,,16,,,,,,1,8228.1
594543,15:20:00,15:20:00,154171,,17,,,,,,1,8663
594543,15:20:00,15:20:00,154073,,18,,,,,,1,8906.89
594543,15:22:00,15:22:00,154172,,19,,,,,,1,9295.64
594543,15:23:00,15:23:00,154316,,20,,,,,,1,10086.93
594543,15:29:00,15:29:00,153985,,21,,,,,,1,11343.19
594543,15:29:00,15:29:00,154159,,22,,,,,,1,12108.36
594543,15:30:00,15:30:00,154161,,23,,,,,,1,12446.71
594543,15:30:00,15:30:00,154162,,24,,,,,,1,12787.86
594543,15:30:00,15:30:00,154160,,25,,,,,,1,13213.6
594543,15:31:00,15:31:00,154158,,26,,,,,,1,13504.9
594543,15:31:00,15:31:00,154157,,27,,,,,,1,13974.92
594543,15:31:00,15:31:00,153916,,28,,,,,,1,14852.14
594544,16:15:00,16:15:00,154104,,1,,,,,,1,0
594544,16:17:00,16:17:00,153952,,2,,,,,,1,1500.72
594544,16:18:00,16:18:00,153958,,3,,,,,,1,1660.12
594544,16:20:00,16:20:00,153957,,4,,,,,,1,2040.8
594544,16:24:00,16:24:00,153997,,5,,,,,,1,2765.18
594544,16:24:00,16:24:00,154087,,6,,,,,,1,4281.67
594544,16:26:00,16:26:00,154085,,7,,,,,,1,4506.42
594544,16:29:00,16:29:00,154086,,8,,,,,,1,4849.47
594544,16:29:00,16:29:00,153970,,9,,,,,,1,5245.19
594544,16:30:00,16:30:00,153971,,10,,,,,,1,5666.49
594544,16:30:00,16:30:00,153968,,11,,,,,,1,6244.37
594544,16:31:00,16:31:00,153969,,12,,,,,,1,6822.4
594544,16:31:00,16:31:00,153988,,13,,,,,,1,7579.15
594544,16:33:00,16:33:00,153987,,14,,,,,,1,7790.51
594544,16:35:00,16:35:00,153959,,15,,,,,,1,8037.83
594544,16:35:00,16:35:00,153993,,16,,,,,,1,8228.1
594544,16:35:00,16:35:00,154171,,17,,,,,,1,8663
594544,16:35:00,16:35:00,154073,,18,,,,,,1,8906.89
594544,16:37:00,16:37:00,154172,,19,,,,,,1,9295.64
594544,16:38:00,16:38:00,154316,,20,,,,,,1,10086.93
594544,16:44:00,16:44:00,153985,,21,,,,,,1,11343.19
594544,16:44:00,16:44:00,154159,,22,,,,,,1,12108.36
594544,16:45:00,16:45:00,154161,,23,,,,,,1,12446.71
594544,16:45:00,16:45:00,154162,,24,,,,,,1,12787.86
594544,16:45:00,16:45:00,154160,,25,,,,,,1,13213.6
594544,16:46:00,16:46:00,154158,,26,,,,,,1,13504.9
594544,16:46:00,16:46:00,154157,,27,,,,,,1,13974.92
594544,16:46:00,16:46:00,153916,,28,,,,,,1,14852.14
594545,17:30:00,17:30:00,154104,,1,,,,,,1,0
594545,17:32:00,17:32:00,153952,,2,,,,,,1,1500.72
594545,17:33:00,17:33:00,153958,,3,,,,,,1,1660.12
594545,17:35:00,17:35:00,153957,,4,,,,,,1,2040.8
594545,17:38:00,17:38:00,153997,,5,,,,,,1,2765.18
594545,17:38:00,17:38:00,154087,,6,,,,,,1,4281.67
594545,17:39:00,17:39:00,154085,,7,,,,,,1,4506.42
594545,17:42:00,17:42:00,154086,,8,,,,,,1,4849.47
594545,17:42:00,17:42:00,153970,,9,,,,,,1,5245.19
594545,17:43:00,17:43:00,153971,,10,,,,,,1,5666.49
594545,17:43:00,17:43:00,153968,,11,,,,,,1,6244.37
594545,17:44:00,17:44:00,153969,,12,,,,,,1,6822.4
594545,17:44:00,17:44:00,153988,,13,,,,,,1,7579.15
594545,17:45:00,17:45:00,153987,,14,,,,,,1,7790.51
594545,17:47:00,17:47:00,153959,,15,,,,,,1,8037.83
594545,17:47:00,17:47:00,153993,,16,,,,,,1,8228.1
594545,17:47:00,17:47:00,154171,,17,,,,,,1,8663
594545,17:47:00,17:47:00,154073,,18,,,,,,1,8906.89
594545,17:50:00,17:50:00,154172,,19,,,,,,1,9295.64
594545,17:51:00,17:51:00,154316,,20,,,,,,1,10086.93
594545,17:55:00,17:55:00,153985,,21,,,,,,1,11343.19
594545,17:55:00,17:55:00,154159,,22,,,,,,1,12108.36
594545,17:56:00,17:56:00,154161,,23,,,,,,1,12446.71
594545,17:56:00,17:56:00,154162,,24,,,,,,1,12787.86
594545,17:56:00,17:56:00,154160,,25,,,,,,1,13213.6
594545,17:57:00,17:57:00,154158,,26,,,,,,1,13504.9
594545,17:57:00,17:57:00,154157,,27,,,,,,1,13974.92
594545,17:57:00,17:57:00,153916,,28,,,,,,1,14852.14
594546,18:30:00,18:30:00,154104,,1,,,,,,1,0
594546,18:32:00,18:32:00,153952,,2,,,,,,1,1500.72
594546,18:33:00,18:33:00,153958,,3,,,,,,1,1660.12
594546,18:35:00,18:35:00,153957,,4,,,,,,1,2040.8
594546,18:36:00,18:36:00,154087,,5,,,,,,1,4281.67
594546,18:37:00,18:37:00,154085,,6,,,,,,1,4506.42
594546,18:42:00,18:42:00,154086,,7,,,,,,1,4849.47
594546,18:43:00,18:43:00,153970,,8,,,,,,1,5245.19
594546,18:43:00,18:43:00,153971,,9,,,,,,1,5666.49
594546,18:44:00,18:44:00,153968,,10,,,,,,1,6244.37
594546,18:44:00,18:44:00,153969,,11,,,,,,1,6822.4
594546,18:45:00,18:45:00,153988,,12,,,,,,1,7579.15
594546,18:47:00,18:47:00,153987,,13,,,,,,1,7790.51
594546,18:47:00,18:47:00,153959,,14,,,,,,1,8037.83
594546,18:47:00,18:47:00,153993,,15,,,,,,1,8228.1
594546,18:49:00,18:49:00,154171,,16,,,,,,1,8663
594546,18:50:00,18:50:00,154073,,17,,,,,,1,8906.89
594546,18:51:00,18:51:00,154172,,18,,,,,,1,9295.64
594546,18:51:00,18:51:00,154316,,19,,,,,,1,10086.93
594546,18:55:00,18:55:00,153985,,20,,,,,,1,11343.19
594546,18:56:00,18:56:00,154159,,21,,,,,,1,12108.36
594546,18:56:00,18:56:00,154161,,22,,,,,,1,12446.71
594546,18:56:00,18:56:00,154162,,23,,,,,,1,12787.86
594546,18:57:00,18:57:00,154160,,24,,,,,,1,13213.6
594546,18:57:00,18:57:00,154158,,25,,,,,,1,13504.9
594546,18:57:00,18:57:00,154157,,26,,,,,,1,13974.92
594546,18:58:00,18:58:00,153916,,27,,,,,,1,14852.14
594547,19:30:00,19:30:00,154104,,1,,,,,,1,0
594547,19:32:00,19:32:00,153952,,2,,,,,,1,1500.72
594547,19:33:00,19:33:00,153958,,3,,,,,,1,1660.12
594547,19:35:00,19:35:00,153957,,4,,,,,,1,2040.8
594547,19:36:00,19:36:00,154087,,5,,,,,,1,4281.67
594547,19:37:00,19:37:00,154085,,6,,,,,,1,4506.42
594547,19:42:00,19:42:00,154086,,7,,,,,,1,4849.47
594547,19:43:00,19:43:00,153970,,8,,,,,,1,5245.19
594547,19:43:00,19:43:00,153971,,9,,,,,,1,5666.49
594547,19:44:00,19:44:00,153968,,10,,,,,,1,6244.37
594547,19:44:00,19:44:00,153969,,11,,,,,,1,6822.4
594547,19:45:00,19:45:00,153988,,12,,,,,,1,7579.15
594547,19:47:00,19:47:00,153987,,13,,,,,,1,7790.51
594547,19:47:00,19:47:00,153959,,14,,,,,,1,8037.83
594547,19:47:00,19:47:00,153993,,15,,,,,,1,8228.1
594547,19:49:00,19:49:00,154171,,16,,,,,,1,8663
594547,19:50:00,19:50:00,154073,,17,,,,,,1,8906.89
594547,19:51:00,19:51:00,154172,,18,,,,,,1,9295.64
594547,19:51:00,19:51:00,154316,,19,,,,,,1,10086.93
594547,19:55:00,19:55:00,153985,,20,,,,,,1,11343.19
594547,19:56:00,19:56:00,154159,,21,,,,,,1,12108.36
594547,19:56:00,19:56:00,154161,,22,,,,,,1,12446.71
594547,19:56:00,19:56:00,154162,,23,,,,,,1,12787.86
594547,19:57:00,19:57:00,154160,,24,,,,,,1,13213.6
594547,19:57:00,19:57:00,154158,,25,,,,,,1,13504.9
594547,19:57:00,19:57:00,154157,,26,,,,,,1,13974.92
594547,19:58:00,19:58:00,153916,,27,,,,,,1,14852.14
594551,08:30:00,08:30:00,154104,,1,,,,,,1,0
594551,08:32:00,08:32:00,153952,,2,,,,,,1,1500.72
594551,08:33:00,08:33:00,153958,,3,,,,,,1,1660.12
594551,08:35:00,08:35:00,153957,,4,,,,,,1,2040.8
594551,08:38:00,08:38:00,154087,,5,,,,,,1,4281.67
594551,08:39:00,08:39:00,154085,,6,,,,,,1,4506.42
594551,08:42:00,08:42:00,154086,,7,,,,,,1,4849.47
594551,08:42:00,08:42:00,153970,,8,,,,,,1,5245.19
594551,08:43:00,08:43:00,153971,,9,,,,,,1,5666.49
594551,08:43:00,08:43:00,153968,,10,,,,,,1,6244.37
594551,08:44:00,08:44:00,153969,,11,,,,,,1,6822.4
594551,08:44:00,08:44:00,153988,,12,,,,,,1,7579.15
594551,08:45:00,08:45:00,153987,,13,,,,,,1,7790.51
594551,08:47:00,08:47:00,153959,,14,,,,,,1,8037.83
594551,08:47:00,08:47:00,153993,,15,,,,,,1,8228.1
594551,08:47:00,08:47:00,154171,,16,,,,,,1,8663
594551,08:49:00,08:49:00,154073,,17,,,,,,1,8906.89
594551,08:50:00,08:50:00,154172,,18,,,,,,1,9295.64
594551,08:51:00,08:51:00,154316,,19,,,,,,1,10086.93
594551,08:55:00,08:55:00,153985,,20,,,,,,1,11343.19
594551,08:55:00,08:55:00,154159,,21,,,,,,1,12108.36
594551,08:56:00,08:56:00,154161,,22,,,,,,1,12446.71
594551,08:56:00,08:56:00,154162,,23,,,,,,1,12787.86
594551,08:56:00,08:56:00,154160,,24,,,,,,1,13213.6
594551,08:57:00,08:57:00,154158,,25,,,,,,1,13504.9
594551,08:57:00,08:57:00,154157,,26,,,,,,1,13974.92
594551,08:57:00,08:57:00,153916,,27,,,,,,1,14852.14
594552,09:30:00,09:30:00,154104,,1,,,,,,1,0
594552,09:32:00,09:32:00,153952,,2,,,,,,1,1500.72
594552,09:33:00,09:33:00,153958,,3,,,,,,1,1660.12
594552,09:35:00,09:35:00,153957,,4,,,,,,1,2040.8
594552,09:38:00,09:38:00,154087,,5,,,,,,1,4281.67
594552,09:39:00,09:39:00,154085,,6,,,,,,1,4506.42
594552,09:42:00,09:42:00,154086,,7,,,,,,1,4849.47
594552,09:42:00,09:42:00,153970,,8,,,,,,1,5245.19
594552,09:43:00,09:43:00,153971,,9,,,,,,1,5666.49
594552,09:43:00,09:43:00,153968,,10,,,,,,1,6244.37
594552,09:44:00,09:44:00,153969,,11,,,,,,1,6822.4
594552,09:44:00,09:44:00,153988,,12,,,,,,1,7579.15
594552,09:45:00,09:45:00,153987,,13,,,,,,1,7790.51
594552,09:47:00,09:47:00,153959,,14,,,,,,1,8037.83
594552,09:47:00,09:47:00,153993,,15,,,,,,1,8228.1
594552,09:47:00,09:47:00,154171,,16,,,,,,1,8663
594552,09:49:00,09:49:00,154073,,17,,,,,,1,8906.89
594552,09:50:00,09:50:00,154172,,18,,,,,,1,9295.64
594552,09:51:00,09:51:00,154316,,19,,,,,,1,10086.93
594552,09:55:00,09:55:00,153985,,20,,,,,,1,11343.19
594552,09:55:00,09:55:00,154159,,21,,,,,,1,12108.36
594552,09:56:00,09:56:00,154161,,22,,,,,,1,12446.71
594552,09:56:00,09:56:00,154162,,23,,,,,,1,12787.86
594552,09:56:00,09:56:00,154160,,24,,,,,,1,13213.6
594552,09:57:00,09:57:00,154158,,25,,,,,,1,13504.9
594552,09:57:00,09:57:00,154157,,26,,,,,,1,13974.92
594552,09:57:00,09:57:00,153916,,27,,,,,,1,14852.14
594553,10:30:00,10:30:00,154104,,1,,,,,,1,0
594553,10:32:00,10:32:00,153952,,2,,,,,,1,1500.72
594553,10:33:00,10:33:00,153958,,3,,,,,,1,1660.12
594553,10:35:00,10:35:00,153957,,4,,,,,,1,2040.8
594553,10:38:00,10:38:00,154087,,5,,,,,,1,4281.67
594553,10:39:00,10:39:00,154085,,6,,,,,,1,4506.42
594553,10:42:00,10:42:00,154086,,7,,,,,,1,4849.47
594553,10:42:00,10:42:00,153970,,8,,,,,,1,5245.19
594553,10:43:00,10:43:00,153971,,9,,,,,,1,5666.49
594553,10:43:00,10:43:00,153968,,10,,,,,,1,6244.37
594553,10:44:00,10:44:00,153969,,11,,,,,,1,6822.4
594553,10:44:00,10:44:00,153988,,12,,,,,,1,7579.15
594553,10:45:00,10:45:00,153987,,13,,,,,,1,7790.51
594553,10:47:00,10:47:00,153959,,14,,,,,,1,8037.83
594553,10:47:00,10:47:00,153993,,15,,,,,,1,8228.1
594553,10:47:00,10:47:00,154171,,16,,,,,,1,8663
594553,10:49:00,10:49:00,154073,,17,,,,,,1,8906.89
594553,10:50:00,10:50:00,154172,,18,,,,,,1,9295.64
594553,10:51:00,10:51:00,154316,,19,,,,,,1,10086.93
594553,10:55:00,10:55:00,153985,,20,,,,,,1,11343.19
594553,10:55:00,10:55:00,154159,,21,,,,,,1,12108.36
594553,10:56:00,10:56:00,154161,,22,,,,,,1,12446.71
594553,10:56:00,10:56:00,154162,,23,,,,,,1,12787.86
594553,10:56:00,10:56:00,154160,,24,,,,,,1,13213.6
594553,10:57:00,10:57:00,154158,,25,,,,,,1,13504.9
594553,10:57:00,10:57:00,154157,,26,,,,,,1,13974.92
594553,10:57:00,10:57:00,153916,,27,,,,,,1,14852.14
594554,11:30:00,11:30:00,154104,,1,,,,,,1,0
594554,11:32:00,11:32:00,153952,,2,,,,,,1,1500.72
594554,11:33:00,11:33:00,153958,,3,,,,,,1,1660.12
594554,11:35:00,11:35:00,153957,,4,,,,,,1,2040.8
594554,11:38:00,11:38:00,154087,,5,,,,,,1,4281.67
594554,11:39:00,11:39:00,154085,,6,,,,,,1,4506.42
594554,11:42:00,11:42:00,154086,,7,,,,,,1,4849.47
594554,11:42:00,11:42:00,153970,,8,,,,,,1,5245.19
594554,11:43:00,11:43:00,153971,,9,,,,,,1,5666.49
594554,11:43:00,11:43:00,153968,,10,,,,,,1,6244.37
594554,11:44:00,11:44:00,153969,,11,,,,,,1,6822.4
594554,11:44:00,11:44:00,153988,,12,,,,,,1,7579.15
594554,11:45:00,11:45:00,153987,,13,,,,,,1,7790.51
594554,11:47:00,11:47:00,153959,,14,,,,,,1,8037.83
594554,11:47:00,11:47:00,153993,,15,,,,,,1,8228.1
594554,11:47:00,11:47:00,154171,,16,,,,,,1,8663
594554,11:49:00,11:49:00,154073,,17,,,,,,1,8906.89
594554,11:50:00,11:50:00,154172,,18,,,,,,1,9295.64
594554,11:51:00,11:51:00,154316,,19,,,,,,1,10086.93
594554,11:55:00,11:55:00,153985,,20,,,,,,1,11343.19
594554,11:55:00,11:55:00,154159,,21,,,,,,1,12108.36
594554,11:56:00,11:56:00,154161,,22,,,,,,1,12446.71
594554,11:56:00,11:56:00,154162,,23,,,,,,1,12787.86
594554,11:56:00,11:56:00,154160,,24,,,,,,1,13213.6
594554,11:57:00,11:57:00,154158,,25,,,,,,1,13504.9
594554,11:57:00,11:57:00,154157,,26,,,,,,1,13974.92
594554,11:57:00,11:57:00,153916,,27,,,,,,1,14852.14
594555,12:30:00,12:30:00,154104,,1,,,,,,1,0
594555,12:32:00,12:32:00,153952,,2,,,,,,1,1500.72
594555,12:33:00,12:33:00,153958,,3,,,,,,1,1660.12
594555,12:35:00,12:35:00,153957,,4,,,,,,1,2040.8
594555,12:39:00,12:39:00,154087,,5,,,,,,1,4281.67
594555,12:41:00,12:41:00,154085,,6,,,,,,1,4506.42
594555,12:44:00,12:44:00,154086,,7,,,,,,1,4849.47
594555,12:44:00,12:44:00,153970,,8,,,,,,1,5245.19
594555,12:45:00,12:45:00,153971,,9,,,,,,1,5666.49
594555,12:45:00,12:45:00,153968,,10,,,,,,1,6244.37
594555,12:46:00,12:46:00,153969,,11,,,,,,1,6822.4
594555,12:46:00,12:46:00,153988,,12,,,,,,1,7579.15
594555,12:48:00,12:48:00,153987,,13,,,,,,1,7790.51
594555,12:50:00,12:50:00,153959,,14,,,,,,1,8037.83
594555,12:50:00,12:50:00,153993,,15,,,,,,1,8228.1
594555,12:50:00,12:50:00,154171,,16,,,,,,1,8663
594555,12:51:00,12:51:00,154073,,17,,,,,,1,8906.89
594555,12:52:00,12:52:00,154172,,18,,,,,,1,9295.64
594555,12:53:00,12:53:00,154316,,19,,,,,,1,10086.93
594555,12:59:00,12:59:00,153985,,20,,,,,,1,11343.19
594555,12:59:00,12:59:00,154159,,21,,,,,,1,12108.36
594555,13:00:00,13:00:00,154161,,22,,,,,,1,12446.71
594555,13:00:00,13:00:00,154162,,23,,,,,,1,12787.86
594555,13:00:00,13:00:00,154160,,24,,,,,,1,13213.6
594555,13:01:00,13:01:00,154158,,25,,,,,,1,13504.9
594555,13:01:00,13:01:00,154157,,26,,,,,,1,13974.92
594555,13:01:00,13:01:00,153916,,27,,,,,,1,14852.14
594556,13:45:00,13:45:00,154104,,1,,,,,,1,0
594556,13:47:00,13:47:00,153952,,2,,,,,,1,1500.72
594556,13:48:00,13:48:00,153958,,3,,,,,,1,1660.12
594556,13:50:00,13:50:00,153957,,4,,,,,,1,2040.8
594556,13:54:00,13:54:00,154087,,5,,,,,,1,4281.67
594556,13:56:00,13:56:00,154085,,6,,,,,,1,4506.42
594556,13:59:00,13:59:00,154086,,7,,,,,,1,4849.47
594556,13:59:00,13:59:00,153970,,8,,,,,,1,5245.19
594556,14:00:00,14:00:00,153971,,9,,,,,,1,5666.49
594556,14:00:00,14:00:00,153968,,10,,,,,,1,6244.37
594556,14:01:00,14:01:00,153969,,11,,,,,,1,6822.4
594556,14:01:00,14:01:00,153988,,12,,,,,,1,7579.15
594556,14:03:00,14:03:00,153987,,13,,,,,,1,7790.51
594556,14:05:00,14:05:00,153959,,14,,,,,,1,8037.83
594556,14:05:00,14:05:00,153993,,15,,,,,,1,8228.1
594556,14:05:00,14:05:00,154171,,16,,,,,,1,8663
594556,14:06:00,14:06:00,154073,,17,,,,,,1,8906.89
594556,14:07:00,14:07:00,154172,,18,,,,,,1,9295.64
594556,14:08:00,14:08:00,154316,,19,,,,,,1,10086.93
594556,14:14:00,14:14:00,153985,,20,,,,,,1,11343.19
594556,14:14:00,14:14:00,154159,,21,,,,,,1,12108.36
594556,14:15:00,14:15:00,154161,,22,,,,,,1,12446.71
594556,14:15:00,14:15:00,154162,,23,,,,,,1,12787.86
594556,14:15:00,14:15:00,154160,,24,,,,,,1,13213.6
594556,14:16:00,14:16:00,154158,,25,,,,,,1,13504.9
594556,14:16:00,14:16:00,154157,,26,,,,,,1,13974.92
594556,14:16:00,14:16:00,153916,,27,,,,,,1,14852.14
594557,15:00:00,15:00:00,154104,,1,,,,,,1,0
594557,15:02:00,15:02:00,153952,,2,,,,,,1,1500.72
594557,15:03:00,15:03:00,153958,,3,,,,,,1,1660.12
594557,15:05:00,15:05:00,153957,,4,,,,,,1,2040.8
594557,15:09:00,15:09:00,154087,,5,,,,,,1,4281.67
594557,15:11:00,15:11:00,154085,,6,,,,,,1,4506.42
594557,15:14:00,15:14:00,154086,,7,,,,,,1,4849.47
594557,15:14:00,15:14:00,153970,,8,,,,,,1,5245.19
594557,15:15:00,15:15:00,153971,,9,,,,,,1,5666.49
594557,15:15:00,15:15:00,153968,,10,,,,,,1,6244.37
594557,15:16:00,15:16:00,153969,,11,,,,,,1,6822.4
594557,15:16:00,15:16:00,153988,,12,,,,,,1,7579.15
594557,15:18:00,15:18:00,153987,,13,,,,,,1,7790.51
594557,15:20:00,15:20:00,153959,,14,,,,,,1,8037.83
594557,15:20:00,15:20:00,153993,,15,,,,,,1,8228.1
594557,15:20:00,15:20:00,154171,,16,,,,,,1,8663
594557,15:20:00,15:20:00,154073,,17,,,,,,1,8906.89
594557,15:22:00,15:22:00,154172,,18,,,,,,1,9295.64
594557,15:23:00,15:23:00,154316,,19,,,,,,1,10086.93
594557,15:29:00,15:29:00,153985,,20,,,,,,1,11343.19
594557,15:29:00,15:29:00,154159,,21,,,,,,1,12108.36
594557,15:30:00,15:30:00,154161,,22,,,,,,1,12446.71
594557,15:30:00,15:30:00,154162,,23,,,,,,1,12787.86
594557,15:30:00,15:30:00,154160,,24,,,,,,1,13213.6
594557,15:31:00,15:31:00,154158,,25,,,,,,1,13504.9
594557,15:31:00,15:31:00,154157,,26,,,,,,1,13974.92
594557,15:31:00,15:31:00,153916,,27,,,,,,1,14852.14
594558,16:15:00,16:15:00,154104,,1,,,,,,1,0
594558,16:17:00,16:17:00,153952,,2,,,,,,1,1500.72
594558,16:18:00,16:18:00,153958,,3,,,,,,1,1660.12
594558,16:20:00,16:20:00,153957,,4,,,,,,1,2040.8
594558,16:24:00,16:24:00,154087,,5,,,,,,1,4281.67
594558,16:26:00,16:26:00,154085,,6,,,,,,1,4506.42
594558,16:29:00,16:29:00,154086,,7,,,,,,1,4849.47
594558,16:29:00,16:29:00,153970,,8,,,,,,1,5245.19
594558,16:30:00,16:30:00,153971,,9,,,,,,1,5666.49
594558,16:30:00,16:30:00,153968,,10,,,,,,1,6244.37
594558,16:31:00,16:31:00,153969,,11,,,,,,1,6822.4
594558,16:31:00,16:31:00,153988,,12,,,,,,1,7579.15
594558,16:33:00,16:33:00,153987,,13,,,,,,1,7790.51
594558,16:35:00,16:35:00,153959,,14,,,,,,1,8037.83
594558,16:35:00,16:35:00,153993,,15,,,,,,1,8228.1
594558,16:35:00,16:35:00,154171,,16,,,,,,1,8663
594558,16:35:00,16:35:00,154073,,17,,,,,,1,8906.89
594558,16:37:00,16:37:00,154172,,18,,,,,,1,9295.64
594558,16:38:00,16:38:00,154316,,19,,,,,,1,10086.93
594558,16:44:00,16:44:00,153985,,20,,,,,,1,11343.19
594558,16:44:00,16:44:00,154159,,21,,,,,,1,12108.36
594558,16:45:00,16:45:00,154161,,22,,,,,,1,12446.71
594558,16:45:00,16:45:00,154162,,23,,,,,,1,12787.86
594558,16:45:00,16:45:00,154160,,24,,,,,,1,13213.6
594558,16:46:00,16:46:00,154158,,25,,,,,,1,13504.9
594558,16:46:00,16:46:00,154157,,26,,,,,,1,13974.92
594558,16:46:00,16:46:00,153916,,27,,,,,,1,14852.14
594559,17:30:00,17:30:00,154104,,1,,,,,,1,0
594559,17:32:00,17:32:00,153952,,2,,,,,,1,1500.72
594559,17:33:00,17:33:00,153958,,3,,,,,,1,1660.12
594559,17:35:00,17:35:00,153957,,4,,,,,,1,2040.8
594559,17:38:00,17:38:00,154087,,5,,,,,,1,4281.67
594559,17:39:00,17:39:00,154085,,6,,,,,,1,4506.42
594559,17:42:00,17:42:00,154086,,7,,,,,,1,4849.47
594559,17:42:00,17:42:00,153970,,8,,,,,,1,5245.19
594559,17:43:00,17:43:00,153971,,9,,,,,,1,5666.49
594559,17:43:00,17:43:00,153968,,10,,,,,,1,6244.37
594559,17:44:00,17:44:00,153969,,11,,,,,,1,6822.4
594559,17:44:00,17:44:00,153988,,12,,,,,,1,7579.15
594559,17:45:00,17:45:00,153987,,13,,,,,,1,7790.51
594559,17:47:00,17:47:00,153959,,14,,,,,,1,8037.83
594559,17:47:00,17:47:00,153993,,15,,,,,,1,8228.1
594559,17:47:00,17:47:00,154171,,16,,,,,,1,8663
594559,17:47:00,17:47:00,154073,,17,,,,,,1,8906.89
594559,17:50:00,17:50:00,154172,,18,,,,,,1,9295.64
594559,17:51:00,17:51:00,154316,,19,,,,,,1,10086.93
594559,17:55:00,17:55:00,153985,,20,,,,,,1,11343.19
594559,17:55:00,17:55:00,154159,,21,,,,,,1,12108.36
594559,17:56:00,17:56:00,154161,,22,,,,,,1,12446.71
594559,17:56:00,17:56:00,154162,,23,,,,,,1,12787.86
594559,17:56:00,17:56:00,154160,,24,,,,,,1,13213.6
594559,17:57:00,17:57:00,154158,,25,,,,,,1,13504.9
594559,17:57:00,17:57:00,154157,,26,,,,,,1,13974.92
594559,17:57:00,17:57:00,153916,,27,,,,,,1,14852.14
594560,18:30:00,18:30:00,154104,,1,,,,,,1,0
594560,18:32:00,18:32:00,153952,,2,,,,,,1,1500.72
594560,18:33:00,18:33:00,153958,,3,,,,,,1,1660.12
594560,18:35:00,18:35:00,153957,,4,,,,,,1,2040.8
594560,18:36:00,18:36:00,154087,,5,,,,,,1,4281.67
594560,18:37:00,18:37:00,154085,,6,,,,,,1,4506.42
594560,18:42:00,18:42:00,154086,,7,,,,,,1,4849.47
594560,18:43:00,18:43:00,153970,,8,,,,,,1,5245.19
594560,18:43:00,18:43:00,153971,,9,,,,,,1,5666.49
594560,18:44:00,18:44:00,153968,,10,,,,,,1,6244.37
594560,18:44:00,18:44:00,153969,,11,,,,,,1,6822.4
594560,18:45:00,18:45:00,153988,,12,,,,,,1,7579.15
594560,18:47:00,18:47:00,153987,,13,,,,,,1,7790.51
594560,18:47:00,18:47:00,153959,,14,,,,,,1,8037.83
594560,18:47:00,18:47:00,153993,,15,,,,,,1,8228.1
594560,18:49:00,18:49:00,154171,,16,,,,,,1,8663
594560,18:50:00,18:50:00,154073,,17,,,,,,1,8906.89
594560,18:51:00,18:51:00,154172,,18,,,,,,1,9295.64
594560,18:51:00,18:51:00,154316,,19,,,,,,1,10086.93
594560,18:55:00,18:55:00,153985,,20,,,,,,1,11343.19
594560,18:56:00,18:56:00,154159,,21,,,,,,1,12108.36
594560,18:56:00,18:56:00,154161,,22,,,,,,1,12446.71
594560,18:56:00,18:56:00,154162,,23,,,,,,1,12787.86
594560,18:57:00,18:57:00,154160,,24,,,,,,1,13213.6
594560,18:57:00,18:57:00,154158,,25,,,,,,1,13504.9
594560,18:57:00,18:57:00,154157,,26,,,,,,1,13974.92
594560,18:58:00,18:58:00,153916,,27,,,,,,1,14852.14
594561,19:30:00,19:30:00,154104,,1,,,,,,1,0
594561,19:32:00,19:32:00,153952,,2,,,,,,1,1500.72
594561,19:33:00,19:33:00,153958,,3,,,,,,1,1660.12
594561,19:35:00,19:35:00,153957,,4,,,,,,1,2040.8
594561,19:36:00,19:36:00,154087,,5,,,,,,1,4281.67
594561,19:37:00,19:37:00,154085,,6,,,,,,1,4506.42
594561,19:42:00,19:42:00,154086,,7,,,,,,1,4849.47
594561,19:43:00,19:43:00,153970,,8,,,,,,1,5245.19
594561,19:43:00,19:43:00,153971,,9,,,,,,1,5666.49
594561,19:44:00,19:44:00,153968,,10,,,,,,1,6244.37
594561,19:44:00,19:44:00,153969,,11,,,,,,1,6822.4
594561,19:45:00,19:45:00,153988,,12,,,,,,1,7579.15
594561,19:47:00,19:47:00,153987,,13,,,,,,1,7790.51
594561,19:47:00,19:47:00,153959,,14,,,,,,1,8037.83
594561,19:47:00,19:47:00,153993,,15,,,,,,1,8228.1
594561,19:49:00,19:49:00,154171,,16,,,,,,1,8663
594561,19:50:00,19:50:00,154073,,17,,,,,,1,8906.89
594561,19:51:00,19:51:00,154172,,18,,,,,,1,9295.64
594561,19:51:00,19:51:00,154316,,19,,,,,,1,10086.93
594561,19:55:00,19:55:00,153985,,20,,,,,,1,11343.19
594561,19:56:00,19:56:00,154159,,21,,,,,,1,12108.36
594561,19:56:00,19:56:00,154161,,22,,,,,,1,12446.71
594561,19:56:00,19:56:00,154162,,23,,,,,,1,12787.86
594561,19:57:00,19:57:00,154160,,24,,,,,,1,13213.6
594561,19:57:00,19:57:00,154158,,25,,,,,,1,13504.9
594561,19:57:00,19:57:00,154157,,26,,,,,,1,13974.92
594561,19:58:00,19:58:00,153916,,27,,,,,,1,14852.14
594576,05:53:00,05:53:00,154186,,1,,,,,,1,0
594576,05:54:00,05:54:00,154083,,2,,,,,,1,532.91
594576,05:55:00,05:55:00,154084,,3,,,,,,1,860.87
594576,05:56:00,05:56:00,154081,,4,,,,,,1,1841.96
594576,05:56:00,05:56:00,154080,,5,,,,,,1,2217.57
594576,05:57:00,05:57:00,154082,,6,,,,,,1,2665.64
594576,05:59:00,05:59:00,153977,,7,,,,,,1,3672.64
594576,06:00:00,06:00:00,153974,,8,,,,,,1,3967.95
594576,06:03:00,06:03:00,153975,,9,,,,,,1,4265.93
594576,06:04:00,06:04:00,153972,,10,,,,,,1,4825.45
594576,06:04:00,06:04:00,154051,,11,,,,,,1,5105.04
594576,06:06:00,06:06:00,153926,,12,,,,,,1,5390.93
594576,06:06:00,06:06:00,153938,,13,,,,,,1,5729.84
594576,06:07:00,06:07:00,153944,,14,,,,,,1,6302.28
594576,06:08:00,06:08:00,153949,,15,,,,,,1,6838.39
594576,06:09:00,06:09:00,153936,,16,,,,,,1,7190.31
594576,06:10:00,06:10:00,153950,,17,,,,,,1,7542.63
594576,06:11:00,06:11:00,153947,,18,,,,,,1,7998.34
594576,06:12:00,06:12:00,153941,,19,,,,,,1,8460.56
594576,06:15:00,06:15:00,154033,,20,,,,,,1,9168.65
594576,06:16:00,06:16:00,154035,,21,,,,,,1,9606.98
594576,06:17:00,06:17:00,154031,,22,,,,,,1,9953.17
594576,06:18:00,06:18:00,153980,,23,,,,,,1,10517.08
594576,06:22:00,06:22:00,154105,,24,,,,,,1,11986.37
594605,06:53:00,06:53:00,154186,,1,,,,,,1,0
594605,06:54:00,06:54:00,154083,,2,,,,,,1,532.91
594605,06:55:00,06:55:00,154084,,3,,,,,,1,860.87
594605,06:56:00,06:56:00,154081,,4,,,,,,1,1841.96
594605,06:56:00,06:56:00,154080,,5,,,,,,1,2217.57
594605,06:57:00,06:57:00,154082,,6,,,,,,1,2665.64
594605,06:59:00,06:59:00,153977,,7,,,,,,1,3672.64
594605,07:00:00,07:00:00,153974,,8,,,,,,1,3967.95
594605,07:03:00,07:03:00,153975,,9,,,,,,1,4265.93
594605,07:04:00,07:04:00,153972,,10,,,,,,1,4825.45
594605,07:04:00,07:04:00,154051,,11,,,,,,1,5105.04
594605,07:06:00,07:06:00,153926,,12,,,,,,1,5390.93
594605,07:06:00,07:06:00,153938,,13,,,,,,1,5729.84
594605,07:07:00,07:07:00,153944,,14,,,,,,1,6302.28
594605,07:08:00,07:08:00,153949,,15,,,,,,1,6838.39
594605,07:09:00,07:09:00,153936,,16,,,,,,1,7190.31
594605,07:10:00,07:10:00,153950,,17,,,,,,1,7542.63
594605,07:11:00,07:11:00,153947,,18,,,,,,1,7998.34
594605,07:12:00,07:12:00,153941,,19,,,,,,1,8460.56
594605,07:15:00,07:15:00,154033,,20,,,,,,1,9168.65
594605,07:16:00,07:16:00,154035,,21,,,,,,1,9606.98
594605,07:17:00,07:17:00,154031,,22,,,,,,1,9953.17
594605,07:18:00,07:18:00,153980,,23,,,,,,1,10517.08
594605,07:22:00,07:22:00,154105,,24,,,,,,1,11986.37
594606,07:53:00,07:53:00,154186,,1,,,,,,1,0
594606,07:54:00,07:54:00,154083,,2,,,,,,1,532.91
594606,07:55:00,07:55:00,154084,,3,,,,,,1,860.87
594606,07:56:00,07:56:00,154081,,4,,,,,,1,1841.96
594606,07:56:00,07:56:00,154080,,5,,,,,,1,2217.57
594606,07:57:00,07:57:00,154082,,6,,,,,,1,2665.64
594606,07:59:00,07:59:00,153977,,7,,,,,,1,3672.64
594606,08:00:00,08:00:00,153974,,8,,,,,,1,3967.95
594606,08:03:00,08:03:00,153975,,9,,,,,,1,4265.93
594606,08:04:00,08:04:00,153972,,10,,,,,,1,4825.45
594606,08:04:00,08:04:00,154051,,11,,,,,,1,5105.04
594606,08:06:00,08:06:00,153926,,12,,,,,,1,5390.93
594606,08:06:00,08:06:00,153938,,13,,,,,,1,5729.84
594606,08:07:00,08:07:00,153944,,14,,,,,,1,6302.28
594606,08:08:00,08:08:00,153949,,15,,,,,,1,6838.39
594606,08:09:00,08:09:00,153936,,16,,,,,,1,7190.31
594606,08:10:00,08:10:00,153950,,17,,,,,,1,7542.63
594606,08:11:00,08:11:00,153947,,18,,,,,,1,7998.34
594606,08:12:00,08:12:00,153941,,19,,,,,,1,8460.56
594606,08:15:00,08:15:00,154033,,20,,,,,,1,9168.65
594606,08:16:00,08:16:00,154035,,21,,,,,,1,9606.98
594606,08:17:00,08:17:00,154031,,22,,,,,,1,9953.17
594606,08:18:00,08:18:00,153980,,23,,,,,,1,10517.08
594606,08:22:00,08:22:00,154105,,24,,,,,,1,11986.37
594607,08:53:00,08:53:00,154186,,1,,,,,,1,0
594607,08:54:00,08:54:00,154083,,2,,,,,,1,532.91
594607,08:55:00,08:55:00,154084,,3,,,,,,1,860.87
594607,08:56:00,08:56:00,154081,,4,,,,,,1,1841.96
594607,08:56:00,08:56:00,154080,,5,,,,,,1,2217.57
594607,08:57:00,08:57:00,154082,,6,,,,,,1,2665.64
594607,08:59:00,08:59:00,153977,,7,,,,,,1,3672.64
594607,09:00:00,09:00:00,153974,,8,,,,,,1,3967.95
594607,09:03:00,09:03:00,153975,,9,,,,,,1,4265.93
594607,09:04:00,09:04:00,153972,,10,,,,,,1,4825.45
594607,09:04:00,09:04:00,154051,,11,,,,,,1,5105.04
594607,09:06:00,09:06:00,153926,,12,,,,,,1,5390.93
594607,09:06:00,09:06:00,153938,,13,,,,,,1,5729.84
594607,09:07:00,09:07:00,153944,,14,,,,,,1,6302.28
594607,09:08:00,09:08:00,153949,,15,,,,,,1,6838.39
594607,09:09:00,09:09:00,153936,,16,,,,,,1,7190.31
594607,09:10:00,09:10:00,153950,,17,,,,,,1,7542.63
594607,09:11:00,09:11:00,153947,,18,,,,,,1,7998.34
594607,09:12:00,09:12:00,153941,,19,,,,,,1,8460.56
594607,09:15:00,09:15:00,154033,,20,,,,,,1,9168.65
594607,09:16:00,09:16:00,154035,,21,,,,,,1,9606.98
594607,09:17:00,09:17:00,154031,,22,,,,,,1,9953.17
594607,09:18:00,09:18:00,153980,,23,,,,,,1,10517.08
594607,09:22:00,09:22:00,154105,,24,,,,,,1,11986.37
594608,09:53:00,09:53:00,154186,,1,,,,,,1,0
594608,09:54:00,09:54:00,154083,,2,,,,,,1,532.91
594608,09:55:00,09:55:00,154084,,3,,,,,,1,860.87
594608,09:56:00,09:56:00,154081,,4,,,,,,1,1841.96
594608,09:56:00,09:56:00,154080,,5,,,,,,1,2217.57
594608,09:57:00,09:57:00,154082,,6,,,,,,1,2665.64
594608,09:59:00,09:59:00,153977,,7,,,,,,1,3672.64
594608,10:00:00,10:00:00,153974,,8,,,,,,1,3967.95
594608,10:03:00,10:03:00,153975,,9,,,,,,1,4265.93
594608,10:04:00,10:04:00,153972,,10,,,,,,1,4825.45
594608,10:04:00,10:04:00,154051,,11,,,,,,1,5105.04
594608,10:06:00,10:06:00,153926,,12,,,,,,1,5390.93
594608,10:06:00,10:06:00,153938,,13,,,,,,1,5729.84
594608,10:07:00,10:07:00,153944,,14,,,,,,1,6302.28
594608,10:08:00,10:08:00,153949,,15,,,,,,1,6838.39
594608,10:09:00,10:09:00,153936,,16,,,,,,1,7190.31
594608,10:10:00,10:10:00,153950,,17,,,,,,1,7542.63
594608,10:11:00,10:11:00,153947,,18,,,,,,1,7998.34
594608,10:12:00,10:12:00,153941,,19,,,,,,1,8460.56
594608,10:15:00,10:15:00,154033,,20,,,,,,1,9168.65
594608,10:16:00,10:16:00,154035,,21,,,,,,1,9606.98
594608,10:17:00,10:17:00,154031,,22,,,,,,1,9953.17
594608,10:18:00,10:18:00,153980,,23,,,,,,1,10517.08
594608,10:22:00,10:22:00,154105,,24,,,,,,1,11986.37
594609,10:53:00,10:53:00,154186,,1,,,,,,1,0
594609,10:54:00,10:54:00,154083,,2,,,,,,1,532.91
594609,10:55:00,10:55:00,154084,,3,,,,,,1,860.87
594609,10:56:00,10:56:00,154081,,4,,,,,,1,1841.96
594609,10:56:00,10:56:00,154080,,5,,,,,,1,2217.57
594609,10:57:00,10:57:00,154082,,6,,,,,,1,2665.64
594609,10:59:00,10:59:00,153977,,7,,,,,,1,3672.64
594609,11:00:00,11:00:00,153974,,8,,,,,,1,3967.95
594609,11:03:00,11:03:00,153975,,9,,,,,,1,4265.93
594609,11:04:00,11:04:00,153972,,10,,,,,,1,4825.45
594609,11:04:00,11:04:00,154051,,11,,,,,,1,5105.04
594609,11:06:00,11:06:00,153926,,12,,,,,,1,5390.93
594609,11:06:00,11:06:00,153938,,13,,,,,,1,5729.84
594609,11:07:00,11:07:00,153944,,14,,,,,,1,6302.28
594609,11:08:00,11:08:00,153949,,15,,,,,,1,6838.39
594609,11:09:00,11:09:00,153936,,16,,,,,,1,7190.31
594609,11:10:00,11:10:00,153950,,17,,,,,,1,7542.63
594609,11:11:00,11:11:00,153947,,18,,,,,,1,7998.34
594609,11:12:00,11:12:00,153941,,19,,,,,,1,8460.56
594609,11:15:00,11:15:00,154033,,20,,,,,,1,9168.65
594609,11:16:00,11:16:00,154035,,21,,,,,,1,9606.98
594609,11:17:00,11:17:00,154031,,22,,,,,,1,9953.17
594609,11:18:00,11:18:00,153980,,23,,,,,,1,10517.08
594609,11:22:00,11:22:00,154105,,24,,,,,,1,11986.37
594610,11:53:00,11:53:00,154186,,1,,,,,,1,0
594610,11:54:00,11:54:00,154083,,2,,,,,,1,532.91
594610,11:55:00,11:55:00,154084,,3,,,,,,1,860.87
594610,11:56:00,11:56:00,154081,,4,,,,,,1,1841.96
594610,11:56:00,11:56:00,154080,,5,,,,,,1,2217.57
594610,11:57:00,11:57:00,154082,,6,,,,,,1,2665.64
594610,11:59:00,11:59:00,153977,,7,,,,,,1,3672.64
594610,12:00:00,12:00:00,153974,,8,,,,,,1,3967.95
594610,12:03:00,12:03:00,153975,,9,,,,,,1,4265.93
594610,12:04:00,12:04:00,153972,,10,,,,,,1,4825.45
594610,12:04:00,12:04:00,154051,,11,,,,,,1,5105.04
594610,12:06:00,12:06:00,153926,,12,,,,,,1,5390.93
594610,12:06:00,12:06:00,153938,,13,,,,,,1,5729.84
594610,12:07:00,12:07:00,153944,,14,,,,,,1,6302.28
594610,12:08:00,12:08:00,153949,,15,,,,,,1,6838.39
594610,12:09:00,12:09:00,153936,,16,,,,,,1,7190.31
594610,12:10:00,12:10:00,153950,,17,,,,,,1,7542.63
594610,12:11:00,12:11:00,153947,,18,,,,,,1,7998.34
594610,12:12:00,12:12:00,153941,,19,,,,,,1,8460.56
594610,12:15:00,12:15:00,154033,,20,,,,,,1,9168.65
594610,12:16:00,12:16:00,154035,,21,,,,,,1,9606.98
594610,12:17:00,12:17:00,154031,,22,,,,,,1,9953.17
594610,12:18:00,12:18:00,153980,,23,,,,,,1,10517.08
594610,12:22:00,12:22:00,154105,,24,,,,,,1,11986.37
594611,12:58:00,12:58:00,154186,,1,,,,,,1,0
594611,12:59:00,12:59:00,154083,,2,,,,,,1,532.91
594611,13:01:00,13:01:00,154084,,3,,,,,,1,860.87
594611,13:02:00,13:02:00,154081,,4,,,,,,1,1841.96
594611,13:03:00,13:03:00,154080,,5,,,,,,1,2217.57
594611,13:04:00,13:04:00,154082,,6,,,,,,1,2665.64
594611,13:06:00,13:06:00,153977,,7,,,,,,1,3672.64
594611,13:07:00,13:07:00,153974,,8,,,,,,1,3967.95
594611,13:10:00,13:10:00,153975,,9,,,,,,1,4265.93
594611,13:11:00,13:11:00,153972,,10,,,,,,1,4825.45
594611,13:11:00,13:11:00,154051,,11,,,,,,1,5105.04
594611,13:13:00,13:13:00,153926,,12,,,,,,1,5390.93
594611,13:13:00,13:13:00,153938,,13,,,,,,1,5729.84
594611,13:14:00,13:14:00,153944,,14,,,,,,1,6302.28
594611,13:15:00,13:15:00,153949,,15,,,,,,1,6838.39
594611,13:16:00,13:16:00,153936,,16,,,,,,1,7190.31
594611,13:17:00,13:17:00,153950,,17,,,,,,1,7542.63
594611,13:19:00,13:19:00,153947,,18,,,,,,1,7998.34
594611,13:20:00,13:20:00,153941,,19,,,,,,1,8460.56
594611,13:24:00,13:24:00,154033,,20,,,,,,1,9168.65
594611,13:25:00,13:25:00,154035,,21,,,,,,1,9606.98
594611,13:26:00,13:26:00,154031,,22,,,,,,1,9953.17
594611,13:28:00,13:28:00,153980,,23,,,,,,1,10517.08
594611,13:34:00,13:34:00,154105,,24,,,,,,1,11986.37
594612,14:13:00,14:13:00,154186,,1,,,,,,1,0
594612,14:14:00,14:14:00,154083,,2,,,,,,1,532.91
594612,14:16:00,14:16:00,154084,,3,,,,,,1,860.87
594612,14:17:00,14:17:00,154081,,4,,,,,,1,1841.96
594612,14:18:00,14:18:00,154080,,5,,,,,,1,2217.57
594612,14:19:00,14:19:00,154082,,6,,,,,,1,2665.64
594612,14:21:00,14:21:00,153977,,7,,,,,,1,3672.64
594612,14:22:00,14:22:00,153974,,8,,,,,,1,3967.95
594612,14:25:00,14:25:00,153975,,9,,,,,,1,4265.93
594612,14:26:00,14:26:00,153972,,10,,,,,,1,4825.45
594612,14:26:00,14:26:00,154051,,11,,,,,,1,5105.04
594612,14:28:00,14:28:00,153926,,12,,,,,,1,5390.93
594612,14:28:00,14:28:00,153938,,13,,,,,,1,5729.84
594612,14:29:00,14:29:00,153944,,14,,,,,,1,6302.28
594612,14:30:00,14:30:00,153949,,15,,,,,,1,6838.39
594612,14:31:00,14:31:00,153936,,16,,,,,,1,7190.31
594612,14:32:00,14:32:00,153950,,17,,,,,,1,7542.63
594612,14:34:00,14:34:00,153947,,18,,,,,,1,7998.34
594612,14:35:00,14:35:00,153941,,19,,,,,,1,8460.56
594612,14:39:00,14:39:00,154033,,20,,,,,,1,9168.65
594612,14:40:00,14:40:00,154035,,21,,,,,,1,9606.98
594612,14:41:00,14:41:00,154031,,22,,,,,,1,9953.17
594612,14:43:00,14:43:00,153980,,23,,,,,,1,10517.08
594612,14:49:00,14:49:00,154105,,24,,,,,,1,11986.37
594613,15:28:00,15:28:00,154186,,1,,,,,,1,0
594613,15:29:00,15:29:00,154083,,2,,,,,,1,532.91
594613,15:31:00,15:31:00,154084,,3,,,,,,1,860.87
594613,15:32:00,15:32:00,154081,,4,,,,,,1,1841.96
594613,15:33:00,15:33:00,154080,,5,,,,,,1,2217.57
594613,15:34:00,15:34:00,154082,,6,,,,,,1,2665.64
594613,15:36:00,15:36:00,153977,,7,,,,,,1,3672.64
594613,15:37:00,15:37:00,153974,,8,,,,,,1,3967.95
594613,15:40:00,15:40:00,153975,,9,,,,,,1,4265.93
594613,15:41:00,15:41:00,153972,,10,,,,,,1,4825.45
594613,15:41:00,15:41:00,154051,,11,,,,,,1,5105.04
594613,15:43:00,15:43:00,153926,,12,,,,,,1,5390.93
594613,15:43:00,15:43:00,153938,,13,,,,,,1,5729.84
594613,15:44:00,15:44:00,153944,,14,,,,,,1,6302.28
594613,15:45:00,15:45:00,153949,,15,,,,,,1,6838.39
594613,15:46:00,15:46:00,153936,,16,,,,,,1,7190.31
594613,15:47:00,15:47:00,153950,,17,,,,,,1,7542.63
594613,15:49:00,15:49:00,153947,,18,,,,,,1,7998.34
594613,15:50:00,15:50:00,153941,,19,,,,,,1,8460.56
594613,15:54:00,15:54:00,154033,,20,,,,,,1,9168.65
594613,15:55:00,15:55:00,154035,,21,,,,,,1,9606.98
594613,15:56:00,15:56:00,154031,,22,,,,,,1,9953.17
594613,15:58:00,15:58:00,153980,,23,,,,,,1,10517.08
594613,16:04:00,16:04:00,154105,,24,,,,,,1,11986.37
594614,16:43:00,16:43:00,154186,,1,,,,,,1,0
594614,16:44:00,16:44:00,154083,,2,,,,,,1,532.91
594614,16:46:00,16:46:00,154084,,3,,,,,,1,860.87
594614,16:47:00,16:47:00,154081,,4,,,,,,1,1841.96
594614,16:48:00,16:48:00,154080,,5,,,,,,1,2217.57
594614,16:49:00,16:49:00,154082,,6,,,,,,1,2665.64
594614,16:51:00,16:51:00,153977,,7,,,,,,1,3672.64
594614,16:52:00,16:52:00,153974,,8,,,,,,1,3967.95
594614,16:55:00,16:55:00,153975,,9,,,,,,1,4265.93
594614,16:56:00,16:56:00,153972,,10,,,,,,1,4825.45
594614,16:56:00,16:56:00,154051,,11,,,,,,1,5105.04
594614,16:58:00,16:58:00,153926,,12,,,,,,1,5390.93
594614,16:58:00,16:58:00,153938,,13,,,,,,1,5729.84
594614,16:59:00,16:59:00,153944,,14,,,,,,1,6302.28
594614,17:00:00,17:00:00,153949,,15,,,,,,1,6838.39
594614,17:01:00,17:01:00,153936,,16,,,,,,1,7190.31
594614,17:02:00,17:02:00,153950,,17,,,,,,1,7542.63
594614,17:04:00,17:04:00,153947,,18,,,,,,1,7998.34
594614,17:05:00,17:05:00,153941,,19,,,,,,1,8460.56
594614,17:09:00,17:09:00,154033,,20,,,,,,1,9168.65
594614,17:10:00,17:10:00,154035,,21,,,,,,1,9606.98
594614,17:11:00,17:11:00,154031,,22,,,,,,1,9953.17
594614,17:13:00,17:13:00,153980,,23,,,,,,1,10517.08
594614,17:19:00,17:19:00,154105,,24,,,,,,1,11986.37
594615,17:53:00,17:53:00,154186,,1,,,,,,1,0
594615,17:54:00,17:54:00,154083,,2,,,,,,1,532.91
594615,17:55:00,17:55:00,154084,,3,,,,,,1,860.87
594615,17:56:00,17:56:00,154081,,4,,,,,,1,1841.96
594615,17:56:00,17:56:00,154080,,5,,,,,,1,2217.57
594615,17:57:00,17:57:00,154082,,6,,,,,,1,2665.64
594615,17:59:00,17:59:00,153977,,7,,,,,,1,3672.64
594615,18:00:00,18:00:00,153974,,8,,,,,,1,3967.95
594615,18:03:00,18:03:00,153975,,9,,,,,,1,4265.93
594615,18:04:00,18:04:00,153972,,10,,,,,,1,4825.45
594615,18:04:00,18:04:00,154051,,11,,,,,,1,5105.04
594615,18:06:00,18:06:00,153926,,12,,,,,,1,5390.93
594615,18:06:00,18:06:00,153938,,13,,,,,,1,5729.84
594615,18:07:00,18:07:00,153944,,14,,,,,,1,6302.28
594615,18:08:00,18:08:00,153949,,15,,,,,,1,6838.39
594615,18:09:00,18:09:00,153936,,16,,,,,,1,7190.31
594615,18:10:00,18:10:00,153950,,17,,,,,,1,7542.63
594615,18:11:00,18:11:00,153947,,18,,,,,,1,7998.34
594615,18:12:00,18:12:00,153941,,19,,,,,,1,8460.56
594615,18:15:00,18:15:00,154033,,20,,,,,,1,9168.65
594615,18:16:00,18:16:00,154035,,21,,,,,,1,9606.98
594615,18:17:00,18:17:00,154031,,22,,,,,,1,9953.17
594615,18:18:00,18:18:00,153980,,23,,,,,,1,10517.08
594615,18:22:00,18:22:00,154105,,24,,,,,,1,11986.37
594616,18:53:00,18:53:00,154186,,1,,,,,,1,0
594616,18:54:00,18:54:00,154083,,2,,,,,,1,532.91
594616,18:55:00,18:55:00,154084,,3,,,,,,1,860.87
594616,18:56:00,18:56:00,154081,,4,,,,,,1,1841.96
594616,18:56:00,18:56:00,154080,,5,,,,,,1,2217.57
594616,18:57:00,18:57:00,154082,,6,,,,,,1,2665.64
594616,18:59:00,18:59:00,153977,,7,,,,,,1,3672.64
594616,19:00:00,19:00:00,153974,,8,,,,,,1,3967.95
594616,19:03:00,19:03:00,153975,,9,,,,,,1,4265.93
594616,19:04:00,19:04:00,153972,,10,,,,,,1,4825.45
594616,19:04:00,19:04:00,154051,,11,,,,,,1,5105.04
594616,19:06:00,19:06:00,153926,,12,,,,,,1,5390.93
594616,19:06:00,19:06:00,153938,,13,,,,,,1,5729.84
594616,19:07:00,19:07:00,153944,,14,,,,,,1,6302.28
594616,19:08:00,19:08:00,153949,,15,,,,,,1,6838.39
594616,19:09:00,19:09:00,153936,,16,,,,,,1,7190.31
594616,19:10:00,19:10:00,153950,,17,,,,,,1,7542.63
594616,19:11:00,19:11:00,153947,,18,,,,,,1,7998.34
594616,19:12:00,19:12:00,153941,,19,,,,,,1,8460.56
594616,19:15:00,19:15:00,154033,,20,,,,,,1,9168.65
594616,19:16:00,19:16:00,154035,,21,,,,,,1,9606.98
594616,19:17:00,19:17:00,154031,,22,,,,,,1,9953.17
594616,19:18:00,19:18:00,153980,,23,,,,,,1,10517.08
594616,19:22:00,19:22:00,154105,,24,,,,,,1,11986.37
594617,19:53:00,19:53:00,154186,,1,,,,,,1,0
594617,19:54:00,19:54:00,154083,,2,,,,,,1,532.91
594617,19:55:00,19:55:00,154084,,3,,,,,,1,860.87
594617,19:56:00,19:56:00,154081,,4,,,,,,1,1841.96
594617,19:56:00,19:56:00,154080,,5,,,,,,1,2217.57
594617,19:57:00,19:57:00,154082,,6,,,,,,1,2665.64
594617,19:59:00,19:59:00,153977,,7,,,,,,1,3672.64
594617,20:00:00,20:00:00,153974,,8,,,,,,1,3967.95
594617,20:03:00,20:03:00,153975,,9,,,,,,1,4265.93
594617,20:04:00,20:04:00,153972,,10,,,,,,1,4825.45
594617,20:04:00,20:04:00,154051,,11,,,,,,1,5105.04
594617,20:06:00,20:06:00,153926,,12,,,,,,1,5390.93
594617,20:06:00,20:06:00,153938,,13,,,,,,1,5729.84
594617,20:07:00,20:07:00,153944,,14,,,,,,1,6302.28
594617,20:08:00,20:08:00,153949,,15,,,,,,1,6838.39
594617,20:09:00,20:09:00,153936,,16,,,,,,1,7190.31
594617,20:10:00,20:10:00,153950,,17,,,,,,1,7542.63
594617,20:11:00,20:11:00,153947,,18,,,,,,1,7998.34
594617,20:12:00,20:12:00,153941,,19,,,,,,1,8460.56
594617,20:15:00,20:15:00,154033,,20,,,,,,1,9168.65
594617,20:16:00,20:16:00,154035,,21,,,,,,1,9606.98
594617,20:17:00,20:17:00,154031,,22,,,,,,1,9953.17
594617,20:18:00,20:18:00,153980,,23,,,,,,1,10517.08
594617,20:22:00,20:22:00,154105,,24,,,,,,1,11986.37
594621,08:53:00,08:53:00,154186,,1,,,,,,1,0
594621,08:54:00,08:54:00,154083,,2,,,,,,1,532.91
594621,08:55:00,08:55:00,154084,,3,,,,,,1,860.87
594621,08:56:00,08:56:00,154081,,4,,,,,,1,1841.96
594621,08:56:00,08:56:00,154080,,5,,,,,,1,2217.57
594621,08:57:00,08:57:00,154082,,6,,,,,,1,2665.64
594621,08:59:00,08:59:00,153977,,7,,,,,,1,3672.64
594621,09:00:00,09:00:00,153974,,8,,,,,,1,3967.95
594621,09:03:00,09:03:00,153975,,9,,,,,,1,4265.93
594621,09:04:00,09:04:00,153972,,10,,,,,,1,4825.45
594621,09:04:00,09:04:00,154051,,11,,,,,,1,5105.04
594621,09:06:00,09:06:00,153926,,12,,,,,,1,5390.93
594621,09:06:00,09:06:00,153938,,13,,,,,,1,5729.84
594621,09:07:00,09:07:00,153944,,14,,,,,,1,6302.28
594621,09:08:00,09:08:00,153949,,15,,,,,,1,6838.39
594621,09:09:00,09:09:00,153936,,16,,,,,,1,7190.31
594621,09:10:00,09:10:00,153950,,17,,,,,,1,7542.63
594621,09:11:00,09:11:00,153947,,18,,,,,,1,7998.34
594621,09:12:00,09:12:00,153941,,19,,,,,,1,8460.56
594621,09:15:00,09:15:00,154033,,20,,,,,,1,9168.65
594621,09:16:00,09:16:00,154035,,21,,,,,,1,9606.98
594621,09:17:00,09:17:00,154031,,22,,,,,,1,9953.17
594621,09:18:00,09:18:00,153980,,23,,,,,,1,10517.08
594621,09:22:00,09:22:00,154105,,24,,,,,,1,11986.37
594622,09:53:00,09:53:00,154186,,1,,,,,,1,0
594622,09:54:00,09:54:00,154083,,2,,,,,,1,532.91
594622,09:55:00,09:55:00,154084,,3,,,,,,1,860.87
594622,09:56:00,09:56:00,154081,,4,,,,,,1,1841.96
594622,09:56:00,09:56:00,154080,,5,,,,,,1,2217.57
594622,09:57:00,09:57:00,154082,,6,,,,,,1,2665.64
594622,09:59:00,09:59:00,153977,,7,,,,,,1,3672.64
594622,10:00:00,10:00:00,153974,,8,,,,,,1,3967.95
594622,10:03:00,10:03:00,153975,,9,,,,,,1,4265.93
594622,10:04:00,10:04:00,153972,,10,,,,,,1,4825.45
594622,10:04:00,10:04:00,154051,,11,,,,,,1,5105.04
594622,10:06:00,10:06:00,153926,,12,,,,,,1,5390.93
594622,10:06:00,10:06:00,153938,,13,,,,,,1,5729.84
594622,10:07:00,10:07:00,153944,,14,,,,,,1,6302.28
594622,10:08:00,10:08:00,153949,,15,,,,,,1,6838.39
594622,10:09:00,10:09:00,153936,,16,,,,,,1,7190.31
594622,10:10:00,10:10:00,153950,,17,,,,,,1,7542.63
594622,10:11:00,10:11:00,153947,,18,,,,,,1,7998.34
594622,10:12:00,10:12:00,153941,,19,,,,,,1,8460.56
594622,10:15:00,10:15:00,154033,,20,,,,,,1,9168.65
594622,10:16:00,10:16:00,154035,,21,,,,,,1,9606.98
594622,10:17:00,10:17:00,154031,,22,,,,,,1,9953.17
594622,10:18:00,10:18:00,153980,,23,,,,,,1,10517.08
594622,10:22:00,10:22:00,154105,,24,,,,,,1,11986.37
594623,10:53:00,10:53:00,154186,,1,,,,,,1,0
594623,10:54:00,10:54:00,154083,,2,,,,,,1,532.91
594623,10:55:00,10:55:00,154084,,3,,,,,,1,860.87
594623,10:56:00,10:56:00,154081,,4,,,,,,1,1841.96
594623,10:56:00,10:56:00,154080,,5,,,,,,1,2217.57
594623,10:57:00,10:57:00,154082,,6,,,,,,1,2665.64
594623,10:59:00,10:59:00,153977,,7,,,,,,1,3672.64
594623,11:00:00,11:00:00,153974,,8,,,,,,1,3967.95
594623,11:03:00,11:03:00,153975,,9,,,,,,1,4265.93
594623,11:04:00,11:04:00,153972,,10,,,,,,1,4825.45
594623,11:04:00,11:04:00,154051,,11,,,,,,1,5105.04
594623,11:06:00,11:06:00,153926,,12,,,,,,1,5390.93
594623,11:06:00,11:06:00,153938,,13,,,,,,1,5729.84
594623,11:07:00,11:07:00,153944,,14,,,,,,1,6302.28
594623,11:08:00,11:08:00,153949,,15,,,,,,1,6838.39
594623,11:09:00,11:09:00,153936,,16,,,,,,1,7190.31
594623,11:10:00,11:10:00,153950,,17,,,,,,1,7542.63
594623,11:11:00,11:11:00,153947,,18,,,,,,1,7998.34
594623,11:12:00,11:12:00,153941,,19,,,,,,1,8460.56
594623,11:15:00,11:15:00,154033,,20,,,,,,1,9168.65
594623,11:16:00,11:16:00,154035,,21,,,,,,1,9606.98
594623,11:17:00,11:17:00,154031,,22,,,,,,1,9953.17
594623,11:18:00,11:18:00,153980,,23,,,,,,1,10517.08
594623,11:22:00,11:22:00,154105,,24,,,,,,1,11986.37
594624,11:53:00,11:53:00,154186,,1,,,,,,1,0
594624,11:54:00,11:54:00,154083,,2,,,,,,1,532.91
594624,11:55:00,11:55:00,154084,,3,,,,,,1,860.87
594624,11:56:00,11:56:00,154081,,4,,,,,,1,1841.96
594624,11:56:00,11:56:00,154080,,5,,,,,,1,2217.57
594624,11:57:00,11:57:00,154082,,6,,,,,,1,2665.64
594624,11:59:00,11:59:00,153977,,7,,,,,,1,3672.64
594624,12:00:00,12:00:00,153974,,8,,,,,,1,3967.95
594624,12:03:00,12:03:00,153975,,9,,,,,,1,4265.93
594624,12:04:00,12:04:00,153972,,10,,,,,,1,4825.45
594624,12:04:00,12:04:00,154051,,11,,,,,,1,5105.04
594624,12:06:00,12:06:00,153926,,12,,,,,,1,5390.93
594624,12:06:00,12:06:00,153938,,13,,,,,,1,5729.84
594624,12:07:00,12:07:00,153944,,14,,,,,,1,6302.28
594624,12:08:00,12:08:00,153949,,15,,,,,,1,6838.39
594624,12:09:00,12:09:00,153936,,16,,,,,,1,7190.31
594624,12:10:00,12:10:00,153950,,17,,,,,,1,7542.63
594624,12:11:00,12:11:00,153947,,18,,,,,,1,7998.34
594624,12:12:00,12:12:00,153941,,19,,,,,,1,8460.56
594624,12:15:00,12:15:00,154033,,20,,,,,,1,9168.65
594624,12:16:00,12:16:00,154035,,21,,,,,,1,9606.98
594624,12:17:00,12:17:00,154031,,22,,,,,,1,9953.17
594624,12:18:00,12:18:00,153980,,23,,,,,,1,10517.08
594624,12:22:00,12:22:00,154105,,24,,,,,,1,11986.37
594625,12:58:00,12:58:00,154186,,1,,,,,,1,0
594625,12:59:00,12:59:00,154083,,2,,,,,,1,532.91
594625,13:01:00,13:01:00,154084,,3,,,,,,1,860.87
594625,13:02:00,13:02:00,154081,,4,,,,,,1,1841.96
594625,13:03:00,13:03:00,154080,,5,,,,,,1,2217.57
594625,13:04:00,13:04:00,154082,,6,,,,,,1,2665.64
594625,13:06:00,13:06:00,153977,,7,,,,,,1,3672.64
594625,13:07:00,13:07:00,153974,,8,,,,,,1,3967.95
594625,13:10:00,13:10:00,153975,,9,,,,,,1,4265.93
594625,13:11:00,13:11:00,153972,,10,,,,,,1,4825.45
594625,13:11:00,13:11:00,154051,,11,,,,,,1,5105.04
594625,13:13:00,13:13:00,153926,,12,,,,,,1,5390.93
594625,13:13:00,13:13:00,153938,,13,,,,,,1,5729.84
594625,13:14:00,13:14:00,153944,,14,,,,,,1,6302.28
594625,13:15:00,13:15:00,153949,,15,,,,,,1,6838.39
594625,13:16:00,13:16:00,153936,,16,,,,,,1,7190.31
594625,13:17:00,13:17:00,153950,,17,,,,,,1,7542.63
594625,13:19:00,13:19:00,153947,,18,,,,,,1,7998.34
594625,13:20:00,13:20:00,153941,,19,,,,,,1,8460.56
594625,13:24:00,13:24:00,154033,,20,,,,,,1,9168.65
594625,13:25:00,13:25:00,154035,,21,,,,,,1,9606.98
594625,13:26:00,13:26:00,154031,,22,,,,,,1,9953.17
594625,13:28:00,13:28:00,153980,,23,,,,,,1,10517.08
594625,13:34:00,13:34:00,154105,,24,,,,,,1,11986.37
594626,14:13:00,14:13:00,154186,,1,,,,,,1,0
594626,14:14:00,14:14:00,154083,,2,,,,,,1,532.91
594626,14:16:00,14:16:00,154084,,3,,,,,,1,860.87
594626,14:17:00,14:17:00,154081,,4,,,,,,1,1841.96
594626,14:18:00,14:18:00,154080,,5,,,,,,1,2217.57
594626,14:19:00,14:19:00,154082,,6,,,,,,1,2665.64
594626,14:21:00,14:21:00,153977,,7,,,,,,1,3672.64
594626,14:22:00,14:22:00,153974,,8,,,,,,1,3967.95
594626,14:25:00,14:25:00,153975,,9,,,,,,1,4265.93
594626,14:26:00,14:26:00,153972,,10,,,,,,1,4825.45
594626,14:26:00,14:26:00,154051,,11,,,,,,1,5105.04
594626,14:28:00,14:28:00,153926,,12,,,,,,1,5390.93
594626,14:28:00,14:28:00,153938,,13,,,,,,1,5729.84
594626,14:29:00,14:29:00,153944,,14,,,,,,1,6302.28
594626,14:30:00,14:30:00,153949,,15,,,,,,1,6838.39
594626,14:31:00,14:31:00,153936,,16,,,,,,1,7190.31
594626,14:32:00,14:32:00,153950,,17,,,,,,1,7542.63
594626,14:34:00,14:34:00,153947,,18,,,,,,1,7998.34
594626,14:35:00,14:35:00,153941,,19,,,,,,1,8460.56
594626,14:39:00,14:39:00,154033,,20,,,,,,1,9168.65
594626,14:40:00,14:40:00,154035,,21,,,,,,1,9606.98
594626,14:41:00,14:41:00,154031,,22,,,,,,1,9953.17
594626,14:43:00,14:43:00,153980,,23,,,,,,1,10517.08
594626,14:49:00,14:49:00,154105,,24,,,,,,1,11986.37
594627,15:28:00,15:28:00,154186,,1,,,,,,1,0
594627,15:29:00,15:29:00,154083,,2,,,,,,1,532.91
594627,15:31:00,15:31:00,154084,,3,,,,,,1,860.87
594627,15:32:00,15:32:00,154081,,4,,,,,,1,1841.96
594627,15:33:00,15:33:00,154080,,5,,,,,,1,2217.57
594627,15:34:00,15:34:00,154082,,6,,,,,,1,2665.64
594627,15:36:00,15:36:00,153977,,7,,,,,,1,3672.64
594627,15:37:00,15:37:00,153974,,8,,,,,,1,3967.95
594627,15:40:00,15:40:00,153975,,9,,,,,,1,4265.93
594627,15:41:00,15:41:00,153972,,10,,,,,,1,4825.45
594627,15:41:00,15:41:00,154051,,11,,,,,,1,5105.04
594627,15:43:00,15:43:00,153926,,12,,,,,,1,5390.93
594627,15:43:00,15:43:00,153938,,13,,,,,,1,5729.84
594627,15:44:00,15:44:00,153944,,14,,,,,,1,6302.28
594627,15:45:00,15:45:00,153949,,15,,,,,,1,6838.39
594627,15:46:00,15:46:00,153936,,16,,,,,,1,7190.31
594627,15:47:00,15:47:00,153950,,17,,,,,,1,7542.63
594627,15:49:00,15:49:00,153947,,18,,,,,,1,7998.34
594627,15:50:00,15:50:00,153941,,19,,,,,,1,8460.56
594627,15:54:00,15:54:00,154033,,20,,,,,,1,9168.65
594627,15:55:00,15:55:00,154035,,21,,,,,,1,9606.98
594627,15:56:00,15:56:00,154031,,22,,,,,,1,9953.17
594627,15:58:00,15:58:00,153980,,23,,,,,,1,10517.08
594627,16:04:00,16:04:00,154105,,24,,,,,,1,11986.37
594628,16:43:00,16:43:00,154186,,1,,,,,,1,0
594628,16:44:00,16:44:00,154083,,2,,,,,,1,532.91
594628,16:46:00,16:46:00,154084,,3,,,,,,1,860.87
594628,16:47:00,16:47:00,154081,,4,,,,,,1,1841.96
594628,16:48:00,16:48:00,154080,,5,,,,,,1,2217.57
594628,16:49:00,16:49:00,154082,,6,,,,,,1,2665.64
594628,16:51:00,16:51:00,153977,,7,,,,,,1,3672.64
594628,16:52:00,16:52:00,153974,,8,,,,,,1,3967.95
594628,16:55:00,16:55:00,153975,,9,,,,,,1,4265.93
594628,16:56:00,16:56:00,153972,,10,,,,,,1,4825.45
594628,16:56:00,16:56:00,154051,,11,,,,,,1,5105.04
594628,16:58:00,16:58:00,153926,,12,,,,,,1,5390.93
594628,16:58:00,16:58:00,153938,,13,,,,,,1,5729.84
594628,16:59:00,16:59:00,153944,,14,,,,,,1,6302.28
594628,17:00:00,17:00:00,153949,,15,,,,,,1,6838.39
594628,17:01:00,17:01:00,153936,,16,,,,,,1,7190.31
594628,17:02:00,17:02:00,153950,,17,,,,,,1,7542.63
594628,17:04:00,17:04:00,153947,,18,,,,,,1,7998.34
594628,17:05:00,17:05:00,153941,,19,,,,,,1,8460.56
594628,17:09:00,17:09:00,154033,,20,,,,,,1,9168.65
594628,17:10:00,17:10:00,154035,,21,,,,,,1,9606.98
594628,17:11:00,17:11:00,154031,,22,,,,,,1,9953.17
594628,17:13:00,17:13:00,153980,,23,,,,,,1,10517.08
594628,17:19:00,17:19:00,154105,,24,,,,,,1,11986.37
594629,17:53:00,17:53:00,154186,,1,,,,,,1,0
594629,17:54:00,17:54:00,154083,,2,,,,,,1,532.91
594629,17:55:00,17:55:00,154084,,3,,,,,,1,860.87
594629,17:56:00,17:56:00,154081,,4,,,,,,1,1841.96
594629,17:56:00,17:56:00,154080,,5,,,,,,1,2217.57
594629,17:57:00,17:57:00,154082,,6,,,,,,1,2665.64
594629,17:59:00,17:59:00,153977,,7,,,,,,1,3672.64
594629,18:00:00,18:00:00,153974,,8,,,,,,1,3967.95
594629,18:03:00,18:03:00,153975,,9,,,,,,1,4265.93
594629,18:04:00,18:04:00,153972,,10,,,,,,1,4825.45
594629,18:04:00,18:04:00,154051,,11,,,,,,1,5105.04
594629,18:06:00,18:06:00,153926,,12,,,,,,1,5390.93
594629,18:06:00,18:06:00,153938,,13,,,,,,1,5729.84
594629,18:07:00,18:07:00,153944,,14,,,,,,1,6302.28
594629,18:08:00,18:08:00,153949,,15,,,,,,1,6838.39
594629,18:09:00,18:09:00,153936,,16,,,,,,1,7190.31
594629,18:10:00,18:10:00,153950,,17,,,,,,1,7542.63
594629,18:11:00,18:11:00,153947,,18,,,,,,1,7998.34
594629,18:12:00,18:12:00,153941,,19,,,,,,1,8460.56
594629,18:15:00,18:15:00,154033,,20,,,,,,1,9168.65
594629,18:16:00,18:16:00,154035,,21,,,,,,1,9606.98
594629,18:17:00,18:17:00,154031,,22,,,,,,1,9953.17
594629,18:18:00,18:18:00,153980,,23,,,,,,1,10517.08
594629,18:22:00,18:22:00,154105,,24,,,,,,1,11986.37
594630,18:53:00,18:53:00,154186,,1,,,,,,1,0
594630,18:54:00,18:54:00,154083,,2,,,,,,1,532.91
594630,18:55:00,18:55:00,154084,,3,,,,,,1,860.87
594630,18:56:00,18:56:00,154081,,4,,,,,,1,1841.96
594630,18:56:00,18:56:00,154080,,5,,,,,,1,2217.57
594630,18:57:00,18:57:00,154082,,6,,,,,,1,2665.64
594630,18:59:00,18:59:00,153977,,7,,,,,,1,3672.64
594630,19:00:00,19:00:00,153974,,8,,,,,,1,3967.95
594630,19:03:00,19:03:00,153975,,9,,,,,,1,4265.93
594630,19:04:00,19:04:00,153972,,10,,,,,,1,4825.45
594630,19:04:00,19:04:00,154051,,11,,,,,,1,5105.04
594630,19:06:00,19:06:00,153926,,12,,,,,,1,5390.93
594630,19:06:00,19:06:00,153938,,13,,,,,,1,5729.84
594630,19:07:00,19:07:00,153944,,14,,,,,,1,6302.28
594630,19:08:00,19:08:00,153949,,15,,,,,,1,6838.39
594630,19:09:00,19:09:00,153936,,16,,,,,,1,7190.31
594630,19:10:00,19:10:00,153950,,17,,,,,,1,7542.63
594630,19:11:00,19:11:00,153947,,18,,,,,,1,7998.34
594630,19:12:00,19:12:00,153941,,19,,,,,,1,8460.56
594630,19:15:00,19:15:00,154033,,20,,,,,,1,9168.65
594630,19:16:00,19:16:00,154035,,21,,,,,,1,9606.98
594630,19:17:00,19:17:00,154031,,22,,,,,,1,9953.17
594630,19:18:00,19:18:00,153980,,23,,,,,,1,10517.08
594630,19:22:00,19:22:00,154105,,24,,,,,,1,11986.37
594631,19:53:00,19:53:00,154186,,1,,,,,,1,0
594631,19:54:00,19:54:00,154083,,2,,,,,,1,532.91
594631,19:55:00,19:55:00,154084,,3,,,,,,1,860.87
594631,19:56:00,19:56:00,154081,,4,,,,,,1,1841.96
594631,19:56:00,19:56:00,154080,,5,,,,,,1,2217.57
594631,19:57:00,19:57:00,154082,,6,,,,,,1,2665.64
594631,19:59:00,19:59:00,153977,,7,,,,,,1,3672.64
594631,20:00:00,20:00:00,153974,,8,,,,,,1,3967.95
594631,20:03:00,20:03:00,153975,,9,,,,,,1,4265.93
594631,20:04:00,20:04:00,153972,,10,,,,,,1,4825.45
594631,20:04:00,20:04:00,154051,,11,,,,,,1,5105.04
594631,20:06:00,20:06:00,153926,,12,,,,,,1,5390.93
594631,20:06:00,20:06:00,153938,,13,,,,,,1,5729.84
594631,20:07:00,20:07:00,153944,,14,,,,,,1,6302.28
594631,20:08:00,20:08:00,153949,,15,,,,,,1,6838.39
594631,20:09:00,20:09:00,153936,,16,,,,,,1,7190.31
594631,20:10:00,20:10:00,153950,,17,,,,,,1,7542.63
594631,20:11:00,20:11:00,153947,,18,,,,,,1,7998.34
594631,20:12:00,20:12:00,153941,,19,,,,,,1,8460.56
594631,20:15:00,20:15:00,154033,,20,,,,,,1,9168.65
594631,20:16:00,20:16:00,154035,,21,,,,,,1,9606.98
594631,20:17:00,20:17:00,154031,,22,,,,,,1,9953.17
594631,20:18:00,20:18:00,153980,,23,,,,,,1,10517.08
594631,20:22:00,20:22:00,154105,,24,,,,,,1,11986.37
594577,05:30:00,05:30:00,154105,,1,,,,,,1,0
594577,05:33:00,05:33:00,153979,,2,,,,,,1,687.96
594577,05:33:00,05:33:00,153981,,3,,,,,,1,1350.3
594577,05:34:00,05:34:00,154032,,4,,,,,,1,1843.72
594577,05:35:00,05:35:00,154036,,5,,,,,,1,2278.04
594577,05:37:00,05:37:00,154034,,6,,,,,,1,2919.85
594577,05:38:00,05:38:00,153939,,7,,,,,,1,3465.45
594577,05:39:00,05:39:00,153948,,8,,,,,,1,3885.05
594577,05:39:00,05:39:00,153951,,9,,,,,,1,4296.73
594577,05:40:00,05:40:00,153937,,10,,,,,,1,4697.88
594577,05:41:00,05:41:00,153942,,11,,,,,,1,5165.07
594577,05:42:00,05:42:00,153943,,12,,,,,,1,5776.19
594577,05:42:00,05:42:00,153940,,13,,,,,,1,6221.21
594577,05:42:00,05:42:00,153927,,14,,,,,,1,6502.29
594577,05:43:00,05:43:00,154052,,15,,,,,,1,6785.07
594577,05:43:00,05:43:00,153978,,16,,,,,,1,6927.56
594577,05:43:00,05:43:00,153973,,17,,,,,,1,7069.08
594577,05:44:00,05:44:00,153976,,18,,,,,,1,7618.4
594577,05:44:00,05:44:00,154001,,19,,,,,,1,7860.09
594577,05:45:00,05:45:00,154000,,20,,,,,,1,8372.25
594577,05:46:00,05:46:00,153914,,21,,,,,,1,8566.15
594577,05:47:00,05:47:00,154042,,22,,,,,,1,8779.47
594577,05:49:00,05:49:00,154043,,23,,,,,,1,9030.53
594577,05:49:00,05:49:00,154044,,24,,,,,,1,9364.87
594577,05:49:00,05:49:00,154154,,25,,,,,,1,10006.33
594577,05:50:00,05:50:00,154155,,26,,,,,,1,10231.17
594577,05:50:00,05:50:00,154156,,27,,,,,,1,10377.05
594577,05:52:00,05:52:00,154187,,28,,,,,,1,11045.57
594577,05:52:00,05:52:00,154185,,29,,,,,,1,11607.54
594577,05:53:00,05:53:00,154186,,30,,,,,,1,12074.96
594578,06:30:00,06:30:00,154105,,1,,,,,,1,0
594578,06:33:00,06:33:00,153979,,2,,,,,,1,687.96
594578,06:33:00,06:33:00,153981,,3,,,,,,1,1350.3
594578,06:34:00,06:34:00,154032,,4,,,,,,1,1843.72
594578,06:35:00,06:35:00,154036,,5,,,,,,1,2278.04
594578,06:37:00,06:37:00,154034,,6,,,,,,1,2919.85
594578,06:38:00,06:38:00,153939,,7,,,,,,1,3465.45
594578,06:39:00,06:39:00,153948,,8,,,,,,1,3885.05
594578,06:39:00,06:39:00,153951,,9,,,,,,1,4296.73
594578,06:40:00,06:40:00,153937,,10,,,,,,1,4697.88
594578,06:41:00,06:41:00,153942,,11,,,,,,1,5165.07
594578,06:42:00,06:42:00,153943,,12,,,,,,1,5776.19
594578,06:42:00,06:42:00,153940,,13,,,,,,1,6221.21
594578,06:42:00,06:42:00,153927,,14,,,,,,1,6502.29
594578,06:43:00,06:43:00,154052,,15,,,,,,1,6785.07
594578,06:43:00,06:43:00,153978,,16,,,,,,1,6927.56
594578,06:43:00,06:43:00,153973,,17,,,,,,1,7069.08
594578,06:44:00,06:44:00,153976,,18,,,,,,1,7618.4
594578,06:44:00,06:44:00,154001,,19,,,,,,1,7860.09
594578,06:45:00,06:45:00,154000,,20,,,,,,1,8372.25
594578,06:46:00,06:46:00,153914,,21,,,,,,1,8566.15
594578,06:47:00,06:47:00,154042,,22,,,,,,1,8779.47
594578,06:49:00,06:49:00,154043,,23,,,,,,1,9030.53
594578,06:49:00,06:49:00,154044,,24,,,,,,1,9364.87
594578,06:49:00,06:49:00,154154,,25,,,,,,1,10006.33
594578,06:50:00,06:50:00,154155,,26,,,,,,1,10231.17
594578,06:50:00,06:50:00,154156,,27,,,,,,1,10377.05
594578,06:52:00,06:52:00,154187,,28,,,,,,1,11045.57
594578,06:52:00,06:52:00,154185,,29,,,,,,1,11607.54
594578,06:53:00,06:53:00,154186,,30,,,,,,1,12074.96
594579,07:30:00,07:30:00,154105,,1,,,,,,1,0
594579,07:33:00,07:33:00,153979,,2,,,,,,1,687.96
594579,07:33:00,07:33:00,153981,,3,,,,,,1,1350.3
594579,07:34:00,07:34:00,154032,,4,,,,,,1,1843.72
594579,07:35:00,07:35:00,154036,,5,,,,,,1,2278.04
594579,07:37:00,07:37:00,154034,,6,,,,,,1,2919.85
594579,07:38:00,07:38:00,153939,,7,,,,,,1,3465.45
594579,07:39:00,07:39:00,153948,,8,,,,,,1,3885.05
594579,07:39:00,07:39:00,153951,,9,,,,,,1,4296.73
594579,07:40:00,07:40:00,153937,,10,,,,,,1,4697.88
594579,07:41:00,07:41:00,153942,,11,,,,,,1,5165.07
594579,07:42:00,07:42:00,153943,,12,,,,,,1,5776.19
594579,07:42:00,07:42:00,153940,,13,,,,,,1,6221.21
594579,07:42:00,07:42:00,153927,,14,,,,,,1,6502.29
594579,07:43:00,07:43:00,154052,,15,,,,,,1,6785.07
594579,07:43:00,07:43:00,153978,,16,,,,,,1,6927.56
594579,07:43:00,07:43:00,153973,,17,,,,,,1,7069.08
594579,07:44:00,07:44:00,153976,,18,,,,,,1,7618.4
594579,07:44:00,07:44:00,154001,,19,,,,,,1,7860.09
594579,07:45:00,07:45:00,154000,,20,,,,,,1,8372.25
594579,07:46:00,07:46:00,153914,,21,,,,,,1,8566.15
594579,07:47:00,07:47:00,154042,,22,,,,,,1,8779.47
594579,07:49:00,07:49:00,154043,,23,,,,,,1,9030.53
594579,07:49:00,07:49:00,154044,,24,,,,,,1,9364.87
594579,07:49:00,07:49:00,154154,,25,,,,,,1,10006.33
594579,07:50:00,07:50:00,154155,,26,,,,,,1,10231.17
594579,07:50:00,07:50:00,154156,,27,,,,,,1,10377.05
594579,07:52:00,07:52:00,154187,,28,,,,,,1,11045.57
594579,07:52:00,07:52:00,154185,,29,,,,,,1,11607.54
594579,07:53:00,07:53:00,154186,,30,,,,,,1,12074.96
594580,08:30:00,08:30:00,154105,,1,,,,,,1,0
594580,08:33:00,08:33:00,153979,,2,,,,,,1,687.96
594580,08:33:00,08:33:00,153981,,3,,,,,,1,1350.3
594580,08:34:00,08:34:00,154032,,4,,,,,,1,1843.72
594580,08:35:00,08:35:00,154036,,5,,,,,,1,2278.04
594580,08:37:00,08:37:00,154034,,6,,,,,,1,2919.85
594580,08:38:00,08:38:00,153939,,7,,,,,,1,3465.45
594580,08:39:00,08:39:00,153948,,8,,,,,,1,3885.05
594580,08:39:00,08:39:00,153951,,9,,,,,,1,4296.73
594580,08:40:00,08:40:00,153937,,10,,,,,,1,4697.88
594580,08:41:00,08:41:00,153942,,11,,,,,,1,5165.07
594580,08:42:00,08:42:00,153943,,12,,,,,,1,5776.19
594580,08:42:00,08:42:00,153940,,13,,,,,,1,6221.21
594580,08:42:00,08:42:00,153927,,14,,,,,,1,6502.29
594580,08:43:00,08:43:00,154052,,15,,,,,,1,6785.07
594580,08:43:00,08:43:00,153978,,16,,,,,,1,6927.56
594580,08:43:00,08:43:00,153973,,17,,,,,,1,7069.08
594580,08:44:00,08:44:00,153976,,18,,,,,,1,7618.4
594580,08:44:00,08:44:00,154001,,19,,,,,,1,7860.09
594580,08:45:00,08:45:00,154000,,20,,,,,,1,8372.25
594580,08:46:00,08:46:00,153914,,21,,,,,,1,8566.15
594580,08:47:00,08:47:00,154042,,22,,,,,,1,8779.47
594580,08:49:00,08:49:00,154043,,23,,,,,,1,9030.53
594580,08:49:00,08:49:00,154044,,24,,,,,,1,9364.87
594580,08:49:00,08:49:00,154154,,25,,,,,,1,10006.33
594580,08:50:00,08:50:00,154155,,26,,,,,,1,10231.17
594580,08:50:00,08:50:00,154156,,27,,,,,,1,10377.05
594580,08:52:00,08:52:00,154187,,28,,,,,,1,11045.57
594580,08:52:00,08:52:00,154185,,29,,,,,,1,11607.54
594580,08:53:00,08:53:00,154186,,30,,,,,,1,12074.96
594581,09:30:00,09:30:00,154105,,1,,,,,,1,0
594581,09:33:00,09:33:00,153979,,2,,,,,,1,687.96
594581,09:33:00,09:33:00,153981,,3,,,,,,1,1350.3
594581,09:34:00,09:34:00,154032,,4,,,,,,1,1843.72
594581,09:35:00,09:35:00,154036,,5,,,,,,1,2278.04
594581,09:37:00,09:37:00,154034,,6,,,,,,1,2919.85
594581,09:38:00,09:38:00,153939,,7,,,,,,1,3465.45
594581,09:39:00,09:39:00,153948,,8,,,,,,1,3885.05
594581,09:39:00,09:39:00,153951,,9,,,,,,1,4296.73
594581,09:40:00,09:40:00,153937,,10,,,,,,1,4697.88
594581,09:41:00,09:41:00,153942,,11,,,,,,1,5165.07
594581,09:42:00,09:42:00,153943,,12,,,,,,1,5776.19
594581,09:42:00,09:42:00,153940,,13,,,,,,1,6221.21
594581,09:42:00,09:42:00,153927,,14,,,,,,1,6502.29
594581,09:43:00,09:43:00,154052,,15,,,,,,1,6785.07
594581,09:43:00,09:43:00,153978,,16,,,,,,1,6927.56
594581,09:43:00,09:43:00,153973,,17,,,,,,1,7069.08
594581,09:44:00,09:44:00,153976,,18,,,,,,1,7618.4
594581,09:44:00,09:44:00,154001,,19,,,,,,1,7860.09
594581,09:45:00,09:45:00,154000,,20,,,,,,1,8372.25
594581,09:46:00,09:46:00,153914,,21,,,,,,1,8566.15
594581,09:47:00,09:47:00,154042,,22,,,,,,1,8779.47
594581,09:49:00,09:49:00,154043,,23,,,,,,1,9030.53
594581,09:49:00,09:49:00,154044,,24,,,,,,1,9364.87
594581,09:49:00,09:49:00,154154,,25,,,,,,1,10006.33
594581,09:50:00,09:50:00,154155,,26,,,,,,1,10231.17
594581,09:50:00,09:50:00,154156,,27,,,,,,1,10377.05
594581,09:52:00,09:52:00,154187,,28,,,,,,1,11045.57
594581,09:52:00,09:52:00,154185,,29,,,,,,1,11607.54
594581,09:53:00,09:53:00,154186,,30,,,,,,1,12074.96
594582,10:30:00,10:30:00,154105,,1,,,,,,1,0
594582,10:33:00,10:33:00,153979,,2,,,,,,1,687.96
594582,10:33:00,10:33:00,153981,,3,,,,,,1,1350.3
594582,10:34:00,10:34:00,154032,,4,,,,,,1,1843.72
594582,10:35:00,10:35:00,154036,,5,,,,,,1,2278.04
594582,10:37:00,10:37:00,154034,,6,,,,,,1,2919.85
594582,10:38:00,10:38:00,153939,,7,,,,,,1,3465.45
594582,10:39:00,10:39:00,153948,,8,,,,,,1,3885.05
594582,10:39:00,10:39:00,153951,,9,,,,,,1,4296.73
594582,10:40:00,10:40:00,153937,,10,,,,,,1,4697.88
594582,10:41:00,10:41:00,153942,,11,,,,,,1,5165.07
594582,10:42:00,10:42:00,153943,,12,,,,,,1,5776.19
594582,10:42:00,10:42:00,153940,,13,,,,,,1,6221.21
594582,10:42:00,10:42:00,153927,,14,,,,,,1,6502.29
594582,10:43:00,10:43:00,154052,,15,,,,,,1,6785.07
594582,10:43:00,10:43:00,153978,,16,,,,,,1,6927.56
594582,10:43:00,10:43:00,153973,,17,,,,,,1,7069.08
594582,10:44:00,10:44:00,153976,,18,,,,,,1,7618.4
594582,10:44:00,10:44:00,154001,,19,,,,,,1,7860.09
594582,10:45:00,10:45:00,154000,,20,,,,,,1,8372.25
594582,10:46:00,10:46:00,153914,,21,,,,,,1,8566.15
594582,10:47:00,10:47:00,154042,,22,,,,,,1,8779.47
594582,10:49:00,10:49:00,154043,,23,,,,,,1,9030.53
594582,10:49:00,10:49:00,154044,,24,,,,,,1,9364.87
594582,10:49:00,10:49:00,154154,,25,,,,,,1,10006.33
594582,10:50:00,10:50:00,154155,,26,,,,,,1,10231.17
594582,10:50:00,10:50:00,154156,,27,,,,,,1,10377.05
594582,10:52:00,10:52:00,154187,,28,,,,,,1,11045.57
594582,10:52:00,10:52:00,154185,,29,,,,,,1,11607.54
594582,10:53:00,10:53:00,154186,,30,,,,,,1,12074.96
594583,11:30:00,11:30:00,154105,,1,,,,,,1,0
594583,11:33:00,11:33:00,153979,,2,,,,,,1,687.96
594583,11:33:00,11:33:00,153981,,3,,,,,,1,1350.3
594583,11:34:00,11:34:00,154032,,4,,,,,,1,1843.72
594583,11:35:00,11:35:00,154036,,5,,,,,,1,2278.04
594583,11:37:00,11:37:00,154034,,6,,,,,,1,2919.85
594583,11:38:00,11:38:00,153939,,7,,,,,,1,3465.45
594583,11:39:00,11:39:00,153948,,8,,,,,,1,3885.05
594583,11:39:00,11:39:00,153951,,9,,,,,,1,4296.73
594583,11:40:00,11:40:00,153937,,10,,,,,,1,4697.88
594583,11:41:00,11:41:00,153942,,11,,,,,,1,5165.07
594583,11:42:00,11:42:00,153943,,12,,,,,,1,5776.19
594583,11:42:00,11:42:00,153940,,13,,,,,,1,6221.21
594583,11:42:00,11:42:00,153927,,14,,,,,,1,6502.29
594583,11:43:00,11:43:00,154052,,15,,,,,,1,6785.07
594583,11:43:00,11:43:00,153978,,16,,,,,,1,6927.56
594583,11:43:00,11:43:00,153973,,17,,,,,,1,7069.08
594583,11:44:00,11:44:00,153976,,18,,,,,,1,7618.4
594583,11:44:00,11:44:00,154001,,19,,,,,,1,7860.09
594583,11:45:00,11:45:00,154000,,20,,,,,,1,8372.25
594583,11:46:00,11:46:00,153914,,21,,,,,,1,8566.15
594583,11:47:00,11:47:00,154042,,22,,,,,,1,8779.47
594583,11:49:00,11:49:00,154043,,23,,,,,,1,9030.53
594583,11:49:00,11:49:00,154044,,24,,,,,,1,9364.87
594583,11:49:00,11:49:00,154154,,25,,,,,,1,10006.33
594583,11:50:00,11:50:00,154155,,26,,,,,,1,10231.17
594583,11:50:00,11:50:00,154156,,27,,,,,,1,10377.05
594583,11:52:00,11:52:00,154187,,28,,,,,,1,11045.57
594583,11:52:00,11:52:00,154185,,29,,,,,,1,11607.54
594583,11:53:00,11:53:00,154186,,30,,,,,,1,12074.96
594584,12:30:00,12:30:00,154105,,1,,,,,,1,0
594584,12:33:00,12:33:00,153979,,2,,,,,,1,687.96
594584,12:34:00,12:34:00,153981,,3,,,,,,1,1350.3
594584,12:35:00,12:35:00,154032,,4,,,,,,1,1843.72
594584,12:36:00,12:36:00,154036,,5,,,,,,1,2278.04
594584,12:39:00,12:39:00,154034,,6,,,,,,1,2919.85
594584,12:40:00,12:40:00,153939,,7,,,,,,1,3465.45
594584,12:41:00,12:41:00,153948,,8,,,,,,1,3885.05
594584,12:42:00,12:42:00,153951,,9,,,,,,1,4296.73
594584,12:43:00,12:43:00,153937,,10,,,,,,1,4697.88
594584,12:44:00,12:44:00,153942,,11,,,,,,1,5165.07
594584,12:45:00,12:45:00,153943,,12,,,,,,1,5776.19
594584,12:45:00,12:45:00,153940,,13,,,,,,1,6221.21
594584,12:45:00,12:45:00,153927,,14,,,,,,1,6502.29
594584,12:46:00,12:46:00,154052,,15,,,,,,1,6785.07
594584,12:46:00,12:46:00,153978,,16,,,,,,1,6927.56
594584,12:46:00,12:46:00,153973,,17,,,,,,1,7069.08
594584,12:47:00,12:47:00,153976,,18,,,,,,1,7618.4
594584,12:47:00,12:47:00,154001,,19,,,,,,1,7860.09
594584,12:48:00,12:48:00,154000,,20,,,,,,1,8372.25
594584,12:49:00,12:49:00,153914,,21,,,,,,1,8566.15
594584,12:50:00,12:50:00,154042,,22,,,,,,1,8779.47
594584,12:53:00,12:53:00,154043,,23,,,,,,1,9030.53
594584,12:54:00,12:54:00,154044,,24,,,,,,1,9364.87
594584,12:54:00,12:54:00,154154,,25,,,,,,1,10006.33
594584,12:55:00,12:55:00,154155,,26,,,,,,1,10231.17
594584,12:55:00,12:55:00,154156,,27,,,,,,1,10377.05
594584,12:57:00,12:57:00,154187,,28,,,,,,1,11045.57
594584,12:57:00,12:57:00,154185,,29,,,,,,1,11607.54
594584,12:58:00,12:58:00,154186,,30,,,,,,1,12074.96
594585,13:45:00,13:45:00,154105,,1,,,,,,1,0
594585,13:48:00,13:48:00,153979,,2,,,,,,1,687.96
594585,13:49:00,13:49:00,153981,,3,,,,,,1,1350.3
594585,13:50:00,13:50:00,154032,,4,,,,,,1,1843.72
594585,13:51:00,13:51:00,154036,,5,,,,,,1,2278.04
594585,13:54:00,13:54:00,154034,,6,,,,,,1,2919.85
594585,13:55:00,13:55:00,153939,,7,,,,,,1,3465.45
594585,13:56:00,13:56:00,153948,,8,,,,,,1,3885.05
594585,13:57:00,13:57:00,153951,,9,,,,,,1,4296.73
594585,13:58:00,13:58:00,153937,,10,,,,,,1,4697.88
594585,13:59:00,13:59:00,153942,,11,,,,,,1,5165.07
594585,14:00:00,14:00:00,153943,,12,,,,,,1,5776.19
594585,14:00:00,14:00:00,153940,,13,,,,,,1,6221.21
594585,14:00:00,14:00:00,153927,,14,,,,,,1,6502.29
594585,14:01:00,14:01:00,154052,,15,,,,,,1,6785.07
594585,14:01:00,14:01:00,153978,,16,,,,,,1,6927.56
594585,14:01:00,14:01:00,153973,,17,,,,,,1,7069.08
594585,14:02:00,14:02:00,153976,,18,,,,,,1,7618.4
594585,14:02:00,14:02:00,154001,,19,,,,,,1,7860.09
594585,14:03:00,14:03:00,154000,,20,,,,,,1,8372.25
594585,14:04:00,14:04:00,153914,,21,,,,,,1,8566.15
594585,14:05:00,14:05:00,154042,,22,,,,,,1,8779.47
594585,14:08:00,14:08:00,154043,,23,,,,,,1,9030.53
594585,14:09:00,14:09:00,154044,,24,,,,,,1,9364.87
594585,14:09:00,14:09:00,154154,,25,,,,,,1,10006.33
594585,14:10:00,14:10:00,154155,,26,,,,,,1,10231.17
594585,14:10:00,14:10:00,154156,,27,,,,,,1,10377.05
594585,14:12:00,14:12:00,154187,,28,,,,,,1,11045.57
594585,14:12:00,14:12:00,154185,,29,,,,,,1,11607.54
594585,14:13:00,14:13:00,154186,,30,,,,,,1,12074.96
594586,15:00:00,15:00:00,154105,,1,,,,,,1,0
594586,15:03:00,15:03:00,153979,,2,,,,,,1,687.96
594586,15:04:00,15:04:00,153981,,3,,,,,,1,1350.3
594586,15:05:00,15:05:00,154032,,4,,,,,,1,1843.72
594586,15:06:00,15:06:00,154036,,5,,,,,,1,2278.04
594586,15:09:00,15:09:00,154034,,6,,,,,,1,2919.85
594586,15:10:00,15:10:00,153939,,7,,,,,,1,3465.45
594586,15:11:00,15:11:00,153948,,8,,,,,,1,3885.05
594586,15:12:00,15:12:00,153951,,9,,,,,,1,4296.73
594586,15:13:00,15:13:00,153937,,10,,,,,,1,4697.88
594586,15:14:00,15:14:00,153942,,11,,,,,,1,5165.07
594586,15:15:00,15:15:00,153943,,12,,,,,,1,5776.19
594586,15:15:00,15:15:00,153940,,13,,,,,,1,6221.21
594586,15:15:00,15:15:00,153927,,14,,,,,,1,6502.29
594586,15:16:00,15:16:00,154052,,15,,,,,,1,6785.07
594586,15:16:00,15:16:00,153978,,16,,,,,,1,6927.56
594586,15:16:00,15:16:00,153973,,17,,,,,,1,7069.08
594586,15:17:00,15:17:00,153976,,18,,,,,,1,7618.4
594586,15:17:00,15:17:00,154001,,19,,,,,,1,7860.09
594586,15:18:00,15:18:00,154000,,20,,,,,,1,8372.25
594586,15:19:00,15:19:00,153914,,21,,,,,,1,8566.15
594586,15:20:00,15:20:00,154042,,22,,,,,,1,8779.47
594586,15:23:00,15:23:00,154043,,23,,,,,,1,9030.53
594586,15:24:00,15:24:00,154044,,24,,,,,,1,9364.87
594586,15:24:00,15:24:00,154154,,25,,,,,,1,10006.33
594586,15:25:00,15:25:00,154155,,26,,,,,,1,10231.17
594586,15:25:00,15:25:00,154156,,27,,,,,,1,10377.05
594586,15:27:00,15:27:00,154187,,28,,,,,,1,11045.57
594586,15:27:00,15:27:00,154185,,29,,,,,,1,11607.54
594586,15:28:00,15:28:00,154186,,30,,,,,,1,12074.96
594587,16:15:00,16:15:00,154105,,1,,,,,,1,0
594587,16:18:00,16:18:00,153979,,2,,,,,,1,687.96
594587,16:19:00,16:19:00,153981,,3,,,,,,1,1350.3
594587,16:20:00,16:20:00,154032,,4,,,,,,1,1843.72
594587,16:21:00,16:21:00,154036,,5,,,,,,1,2278.04
594587,16:24:00,16:24:00,154034,,6,,,,,,1,2919.85
594587,16:25:00,16:25:00,153939,,7,,,,,,1,3465.45
594587,16:26:00,16:26:00,153948,,8,,,,,,1,3885.05
594587,16:27:00,16:27:00,153951,,9,,,,,,1,4296.73
594587,16:28:00,16:28:00,153937,,10,,,,,,1,4697.88
594587,16:29:00,16:29:00,153942,,11,,,,,,1,5165.07
594587,16:30:00,16:30:00,153943,,12,,,,,,1,5776.19
594587,16:30:00,16:30:00,153940,,13,,,,,,1,6221.21
594587,16:30:00,16:30:00,153927,,14,,,,,,1,6502.29
594587,16:31:00,16:31:00,154052,,15,,,,,,1,6785.07
594587,16:31:00,16:31:00,153978,,16,,,,,,1,6927.56
594587,16:31:00,16:31:00,153973,,17,,,,,,1,7069.08
594587,16:32:00,16:32:00,153976,,18,,,,,,1,7618.4
594587,16:32:00,16:32:00,154001,,19,,,,,,1,7860.09
594587,16:33:00,16:33:00,154000,,20,,,,,,1,8372.25
594587,16:34:00,16:34:00,153914,,21,,,,,,1,8566.15
594587,16:35:00,16:35:00,154042,,22,,,,,,1,8779.47
594587,16:38:00,16:38:00,154043,,23,,,,,,1,9030.53
594587,16:39:00,16:39:00,154044,,24,,,,,,1,9364.87
594587,16:39:00,16:39:00,154154,,25,,,,,,1,10006.33
594587,16:40:00,16:40:00,154155,,26,,,,,,1,10231.17
594587,16:40:00,16:40:00,154156,,27,,,,,,1,10377.05
594587,16:42:00,16:42:00,154187,,28,,,,,,1,11045.57
594587,16:42:00,16:42:00,154185,,29,,,,,,1,11607.54
594587,16:43:00,16:43:00,154186,,30,,,,,,1,12074.96
594588,17:30:00,17:30:00,154105,,1,,,,,,1,0
594588,17:33:00,17:33:00,153979,,2,,,,,,1,687.96
594588,17:33:00,17:33:00,153981,,3,,,,,,1,1350.3
594588,17:34:00,17:34:00,154032,,4,,,,,,1,1843.72
594588,17:35:00,17:35:00,154036,,5,,,,,,1,2278.04
594588,17:37:00,17:37:00,154034,,6,,,,,,1,2919.85
594588,17:38:00,17:38:00,153939,,7,,,,,,1,3465.45
594588,17:39:00,17:39:00,153948,,8,,,,,,1,3885.05
594588,17:39:00,17:39:00,153951,,9,,,,,,1,4296.73
594588,17:40:00,17:40:00,153937,,10,,,,,,1,4697.88
594588,17:41:00,17:41:00,153942,,11,,,,,,1,5165.07
594588,17:42:00,17:42:00,153943,,12,,,,,,1,5776.19
594588,17:42:00,17:42:00,153940,,13,,,,,,1,6221.21
594588,17:42:00,17:42:00,153927,,14,,,,,,1,6502.29
594588,17:43:00,17:43:00,154052,,15,,,,,,1,6785.07
594588,17:43:00,17:43:00,153978,,16,,,,,,1,6927.56
594588,17:43:00,17:43:00,153973,,17,,,,,,1,7069.08
594588,17:44:00,17:44:00,153976,,18,,,,,,1,7618.4
594588,17:44:00,17:44:00,154001,,19,,,,,,1,7860.09
594588,17:45:00,17:45:00,154000,,20,,,,,,1,8372.25
594588,17:46:00,17:46:00,153914,,21,,,,,,1,8566.15
594588,17:47:00,17:47:00,154042,,22,,,,,,1,8779.47
594588,17:49:00,17:49:00,154043,,23,,,,,,1,9030.53
594588,17:49:00,17:49:00,154044,,24,,,,,,1,9364.87
594588,17:49:00,17:49:00,154154,,25,,,,,,1,10006.33
594588,17:50:00,17:50:00,154155,,26,,,,,,1,10231.17
594588,17:50:00,17:50:00,154156,,27,,,,,,1,10377.05
594588,17:52:00,17:52:00,154187,,28,,,,,,1,11045.57
594588,17:52:00,17:52:00,154185,,29,,,,,,1,11607.54
594588,17:53:00,17:53:00,154186,,30,,,,,,1,12074.96
594589,18:30:00,18:30:00,154105,,1,,,,,,1,0
594589,18:33:00,18:33:00,153979,,2,,,,,,1,687.96
594589,18:33:00,18:33:00,153981,,3,,,,,,1,1350.3
594589,18:34:00,18:34:00,154032,,4,,,,,,1,1843.72
594589,18:35:00,18:35:00,154036,,5,,,,,,1,2278.04
594589,18:37:00,18:37:00,154034,,6,,,,,,1,2919.85
594589,18:38:00,18:38:00,153939,,7,,,,,,1,3465.45
594589,18:39:00,18:39:00,153948,,8,,,,,,1,3885.05
594589,18:39:00,18:39:00,153951,,9,,,,,,1,4296.73
594589,18:40:00,18:40:00,153937,,10,,,,,,1,4697.88
594589,18:41:00,18:41:00,153942,,11,,,,,,1,5165.07
594589,18:42:00,18:42:00,153943,,12,,,,,,1,5776.19
594589,18:42:00,18:42:00,153940,,13,,,,,,1,6221.21
594589,18:42:00,18:42:00,153927,,14,,,,,,1,6502.29
594589,18:43:00,18:43:00,154052,,15,,,,,,1,6785.07
594589,18:43:00,18:43:00,153978,,16,,,,,,1,6927.56
594589,18:43:00,18:43:00,153973,,17,,,,,,1,7069.08
594589,18:44:00,18:44:00,153976,,18,,,,,,1,7618.4
594589,18:44:00,18:44:00,154001,,19,,,,,,1,7860.09
594589,18:45:00,18:45:00,154000,,20,,,,,,1,8372.25
594589,18:46:00,18:46:00,153914,,21,,,,,,1,8566.15
594589,18:47:00,18:47:00,154042,,22,,,,,,1,8779.47
594589,18:49:00,18:49:00,154043,,23,,,,,,1,9030.53
594589,18:49:00,18:49:00,154044,,24,,,,,,1,9364.87
594589,18:49:00,18:49:00,154154,,25,,,,,,1,10006.33
594589,18:50:00,18:50:00,154155,,26,,,,,,1,10231.17
594589,18:50:00,18:50:00,154156,,27,,,,,,1,10377.05
594589,18:52:00,18:52:00,154187,,28,,,,,,1,11045.57
594589,18:52:00,18:52:00,154185,,29,,,,,,1,11607.54
594589,18:53:00,18:53:00,154186,,30,,,,,,1,12074.96
594590,19:30:00,19:30:00,154105,,1,,,,,,1,0
594590,19:33:00,19:33:00,153979,,2,,,,,,1,687.96
594590,19:33:00,19:33:00,153981,,3,,,,,,1,1350.3
594590,19:34:00,19:34:00,154032,,4,,,,,,1,1843.72
594590,19:35:00,19:35:00,154036,,5,,,,,,1,2278.04
594590,19:37:00,19:37:00,154034,,6,,,,,,1,2919.85
594590,19:38:00,19:38:00,153939,,7,,,,,,1,3465.45
594590,19:39:00,19:39:00,153948,,8,,,,,,1,3885.05
594590,19:39:00,19:39:00,153951,,9,,,,,,1,4296.73
594590,19:40:00,19:40:00,153937,,10,,,,,,1,4697.88
594590,19:41:00,19:41:00,153942,,11,,,,,,1,5165.07
594590,19:42:00,19:42:00,153943,,12,,,,,,1,5776.19
594590,19:42:00,19:42:00,153940,,13,,,,,,1,6221.21
594590,19:42:00,19:42:00,153927,,14,,,,,,1,6502.29
594590,19:43:00,19:43:00,154052,,15,,,,,,1,6785.07
594590,19:43:00,19:43:00,153978,,16,,,,,,1,6927.56
594590,19:43:00,19:43:00,153973,,17,,,,,,1,7069.08
594590,19:44:00,19:44:00,153976,,18,,,,,,1,7618.4
594590,19:44:00,19:44:00,154001,,19,,,,,,1,7860.09
594590,19:45:00,19:45:00,154000,,20,,,,,,1,8372.25
594590,19:46:00,19:46:00,153914,,21,,,,,,1,8566.15
594590,19:47:00,19:47:00,154042,,22,,,,,,1,8779.47
594590,19:49:00,19:49:00,154043,,23,,,,,,1,9030.53
594590,19:49:00,19:49:00,154044,,24,,,,,,1,9364.87
594590,19:49:00,19:49:00,154154,,25,,,,,,1,10006.33
594590,19:50:00,19:50:00,154155,,26,,,,,,1,10231.17
594590,19:50:00,19:50:00,154156,,27,,,,,,1,10377.05
594590,19:52:00,19:52:00,154187,,28,,,,,,1,11045.57
594590,19:52:00,19:52:00,154185,,29,,,,,,1,11607.54
594590,19:53:00,19:53:00,154186,,30,,,,,,1,12074.96
594594,08:30:00,08:30:00,154105,,1,,,,,,1,0
594594,08:33:00,08:33:00,153979,,2,,,,,,1,687.96
594594,08:33:00,08:33:00,153981,,3,,,,,,1,1350.3
594594,08:34:00,08:34:00,154032,,4,,,,,,1,1843.72
594594,08:35:00,08:35:00,154036,,5,,,,,,1,2278.04
594594,08:37:00,08:37:00,154034,,6,,,,,,1,2919.85
594594,08:38:00,08:38:00,153939,,7,,,,,,1,3465.45
594594,08:39:00,08:39:00,153948,,8,,,,,,1,3885.05
594594,08:39:00,08:39:00,153951,,9,,,,,,1,4296.73
594594,08:40:00,08:40:00,153937,,10,,,,,,1,4697.88
594594,08:41:00,08:41:00,153942,,11,,,,,,1,5165.07
594594,08:42:00,08:42:00,153943,,12,,,,,,1,5776.19
594594,08:42:00,08:42:00,153940,,13,,,,,,1,6221.21
594594,08:42:00,08:42:00,153927,,14,,,,,,1,6502.29
594594,08:43:00,08:43:00,154052,,15,,,,,,1,6785.07
594594,08:43:00,08:43:00,153978,,16,,,,,,1,6927.56
594594,08:43:00,08:43:00,153973,,17,,,,,,1,7069.08
594594,08:44:00,08:44:00,153976,,18,,,,,,1,7618.4
594594,08:44:00,08:44:00,154001,,19,,,,,,1,7860.09
594594,08:45:00,08:45:00,154000,,20,,,,,,1,8372.25
594594,08:46:00,08:46:00,153914,,21,,,,,,1,8566.15
594594,08:47:00,08:47:00,154042,,22,,,,,,1,8779.47
594594,08:49:00,08:49:00,154043,,23,,,,,,1,9030.53
594594,08:49:00,08:49:00,154044,,24,,,,,,1,9364.87
594594,08:49:00,08:49:00,154154,,25,,,,,,1,10006.33
594594,08:50:00,08:50:00,154155,,26,,,,,,1,10231.17
594594,08:50:00,08:50:00,154156,,27,,,,,,1,10377.05
594594,08:52:00,08:52:00,154187,,28,,,,,,1,11045.57
594594,08:52:00,08:52:00,154185,,29,,,,,,1,11607.54
594594,08:53:00,08:53:00,154186,,30,,,,,,1,12074.96
594595,09:30:00,09:30:00,154105,,1,,,,,,1,0
594595,09:33:00,09:33:00,153979,,2,,,,,,1,687.96
594595,09:33:00,09:33:00,153981,,3,,,,,,1,1350.3
594595,09:34:00,09:34:00,154032,,4,,,,,,1,1843.72
594595,09:35:00,09:35:00,154036,,5,,,,,,1,2278.04
594595,09:37:00,09:37:00,154034,,6,,,,,,1,2919.85
594595,09:38:00,09:38:00,153939,,7,,,,,,1,3465.45
594595,09:39:00,09:39:00,153948,,8,,,,,,1,3885.05
594595,09:39:00,09:39:00,153951,,9,,,,,,1,4296.73
594595,09:40:00,09:40:00,153937,,10,,,,,,1,4697.88
594595,09:41:00,09:41:00,153942,,11,,,,,,1,5165.07
594595,09:42:00,09:42:00,153943,,12,,,,,,1,5776.19
594595,09:42:00,09:42:00,153940,,13,,,,,,1,6221.21
594595,09:42:00,09:42:00,153927,,14,,,,,,1,6502.29
594595,09:43:00,09:43:00,154052,,15,,,,,,1,6785.07
594595,09:43:00,09:43:00,153978,,16,,,,,,1,6927.56
594595,09:43:00,09:43:00,153973,,17,,,,,,1,7069.08
594595,09:44:00,09:44:00,153976,,18,,,,,,1,7618.4
594595,09:44:00,09:44:00,154001,,19,,,,,,1,7860.09
594595,09:45:00,09:45:00,154000,,20,,,,,,1,8372.25
594595,09:46:00,09:46:00,153914,,21,,,,,,1,8566.15
594595,09:47:00,09:47:00,154042,,22,,,,,,1,8779.47
594595,09:49:00,09:49:00,154043,,23,,,,,,1,9030.53
594595,09:49:00,09:49:00,154044,,24,,,,,,1,9364.87
594595,09:49:00,09:49:00,154154,,25,,,,,,1,10006.33
594595,09:50:00,09:50:00,154155,,26,,,,,,1,10231.17
594595,09:50:00,09:50:00,154156,,27,,,,,,1,10377.05
594595,09:52:00,09:52:00,154187,,28,,,,,,1,11045.57
594595,09:52:00,09:52:00,154185,,29,,,,,,1,11607.54
594595,09:53:00,09:53:00,154186,,30,,,,,,1,12074.96
594596,10:30:00,10:30:00,154105,,1,,,,,,1,0
594596,10:33:00,10:33:00,153979,,2,,,,,,1,687.96
594596,10:33:00,10:33:00,153981,,3,,,,,,1,1350.3
594596,10:34:00,10:34:00,154032,,4,,,,,,1,1843.72
594596,10:35:00,10:35:00,154036,,5,,,,,,1,2278.04
594596,10:37:00,10:37:00,154034,,6,,,,,,1,2919.85
594596,10:38:00,10:38:00,153939,,7,,,,,,1,3465.45
594596,10:39:00,10:39:00,153948,,8,,,,,,1,3885.05
594596,10:39:00,10:39:00,153951,,9,,,,,,1,4296.73
594596,10:40:00,10:40:00,153937,,10,,,,,,1,4697.88
594596,10:41:00,10:41:00,153942,,11,,,,,,1,5165.07
594596,10:42:00,10:42:00,153943,,12,,,,,,1,5776.19
594596,10:42:00,10:42:00,153940,,13,,,,,,1,6221.21
594596,10:42:00,10:42:00,153927,,14,,,,,,1,6502.29
594596,10:43:00,10:43:00,154052,,15,,,,,,1,6785.07
594596,10:43:00,10:43:00,153978,,16,,,,,,1,6927.56
594596,10:43:00,10:43:00,153973,,17,,,,,,1,7069.08
594596,10:44:00,10:44:00,153976,,18,,,,,,1,7618.4
594596,10:44:00,10:44:00,154001,,19,,,,,,1,7860.09
594596,10:45:00,10:45:00,154000,,20,,,,,,1,8372.25
594596,10:46:00,10:46:00,153914,,21,,,,,,1,8566.15
594596,10:47:00,10:47:00,154042,,22,,,,,,1,8779.47
594596,10:49:00,10:49:00,154043,,23,,,,,,1,9030.53
594596,10:49:00,10:49:00,154044,,24,,,,,,1,9364.87
594596,10:49:00,10:49:00,154154,,25,,,,,,1,10006.33
594596,10:50:00,10:50:00,154155,,26,,,,,,1,10231.17
594596,10:50:00,10:50:00,154156,,27,,,,,,1,10377.05
594596,10:52:00,10:52:00,154187,,28,,,,,,1,11045.57
594596,10:52:00,10:52:00,154185,,29,,,,,,1,11607.54
594596,10:53:00,10:53:00,154186,,30,,,,,,1,12074.96
594597,11:30:00,11:30:00,154105,,1,,,,,,1,0
594597,11:33:00,11:33:00,153979,,2,,,,,,1,687.96
594597,11:33:00,11:33:00,153981,,3,,,,,,1,1350.3
594597,11:34:00,11:34:00,154032,,4,,,,,,1,1843.72
594597,11:35:00,11:35:00,154036,,5,,,,,,1,2278.04
594597,11:37:00,11:37:00,154034,,6,,,,,,1,2919.85
594597,11:38:00,11:38:00,153939,,7,,,,,,1,3465.45
594597,11:39:00,11:39:00,153948,,8,,,,,,1,3885.05
594597,11:39:00,11:39:00,153951,,9,,,,,,1,4296.73
594597,11:40:00,11:40:00,153937,,10,,,,,,1,4697.88
594597,11:41:00,11:41:00,153942,,11,,,,,,1,5165.07
594597,11:42:00,11:42:00,153943,,12,,,,,,1,5776.19
594597,11:42:00,11:42:00,153940,,13,,,,,,1,6221.21
594597,11:42:00,11:42:00,153927,,14,,,,,,1,6502.29
594597,11:43:00,11:43:00,154052,,15,,,,,,1,6785.07
594597,11:43:00,11:43:00,153978,,16,,,,,,1,6927.56
594597,11:43:00,11:43:00,153973,,17,,,,,,1,7069.08
594597,11:44:00,11:44:00,153976,,18,,,,,,1,7618.4
594597,11:44:00,11:44:00,154001,,19,,,,,,1,7860.09
594597,11:45:00,11:45:00,154000,,20,,,,,,1,8372.25
594597,11:46:00,11:46:00,153914,,21,,,,,,1,8566.15
594597,11:47:00,11:47:00,154042,,22,,,,,,1,8779.47
594597,11:49:00,11:49:00,154043,,23,,,,,,1,9030.53
594597,11:49:00,11:49:00,154044,,24,,,,,,1,9364.87
594597,11:49:00,11:49:00,154154,,25,,,,,,1,10006.33
594597,11:50:00,11:50:00,154155,,26,,,,,,1,10231.17
594597,11:50:00,11:50:00,154156,,27,,,,,,1,10377.05
594597,11:52:00,11:52:00,154187,,28,,,,,,1,11045.57
594597,11:52:00,11:52:00,154185,,29,,,,,,1,11607.54
594597,11:53:00,11:53:00,154186,,30,,,,,,1,12074.96
594598,12:30:00,12:30:00,154105,,1,,,,,,1,0
594598,12:33:00,12:33:00,153979,,2,,,,,,1,687.96
594598,12:34:00,12:34:00,153981,,3,,,,,,1,1350.3
594598,12:35:00,12:35:00,154032,,4,,,,,,1,1843.72
594598,12:36:00,12:36:00,154036,,5,,,,,,1,2278.04
594598,12:39:00,12:39:00,154034,,6,,,,,,1,2919.85
594598,12:40:00,12:40:00,153939,,7,,,,,,1,3465.45
594598,12:41:00,12:41:00,153948,,8,,,,,,1,3885.05
594598,12:42:00,12:42:00,153951,,9,,,,,,1,4296.73
594598,12:43:00,12:43:00,153937,,10,,,,,,1,4697.88
594598,12:44:00,12:44:00,153942,,11,,,,,,1,5165.07
594598,12:45:00,12:45:00,153943,,12,,,,,,1,5776.19
594598,12:45:00,12:45:00,153940,,13,,,,,,1,6221.21
594598,12:45:00,12:45:00,153927,,14,,,,,,1,6502.29
594598,12:46:00,12:46:00,154052,,15,,,,,,1,6785.07
594598,12:46:00,12:46:00,153978,,16,,,,,,1,6927.56
594598,12:46:00,12:46:00,153973,,17,,,,,,1,7069.08
594598,12:47:00,12:47:00,153976,,18,,,,,,1,7618.4
594598,12:47:00,12:47:00,154001,,19,,,,,,1,7860.09
594598,12:48:00,12:48:00,154000,,20,,,,,,1,8372.25
594598,12:49:00,12:49:00,153914,,21,,,,,,1,8566.15
594598,12:50:00,12:50:00,154042,,22,,,,,,1,8779.47
594598,12:53:00,12:53:00,154043,,23,,,,,,1,9030.53
594598,12:54:00,12:54:00,154044,,24,,,,,,1,9364.87
594598,12:54:00,12:54:00,154154,,25,,,,,,1,10006.33
594598,12:55:00,12:55:00,154155,,26,,,,,,1,10231.17
594598,12:55:00,12:55:00,154156,,27,,,,,,1,10377.05
594598,12:57:00,12:57:00,154187,,28,,,,,,1,11045.57
594598,12:57:00,12:57:00,154185,,29,,,,,,1,11607.54
594598,12:58:00,12:58:00,154186,,30,,,,,,1,12074.96
594599,13:45:00,13:45:00,154105,,1,,,,,,1,0
594599,13:48:00,13:48:00,153979,,2,,,,,,1,687.96
594599,13:49:00,13:49:00,153981,,3,,,,,,1,1350.3
594599,13:50:00,13:50:00,154032,,4,,,,,,1,1843.72
594599,13:51:00,13:51:00,154036,,5,,,,,,1,2278.04
594599,13:54:00,13:54:00,154034,,6,,,,,,1,2919.85
594599,13:55:00,13:55:00,153939,,7,,,,,,1,3465.45
594599,13:56:00,13:56:00,153948,,8,,,,,,1,3885.05
594599,13:57:00,13:57:00,153951,,9,,,,,,1,4296.73
594599,13:58:00,13:58:00,153937,,10,,,,,,1,4697.88
594599,13:59:00,13:59:00,153942,,11,,,,,,1,5165.07
594599,14:00:00,14:00:00,153943,,12,,,,,,1,5776.19
594599,14:00:00,14:00:00,153940,,13,,,,,,1,6221.21
594599,14:00:00,14:00:00,153927,,14,,,,,,1,6502.29
594599,14:01:00,14:01:00,154052,,15,,,,,,1,6785.07
594599,14:01:00,14:01:00,153978,,16,,,,,,1,6927.56
594599,14:01:00,14:01:00,153973,,17,,,,,,1,7069.08
594599,14:02:00,14:02:00,153976,,18,,,,,,1,7618.4
594599,14:02:00,14:02:00,154001,,19,,,,,,1,7860.09
594599,14:03:00,14:03:00,154000,,20,,,,,,1,8372.25
594599,14:04:00,14:04:00,153914,,21,,,,,,1,8566.15
594599,14:05:00,14:05:00,154042,,22,,,,,,1,8779.47
594599,14:08:00,14:08:00,154043,,23,,,,,,1,9030.53
594599,14:09:00,14:09:00,154044,,24,,,,,,1,9364.87
594599,14:09:00,14:09:00,154154,,25,,,,,,1,10006.33
594599,14:10:00,14:10:00,154155,,26,,,,,,1,10231.17
594599,14:10:00,14:10:00,154156,,27,,,,,,1,10377.05
594599,14:12:00,14:12:00,154187,,28,,,,,,1,11045.57
594599,14:12:00,14:12:00,154185,,29,,,,,,1,11607.54
594599,14:13:00,14:13:00,154186,,30,,,,,,1,12074.96
594600,15:00:00,15:00:00,154105,,1,,,,,,1,0
594600,15:03:00,15:03:00,153979,,2,,,,,,1,687.96
594600,15:04:00,15:04:00,153981,,3,,,,,,1,1350.3
594600,15:05:00,15:05:00,154032,,4,,,,,,1,1843.72
594600,15:06:00,15:06:00,154036,,5,,,,,,1,2278.04
594600,15:09:00,15:09:00,154034,,6,,,,,,1,2919.85
594600,15:10:00,15:10:00,153939,,7,,,,,,1,3465.45
594600,15:11:00,15:11:00,153948,,8,,,,,,1,3885.05
594600,15:12:00,15:12:00,153951,,9,,,,,,1,4296.73
594600,15:13:00,15:13:00,153937,,10,,,,,,1,4697.88
594600,15:14:00,15:14:00,153942,,11,,,,,,1,5165.07
594600,15:15:00,15:15:00,153943,,12,,,,,,1,5776.19
594600,15:15:00,15:15:00,153940,,13,,,,,,1,6221.21
594600,15:15:00,15:15:00,153927,,14,,,,,,1,6502.29
594600,15:16:00,15:16:00,154052,,15,,,,,,1,6785.07
594600,15:16:00,15:16:00,153978,,16,,,,,,1,6927.56
594600,15:16:00,15:16:00,153973,,17,,,,,,1,7069.08
594600,15:17:00,15:17:00,153976,,18,,,,,,1,7618.4
594600,15:17:00,15:17:00,154001,,19,,,,,,1,7860.09
594600,15:18:00,15:18:00,154000,,20,,,,,,1,8372.25
594600,15:19:00,15:19:00,153914,,21,,,,,,1,8566.15
594600,15:20:00,15:20:00,154042,,22,,,,,,1,8779.47
594600,15:23:00,15:23:00,154043,,23,,,,,,1,9030.53
594600,15:24:00,15:24:00,154044,,24,,,,,,1,9364.87
594600,15:24:00,15:24:00,154154,,25,,,,,,1,10006.33
594600,15:25:00,15:25:00,154155,,26,,,,,,1,10231.17
594600,15:25:00,15:25:00,154156,,27,,,,,,1,10377.05
594600,15:27:00,15:27:00,154187,,28,,,,,,1,11045.57
594600,15:27:00,15:27:00,154185,,29,,,,,,1,11607.54
594600,15:28:00,15:28:00,154186,,30,,,,,,1,12074.96
594601,16:15:00,16:15:00,154105,,1,,,,,,1,0
594601,16:18:00,16:18:00,153979,,2,,,,,,1,687.96
594601,16:19:00,16:19:00,153981,,3,,,,,,1,1350.3
594601,16:20:00,16:20:00,154032,,4,,,,,,1,1843.72
594601,16:21:00,16:21:00,154036,,5,,,,,,1,2278.04
594601,16:24:00,16:24:00,154034,,6,,,,,,1,2919.85
594601,16:25:00,16:25:00,153939,,7,,,,,,1,3465.45
594601,16:26:00,16:26:00,153948,,8,,,,,,1,3885.05
594601,16:27:00,16:27:00,153951,,9,,,,,,1,4296.73
594601,16:28:00,16:28:00,153937,,10,,,,,,1,4697.88
594601,16:29:00,16:29:00,153942,,11,,,,,,1,5165.07
594601,16:30:00,16:30:00,153943,,12,,,,,,1,5776.19
594601,16:30:00,16:30:00,153940,,13,,,,,,1,6221.21
594601,16:30:00,16:30:00,153927,,14,,,,,,1,6502.29
594601,16:31:00,16:31:00,154052,,15,,,,,,1,6785.07
594601,16:31:00,16:31:00,153978,,16,,,,,,1,6927.56
594601,16:31:00,16:31:00,153973,,17,,,,,,1,7069.08
594601,16:32:00,16:32:00,153976,,18,,,,,,1,7618.4
594601,16:32:00,16:32:00,154001,,19,,,,,,1,7860.09
594601,16:33:00,16:33:00,154000,,20,,,,,,1,8372.25
594601,16:34:00,16:34:00,153914,,21,,,,,,1,8566.15
594601,16:35:00,16:35:00,154042,,22,,,,,,1,8779.47
594601,16:38:00,16:38:00,154043,,23,,,,,,1,9030.53
594601,16:39:00,16:39:00,154044,,24,,,,,,1,9364.87
594601,16:39:00,16:39:00,154154,,25,,,,,,1,10006.33
594601,16:40:00,16:40:00,154155,,26,,,,,,1,10231.17
594601,16:40:00,16:40:00,154156,,27,,,,,,1,10377.05
594601,16:42:00,16:42:00,154187,,28,,,,,,1,11045.57
594601,16:42:00,16:42:00,154185,,29,,,,,,1,11607.54
594601,16:43:00,16:43:00,154186,,30,,,,,,1,12074.96
594602,17:30:00,17:30:00,154105,,1,,,,,,1,0
594602,17:33:00,17:33:00,153979,,2,,,,,,1,687.96
594602,17:33:00,17:33:00,153981,,3,,,,,,1,1350.3
594602,17:34:00,17:34:00,154032,,4,,,,,,1,1843.72
594602,17:35:00,17:35:00,154036,,5,,,,,,1,2278.04
594602,17:37:00,17:37:00,154034,,6,,,,,,1,2919.85
594602,17:38:00,17:38:00,153939,,7,,,,,,1,3465.45
594602,17:39:00,17:39:00,153948,,8,,,,,,1,3885.05
594602,17:39:00,17:39:00,153951,,9,,,,,,1,4296.73
594602,17:40:00,17:40:00,153937,,10,,,,,,1,4697.88
594602,17:41:00,17:41:00,153942,,11,,,,,,1,5165.07
594602,17:42:00,17:42:00,153943,,12,,,,,,1,5776.19
594602,17:42:00,17:42:00,153940,,13,,,,,,1,6221.21
594602,17:42:00,17:42:00,153927,,14,,,,,,1,6502.29
594602,17:43:00,17:43:00,154052,,15,,,,,,1,6785.07
594602,17:43:00,17:43:00,153978,,16,,,,,,1,6927.56
594602,17:43:00,17:43:00,153973,,17,,,,,,1,7069.08
594602,17:44:00,17:44:00,153976,,18,,,,,,1,7618.4
594602,17:44:00,17:44:00,154001,,19,,,,,,1,7860.09
594602,17:45:00,17:45:00,154000,,20,,,,,,1,8372.25
594602,17:46:00,17:46:00,153914,,21,,,,,,1,8566.15
594602,17:47:00,17:47:00,154042,,22,,,,,,1,8779.47
594602,17:49:00,17:49:00,154043,,23,,,,,,1,9030.53
594602,17:49:00,17:49:00,154044,,24,,,,,,1,9364.87
594602,17:49:00,17:49:00,154154,,25,,,,,,1,10006.33
594602,17:50:00,17:50:00,154155,,26,,,,,,1,10231.17
594602,17:50:00,17:50:00,154156,,27,,,,,,1,10377.05
594602,17:52:00,17:52:00,154187,,28,,,,,,1,11045.57
594602,17:52:00,17:52:00,154185,,29,,,,,,1,11607.54
594602,17:53:00,17:53:00,154186,,30,,,,,,1,12074.96
594603,18:30:00,18:30:00,154105,,1,,,,,,1,0
594603,18:33:00,18:33:00,153979,,2,,,,,,1,687.96
594603,18:33:00,18:33:00,153981,,3,,,,,,1,1350.3
594603,18:34:00,18:34:00,154032,,4,,,,,,1,1843.72
594603,18:35:00,18:35:00,154036,,5,,,,,,1,2278.04
594603,18:37:00,18:37:00,154034,,6,,,,,,1,2919.85
594603,18:38:00,18:38:00,153939,,7,,,,,,1,3465.45
594603,18:39:00,18:39:00,153948,,8,,,,,,1,3885.05
594603,18:39:00,18:39:00,153951,,9,,,,,,1,4296.73
594603,18:40:00,18:40:00,153937,,10,,,,,,1,4697.88
594603,18:41:00,18:41:00,153942,,11,,,,,,1,5165.07
594603,18:42:00,18:42:00,153943,,12,,,,,,1,5776.19
594603,18:42:00,18:42:00,153940,,13,,,,,,1,6221.21
594603,18:42:00,18:42:00,153927,,14,,,,,,1,6502.29
594603,18:43:00,18:43:00,154052,,15,,,,,,1,6785.07
594603,18:43:00,18:43:00,153978,,16,,,,,,1,6927.56
594603,18:43:00,18:43:00,153973,,17,,,,,,1,7069.08
594603,18:44:00,18:44:00,153976,,18,,,,,,1,7618.4
594603,18:44:00,18:44:00,154001,,19,,,,,,1,7860.09
594603,18:45:00,18:45:00,154000,,20,,,,,,1,8372.25
594603,18:46:00,18:46:00,153914,,21,,,,,,1,8566.15
594603,18:47:00,18:47:00,154042,,22,,,,,,1,8779.47
594603,18:49:00,18:49:00,154043,,23,,,,,,1,9030.53
594603,18:49:00,18:49:00,154044,,24,,,,,,1,9364.87
594603,18:49:00,18:49:00,154154,,25,,,,,,1,10006.33
594603,18:50:00,18:50:00,154155,,26,,,,,,1,10231.17
594603,18:50:00,18:50:00,154156,,27,,,,,,1,10377.05
594603,18:52:00,18:52:00,154187,,28,,,,,,1,11045.57
594603,18:52:00,18:52:00,154185,,29,,,,,,1,11607.54
594603,18:53:00,18:53:00,154186,,30,,,,,,1,12074.96
594604,19:30:00,19:30:00,154105,,1,,,,,,1,0
594604,19:33:00,19:33:00,153979,,2,,,,,,1,687.96
594604,19:33:00,19:33:00,153981,,3,,,,,,1,1350.3
594604,19:34:00,19:34:00,154032,,4,,,,,,1,1843.72
594604,19:35:00,19:35:00,154036,,5,,,,,,1,2278.04
594604,19:37:00,19:37:00,154034,,6,,,,,,1,2919.85
594604,19:38:00,19:38:00,153939,,7,,,,,,1,3465.45
594604,19:39:00,19:39:00,153948,,8,,,,,,1,3885.05
594604,19:39:00,19:39:00,153951,,9,,,,,,1,4296.73
594604,19:40:00,19:40:00,153937,,10,,,,,,1,4697.88
594604,19:41:00,19:41:00,153942,,11,,,,,,1,5165.07
594604,19:42:00,19:42:00,153943,,12,,,,,,1,5776.19
594604,19:42:00,19:42:00,153940,,13,,,,,,1,6221.21
594604,19:42:00,19:42:00,153927,,14,,,,,,1,6502.29
594604,19:43:00,19:43:00,154052,,15,,,,,,1,6785.07
594604,19:43:00,19:43:00,153978,,16,,,,,,1,6927.56
594604,19:43:00,19:43:00,153973,,17,,,,,,1,7069.08
594604,19:44:00,19:44:00,153976,,18,,,,,,1,7618.4
594604,19:44:00,19:44:00,154001,,19,,,,,,1,7860.09
594604,19:45:00,19:45:00,154000,,20,,,,,,1,8372.25
594604,19:46:00,19:46:00,153914,,21,,,,,,1,8566.15
594604,19:47:00,19:47:00,154042,,22,,,,,,1,8779.47
594604,19:49:00,19:49:00,154043,,23,,,,,,1,9030.53
594604,19:49:00,19:49:00,154044,,24,,,,,,1,9364.87
594604,19:49:00,19:49:00,154154,,25,,,,,,1,10006.33
594604,19:50:00,19:50:00,154155,,26,,,,,,1,10231.17
594604,19:50:00,19:50:00,154156,,27,,,,,,1,10377.05
594604,19:52:00,19:52:00,154187,,28,,,,,,1,11045.57
594604,19:52:00,19:52:00,154185,,29,,,,,,1,11607.54
594604,19:53:00,19:53:00,154186,,30,,,,,,1,12074.96
594632,08:55:00,08:55:00,153960,,1,,,,,,1,0
594632,08:57:00,08:57:00,154153,,2,,,,,,1,888.93
594632,08:58:00,08:58:00,154137,,3,,,,,,1,1622.81
594632,08:59:00,08:59:00,153921,,4,,,,,,1,2120.03
594632,09:00:00,09:00:00,153919,,5,,,,,,1,2356.4
594632,09:01:00,09:01:00,153924,,6,,,,,,1,3126.82
594632,09:02:00,09:02:00,153920,,7,,,,,,1,3481.43
594632,09:05:00,09:05:00,153923,,8,,,,,,1,4246.47
594632,09:05:00,09:05:00,153982,,9,,,,,,1,4575.24
594632,09:06:00,09:06:00,154024,,10,,,,,,1,5143.92
594632,09:07:00,09:07:00,154026,,11,,,,,,1,5397.09
594632,09:07:00,09:07:00,154027,,12,,,,,,1,5639.25
594632,09:08:00,09:08:00,154029,,13,,,,,,1,6207.77
594632,09:09:00,09:09:00,154053,,14,,,,,,1,6723.48
594632,09:09:00,09:09:00,154054,,15,,,,,,1,7061.41
594632,09:10:00,09:10:00,153932,,16,,,,,,1,7563.06
594632,09:12:00,09:12:00,154094,,17,,,,,,1,7963.14
594632,09:13:00,09:13:00,154112,,18,,,,,,1,8488.6
594632,09:14:00,09:14:00,154114,,19,,,,,,1,9283.32
594632,09:17:00,09:17:00,153967,,20,,,,,,1,10389.61
594632,09:22:00,09:22:00,154106,,21,,,,,,1,11871.99
594644,09:55:00,09:55:00,153960,,1,,,,,,1,0
594644,09:57:00,09:57:00,154153,,2,,,,,,1,888.93
594644,09:58:00,09:58:00,154137,,3,,,,,,1,1622.81
594644,09:59:00,09:59:00,153921,,4,,,,,,1,2120.03
594644,10:00:00,10:00:00,153919,,5,,,,,,1,2356.4
594644,10:01:00,10:01:00,153924,,6,,,,,,1,3126.82
594644,10:02:00,10:02:00,153920,,7,,,,,,1,3481.43
594644,10:05:00,10:05:00,153923,,8,,,,,,1,4246.47
594644,10:05:00,10:05:00,153982,,9,,,,,,1,4575.24
594644,10:06:00,10:06:00,154024,,10,,,,,,1,5143.92
594644,10:07:00,10:07:00,154026,,11,,,,,,1,5397.09
594644,10:07:00,10:07:00,154027,,12,,,,,,1,5639.25
594644,10:08:00,10:08:00,154029,,13,,,,,,1,6207.77
594644,10:09:00,10:09:00,154053,,14,,,,,,1,6723.48
594644,10:09:00,10:09:00,154054,,15,,,,,,1,7061.41
594644,10:10:00,10:10:00,153932,,16,,,,,,1,7563.06
594644,10:12:00,10:12:00,154094,,17,,,,,,1,7963.14
594644,10:13:00,10:13:00,154112,,18,,,,,,1,8488.6
594644,10:14:00,10:14:00,154114,,19,,,,,,1,9283.32
594644,10:17:00,10:17:00,153967,,20,,,,,,1,10389.61
594644,10:22:00,10:22:00,154106,,21,,,,,,1,11871.99
594645,10:55:00,10:55:00,153960,,1,,,,,,1,0
594645,10:57:00,10:57:00,154153,,2,,,,,,1,888.93
594645,10:58:00,10:58:00,154137,,3,,,,,,1,1622.81
594645,10:59:00,10:59:00,153921,,4,,,,,,1,2120.03
594645,11:00:00,11:00:00,153919,,5,,,,,,1,2356.4
594645,11:01:00,11:01:00,153924,,6,,,,,,1,3126.82
594645,11:02:00,11:02:00,153920,,7,,,,,,1,3481.43
594645,11:05:00,11:05:00,153923,,8,,,,,,1,4246.47
594645,11:05:00,11:05:00,153982,,9,,,,,,1,4575.24
594645,11:06:00,11:06:00,154024,,10,,,,,,1,5143.92
594645,11:07:00,11:07:00,154026,,11,,,,,,1,5397.09
594645,11:07:00,11:07:00,154027,,12,,,,,,1,5639.25
594645,11:08:00,11:08:00,154029,,13,,,,,,1,6207.77
594645,11:09:00,11:09:00,154053,,14,,,,,,1,6723.48
594645,11:09:00,11:09:00,154054,,15,,,,,,1,7061.41
594645,11:10:00,11:10:00,153932,,16,,,,,,1,7563.06
594645,11:12:00,11:12:00,154094,,17,,,,,,1,7963.14
594645,11:13:00,11:13:00,154112,,18,,,,,,1,8488.6
594645,11:14:00,11:14:00,154114,,19,,,,,,1,9283.32
594645,11:17:00,11:17:00,153967,,20,,,,,,1,10389.61
594645,11:22:00,11:22:00,154106,,21,,,,,,1,11871.99
594646,11:55:00,11:55:00,153960,,1,,,,,,1,0
594646,11:57:00,11:57:00,154153,,2,,,,,,1,888.93
594646,11:58:00,11:58:00,154137,,3,,,,,,1,1622.81
594646,11:59:00,11:59:00,153921,,4,,,,,,1,2120.03
594646,12:00:00,12:00:00,153919,,5,,,,,,1,2356.4
594646,12:01:00,12:01:00,153924,,6,,,,,,1,3126.82
594646,12:02:00,12:02:00,153920,,7,,,,,,1,3481.43
594646,12:05:00,12:05:00,153923,,8,,,,,,1,4246.47
594646,12:05:00,12:05:00,153982,,9,,,,,,1,4575.24
594646,12:06:00,12:06:00,154024,,10,,,,,,1,5143.92
594646,12:07:00,12:07:00,154026,,11,,,,,,1,5397.09
594646,12:07:00,12:07:00,154027,,12,,,,,,1,5639.25
594646,12:08:00,12:08:00,154029,,13,,,,,,1,6207.77
594646,12:09:00,12:09:00,154053,,14,,,,,,1,6723.48
594646,12:09:00,12:09:00,154054,,15,,,,,,1,7061.41
594646,12:10:00,12:10:00,153932,,16,,,,,,1,7563.06
594646,12:12:00,12:12:00,154094,,17,,,,,,1,7963.14
594646,12:13:00,12:13:00,154112,,18,,,,,,1,8488.6
594646,12:14:00,12:14:00,154114,,19,,,,,,1,9283.32
594646,12:17:00,12:17:00,153967,,20,,,,,,1,10389.61
594646,12:22:00,12:22:00,154106,,21,,,,,,1,11871.99
594647,13:03:00,13:03:00,153960,,1,,,,,,1,0
594647,13:05:00,13:05:00,154153,,2,,,,,,1,888.93
594647,13:06:00,13:06:00,154137,,3,,,,,,1,1622.81
594647,13:07:00,13:07:00,153921,,4,,,,,,1,2120.03
594647,13:08:00,13:08:00,153919,,5,,,,,,1,2356.4
594647,13:09:00,13:09:00,153924,,6,,,,,,1,3126.82
594647,13:10:00,13:10:00,153920,,7,,,,,,1,3481.43
594647,13:12:00,13:12:00,153923,,8,,,,,,1,4246.47
594647,13:13:00,13:13:00,153982,,9,,,,,,1,4575.24
594647,13:14:00,13:14:00,154024,,10,,,,,,1,5143.92
594647,13:15:00,13:15:00,154026,,11,,,,,,1,5397.09
594647,13:15:00,13:15:00,154027,,12,,,,,,1,5639.25
594647,13:16:00,13:16:00,154029,,13,,,,,,1,6207.77
594647,13:17:00,13:17:00,154053,,14,,,,,,1,6723.48
594647,13:17:00,13:17:00,154054,,15,,,,,,1,7061.41
594647,13:18:00,13:18:00,153932,,16,,,,,,1,7563.06
594647,13:20:00,13:20:00,154094,,17,,,,,,1,7963.14
594647,13:21:00,13:21:00,154112,,18,,,,,,1,8488.6
594647,13:22:00,13:22:00,154114,,19,,,,,,1,9283.32
594647,13:25:00,13:25:00,153967,,20,,,,,,1,10389.61
594647,13:30:00,13:30:00,154106,,21,,,,,,1,11871.99
594648,14:18:00,14:18:00,153960,,1,,,,,,1,0
594648,14:20:00,14:20:00,154153,,2,,,,,,1,888.93
594648,14:21:00,14:21:00,154137,,3,,,,,,1,1622.81
594648,14:22:00,14:22:00,153921,,4,,,,,,1,2120.03
594648,14:23:00,14:23:00,153919,,5,,,,,,1,2356.4
594648,14:24:00,14:24:00,153924,,6,,,,,,1,3126.82
594648,14:25:00,14:25:00,153920,,7,,,,,,1,3481.43
594648,14:27:00,14:27:00,153923,,8,,,,,,1,4246.47
594648,14:28:00,14:28:00,153982,,9,,,,,,1,4575.24
594648,14:29:00,14:29:00,154024,,10,,,,,,1,5143.92
594648,14:30:00,14:30:00,154026,,11,,,,,,1,5397.09
594648,14:30:00,14:30:00,154027,,12,,,,,,1,5639.25
594648,14:31:00,14:31:00,154029,,13,,,,,,1,6207.77
594648,14:32:00,14:32:00,154053,,14,,,,,,1,6723.48
594648,14:32:00,14:32:00,154054,,15,,,,,,1,7061.41
594648,14:33:00,14:33:00,153932,,16,,,,,,1,7563.06
594648,14:35:00,14:35:00,154094,,17,,,,,,1,7963.14
594648,14:36:00,14:36:00,154112,,18,,,,,,1,8488.6
594648,14:37:00,14:37:00,154114,,19,,,,,,1,9283.32
594648,14:40:00,14:40:00,153967,,20,,,,,,1,10389.61
594648,14:45:00,14:45:00,154106,,21,,,,,,1,11871.99
594649,15:33:00,15:33:00,153960,,1,,,,,,1,0
594649,15:35:00,15:35:00,154153,,2,,,,,,1,888.93
594649,15:36:00,15:36:00,154137,,3,,,,,,1,1622.81
594649,15:37:00,15:37:00,153921,,4,,,,,,1,2120.03
594649,15:38:00,15:38:00,153919,,5,,,,,,1,2356.4
594649,15:39:00,15:39:00,153924,,6,,,,,,1,3126.82
594649,15:40:00,15:40:00,153920,,7,,,,,,1,3481.43
594649,15:42:00,15:42:00,153923,,8,,,,,,1,4246.47
594649,15:43:00,15:43:00,153982,,9,,,,,,1,4575.24
594649,15:44:00,15:44:00,154024,,10,,,,,,1,5143.92
594649,15:45:00,15:45:00,154026,,11,,,,,,1,5397.09
594649,15:45:00,15:45:00,154027,,12,,,,,,1,5639.25
594649,15:46:00,15:46:00,154029,,13,,,,,,1,6207.77
594649,15:47:00,15:47:00,154053,,14,,,,,,1,6723.48
594649,15:47:00,15:47:00,154054,,15,,,,,,1,7061.41
594649,15:48:00,15:48:00,153932,,16,,,,,,1,7563.06
594649,15:50:00,15:50:00,154094,,17,,,,,,1,7963.14
594649,15:51:00,15:51:00,154112,,18,,,,,,1,8488.6
594649,15:52:00,15:52:00,154114,,19,,,,,,1,9283.32
594649,15:55:00,15:55:00,153967,,20,,,,,,1,10389.61
594649,16:00:00,16:00:00,154106,,21,,,,,,1,11871.99
594650,16:48:00,16:48:00,153960,,1,,,,,,1,0
594650,16:50:00,16:50:00,154153,,2,,,,,,1,888.93
594650,16:51:00,16:51:00,154137,,3,,,,,,1,1622.81
594650,16:52:00,16:52:00,153921,,4,,,,,,1,2120.03
594650,16:53:00,16:53:00,153919,,5,,,,,,1,2356.4
594650,16:54:00,16:54:00,153924,,6,,,,,,1,3126.82
594650,16:55:00,16:55:00,153920,,7,,,,,,1,3481.43
594650,16:57:00,16:57:00,153923,,8,,,,,,1,4246.47
594650,16:58:00,16:58:00,153982,,9,,,,,,1,4575.24
594650,16:59:00,16:59:00,154024,,10,,,,,,1,5143.92
594650,17:00:00,17:00:00,154026,,11,,,,,,1,5397.09
594650,17:00:00,17:00:00,154027,,12,,,,,,1,5639.25
594650,17:01:00,17:01:00,154029,,13,,,,,,1,6207.77
594650,17:02:00,17:02:00,154053,,14,,,,,,1,6723.48
594650,17:02:00,17:02:00,154054,,15,,,,,,1,7061.41
594650,17:03:00,17:03:00,153932,,16,,,,,,1,7563.06
594650,17:05:00,17:05:00,154094,,17,,,,,,1,7963.14
594650,17:06:00,17:06:00,154112,,18,,,,,,1,8488.6
594650,17:07:00,17:07:00,154114,,19,,,,,,1,9283.32
594650,17:10:00,17:10:00,153967,,20,,,,,,1,10389.61
594650,17:15:00,17:15:00,154106,,21,,,,,,1,11871.99
594651,17:55:00,17:55:00,153960,,1,,,,,,1,0
594651,17:57:00,17:57:00,154153,,2,,,,,,1,888.93
594651,17:58:00,17:58:00,154137,,3,,,,,,1,1622.81
594651,17:59:00,17:59:00,153921,,4,,,,,,1,2120.03
594651,18:00:00,18:00:00,153919,,5,,,,,,1,2356.4
594651,18:01:00,18:01:00,153924,,6,,,,,,1,3126.82
594651,18:02:00,18:02:00,153920,,7,,,,,,1,3481.43
594651,18:05:00,18:05:00,153923,,8,,,,,,1,4246.47
594651,18:05:00,18:05:00,153982,,9,,,,,,1,4575.24
594651,18:06:00,18:06:00,154024,,10,,,,,,1,5143.92
594651,18:07:00,18:07:00,154026,,11,,,,,,1,5397.09
594651,18:07:00,18:07:00,154027,,12,,,,,,1,5639.25
594651,18:08:00,18:08:00,154029,,13,,,,,,1,6207.77
594651,18:09:00,18:09:00,154053,,14,,,,,,1,6723.48
594651,18:09:00,18:09:00,154054,,15,,,,,,1,7061.41
594651,18:10:00,18:10:00,153932,,16,,,,,,1,7563.06
594651,18:12:00,18:12:00,154094,,17,,,,,,1,7963.14
594651,18:13:00,18:13:00,154112,,18,,,,,,1,8488.6
594651,18:14:00,18:14:00,154114,,19,,,,,,1,9283.32
594651,18:17:00,18:17:00,153967,,20,,,,,,1,10389.61
594651,18:22:00,18:22:00,154106,,21,,,,,,1,11871.99
594652,18:55:00,18:55:00,153960,,1,,,,,,1,0
594652,18:57:00,18:57:00,154153,,2,,,,,,1,888.93
594652,18:58:00,18:58:00,154137,,3,,,,,,1,1622.81
594652,18:59:00,18:59:00,153921,,4,,,,,,1,2120.03
594652,19:00:00,19:00:00,153919,,5,,,,,,1,2356.4
594652,19:01:00,19:01:00,153924,,6,,,,,,1,3126.82
594652,19:02:00,19:02:00,153920,,7,,,,,,1,3481.43
594652,19:05:00,19:05:00,153923,,8,,,,,,1,4246.47
594652,19:05:00,19:05:00,153982,,9,,,,,,1,4575.24
594652,19:06:00,19:06:00,154024,,10,,,,,,1,5143.92
594652,19:07:00,19:07:00,154026,,11,,,,,,1,5397.09
594652,19:07:00,19:07:00,154027,,12,,,,,,1,5639.25
594652,19:08:00,19:08:00,154029,,13,,,,,,1,6207.77
594652,19:09:00,19:09:00,154053,,14,,,,,,1,6723.48
594652,19:09:00,19:09:00,154054,,15,,,,,,1,7061.41
594652,19:10:00,19:10:00,153932,,16,,,,,,1,7563.06
594652,19:12:00,19:12:00,154094,,17,,,,,,1,7963.14
594652,19:13:00,19:13:00,154112,,18,,,,,,1,8488.6
594652,19:14:00,19:14:00,154114,,19,,,,,,1,9283.32
594652,19:17:00,19:17:00,153967,,20,,,,,,1,10389.61
594652,19:22:00,19:22:00,154106,,21,,,,,,1,11871.99
594653,19:55:00,19:55:00,153960,,1,,,,,,1,0
594653,19:57:00,19:57:00,154153,,2,,,,,,1,888.93
594653,19:58:00,19:58:00,154137,,3,,,,,,1,1622.81
594653,19:59:00,19:59:00,153921,,4,,,,,,1,2120.03
594653,20:00:00,20:00:00,153919,,5,,,,,,1,2356.4
594653,20:01:00,20:01:00,153924,,6,,,,,,1,3126.82
594653,20:02:00,20:02:00,153920,,7,,,,,,1,3481.43
594653,20:05:00,20:05:00,153923,,8,,,,,,1,4246.47
594653,20:05:00,20:05:00,153982,,9,,,,,,1,4575.24
594653,20:06:00,20:06:00,154024,,10,,,,,,1,5143.92
594653,20:07:00,20:07:00,154026,,11,,,,,,1,5397.09
594653,20:07:00,20:07:00,154027,,12,,,,,,1,5639.25
594653,20:08:00,20:08:00,154029,,13,,,,,,1,6207.77
594653,20:09:00,20:09:00,154053,,14,,,,,,1,6723.48
594653,20:09:00,20:09:00,154054,,15,,,,,,1,7061.41
594653,20:10:00,20:10:00,153932,,16,,,,,,1,7563.06
594653,20:12:00,20:12:00,154094,,17,,,,,,1,7963.14
594653,20:13:00,20:13:00,154112,,18,,,,,,1,8488.6
594653,20:14:00,20:14:00,154114,,19,,,,,,1,9283.32
594653,20:17:00,20:17:00,153967,,20,,,,,,1,10389.61
594653,20:22:00,20:22:00,154106,,21,,,,,,1,11871.99
604544,05:55:00,05:55:00,153960,,1,,,,,,1,0
604544,05:57:00,05:57:00,154153,,2,,,,,,1,888.93
604544,05:58:00,05:58:00,154137,,3,,,,,,1,1622.81
604544,05:59:00,05:59:00,153921,,4,,,,,,1,2120.03
604544,06:00:00,06:00:00,153919,,5,,,,,,1,2356.4
604544,06:01:00,06:01:00,153924,,6,,,,,,1,3126.82
604544,06:02:00,06:02:00,153920,,7,,,,,,1,3481.43
604544,06:05:00,06:05:00,153923,,8,,,,,,1,4246.47
604544,06:05:00,06:05:00,153982,,9,,,,,,1,4575.24
604544,06:06:00,06:06:00,154024,,10,,,,,,1,5143.92
604544,06:07:00,06:07:00,154026,,11,,,,,,1,5397.09
604544,06:07:00,06:07:00,154027,,12,,,,,,1,5639.25
604544,06:08:00,06:08:00,154029,,13,,,,,,1,6207.77
604544,06:09:00,06:09:00,154053,,14,,,,,,1,6723.48
604544,06:09:00,06:09:00,154054,,15,,,,,,1,7061.41
604544,06:10:00,06:10:00,153932,,16,,,,,,1,7563.06
604544,06:12:00,06:12:00,154094,,17,,,,,,1,7963.14
604544,06:13:00,06:13:00,154112,,18,,,,,,1,8488.6
604544,06:14:00,06:14:00,154114,,19,,,,,,1,9283.32
604544,06:17:00,06:17:00,153967,,20,,,,,,1,10389.61
604544,06:22:00,06:22:00,154106,,21,,,,,,1,11871.99
604583,06:55:00,06:55:00,153960,,1,,,,,,1,0
604583,06:57:00,06:57:00,154153,,2,,,,,,1,888.93
604583,06:58:00,06:58:00,154137,,3,,,,,,1,1622.81
604583,06:59:00,06:59:00,153921,,4,,,,,,1,2120.03
604583,07:00:00,07:00:00,153919,,5,,,,,,1,2356.4
604583,07:01:00,07:01:00,153924,,6,,,,,,1,3126.82
604583,07:02:00,07:02:00,153920,,7,,,,,,1,3481.43
604583,07:05:00,07:05:00,153923,,8,,,,,,1,4246.47
604583,07:05:00,07:05:00,153982,,9,,,,,,1,4575.24
604583,07:06:00,07:06:00,154024,,10,,,,,,1,5143.92
604583,07:07:00,07:07:00,154026,,11,,,,,,1,5397.09
604583,07:07:00,07:07:00,154027,,12,,,,,,1,5639.25
604583,07:08:00,07:08:00,154029,,13,,,,,,1,6207.77
604583,07:09:00,07:09:00,154053,,14,,,,,,1,6723.48
604583,07:09:00,07:09:00,154054,,15,,,,,,1,7061.41
604583,07:10:00,07:10:00,153932,,16,,,,,,1,7563.06
604583,07:12:00,07:12:00,154094,,17,,,,,,1,7963.14
604583,07:13:00,07:13:00,154112,,18,,,,,,1,8488.6
604583,07:14:00,07:14:00,154114,,19,,,,,,1,9283.32
604583,07:17:00,07:17:00,153967,,20,,,,,,1,10389.61
604583,07:22:00,07:22:00,154106,,21,,,,,,1,11871.99
604584,07:55:00,07:55:00,153960,,1,,,,,,1,0
604584,07:57:00,07:57:00,154153,,2,,,,,,1,888.93
604584,07:58:00,07:58:00,154137,,3,,,,,,1,1622.81
604584,07:59:00,07:59:00,153921,,4,,,,,,1,2120.03
604584,08:00:00,08:00:00,153919,,5,,,,,,1,2356.4
604584,08:01:00,08:01:00,153924,,6,,,,,,1,3126.82
604584,08:02:00,08:02:00,153920,,7,,,,,,1,3481.43
604584,08:05:00,08:05:00,153923,,8,,,,,,1,4246.47
604584,08:05:00,08:05:00,153982,,9,,,,,,1,4575.24
604584,08:06:00,08:06:00,154024,,10,,,,,,1,5143.92
604584,08:07:00,08:07:00,154026,,11,,,,,,1,5397.09
604584,08:07:00,08:07:00,154027,,12,,,,,,1,5639.25
604584,08:08:00,08:08:00,154029,,13,,,,,,1,6207.77
604584,08:09:00,08:09:00,154053,,14,,,,,,1,6723.48
604584,08:09:00,08:09:00,154054,,15,,,,,,1,7061.41
604584,08:10:00,08:10:00,153932,,16,,,,,,1,7563.06
604584,08:12:00,08:12:00,154094,,17,,,,,,1,7963.14
604584,08:13:00,08:13:00,154112,,18,,,,,,1,8488.6
604584,08:14:00,08:14:00,154114,,19,,,,,,1,9283.32
604584,08:17:00,08:17:00,153967,,20,,,,,,1,10389.61
604584,08:22:00,08:22:00,154106,,21,,,,,,1,11871.99
604585,17:55:00,17:55:00,153960,,1,,,,,,1,0
604585,17:57:00,17:57:00,154153,,2,,,,,,1,888.93
604585,17:58:00,17:58:00,154137,,3,,,,,,1,1622.81
604585,17:59:00,17:59:00,153921,,4,,,,,,1,2120.03
604585,18:00:00,18:00:00,153919,,5,,,,,,1,2356.4
604585,18:01:00,18:01:00,153924,,6,,,,,,1,3126.82
604585,18:02:00,18:02:00,153920,,7,,,,,,1,3481.43
604585,18:05:00,18:05:00,153923,,8,,,,,,1,4246.47
604585,18:05:00,18:05:00,153982,,9,,,,,,1,4575.24
604585,18:06:00,18:06:00,154024,,10,,,,,,1,5143.92
604585,18:07:00,18:07:00,154026,,11,,,,,,1,5397.09
604585,18:07:00,18:07:00,154027,,12,,,,,,1,5639.25
604585,18:08:00,18:08:00,154029,,13,,,,,,1,6207.77
604585,18:09:00,18:09:00,154053,,14,,,,,,1,6723.48
604585,18:09:00,18:09:00,154054,,15,,,,,,1,7061.41
604585,18:10:00,18:10:00,153932,,16,,,,,,1,7563.06
604585,18:12:00,18:12:00,154094,,17,,,,,,1,7963.14
604585,18:13:00,18:13:00,154112,,18,,,,,,1,8488.6
604585,18:14:00,18:14:00,154114,,19,,,,,,1,9283.32
604585,18:17:00,18:17:00,153967,,20,,,,,,1,10389.61
604585,18:22:00,18:22:00,154106,,21,,,,,,1,11871.99
604586,18:55:00,18:55:00,153960,,1,,,,,,1,0
604586,18:57:00,18:57:00,154153,,2,,,,,,1,888.93
604586,18:58:00,18:58:00,154137,,3,,,,,,1,1622.81
604586,18:59:00,18:59:00,153921,,4,,,,,,1,2120.03
604586,19:00:00,19:00:00,153919,,5,,,,,,1,2356.4
604586,19:01:00,19:01:00,153924,,6,,,,,,1,3126.82
604586,19:02:00,19:02:00,153920,,7,,,,,,1,3481.43
604586,19:05:00,19:05:00,153923,,8,,,,,,1,4246.47
604586,19:05:00,19:05:00,153982,,9,,,,,,1,4575.24
604586,19:06:00,19:06:00,154024,,10,,,,,,1,5143.92
604586,19:07:00,19:07:00,154026,,11,,,,,,1,5397.09
604586,19:07:00,19:07:00,154027,,12,,,,,,1,5639.25
604586,19:08:00,19:08:00,154029,,13,,,,,,1,6207.77
604586,19:09:00,19:09:00,154053,,14,,,,,,1,6723.48
604586,19:09:00,19:09:00,154054,,15,,,,,,1,7061.41
604586,19:10:00,19:10:00,153932,,16,,,,,,1,7563.06
604586,19:12:00,19:12:00,154094,,17,,,,,,1,7963.14
604586,19:13:00,19:13:00,154112,,18,,,,,,1,8488.6
604586,19:14:00,19:14:00,154114,,19,,,,,,1,9283.32
604586,19:17:00,19:17:00,153967,,20,,,,,,1,10389.61
604586,19:22:00,19:22:00,154106,,21,,,,,,1,11871.99
604587,19:55:00,19:55:00,153960,,1,,,,,,1,0
604587,19:57:00,19:57:00,154153,,2,,,,,,1,888.93
604587,19:58:00,19:58:00,154137,,3,,,,,,1,1622.81
604587,19:59:00,19:59:00,153921,,4,,,,,,1,2120.03
604587,20:00:00,20:00:00,153919,,5,,,,,,1,2356.4
604587,20:01:00,20:01:00,153924,,6,,,,,,1,3126.82
604587,20:02:00,20:02:00,153920,,7,,,,,,1,3481.43
604587,20:05:00,20:05:00,153923,,8,,,,,,1,4246.47
604587,20:05:00,20:05:00,153982,,9,,,,,,1,4575.24
604587,20:06:00,20:06:00,154024,,10,,,,,,1,5143.92
604587,20:07:00,20:07:00,154026,,11,,,,,,1,5397.09
604587,20:07:00,20:07:00,154027,,12,,,,,,1,5639.25
604587,20:08:00,20:08:00,154029,,13,,,,,,1,6207.77
604587,20:09:00,20:09:00,154053,,14,,,,,,1,6723.48
604587,20:09:00,20:09:00,154054,,15,,,,,,1,7061.41
604587,20:10:00,20:10:00,153932,,16,,,,,,1,7563.06
604587,20:12:00,20:12:00,154094,,17,,,,,,1,7963.14
604587,20:13:00,20:13:00,154112,,18,,,,,,1,8488.6
604587,20:14:00,20:14:00,154114,,19,,,,,,1,9283.32
604587,20:17:00,20:17:00,153967,,20,,,,,,1,10389.61
604587,20:22:00,20:22:00,154106,,21,,,,,,1,11871.99
604570,08:55:00,08:55:00,153960,,1,,,,,,1,0
604570,08:57:00,08:57:00,154153,,2,,,,,,1,878.4
604570,08:58:00,08:58:00,154137,,3,,,,,,1,1612.28
604570,08:59:00,08:59:00,153921,,4,,,,,,1,2109.5
604570,09:00:00,09:00:00,153919,,5,,,,,,1,2345.87
604570,09:01:00,09:01:00,153924,,6,,,,,,1,3116.29
604570,09:02:00,09:02:00,153920,,7,,,,,,1,3470.91
604570,09:05:00,09:05:00,153923,,8,,,,,,1,4235.94
604570,09:05:00,09:05:00,153982,,9,,,,,,1,4564.71
604570,09:06:00,09:06:00,154024,,10,,,,,,1,5133.4
604570,09:07:00,09:07:00,154026,,11,,,,,,1,5386.56
604570,09:07:00,09:07:00,154027,,12,,,,,,1,5628.73
604570,09:08:00,09:08:00,154029,,13,,,,,,1,6197.24
604570,09:09:00,09:09:00,154053,,14,,,,,,1,6712.95
604570,09:09:00,09:09:00,154054,,15,,,,,,1,7050.88
604570,09:10:00,09:10:00,153932,,16,,,,,,1,7552.53
604570,09:12:00,09:12:00,154094,,17,,,,,,1,7952.61
604570,09:13:00,09:13:00,154112,,18,,,,,,1,8478.08
604570,09:14:00,09:14:00,154114,,19,,,,,,1,9272.79
604570,09:16:00,09:16:00,154170,,20,,,,,,1,10007.16
604570,09:16:00,09:16:00,153967,,21,,,,,,1,10867.72
604570,09:17:00,09:17:00,154106,,22,,,,,,1,12350.1
604571,09:55:00,09:55:00,153960,,1,,,,,,1,0
604571,09:57:00,09:57:00,154153,,2,,,,,,1,878.4
604571,09:58:00,09:58:00,154137,,3,,,,,,1,1612.28
604571,09:59:00,09:59:00,153921,,4,,,,,,1,2109.5
604571,10:00:00,10:00:00,153919,,5,,,,,,1,2345.87
604571,10:01:00,10:01:00,153924,,6,,,,,,1,3116.29
604571,10:02:00,10:02:00,153920,,7,,,,,,1,3470.91
604571,10:05:00,10:05:00,153923,,8,,,,,,1,4235.94
604571,10:05:00,10:05:00,153982,,9,,,,,,1,4564.71
604571,10:06:00,10:06:00,154024,,10,,,,,,1,5133.4
604571,10:07:00,10:07:00,154026,,11,,,,,,1,5386.56
604571,10:07:00,10:07:00,154027,,12,,,,,,1,5628.73
604571,10:08:00,10:08:00,154029,,13,,,,,,1,6197.24
604571,10:09:00,10:09:00,154053,,14,,,,,,1,6712.95
604571,10:09:00,10:09:00,154054,,15,,,,,,1,7050.88
604571,10:10:00,10:10:00,153932,,16,,,,,,1,7552.53
604571,10:12:00,10:12:00,154094,,17,,,,,,1,7952.61
604571,10:13:00,10:13:00,154112,,18,,,,,,1,8478.08
604571,10:14:00,10:14:00,154114,,19,,,,,,1,9272.79
604571,10:16:00,10:16:00,154170,,20,,,,,,1,10007.16
604571,10:16:00,10:16:00,153967,,21,,,,,,1,10867.72
604571,10:17:00,10:17:00,154106,,22,,,,,,1,12350.1
604572,10:55:00,10:55:00,153960,,1,,,,,,1,0
604572,10:57:00,10:57:00,154153,,2,,,,,,1,878.4
604572,10:58:00,10:58:00,154137,,3,,,,,,1,1612.28
604572,10:59:00,10:59:00,153921,,4,,,,,,1,2109.5
604572,11:00:00,11:00:00,153919,,5,,,,,,1,2345.87
604572,11:01:00,11:01:00,153924,,6,,,,,,1,3116.29
604572,11:02:00,11:02:00,153920,,7,,,,,,1,3470.91
604572,11:05:00,11:05:00,153923,,8,,,,,,1,4235.94
604572,11:05:00,11:05:00,153982,,9,,,,,,1,4564.71
604572,11:06:00,11:06:00,154024,,10,,,,,,1,5133.4
604572,11:07:00,11:07:00,154026,,11,,,,,,1,5386.56
604572,11:07:00,11:07:00,154027,,12,,,,,,1,5628.73
604572,11:08:00,11:08:00,154029,,13,,,,,,1,6197.24
604572,11:09:00,11:09:00,154053,,14,,,,,,1,6712.95
604572,11:09:00,11:09:00,154054,,15,,,,,,1,7050.88
604572,11:10:00,11:10:00,153932,,16,,,,,,1,7552.53
604572,11:12:00,11:12:00,154094,,17,,,,,,1,7952.61
604572,11:13:00,11:13:00,154112,,18,,,,,,1,8478.08
604572,11:14:00,11:14:00,154114,,19,,,,,,1,9272.79
604572,11:16:00,11:16:00,154170,,20,,,,,,1,10007.16
604572,11:16:00,11:16:00,153967,,21,,,,,,1,10867.72
604572,11:17:00,11:17:00,154106,,22,,,,,,1,12350.1
604573,11:55:00,11:55:00,153960,,1,,,,,,1,0
604573,11:57:00,11:57:00,154153,,2,,,,,,1,878.4
604573,11:58:00,11:58:00,154137,,3,,,,,,1,1612.28
604573,11:59:00,11:59:00,153921,,4,,,,,,1,2109.5
604573,12:00:00,12:00:00,153919,,5,,,,,,1,2345.87
604573,12:01:00,12:01:00,153924,,6,,,,,,1,3116.29
604573,12:02:00,12:02:00,153920,,7,,,,,,1,3470.91
604573,12:05:00,12:05:00,153923,,8,,,,,,1,4235.94
604573,12:05:00,12:05:00,153982,,9,,,,,,1,4564.71
604573,12:06:00,12:06:00,154024,,10,,,,,,1,5133.4
604573,12:07:00,12:07:00,154026,,11,,,,,,1,5386.56
604573,12:07:00,12:07:00,154027,,12,,,,,,1,5628.73
604573,12:08:00,12:08:00,154029,,13,,,,,,1,6197.24
604573,12:09:00,12:09:00,154053,,14,,,,,,1,6712.95
604573,12:09:00,12:09:00,154054,,15,,,,,,1,7050.88
604573,12:10:00,12:10:00,153932,,16,,,,,,1,7552.53
604573,12:12:00,12:12:00,154094,,17,,,,,,1,7952.61
604573,12:13:00,12:13:00,154112,,18,,,,,,1,8478.08
604573,12:14:00,12:14:00,154114,,19,,,,,,1,9272.79
604573,12:16:00,12:16:00,154170,,20,,,,,,1,10007.16
604573,12:16:00,12:16:00,153967,,21,,,,,,1,10867.72
604573,12:17:00,12:17:00,154106,,22,,,,,,1,12350.1
604574,13:03:00,13:03:00,153960,,1,,,,,,1,0
604574,13:05:00,13:05:00,154153,,2,,,,,,1,878.4
604574,13:06:00,13:06:00,154137,,3,,,,,,1,1612.28
604574,13:07:00,13:07:00,153921,,4,,,,,,1,2109.5
604574,13:08:00,13:08:00,153919,,5,,,,,,1,2345.87
604574,13:09:00,13:09:00,153924,,6,,,,,,1,3116.29
604574,13:10:00,13:10:00,153920,,7,,,,,,1,3470.91
604574,13:13:00,13:13:00,153923,,8,,,,,,1,4235.94
604574,13:13:00,13:13:00,153982,,9,,,,,,1,4564.71
604574,13:14:00,13:14:00,154024,,10,,,,,,1,5133.4
604574,13:15:00,13:15:00,154026,,11,,,,,,1,5386.56
604574,13:15:00,13:15:00,154027,,12,,,,,,1,5628.73
604574,13:16:00,13:16:00,154029,,13,,,,,,1,6197.24
604574,13:17:00,13:17:00,154053,,14,,,,,,1,6712.95
604574,13:17:00,13:17:00,154054,,15,,,,,,1,7050.88
604574,13:18:00,13:18:00,153932,,16,,,,,,1,7552.53
604574,13:20:00,13:20:00,154094,,17,,,,,,1,7952.61
604574,13:21:00,13:21:00,154112,,18,,,,,,1,8478.08
604574,13:22:00,13:22:00,154114,,19,,,,,,1,9272.79
604574,13:24:00,13:24:00,154170,,20,,,,,,1,10007.16
604574,13:24:00,13:24:00,153967,,21,,,,,,1,10867.72
604574,13:25:00,13:25:00,154106,,22,,,,,,1,12350.1
604575,14:18:00,14:18:00,153960,,1,,,,,,1,0
604575,14:20:00,14:20:00,154153,,2,,,,,,1,878.4
604575,14:21:00,14:21:00,154137,,3,,,,,,1,1612.28
604575,14:22:00,14:22:00,153921,,4,,,,,,1,2109.5
604575,14:23:00,14:23:00,153919,,5,,,,,,1,2345.87
604575,14:24:00,14:24:00,153924,,6,,,,,,1,3116.29
604575,14:25:00,14:25:00,153920,,7,,,,,,1,3470.91
604575,14:28:00,14:28:00,153923,,8,,,,,,1,4235.94
604575,14:28:00,14:28:00,153982,,9,,,,,,1,4564.71
604575,14:29:00,14:29:00,154024,,10,,,,,,1,5133.4
604575,14:30:00,14:30:00,154026,,11,,,,,,1,5386.56
604575,14:30:00,14:30:00,154027,,12,,,,,,1,5628.73
604575,14:31:00,14:31:00,154029,,13,,,,,,1,6197.24
604575,14:32:00,14:32:00,154053,,14,,,,,,1,6712.95
604575,14:32:00,14:32:00,154054,,15,,,,,,1,7050.88
604575,14:33:00,14:33:00,153932,,16,,,,,,1,7552.53
604575,14:35:00,14:35:00,154094,,17,,,,,,1,7952.61
604575,14:36:00,14:36:00,154112,,18,,,,,,1,8478.08
604575,14:37:00,14:37:00,154114,,19,,,,,,1,9272.79
604575,14:39:00,14:39:00,154170,,20,,,,,,1,10007.16
604575,14:39:00,14:39:00,153967,,21,,,,,,1,10867.72
604575,14:40:00,14:40:00,154106,,22,,,,,,1,12350.1
604576,15:33:00,15:33:00,153960,,1,,,,,,1,0
604576,15:35:00,15:35:00,154153,,2,,,,,,1,878.4
604576,15:36:00,15:36:00,154137,,3,,,,,,1,1612.28
604576,15:37:00,15:37:00,153921,,4,,,,,,1,2109.5
604576,15:38:00,15:38:00,153919,,5,,,,,,1,2345.87
604576,15:39:00,15:39:00,153924,,6,,,,,,1,3116.29
604576,15:40:00,15:40:00,153920,,7,,,,,,1,3470.91
604576,15:43:00,15:43:00,153923,,8,,,,,,1,4235.94
604576,15:43:00,15:43:00,153982,,9,,,,,,1,4564.71
604576,15:44:00,15:44:00,154024,,10,,,,,,1,5133.4
604576,15:45:00,15:45:00,154026,,11,,,,,,1,5386.56
604576,15:45:00,15:45:00,154027,,12,,,,,,1,5628.73
604576,15:46:00,15:46:00,154029,,13,,,,,,1,6197.24
604576,15:47:00,15:47:00,154053,,14,,,,,,1,6712.95
604576,15:47:00,15:47:00,154054,,15,,,,,,1,7050.88
604576,15:48:00,15:48:00,153932,,16,,,,,,1,7552.53
604576,15:50:00,15:50:00,154094,,17,,,,,,1,7952.61
604576,15:51:00,15:51:00,154112,,18,,,,,,1,8478.08
604576,15:52:00,15:52:00,154114,,19,,,,,,1,9272.79
604576,15:54:00,15:54:00,154170,,20,,,,,,1,10007.16
604576,15:54:00,15:54:00,153967,,21,,,,,,1,10867.72
604576,15:55:00,15:55:00,154106,,22,,,,,,1,12350.1
604577,16:48:00,16:48:00,153960,,1,,,,,,1,0
604577,16:50:00,16:50:00,154153,,2,,,,,,1,878.4
604577,16:51:00,16:51:00,154137,,3,,,,,,1,1612.28
604577,16:52:00,16:52:00,153921,,4,,,,,,1,2109.5
604577,16:53:00,16:53:00,153919,,5,,,,,,1,2345.87
604577,16:54:00,16:54:00,153924,,6,,,,,,1,3116.29
604577,16:55:00,16:55:00,153920,,7,,,,,,1,3470.91
604577,16:58:00,16:58:00,153923,,8,,,,,,1,4235.94
604577,16:58:00,16:58:00,153982,,9,,,,,,1,4564.71
604577,16:59:00,16:59:00,154024,,10,,,,,,1,5133.4
604577,17:00:00,17:00:00,154026,,11,,,,,,1,5386.56
604577,17:00:00,17:00:00,154027,,12,,,,,,1,5628.73
604577,17:01:00,17:01:00,154029,,13,,,,,,1,6197.24
604577,17:02:00,17:02:00,154053,,14,,,,,,1,6712.95
604577,17:02:00,17:02:00,154054,,15,,,,,,1,7050.88
604577,17:03:00,17:03:00,153932,,16,,,,,,1,7552.53
604577,17:05:00,17:05:00,154094,,17,,,,,,1,7952.61
604577,17:06:00,17:06:00,154112,,18,,,,,,1,8478.08
604577,17:07:00,17:07:00,154114,,19,,,,,,1,9272.79
604577,17:09:00,17:09:00,154170,,20,,,,,,1,10007.16
604577,17:09:00,17:09:00,153967,,21,,,,,,1,10867.72
604577,17:10:00,17:10:00,154106,,22,,,,,,1,12350.1
594633,08:30:00,08:30:00,154106,,1,,,,,,1,0
594633,08:31:00,08:31:00,154111,,2,,,,,,1,1005.77
594633,08:33:00,08:33:00,154115,,3,,,,,,1,2483.65
594633,08:34:00,08:34:00,154113,,4,,,,,,1,3240.71
594633,08:37:00,08:37:00,154095,,5,,,,,,1,3767.01
594633,08:37:00,08:37:00,153933,,6,,,,,,1,4312.24
594633,08:38:00,08:38:00,154055,,7,,,,,,1,4668.74
594633,08:38:00,08:38:00,154056,,8,,,,,,1,5051.91
594633,08:39:00,08:39:00,154030,,9,,,,,,1,5529.74
594633,08:40:00,08:40:00,154028,,10,,,,,,1,6089.32
594633,08:40:00,08:40:00,154023,,11,,,,,,1,6207.89
594633,08:41:00,08:41:00,154025,,12,,,,,,1,6590.09
594633,08:42:00,08:42:00,153983,,13,,,,,,1,7163.86
594633,08:44:00,08:44:00,153918,,14,,,,,,1,7590.2
594633,08:45:00,08:45:00,153925,,15,,,,,,1,8721.09
594633,08:45:00,08:45:00,153917,,16,,,,,,1,9358.34
594633,08:46:00,08:46:00,153922,,17,,,,,,1,9584.52
594633,08:48:00,08:48:00,154138,,18,,,,,,1,10114.07
594633,08:49:00,08:49:00,154130,,19,,,,,,1,10422.3
594633,08:55:00,08:55:00,153960,,20,,,,,,1,11704.44
594634,09:30:00,09:30:00,154106,,1,,,,,,1,0
594634,09:31:00,09:31:00,154111,,2,,,,,,1,1005.77
594634,09:33:00,09:33:00,154115,,3,,,,,,1,2483.65
594634,09:34:00,09:34:00,154113,,4,,,,,,1,3240.71
594634,09:37:00,09:37:00,154095,,5,,,,,,1,3767.01
594634,09:37:00,09:37:00,153933,,6,,,,,,1,4312.24
594634,09:38:00,09:38:00,154055,,7,,,,,,1,4668.74
594634,09:38:00,09:38:00,154056,,8,,,,,,1,5051.91
594634,09:39:00,09:39:00,154030,,9,,,,,,1,5529.74
594634,09:40:00,09:40:00,154028,,10,,,,,,1,6089.32
594634,09:40:00,09:40:00,154023,,11,,,,,,1,6207.89
594634,09:41:00,09:41:00,154025,,12,,,,,,1,6590.09
594634,09:42:00,09:42:00,153983,,13,,,,,,1,7163.86
594634,09:44:00,09:44:00,153918,,14,,,,,,1,7590.2
594634,09:45:00,09:45:00,153925,,15,,,,,,1,8721.09
594634,09:45:00,09:45:00,153917,,16,,,,,,1,9358.34
594634,09:46:00,09:46:00,153922,,17,,,,,,1,9584.52
594634,09:48:00,09:48:00,154138,,18,,,,,,1,10114.07
594634,09:49:00,09:49:00,154130,,19,,,,,,1,10422.3
594634,09:55:00,09:55:00,153960,,20,,,,,,1,11704.44
594635,10:30:00,10:30:00,154106,,1,,,,,,1,0
594635,10:31:00,10:31:00,154111,,2,,,,,,1,1005.77
594635,10:33:00,10:33:00,154115,,3,,,,,,1,2483.65
594635,10:34:00,10:34:00,154113,,4,,,,,,1,3240.71
594635,10:37:00,10:37:00,154095,,5,,,,,,1,3767.01
594635,10:37:00,10:37:00,153933,,6,,,,,,1,4312.24
594635,10:38:00,10:38:00,154055,,7,,,,,,1,4668.74
594635,10:38:00,10:38:00,154056,,8,,,,,,1,5051.91
594635,10:39:00,10:39:00,154030,,9,,,,,,1,5529.74
594635,10:40:00,10:40:00,154028,,10,,,,,,1,6089.32
594635,10:40:00,10:40:00,154023,,11,,,,,,1,6207.89
594635,10:41:00,10:41:00,154025,,12,,,,,,1,6590.09
594635,10:42:00,10:42:00,153983,,13,,,,,,1,7163.86
594635,10:44:00,10:44:00,153918,,14,,,,,,1,7590.2
594635,10:45:00,10:45:00,153925,,15,,,,,,1,8721.09
594635,10:45:00,10:45:00,153917,,16,,,,,,1,9358.34
594635,10:46:00,10:46:00,153922,,17,,,,,,1,9584.52
594635,10:48:00,10:48:00,154138,,18,,,,,,1,10114.07
594635,10:49:00,10:49:00,154130,,19,,,,,,1,10422.3
594635,10:55:00,10:55:00,153960,,20,,,,,,1,11704.44
594636,11:30:00,11:30:00,154106,,1,,,,,,1,0
594636,11:31:00,11:31:00,154111,,2,,,,,,1,1005.77
594636,11:33:00,11:33:00,154115,,3,,,,,,1,2483.65
594636,11:34:00,11:34:00,154113,,4,,,,,,1,3240.71
594636,11:37:00,11:37:00,154095,,5,,,,,,1,3767.01
594636,11:37:00,11:37:00,153933,,6,,,,,,1,4312.24
594636,11:38:00,11:38:00,154055,,7,,,,,,1,4668.74
594636,11:38:00,11:38:00,154056,,8,,,,,,1,5051.91
594636,11:39:00,11:39:00,154030,,9,,,,,,1,5529.74
594636,11:40:00,11:40:00,154028,,10,,,,,,1,6089.32
594636,11:40:00,11:40:00,154023,,11,,,,,,1,6207.89
594636,11:41:00,11:41:00,154025,,12,,,,,,1,6590.09
594636,11:42:00,11:42:00,153983,,13,,,,,,1,7163.86
594636,11:44:00,11:44:00,153918,,14,,,,,,1,7590.2
594636,11:45:00,11:45:00,153925,,15,,,,,,1,8721.09
594636,11:45:00,11:45:00,153917,,16,,,,,,1,9358.34
594636,11:46:00,11:46:00,153922,,17,,,,,,1,9584.52
594636,11:48:00,11:48:00,154138,,18,,,,,,1,10114.07
594636,11:49:00,11:49:00,154130,,19,,,,,,1,10422.3
594636,11:55:00,11:55:00,153960,,20,,,,,,1,11704.44
594637,12:30:00,12:30:00,154106,,1,,,,,,1,0
594637,12:32:00,12:32:00,154111,,2,,,,,,1,1005.77
594637,12:34:00,12:34:00,154115,,3,,,,,,1,2483.65
594637,12:35:00,12:35:00,154113,,4,,,,,,1,3240.71
594637,12:38:00,12:38:00,154095,,5,,,,,,1,3767.01
594637,12:39:00,12:39:00,153933,,6,,,,,,1,4312.24
594637,12:40:00,12:40:00,154055,,7,,,,,,1,4668.74
594637,12:40:00,12:40:00,154056,,8,,,,,,1,5051.91
594637,12:41:00,12:41:00,154030,,9,,,,,,1,5529.74
594637,12:42:00,12:42:00,154028,,10,,,,,,1,6089.32
594637,12:42:00,12:42:00,154023,,11,,,,,,1,6207.89
594637,12:43:00,12:43:00,154025,,12,,,,,,1,6590.09
594637,12:44:00,12:44:00,153983,,13,,,,,,1,7163.86
594637,12:46:00,12:46:00,153918,,14,,,,,,1,7590.2
594637,12:47:00,12:47:00,153925,,15,,,,,,1,8721.09
594637,12:47:00,12:47:00,153917,,16,,,,,,1,9358.34
594637,12:48:00,12:48:00,153922,,17,,,,,,1,9584.52
594637,12:50:00,12:50:00,154138,,18,,,,,,1,10114.07
594637,12:51:00,12:51:00,154130,,19,,,,,,1,10422.3
594637,13:03:00,13:03:00,153960,,20,,,,,,1,11704.44
594638,13:45:00,13:45:00,154106,,1,,,,,,1,0
594638,13:47:00,13:47:00,154111,,2,,,,,,1,1005.77
594638,13:49:00,13:49:00,154115,,3,,,,,,1,2483.65
594638,13:50:00,13:50:00,154113,,4,,,,,,1,3240.71
594638,13:53:00,13:53:00,154095,,5,,,,,,1,3767.01
594638,13:54:00,13:54:00,153933,,6,,,,,,1,4312.24
594638,13:55:00,13:55:00,154055,,7,,,,,,1,4668.74
594638,13:55:00,13:55:00,154056,,8,,,,,,1,5051.91
594638,13:56:00,13:56:00,154030,,9,,,,,,1,5529.74
594638,13:57:00,13:57:00,154028,,10,,,,,,1,6089.32
594638,13:57:00,13:57:00,154023,,11,,,,,,1,6207.89
594638,13:58:00,13:58:00,154025,,12,,,,,,1,6590.09
594638,13:59:00,13:59:00,153983,,13,,,,,,1,7163.86
594638,14:01:00,14:01:00,153918,,14,,,,,,1,7590.2
594638,14:02:00,14:02:00,153925,,15,,,,,,1,8721.09
594638,14:02:00,14:02:00,153917,,16,,,,,,1,9358.34
594638,14:03:00,14:03:00,153922,,17,,,,,,1,9584.52
594638,14:05:00,14:05:00,154138,,18,,,,,,1,10114.07
594638,14:06:00,14:06:00,154130,,19,,,,,,1,10422.3
594638,14:18:00,14:18:00,153960,,20,,,,,,1,11704.44
594639,15:00:00,15:00:00,154106,,1,,,,,,1,0
594639,15:02:00,15:02:00,154111,,2,,,,,,1,1005.77
594639,15:04:00,15:04:00,154115,,3,,,,,,1,2483.65
594639,15:05:00,15:05:00,154113,,4,,,,,,1,3240.71
594639,15:08:00,15:08:00,154095,,5,,,,,,1,3767.01
594639,15:09:00,15:09:00,153933,,6,,,,,,1,4312.24
594639,15:10:00,15:10:00,154055,,7,,,,,,1,4668.74
594639,15:10:00,15:10:00,154056,,8,,,,,,1,5051.91
594639,15:11:00,15:11:00,154030,,9,,,,,,1,5529.74
594639,15:12:00,15:12:00,154028,,10,,,,,,1,6089.32
594639,15:12:00,15:12:00,154023,,11,,,,,,1,6207.89
594639,15:13:00,15:13:00,154025,,12,,,,,,1,6590.09
594639,15:14:00,15:14:00,153983,,13,,,,,,1,7163.86
594639,15:16:00,15:16:00,153918,,14,,,,,,1,7590.2
594639,15:17:00,15:17:00,153925,,15,,,,,,1,8721.09
594639,15:17:00,15:17:00,153917,,16,,,,,,1,9358.34
594639,15:18:00,15:18:00,153922,,17,,,,,,1,9584.52
594639,15:20:00,15:20:00,154138,,18,,,,,,1,10114.07
594639,15:21:00,15:21:00,154130,,19,,,,,,1,10422.3
594639,15:33:00,15:33:00,153960,,20,,,,,,1,11704.44
594640,16:15:00,16:15:00,154106,,1,,,,,,1,0
594640,16:17:00,16:17:00,154111,,2,,,,,,1,1005.77
594640,16:19:00,16:19:00,154115,,3,,,,,,1,2483.65
594640,16:20:00,16:20:00,154113,,4,,,,,,1,3240.71
594640,16:23:00,16:23:00,154095,,5,,,,,,1,3767.01
594640,16:24:00,16:24:00,153933,,6,,,,,,1,4312.24
594640,16:25:00,16:25:00,154055,,7,,,,,,1,4668.74
594640,16:25:00,16:25:00,154056,,8,,,,,,1,5051.91
594640,16:26:00,16:26:00,154030,,9,,,,,,1,5529.74
594640,16:27:00,16:27:00,154028,,10,,,,,,1,6089.32
594640,16:27:00,16:27:00,154023,,11,,,,,,1,6207.89
594640,16:28:00,16:28:00,154025,,12,,,,,,1,6590.09
594640,16:29:00,16:29:00,153983,,13,,,,,,1,7163.86
594640,16:31:00,16:31:00,153918,,14,,,,,,1,7590.2
594640,16:32:00,16:32:00,153925,,15,,,,,,1,8721.09
594640,16:32:00,16:32:00,153917,,16,,,,,,1,9358.34
594640,16:33:00,16:33:00,153922,,17,,,,,,1,9584.52
594640,16:35:00,16:35:00,154138,,18,,,,,,1,10114.07
594640,16:36:00,16:36:00,154130,,19,,,,,,1,10422.3
594640,16:48:00,16:48:00,153960,,20,,,,,,1,11704.44
594641,17:30:00,17:30:00,154106,,1,,,,,,1,0
594641,17:31:00,17:31:00,154111,,2,,,,,,1,1005.77
594641,17:33:00,17:33:00,154115,,3,,,,,,1,2483.65
594641,17:34:00,17:34:00,154113,,4,,,,,,1,3240.71
594641,17:37:00,17:37:00,154095,,5,,,,,,1,3767.01
594641,17:37:00,17:37:00,153933,,6,,,,,,1,4312.24
594641,17:38:00,17:38:00,154055,,7,,,,,,1,4668.74
594641,17:38:00,17:38:00,154056,,8,,,,,,1,5051.91
594641,17:39:00,17:39:00,154030,,9,,,,,,1,5529.74
594641,17:40:00,17:40:00,154028,,10,,,,,,1,6089.32
594641,17:40:00,17:40:00,154023,,11,,,,,,1,6207.89
594641,17:41:00,17:41:00,154025,,12,,,,,,1,6590.09
594641,17:42:00,17:42:00,153983,,13,,,,,,1,7163.86
594641,17:44:00,17:44:00,153918,,14,,,,,,1,7590.2
594641,17:45:00,17:45:00,153925,,15,,,,,,1,8721.09
594641,17:45:00,17:45:00,153917,,16,,,,,,1,9358.34
594641,17:46:00,17:46:00,153922,,17,,,,,,1,9584.52
594641,17:48:00,17:48:00,154138,,18,,,,,,1,10114.07
594641,17:49:00,17:49:00,154130,,19,,,,,,1,10422.3
594641,17:55:00,17:55:00,153960,,20,,,,,,1,11704.44
594642,18:30:00,18:30:00,154106,,1,,,,,,1,0
594642,18:31:00,18:31:00,154111,,2,,,,,,1,1005.77
594642,18:33:00,18:33:00,154115,,3,,,,,,1,2483.65
594642,18:34:00,18:34:00,154113,,4,,,,,,1,3240.71
594642,18:37:00,18:37:00,154095,,5,,,,,,1,3767.01
594642,18:37:00,18:37:00,153933,,6,,,,,,1,4312.24
594642,18:38:00,18:38:00,154055,,7,,,,,,1,4668.74
594642,18:38:00,18:38:00,154056,,8,,,,,,1,5051.91
594642,18:39:00,18:39:00,154030,,9,,,,,,1,5529.74
594642,18:40:00,18:40:00,154028,,10,,,,,,1,6089.32
594642,18:40:00,18:40:00,154023,,11,,,,,,1,6207.89
594642,18:41:00,18:41:00,154025,,12,,,,,,1,6590.09
594642,18:42:00,18:42:00,153983,,13,,,,,,1,7163.86
594642,18:44:00,18:44:00,153918,,14,,,,,,1,7590.2
594642,18:45:00,18:45:00,153925,,15,,,,,,1,8721.09
594642,18:45:00,18:45:00,153917,,16,,,,,,1,9358.34
594642,18:46:00,18:46:00,153922,,17,,,,,,1,9584.52
594642,18:48:00,18:48:00,154138,,18,,,,,,1,10114.07
594642,18:49:00,18:49:00,154130,,19,,,,,,1,10422.3
594642,18:55:00,18:55:00,153960,,20,,,,,,1,11704.44
594643,19:30:00,19:30:00,154106,,1,,,,,,1,0
594643,19:31:00,19:31:00,154111,,2,,,,,,1,1005.77
594643,19:33:00,19:33:00,154115,,3,,,,,,1,2483.65
594643,19:34:00,19:34:00,154113,,4,,,,,,1,3240.71
594643,19:37:00,19:37:00,154095,,5,,,,,,1,3767.01
594643,19:37:00,19:37:00,153933,,6,,,,,,1,4312.24
594643,19:38:00,19:38:00,154055,,7,,,,,,1,4668.74
594643,19:38:00,19:38:00,154056,,8,,,,,,1,5051.91
594643,19:39:00,19:39:00,154030,,9,,,,,,1,5529.74
594643,19:40:00,19:40:00,154028,,10,,,,,,1,6089.32
594643,19:40:00,19:40:00,154023,,11,,,,,,1,6207.89
594643,19:41:00,19:41:00,154025,,12,,,,,,1,6590.09
594643,19:42:00,19:42:00,153983,,13,,,,,,1,7163.86
594643,19:44:00,19:44:00,153918,,14,,,,,,1,7590.2
594643,19:45:00,19:45:00,153925,,15,,,,,,1,8721.09
594643,19:45:00,19:45:00,153917,,16,,,,,,1,9358.34
594643,19:46:00,19:46:00,153922,,17,,,,,,1,9584.52
594643,19:48:00,19:48:00,154138,,18,,,,,,1,10114.07
594643,19:49:00,19:49:00,154130,,19,,,,,,1,10422.3
594643,19:55:00,19:55:00,153960,,20,,,,,,1,11704.44
604545,05:30:00,05:30:00,154106,,1,,,,,,1,0
604545,05:31:00,05:31:00,154111,,2,,,,,,1,1005.77
604545,05:33:00,05:33:00,154115,,3,,,,,,1,2483.65
604545,05:34:00,05:34:00,154113,,4,,,,,,1,3240.71
604545,05:37:00,05:37:00,154095,,5,,,,,,1,3767.01
604545,05:37:00,05:37:00,153933,,6,,,,,,1,4312.24
604545,05:38:00,05:38:00,154055,,7,,,,,,1,4668.74
604545,05:38:00,05:38:00,154056,,8,,,,,,1,5051.91
604545,05:39:00,05:39:00,154030,,9,,,,,,1,5529.74
604545,05:40:00,05:40:00,154028,,10,,,,,,1,6089.32
604545,05:40:00,05:40:00,154023,,11,,,,,,1,6207.89
604545,05:41:00,05:41:00,154025,,12,,,,,,1,6590.09
604545,05:42:00,05:42:00,153983,,13,,,,,,1,7163.86
604545,05:44:00,05:44:00,153918,,14,,,,,,1,7590.2
604545,05:45:00,05:45:00,153925,,15,,,,,,1,8721.09
604545,05:45:00,05:45:00,153917,,16,,,,,,1,9358.34
604545,05:46:00,05:46:00,153922,,17,,,,,,1,9584.52
604545,05:48:00,05:48:00,154138,,18,,,,,,1,10114.07
604545,05:49:00,05:49:00,154130,,19,,,,,,1,10422.3
604545,05:55:00,05:55:00,153960,,20,,,,,,1,11704.44
604546,06:30:00,06:30:00,154106,,1,,,,,,1,0
604546,06:31:00,06:31:00,154111,,2,,,,,,1,1005.77
604546,06:33:00,06:33:00,154115,,3,,,,,,1,2483.65
604546,06:34:00,06:34:00,154113,,4,,,,,,1,3240.71
604546,06:37:00,06:37:00,154095,,5,,,,,,1,3767.01
604546,06:37:00,06:37:00,153933,,6,,,,,,1,4312.24
604546,06:38:00,06:38:00,154055,,7,,,,,,1,4668.74
604546,06:38:00,06:38:00,154056,,8,,,,,,1,5051.91
604546,06:39:00,06:39:00,154030,,9,,,,,,1,5529.74
604546,06:40:00,06:40:00,154028,,10,,,,,,1,6089.32
604546,06:40:00,06:40:00,154023,,11,,,,,,1,6207.89
604546,06:41:00,06:41:00,154025,,12,,,,,,1,6590.09
604546,06:42:00,06:42:00,153983,,13,,,,,,1,7163.86
604546,06:44:00,06:44:00,153918,,14,,,,,,1,7590.2
604546,06:45:00,06:45:00,153925,,15,,,,,,1,8721.09
604546,06:45:00,06:45:00,153917,,16,,,,,,1,9358.34
604546,06:46:00,06:46:00,153922,,17,,,,,,1,9584.52
604546,06:48:00,06:48:00,154138,,18,,,,,,1,10114.07
604546,06:49:00,06:49:00,154130,,19,,,,,,1,10422.3
604546,06:55:00,06:55:00,153960,,20,,,,,,1,11704.44
604547,07:30:00,07:30:00,154106,,1,,,,,,1,0
604547,07:31:00,07:31:00,154111,,2,,,,,,1,1005.77
604547,07:33:00,07:33:00,154115,,3,,,,,,1,2483.65
604547,07:34:00,07:34:00,154113,,4,,,,,,1,3240.71
604547,07:37:00,07:37:00,154095,,5,,,,,,1,3767.01
604547,07:37:00,07:37:00,153933,,6,,,,,,1,4312.24
604547,07:38:00,07:38:00,154055,,7,,,,,,1,4668.74
604547,07:38:00,07:38:00,154056,,8,,,,,,1,5051.91
604547,07:39:00,07:39:00,154030,,9,,,,,,1,5529.74
604547,07:40:00,07:40:00,154028,,10,,,,,,1,6089.32
604547,07:40:00,07:40:00,154023,,11,,,,,,1,6207.89
604547,07:41:00,07:41:00,154025,,12,,,,,,1,6590.09
604547,07:42:00,07:42:00,153983,,13,,,,,,1,7163.86
604547,07:44:00,07:44:00,153918,,14,,,,,,1,7590.2
604547,07:45:00,07:45:00,153925,,15,,,,,,1,8721.09
604547,07:45:00,07:45:00,153917,,16,,,,,,1,9358.34
604547,07:46:00,07:46:00,153922,,17,,,,,,1,9584.52
604547,07:48:00,07:48:00,154138,,18,,,,,,1,10114.07
604547,07:49:00,07:49:00,154130,,19,,,,,,1,10422.3
604547,07:55:00,07:55:00,153960,,20,,,,,,1,11704.44
604548,08:30:00,08:30:00,154106,,1,,,,,,1,0
604548,08:31:00,08:31:00,154111,,2,,,,,,1,1005.77
604548,08:33:00,08:33:00,154115,,3,,,,,,1,2483.65
604548,08:34:00,08:34:00,154113,,4,,,,,,1,3240.71
604548,08:37:00,08:37:00,154095,,5,,,,,,1,3767.01
604548,08:37:00,08:37:00,153933,,6,,,,,,1,4312.24
604548,08:38:00,08:38:00,154055,,7,,,,,,1,4668.74
604548,08:38:00,08:38:00,154056,,8,,,,,,1,5051.91
604548,08:39:00,08:39:00,154030,,9,,,,,,1,5529.74
604548,08:40:00,08:40:00,154028,,10,,,,,,1,6089.32
604548,08:40:00,08:40:00,154023,,11,,,,,,1,6207.89
604548,08:41:00,08:41:00,154025,,12,,,,,,1,6590.09
604548,08:42:00,08:42:00,153983,,13,,,,,,1,7163.86
604548,08:44:00,08:44:00,153918,,14,,,,,,1,7590.2
604548,08:45:00,08:45:00,153925,,15,,,,,,1,8721.09
604548,08:45:00,08:45:00,153917,,16,,,,,,1,9358.34
604548,08:46:00,08:46:00,153922,,17,,,,,,1,9584.52
604548,08:48:00,08:48:00,154138,,18,,,,,,1,10114.07
604548,08:49:00,08:49:00,154130,,19,,,,,,1,10422.3
604548,08:55:00,08:55:00,153960,,20,,,,,,1,11704.44
604549,09:30:00,09:30:00,154106,,1,,,,,,1,0
604549,09:31:00,09:31:00,154111,,2,,,,,,1,1005.77
604549,09:33:00,09:33:00,154115,,3,,,,,,1,2483.65
604549,09:34:00,09:34:00,154113,,4,,,,,,1,3240.71
604549,09:37:00,09:37:00,154095,,5,,,,,,1,3767.01
604549,09:37:00,09:37:00,153933,,6,,,,,,1,4312.24
604549,09:38:00,09:38:00,154055,,7,,,,,,1,4668.74
604549,09:38:00,09:38:00,154056,,8,,,,,,1,5051.91
604549,09:39:00,09:39:00,154030,,9,,,,,,1,5529.74
604549,09:40:00,09:40:00,154028,,10,,,,,,1,6089.32
604549,09:40:00,09:40:00,154023,,11,,,,,,1,6207.89
604549,09:41:00,09:41:00,154025,,12,,,,,,1,6590.09
604549,09:42:00,09:42:00,153983,,13,,,,,,1,7163.86
604549,09:44:00,09:44:00,153918,,14,,,,,,1,7590.2
604549,09:45:00,09:45:00,153925,,15,,,,,,1,8721.09
604549,09:45:00,09:45:00,153917,,16,,,,,,1,9358.34
604549,09:46:00,09:46:00,153922,,17,,,,,,1,9584.52
604549,09:48:00,09:48:00,154138,,18,,,,,,1,10114.07
604549,09:49:00,09:49:00,154130,,19,,,,,,1,10422.3
604549,09:55:00,09:55:00,153960,,20,,,,,,1,11704.44
604550,10:30:00,10:30:00,154106,,1,,,,,,1,0
604550,10:31:00,10:31:00,154111,,2,,,,,,1,1005.77
604550,10:33:00,10:33:00,154115,,3,,,,,,1,2483.65
604550,10:34:00,10:34:00,154113,,4,,,,,,1,3240.71
604550,10:37:00,10:37:00,154095,,5,,,,,,1,3767.01
604550,10:37:00,10:37:00,153933,,6,,,,,,1,4312.24
604550,10:38:00,10:38:00,154055,,7,,,,,,1,4668.74
604550,10:38:00,10:38:00,154056,,8,,,,,,1,5051.91
604550,10:39:00,10:39:00,154030,,9,,,,,,1,5529.74
604550,10:40:00,10:40:00,154028,,10,,,,,,1,6089.32
604550,10:40:00,10:40:00,154023,,11,,,,,,1,6207.89
604550,10:41:00,10:41:00,154025,,12,,,,,,1,6590.09
604550,10:42:00,10:42:00,153983,,13,,,,,,1,7163.86
604550,10:44:00,10:44:00,153918,,14,,,,,,1,7590.2
604550,10:45:00,10:45:00,153925,,15,,,,,,1,8721.09
604550,10:45:00,10:45:00,153917,,16,,,,,,1,9358.34
604550,10:46:00,10:46:00,153922,,17,,,,,,1,9584.52
604550,10:48:00,10:48:00,154138,,18,,,,,,1,10114.07
604550,10:49:00,10:49:00,154130,,19,,,,,,1,10422.3
604550,10:55:00,10:55:00,153960,,20,,,,,,1,11704.44
604551,11:30:00,11:30:00,154106,,1,,,,,,1,0
604551,11:31:00,11:31:00,154111,,2,,,,,,1,1005.77
604551,11:33:00,11:33:00,154115,,3,,,,,,1,2483.65
604551,11:34:00,11:34:00,154113,,4,,,,,,1,3240.71
604551,11:37:00,11:37:00,154095,,5,,,,,,1,3767.01
604551,11:37:00,11:37:00,153933,,6,,,,,,1,4312.24
604551,11:38:00,11:38:00,154055,,7,,,,,,1,4668.74
604551,11:38:00,11:38:00,154056,,8,,,,,,1,5051.91
604551,11:39:00,11:39:00,154030,,9,,,,,,1,5529.74
604551,11:40:00,11:40:00,154028,,10,,,,,,1,6089.32
604551,11:40:00,11:40:00,154023,,11,,,,,,1,6207.89
604551,11:41:00,11:41:00,154025,,12,,,,,,1,6590.09
604551,11:42:00,11:42:00,153983,,13,,,,,,1,7163.86
604551,11:44:00,11:44:00,153918,,14,,,,,,1,7590.2
604551,11:45:00,11:45:00,153925,,15,,,,,,1,8721.09
604551,11:45:00,11:45:00,153917,,16,,,,,,1,9358.34
604551,11:46:00,11:46:00,153922,,17,,,,,,1,9584.52
604551,11:48:00,11:48:00,154138,,18,,,,,,1,10114.07
604551,11:49:00,11:49:00,154130,,19,,,,,,1,10422.3
604551,11:55:00,11:55:00,153960,,20,,,,,,1,11704.44
604552,12:30:00,12:30:00,154106,,1,,,,,,1,0
604552,12:32:00,12:32:00,154111,,2,,,,,,1,1005.77
604552,12:34:00,12:34:00,154115,,3,,,,,,1,2483.65
604552,12:35:00,12:35:00,154113,,4,,,,,,1,3240.71
604552,12:38:00,12:38:00,154095,,5,,,,,,1,3767.01
604552,12:39:00,12:39:00,153933,,6,,,,,,1,4312.24
604552,12:40:00,12:40:00,154055,,7,,,,,,1,4668.74
604552,12:40:00,12:40:00,154056,,8,,,,,,1,5051.91
604552,12:41:00,12:41:00,154030,,9,,,,,,1,5529.74
604552,12:42:00,12:42:00,154028,,10,,,,,,1,6089.32
604552,12:42:00,12:42:00,154023,,11,,,,,,1,6207.89
604552,12:43:00,12:43:00,154025,,12,,,,,,1,6590.09
604552,12:44:00,12:44:00,153983,,13,,,,,,1,7163.86
604552,12:46:00,12:46:00,153918,,14,,,,,,1,7590.2
604552,12:47:00,12:47:00,153925,,15,,,,,,1,8721.09
604552,12:47:00,12:47:00,153917,,16,,,,,,1,9358.34
604552,12:48:00,12:48:00,153922,,17,,,,,,1,9584.52
604552,12:50:00,12:50:00,154138,,18,,,,,,1,10114.07
604552,12:51:00,12:51:00,154130,,19,,,,,,1,10422.3
604552,13:03:00,13:03:00,153960,,20,,,,,,1,11704.44
604553,13:45:00,13:45:00,154106,,1,,,,,,1,0
604553,13:47:00,13:47:00,154111,,2,,,,,,1,1005.77
604553,13:49:00,13:49:00,154115,,3,,,,,,1,2483.65
604553,13:50:00,13:50:00,154113,,4,,,,,,1,3240.71
604553,13:53:00,13:53:00,154095,,5,,,,,,1,3767.01
604553,13:54:00,13:54:00,153933,,6,,,,,,1,4312.24
604553,13:55:00,13:55:00,154055,,7,,,,,,1,4668.74
604553,13:55:00,13:55:00,154056,,8,,,,,,1,5051.91
604553,13:56:00,13:56:00,154030,,9,,,,,,1,5529.74
604553,13:57:00,13:57:00,154028,,10,,,,,,1,6089.32
604553,13:57:00,13:57:00,154023,,11,,,,,,1,6207.89
604553,13:58:00,13:58:00,154025,,12,,,,,,1,6590.09
604553,13:59:00,13:59:00,153983,,13,,,,,,1,7163.86
604553,14:01:00,14:01:00,153918,,14,,,,,,1,7590.2
604553,14:02:00,14:02:00,153925,,15,,,,,,1,8721.09
604553,14:02:00,14:02:00,153917,,16,,,,,,1,9358.34
604553,14:03:00,14:03:00,153922,,17,,,,,,1,9584.52
604553,14:05:00,14:05:00,154138,,18,,,,,,1,10114.07
604553,14:06:00,14:06:00,154130,,19,,,,,,1,10422.3
604553,14:18:00,14:18:00,153960,,20,,,,,,1,11704.44
604554,15:00:00,15:00:00,154106,,1,,,,,,1,0
604554,15:02:00,15:02:00,154111,,2,,,,,,1,1005.77
604554,15:04:00,15:04:00,154115,,3,,,,,,1,2483.65
604554,15:05:00,15:05:00,154113,,4,,,,,,1,3240.71
604554,15:08:00,15:08:00,154095,,5,,,,,,1,3767.01
604554,15:09:00,15:09:00,153933,,6,,,,,,1,4312.24
604554,15:10:00,15:10:00,154055,,7,,,,,,1,4668.74
604554,15:10:00,15:10:00,154056,,8,,,,,,1,5051.91
604554,15:11:00,15:11:00,154030,,9,,,,,,1,5529.74
604554,15:12:00,15:12:00,154028,,10,,,,,,1,6089.32
604554,15:12:00,15:12:00,154023,,11,,,,,,1,6207.89
604554,15:13:00,15:13:00,154025,,12,,,,,,1,6590.09
604554,15:14:00,15:14:00,153983,,13,,,,,,1,7163.86
604554,15:16:00,15:16:00,153918,,14,,,,,,1,7590.2
604554,15:17:00,15:17:00,153925,,15,,,,,,1,8721.09
604554,15:17:00,15:17:00,153917,,16,,,,,,1,9358.34
604554,15:18:00,15:18:00,153922,,17,,,,,,1,9584.52
604554,15:20:00,15:20:00,154138,,18,,,,,,1,10114.07
604554,15:21:00,15:21:00,154130,,19,,,,,,1,10422.3
604554,15:33:00,15:33:00,153960,,20,,,,,,1,11704.44
604555,16:15:00,16:15:00,154106,,1,,,,,,1,0
604555,16:17:00,16:17:00,154111,,2,,,,,,1,1005.77
604555,16:19:00,16:19:00,154115,,3,,,,,,1,2483.65
604555,16:20:00,16:20:00,154113,,4,,,,,,1,3240.71
604555,16:23:00,16:23:00,154095,,5,,,,,,1,3767.01
604555,16:24:00,16:24:00,153933,,6,,,,,,1,4312.24
604555,16:25:00,16:25:00,154055,,7,,,,,,1,4668.74
604555,16:25:00,16:25:00,154056,,8,,,,,,1,5051.91
604555,16:26:00,16:26:00,154030,,9,,,,,,1,5529.74
604555,16:27:00,16:27:00,154028,,10,,,,,,1,6089.32
604555,16:27:00,16:27:00,154023,,11,,,,,,1,6207.89
604555,16:28:00,16:28:00,154025,,12,,,,,,1,6590.09
604555,16:29:00,16:29:00,153983,,13,,,,,,1,7163.86
604555,16:31:00,16:31:00,153918,,14,,,,,,1,7590.2
604555,16:32:00,16:32:00,153925,,15,,,,,,1,8721.09
604555,16:32:00,16:32:00,153917,,16,,,,,,1,9358.34
604555,16:33:00,16:33:00,153922,,17,,,,,,1,9584.52
604555,16:35:00,16:35:00,154138,,18,,,,,,1,10114.07
604555,16:36:00,16:36:00,154130,,19,,,,,,1,10422.3
604555,16:48:00,16:48:00,153960,,20,,,,,,1,11704.44
604556,17:30:00,17:30:00,154106,,1,,,,,,1,0
604556,17:31:00,17:31:00,154111,,2,,,,,,1,1005.77
604556,17:33:00,17:33:00,154115,,3,,,,,,1,2483.65
604556,17:34:00,17:34:00,154113,,4,,,,,,1,3240.71
604556,17:37:00,17:37:00,154095,,5,,,,,,1,3767.01
604556,17:37:00,17:37:00,153933,,6,,,,,,1,4312.24
604556,17:38:00,17:38:00,154055,,7,,,,,,1,4668.74
604556,17:38:00,17:38:00,154056,,8,,,,,,1,5051.91
604556,17:39:00,17:39:00,154030,,9,,,,,,1,5529.74
604556,17:40:00,17:40:00,154028,,10,,,,,,1,6089.32
604556,17:40:00,17:40:00,154023,,11,,,,,,1,6207.89
604556,17:41:00,17:41:00,154025,,12,,,,,,1,6590.09
604556,17:42:00,17:42:00,153983,,13,,,,,,1,7163.86
604556,17:44:00,17:44:00,153918,,14,,,,,,1,7590.2
604556,17:45:00,17:45:00,153925,,15,,,,,,1,8721.09
604556,17:45:00,17:45:00,153917,,16,,,,,,1,9358.34
604556,17:46:00,17:46:00,153922,,17,,,,,,1,9584.52
604556,17:48:00,17:48:00,154138,,18,,,,,,1,10114.07
604556,17:49:00,17:49:00,154130,,19,,,,,,1,10422.3
604556,17:55:00,17:55:00,153960,,20,,,,,,1,11704.44
604557,18:30:00,18:30:00,154106,,1,,,,,,1,0
604557,18:31:00,18:31:00,154111,,2,,,,,,1,1005.77
604557,18:33:00,18:33:00,154115,,3,,,,,,1,2483.65
604557,18:34:00,18:34:00,154113,,4,,,,,,1,3240.71
604557,18:37:00,18:37:00,154095,,5,,,,,,1,3767.01
604557,18:37:00,18:37:00,153933,,6,,,,,,1,4312.24
604557,18:38:00,18:38:00,154055,,7,,,,,,1,4668.74
604557,18:38:00,18:38:00,154056,,8,,,,,,1,5051.91
604557,18:39:00,18:39:00,154030,,9,,,,,,1,5529.74
604557,18:40:00,18:40:00,154028,,10,,,,,,1,6089.32
604557,18:40:00,18:40:00,154023,,11,,,,,,1,6207.89
604557,18:41:00,18:41:00,154025,,12,,,,,,1,6590.09
604557,18:42:00,18:42:00,153983,,13,,,,,,1,7163.86
604557,18:44:00,18:44:00,153918,,14,,,,,,1,7590.2
604557,18:45:00,18:45:00,153925,,15,,,,,,1,8721.09
604557,18:45:00,18:45:00,153917,,16,,,,,,1,9358.34
604557,18:46:00,18:46:00,153922,,17,,,,,,1,9584.52
604557,18:48:00,18:48:00,154138,,18,,,,,,1,10114.07
604557,18:49:00,18:49:00,154130,,19,,,,,,1,10422.3
604557,18:55:00,18:55:00,153960,,20,,,,,,1,11704.44
604558,19:30:00,19:30:00,154106,,1,,,,,,1,0
604558,19:31:00,19:31:00,154111,,2,,,,,,1,1005.77
604558,19:33:00,19:33:00,154115,,3,,,,,,1,2483.65
604558,19:34:00,19:34:00,154113,,4,,,,,,1,3240.71
604558,19:37:00,19:37:00,154095,,5,,,,,,1,3767.01
604558,19:37:00,19:37:00,153933,,6,,,,,,1,4312.24
604558,19:38:00,19:38:00,154055,,7,,,,,,1,4668.74
604558,19:38:00,19:38:00,154056,,8,,,,,,1,5051.91
604558,19:39:00,19:39:00,154030,,9,,,,,,1,5529.74
604558,19:40:00,19:40:00,154028,,10,,,,,,1,6089.32
604558,19:40:00,19:40:00,154023,,11,,,,,,1,6207.89
604558,19:41:00,19:41:00,154025,,12,,,,,,1,6590.09
604558,19:42:00,19:42:00,153983,,13,,,,,,1,7163.86
604558,19:44:00,19:44:00,153918,,14,,,,,,1,7590.2
604558,19:45:00,19:45:00,153925,,15,,,,,,1,8721.09
604558,19:45:00,19:45:00,153917,,16,,,,,,1,9358.34
604558,19:46:00,19:46:00,153922,,17,,,,,,1,9584.52
604558,19:48:00,19:48:00,154138,,18,,,,,,1,10114.07
604558,19:49:00,19:49:00,154130,,19,,,,,,1,10422.3
604558,19:55:00,19:55:00,153960,,20,,,,,,1,11704.44
594654,05:52:00,05:52:00,153964,,1,,,,,,1,0
594654,05:55:00,05:55:00,154048,,2,,,,,,1,2478.42
594654,05:56:00,05:56:00,154179,,3,,,,,,1,2982.26
594654,05:58:00,05:58:00,153994,,4,,,,,,1,4609.52
594654,06:04:00,06:04:00,153998,,5,,,,,,1,5595.09
594654,06:05:00,06:05:00,154005,,6,,,,,,1,6298.93
594654,06:08:00,06:08:00,154006,,7,,,,,,1,6623.09
594654,06:15:00,06:15:00,154093,,8,,,,,,1,17315.71
594654,06:23:00,06:23:00,154107,,9,,,,,,1,23979.39
594685,06:52:00,06:52:00,153964,,1,,,,,,1,0
594685,06:55:00,06:55:00,154048,,2,,,,,,1,2478.42
594685,06:56:00,06:56:00,154179,,3,,,,,,1,2982.26
594685,06:58:00,06:58:00,153994,,4,,,,,,1,4609.52
594685,07:04:00,07:04:00,153998,,5,,,,,,1,5595.09
594685,07:05:00,07:05:00,154005,,6,,,,,,1,6298.93
594685,07:08:00,07:08:00,154006,,7,,,,,,1,6623.09
594685,07:15:00,07:15:00,154093,,8,,,,,,1,17315.71
594685,07:23:00,07:23:00,154107,,9,,,,,,1,23979.39
594686,07:52:00,07:52:00,153964,,1,,,,,,1,0
594686,07:55:00,07:55:00,154048,,2,,,,,,1,2478.42
594686,07:56:00,07:56:00,154179,,3,,,,,,1,2982.26
594686,07:58:00,07:58:00,153994,,4,,,,,,1,4609.52
594686,08:04:00,08:04:00,153998,,5,,,,,,1,5595.09
594686,08:05:00,08:05:00,154005,,6,,,,,,1,6298.93
594686,08:08:00,08:08:00,154006,,7,,,,,,1,6623.09
594686,08:15:00,08:15:00,154093,,8,,,,,,1,17315.71
594686,08:23:00,08:23:00,154107,,9,,,,,,1,23979.39
594687,08:52:00,08:52:00,153964,,1,,,,,,1,0
594687,08:55:00,08:55:00,154048,,2,,,,,,1,2478.42
594687,08:56:00,08:56:00,154179,,3,,,,,,1,2982.26
594687,08:58:00,08:58:00,153994,,4,,,,,,1,4609.52
594687,09:04:00,09:04:00,153998,,5,,,,,,1,5595.09
594687,09:05:00,09:05:00,154005,,6,,,,,,1,6298.93
594687,09:08:00,09:08:00,154006,,7,,,,,,1,6623.09
594687,09:15:00,09:15:00,154093,,8,,,,,,1,17315.71
594687,09:23:00,09:23:00,154107,,9,,,,,,1,23979.39
594688,09:52:00,09:52:00,153964,,1,,,,,,1,0
594688,09:55:00,09:55:00,154048,,2,,,,,,1,2478.42
594688,09:56:00,09:56:00,154179,,3,,,,,,1,2982.26
594688,09:58:00,09:58:00,153994,,4,,,,,,1,4609.52
594688,10:04:00,10:04:00,153998,,5,,,,,,1,5595.09
594688,10:05:00,10:05:00,154005,,6,,,,,,1,6298.93
594688,10:08:00,10:08:00,154006,,7,,,,,,1,6623.09
594688,10:15:00,10:15:00,154093,,8,,,,,,1,17315.71
594688,10:23:00,10:23:00,154107,,9,,,,,,1,23979.39
594689,10:52:00,10:52:00,153964,,1,,,,,,1,0
594689,10:55:00,10:55:00,154048,,2,,,,,,1,2478.42
594689,10:56:00,10:56:00,154179,,3,,,,,,1,2982.26
594689,10:58:00,10:58:00,153994,,4,,,,,,1,4609.52
594689,11:04:00,11:04:00,153998,,5,,,,,,1,5595.09
594689,11:05:00,11:05:00,154005,,6,,,,,,1,6298.93
594689,11:08:00,11:08:00,154006,,7,,,,,,1,6623.09
594689,11:15:00,11:15:00,154093,,8,,,,,,1,17315.71
594689,11:23:00,11:23:00,154107,,9,,,,,,1,23979.39
594690,11:52:00,11:52:00,153964,,1,,,,,,1,0
594690,11:55:00,11:55:00,154048,,2,,,,,,1,2478.42
594690,11:56:00,11:56:00,154179,,3,,,,,,1,2982.26
594690,11:58:00,11:58:00,153994,,4,,,,,,1,4609.52
594690,12:04:00,12:04:00,153998,,5,,,,,,1,5595.09
594690,12:05:00,12:05:00,154005,,6,,,,,,1,6298.93
594690,12:08:00,12:08:00,154006,,7,,,,,,1,6623.09
594690,12:15:00,12:15:00,154093,,8,,,,,,1,17315.71
594690,12:23:00,12:23:00,154107,,9,,,,,,1,23979.39
594691,12:54:00,12:54:00,153964,,1,,,,,,1,0
594691,12:57:00,12:57:00,154048,,2,,,,,,1,2478.42
594691,12:58:00,12:58:00,154179,,3,,,,,,1,2982.26
594691,13:05:00,13:05:00,153994,,4,,,,,,1,4609.52
594691,13:13:00,13:13:00,153998,,5,,,,,,1,5595.09
594691,13:14:00,13:14:00,154005,,6,,,,,,1,6298.93
594691,13:15:00,13:15:00,154006,,7,,,,,,1,6623.09
594691,13:25:00,13:25:00,154093,,8,,,,,,1,17315.71
594691,13:33:00,13:33:00,154107,,9,,,,,,1,23979.39
594692,14:09:00,14:09:00,153964,,1,,,,,,1,0
594692,14:12:00,14:12:00,154048,,2,,,,,,1,2478.42
594692,14:13:00,14:13:00,154179,,3,,,,,,1,2982.26
594692,14:20:00,14:20:00,153994,,4,,,,,,1,4609.52
594692,14:28:00,14:28:00,153998,,5,,,,,,1,5595.09
594692,14:29:00,14:29:00,154005,,6,,,,,,1,6298.93
594692,14:30:00,14:30:00,154006,,7,,,,,,1,6623.09
594692,14:40:00,14:40:00,154093,,8,,,,,,1,17315.71
594692,14:48:00,14:48:00,154107,,9,,,,,,1,23979.39
594693,15:24:00,15:24:00,153964,,1,,,,,,1,0
594693,15:27:00,15:27:00,154048,,2,,,,,,1,2478.42
594693,15:28:00,15:28:00,154179,,3,,,,,,1,2982.26
594693,15:35:00,15:35:00,153994,,4,,,,,,1,4609.52
594693,15:43:00,15:43:00,153998,,5,,,,,,1,5595.09
594693,15:44:00,15:44:00,154005,,6,,,,,,1,6298.93
594693,15:45:00,15:45:00,154006,,7,,,,,,1,6623.09
594693,15:55:00,15:55:00,154093,,8,,,,,,1,17315.71
594693,16:03:00,16:03:00,154107,,9,,,,,,1,23979.39
594694,16:39:00,16:39:00,153964,,1,,,,,,1,0
594694,16:42:00,16:42:00,154048,,2,,,,,,1,2478.42
594694,16:43:00,16:43:00,154179,,3,,,,,,1,2982.26
594694,16:50:00,16:50:00,153994,,4,,,,,,1,4609.52
594694,16:58:00,16:58:00,153998,,5,,,,,,1,5595.09
594694,16:59:00,16:59:00,154005,,6,,,,,,1,6298.93
594694,17:00:00,17:00:00,154006,,7,,,,,,1,6623.09
594694,17:10:00,17:10:00,154093,,8,,,,,,1,17315.71
594694,17:18:00,17:18:00,154107,,9,,,,,,1,23979.39
594695,17:52:00,17:52:00,153964,,1,,,,,,1,0
594695,17:55:00,17:55:00,154048,,2,,,,,,1,2478.42
594695,17:56:00,17:56:00,154179,,3,,,,,,1,2982.26
594695,17:58:00,17:58:00,153994,,4,,,,,,1,4609.52
594695,18:04:00,18:04:00,153998,,5,,,,,,1,5595.09
594695,18:05:00,18:05:00,154005,,6,,,,,,1,6298.93
594695,18:06:00,18:06:00,154006,,7,,,,,,1,6623.09
594695,18:15:00,18:15:00,154093,,8,,,,,,1,17315.71
594695,18:23:00,18:23:00,154107,,9,,,,,,1,23979.39
594696,18:52:00,18:52:00,153964,,1,,,,,,1,0
594696,18:55:00,18:55:00,154048,,2,,,,,,1,2478.42
594696,18:56:00,18:56:00,154179,,3,,,,,,1,2982.26
594696,18:58:00,18:58:00,153994,,4,,,,,,1,4609.52
594696,19:04:00,19:04:00,153998,,5,,,,,,1,5595.09
594696,19:05:00,19:05:00,154005,,6,,,,,,1,6298.93
594696,19:06:00,19:06:00,154006,,7,,,,,,1,6623.09
594696,19:15:00,19:15:00,154093,,8,,,,,,1,17315.71
594696,19:23:00,19:23:00,154107,,9,,,,,,1,23979.39
594697,19:52:00,19:52:00,153964,,1,,,,,,1,0
594697,19:55:00,19:55:00,154048,,2,,,,,,1,2478.42
594697,19:56:00,19:56:00,154179,,3,,,,,,1,2982.26
594697,19:58:00,19:58:00,153994,,4,,,,,,1,4609.52
594697,20:04:00,20:04:00,153998,,5,,,,,,1,5595.09
594697,20:05:00,20:05:00,154005,,6,,,,,,1,6298.93
594697,20:06:00,20:06:00,154006,,7,,,,,,1,6623.09
594697,20:15:00,20:15:00,154093,,8,,,,,,1,17315.71
594697,20:23:00,20:23:00,154107,,9,,,,,,1,23979.39
594701,08:52:00,08:52:00,153964,,1,,,,,,1,0
594701,08:55:00,08:55:00,154048,,2,,,,,,1,2478.42
594701,08:56:00,08:56:00,154179,,3,,,,,,1,2982.26
594701,08:58:00,08:58:00,153994,,4,,,,,,1,4609.52
594701,09:04:00,09:04:00,153998,,5,,,,,,1,5595.09
594701,09:05:00,09:05:00,154005,,6,,,,,,1,6298.93
594701,09:08:00,09:08:00,154006,,7,,,,,,1,6623.09
594701,09:15:00,09:15:00,154093,,8,,,,,,1,17315.71
594701,09:23:00,09:23:00,154107,,9,,,,,,1,23979.39
594702,09:52:00,09:52:00,153964,,1,,,,,,1,0
594702,09:55:00,09:55:00,154048,,2,,,,,,1,2478.42
594702,09:56:00,09:56:00,154179,,3,,,,,,1,2982.26
594702,09:58:00,09:58:00,153994,,4,,,,,,1,4609.52
594702,10:04:00,10:04:00,153998,,5,,,,,,1,5595.09
594702,10:05:00,10:05:00,154005,,6,,,,,,1,6298.93
594702,10:08:00,10:08:00,154006,,7,,,,,,1,6623.09
594702,10:15:00,10:15:00,154093,,8,,,,,,1,17315.71
594702,10:23:00,10:23:00,154107,,9,,,,,,1,23979.39
594703,10:52:00,10:52:00,153964,,1,,,,,,1,0
594703,10:55:00,10:55:00,154048,,2,,,,,,1,2478.42
594703,10:56:00,10:56:00,154179,,3,,,,,,1,2982.26
594703,10:58:00,10:58:00,153994,,4,,,,,,1,4609.52
594703,11:04:00,11:04:00,153998,,5,,,,,,1,5595.09
594703,11:05:00,11:05:00,154005,,6,,,,,,1,6298.93
594703,11:08:00,11:08:00,154006,,7,,,,,,1,6623.09
594703,11:15:00,11:15:00,154093,,8,,,,,,1,17315.71
594703,11:23:00,11:23:00,154107,,9,,,,,,1,23979.39
594704,11:52:00,11:52:00,153964,,1,,,,,,1,0
594704,11:55:00,11:55:00,154048,,2,,,,,,1,2478.42
594704,11:56:00,11:56:00,154179,,3,,,,,,1,2982.26
594704,11:58:00,11:58:00,153994,,4,,,,,,1,4609.52
594704,12:04:00,12:04:00,153998,,5,,,,,,1,5595.09
594704,12:05:00,12:05:00,154005,,6,,,,,,1,6298.93
594704,12:08:00,12:08:00,154006,,7,,,,,,1,6623.09
594704,12:15:00,12:15:00,154093,,8,,,,,,1,17315.71
594704,12:23:00,12:23:00,154107,,9,,,,,,1,23979.39
594705,12:54:00,12:54:00,153964,,1,,,,,,1,0
594705,12:57:00,12:57:00,154048,,2,,,,,,1,2478.42
594705,12:58:00,12:58:00,154179,,3,,,,,,1,2982.26
594705,13:05:00,13:05:00,153994,,4,,,,,,1,4609.52
594705,13:13:00,13:13:00,153998,,5,,,,,,1,5595.09
594705,13:14:00,13:14:00,154005,,6,,,,,,1,6298.93
594705,13:15:00,13:15:00,154006,,7,,,,,,1,6623.09
594705,13:25:00,13:25:00,154093,,8,,,,,,1,17315.71
594705,13:33:00,13:33:00,154107,,9,,,,,,1,23979.39
594706,14:09:00,14:09:00,153964,,1,,,,,,1,0
594706,14:12:00,14:12:00,154048,,2,,,,,,1,2478.42
594706,14:13:00,14:13:00,154179,,3,,,,,,1,2982.26
594706,14:20:00,14:20:00,153994,,4,,,,,,1,4609.52
594706,14:28:00,14:28:00,153998,,5,,,,,,1,5595.09
594706,14:29:00,14:29:00,154005,,6,,,,,,1,6298.93
594706,14:30:00,14:30:00,154006,,7,,,,,,1,6623.09
594706,14:40:00,14:40:00,154093,,8,,,,,,1,17315.71
594706,14:48:00,14:48:00,154107,,9,,,,,,1,23979.39
594707,15:24:00,15:24:00,153964,,1,,,,,,1,0
594707,15:27:00,15:27:00,154048,,2,,,,,,1,2478.42
594707,15:28:00,15:28:00,154179,,3,,,,,,1,2982.26
594707,15:35:00,15:35:00,153994,,4,,,,,,1,4609.52
594707,15:43:00,15:43:00,153998,,5,,,,,,1,5595.09
594707,15:44:00,15:44:00,154005,,6,,,,,,1,6298.93
594707,15:45:00,15:45:00,154006,,7,,,,,,1,6623.09
594707,15:55:00,15:55:00,154093,,8,,,,,,1,17315.71
594707,16:03:00,16:03:00,154107,,9,,,,,,1,23979.39
594708,16:39:00,16:39:00,153964,,1,,,,,,1,0
594708,16:42:00,16:42:00,154048,,2,,,,,,1,2478.42
594708,16:43:00,16:43:00,154179,,3,,,,,,1,2982.26
594708,16:50:00,16:50:00,153994,,4,,,,,,1,4609.52
594708,16:58:00,16:58:00,153998,,5,,,,,,1,5595.09
594708,16:59:00,16:59:00,154005,,6,,,,,,1,6298.93
594708,17:00:00,17:00:00,154006,,7,,,,,,1,6623.09
594708,17:10:00,17:10:00,154093,,8,,,,,,1,17315.71
594708,17:18:00,17:18:00,154107,,9,,,,,,1,23979.39
594709,17:52:00,17:52:00,153964,,1,,,,,,1,0
594709,17:55:00,17:55:00,154048,,2,,,,,,1,2478.42
594709,17:56:00,17:56:00,154179,,3,,,,,,1,2982.26
594709,17:58:00,17:58:00,153994,,4,,,,,,1,4609.52
594709,18:04:00,18:04:00,153998,,5,,,,,,1,5595.09
594709,18:05:00,18:05:00,154005,,6,,,,,,1,6298.93
594709,18:06:00,18:06:00,154006,,7,,,,,,1,6623.09
594709,18:15:00,18:15:00,154093,,8,,,,,,1,17315.71
594709,18:23:00,18:23:00,154107,,9,,,,,,1,23979.39
594710,18:52:00,18:52:00,153964,,1,,,,,,1,0
594710,18:55:00,18:55:00,154048,,2,,,,,,1,2478.42
594710,18:56:00,18:56:00,154179,,3,,,,,,1,2982.26
594710,18:58:00,18:58:00,153994,,4,,,,,,1,4609.52
594710,19:04:00,19:04:00,153998,,5,,,,,,1,5595.09
594710,19:05:00,19:05:00,154005,,6,,,,,,1,6298.93
594710,19:06:00,19:06:00,154006,,7,,,,,,1,6623.09
594710,19:15:00,19:15:00,154093,,8,,,,,,1,17315.71
594710,19:23:00,19:23:00,154107,,9,,,,,,1,23979.39
594711,19:52:00,19:52:00,153964,,1,,,,,,1,0
594711,19:55:00,19:55:00,154048,,2,,,,,,1,2478.42
594711,19:56:00,19:56:00,154179,,3,,,,,,1,2982.26
594711,19:58:00,19:58:00,153994,,4,,,,,,1,4609.52
594711,20:04:00,20:04:00,153998,,5,,,,,,1,5595.09
594711,20:05:00,20:05:00,154005,,6,,,,,,1,6298.93
594711,20:06:00,20:06:00,154006,,7,,,,,,1,6623.09
594711,20:15:00,20:15:00,154093,,8,,,,,,1,17315.71
594711,20:23:00,20:23:00,154107,,9,,,,,,1,23979.39
594655,05:30:00,05:30:00,154107,,1,,,,,,1,0
594655,05:44:00,05:44:00,153966,,2,,,,,,1,15077.03
594655,05:46:00,05:46:00,153965,,3,,,,,,1,16344.51
594655,05:47:00,05:47:00,154175,,4,,,,,,1,17507.63
594655,05:47:00,05:47:00,154174,,5,,,,,,1,18045.71
594655,05:48:00,05:48:00,154317,,6,,,,,,1,18711.51
594655,05:49:00,05:49:00,153992,,7,,,,,,1,18997.78
594655,05:52:00,05:52:00,153964,,8,,,,,,1,20287
594658,06:30:00,06:30:00,154107,,1,,,,,,1,0
594658,06:44:00,06:44:00,153966,,2,,,,,,1,15077.03
594658,06:46:00,06:46:00,153965,,3,,,,,,1,16344.51
594658,06:47:00,06:47:00,154175,,4,,,,,,1,17507.63
594658,06:47:00,06:47:00,154174,,5,,,,,,1,18045.71
594658,06:48:00,06:48:00,154317,,6,,,,,,1,18711.51
594658,06:49:00,06:49:00,153992,,7,,,,,,1,18997.78
594658,06:52:00,06:52:00,153964,,8,,,,,,1,20287
594659,07:30:00,07:30:00,154107,,1,,,,,,1,0
594659,07:44:00,07:44:00,153966,,2,,,,,,1,15077.03
594659,07:46:00,07:46:00,153965,,3,,,,,,1,16344.51
594659,07:47:00,07:47:00,154175,,4,,,,,,1,17507.63
594659,07:47:00,07:47:00,154174,,5,,,,,,1,18045.71
594659,07:48:00,07:48:00,154317,,6,,,,,,1,18711.51
594659,07:49:00,07:49:00,153992,,7,,,,,,1,18997.78
594659,07:52:00,07:52:00,153964,,8,,,,,,1,20287
594660,08:30:00,08:30:00,154107,,1,,,,,,1,0
594660,08:44:00,08:44:00,153966,,2,,,,,,1,15077.03
594660,08:46:00,08:46:00,153965,,3,,,,,,1,16344.51
594660,08:47:00,08:47:00,154175,,4,,,,,,1,17507.63
594660,08:47:00,08:47:00,154174,,5,,,,,,1,18045.71
594660,08:48:00,08:48:00,154317,,6,,,,,,1,18711.51
594660,08:49:00,08:49:00,153992,,7,,,,,,1,18997.78
594660,08:52:00,08:52:00,153964,,8,,,,,,1,20287
594661,09:30:00,09:30:00,154107,,1,,,,,,1,0
594661,09:44:00,09:44:00,153966,,2,,,,,,1,15077.03
594661,09:46:00,09:46:00,153965,,3,,,,,,1,16344.51
594661,09:47:00,09:47:00,154175,,4,,,,,,1,17507.63
594661,09:47:00,09:47:00,154174,,5,,,,,,1,18045.71
594661,09:48:00,09:48:00,154317,,6,,,,,,1,18711.51
594661,09:49:00,09:49:00,153992,,7,,,,,,1,18997.78
594661,09:52:00,09:52:00,153964,,8,,,,,,1,20287
594662,10:30:00,10:30:00,154107,,1,,,,,,1,0
594662,10:44:00,10:44:00,153966,,2,,,,,,1,15077.03
594662,10:46:00,10:46:00,153965,,3,,,,,,1,16344.51
594662,10:47:00,10:47:00,154175,,4,,,,,,1,17507.63
594662,10:47:00,10:47:00,154174,,5,,,,,,1,18045.71
594662,10:48:00,10:48:00,154317,,6,,,,,,1,18711.51
594662,10:49:00,10:49:00,153992,,7,,,,,,1,18997.78
594662,10:52:00,10:52:00,153964,,8,,,,,,1,20287
594663,11:30:00,11:30:00,154107,,1,,,,,,1,0
594663,11:44:00,11:44:00,153966,,2,,,,,,1,15077.03
594663,11:46:00,11:46:00,153965,,3,,,,,,1,16344.51
594663,11:47:00,11:47:00,154175,,4,,,,,,1,17507.63
594663,11:47:00,11:47:00,154174,,5,,,,,,1,18045.71
594663,11:48:00,11:48:00,154317,,6,,,,,,1,18711.51
594663,11:49:00,11:49:00,153992,,7,,,,,,1,18997.78
594663,11:52:00,11:52:00,153964,,8,,,,,,1,20287
594664,12:30:00,12:30:00,154107,,1,,,,,,1,0
594664,12:44:00,12:44:00,153966,,2,,,,,,1,15077.03
594664,12:46:00,12:46:00,153965,,3,,,,,,1,16344.51
594664,12:47:00,12:47:00,154175,,4,,,,,,1,17507.63
594664,12:48:00,12:48:00,154174,,5,,,,,,1,18045.71
594664,12:49:00,12:49:00,154317,,6,,,,,,1,18711.51
594664,12:50:00,12:50:00,153992,,7,,,,,,1,18997.78
594664,12:54:00,12:54:00,153964,,8,,,,,,1,20287
594665,13:45:00,13:45:00,154107,,1,,,,,,1,0
594665,13:59:00,13:59:00,153966,,2,,,,,,1,15077.03
594665,14:01:00,14:01:00,153965,,3,,,,,,1,16344.51
594665,14:02:00,14:02:00,154175,,4,,,,,,1,17507.63
594665,14:03:00,14:03:00,154174,,5,,,,,,1,18045.71
594665,14:04:00,14:04:00,154317,,6,,,,,,1,18711.51
594665,14:05:00,14:05:00,153992,,7,,,,,,1,18997.78
594665,14:09:00,14:09:00,153964,,8,,,,,,1,20287
594666,15:00:00,15:00:00,154107,,1,,,,,,1,0
594666,15:14:00,15:14:00,153966,,2,,,,,,1,15077.03
594666,15:16:00,15:16:00,153965,,3,,,,,,1,16344.51
594666,15:17:00,15:17:00,154175,,4,,,,,,1,17507.63
594666,15:18:00,15:18:00,154174,,5,,,,,,1,18045.71
594666,15:19:00,15:19:00,154317,,6,,,,,,1,18711.51
594666,15:20:00,15:20:00,153992,,7,,,,,,1,18997.78
594666,15:24:00,15:24:00,153964,,8,,,,,,1,20287
594667,16:15:00,16:15:00,154107,,1,,,,,,1,0
594667,16:29:00,16:29:00,153966,,2,,,,,,1,15077.03
594667,16:31:00,16:31:00,153965,,3,,,,,,1,16344.51
594667,16:32:00,16:32:00,154175,,4,,,,,,1,17507.63
594667,16:33:00,16:33:00,154174,,5,,,,,,1,18045.71
594667,16:34:00,16:34:00,154317,,6,,,,,,1,18711.51
594667,16:35:00,16:35:00,153992,,7,,,,,,1,18997.78
594667,16:39:00,16:39:00,153964,,8,,,,,,1,20287
594668,17:30:00,17:30:00,154107,,1,,,,,,1,0
594668,17:44:00,17:44:00,153966,,2,,,,,,1,15077.03
594668,17:46:00,17:46:00,153965,,3,,,,,,1,16344.51
594668,17:47:00,17:47:00,154175,,4,,,,,,1,17507.63
594668,17:47:00,17:47:00,154174,,5,,,,,,1,18045.71
594668,17:48:00,17:48:00,154317,,6,,,,,,1,18711.51
594668,17:49:00,17:49:00,153992,,7,,,,,,1,18997.78
594668,17:52:00,17:52:00,153964,,8,,,,,,1,20287
594669,18:30:00,18:30:00,154107,,1,,,,,,1,0
594669,18:44:00,18:44:00,153966,,2,,,,,,1,15077.03
594669,18:46:00,18:46:00,153965,,3,,,,,,1,16344.51
594669,18:47:00,18:47:00,154175,,4,,,,,,1,17507.63
594669,18:47:00,18:47:00,154174,,5,,,,,,1,18045.71
594669,18:48:00,18:48:00,154317,,6,,,,,,1,18711.51
594669,18:49:00,18:49:00,153992,,7,,,,,,1,18997.78
594669,18:52:00,18:52:00,153964,,8,,,,,,1,20287
594670,19:30:00,19:30:00,154107,,1,,,,,,1,0
594670,19:44:00,19:44:00,153966,,2,,,,,,1,15077.03
594670,19:46:00,19:46:00,153965,,3,,,,,,1,16344.51
594670,19:47:00,19:47:00,154175,,4,,,,,,1,17507.63
594670,19:47:00,19:47:00,154174,,5,,,,,,1,18045.71
594670,19:48:00,19:48:00,154317,,6,,,,,,1,18711.51
594670,19:49:00,19:49:00,153992,,7,,,,,,1,18997.78
594670,19:52:00,19:52:00,153964,,8,,,,,,1,20287
594674,08:30:00,08:30:00,154107,,1,,,,,,1,0
594674,08:44:00,08:44:00,153966,,2,,,,,,1,15077.03
594674,08:46:00,08:46:00,153965,,3,,,,,,1,16344.51
594674,08:47:00,08:47:00,154175,,4,,,,,,1,17507.63
594674,08:47:00,08:47:00,154174,,5,,,,,,1,18045.71
594674,08:48:00,08:48:00,154317,,6,,,,,,1,18711.51
594674,08:49:00,08:49:00,153992,,7,,,,,,1,18997.78
594674,08:52:00,08:52:00,153964,,8,,,,,,1,20287
594675,09:30:00,09:30:00,154107,,1,,,,,,1,0
594675,09:44:00,09:44:00,153966,,2,,,,,,1,15077.03
594675,09:46:00,09:46:00,153965,,3,,,,,,1,16344.51
594675,09:47:00,09:47:00,154175,,4,,,,,,1,17507.63
594675,09:47:00,09:47:00,154174,,5,,,,,,1,18045.71
594675,09:48:00,09:48:00,154317,,6,,,,,,1,18711.51
594675,09:49:00,09:49:00,153992,,7,,,,,,1,18997.78
594675,09:52:00,09:52:00,153964,,8,,,,,,1,20287
594676,10:30:00,10:30:00,154107,,1,,,,,,1,0
594676,10:44:00,10:44:00,153966,,2,,,,,,1,15077.03
594676,10:46:00,10:46:00,153965,,3,,,,,,1,16344.51
594676,10:47:00,10:47:00,154175,,4,,,,,,1,17507.63
594676,10:47:00,10:47:00,154174,,5,,,,,,1,18045.71
594676,10:48:00,10:48:00,154317,,6,,,,,,1,18711.51
594676,10:49:00,10:49:00,153992,,7,,,,,,1,18997.78
594676,10:52:00,10:52:00,153964,,8,,,,,,1,20287
594677,11:30:00,11:30:00,154107,,1,,,,,,1,0
594677,11:44:00,11:44:00,153966,,2,,,,,,1,15077.03
594677,11:46:00,11:46:00,153965,,3,,,,,,1,16344.51
594677,11:47:00,11:47:00,154175,,4,,,,,,1,17507.63
594677,11:47:00,11:47:00,154174,,5,,,,,,1,18045.71
594677,11:48:00,11:48:00,154317,,6,,,,,,1,18711.51
594677,11:49:00,11:49:00,153992,,7,,,,,,1,18997.78
594677,11:52:00,11:52:00,153964,,8,,,,,,1,20287
594678,12:30:00,12:30:00,154107,,1,,,,,,1,0
594678,12:44:00,12:44:00,153966,,2,,,,,,1,15077.03
594678,12:46:00,12:46:00,153965,,3,,,,,,1,16344.51
594678,12:47:00,12:47:00,154175,,4,,,,,,1,17507.63
594678,12:48:00,12:48:00,154174,,5,,,,,,1,18045.71
594678,12:49:00,12:49:00,154317,,6,,,,,,1,18711.51
594678,12:50:00,12:50:00,153992,,7,,,,,,1,18997.78
594678,12:54:00,12:54:00,153964,,8,,,,,,1,20287
594679,13:45:00,13:45:00,154107,,1,,,,,,1,0
594679,13:59:00,13:59:00,153966,,2,,,,,,1,15077.03
594679,14:01:00,14:01:00,153965,,3,,,,,,1,16344.51
594679,14:02:00,14:02:00,154175,,4,,,,,,1,17507.63
594679,14:03:00,14:03:00,154174,,5,,,,,,1,18045.71
594679,14:04:00,14:04:00,154317,,6,,,,,,1,18711.51
594679,14:05:00,14:05:00,153992,,7,,,,,,1,18997.78
594679,14:09:00,14:09:00,153964,,8,,,,,,1,20287
594680,15:00:00,15:00:00,154107,,1,,,,,,1,0
594680,15:14:00,15:14:00,153966,,2,,,,,,1,15077.03
594680,15:16:00,15:16:00,153965,,3,,,,,,1,16344.51
594680,15:17:00,15:17:00,154175,,4,,,,,,1,17507.63
594680,15:18:00,15:18:00,154174,,5,,,,,,1,18045.71
594680,15:19:00,15:19:00,154317,,6,,,,,,1,18711.51
594680,15:20:00,15:20:00,153992,,7,,,,,,1,18997.78
594680,15:24:00,15:24:00,153964,,8,,,,,,1,20287
594681,16:15:00,16:15:00,154107,,1,,,,,,1,0
594681,16:29:00,16:29:00,153966,,2,,,,,,1,15077.03
594681,16:31:00,16:31:00,153965,,3,,,,,,1,16344.51
594681,16:32:00,16:32:00,154175,,4,,,,,,1,17507.63
594681,16:33:00,16:33:00,154174,,5,,,,,,1,18045.71
594681,16:34:00,16:34:00,154317,,6,,,,,,1,18711.51
594681,16:35:00,16:35:00,153992,,7,,,,,,1,18997.78
594681,16:39:00,16:39:00,153964,,8,,,,,,1,20287
594682,17:30:00,17:30:00,154107,,1,,,,,,1,0
594682,17:44:00,17:44:00,153966,,2,,,,,,1,15077.03
594682,17:46:00,17:46:00,153965,,3,,,,,,1,16344.51
594682,17:47:00,17:47:00,154175,,4,,,,,,1,17507.63
594682,17:47:00,17:47:00,154174,,5,,,,,,1,18045.71
594682,17:48:00,17:48:00,154317,,6,,,,,,1,18711.51
594682,17:49:00,17:49:00,153992,,7,,,,,,1,18997.78
594682,17:52:00,17:52:00,153964,,8,,,,,,1,20287
594683,18:30:00,18:30:00,154107,,1,,,,,,1,0
594683,18:44:00,18:44:00,153966,,2,,,,,,1,15077.03
594683,18:46:00,18:46:00,153965,,3,,,,,,1,16344.51
594683,18:47:00,18:47:00,154175,,4,,,,,,1,17507.63
594683,18:47:00,18:47:00,154174,,5,,,,,,1,18045.71
594683,18:48:00,18:48:00,154317,,6,,,,,,1,18711.51
594683,18:49:00,18:49:00,153992,,7,,,,,,1,18997.78
594683,18:52:00,18:52:00,153964,,8,,,,,,1,20287
594684,19:30:00,19:30:00,154107,,1,,,,,,1,0
594684,19:44:00,19:44:00,153966,,2,,,,,,1,15077.03
594684,19:46:00,19:46:00,153965,,3,,,,,,1,16344.51
594684,19:47:00,19:47:00,154175,,4,,,,,,1,17507.63
594684,19:47:00,19:47:00,154174,,5,,,,,,1,18045.71
594684,19:48:00,19:48:00,154317,,6,,,,,,1,18711.51
594684,19:49:00,19:49:00,153992,,7,,,,,,1,18997.78
594684,19:52:00,19:52:00,153964,,8,,,,,,1,20287
594656,05:58:00,05:58:00,153911,,1,,,,,,1,0
594656,06:00:00,06:00:00,153999,,2,,,,,,1,1296.57
594656,06:01:00,06:01:00,154092,,3,,,,,,1,1908.43
594656,06:02:00,06:02:00,154091,,4,,,,,,1,2596.97
594656,06:03:00,06:03:00,154012,,5,,,,,,1,3130.57
594656,06:04:00,06:04:00,154013,,6,,,,,,1,3368.37
594656,06:05:00,06:05:00,154007,,7,,,,,,1,3817.89
594656,06:05:00,06:05:00,154009,,8,,,,,,1,4219.04
594656,06:05:00,06:05:00,154010,,9,,,,,,1,4581.29
594656,06:06:00,06:06:00,154146,,10,,,,,,1,5260.63
594656,06:07:00,06:07:00,154139,,11,,,,,,1,5556.84
594656,06:08:00,06:08:00,154140,,12,,,,,,1,7129.02
594656,06:09:00,06:09:00,154151,,13,,,,,,1,7373.34
594656,06:10:00,06:10:00,154142,,14,,,,,,1,8084.34
594656,06:10:00,06:10:00,154148,,15,,,,,,1,8811.43
594656,06:11:00,06:11:00,153967,,16,,,,,,1,9848.53
594656,06:13:00,06:13:00,153979,,17,,,,,,1,10661.5
594656,06:20:00,06:20:00,154108,,18,,,,,,1,12263.79
594739,06:58:00,06:58:00,153911,,1,,,,,,1,0
594739,07:00:00,07:00:00,153999,,2,,,,,,1,1296.57
594739,07:01:00,07:01:00,154092,,3,,,,,,1,1908.43
594739,07:02:00,07:02:00,154091,,4,,,,,,1,2596.97
594739,07:03:00,07:03:00,154012,,5,,,,,,1,3130.57
594739,07:04:00,07:04:00,154013,,6,,,,,,1,3368.37
594739,07:05:00,07:05:00,154007,,7,,,,,,1,3817.89
594739,07:05:00,07:05:00,154009,,8,,,,,,1,4219.04
594739,07:05:00,07:05:00,154010,,9,,,,,,1,4581.29
594739,07:06:00,07:06:00,154146,,10,,,,,,1,5260.63
594739,07:07:00,07:07:00,154139,,11,,,,,,1,5556.84
594739,07:08:00,07:08:00,154140,,12,,,,,,1,7129.02
594739,07:09:00,07:09:00,154151,,13,,,,,,1,7373.34
594739,07:10:00,07:10:00,154142,,14,,,,,,1,8084.34
594739,07:10:00,07:10:00,154148,,15,,,,,,1,8811.43
594739,07:11:00,07:11:00,153967,,16,,,,,,1,9848.53
594739,07:13:00,07:13:00,153979,,17,,,,,,1,10661.5
594739,07:20:00,07:20:00,154108,,18,,,,,,1,12263.79
594740,07:58:00,07:58:00,153911,,1,,,,,,1,0
594740,08:00:00,08:00:00,153999,,2,,,,,,1,1296.57
594740,08:01:00,08:01:00,154092,,3,,,,,,1,1908.43
594740,08:02:00,08:02:00,154091,,4,,,,,,1,2596.97
594740,08:03:00,08:03:00,154012,,5,,,,,,1,3130.57
594740,08:04:00,08:04:00,154013,,6,,,,,,1,3368.37
594740,08:05:00,08:05:00,154007,,7,,,,,,1,3817.89
594740,08:05:00,08:05:00,154009,,8,,,,,,1,4219.04
594740,08:05:00,08:05:00,154010,,9,,,,,,1,4581.29
594740,08:06:00,08:06:00,154146,,10,,,,,,1,5260.63
594740,08:07:00,08:07:00,154139,,11,,,,,,1,5556.84
594740,08:08:00,08:08:00,154140,,12,,,,,,1,7129.02
594740,08:09:00,08:09:00,154151,,13,,,,,,1,7373.34
594740,08:10:00,08:10:00,154142,,14,,,,,,1,8084.34
594740,08:10:00,08:10:00,154148,,15,,,,,,1,8811.43
594740,08:11:00,08:11:00,153967,,16,,,,,,1,9848.53
594740,08:13:00,08:13:00,153979,,17,,,,,,1,10661.5
594740,08:20:00,08:20:00,154108,,18,,,,,,1,12263.79
594741,08:58:00,08:58:00,153911,,1,,,,,,1,0
594741,09:00:00,09:00:00,153999,,2,,,,,,1,1296.57
594741,09:01:00,09:01:00,154092,,3,,,,,,1,1908.43
594741,09:02:00,09:02:00,154091,,4,,,,,,1,2596.97
594741,09:03:00,09:03:00,154012,,5,,,,,,1,3130.57
594741,09:04:00,09:04:00,154013,,6,,,,,,1,3368.37
594741,09:05:00,09:05:00,154007,,7,,,,,,1,3817.89
594741,09:05:00,09:05:00,154009,,8,,,,,,1,4219.04
594741,09:05:00,09:05:00,154010,,9,,,,,,1,4581.29
594741,09:06:00,09:06:00,154146,,10,,,,,,1,5260.63
594741,09:07:00,09:07:00,154139,,11,,,,,,1,5556.84
594741,09:08:00,09:08:00,154140,,12,,,,,,1,7129.02
594741,09:09:00,09:09:00,154151,,13,,,,,,1,7373.34
594741,09:10:00,09:10:00,154142,,14,,,,,,1,8084.34
594741,09:10:00,09:10:00,154148,,15,,,,,,1,8811.43
594741,09:11:00,09:11:00,153967,,16,,,,,,1,9848.53
594741,09:13:00,09:13:00,153979,,17,,,,,,1,10661.5
594741,09:20:00,09:20:00,154108,,18,,,,,,1,12263.79
594742,09:58:00,09:58:00,153911,,1,,,,,,1,0
594742,10:00:00,10:00:00,153999,,2,,,,,,1,1296.57
594742,10:01:00,10:01:00,154092,,3,,,,,,1,1908.43
594742,10:02:00,10:02:00,154091,,4,,,,,,1,2596.97
594742,10:03:00,10:03:00,154012,,5,,,,,,1,3130.57
594742,10:04:00,10:04:00,154013,,6,,,,,,1,3368.37
594742,10:05:00,10:05:00,154007,,7,,,,,,1,3817.89
594742,10:05:00,10:05:00,154009,,8,,,,,,1,4219.04
594742,10:05:00,10:05:00,154010,,9,,,,,,1,4581.29
594742,10:06:00,10:06:00,154146,,10,,,,,,1,5260.63
594742,10:07:00,10:07:00,154139,,11,,,,,,1,5556.84
594742,10:08:00,10:08:00,154140,,12,,,,,,1,7129.02
594742,10:09:00,10:09:00,154151,,13,,,,,,1,7373.34
594742,10:10:00,10:10:00,154142,,14,,,,,,1,8084.34
594742,10:10:00,10:10:00,154148,,15,,,,,,1,8811.43
594742,10:11:00,10:11:00,153967,,16,,,,,,1,9848.53
594742,10:13:00,10:13:00,153979,,17,,,,,,1,10661.5
594742,10:20:00,10:20:00,154108,,18,,,,,,1,12263.79
594743,10:58:00,10:58:00,153911,,1,,,,,,1,0
594743,11:00:00,11:00:00,153999,,2,,,,,,1,1296.57
594743,11:01:00,11:01:00,154092,,3,,,,,,1,1908.43
594743,11:02:00,11:02:00,154091,,4,,,,,,1,2596.97
594743,11:03:00,11:03:00,154012,,5,,,,,,1,3130.57
594743,11:04:00,11:04:00,154013,,6,,,,,,1,3368.37
594743,11:05:00,11:05:00,154007,,7,,,,,,1,3817.89
594743,11:05:00,11:05:00,154009,,8,,,,,,1,4219.04
594743,11:05:00,11:05:00,154010,,9,,,,,,1,4581.29
594743,11:06:00,11:06:00,154146,,10,,,,,,1,5260.63
594743,11:07:00,11:07:00,154139,,11,,,,,,1,5556.84
594743,11:08:00,11:08:00,154140,,12,,,,,,1,7129.02
594743,11:09:00,11:09:00,154151,,13,,,,,,1,7373.34
594743,11:10:00,11:10:00,154142,,14,,,,,,1,8084.34
594743,11:10:00,11:10:00,154148,,15,,,,,,1,8811.43
594743,11:11:00,11:11:00,153967,,16,,,,,,1,9848.53
594743,11:13:00,11:13:00,153979,,17,,,,,,1,10661.5
594743,11:20:00,11:20:00,154108,,18,,,,,,1,12263.79
594744,11:58:00,11:58:00,153911,,1,,,,,,1,0
594744,12:00:00,12:00:00,153999,,2,,,,,,1,1296.57
594744,12:01:00,12:01:00,154092,,3,,,,,,1,1908.43
594744,12:02:00,12:02:00,154091,,4,,,,,,1,2596.97
594744,12:03:00,12:03:00,154012,,5,,,,,,1,3130.57
594744,12:04:00,12:04:00,154013,,6,,,,,,1,3368.37
594744,12:05:00,12:05:00,154007,,7,,,,,,1,3817.89
594744,12:05:00,12:05:00,154009,,8,,,,,,1,4219.04
594744,12:05:00,12:05:00,154010,,9,,,,,,1,4581.29
594744,12:06:00,12:06:00,154146,,10,,,,,,1,5260.63
594744,12:07:00,12:07:00,154139,,11,,,,,,1,5556.84
594744,12:08:00,12:08:00,154140,,12,,,,,,1,7129.02
594744,12:09:00,12:09:00,154151,,13,,,,,,1,7373.34
594744,12:10:00,12:10:00,154142,,14,,,,,,1,8084.34
594744,12:10:00,12:10:00,154148,,15,,,,,,1,8811.43
594744,12:11:00,12:11:00,153967,,16,,,,,,1,9848.53
594744,12:13:00,12:13:00,153979,,17,,,,,,1,10661.5
594744,12:20:00,12:20:00,154108,,18,,,,,,1,12263.79
594745,13:08:00,13:08:00,153911,,1,,,,,,1,0
594745,13:11:00,13:11:00,153999,,2,,,,,,1,1296.57
594745,13:12:00,13:12:00,154092,,3,,,,,,1,1908.43
594745,13:13:00,13:13:00,154091,,4,,,,,,1,2596.97
594745,13:14:00,13:14:00,154012,,5,,,,,,1,3130.57
594745,13:15:00,13:15:00,154013,,6,,,,,,1,3368.37
594745,13:15:00,13:15:00,154007,,7,,,,,,1,3817.89
594745,13:15:00,13:15:00,154009,,8,,,,,,1,4219.04
594745,13:15:00,13:15:00,154010,,9,,,,,,1,4581.29
594745,13:16:00,13:16:00,154146,,10,,,,,,1,5260.63
594745,13:17:00,13:17:00,154139,,11,,,,,,1,5556.84
594745,13:18:00,13:18:00,154140,,12,,,,,,1,7129.02
594745,13:19:00,13:19:00,154151,,13,,,,,,1,7373.34
594745,13:20:00,13:20:00,154142,,14,,,,,,1,8084.34
594745,13:20:00,13:20:00,154148,,15,,,,,,1,8811.43
594745,13:21:00,13:21:00,153967,,16,,,,,,1,9848.53
594745,13:23:00,13:23:00,153979,,17,,,,,,1,10661.5
594745,13:32:00,13:32:00,154108,,18,,,,,,1,12263.79
594746,14:23:00,14:23:00,153911,,1,,,,,,1,0
594746,14:26:00,14:26:00,153999,,2,,,,,,1,1296.57
594746,14:27:00,14:27:00,154092,,3,,,,,,1,1908.43
594746,14:28:00,14:28:00,154091,,4,,,,,,1,2596.97
594746,14:29:00,14:29:00,154012,,5,,,,,,1,3130.57
594746,14:30:00,14:30:00,154013,,6,,,,,,1,3368.37
594746,14:30:00,14:30:00,154007,,7,,,,,,1,3817.89
594746,14:30:00,14:30:00,154009,,8,,,,,,1,4219.04
594746,14:30:00,14:30:00,154010,,9,,,,,,1,4581.29
594746,14:31:00,14:31:00,154146,,10,,,,,,1,5260.63
594746,14:32:00,14:32:00,154139,,11,,,,,,1,5556.84
594746,14:33:00,14:33:00,154140,,12,,,,,,1,7129.02
594746,14:34:00,14:34:00,154151,,13,,,,,,1,7373.34
594746,14:35:00,14:35:00,154142,,14,,,,,,1,8084.34
594746,14:35:00,14:35:00,154148,,15,,,,,,1,8811.43
594746,14:36:00,14:36:00,153967,,16,,,,,,1,9848.53
594746,14:38:00,14:38:00,153979,,17,,,,,,1,10661.5
594746,14:47:00,14:47:00,154108,,18,,,,,,1,12263.79
594747,15:38:00,15:38:00,153911,,1,,,,,,1,0
594747,15:41:00,15:41:00,153999,,2,,,,,,1,1296.57
594747,15:42:00,15:42:00,154092,,3,,,,,,1,1908.43
594747,15:43:00,15:43:00,154091,,4,,,,,,1,2596.97
594747,15:44:00,15:44:00,154012,,5,,,,,,1,3130.57
594747,15:45:00,15:45:00,154013,,6,,,,,,1,3368.37
594747,15:45:00,15:45:00,154007,,7,,,,,,1,3817.89
594747,15:45:00,15:45:00,154009,,8,,,,,,1,4219.04
594747,15:45:00,15:45:00,154010,,9,,,,,,1,4581.29
594747,15:46:00,15:46:00,154146,,10,,,,,,1,5260.63
594747,15:47:00,15:47:00,154139,,11,,,,,,1,5556.84
594747,15:48:00,15:48:00,154140,,12,,,,,,1,7129.02
594747,15:49:00,15:49:00,154151,,13,,,,,,1,7373.34
594747,15:50:00,15:50:00,154142,,14,,,,,,1,8084.34
594747,15:50:00,15:50:00,154148,,15,,,,,,1,8811.43
594747,15:51:00,15:51:00,153967,,16,,,,,,1,9848.53
594747,15:53:00,15:53:00,153979,,17,,,,,,1,10661.5
594747,16:02:00,16:02:00,154108,,18,,,,,,1,12263.79
594748,16:53:00,16:53:00,153911,,1,,,,,,1,0
594748,16:56:00,16:56:00,153999,,2,,,,,,1,1296.57
594748,16:57:00,16:57:00,154092,,3,,,,,,1,1908.43
594748,16:58:00,16:58:00,154091,,4,,,,,,1,2596.97
594748,16:59:00,16:59:00,154012,,5,,,,,,1,3130.57
594748,17:00:00,17:00:00,154013,,6,,,,,,1,3368.37
594748,17:00:00,17:00:00,154007,,7,,,,,,1,3817.89
594748,17:00:00,17:00:00,154009,,8,,,,,,1,4219.04
594748,17:00:00,17:00:00,154010,,9,,,,,,1,4581.29
594748,17:01:00,17:01:00,154146,,10,,,,,,1,5260.63
594748,17:02:00,17:02:00,154139,,11,,,,,,1,5556.84
594748,17:03:00,17:03:00,154140,,12,,,,,,1,7129.02
594748,17:04:00,17:04:00,154151,,13,,,,,,1,7373.34
594748,17:05:00,17:05:00,154142,,14,,,,,,1,8084.34
594748,17:05:00,17:05:00,154148,,15,,,,,,1,8811.43
594748,17:06:00,17:06:00,153967,,16,,,,,,1,9848.53
594748,17:08:00,17:08:00,153979,,17,,,,,,1,10661.5
594748,17:17:00,17:17:00,154108,,18,,,,,,1,12263.79
594749,17:58:00,17:58:00,153911,,1,,,,,,1,0
594749,18:00:00,18:00:00,153999,,2,,,,,,1,1296.57
594749,18:01:00,18:01:00,154092,,3,,,,,,1,1908.43
594749,18:02:00,18:02:00,154091,,4,,,,,,1,2596.97
594749,18:03:00,18:03:00,154012,,5,,,,,,1,3130.57
594749,18:04:00,18:04:00,154013,,6,,,,,,1,3368.37
594749,18:05:00,18:05:00,154007,,7,,,,,,1,3817.89
594749,18:05:00,18:05:00,154009,,8,,,,,,1,4219.04
594749,18:05:00,18:05:00,154010,,9,,,,,,1,4581.29
594749,18:06:00,18:06:00,154146,,10,,,,,,1,5260.63
594749,18:07:00,18:07:00,154139,,11,,,,,,1,5556.84
594749,18:08:00,18:08:00,154140,,12,,,,,,1,7129.02
594749,18:09:00,18:09:00,154151,,13,,,,,,1,7373.34
594749,18:10:00,18:10:00,154142,,14,,,,,,1,8084.34
594749,18:10:00,18:10:00,154148,,15,,,,,,1,8811.43
594749,18:11:00,18:11:00,153967,,16,,,,,,1,9848.53
594749,18:13:00,18:13:00,153979,,17,,,,,,1,10661.5
594749,18:20:00,18:20:00,154108,,18,,,,,,1,12263.79
594750,18:58:00,18:58:00,153911,,1,,,,,,1,0
594750,19:00:00,19:00:00,153999,,2,,,,,,1,1296.57
594750,19:01:00,19:01:00,154092,,3,,,,,,1,1908.43
594750,19:02:00,19:02:00,154091,,4,,,,,,1,2596.97
594750,19:03:00,19:03:00,154012,,5,,,,,,1,3130.57
594750,19:04:00,19:04:00,154013,,6,,,,,,1,3368.37
594750,19:05:00,19:05:00,154007,,7,,,,,,1,3817.89
594750,19:05:00,19:05:00,154009,,8,,,,,,1,4219.04
594750,19:05:00,19:05:00,154010,,9,,,,,,1,4581.29
594750,19:06:00,19:06:00,154146,,10,,,,,,1,5260.63
594750,19:07:00,19:07:00,154139,,11,,,,,,1,5556.84
594750,19:08:00,19:08:00,154140,,12,,,,,,1,7129.02
594750,19:09:00,19:09:00,154151,,13,,,,,,1,7373.34
594750,19:10:00,19:10:00,154142,,14,,,,,,1,8084.34
594750,19:10:00,19:10:00,154148,,15,,,,,,1,8811.43
594750,19:11:00,19:11:00,153967,,16,,,,,,1,9848.53
594750,19:13:00,19:13:00,153979,,17,,,,,,1,10661.5
594750,19:20:00,19:20:00,154108,,18,,,,,,1,12263.79
594751,19:58:00,19:58:00,153911,,1,,,,,,1,0
594751,20:00:00,20:00:00,153999,,2,,,,,,1,1296.57
594751,20:01:00,20:01:00,154092,,3,,,,,,1,1908.43
594751,20:02:00,20:02:00,154091,,4,,,,,,1,2596.97
594751,20:03:00,20:03:00,154012,,5,,,,,,1,3130.57
594751,20:04:00,20:04:00,154013,,6,,,,,,1,3368.37
594751,20:05:00,20:05:00,154007,,7,,,,,,1,3817.89
594751,20:05:00,20:05:00,154009,,8,,,,,,1,4219.04
594751,20:05:00,20:05:00,154010,,9,,,,,,1,4581.29
594751,20:06:00,20:06:00,154146,,10,,,,,,1,5260.63
594751,20:07:00,20:07:00,154139,,11,,,,,,1,5556.84
594751,20:08:00,20:08:00,154140,,12,,,,,,1,7129.02
594751,20:09:00,20:09:00,154151,,13,,,,,,1,7373.34
594751,20:10:00,20:10:00,154142,,14,,,,,,1,8084.34
594751,20:10:00,20:10:00,154148,,15,,,,,,1,8811.43
594751,20:11:00,20:11:00,153967,,16,,,,,,1,9848.53
594751,20:13:00,20:13:00,153979,,17,,,,,,1,10661.5
594751,20:20:00,20:20:00,154108,,18,,,,,,1,12263.79
594755,08:58:00,08:58:00,153911,,1,,,,,,1,0
594755,09:00:00,09:00:00,153999,,2,,,,,,1,1296.57
594755,09:01:00,09:01:00,154092,,3,,,,,,1,1908.43
594755,09:02:00,09:02:00,154091,,4,,,,,,1,2596.97
594755,09:03:00,09:03:00,154012,,5,,,,,,1,3130.57
594755,09:04:00,09:04:00,154013,,6,,,,,,1,3368.37
594755,09:05:00,09:05:00,154007,,7,,,,,,1,3817.89
594755,09:05:00,09:05:00,154009,,8,,,,,,1,4219.04
594755,09:05:00,09:05:00,154010,,9,,,,,,1,4581.29
594755,09:06:00,09:06:00,154146,,10,,,,,,1,5260.63
594755,09:07:00,09:07:00,154139,,11,,,,,,1,5556.84
594755,09:08:00,09:08:00,154140,,12,,,,,,1,7129.02
594755,09:09:00,09:09:00,154151,,13,,,,,,1,7373.34
594755,09:10:00,09:10:00,154142,,14,,,,,,1,8084.34
594755,09:10:00,09:10:00,154148,,15,,,,,,1,8811.43
594755,09:11:00,09:11:00,153967,,16,,,,,,1,9848.53
594755,09:13:00,09:13:00,153979,,17,,,,,,1,10661.5
594755,09:20:00,09:20:00,154108,,18,,,,,,1,12263.79
594756,09:58:00,09:58:00,153911,,1,,,,,,1,0
594756,10:00:00,10:00:00,153999,,2,,,,,,1,1296.57
594756,10:01:00,10:01:00,154092,,3,,,,,,1,1908.43
594756,10:02:00,10:02:00,154091,,4,,,,,,1,2596.97
594756,10:03:00,10:03:00,154012,,5,,,,,,1,3130.57
594756,10:04:00,10:04:00,154013,,6,,,,,,1,3368.37
594756,10:05:00,10:05:00,154007,,7,,,,,,1,3817.89
594756,10:05:00,10:05:00,154009,,8,,,,,,1,4219.04
594756,10:05:00,10:05:00,154010,,9,,,,,,1,4581.29
594756,10:06:00,10:06:00,154146,,10,,,,,,1,5260.63
594756,10:07:00,10:07:00,154139,,11,,,,,,1,5556.84
594756,10:08:00,10:08:00,154140,,12,,,,,,1,7129.02
594756,10:09:00,10:09:00,154151,,13,,,,,,1,7373.34
594756,10:10:00,10:10:00,154142,,14,,,,,,1,8084.34
594756,10:10:00,10:10:00,154148,,15,,,,,,1,8811.43
594756,10:11:00,10:11:00,153967,,16,,,,,,1,9848.53
594756,10:13:00,10:13:00,153979,,17,,,,,,1,10661.5
594756,10:20:00,10:20:00,154108,,18,,,,,,1,12263.79
594757,10:58:00,10:58:00,153911,,1,,,,,,1,0
594757,11:00:00,11:00:00,153999,,2,,,,,,1,1296.57
594757,11:01:00,11:01:00,154092,,3,,,,,,1,1908.43
594757,11:02:00,11:02:00,154091,,4,,,,,,1,2596.97
594757,11:03:00,11:03:00,154012,,5,,,,,,1,3130.57
594757,11:04:00,11:04:00,154013,,6,,,,,,1,3368.37
594757,11:05:00,11:05:00,154007,,7,,,,,,1,3817.89
594757,11:05:00,11:05:00,154009,,8,,,,,,1,4219.04
594757,11:05:00,11:05:00,154010,,9,,,,,,1,4581.29
594757,11:06:00,11:06:00,154146,,10,,,,,,1,5260.63
594757,11:07:00,11:07:00,154139,,11,,,,,,1,5556.84
594757,11:08:00,11:08:00,154140,,12,,,,,,1,7129.02
594757,11:09:00,11:09:00,154151,,13,,,,,,1,7373.34
594757,11:10:00,11:10:00,154142,,14,,,,,,1,8084.34
594757,11:10:00,11:10:00,154148,,15,,,,,,1,8811.43
594757,11:11:00,11:11:00,153967,,16,,,,,,1,9848.53
594757,11:13:00,11:13:00,153979,,17,,,,,,1,10661.5
594757,11:20:00,11:20:00,154108,,18,,,,,,1,12263.79
594758,11:58:00,11:58:00,153911,,1,,,,,,1,0
594758,12:00:00,12:00:00,153999,,2,,,,,,1,1296.57
594758,12:01:00,12:01:00,154092,,3,,,,,,1,1908.43
594758,12:02:00,12:02:00,154091,,4,,,,,,1,2596.97
594758,12:03:00,12:03:00,154012,,5,,,,,,1,3130.57
594758,12:04:00,12:04:00,154013,,6,,,,,,1,3368.37
594758,12:05:00,12:05:00,154007,,7,,,,,,1,3817.89
594758,12:05:00,12:05:00,154009,,8,,,,,,1,4219.04
594758,12:05:00,12:05:00,154010,,9,,,,,,1,4581.29
594758,12:06:00,12:06:00,154146,,10,,,,,,1,5260.63
594758,12:07:00,12:07:00,154139,,11,,,,,,1,5556.84
594758,12:08:00,12:08:00,154140,,12,,,,,,1,7129.02
594758,12:09:00,12:09:00,154151,,13,,,,,,1,7373.34
594758,12:10:00,12:10:00,154142,,14,,,,,,1,8084.34
594758,12:10:00,12:10:00,154148,,15,,,,,,1,8811.43
594758,12:11:00,12:11:00,153967,,16,,,,,,1,9848.53
594758,12:13:00,12:13:00,153979,,17,,,,,,1,10661.5
594758,12:20:00,12:20:00,154108,,18,,,,,,1,12263.79
594759,13:08:00,13:08:00,153911,,1,,,,,,1,0
594759,13:11:00,13:11:00,153999,,2,,,,,,1,1296.57
594759,13:12:00,13:12:00,154092,,3,,,,,,1,1908.43
594759,13:13:00,13:13:00,154091,,4,,,,,,1,2596.97
594759,13:14:00,13:14:00,154012,,5,,,,,,1,3130.57
594759,13:15:00,13:15:00,154013,,6,,,,,,1,3368.37
594759,13:15:00,13:15:00,154007,,7,,,,,,1,3817.89
594759,13:15:00,13:15:00,154009,,8,,,,,,1,4219.04
594759,13:15:00,13:15:00,154010,,9,,,,,,1,4581.29
594759,13:16:00,13:16:00,154146,,10,,,,,,1,5260.63
594759,13:17:00,13:17:00,154139,,11,,,,,,1,5556.84
594759,13:18:00,13:18:00,154140,,12,,,,,,1,7129.02
594759,13:19:00,13:19:00,154151,,13,,,,,,1,7373.34
594759,13:20:00,13:20:00,154142,,14,,,,,,1,8084.34
594759,13:20:00,13:20:00,154148,,15,,,,,,1,8811.43
594759,13:21:00,13:21:00,153967,,16,,,,,,1,9848.53
594759,13:23:00,13:23:00,153979,,17,,,,,,1,10661.5
594759,13:32:00,13:32:00,154108,,18,,,,,,1,12263.79
594760,14:23:00,14:23:00,153911,,1,,,,,,1,0
594760,14:26:00,14:26:00,153999,,2,,,,,,1,1296.57
594760,14:27:00,14:27:00,154092,,3,,,,,,1,1908.43
594760,14:28:00,14:28:00,154091,,4,,,,,,1,2596.97
594760,14:29:00,14:29:00,154012,,5,,,,,,1,3130.57
594760,14:30:00,14:30:00,154013,,6,,,,,,1,3368.37
594760,14:30:00,14:30:00,154007,,7,,,,,,1,3817.89
594760,14:30:00,14:30:00,154009,,8,,,,,,1,4219.04
594760,14:30:00,14:30:00,154010,,9,,,,,,1,4581.29
594760,14:31:00,14:31:00,154146,,10,,,,,,1,5260.63
594760,14:32:00,14:32:00,154139,,11,,,,,,1,5556.84
594760,14:33:00,14:33:00,154140,,12,,,,,,1,7129.02
594760,14:34:00,14:34:00,154151,,13,,,,,,1,7373.34
594760,14:35:00,14:35:00,154142,,14,,,,,,1,8084.34
594760,14:35:00,14:35:00,154148,,15,,,,,,1,8811.43
594760,14:36:00,14:36:00,153967,,16,,,,,,1,9848.53
594760,14:38:00,14:38:00,153979,,17,,,,,,1,10661.5
594760,14:47:00,14:47:00,154108,,18,,,,,,1,12263.79
594761,15:38:00,15:38:00,153911,,1,,,,,,1,0
594761,15:41:00,15:41:00,153999,,2,,,,,,1,1296.57
594761,15:42:00,15:42:00,154092,,3,,,,,,1,1908.43
594761,15:43:00,15:43:00,154091,,4,,,,,,1,2596.97
594761,15:44:00,15:44:00,154012,,5,,,,,,1,3130.57
594761,15:45:00,15:45:00,154013,,6,,,,,,1,3368.37
594761,15:45:00,15:45:00,154007,,7,,,,,,1,3817.89
594761,15:45:00,15:45:00,154009,,8,,,,,,1,4219.04
594761,15:45:00,15:45:00,154010,,9,,,,,,1,4581.29
594761,15:46:00,15:46:00,154146,,10,,,,,,1,5260.63
594761,15:47:00,15:47:00,154139,,11,,,,,,1,5556.84
594761,15:48:00,15:48:00,154140,,12,,,,,,1,7129.02
594761,15:49:00,15:49:00,154151,,13,,,,,,1,7373.34
594761,15:50:00,15:50:00,154142,,14,,,,,,1,8084.34
594761,15:50:00,15:50:00,154148,,15,,,,,,1,8811.43
594761,15:51:00,15:51:00,153967,,16,,,,,,1,9848.53
594761,15:53:00,15:53:00,153979,,17,,,,,,1,10661.5
594761,16:02:00,16:02:00,154108,,18,,,,,,1,12263.79
594762,16:53:00,16:53:00,153911,,1,,,,,,1,0
594762,16:56:00,16:56:00,153999,,2,,,,,,1,1296.57
594762,16:57:00,16:57:00,154092,,3,,,,,,1,1908.43
594762,16:58:00,16:58:00,154091,,4,,,,,,1,2596.97
594762,16:59:00,16:59:00,154012,,5,,,,,,1,3130.57
594762,17:00:00,17:00:00,154013,,6,,,,,,1,3368.37
594762,17:00:00,17:00:00,154007,,7,,,,,,1,3817.89
594762,17:00:00,17:00:00,154009,,8,,,,,,1,4219.04
594762,17:00:00,17:00:00,154010,,9,,,,,,1,4581.29
594762,17:01:00,17:01:00,154146,,10,,,,,,1,5260.63
594762,17:02:00,17:02:00,154139,,11,,,,,,1,5556.84
594762,17:03:00,17:03:00,154140,,12,,,,,,1,7129.02
594762,17:04:00,17:04:00,154151,,13,,,,,,1,7373.34
594762,17:05:00,17:05:00,154142,,14,,,,,,1,8084.34
594762,17:05:00,17:05:00,154148,,15,,,,,,1,8811.43
594762,17:06:00,17:06:00,153967,,16,,,,,,1,9848.53
594762,17:08:00,17:08:00,153979,,17,,,,,,1,10661.5
594762,17:17:00,17:17:00,154108,,18,,,,,,1,12263.79
594763,17:58:00,17:58:00,153911,,1,,,,,,1,0
594763,18:00:00,18:00:00,153999,,2,,,,,,1,1296.57
594763,18:01:00,18:01:00,154092,,3,,,,,,1,1908.43
594763,18:02:00,18:02:00,154091,,4,,,,,,1,2596.97
594763,18:03:00,18:03:00,154012,,5,,,,,,1,3130.57
594763,18:04:00,18:04:00,154013,,6,,,,,,1,3368.37
594763,18:05:00,18:05:00,154007,,7,,,,,,1,3817.89
594763,18:05:00,18:05:00,154009,,8,,,,,,1,4219.04
594763,18:05:00,18:05:00,154010,,9,,,,,,1,4581.29
594763,18:06:00,18:06:00,154146,,10,,,,,,1,5260.63
594763,18:07:00,18:07:00,154139,,11,,,,,,1,5556.84
594763,18:08:00,18:08:00,154140,,12,,,,,,1,7129.02
594763,18:09:00,18:09:00,154151,,13,,,,,,1,7373.34
594763,18:10:00,18:10:00,154142,,14,,,,,,1,8084.34
594763,18:10:00,18:10:00,154148,,15,,,,,,1,8811.43
594763,18:11:00,18:11:00,153967,,16,,,,,,1,9848.53
594763,18:13:00,18:13:00,153979,,17,,,,,,1,10661.5
594763,18:20:00,18:20:00,154108,,18,,,,,,1,12263.79
594764,18:58:00,18:58:00,153911,,1,,,,,,1,0
594764,19:00:00,19:00:00,153999,,2,,,,,,1,1296.57
594764,19:01:00,19:01:00,154092,,3,,,,,,1,1908.43
594764,19:02:00,19:02:00,154091,,4,,,,,,1,2596.97
594764,19:03:00,19:03:00,154012,,5,,,,,,1,3130.57
594764,19:04:00,19:04:00,154013,,6,,,,,,1,3368.37
594764,19:05:00,19:05:00,154007,,7,,,,,,1,3817.89
594764,19:05:00,19:05:00,154009,,8,,,,,,1,4219.04
594764,19:05:00,19:05:00,154010,,9,,,,,,1,4581.29
594764,19:06:00,19:06:00,154146,,10,,,,,,1,5260.63
594764,19:07:00,19:07:00,154139,,11,,,,,,1,5556.84
594764,19:08:00,19:08:00,154140,,12,,,,,,1,7129.02
594764,19:09:00,19:09:00,154151,,13,,,,,,1,7373.34
594764,19:10:00,19:10:00,154142,,14,,,,,,1,8084.34
594764,19:10:00,19:10:00,154148,,15,,,,,,1,8811.43
594764,19:11:00,19:11:00,153967,,16,,,,,,1,9848.53
594764,19:13:00,19:13:00,153979,,17,,,,,,1,10661.5
594764,19:20:00,19:20:00,154108,,18,,,,,,1,12263.79
594765,19:58:00,19:58:00,153911,,1,,,,,,1,0
594765,20:00:00,20:00:00,153999,,2,,,,,,1,1296.57
594765,20:01:00,20:01:00,154092,,3,,,,,,1,1908.43
594765,20:02:00,20:02:00,154091,,4,,,,,,1,2596.97
594765,20:03:00,20:03:00,154012,,5,,,,,,1,3130.57
594765,20:04:00,20:04:00,154013,,6,,,,,,1,3368.37
594765,20:05:00,20:05:00,154007,,7,,,,,,1,3817.89
594765,20:05:00,20:05:00,154009,,8,,,,,,1,4219.04
594765,20:05:00,20:05:00,154010,,9,,,,,,1,4581.29
594765,20:06:00,20:06:00,154146,,10,,,,,,1,5260.63
594765,20:07:00,20:07:00,154139,,11,,,,,,1,5556.84
594765,20:08:00,20:08:00,154140,,12,,,,,,1,7129.02
594765,20:09:00,20:09:00,154151,,13,,,,,,1,7373.34
594765,20:10:00,20:10:00,154142,,14,,,,,,1,8084.34
594765,20:10:00,20:10:00,154148,,15,,,,,,1,8811.43
594765,20:11:00,20:11:00,153967,,16,,,,,,1,9848.53
594765,20:13:00,20:13:00,153979,,17,,,,,,1,10661.5
594765,20:20:00,20:20:00,154108,,18,,,,,,1,12263.79
594657,05:30:00,05:30:00,154108,,1,,,,,,1,0
594657,05:32:00,05:32:00,154111,,2,,,,,,1,1006.49
594657,05:34:00,05:34:00,154149,,3,,,,,,1,2330.79
594657,05:35:00,05:35:00,154143,,4,,,,,,1,3062.41
594657,05:36:00,05:36:00,154144,,5,,,,,,1,3744.46
594657,05:37:00,05:37:00,154141,,6,,,,,,1,4080.79
594657,05:38:00,05:38:00,154152,,7,,,,,,1,5556
594657,05:39:00,05:39:00,154147,,8,,,,,,1,5966.05
594657,05:39:00,05:39:00,154011,,9,,,,,,1,6549.04
594657,05:40:00,05:40:00,154008,,10,,,,,,1,6914.1
594657,05:42:00,05:42:00,153995,,11,,,,,,1,8218.91
594657,05:44:00,05:44:00,153996,,12,,,,,,1,8487.58
594657,05:45:00,05:45:00,154007,,13,,,,,,1,9067.11
594657,05:46:00,05:46:00,154009,,14,,,,,,1,9468.25
594657,05:52:00,05:52:00,154093,,15,,,,,,1,11256.02
594657,05:53:00,05:53:00,154150,,16,,,,,,1,12173
594657,05:54:00,05:54:00,154145,,17,,,,,,1,13128.51
594657,05:55:00,05:55:00,153910,,18,,,,,,1,14005.86
594657,05:56:00,05:56:00,154002,,19,,,,,,1,16877.97
594657,05:58:00,05:58:00,153911,,20,,,,,,1,17762.41
594712,06:30:00,06:30:00,154108,,1,,,,,,1,0
594712,06:32:00,06:32:00,154111,,2,,,,,,1,1006.49
594712,06:34:00,06:34:00,154149,,3,,,,,,1,2330.79
594712,06:35:00,06:35:00,154143,,4,,,,,,1,3062.41
594712,06:36:00,06:36:00,154144,,5,,,,,,1,3744.46
594712,06:37:00,06:37:00,154141,,6,,,,,,1,4080.79
594712,06:38:00,06:38:00,154152,,7,,,,,,1,5556
594712,06:39:00,06:39:00,154147,,8,,,,,,1,5966.05
594712,06:39:00,06:39:00,154011,,9,,,,,,1,6549.04
594712,06:40:00,06:40:00,154008,,10,,,,,,1,6914.1
594712,06:42:00,06:42:00,153995,,11,,,,,,1,8218.91
594712,06:44:00,06:44:00,153996,,12,,,,,,1,8487.58
594712,06:45:00,06:45:00,154007,,13,,,,,,1,9067.11
594712,06:46:00,06:46:00,154009,,14,,,,,,1,9468.25
594712,06:52:00,06:52:00,154093,,15,,,,,,1,11256.02
594712,06:53:00,06:53:00,154150,,16,,,,,,1,12173
594712,06:54:00,06:54:00,154145,,17,,,,,,1,13128.51
594712,06:55:00,06:55:00,153910,,18,,,,,,1,14005.86
594712,06:56:00,06:56:00,154002,,19,,,,,,1,16877.97
594712,06:58:00,06:58:00,153911,,20,,,,,,1,17762.41
594713,07:30:00,07:30:00,154108,,1,,,,,,1,0
594713,07:32:00,07:32:00,154111,,2,,,,,,1,1006.49
594713,07:34:00,07:34:00,154149,,3,,,,,,1,2330.79
594713,07:35:00,07:35:00,154143,,4,,,,,,1,3062.41
594713,07:36:00,07:36:00,154144,,5,,,,,,1,3744.46
594713,07:37:00,07:37:00,154141,,6,,,,,,1,4080.79
594713,07:38:00,07:38:00,154152,,7,,,,,,1,5556
594713,07:39:00,07:39:00,154147,,8,,,,,,1,5966.05
594713,07:39:00,07:39:00,154011,,9,,,,,,1,6549.04
594713,07:40:00,07:40:00,154008,,10,,,,,,1,6914.1
594713,07:42:00,07:42:00,153995,,11,,,,,,1,8218.91
594713,07:44:00,07:44:00,153996,,12,,,,,,1,8487.58
594713,07:45:00,07:45:00,154007,,13,,,,,,1,9067.11
594713,07:46:00,07:46:00,154009,,14,,,,,,1,9468.25
594713,07:52:00,07:52:00,154093,,15,,,,,,1,11256.02
594713,07:53:00,07:53:00,154150,,16,,,,,,1,12173
594713,07:54:00,07:54:00,154145,,17,,,,,,1,13128.51
594713,07:55:00,07:55:00,153910,,18,,,,,,1,14005.86
594713,07:56:00,07:56:00,154002,,19,,,,,,1,16877.97
594713,07:58:00,07:58:00,153911,,20,,,,,,1,17762.41
594714,08:30:00,08:30:00,154108,,1,,,,,,1,0
594714,08:32:00,08:32:00,154111,,2,,,,,,1,1006.49
594714,08:34:00,08:34:00,154149,,3,,,,,,1,2330.79
594714,08:35:00,08:35:00,154143,,4,,,,,,1,3062.41
594714,08:36:00,08:36:00,154144,,5,,,,,,1,3744.46
594714,08:37:00,08:37:00,154141,,6,,,,,,1,4080.79
594714,08:38:00,08:38:00,154152,,7,,,,,,1,5556
594714,08:39:00,08:39:00,154147,,8,,,,,,1,5966.05
594714,08:39:00,08:39:00,154011,,9,,,,,,1,6549.04
594714,08:40:00,08:40:00,154008,,10,,,,,,1,6914.1
594714,08:42:00,08:42:00,153995,,11,,,,,,1,8218.91
594714,08:44:00,08:44:00,153996,,12,,,,,,1,8487.58
594714,08:45:00,08:45:00,154007,,13,,,,,,1,9067.11
594714,08:46:00,08:46:00,154009,,14,,,,,,1,9468.25
594714,08:52:00,08:52:00,154093,,15,,,,,,1,11256.02
594714,08:53:00,08:53:00,154150,,16,,,,,,1,12173
594714,08:54:00,08:54:00,154145,,17,,,,,,1,13128.51
594714,08:55:00,08:55:00,153910,,18,,,,,,1,14005.86
594714,08:56:00,08:56:00,154002,,19,,,,,,1,16877.97
594714,08:58:00,08:58:00,153911,,20,,,,,,1,17762.41
594715,09:30:00,09:30:00,154108,,1,,,,,,1,0
594715,09:32:00,09:32:00,154111,,2,,,,,,1,1006.49
594715,09:34:00,09:34:00,154149,,3,,,,,,1,2330.79
594715,09:35:00,09:35:00,154143,,4,,,,,,1,3062.41
594715,09:36:00,09:36:00,154144,,5,,,,,,1,3744.46
594715,09:37:00,09:37:00,154141,,6,,,,,,1,4080.79
594715,09:38:00,09:38:00,154152,,7,,,,,,1,5556
594715,09:39:00,09:39:00,154147,,8,,,,,,1,5966.05
594715,09:39:00,09:39:00,154011,,9,,,,,,1,6549.04
594715,09:40:00,09:40:00,154008,,10,,,,,,1,6914.1
594715,09:42:00,09:42:00,153995,,11,,,,,,1,8218.91
594715,09:44:00,09:44:00,153996,,12,,,,,,1,8487.58
594715,09:45:00,09:45:00,154007,,13,,,,,,1,9067.11
594715,09:46:00,09:46:00,154009,,14,,,,,,1,9468.25
594715,09:52:00,09:52:00,154093,,15,,,,,,1,11256.02
594715,09:53:00,09:53:00,154150,,16,,,,,,1,12173
594715,09:54:00,09:54:00,154145,,17,,,,,,1,13128.51
594715,09:55:00,09:55:00,153910,,18,,,,,,1,14005.86
594715,09:56:00,09:56:00,154002,,19,,,,,,1,16877.97
594715,09:58:00,09:58:00,153911,,20,,,,,,1,17762.41
594716,10:30:00,10:30:00,154108,,1,,,,,,1,0
594716,10:32:00,10:32:00,154111,,2,,,,,,1,1006.49
594716,10:34:00,10:34:00,154149,,3,,,,,,1,2330.79
594716,10:35:00,10:35:00,154143,,4,,,,,,1,3062.41
594716,10:36:00,10:36:00,154144,,5,,,,,,1,3744.46
594716,10:37:00,10:37:00,154141,,6,,,,,,1,4080.79
594716,10:38:00,10:38:00,154152,,7,,,,,,1,5556
594716,10:39:00,10:39:00,154147,,8,,,,,,1,5966.05
594716,10:39:00,10:39:00,154011,,9,,,,,,1,6549.04
594716,10:40:00,10:40:00,154008,,10,,,,,,1,6914.1
594716,10:42:00,10:42:00,153995,,11,,,,,,1,8218.91
594716,10:44:00,10:44:00,153996,,12,,,,,,1,8487.58
594716,10:45:00,10:45:00,154007,,13,,,,,,1,9067.11
594716,10:46:00,10:46:00,154009,,14,,,,,,1,9468.25
594716,10:52:00,10:52:00,154093,,15,,,,,,1,11256.02
594716,10:53:00,10:53:00,154150,,16,,,,,,1,12173
594716,10:54:00,10:54:00,154145,,17,,,,,,1,13128.51
594716,10:55:00,10:55:00,153910,,18,,,,,,1,14005.86
594716,10:56:00,10:56:00,154002,,19,,,,,,1,16877.97
594716,10:58:00,10:58:00,153911,,20,,,,,,1,17762.41
594717,11:30:00,11:30:00,154108,,1,,,,,,1,0
594717,11:32:00,11:32:00,154111,,2,,,,,,1,1006.49
594717,11:34:00,11:34:00,154149,,3,,,,,,1,2330.79
594717,11:35:00,11:35:00,154143,,4,,,,,,1,3062.41
594717,11:36:00,11:36:00,154144,,5,,,,,,1,3744.46
594717,11:37:00,11:37:00,154141,,6,,,,,,1,4080.79
594717,11:38:00,11:38:00,154152,,7,,,,,,1,5556
594717,11:39:00,11:39:00,154147,,8,,,,,,1,5966.05
594717,11:39:00,11:39:00,154011,,9,,,,,,1,6549.04
594717,11:40:00,11:40:00,154008,,10,,,,,,1,6914.1
594717,11:42:00,11:42:00,153995,,11,,,,,,1,8218.91
594717,11:44:00,11:44:00,153996,,12,,,,,,1,8487.58
594717,11:45:00,11:45:00,154007,,13,,,,,,1,9067.11
594717,11:46:00,11:46:00,154009,,14,,,,,,1,9468.25
594717,11:52:00,11:52:00,154093,,15,,,,,,1,11256.02
594717,11:53:00,11:53:00,154150,,16,,,,,,1,12173
594717,11:54:00,11:54:00,154145,,17,,,,,,1,13128.51
594717,11:55:00,11:55:00,153910,,18,,,,,,1,14005.86
594717,11:56:00,11:56:00,154002,,19,,,,,,1,16877.97
594717,11:58:00,11:58:00,153911,,20,,,,,,1,17762.41
594718,12:30:00,12:30:00,154108,,1,,,,,,1,0
594718,12:33:00,12:33:00,154111,,2,,,,,,1,1006.49
594718,12:35:00,12:35:00,154149,,3,,,,,,1,2330.79
594718,12:36:00,12:36:00,154143,,4,,,,,,1,3062.41
594718,12:37:00,12:37:00,154144,,5,,,,,,1,3744.46
594718,12:38:00,12:38:00,154141,,6,,,,,,1,4080.79
594718,12:39:00,12:39:00,154152,,7,,,,,,1,5556
594718,12:40:00,12:40:00,154147,,8,,,,,,1,5966.05
594718,12:40:00,12:40:00,154011,,9,,,,,,1,6549.04
594718,12:42:00,12:42:00,154008,,10,,,,,,1,6914.1
594718,12:44:00,12:44:00,153995,,11,,,,,,1,8218.91
594718,12:46:00,12:46:00,153996,,12,,,,,,1,8487.58
594718,12:47:00,12:47:00,154007,,13,,,,,,1,9067.11
594718,12:49:00,12:49:00,154009,,14,,,,,,1,9468.25
594718,12:57:00,12:57:00,154093,,15,,,,,,1,11256.02
594718,12:59:00,12:59:00,154150,,16,,,,,,1,12173
594718,13:00:00,13:00:00,154145,,17,,,,,,1,13128.51
594718,13:01:00,13:01:00,153910,,18,,,,,,1,14005.86
594718,13:02:00,13:02:00,154002,,19,,,,,,1,16877.97
594718,13:08:00,13:08:00,153911,,20,,,,,,1,17762.41
594719,13:45:00,13:45:00,154108,,1,,,,,,1,0
594719,13:48:00,13:48:00,154111,,2,,,,,,1,1006.49
594719,13:50:00,13:50:00,154149,,3,,,,,,1,2330.79
594719,13:51:00,13:51:00,154143,,4,,,,,,1,3062.41
594719,13:52:00,13:52:00,154144,,5,,,,,,1,3744.46
594719,13:53:00,13:53:00,154141,,6,,,,,,1,4080.79
594719,13:54:00,13:54:00,154152,,7,,,,,,1,5556
594719,13:55:00,13:55:00,154147,,8,,,,,,1,5966.05
594719,13:55:00,13:55:00,154011,,9,,,,,,1,6549.04
594719,13:57:00,13:57:00,154008,,10,,,,,,1,6914.1
594719,13:59:00,13:59:00,153995,,11,,,,,,1,8218.91
594719,14:01:00,14:01:00,153996,,12,,,,,,1,8487.58
594719,14:02:00,14:02:00,154007,,13,,,,,,1,9067.11
594719,14:04:00,14:04:00,154009,,14,,,,,,1,9468.25
594719,14:12:00,14:12:00,154093,,15,,,,,,1,11256.02
594719,14:14:00,14:14:00,154150,,16,,,,,,1,12173
594719,14:15:00,14:15:00,154145,,17,,,,,,1,13128.51
594719,14:16:00,14:16:00,153910,,18,,,,,,1,14005.86
594719,14:17:00,14:17:00,154002,,19,,,,,,1,16877.97
594719,14:23:00,14:23:00,153911,,20,,,,,,1,17762.41
594720,15:00:00,15:00:00,154108,,1,,,,,,1,0
594720,15:03:00,15:03:00,154111,,2,,,,,,1,1006.49
594720,15:05:00,15:05:00,154149,,3,,,,,,1,2330.79
594720,15:06:00,15:06:00,154143,,4,,,,,,1,3062.41
594720,15:07:00,15:07:00,154144,,5,,,,,,1,3744.46
594720,15:08:00,15:08:00,154141,,6,,,,,,1,4080.79
594720,15:09:00,15:09:00,154152,,7,,,,,,1,5556
594720,15:10:00,15:10:00,154147,,8,,,,,,1,5966.05
594720,15:10:00,15:10:00,154011,,9,,,,,,1,6549.04
594720,15:12:00,15:12:00,154008,,10,,,,,,1,6914.1
594720,15:14:00,15:14:00,153995,,11,,,,,,1,8218.91
594720,15:16:00,15:16:00,153996,,12,,,,,,1,8487.58
594720,15:17:00,15:17:00,154007,,13,,,,,,1,9067.11
594720,15:19:00,15:19:00,154009,,14,,,,,,1,9468.25
594720,15:27:00,15:27:00,154093,,15,,,,,,1,11256.02
594720,15:29:00,15:29:00,154150,,16,,,,,,1,12173
594720,15:30:00,15:30:00,154145,,17,,,,,,1,13128.51
594720,15:31:00,15:31:00,153910,,18,,,,,,1,14005.86
594720,15:32:00,15:32:00,154002,,19,,,,,,1,16877.97
594720,15:38:00,15:38:00,153911,,20,,,,,,1,17762.41
594721,16:15:00,16:15:00,154108,,1,,,,,,1,0
594721,16:18:00,16:18:00,154111,,2,,,,,,1,1006.49
594721,16:20:00,16:20:00,154149,,3,,,,,,1,2330.79
594721,16:21:00,16:21:00,154143,,4,,,,,,1,3062.41
594721,16:22:00,16:22:00,154144,,5,,,,,,1,3744.46
594721,16:23:00,16:23:00,154141,,6,,,,,,1,4080.79
594721,16:24:00,16:24:00,154152,,7,,,,,,1,5556
594721,16:25:00,16:25:00,154147,,8,,,,,,1,5966.05
594721,16:25:00,16:25:00,154011,,9,,,,,,1,6549.04
594721,16:27:00,16:27:00,154008,,10,,,,,,1,6914.1
594721,16:29:00,16:29:00,153995,,11,,,,,,1,8218.91
594721,16:31:00,16:31:00,153996,,12,,,,,,1,8487.58
594721,16:32:00,16:32:00,154007,,13,,,,,,1,9067.11
594721,16:34:00,16:34:00,154009,,14,,,,,,1,9468.25
594721,16:42:00,16:42:00,154093,,15,,,,,,1,11256.02
594721,16:44:00,16:44:00,154150,,16,,,,,,1,12173
594721,16:45:00,16:45:00,154145,,17,,,,,,1,13128.51
594721,16:46:00,16:46:00,153910,,18,,,,,,1,14005.86
594721,16:47:00,16:47:00,154002,,19,,,,,,1,16877.97
594721,16:53:00,16:53:00,153911,,20,,,,,,1,17762.41
594722,17:30:00,17:30:00,154108,,1,,,,,,1,0
594722,17:32:00,17:32:00,154111,,2,,,,,,1,1006.49
594722,17:34:00,17:34:00,154149,,3,,,,,,1,2330.79
594722,17:35:00,17:35:00,154143,,4,,,,,,1,3062.41
594722,17:36:00,17:36:00,154144,,5,,,,,,1,3744.46
594722,17:37:00,17:37:00,154141,,6,,,,,,1,4080.79
594722,17:38:00,17:38:00,154152,,7,,,,,,1,5556
594722,17:39:00,17:39:00,154147,,8,,,,,,1,5966.05
594722,17:39:00,17:39:00,154011,,9,,,,,,1,6549.04
594722,17:40:00,17:40:00,154008,,10,,,,,,1,6914.1
594722,17:42:00,17:42:00,153995,,11,,,,,,1,8218.91
594722,17:44:00,17:44:00,153996,,12,,,,,,1,8487.58
594722,17:45:00,17:45:00,154007,,13,,,,,,1,9067.11
594722,17:46:00,17:46:00,154009,,14,,,,,,1,9468.25
594722,17:52:00,17:52:00,154093,,15,,,,,,1,11256.02
594722,17:53:00,17:53:00,154150,,16,,,,,,1,12173
594722,17:54:00,17:54:00,154145,,17,,,,,,1,13128.51
594722,17:55:00,17:55:00,153910,,18,,,,,,1,14005.86
594722,17:56:00,17:56:00,154002,,19,,,,,,1,16877.97
594722,17:58:00,17:58:00,153911,,20,,,,,,1,17762.41
594723,18:30:00,18:30:00,154108,,1,,,,,,1,0
594723,18:32:00,18:32:00,154111,,2,,,,,,1,1006.49
594723,18:34:00,18:34:00,154149,,3,,,,,,1,2330.79
594723,18:35:00,18:35:00,154143,,4,,,,,,1,3062.41
594723,18:36:00,18:36:00,154144,,5,,,,,,1,3744.46
594723,18:37:00,18:37:00,154141,,6,,,,,,1,4080.79
594723,18:38:00,18:38:00,154152,,7,,,,,,1,5556
594723,18:39:00,18:39:00,154147,,8,,,,,,1,5966.05
594723,18:39:00,18:39:00,154011,,9,,,,,,1,6549.04
594723,18:40:00,18:40:00,154008,,10,,,,,,1,6914.1
594723,18:42:00,18:42:00,153995,,11,,,,,,1,8218.91
594723,18:44:00,18:44:00,153996,,12,,,,,,1,8487.58
594723,18:45:00,18:45:00,154007,,13,,,,,,1,9067.11
594723,18:46:00,18:46:00,154009,,14,,,,,,1,9468.25
594723,18:52:00,18:52:00,154093,,15,,,,,,1,11256.02
594723,18:53:00,18:53:00,154150,,16,,,,,,1,12173
594723,18:54:00,18:54:00,154145,,17,,,,,,1,13128.51
594723,18:55:00,18:55:00,153910,,18,,,,,,1,14005.86
594723,18:56:00,18:56:00,154002,,19,,,,,,1,16877.97
594723,18:58:00,18:58:00,153911,,20,,,,,,1,17762.41
594724,19:30:00,19:30:00,154108,,1,,,,,,1,0
594724,19:32:00,19:32:00,154111,,2,,,,,,1,1006.49
594724,19:34:00,19:34:00,154149,,3,,,,,,1,2330.79
594724,19:35:00,19:35:00,154143,,4,,,,,,1,3062.41
594724,19:36:00,19:36:00,154144,,5,,,,,,1,3744.46
594724,19:37:00,19:37:00,154141,,6,,,,,,1,4080.79
594724,19:38:00,19:38:00,154152,,7,,,,,,1,5556
594724,19:39:00,19:39:00,154147,,8,,,,,,1,5966.05
594724,19:39:00,19:39:00,154011,,9,,,,,,1,6549.04
594724,19:40:00,19:40:00,154008,,10,,,,,,1,6914.1
594724,19:42:00,19:42:00,153995,,11,,,,,,1,8218.91
594724,19:44:00,19:44:00,153996,,12,,,,,,1,8487.58
594724,19:45:00,19:45:00,154007,,13,,,,,,1,9067.11
594724,19:46:00,19:46:00,154009,,14,,,,,,1,9468.25
594724,19:52:00,19:52:00,154093,,15,,,,,,1,11256.02
594724,19:53:00,19:53:00,154150,,16,,,,,,1,12173
594724,19:54:00,19:54:00,154145,,17,,,,,,1,13128.51
594724,19:55:00,19:55:00,153910,,18,,,,,,1,14005.86
594724,19:56:00,19:56:00,154002,,19,,,,,,1,16877.97
594724,19:58:00,19:58:00,153911,,20,,,,,,1,17762.41
594728,08:30:00,08:30:00,154108,,1,,,,,,1,0
594728,08:32:00,08:32:00,154111,,2,,,,,,1,1006.49
594728,08:34:00,08:34:00,154149,,3,,,,,,1,2330.79
594728,08:35:00,08:35:00,154143,,4,,,,,,1,3062.41
594728,08:36:00,08:36:00,154144,,5,,,,,,1,3744.46
594728,08:37:00,08:37:00,154141,,6,,,,,,1,4080.79
594728,08:38:00,08:38:00,154152,,7,,,,,,1,5556
594728,08:39:00,08:39:00,154147,,8,,,,,,1,5966.05
594728,08:39:00,08:39:00,154011,,9,,,,,,1,6549.04
594728,08:40:00,08:40:00,154008,,10,,,,,,1,6914.1
594728,08:42:00,08:42:00,153995,,11,,,,,,1,8218.91
594728,08:44:00,08:44:00,153996,,12,,,,,,1,8487.58
594728,08:45:00,08:45:00,154007,,13,,,,,,1,9067.11
594728,08:46:00,08:46:00,154009,,14,,,,,,1,9468.25
594728,08:52:00,08:52:00,154093,,15,,,,,,1,11256.02
594728,08:53:00,08:53:00,154150,,16,,,,,,1,12173
594728,08:54:00,08:54:00,154145,,17,,,,,,1,13128.51
594728,08:55:00,08:55:00,153910,,18,,,,,,1,14005.86
594728,08:56:00,08:56:00,154002,,19,,,,,,1,16877.97
594728,08:58:00,08:58:00,153911,,20,,,,,,1,17762.41
594729,09:30:00,09:30:00,154108,,1,,,,,,1,0
594729,09:32:00,09:32:00,154111,,2,,,,,,1,1006.49
594729,09:34:00,09:34:00,154149,,3,,,,,,1,2330.79
594729,09:35:00,09:35:00,154143,,4,,,,,,1,3062.41
594729,09:36:00,09:36:00,154144,,5,,,,,,1,3744.46
594729,09:37:00,09:37:00,154141,,6,,,,,,1,4080.79
594729,09:38:00,09:38:00,154152,,7,,,,,,1,5556
594729,09:39:00,09:39:00,154147,,8,,,,,,1,5966.05
594729,09:39:00,09:39:00,154011,,9,,,,,,1,6549.04
594729,09:40:00,09:40:00,154008,,10,,,,,,1,6914.1
594729,09:42:00,09:42:00,153995,,11,,,,,,1,8218.91
594729,09:44:00,09:44:00,153996,,12,,,,,,1,8487.58
594729,09:45:00,09:45:00,154007,,13,,,,,,1,9067.11
594729,09:46:00,09:46:00,154009,,14,,,,,,1,9468.25
594729,09:52:00,09:52:00,154093,,15,,,,,,1,11256.02
594729,09:53:00,09:53:00,154150,,16,,,,,,1,12173
594729,09:54:00,09:54:00,154145,,17,,,,,,1,13128.51
594729,09:55:00,09:55:00,153910,,18,,,,,,1,14005.86
594729,09:56:00,09:56:00,154002,,19,,,,,,1,16877.97
594729,09:58:00,09:58:00,153911,,20,,,,,,1,17762.41
594730,10:30:00,10:30:00,154108,,1,,,,,,1,0
594730,10:32:00,10:32:00,154111,,2,,,,,,1,1006.49
594730,10:34:00,10:34:00,154149,,3,,,,,,1,2330.79
594730,10:35:00,10:35:00,154143,,4,,,,,,1,3062.41
594730,10:36:00,10:36:00,154144,,5,,,,,,1,3744.46
594730,10:37:00,10:37:00,154141,,6,,,,,,1,4080.79
594730,10:38:00,10:38:00,154152,,7,,,,,,1,5556
594730,10:39:00,10:39:00,154147,,8,,,,,,1,5966.05
594730,10:39:00,10:39:00,154011,,9,,,,,,1,6549.04
594730,10:40:00,10:40:00,154008,,10,,,,,,1,6914.1
594730,10:42:00,10:42:00,153995,,11,,,,,,1,8218.91
594730,10:44:00,10:44:00,153996,,12,,,,,,1,8487.58
594730,10:45:00,10:45:00,154007,,13,,,,,,1,9067.11
594730,10:46:00,10:46:00,154009,,14,,,,,,1,9468.25
594730,10:52:00,10:52:00,154093,,15,,,,,,1,11256.02
594730,10:53:00,10:53:00,154150,,16,,,,,,1,12173
594730,10:54:00,10:54:00,154145,,17,,,,,,1,13128.51
594730,10:55:00,10:55:00,153910,,18,,,,,,1,14005.86
594730,10:56:00,10:56:00,154002,,19,,,,,,1,16877.97
594730,10:58:00,10:58:00,153911,,20,,,,,,1,17762.41
594731,11:30:00,11:30:00,154108,,1,,,,,,1,0
594731,11:32:00,11:32:00,154111,,2,,,,,,1,1006.49
594731,11:34:00,11:34:00,154149,,3,,,,,,1,2330.79
594731,11:35:00,11:35:00,154143,,4,,,,,,1,3062.41
594731,11:36:00,11:36:00,154144,,5,,,,,,1,3744.46
594731,11:37:00,11:37:00,154141,,6,,,,,,1,4080.79
594731,11:38:00,11:38:00,154152,,7,,,,,,1,5556
594731,11:39:00,11:39:00,154147,,8,,,,,,1,5966.05
594731,11:39:00,11:39:00,154011,,9,,,,,,1,6549.04
594731,11:40:00,11:40:00,154008,,10,,,,,,1,6914.1
594731,11:42:00,11:42:00,153995,,11,,,,,,1,8218.91
594731,11:44:00,11:44:00,153996,,12,,,,,,1,8487.58
594731,11:45:00,11:45:00,154007,,13,,,,,,1,9067.11
594731,11:46:00,11:46:00,154009,,14,,,,,,1,9468.25
594731,11:52:00,11:52:00,154093,,15,,,,,,1,11256.02
594731,11:53:00,11:53:00,154150,,16,,,,,,1,12173
594731,11:54:00,11:54:00,154145,,17,,,,,,1,13128.51
594731,11:55:00,11:55:00,153910,,18,,,,,,1,14005.86
594731,11:56:00,11:56:00,154002,,19,,,,,,1,16877.97
594731,11:58:00,11:58:00,153911,,20,,,,,,1,17762.41
594732,12:30:00,12:30:00,154108,,1,,,,,,1,0
594732,12:33:00,12:33:00,154111,,2,,,,,,1,1006.49
594732,12:35:00,12:35:00,154149,,3,,,,,,1,2330.79
594732,12:36:00,12:36:00,154143,,4,,,,,,1,3062.41
594732,12:37:00,12:37:00,154144,,5,,,,,,1,3744.46
594732,12:38:00,12:38:00,154141,,6,,,,,,1,4080.79
594732,12:39:00,12:39:00,154152,,7,,,,,,1,5556
594732,12:40:00,12:40:00,154147,,8,,,,,,1,5966.05
594732,12:40:00,12:40:00,154011,,9,,,,,,1,6549.04
594732,12:42:00,12:42:00,154008,,10,,,,,,1,6914.1
594732,12:44:00,12:44:00,153995,,11,,,,,,1,8218.91
594732,12:46:00,12:46:00,153996,,12,,,,,,1,8487.58
594732,12:47:00,12:47:00,154007,,13,,,,,,1,9067.11
594732,12:49:00,12:49:00,154009,,14,,,,,,1,9468.25
594732,12:57:00,12:57:00,154093,,15,,,,,,1,11256.02
594732,12:59:00,12:59:00,154150,,16,,,,,,1,12173
594732,13:00:00,13:00:00,154145,,17,,,,,,1,13128.51
594732,13:01:00,13:01:00,153910,,18,,,,,,1,14005.86
594732,13:02:00,13:02:00,154002,,19,,,,,,1,16877.97
594732,13:08:00,13:08:00,153911,,20,,,,,,1,17762.41
594733,13:45:00,13:45:00,154108,,1,,,,,,1,0
594733,13:48:00,13:48:00,154111,,2,,,,,,1,1006.49
594733,13:50:00,13:50:00,154149,,3,,,,,,1,2330.79
594733,13:51:00,13:51:00,154143,,4,,,,,,1,3062.41
594733,13:52:00,13:52:00,154144,,5,,,,,,1,3744.46
594733,13:53:00,13:53:00,154141,,6,,,,,,1,4080.79
594733,13:54:00,13:54:00,154152,,7,,,,,,1,5556
594733,13:55:00,13:55:00,154147,,8,,,,,,1,5966.05
594733,13:55:00,13:55:00,154011,,9,,,,,,1,6549.04
594733,13:57:00,13:57:00,154008,,10,,,,,,1,6914.1
594733,13:59:00,13:59:00,153995,,11,,,,,,1,8218.91
594733,14:01:00,14:01:00,153996,,12,,,,,,1,8487.58
594733,14:02:00,14:02:00,154007,,13,,,,,,1,9067.11
594733,14:04:00,14:04:00,154009,,14,,,,,,1,9468.25
594733,14:12:00,14:12:00,154093,,15,,,,,,1,11256.02
594733,14:14:00,14:14:00,154150,,16,,,,,,1,12173
594733,14:15:00,14:15:00,154145,,17,,,,,,1,13128.51
594733,14:16:00,14:16:00,153910,,18,,,,,,1,14005.86
594733,14:17:00,14:17:00,154002,,19,,,,,,1,16877.97
594733,14:23:00,14:23:00,153911,,20,,,,,,1,17762.41
594734,15:00:00,15:00:00,154108,,1,,,,,,1,0
594734,15:03:00,15:03:00,154111,,2,,,,,,1,1006.49
594734,15:05:00,15:05:00,154149,,3,,,,,,1,2330.79
594734,15:06:00,15:06:00,154143,,4,,,,,,1,3062.41
594734,15:07:00,15:07:00,154144,,5,,,,,,1,3744.46
594734,15:08:00,15:08:00,154141,,6,,,,,,1,4080.79
594734,15:09:00,15:09:00,154152,,7,,,,,,1,5556
594734,15:10:00,15:10:00,154147,,8,,,,,,1,5966.05
594734,15:10:00,15:10:00,154011,,9,,,,,,1,6549.04
594734,15:12:00,15:12:00,154008,,10,,,,,,1,6914.1
594734,15:14:00,15:14:00,153995,,11,,,,,,1,8218.91
594734,15:16:00,15:16:00,153996,,12,,,,,,1,8487.58
594734,15:17:00,15:17:00,154007,,13,,,,,,1,9067.11
594734,15:19:00,15:19:00,154009,,14,,,,,,1,9468.25
594734,15:27:00,15:27:00,154093,,15,,,,,,1,11256.02
594734,15:29:00,15:29:00,154150,,16,,,,,,1,12173
594734,15:30:00,15:30:00,154145,,17,,,,,,1,13128.51
594734,15:31:00,15:31:00,153910,,18,,,,,,1,14005.86
594734,15:32:00,15:32:00,154002,,19,,,,,,1,16877.97
594734,15:38:00,15:38:00,153911,,20,,,,,,1,17762.41
594735,16:15:00,16:15:00,154108,,1,,,,,,1,0
594735,16:18:00,16:18:00,154111,,2,,,,,,1,1006.49
594735,16:20:00,16:20:00,154149,,3,,,,,,1,2330.79
594735,16:21:00,16:21:00,154143,,4,,,,,,1,3062.41
594735,16:22:00,16:22:00,154144,,5,,,,,,1,3744.46
594735,16:23:00,16:23:00,154141,,6,,,,,,1,4080.79
594735,16:24:00,16:24:00,154152,,7,,,,,,1,5556
594735,16:25:00,16:25:00,154147,,8,,,,,,1,5966.05
594735,16:25:00,16:25:00,154011,,9,,,,,,1,6549.04
594735,16:27:00,16:27:00,154008,,10,,,,,,1,6914.1
594735,16:29:00,16:29:00,153995,,11,,,,,,1,8218.91
594735,16:31:00,16:31:00,153996,,12,,,,,,1,8487.58
594735,16:32:00,16:32:00,154007,,13,,,,,,1,9067.11
594735,16:34:00,16:34:00,154009,,14,,,,,,1,9468.25
594735,16:42:00,16:42:00,154093,,15,,,,,,1,11256.02
594735,16:44:00,16:44:00,154150,,16,,,,,,1,12173
594735,16:45:00,16:45:00,154145,,17,,,,,,1,13128.51
594735,16:46:00,16:46:00,153910,,18,,,,,,1,14005.86
594735,16:47:00,16:47:00,154002,,19,,,,,,1,16877.97
594735,16:53:00,16:53:00,153911,,20,,,,,,1,17762.41
594736,17:30:00,17:30:00,154108,,1,,,,,,1,0
594736,17:32:00,17:32:00,154111,,2,,,,,,1,1006.49
594736,17:34:00,17:34:00,154149,,3,,,,,,1,2330.79
594736,17:35:00,17:35:00,154143,,4,,,,,,1,3062.41
594736,17:36:00,17:36:00,154144,,5,,,,,,1,3744.46
594736,17:37:00,17:37:00,154141,,6,,,,,,1,4080.79
594736,17:38:00,17:38:00,154152,,7,,,,,,1,5556
594736,17:39:00,17:39:00,154147,,8,,,,,,1,5966.05
594736,17:39:00,17:39:00,154011,,9,,,,,,1,6549.04
594736,17:40:00,17:40:00,154008,,10,,,,,,1,6914.1
594736,17:42:00,17:42:00,153995,,11,,,,,,1,8218.91
594736,17:44:00,17:44:00,153996,,12,,,,,,1,8487.58
594736,17:45:00,17:45:00,154007,,13,,,,,,1,9067.11
594736,17:46:00,17:46:00,154009,,14,,,,,,1,9468.25
594736,17:52:00,17:52:00,154093,,15,,,,,,1,11256.02
594736,17:53:00,17:53:00,154150,,16,,,,,,1,12173
594736,17:54:00,17:54:00,154145,,17,,,,,,1,13128.51
594736,17:55:00,17:55:00,153910,,18,,,,,,1,14005.86
594736,17:56:00,17:56:00,154002,,19,,,,,,1,16877.97
594736,17:58:00,17:58:00,153911,,20,,,,,,1,17762.41
594737,18:30:00,18:30:00,154108,,1,,,,,,1,0
594737,18:32:00,18:32:00,154111,,2,,,,,,1,1006.49
594737,18:34:00,18:34:00,154149,,3,,,,,,1,2330.79
594737,18:35:00,18:35:00,154143,,4,,,,,,1,3062.41
594737,18:36:00,18:36:00,154144,,5,,,,,,1,3744.46
594737,18:37:00,18:37:00,154141,,6,,,,,,1,4080.79
594737,18:38:00,18:38:00,154152,,7,,,,,,1,5556
594737,18:39:00,18:39:00,154147,,8,,,,,,1,5966.05
594737,18:39:00,18:39:00,154011,,9,,,,,,1,6549.04
594737,18:40:00,18:40:00,154008,,10,,,,,,1,6914.1
594737,18:42:00,18:42:00,153995,,11,,,,,,1,8218.91
594737,18:44:00,18:44:00,153996,,12,,,,,,1,8487.58
594737,18:45:00,18:45:00,154007,,13,,,,,,1,9067.11
594737,18:46:00,18:46:00,154009,,14,,,,,,1,9468.25
594737,18:52:00,18:52:00,154093,,15,,,,,,1,11256.02
594737,18:53:00,18:53:00,154150,,16,,,,,,1,12173
594737,18:54:00,18:54:00,154145,,17,,,,,,1,13128.51
594737,18:55:00,18:55:00,153910,,18,,,,,,1,14005.86
594737,18:56:00,18:56:00,154002,,19,,,,,,1,16877.97
594737,18:58:00,18:58:00,153911,,20,,,,,,1,17762.41
594738,19:30:00,19:30:00,154108,,1,,,,,,1,0
594738,19:32:00,19:32:00,154111,,2,,,,,,1,1006.49
594738,19:34:00,19:34:00,154149,,3,,,,,,1,2330.79
594738,19:35:00,19:35:00,154143,,4,,,,,,1,3062.41
594738,19:36:00,19:36:00,154144,,5,,,,,,1,3744.46
594738,19:37:00,19:37:00,154141,,6,,,,,,1,4080.79
594738,19:38:00,19:38:00,154152,,7,,,,,,1,5556
594738,19:39:00,19:39:00,154147,,8,,,,,,1,5966.05
594738,19:39:00,19:39:00,154011,,9,,,,,,1,6549.04
594738,19:40:00,19:40:00,154008,,10,,,,,,1,6914.1
594738,19:42:00,19:42:00,153995,,11,,,,,,1,8218.91
594738,19:44:00,19:44:00,153996,,12,,,,,,1,8487.58
594738,19:45:00,19:45:00,154007,,13,,,,,,1,9067.11
594738,19:46:00,19:46:00,154009,,14,,,,,,1,9468.25
594738,19:52:00,19:52:00,154093,,15,,,,,,1,11256.02
594738,19:53:00,19:53:00,154150,,16,,,,,,1,12173
594738,19:54:00,19:54:00,154145,,17,,,,,,1,13128.51
594738,19:55:00,19:55:00,153910,,18,,,,,,1,14005.86
594738,19:56:00,19:56:00,154002,,19,,,,,,1,16877.97
594738,19:58:00,19:58:00,153911,,20,,,,,,1,17762.41