trip_id,arrival_time,departure_time,stop_id,location_id,stop_sequence,start_pickup_drop_off_window,end_pickup_drop_off_window,stop_headsign,pickup_type,drop_off_type,timepoint,shape_dist_traveled
871688,07:00:00,07:00:00,150155,,1,,,,,,1,0
871688,07:02:00,07:02:00,183181,,2,,,,,,1,449.96
871688,07:05:00,07:05:00,150156,,3,,,,,,1,1565.39
871688,07:06:00,07:06:00,159133,,4,,,,,,1,1841.76
871688,07:10:00,07:10:00,150158,,5,,,,,,1,3031.59
871688,07:12:00,07:12:00,150159,,6,,,,,,1,3668.92
871688,07:14:00,07:18:00,150160,,7,,,,,,1,4098.45
871688,07:19:00,07:19:00,154262,,8,,,,,,1,4655.57
871688,07:21:00,07:21:00,154263,,9,,,,,,1,5044.16
871688,07:25:00,07:25:00,150155,,10,,,,,,1,6275
871689,07:27:00,07:27:00,150155,,1,,,,,,1,0
871689,07:29:00,07:29:00,183181,,2,,,,,,1,449.96
871689,07:32:00,07:32:00,150156,,3,,,,,,1,1565.39
871689,07:33:00,07:33:00,159133,,4,,,,,,1,1841.76
871689,07:37:00,07:37:00,150158,,5,,,,,,1,3031.59
871689,07:39:00,07:39:00,150159,,6,,,,,,1,3668.92
871689,07:41:00,07:45:00,150160,,7,,,,,,1,4098.45
871689,07:47:00,07:47:00,154262,,8,,,,,,1,4655.57
871689,07:48:00,07:48:00,154263,,9,,,,,,1,5044.16
871689,07:52:00,07:52:00,150155,,10,,,,,,1,6275
871690,07:54:00,07:54:00,150155,,1,,,,,,1,0
871690,07:56:00,07:56:00,183181,,2,,,,,,1,449.96
871690,07:59:00,07:59:00,150156,,3,,,,,,1,1565.39
871690,08:00:00,08:00:00,159133,,4,,,,,,1,1841.76
871690,08:04:00,08:04:00,150158,,5,,,,,,1,3031.59
871690,08:06:00,08:06:00,150159,,6,,,,,,1,3668.92
871690,08:08:00,08:12:00,150160,,7,,,,,,1,4098.45
871690,08:14:00,08:14:00,154262,,8,,,,,,1,4655.57
871690,08:15:00,08:15:00,154263,,9,,,,,,1,5044.16
871690,08:19:00,08:19:00,150155,,10,,,,,,1,6275
871691,08:21:00,08:21:00,150155,,1,,,,,,1,0
871691,08:23:00,08:23:00,183181,,2,,,,,,1,449.96
871691,08:26:00,08:26:00,150156,,3,,,,,,1,1565.39
871691,08:27:00,08:27:00,159133,,4,,,,,,1,1841.76
871691,08:31:00,08:31:00,150158,,5,,,,,,1,3031.59
871691,08:33:00,08:33:00,150159,,6,,,,,,1,3668.92
871691,08:35:00,08:39:00,150160,,7,,,,,,1,4098.45
871691,08:41:00,08:41:00,154262,,8,,,,,,1,4655.57
871691,08:42:00,08:42:00,154263,,9,,,,,,1,5044.16
871691,08:46:00,08:46:00,150155,,10,,,,,,1,6275
871692,08:48:00,08:48:00,150155,,1,,,,,,1,0
871692,08:50:00,08:50:00,183181,,2,,,,,,1,449.96
871692,08:53:00,08:53:00,150156,,3,,,,,,1,1565.39
871692,08:54:00,08:54:00,159133,,4,,,,,,1,1841.76
871692,08:58:00,08:58:00,150158,,5,,,,,,1,3031.59
871692,09:00:00,09:00:00,150159,,6,,,,,,1,3668.92
871692,09:02:00,09:06:00,150160,,7,,,,,,1,4098.45
871692,09:08:00,09:08:00,154262,,8,,,,,,1,4655.57
871692,09:09:00,09:09:00,154263,,9,,,,,,1,5044.16
871692,09:13:00,09:13:00,150155,,10,,,,,,1,6275
871693,09:15:00,09:15:00,150155,,1,,,,,,1,0
871693,09:17:00,09:17:00,183181,,2,,,,,,1,449.96
871693,09:20:00,09:20:00,150156,,3,,,,,,1,1565.39
871693,09:21:00,09:21:00,159133,,4,,,,,,1,1841.76
871693,09:25:00,09:25:00,150158,,5,,,,,,1,3031.59
871693,09:27:00,09:27:00,150159,,6,,,,,,1,3668.92
871693,09:29:00,09:33:00,150160,,7,,,,,,1,4098.45
871693,09:35:00,09:35:00,154262,,8,,,,,,1,4655.57
871693,09:36:00,09:36:00,154263,,9,,,,,,1,5044.16
871693,09:40:00,09:40:00,150155,,10,,,,,,1,6275
871694,09:42:00,09:42:00,150155,,1,,,,,,1,0
871694,09:44:00,09:44:00,183181,,2,,,,,,1,449.96
871694,09:47:00,09:47:00,150156,,3,,,,,,1,1565.39
871694,09:48:00,09:48:00,159133,,4,,,,,,1,1841.76
871694,09:52:00,09:52:00,150158,,5,,,,,,1,3031.59
871694,09:54:00,09:54:00,150159,,6,,,,,,1,3668.92
871694,09:56:00,10:00:00,150160,,7,,,,,,1,4098.45
871694,10:02:00,10:02:00,154262,,8,,,,,,1,4655.57
871694,10:03:00,10:03:00,154263,,9,,,,,,1,5044.16
871694,10:07:00,10:07:00,150155,,10,,,,,,1,6275
871695,10:09:00,10:09:00,150155,,1,,,,,,1,0
871695,10:11:00,10:11:00,183181,,2,,,,,,1,449.96
871695,10:14:00,10:14:00,150156,,3,,,,,,1,1565.39
871695,10:15:00,10:15:00,159133,,4,,,,,,1,1841.76
871695,10:19:00,10:19:00,150158,,5,,,,,,1,3031.59
871695,10:21:00,10:21:00,150159,,6,,,,,,1,3668.92
871695,10:23:00,10:27:00,150160,,7,,,,,,1,4098.45
871695,10:29:00,10:29:00,154262,,8,,,,,,1,4655.57
871695,10:30:00,10:30:00,154263,,9,,,,,,1,5044.16
871695,10:34:00,10:34:00,150155,,10,,,,,,1,6275
871696,10:36:00,10:36:00,150155,,1,,,,,,1,0
871696,10:38:00,10:38:00,183181,,2,,,,,,1,449.96
871696,10:41:00,10:41:00,150156,,3,,,,,,1,1565.39
871696,10:42:00,10:42:00,159133,,4,,,,,,1,1841.76
871696,10:46:00,10:46:00,150158,,5,,,,,,1,3031.59
871696,10:48:00,10:48:00,150159,,6,,,,,,1,3668.92
871696,10:50:00,10:54:00,150160,,7,,,,,,1,4098.45
871696,10:56:00,10:56:00,154262,,8,,,,,,1,4655.57
871696,10:57:00,10:57:00,154263,,9,,,,,,1,5044.16
871696,11:01:00,11:01:00,150155,,10,,,,,,1,6275
871697,11:03:00,11:03:00,150155,,1,,,,,,1,0
871697,11:05:00,11:05:00,183181,,2,,,,,,1,449.96
871697,11:08:00,11:08:00,150156,,3,,,,,,1,1565.39
871697,11:09:00,11:09:00,159133,,4,,,,,,1,1841.76
871697,11:13:00,11:13:00,150158,,5,,,,,,1,3031.59
871697,11:15:00,11:15:00,150159,,6,,,,,,1,3668.92
871697,11:17:00,11:21:00,150160,,7,,,,,,1,4098.45
871697,11:23:00,11:23:00,154262,,8,,,,,,1,4655.57
871697,11:24:00,11:24:00,154263,,9,,,,,,1,5044.16
871697,11:28:00,11:28:00,150155,,10,,,,,,1,6275
871698,11:30:00,11:30:00,150155,,1,,,,,,1,0
871698,11:32:00,11:32:00,183181,,2,,,,,,1,449.96
871698,11:35:00,11:35:00,150156,,3,,,,,,1,1565.39
871698,11:36:00,11:36:00,159133,,4,,,,,,1,1841.76
871698,11:40:00,11:40:00,150158,,5,,,,,,1,3031.59
871698,11:42:00,11:42:00,150159,,6,,,,,,1,3668.92
871698,11:44:00,11:48:00,150160,,7,,,,,,1,4098.45
871698,11:50:00,11:50:00,154262,,8,,,,,,1,4655.57
871698,11:51:00,11:51:00,154263,,9,,,,,,1,5044.16
871698,11:55:00,11:55:00,150155,,10,,,,,,1,6275
871699,11:57:00,11:57:00,150155,,1,,,,,,1,0
871699,11:59:00,11:59:00,183181,,2,,,,,,1,449.96
871699,12:02:00,12:02:00,150156,,3,,,,,,1,1565.39
871699,12:03:00,12:03:00,159133,,4,,,,,,1,1841.76
871699,12:07:00,12:07:00,150158,,5,,,,,,1,3031.59
871699,12:09:00,12:09:00,150159,,6,,,,,,1,3668.92
871699,12:11:00,12:15:00,150160,,7,,,,,,1,4098.45
871699,12:17:00,12:17:00,154262,,8,,,,,,1,4655.57
871699,12:18:00,12:18:00,154263,,9,,,,,,1,5044.16
871699,12:22:00,12:22:00,150155,,10,,,,,,1,6275
871700,12:24:00,12:24:00,150155,,1,,,,,,1,0
871700,12:26:00,12:26:00,183181,,2,,,,,,1,449.96
871700,12:29:00,12:29:00,150156,,3,,,,,,1,1565.39
871700,12:30:00,12:30:00,159133,,4,,,,,,1,1841.76
871700,12:34:00,12:34:00,150158,,5,,,,,,1,3031.59
871700,12:36:00,12:36:00,150159,,6,,,,,,1,3668.92
871700,12:38:00,12:42:00,150160,,7,,,,,,1,4098.45
871700,12:44:00,12:44:00,154262,,8,,,,,,1,4655.57
871700,12:45:00,12:45:00,154263,,9,,,,,,1,5044.16
871700,12:49:00,12:49:00,150155,,10,,,,,,1,6275
871701,12:51:00,12:51:00,150155,,1,,,,,,1,0
871701,12:53:00,12:53:00,183181,,2,,,,,,1,449.96
871701,12:56:00,12:56:00,150156,,3,,,,,,1,1565.39
871701,12:57:00,12:57:00,159133,,4,,,,,,1,1841.76
871701,13:01:00,13:01:00,150158,,5,,,,,,1,3031.59
871701,13:03:00,13:03:00,150159,,6,,,,,,1,3668.92
871701,13:05:00,13:09:00,150160,,7,,,,,,1,4098.45
871701,13:11:00,13:11:00,154262,,8,,,,,,1,4655.57
871701,13:12:00,13:12:00,154263,,9,,,,,,1,5044.16
871701,13:16:00,13:16:00,150155,,10,,,,,,1,6275
871702,13:18:00,13:18:00,150155,,1,,,,,,1,0
871702,13:20:00,13:20:00,183181,,2,,,,,,1,449.96
871702,13:23:00,13:23:00,150156,,3,,,,,,1,1565.39
871702,13:24:00,13:24:00,159133,,4,,,,,,1,1841.76
871702,13:28:00,13:28:00,150158,,5,,,,,,1,3031.59
871702,13:30:00,13:30:00,150159,,6,,,,,,1,3668.92
871702,13:32:00,13:36:00,150160,,7,,,,,,1,4098.45
871702,13:38:00,13:38:00,154262,,8,,,,,,1,4655.57
871702,13:39:00,13:39:00,154263,,9,,,,,,1,5044.16
871702,13:43:00,13:43:00,150155,,10,,,,,,1,6275
871703,13:45:00,13:45:00,150155,,1,,,,,,1,0
871703,13:47:00,13:47:00,183181,,2,,,,,,1,449.96
871703,13:50:00,13:50:00,150156,,3,,,,,,1,1565.39
871703,13:51:00,13:51:00,159133,,4,,,,,,1,1841.76
871703,13:55:00,13:55:00,150158,,5,,,,,,1,3031.59
871703,13:57:00,13:57:00,150159,,6,,,,,,1,3668.92
871703,13:59:00,14:03:00,150160,,7,,,,,,1,4098.45
871703,14:05:00,14:05:00,154262,,8,,,,,,1,4655.57
871703,14:06:00,14:06:00,154263,,9,,,,,,1,5044.16
871703,14:10:00,14:10:00,150155,,10,,,,,,1,6275
871704,14:12:00,14:12:00,150155,,1,,,,,,1,0
871704,14:14:00,14:14:00,183181,,2,,,,,,1,449.96
871704,14:17:00,14:17:00,150156,,3,,,,,,1,1565.39
871704,14:18:00,14:18:00,159133,,4,,,,,,1,1841.76
871704,14:22:00,14:22:00,150158,,5,,,,,,1,3031.59
871704,14:24:00,14:24:00,150159,,6,,,,,,1,3668.92
871704,14:26:00,14:30:00,150160,,7,,,,,,1,4098.45
871704,14:32:00,14:32:00,154262,,8,,,,,,1,4655.57
871704,14:33:00,14:33:00,154263,,9,,,,,,1,5044.16
871704,14:37:00,14:37:00,150155,,10,,,,,,1,6275
871705,14:39:00,14:39:00,150155,,1,,,,,,1,0
871705,14:41:00,14:41:00,183181,,2,,,,,,1,449.96
871705,14:44:00,14:44:00,150156,,3,,,,,,1,1565.39
871705,14:45:00,14:45:00,159133,,4,,,,,,1,1841.76
871705,14:49:00,14:49:00,150158,,5,,,,,,1,3031.59
871705,14:51:00,14:51:00,150159,,6,,,,,,1,3668.92
871705,14:53:00,14:57:00,150160,,7,,,,,,1,4098.45
871705,14:59:00,14:59:00,154262,,8,,,,,,1,4655.57
871705,15:00:00,15:00:00,154263,,9,,,,,,1,5044.16
871705,15:04:00,15:04:00,150155,,10,,,,,,1,6275
871706,15:06:00,15:06:00,150155,,1,,,,,,1,0
871706,15:08:00,15:08:00,183181,,2,,,,,,1,449.96
871706,15:11:00,15:11:00,150156,,3,,,,,,1,1565.39
871706,15:12:00,15:12:00,159133,,4,,,,,,1,1841.76
871706,15:16:00,15:16:00,150158,,5,,,,,,1,3031.59
871706,15:18:00,15:18:00,150159,,6,,,,,,1,3668.92
871706,15:20:00,15:24:00,150160,,7,,,,,,1,4098.45
871706,15:26:00,15:26:00,154262,,8,,,,,,1,4655.57
871706,15:27:00,15:27:00,154263,,9,,,,,,1,5044.16
871706,15:31:00,15:31:00,150155,,10,,,,,,1,6275
871707,15:33:00,15:33:00,150155,,1,,,,,,1,0
871707,15:35:00,15:35:00,183181,,2,,,,,,1,449.96
871707,15:38:00,15:38:00,150156,,3,,,,,,1,1565.39
871707,15:39:00,15:39:00,159133,,4,,,,,,1,1841.76
871707,15:43:00,15:43:00,150158,,5,,,,,,1,3031.59
871707,15:45:00,15:45:00,150159,,6,,,,,,1,3668.92
871707,15:47:00,15:51:00,150160,,7,,,,,,1,4098.45
871707,15:53:00,15:53:00,154262,,8,,,,,,1,4655.57
871707,15:54:00,15:54:00,154263,,9,,,,,,1,5044.16
871707,15:58:00,15:58:00,150155,,10,,,,,,1,6275
871708,16:00:00,16:00:00,150155,,1,,,,,,1,0
871708,16:02:00,16:02:00,183181,,2,,,,,,1,449.96
871708,16:05:00,16:05:00,150156,,3,,,,,,1,1565.39
871708,16:06:00,16:06:00,159133,,4,,,,,,1,1841.76
871708,16:10:00,16:10:00,150158,,5,,,,,,1,3031.59
871708,16:12:00,16:12:00,150159,,6,,,,,,1,3668.92
871708,16:14:00,16:18:00,150160,,7,,,,,,1,4098.45
871708,16:20:00,16:20:00,154262,,8,,,,,,1,4655.57
871708,16:21:00,16:21:00,154263,,9,,,,,,1,5044.16
871708,16:25:00,16:25:00,150155,,10,,,,,,1,6275
871709,16:27:00,16:27:00,150155,,1,,,,,,1,0
871709,16:29:00,16:29:00,183181,,2,,,,,,1,449.96
871709,16:32:00,16:32:00,150156,,3,,,,,,1,1565.39
871709,16:33:00,16:33:00,159133,,4,,,,,,1,1841.76
871709,16:37:00,16:37:00,150158,,5,,,,,,1,3031.59
871709,16:39:00,16:39:00,150159,,6,,,,,,1,3668.92
871709,16:41:00,16:45:00,150160,,7,,,,,,1,4098.45
871709,16:47:00,16:47:00,154262,,8,,,,,,1,4655.57
871709,16:48:00,16:48:00,154263,,9,,,,,,1,5044.16
871709,16:52:00,16:52:00,150155,,10,,,,,,1,6275
871710,16:54:00,16:54:00,150155,,1,,,,,,1,0
871710,16:56:00,16:56:00,183181,,2,,,,,,1,449.96
871710,16:59:00,16:59:00,150156,,3,,,,,,1,1565.39
871710,17:00:00,17:00:00,159133,,4,,,,,,1,1841.76
871710,17:04:00,17:04:00,150158,,5,,,,,,1,3031.59
871710,17:06:00,17:06:00,150159,,6,,,,,,1,3668.92
871710,17:08:00,17:12:00,150160,,7,,,,,,1,4098.45
871710,17:14:00,17:14:00,154262,,8,,,,,,1,4655.57
871710,17:15:00,17:15:00,154263,,9,,,,,,1,5044.16
871710,17:19:00,17:19:00,150155,,10,,,,,,1,6275
871711,17:21:00,17:21:00,150155,,1,,,,,,1,0
871711,17:23:00,17:23:00,183181,,2,,,,,,1,449.96
871711,17:26:00,17:26:00,150156,,3,,,,,,1,1565.39
871711,17:27:00,17:27:00,159133,,4,,,,,,1,1841.76
871711,17:31:00,17:31:00,150158,,5,,,,,,1,3031.59
871711,17:33:00,17:33:00,150159,,6,,,,,,1,3668.92
871711,17:35:00,17:39:00,150160,,7,,,,,,1,4098.45
871711,17:41:00,17:41:00,154262,,8,,,,,,1,4655.57
871711,17:42:00,17:42:00,154263,,9,,,,,,1,5044.16
871711,17:46:00,17:46:00,150155,,10,,,,,,1,6275
871712,17:48:00,17:48:00,150155,,1,,,,,,1,0
871712,17:50:00,17:50:00,183181,,2,,,,,,1,449.96
871712,17:53:00,17:53:00,150156,,3,,,,,,1,1565.39
871712,17:54:00,17:54:00,159133,,4,,,,,,1,1841.76
871712,17:58:00,17:58:00,150158,,5,,,,,,1,3031.59
871712,18:00:00,18:00:00,150159,,6,,,,,,1,3668.92
871712,18:02:00,18:06:00,150160,,7,,,,,,1,4098.45
871712,18:08:00,18:08:00,154262,,8,,,,,,1,4655.57
871712,18:09:00,18:09:00,154263,,9,,,,,,1,5044.16
871712,18:13:00,18:13:00,150155,,10,,,,,,1,6275
871713,18:15:00,18:15:00,150155,,1,,,,,,1,0
871713,18:17:00,18:17:00,183181,,2,,,,,,1,449.96
871713,18:20:00,18:20:00,150156,,3,,,,,,1,1565.39
871713,18:21:00,18:21:00,159133,,4,,,,,,1,1841.76
871713,18:25:00,18:25:00,150158,,5,,,,,,1,3031.59
871713,18:27:00,18:27:00,150159,,6,,,,,,1,3668.92
871713,18:29:00,18:33:00,150160,,7,,,,,,1,4098.45
871713,18:35:00,18:35:00,154262,,8,,,,,,1,4655.57
871713,18:36:00,18:36:00,154263,,9,,,,,,1,5044.16
871713,18:40:00,18:40:00,150155,,10,,,,,,1,6275
871714,18:42:00,18:42:00,150155,,1,,,,,,1,0
871714,18:44:00,18:44:00,183181,,2,,,,,,1,449.96
871714,18:47:00,18:47:00,150156,,3,,,,,,1,1565.39
871714,18:48:00,18:48:00,159133,,4,,,,,,1,1841.76
871714,18:52:00,18:52:00,150158,,5,,,,,,1,3031.59
871714,18:54:00,18:54:00,150159,,6,,,,,,1,3668.92
871714,18:56:00,19:00:00,150160,,7,,,,,,1,4098.45
871714,19:02:00,19:02:00,154262,,8,,,,,,1,4655.57
871714,19:03:00,19:03:00,154263,,9,,,,,,1,5044.16
871714,19:07:00,19:07:00,150155,,10,,,,,,1,6275
871715,19:09:00,19:09:00,150155,,1,,,,,,1,0
871715,19:11:00,19:11:00,183181,,2,,,,,,1,449.96
871715,19:14:00,19:14:00,150156,,3,,,,,,1,1565.39
871715,19:15:00,19:15:00,159133,,4,,,,,,1,1841.76
871715,19:19:00,19:19:00,150158,,5,,,,,,1,3031.59
871715,19:21:00,19:21:00,150159,,6,,,,,,1,3668.92
871715,19:23:00,19:27:00,150160,,7,,,,,,1,4098.45
871715,19:29:00,19:29:00,154262,,8,,,,,,1,4655.57
871715,19:30:00,19:30:00,154263,,9,,,,,,1,5044.16
871715,19:34:00,19:34:00,150155,,10,,,,,,1,6275
871716,19:36:00,19:36:00,150155,,1,,,,,,1,0
871716,19:38:00,19:38:00,183181,,2,,,,,,1,449.96
871716,19:41:00,19:41:00,150156,,3,,,,,,1,1565.39
871716,19:42:00,19:42:00,159133,,4,,,,,,1,1841.76
871716,19:46:00,19:46:00,150158,,5,,,,,,1,3031.59
871716,19:48:00,19:48:00,150159,,6,,,,,,1,3668.92
871716,19:50:00,19:54:00,150160,,7,,,,,,1,4098.45
871716,19:56:00,19:56:00,154262,,8,,,,,,1,4655.57
871716,19:57:00,19:57:00,154263,,9,,,,,,1,5044.16
871716,20:01:00,20:01:00,150155,,10,,,,,,1,6275
871717,20:03:00,20:03:00,150155,,1,,,,,,1,0
871717,20:05:00,20:05:00,183181,,2,,,,,,1,449.96
871717,20:08:00,20:08:00,150156,,3,,,,,,1,1565.39
871717,20:09:00,20:09:00,159133,,4,,,,,,1,1841.76
871717,20:13:00,20:13:00,150158,,5,,,,,,1,3031.59
871717,20:15:00,20:15:00,150159,,6,,,,,,1,3668.92
871717,20:17:00,20:21:00,150160,,7,,,,,,1,4098.45
871717,20:23:00,20:23:00,154262,,8,,,,,,1,4655.57
871717,20:24:00,20:24:00,154263,,9,,,,,,1,5044.16
871717,20:28:00,20:28:00,150155,,10,,,,,,1,6275
871718,20:30:00,20:30:00,150155,,1,,,,,,1,0
871718,20:32:00,20:32:00,183181,,2,,,,,,1,449.96
871718,20:35:00,20:35:00,150156,,3,,,,,,1,1565.39
871718,20:36:00,20:36:00,159133,,4,,,,,,1,1841.76
871718,20:40:00,20:40:00,150158,,5,,,,,,1,3031.59
871718,20:42:00,20:42:00,150159,,6,,,,,,1,3668.92
871718,20:44:00,20:48:00,150160,,7,,,,,,1,4098.45
871718,20:50:00,20:50:00,154262,,8,,,,,,1,4655.57
871718,20:51:00,20:51:00,154263,,9,,,,,,1,5044.16
871718,20:55:00,20:55:00,150155,,10,,,,,,1,6275
871719,20:57:00,20:57:00,150155,,1,,,,,,1,0
871719,20:59:00,20:59:00,183181,,2,,,,,,1,449.96
871719,21:02:00,21:02:00,150156,,3,,,,,,1,1565.39
871719,21:03:00,21:03:00,159133,,4,,,,,,1,1841.76
871719,21:07:00,21:07:00,150158,,5,,,,,,1,3031.59
871719,21:09:00,21:09:00,150159,,6,,,,,,1,3668.92
871719,21:11:00,21:15:00,150160,,7,,,,,,1,4098.45
871719,21:17:00,21:17:00,154262,,8,,,,,,1,4655.57
871719,21:18:00,21:18:00,154263,,9,,,,,,1,5044.16
871719,21:22:00,21:22:00,150155,,10,,,,,,1,6275
871720,21:24:00,21:24:00,150155,,1,,,,,,1,0
871720,21:26:00,21:26:00,183181,,2,,,,,,1,449.96
871720,21:29:00,21:29:00,150156,,3,,,,,,1,1565.39
871720,21:30:00,21:30:00,159133,,4,,,,,,1,1841.76
871720,21:34:00,21:34:00,150158,,5,,,,,,1,3031.59
871720,21:36:00,21:36:00,150159,,6,,,,,,1,3668.92
871720,21:38:00,21:42:00,150160,,7,,,,,,1,4098.45
871720,21:44:00,21:44:00,154262,,8,,,,,,1,4655.57
871720,21:45:00,21:45:00,154263,,9,,,,,,1,5044.16
871720,21:49:00,21:49:00,150155,,10,,,,,,1,6275
871721,21:51:00,21:51:00,150155,,1,,,,,,1,0
871721,21:53:00,21:53:00,183181,,2,,,,,,1,449.96
871721,21:56:00,21:56:00,150156,,3,,,,,,1,1565.39
871721,21:57:00,21:57:00,159133,,4,,,,,,1,1841.76
871721,22:01:00,22:01:00,150158,,5,,,,,,1,3031.59
871721,22:03:00,22:03:00,150159,,6,,,,,,1,3668.92
871721,22:05:00,22:05:00,150160,,7,,,,,,1,4098.45
1110551,07:45:00,07:45:00,150166,,1,,,,,,1,0
1110551,07:47:00,07:47:00,150167,,2,,,,,,1,555.03
1110551,07:47:00,07:47:00,150168,,3,,,,,,1,919.24
1110551,07:48:00,07:48:00,150169,,4,,,,,,1,1206.94
1110551,07:49:00,07:49:00,150170,,5,,,,,,1,1563.75
1110551,07:49:00,07:49:00,150171,,6,,,,,,1,1779.25
1110551,07:50:00,07:50:00,150172,,7,,,,,,1,2281.96
1110551,07:51:00,07:51:00,150173,,8,,,,,,1,2635.88
1110551,07:53:00,07:53:00,150174,,9,,,,,,1,3181.2
1110551,07:54:00,07:54:00,151888,,10,,,,,,1,3413.48
1110551,07:55:00,07:55:00,150188,,11,,,,,,1,3637.76
1110551,07:56:00,07:56:00,154271,,12,,,,,,1,3803.55
1110551,07:57:00,07:57:00,150213,,13,,,,,,1,4145.22
1110551,07:59:00,07:59:00,150182,,14,,,,,,1,4589.2
1110551,08:00:00,08:00:00,150183,,15,,,,,,1,4997.06
1110551,08:03:00,08:03:00,150156,,16,,,,,,1,5427.16
1110551,08:05:00,08:05:00,150361,,17,,,,,,1,5865
1110551,08:06:00,08:06:00,150362,,18,,,,,,1,6218.84
1110551,08:07:00,08:07:00,166402,,19,,,,,,1,6588.43
1110551,08:08:00,08:08:00,166403,,20,,,,,,1,6939.61
1110551,08:09:00,08:09:00,150209,,21,,,,,,1,7172.08
1110551,08:10:00,08:10:00,150166,,22,,,,,,1,7478.42
1110553,08:15:00,08:15:00,150166,,1,,,,,,1,0
1110553,08:17:00,08:17:00,150167,,2,,,,,,1,555.03
1110553,08:17:00,08:17:00,150168,,3,,,,,,1,919.24
1110553,08:18:00,08:18:00,150169,,4,,,,,,1,1206.94
1110553,08:19:00,08:19:00,150170,,5,,,,,,1,1563.75
1110553,08:19:00,08:19:00,150171,,6,,,,,,1,1779.25
1110553,08:20:00,08:20:00,150172,,7,,,,,,1,2281.96
1110553,08:21:00,08:21:00,150173,,8,,,,,,1,2635.88
1110553,08:23:00,08:23:00,150174,,9,,,,,,1,3181.2
1110553,08:24:00,08:24:00,151888,,10,,,,,,1,3413.48
1110553,08:25:00,08:25:00,150188,,11,,,,,,1,3637.76
1110553,08:26:00,08:26:00,154271,,12,,,,,,1,3803.55
1110553,08:27:00,08:27:00,150213,,13,,,,,,1,4145.22
1110553,08:29:00,08:29:00,150182,,14,,,,,,1,4589.2
1110553,08:30:00,08:30:00,150183,,15,,,,,,1,4997.06
1110553,08:33:00,08:33:00,150156,,16,,,,,,1,5427.16
1110553,08:35:00,08:35:00,150361,,17,,,,,,1,5865
1110553,08:36:00,08:36:00,150362,,18,,,,,,1,6218.84
1110553,08:37:00,08:37:00,166402,,19,,,,,,1,6588.43
1110553,08:38:00,08:38:00,166403,,20,,,,,,1,6939.61
1110553,08:39:00,08:39:00,150209,,21,,,,,,1,7172.08
1110553,08:40:00,08:40:00,150166,,22,,,,,,1,7478.42
1110554,08:45:00,08:45:00,150166,,1,,,,,,1,0
1110554,08:47:00,08:47:00,150167,,2,,,,,,1,555.03
1110554,08:47:00,08:47:00,150168,,3,,,,,,1,919.24
1110554,08:48:00,08:48:00,150169,,4,,,,,,1,1206.94
1110554,08:49:00,08:49:00,150170,,5,,,,,,1,1563.75
1110554,08:49:00,08:49:00,150171,,6,,,,,,1,1779.25
1110554,08:50:00,08:50:00,150172,,7,,,,,,1,2281.96
1110554,08:51:00,08:51:00,150173,,8,,,,,,1,2635.88
1110554,08:53:00,08:53:00,150174,,9,,,,,,1,3181.2
1110554,08:54:00,08:54:00,151888,,10,,,,,,1,3413.48
1110554,08:55:00,08:55:00,150188,,11,,,,,,1,3637.76
1110554,08:56:00,08:56:00,154271,,12,,,,,,1,3803.55
1110554,08:57:00,08:57:00,150213,,13,,,,,,1,4145.22
1110554,08:59:00,08:59:00,150182,,14,,,,,,1,4589.2
1110554,09:00:00,09:00:00,150183,,15,,,,,,1,4997.06
1110554,09:03:00,09:03:00,150156,,16,,,,,,1,5427.16
1110554,09:05:00,09:05:00,150361,,17,,,,,,1,5865
1110554,09:06:00,09:06:00,150362,,18,,,,,,1,6218.84
1110554,09:07:00,09:07:00,166402,,19,,,,,,1,6588.43
1110554,09:08:00,09:08:00,166403,,20,,,,,,1,6939.61
1110554,09:09:00,09:09:00,150209,,21,,,,,,1,7172.08
1110554,09:10:00,09:10:00,150166,,22,,,,,,1,7478.42
1110555,09:15:00,09:15:00,150166,,1,,,,,,1,0
1110555,09:17:00,09:17:00,150167,,2,,,,,,1,555.03
1110555,09:17:00,09:17:00,150168,,3,,,,,,1,919.24
1110555,09:18:00,09:18:00,150169,,4,,,,,,1,1206.94
1110555,09:19:00,09:19:00,150170,,5,,,,,,1,1563.75
1110555,09:19:00,09:19:00,150171,,6,,,,,,1,1779.25
1110555,09:20:00,09:20:00,150172,,7,,,,,,1,2281.96
1110555,09:21:00,09:21:00,150173,,8,,,,,,1,2635.88
1110555,09:23:00,09:23:00,150174,,9,,,,,,1,3181.2
1110555,09:24:00,09:24:00,151888,,10,,,,,,1,3413.48
1110555,09:25:00,09:25:00,150188,,11,,,,,,1,3637.76
1110555,09:26:00,09:26:00,154271,,12,,,,,,1,3803.55
1110555,09:27:00,09:27:00,150213,,13,,,,,,1,4145.22
1110555,09:29:00,09:29:00,150182,,14,,,,,,1,4589.2
1110555,09:30:00,09:30:00,150183,,15,,,,,,1,4997.06
1110555,09:33:00,09:33:00,150156,,16,,,,,,1,5427.16
1110555,09:35:00,09:35:00,150361,,17,,,,,,1,5865
1110555,09:36:00,09:36:00,150362,,18,,,,,,1,6218.84
1110555,09:37:00,09:37:00,166402,,19,,,,,,1,6588.43
1110555,09:38:00,09:38:00,166403,,20,,,,,,1,6939.61
1110555,09:39:00,09:39:00,150209,,21,,,,,,1,7172.08
1110555,09:40:00,09:40:00,150166,,22,,,,,,1,7478.42
1110556,09:45:00,09:45:00,150166,,1,,,,,,1,0
1110556,09:47:00,09:47:00,150167,,2,,,,,,1,555.03
1110556,09:47:00,09:47:00,150168,,3,,,,,,1,919.24
1110556,09:48:00,09:48:00,150169,,4,,,,,,1,1206.94
1110556,09:49:00,09:49:00,150170,,5,,,,,,1,1563.75
1110556,09:49:00,09:49:00,150171,,6,,,,,,1,1779.25
1110556,09:50:00,09:50:00,150172,,7,,,,,,1,2281.96
1110556,09:51:00,09:51:00,150173,,8,,,,,,1,2635.88
1110556,09:53:00,09:53:00,150174,,9,,,,,,1,3181.2
1110556,09:54:00,09:54:00,151888,,10,,,,,,1,3413.48
1110556,09:55:00,09:55:00,150188,,11,,,,,,1,3637.76
1110556,09:56:00,09:56:00,154271,,12,,,,,,1,3803.55
1110556,09:57:00,09:57:00,150213,,13,,,,,,1,4145.22
1110556,09:59:00,09:59:00,150182,,14,,,,,,1,4589.2
1110556,10:00:00,10:00:00,150183,,15,,,,,,1,4997.06
1110556,10:03:00,10:03:00,150156,,16,,,,,,1,5427.16
1110556,10:05:00,10:05:00,150361,,17,,,,,,1,5865
1110556,10:06:00,10:06:00,150362,,18,,,,,,1,6218.84
1110556,10:07:00,10:07:00,166402,,19,,,,,,1,6588.43
1110556,10:08:00,10:08:00,166403,,20,,,,,,1,6939.61
1110556,10:09:00,10:09:00,150209,,21,,,,,,1,7172.08
1110556,10:10:00,10:10:00,150166,,22,,,,,,1,7478.42
1110557,10:15:00,10:15:00,150166,,1,,,,,,1,0
1110557,10:17:00,10:17:00,150167,,2,,,,,,1,555.03
1110557,10:17:00,10:17:00,150168,,3,,,,,,1,919.24
1110557,10:18:00,10:18:00,150169,,4,,,,,,1,1206.94
1110557,10:19:00,10:19:00,150170,,5,,,,,,1,1563.75
1110557,10:19:00,10:19:00,150171,,6,,,,,,1,1779.25
1110557,10:20:00,10:20:00,150172,,7,,,,,,1,2281.96
1110557,10:21:00,10:21:00,150173,,8,,,,,,1,2635.88
1110557,10:23:00,10:23:00,150174,,9,,,,,,1,3181.2
1110557,10:24:00,10:24:00,151888,,10,,,,,,1,3413.48
1110557,10:25:00,10:25:00,150188,,11,,,,,,1,3637.76
1110557,10:26:00,10:26:00,154271,,12,,,,,,1,3803.55
1110557,10:27:00,10:27:00,150213,,13,,,,,,1,4145.22
1110557,10:29:00,10:29:00,150182,,14,,,,,,1,4589.2
1110557,10:30:00,10:30:00,150183,,15,,,,,,1,4997.06
1110557,10:33:00,10:33:00,150156,,16,,,,,,1,5427.16
1110557,10:35:00,10:35:00,150361,,17,,,,,,1,5865
1110557,10:36:00,10:36:00,150362,,18,,,,,,1,6218.84
1110557,10:37:00,10:37:00,166402,,19,,,,,,1,6588.43
1110557,10:38:00,10:38:00,166403,,20,,,,,,1,6939.61
1110557,10:39:00,10:39:00,150209,,21,,,,,,1,7172.08
1110557,10:40:00,10:40:00,150166,,22,,,,,,1,7478.42
1110558,10:45:00,10:45:00,150166,,1,,,,,,1,0
1110558,10:47:00,10:47:00,150167,,2,,,,,,1,555.03
1110558,10:47:00,10:47:00,150168,,3,,,,,,1,919.24
1110558,10:48:00,10:48:00,150169,,4,,,,,,1,1206.94
1110558,10:49:00,10:49:00,150170,,5,,,,,,1,1563.75
1110558,10:49:00,10:49:00,150171,,6,,,,,,1,1779.25
1110558,10:50:00,10:50:00,150172,,7,,,,,,1,2281.96
1110558,10:51:00,10:51:00,150173,,8,,,,,,1,2635.88
1110558,10:53:00,10:53:00,150174,,9,,,,,,1,3181.2
1110558,10:54:00,10:54:00,151888,,10,,,,,,1,3413.48
1110558,10:55:00,10:55:00,150188,,11,,,,,,1,3637.76
1110558,10:56:00,10:56:00,154271,,12,,,,,,1,3803.55
1110558,10:57:00,10:57:00,150213,,13,,,,,,1,4145.22
1110558,10:59:00,10:59:00,150182,,14,,,,,,1,4589.2
1110558,11:00:00,11:00:00,150183,,15,,,,,,1,4997.06
1110558,11:03:00,11:03:00,150156,,16,,,,,,1,5427.16
1110558,11:05:00,11:05:00,150361,,17,,,,,,1,5865
1110558,11:06:00,11:06:00,150362,,18,,,,,,1,6218.84
1110558,11:07:00,11:07:00,166402,,19,,,,,,1,6588.43
1110558,11:08:00,11:08:00,166403,,20,,,,,,1,6939.61
1110558,11:09:00,11:09:00,150209,,21,,,,,,1,7172.08
1110558,11:10:00,11:10:00,150166,,22,,,,,,1,7478.42
1110559,11:15:00,11:15:00,150166,,1,,,,,,1,0
1110559,11:17:00,11:17:00,150167,,2,,,,,,1,555.03
1110559,11:17:00,11:17:00,150168,,3,,,,,,1,919.24
1110559,11:18:00,11:18:00,150169,,4,,,,,,1,1206.94
1110559,11:19:00,11:19:00,150170,,5,,,,,,1,1563.75
1110559,11:19:00,11:19:00,150171,,6,,,,,,1,1779.25
1110559,11:20:00,11:20:00,150172,,7,,,,,,1,2281.96
1110559,11:21:00,11:21:00,150173,,8,,,,,,1,2635.88
1110559,11:23:00,11:23:00,150174,,9,,,,,,1,3181.2
1110559,11:24:00,11:24:00,151888,,10,,,,,,1,3413.48
1110559,11:25:00,11:25:00,150188,,11,,,,,,1,3637.76
1110559,11:26:00,11:26:00,154271,,12,,,,,,1,3803.55
1110559,11:27:00,11:27:00,150213,,13,,,,,,1,4145.22
1110559,11:29:00,11:29:00,150182,,14,,,,,,1,4589.2
1110559,11:30:00,11:30:00,150183,,15,,,,,,1,4997.06
1110559,11:33:00,11:33:00,150156,,16,,,,,,1,5427.16
1110559,11:35:00,11:35:00,150361,,17,,,,,,1,5865
1110559,11:36:00,11:36:00,150362,,18,,,,,,1,6218.84
1110559,11:37:00,11:37:00,166402,,19,,,,,,1,6588.43
1110559,11:38:00,11:38:00,166403,,20,,,,,,1,6939.61
1110559,11:39:00,11:39:00,150209,,21,,,,,,1,7172.08
1110559,11:40:00,11:40:00,150166,,22,,,,,,1,7478.42
1110560,11:45:00,11:45:00,150166,,1,,,,,,1,0
1110560,11:47:00,11:47:00,150167,,2,,,,,,1,555.03
1110560,11:47:00,11:47:00,150168,,3,,,,,,1,919.24
1110560,11:48:00,11:48:00,150169,,4,,,,,,1,1206.94
1110560,11:49:00,11:49:00,150170,,5,,,,,,1,1563.75
1110560,11:49:00,11:49:00,150171,,6,,,,,,1,1779.25
1110560,11:50:00,11:50:00,150172,,7,,,,,,1,2281.96
1110560,11:51:00,11:51:00,150173,,8,,,,,,1,2635.88
1110560,11:53:00,11:53:00,150174,,9,,,,,,1,3181.2
1110560,11:54:00,11:54:00,151888,,10,,,,,,1,3413.48
1110560,11:55:00,11:55:00,150188,,11,,,,,,1,3637.76
1110560,11:56:00,11:56:00,154271,,12,,,,,,1,3803.55
1110560,11:57:00,11:57:00,150213,,13,,,,,,1,4145.22
1110560,11:59:00,11:59:00,150182,,14,,,,,,1,4589.2
1110560,12:00:00,12:00:00,150183,,15,,,,,,1,4997.06
1110560,12:03:00,12:03:00,150156,,16,,,,,,1,5427.16
1110560,12:05:00,12:05:00,150361,,17,,,,,,1,5865
1110560,12:06:00,12:06:00,150362,,18,,,,,,1,6218.84
1110560,12:07:00,12:07:00,166402,,19,,,,,,1,6588.43
1110560,12:08:00,12:08:00,166403,,20,,,,,,1,6939.61
1110560,12:09:00,12:09:00,150209,,21,,,,,,1,7172.08
1110560,12:10:00,12:10:00,150166,,22,,,,,,1,7478.42
1110561,12:15:00,12:15:00,150166,,1,,,,,,1,0
1110561,12:17:00,12:17:00,150167,,2,,,,,,1,555.03
1110561,12:17:00,12:17:00,150168,,3,,,,,,1,919.24
1110561,12:18:00,12:18:00,150169,,4,,,,,,1,1206.94
1110561,12:19:00,12:19:00,150170,,5,,,,,,1,1563.75
1110561,12:19:00,12:19:00,150171,,6,,,,,,1,1779.25
1110561,12:20:00,12:20:00,150172,,7,,,,,,1,2281.96
1110561,12:21:00,12:21:00,150173,,8,,,,,,1,2635.88
1110561,12:23:00,12:23:00,150174,,9,,,,,,1,3181.2
1110561,12:24:00,12:24:00,151888,,10,,,,,,1,3413.48
1110561,12:25:00,12:25:00,150188,,11,,,,,,1,3637.76
1110561,12:26:00,12:26:00,154271,,12,,,,,,1,3803.55
1110561,12:27:00,12:27:00,150213,,13,,,,,,1,4145.22
1110561,12:29:00,12:29:00,150182,,14,,,,,,1,4589.2
1110561,12:30:00,12:30:00,150183,,15,,,,,,1,4997.06
1110561,12:33:00,12:33:00,150156,,16,,,,,,1,5427.16
1110561,12:35:00,12:35:00,150361,,17,,,,,,1,5865
1110561,12:36:00,12:36:00,150362,,18,,,,,,1,6218.84
1110561,12:37:00,12:37:00,166402,,19,,,,,,1,6588.43
1110561,12:38:00,12:38:00,166403,,20,,,,,,1,6939.61
1110561,12:39:00,12:39:00,150209,,21,,,,,,1,7172.08
1110561,12:40:00,12:40:00,150166,,22,,,,,,1,7478.42
1110562,12:45:00,12:45:00,150166,,1,,,,,,1,0
1110562,12:47:00,12:47:00,150167,,2,,,,,,1,555.03
1110562,12:47:00,12:47:00,150168,,3,,,,,,1,919.24
1110562,12:48:00,12:48:00,150169,,4,,,,,,1,1206.94
1110562,12:49:00,12:49:00,150170,,5,,,,,,1,1563.75
1110562,12:49:00,12:49:00,150171,,6,,,,,,1,1779.25
1110562,12:50:00,12:50:00,150172,,7,,,,,,1,2281.96
1110562,12:51:00,12:51:00,150173,,8,,,,,,1,2635.88
1110562,12:53:00,12:53:00,150174,,9,,,,,,1,3181.2
1110562,12:54:00,12:54:00,151888,,10,,,,,,1,3413.48
1110562,12:55:00,12:55:00,150188,,11,,,,,,1,3637.76
1110562,12:56:00,12:56:00,154271,,12,,,,,,1,3803.55
1110562,12:57:00,12:57:00,150213,,13,,,,,,1,4145.22
1110562,12:59:00,12:59:00,150182,,14,,,,,,1,4589.2
1110562,13:00:00,13:00:00,150183,,15,,,,,,1,4997.06
1110562,13:03:00,13:03:00,150156,,16,,,,,,1,5427.16
1110562,13:05:00,13:05:00,150361,,17,,,,,,1,5865
1110562,13:06:00,13:06:00,150362,,18,,,,,,1,6218.84
1110562,13:07:00,13:07:00,166402,,19,,,,,,1,6588.43
1110562,13:08:00,13:08:00,166403,,20,,,,,,1,6939.61
1110562,13:09:00,13:09:00,150209,,21,,,,,,1,7172.08
1110562,13:10:00,13:10:00,150166,,22,,,,,,1,7478.42
1110563,13:15:00,13:15:00,150166,,1,,,,,,1,0
1110563,13:17:00,13:17:00,150167,,2,,,,,,1,555.03
1110563,13:17:00,13:17:00,150168,,3,,,,,,1,919.24
1110563,13:18:00,13:18:00,150169,,4,,,,,,1,1206.94
1110563,13:19:00,13:19:00,150170,,5,,,,,,1,1563.75
1110563,13:19:00,13:19:00,150171,,6,,,,,,1,1779.25
1110563,13:20:00,13:20:00,150172,,7,,,,,,1,2281.96
1110563,13:21:00,13:21:00,150173,,8,,,,,,1,2635.88
1110563,13:23:00,13:23:00,150174,,9,,,,,,1,3181.2
1110563,13:24:00,13:24:00,151888,,10,,,,,,1,3413.48
1110563,13:25:00,13:25:00,150188,,11,,,,,,1,3637.76
1110563,13:26:00,13:26:00,154271,,12,,,,,,1,3803.55
1110563,13:27:00,13:27:00,150213,,13,,,,,,1,4145.22
1110563,13:29:00,13:29:00,150182,,14,,,,,,1,4589.2
1110563,13:30:00,13:30:00,150183,,15,,,,,,1,4997.06
1110563,13:33:00,13:33:00,150156,,16,,,,,,1,5427.16
1110563,13:35:00,13:35:00,150361,,17,,,,,,1,5865
1110563,13:36:00,13:36:00,150362,,18,,,,,,1,6218.84
1110563,13:37:00,13:37:00,166402,,19,,,,,,1,6588.43
1110563,13:38:00,13:38:00,166403,,20,,,,,,1,6939.61
1110563,13:39:00,13:39:00,150209,,21,,,,,,1,7172.08
1110563,13:40:00,13:40:00,150166,,22,,,,,,1,7478.42
1110564,13:45:00,13:45:00,150166,,1,,,,,,1,0
1110564,13:47:00,13:47:00,150167,,2,,,,,,1,555.03
1110564,13:47:00,13:47:00,150168,,3,,,,,,1,919.24
1110564,13:48:00,13:48:00,150169,,4,,,,,,1,1206.94
1110564,13:49:00,13:49:00,150170,,5,,,,,,1,1563.75
1110564,13:49:00,13:49:00,150171,,6,,,,,,1,1779.25
1110564,13:50:00,13:50:00,150172,,7,,,,,,1,2281.96
1110564,13:51:00,13:51:00,150173,,8,,,,,,1,2635.88
1110564,13:53:00,13:53:00,150174,,9,,,,,,1,3181.2
1110564,13:54:00,13:54:00,151888,,10,,,,,,1,3413.48
1110564,13:55:00,13:55:00,150188,,11,,,,,,1,3637.76
1110564,13:56:00,13:56:00,154271,,12,,,,,,1,3803.55
1110564,13:57:00,13:57:00,150213,,13,,,,,,1,4145.22
1110564,13:59:00,13:59:00,150182,,14,,,,,,1,4589.2
1110564,14:00:00,14:00:00,150183,,15,,,,,,1,4997.06
1110564,14:03:00,14:03:00,150156,,16,,,,,,1,5427.16
1110564,14:05:00,14:05:00,150361,,17,,,,,,1,5865
1110564,14:06:00,14:06:00,150362,,18,,,,,,1,6218.84
1110564,14:07:00,14:07:00,166402,,19,,,,,,1,6588.43
1110564,14:08:00,14:08:00,166403,,20,,,,,,1,6939.61
1110564,14:09:00,14:09:00,150209,,21,,,,,,1,7172.08
1110564,14:10:00,14:10:00,150166,,22,,,,,,1,7478.42
1110565,14:15:00,14:15:00,150166,,1,,,,,,1,0
1110565,14:17:00,14:17:00,150167,,2,,,,,,1,555.03
1110565,14:17:00,14:17:00,150168,,3,,,,,,1,919.24
1110565,14:18:00,14:18:00,150169,,4,,,,,,1,1206.94
1110565,14:19:00,14:19:00,150170,,5,,,,,,1,1563.75
1110565,14:19:00,14:19:00,150171,,6,,,,,,1,1779.25
1110565,14:20:00,14:20:00,150172,,7,,,,,,1,2281.96
1110565,14:21:00,14:21:00,150173,,8,,,,,,1,2635.88
1110565,14:23:00,14:23:00,150174,,9,,,,,,1,3181.2
1110565,14:24:00,14:24:00,151888,,10,,,,,,1,3413.48
1110565,14:25:00,14:25:00,150188,,11,,,,,,1,3637.76
1110565,14:26:00,14:26:00,154271,,12,,,,,,1,3803.55
1110565,14:27:00,14:27:00,150213,,13,,,,,,1,4145.22
1110565,14:29:00,14:29:00,150182,,14,,,,,,1,4589.2
1110565,14:30:00,14:30:00,150183,,15,,,,,,1,4997.06
1110565,14:33:00,14:33:00,150156,,16,,,,,,1,5427.16
1110565,14:35:00,14:35:00,150361,,17,,,,,,1,5865
1110565,14:36:00,14:36:00,150362,,18,,,,,,1,6218.84
1110565,14:37:00,14:37:00,166402,,19,,,,,,1,6588.43
1110565,14:38:00,14:38:00,166403,,20,,,,,,1,6939.61
1110565,14:39:00,14:39:00,150209,,21,,,,,,1,7172.08
1110565,14:40:00,14:40:00,150166,,22,,,,,,1,7478.42
1110566,14:45:00,14:45:00,150166,,1,,,,,,1,0
1110566,14:47:00,14:47:00,150167,,2,,,,,,1,555.03
1110566,14:47:00,14:47:00,150168,,3,,,,,,1,919.24
1110566,14:48:00,14:48:00,150169,,4,,,,,,1,1206.94
1110566,14:49:00,14:49:00,150170,,5,,,,,,1,1563.75
1110566,14:49:00,14:49:00,150171,,6,,,,,,1,1779.25
1110566,14:50:00,14:50:00,150172,,7,,,,,,1,2281.96
1110566,14:51:00,14:51:00,150173,,8,,,,,,1,2635.88
1110566,14:53:00,14:53:00,150174,,9,,,,,,1,3181.2
1110566,14:54:00,14:54:00,151888,,10,,,,,,1,3413.48
1110566,14:55:00,14:55:00,150188,,11,,,,,,1,3637.76
1110566,14:56:00,14:56:00,154271,,12,,,,,,1,3803.55
1110566,14:57:00,14:57:00,150213,,13,,,,,,1,4145.22
1110566,14:59:00,14:59:00,150182,,14,,,,,,1,4589.2
1110566,15:00:00,15:00:00,150183,,15,,,,,,1,4997.06
1110566,15:03:00,15:03:00,150156,,16,,,,,,1,5427.16
1110566,15:05:00,15:05:00,150361,,17,,,,,,1,5865
1110566,15:06:00,15:06:00,150362,,18,,,,,,1,6218.84
1110566,15:07:00,15:07:00,166402,,19,,,,,,1,6588.43
1110566,15:08:00,15:08:00,166403,,20,,,,,,1,6939.61
1110566,15:09:00,15:09:00,150209,,21,,,,,,1,7172.08
1110566,15:10:00,15:10:00,150166,,22,,,,,,1,7478.42
1110567,15:15:00,15:15:00,150166,,1,,,,,,1,0
1110567,15:17:00,15:17:00,150167,,2,,,,,,1,555.03
1110567,15:17:00,15:17:00,150168,,3,,,,,,1,919.24
1110567,15:18:00,15:18:00,150169,,4,,,,,,1,1206.94
1110567,15:19:00,15:19:00,150170,,5,,,,,,1,1563.75
1110567,15:19:00,15:19:00,150171,,6,,,,,,1,1779.25
1110567,15:20:00,15:20:00,150172,,7,,,,,,1,2281.96
1110567,15:21:00,15:21:00,150173,,8,,,,,,1,2635.88
1110567,15:23:00,15:23:00,150174,,9,,,,,,1,3181.2
1110567,15:24:00,15:24:00,151888,,10,,,,,,1,3413.48
1110567,15:25:00,15:25:00,150188,,11,,,,,,1,3637.76
1110567,15:26:00,15:26:00,154271,,12,,,,,,1,3803.55
1110567,15:27:00,15:27:00,150213,,13,,,,,,1,4145.22
1110567,15:29:00,15:29:00,150182,,14,,,,,,1,4589.2
1110567,15:30:00,15:30:00,150183,,15,,,,,,1,4997.06
1110567,15:33:00,15:33:00,150156,,16,,,,,,1,5427.16
1110567,15:35:00,15:35:00,150361,,17,,,,,,1,5865
1110567,15:36:00,15:36:00,150362,,18,,,,,,1,6218.84
1110567,15:37:00,15:37:00,166402,,19,,,,,,1,6588.43
1110567,15:38:00,15:38:00,166403,,20,,,,,,1,6939.61
1110567,15:39:00,15:39:00,150209,,21,,,,,,1,7172.08
1110567,15:40:00,15:40:00,150166,,22,,,,,,1,7478.42
1110568,15:45:00,15:45:00,150166,,1,,,,,,1,0
1110568,15:47:00,15:47:00,150167,,2,,,,,,1,555.03
1110568,15:47:00,15:47:00,150168,,3,,,,,,1,919.24
1110568,15:48:00,15:48:00,150169,,4,,,,,,1,1206.94
1110568,15:49:00,15:49:00,150170,,5,,,,,,1,1563.75
1110568,15:49:00,15:49:00,150171,,6,,,,,,1,1779.25
1110568,15:50:00,15:50:00,150172,,7,,,,,,1,2281.96
1110568,15:51:00,15:51:00,150173,,8,,,,,,1,2635.88
1110568,15:53:00,15:53:00,150174,,9,,,,,,1,3181.2
1110568,15:54:00,15:54:00,151888,,10,,,,,,1,3413.48
1110568,15:55:00,15:55:00,150188,,11,,,,,,1,3637.76
1110568,15:56:00,15:56:00,154271,,12,,,,,,1,3803.55
1110568,15:57:00,15:57:00,150213,,13,,,,,,1,4145.22
1110568,15:59:00,15:59:00,150182,,14,,,,,,1,4589.2
1110568,16:00:00,16:00:00,150183,,15,,,,,,1,4997.06
1110568,16:03:00,16:03:00,150156,,16,,,,,,1,5427.16
1110568,16:05:00,16:05:00,150361,,17,,,,,,1,5865
1110568,16:06:00,16:06:00,150362,,18,,,,,,1,6218.84
1110568,16:07:00,16:07:00,166402,,19,,,,,,1,6588.43
1110568,16:08:00,16:08:00,166403,,20,,,,,,1,6939.61
1110568,16:09:00,16:09:00,150209,,21,,,,,,1,7172.08
1110568,16:10:00,16:10:00,150166,,22,,,,,,1,7478.42
1110569,16:15:00,16:15:00,150166,,1,,,,,,1,0
1110569,16:17:00,16:17:00,150167,,2,,,,,,1,555.03
1110569,16:17:00,16:17:00,150168,,3,,,,,,1,919.24
1110569,16:18:00,16:18:00,150169,,4,,,,,,1,1206.94
1110569,16:19:00,16:19:00,150170,,5,,,,,,1,1563.75
1110569,16:19:00,16:19:00,150171,,6,,,,,,1,1779.25
1110569,16:20:00,16:20:00,150172,,7,,,,,,1,2281.96
1110569,16:21:00,16:21:00,150173,,8,,,,,,1,2635.88
1110569,16:23:00,16:23:00,150174,,9,,,,,,1,3181.2
1110569,16:24:00,16:24:00,151888,,10,,,,,,1,3413.48
1110569,16:25:00,16:25:00,150188,,11,,,,,,1,3637.76
1110569,16:26:00,16:26:00,154271,,12,,,,,,1,3803.55
1110569,16:27:00,16:27:00,150213,,13,,,,,,1,4145.22
1110569,16:29:00,16:29:00,150182,,14,,,,,,1,4589.2
1110569,16:30:00,16:30:00,150183,,15,,,,,,1,4997.06
1110569,16:33:00,16:33:00,150156,,16,,,,,,1,5427.16
1110569,16:35:00,16:35:00,150361,,17,,,,,,1,5865
1110569,16:36:00,16:36:00,150362,,18,,,,,,1,6218.84
1110569,16:37:00,16:37:00,166402,,19,,,,,,1,6588.43
1110569,16:38:00,16:38:00,166403,,20,,,,,,1,6939.61
1110569,16:39:00,16:39:00,150209,,21,,,,,,1,7172.08
1110569,16:40:00,16:40:00,150166,,22,,,,,,1,7478.42
1110570,16:45:00,16:45:00,150166,,1,,,,,,1,0
1110570,16:47:00,16:47:00,150167,,2,,,,,,1,555.03
1110570,16:47:00,16:47:00,150168,,3,,,,,,1,919.24
1110570,16:48:00,16:48:00,150169,,4,,,,,,1,1206.94
1110570,16:49:00,16:49:00,150170,,5,,,,,,1,1563.75
1110570,16:49:00,16:49:00,150171,,6,,,,,,1,1779.25
1110570,16:50:00,16:50:00,150172,,7,,,,,,1,2281.96
1110570,16:51:00,16:51:00,150173,,8,,,,,,1,2635.88
1110570,16:53:00,16:53:00,150174,,9,,,,,,1,3181.2
1110570,16:54:00,16:54:00,151888,,10,,,,,,1,3413.48
1110570,16:55:00,16:55:00,150188,,11,,,,,,1,3637.76
1110570,16:56:00,16:56:00,154271,,12,,,,,,1,3803.55
1110570,16:57:00,16:57:00,150213,,13,,,,,,1,4145.22
1110570,16:59:00,16:59:00,150182,,14,,,,,,1,4589.2
1110570,17:00:00,17:00:00,150183,,15,,,,,,1,4997.06
1110570,17:03:00,17:03:00,150156,,16,,,,,,1,5427.16
1110570,17:05:00,17:05:00,150361,,17,,,,,,1,5865
1110570,17:06:00,17:06:00,150362,,18,,,,,,1,6218.84
1110570,17:07:00,17:07:00,166402,,19,,,,,,1,6588.43
1110570,17:08:00,17:08:00,166403,,20,,,,,,1,6939.61
1110570,17:09:00,17:09:00,150209,,21,,,,,,1,7172.08
1110570,17:10:00,17:10:00,150166,,22,,,,,,1,7478.42
1110571,17:15:00,17:15:00,150166,,1,,,,,,1,0
1110571,17:17:00,17:17:00,150167,,2,,,,,,1,555.03
1110571,17:17:00,17:17:00,150168,,3,,,,,,1,919.24
1110571,17:18:00,17:18:00,150169,,4,,,,,,1,1206.94
1110571,17:19:00,17:19:00,150170,,5,,,,,,1,1563.75
1110571,17:19:00,17:19:00,150171,,6,,,,,,1,1779.25
1110571,17:20:00,17:20:00,150172,,7,,,,,,1,2281.96
1110571,17:21:00,17:21:00,150173,,8,,,,,,1,2635.88
1110571,17:23:00,17:23:00,150174,,9,,,,,,1,3181.2
1110571,17:24:00,17:24:00,151888,,10,,,,,,1,3413.48
1110571,17:25:00,17:25:00,150188,,11,,,,,,1,3637.76
1110571,17:26:00,17:26:00,154271,,12,,,,,,1,3803.55
1110571,17:27:00,17:27:00,150213,,13,,,,,,1,4145.22
1110571,17:29:00,17:29:00,150182,,14,,,,,,1,4589.2
1110571,17:30:00,17:30:00,150183,,15,,,,,,1,4997.06
1110571,17:33:00,17:33:00,150156,,16,,,,,,1,5427.16
1110571,17:35:00,17:35:00,150361,,17,,,,,,1,5865
1110571,17:36:00,17:36:00,150362,,18,,,,,,1,6218.84
1110571,17:37:00,17:37:00,166402,,19,,,,,,1,6588.43
1110571,17:38:00,17:38:00,166403,,20,,,,,,1,6939.61
1110571,17:39:00,17:39:00,150209,,21,,,,,,1,7172.08
1110571,17:40:00,17:40:00,150166,,22,,,,,,1,7478.42
1110552,08:30:00,08:30:00,150166,,1,,,,,,1,0
1110552,08:32:00,08:32:00,150167,,2,,,,,,1,555.03
1110552,08:32:00,08:32:00,150168,,3,,,,,,1,919.24
1110552,08:33:00,08:33:00,150169,,4,,,,,,1,1206.94
1110552,08:34:00,08:34:00,150170,,5,,,,,,1,1563.75
1110552,08:34:00,08:34:00,150171,,6,,,,,,1,1779.25
1110552,08:35:00,08:35:00,150172,,7,,,,,,1,2281.96
1110552,08:36:00,08:36:00,150173,,8,,,,,,1,2635.88
1110552,08:38:00,08:38:00,150174,,9,,,,,,1,3181.2
1110552,08:39:00,08:39:00,151888,,10,,,,,,1,3413.48
1110552,08:40:00,08:40:00,150188,,11,,,,,,1,3637.76
1110552,08:41:00,08:41:00,154271,,12,,,,,,1,3803.55
1110552,08:42:00,08:42:00,150213,,13,,,,,,1,4145.22
1110552,08:44:00,08:44:00,150182,,14,,,,,,1,4589.2
1110552,08:45:00,08:45:00,150183,,15,,,,,,1,4997.06
1110552,08:48:00,08:48:00,150156,,16,,,,,,1,5427.16
1110552,08:50:00,08:50:00,150361,,17,,,,,,1,5865
1110552,08:51:00,08:51:00,150362,,18,,,,,,1,6218.84
1110552,08:52:00,08:52:00,166402,,19,,,,,,1,6588.43
1110552,08:53:00,08:53:00,166403,,20,,,,,,1,6939.61
1110552,08:54:00,08:54:00,150209,,21,,,,,,1,7172.08
1110552,08:55:00,08:55:00,150166,,22,,,,,,1,7478.42
1110572,09:00:00,09:00:00,150166,,1,,,,,,1,0
1110572,09:02:00,09:02:00,150167,,2,,,,,,1,555.03
1110572,09:02:00,09:02:00,150168,,3,,,,,,1,919.24
1110572,09:03:00,09:03:00,150169,,4,,,,,,1,1206.94
1110572,09:04:00,09:04:00,150170,,5,,,,,,1,1563.75
1110572,09:04:00,09:04:00,150171,,6,,,,,,1,1779.25
1110572,09:05:00,09:05:00,150172,,7,,,,,,1,2281.96
1110572,09:06:00,09:06:00,150173,,8,,,,,,1,2635.88
1110572,09:08:00,09:08:00,150174,,9,,,,,,1,3181.2
1110572,09:09:00,09:09:00,151888,,10,,,,,,1,3413.48
1110572,09:10:00,09:10:00,150188,,11,,,,,,1,3637.76
1110572,09:11:00,09:11:00,154271,,12,,,,,,1,3803.55
1110572,09:12:00,09:12:00,150213,,13,,,,,,1,4145.22
1110572,09:14:00,09:14:00,150182,,14,,,,,,1,4589.2
1110572,09:15:00,09:15:00,150183,,15,,,,,,1,4997.06
1110572,09:18:00,09:18:00,150156,,16,,,,,,1,5427.16
1110572,09:20:00,09:20:00,150361,,17,,,,,,1,5865
1110572,09:21:00,09:21:00,150362,,18,,,,,,1,6218.84
1110572,09:22:00,09:22:00,166402,,19,,,,,,1,6588.43
1110572,09:23:00,09:23:00,166403,,20,,,,,,1,6939.61
1110572,09:24:00,09:24:00,150209,,21,,,,,,1,7172.08
1110572,09:25:00,09:25:00,150166,,22,,,,,,1,7478.42
1110573,09:30:00,09:30:00,150166,,1,,,,,,1,0
1110573,09:32:00,09:32:00,150167,,2,,,,,,1,555.03
1110573,09:32:00,09:32:00,150168,,3,,,,,,1,919.24
1110573,09:33:00,09:33:00,150169,,4,,,,,,1,1206.94
1110573,09:34:00,09:34:00,150170,,5,,,,,,1,1563.75
1110573,09:34:00,09:34:00,150171,,6,,,,,,1,1779.25
1110573,09:35:00,09:35:00,150172,,7,,,,,,1,2281.96
1110573,09:36:00,09:36:00,150173,,8,,,,,,1,2635.88
1110573,09:38:00,09:38:00,150174,,9,,,,,,1,3181.2
1110573,09:39:00,09:39:00,151888,,10,,,,,,1,3413.48
1110573,09:40:00,09:40:00,150188,,11,,,,,,1,3637.76
1110573,09:41:00,09:41:00,154271,,12,,,,,,1,3803.55
1110573,09:42:00,09:42:00,150213,,13,,,,,,1,4145.22
1110573,09:44:00,09:44:00,150182,,14,,,,,,1,4589.2
1110573,09:45:00,09:45:00,150183,,15,,,,,,1,4997.06
1110573,09:48:00,09:48:00,150156,,16,,,,,,1,5427.16
1110573,09:50:00,09:50:00,150361,,17,,,,,,1,5865
1110573,09:51:00,09:51:00,150362,,18,,,,,,1,6218.84
1110573,09:52:00,09:52:00,166402,,19,,,,,,1,6588.43
1110573,09:53:00,09:53:00,166403,,20,,,,,,1,6939.61
1110573,09:54:00,09:54:00,150209,,21,,,,,,1,7172.08
1110573,09:55:00,09:55:00,150166,,22,,,,,,1,7478.42
1110574,10:00:00,10:00:00,150166,,1,,,,,,1,0
1110574,10:02:00,10:02:00,150167,,2,,,,,,1,555.03
1110574,10:02:00,10:02:00,150168,,3,,,,,,1,919.24
1110574,10:03:00,10:03:00,150169,,4,,,,,,1,1206.94
1110574,10:04:00,10:04:00,150170,,5,,,,,,1,1563.75
1110574,10:04:00,10:04:00,150171,,6,,,,,,1,1779.25
1110574,10:05:00,10:05:00,150172,,7,,,,,,1,2281.96
1110574,10:06:00,10:06:00,150173,,8,,,,,,1,2635.88
1110574,10:08:00,10:08:00,150174,,9,,,,,,1,3181.2
1110574,10:09:00,10:09:00,151888,,10,,,,,,1,3413.48
1110574,10:10:00,10:10:00,150188,,11,,,,,,1,3637.76
1110574,10:11:00,10:11:00,154271,,12,,,,,,1,3803.55
1110574,10:12:00,10:12:00,150213,,13,,,,,,1,4145.22
1110574,10:14:00,10:14:00,150182,,14,,,,,,1,4589.2
1110574,10:15:00,10:15:00,150183,,15,,,,,,1,4997.06
1110574,10:18:00,10:18:00,150156,,16,,,,,,1,5427.16
1110574,10:20:00,10:20:00,150361,,17,,,,,,1,5865
1110574,10:21:00,10:21:00,150362,,18,,,,,,1,6218.84
1110574,10:22:00,10:22:00,166402,,19,,,,,,1,6588.43
1110574,10:23:00,10:23:00,166403,,20,,,,,,1,6939.61
1110574,10:24:00,10:24:00,150209,,21,,,,,,1,7172.08
1110574,10:25:00,10:25:00,150166,,22,,,,,,1,7478.42
1110575,10:30:00,10:30:00,150166,,1,,,,,,1,0
1110575,10:32:00,10:32:00,150167,,2,,,,,,1,555.03
1110575,10:32:00,10:32:00,150168,,3,,,,,,1,919.24
1110575,10:33:00,10:33:00,150169,,4,,,,,,1,1206.94
1110575,10:34:00,10:34:00,150170,,5,,,,,,1,1563.75
1110575,10:34:00,10:34:00,150171,,6,,,,,,1,1779.25
1110575,10:35:00,10:35:00,150172,,7,,,,,,1,2281.96
1110575,10:36:00,10:36:00,150173,,8,,,,,,1,2635.88
1110575,10:38:00,10:38:00,150174,,9,,,,,,1,3181.2
1110575,10:39:00,10:39:00,151888,,10,,,,,,1,3413.48
1110575,10:40:00,10:40:00,150188,,11,,,,,,1,3637.76
1110575,10:41:00,10:41:00,154271,,12,,,,,,1,3803.55
1110575,10:42:00,10:42:00,150213,,13,,,,,,1,4145.22
1110575,10:44:00,10:44:00,150182,,14,,,,,,1,4589.2
1110575,10:45:00,10:45:00,150183,,15,,,,,,1,4997.06
1110575,10:48:00,10:48:00,150156,,16,,,,,,1,5427.16
1110575,10:50:00,10:50:00,150361,,17,,,,,,1,5865
1110575,10:51:00,10:51:00,150362,,18,,,,,,1,6218.84
1110575,10:52:00,10:52:00,166402,,19,,,,,,1,6588.43
1110575,10:53:00,10:53:00,166403,,20,,,,,,1,6939.61
1110575,10:54:00,10:54:00,150209,,21,,,,,,1,7172.08
1110575,10:55:00,10:55:00,150166,,22,,,,,,1,7478.42
1110576,11:00:00,11:00:00,150166,,1,,,,,,1,0
1110576,11:02:00,11:02:00,150167,,2,,,,,,1,555.03
1110576,11:02:00,11:02:00,150168,,3,,,,,,1,919.24
1110576,11:03:00,11:03:00,150169,,4,,,,,,1,1206.94
1110576,11:04:00,11:04:00,150170,,5,,,,,,1,1563.75
1110576,11:04:00,11:04:00,150171,,6,,,,,,1,1779.25
1110576,11:05:00,11:05:00,150172,,7,,,,,,1,2281.96
1110576,11:06:00,11:06:00,150173,,8,,,,,,1,2635.88
1110576,11:08:00,11:08:00,150174,,9,,,,,,1,3181.2
1110576,11:09:00,11:09:00,151888,,10,,,,,,1,3413.48
1110576,11:10:00,11:10:00,150188,,11,,,,,,1,3637.76
1110576,11:11:00,11:11:00,154271,,12,,,,,,1,3803.55
1110576,11:12:00,11:12:00,150213,,13,,,,,,1,4145.22
1110576,11:14:00,11:14:00,150182,,14,,,,,,1,4589.2
1110576,11:15:00,11:15:00,150183,,15,,,,,,1,4997.06
1110576,11:18:00,11:18:00,150156,,16,,,,,,1,5427.16
1110576,11:20:00,11:20:00,150361,,17,,,,,,1,5865
1110576,11:21:00,11:21:00,150362,,18,,,,,,1,6218.84
1110576,11:22:00,11:22:00,166402,,19,,,,,,1,6588.43
1110576,11:23:00,11:23:00,166403,,20,,,,,,1,6939.61
1110576,11:24:00,11:24:00,150209,,21,,,,,,1,7172.08
1110576,11:25:00,11:25:00,150166,,22,,,,,,1,7478.42
1110577,11:30:00,11:30:00,150166,,1,,,,,,1,0
1110577,11:32:00,11:32:00,150167,,2,,,,,,1,555.03
1110577,11:32:00,11:32:00,150168,,3,,,,,,1,919.24
1110577,11:33:00,11:33:00,150169,,4,,,,,,1,1206.94
1110577,11:34:00,11:34:00,150170,,5,,,,,,1,1563.75
1110577,11:34:00,11:34:00,150171,,6,,,,,,1,1779.25
1110577,11:35:00,11:35:00,150172,,7,,,,,,1,2281.96
1110577,11:36:00,11:36:00,150173,,8,,,,,,1,2635.88
1110577,11:38:00,11:38:00,150174,,9,,,,,,1,3181.2
1110577,11:39:00,11:39:00,151888,,10,,,,,,1,3413.48
1110577,11:40:00,11:40:00,150188,,11,,,,,,1,3637.76
1110577,11:41:00,11:41:00,154271,,12,,,,,,1,3803.55
1110577,11:42:00,11:42:00,150213,,13,,,,,,1,4145.22
1110577,11:44:00,11:44:00,150182,,14,,,,,,1,4589.2
1110577,11:45:00,11:45:00,150183,,15,,,,,,1,4997.06
1110577,11:48:00,11:48:00,150156,,16,,,,,,1,5427.16
1110577,11:50:00,11:50:00,150361,,17,,,,,,1,5865
1110577,11:51:00,11:51:00,150362,,18,,,,,,1,6218.84
1110577,11:52:00,11:52:00,166402,,19,,,,,,1,6588.43
1110577,11:53:00,11:53:00,166403,,20,,,,,,1,6939.61
1110577,11:54:00,11:54:00,150209,,21,,,,,,1,7172.08
1110577,11:55:00,11:55:00,150166,,22,,,,,,1,7478.42
1110578,12:00:00,12:00:00,150166,,1,,,,,,1,0
1110578,12:02:00,12:02:00,150167,,2,,,,,,1,555.03
1110578,12:02:00,12:02:00,150168,,3,,,,,,1,919.24
1110578,12:03:00,12:03:00,150169,,4,,,,,,1,1206.94
1110578,12:04:00,12:04:00,150170,,5,,,,,,1,1563.75
1110578,12:04:00,12:04:00,150171,,6,,,,,,1,1779.25
1110578,12:05:00,12:05:00,150172,,7,,,,,,1,2281.96
1110578,12:06:00,12:06:00,150173,,8,,,,,,1,2635.88
1110578,12:08:00,12:08:00,150174,,9,,,,,,1,3181.2
1110578,12:09:00,12:09:00,151888,,10,,,,,,1,3413.48
1110578,12:10:00,12:10:00,150188,,11,,,,,,1,3637.76
1110578,12:11:00,12:11:00,154271,,12,,,,,,1,3803.55
1110578,12:12:00,12:12:00,150213,,13,,,,,,1,4145.22
1110578,12:14:00,12:14:00,150182,,14,,,,,,1,4589.2
1110578,12:15:00,12:15:00,150183,,15,,,,,,1,4997.06
1110578,12:18:00,12:18:00,150156,,16,,,,,,1,5427.16
1110578,12:20:00,12:20:00,150361,,17,,,,,,1,5865
1110578,12:21:00,12:21:00,150362,,18,,,,,,1,6218.84
1110578,12:22:00,12:22:00,166402,,19,,,,,,1,6588.43
1110578,12:23:00,12:23:00,166403,,20,,,,,,1,6939.61
1110578,12:24:00,12:24:00,150209,,21,,,,,,1,7172.08
1110578,12:25:00,12:25:00,150166,,22,,,,,,1,7478.42
1110579,12:30:00,12:30:00,150166,,1,,,,,,1,0
1110579,12:32:00,12:32:00,150167,,2,,,,,,1,555.03
1110579,12:32:00,12:32:00,150168,,3,,,,,,1,919.24
1110579,12:33:00,12:33:00,150169,,4,,,,,,1,1206.94
1110579,12:34:00,12:34:00,150170,,5,,,,,,1,1563.75
1110579,12:34:00,12:34:00,150171,,6,,,,,,1,1779.25
1110579,12:35:00,12:35:00,150172,,7,,,,,,1,2281.96
1110579,12:36:00,12:36:00,150173,,8,,,,,,1,2635.88
1110579,12:38:00,12:38:00,150174,,9,,,,,,1,3181.2
1110579,12:39:00,12:39:00,151888,,10,,,,,,1,3413.48
1110579,12:40:00,12:40:00,150188,,11,,,,,,1,3637.76
1110579,12:41:00,12:41:00,154271,,12,,,,,,1,3803.55
1110579,12:42:00,12:42:00,150213,,13,,,,,,1,4145.22
1110579,12:44:00,12:44:00,150182,,14,,,,,,1,4589.2
1110579,12:45:00,12:45:00,150183,,15,,,,,,1,4997.06
1110579,12:48:00,12:48:00,150156,,16,,,,,,1,5427.16
1110579,12:50:00,12:50:00,150361,,17,,,,,,1,5865
1110579,12:51:00,12:51:00,150362,,18,,,,,,1,6218.84
1110579,12:52:00,12:52:00,166402,,19,,,,,,1,6588.43
1110579,12:53:00,12:53:00,166403,,20,,,,,,1,6939.61
1110579,12:54:00,12:54:00,150209,,21,,,,,,1,7172.08
1110579,12:55:00,12:55:00,150166,,22,,,,,,1,7478.42
1110580,13:00:00,13:00:00,150166,,1,,,,,,1,0
1110580,13:02:00,13:02:00,150167,,2,,,,,,1,555.03
1110580,13:02:00,13:02:00,150168,,3,,,,,,1,919.24
1110580,13:03:00,13:03:00,150169,,4,,,,,,1,1206.94
1110580,13:04:00,13:04:00,150170,,5,,,,,,1,1563.75
1110580,13:04:00,13:04:00,150171,,6,,,,,,1,1779.25
1110580,13:05:00,13:05:00,150172,,7,,,,,,1,2281.96
1110580,13:06:00,13:06:00,150173,,8,,,,,,1,2635.88
1110580,13:08:00,13:08:00,150174,,9,,,,,,1,3181.2
1110580,13:09:00,13:09:00,151888,,10,,,,,,1,3413.48
1110580,13:10:00,13:10:00,150188,,11,,,,,,1,3637.76
1110580,13:11:00,13:11:00,154271,,12,,,,,,1,3803.55
1110580,13:12:00,13:12:00,150213,,13,,,,,,1,4145.22
1110580,13:14:00,13:14:00,150182,,14,,,,,,1,4589.2
1110580,13:15:00,13:15:00,150183,,15,,,,,,1,4997.06
1110580,13:18:00,13:18:00,150156,,16,,,,,,1,5427.16
1110580,13:20:00,13:20:00,150361,,17,,,,,,1,5865
1110580,13:21:00,13:21:00,150362,,18,,,,,,1,6218.84
1110580,13:22:00,13:22:00,166402,,19,,,,,,1,6588.43
1110580,13:23:00,13:23:00,166403,,20,,,,,,1,6939.61
1110580,13:24:00,13:24:00,150209,,21,,,,,,1,7172.08
1110580,13:25:00,13:25:00,150166,,22,,,,,,1,7478.42
1110581,13:30:00,13:30:00,150166,,1,,,,,,1,0
1110581,13:32:00,13:32:00,150167,,2,,,,,,1,555.03
1110581,13:32:00,13:32:00,150168,,3,,,,,,1,919.24
1110581,13:33:00,13:33:00,150169,,4,,,,,,1,1206.94
1110581,13:34:00,13:34:00,150170,,5,,,,,,1,1563.75
1110581,13:34:00,13:34:00,150171,,6,,,,,,1,1779.25
1110581,13:35:00,13:35:00,150172,,7,,,,,,1,2281.96
1110581,13:36:00,13:36:00,150173,,8,,,,,,1,2635.88
1110581,13:38:00,13:38:00,150174,,9,,,,,,1,3181.2
1110581,13:39:00,13:39:00,151888,,10,,,,,,1,3413.48
1110581,13:40:00,13:40:00,150188,,11,,,,,,1,3637.76
1110581,13:41:00,13:41:00,154271,,12,,,,,,1,3803.55
1110581,13:42:00,13:42:00,150213,,13,,,,,,1,4145.22
1110581,13:44:00,13:44:00,150182,,14,,,,,,1,4589.2
1110581,13:45:00,13:45:00,150183,,15,,,,,,1,4997.06
1110581,13:48:00,13:48:00,150156,,16,,,,,,1,5427.16
1110581,13:50:00,13:50:00,150361,,17,,,,,,1,5865
1110581,13:51:00,13:51:00,150362,,18,,,,,,1,6218.84
1110581,13:52:00,13:52:00,166402,,19,,,,,,1,6588.43
1110581,13:53:00,13:53:00,166403,,20,,,,,,1,6939.61
1110581,13:54:00,13:54:00,150209,,21,,,,,,1,7172.08
1110581,13:55:00,13:55:00,150166,,22,,,,,,1,7478.42
1110582,14:00:00,14:00:00,150166,,1,,,,,,1,0
1110582,14:02:00,14:02:00,150167,,2,,,,,,1,555.03
1110582,14:02:00,14:02:00,150168,,3,,,,,,1,919.24
1110582,14:03:00,14:03:00,150169,,4,,,,,,1,1206.94
1110582,14:04:00,14:04:00,150170,,5,,,,,,1,1563.75
1110582,14:04:00,14:04:00,150171,,6,,,,,,1,1779.25
1110582,14:05:00,14:05:00,150172,,7,,,,,,1,2281.96
1110582,14:06:00,14:06:00,150173,,8,,,,,,1,2635.88
1110582,14:08:00,14:08:00,150174,,9,,,,,,1,3181.2
1110582,14:09:00,14:09:00,151888,,10,,,,,,1,3413.48
1110582,14:10:00,14:10:00,150188,,11,,,,,,1,3637.76
1110582,14:11:00,14:11:00,154271,,12,,,,,,1,3803.55
1110582,14:12:00,14:12:00,150213,,13,,,,,,1,4145.22
1110582,14:14:00,14:14:00,150182,,14,,,,,,1,4589.2
1110582,14:15:00,14:15:00,150183,,15,,,,,,1,4997.06
1110582,14:18:00,14:18:00,150156,,16,,,,,,1,5427.16
1110582,14:20:00,14:20:00,150361,,17,,,,,,1,5865
1110582,14:21:00,14:21:00,150362,,18,,,,,,1,6218.84
1110582,14:22:00,14:22:00,166402,,19,,,,,,1,6588.43
1110582,14:23:00,14:23:00,166403,,20,,,,,,1,6939.61
1110582,14:24:00,14:24:00,150209,,21,,,,,,1,7172.08
1110582,14:25:00,14:25:00,150166,,22,,,,,,1,7478.42
1110583,14:30:00,14:30:00,150166,,1,,,,,,1,0
1110583,14:32:00,14:32:00,150167,,2,,,,,,1,555.03
1110583,14:32:00,14:32:00,150168,,3,,,,,,1,919.24
1110583,14:33:00,14:33:00,150169,,4,,,,,,1,1206.94
1110583,14:34:00,14:34:00,150170,,5,,,,,,1,1563.75
1110583,14:34:00,14:34:00,150171,,6,,,,,,1,1779.25
1110583,14:35:00,14:35:00,150172,,7,,,,,,1,2281.96
1110583,14:36:00,14:36:00,150173,,8,,,,,,1,2635.88
1110583,14:38:00,14:38:00,150174,,9,,,,,,1,3181.2
1110583,14:39:00,14:39:00,151888,,10,,,,,,1,3413.48
1110583,14:40:00,14:40:00,150188,,11,,,,,,1,3637.76
1110583,14:41:00,14:41:00,154271,,12,,,,,,1,3803.55
1110583,14:42:00,14:42:00,150213,,13,,,,,,1,4145.22
1110583,14:44:00,14:44:00,150182,,14,,,,,,1,4589.2
1110583,14:45:00,14:45:00,150183,,15,,,,,,1,4997.06
1110583,14:48:00,14:48:00,150156,,16,,,,,,1,5427.16
1110583,14:50:00,14:50:00,150361,,17,,,,,,1,5865
1110583,14:51:00,14:51:00,150362,,18,,,,,,1,6218.84
1110583,14:52:00,14:52:00,166402,,19,,,,,,1,6588.43
1110583,14:53:00,14:53:00,166403,,20,,,,,,1,6939.61
1110583,14:54:00,14:54:00,150209,,21,,,,,,1,7172.08
1110583,14:55:00,14:55:00,150166,,22,,,,,,1,7478.42
1110584,15:00:00,15:00:00,150166,,1,,,,,,1,0
1110584,15:02:00,15:02:00,150167,,2,,,,,,1,555.03
1110584,15:02:00,15:02:00,150168,,3,,,,,,1,919.24
1110584,15:03:00,15:03:00,150169,,4,,,,,,1,1206.94
1110584,15:04:00,15:04:00,150170,,5,,,,,,1,1563.75
1110584,15:04:00,15:04:00,150171,,6,,,,,,1,1779.25
1110584,15:05:00,15:05:00,150172,,7,,,,,,1,2281.96
1110584,15:06:00,15:06:00,150173,,8,,,,,,1,2635.88
1110584,15:08:00,15:08:00,150174,,9,,,,,,1,3181.2
1110584,15:09:00,15:09:00,151888,,10,,,,,,1,3413.48
1110584,15:10:00,15:10:00,150188,,11,,,,,,1,3637.76
1110584,15:11:00,15:11:00,154271,,12,,,,,,1,3803.55
1110584,15:12:00,15:12:00,150213,,13,,,,,,1,4145.22
1110584,15:14:00,15:14:00,150182,,14,,,,,,1,4589.2
1110584,15:15:00,15:15:00,150183,,15,,,,,,1,4997.06
1110584,15:18:00,15:18:00,150156,,16,,,,,,1,5427.16
1110584,15:20:00,15:20:00,150361,,17,,,,,,1,5865
1110584,15:21:00,15:21:00,150362,,18,,,,,,1,6218.84
1110584,15:22:00,15:22:00,166402,,19,,,,,,1,6588.43
1110584,15:23:00,15:23:00,166403,,20,,,,,,1,6939.61
1110584,15:24:00,15:24:00,150209,,21,,,,,,1,7172.08
1110584,15:25:00,15:25:00,150166,,22,,,,,,1,7478.42
1110585,15:30:00,15:30:00,150166,,1,,,,,,1,0
1110585,15:32:00,15:32:00,150167,,2,,,,,,1,555.03
1110585,15:32:00,15:32:00,150168,,3,,,,,,1,919.24
1110585,15:33:00,15:33:00,150169,,4,,,,,,1,1206.94
1110585,15:34:00,15:34:00,150170,,5,,,,,,1,1563.75
1110585,15:34:00,15:34:00,150171,,6,,,,,,1,1779.25
1110585,15:35:00,15:35:00,150172,,7,,,,,,1,2281.96
1110585,15:36:00,15:36:00,150173,,8,,,,,,1,2635.88
1110585,15:38:00,15:38:00,150174,,9,,,,,,1,3181.2
1110585,15:39:00,15:39:00,151888,,10,,,,,,1,3413.48
1110585,15:40:00,15:40:00,150188,,11,,,,,,1,3637.76
1110585,15:41:00,15:41:00,154271,,12,,,,,,1,3803.55
1110585,15:42:00,15:42:00,150213,,13,,,,,,1,4145.22
1110585,15:44:00,15:44:00,150182,,14,,,,,,1,4589.2
1110585,15:45:00,15:45:00,150183,,15,,,,,,1,4997.06
1110585,15:48:00,15:48:00,150156,,16,,,,,,1,5427.16
1110585,15:50:00,15:50:00,150361,,17,,,,,,1,5865
1110585,15:51:00,15:51:00,150362,,18,,,,,,1,6218.84
1110585,15:52:00,15:52:00,166402,,19,,,,,,1,6588.43
1110585,15:53:00,15:53:00,166403,,20,,,,,,1,6939.61
1110585,15:54:00,15:54:00,150209,,21,,,,,,1,7172.08
1110585,15:55:00,15:55:00,150166,,22,,,,,,1,7478.42
1110586,16:00:00,16:00:00,150166,,1,,,,,,1,0
1110586,16:02:00,16:02:00,150167,,2,,,,,,1,555.03
1110586,16:02:00,16:02:00,150168,,3,,,,,,1,919.24
1110586,16:03:00,16:03:00,150169,,4,,,,,,1,1206.94
1110586,16:04:00,16:04:00,150170,,5,,,,,,1,1563.75
1110586,16:04:00,16:04:00,150171,,6,,,,,,1,1779.25
1110586,16:05:00,16:05:00,150172,,7,,,,,,1,2281.96
1110586,16:06:00,16:06:00,150173,,8,,,,,,1,2635.88
1110586,16:08:00,16:08:00,150174,,9,,,,,,1,3181.2
1110586,16:09:00,16:09:00,151888,,10,,,,,,1,3413.48
1110586,16:10:00,16:10:00,150188,,11,,,,,,1,3637.76
1110586,16:11:00,16:11:00,154271,,12,,,,,,1,3803.55
1110586,16:12:00,16:12:00,150213,,13,,,,,,1,4145.22
1110586,16:14:00,16:14:00,150182,,14,,,,,,1,4589.2
1110586,16:15:00,16:15:00,150183,,15,,,,,,1,4997.06
1110586,16:18:00,16:18:00,150156,,16,,,,,,1,5427.16
1110586,16:20:00,16:20:00,150361,,17,,,,,,1,5865
1110586,16:21:00,16:21:00,150362,,18,,,,,,1,6218.84
1110586,16:22:00,16:22:00,166402,,19,,,,,,1,6588.43
1110586,16:23:00,16:23:00,166403,,20,,,,,,1,6939.61
1110586,16:24:00,16:24:00,150209,,21,,,,,,1,7172.08
1110586,16:25:00,16:25:00,150166,,22,,,,,,1,7478.42
1110587,16:30:00,16:30:00,150166,,1,,,,,,1,0
1110587,16:32:00,16:32:00,150167,,2,,,,,,1,555.03
1110587,16:32:00,16:32:00,150168,,3,,,,,,1,919.24
1110587,16:33:00,16:33:00,150169,,4,,,,,,1,1206.94
1110587,16:34:00,16:34:00,150170,,5,,,,,,1,1563.75
1110587,16:34:00,16:34:00,150171,,6,,,,,,1,1779.25
1110587,16:35:00,16:35:00,150172,,7,,,,,,1,2281.96
1110587,16:36:00,16:36:00,150173,,8,,,,,,1,2635.88
1110587,16:38:00,16:38:00,150174,,9,,,,,,1,3181.2
1110587,16:39:00,16:39:00,151888,,10,,,,,,1,3413.48
1110587,16:40:00,16:40:00,150188,,11,,,,,,1,3637.76
1110587,16:41:00,16:41:00,154271,,12,,,,,,1,3803.55
1110587,16:42:00,16:42:00,150213,,13,,,,,,1,4145.22
1110587,16:44:00,16:44:00,150182,,14,,,,,,1,4589.2
1110587,16:45:00,16:45:00,150183,,15,,,,,,1,4997.06
1110587,16:48:00,16:48:00,150156,,16,,,,,,1,5427.16
1110587,16:50:00,16:50:00,150361,,17,,,,,,1,5865
1110587,16:51:00,16:51:00,150362,,18,,,,,,1,6218.84
1110587,16:52:00,16:52:00,166402,,19,,,,,,1,6588.43
1110587,16:53:00,16:53:00,166403,,20,,,,,,1,6939.61
1110587,16:54:00,16:54:00,150209,,21,,,,,,1,7172.08
1110587,16:55:00,16:55:00,150166,,22,,,,,,1,7478.42
1110588,17:00:00,17:00:00,150166,,1,,,,,,1,0
1110588,17:02:00,17:02:00,150167,,2,,,,,,1,555.03
1110588,17:02:00,17:02:00,150168,,3,,,,,,1,919.24
1110588,17:03:00,17:03:00,150169,,4,,,,,,1,1206.94
1110588,17:04:00,17:04:00,150170,,5,,,,,,1,1563.75
1110588,17:04:00,17:04:00,150171,,6,,,,,,1,1779.25
1110588,17:05:00,17:05:00,150172,,7,,,,,,1,2281.96
1110588,17:06:00,17:06:00,150173,,8,,,,,,1,2635.88
1110588,17:08:00,17:08:00,150174,,9,,,,,,1,3181.2
1110588,17:09:00,17:09:00,151888,,10,,,,,,1,3413.48
1110588,17:10:00,17:10:00,150188,,11,,,,,,1,3637.76
1110588,17:11:00,17:11:00,154271,,12,,,,,,1,3803.55
1110588,17:12:00,17:12:00,150213,,13,,,,,,1,4145.22
1110588,17:14:00,17:14:00,150182,,14,,,,,,1,4589.2
1110588,17:15:00,17:15:00,150183,,15,,,,,,1,4997.06
1110588,17:18:00,17:18:00,150156,,16,,,,,,1,5427.16
1110588,17:20:00,17:20:00,150361,,17,,,,,,1,5865
1110588,17:21:00,17:21:00,150362,,18,,,,,,1,6218.84
1110588,17:22:00,17:22:00,166402,,19,,,,,,1,6588.43
1110588,17:23:00,17:23:00,166403,,20,,,,,,1,6939.61
1110588,17:24:00,17:24:00,150209,,21,,,,,,1,7172.08
1110588,17:25:00,17:25:00,150166,,22,,,,,,1,7478.42
1110589,17:30:00,17:30:00,150166,,1,,,,,,1,0
1110589,17:32:00,17:32:00,150167,,2,,,,,,1,555.03
1110589,17:32:00,17:32:00,150168,,3,,,,,,1,919.24
1110589,17:33:00,17:33:00,150169,,4,,,,,,1,1206.94
1110589,17:34:00,17:34:00,150170,,5,,,,,,1,1563.75
1110589,17:34:00,17:34:00,150171,,6,,,,,,1,1779.25
1110589,17:35:00,17:35:00,150172,,7,,,,,,1,2281.96
1110589,17:36:00,17:36:00,150173,,8,,,,,,1,2635.88
1110589,17:38:00,17:38:00,150174,,9,,,,,,1,3181.2
1110589,17:39:00,17:39:00,151888,,10,,,,,,1,3413.48
1110589,17:40:00,17:40:00,150188,,11,,,,,,1,3637.76
1110589,17:41:00,17:41:00,154271,,12,,,,,,1,3803.55
1110589,17:42:00,17:42:00,150213,,13,,,,,,1,4145.22
1110589,17:44:00,17:44:00,150182,,14,,,,,,1,4589.2
1110589,17:45:00,17:45:00,150183,,15,,,,,,1,4997.06
1110589,17:48:00,17:48:00,150156,,16,,,,,,1,5427.16
1110589,17:50:00,17:50:00,150361,,17,,,,,,1,5865
1110589,17:51:00,17:51:00,150362,,18,,,,,,1,6218.84
1110589,17:52:00,17:52:00,166402,,19,,,,,,1,6588.43
1110589,17:53:00,17:53:00,166403,,20,,,,,,1,6939.61
1110589,17:54:00,17:54:00,150209,,21,,,,,,1,7172.08
1110589,17:55:00,17:55:00,150166,,22,,,,,,1,7478.42
1110590,18:00:00,18:00:00,150166,,1,,,,,,1,0
1110590,18:02:00,18:02:00,150167,,2,,,,,,1,555.03
1110590,18:02:00,18:02:00,150168,,3,,,,,,1,919.24
1110590,18:03:00,18:03:00,150169,,4,,,,,,1,1206.94
1110590,18:04:00,18:04:00,150170,,5,,,,,,1,1563.75
1110590,18:04:00,18:04:00,150171,,6,,,,,,1,1779.25
1110590,18:05:00,18:05:00,150172,,7,,,,,,1,2281.96
1110590,18:06:00,18:06:00,150173,,8,,,,,,1,2635.88
1110590,18:08:00,18:08:00,150174,,9,,,,,,1,3181.2
1110590,18:09:00,18:09:00,151888,,10,,,,,,1,3413.48
1110590,18:10:00,18:10:00,150188,,11,,,,,,1,3637.76
1110590,18:11:00,18:11:00,154271,,12,,,,,,1,3803.55
1110590,18:12:00,18:12:00,150213,,13,,,,,,1,4145.22
1110590,18:14:00,18:14:00,150182,,14,,,,,,1,4589.2
1110590,18:15:00,18:15:00,150183,,15,,,,,,1,4997.06
1110590,18:18:00,18:18:00,150156,,16,,,,,,1,5427.16
1110590,18:20:00,18:20:00,150361,,17,,,,,,1,5865
1110590,18:21:00,18:21:00,150362,,18,,,,,,1,6218.84
1110590,18:22:00,18:22:00,166402,,19,,,,,,1,6588.43
1110590,18:23:00,18:23:00,166403,,20,,,,,,1,6939.61
1110590,18:24:00,18:24:00,150209,,21,,,,,,1,7172.08
1110590,18:25:00,18:25:00,150166,,22,,,,,,1,7478.42
1110591,18:30:00,18:30:00,150166,,1,,,,,,1,0
1110591,18:32:00,18:32:00,150167,,2,,,,,,1,555.03
1110591,18:32:00,18:32:00,150168,,3,,,,,,1,919.24
1110591,18:33:00,18:33:00,150169,,4,,,,,,1,1206.94
1110591,18:34:00,18:34:00,150170,,5,,,,,,1,1563.75
1110591,18:34:00,18:34:00,150171,,6,,,,,,1,1779.25
1110591,18:35:00,18:35:00,150172,,7,,,,,,1,2281.96
1110591,18:36:00,18:36:00,150173,,8,,,,,,1,2635.88
1110591,18:38:00,18:38:00,150174,,9,,,,,,1,3181.2
1110591,18:39:00,18:39:00,151888,,10,,,,,,1,3413.48
1110591,18:40:00,18:40:00,150188,,11,,,,,,1,3637.76
1110591,18:41:00,18:41:00,154271,,12,,,,,,1,3803.55
1110591,18:42:00,18:42:00,150213,,13,,,,,,1,4145.22
1110591,18:44:00,18:44:00,150182,,14,,,,,,1,4589.2
1110591,18:45:00,18:45:00,150183,,15,,,,,,1,4997.06
1110591,18:48:00,18:48:00,150156,,16,,,,,,1,5427.16
1110591,18:50:00,18:50:00,150361,,17,,,,,,1,5865
1110591,18:51:00,18:51:00,150362,,18,,,,,,1,6218.84
1110591,18:52:00,18:52:00,166402,,19,,,,,,1,6588.43
1110591,18:53:00,18:53:00,166403,,20,,,,,,1,6939.61
1110591,18:54:00,18:54:00,150209,,21,,,,,,1,7172.08
1110591,18:55:00,18:55:00,150166,,22,,,,,,1,7478.42
1110592,19:00:00,19:00:00,150166,,1,,,,,,1,0
1110592,19:02:00,19:02:00,150167,,2,,,,,,1,555.03
1110592,19:02:00,19:02:00,150168,,3,,,,,,1,919.24
1110592,19:03:00,19:03:00,150169,,4,,,,,,1,1206.94
1110592,19:04:00,19:04:00,150170,,5,,,,,,1,1563.75
1110592,19:04:00,19:04:00,150171,,6,,,,,,1,1779.25
1110592,19:05:00,19:05:00,150172,,7,,,,,,1,2281.96
1110592,19:06:00,19:06:00,150173,,8,,,,,,1,2635.88
1110592,19:08:00,19:08:00,150174,,9,,,,,,1,3181.2
1110592,19:09:00,19:09:00,151888,,10,,,,,,1,3413.48
1110592,19:10:00,19:10:00,150188,,11,,,,,,1,3637.76
1110592,19:11:00,19:11:00,154271,,12,,,,,,1,3803.55
1110592,19:12:00,19:12:00,150213,,13,,,,,,1,4145.22
1110592,19:14:00,19:14:00,150182,,14,,,,,,1,4589.2
1110592,19:15:00,19:15:00,150183,,15,,,,,,1,4997.06
1110592,19:18:00,19:18:00,150156,,16,,,,,,1,5427.16
1110592,19:20:00,19:20:00,150361,,17,,,,,,1,5865
1110592,19:21:00,19:21:00,150362,,18,,,,,,1,6218.84
1110592,19:22:00,19:22:00,166402,,19,,,,,,1,6588.43
1110592,19:23:00,19:23:00,166403,,20,,,,,,1,6939.61
1110592,19:24:00,19:24:00,150209,,21,,,,,,1,7172.08
1110592,19:25:00,19:25:00,150166,,22,,,,,,1,7478.42
1110593,19:30:00,19:30:00,150166,,1,,,,,,1,0
1110593,19:32:00,19:32:00,150167,,2,,,,,,1,555.03
1110593,19:32:00,19:32:00,150168,,3,,,,,,1,919.24
1110593,19:33:00,19:33:00,150169,,4,,,,,,1,1206.94
1110593,19:34:00,19:34:00,150170,,5,,,,,,1,1563.75
1110593,19:34:00,19:34:00,150171,,6,,,,,,1,1779.25
1110593,19:35:00,19:35:00,150172,,7,,,,,,1,2281.96
1110593,19:36:00,19:36:00,150173,,8,,,,,,1,2635.88
1110593,19:38:00,19:38:00,150174,,9,,,,,,1,3181.2
1110593,19:39:00,19:39:00,151888,,10,,,,,,1,3413.48
1110593,19:40:00,19:40:00,150188,,11,,,,,,1,3637.76
1110593,19:41:00,19:41:00,154271,,12,,,,,,1,3803.55
1110593,19:42:00,19:42:00,150213,,13,,,,,,1,4145.22
1110593,19:44:00,19:44:00,150182,,14,,,,,,1,4589.2
1110593,19:45:00,19:45:00,150183,,15,,,,,,1,4997.06
1110593,19:48:00,19:48:00,150156,,16,,,,,,1,5427.16
1110593,19:50:00,19:50:00,150361,,17,,,,,,1,5865
1110593,19:51:00,19:51:00,150362,,18,,,,,,1,6218.84
1110593,19:52:00,19:52:00,166402,,19,,,,,,1,6588.43
1110593,19:53:00,19:53:00,166403,,20,,,,,,1,6939.61
1110593,19:54:00,19:54:00,150209,,21,,,,,,1,7172.08
1110593,19:55:00,19:55:00,150166,,22,,,,,,1,7478.42
1110594,20:00:00,20:00:00,150166,,1,,,,,,1,0
1110594,20:02:00,20:02:00,150167,,2,,,,,,1,555.03
1110594,20:02:00,20:02:00,150168,,3,,,,,,1,919.24
1110594,20:03:00,20:03:00,150169,,4,,,,,,1,1206.94
1110594,20:04:00,20:04:00,150170,,5,,,,,,1,1563.75
1110594,20:04:00,20:04:00,150171,,6,,,,,,1,1779.25
1110594,20:05:00,20:05:00,150172,,7,,,,,,1,2281.96
1110594,20:06:00,20:06:00,150173,,8,,,,,,1,2635.88
1110594,20:08:00,20:08:00,150174,,9,,,,,,1,3181.2
1110594,20:09:00,20:09:00,151888,,10,,,,,,1,3413.48
1110594,20:10:00,20:10:00,150188,,11,,,,,,1,3637.76
1110594,20:11:00,20:11:00,154271,,12,,,,,,1,3803.55
1110594,20:12:00,20:12:00,150213,,13,,,,,,1,4145.22
1110594,20:14:00,20:14:00,150182,,14,,,,,,1,4589.2
1110594,20:15:00,20:15:00,150183,,15,,,,,,1,4997.06
1110594,20:18:00,20:18:00,150156,,16,,,,,,1,5427.16
1110594,20:20:00,20:20:00,150361,,17,,,,,,1,5865
1110594,20:21:00,20:21:00,150362,,18,,,,,,1,6218.84
1110594,20:22:00,20:22:00,166402,,19,,,,,,1,6588.43
1110594,20:23:00,20:23:00,166403,,20,,,,,,1,6939.61
1110594,20:24:00,20:24:00,150209,,21,,,,,,1,7172.08
1110594,20:25:00,20:25:00,150166,,22,,,,,,1,7478.42
1110595,20:30:00,20:30:00,150166,,1,,,,,,1,0
1110595,20:32:00,20:32:00,150167,,2,,,,,,1,555.03
1110595,20:32:00,20:32:00,150168,,3,,,,,,1,919.24
1110595,20:33:00,20:33:00,150169,,4,,,,,,1,1206.94
1110595,20:34:00,20:34:00,150170,,5,,,,,,1,1563.75
1110595,20:34:00,20:34:00,150171,,6,,,,,,1,1779.25
1110595,20:35:00,20:35:00,150172,,7,,,,,,1,2281.96
1110595,20:36:00,20:36:00,150173,,8,,,,,,1,2635.88
1110595,20:38:00,20:38:00,150174,,9,,,,,,1,3181.2
1110595,20:39:00,20:39:00,151888,,10,,,,,,1,3413.48
1110595,20:40:00,20:40:00,150188,,11,,,,,,1,3637.76
1110595,20:41:00,20:41:00,154271,,12,,,,,,1,3803.55
1110595,20:42:00,20:42:00,150213,,13,,,,,,1,4145.22
1110595,20:44:00,20:44:00,150182,,14,,,,,,1,4589.2
1110595,20:45:00,20:45:00,150183,,15,,,,,,1,4997.06
1110595,20:48:00,20:48:00,150156,,16,,,,,,1,5427.16
1110595,20:50:00,20:50:00,150361,,17,,,,,,1,5865
1110595,20:51:00,20:51:00,150362,,18,,,,,,1,6218.84
1110595,20:52:00,20:52:00,166402,,19,,,,,,1,6588.43
1110595,20:53:00,20:53:00,166403,,20,,,,,,1,6939.61
1110595,20:54:00,20:54:00,150209,,21,,,,,,1,7172.08
1110595,20:55:00,20:55:00,150166,,22,,,,,,1,7478.42
1110596,21:00:00,21:00:00,150166,,1,,,,,,1,0
1110596,21:02:00,21:02:00,150167,,2,,,,,,1,555.03
1110596,21:02:00,21:02:00,150168,,3,,,,,,1,919.24
1110596,21:03:00,21:03:00,150169,,4,,,,,,1,1206.94
1110596,21:04:00,21:04:00,150170,,5,,,,,,1,1563.75
1110596,21:04:00,21:04:00,150171,,6,,,,,,1,1779.25
1110596,21:05:00,21:05:00,150172,,7,,,,,,1,2281.96
1110596,21:06:00,21:06:00,150173,,8,,,,,,1,2635.88
1110596,21:08:00,21:08:00,150174,,9,,,,,,1,3181.2
1110596,21:09:00,21:09:00,151888,,10,,,,,,1,3413.48
1110596,21:10:00,21:10:00,150188,,11,,,,,,1,3637.76
1110596,21:11:00,21:11:00,154271,,12,,,,,,1,3803.55
1110596,21:12:00,21:12:00,150213,,13,,,,,,1,4145.22
1110596,21:14:00,21:14:00,150182,,14,,,,,,1,4589.2
1110596,21:15:00,21:15:00,150183,,15,,,,,,1,4997.06
1110596,21:18:00,21:18:00,150156,,16,,,,,,1,5427.16
1110596,21:20:00,21:20:00,150361,,17,,,,,,1,5865
1110596,21:21:00,21:21:00,150362,,18,,,,,,1,6218.84
1110596,21:22:00,21:22:00,166402,,19,,,,,,1,6588.43
1110596,21:23:00,21:23:00,166403,,20,,,,,,1,6939.61
1110596,21:24:00,21:24:00,150209,,21,,,,,,1,7172.08
1110596,21:25:00,21:25:00,150166,,22,,,,,,1,7478.42
1110597,21:30:00,21:30:00,150166,,1,,,,,,1,0
1110597,21:32:00,21:32:00,150167,,2,,,,,,1,555.03
1110597,21:32:00,21:32:00,150168,,3,,,,,,1,919.24
1110597,21:33:00,21:33:00,150169,,4,,,,,,1,1206.94
1110597,21:34:00,21:34:00,150170,,5,,,,,,1,1563.75
1110597,21:34:00,21:34:00,150171,,6,,,,,,1,1779.25
1110597,21:35:00,21:35:00,150172,,7,,,,,,1,2281.96
1110597,21:36:00,21:36:00,150173,,8,,,,,,1,2635.88
1110597,21:38:00,21:38:00,150174,,9,,,,,,1,3181.2
1110597,21:39:00,21:39:00,151888,,10,,,,,,1,3413.48
1110597,21:40:00,21:40:00,150188,,11,,,,,,1,3637.76
1110597,21:41:00,21:41:00,154271,,12,,,,,,1,3803.55
1110597,21:42:00,21:42:00,150213,,13,,,,,,1,4145.22
1110597,21:44:00,21:44:00,150182,,14,,,,,,1,4589.2
1110597,21:45:00,21:45:00,150183,,15,,,,,,1,4997.06
1110597,21:48:00,21:48:00,150156,,16,,,,,,1,5427.16
1110597,21:50:00,21:50:00,150361,,17,,,,,,1,5865
1110597,21:51:00,21:51:00,150362,,18,,,,,,1,6218.84
1110597,21:52:00,21:52:00,166402,,19,,,,,,1,6588.43
1110597,21:53:00,21:53:00,166403,,20,,,,,,1,6939.61
1110597,21:54:00,21:54:00,150209,,21,,,,,,1,7172.08
1110597,21:55:00,21:55:00,150166,,22,,,,,,1,7478.42
1110598,07:00:00,07:00:00,150166,,1,,,,,,1,0
1110598,07:02:00,07:02:00,150167,,2,,,,,,1,555.03
1110598,07:02:00,07:02:00,150168,,3,,,,,,1,919.24
1110598,07:03:00,07:03:00,150169,,4,,,,,,1,1206.94
1110598,07:04:00,07:04:00,150170,,5,,,,,,1,1563.75
1110598,07:04:00,07:04:00,150171,,6,,,,,,1,1779.25
1110598,07:05:00,07:05:00,150172,,7,,,,,,1,2281.96
1110598,07:06:00,07:06:00,150173,,8,,,,,,1,2635.88
1110598,07:08:00,07:08:00,150174,,9,,,,,,1,3181.2
1110598,07:09:00,07:09:00,151888,,10,,,,,,1,3413.48
1110598,07:10:00,07:10:00,150188,,11,,,,,,1,3637.76
1110598,07:11:00,07:11:00,154271,,12,,,,,,1,3803.55
1110598,07:12:00,07:12:00,150213,,13,,,,,,1,4145.22
1110598,07:14:00,07:14:00,150182,,14,,,,,,1,4589.2
1110598,07:15:00,07:15:00,150183,,15,,,,,,1,4997.06
1110598,07:18:00,07:18:00,150156,,16,,,,,,1,5427.16
1110598,07:20:00,07:20:00,150361,,17,,,,,,1,5865
1110598,07:21:00,07:21:00,150362,,18,,,,,,1,6218.84
1110598,07:22:00,07:22:00,166402,,19,,,,,,1,6588.43
1110598,07:23:00,07:23:00,166403,,20,,,,,,1,6939.61
1110598,07:24:00,07:24:00,150209,,21,,,,,,1,7172.08
1110598,07:25:00,07:25:00,150166,,22,,,,,,1,7478.42
1110599,07:30:00,07:30:00,150166,,1,,,,,,1,0
1110599,07:32:00,07:32:00,150167,,2,,,,,,1,555.03
1110599,07:32:00,07:32:00,150168,,3,,,,,,1,919.24
1110599,07:33:00,07:33:00,150169,,4,,,,,,1,1206.94
1110599,07:34:00,07:34:00,150170,,5,,,,,,1,1563.75
1110599,07:34:00,07:34:00,150171,,6,,,,,,1,1779.25
1110599,07:35:00,07:35:00,150172,,7,,,,,,1,2281.96
1110599,07:36:00,07:36:00,150173,,8,,,,,,1,2635.88
1110599,07:38:00,07:38:00,150174,,9,,,,,,1,3181.2
1110599,07:39:00,07:39:00,151888,,10,,,,,,1,3413.48
1110599,07:40:00,07:40:00,150188,,11,,,,,,1,3637.76
1110599,07:41:00,07:41:00,154271,,12,,,,,,1,3803.55
1110599,07:42:00,07:42:00,150213,,13,,,,,,1,4145.22
1110599,07:44:00,07:44:00,150182,,14,,,,,,1,4589.2
1110599,07:45:00,07:45:00,150183,,15,,,,,,1,4997.06
1110599,07:48:00,07:48:00,150156,,16,,,,,,1,5427.16
1110599,07:50:00,07:50:00,150361,,17,,,,,,1,5865
1110599,07:51:00,07:51:00,150362,,18,,,,,,1,6218.84
1110599,07:52:00,07:52:00,166402,,19,,,,,,1,6588.43
1110599,07:53:00,07:53:00,166403,,20,,,,,,1,6939.61
1110599,07:54:00,07:54:00,150209,,21,,,,,,1,7172.08
1110599,07:55:00,07:55:00,150166,,22,,,,,,1,7478.42
1110600,08:00:00,08:00:00,150166,,1,,,,,,1,0
1110600,08:02:00,08:02:00,150167,,2,,,,,,1,555.03
1110600,08:02:00,08:02:00,150168,,3,,,,,,1,919.24
1110600,08:03:00,08:03:00,150169,,4,,,,,,1,1206.94
1110600,08:04:00,08:04:00,150170,,5,,,,,,1,1563.75
1110600,08:04:00,08:04:00,150171,,6,,,,,,1,1779.25
1110600,08:05:00,08:05:00,150172,,7,,,,,,1,2281.96
1110600,08:06:00,08:06:00,150173,,8,,,,,,1,2635.88
1110600,08:08:00,08:08:00,150174,,9,,,,,,1,3181.2
1110600,08:09:00,08:09:00,151888,,10,,,,,,1,3413.48
1110600,08:10:00,08:10:00,150188,,11,,,,,,1,3637.76
1110600,08:11:00,08:11:00,154271,,12,,,,,,1,3803.55
1110600,08:12:00,08:12:00,150213,,13,,,,,,1,4145.22
1110600,08:14:00,08:14:00,150182,,14,,,,,,1,4589.2
1110600,08:15:00,08:15:00,150183,,15,,,,,,1,4997.06
1110600,08:18:00,08:18:00,150156,,16,,,,,,1,5427.16
1110600,08:20:00,08:20:00,150361,,17,,,,,,1,5865
1110600,08:21:00,08:21:00,150362,,18,,,,,,1,6218.84
1110600,08:22:00,08:22:00,166402,,19,,,,,,1,6588.43
1110600,08:23:00,08:23:00,166403,,20,,,,,,1,6939.61
1110600,08:24:00,08:24:00,150209,,21,,,,,,1,7172.08
1110600,08:25:00,08:25:00,150166,,22,,,,,,1,7478.42
1110601,08:30:00,08:30:00,150166,,1,,,,,,1,0
1110601,08:32:00,08:32:00,150167,,2,,,,,,1,555.03
1110601,08:32:00,08:32:00,150168,,3,,,,,,1,919.24
1110601,08:33:00,08:33:00,150169,,4,,,,,,1,1206.94
1110601,08:34:00,08:34:00,150170,,5,,,,,,1,1563.75
1110601,08:34:00,08:34:00,150171,,6,,,,,,1,1779.25
1110601,08:35:00,08:35:00,150172,,7,,,,,,1,2281.96
1110601,08:36:00,08:36:00,150173,,8,,,,,,1,2635.88
1110601,08:38:00,08:38:00,150174,,9,,,,,,1,3181.2
1110601,08:39:00,08:39:00,151888,,10,,,,,,1,3413.48
1110601,08:40:00,08:40:00,150188,,11,,,,,,1,3637.76
1110601,08:41:00,08:41:00,154271,,12,,,,,,1,3803.55
1110601,08:42:00,08:42:00,150213,,13,,,,,,1,4145.22
1110601,08:44:00,08:44:00,150182,,14,,,,,,1,4589.2
1110601,08:45:00,08:45:00,150183,,15,,,,,,1,4997.06
1110601,08:48:00,08:48:00,150156,,16,,,,,,1,5427.16
1110601,08:50:00,08:50:00,150361,,17,,,,,,1,5865
1110601,08:51:00,08:51:00,150362,,18,,,,,,1,6218.84
1110601,08:52:00,08:52:00,166402,,19,,,,,,1,6588.43
1110601,08:53:00,08:53:00,166403,,20,,,,,,1,6939.61
1110601,08:54:00,08:54:00,150209,,21,,,,,,1,7172.08
1110601,08:55:00,08:55:00,150166,,22,,,,,,1,7478.42
1110602,09:00:00,09:00:00,150166,,1,,,,,,1,0
1110602,09:02:00,09:02:00,150167,,2,,,,,,1,555.03
1110602,09:02:00,09:02:00,150168,,3,,,,,,1,919.24
1110602,09:03:00,09:03:00,150169,,4,,,,,,1,1206.94
1110602,09:04:00,09:04:00,150170,,5,,,,,,1,1563.75
1110602,09:04:00,09:04:00,150171,,6,,,,,,1,1779.25
1110602,09:05:00,09:05:00,150172,,7,,,,,,1,2281.96
1110602,09:06:00,09:06:00,150173,,8,,,,,,1,2635.88
1110602,09:08:00,09:08:00,150174,,9,,,,,,1,3181.2
1110602,09:09:00,09:09:00,151888,,10,,,,,,1,3413.48
1110602,09:10:00,09:10:00,150188,,11,,,,,,1,3637.76
1110602,09:11:00,09:11:00,154271,,12,,,,,,1,3803.55
1110602,09:12:00,09:12:00,150213,,13,,,,,,1,4145.22
1110602,09:14:00,09:14:00,150182,,14,,,,,,1,4589.2
1110602,09:15:00,09:15:00,150183,,15,,,,,,1,4997.06
1110602,09:18:00,09:18:00,150156,,16,,,,,,1,5427.16
1110602,09:20:00,09:20:00,150361,,17,,,,,,1,5865
1110602,09:21:00,09:21:00,150362,,18,,,,,,1,6218.84
1110602,09:22:00,09:22:00,166402,,19,,,,,,1,6588.43
1110602,09:23:00,09:23:00,166403,,20,,,,,,1,6939.61
1110602,09:24:00,09:24:00,150209,,21,,,,,,1,7172.08
1110602,09:25:00,09:25:00,150166,,22,,,,,,1,7478.42
1110603,09:30:00,09:30:00,150166,,1,,,,,,1,0
1110603,09:32:00,09:32:00,150167,,2,,,,,,1,555.03
1110603,09:32:00,09:32:00,150168,,3,,,,,,1,919.24
1110603,09:33:00,09:33:00,150169,,4,,,,,,1,1206.94
1110603,09:34:00,09:34:00,150170,,5,,,,,,1,1563.75
1110603,09:34:00,09:34:00,150171,,6,,,,,,1,1779.25
1110603,09:35:00,09:35:00,150172,,7,,,,,,1,2281.96
1110603,09:36:00,09:36:00,150173,,8,,,,,,1,2635.88
1110603,09:38:00,09:38:00,150174,,9,,,,,,1,3181.2
1110603,09:39:00,09:39:00,151888,,10,,,,,,1,3413.48
1110603,09:40:00,09:40:00,150188,,11,,,,,,1,3637.76
1110603,09:41:00,09:41:00,154271,,12,,,,,,1,3803.55
1110603,09:42:00,09:42:00,150213,,13,,,,,,1,4145.22
1110603,09:44:00,09:44:00,150182,,14,,,,,,1,4589.2
1110603,09:45:00,09:45:00,150183,,15,,,,,,1,4997.06
1110603,09:48:00,09:48:00,150156,,16,,,,,,1,5427.16
1110603,09:50:00,09:50:00,150361,,17,,,,,,1,5865
1110603,09:51:00,09:51:00,150362,,18,,,,,,1,6218.84
1110603,09:52:00,09:52:00,166402,,19,,,,,,1,6588.43
1110603,09:53:00,09:53:00,166403,,20,,,,,,1,6939.61
1110603,09:54:00,09:54:00,150209,,21,,,,,,1,7172.08
1110603,09:55:00,09:55:00,150166,,22,,,,,,1,7478.42
1110604,10:00:00,10:00:00,150166,,1,,,,,,1,0
1110604,10:02:00,10:02:00,150167,,2,,,,,,1,555.03
1110604,10:02:00,10:02:00,150168,,3,,,,,,1,919.24
1110604,10:03:00,10:03:00,150169,,4,,,,,,1,1206.94
1110604,10:04:00,10:04:00,150170,,5,,,,,,1,1563.75
1110604,10:04:00,10:04:00,150171,,6,,,,,,1,1779.25
1110604,10:05:00,10:05:00,150172,,7,,,,,,1,2281.96
1110604,10:06:00,10:06:00,150173,,8,,,,,,1,2635.88
1110604,10:08:00,10:08:00,150174,,9,,,,,,1,3181.2
1110604,10:09:00,10:09:00,151888,,10,,,,,,1,3413.48
1110604,10:10:00,10:10:00,150188,,11,,,,,,1,3637.76
1110604,10:11:00,10:11:00,154271,,12,,,,,,1,3803.55
1110604,10:12:00,10:12:00,150213,,13,,,,,,1,4145.22
1110604,10:14:00,10:14:00,150182,,14,,,,,,1,4589.2
1110604,10:15:00,10:15:00,150183,,15,,,,,,1,4997.06
1110604,10:18:00,10:18:00,150156,,16,,,,,,1,5427.16
1110604,10:20:00,10:20:00,150361,,17,,,,,,1,5865
1110604,10:21:00,10:21:00,150362,,18,,,,,,1,6218.84
1110604,10:22:00,10:22:00,166402,,19,,,,,,1,6588.43
1110604,10:23:00,10:23:00,166403,,20,,,,,,1,6939.61
1110604,10:24:00,10:24:00,150209,,21,,,,,,1,7172.08
1110604,10:25:00,10:25:00,150166,,22,,,,,,1,7478.42
1110605,10:30:00,10:30:00,150166,,1,,,,,,1,0
1110605,10:32:00,10:32:00,150167,,2,,,,,,1,555.03
1110605,10:32:00,10:32:00,150168,,3,,,,,,1,919.24
1110605,10:33:00,10:33:00,150169,,4,,,,,,1,1206.94
1110605,10:34:00,10:34:00,150170,,5,,,,,,1,1563.75
1110605,10:34:00,10:34:00,150171,,6,,,,,,1,1779.25
1110605,10:35:00,10:35:00,150172,,7,,,,,,1,2281.96
1110605,10:36:00,10:36:00,150173,,8,,,,,,1,2635.88
1110605,10:38:00,10:38:00,150174,,9,,,,,,1,3181.2
1110605,10:39:00,10:39:00,151888,,10,,,,,,1,3413.48
1110605,10:40:00,10:40:00,150188,,11,,,,,,1,3637.76
1110605,10:41:00,10:41:00,154271,,12,,,,,,1,3803.55
1110605,10:42:00,10:42:00,150213,,13,,,,,,1,4145.22
1110605,10:44:00,10:44:00,150182,,14,,,,,,1,4589.2
1110605,10:45:00,10:45:00,150183,,15,,,,,,1,4997.06
1110605,10:48:00,10:48:00,150156,,16,,,,,,1,5427.16
1110605,10:50:00,10:50:00,150361,,17,,,,,,1,5865
1110605,10:51:00,10:51:00,150362,,18,,,,,,1,6218.84
1110605,10:52:00,10:52:00,166402,,19,,,,,,1,6588.43
1110605,10:53:00,10:53:00,166403,,20,,,,,,1,6939.61
1110605,10:54:00,10:54:00,150209,,21,,,,,,1,7172.08
1110605,10:55:00,10:55:00,150166,,22,,,,,,1,7478.42
1110606,11:00:00,11:00:00,150166,,1,,,,,,1,0
1110606,11:02:00,11:02:00,150167,,2,,,,,,1,555.03
1110606,11:02:00,11:02:00,150168,,3,,,,,,1,919.24
1110606,11:03:00,11:03:00,150169,,4,,,,,,1,1206.94
1110606,11:04:00,11:04:00,150170,,5,,,,,,1,1563.75
1110606,11:04:00,11:04:00,150171,,6,,,,,,1,1779.25
1110606,11:05:00,11:05:00,150172,,7,,,,,,1,2281.96
1110606,11:06:00,11:06:00,150173,,8,,,,,,1,2635.88
1110606,11:08:00,11:08:00,150174,,9,,,,,,1,3181.2
1110606,11:09:00,11:09:00,151888,,10,,,,,,1,3413.48
1110606,11:10:00,11:10:00,150188,,11,,,,,,1,3637.76
1110606,11:11:00,11:11:00,154271,,12,,,,,,1,3803.55
1110606,11:12:00,11:12:00,150213,,13,,,,,,1,4145.22
1110606,11:14:00,11:14:00,150182,,14,,,,,,1,4589.2
1110606,11:15:00,11:15:00,150183,,15,,,,,,1,4997.06
1110606,11:18:00,11:18:00,150156,,16,,,,,,1,5427.16
1110606,11:20:00,11:20:00,150361,,17,,,,,,1,5865
1110606,11:21:00,11:21:00,150362,,18,,,,,,1,6218.84
1110606,11:22:00,11:22:00,166402,,19,,,,,,1,6588.43
1110606,11:23:00,11:23:00,166403,,20,,,,,,1,6939.61
1110606,11:24:00,11:24:00,150209,,21,,,,,,1,7172.08
1110606,11:25:00,11:25:00,150166,,22,,,,,,1,7478.42
1110607,11:30:00,11:30:00,150166,,1,,,,,,1,0
1110607,11:32:00,11:32:00,150167,,2,,,,,,1,555.03
1110607,11:32:00,11:32:00,150168,,3,,,,,,1,919.24
1110607,11:33:00,11:33:00,150169,,4,,,,,,1,1206.94
1110607,11:34:00,11:34:00,150170,,5,,,,,,1,1563.75
1110607,11:34:00,11:34:00,150171,,6,,,,,,1,1779.25
1110607,11:35:00,11:35:00,150172,,7,,,,,,1,2281.96
1110607,11:36:00,11:36:00,150173,,8,,,,,,1,2635.88
1110607,11:38:00,11:38:00,150174,,9,,,,,,1,3181.2
1110607,11:39:00,11:39:00,151888,,10,,,,,,1,3413.48
1110607,11:40:00,11:40:00,150188,,11,,,,,,1,3637.76
1110607,11:41:00,11:41:00,154271,,12,,,,,,1,3803.55
1110607,11:42:00,11:42:00,150213,,13,,,,,,1,4145.22
1110607,11:44:00,11:44:00,150182,,14,,,,,,1,4589.2
1110607,11:45:00,11:45:00,150183,,15,,,,,,1,4997.06
1110607,11:48:00,11:48:00,150156,,16,,,,,,1,5427.16
1110607,11:50:00,11:50:00,150361,,17,,,,,,1,5865
1110607,11:51:00,11:51:00,150362,,18,,,,,,1,6218.84
1110607,11:52:00,11:52:00,166402,,19,,,,,,1,6588.43
1110607,11:53:00,11:53:00,166403,,20,,,,,,1,6939.61
1110607,11:54:00,11:54:00,150209,,21,,,,,,1,7172.08
1110607,11:55:00,11:55:00,150166,,22,,,,,,1,7478.42
1110608,12:00:00,12:00:00,150166,,1,,,,,,1,0
1110608,12:02:00,12:02:00,150167,,2,,,,,,1,555.03
1110608,12:02:00,12:02:00,150168,,3,,,,,,1,919.24
1110608,12:03:00,12:03:00,150169,,4,,,,,,1,1206.94
1110608,12:04:00,12:04:00,150170,,5,,,,,,1,1563.75
1110608,12:04:00,12:04:00,150171,,6,,,,,,1,1779.25
1110608,12:05:00,12:05:00,150172,,7,,,,,,1,2281.96
1110608,12:06:00,12:06:00,150173,,8,,,,,,1,2635.88
1110608,12:08:00,12:08:00,150174,,9,,,,,,1,3181.2
1110608,12:09:00,12:09:00,151888,,10,,,,,,1,3413.48
1110608,12:10:00,12:10:00,150188,,11,,,,,,1,3637.76
1110608,12:11:00,12:11:00,154271,,12,,,,,,1,3803.55
1110608,12:12:00,12:12:00,150213,,13,,,,,,1,4145.22
1110608,12:14:00,12:14:00,150182,,14,,,,,,1,4589.2
1110608,12:15:00,12:15:00,150183,,15,,,,,,1,4997.06
1110608,12:18:00,12:18:00,150156,,16,,,,,,1,5427.16
1110608,12:20:00,12:20:00,150361,,17,,,,,,1,5865
1110608,12:21:00,12:21:00,150362,,18,,,,,,1,6218.84
1110608,12:22:00,12:22:00,166402,,19,,,,,,1,6588.43
1110608,12:23:00,12:23:00,166403,,20,,,,,,1,6939.61
1110608,12:24:00,12:24:00,150209,,21,,,,,,1,7172.08
1110608,12:25:00,12:25:00,150166,,22,,,,,,1,7478.42
1110609,12:30:00,12:30:00,150166,,1,,,,,,1,0
1110609,12:32:00,12:32:00,150167,,2,,,,,,1,555.03
1110609,12:32:00,12:32:00,150168,,3,,,,,,1,919.24
1110609,12:33:00,12:33:00,150169,,4,,,,,,1,1206.94
1110609,12:34:00,12:34:00,150170,,5,,,,,,1,1563.75
1110609,12:34:00,12:34:00,150171,,6,,,,,,1,1779.25
1110609,12:35:00,12:35:00,150172,,7,,,,,,1,2281.96
1110609,12:36:00,12:36:00,150173,,8,,,,,,1,2635.88
1110609,12:38:00,12:38:00,150174,,9,,,,,,1,3181.2
1110609,12:39:00,12:39:00,151888,,10,,,,,,1,3413.48
1110609,12:40:00,12:40:00,150188,,11,,,,,,1,3637.76
1110609,12:41:00,12:41:00,154271,,12,,,,,,1,3803.55
1110609,12:42:00,12:42:00,150213,,13,,,,,,1,4145.22
1110609,12:44:00,12:44:00,150182,,14,,,,,,1,4589.2
1110609,12:45:00,12:45:00,150183,,15,,,,,,1,4997.06
1110609,12:48:00,12:48:00,150156,,16,,,,,,1,5427.16
1110609,12:50:00,12:50:00,150361,,17,,,,,,1,5865
1110609,12:51:00,12:51:00,150362,,18,,,,,,1,6218.84
1110609,12:52:00,12:52:00,166402,,19,,,,,,1,6588.43
1110609,12:53:00,12:53:00,166403,,20,,,,,,1,6939.61
1110609,12:54:00,12:54:00,150209,,21,,,,,,1,7172.08
1110609,12:55:00,12:55:00,150166,,22,,,,,,1,7478.42
1110610,13:00:00,13:00:00,150166,,1,,,,,,1,0
1110610,13:02:00,13:02:00,150167,,2,,,,,,1,555.03
1110610,13:02:00,13:02:00,150168,,3,,,,,,1,919.24
1110610,13:03:00,13:03:00,150169,,4,,,,,,1,1206.94
1110610,13:04:00,13:04:00,150170,,5,,,,,,1,1563.75
1110610,13:04:00,13:04:00,150171,,6,,,,,,1,1779.25
1110610,13:05:00,13:05:00,150172,,7,,,,,,1,2281.96
1110610,13:06:00,13:06:00,150173,,8,,,,,,1,2635.88
1110610,13:08:00,13:08:00,150174,,9,,,,,,1,3181.2
1110610,13:09:00,13:09:00,151888,,10,,,,,,1,3413.48
1110610,13:10:00,13:10:00,150188,,11,,,,,,1,3637.76
1110610,13:11:00,13:11:00,154271,,12,,,,,,1,3803.55
1110610,13:12:00,13:12:00,150213,,13,,,,,,1,4145.22
1110610,13:14:00,13:14:00,150182,,14,,,,,,1,4589.2
1110610,13:15:00,13:15:00,150183,,15,,,,,,1,4997.06
1110610,13:18:00,13:18:00,150156,,16,,,,,,1,5427.16
1110610,13:20:00,13:20:00,150361,,17,,,,,,1,5865
1110610,13:21:00,13:21:00,150362,,18,,,,,,1,6218.84
1110610,13:22:00,13:22:00,166402,,19,,,,,,1,6588.43
1110610,13:23:00,13:23:00,166403,,20,,,,,,1,6939.61
1110610,13:24:00,13:24:00,150209,,21,,,,,,1,7172.08
1110610,13:25:00,13:25:00,150166,,22,,,,,,1,7478.42
1110611,13:30:00,13:30:00,150166,,1,,,,,,1,0
1110611,13:32:00,13:32:00,150167,,2,,,,,,1,555.03
1110611,13:32:00,13:32:00,150168,,3,,,,,,1,919.24
1110611,13:33:00,13:33:00,150169,,4,,,,,,1,1206.94
1110611,13:34:00,13:34:00,150170,,5,,,,,,1,1563.75
1110611,13:34:00,13:34:00,150171,,6,,,,,,1,1779.25
1110611,13:35:00,13:35:00,150172,,7,,,,,,1,2281.96
1110611,13:36:00,13:36:00,150173,,8,,,,,,1,2635.88
1110611,13:38:00,13:38:00,150174,,9,,,,,,1,3181.2
1110611,13:39:00,13:39:00,151888,,10,,,,,,1,3413.48
1110611,13:40:00,13:40:00,150188,,11,,,,,,1,3637.76
1110611,13:41:00,13:41:00,154271,,12,,,,,,1,3803.55
1110611,13:42:00,13:42:00,150213,,13,,,,,,1,4145.22
1110611,13:44:00,13:44:00,150182,,14,,,,,,1,4589.2
1110611,13:45:00,13:45:00,150183,,15,,,,,,1,4997.06
1110611,13:48:00,13:48:00,150156,,16,,,,,,1,5427.16
1110611,13:50:00,13:50:00,150361,,17,,,,,,1,5865
1110611,13:51:00,13:51:00,150362,,18,,,,,,1,6218.84
1110611,13:52:00,13:52:00,166402,,19,,,,,,1,6588.43
1110611,13:53:00,13:53:00,166403,,20,,,,,,1,6939.61
1110611,13:54:00,13:54:00,150209,,21,,,,,,1,7172.08
1110611,13:55:00,13:55:00,150166,,22,,,,,,1,7478.42
1110612,14:00:00,14:00:00,150166,,1,,,,,,1,0
1110612,14:02:00,14:02:00,150167,,2,,,,,,1,555.03
1110612,14:02:00,14:02:00,150168,,3,,,,,,1,919.24
1110612,14:03:00,14:03:00,150169,,4,,,,,,1,1206.94
1110612,14:04:00,14:04:00,150170,,5,,,,,,1,1563.75
1110612,14:04:00,14:04:00,150171,,6,,,,,,1,1779.25
1110612,14:05:00,14:05:00,150172,,7,,,,,,1,2281.96
1110612,14:06:00,14:06:00,150173,,8,,,,,,1,2635.88
1110612,14:08:00,14:08:00,150174,,9,,,,,,1,3181.2
1110612,14:09:00,14:09:00,151888,,10,,,,,,1,3413.48
1110612,14:10:00,14:10:00,150188,,11,,,,,,1,3637.76
1110612,14:11:00,14:11:00,154271,,12,,,,,,1,3803.55
1110612,14:12:00,14:12:00,150213,,13,,,,,,1,4145.22
1110612,14:14:00,14:14:00,150182,,14,,,,,,1,4589.2
1110612,14:15:00,14:15:00,150183,,15,,,,,,1,4997.06
1110612,14:18:00,14:18:00,150156,,16,,,,,,1,5427.16
1110612,14:20:00,14:20:00,150361,,17,,,,,,1,5865
1110612,14:21:00,14:21:00,150362,,18,,,,,,1,6218.84
1110612,14:22:00,14:22:00,166402,,19,,,,,,1,6588.43
1110612,14:23:00,14:23:00,166403,,20,,,,,,1,6939.61
1110612,14:24:00,14:24:00,150209,,21,,,,,,1,7172.08
1110612,14:25:00,14:25:00,150166,,22,,,,,,1,7478.42
1110613,14:30:00,14:30:00,150166,,1,,,,,,1,0
1110613,14:32:00,14:32:00,150167,,2,,,,,,1,555.03
1110613,14:32:00,14:32:00,150168,,3,,,,,,1,919.24
1110613,14:33:00,14:33:00,150169,,4,,,,,,1,1206.94
1110613,14:34:00,14:34:00,150170,,5,,,,,,1,1563.75
1110613,14:34:00,14:34:00,150171,,6,,,,,,1,1779.25
1110613,14:35:00,14:35:00,150172,,7,,,,,,1,2281.96
1110613,14:36:00,14:36:00,150173,,8,,,,,,1,2635.88
1110613,14:38:00,14:38:00,150174,,9,,,,,,1,3181.2
1110613,14:39:00,14:39:00,151888,,10,,,,,,1,3413.48
1110613,14:40:00,14:40:00,150188,,11,,,,,,1,3637.76
1110613,14:41:00,14:41:00,154271,,12,,,,,,1,3803.55
1110613,14:42:00,14:42:00,150213,,13,,,,,,1,4145.22
1110613,14:44:00,14:44:00,150182,,14,,,,,,1,4589.2
1110613,14:45:00,14:45:00,150183,,15,,,,,,1,4997.06
1110613,14:48:00,14:48:00,150156,,16,,,,,,1,5427.16
1110613,14:50:00,14:50:00,150361,,17,,,,,,1,5865
1110613,14:51:00,14:51:00,150362,,18,,,,,,1,6218.84
1110613,14:52:00,14:52:00,166402,,19,,,,,,1,6588.43
1110613,14:53:00,14:53:00,166403,,20,,,,,,1,6939.61
1110613,14:54:00,14:54:00,150209,,21,,,,,,1,7172.08
1110613,14:55:00,14:55:00,150166,,22,,,,,,1,7478.42
1110614,15:00:00,15:00:00,150166,,1,,,,,,1,0
1110614,15:02:00,15:02:00,150167,,2,,,,,,1,555.03
1110614,15:02:00,15:02:00,150168,,3,,,,,,1,919.24
1110614,15:03:00,15:03:00,150169,,4,,,,,,1,1206.94
1110614,15:04:00,15:04:00,150170,,5,,,,,,1,1563.75
1110614,15:04:00,15:04:00,150171,,6,,,,,,1,1779.25
1110614,15:05:00,15:05:00,150172,,7,,,,,,1,2281.96
1110614,15:06:00,15:06:00,150173,,8,,,,,,1,2635.88
1110614,15:08:00,15:08:00,150174,,9,,,,,,1,3181.2
1110614,15:09:00,15:09:00,151888,,10,,,,,,1,3413.48
1110614,15:10:00,15:10:00,150188,,11,,,,,,1,3637.76
1110614,15:11:00,15:11:00,154271,,12,,,,,,1,3803.55
1110614,15:12:00,15:12:00,150213,,13,,,,,,1,4145.22
1110614,15:14:00,15:14:00,150182,,14,,,,,,1,4589.2
1110614,15:15:00,15:15:00,150183,,15,,,,,,1,4997.06
1110614,15:18:00,15:18:00,150156,,16,,,,,,1,5427.16
1110614,15:20:00,15:20:00,150361,,17,,,,,,1,5865
1110614,15:21:00,15:21:00,150362,,18,,,,,,1,6218.84
1110614,15:22:00,15:22:00,166402,,19,,,,,,1,6588.43
1110614,15:23:00,15:23:00,166403,,20,,,,,,1,6939.61
1110614,15:24:00,15:24:00,150209,,21,,,,,,1,7172.08
1110614,15:25:00,15:25:00,150166,,22,,,,,,1,7478.42
1110615,15:30:00,15:30:00,150166,,1,,,,,,1,0
1110615,15:32:00,15:32:00,150167,,2,,,,,,1,555.03
1110615,15:32:00,15:32:00,150168,,3,,,,,,1,919.24
1110615,15:33:00,15:33:00,150169,,4,,,,,,1,1206.94
1110615,15:34:00,15:34:00,150170,,5,,,,,,1,1563.75
1110615,15:34:00,15:34:00,150171,,6,,,,,,1,1779.25
1110615,15:35:00,15:35:00,150172,,7,,,,,,1,2281.96
1110615,15:36:00,15:36:00,150173,,8,,,,,,1,2635.88
1110615,15:38:00,15:38:00,150174,,9,,,,,,1,3181.2
1110615,15:39:00,15:39:00,151888,,10,,,,,,1,3413.48
1110615,15:40:00,15:40:00,150188,,11,,,,,,1,3637.76
1110615,15:41:00,15:41:00,154271,,12,,,,,,1,3803.55
1110615,15:42:00,15:42:00,150213,,13,,,,,,1,4145.22
1110615,15:44:00,15:44:00,150182,,14,,,,,,1,4589.2
1110615,15:45:00,15:45:00,150183,,15,,,,,,1,4997.06
1110615,15:48:00,15:48:00,150156,,16,,,,,,1,5427.16
1110615,15:50:00,15:50:00,150361,,17,,,,,,1,5865
1110615,15:51:00,15:51:00,150362,,18,,,,,,1,6218.84
1110615,15:52:00,15:52:00,166402,,19,,,,,,1,6588.43
1110615,15:53:00,15:53:00,166403,,20,,,,,,1,6939.61
1110615,15:54:00,15:54:00,150209,,21,,,,,,1,7172.08
1110615,15:55:00,15:55:00,150166,,22,,,,,,1,7478.42
1110616,16:00:00,16:00:00,150166,,1,,,,,,1,0
1110616,16:02:00,16:02:00,150167,,2,,,,,,1,555.03
1110616,16:02:00,16:02:00,150168,,3,,,,,,1,919.24
1110616,16:03:00,16:03:00,150169,,4,,,,,,1,1206.94
1110616,16:04:00,16:04:00,150170,,5,,,,,,1,1563.75
1110616,16:04:00,16:04:00,150171,,6,,,,,,1,1779.25
1110616,16:05:00,16:05:00,150172,,7,,,,,,1,2281.96
1110616,16:06:00,16:06:00,150173,,8,,,,,,1,2635.88
1110616,16:08:00,16:08:00,150174,,9,,,,,,1,3181.2
1110616,16:09:00,16:09:00,151888,,10,,,,,,1,3413.48
1110616,16:10:00,16:10:00,150188,,11,,,,,,1,3637.76
1110616,16:11:00,16:11:00,154271,,12,,,,,,1,3803.55
1110616,16:12:00,16:12:00,150213,,13,,,,,,1,4145.22
1110616,16:14:00,16:14:00,150182,,14,,,,,,1,4589.2
1110616,16:15:00,16:15:00,150183,,15,,,,,,1,4997.06
1110616,16:18:00,16:18:00,150156,,16,,,,,,1,5427.16
1110616,16:20:00,16:20:00,150361,,17,,,,,,1,5865
1110616,16:21:00,16:21:00,150362,,18,,,,,,1,6218.84
1110616,16:22:00,16:22:00,166402,,19,,,,,,1,6588.43
1110616,16:23:00,16:23:00,166403,,20,,,,,,1,6939.61
1110616,16:24:00,16:24:00,150209,,21,,,,,,1,7172.08
1110616,16:25:00,16:25:00,150166,,22,,,,,,1,7478.42
1110617,16:30:00,16:30:00,150166,,1,,,,,,1,0
1110617,16:32:00,16:32:00,150167,,2,,,,,,1,555.03
1110617,16:32:00,16:32:00,150168,,3,,,,,,1,919.24
1110617,16:33:00,16:33:00,150169,,4,,,,,,1,1206.94
1110617,16:34:00,16:34:00,150170,,5,,,,,,1,1563.75
1110617,16:34:00,16:34:00,150171,,6,,,,,,1,1779.25
1110617,16:35:00,16:35:00,150172,,7,,,,,,1,2281.96
1110617,16:36:00,16:36:00,150173,,8,,,,,,1,2635.88
1110617,16:38:00,16:38:00,150174,,9,,,,,,1,3181.2
1110617,16:39:00,16:39:00,151888,,10,,,,,,1,3413.48
1110617,16:40:00,16:40:00,150188,,11,,,,,,1,3637.76
1110617,16:41:00,16:41:00,154271,,12,,,,,,1,3803.55
1110617,16:42:00,16:42:00,150213,,13,,,,,,1,4145.22
1110617,16:44:00,16:44:00,150182,,14,,,,,,1,4589.2
1110617,16:45:00,16:45:00,150183,,15,,,,,,1,4997.06
1110617,16:48:00,16:48:00,150156,,16,,,,,,1,5427.16
1110617,16:50:00,16:50:00,150361,,17,,,,,,1,5865
1110617,16:51:00,16:51:00,150362,,18,,,,,,1,6218.84
1110617,16:52:00,16:52:00,166402,,19,,,,,,1,6588.43
1110617,16:53:00,16:53:00,166403,,20,,,,,,1,6939.61
1110617,16:54:00,16:54:00,150209,,21,,,,,,1,7172.08
1110617,16:55:00,16:55:00,150166,,22,,,,,,1,7478.42
1110618,17:00:00,17:00:00,150166,,1,,,,,,1,0
1110618,17:02:00,17:02:00,150167,,2,,,,,,1,555.03
1110618,17:02:00,17:02:00,150168,,3,,,,,,1,919.24
1110618,17:03:00,17:03:00,150169,,4,,,,,,1,1206.94
1110618,17:04:00,17:04:00,150170,,5,,,,,,1,1563.75
1110618,17:04:00,17:04:00,150171,,6,,,,,,1,1779.25
1110618,17:05:00,17:05:00,150172,,7,,,,,,1,2281.96
1110618,17:06:00,17:06:00,150173,,8,,,,,,1,2635.88
1110618,17:08:00,17:08:00,150174,,9,,,,,,1,3181.2
1110618,17:09:00,17:09:00,151888,,10,,,,,,1,3413.48
1110618,17:10:00,17:10:00,150188,,11,,,,,,1,3637.76
1110618,17:11:00,17:11:00,154271,,12,,,,,,1,3803.55
1110618,17:12:00,17:12:00,150213,,13,,,,,,1,4145.22
1110618,17:14:00,17:14:00,150182,,14,,,,,,1,4589.2
1110618,17:15:00,17:15:00,150183,,15,,,,,,1,4997.06
1110618,17:18:00,17:18:00,150156,,16,,,,,,1,5427.16
1110618,17:20:00,17:20:00,150361,,17,,,,,,1,5865
1110618,17:21:00,17:21:00,150362,,18,,,,,,1,6218.84
1110618,17:22:00,17:22:00,166402,,19,,,,,,1,6588.43
1110618,17:23:00,17:23:00,166403,,20,,,,,,1,6939.61
1110618,17:24:00,17:24:00,150209,,21,,,,,,1,7172.08
1110618,17:25:00,17:25:00,150166,,22,,,,,,1,7478.42
1110619,17:30:00,17:30:00,150166,,1,,,,,,1,0
1110619,17:32:00,17:32:00,150167,,2,,,,,,1,555.03
1110619,17:32:00,17:32:00,150168,,3,,,,,,1,919.24
1110619,17:33:00,17:33:00,150169,,4,,,,,,1,1206.94
1110619,17:34:00,17:34:00,150170,,5,,,,,,1,1563.75
1110619,17:34:00,17:34:00,150171,,6,,,,,,1,1779.25
1110619,17:35:00,17:35:00,150172,,7,,,,,,1,2281.96
1110619,17:36:00,17:36:00,150173,,8,,,,,,1,2635.88
1110619,17:38:00,17:38:00,150174,,9,,,,,,1,3181.2
1110619,17:39:00,17:39:00,151888,,10,,,,,,1,3413.48
1110619,17:40:00,17:40:00,150188,,11,,,,,,1,3637.76
1110619,17:41:00,17:41:00,154271,,12,,,,,,1,3803.55
1110619,17:42:00,17:42:00,150213,,13,,,,,,1,4145.22
1110619,17:44:00,17:44:00,150182,,14,,,,,,1,4589.2
1110619,17:45:00,17:45:00,150183,,15,,,,,,1,4997.06
1110619,17:48:00,17:48:00,150156,,16,,,,,,1,5427.16
1110619,17:50:00,17:50:00,150361,,17,,,,,,1,5865
1110619,17:51:00,17:51:00,150362,,18,,,,,,1,6218.84
1110619,17:52:00,17:52:00,166402,,19,,,,,,1,6588.43
1110619,17:53:00,17:53:00,166403,,20,,,,,,1,6939.61
1110619,17:54:00,17:54:00,150209,,21,,,,,,1,7172.08
1110619,17:55:00,17:55:00,150166,,22,,,,,,1,7478.42
1110620,18:00:00,18:00:00,150166,,1,,,,,,1,0
1110620,18:02:00,18:02:00,150167,,2,,,,,,1,555.03
1110620,18:02:00,18:02:00,150168,,3,,,,,,1,919.24
1110620,18:03:00,18:03:00,150169,,4,,,,,,1,1206.94
1110620,18:04:00,18:04:00,150170,,5,,,,,,1,1563.75
1110620,18:04:00,18:04:00,150171,,6,,,,,,1,1779.25
1110620,18:05:00,18:05:00,150172,,7,,,,,,1,2281.96
1110620,18:06:00,18:06:00,150173,,8,,,,,,1,2635.88
1110620,18:08:00,18:08:00,150174,,9,,,,,,1,3181.2
1110620,18:09:00,18:09:00,151888,,10,,,,,,1,3413.48
1110620,18:10:00,18:10:00,150188,,11,,,,,,1,3637.76
1110620,18:11:00,18:11:00,154271,,12,,,,,,1,3803.55
1110620,18:12:00,18:12:00,150213,,13,,,,,,1,4145.22
1110620,18:14:00,18:14:00,150182,,14,,,,,,1,4589.2
1110620,18:15:00,18:15:00,150183,,15,,,,,,1,4997.06
1110620,18:18:00,18:18:00,150156,,16,,,,,,1,5427.16
1110620,18:20:00,18:20:00,150361,,17,,,,,,1,5865
1110620,18:21:00,18:21:00,150362,,18,,,,,,1,6218.84
1110620,18:22:00,18:22:00,166402,,19,,,,,,1,6588.43
1110620,18:23:00,18:23:00,166403,,20,,,,,,1,6939.61
1110620,18:24:00,18:24:00,150209,,21,,,,,,1,7172.08
1110620,18:25:00,18:25:00,150166,,22,,,,,,1,7478.42
1110621,18:30:00,18:30:00,150166,,1,,,,,,1,0
1110621,18:32:00,18:32:00,150167,,2,,,,,,1,555.03
1110621,18:32:00,18:32:00,150168,,3,,,,,,1,919.24
1110621,18:33:00,18:33:00,150169,,4,,,,,,1,1206.94
1110621,18:34:00,18:34:00,150170,,5,,,,,,1,1563.75
1110621,18:34:00,18:34:00,150171,,6,,,,,,1,1779.25
1110621,18:35:00,18:35:00,150172,,7,,,,,,1,2281.96
1110621,18:36:00,18:36:00,150173,,8,,,,,,1,2635.88
1110621,18:38:00,18:38:00,150174,,9,,,,,,1,3181.2
1110621,18:39:00,18:39:00,151888,,10,,,,,,1,3413.48
1110621,18:40:00,18:40:00,150188,,11,,,,,,1,3637.76
1110621,18:41:00,18:41:00,154271,,12,,,,,,1,3803.55
1110621,18:42:00,18:42:00,150213,,13,,,,,,1,4145.22
1110621,18:44:00,18:44:00,150182,,14,,,,,,1,4589.2
1110621,18:45:00,18:45:00,150183,,15,,,,,,1,4997.06
1110621,18:48:00,18:48:00,150156,,16,,,,,,1,5427.16
1110621,18:50:00,18:50:00,150361,,17,,,,,,1,5865
1110621,18:51:00,18:51:00,150362,,18,,,,,,1,6218.84
1110621,18:52:00,18:52:00,166402,,19,,,,,,1,6588.43
1110621,18:53:00,18:53:00,166403,,20,,,,,,1,6939.61
1110621,18:54:00,18:54:00,150209,,21,,,,,,1,7172.08
1110621,18:55:00,18:55:00,150166,,22,,,,,,1,7478.42
1110622,19:00:00,19:00:00,150166,,1,,,,,,1,0
1110622,19:02:00,19:02:00,150167,,2,,,,,,1,555.03
1110622,19:02:00,19:02:00,150168,,3,,,,,,1,919.24
1110622,19:03:00,19:03:00,150169,,4,,,,,,1,1206.94
1110622,19:04:00,19:04:00,150170,,5,,,,,,1,1563.75
1110622,19:04:00,19:04:00,150171,,6,,,,,,1,1779.25
1110622,19:05:00,19:05:00,150172,,7,,,,,,1,2281.96
1110622,19:06:00,19:06:00,150173,,8,,,,,,1,2635.88
1110622,19:08:00,19:08:00,150174,,9,,,,,,1,3181.2
1110622,19:09:00,19:09:00,151888,,10,,,,,,1,3413.48
1110622,19:10:00,19:10:00,150188,,11,,,,,,1,3637.76
1110622,19:11:00,19:11:00,154271,,12,,,,,,1,3803.55
1110622,19:12:00,19:12:00,150213,,13,,,,,,1,4145.22
1110622,19:14:00,19:14:00,150182,,14,,,,,,1,4589.2
1110622,19:15:00,19:15:00,150183,,15,,,,,,1,4997.06
1110622,19:18:00,19:18:00,150156,,16,,,,,,1,5427.16
1110622,19:20:00,19:20:00,150361,,17,,,,,,1,5865
1110622,19:21:00,19:21:00,150362,,18,,,,,,1,6218.84
1110622,19:22:00,19:22:00,166402,,19,,,,,,1,6588.43
1110622,19:23:00,19:23:00,166403,,20,,,,,,1,6939.61
1110622,19:24:00,19:24:00,150209,,21,,,,,,1,7172.08
1110622,19:25:00,19:25:00,150166,,22,,,,,,1,7478.42
1110623,19:30:00,19:30:00,150166,,1,,,,,,1,0
1110623,19:32:00,19:32:00,150167,,2,,,,,,1,555.03
1110623,19:32:00,19:32:00,150168,,3,,,,,,1,919.24
1110623,19:33:00,19:33:00,150169,,4,,,,,,1,1206.94
1110623,19:34:00,19:34:00,150170,,5,,,,,,1,1563.75
1110623,19:34:00,19:34:00,150171,,6,,,,,,1,1779.25
1110623,19:35:00,19:35:00,150172,,7,,,,,,1,2281.96
1110623,19:36:00,19:36:00,150173,,8,,,,,,1,2635.88
1110623,19:38:00,19:38:00,150174,,9,,,,,,1,3181.2
1110623,19:39:00,19:39:00,151888,,10,,,,,,1,3413.48
1110623,19:40:00,19:40:00,150188,,11,,,,,,1,3637.76
1110623,19:41:00,19:41:00,154271,,12,,,,,,1,3803.55
1110623,19:42:00,19:42:00,150213,,13,,,,,,1,4145.22
1110623,19:44:00,19:44:00,150182,,14,,,,,,1,4589.2
1110623,19:45:00,19:45:00,150183,,15,,,,,,1,4997.06
1110623,19:48:00,19:48:00,150156,,16,,,,,,1,5427.16
1110623,19:50:00,19:50:00,150361,,17,,,,,,1,5865
1110623,19:51:00,19:51:00,150362,,18,,,,,,1,6218.84
1110623,19:52:00,19:52:00,166402,,19,,,,,,1,6588.43
1110623,19:53:00,19:53:00,166403,,20,,,,,,1,6939.61
1110623,19:54:00,19:54:00,150209,,21,,,,,,1,7172.08
1110623,19:55:00,19:55:00,150166,,22,,,,,,1,7478.42
1110624,20:00:00,20:00:00,150166,,1,,,,,,1,0
1110624,20:02:00,20:02:00,150167,,2,,,,,,1,555.03
1110624,20:02:00,20:02:00,150168,,3,,,,,,1,919.24
1110624,20:03:00,20:03:00,150169,,4,,,,,,1,1206.94
1110624,20:04:00,20:04:00,150170,,5,,,,,,1,1563.75
1110624,20:04:00,20:04:00,150171,,6,,,,,,1,1779.25
1110624,20:05:00,20:05:00,150172,,7,,,,,,1,2281.96
1110624,20:06:00,20:06:00,150173,,8,,,,,,1,2635.88
1110624,20:08:00,20:08:00,150174,,9,,,,,,1,3181.2
1110624,20:09:00,20:09:00,151888,,10,,,,,,1,3413.48
1110624,20:10:00,20:10:00,150188,,11,,,,,,1,3637.76
1110624,20:11:00,20:11:00,154271,,12,,,,,,1,3803.55
1110624,20:12:00,20:12:00,150213,,13,,,,,,1,4145.22
1110624,20:14:00,20:14:00,150182,,14,,,,,,1,4589.2
1110624,20:15:00,20:15:00,150183,,15,,,,,,1,4997.06
1110624,20:18:00,20:18:00,150156,,16,,,,,,1,5427.16
1110624,20:20:00,20:20:00,150361,,17,,,,,,1,5865
1110624,20:21:00,20:21:00,150362,,18,,,,,,1,6218.84
1110624,20:22:00,20:22:00,166402,,19,,,,,,1,6588.43
1110624,20:23:00,20:23:00,166403,,20,,,,,,1,6939.61
1110624,20:24:00,20:24:00,150209,,21,,,,,,1,7172.08
1110624,20:25:00,20:25:00,150166,,22,,,,,,1,7478.42
1110625,20:30:00,20:30:00,150166,,1,,,,,,1,0
1110625,20:32:00,20:32:00,150167,,2,,,,,,1,555.03
1110625,20:32:00,20:32:00,150168,,3,,,,,,1,919.24
1110625,20:33:00,20:33:00,150169,,4,,,,,,1,1206.94
1110625,20:34:00,20:34:00,150170,,5,,,,,,1,1563.75
1110625,20:34:00,20:34:00,150171,,6,,,,,,1,1779.25
1110625,20:35:00,20:35:00,150172,,7,,,,,,1,2281.96
1110625,20:36:00,20:36:00,150173,,8,,,,,,1,2635.88
1110625,20:38:00,20:38:00,150174,,9,,,,,,1,3181.2
1110625,20:39:00,20:39:00,151888,,10,,,,,,1,3413.48
1110625,20:40:00,20:40:00,150188,,11,,,,,,1,3637.76
1110625,20:41:00,20:41:00,154271,,12,,,,,,1,3803.55
1110625,20:42:00,20:42:00,150213,,13,,,,,,1,4145.22
1110625,20:44:00,20:44:00,150182,,14,,,,,,1,4589.2
1110625,20:45:00,20:45:00,150183,,15,,,,,,1,4997.06
1110625,20:48:00,20:48:00,150156,,16,,,,,,1,5427.16
1110625,20:50:00,20:50:00,150361,,17,,,,,,1,5865
1110625,20:51:00,20:51:00,150362,,18,,,,,,1,6218.84
1110625,20:52:00,20:52:00,166402,,19,,,,,,1,6588.43
1110625,20:53:00,20:53:00,166403,,20,,,,,,1,6939.61
1110625,20:54:00,20:54:00,150209,,21,,,,,,1,7172.08
1110625,20:55:00,20:55:00,150166,,22,,,,,,1,7478.42
1110626,21:00:00,21:00:00,150166,,1,,,,,,1,0
1110626,21:02:00,21:02:00,150167,,2,,,,,,1,555.03
1110626,21:02:00,21:02:00,150168,,3,,,,,,1,919.24
1110626,21:03:00,21:03:00,150169,,4,,,,,,1,1206.94
1110626,21:04:00,21:04:00,150170,,5,,,,,,1,1563.75
1110626,21:04:00,21:04:00,150171,,6,,,,,,1,1779.25
1110626,21:05:00,21:05:00,150172,,7,,,,,,1,2281.96
1110626,21:06:00,21:06:00,150173,,8,,,,,,1,2635.88
1110626,21:08:00,21:08:00,150174,,9,,,,,,1,3181.2
1110626,21:09:00,21:09:00,151888,,10,,,,,,1,3413.48
1110626,21:10:00,21:10:00,150188,,11,,,,,,1,3637.76
1110626,21:11:00,21:11:00,154271,,12,,,,,,1,3803.55
1110626,21:12:00,21:12:00,150213,,13,,,,,,1,4145.22
1110626,21:14:00,21:14:00,150182,,14,,,,,,1,4589.2
1110626,21:15:00,21:15:00,150183,,15,,,,,,1,4997.06
1110626,21:18:00,21:18:00,150156,,16,,,,,,1,5427.16
1110626,21:20:00,21:20:00,150361,,17,,,,,,1,5865
1110626,21:21:00,21:21:00,150362,,18,,,,,,1,6218.84
1110626,21:22:00,21:22:00,166402,,19,,,,,,1,6588.43
1110626,21:23:00,21:23:00,166403,,20,,,,,,1,6939.61
1110626,21:24:00,21:24:00,150209,,21,,,,,,1,7172.08
1110626,21:25:00,21:25:00,150166,,22,,,,,,1,7478.42
1110627,21:30:00,21:30:00,150166,,1,,,,,,1,0
1110627,21:32:00,21:32:00,150167,,2,,,,,,1,555.03
1110627,21:32:00,21:32:00,150168,,3,,,,,,1,919.24
1110627,21:33:00,21:33:00,150169,,4,,,,,,1,1206.94
1110627,21:34:00,21:34:00,150170,,5,,,,,,1,1563.75
1110627,21:34:00,21:34:00,150171,,6,,,,,,1,1779.25
1110627,21:35:00,21:35:00,150172,,7,,,,,,1,2281.96
1110627,21:36:00,21:36:00,150173,,8,,,,,,1,2635.88
1110627,21:38:00,21:38:00,150174,,9,,,,,,1,3181.2
1110627,21:39:00,21:39:00,151888,,10,,,,,,1,3413.48
1110627,21:40:00,21:40:00,150188,,11,,,,,,1,3637.76
1110627,21:41:00,21:41:00,154271,,12,,,,,,1,3803.55
1110627,21:42:00,21:42:00,150213,,13,,,,,,1,4145.22
1110627,21:44:00,21:44:00,150182,,14,,,,,,1,4589.2
1110627,21:45:00,21:45:00,150183,,15,,,,,,1,4997.06
1110627,21:48:00,21:48:00,150156,,16,,,,,,1,5427.16
1110627,21:50:00,21:50:00,150361,,17,,,,,,1,5865
1110627,21:51:00,21:51:00,150362,,18,,,,,,1,6218.84
1110627,21:52:00,21:52:00,166402,,19,,,,,,1,6588.43
1110627,21:53:00,21:53:00,166403,,20,,,,,,1,6939.61
1110627,21:54:00,21:54:00,150209,,21,,,,,,1,7172.08
1110627,21:55:00,21:55:00,150166,,22,,,,,,1,7478.42
1052557,07:04:00,07:04:00,150160,,1,,,,,,1,0
1052557,07:06:00,07:06:00,154262,,2,,,,,,1,557.48
1052557,07:07:00,07:07:00,154263,,3,,,,,,1,945.9
1052557,07:09:00,07:09:00,150184,,4,,,,,,1,1529.83
1052557,07:09:00,07:09:00,150185,,5,,,,,,1,1618.02
1052557,07:12:00,07:12:00,150186,,6,,,,,,1,2642.01
1052557,07:12:00,07:12:00,159135,,7,,,,,,1,2888.25
1052557,07:15:00,07:15:00,217346,,8,,,,,,1,3609.07
1052557,07:17:00,07:17:00,159133,,9,,,,,,1,3873.35
1052557,07:20:00,07:20:00,154395,,10,,,,,,1,4980.86
1052557,07:21:00,07:21:00,154385,,11,,,,,,1,5403.75
1052557,07:22:00,07:22:00,150226,,12,,,,,,1,5761.5
1052557,07:24:00,07:24:00,154267,,13,,,,,,1,6013.65
1052560,07:28:00,07:28:00,154267,,1,,,,,,1,0
1052560,07:30:00,07:30:00,150182,,2,,,,,,1,733.44
1052560,07:31:00,07:31:00,150183,,3,,,,,,1,1154.47
1052560,07:34:00,07:34:00,150156,,4,,,,,,1,1586.13
1052560,07:36:00,07:36:00,150361,,5,,,,,,1,2025.91
1052560,07:36:00,07:36:00,150362,,6,,,,,,1,2382.09
1052560,07:39:00,07:39:00,150163,,7,,,,,,1,2599.9
1052560,07:40:00,07:40:00,150164,,8,,,,,,1,3018.06
1052560,07:42:00,07:42:00,150165,,9,,,,,,1,3384.47
1052560,07:42:00,07:42:00,150159,,10,,,,,,1,3769.69
1052560,07:44:00,07:46:00,150160,,11,,,,,,1,4199.35
1052560,07:48:00,07:48:00,154262,,12,,,,,,1,4756.83
1052560,07:49:00,07:49:00,154263,,13,,,,,,1,5145.26
1052560,07:51:00,07:51:00,150184,,14,,,,,,1,5729.19
1052560,07:51:00,07:51:00,150185,,15,,,,,,1,5817.37
1052560,07:54:00,07:54:00,150186,,16,,,,,,1,6841.37
1052560,07:54:00,07:54:00,159135,,17,,,,,,1,7087.61
1052560,07:57:00,07:57:00,217346,,18,,,,,,1,7808.43
1052560,07:59:00,07:59:00,159133,,19,,,,,,1,8072.71
1052560,08:02:00,08:02:00,154395,,20,,,,,,1,9180.21
1052560,08:03:00,08:03:00,154385,,21,,,,,,1,9603.1
1052560,08:04:00,08:04:00,150226,,22,,,,,,1,9960.85
1052560,08:06:00,08:06:00,154267,,23,,,,,,1,10213
1052561,08:10:00,08:10:00,154267,,1,,,,,,1,0
1052561,08:12:00,08:12:00,150182,,2,,,,,,1,733.44
1052561,08:13:00,08:13:00,150183,,3,,,,,,1,1154.47
1052561,08:16:00,08:16:00,150156,,4,,,,,,1,1586.13
1052561,08:18:00,08:18:00,150361,,5,,,,,,1,2025.91
1052561,08:18:00,08:18:00,150362,,6,,,,,,1,2382.09
1052561,08:21:00,08:21:00,150163,,7,,,,,,1,2599.9
1052561,08:22:00,08:22:00,150164,,8,,,,,,1,3018.06
1052561,08:24:00,08:24:00,150165,,9,,,,,,1,3384.47
1052561,08:24:00,08:24:00,150159,,10,,,,,,1,3769.69
1052561,08:26:00,08:28:00,150160,,11,,,,,,1,4199.35
1052561,08:30:00,08:30:00,154262,,12,,,,,,1,4756.83
1052561,08:31:00,08:31:00,154263,,13,,,,,,1,5145.26
1052561,08:33:00,08:33:00,150184,,14,,,,,,1,5729.19
1052561,08:33:00,08:33:00,150185,,15,,,,,,1,5817.37
1052561,08:36:00,08:36:00,150186,,16,,,,,,1,6841.37
1052561,08:36:00,08:36:00,159135,,17,,,,,,1,7087.61
1052561,08:39:00,08:39:00,217346,,18,,,,,,1,7808.43
1052561,08:41:00,08:41:00,159133,,19,,,,,,1,8072.71
1052561,08:44:00,08:44:00,154395,,20,,,,,,1,9180.21
1052561,08:45:00,08:45:00,154385,,21,,,,,,1,9603.1
1052561,08:46:00,08:46:00,150226,,22,,,,,,1,9960.85
1052561,08:48:00,08:48:00,154267,,23,,,,,,1,10213
1052562,08:52:00,08:52:00,154267,,1,,,,,,1,0
1052562,08:54:00,08:54:00,150182,,2,,,,,,1,733.44
1052562,08:55:00,08:55:00,150183,,3,,,,,,1,1154.47
1052562,08:58:00,08:58:00,150156,,4,,,,,,1,1586.13
1052562,09:00:00,09:00:00,150361,,5,,,,,,1,2025.91
1052562,09:00:00,09:00:00,150362,,6,,,,,,1,2382.09
1052562,09:03:00,09:03:00,150163,,7,,,,,,1,2599.9
1052562,09:04:00,09:04:00,150164,,8,,,,,,1,3018.06
1052562,09:06:00,09:06:00,150165,,9,,,,,,1,3384.47
1052562,09:06:00,09:06:00,150159,,10,,,,,,1,3769.69
1052562,09:08:00,09:10:00,150160,,11,,,,,,1,4199.35
1052562,09:12:00,09:12:00,154262,,12,,,,,,1,4756.83
1052562,09:13:00,09:13:00,154263,,13,,,,,,1,5145.26
1052562,09:15:00,09:15:00,150184,,14,,,,,,1,5729.19
1052562,09:15:00,09:15:00,150185,,15,,,,,,1,5817.37
1052562,09:18:00,09:18:00,150186,,16,,,,,,1,6841.37
1052562,09:18:00,09:18:00,159135,,17,,,,,,1,7087.61
1052562,09:21:00,09:21:00,217346,,18,,,,,,1,7808.43
1052562,09:23:00,09:23:00,159133,,19,,,,,,1,8072.71
1052562,09:26:00,09:26:00,154395,,20,,,,,,1,9180.21
1052562,09:27:00,09:27:00,154385,,21,,,,,,1,9603.1
1052562,09:28:00,09:28:00,150226,,22,,,,,,1,9960.85
1052562,09:30:00,09:30:00,154267,,23,,,,,,1,10213
1052563,09:34:00,09:34:00,154267,,1,,,,,,1,0
1052563,09:36:00,09:36:00,150182,,2,,,,,,1,733.44
1052563,09:37:00,09:37:00,150183,,3,,,,,,1,1154.47
1052563,09:40:00,09:40:00,150156,,4,,,,,,1,1586.13
1052563,09:42:00,09:42:00,150361,,5,,,,,,1,2025.91
1052563,09:42:00,09:42:00,150362,,6,,,,,,1,2382.09
1052563,09:45:00,09:45:00,150163,,7,,,,,,1,2599.9
1052563,09:46:00,09:46:00,150164,,8,,,,,,1,3018.06
1052563,09:48:00,09:48:00,150165,,9,,,,,,1,3384.47
1052563,09:48:00,09:48:00,150159,,10,,,,,,1,3769.69
1052563,09:50:00,09:52:00,150160,,11,,,,,,1,4199.35
1052563,09:54:00,09:54:00,154262,,12,,,,,,1,4756.83
1052563,09:55:00,09:55:00,154263,,13,,,,,,1,5145.26
1052563,09:57:00,09:57:00,150184,,14,,,,,,1,5729.19
1052563,09:57:00,09:57:00,150185,,15,,,,,,1,5817.37
1052563,10:00:00,10:00:00,150186,,16,,,,,,1,6841.37
1052563,10:00:00,10:00:00,159135,,17,,,,,,1,7087.61
1052563,10:03:00,10:03:00,217346,,18,,,,,,1,7808.43
1052563,10:05:00,10:05:00,159133,,19,,,,,,1,8072.71
1052563,10:08:00,10:08:00,154395,,20,,,,,,1,9180.21
1052563,10:09:00,10:09:00,154385,,21,,,,,,1,9603.1
1052563,10:10:00,10:10:00,150226,,22,,,,,,1,9960.85
1052563,10:12:00,10:12:00,154267,,23,,,,,,1,10213
1052564,10:16:00,10:16:00,154267,,1,,,,,,1,0
1052564,10:18:00,10:18:00,150182,,2,,,,,,1,733.44
1052564,10:19:00,10:19:00,150183,,3,,,,,,1,1154.47
1052564,10:22:00,10:22:00,150156,,4,,,,,,1,1586.13
1052564,10:24:00,10:24:00,150361,,5,,,,,,1,2025.91
1052564,10:24:00,10:24:00,150362,,6,,,,,,1,2382.09
1052564,10:27:00,10:27:00,150163,,7,,,,,,1,2599.9
1052564,10:28:00,10:28:00,150164,,8,,,,,,1,3018.06
1052564,10:30:00,10:30:00,150165,,9,,,,,,1,3384.47
1052564,10:30:00,10:30:00,150159,,10,,,,,,1,3769.69
1052564,10:32:00,10:34:00,150160,,11,,,,,,1,4199.35
1052564,10:36:00,10:36:00,154262,,12,,,,,,1,4756.83
1052564,10:37:00,10:37:00,154263,,13,,,,,,1,5145.26
1052564,10:39:00,10:39:00,150184,,14,,,,,,1,5729.19
1052564,10:39:00,10:39:00,150185,,15,,,,,,1,5817.37
1052564,10:42:00,10:42:00,150186,,16,,,,,,1,6841.37
1052564,10:42:00,10:42:00,159135,,17,,,,,,1,7087.61
1052564,10:45:00,10:45:00,217346,,18,,,,,,1,7808.43
1052564,10:47:00,10:47:00,159133,,19,,,,,,1,8072.71
1052564,10:50:00,10:50:00,154395,,20,,,,,,1,9180.21
1052564,10:51:00,10:51:00,154385,,21,,,,,,1,9603.1
1052564,10:52:00,10:52:00,150226,,22,,,,,,1,9960.85
1052564,10:54:00,10:54:00,154267,,23,,,,,,1,10213
1052565,10:58:00,10:58:00,154267,,1,,,,,,1,0
1052565,11:00:00,11:00:00,150182,,2,,,,,,1,733.44
1052565,11:01:00,11:01:00,150183,,3,,,,,,1,1154.47
1052565,11:04:00,11:04:00,150156,,4,,,,,,1,1586.13
1052565,11:06:00,11:06:00,150361,,5,,,,,,1,2025.91
1052565,11:06:00,11:06:00,150362,,6,,,,,,1,2382.09
1052565,11:09:00,11:09:00,150163,,7,,,,,,1,2599.9
1052565,11:10:00,11:10:00,150164,,8,,,,,,1,3018.06
1052565,11:12:00,11:12:00,150165,,9,,,,,,1,3384.47
1052565,11:12:00,11:12:00,150159,,10,,,,,,1,3769.69
1052565,11:14:00,11:16:00,150160,,11,,,,,,1,4199.35
1052565,11:18:00,11:18:00,154262,,12,,,,,,1,4756.83
1052565,11:19:00,11:19:00,154263,,13,,,,,,1,5145.26
1052565,11:21:00,11:21:00,150184,,14,,,,,,1,5729.19
1052565,11:21:00,11:21:00,150185,,15,,,,,,1,5817.37
1052565,11:24:00,11:24:00,150186,,16,,,,,,1,6841.37
1052565,11:24:00,11:24:00,159135,,17,,,,,,1,7087.61
1052565,11:27:00,11:27:00,217346,,18,,,,,,1,7808.43
1052565,11:29:00,11:29:00,159133,,19,,,,,,1,8072.71
1052565,11:32:00,11:32:00,154395,,20,,,,,,1,9180.21
1052565,11:33:00,11:33:00,154385,,21,,,,,,1,9603.1
1052565,11:34:00,11:34:00,150226,,22,,,,,,1,9960.85
1052565,11:36:00,11:36:00,154267,,23,,,,,,1,10213
1052566,11:40:00,11:40:00,154267,,1,,,,,,1,0
1052566,11:42:00,11:42:00,150182,,2,,,,,,1,733.44
1052566,11:43:00,11:43:00,150183,,3,,,,,,1,1154.47
1052566,11:46:00,11:46:00,150156,,4,,,,,,1,1586.13
1052566,11:48:00,11:48:00,150361,,5,,,,,,1,2025.91
1052566,11:48:00,11:48:00,150362,,6,,,,,,1,2382.09
1052566,11:51:00,11:51:00,150163,,7,,,,,,1,2599.9
1052566,11:52:00,11:52:00,150164,,8,,,,,,1,3018.06
1052566,11:54:00,11:54:00,150165,,9,,,,,,1,3384.47
1052566,11:54:00,11:54:00,150159,,10,,,,,,1,3769.69
1052566,11:56:00,11:58:00,150160,,11,,,,,,1,4199.35
1052566,12:00:00,12:00:00,154262,,12,,,,,,1,4756.83
1052566,12:01:00,12:01:00,154263,,13,,,,,,1,5145.26
1052566,12:03:00,12:03:00,150184,,14,,,,,,1,5729.19
1052566,12:03:00,12:03:00,150185,,15,,,,,,1,5817.37
1052566,12:06:00,12:06:00,150186,,16,,,,,,1,6841.37
1052566,12:06:00,12:06:00,159135,,17,,,,,,1,7087.61
1052566,12:09:00,12:09:00,217346,,18,,,,,,1,7808.43
1052566,12:11:00,12:11:00,159133,,19,,,,,,1,8072.71
1052566,12:14:00,12:14:00,154395,,20,,,,,,1,9180.21
1052566,12:15:00,12:15:00,154385,,21,,,,,,1,9603.1
1052566,12:16:00,12:16:00,150226,,22,,,,,,1,9960.85
1052566,12:18:00,12:18:00,154267,,23,,,,,,1,10213
1052567,12:22:00,12:22:00,154267,,1,,,,,,1,0
1052567,12:24:00,12:24:00,150182,,2,,,,,,1,733.44
1052567,12:25:00,12:25:00,150183,,3,,,,,,1,1154.47
1052567,12:28:00,12:28:00,150156,,4,,,,,,1,1586.13
1052567,12:30:00,12:30:00,150361,,5,,,,,,1,2025.91
1052567,12:30:00,12:30:00,150362,,6,,,,,,1,2382.09
1052567,12:33:00,12:33:00,150163,,7,,,,,,1,2599.9
1052567,12:34:00,12:34:00,150164,,8,,,,,,1,3018.06
1052567,12:36:00,12:36:00,150165,,9,,,,,,1,3384.47
1052567,12:36:00,12:36:00,150159,,10,,,,,,1,3769.69
1052567,12:38:00,12:40:00,150160,,11,,,,,,1,4199.35
1052567,12:42:00,12:42:00,154262,,12,,,,,,1,4756.83
1052567,12:43:00,12:43:00,154263,,13,,,,,,1,5145.26
1052567,12:45:00,12:45:00,150184,,14,,,,,,1,5729.19
1052567,12:45:00,12:45:00,150185,,15,,,,,,1,5817.37
1052567,12:48:00,12:48:00,150186,,16,,,,,,1,6841.37
1052567,12:48:00,12:48:00,159135,,17,,,,,,1,7087.61
1052567,12:51:00,12:51:00,217346,,18,,,,,,1,7808.43
1052567,12:53:00,12:53:00,159133,,19,,,,,,1,8072.71
1052567,12:56:00,12:56:00,154395,,20,,,,,,1,9180.21
1052567,12:57:00,12:57:00,154385,,21,,,,,,1,9603.1
1052567,12:58:00,12:58:00,150226,,22,,,,,,1,9960.85
1052567,13:00:00,13:00:00,154267,,23,,,,,,1,10213
1052568,13:04:00,13:04:00,154267,,1,,,,,,1,0
1052568,13:06:00,13:06:00,150182,,2,,,,,,1,733.44
1052568,13:07:00,13:07:00,150183,,3,,,,,,1,1154.47
1052568,13:10:00,13:10:00,150156,,4,,,,,,1,1586.13
1052568,13:12:00,13:12:00,150361,,5,,,,,,1,2025.91
1052568,13:12:00,13:12:00,150362,,6,,,,,,1,2382.09
1052568,13:15:00,13:15:00,150163,,7,,,,,,1,2599.9
1052568,13:16:00,13:16:00,150164,,8,,,,,,1,3018.06
1052568,13:18:00,13:18:00,150165,,9,,,,,,1,3384.47
1052568,13:18:00,13:18:00,150159,,10,,,,,,1,3769.69
1052568,13:20:00,13:22:00,150160,,11,,,,,,1,4199.35
1052568,13:24:00,13:24:00,154262,,12,,,,,,1,4756.83
1052568,13:25:00,13:25:00,154263,,13,,,,,,1,5145.26
1052568,13:27:00,13:27:00,150184,,14,,,,,,1,5729.19
1052568,13:27:00,13:27:00,150185,,15,,,,,,1,5817.37
1052568,13:30:00,13:30:00,150186,,16,,,,,,1,6841.37
1052568,13:30:00,13:30:00,159135,,17,,,,,,1,7087.61
1052568,13:33:00,13:33:00,217346,,18,,,,,,1,7808.43
1052568,13:35:00,13:35:00,159133,,19,,,,,,1,8072.71
1052568,13:38:00,13:38:00,154395,,20,,,,,,1,9180.21
1052568,13:39:00,13:39:00,154385,,21,,,,,,1,9603.1
1052568,13:40:00,13:40:00,150226,,22,,,,,,1,9960.85
1052568,13:42:00,13:42:00,154267,,23,,,,,,1,10213
1052569,13:46:00,13:46:00,154267,,1,,,,,,1,0
1052569,13:48:00,13:48:00,150182,,2,,,,,,1,733.44
1052569,13:49:00,13:49:00,150183,,3,,,,,,1,1154.47
1052569,13:52:00,13:52:00,150156,,4,,,,,,1,1586.13
1052569,13:54:00,13:54:00,150361,,5,,,,,,1,2025.91
1052569,13:54:00,13:54:00,150362,,6,,,,,,1,2382.09
1052569,13:57:00,13:57:00,150163,,7,,,,,,1,2599.9
1052569,13:58:00,13:58:00,150164,,8,,,,,,1,3018.06
1052569,14:00:00,14:00:00,150165,,9,,,,,,1,3384.47
1052569,14:00:00,14:00:00,150159,,10,,,,,,1,3769.69
1052569,14:02:00,14:04:00,150160,,11,,,,,,1,4199.35
1052569,14:06:00,14:06:00,154262,,12,,,,,,1,4756.83
1052569,14:07:00,14:07:00,154263,,13,,,,,,1,5145.26
1052569,14:09:00,14:09:00,150184,,14,,,,,,1,5729.19
1052569,14:09:00,14:09:00,150185,,15,,,,,,1,5817.37
1052569,14:12:00,14:12:00,150186,,16,,,,,,1,6841.37
1052569,14:12:00,14:12:00,159135,,17,,,,,,1,7087.61
1052569,14:15:00,14:15:00,217346,,18,,,,,,1,7808.43
1052569,14:17:00,14:17:00,159133,,19,,,,,,1,8072.71
1052569,14:20:00,14:20:00,154395,,20,,,,,,1,9180.21
1052569,14:21:00,14:21:00,154385,,21,,,,,,1,9603.1
1052569,14:22:00,14:22:00,150226,,22,,,,,,1,9960.85
1052569,14:24:00,14:24:00,154267,,23,,,,,,1,10213
1052570,14:28:00,14:28:00,154267,,1,,,,,,1,0
1052570,14:30:00,14:30:00,150182,,2,,,,,,1,733.44
1052570,14:31:00,14:31:00,150183,,3,,,,,,1,1154.47
1052570,14:34:00,14:34:00,150156,,4,,,,,,1,1586.13
1052570,14:36:00,14:36:00,150361,,5,,,,,,1,2025.91
1052570,14:36:00,14:36:00,150362,,6,,,,,,1,2382.09
1052570,14:39:00,14:39:00,150163,,7,,,,,,1,2599.9
1052570,14:40:00,14:40:00,150164,,8,,,,,,1,3018.06
1052570,14:42:00,14:42:00,150165,,9,,,,,,1,3384.47
1052570,14:42:00,14:42:00,150159,,10,,,,,,1,3769.69
1052570,14:44:00,14:46:00,150160,,11,,,,,,1,4199.35
1052570,14:48:00,14:48:00,154262,,12,,,,,,1,4756.83
1052570,14:49:00,14:49:00,154263,,13,,,,,,1,5145.26
1052570,14:51:00,14:51:00,150184,,14,,,,,,1,5729.19
1052570,14:51:00,14:51:00,150185,,15,,,,,,1,5817.37
1052570,14:54:00,14:54:00,150186,,16,,,,,,1,6841.37
1052570,14:54:00,14:54:00,159135,,17,,,,,,1,7087.61
1052570,14:57:00,14:57:00,217346,,18,,,,,,1,7808.43
1052570,14:59:00,14:59:00,159133,,19,,,,,,1,8072.71
1052570,15:02:00,15:02:00,154395,,20,,,,,,1,9180.21
1052570,15:03:00,15:03:00,154385,,21,,,,,,1,9603.1
1052570,15:04:00,15:04:00,150226,,22,,,,,,1,9960.85
1052570,15:06:00,15:06:00,154267,,23,,,,,,1,10213
1052571,15:10:00,15:10:00,154267,,1,,,,,,1,0
1052571,15:12:00,15:12:00,150182,,2,,,,,,1,733.44
1052571,15:13:00,15:13:00,150183,,3,,,,,,1,1154.47
1052571,15:16:00,15:16:00,150156,,4,,,,,,1,1586.13
1052571,15:18:00,15:18:00,150361,,5,,,,,,1,2025.91
1052571,15:18:00,15:18:00,150362,,6,,,,,,1,2382.09
1052571,15:21:00,15:21:00,150163,,7,,,,,,1,2599.9
1052571,15:22:00,15:22:00,150164,,8,,,,,,1,3018.06
1052571,15:24:00,15:24:00,150165,,9,,,,,,1,3384.47
1052571,15:24:00,15:24:00,150159,,10,,,,,,1,3769.69
1052571,15:26:00,15:28:00,150160,,11,,,,,,1,4199.35
1052571,15:30:00,15:30:00,154262,,12,,,,,,1,4756.83
1052571,15:31:00,15:31:00,154263,,13,,,,,,1,5145.26
1052571,15:33:00,15:33:00,150184,,14,,,,,,1,5729.19
1052571,15:33:00,15:33:00,150185,,15,,,,,,1,5817.37
1052571,15:36:00,15:36:00,150186,,16,,,,,,1,6841.37
1052571,15:36:00,15:36:00,159135,,17,,,,,,1,7087.61
1052571,15:39:00,15:39:00,217346,,18,,,,,,1,7808.43
1052571,15:41:00,15:41:00,159133,,19,,,,,,1,8072.71
1052571,15:44:00,15:44:00,154395,,20,,,,,,1,9180.21
1052571,15:45:00,15:45:00,154385,,21,,,,,,1,9603.1
1052571,15:46:00,15:46:00,150226,,22,,,,,,1,9960.85
1052571,15:48:00,15:48:00,154267,,23,,,,,,1,10213
1052572,15:52:00,15:52:00,154267,,1,,,,,,1,0
1052572,15:54:00,15:54:00,150182,,2,,,,,,1,733.44
1052572,15:55:00,15:55:00,150183,,3,,,,,,1,1154.47
1052572,15:58:00,15:58:00,150156,,4,,,,,,1,1586.13
1052572,16:00:00,16:00:00,150361,,5,,,,,,1,2025.91
1052572,16:00:00,16:00:00,150362,,6,,,,,,1,2382.09
1052572,16:03:00,16:03:00,150163,,7,,,,,,1,2599.9
1052572,16:04:00,16:04:00,150164,,8,,,,,,1,3018.06
1052572,16:06:00,16:06:00,150165,,9,,,,,,1,3384.47
1052572,16:06:00,16:06:00,150159,,10,,,,,,1,3769.69
1052572,16:08:00,16:10:00,150160,,11,,,,,,1,4199.35
1052572,16:12:00,16:12:00,154262,,12,,,,,,1,4756.83
1052572,16:13:00,16:13:00,154263,,13,,,,,,1,5145.26
1052572,16:15:00,16:15:00,150184,,14,,,,,,1,5729.19
1052572,16:15:00,16:15:00,150185,,15,,,,,,1,5817.37
1052572,16:18:00,16:18:00,150186,,16,,,,,,1,6841.37
1052572,16:18:00,16:18:00,159135,,17,,,,,,1,7087.61
1052572,16:21:00,16:21:00,217346,,18,,,,,,1,7808.43
1052572,16:23:00,16:23:00,159133,,19,,,,,,1,8072.71
1052572,16:26:00,16:26:00,154395,,20,,,,,,1,9180.21
1052572,16:27:00,16:27:00,154385,,21,,,,,,1,9603.1
1052572,16:28:00,16:28:00,150226,,22,,,,,,1,9960.85
1052572,16:30:00,16:30:00,154267,,23,,,,,,1,10213
1052573,16:34:00,16:34:00,154267,,1,,,,,,1,0
1052573,16:36:00,16:36:00,150182,,2,,,,,,1,733.44
1052573,16:37:00,16:37:00,150183,,3,,,,,,1,1154.47
1052573,16:40:00,16:40:00,150156,,4,,,,,,1,1586.13
1052573,16:42:00,16:42:00,150361,,5,,,,,,1,2025.91
1052573,16:42:00,16:42:00,150362,,6,,,,,,1,2382.09
1052573,16:45:00,16:45:00,150163,,7,,,,,,1,2599.9
1052573,16:46:00,16:46:00,150164,,8,,,,,,1,3018.06
1052573,16:48:00,16:48:00,150165,,9,,,,,,1,3384.47
1052573,16:48:00,16:48:00,150159,,10,,,,,,1,3769.69
1052573,16:50:00,16:52:00,150160,,11,,,,,,1,4199.35
1052573,16:54:00,16:54:00,154262,,12,,,,,,1,4756.83
1052573,16:55:00,16:55:00,154263,,13,,,,,,1,5145.26
1052573,16:57:00,16:57:00,150184,,14,,,,,,1,5729.19
1052573,16:57:00,16:57:00,150185,,15,,,,,,1,5817.37
1052573,17:00:00,17:00:00,150186,,16,,,,,,1,6841.37
1052573,17:00:00,17:00:00,159135,,17,,,,,,1,7087.61
1052573,17:03:00,17:03:00,217346,,18,,,,,,1,7808.43
1052573,17:05:00,17:05:00,159133,,19,,,,,,1,8072.71
1052573,17:08:00,17:08:00,154395,,20,,,,,,1,9180.21
1052573,17:09:00,17:09:00,154385,,21,,,,,,1,9603.1
1052573,17:10:00,17:10:00,150226,,22,,,,,,1,9960.85
1052573,17:12:00,17:12:00,154267,,23,,,,,,1,10213
1052574,17:16:00,17:16:00,154267,,1,,,,,,1,0
1052574,17:18:00,17:18:00,150182,,2,,,,,,1,733.44
1052574,17:19:00,17:19:00,150183,,3,,,,,,1,1154.47
1052574,17:22:00,17:22:00,150156,,4,,,,,,1,1586.13
1052574,17:24:00,17:24:00,150361,,5,,,,,,1,2025.91
1052574,17:24:00,17:24:00,150362,,6,,,,,,1,2382.09
1052574,17:27:00,17:27:00,150163,,7,,,,,,1,2599.9
1052574,17:28:00,17:28:00,150164,,8,,,,,,1,3018.06
1052574,17:30:00,17:30:00,150165,,9,,,,,,1,3384.47
1052574,17:30:00,17:30:00,150159,,10,,,,,,1,3769.69
1052574,17:32:00,17:34:00,150160,,11,,,,,,1,4199.35
1052574,17:36:00,17:36:00,154262,,12,,,,,,1,4756.83
1052574,17:37:00,17:37:00,154263,,13,,,,,,1,5145.26
1052574,17:39:00,17:39:00,150184,,14,,,,,,1,5729.19
1052574,17:39:00,17:39:00,150185,,15,,,,,,1,5817.37
1052574,17:42:00,17:42:00,150186,,16,,,,,,1,6841.37
1052574,17:42:00,17:42:00,159135,,17,,,,,,1,7087.61
1052574,17:45:00,17:45:00,217346,,18,,,,,,1,7808.43
1052574,17:47:00,17:47:00,159133,,19,,,,,,1,8072.71
1052574,17:50:00,17:50:00,154395,,20,,,,,,1,9180.21
1052574,17:51:00,17:51:00,154385,,21,,,,,,1,9603.1
1052574,17:52:00,17:52:00,150226,,22,,,,,,1,9960.85
1052574,17:54:00,17:54:00,154267,,23,,,,,,1,10213
1052575,17:58:00,17:58:00,154267,,1,,,,,,1,0
1052575,18:00:00,18:00:00,150182,,2,,,,,,1,733.44
1052575,18:01:00,18:01:00,150183,,3,,,,,,1,1154.47
1052575,18:04:00,18:04:00,150156,,4,,,,,,1,1586.13
1052575,18:06:00,18:06:00,150361,,5,,,,,,1,2025.91
1052575,18:06:00,18:06:00,150362,,6,,,,,,1,2382.09
1052575,18:09:00,18:09:00,150163,,7,,,,,,1,2599.9
1052575,18:10:00,18:10:00,150164,,8,,,,,,1,3018.06
1052575,18:12:00,18:12:00,150165,,9,,,,,,1,3384.47
1052575,18:12:00,18:12:00,150159,,10,,,,,,1,3769.69
1052575,18:14:00,18:16:00,150160,,11,,,,,,1,4199.35
1052575,18:18:00,18:18:00,154262,,12,,,,,,1,4756.83
1052575,18:19:00,18:19:00,154263,,13,,,,,,1,5145.26
1052575,18:21:00,18:21:00,150184,,14,,,,,,1,5729.19
1052575,18:21:00,18:21:00,150185,,15,,,,,,1,5817.37
1052575,18:24:00,18:24:00,150186,,16,,,,,,1,6841.37
1052575,18:24:00,18:24:00,159135,,17,,,,,,1,7087.61
1052575,18:27:00,18:27:00,217346,,18,,,,,,1,7808.43
1052575,18:29:00,18:29:00,159133,,19,,,,,,1,8072.71
1052575,18:32:00,18:32:00,154395,,20,,,,,,1,9180.21
1052575,18:33:00,18:33:00,154385,,21,,,,,,1,9603.1
1052575,18:34:00,18:34:00,150226,,22,,,,,,1,9960.85
1052575,18:36:00,18:36:00,154267,,23,,,,,,1,10213
1052576,18:40:00,18:40:00,154267,,1,,,,,,1,0
1052576,18:42:00,18:42:00,150182,,2,,,,,,1,733.44
1052576,18:43:00,18:43:00,150183,,3,,,,,,1,1154.47
1052576,18:46:00,18:46:00,150156,,4,,,,,,1,1586.13
1052576,18:48:00,18:48:00,150361,,5,,,,,,1,2025.91
1052576,18:48:00,18:48:00,150362,,6,,,,,,1,2382.09
1052576,18:51:00,18:51:00,150163,,7,,,,,,1,2599.9
1052576,18:52:00,18:52:00,150164,,8,,,,,,1,3018.06
1052576,18:54:00,18:54:00,150165,,9,,,,,,1,3384.47
1052576,18:54:00,18:54:00,150159,,10,,,,,,1,3769.69
1052576,18:56:00,18:58:00,150160,,11,,,,,,1,4199.35
1052576,19:00:00,19:00:00,154262,,12,,,,,,1,4756.83
1052576,19:01:00,19:01:00,154263,,13,,,,,,1,5145.26
1052576,19:03:00,19:03:00,150184,,14,,,,,,1,5729.19
1052576,19:03:00,19:03:00,150185,,15,,,,,,1,5817.37
1052576,19:06:00,19:06:00,150186,,16,,,,,,1,6841.37
1052576,19:06:00,19:06:00,159135,,17,,,,,,1,7087.61
1052576,19:09:00,19:09:00,217346,,18,,,,,,1,7808.43
1052576,19:11:00,19:11:00,159133,,19,,,,,,1,8072.71
1052576,19:14:00,19:14:00,154395,,20,,,,,,1,9180.21
1052576,19:15:00,19:15:00,154385,,21,,,,,,1,9603.1
1052576,19:16:00,19:16:00,150226,,22,,,,,,1,9960.85
1052576,19:18:00,19:18:00,154267,,23,,,,,,1,10213
1052577,19:22:00,19:22:00,154267,,1,,,,,,1,0
1052577,19:24:00,19:24:00,150182,,2,,,,,,1,733.44
1052577,19:25:00,19:25:00,150183,,3,,,,,,1,1154.47
1052577,19:28:00,19:28:00,150156,,4,,,,,,1,1586.13
1052577,19:30:00,19:30:00,150361,,5,,,,,,1,2025.91
1052577,19:30:00,19:30:00,150362,,6,,,,,,1,2382.09
1052577,19:33:00,19:33:00,150163,,7,,,,,,1,2599.9
1052577,19:34:00,19:34:00,150164,,8,,,,,,1,3018.06
1052577,19:36:00,19:36:00,150165,,9,,,,,,1,3384.47
1052577,19:36:00,19:36:00,150159,,10,,,,,,1,3769.69
1052577,19:38:00,19:40:00,150160,,11,,,,,,1,4199.35
1052577,19:42:00,19:42:00,154262,,12,,,,,,1,4756.83
1052577,19:43:00,19:43:00,154263,,13,,,,,,1,5145.26
1052577,19:45:00,19:45:00,150184,,14,,,,,,1,5729.19
1052577,19:45:00,19:45:00,150185,,15,,,,,,1,5817.37
1052577,19:48:00,19:48:00,150186,,16,,,,,,1,6841.37
1052577,19:48:00,19:48:00,159135,,17,,,,,,1,7087.61
1052577,19:51:00,19:51:00,217346,,18,,,,,,1,7808.43
1052577,19:53:00,19:53:00,159133,,19,,,,,,1,8072.71
1052577,19:56:00,19:56:00,154395,,20,,,,,,1,9180.21
1052577,19:57:00,19:57:00,154385,,21,,,,,,1,9603.1
1052577,19:58:00,19:58:00,150226,,22,,,,,,1,9960.85
1052577,20:00:00,20:00:00,154267,,23,,,,,,1,10213
1052578,20:04:00,20:04:00,154267,,1,,,,,,1,0
1052578,20:06:00,20:06:00,150182,,2,,,,,,1,733.44
1052578,20:07:00,20:07:00,150183,,3,,,,,,1,1154.47
1052578,20:10:00,20:10:00,150156,,4,,,,,,1,1586.13
1052578,20:12:00,20:12:00,150361,,5,,,,,,1,2025.91
1052578,20:12:00,20:12:00,150362,,6,,,,,,1,2382.09
1052578,20:15:00,20:15:00,150163,,7,,,,,,1,2599.9
1052578,20:16:00,20:16:00,150164,,8,,,,,,1,3018.06
1052578,20:18:00,20:18:00,150165,,9,,,,,,1,3384.47
1052578,20:18:00,20:18:00,150159,,10,,,,,,1,3769.69
1052578,20:20:00,20:22:00,150160,,11,,,,,,1,4199.35
1052578,20:24:00,20:24:00,154262,,12,,,,,,1,4756.83
1052578,20:25:00,20:25:00,154263,,13,,,,,,1,5145.26
1052578,20:27:00,20:27:00,150184,,14,,,,,,1,5729.19
1052578,20:27:00,20:27:00,150185,,15,,,,,,1,5817.37
1052578,20:30:00,20:30:00,150186,,16,,,,,,1,6841.37
1052578,20:30:00,20:30:00,159135,,17,,,,,,1,7087.61
1052578,20:33:00,20:33:00,217346,,18,,,,,,1,7808.43
1052578,20:35:00,20:35:00,159133,,19,,,,,,1,8072.71
1052578,20:38:00,20:38:00,154395,,20,,,,,,1,9180.21
1052578,20:39:00,20:39:00,154385,,21,,,,,,1,9603.1
1052578,20:40:00,20:40:00,150226,,22,,,,,,1,9960.85
1052578,20:42:00,20:42:00,154267,,23,,,,,,1,10213
1052579,20:46:00,20:46:00,154267,,1,,,,,,1,0
1052579,20:48:00,20:48:00,150182,,2,,,,,,1,733.44
1052579,20:49:00,20:49:00,150183,,3,,,,,,1,1154.47
1052579,20:52:00,20:52:00,150156,,4,,,,,,1,1586.13
1052579,20:54:00,20:54:00,150361,,5,,,,,,1,2025.91
1052579,20:54:00,20:54:00,150362,,6,,,,,,1,2382.09
1052579,20:57:00,20:57:00,150163,,7,,,,,,1,2599.9
1052579,20:58:00,20:58:00,150164,,8,,,,,,1,3018.06
1052579,21:00:00,21:00:00,150165,,9,,,,,,1,3384.47
1052579,21:00:00,21:00:00,150159,,10,,,,,,1,3769.69
1052579,21:02:00,21:04:00,150160,,11,,,,,,1,4199.35
1052579,21:06:00,21:06:00,154262,,12,,,,,,1,4756.83
1052579,21:07:00,21:07:00,154263,,13,,,,,,1,5145.26
1052579,21:09:00,21:09:00,150184,,14,,,,,,1,5729.19
1052579,21:09:00,21:09:00,150185,,15,,,,,,1,5817.37
1052579,21:12:00,21:12:00,150186,,16,,,,,,1,6841.37
1052579,21:12:00,21:12:00,159135,,17,,,,,,1,7087.61
1052579,21:15:00,21:15:00,217346,,18,,,,,,1,7808.43
1052579,21:17:00,21:17:00,159133,,19,,,,,,1,8072.71
1052579,21:20:00,21:20:00,154395,,20,,,,,,1,9180.21
1052579,21:21:00,21:21:00,154385,,21,,,,,,1,9603.1
1052579,21:22:00,21:22:00,150226,,22,,,,,,1,9960.85
1052579,21:24:00,21:24:00,154267,,23,,,,,,1,10213
1052580,21:28:00,21:28:00,154267,,1,,,,,,1,0
1052580,21:30:00,21:30:00,150182,,2,,,,,,1,733.44
1052580,21:31:00,21:31:00,150183,,3,,,,,,1,1154.47
1052580,21:34:00,21:34:00,150156,,4,,,,,,1,1586.13
1052580,21:36:00,21:36:00,150361,,5,,,,,,1,2025.91
1052580,21:36:00,21:36:00,150362,,6,,,,,,1,2382.09
1052580,21:39:00,21:39:00,150163,,7,,,,,,1,2599.9
1052580,21:40:00,21:40:00,150164,,8,,,,,,1,3018.06
1052580,21:42:00,21:42:00,150165,,9,,,,,,1,3384.47
1052580,21:42:00,21:42:00,150159,,10,,,,,,1,3769.69
1052580,21:44:00,21:46:00,150160,,11,,,,,,1,4199.35
1052580,21:48:00,21:48:00,154262,,12,,,,,,1,4756.83
1052580,21:49:00,21:49:00,154263,,13,,,,,,1,5145.26
1052580,21:51:00,21:51:00,150184,,14,,,,,,1,5729.19
1052580,21:51:00,21:51:00,150185,,15,,,,,,1,5817.37
1052580,21:54:00,21:54:00,150186,,16,,,,,,1,6841.37
1052580,21:54:00,21:54:00,159135,,17,,,,,,1,7087.61
1052580,21:57:00,21:57:00,217346,,18,,,,,,1,7808.43
1052580,21:59:00,21:59:00,159133,,19,,,,,,1,8072.71
1052580,22:02:00,22:02:00,154395,,20,,,,,,1,9180.21
1052580,22:03:00,22:03:00,154385,,21,,,,,,1,9603.1
1052580,22:04:00,22:04:00,150226,,22,,,,,,1,9960.85
1052580,22:06:00,22:06:00,154267,,23,,,,,,1,10213
1052558,07:14:00,07:14:00,154267,,1,,,,,,1,0
1052558,07:16:00,07:16:00,150182,,2,,,,,,1,733.44
1052558,07:17:00,07:17:00,150183,,3,,,,,,1,1154.47
1052558,07:20:00,07:20:00,150156,,4,,,,,,1,1586.13
1052558,07:22:00,07:22:00,150361,,5,,,,,,1,2025.91
1052558,07:22:00,07:22:00,150362,,6,,,,,,1,2382.09
1052558,07:25:00,07:25:00,150163,,7,,,,,,1,2599.9
1052558,07:26:00,07:26:00,150164,,8,,,,,,1,3018.06
1052558,07:28:00,07:28:00,150165,,9,,,,,,1,3384.47
1052558,07:28:00,07:28:00,150159,,10,,,,,,1,3769.69
1052558,07:30:00,07:32:00,150160,,11,,,,,,1,4199.35
1052558,07:34:00,07:34:00,154262,,12,,,,,,1,4756.83
1052558,07:35:00,07:35:00,154263,,13,,,,,,1,5145.26
1052558,07:37:00,07:37:00,150184,,14,,,,,,1,5729.19
1052558,07:37:00,07:37:00,150185,,15,,,,,,1,5817.37
1052558,07:40:00,07:40:00,150186,,16,,,,,,1,6841.37
1052558,07:40:00,07:40:00,159135,,17,,,,,,1,7087.61
1052558,07:42:00,07:42:00,217346,,18,,,,,,1,7808.43
1052558,07:45:00,07:45:00,159133,,19,,,,,,1,8072.71
1052558,07:48:00,07:48:00,154395,,20,,,,,,1,9180.21
1052558,07:49:00,07:49:00,154385,,21,,,,,,1,9603.1
1052558,07:50:00,07:50:00,150226,,22,,,,,,1,9960.85
1052558,07:52:00,07:52:00,154267,,23,,,,,,1,10213
1052581,07:56:00,07:56:00,154267,,1,,,,,,1,0
1052581,07:58:00,07:58:00,150182,,2,,,,,,1,733.44
1052581,07:59:00,07:59:00,150183,,3,,,,,,1,1154.47
1052581,08:02:00,08:02:00,150156,,4,,,,,,1,1586.13
1052581,08:04:00,08:04:00,150361,,5,,,,,,1,2025.91
1052581,08:04:00,08:04:00,150362,,6,,,,,,1,2382.09
1052581,08:07:00,08:07:00,150163,,7,,,,,,1,2599.9
1052581,08:08:00,08:08:00,150164,,8,,,,,,1,3018.06
1052581,08:10:00,08:10:00,150165,,9,,,,,,1,3384.47
1052581,08:10:00,08:10:00,150159,,10,,,,,,1,3769.69
1052581,08:12:00,08:14:00,150160,,11,,,,,,1,4199.35
1052581,08:16:00,08:16:00,154262,,12,,,,,,1,4756.83
1052581,08:17:00,08:17:00,154263,,13,,,,,,1,5145.26
1052581,08:19:00,08:19:00,150184,,14,,,,,,1,5729.19
1052581,08:19:00,08:19:00,150185,,15,,,,,,1,5817.37
1052581,08:22:00,08:22:00,150186,,16,,,,,,1,6841.37
1052581,08:22:00,08:22:00,159135,,17,,,,,,1,7087.61
1052581,08:24:00,08:24:00,217346,,18,,,,,,1,7808.43
1052581,08:27:00,08:27:00,159133,,19,,,,,,1,8072.71
1052581,08:30:00,08:30:00,154395,,20,,,,,,1,9180.21
1052581,08:31:00,08:31:00,154385,,21,,,,,,1,9603.1
1052581,08:32:00,08:32:00,150226,,22,,,,,,1,9960.85
1052581,08:34:00,08:34:00,154267,,23,,,,,,1,10213
1052582,08:38:00,08:38:00,154267,,1,,,,,,1,0
1052582,08:40:00,08:40:00,150182,,2,,,,,,1,733.44
1052582,08:41:00,08:41:00,150183,,3,,,,,,1,1154.47
1052582,08:44:00,08:44:00,150156,,4,,,,,,1,1586.13
1052582,08:46:00,08:46:00,150361,,5,,,,,,1,2025.91
1052582,08:46:00,08:46:00,150362,,6,,,,,,1,2382.09
1052582,08:49:00,08:49:00,150163,,7,,,,,,1,2599.9
1052582,08:50:00,08:50:00,150164,,8,,,,,,1,3018.06
1052582,08:52:00,08:52:00,150165,,9,,,,,,1,3384.47
1052582,08:52:00,08:52:00,150159,,10,,,,,,1,3769.69
1052582,08:54:00,08:56:00,150160,,11,,,,,,1,4199.35
1052582,08:58:00,08:58:00,154262,,12,,,,,,1,4756.83
1052582,08:59:00,08:59:00,154263,,13,,,,,,1,5145.26
1052582,09:01:00,09:01:00,150184,,14,,,,,,1,5729.19
1052582,09:01:00,09:01:00,150185,,15,,,,,,1,5817.37
1052582,09:04:00,09:04:00,150186,,16,,,,,,1,6841.37
1052582,09:04:00,09:04:00,159135,,17,,,,,,1,7087.61
1052582,09:06:00,09:06:00,217346,,18,,,,,,1,7808.43
1052582,09:09:00,09:09:00,159133,,19,,,,,,1,8072.71
1052582,09:12:00,09:12:00,154395,,20,,,,,,1,9180.21
1052582,09:13:00,09:13:00,154385,,21,,,,,,1,9603.1
1052582,09:14:00,09:14:00,150226,,22,,,,,,1,9960.85
1052582,09:16:00,09:16:00,154267,,23,,,,,,1,10213
1052583,09:20:00,09:20:00,154267,,1,,,,,,1,0
1052583,09:22:00,09:22:00,150182,,2,,,,,,1,733.44
1052583,09:23:00,09:23:00,150183,,3,,,,,,1,1154.47
1052583,09:26:00,09:26:00,150156,,4,,,,,,1,1586.13
1052583,09:28:00,09:28:00,150361,,5,,,,,,1,2025.91
1052583,09:28:00,09:28:00,150362,,6,,,,,,1,2382.09
1052583,09:31:00,09:31:00,150163,,7,,,,,,1,2599.9
1052583,09:32:00,09:32:00,150164,,8,,,,,,1,3018.06
1052583,09:34:00,09:34:00,150165,,9,,,,,,1,3384.47
1052583,09:34:00,09:34:00,150159,,10,,,,,,1,3769.69
1052583,09:36:00,09:38:00,150160,,11,,,,,,1,4199.35
1052583,09:40:00,09:40:00,154262,,12,,,,,,1,4756.83
1052583,09:41:00,09:41:00,154263,,13,,,,,,1,5145.26
1052583,09:43:00,09:43:00,150184,,14,,,,,,1,5729.19
1052583,09:43:00,09:43:00,150185,,15,,,,,,1,5817.37
1052583,09:46:00,09:46:00,150186,,16,,,,,,1,6841.37
1052583,09:46:00,09:46:00,159135,,17,,,,,,1,7087.61
1052583,09:48:00,09:48:00,217346,,18,,,,,,1,7808.43
1052583,09:51:00,09:51:00,159133,,19,,,,,,1,8072.71
1052583,09:54:00,09:54:00,154395,,20,,,,,,1,9180.21
1052583,09:55:00,09:55:00,154385,,21,,,,,,1,9603.1
1052583,09:56:00,09:56:00,150226,,22,,,,,,1,9960.85
1052583,09:58:00,09:58:00,154267,,23,,,,,,1,10213
1052584,10:02:00,10:02:00,154267,,1,,,,,,1,0
1052584,10:04:00,10:04:00,150182,,2,,,,,,1,733.44
1052584,10:05:00,10:05:00,150183,,3,,,,,,1,1154.47
1052584,10:08:00,10:08:00,150156,,4,,,,,,1,1586.13
1052584,10:10:00,10:10:00,150361,,5,,,,,,1,2025.91
1052584,10:10:00,10:10:00,150362,,6,,,,,,1,2382.09
1052584,10:13:00,10:13:00,150163,,7,,,,,,1,2599.9
1052584,10:14:00,10:14:00,150164,,8,,,,,,1,3018.06
1052584,10:16:00,10:16:00,150165,,9,,,,,,1,3384.47
1052584,10:16:00,10:16:00,150159,,10,,,,,,1,3769.69
1052584,10:18:00,10:20:00,150160,,11,,,,,,1,4199.35
1052584,10:22:00,10:22:00,154262,,12,,,,,,1,4756.83
1052584,10:23:00,10:23:00,154263,,13,,,,,,1,5145.26
1052584,10:25:00,10:25:00,150184,,14,,,,,,1,5729.19
1052584,10:25:00,10:25:00,150185,,15,,,,,,1,5817.37
1052584,10:28:00,10:28:00,150186,,16,,,,,,1,6841.37
1052584,10:28:00,10:28:00,159135,,17,,,,,,1,7087.61
1052584,10:30:00,10:30:00,217346,,18,,,,,,1,7808.43
1052584,10:33:00,10:33:00,159133,,19,,,,,,1,8072.71
1052584,10:36:00,10:36:00,154395,,20,,,,,,1,9180.21
1052584,10:37:00,10:37:00,154385,,21,,,,,,1,9603.1
1052584,10:38:00,10:38:00,150226,,22,,,,,,1,9960.85
1052584,10:40:00,10:40:00,154267,,23,,,,,,1,10213
1052585,10:44:00,10:44:00,154267,,1,,,,,,1,0
1052585,10:46:00,10:46:00,150182,,2,,,,,,1,733.44
1052585,10:47:00,10:47:00,150183,,3,,,,,,1,1154.47
1052585,10:50:00,10:50:00,150156,,4,,,,,,1,1586.13
1052585,10:52:00,10:52:00,150361,,5,,,,,,1,2025.91
1052585,10:52:00,10:52:00,150362,,6,,,,,,1,2382.09
1052585,10:55:00,10:55:00,150163,,7,,,,,,1,2599.9
1052585,10:56:00,10:56:00,150164,,8,,,,,,1,3018.06
1052585,10:58:00,10:58:00,150165,,9,,,,,,1,3384.47
1052585,10:58:00,10:58:00,150159,,10,,,,,,1,3769.69
1052585,11:00:00,11:02:00,150160,,11,,,,,,1,4199.35
1052585,11:04:00,11:04:00,154262,,12,,,,,,1,4756.83
1052585,11:05:00,11:05:00,154263,,13,,,,,,1,5145.26
1052585,11:07:00,11:07:00,150184,,14,,,,,,1,5729.19
1052585,11:07:00,11:07:00,150185,,15,,,,,,1,5817.37
1052585,11:10:00,11:10:00,150186,,16,,,,,,1,6841.37
1052585,11:10:00,11:10:00,159135,,17,,,,,,1,7087.61
1052585,11:12:00,11:12:00,217346,,18,,,,,,1,7808.43
1052585,11:15:00,11:15:00,159133,,19,,,,,,1,8072.71
1052585,11:18:00,11:18:00,154395,,20,,,,,,1,9180.21
1052585,11:19:00,11:19:00,154385,,21,,,,,,1,9603.1
1052585,11:20:00,11:20:00,150226,,22,,,,,,1,9960.85
1052585,11:22:00,11:22:00,154267,,23,,,,,,1,10213
1052586,11:26:00,11:26:00,154267,,1,,,,,,1,0
1052586,11:28:00,11:28:00,150182,,2,,,,,,1,733.44
1052586,11:29:00,11:29:00,150183,,3,,,,,,1,1154.47
1052586,11:32:00,11:32:00,150156,,4,,,,,,1,1586.13
1052586,11:34:00,11:34:00,150361,,5,,,,,,1,2025.91
1052586,11:34:00,11:34:00,150362,,6,,,,,,1,2382.09
1052586,11:37:00,11:37:00,150163,,7,,,,,,1,2599.9
1052586,11:38:00,11:38:00,150164,,8,,,,,,1,3018.06
1052586,11:40:00,11:40:00,150165,,9,,,,,,1,3384.47
1052586,11:40:00,11:40:00,150159,,10,,,,,,1,3769.69
1052586,11:42:00,11:44:00,150160,,11,,,,,,1,4199.35
1052586,11:46:00,11:46:00,154262,,12,,,,,,1,4756.83
1052586,11:47:00,11:47:00,154263,,13,,,,,,1,5145.26
1052586,11:49:00,11:49:00,150184,,14,,,,,,1,5729.19
1052586,11:49:00,11:49:00,150185,,15,,,,,,1,5817.37
1052586,11:52:00,11:52:00,150186,,16,,,,,,1,6841.37
1052586,11:52:00,11:52:00,159135,,17,,,,,,1,7087.61
1052586,11:54:00,11:54:00,217346,,18,,,,,,1,7808.43
1052586,11:57:00,11:57:00,159133,,19,,,,,,1,8072.71
1052586,12:00:00,12:00:00,154395,,20,,,,,,1,9180.21
1052586,12:01:00,12:01:00,154385,,21,,,,,,1,9603.1
1052586,12:02:00,12:02:00,150226,,22,,,,,,1,9960.85
1052586,12:04:00,12:04:00,154267,,23,,,,,,1,10213
1052587,12:08:00,12:08:00,154267,,1,,,,,,1,0
1052587,12:10:00,12:10:00,150182,,2,,,,,,1,733.44
1052587,12:11:00,12:11:00,150183,,3,,,,,,1,1154.47
1052587,12:14:00,12:14:00,150156,,4,,,,,,1,1586.13
1052587,12:16:00,12:16:00,150361,,5,,,,,,1,2025.91
1052587,12:16:00,12:16:00,150362,,6,,,,,,1,2382.09
1052587,12:19:00,12:19:00,150163,,7,,,,,,1,2599.9
1052587,12:20:00,12:20:00,150164,,8,,,,,,1,3018.06
1052587,12:22:00,12:22:00,150165,,9,,,,,,1,3384.47
1052587,12:22:00,12:22:00,150159,,10,,,,,,1,3769.69
1052587,12:24:00,12:26:00,150160,,11,,,,,,1,4199.35
1052587,12:28:00,12:28:00,154262,,12,,,,,,1,4756.83
1052587,12:29:00,12:29:00,154263,,13,,,,,,1,5145.26
1052587,12:31:00,12:31:00,150184,,14,,,,,,1,5729.19
1052587,12:31:00,12:31:00,150185,,15,,,,,,1,5817.37
1052587,12:34:00,12:34:00,150186,,16,,,,,,1,6841.37
1052587,12:34:00,12:34:00,159135,,17,,,,,,1,7087.61
1052587,12:36:00,12:36:00,217346,,18,,,,,,1,7808.43
1052587,12:39:00,12:39:00,159133,,19,,,,,,1,8072.71
1052587,12:42:00,12:42:00,154395,,20,,,,,,1,9180.21
1052587,12:43:00,12:43:00,154385,,21,,,,,,1,9603.1
1052587,12:44:00,12:44:00,150226,,22,,,,,,1,9960.85
1052587,12:46:00,12:46:00,154267,,23,,,,,,1,10213
1052588,12:50:00,12:50:00,154267,,1,,,,,,1,0
1052588,12:52:00,12:52:00,150182,,2,,,,,,1,733.44
1052588,12:53:00,12:53:00,150183,,3,,,,,,1,1154.47
1052588,12:56:00,12:56:00,150156,,4,,,,,,1,1586.13
1052588,12:58:00,12:58:00,150361,,5,,,,,,1,2025.91
1052588,12:58:00,12:58:00,150362,,6,,,,,,1,2382.09
1052588,13:01:00,13:01:00,150163,,7,,,,,,1,2599.9
1052588,13:02:00,13:02:00,150164,,8,,,,,,1,3018.06
1052588,13:04:00,13:04:00,150165,,9,,,,,,1,3384.47
1052588,13:04:00,13:04:00,150159,,10,,,,,,1,3769.69
1052588,13:06:00,13:08:00,150160,,11,,,,,,1,4199.35
1052588,13:10:00,13:10:00,154262,,12,,,,,,1,4756.83
1052588,13:11:00,13:11:00,154263,,13,,,,,,1,5145.26
1052588,13:13:00,13:13:00,150184,,14,,,,,,1,5729.19
1052588,13:13:00,13:13:00,150185,,15,,,,,,1,5817.37
1052588,13:16:00,13:16:00,150186,,16,,,,,,1,6841.37
1052588,13:16:00,13:16:00,159135,,17,,,,,,1,7087.61
1052588,13:18:00,13:18:00,217346,,18,,,,,,1,7808.43
1052588,13:21:00,13:21:00,159133,,19,,,,,,1,8072.71
1052588,13:24:00,13:24:00,154395,,20,,,,,,1,9180.21
1052588,13:25:00,13:25:00,154385,,21,,,,,,1,9603.1
1052588,13:26:00,13:26:00,150226,,22,,,,,,1,9960.85
1052588,13:28:00,13:28:00,154267,,23,,,,,,1,10213
1052589,13:32:00,13:32:00,154267,,1,,,,,,1,0
1052589,13:34:00,13:34:00,150182,,2,,,,,,1,733.44
1052589,13:35:00,13:35:00,150183,,3,,,,,,1,1154.47
1052589,13:38:00,13:38:00,150156,,4,,,,,,1,1586.13
1052589,13:40:00,13:40:00,150361,,5,,,,,,1,2025.91
1052589,13:40:00,13:40:00,150362,,6,,,,,,1,2382.09
1052589,13:43:00,13:43:00,150163,,7,,,,,,1,2599.9
1052589,13:44:00,13:44:00,150164,,8,,,,,,1,3018.06
1052589,13:46:00,13:46:00,150165,,9,,,,,,1,3384.47
1052589,13:46:00,13:46:00,150159,,10,,,,,,1,3769.69
1052589,13:48:00,13:50:00,150160,,11,,,,,,1,4199.35
1052589,13:52:00,13:52:00,154262,,12,,,,,,1,4756.83
1052589,13:53:00,13:53:00,154263,,13,,,,,,1,5145.26
1052589,13:55:00,13:55:00,150184,,14,,,,,,1,5729.19
1052589,13:55:00,13:55:00,150185,,15,,,,,,1,5817.37
1052589,13:58:00,13:58:00,150186,,16,,,,,,1,6841.37
1052589,13:58:00,13:58:00,159135,,17,,,,,,1,7087.61
1052589,14:00:00,14:00:00,217346,,18,,,,,,1,7808.43
1052589,14:03:00,14:03:00,159133,,19,,,,,,1,8072.71
1052589,14:06:00,14:06:00,154395,,20,,,,,,1,9180.21
1052589,14:07:00,14:07:00,154385,,21,,,,,,1,9603.1
1052589,14:08:00,14:08:00,150226,,22,,,,,,1,9960.85
1052589,14:10:00,14:10:00,154267,,23,,,,,,1,10213
1052590,14:14:00,14:14:00,154267,,1,,,,,,1,0
1052590,14:16:00,14:16:00,150182,,2,,,,,,1,733.44
1052590,14:17:00,14:17:00,150183,,3,,,,,,1,1154.47
1052590,14:20:00,14:20:00,150156,,4,,,,,,1,1586.13
1052590,14:22:00,14:22:00,150361,,5,,,,,,1,2025.91
1052590,14:22:00,14:22:00,150362,,6,,,,,,1,2382.09
1052590,14:25:00,14:25:00,150163,,7,,,,,,1,2599.9
1052590,14:26:00,14:26:00,150164,,8,,,,,,1,3018.06
1052590,14:28:00,14:28:00,150165,,9,,,,,,1,3384.47
1052590,14:28:00,14:28:00,150159,,10,,,,,,1,3769.69
1052590,14:30:00,14:32:00,150160,,11,,,,,,1,4199.35
1052590,14:34:00,14:34:00,154262,,12,,,,,,1,4756.83
1052590,14:35:00,14:35:00,154263,,13,,,,,,1,5145.26
1052590,14:37:00,14:37:00,150184,,14,,,,,,1,5729.19
1052590,14:37:00,14:37:00,150185,,15,,,,,,1,5817.37
1052590,14:40:00,14:40:00,150186,,16,,,,,,1,6841.37
1052590,14:40:00,14:40:00,159135,,17,,,,,,1,7087.61
1052590,14:42:00,14:42:00,217346,,18,,,,,,1,7808.43
1052590,14:45:00,14:45:00,159133,,19,,,,,,1,8072.71
1052590,14:48:00,14:48:00,154395,,20,,,,,,1,9180.21
1052590,14:49:00,14:49:00,154385,,21,,,,,,1,9603.1
1052590,14:50:00,14:50:00,150226,,22,,,,,,1,9960.85
1052590,14:52:00,14:52:00,154267,,23,,,,,,1,10213
1052591,14:56:00,14:56:00,154267,,1,,,,,,1,0
1052591,14:58:00,14:58:00,150182,,2,,,,,,1,733.44
1052591,14:59:00,14:59:00,150183,,3,,,,,,1,1154.47
1052591,15:02:00,15:02:00,150156,,4,,,,,,1,1586.13
1052591,15:04:00,15:04:00,150361,,5,,,,,,1,2025.91
1052591,15:04:00,15:04:00,150362,,6,,,,,,1,2382.09
1052591,15:07:00,15:07:00,150163,,7,,,,,,1,2599.9
1052591,15:08:00,15:08:00,150164,,8,,,,,,1,3018.06
1052591,15:10:00,15:10:00,150165,,9,,,,,,1,3384.47
1052591,15:10:00,15:10:00,150159,,10,,,,,,1,3769.69
1052591,15:12:00,15:14:00,150160,,11,,,,,,1,4199.35
1052591,15:16:00,15:16:00,154262,,12,,,,,,1,4756.83
1052591,15:17:00,15:17:00,154263,,13,,,,,,1,5145.26
1052591,15:19:00,15:19:00,150184,,14,,,,,,1,5729.19
1052591,15:19:00,15:19:00,150185,,15,,,,,,1,5817.37
1052591,15:22:00,15:22:00,150186,,16,,,,,,1,6841.37
1052591,15:22:00,15:22:00,159135,,17,,,,,,1,7087.61
1052591,15:24:00,15:24:00,217346,,18,,,,,,1,7808.43
1052591,15:27:00,15:27:00,159133,,19,,,,,,1,8072.71
1052591,15:30:00,15:30:00,154395,,20,,,,,,1,9180.21
1052591,15:31:00,15:31:00,154385,,21,,,,,,1,9603.1
1052591,15:32:00,15:32:00,150226,,22,,,,,,1,9960.85
1052591,15:34:00,15:34:00,154267,,23,,,,,,1,10213
1052592,15:38:00,15:38:00,154267,,1,,,,,,1,0
1052592,15:40:00,15:40:00,150182,,2,,,,,,1,733.44
1052592,15:41:00,15:41:00,150183,,3,,,,,,1,1154.47
1052592,15:44:00,15:44:00,150156,,4,,,,,,1,1586.13
1052592,15:46:00,15:46:00,150361,,5,,,,,,1,2025.91
1052592,15:46:00,15:46:00,150362,,6,,,,,,1,2382.09
1052592,15:49:00,15:49:00,150163,,7,,,,,,1,2599.9
1052592,15:50:00,15:50:00,150164,,8,,,,,,1,3018.06
1052592,15:52:00,15:52:00,150165,,9,,,,,,1,3384.47
1052592,15:52:00,15:52:00,150159,,10,,,,,,1,3769.69
1052592,15:54:00,15:56:00,150160,,11,,,,,,1,4199.35
1052592,15:58:00,15:58:00,154262,,12,,,,,,1,4756.83
1052592,15:59:00,15:59:00,154263,,13,,,,,,1,5145.26
1052592,16:01:00,16:01:00,150184,,14,,,,,,1,5729.19
1052592,16:01:00,16:01:00,150185,,15,,,,,,1,5817.37
1052592,16:04:00,16:04:00,150186,,16,,,,,,1,6841.37
1052592,16:04:00,16:04:00,159135,,17,,,,,,1,7087.61
1052592,16:06:00,16:06:00,217346,,18,,,,,,1,7808.43
1052592,16:09:00,16:09:00,159133,,19,,,,,,1,8072.71
1052592,16:12:00,16:12:00,154395,,20,,,,,,1,9180.21
1052592,16:13:00,16:13:00,154385,,21,,,,,,1,9603.1
1052592,16:14:00,16:14:00,150226,,22,,,,,,1,9960.85
1052592,16:16:00,16:16:00,154267,,23,,,,,,1,10213
1052593,16:20:00,16:20:00,154267,,1,,,,,,1,0
1052593,16:22:00,16:22:00,150182,,2,,,,,,1,733.44
1052593,16:23:00,16:23:00,150183,,3,,,,,,1,1154.47
1052593,16:26:00,16:26:00,150156,,4,,,,,,1,1586.13
1052593,16:28:00,16:28:00,150361,,5,,,,,,1,2025.91
1052593,16:28:00,16:28:00,150362,,6,,,,,,1,2382.09
1052593,16:31:00,16:31:00,150163,,7,,,,,,1,2599.9
1052593,16:32:00,16:32:00,150164,,8,,,,,,1,3018.06
1052593,16:34:00,16:34:00,150165,,9,,,,,,1,3384.47
1052593,16:34:00,16:34:00,150159,,10,,,,,,1,3769.69
1052593,16:36:00,16:38:00,150160,,11,,,,,,1,4199.35
1052593,16:40:00,16:40:00,154262,,12,,,,,,1,4756.83
1052593,16:41:00,16:41:00,154263,,13,,,,,,1,5145.26
1052593,16:43:00,16:43:00,150184,,14,,,,,,1,5729.19
1052593,16:43:00,16:43:00,150185,,15,,,,,,1,5817.37
1052593,16:46:00,16:46:00,150186,,16,,,,,,1,6841.37
1052593,16:46:00,16:46:00,159135,,17,,,,,,1,7087.61
1052593,16:48:00,16:48:00,217346,,18,,,,,,1,7808.43
1052593,16:51:00,16:51:00,159133,,19,,,,,,1,8072.71
1052593,16:54:00,16:54:00,154395,,20,,,,,,1,9180.21
1052593,16:55:00,16:55:00,154385,,21,,,,,,1,9603.1
1052593,16:56:00,16:56:00,150226,,22,,,,,,1,9960.85
1052593,16:58:00,16:58:00,154267,,23,,,,,,1,10213
1052594,17:02:00,17:02:00,154267,,1,,,,,,1,0
1052594,17:04:00,17:04:00,150182,,2,,,,,,1,733.44
1052594,17:05:00,17:05:00,150183,,3,,,,,,1,1154.47
1052594,17:08:00,17:08:00,150156,,4,,,,,,1,1586.13
1052594,17:10:00,17:10:00,150361,,5,,,,,,1,2025.91
1052594,17:10:00,17:10:00,150362,,6,,,,,,1,2382.09
1052594,17:13:00,17:13:00,150163,,7,,,,,,1,2599.9
1052594,17:14:00,17:14:00,150164,,8,,,,,,1,3018.06
1052594,17:16:00,17:16:00,150165,,9,,,,,,1,3384.47
1052594,17:16:00,17:16:00,150159,,10,,,,,,1,3769.69
1052594,17:18:00,17:20:00,150160,,11,,,,,,1,4199.35
1052594,17:22:00,17:22:00,154262,,12,,,,,,1,4756.83
1052594,17:23:00,17:23:00,154263,,13,,,,,,1,5145.26
1052594,17:25:00,17:25:00,150184,,14,,,,,,1,5729.19
1052594,17:25:00,17:25:00,150185,,15,,,,,,1,5817.37
1052594,17:28:00,17:28:00,150186,,16,,,,,,1,6841.37
1052594,17:28:00,17:28:00,159135,,17,,,,,,1,7087.61
1052594,17:30:00,17:30:00,217346,,18,,,,,,1,7808.43
1052594,17:33:00,17:33:00,159133,,19,,,,,,1,8072.71
1052594,17:36:00,17:36:00,154395,,20,,,,,,1,9180.21
1052594,17:37:00,17:37:00,154385,,21,,,,,,1,9603.1
1052594,17:38:00,17:38:00,150226,,22,,,,,,1,9960.85
1052594,17:40:00,17:40:00,154267,,23,,,,,,1,10213
1052595,17:44:00,17:44:00,154267,,1,,,,,,1,0
1052595,17:46:00,17:46:00,150182,,2,,,,,,1,733.44
1052595,17:47:00,17:47:00,150183,,3,,,,,,1,1154.47
1052595,17:50:00,17:50:00,150156,,4,,,,,,1,1586.13
1052595,17:52:00,17:52:00,150361,,5,,,,,,1,2025.91
1052595,17:52:00,17:52:00,150362,,6,,,,,,1,2382.09
1052595,17:55:00,17:55:00,150163,,7,,,,,,1,2599.9
1052595,17:56:00,17:56:00,150164,,8,,,,,,1,3018.06
1052595,17:58:00,17:58:00,150165,,9,,,,,,1,3384.47
1052595,17:58:00,17:58:00,150159,,10,,,,,,1,3769.69
1052595,18:00:00,18:00:00,150160,,11,,,,,,1,4199.35
1052559,08:30:00,08:30:00,154267,,1,,,,,,1,0
1052559,08:32:00,08:32:00,150182,,2,,,,,,1,733.44
1052559,08:33:00,08:33:00,150183,,3,,,,,,1,1154.47
1052559,08:35:00,08:35:00,150156,,4,,,,,,1,1586.13
1052559,08:38:00,08:38:00,150361,,5,,,,,,1,2025.91
1052559,08:39:00,08:39:00,150362,,6,,,,,,1,2382.09
1052559,08:41:00,08:41:00,150163,,7,,,,,,1,2599.9
1052559,08:43:00,08:43:00,150164,,8,,,,,,1,3018.06
1052559,08:44:00,08:44:00,150165,,9,,,,,,1,3384.47
1052559,08:45:00,08:45:00,150159,,10,,,,,,1,3769.69
1052559,08:48:00,08:48:00,150160,,11,,,,,,1,4199.35
1052559,08:50:00,08:50:00,154262,,12,,,,,,1,4756.83
1052559,08:51:00,08:51:00,154263,,13,,,,,,1,5145.26
1052559,08:53:00,08:53:00,150184,,14,,,,,,1,5729.19
1052559,08:54:00,08:54:00,150185,,15,,,,,,1,5817.37
1052559,08:56:00,08:56:00,150186,,16,,,,,,1,6841.37
1052559,08:57:00,08:57:00,159135,,17,,,,,,1,7087.61
1052559,08:59:00,08:59:00,217346,,18,,,,,,1,7808.43
1052559,09:00:00,09:00:00,159133,,19,,,,,,1,8072.71
1052559,09:05:00,09:05:00,154395,,20,,,,,,1,9180.21
1052559,09:07:00,09:07:00,154385,,21,,,,,,1,9603.1
1052559,09:08:00,09:08:00,150226,,22,,,,,,1,9960.85
1052559,09:08:00,09:08:00,154267,,23,,,,,,1,10213
1052596,09:12:00,09:12:00,154267,,1,,,,,,1,0
1052596,09:14:00,09:14:00,150182,,2,,,,,,1,733.44
1052596,09:15:00,09:15:00,150183,,3,,,,,,1,1154.47
1052596,09:17:00,09:17:00,150156,,4,,,,,,1,1586.13
1052596,09:20:00,09:20:00,150361,,5,,,,,,1,2025.91
1052596,09:21:00,09:21:00,150362,,6,,,,,,1,2382.09
1052596,09:23:00,09:23:00,150163,,7,,,,,,1,2599.9
1052596,09:25:00,09:25:00,150164,,8,,,,,,1,3018.06
1052596,09:26:00,09:26:00,150165,,9,,,,,,1,3384.47
1052596,09:27:00,09:27:00,150159,,10,,,,,,1,3769.69
1052596,09:30:00,09:30:00,150160,,11,,,,,,1,4199.35
1052596,09:32:00,09:32:00,154262,,12,,,,,,1,4756.83
1052596,09:33:00,09:33:00,154263,,13,,,,,,1,5145.26
1052596,09:35:00,09:35:00,150184,,14,,,,,,1,5729.19
1052596,09:36:00,09:36:00,150185,,15,,,,,,1,5817.37
1052596,09:38:00,09:38:00,150186,,16,,,,,,1,6841.37
1052596,09:39:00,09:39:00,159135,,17,,,,,,1,7087.61
1052596,09:41:00,09:41:00,217346,,18,,,,,,1,7808.43
1052596,09:42:00,09:42:00,159133,,19,,,,,,1,8072.71
1052596,09:47:00,09:47:00,154395,,20,,,,,,1,9180.21
1052596,09:49:00,09:49:00,154385,,21,,,,,,1,9603.1
1052596,09:50:00,09:50:00,150226,,22,,,,,,1,9960.85
1052596,09:50:00,09:50:00,154267,,23,,,,,,1,10213
1052597,09:54:00,09:54:00,154267,,1,,,,,,1,0
1052597,09:56:00,09:56:00,150182,,2,,,,,,1,733.44
1052597,09:57:00,09:57:00,150183,,3,,,,,,1,1154.47
1052597,09:59:00,09:59:00,150156,,4,,,,,,1,1586.13
1052597,10:02:00,10:02:00,150361,,5,,,,,,1,2025.91
1052597,10:03:00,10:03:00,150362,,6,,,,,,1,2382.09
1052597,10:05:00,10:05:00,150163,,7,,,,,,1,2599.9
1052597,10:07:00,10:07:00,150164,,8,,,,,,1,3018.06
1052597,10:08:00,10:08:00,150165,,9,,,,,,1,3384.47
1052597,10:09:00,10:09:00,150159,,10,,,,,,1,3769.69
1052597,10:12:00,10:12:00,150160,,11,,,,,,1,4199.35
1052597,10:14:00,10:14:00,154262,,12,,,,,,1,4756.83
1052597,10:15:00,10:15:00,154263,,13,,,,,,1,5145.26
1052597,10:17:00,10:17:00,150184,,14,,,,,,1,5729.19
1052597,10:18:00,10:18:00,150185,,15,,,,,,1,5817.37
1052597,10:20:00,10:20:00,150186,,16,,,,,,1,6841.37
1052597,10:21:00,10:21:00,159135,,17,,,,,,1,7087.61
1052597,10:23:00,10:23:00,217346,,18,,,,,,1,7808.43
1052597,10:24:00,10:24:00,159133,,19,,,,,,1,8072.71
1052597,10:29:00,10:29:00,154395,,20,,,,,,1,9180.21
1052597,10:31:00,10:31:00,154385,,21,,,,,,1,9603.1
1052597,10:32:00,10:32:00,150226,,22,,,,,,1,9960.85
1052597,10:32:00,10:32:00,154267,,23,,,,,,1,10213
1052598,10:36:00,10:36:00,154267,,1,,,,,,1,0
1052598,10:38:00,10:38:00,150182,,2,,,,,,1,733.44
1052598,10:39:00,10:39:00,150183,,3,,,,,,1,1154.47
1052598,10:41:00,10:41:00,150156,,4,,,,,,1,1586.13
1052598,10:44:00,10:44:00,150361,,5,,,,,,1,2025.91
1052598,10:45:00,10:45:00,150362,,6,,,,,,1,2382.09
1052598,10:47:00,10:47:00,150163,,7,,,,,,1,2599.9
1052598,10:49:00,10:49:00,150164,,8,,,,,,1,3018.06
1052598,10:50:00,10:50:00,150165,,9,,,,,,1,3384.47
1052598,10:51:00,10:51:00,150159,,10,,,,,,1,3769.69
1052598,10:54:00,10:54:00,150160,,11,,,,,,1,4199.35
1052598,10:56:00,10:56:00,154262,,12,,,,,,1,4756.83
1052598,10:57:00,10:57:00,154263,,13,,,,,,1,5145.26
1052598,10:59:00,10:59:00,150184,,14,,,,,,1,5729.19
1052598,11:00:00,11:00:00,150185,,15,,,,,,1,5817.37
1052598,11:02:00,11:02:00,150186,,16,,,,,,1,6841.37
1052598,11:03:00,11:03:00,159135,,17,,,,,,1,7087.61
1052598,11:05:00,11:05:00,217346,,18,,,,,,1,7808.43
1052598,11:06:00,11:06:00,159133,,19,,,,,,1,8072.71
1052598,11:11:00,11:11:00,154395,,20,,,,,,1,9180.21
1052598,11:13:00,11:13:00,154385,,21,,,,,,1,9603.1
1052598,11:14:00,11:14:00,150226,,22,,,,,,1,9960.85
1052598,11:14:00,11:14:00,154267,,23,,,,,,1,10213
1052599,11:18:00,11:18:00,154267,,1,,,,,,1,0
1052599,11:20:00,11:20:00,150182,,2,,,,,,1,733.44
1052599,11:21:00,11:21:00,150183,,3,,,,,,1,1154.47
1052599,11:23:00,11:23:00,150156,,4,,,,,,1,1586.13
1052599,11:26:00,11:26:00,150361,,5,,,,,,1,2025.91
1052599,11:27:00,11:27:00,150362,,6,,,,,,1,2382.09
1052599,11:29:00,11:29:00,150163,,7,,,,,,1,2599.9
1052599,11:31:00,11:31:00,150164,,8,,,,,,1,3018.06
1052599,11:32:00,11:32:00,150165,,9,,,,,,1,3384.47
1052599,11:33:00,11:33:00,150159,,10,,,,,,1,3769.69
1052599,11:36:00,11:36:00,150160,,11,,,,,,1,4199.35
1052599,11:38:00,11:38:00,154262,,12,,,,,,1,4756.83
1052599,11:39:00,11:39:00,154263,,13,,,,,,1,5145.26
1052599,11:41:00,11:41:00,150184,,14,,,,,,1,5729.19
1052599,11:42:00,11:42:00,150185,,15,,,,,,1,5817.37
1052599,11:44:00,11:44:00,150186,,16,,,,,,1,6841.37
1052599,11:45:00,11:45:00,159135,,17,,,,,,1,7087.61
1052599,11:47:00,11:47:00,217346,,18,,,,,,1,7808.43
1052599,11:48:00,11:48:00,159133,,19,,,,,,1,8072.71
1052599,11:53:00,11:53:00,154395,,20,,,,,,1,9180.21
1052599,11:55:00,11:55:00,154385,,21,,,,,,1,9603.1
1052599,11:56:00,11:56:00,150226,,22,,,,,,1,9960.85
1052599,11:56:00,11:56:00,154267,,23,,,,,,1,10213
1052600,12:00:00,12:00:00,154267,,1,,,,,,1,0
1052600,12:02:00,12:02:00,150182,,2,,,,,,1,733.44
1052600,12:03:00,12:03:00,150183,,3,,,,,,1,1154.47
1052600,12:05:00,12:05:00,150156,,4,,,,,,1,1586.13
1052600,12:08:00,12:08:00,150361,,5,,,,,,1,2025.91
1052600,12:09:00,12:09:00,150362,,6,,,,,,1,2382.09
1052600,12:11:00,12:11:00,150163,,7,,,,,,1,2599.9
1052600,12:13:00,12:13:00,150164,,8,,,,,,1,3018.06
1052600,12:14:00,12:14:00,150165,,9,,,,,,1,3384.47
1052600,12:15:00,12:15:00,150159,,10,,,,,,1,3769.69
1052600,12:18:00,12:18:00,150160,,11,,,,,,1,4199.35
1052600,12:20:00,12:20:00,154262,,12,,,,,,1,4756.83
1052600,12:21:00,12:21:00,154263,,13,,,,,,1,5145.26
1052600,12:23:00,12:23:00,150184,,14,,,,,,1,5729.19
1052600,12:24:00,12:24:00,150185,,15,,,,,,1,5817.37
1052600,12:26:00,12:26:00,150186,,16,,,,,,1,6841.37
1052600,12:27:00,12:27:00,159135,,17,,,,,,1,7087.61
1052600,12:29:00,12:29:00,217346,,18,,,,,,1,7808.43
1052600,12:30:00,12:30:00,159133,,19,,,,,,1,8072.71
1052600,12:35:00,12:35:00,154395,,20,,,,,,1,9180.21
1052600,12:37:00,12:37:00,154385,,21,,,,,,1,9603.1
1052600,12:38:00,12:38:00,150226,,22,,,,,,1,9960.85
1052600,12:38:00,12:38:00,154267,,23,,,,,,1,10213
1052601,12:42:00,12:42:00,154267,,1,,,,,,1,0
1052601,12:44:00,12:44:00,150182,,2,,,,,,1,733.44
1052601,12:45:00,12:45:00,150183,,3,,,,,,1,1154.47
1052601,12:47:00,12:47:00,150156,,4,,,,,,1,1586.13
1052601,12:50:00,12:50:00,150361,,5,,,,,,1,2025.91
1052601,12:51:00,12:51:00,150362,,6,,,,,,1,2382.09
1052601,12:53:00,12:53:00,150163,,7,,,,,,1,2599.9
1052601,12:55:00,12:55:00,150164,,8,,,,,,1,3018.06
1052601,12:56:00,12:56:00,150165,,9,,,,,,1,3384.47
1052601,12:57:00,12:57:00,150159,,10,,,,,,1,3769.69
1052601,13:00:00,13:00:00,150160,,11,,,,,,1,4199.35
1052601,13:02:00,13:02:00,154262,,12,,,,,,1,4756.83
1052601,13:03:00,13:03:00,154263,,13,,,,,,1,5145.26
1052601,13:05:00,13:05:00,150184,,14,,,,,,1,5729.19
1052601,13:06:00,13:06:00,150185,,15,,,,,,1,5817.37
1052601,13:08:00,13:08:00,150186,,16,,,,,,1,6841.37
1052601,13:09:00,13:09:00,159135,,17,,,,,,1,7087.61
1052601,13:11:00,13:11:00,217346,,18,,,,,,1,7808.43
1052601,13:12:00,13:12:00,159133,,19,,,,,,1,8072.71
1052601,13:17:00,13:17:00,154395,,20,,,,,,1,9180.21
1052601,13:19:00,13:19:00,154385,,21,,,,,,1,9603.1
1052601,13:20:00,13:20:00,150226,,22,,,,,,1,9960.85
1052601,13:20:00,13:20:00,154267,,23,,,,,,1,10213
1052602,13:24:00,13:24:00,154267,,1,,,,,,1,0
1052602,13:26:00,13:26:00,150182,,2,,,,,,1,733.44
1052602,13:27:00,13:27:00,150183,,3,,,,,,1,1154.47
1052602,13:29:00,13:29:00,150156,,4,,,,,,1,1586.13
1052602,13:32:00,13:32:00,150361,,5,,,,,,1,2025.91
1052602,13:33:00,13:33:00,150362,,6,,,,,,1,2382.09
1052602,13:35:00,13:35:00,150163,,7,,,,,,1,2599.9
1052602,13:37:00,13:37:00,150164,,8,,,,,,1,3018.06
1052602,13:38:00,13:38:00,150165,,9,,,,,,1,3384.47
1052602,13:39:00,13:39:00,150159,,10,,,,,,1,3769.69
1052602,13:42:00,13:42:00,150160,,11,,,,,,1,4199.35
1052602,13:44:00,13:44:00,154262,,12,,,,,,1,4756.83
1052602,13:45:00,13:45:00,154263,,13,,,,,,1,5145.26
1052602,13:47:00,13:47:00,150184,,14,,,,,,1,5729.19
1052602,13:48:00,13:48:00,150185,,15,,,,,,1,5817.37
1052602,13:50:00,13:50:00,150186,,16,,,,,,1,6841.37
1052602,13:51:00,13:51:00,159135,,17,,,,,,1,7087.61
1052602,13:53:00,13:53:00,217346,,18,,,,,,1,7808.43
1052602,13:54:00,13:54:00,159133,,19,,,,,,1,8072.71
1052602,13:59:00,13:59:00,154395,,20,,,,,,1,9180.21
1052602,14:01:00,14:01:00,154385,,21,,,,,,1,9603.1
1052602,14:02:00,14:02:00,150226,,22,,,,,,1,9960.85
1052602,14:02:00,14:02:00,154267,,23,,,,,,1,10213
1052603,14:06:00,14:06:00,154267,,1,,,,,,1,0
1052603,14:08:00,14:08:00,150182,,2,,,,,,1,733.44
1052603,14:09:00,14:09:00,150183,,3,,,,,,1,1154.47
1052603,14:11:00,14:11:00,150156,,4,,,,,,1,1586.13
1052603,14:14:00,14:14:00,150361,,5,,,,,,1,2025.91
1052603,14:15:00,14:15:00,150362,,6,,,,,,1,2382.09
1052603,14:17:00,14:17:00,150163,,7,,,,,,1,2599.9
1052603,14:19:00,14:19:00,150164,,8,,,,,,1,3018.06
1052603,14:20:00,14:20:00,150165,,9,,,,,,1,3384.47
1052603,14:21:00,14:21:00,150159,,10,,,,,,1,3769.69
1052603,14:24:00,14:24:00,150160,,11,,,,,,1,4199.35
1052603,14:26:00,14:26:00,154262,,12,,,,,,1,4756.83
1052603,14:27:00,14:27:00,154263,,13,,,,,,1,5145.26
1052603,14:29:00,14:29:00,150184,,14,,,,,,1,5729.19
1052603,14:30:00,14:30:00,150185,,15,,,,,,1,5817.37
1052603,14:32:00,14:32:00,150186,,16,,,,,,1,6841.37
1052603,14:33:00,14:33:00,159135,,17,,,,,,1,7087.61
1052603,14:35:00,14:35:00,217346,,18,,,,,,1,7808.43
1052603,14:36:00,14:36:00,159133,,19,,,,,,1,8072.71
1052603,14:41:00,14:41:00,154395,,20,,,,,,1,9180.21
1052603,14:43:00,14:43:00,154385,,21,,,,,,1,9603.1
1052603,14:44:00,14:44:00,150226,,22,,,,,,1,9960.85
1052603,14:44:00,14:44:00,154267,,23,,,,,,1,10213
1052604,14:48:00,14:48:00,154267,,1,,,,,,1,0
1052604,14:50:00,14:50:00,150182,,2,,,,,,1,733.44
1052604,14:51:00,14:51:00,150183,,3,,,,,,1,1154.47
1052604,14:53:00,14:53:00,150156,,4,,,,,,1,1586.13
1052604,14:56:00,14:56:00,150361,,5,,,,,,1,2025.91
1052604,14:57:00,14:57:00,150362,,6,,,,,,1,2382.09
1052604,14:59:00,14:59:00,150163,,7,,,,,,1,2599.9
1052604,15:01:00,15:01:00,150164,,8,,,,,,1,3018.06
1052604,15:02:00,15:02:00,150165,,9,,,,,,1,3384.47
1052604,15:03:00,15:03:00,150159,,10,,,,,,1,3769.69
1052604,15:06:00,15:06:00,150160,,11,,,,,,1,4199.35
1052604,15:08:00,15:08:00,154262,,12,,,,,,1,4756.83
1052604,15:09:00,15:09:00,154263,,13,,,,,,1,5145.26
1052604,15:11:00,15:11:00,150184,,14,,,,,,1,5729.19
1052604,15:12:00,15:12:00,150185,,15,,,,,,1,5817.37
1052604,15:14:00,15:14:00,150186,,16,,,,,,1,6841.37
1052604,15:15:00,15:15:00,159135,,17,,,,,,1,7087.61
1052604,15:17:00,15:17:00,217346,,18,,,,,,1,7808.43
1052604,15:18:00,15:18:00,159133,,19,,,,,,1,8072.71
1052604,15:23:00,15:23:00,154395,,20,,,,,,1,9180.21
1052604,15:25:00,15:25:00,154385,,21,,,,,,1,9603.1
1052604,15:26:00,15:26:00,150226,,22,,,,,,1,9960.85
1052604,15:26:00,15:26:00,154267,,23,,,,,,1,10213
1052605,15:30:00,15:30:00,154267,,1,,,,,,1,0
1052605,15:32:00,15:32:00,150182,,2,,,,,,1,733.44
1052605,15:33:00,15:33:00,150183,,3,,,,,,1,1154.47
1052605,15:35:00,15:35:00,150156,,4,,,,,,1,1586.13
1052605,15:38:00,15:38:00,150361,,5,,,,,,1,2025.91
1052605,15:39:00,15:39:00,150362,,6,,,,,,1,2382.09
1052605,15:41:00,15:41:00,150163,,7,,,,,,1,2599.9
1052605,15:43:00,15:43:00,150164,,8,,,,,,1,3018.06
1052605,15:44:00,15:44:00,150165,,9,,,,,,1,3384.47
1052605,15:45:00,15:45:00,150159,,10,,,,,,1,3769.69
1052605,15:48:00,15:48:00,150160,,11,,,,,,1,4199.35
1052605,15:50:00,15:50:00,154262,,12,,,,,,1,4756.83
1052605,15:51:00,15:51:00,154263,,13,,,,,,1,5145.26
1052605,15:53:00,15:53:00,150184,,14,,,,,,1,5729.19
1052605,15:54:00,15:54:00,150185,,15,,,,,,1,5817.37
1052605,15:56:00,15:56:00,150186,,16,,,,,,1,6841.37
1052605,15:57:00,15:57:00,159135,,17,,,,,,1,7087.61
1052605,15:59:00,15:59:00,217346,,18,,,,,,1,7808.43
1052605,16:00:00,16:00:00,159133,,19,,,,,,1,8072.71
1052605,16:05:00,16:05:00,154395,,20,,,,,,1,9180.21
1052605,16:07:00,16:07:00,154385,,21,,,,,,1,9603.1
1052605,16:08:00,16:08:00,150226,,22,,,,,,1,9960.85
1052605,16:08:00,16:08:00,154267,,23,,,,,,1,10213
1052606,16:12:00,16:12:00,154267,,1,,,,,,1,0
1052606,16:14:00,16:14:00,150182,,2,,,,,,1,733.44
1052606,16:15:00,16:15:00,150183,,3,,,,,,1,1154.47
1052606,16:17:00,16:17:00,150156,,4,,,,,,1,1586.13
1052606,16:20:00,16:20:00,150361,,5,,,,,,1,2025.91
1052606,16:21:00,16:21:00,150362,,6,,,,,,1,2382.09
1052606,16:23:00,16:23:00,150163,,7,,,,,,1,2599.9
1052606,16:25:00,16:25:00,150164,,8,,,,,,1,3018.06
1052606,16:26:00,16:26:00,150165,,9,,,,,,1,3384.47
1052606,16:27:00,16:27:00,150159,,10,,,,,,1,3769.69
1052606,16:30:00,16:30:00,150160,,11,,,,,,1,4199.35
1052606,16:32:00,16:32:00,154262,,12,,,,,,1,4756.83
1052606,16:33:00,16:33:00,154263,,13,,,,,,1,5145.26
1052606,16:35:00,16:35:00,150184,,14,,,,,,1,5729.19
1052606,16:36:00,16:36:00,150185,,15,,,,,,1,5817.37
1052606,16:38:00,16:38:00,150186,,16,,,,,,1,6841.37
1052606,16:39:00,16:39:00,159135,,17,,,,,,1,7087.61
1052606,16:41:00,16:41:00,217346,,18,,,,,,1,7808.43
1052606,16:42:00,16:42:00,159133,,19,,,,,,1,8072.71
1052606,16:47:00,16:47:00,154395,,20,,,,,,1,9180.21
1052606,16:49:00,16:49:00,154385,,21,,,,,,1,9603.1
1052606,16:50:00,16:50:00,150226,,22,,,,,,1,9960.85
1052606,16:50:00,16:50:00,154267,,23,,,,,,1,10213
1052607,16:54:00,16:54:00,154267,,1,,,,,,1,0
1052607,16:56:00,16:56:00,150182,,2,,,,,,1,733.44
1052607,16:57:00,16:57:00,150183,,3,,,,,,1,1154.47
1052607,16:59:00,16:59:00,150156,,4,,,,,,1,1586.13
1052607,17:02:00,17:02:00,150361,,5,,,,,,1,2025.91
1052607,17:03:00,17:03:00,150362,,6,,,,,,1,2382.09
1052607,17:05:00,17:05:00,150163,,7,,,,,,1,2599.9
1052607,17:07:00,17:07:00,150164,,8,,,,,,1,3018.06
1052607,17:08:00,17:08:00,150165,,9,,,,,,1,3384.47
1052607,17:09:00,17:09:00,150159,,10,,,,,,1,3769.69
1052607,17:12:00,17:12:00,150160,,11,,,,,,1,4199.35
1052607,17:14:00,17:14:00,154262,,12,,,,,,1,4756.83
1052607,17:15:00,17:15:00,154263,,13,,,,,,1,5145.26
1052607,17:17:00,17:17:00,150184,,14,,,,,,1,5729.19
1052607,17:18:00,17:18:00,150185,,15,,,,,,1,5817.37
1052607,17:20:00,17:20:00,150186,,16,,,,,,1,6841.37
1052607,17:21:00,17:21:00,159135,,17,,,,,,1,7087.61
1052607,17:23:00,17:23:00,217346,,18,,,,,,1,7808.43
1052607,17:24:00,17:24:00,159133,,19,,,,,,1,8072.71
1052607,17:29:00,17:29:00,154395,,20,,,,,,1,9180.21
1052607,17:31:00,17:31:00,154385,,21,,,,,,1,9603.1
1052607,17:32:00,17:32:00,150226,,22,,,,,,1,9960.85
1052607,17:32:00,17:32:00,154267,,23,,,,,,1,10213
1052608,17:36:00,17:36:00,154267,,1,,,,,,1,0
1052608,17:38:00,17:38:00,150182,,2,,,,,,1,733.44
1052608,17:39:00,17:39:00,150183,,3,,,,,,1,1154.47
1052608,17:41:00,17:41:00,150156,,4,,,,,,1,1586.13
1052608,17:44:00,17:44:00,150361,,5,,,,,,1,2025.91
1052608,17:45:00,17:45:00,150362,,6,,,,,,1,2382.09
1052608,17:47:00,17:47:00,150163,,7,,,,,,1,2599.9
1052608,17:49:00,17:49:00,150164,,8,,,,,,1,3018.06
1052608,17:50:00,17:50:00,150165,,9,,,,,,1,3384.47
1052608,17:51:00,17:51:00,150159,,10,,,,,,1,3769.69
1052608,17:54:00,17:54:00,150160,,11,,,,,,1,4199.35
1052608,17:56:00,17:56:00,154262,,12,,,,,,1,4756.83
1052608,17:57:00,17:57:00,154263,,13,,,,,,1,5145.26
1052608,17:59:00,17:59:00,150184,,14,,,,,,1,5729.19
1052608,18:00:00,18:00:00,150185,,15,,,,,,1,5817.37
1052608,18:02:00,18:02:00,150186,,16,,,,,,1,6841.37
1052608,18:03:00,18:03:00,159135,,17,,,,,,1,7087.61
1052608,18:05:00,18:05:00,217346,,18,,,,,,1,7808.43
1052608,18:06:00,18:06:00,159133,,19,,,,,,1,8072.71
1052608,18:11:00,18:11:00,154395,,20,,,,,,1,9180.21
1052608,18:13:00,18:13:00,154385,,21,,,,,,1,9603.1
1052608,18:14:00,18:14:00,150226,,22,,,,,,1,9960.85
1052608,18:14:00,18:14:00,154267,,23,,,,,,1,10213
1052609,18:18:00,18:18:00,154267,,1,,,,,,1,0
1052609,18:20:00,18:20:00,150182,,2,,,,,,1,733.44
1052609,18:21:00,18:21:00,150183,,3,,,,,,1,1154.47
1052609,18:23:00,18:23:00,150156,,4,,,,,,1,1586.13
1052609,18:26:00,18:26:00,150361,,5,,,,,,1,2025.91
1052609,18:27:00,18:27:00,150362,,6,,,,,,1,2382.09
1052609,18:29:00,18:29:00,150163,,7,,,,,,1,2599.9
1052609,18:31:00,18:31:00,150164,,8,,,,,,1,3018.06
1052609,18:32:00,18:32:00,150165,,9,,,,,,1,3384.47
1052609,18:33:00,18:33:00,150159,,10,,,,,,1,3769.69
1052609,18:36:00,18:36:00,150160,,11,,,,,,1,4199.35
1052609,18:38:00,18:38:00,154262,,12,,,,,,1,4756.83
1052609,18:39:00,18:39:00,154263,,13,,,,,,1,5145.26
1052609,18:41:00,18:41:00,150184,,14,,,,,,1,5729.19
1052609,18:42:00,18:42:00,150185,,15,,,,,,1,5817.37
1052609,18:44:00,18:44:00,150186,,16,,,,,,1,6841.37
1052609,18:45:00,18:45:00,159135,,17,,,,,,1,7087.61
1052609,18:47:00,18:47:00,217346,,18,,,,,,1,7808.43
1052609,18:48:00,18:48:00,159133,,19,,,,,,1,8072.71
1052609,18:53:00,18:53:00,154395,,20,,,,,,1,9180.21
1052609,18:55:00,18:55:00,154385,,21,,,,,,1,9603.1
1052609,18:56:00,18:56:00,150226,,22,,,,,,1,9960.85
1052609,18:56:00,18:56:00,154267,,23,,,,,,1,10213
1052610,19:00:00,19:00:00,154267,,1,,,,,,1,0
1052610,19:02:00,19:02:00,150182,,2,,,,,,1,733.44
1052610,19:03:00,19:03:00,150183,,3,,,,,,1,1154.47
1052610,19:05:00,19:05:00,150156,,4,,,,,,1,1586.13
1052610,19:08:00,19:08:00,150361,,5,,,,,,1,2025.91
1052610,19:09:00,19:09:00,150362,,6,,,,,,1,2382.09
1052610,19:11:00,19:11:00,150163,,7,,,,,,1,2599.9
1052610,19:13:00,19:13:00,150164,,8,,,,,,1,3018.06
1052610,19:14:00,19:14:00,150165,,9,,,,,,1,3384.47
1052610,19:15:00,19:15:00,150159,,10,,,,,,1,3769.69
1052610,19:18:00,19:18:00,150160,,11,,,,,,1,4199.35
1052610,19:20:00,19:20:00,154262,,12,,,,,,1,4756.83
1052610,19:21:00,19:21:00,154263,,13,,,,,,1,5145.26
1052610,19:23:00,19:23:00,150184,,14,,,,,,1,5729.19
1052610,19:24:00,19:24:00,150185,,15,,,,,,1,5817.37
1052610,19:26:00,19:26:00,150186,,16,,,,,,1,6841.37
1052610,19:27:00,19:27:00,159135,,17,,,,,,1,7087.61
1052610,19:29:00,19:29:00,217346,,18,,,,,,1,7808.43
1052610,19:30:00,19:30:00,159133,,19,,,,,,1,8072.71
1052610,19:35:00,19:35:00,154395,,20,,,,,,1,9180.21
1052610,19:37:00,19:37:00,154385,,21,,,,,,1,9603.1
1052610,19:38:00,19:38:00,150226,,22,,,,,,1,9960.85
1052610,19:38:00,19:38:00,154267,,23,,,,,,1,10213
1052611,19:42:00,19:42:00,154267,,1,,,,,,1,0
1052611,19:44:00,19:44:00,150182,,2,,,,,,1,733.44
1052611,19:45:00,19:45:00,150183,,3,,,,,,1,1154.47
1052611,19:47:00,19:47:00,150156,,4,,,,,,1,1586.13
1052611,19:50:00,19:50:00,150361,,5,,,,,,1,2025.91
1052611,19:51:00,19:51:00,150362,,6,,,,,,1,2382.09
1052611,19:53:00,19:53:00,150163,,7,,,,,,1,2599.9
1052611,19:55:00,19:55:00,150164,,8,,,,,,1,3018.06
1052611,19:56:00,19:56:00,150165,,9,,,,,,1,3384.47
1052611,19:57:00,19:57:00,150159,,10,,,,,,1,3769.69
1052611,20:00:00,20:00:00,150160,,11,,,,,,1,4199.35
1052611,20:02:00,20:02:00,154262,,12,,,,,,1,4756.83
1052611,20:03:00,20:03:00,154263,,13,,,,,,1,5145.26
1052611,20:05:00,20:05:00,150184,,14,,,,,,1,5729.19
1052611,20:06:00,20:06:00,150185,,15,,,,,,1,5817.37
1052611,20:08:00,20:08:00,150186,,16,,,,,,1,6841.37
1052611,20:09:00,20:09:00,159135,,17,,,,,,1,7087.61
1052611,20:11:00,20:11:00,217346,,18,,,,,,1,7808.43
1052611,20:12:00,20:12:00,159133,,19,,,,,,1,8072.71
1052611,20:17:00,20:17:00,154395,,20,,,,,,1,9180.21
1052611,20:19:00,20:19:00,154385,,21,,,,,,1,9603.1
1052611,20:20:00,20:20:00,150226,,22,,,,,,1,9960.85
1052611,20:20:00,20:20:00,154267,,23,,,,,,1,10213
1052612,20:24:00,20:24:00,154267,,1,,,,,,1,0
1052612,20:26:00,20:26:00,150182,,2,,,,,,1,733.44
1052612,20:27:00,20:27:00,150183,,3,,,,,,1,1154.47
1052612,20:29:00,20:29:00,150156,,4,,,,,,1,1586.13
1052612,20:32:00,20:32:00,150361,,5,,,,,,1,2025.91
1052612,20:33:00,20:33:00,150362,,6,,,,,,1,2382.09
1052612,20:35:00,20:35:00,150163,,7,,,,,,1,2599.9
1052612,20:37:00,20:37:00,150164,,8,,,,,,1,3018.06
1052612,20:38:00,20:38:00,150165,,9,,,,,,1,3384.47
1052612,20:39:00,20:39:00,150159,,10,,,,,,1,3769.69
1052612,20:42:00,20:42:00,150160,,11,,,,,,1,4199.35
1052612,20:44:00,20:44:00,154262,,12,,,,,,1,4756.83
1052612,20:45:00,20:45:00,154263,,13,,,,,,1,5145.26
1052612,20:47:00,20:47:00,150184,,14,,,,,,1,5729.19
1052612,20:48:00,20:48:00,150185,,15,,,,,,1,5817.37
1052612,20:50:00,20:50:00,150186,,16,,,,,,1,6841.37
1052612,20:51:00,20:51:00,159135,,17,,,,,,1,7087.61
1052612,20:53:00,20:53:00,217346,,18,,,,,,1,7808.43
1052612,20:54:00,20:54:00,159133,,19,,,,,,1,8072.71
1052612,20:59:00,20:59:00,154395,,20,,,,,,1,9180.21
1052612,21:01:00,21:01:00,154385,,21,,,,,,1,9603.1
1052612,21:02:00,21:02:00,150226,,22,,,,,,1,9960.85
1052612,21:02:00,21:02:00,154267,,23,,,,,,1,10213
1052613,21:06:00,21:06:00,154267,,1,,,,,,1,0
1052613,21:08:00,21:08:00,150182,,2,,,,,,1,733.44
1052613,21:09:00,21:09:00,150183,,3,,,,,,1,1154.47
1052613,21:11:00,21:11:00,150156,,4,,,,,,1,1586.13
1052613,21:14:00,21:14:00,150361,,5,,,,,,1,2025.91
1052613,21:15:00,21:15:00,150362,,6,,,,,,1,2382.09
1052613,21:17:00,21:17:00,150163,,7,,,,,,1,2599.9
1052613,21:19:00,21:19:00,150164,,8,,,,,,1,3018.06
1052613,21:20:00,21:20:00,150165,,9,,,,,,1,3384.47
1052613,21:21:00,21:21:00,150159,,10,,,,,,1,3769.69
1052613,21:24:00,21:24:00,150160,,11,,,,,,1,4199.35
1052613,21:26:00,21:26:00,154262,,12,,,,,,1,4756.83
1052613,21:27:00,21:27:00,154263,,13,,,,,,1,5145.26
1052613,21:29:00,21:29:00,150184,,14,,,,,,1,5729.19
1052613,21:30:00,21:30:00,150185,,15,,,,,,1,5817.37
1052613,21:32:00,21:32:00,150186,,16,,,,,,1,6841.37
1052613,21:33:00,21:33:00,159135,,17,,,,,,1,7087.61
1052613,21:35:00,21:35:00,217346,,18,,,,,,1,7808.43
1052613,21:36:00,21:36:00,159133,,19,,,,,,1,8072.71
1052613,21:41:00,21:41:00,154395,,20,,,,,,1,9180.21
1052613,21:43:00,21:43:00,154385,,21,,,,,,1,9603.1
1052613,21:44:00,21:44:00,150226,,22,,,,,,1,9960.85
1052613,21:44:00,21:44:00,154267,,23,,,,,,1,10213
1052614,21:48:00,21:48:00,154267,,1,,,,,,1,0
1052614,21:50:00,21:50:00,150182,,2,,,,,,1,733.44
1052614,21:51:00,21:51:00,150183,,3,,,,,,1,1154.47
1052614,21:53:00,21:53:00,150156,,4,,,,,,1,1586.13
1052614,21:56:00,21:56:00,150361,,5,,,,,,1,2025.91
1052614,21:57:00,21:57:00,150362,,6,,,,,,1,2382.09
1052614,21:59:00,21:59:00,150163,,7,,,,,,1,2599.9
1052614,22:01:00,22:01:00,150164,,8,,,,,,1,3018.06
1052614,22:02:00,22:02:00,150165,,9,,,,,,1,3384.47
1052614,22:03:00,22:03:00,150159,,10,,,,,,1,3769.69
1052614,22:04:00,22:04:00,150160,,11,,,,,,1,4199.35
1109444,07:00:00,07:00:00,154267,,1,,,,,,1,0
1109444,07:03:00,07:03:00,150182,,2,,,,,,1,733.44
1109444,07:04:00,07:04:00,150183,,3,,,,,,1,1154.47
1109444,07:06:00,07:06:00,150156,,4,,,,,,1,1586.13
1109444,07:08:00,07:08:00,150361,,5,,,,,,1,2025.91
1109444,07:09:00,07:09:00,150362,,6,,,,,,1,2382.09
1109444,07:11:00,07:11:00,150163,,7,,,,,,1,2599.9
1109444,07:12:00,07:12:00,150164,,8,,,,,,1,3018.06
1109444,07:14:00,07:14:00,150165,,9,,,,,,1,3384.47
1109444,07:15:00,07:15:00,150159,,10,,,,,,1,3769.69
1109444,07:18:00,07:18:00,150160,,11,,,,,,1,4199.35
1109444,07:20:00,07:20:00,154262,,12,,,,,,1,4756.83
1109444,07:21:00,07:21:00,154263,,13,,,,,,1,5145.26
1109444,07:23:00,07:23:00,150184,,14,,,,,,1,5729.19
1109444,07:24:00,07:24:00,150185,,15,,,,,,1,5817.37
1109444,07:26:00,07:26:00,150186,,16,,,,,,1,6841.37
1109444,07:27:00,07:27:00,159135,,17,,,,,,1,7087.61
1109444,07:30:00,07:30:00,217346,,18,,,,,,1,7808.43
1109444,07:31:00,07:31:00,159133,,19,,,,,,1,8072.71
1109444,07:35:00,07:35:00,154395,,20,,,,,,1,9180.21
1109444,07:36:00,07:36:00,154385,,21,,,,,,1,9603.1
1109444,07:37:00,07:37:00,150226,,22,,,,,,1,9960.85
1109444,07:38:00,07:38:00,154267,,23,,,,,,1,10213
1109445,07:42:00,07:42:00,154267,,1,,,,,,1,0
1109445,07:45:00,07:45:00,150182,,2,,,,,,1,733.44
1109445,07:46:00,07:46:00,150183,,3,,,,,,1,1154.47
1109445,07:48:00,07:48:00,150156,,4,,,,,,1,1586.13
1109445,07:50:00,07:50:00,150361,,5,,,,,,1,2025.91
1109445,07:51:00,07:51:00,150362,,6,,,,,,1,2382.09
1109445,07:53:00,07:53:00,150163,,7,,,,,,1,2599.9
1109445,07:54:00,07:54:00,150164,,8,,,,,,1,3018.06
1109445,07:56:00,07:56:00,150165,,9,,,,,,1,3384.47
1109445,07:57:00,07:57:00,150159,,10,,,,,,1,3769.69
1109445,08:00:00,08:00:00,150160,,11,,,,,,1,4199.35
1109445,08:02:00,08:02:00,154262,,12,,,,,,1,4756.83
1109445,08:03:00,08:03:00,154263,,13,,,,,,1,5145.26
1109445,08:05:00,08:05:00,150184,,14,,,,,,1,5729.19
1109445,08:06:00,08:06:00,150185,,15,,,,,,1,5817.37
1109445,08:08:00,08:08:00,150186,,16,,,,,,1,6841.37
1109445,08:09:00,08:09:00,159135,,17,,,,,,1,7087.61
1109445,08:12:00,08:12:00,217346,,18,,,,,,1,7808.43
1109445,08:13:00,08:13:00,159133,,19,,,,,,1,8072.71
1109445,08:17:00,08:17:00,154395,,20,,,,,,1,9180.21
1109445,08:18:00,08:18:00,154385,,21,,,,,,1,9603.1
1109445,08:19:00,08:19:00,150226,,22,,,,,,1,9960.85
1109445,08:20:00,08:20:00,154267,,23,,,,,,1,10213
1109446,08:24:00,08:24:00,154267,,1,,,,,,1,0
1109446,08:27:00,08:27:00,150182,,2,,,,,,1,733.44
1109446,08:28:00,08:28:00,150183,,3,,,,,,1,1154.47
1109446,08:30:00,08:30:00,150156,,4,,,,,,1,1586.13
1109446,08:32:00,08:32:00,150361,,5,,,,,,1,2025.91
1109446,08:33:00,08:33:00,150362,,6,,,,,,1,2382.09
1109446,08:35:00,08:35:00,150163,,7,,,,,,1,2599.9
1109446,08:36:00,08:36:00,150164,,8,,,,,,1,3018.06
1109446,08:38:00,08:38:00,150165,,9,,,,,,1,3384.47
1109446,08:39:00,08:39:00,150159,,10,,,,,,1,3769.69
1109446,08:42:00,08:42:00,150160,,11,,,,,,1,4199.35
1109446,08:44:00,08:44:00,154262,,12,,,,,,1,4756.83
1109446,08:45:00,08:45:00,154263,,13,,,,,,1,5145.26
1109446,08:47:00,08:47:00,150184,,14,,,,,,1,5729.19
1109446,08:48:00,08:48:00,150185,,15,,,,,,1,5817.37
1109446,08:50:00,08:50:00,150186,,16,,,,,,1,6841.37
1109446,08:51:00,08:51:00,159135,,17,,,,,,1,7087.61
1109446,08:54:00,08:54:00,217346,,18,,,,,,1,7808.43
1109446,08:55:00,08:55:00,159133,,19,,,,,,1,8072.71
1109446,08:59:00,08:59:00,154395,,20,,,,,,1,9180.21
1109446,09:00:00,09:00:00,154385,,21,,,,,,1,9603.1
1109446,09:01:00,09:01:00,150226,,22,,,,,,1,9960.85
1109446,09:02:00,09:02:00,154267,,23,,,,,,1,10213
1109447,09:06:00,09:06:00,154267,,1,,,,,,1,0
1109447,09:09:00,09:09:00,150182,,2,,,,,,1,733.44
1109447,09:10:00,09:10:00,150183,,3,,,,,,1,1154.47
1109447,09:12:00,09:12:00,150156,,4,,,,,,1,1586.13
1109447,09:14:00,09:14:00,150361,,5,,,,,,1,2025.91
1109447,09:15:00,09:15:00,150362,,6,,,,,,1,2382.09
1109447,09:17:00,09:17:00,150163,,7,,,,,,1,2599.9
1109447,09:18:00,09:18:00,150164,,8,,,,,,1,3018.06
1109447,09:20:00,09:20:00,150165,,9,,,,,,1,3384.47
1109447,09:21:00,09:21:00,150159,,10,,,,,,1,3769.69
1109447,09:24:00,09:24:00,150160,,11,,,,,,1,4199.35
1109447,09:26:00,09:26:00,154262,,12,,,,,,1,4756.83
1109447,09:27:00,09:27:00,154263,,13,,,,,,1,5145.26
1109447,09:29:00,09:29:00,150184,,14,,,,,,1,5729.19
1109447,09:30:00,09:30:00,150185,,15,,,,,,1,5817.37
1109447,09:32:00,09:32:00,150186,,16,,,,,,1,6841.37
1109447,09:33:00,09:33:00,159135,,17,,,,,,1,7087.61
1109447,09:36:00,09:36:00,217346,,18,,,,,,1,7808.43
1109447,09:37:00,09:37:00,159133,,19,,,,,,1,8072.71
1109447,09:41:00,09:41:00,154395,,20,,,,,,1,9180.21
1109447,09:42:00,09:42:00,154385,,21,,,,,,1,9603.1
1109447,09:43:00,09:43:00,150226,,22,,,,,,1,9960.85
1109447,09:44:00,09:44:00,154267,,23,,,,,,1,10213
1109448,09:48:00,09:48:00,154267,,1,,,,,,1,0
1109448,09:51:00,09:51:00,150182,,2,,,,,,1,733.44
1109448,09:52:00,09:52:00,150183,,3,,,,,,1,1154.47
1109448,09:54:00,09:54:00,150156,,4,,,,,,1,1586.13
1109448,09:56:00,09:56:00,150361,,5,,,,,,1,2025.91
1109448,09:57:00,09:57:00,150362,,6,,,,,,1,2382.09
1109448,09:59:00,09:59:00,150163,,7,,,,,,1,2599.9
1109448,10:00:00,10:00:00,150164,,8,,,,,,1,3018.06
1109448,10:02:00,10:02:00,150165,,9,,,,,,1,3384.47
1109448,10:03:00,10:03:00,150159,,10,,,,,,1,3769.69
1109448,10:06:00,10:06:00,150160,,11,,,,,,1,4199.35
1109448,10:08:00,10:08:00,154262,,12,,,,,,1,4756.83
1109448,10:09:00,10:09:00,154263,,13,,,,,,1,5145.26
1109448,10:11:00,10:11:00,150184,,14,,,,,,1,5729.19
1109448,10:12:00,10:12:00,150185,,15,,,,,,1,5817.37
1109448,10:14:00,10:14:00,150186,,16,,,,,,1,6841.37
1109448,10:15:00,10:15:00,159135,,17,,,,,,1,7087.61
1109448,10:18:00,10:18:00,217346,,18,,,,,,1,7808.43
1109448,10:19:00,10:19:00,159133,,19,,,,,,1,8072.71
1109448,10:23:00,10:23:00,154395,,20,,,,,,1,9180.21
1109448,10:24:00,10:24:00,154385,,21,,,,,,1,9603.1
1109448,10:25:00,10:25:00,150226,,22,,,,,,1,9960.85
1109448,10:26:00,10:26:00,154267,,23,,,,,,1,10213
1109449,10:30:00,10:30:00,154267,,1,,,,,,1,0
1109449,10:33:00,10:33:00,150182,,2,,,,,,1,733.44
1109449,10:34:00,10:34:00,150183,,3,,,,,,1,1154.47
1109449,10:36:00,10:36:00,150156,,4,,,,,,1,1586.13
1109449,10:38:00,10:38:00,150361,,5,,,,,,1,2025.91
1109449,10:39:00,10:39:00,150362,,6,,,,,,1,2382.09
1109449,10:41:00,10:41:00,150163,,7,,,,,,1,2599.9
1109449,10:42:00,10:42:00,150164,,8,,,,,,1,3018.06
1109449,10:44:00,10:44:00,150165,,9,,,,,,1,3384.47
1109449,10:45:00,10:45:00,150159,,10,,,,,,1,3769.69
1109449,10:48:00,10:48:00,150160,,11,,,,,,1,4199.35
1109449,10:50:00,10:50:00,154262,,12,,,,,,1,4756.83
1109449,10:51:00,10:51:00,154263,,13,,,,,,1,5145.26
1109449,10:53:00,10:53:00,150184,,14,,,,,,1,5729.19
1109449,10:54:00,10:54:00,150185,,15,,,,,,1,5817.37
1109449,10:56:00,10:56:00,150186,,16,,,,,,1,6841.37
1109449,10:57:00,10:57:00,159135,,17,,,,,,1,7087.61
1109449,11:00:00,11:00:00,217346,,18,,,,,,1,7808.43
1109449,11:01:00,11:01:00,159133,,19,,,,,,1,8072.71
1109449,11:05:00,11:05:00,154395,,20,,,,,,1,9180.21
1109449,11:06:00,11:06:00,154385,,21,,,,,,1,9603.1
1109449,11:07:00,11:07:00,150226,,22,,,,,,1,9960.85
1109449,11:08:00,11:08:00,154267,,23,,,,,,1,10213
1109450,11:12:00,11:12:00,154267,,1,,,,,,1,0
1109450,11:15:00,11:15:00,150182,,2,,,,,,1,733.44
1109450,11:16:00,11:16:00,150183,,3,,,,,,1,1154.47
1109450,11:18:00,11:18:00,150156,,4,,,,,,1,1586.13
1109450,11:20:00,11:20:00,150361,,5,,,,,,1,2025.91
1109450,11:21:00,11:21:00,150362,,6,,,,,,1,2382.09
1109450,11:23:00,11:23:00,150163,,7,,,,,,1,2599.9
1109450,11:24:00,11:24:00,150164,,8,,,,,,1,3018.06
1109450,11:26:00,11:26:00,150165,,9,,,,,,1,3384.47
1109450,11:27:00,11:27:00,150159,,10,,,,,,1,3769.69
1109450,11:30:00,11:30:00,150160,,11,,,,,,1,4199.35
1109450,11:32:00,11:32:00,154262,,12,,,,,,1,4756.83
1109450,11:33:00,11:33:00,154263,,13,,,,,,1,5145.26
1109450,11:35:00,11:35:00,150184,,14,,,,,,1,5729.19
1109450,11:36:00,11:36:00,150185,,15,,,,,,1,5817.37
1109450,11:38:00,11:38:00,150186,,16,,,,,,1,6841.37
1109450,11:39:00,11:39:00,159135,,17,,,,,,1,7087.61
1109450,11:42:00,11:42:00,217346,,18,,,,,,1,7808.43
1109450,11:43:00,11:43:00,159133,,19,,,,,,1,8072.71
1109450,11:47:00,11:47:00,154395,,20,,,,,,1,9180.21
1109450,11:48:00,11:48:00,154385,,21,,,,,,1,9603.1
1109450,11:49:00,11:49:00,150226,,22,,,,,,1,9960.85
1109450,11:50:00,11:50:00,154267,,23,,,,,,1,10213
1109451,11:54:00,11:54:00,154267,,1,,,,,,1,0
1109451,11:57:00,11:57:00,150182,,2,,,,,,1,733.44
1109451,11:58:00,11:58:00,150183,,3,,,,,,1,1154.47
1109451,12:00:00,12:00:00,150156,,4,,,,,,1,1586.13
1109451,12:02:00,12:02:00,150361,,5,,,,,,1,2025.91
1109451,12:03:00,12:03:00,150362,,6,,,,,,1,2382.09
1109451,12:05:00,12:05:00,150163,,7,,,,,,1,2599.9
1109451,12:06:00,12:06:00,150164,,8,,,,,,1,3018.06
1109451,12:08:00,12:08:00,150165,,9,,,,,,1,3384.47
1109451,12:09:00,12:09:00,150159,,10,,,,,,1,3769.69
1109451,12:12:00,12:12:00,150160,,11,,,,,,1,4199.35
1109451,12:14:00,12:14:00,154262,,12,,,,,,1,4756.83
1109451,12:15:00,12:15:00,154263,,13,,,,,,1,5145.26
1109451,12:17:00,12:17:00,150184,,14,,,,,,1,5729.19
1109451,12:18:00,12:18:00,150185,,15,,,,,,1,5817.37
1109451,12:20:00,12:20:00,150186,,16,,,,,,1,6841.37
1109451,12:21:00,12:21:00,159135,,17,,,,,,1,7087.61
1109451,12:24:00,12:24:00,217346,,18,,,,,,1,7808.43
1109451,12:25:00,12:25:00,159133,,19,,,,,,1,8072.71
1109451,12:29:00,12:29:00,154395,,20,,,,,,1,9180.21
1109451,12:30:00,12:30:00,154385,,21,,,,,,1,9603.1
1109451,12:31:00,12:31:00,150226,,22,,,,,,1,9960.85
1109451,12:32:00,12:32:00,154267,,23,,,,,,1,10213
1109452,12:36:00,12:36:00,154267,,1,,,,,,1,0
1109452,12:39:00,12:39:00,150182,,2,,,,,,1,733.44
1109452,12:40:00,12:40:00,150183,,3,,,,,,1,1154.47
1109452,12:42:00,12:42:00,150156,,4,,,,,,1,1586.13
1109452,12:44:00,12:44:00,150361,,5,,,,,,1,2025.91
1109452,12:45:00,12:45:00,150362,,6,,,,,,1,2382.09
1109452,12:47:00,12:47:00,150163,,7,,,,,,1,2599.9
1109452,12:48:00,12:48:00,150164,,8,,,,,,1,3018.06
1109452,12:50:00,12:50:00,150165,,9,,,,,,1,3384.47
1109452,12:51:00,12:51:00,150159,,10,,,,,,1,3769.69
1109452,12:54:00,12:54:00,150160,,11,,,,,,1,4199.35
1109452,12:56:00,12:56:00,154262,,12,,,,,,1,4756.83
1109452,12:57:00,12:57:00,154263,,13,,,,,,1,5145.26
1109452,12:59:00,12:59:00,150184,,14,,,,,,1,5729.19
1109452,13:00:00,13:00:00,150185,,15,,,,,,1,5817.37
1109452,13:02:00,13:02:00,150186,,16,,,,,,1,6841.37
1109452,13:03:00,13:03:00,159135,,17,,,,,,1,7087.61
1109452,13:06:00,13:06:00,217346,,18,,,,,,1,7808.43
1109452,13:07:00,13:07:00,159133,,19,,,,,,1,8072.71
1109452,13:11:00,13:11:00,154395,,20,,,,,,1,9180.21
1109452,13:12:00,13:12:00,154385,,21,,,,,,1,9603.1
1109452,13:13:00,13:13:00,150226,,22,,,,,,1,9960.85
1109452,13:14:00,13:14:00,154267,,23,,,,,,1,10213
1109453,13:18:00,13:18:00,154267,,1,,,,,,1,0
1109453,13:21:00,13:21:00,150182,,2,,,,,,1,733.44
1109453,13:22:00,13:22:00,150183,,3,,,,,,1,1154.47
1109453,13:24:00,13:24:00,150156,,4,,,,,,1,1586.13
1109453,13:26:00,13:26:00,150361,,5,,,,,,1,2025.91
1109453,13:27:00,13:27:00,150362,,6,,,,,,1,2382.09
1109453,13:29:00,13:29:00,150163,,7,,,,,,1,2599.9
1109453,13:30:00,13:30:00,150164,,8,,,,,,1,3018.06
1109453,13:32:00,13:32:00,150165,,9,,,,,,1,3384.47
1109453,13:33:00,13:33:00,150159,,10,,,,,,1,3769.69
1109453,13:36:00,13:36:00,150160,,11,,,,,,1,4199.35
1109453,13:38:00,13:38:00,154262,,12,,,,,,1,4756.83
1109453,13:39:00,13:39:00,154263,,13,,,,,,1,5145.26
1109453,13:41:00,13:41:00,150184,,14,,,,,,1,5729.19
1109453,13:42:00,13:42:00,150185,,15,,,,,,1,5817.37
1109453,13:44:00,13:44:00,150186,,16,,,,,,1,6841.37
1109453,13:45:00,13:45:00,159135,,17,,,,,,1,7087.61
1109453,13:48:00,13:48:00,217346,,18,,,,,,1,7808.43
1109453,13:49:00,13:49:00,159133,,19,,,,,,1,8072.71
1109453,13:53:00,13:53:00,154395,,20,,,,,,1,9180.21
1109453,13:54:00,13:54:00,154385,,21,,,,,,1,9603.1
1109453,13:55:00,13:55:00,150226,,22,,,,,,1,9960.85
1109453,13:56:00,13:56:00,154267,,23,,,,,,1,10213
1109454,14:00:00,14:00:00,154267,,1,,,,,,1,0
1109454,14:03:00,14:03:00,150182,,2,,,,,,1,733.44
1109454,14:04:00,14:04:00,150183,,3,,,,,,1,1154.47
1109454,14:06:00,14:06:00,150156,,4,,,,,,1,1586.13
1109454,14:08:00,14:08:00,150361,,5,,,,,,1,2025.91
1109454,14:09:00,14:09:00,150362,,6,,,,,,1,2382.09
1109454,14:11:00,14:11:00,150163,,7,,,,,,1,2599.9
1109454,14:12:00,14:12:00,150164,,8,,,,,,1,3018.06
1109454,14:14:00,14:14:00,150165,,9,,,,,,1,3384.47
1109454,14:15:00,14:15:00,150159,,10,,,,,,1,3769.69
1109454,14:18:00,14:18:00,150160,,11,,,,,,1,4199.35
1109454,14:20:00,14:20:00,154262,,12,,,,,,1,4756.83
1109454,14:21:00,14:21:00,154263,,13,,,,,,1,5145.26
1109454,14:23:00,14:23:00,150184,,14,,,,,,1,5729.19
1109454,14:24:00,14:24:00,150185,,15,,,,,,1,5817.37
1109454,14:26:00,14:26:00,150186,,16,,,,,,1,6841.37
1109454,14:27:00,14:27:00,159135,,17,,,,,,1,7087.61
1109454,14:30:00,14:30:00,217346,,18,,,,,,1,7808.43
1109454,14:31:00,14:31:00,159133,,19,,,,,,1,8072.71
1109454,14:35:00,14:35:00,154395,,20,,,,,,1,9180.21
1109454,14:36:00,14:36:00,154385,,21,,,,,,1,9603.1
1109454,14:37:00,14:37:00,150226,,22,,,,,,1,9960.85
1109454,14:38:00,14:38:00,154267,,23,,,,,,1,10213
1109455,14:42:00,14:42:00,154267,,1,,,,,,1,0
1109455,14:45:00,14:45:00,150182,,2,,,,,,1,733.44
1109455,14:46:00,14:46:00,150183,,3,,,,,,1,1154.47
1109455,14:48:00,14:48:00,150156,,4,,,,,,1,1586.13
1109455,14:50:00,14:50:00,150361,,5,,,,,,1,2025.91
1109455,14:51:00,14:51:00,150362,,6,,,,,,1,2382.09
1109455,14:53:00,14:53:00,150163,,7,,,,,,1,2599.9
1109455,14:54:00,14:54:00,150164,,8,,,,,,1,3018.06
1109455,14:56:00,14:56:00,150165,,9,,,,,,1,3384.47
1109455,14:57:00,14:57:00,150159,,10,,,,,,1,3769.69
1109455,15:00:00,15:00:00,150160,,11,,,,,,1,4199.35
1109455,15:02:00,15:02:00,154262,,12,,,,,,1,4756.83
1109455,15:03:00,15:03:00,154263,,13,,,,,,1,5145.26
1109455,15:05:00,15:05:00,150184,,14,,,,,,1,5729.19
1109455,15:06:00,15:06:00,150185,,15,,,,,,1,5817.37
1109455,15:08:00,15:08:00,150186,,16,,,,,,1,6841.37
1109455,15:09:00,15:09:00,159135,,17,,,,,,1,7087.61
1109455,15:12:00,15:12:00,217346,,18,,,,,,1,7808.43
1109455,15:13:00,15:13:00,159133,,19,,,,,,1,8072.71
1109455,15:17:00,15:17:00,154395,,20,,,,,,1,9180.21
1109455,15:18:00,15:18:00,154385,,21,,,,,,1,9603.1
1109455,15:19:00,15:19:00,150226,,22,,,,,,1,9960.85
1109455,15:20:00,15:20:00,154267,,23,,,,,,1,10213
1109456,15:24:00,15:24:00,154267,,1,,,,,,1,0
1109456,15:27:00,15:27:00,150182,,2,,,,,,1,733.44
1109456,15:28:00,15:28:00,150183,,3,,,,,,1,1154.47
1109456,15:30:00,15:30:00,150156,,4,,,,,,1,1586.13
1109456,15:32:00,15:32:00,150361,,5,,,,,,1,2025.91
1109456,15:33:00,15:33:00,150362,,6,,,,,,1,2382.09
1109456,15:35:00,15:35:00,150163,,7,,,,,,1,2599.9
1109456,15:36:00,15:36:00,150164,,8,,,,,,1,3018.06
1109456,15:38:00,15:38:00,150165,,9,,,,,,1,3384.47
1109456,15:39:00,15:39:00,150159,,10,,,,,,1,3769.69
1109456,15:42:00,15:42:00,150160,,11,,,,,,1,4199.35
1109456,15:44:00,15:44:00,154262,,12,,,,,,1,4756.83
1109456,15:45:00,15:45:00,154263,,13,,,,,,1,5145.26
1109456,15:47:00,15:47:00,150184,,14,,,,,,1,5729.19
1109456,15:48:00,15:48:00,150185,,15,,,,,,1,5817.37
1109456,15:50:00,15:50:00,150186,,16,,,,,,1,6841.37
1109456,15:51:00,15:51:00,159135,,17,,,,,,1,7087.61
1109456,15:54:00,15:54:00,217346,,18,,,,,,1,7808.43
1109456,15:55:00,15:55:00,159133,,19,,,,,,1,8072.71
1109456,15:59:00,15:59:00,154395,,20,,,,,,1,9180.21
1109456,16:00:00,16:00:00,154385,,21,,,,,,1,9603.1
1109456,16:01:00,16:01:00,150226,,22,,,,,,1,9960.85
1109456,16:02:00,16:02:00,154267,,23,,,,,,1,10213
1109457,16:06:00,16:06:00,154267,,1,,,,,,1,0
1109457,16:09:00,16:09:00,150182,,2,,,,,,1,733.44
1109457,16:10:00,16:10:00,150183,,3,,,,,,1,1154.47
1109457,16:12:00,16:12:00,150156,,4,,,,,,1,1586.13
1109457,16:14:00,16:14:00,150361,,5,,,,,,1,2025.91
1109457,16:15:00,16:15:00,150362,,6,,,,,,1,2382.09
1109457,16:17:00,16:17:00,150163,,7,,,,,,1,2599.9
1109457,16:18:00,16:18:00,150164,,8,,,,,,1,3018.06
1109457,16:20:00,16:20:00,150165,,9,,,,,,1,3384.47
1109457,16:21:00,16:21:00,150159,,10,,,,,,1,3769.69
1109457,16:24:00,16:24:00,150160,,11,,,,,,1,4199.35
1109457,16:26:00,16:26:00,154262,,12,,,,,,1,4756.83
1109457,16:27:00,16:27:00,154263,,13,,,,,,1,5145.26
1109457,16:29:00,16:29:00,150184,,14,,,,,,1,5729.19
1109457,16:30:00,16:30:00,150185,,15,,,,,,1,5817.37
1109457,16:32:00,16:32:00,150186,,16,,,,,,1,6841.37
1109457,16:33:00,16:33:00,159135,,17,,,,,,1,7087.61
1109457,16:36:00,16:36:00,217346,,18,,,,,,1,7808.43
1109457,16:37:00,16:37:00,159133,,19,,,,,,1,8072.71
1109457,16:41:00,16:41:00,154395,,20,,,,,,1,9180.21
1109457,16:42:00,16:42:00,154385,,21,,,,,,1,9603.1
1109457,16:43:00,16:43:00,150226,,22,,,,,,1,9960.85
1109457,16:44:00,16:44:00,154267,,23,,,,,,1,10213
1109458,16:48:00,16:48:00,154267,,1,,,,,,1,0
1109458,16:51:00,16:51:00,150182,,2,,,,,,1,733.44
1109458,16:52:00,16:52:00,150183,,3,,,,,,1,1154.47
1109458,16:54:00,16:54:00,150156,,4,,,,,,1,1586.13
1109458,16:56:00,16:56:00,150361,,5,,,,,,1,2025.91
1109458,16:57:00,16:57:00,150362,,6,,,,,,1,2382.09
1109458,16:59:00,16:59:00,150163,,7,,,,,,1,2599.9
1109458,17:00:00,17:00:00,150164,,8,,,,,,1,3018.06
1109458,17:02:00,17:02:00,150165,,9,,,,,,1,3384.47
1109458,17:03:00,17:03:00,150159,,10,,,,,,1,3769.69
1109458,17:06:00,17:06:00,150160,,11,,,,,,1,4199.35
1109458,17:08:00,17:08:00,154262,,12,,,,,,1,4756.83
1109458,17:09:00,17:09:00,154263,,13,,,,,,1,5145.26
1109458,17:11:00,17:11:00,150184,,14,,,,,,1,5729.19
1109458,17:12:00,17:12:00,150185,,15,,,,,,1,5817.37
1109458,17:14:00,17:14:00,150186,,16,,,,,,1,6841.37
1109458,17:15:00,17:15:00,159135,,17,,,,,,1,7087.61
1109458,17:18:00,17:18:00,217346,,18,,,,,,1,7808.43
1109458,17:19:00,17:19:00,159133,,19,,,,,,1,8072.71
1109458,17:23:00,17:23:00,154395,,20,,,,,,1,9180.21
1109458,17:24:00,17:24:00,154385,,21,,,,,,1,9603.1
1109458,17:25:00,17:25:00,150226,,22,,,,,,1,9960.85
1109458,17:26:00,17:26:00,154267,,23,,,,,,1,10213
1109459,17:30:00,17:30:00,154267,,1,,,,,,1,0
1109459,17:33:00,17:33:00,150182,,2,,,,,,1,733.44
1109459,17:34:00,17:34:00,150183,,3,,,,,,1,1154.47
1109459,17:36:00,17:36:00,150156,,4,,,,,,1,1586.13
1109459,17:38:00,17:38:00,150361,,5,,,,,,1,2025.91
1109459,17:39:00,17:39:00,150362,,6,,,,,,1,2382.09
1109459,17:41:00,17:41:00,150163,,7,,,,,,1,2599.9
1109459,17:42:00,17:42:00,150164,,8,,,,,,1,3018.06
1109459,17:44:00,17:44:00,150165,,9,,,,,,1,3384.47
1109459,17:45:00,17:45:00,150159,,10,,,,,,1,3769.69
1109459,17:51:00,17:51:00,150160,,11,,,,,,1,4199.35
1109459,17:53:00,17:53:00,154262,,12,,,,,,1,4756.83
1109459,17:54:00,17:54:00,154263,,13,,,,,,1,5145.26
1109459,17:56:00,17:56:00,150184,,14,,,,,,1,5729.19
1109459,17:57:00,17:57:00,150185,,15,,,,,,1,5817.37
1109459,17:59:00,17:59:00,150186,,16,,,,,,1,6841.37
1109459,18:00:00,18:00:00,159135,,17,,,,,,1,7087.61
1109459,18:03:00,18:03:00,217346,,18,,,,,,1,7808.43
1109459,18:04:00,18:04:00,159133,,19,,,,,,1,8072.71
1109459,18:08:00,18:08:00,154395,,20,,,,,,1,9180.21
1109459,18:09:00,18:09:00,154385,,21,,,,,,1,9603.1
1109459,18:10:00,18:10:00,150226,,22,,,,,,1,9960.85
1109459,18:11:00,18:11:00,154267,,23,,,,,,1,10213
1109460,18:19:00,18:19:00,154267,,1,,,,,,1,0
1109460,18:22:00,18:22:00,150182,,2,,,,,,1,733.44
1109460,18:23:00,18:23:00,150183,,3,,,,,,1,1154.47
1109460,18:25:00,18:25:00,150156,,4,,,,,,1,1586.13
1109460,18:27:00,18:27:00,150361,,5,,,,,,1,2025.91
1109460,18:28:00,18:28:00,150362,,6,,,,,,1,2382.09
1109460,18:30:00,18:30:00,150163,,7,,,,,,1,2599.9
1109460,18:31:00,18:31:00,150164,,8,,,,,,1,3018.06
1109460,18:33:00,18:33:00,150165,,9,,,,,,1,3384.47
1109460,18:34:00,18:34:00,150159,,10,,,,,,1,3769.69
1109460,18:37:00,18:37:00,150160,,11,,,,,,1,4199.35
1109460,18:39:00,18:39:00,154262,,12,,,,,,1,4756.83
1109460,18:40:00,18:40:00,154263,,13,,,,,,1,5145.26
1109460,18:42:00,18:42:00,150184,,14,,,,,,1,5729.19
1109460,18:43:00,18:43:00,150185,,15,,,,,,1,5817.37
1109460,18:45:00,18:45:00,150186,,16,,,,,,1,6841.37
1109460,18:46:00,18:46:00,159135,,17,,,,,,1,7087.61
1109460,18:49:00,18:49:00,217346,,18,,,,,,1,7808.43
1109460,18:50:00,18:50:00,159133,,19,,,,,,1,8072.71
1109460,18:54:00,18:54:00,154395,,20,,,,,,1,9180.21
1109460,18:55:00,18:55:00,154385,,21,,,,,,1,9603.1
1109460,18:56:00,18:56:00,150226,,22,,,,,,1,9960.85
1109460,18:57:00,18:57:00,154267,,23,,,,,,1,10213
1109461,19:01:00,19:01:00,154267,,1,,,,,,1,0
1109461,19:04:00,19:04:00,150182,,2,,,,,,1,733.44
1109461,19:05:00,19:05:00,150183,,3,,,,,,1,1154.47
1109461,19:07:00,19:07:00,150156,,4,,,,,,1,1586.13
1109461,19:09:00,19:09:00,150361,,5,,,,,,1,2025.91
1109461,19:10:00,19:10:00,150362,,6,,,,,,1,2382.09
1109461,19:12:00,19:12:00,150163,,7,,,,,,1,2599.9
1109461,19:13:00,19:13:00,150164,,8,,,,,,1,3018.06
1109461,19:15:00,19:15:00,150165,,9,,,,,,1,3384.47
1109461,19:16:00,19:16:00,150159,,10,,,,,,1,3769.69
1109461,19:19:00,19:19:00,150160,,11,,,,,,1,4199.35
1109461,19:21:00,19:21:00,154262,,12,,,,,,1,4756.83
1109461,19:22:00,19:22:00,154263,,13,,,,,,1,5145.26
1109461,19:24:00,19:24:00,150184,,14,,,,,,1,5729.19
1109461,19:25:00,19:25:00,150185,,15,,,,,,1,5817.37
1109461,19:27:00,19:27:00,150186,,16,,,,,,1,6841.37
1109461,19:28:00,19:28:00,159135,,17,,,,,,1,7087.61
1109461,19:31:00,19:31:00,217346,,18,,,,,,1,7808.43
1109461,19:32:00,19:32:00,159133,,19,,,,,,1,8072.71
1109461,19:36:00,19:36:00,154395,,20,,,,,,1,9180.21
1109461,19:37:00,19:37:00,154385,,21,,,,,,1,9603.1
1109461,19:38:00,19:38:00,150226,,22,,,,,,1,9960.85
1109461,19:39:00,19:39:00,154267,,23,,,,,,1,10213
1109462,19:43:00,19:43:00,154267,,1,,,,,,1,0
1109462,19:46:00,19:46:00,150182,,2,,,,,,1,733.44
1109462,19:47:00,19:47:00,150183,,3,,,,,,1,1154.47
1109462,19:49:00,19:49:00,150156,,4,,,,,,1,1586.13
1109462,19:51:00,19:51:00,150361,,5,,,,,,1,2025.91
1109462,19:52:00,19:52:00,150362,,6,,,,,,1,2382.09
1109462,19:54:00,19:54:00,150163,,7,,,,,,1,2599.9
1109462,19:55:00,19:55:00,150164,,8,,,,,,1,3018.06
1109462,19:57:00,19:57:00,150165,,9,,,,,,1,3384.47
1109462,19:58:00,19:58:00,150159,,10,,,,,,1,3769.69
1109462,20:01:00,20:01:00,150160,,11,,,,,,1,4199.35
1109462,20:03:00,20:03:00,154262,,12,,,,,,1,4756.83
1109462,20:04:00,20:04:00,154263,,13,,,,,,1,5145.26
1109462,20:06:00,20:06:00,150184,,14,,,,,,1,5729.19
1109462,20:07:00,20:07:00,150185,,15,,,,,,1,5817.37
1109462,20:09:00,20:09:00,150186,,16,,,,,,1,6841.37
1109462,20:10:00,20:10:00,159135,,17,,,,,,1,7087.61
1109462,20:13:00,20:13:00,217346,,18,,,,,,1,7808.43
1109462,20:14:00,20:14:00,159133,,19,,,,,,1,8072.71
1109462,20:18:00,20:18:00,154395,,20,,,,,,1,9180.21
1109462,20:19:00,20:19:00,154385,,21,,,,,,1,9603.1
1109462,20:20:00,20:20:00,150226,,22,,,,,,1,9960.85
1109462,20:21:00,20:21:00,154267,,23,,,,,,1,10213
1109463,20:25:00,20:25:00,154267,,1,,,,,,1,0
1109463,20:28:00,20:28:00,150182,,2,,,,,,1,733.44
1109463,20:29:00,20:29:00,150183,,3,,,,,,1,1154.47
1109463,20:31:00,20:31:00,150156,,4,,,,,,1,1586.13
1109463,20:33:00,20:33:00,150361,,5,,,,,,1,2025.91
1109463,20:34:00,20:34:00,150362,,6,,,,,,1,2382.09
1109463,20:36:00,20:36:00,150163,,7,,,,,,1,2599.9
1109463,20:37:00,20:37:00,150164,,8,,,,,,1,3018.06
1109463,20:39:00,20:39:00,150165,,9,,,,,,1,3384.47
1109463,20:40:00,20:40:00,150159,,10,,,,,,1,3769.69
1109463,20:43:00,20:43:00,150160,,11,,,,,,1,4199.35
1109463,20:45:00,20:45:00,154262,,12,,,,,,1,4756.83
1109463,20:46:00,20:46:00,154263,,13,,,,,,1,5145.26
1109463,20:48:00,20:48:00,150184,,14,,,,,,1,5729.19
1109463,20:49:00,20:49:00,150185,,15,,,,,,1,5817.37
1109463,20:51:00,20:51:00,150186,,16,,,,,,1,6841.37
1109463,20:52:00,20:52:00,159135,,17,,,,,,1,7087.61
1109463,20:55:00,20:55:00,217346,,18,,,,,,1,7808.43
1109463,20:56:00,20:56:00,159133,,19,,,,,,1,8072.71
1109463,21:00:00,21:00:00,154395,,20,,,,,,1,9180.21
1109463,21:01:00,21:01:00,154385,,21,,,,,,1,9603.1
1109463,21:02:00,21:02:00,150226,,22,,,,,,1,9960.85
1109463,21:03:00,21:03:00,154267,,23,,,,,,1,10213
1109464,21:07:00,21:07:00,154267,,1,,,,,,1,0
1109464,21:10:00,21:10:00,150182,,2,,,,,,1,733.44
1109464,21:11:00,21:11:00,150183,,3,,,,,,1,1154.47
1109464,21:13:00,21:13:00,150156,,4,,,,,,1,1586.13
1109464,21:15:00,21:15:00,150361,,5,,,,,,1,2025.91
1109464,21:16:00,21:16:00,150362,,6,,,,,,1,2382.09
1109464,21:18:00,21:18:00,150163,,7,,,,,,1,2599.9
1109464,21:19:00,21:19:00,150164,,8,,,,,,1,3018.06
1109464,21:21:00,21:21:00,150165,,9,,,,,,1,3384.47
1109464,21:22:00,21:22:00,150159,,10,,,,,,1,3769.69
1109464,21:25:00,21:25:00,150160,,11,,,,,,1,4199.35
1109464,21:27:00,21:27:00,154262,,12,,,,,,1,4756.83
1109464,21:28:00,21:28:00,154263,,13,,,,,,1,5145.26
1109464,21:30:00,21:30:00,150184,,14,,,,,,1,5729.19
1109464,21:31:00,21:31:00,150185,,15,,,,,,1,5817.37
1109464,21:33:00,21:33:00,150186,,16,,,,,,1,6841.37
1109464,21:34:00,21:34:00,159135,,17,,,,,,1,7087.61
1109464,21:37:00,21:37:00,217346,,18,,,,,,1,7808.43
1109464,21:38:00,21:38:00,159133,,19,,,,,,1,8072.71
1109464,21:42:00,21:42:00,154395,,20,,,,,,1,9180.21
1109464,21:43:00,21:43:00,154385,,21,,,,,,1,9603.1
1109464,21:44:00,21:44:00,150226,,22,,,,,,1,9960.85
1109464,21:45:00,21:45:00,154267,,23,,,,,,1,10213
1109465,21:49:00,21:49:00,154267,,1,,,,,,1,0
1109465,21:52:00,21:52:00,150182,,2,,,,,,1,733.44
1109465,21:53:00,21:53:00,150183,,3,,,,,,1,1154.47
1109465,21:55:00,21:55:00,150156,,4,,,,,,1,1586.13
1109465,21:57:00,21:57:00,150361,,5,,,,,,1,2025.91
1109465,21:58:00,21:58:00,150362,,6,,,,,,1,2382.09
1109465,22:00:00,22:00:00,150163,,7,,,,,,1,2599.9
1109465,22:01:00,22:01:00,150164,,8,,,,,,1,3018.06
1109465,22:03:00,22:03:00,150165,,9,,,,,,1,3384.47
1109465,22:04:00,22:04:00,150159,,10,,,,,,1,3769.69
1109465,22:05:00,22:05:00,150160,,11,,,,,,1,4199.35
872695,07:00:00,07:00:00,150160,,1,,,,,,1,0
872695,07:02:00,07:02:00,150189,,2,,,,,,1,222.91
872695,07:03:00,07:03:00,150190,,3,,,,,,1,536.34
872695,07:04:00,07:04:00,150191,,4,,,,,,1,859.86
872695,07:06:00,07:06:00,150192,,5,,,,,,1,1420.29
872695,07:08:00,07:08:00,150193,,6,,,,,,1,1988.05
872695,07:08:00,07:08:00,150194,,7,,,,,,1,2161.68
872695,07:10:00,07:10:00,150195,,8,,,,,,1,2457.17
872695,07:11:00,07:11:00,150196,,9,,,,,,1,2865.45
872695,07:12:00,07:12:00,150197,,10,,,,,,1,3237.33
872695,07:14:00,07:14:00,150198,,11,,,,,,1,3597.17
872695,07:15:00,07:15:00,150200,,12,,,,,,1,4021.48
872695,07:16:00,07:16:00,154268,,13,,,,,,1,4563.16
872695,07:17:00,07:17:00,150165,,14,,,,,,1,4981.21
872695,07:18:00,07:18:00,150159,,15,,,,,,1,5366.74
872695,07:20:00,07:20:00,150160,,16,,,,,,1,5793.43
872696,07:24:00,07:24:00,150160,,1,,,,,,1,0
872696,07:26:00,07:26:00,150189,,2,,,,,,1,222.91
872696,07:27:00,07:27:00,150190,,3,,,,,,1,536.34
872696,07:28:00,07:28:00,150191,,4,,,,,,1,859.86
872696,07:30:00,07:30:00,150192,,5,,,,,,1,1420.29
872696,07:32:00,07:32:00,150193,,6,,,,,,1,1988.05
872696,07:32:00,07:32:00,150194,,7,,,,,,1,2161.68
872696,07:34:00,07:34:00,150195,,8,,,,,,1,2457.17
872696,07:35:00,07:35:00,150196,,9,,,,,,1,2865.45
872696,07:36:00,07:36:00,150197,,10,,,,,,1,3237.33
872696,07:38:00,07:38:00,150198,,11,,,,,,1,3597.17
872696,07:39:00,07:39:00,150200,,12,,,,,,1,4021.48
872696,07:40:00,07:40:00,154268,,13,,,,,,1,4563.16
872696,07:41:00,07:41:00,150165,,14,,,,,,1,4981.21
872696,07:42:00,07:42:00,150159,,15,,,,,,1,5366.74
872696,07:44:00,07:44:00,150160,,16,,,,,,1,5793.43
872697,07:48:00,07:48:00,150160,,1,,,,,,1,0
872697,07:50:00,07:50:00,150189,,2,,,,,,1,222.91
872697,07:51:00,07:51:00,150190,,3,,,,,,1,536.34
872697,07:52:00,07:52:00,150191,,4,,,,,,1,859.86
872697,07:54:00,07:54:00,150192,,5,,,,,,1,1420.29
872697,07:56:00,07:56:00,150193,,6,,,,,,1,1988.05
872697,07:56:00,07:56:00,150194,,7,,,,,,1,2161.68
872697,07:58:00,07:58:00,150195,,8,,,,,,1,2457.17
872697,07:59:00,07:59:00,150196,,9,,,,,,1,2865.45
872697,08:00:00,08:00:00,150197,,10,,,,,,1,3237.33
872697,08:02:00,08:02:00,150198,,11,,,,,,1,3597.17
872697,08:03:00,08:03:00,150200,,12,,,,,,1,4021.48
872697,08:04:00,08:04:00,154268,,13,,,,,,1,4563.16
872697,08:05:00,08:05:00,150165,,14,,,,,,1,4981.21
872697,08:06:00,08:06:00,150159,,15,,,,,,1,5366.74
872697,08:08:00,08:08:00,150160,,16,,,,,,1,5793.43
872698,08:12:00,08:12:00,150160,,1,,,,,,1,0
872698,08:14:00,08:14:00,150189,,2,,,,,,1,222.91
872698,08:15:00,08:15:00,150190,,3,,,,,,1,536.34
872698,08:16:00,08:16:00,150191,,4,,,,,,1,859.86
872698,08:18:00,08:18:00,150192,,5,,,,,,1,1420.29
872698,08:20:00,08:20:00,150193,,6,,,,,,1,1988.05
872698,08:20:00,08:20:00,150194,,7,,,,,,1,2161.68
872698,08:22:00,08:22:00,150195,,8,,,,,,1,2457.17
872698,08:23:00,08:23:00,150196,,9,,,,,,1,2865.45
872698,08:24:00,08:24:00,150197,,10,,,,,,1,3237.33
872698,08:26:00,08:26:00,150198,,11,,,,,,1,3597.17
872698,08:27:00,08:27:00,150200,,12,,,,,,1,4021.48
872698,08:28:00,08:28:00,154268,,13,,,,,,1,4563.16
872698,08:29:00,08:29:00,150165,,14,,,,,,1,4981.21
872698,08:30:00,08:30:00,150159,,15,,,,,,1,5366.74
872698,08:32:00,08:32:00,150160,,16,,,,,,1,5793.43
872699,08:36:00,08:36:00,150160,,1,,,,,,1,0
872699,08:38:00,08:38:00,150189,,2,,,,,,1,222.91
872699,08:39:00,08:39:00,150190,,3,,,,,,1,536.34
872699,08:40:00,08:40:00,150191,,4,,,,,,1,859.86
872699,08:42:00,08:42:00,150192,,5,,,,,,1,1420.29
872699,08:44:00,08:44:00,150193,,6,,,,,,1,1988.05
872699,08:44:00,08:44:00,150194,,7,,,,,,1,2161.68
872699,08:46:00,08:46:00,150195,,8,,,,,,1,2457.17
872699,08:47:00,08:47:00,150196,,9,,,,,,1,2865.45
872699,08:48:00,08:48:00,150197,,10,,,,,,1,3237.33
872699,08:50:00,08:50:00,150198,,11,,,,,,1,3597.17
872699,08:51:00,08:51:00,150200,,12,,,,,,1,4021.48
872699,08:52:00,08:52:00,154268,,13,,,,,,1,4563.16
872699,08:53:00,08:53:00,150165,,14,,,,,,1,4981.21
872699,08:54:00,08:54:00,150159,,15,,,,,,1,5366.74
872699,08:56:00,08:56:00,150160,,16,,,,,,1,5793.43
872700,09:00:00,09:00:00,150160,,1,,,,,,1,0
872700,09:02:00,09:02:00,150189,,2,,,,,,1,222.91
872700,09:03:00,09:03:00,150190,,3,,,,,,1,536.34
872700,09:04:00,09:04:00,150191,,4,,,,,,1,859.86
872700,09:06:00,09:06:00,150192,,5,,,,,,1,1420.29
872700,09:08:00,09:08:00,150193,,6,,,,,,1,1988.05
872700,09:08:00,09:08:00,150194,,7,,,,,,1,2161.68
872700,09:10:00,09:10:00,150195,,8,,,,,,1,2457.17
872700,09:11:00,09:11:00,150196,,9,,,,,,1,2865.45
872700,09:12:00,09:12:00,150197,,10,,,,,,1,3237.33
872700,09:14:00,09:14:00,150198,,11,,,,,,1,3597.17
872700,09:15:00,09:15:00,150200,,12,,,,,,1,4021.48
872700,09:16:00,09:16:00,154268,,13,,,,,,1,4563.16
872700,09:17:00,09:17:00,150165,,14,,,,,,1,4981.21
872700,09:18:00,09:18:00,150159,,15,,,,,,1,5366.74
872700,09:20:00,09:20:00,150160,,16,,,,,,1,5793.43
872701,09:24:00,09:24:00,150160,,1,,,,,,1,0
872701,09:26:00,09:26:00,150189,,2,,,,,,1,222.91
872701,09:27:00,09:27:00,150190,,3,,,,,,1,536.34
872701,09:28:00,09:28:00,150191,,4,,,,,,1,859.86
872701,09:30:00,09:30:00,150192,,5,,,,,,1,1420.29
872701,09:32:00,09:32:00,150193,,6,,,,,,1,1988.05
872701,09:32:00,09:32:00,150194,,7,,,,,,1,2161.68
872701,09:34:00,09:34:00,150195,,8,,,,,,1,2457.17
872701,09:35:00,09:35:00,150196,,9,,,,,,1,2865.45
872701,09:36:00,09:36:00,150197,,10,,,,,,1,3237.33
872701,09:38:00,09:38:00,150198,,11,,,,,,1,3597.17
872701,09:39:00,09:39:00,150200,,12,,,,,,1,4021.48
872701,09:40:00,09:40:00,154268,,13,,,,,,1,4563.16
872701,09:41:00,09:41:00,150165,,14,,,,,,1,4981.21
872701,09:42:00,09:42:00,150159,,15,,,,,,1,5366.74
872701,09:44:00,09:44:00,150160,,16,,,,,,1,5793.43
872702,09:48:00,09:48:00,150160,,1,,,,,,1,0
872702,09:50:00,09:50:00,150189,,2,,,,,,1,222.91
872702,09:51:00,09:51:00,150190,,3,,,,,,1,536.34
872702,09:52:00,09:52:00,150191,,4,,,,,,1,859.86
872702,09:54:00,09:54:00,150192,,5,,,,,,1,1420.29
872702,09:56:00,09:56:00,150193,,6,,,,,,1,1988.05
872702,09:56:00,09:56:00,150194,,7,,,,,,1,2161.68
872702,09:58:00,09:58:00,150195,,8,,,,,,1,2457.17
872702,09:59:00,09:59:00,150196,,9,,,,,,1,2865.45
872702,10:00:00,10:00:00,150197,,10,,,,,,1,3237.33
872702,10:02:00,10:02:00,150198,,11,,,,,,1,3597.17
872702,10:03:00,10:03:00,150200,,12,,,,,,1,4021.48
872702,10:04:00,10:04:00,154268,,13,,,,,,1,4563.16
872702,10:05:00,10:05:00,150165,,14,,,,,,1,4981.21
872702,10:06:00,10:06:00,150159,,15,,,,,,1,5366.74
872702,10:08:00,10:08:00,150160,,16,,,,,,1,5793.43
872703,10:12:00,10:12:00,150160,,1,,,,,,1,0
872703,10:14:00,10:14:00,150189,,2,,,,,,1,222.91
872703,10:15:00,10:15:00,150190,,3,,,,,,1,536.34
872703,10:16:00,10:16:00,150191,,4,,,,,,1,859.86
872703,10:18:00,10:18:00,150192,,5,,,,,,1,1420.29
872703,10:20:00,10:20:00,150193,,6,,,,,,1,1988.05
872703,10:20:00,10:20:00,150194,,7,,,,,,1,2161.68
872703,10:22:00,10:22:00,150195,,8,,,,,,1,2457.17
872703,10:23:00,10:23:00,150196,,9,,,,,,1,2865.45
872703,10:24:00,10:24:00,150197,,10,,,,,,1,3237.33
872703,10:26:00,10:26:00,150198,,11,,,,,,1,3597.17
872703,10:27:00,10:27:00,150200,,12,,,,,,1,4021.48
872703,10:28:00,10:28:00,154268,,13,,,,,,1,4563.16
872703,10:29:00,10:29:00,150165,,14,,,,,,1,4981.21
872703,10:30:00,10:30:00,150159,,15,,,,,,1,5366.74
872703,10:32:00,10:32:00,150160,,16,,,,,,1,5793.43
872704,10:36:00,10:36:00,150160,,1,,,,,,1,0
872704,10:38:00,10:38:00,150189,,2,,,,,,1,222.91
872704,10:39:00,10:39:00,150190,,3,,,,,,1,536.34
872704,10:40:00,10:40:00,150191,,4,,,,,,1,859.86
872704,10:42:00,10:42:00,150192,,5,,,,,,1,1420.29
872704,10:44:00,10:44:00,150193,,6,,,,,,1,1988.05
872704,10:44:00,10:44:00,150194,,7,,,,,,1,2161.68
872704,10:46:00,10:46:00,150195,,8,,,,,,1,2457.17
872704,10:47:00,10:47:00,150196,,9,,,,,,1,2865.45
872704,10:48:00,10:48:00,150197,,10,,,,,,1,3237.33
872704,10:50:00,10:50:00,150198,,11,,,,,,1,3597.17
872704,10:51:00,10:51:00,150200,,12,,,,,,1,4021.48
872704,10:52:00,10:52:00,154268,,13,,,,,,1,4563.16
872704,10:53:00,10:53:00,150165,,14,,,,,,1,4981.21
872704,10:54:00,10:54:00,150159,,15,,,,,,1,5366.74
872704,10:56:00,10:56:00,150160,,16,,,,,,1,5793.43
872705,11:00:00,11:00:00,150160,,1,,,,,,1,0
872705,11:02:00,11:02:00,150189,,2,,,,,,1,222.91
872705,11:03:00,11:03:00,150190,,3,,,,,,1,536.34
872705,11:04:00,11:04:00,150191,,4,,,,,,1,859.86
872705,11:06:00,11:06:00,150192,,5,,,,,,1,1420.29
872705,11:08:00,11:08:00,150193,,6,,,,,,1,1988.05
872705,11:08:00,11:08:00,150194,,7,,,,,,1,2161.68
872705,11:10:00,11:10:00,150195,,8,,,,,,1,2457.17
872705,11:11:00,11:11:00,150196,,9,,,,,,1,2865.45
872705,11:12:00,11:12:00,150197,,10,,,,,,1,3237.33
872705,11:14:00,11:14:00,150198,,11,,,,,,1,3597.17
872705,11:15:00,11:15:00,150200,,12,,,,,,1,4021.48
872705,11:16:00,11:16:00,154268,,13,,,,,,1,4563.16
872705,11:17:00,11:17:00,150165,,14,,,,,,1,4981.21
872705,11:18:00,11:18:00,150159,,15,,,,,,1,5366.74
872705,11:20:00,11:20:00,150160,,16,,,,,,1,5793.43
872706,11:24:00,11:24:00,150160,,1,,,,,,1,0
872706,11:26:00,11:26:00,150189,,2,,,,,,1,222.91
872706,11:27:00,11:27:00,150190,,3,,,,,,1,536.34
872706,11:28:00,11:28:00,150191,,4,,,,,,1,859.86
872706,11:30:00,11:30:00,150192,,5,,,,,,1,1420.29
872706,11:32:00,11:32:00,150193,,6,,,,,,1,1988.05
872706,11:32:00,11:32:00,150194,,7,,,,,,1,2161.68
872706,11:34:00,11:34:00,150195,,8,,,,,,1,2457.17
872706,11:35:00,11:35:00,150196,,9,,,,,,1,2865.45
872706,11:36:00,11:36:00,150197,,10,,,,,,1,3237.33
872706,11:38:00,11:38:00,150198,,11,,,,,,1,3597.17
872706,11:39:00,11:39:00,150200,,12,,,,,,1,4021.48
872706,11:40:00,11:40:00,154268,,13,,,,,,1,4563.16
872706,11:41:00,11:41:00,150165,,14,,,,,,1,4981.21
872706,11:42:00,11:42:00,150159,,15,,,,,,1,5366.74
872706,11:44:00,11:44:00,150160,,16,,,,,,1,5793.43
872707,11:48:00,11:48:00,150160,,1,,,,,,1,0
872707,11:50:00,11:50:00,150189,,2,,,,,,1,222.91
872707,11:51:00,11:51:00,150190,,3,,,,,,1,536.34
872707,11:52:00,11:52:00,150191,,4,,,,,,1,859.86
872707,11:54:00,11:54:00,150192,,5,,,,,,1,1420.29
872707,11:56:00,11:56:00,150193,,6,,,,,,1,1988.05
872707,11:56:00,11:56:00,150194,,7,,,,,,1,2161.68
872707,11:58:00,11:58:00,150195,,8,,,,,,1,2457.17
872707,11:59:00,11:59:00,150196,,9,,,,,,1,2865.45
872707,12:00:00,12:00:00,150197,,10,,,,,,1,3237.33
872707,12:02:00,12:02:00,150198,,11,,,,,,1,3597.17
872707,12:03:00,12:03:00,150200,,12,,,,,,1,4021.48
872707,12:04:00,12:04:00,154268,,13,,,,,,1,4563.16
872707,12:05:00,12:05:00,150165,,14,,,,,,1,4981.21
872707,12:06:00,12:06:00,150159,,15,,,,,,1,5366.74
872707,12:08:00,12:08:00,150160,,16,,,,,,1,5793.43
872708,12:12:00,12:12:00,150160,,1,,,,,,1,0
872708,12:14:00,12:14:00,150189,,2,,,,,,1,222.91
872708,12:15:00,12:15:00,150190,,3,,,,,,1,536.34
872708,12:16:00,12:16:00,150191,,4,,,,,,1,859.86
872708,12:18:00,12:18:00,150192,,5,,,,,,1,1420.29
872708,12:20:00,12:20:00,150193,,6,,,,,,1,1988.05
872708,12:20:00,12:20:00,150194,,7,,,,,,1,2161.68
872708,12:22:00,12:22:00,150195,,8,,,,,,1,2457.17
872708,12:23:00,12:23:00,150196,,9,,,,,,1,2865.45
872708,12:24:00,12:24:00,150197,,10,,,,,,1,3237.33
872708,12:26:00,12:26:00,150198,,11,,,,,,1,3597.17
872708,12:27:00,12:27:00,150200,,12,,,,,,1,4021.48
872708,12:28:00,12:28:00,154268,,13,,,,,,1,4563.16
872708,12:29:00,12:29:00,150165,,14,,,,,,1,4981.21
872708,12:30:00,12:30:00,150159,,15,,,,,,1,5366.74
872708,12:32:00,12:32:00,150160,,16,,,,,,1,5793.43
872709,12:36:00,12:36:00,150160,,1,,,,,,1,0
872709,12:38:00,12:38:00,150189,,2,,,,,,1,222.91
872709,12:39:00,12:39:00,150190,,3,,,,,,1,536.34
872709,12:40:00,12:40:00,150191,,4,,,,,,1,859.86
872709,12:42:00,12:42:00,150192,,5,,,,,,1,1420.29
872709,12:44:00,12:44:00,150193,,6,,,,,,1,1988.05
872709,12:44:00,12:44:00,150194,,7,,,,,,1,2161.68
872709,12:46:00,12:46:00,150195,,8,,,,,,1,2457.17
872709,12:47:00,12:47:00,150196,,9,,,,,,1,2865.45
872709,12:48:00,12:48:00,150197,,10,,,,,,1,3237.33
872709,12:50:00,12:50:00,150198,,11,,,,,,1,3597.17
872709,12:51:00,12:51:00,150200,,12,,,,,,1,4021.48
872709,12:52:00,12:52:00,154268,,13,,,,,,1,4563.16
872709,12:53:00,12:53:00,150165,,14,,,,,,1,4981.21
872709,12:54:00,12:54:00,150159,,15,,,,,,1,5366.74
872709,12:56:00,12:56:00,150160,,16,,,,,,1,5793.43
872710,13:00:00,13:00:00,150160,,1,,,,,,1,0
872710,13:02:00,13:02:00,150189,,2,,,,,,1,222.91
872710,13:03:00,13:03:00,150190,,3,,,,,,1,536.34
872710,13:04:00,13:04:00,150191,,4,,,,,,1,859.86
872710,13:06:00,13:06:00,150192,,5,,,,,,1,1420.29
872710,13:08:00,13:08:00,150193,,6,,,,,,1,1988.05
872710,13:08:00,13:08:00,150194,,7,,,,,,1,2161.68
872710,13:10:00,13:10:00,150195,,8,,,,,,1,2457.17
872710,13:11:00,13:11:00,150196,,9,,,,,,1,2865.45
872710,13:12:00,13:12:00,150197,,10,,,,,,1,3237.33
872710,13:14:00,13:14:00,150198,,11,,,,,,1,3597.17
872710,13:15:00,13:15:00,150200,,12,,,,,,1,4021.48
872710,13:16:00,13:16:00,154268,,13,,,,,,1,4563.16
872710,13:17:00,13:17:00,150165,,14,,,,,,1,4981.21
872710,13:18:00,13:18:00,150159,,15,,,,,,1,5366.74
872710,13:20:00,13:20:00,150160,,16,,,,,,1,5793.43
872711,13:24:00,13:24:00,150160,,1,,,,,,1,0
872711,13:26:00,13:26:00,150189,,2,,,,,,1,222.91
872711,13:27:00,13:27:00,150190,,3,,,,,,1,536.34
872711,13:28:00,13:28:00,150191,,4,,,,,,1,859.86
872711,13:30:00,13:30:00,150192,,5,,,,,,1,1420.29
872711,13:32:00,13:32:00,150193,,6,,,,,,1,1988.05
872711,13:32:00,13:32:00,150194,,7,,,,,,1,2161.68
872711,13:34:00,13:34:00,150195,,8,,,,,,1,2457.17
872711,13:35:00,13:35:00,150196,,9,,,,,,1,2865.45
872711,13:36:00,13:36:00,150197,,10,,,,,,1,3237.33
872711,13:38:00,13:38:00,150198,,11,,,,,,1,3597.17
872711,13:39:00,13:39:00,150200,,12,,,,,,1,4021.48
872711,13:40:00,13:40:00,154268,,13,,,,,,1,4563.16
872711,13:41:00,13:41:00,150165,,14,,,,,,1,4981.21
872711,13:42:00,13:42:00,150159,,15,,,,,,1,5366.74
872711,13:44:00,13:44:00,150160,,16,,,,,,1,5793.43
872712,13:48:00,13:48:00,150160,,1,,,,,,1,0
872712,13:50:00,13:50:00,150189,,2,,,,,,1,222.91
872712,13:51:00,13:51:00,150190,,3,,,,,,1,536.34
872712,13:52:00,13:52:00,150191,,4,,,,,,1,859.86
872712,13:54:00,13:54:00,150192,,5,,,,,,1,1420.29
872712,13:56:00,13:56:00,150193,,6,,,,,,1,1988.05
872712,13:56:00,13:56:00,150194,,7,,,,,,1,2161.68
872712,13:58:00,13:58:00,150195,,8,,,,,,1,2457.17
872712,13:59:00,13:59:00,150196,,9,,,,,,1,2865.45
872712,14:00:00,14:00:00,150197,,10,,,,,,1,3237.33
872712,14:02:00,14:02:00,150198,,11,,,,,,1,3597.17
872712,14:03:00,14:03:00,150200,,12,,,,,,1,4021.48
872712,14:04:00,14:04:00,154268,,13,,,,,,1,4563.16
872712,14:05:00,14:05:00,150165,,14,,,,,,1,4981.21
872712,14:06:00,14:06:00,150159,,15,,,,,,1,5366.74
872712,14:08:00,14:08:00,150160,,16,,,,,,1,5793.43
872713,14:12:00,14:12:00,150160,,1,,,,,,1,0
872713,14:14:00,14:14:00,150189,,2,,,,,,1,222.91
872713,14:15:00,14:15:00,150190,,3,,,,,,1,536.34
872713,14:16:00,14:16:00,150191,,4,,,,,,1,859.86
872713,14:18:00,14:18:00,150192,,5,,,,,,1,1420.29
872713,14:20:00,14:20:00,150193,,6,,,,,,1,1988.05
872713,14:20:00,14:20:00,150194,,7,,,,,,1,2161.68
872713,14:22:00,14:22:00,150195,,8,,,,,,1,2457.17
872713,14:23:00,14:23:00,150196,,9,,,,,,1,2865.45
872713,14:24:00,14:24:00,150197,,10,,,,,,1,3237.33
872713,14:26:00,14:26:00,150198,,11,,,,,,1,3597.17
872713,14:27:00,14:27:00,150200,,12,,,,,,1,4021.48
872713,14:28:00,14:28:00,154268,,13,,,,,,1,4563.16
872713,14:29:00,14:29:00,150165,,14,,,,,,1,4981.21
872713,14:30:00,14:30:00,150159,,15,,,,,,1,5366.74
872713,14:32:00,14:32:00,150160,,16,,,,,,1,5793.43
872714,14:36:00,14:36:00,150160,,1,,,,,,1,0
872714,14:38:00,14:38:00,150189,,2,,,,,,1,222.91
872714,14:39:00,14:39:00,150190,,3,,,,,,1,536.34
872714,14:40:00,14:40:00,150191,,4,,,,,,1,859.86
872714,14:42:00,14:42:00,150192,,5,,,,,,1,1420.29
872714,14:44:00,14:44:00,150193,,6,,,,,,1,1988.05
872714,14:44:00,14:44:00,150194,,7,,,,,,1,2161.68
872714,14:46:00,14:46:00,150195,,8,,,,,,1,2457.17
872714,14:47:00,14:47:00,150196,,9,,,,,,1,2865.45
872714,14:48:00,14:48:00,150197,,10,,,,,,1,3237.33
872714,14:50:00,14:50:00,150198,,11,,,,,,1,3597.17
872714,14:51:00,14:51:00,150200,,12,,,,,,1,4021.48
872714,14:52:00,14:52:00,154268,,13,,,,,,1,4563.16
872714,14:53:00,14:53:00,150165,,14,,,,,,1,4981.21
872714,14:54:00,14:54:00,150159,,15,,,,,,1,5366.74
872714,14:56:00,14:56:00,150160,,16,,,,,,1,5793.43
872715,15:00:00,15:00:00,150160,,1,,,,,,1,0
872715,15:02:00,15:02:00,150189,,2,,,,,,1,222.91
872715,15:03:00,15:03:00,150190,,3,,,,,,1,536.34
872715,15:04:00,15:04:00,150191,,4,,,,,,1,859.86
872715,15:06:00,15:06:00,150192,,5,,,,,,1,1420.29
872715,15:08:00,15:08:00,150193,,6,,,,,,1,1988.05
872715,15:08:00,15:08:00,150194,,7,,,,,,1,2161.68
872715,15:10:00,15:10:00,150195,,8,,,,,,1,2457.17
872715,15:11:00,15:11:00,150196,,9,,,,,,1,2865.45
872715,15:12:00,15:12:00,150197,,10,,,,,,1,3237.33
872715,15:14:00,15:14:00,150198,,11,,,,,,1,3597.17
872715,15:15:00,15:15:00,150200,,12,,,,,,1,4021.48
872715,15:16:00,15:16:00,154268,,13,,,,,,1,4563.16
872715,15:17:00,15:17:00,150165,,14,,,,,,1,4981.21
872715,15:18:00,15:18:00,150159,,15,,,,,,1,5366.74
872715,15:20:00,15:20:00,150160,,16,,,,,,1,5793.43
872716,15:24:00,15:24:00,150160,,1,,,,,,1,0
872716,15:26:00,15:26:00,150189,,2,,,,,,1,222.91
872716,15:27:00,15:27:00,150190,,3,,,,,,1,536.34
872716,15:28:00,15:28:00,150191,,4,,,,,,1,859.86
872716,15:30:00,15:30:00,150192,,5,,,,,,1,1420.29
872716,15:32:00,15:32:00,150193,,6,,,,,,1,1988.05
872716,15:32:00,15:32:00,150194,,7,,,,,,1,2161.68
872716,15:34:00,15:34:00,150195,,8,,,,,,1,2457.17
872716,15:35:00,15:35:00,150196,,9,,,,,,1,2865.45
872716,15:36:00,15:36:00,150197,,10,,,,,,1,3237.33
872716,15:38:00,15:38:00,150198,,11,,,,,,1,3597.17
872716,15:39:00,15:39:00,150200,,12,,,,,,1,4021.48
872716,15:40:00,15:40:00,154268,,13,,,,,,1,4563.16
872716,15:41:00,15:41:00,150165,,14,,,,,,1,4981.21
872716,15:42:00,15:42:00,150159,,15,,,,,,1,5366.74
872716,15:44:00,15:44:00,150160,,16,,,,,,1,5793.43
872717,15:48:00,15:48:00,150160,,1,,,,,,1,0
872717,15:50:00,15:50:00,150189,,2,,,,,,1,222.91
872717,15:51:00,15:51:00,150190,,3,,,,,,1,536.34
872717,15:52:00,15:52:00,150191,,4,,,,,,1,859.86
872717,15:54:00,15:54:00,150192,,5,,,,,,1,1420.29
872717,15:56:00,15:56:00,150193,,6,,,,,,1,1988.05
872717,15:56:00,15:56:00,150194,,7,,,,,,1,2161.68
872717,15:58:00,15:58:00,150195,,8,,,,,,1,2457.17
872717,15:59:00,15:59:00,150196,,9,,,,,,1,2865.45
872717,16:00:00,16:00:00,150197,,10,,,,,,1,3237.33
872717,16:02:00,16:02:00,150198,,11,,,,,,1,3597.17
872717,16:03:00,16:03:00,150200,,12,,,,,,1,4021.48
872717,16:04:00,16:04:00,154268,,13,,,,,,1,4563.16
872717,16:05:00,16:05:00,150165,,14,,,,,,1,4981.21
872717,16:06:00,16:06:00,150159,,15,,,,,,1,5366.74
872717,16:08:00,16:08:00,150160,,16,,,,,,1,5793.43
872718,16:12:00,16:12:00,150160,,1,,,,,,1,0
872718,16:14:00,16:14:00,150189,,2,,,,,,1,222.91
872718,16:15:00,16:15:00,150190,,3,,,,,,1,536.34
872718,16:16:00,16:16:00,150191,,4,,,,,,1,859.86
872718,16:18:00,16:18:00,150192,,5,,,,,,1,1420.29
872718,16:20:00,16:20:00,150193,,6,,,,,,1,1988.05
872718,16:20:00,16:20:00,150194,,7,,,,,,1,2161.68
872718,16:22:00,16:22:00,150195,,8,,,,,,1,2457.17
872718,16:23:00,16:23:00,150196,,9,,,,,,1,2865.45
872718,16:24:00,16:24:00,150197,,10,,,,,,1,3237.33
872718,16:26:00,16:26:00,150198,,11,,,,,,1,3597.17
872718,16:27:00,16:27:00,150200,,12,,,,,,1,4021.48
872718,16:28:00,16:28:00,154268,,13,,,,,,1,4563.16
872718,16:29:00,16:29:00,150165,,14,,,,,,1,4981.21
872718,16:30:00,16:30:00,150159,,15,,,,,,1,5366.74
872718,16:32:00,16:32:00,150160,,16,,,,,,1,5793.43
872719,16:36:00,16:36:00,150160,,1,,,,,,1,0
872719,16:38:00,16:38:00,150189,,2,,,,,,1,222.91
872719,16:39:00,16:39:00,150190,,3,,,,,,1,536.34
872719,16:40:00,16:40:00,150191,,4,,,,,,1,859.86
872719,16:42:00,16:42:00,150192,,5,,,,,,1,1420.29
872719,16:44:00,16:44:00,150193,,6,,,,,,1,1988.05
872719,16:44:00,16:44:00,150194,,7,,,,,,1,2161.68
872719,16:46:00,16:46:00,150195,,8,,,,,,1,2457.17
872719,16:47:00,16:47:00,150196,,9,,,,,,1,2865.45
872719,16:48:00,16:48:00,150197,,10,,,,,,1,3237.33
872719,16:50:00,16:50:00,150198,,11,,,,,,1,3597.17
872719,16:51:00,16:51:00,150200,,12,,,,,,1,4021.48
872719,16:52:00,16:52:00,154268,,13,,,,,,1,4563.16
872719,16:53:00,16:53:00,150165,,14,,,,,,1,4981.21
872719,16:54:00,16:54:00,150159,,15,,,,,,1,5366.74
872719,16:56:00,16:56:00,150160,,16,,,,,,1,5793.43
872720,17:00:00,17:00:00,150160,,1,,,,,,1,0
872720,17:02:00,17:02:00,150189,,2,,,,,,1,222.91
872720,17:03:00,17:03:00,150190,,3,,,,,,1,536.34
872720,17:04:00,17:04:00,150191,,4,,,,,,1,859.86
872720,17:06:00,17:06:00,150192,,5,,,,,,1,1420.29
872720,17:08:00,17:08:00,150193,,6,,,,,,1,1988.05
872720,17:08:00,17:08:00,150194,,7,,,,,,1,2161.68
872720,17:10:00,17:10:00,150195,,8,,,,,,1,2457.17
872720,17:11:00,17:11:00,150196,,9,,,,,,1,2865.45
872720,17:12:00,17:12:00,150197,,10,,,,,,1,3237.33
872720,17:14:00,17:14:00,150198,,11,,,,,,1,3597.17
872720,17:15:00,17:15:00,150200,,12,,,,,,1,4021.48
872720,17:16:00,17:16:00,154268,,13,,,,,,1,4563.16
872720,17:17:00,17:17:00,150165,,14,,,,,,1,4981.21
872720,17:18:00,17:18:00,150159,,15,,,,,,1,5366.74
872720,17:20:00,17:20:00,150160,,16,,,,,,1,5793.43
872721,17:24:00,17:24:00,150160,,1,,,,,,1,0
872721,17:26:00,17:26:00,150189,,2,,,,,,1,222.91
872721,17:27:00,17:27:00,150190,,3,,,,,,1,536.34
872721,17:28:00,17:28:00,150191,,4,,,,,,1,859.86
872721,17:30:00,17:30:00,150192,,5,,,,,,1,1420.29
872721,17:32:00,17:32:00,150193,,6,,,,,,1,1988.05
872721,17:32:00,17:32:00,150194,,7,,,,,,1,2161.68
872721,17:34:00,17:34:00,150195,,8,,,,,,1,2457.17
872721,17:35:00,17:35:00,150196,,9,,,,,,1,2865.45
872721,17:36:00,17:36:00,150197,,10,,,,,,1,3237.33
872721,17:38:00,17:38:00,150198,,11,,,,,,1,3597.17
872721,17:39:00,17:39:00,150200,,12,,,,,,1,4021.48
872721,17:40:00,17:40:00,154268,,13,,,,,,1,4563.16
872721,17:41:00,17:41:00,150165,,14,,,,,,1,4981.21
872721,17:42:00,17:42:00,150159,,15,,,,,,1,5366.74
872721,17:44:00,17:44:00,150160,,16,,,,,,1,5793.43
872722,17:48:00,17:48:00,150160,,1,,,,,,1,0
872722,17:50:00,17:50:00,150189,,2,,,,,,1,222.91
872722,17:51:00,17:51:00,150190,,3,,,,,,1,536.34
872722,17:52:00,17:52:00,150191,,4,,,,,,1,859.86
872722,17:54:00,17:54:00,150192,,5,,,,,,1,1420.29
872722,17:56:00,17:56:00,150193,,6,,,,,,1,1988.05
872722,17:56:00,17:56:00,150194,,7,,,,,,1,2161.68
872722,17:58:00,17:58:00,150195,,8,,,,,,1,2457.17
872722,17:59:00,17:59:00,150196,,9,,,,,,1,2865.45
872722,18:00:00,18:00:00,150197,,10,,,,,,1,3237.33
872722,18:02:00,18:02:00,150198,,11,,,,,,1,3597.17
872722,18:03:00,18:03:00,150200,,12,,,,,,1,4021.48
872722,18:04:00,18:04:00,154268,,13,,,,,,1,4563.16
872722,18:05:00,18:05:00,150165,,14,,,,,,1,4981.21
872722,18:06:00,18:06:00,150159,,15,,,,,,1,5366.74
872722,18:08:00,18:08:00,150160,,16,,,,,,1,5793.43
872723,18:12:00,18:12:00,150160,,1,,,,,,1,0
872723,18:14:00,18:14:00,150189,,2,,,,,,1,222.91
872723,18:15:00,18:15:00,150190,,3,,,,,,1,536.34
872723,18:16:00,18:16:00,150191,,4,,,,,,1,859.86
872723,18:18:00,18:18:00,150192,,5,,,,,,1,1420.29
872723,18:20:00,18:20:00,150193,,6,,,,,,1,1988.05
872723,18:20:00,18:20:00,150194,,7,,,,,,1,2161.68
872723,18:22:00,18:22:00,150195,,8,,,,,,1,2457.17
872723,18:23:00,18:23:00,150196,,9,,,,,,1,2865.45
872723,18:24:00,18:24:00,150197,,10,,,,,,1,3237.33
872723,18:26:00,18:26:00,150198,,11,,,,,,1,3597.17
872723,18:27:00,18:27:00,150200,,12,,,,,,1,4021.48
872723,18:28:00,18:28:00,154268,,13,,,,,,1,4563.16
872723,18:29:00,18:29:00,150165,,14,,,,,,1,4981.21
872723,18:30:00,18:30:00,150159,,15,,,,,,1,5366.74
872723,18:32:00,18:32:00,150160,,16,,,,,,1,5793.43
872724,18:36:00,18:36:00,150160,,1,,,,,,1,0
872724,18:38:00,18:38:00,150189,,2,,,,,,1,222.91
872724,18:39:00,18:39:00,150190,,3,,,,,,1,536.34
872724,18:40:00,18:40:00,150191,,4,,,,,,1,859.86
872724,18:42:00,18:42:00,150192,,5,,,,,,1,1420.29
872724,18:44:00,18:44:00,150193,,6,,,,,,1,1988.05
872724,18:44:00,18:44:00,150194,,7,,,,,,1,2161.68
872724,18:46:00,18:46:00,150195,,8,,,,,,1,2457.17
872724,18:47:00,18:47:00,150196,,9,,,,,,1,2865.45
872724,18:48:00,18:48:00,150197,,10,,,,,,1,3237.33
872724,18:50:00,18:50:00,150198,,11,,,,,,1,3597.17
872724,18:51:00,18:51:00,150200,,12,,,,,,1,4021.48
872724,18:52:00,18:52:00,154268,,13,,,,,,1,4563.16
872724,18:53:00,18:53:00,150165,,14,,,,,,1,4981.21
872724,18:54:00,18:54:00,150159,,15,,,,,,1,5366.74
872724,18:56:00,18:56:00,150160,,16,,,,,,1,5793.43
872725,19:00:00,19:00:00,150160,,1,,,,,,1,0
872725,19:02:00,19:02:00,150189,,2,,,,,,1,222.91
872725,19:03:00,19:03:00,150190,,3,,,,,,1,536.34
872725,19:04:00,19:04:00,150191,,4,,,,,,1,859.86
872725,19:06:00,19:06:00,150192,,5,,,,,,1,1420.29
872725,19:08:00,19:08:00,150193,,6,,,,,,1,1988.05
872725,19:08:00,19:08:00,150194,,7,,,,,,1,2161.68
872725,19:10:00,19:10:00,150195,,8,,,,,,1,2457.17
872725,19:11:00,19:11:00,150196,,9,,,,,,1,2865.45
872725,19:12:00,19:12:00,150197,,10,,,,,,1,3237.33
872725,19:14:00,19:14:00,150198,,11,,,,,,1,3597.17
872725,19:15:00,19:15:00,150200,,12,,,,,,1,4021.48
872725,19:16:00,19:16:00,154268,,13,,,,,,1,4563.16
872725,19:17:00,19:17:00,150165,,14,,,,,,1,4981.21
872725,19:18:00,19:18:00,150159,,15,,,,,,1,5366.74
872725,19:20:00,19:20:00,150160,,16,,,,,,1,5793.43
872726,19:24:00,19:24:00,150160,,1,,,,,,1,0
872726,19:26:00,19:26:00,150189,,2,,,,,,1,222.91
872726,19:27:00,19:27:00,150190,,3,,,,,,1,536.34
872726,19:28:00,19:28:00,150191,,4,,,,,,1,859.86
872726,19:30:00,19:30:00,150192,,5,,,,,,1,1420.29
872726,19:32:00,19:32:00,150193,,6,,,,,,1,1988.05
872726,19:32:00,19:32:00,150194,,7,,,,,,1,2161.68
872726,19:34:00,19:34:00,150195,,8,,,,,,1,2457.17
872726,19:35:00,19:35:00,150196,,9,,,,,,1,2865.45
872726,19:36:00,19:36:00,150197,,10,,,,,,1,3237.33
872726,19:38:00,19:38:00,150198,,11,,,,,,1,3597.17
872726,19:39:00,19:39:00,150200,,12,,,,,,1,4021.48
872726,19:40:00,19:40:00,154268,,13,,,,,,1,4563.16
872726,19:41:00,19:41:00,150165,,14,,,,,,1,4981.21
872726,19:42:00,19:42:00,150159,,15,,,,,,1,5366.74
872726,19:44:00,19:44:00,150160,,16,,,,,,1,5793.43
872727,19:48:00,19:48:00,150160,,1,,,,,,1,0
872727,19:50:00,19:50:00,150189,,2,,,,,,1,222.91
872727,19:51:00,19:51:00,150190,,3,,,,,,1,536.34
872727,19:52:00,19:52:00,150191,,4,,,,,,1,859.86
872727,19:54:00,19:54:00,150192,,5,,,,,,1,1420.29
872727,19:56:00,19:56:00,150193,,6,,,,,,1,1988.05
872727,19:56:00,19:56:00,150194,,7,,,,,,1,2161.68
872727,19:58:00,19:58:00,150195,,8,,,,,,1,2457.17
872727,19:59:00,19:59:00,150196,,9,,,,,,1,2865.45
872727,20:00:00,20:00:00,150197,,10,,,,,,1,3237.33
872727,20:02:00,20:02:00,150198,,11,,,,,,1,3597.17
872727,20:03:00,20:03:00,150200,,12,,,,,,1,4021.48
872727,20:04:00,20:04:00,154268,,13,,,,,,1,4563.16
872727,20:05:00,20:05:00,150165,,14,,,,,,1,4981.21
872727,20:06:00,20:06:00,150159,,15,,,,,,1,5366.74
872727,20:08:00,20:08:00,150160,,16,,,,,,1,5793.43
872728,20:12:00,20:12:00,150160,,1,,,,,,1,0
872728,20:14:00,20:14:00,150189,,2,,,,,,1,222.91
872728,20:15:00,20:15:00,150190,,3,,,,,,1,536.34
872728,20:16:00,20:16:00,150191,,4,,,,,,1,859.86
872728,20:18:00,20:18:00,150192,,5,,,,,,1,1420.29
872728,20:20:00,20:20:00,150193,,6,,,,,,1,1988.05
872728,20:20:00,20:20:00,150194,,7,,,,,,1,2161.68
872728,20:22:00,20:22:00,150195,,8,,,,,,1,2457.17
872728,20:23:00,20:23:00,150196,,9,,,,,,1,2865.45
872728,20:24:00,20:24:00,150197,,10,,,,,,1,3237.33
872728,20:26:00,20:26:00,150198,,11,,,,,,1,3597.17
872728,20:27:00,20:27:00,150200,,12,,,,,,1,4021.48
872728,20:28:00,20:28:00,154268,,13,,,,,,1,4563.16
872728,20:29:00,20:29:00,150165,,14,,,,,,1,4981.21
872728,20:30:00,20:30:00,150159,,15,,,,,,1,5366.74
872728,20:32:00,20:32:00,150160,,16,,,,,,1,5793.43
872729,20:36:00,20:36:00,150160,,1,,,,,,1,0
872729,20:38:00,20:38:00,150189,,2,,,,,,1,222.91
872729,20:39:00,20:39:00,150190,,3,,,,,,1,536.34
872729,20:40:00,20:40:00,150191,,4,,,,,,1,859.86
872729,20:42:00,20:42:00,150192,,5,,,,,,1,1420.29
872729,20:44:00,20:44:00,150193,,6,,,,,,1,1988.05
872729,20:44:00,20:44:00,150194,,7,,,,,,1,2161.68
872729,20:46:00,20:46:00,150195,,8,,,,,,1,2457.17
872729,20:47:00,20:47:00,150196,,9,,,,,,1,2865.45
872729,20:48:00,20:48:00,150197,,10,,,,,,1,3237.33
872729,20:50:00,20:50:00,150198,,11,,,,,,1,3597.17
872729,20:51:00,20:51:00,150200,,12,,,,,,1,4021.48
872729,20:52:00,20:52:00,154268,,13,,,,,,1,4563.16
872729,20:53:00,20:53:00,150165,,14,,,,,,1,4981.21
872729,20:54:00,20:54:00,150159,,15,,,,,,1,5366.74
872729,20:56:00,20:56:00,150160,,16,,,,,,1,5793.43
872730,21:00:00,21:00:00,150160,,1,,,,,,1,0
872730,21:02:00,21:02:00,150189,,2,,,,,,1,222.91
872730,21:03:00,21:03:00,150190,,3,,,,,,1,536.34
872730,21:04:00,21:04:00,150191,,4,,,,,,1,859.86
872730,21:06:00,21:06:00,150192,,5,,,,,,1,1420.29
872730,21:08:00,21:08:00,150193,,6,,,,,,1,1988.05
872730,21:08:00,21:08:00,150194,,7,,,,,,1,2161.68
872730,21:10:00,21:10:00,150195,,8,,,,,,1,2457.17
872730,21:11:00,21:11:00,150196,,9,,,,,,1,2865.45
872730,21:12:00,21:12:00,150197,,10,,,,,,1,3237.33
872730,21:14:00,21:14:00,150198,,11,,,,,,1,3597.17
872730,21:15:00,21:15:00,150200,,12,,,,,,1,4021.48
872730,21:16:00,21:16:00,154268,,13,,,,,,1,4563.16
872730,21:17:00,21:17:00,150165,,14,,,,,,1,4981.21
872730,21:18:00,21:18:00,150159,,15,,,,,,1,5366.74
872730,21:20:00,21:20:00,150160,,16,,,,,,1,5793.43
872731,21:24:00,21:24:00,150160,,1,,,,,,1,0
872731,21:26:00,21:26:00,150189,,2,,,,,,1,222.91
872731,21:27:00,21:27:00,150190,,3,,,,,,1,536.34
872731,21:28:00,21:28:00,150191,,4,,,,,,1,859.86
872731,21:30:00,21:30:00,150192,,5,,,,,,1,1420.29
872731,21:32:00,21:32:00,150193,,6,,,,,,1,1988.05
872731,21:32:00,21:32:00,150194,,7,,,,,,1,2161.68
872731,21:34:00,21:34:00,150195,,8,,,,,,1,2457.17
872731,21:35:00,21:35:00,150196,,9,,,,,,1,2865.45
872731,21:36:00,21:36:00,150197,,10,,,,,,1,3237.33
872731,21:38:00,21:38:00,150198,,11,,,,,,1,3597.17
872731,21:39:00,21:39:00,150200,,12,,,,,,1,4021.48
872731,21:40:00,21:40:00,154268,,13,,,,,,1,4563.16
872731,21:41:00,21:41:00,150165,,14,,,,,,1,4981.21
872731,21:42:00,21:42:00,150159,,15,,,,,,1,5366.74
872731,21:44:00,21:44:00,150160,,16,,,,,,1,5793.43
872732,21:48:00,21:48:00,150160,,1,,,,,,1,0
872732,21:50:00,21:50:00,150189,,2,,,,,,1,222.91
872732,21:51:00,21:51:00,150190,,3,,,,,,1,536.34
872732,21:52:00,21:52:00,150191,,4,,,,,,1,859.86
872732,21:54:00,21:54:00,150192,,5,,,,,,1,1420.29
872732,21:56:00,21:56:00,150193,,6,,,,,,1,1988.05
872732,21:56:00,21:56:00,150194,,7,,,,,,1,2161.68
872732,21:58:00,21:58:00,150195,,8,,,,,,1,2457.17
872732,21:59:00,21:59:00,150196,,9,,,,,,1,2865.45
872732,22:00:00,22:00:00,150197,,10,,,,,,1,3237.33
872732,22:02:00,22:02:00,150198,,11,,,,,,1,3597.17
872732,22:03:00,22:03:00,150200,,12,,,,,,1,4021.48
872732,22:04:00,22:04:00,154268,,13,,,,,,1,4563.16
872732,22:05:00,22:05:00,150165,,14,,,,,,1,4981.21
872732,22:06:00,22:06:00,150159,,15,,,,,,1,5366.74
872732,22:08:00,22:08:00,150160,,16,,,,,,1,5793.43
1109618,07:00:00,07:00:00,150202,,1,,,,,,1,0
1109618,07:01:00,07:01:00,150203,,2,,,,,,1,301.09
1109618,07:03:00,07:03:00,152423,,3,,,,,,1,657.63
1109618,07:05:00,07:05:00,150205,,4,,,,,,1,1039.58
1109618,07:06:00,07:06:00,150206,,5,,,,,,1,1500.85
1109618,07:08:00,07:08:00,150165,,6,,,,,,1,1681.22
1109618,07:09:00,07:09:00,150159,,7,,,,,,1,2066.36
1109618,07:12:00,07:12:00,150160,,8,,,,,,1,2495.9
1109618,07:13:00,07:13:00,150189,,9,,,,,,1,2718.9
1109618,07:14:00,07:14:00,150190,,10,,,,,,1,3032.33
1109618,07:15:00,07:15:00,150191,,11,,,,,,1,3355.79
1109618,07:16:00,07:16:00,150192,,12,,,,,,1,3915.39
1109618,07:18:00,07:18:00,154629,,13,,,,,,1,4450.63
1109618,07:18:00,07:18:00,159136,,14,,,,,,1,4893.33
1109618,07:19:00,07:19:00,150187,,15,,,,,,1,5080.83
1109618,07:20:00,07:20:00,151951,,16,,,,,,1,5377.16
1109618,07:21:00,07:21:00,150210,,17,,,,,,1,5775.58
1109618,07:22:00,07:22:00,150211,,18,,,,,,1,6383.83
1109618,07:24:00,07:24:00,150202,,19,,,,,,1,6746.65
1109619,07:27:00,07:27:00,150202,,1,,,,,,1,0
1109619,07:28:00,07:28:00,150203,,2,,,,,,1,301.09
1109619,07:30:00,07:30:00,152423,,3,,,,,,1,657.63
1109619,07:32:00,07:32:00,150205,,4,,,,,,1,1039.58
1109619,07:33:00,07:33:00,150206,,5,,,,,,1,1500.85
1109619,07:35:00,07:35:00,150165,,6,,,,,,1,1681.22
1109619,07:36:00,07:36:00,150159,,7,,,,,,1,2066.36
1109619,07:39:00,07:39:00,150160,,8,,,,,,1,2495.9
1109619,07:40:00,07:40:00,150189,,9,,,,,,1,2718.9
1109619,07:41:00,07:41:00,150190,,10,,,,,,1,3032.33
1109619,07:42:00,07:42:00,150191,,11,,,,,,1,3355.79
1109619,07:43:00,07:43:00,150192,,12,,,,,,1,3915.39
1109619,07:45:00,07:45:00,154629,,13,,,,,,1,4450.63
1109619,07:45:00,07:45:00,159136,,14,,,,,,1,4893.33
1109619,07:46:00,07:46:00,150187,,15,,,,,,1,5080.83
1109619,07:47:00,07:47:00,151951,,16,,,,,,1,5377.16
1109619,07:48:00,07:48:00,150210,,17,,,,,,1,5775.58
1109619,07:49:00,07:49:00,150211,,18,,,,,,1,6383.83
1109619,07:51:00,07:51:00,150202,,19,,,,,,1,6746.65
1109620,07:54:00,07:54:00,150202,,1,,,,,,1,0
1109620,07:55:00,07:55:00,150203,,2,,,,,,1,301.09
1109620,07:57:00,07:57:00,152423,,3,,,,,,1,657.63
1109620,07:59:00,07:59:00,150205,,4,,,,,,1,1039.58
1109620,08:00:00,08:00:00,150206,,5,,,,,,1,1500.85
1109620,08:02:00,08:02:00,150165,,6,,,,,,1,1681.22
1109620,08:03:00,08:03:00,150159,,7,,,,,,1,2066.36
1109620,08:06:00,08:06:00,150160,,8,,,,,,1,2495.9
1109620,08:07:00,08:07:00,150189,,9,,,,,,1,2718.9
1109620,08:08:00,08:08:00,150190,,10,,,,,,1,3032.33
1109620,08:09:00,08:09:00,150191,,11,,,,,,1,3355.79
1109620,08:10:00,08:10:00,150192,,12,,,,,,1,3915.39
1109620,08:12:00,08:12:00,154629,,13,,,,,,1,4450.63
1109620,08:12:00,08:12:00,159136,,14,,,,,,1,4893.33
1109620,08:13:00,08:13:00,150187,,15,,,,,,1,5080.83
1109620,08:14:00,08:14:00,151951,,16,,,,,,1,5377.16
1109620,08:15:00,08:15:00,150210,,17,,,,,,1,5775.58
1109620,08:16:00,08:16:00,150211,,18,,,,,,1,6383.83
1109620,08:18:00,08:18:00,150202,,19,,,,,,1,6746.65
1109621,08:21:00,08:21:00,150202,,1,,,,,,1,0
1109621,08:22:00,08:22:00,150203,,2,,,,,,1,301.09
1109621,08:24:00,08:24:00,152423,,3,,,,,,1,657.63
1109621,08:26:00,08:26:00,150205,,4,,,,,,1,1039.58
1109621,08:27:00,08:27:00,150206,,5,,,,,,1,1500.85
1109621,08:29:00,08:29:00,150165,,6,,,,,,1,1681.22
1109621,08:30:00,08:30:00,150159,,7,,,,,,1,2066.36
1109621,08:33:00,08:33:00,150160,,8,,,,,,1,2495.9
1109621,08:34:00,08:34:00,150189,,9,,,,,,1,2718.9
1109621,08:35:00,08:35:00,150190,,10,,,,,,1,3032.33
1109621,08:36:00,08:36:00,150191,,11,,,,,,1,3355.79
1109621,08:37:00,08:37:00,150192,,12,,,,,,1,3915.39
1109621,08:39:00,08:39:00,154629,,13,,,,,,1,4450.63
1109621,08:39:00,08:39:00,159136,,14,,,,,,1,4893.33
1109621,08:40:00,08:40:00,150187,,15,,,,,,1,5080.83
1109621,08:41:00,08:41:00,151951,,16,,,,,,1,5377.16
1109621,08:42:00,08:42:00,150210,,17,,,,,,1,5775.58
1109621,08:43:00,08:43:00,150211,,18,,,,,,1,6383.83
1109621,08:45:00,08:45:00,150202,,19,,,,,,1,6746.65
1109622,08:48:00,08:48:00,150202,,1,,,,,,1,0
1109622,08:49:00,08:49:00,150203,,2,,,,,,1,301.09
1109622,08:51:00,08:51:00,152423,,3,,,,,,1,657.63
1109622,08:53:00,08:53:00,150205,,4,,,,,,1,1039.58
1109622,08:54:00,08:54:00,150206,,5,,,,,,1,1500.85
1109622,08:56:00,08:56:00,150165,,6,,,,,,1,1681.22
1109622,08:57:00,08:57:00,150159,,7,,,,,,1,2066.36
1109622,09:00:00,09:00:00,150160,,8,,,,,,1,2495.9
1109622,09:01:00,09:01:00,150189,,9,,,,,,1,2718.9
1109622,09:02:00,09:02:00,150190,,10,,,,,,1,3032.33
1109622,09:03:00,09:03:00,150191,,11,,,,,,1,3355.79
1109622,09:04:00,09:04:00,150192,,12,,,,,,1,3915.39
1109622,09:06:00,09:06:00,154629,,13,,,,,,1,4450.63
1109622,09:06:00,09:06:00,159136,,14,,,,,,1,4893.33
1109622,09:07:00,09:07:00,150187,,15,,,,,,1,5080.83
1109622,09:08:00,09:08:00,151951,,16,,,,,,1,5377.16
1109622,09:09:00,09:09:00,150210,,17,,,,,,1,5775.58
1109622,09:10:00,09:10:00,150211,,18,,,,,,1,6383.83
1109622,09:12:00,09:12:00,150202,,19,,,,,,1,6746.65
1109623,09:15:00,09:15:00,150202,,1,,,,,,1,0
1109623,09:16:00,09:16:00,150203,,2,,,,,,1,301.09
1109623,09:18:00,09:18:00,152423,,3,,,,,,1,657.63
1109623,09:20:00,09:20:00,150205,,4,,,,,,1,1039.58
1109623,09:21:00,09:21:00,150206,,5,,,,,,1,1500.85
1109623,09:23:00,09:23:00,150165,,6,,,,,,1,1681.22
1109623,09:24:00,09:24:00,150159,,7,,,,,,1,2066.36
1109623,09:27:00,09:27:00,150160,,8,,,,,,1,2495.9
1109623,09:28:00,09:28:00,150189,,9,,,,,,1,2718.9
1109623,09:29:00,09:29:00,150190,,10,,,,,,1,3032.33
1109623,09:30:00,09:30:00,150191,,11,,,,,,1,3355.79
1109623,09:31:00,09:31:00,150192,,12,,,,,,1,3915.39
1109623,09:33:00,09:33:00,154629,,13,,,,,,1,4450.63
1109623,09:33:00,09:33:00,159136,,14,,,,,,1,4893.33
1109623,09:34:00,09:34:00,150187,,15,,,,,,1,5080.83
1109623,09:35:00,09:35:00,151951,,16,,,,,,1,5377.16
1109623,09:36:00,09:36:00,150210,,17,,,,,,1,5775.58
1109623,09:37:00,09:37:00,150211,,18,,,,,,1,6383.83
1109623,09:39:00,09:39:00,150202,,19,,,,,,1,6746.65
1109624,09:42:00,09:42:00,150202,,1,,,,,,1,0
1109624,09:43:00,09:43:00,150203,,2,,,,,,1,301.09
1109624,09:45:00,09:45:00,152423,,3,,,,,,1,657.63
1109624,09:47:00,09:47:00,150205,,4,,,,,,1,1039.58
1109624,09:48:00,09:48:00,150206,,5,,,,,,1,1500.85
1109624,09:50:00,09:50:00,150165,,6,,,,,,1,1681.22
1109624,09:51:00,09:51:00,150159,,7,,,,,,1,2066.36
1109624,09:54:00,09:54:00,150160,,8,,,,,,1,2495.9
1109624,09:55:00,09:55:00,150189,,9,,,,,,1,2718.9
1109624,09:56:00,09:56:00,150190,,10,,,,,,1,3032.33
1109624,09:57:00,09:57:00,150191,,11,,,,,,1,3355.79
1109624,09:58:00,09:58:00,150192,,12,,,,,,1,3915.39
1109624,10:00:00,10:00:00,154629,,13,,,,,,1,4450.63
1109624,10:00:00,10:00:00,159136,,14,,,,,,1,4893.33
1109624,10:01:00,10:01:00,150187,,15,,,,,,1,5080.83
1109624,10:02:00,10:02:00,151951,,16,,,,,,1,5377.16
1109624,10:03:00,10:03:00,150210,,17,,,,,,1,5775.58
1109624,10:04:00,10:04:00,150211,,18,,,,,,1,6383.83
1109624,10:06:00,10:06:00,150202,,19,,,,,,1,6746.65
1109625,10:09:00,10:09:00,150202,,1,,,,,,1,0
1109625,10:10:00,10:10:00,150203,,2,,,,,,1,301.09
1109625,10:12:00,10:12:00,152423,,3,,,,,,1,657.63
1109625,10:14:00,10:14:00,150205,,4,,,,,,1,1039.58
1109625,10:15:00,10:15:00,150206,,5,,,,,,1,1500.85
1109625,10:17:00,10:17:00,150165,,6,,,,,,1,1681.22
1109625,10:18:00,10:18:00,150159,,7,,,,,,1,2066.36
1109625,10:21:00,10:21:00,150160,,8,,,,,,1,2495.9
1109625,10:22:00,10:22:00,150189,,9,,,,,,1,2718.9
1109625,10:23:00,10:23:00,150190,,10,,,,,,1,3032.33
1109625,10:24:00,10:24:00,150191,,11,,,,,,1,3355.79
1109625,10:25:00,10:25:00,150192,,12,,,,,,1,3915.39
1109625,10:27:00,10:27:00,154629,,13,,,,,,1,4450.63
1109625,10:27:00,10:27:00,159136,,14,,,,,,1,4893.33
1109625,10:28:00,10:28:00,150187,,15,,,,,,1,5080.83
1109625,10:29:00,10:29:00,151951,,16,,,,,,1,5377.16
1109625,10:30:00,10:30:00,150210,,17,,,,,,1,5775.58
1109625,10:31:00,10:31:00,150211,,18,,,,,,1,6383.83
1109625,10:33:00,10:33:00,150202,,19,,,,,,1,6746.65
1109626,10:36:00,10:36:00,150202,,1,,,,,,1,0
1109626,10:37:00,10:37:00,150203,,2,,,,,,1,301.09
1109626,10:39:00,10:39:00,152423,,3,,,,,,1,657.63
1109626,10:41:00,10:41:00,150205,,4,,,,,,1,1039.58
1109626,10:42:00,10:42:00,150206,,5,,,,,,1,1500.85
1109626,10:44:00,10:44:00,150165,,6,,,,,,1,1681.22
1109626,10:45:00,10:45:00,150159,,7,,,,,,1,2066.36
1109626,10:48:00,10:48:00,150160,,8,,,,,,1,2495.9
1109626,10:49:00,10:49:00,150189,,9,,,,,,1,2718.9
1109626,10:50:00,10:50:00,150190,,10,,,,,,1,3032.33
1109626,10:51:00,10:51:00,150191,,11,,,,,,1,3355.79
1109626,10:52:00,10:52:00,150192,,12,,,,,,1,3915.39
1109626,10:54:00,10:54:00,154629,,13,,,,,,1,4450.63
1109626,10:54:00,10:54:00,159136,,14,,,,,,1,4893.33
1109626,10:55:00,10:55:00,150187,,15,,,,,,1,5080.83
1109626,10:56:00,10:56:00,151951,,16,,,,,,1,5377.16
1109626,10:57:00,10:57:00,150210,,17,,,,,,1,5775.58
1109626,10:58:00,10:58:00,150211,,18,,,,,,1,6383.83
1109626,11:00:00,11:00:00,150202,,19,,,,,,1,6746.65
1109627,11:03:00,11:03:00,150202,,1,,,,,,1,0
1109627,11:04:00,11:04:00,150203,,2,,,,,,1,301.09
1109627,11:06:00,11:06:00,152423,,3,,,,,,1,657.63
1109627,11:08:00,11:08:00,150205,,4,,,,,,1,1039.58
1109627,11:09:00,11:09:00,150206,,5,,,,,,1,1500.85
1109627,11:11:00,11:11:00,150165,,6,,,,,,1,1681.22
1109627,11:12:00,11:12:00,150159,,7,,,,,,1,2066.36
1109627,11:15:00,11:15:00,150160,,8,,,,,,1,2495.9
1109627,11:16:00,11:16:00,150189,,9,,,,,,1,2718.9
1109627,11:17:00,11:17:00,150190,,10,,,,,,1,3032.33
1109627,11:18:00,11:18:00,150191,,11,,,,,,1,3355.79
1109627,11:19:00,11:19:00,150192,,12,,,,,,1,3915.39
1109627,11:21:00,11:21:00,154629,,13,,,,,,1,4450.63
1109627,11:21:00,11:21:00,159136,,14,,,,,,1,4893.33
1109627,11:22:00,11:22:00,150187,,15,,,,,,1,5080.83
1109627,11:23:00,11:23:00,151951,,16,,,,,,1,5377.16
1109627,11:24:00,11:24:00,150210,,17,,,,,,1,5775.58
1109627,11:25:00,11:25:00,150211,,18,,,,,,1,6383.83
1109627,11:27:00,11:27:00,150202,,19,,,,,,1,6746.65
1109628,11:30:00,11:30:00,150202,,1,,,,,,1,0
1109628,11:31:00,11:31:00,150203,,2,,,,,,1,301.09
1109628,11:33:00,11:33:00,152423,,3,,,,,,1,657.63
1109628,11:35:00,11:35:00,150205,,4,,,,,,1,1039.58
1109628,11:36:00,11:36:00,150206,,5,,,,,,1,1500.85
1109628,11:38:00,11:38:00,150165,,6,,,,,,1,1681.22
1109628,11:39:00,11:39:00,150159,,7,,,,,,1,2066.36
1109628,11:42:00,11:42:00,150160,,8,,,,,,1,2495.9
1109628,11:43:00,11:43:00,150189,,9,,,,,,1,2718.9
1109628,11:44:00,11:44:00,150190,,10,,,,,,1,3032.33
1109628,11:45:00,11:45:00,150191,,11,,,,,,1,3355.79
1109628,11:46:00,11:46:00,150192,,12,,,,,,1,3915.39
1109628,11:48:00,11:48:00,154629,,13,,,,,,1,4450.63
1109628,11:48:00,11:48:00,159136,,14,,,,,,1,4893.33
1109628,11:49:00,11:49:00,150187,,15,,,,,,1,5080.83
1109628,11:50:00,11:50:00,151951,,16,,,,,,1,5377.16
1109628,11:51:00,11:51:00,150210,,17,,,,,,1,5775.58
1109628,11:52:00,11:52:00,150211,,18,,,,,,1,6383.83
1109628,11:54:00,11:54:00,150202,,19,,,,,,1,6746.65
1109629,11:57:00,11:57:00,150202,,1,,,,,,1,0
1109629,11:58:00,11:58:00,150203,,2,,,,,,1,301.09
1109629,12:00:00,12:00:00,152423,,3,,,,,,1,657.63
1109629,12:02:00,12:02:00,150205,,4,,,,,,1,1039.58
1109629,12:03:00,12:03:00,150206,,5,,,,,,1,1500.85
1109629,12:05:00,12:05:00,150165,,6,,,,,,1,1681.22
1109629,12:06:00,12:06:00,150159,,7,,,,,,1,2066.36
1109629,12:09:00,12:09:00,150160,,8,,,,,,1,2495.9
1109629,12:10:00,12:10:00,150189,,9,,,,,,1,2718.9
1109629,12:11:00,12:11:00,150190,,10,,,,,,1,3032.33
1109629,12:12:00,12:12:00,150191,,11,,,,,,1,3355.79
1109629,12:13:00,12:13:00,150192,,12,,,,,,1,3915.39
1109629,12:15:00,12:15:00,154629,,13,,,,,,1,4450.63
1109629,12:15:00,12:15:00,159136,,14,,,,,,1,4893.33
1109629,12:16:00,12:16:00,150187,,15,,,,,,1,5080.83
1109629,12:17:00,12:17:00,151951,,16,,,,,,1,5377.16
1109629,12:18:00,12:18:00,150210,,17,,,,,,1,5775.58
1109629,12:19:00,12:19:00,150211,,18,,,,,,1,6383.83
1109629,12:21:00,12:21:00,150202,,19,,,,,,1,6746.65
1109630,12:24:00,12:24:00,150202,,1,,,,,,1,0
1109630,12:25:00,12:25:00,150203,,2,,,,,,1,301.09
1109630,12:27:00,12:27:00,152423,,3,,,,,,1,657.63
1109630,12:29:00,12:29:00,150205,,4,,,,,,1,1039.58
1109630,12:30:00,12:30:00,150206,,5,,,,,,1,1500.85
1109630,12:32:00,12:32:00,150165,,6,,,,,,1,1681.22
1109630,12:33:00,12:33:00,150159,,7,,,,,,1,2066.36
1109630,12:36:00,12:36:00,150160,,8,,,,,,1,2495.9
1109630,12:37:00,12:37:00,150189,,9,,,,,,1,2718.9
1109630,12:38:00,12:38:00,150190,,10,,,,,,1,3032.33
1109630,12:39:00,12:39:00,150191,,11,,,,,,1,3355.79
1109630,12:40:00,12:40:00,150192,,12,,,,,,1,3915.39
1109630,12:42:00,12:42:00,154629,,13,,,,,,1,4450.63
1109630,12:42:00,12:42:00,159136,,14,,,,,,1,4893.33
1109630,12:43:00,12:43:00,150187,,15,,,,,,1,5080.83
1109630,12:44:00,12:44:00,151951,,16,,,,,,1,5377.16
1109630,12:45:00,12:45:00,150210,,17,,,,,,1,5775.58
1109630,12:46:00,12:46:00,150211,,18,,,,,,1,6383.83
1109630,12:48:00,12:48:00,150202,,19,,,,,,1,6746.65
1109631,12:51:00,12:51:00,150202,,1,,,,,,1,0
1109631,12:52:00,12:52:00,150203,,2,,,,,,1,301.09
1109631,12:54:00,12:54:00,152423,,3,,,,,,1,657.63
1109631,12:56:00,12:56:00,150205,,4,,,,,,1,1039.58
1109631,12:57:00,12:57:00,150206,,5,,,,,,1,1500.85
1109631,12:59:00,12:59:00,150165,,6,,,,,,1,1681.22
1109631,13:00:00,13:00:00,150159,,7,,,,,,1,2066.36
1109631,13:03:00,13:03:00,150160,,8,,,,,,1,2495.9
1109631,13:04:00,13:04:00,150189,,9,,,,,,1,2718.9
1109631,13:05:00,13:05:00,150190,,10,,,,,,1,3032.33
1109631,13:06:00,13:06:00,150191,,11,,,,,,1,3355.79
1109631,13:07:00,13:07:00,150192,,12,,,,,,1,3915.39
1109631,13:09:00,13:09:00,154629,,13,,,,,,1,4450.63
1109631,13:09:00,13:09:00,159136,,14,,,,,,1,4893.33
1109631,13:10:00,13:10:00,150187,,15,,,,,,1,5080.83
1109631,13:11:00,13:11:00,151951,,16,,,,,,1,5377.16
1109631,13:12:00,13:12:00,150210,,17,,,,,,1,5775.58
1109631,13:13:00,13:13:00,150211,,18,,,,,,1,6383.83
1109631,13:15:00,13:15:00,150202,,19,,,,,,1,6746.65
1109632,13:18:00,13:18:00,150202,,1,,,,,,1,0
1109632,13:19:00,13:19:00,150203,,2,,,,,,1,301.09
1109632,13:21:00,13:21:00,152423,,3,,,,,,1,657.63
1109632,13:23:00,13:23:00,150205,,4,,,,,,1,1039.58
1109632,13:24:00,13:24:00,150206,,5,,,,,,1,1500.85
1109632,13:26:00,13:26:00,150165,,6,,,,,,1,1681.22
1109632,13:27:00,13:27:00,150159,,7,,,,,,1,2066.36
1109632,13:30:00,13:30:00,150160,,8,,,,,,1,2495.9
1109632,13:31:00,13:31:00,150189,,9,,,,,,1,2718.9
1109632,13:32:00,13:32:00,150190,,10,,,,,,1,3032.33
1109632,13:33:00,13:33:00,150191,,11,,,,,,1,3355.79
1109632,13:34:00,13:34:00,150192,,12,,,,,,1,3915.39
1109632,13:36:00,13:36:00,154629,,13,,,,,,1,4450.63
1109632,13:36:00,13:36:00,159136,,14,,,,,,1,4893.33
1109632,13:37:00,13:37:00,150187,,15,,,,,,1,5080.83
1109632,13:38:00,13:38:00,151951,,16,,,,,,1,5377.16
1109632,13:39:00,13:39:00,150210,,17,,,,,,1,5775.58
1109632,13:40:00,13:40:00,150211,,18,,,,,,1,6383.83
1109632,13:42:00,13:42:00,150202,,19,,,,,,1,6746.65
1109633,13:45:00,13:45:00,150202,,1,,,,,,1,0
1109633,13:46:00,13:46:00,150203,,2,,,,,,1,301.09
1109633,13:48:00,13:48:00,152423,,3,,,,,,1,657.63
1109633,13:50:00,13:50:00,150205,,4,,,,,,1,1039.58
1109633,13:51:00,13:51:00,150206,,5,,,,,,1,1500.85
1109633,13:53:00,13:53:00,150165,,6,,,,,,1,1681.22
1109633,13:54:00,13:54:00,150159,,7,,,,,,1,2066.36
1109633,13:57:00,13:57:00,150160,,8,,,,,,1,2495.9
1109633,13:58:00,13:58:00,150189,,9,,,,,,1,2718.9
1109633,13:59:00,13:59:00,150190,,10,,,,,,1,3032.33
1109633,14:00:00,14:00:00,150191,,11,,,,,,1,3355.79
1109633,14:01:00,14:01:00,150192,,12,,,,,,1,3915.39
1109633,14:03:00,14:03:00,154629,,13,,,,,,1,4450.63
1109633,14:03:00,14:03:00,159136,,14,,,,,,1,4893.33
1109633,14:04:00,14:04:00,150187,,15,,,,,,1,5080.83
1109633,14:05:00,14:05:00,151951,,16,,,,,,1,5377.16
1109633,14:06:00,14:06:00,150210,,17,,,,,,1,5775.58
1109633,14:07:00,14:07:00,150211,,18,,,,,,1,6383.83
1109633,14:09:00,14:09:00,150202,,19,,,,,,1,6746.65
1109634,14:12:00,14:12:00,150202,,1,,,,,,1,0
1109634,14:13:00,14:13:00,150203,,2,,,,,,1,301.09
1109634,14:15:00,14:15:00,152423,,3,,,,,,1,657.63
1109634,14:17:00,14:17:00,150205,,4,,,,,,1,1039.58
1109634,14:18:00,14:18:00,150206,,5,,,,,,1,1500.85
1109634,14:20:00,14:20:00,150165,,6,,,,,,1,1681.22
1109634,14:21:00,14:21:00,150159,,7,,,,,,1,2066.36
1109634,14:24:00,14:24:00,150160,,8,,,,,,1,2495.9
1109634,14:25:00,14:25:00,150189,,9,,,,,,1,2718.9
1109634,14:26:00,14:26:00,150190,,10,,,,,,1,3032.33
1109634,14:27:00,14:27:00,150191,,11,,,,,,1,3355.79
1109634,14:28:00,14:28:00,150192,,12,,,,,,1,3915.39
1109634,14:30:00,14:30:00,154629,,13,,,,,,1,4450.63
1109634,14:30:00,14:30:00,159136,,14,,,,,,1,4893.33
1109634,14:31:00,14:31:00,150187,,15,,,,,,1,5080.83
1109634,14:32:00,14:32:00,151951,,16,,,,,,1,5377.16
1109634,14:33:00,14:33:00,150210,,17,,,,,,1,5775.58
1109634,14:34:00,14:34:00,150211,,18,,,,,,1,6383.83
1109634,14:36:00,14:36:00,150202,,19,,,,,,1,6746.65
1109635,14:39:00,14:39:00,150202,,1,,,,,,1,0
1109635,14:40:00,14:40:00,150203,,2,,,,,,1,301.09
1109635,14:42:00,14:42:00,152423,,3,,,,,,1,657.63
1109635,14:44:00,14:44:00,150205,,4,,,,,,1,1039.58
1109635,14:45:00,14:45:00,150206,,5,,,,,,1,1500.85
1109635,14:47:00,14:47:00,150165,,6,,,,,,1,1681.22
1109635,14:48:00,14:48:00,150159,,7,,,,,,1,2066.36
1109635,14:51:00,14:51:00,150160,,8,,,,,,1,2495.9
1109635,14:52:00,14:52:00,150189,,9,,,,,,1,2718.9
1109635,14:53:00,14:53:00,150190,,10,,,,,,1,3032.33
1109635,14:54:00,14:54:00,150191,,11,,,,,,1,3355.79
1109635,14:55:00,14:55:00,150192,,12,,,,,,1,3915.39
1109635,14:57:00,14:57:00,154629,,13,,,,,,1,4450.63
1109635,14:57:00,14:57:00,159136,,14,,,,,,1,4893.33
1109635,14:58:00,14:58:00,150187,,15,,,,,,1,5080.83
1109635,14:59:00,14:59:00,151951,,16,,,,,,1,5377.16
1109635,15:00:00,15:00:00,150210,,17,,,,,,1,5775.58
1109635,15:01:00,15:01:00,150211,,18,,,,,,1,6383.83
1109635,15:03:00,15:03:00,150202,,19,,,,,,1,6746.65
1109636,15:06:00,15:06:00,150202,,1,,,,,,1,0
1109636,15:07:00,15:07:00,150203,,2,,,,,,1,301.09
1109636,15:09:00,15:09:00,152423,,3,,,,,,1,657.63
1109636,15:11:00,15:11:00,150205,,4,,,,,,1,1039.58
1109636,15:12:00,15:12:00,150206,,5,,,,,,1,1500.85
1109636,15:14:00,15:14:00,150165,,6,,,,,,1,1681.22
1109636,15:15:00,15:15:00,150159,,7,,,,,,1,2066.36
1109636,15:18:00,15:18:00,150160,,8,,,,,,1,2495.9
1109636,15:19:00,15:19:00,150189,,9,,,,,,1,2718.9
1109636,15:20:00,15:20:00,150190,,10,,,,,,1,3032.33
1109636,15:21:00,15:21:00,150191,,11,,,,,,1,3355.79
1109636,15:22:00,15:22:00,150192,,12,,,,,,1,3915.39
1109636,15:24:00,15:24:00,154629,,13,,,,,,1,4450.63
1109636,15:24:00,15:24:00,159136,,14,,,,,,1,4893.33
1109636,15:25:00,15:25:00,150187,,15,,,,,,1,5080.83
1109636,15:26:00,15:26:00,151951,,16,,,,,,1,5377.16
1109636,15:27:00,15:27:00,150210,,17,,,,,,1,5775.58
1109636,15:28:00,15:28:00,150211,,18,,,,,,1,6383.83
1109636,15:30:00,15:30:00,150202,,19,,,,,,1,6746.65
1109637,15:33:00,15:33:00,150202,,1,,,,,,1,0
1109637,15:34:00,15:34:00,150203,,2,,,,,,1,301.09
1109637,15:36:00,15:36:00,152423,,3,,,,,,1,657.63
1109637,15:38:00,15:38:00,150205,,4,,,,,,1,1039.58
1109637,15:39:00,15:39:00,150206,,5,,,,,,1,1500.85
1109637,15:41:00,15:41:00,150165,,6,,,,,,1,1681.22
1109637,15:42:00,15:42:00,150159,,7,,,,,,1,2066.36
1109637,15:45:00,15:45:00,150160,,8,,,,,,1,2495.9
1109637,15:46:00,15:46:00,150189,,9,,,,,,1,2718.9
1109637,15:47:00,15:47:00,150190,,10,,,,,,1,3032.33
1109637,15:48:00,15:48:00,150191,,11,,,,,,1,3355.79
1109637,15:49:00,15:49:00,150192,,12,,,,,,1,3915.39
1109637,15:51:00,15:51:00,154629,,13,,,,,,1,4450.63
1109637,15:51:00,15:51:00,159136,,14,,,,,,1,4893.33
1109637,15:52:00,15:52:00,150187,,15,,,,,,1,5080.83
1109637,15:53:00,15:53:00,151951,,16,,,,,,1,5377.16
1109637,15:54:00,15:54:00,150210,,17,,,,,,1,5775.58
1109637,15:55:00,15:55:00,150211,,18,,,,,,1,6383.83
1109637,15:57:00,15:57:00,150202,,19,,,,,,1,6746.65
1109638,16:00:00,16:00:00,150202,,1,,,,,,1,0
1109638,16:01:00,16:01:00,150203,,2,,,,,,1,301.09
1109638,16:03:00,16:03:00,152423,,3,,,,,,1,657.63
1109638,16:05:00,16:05:00,150205,,4,,,,,,1,1039.58
1109638,16:06:00,16:06:00,150206,,5,,,,,,1,1500.85
1109638,16:08:00,16:08:00,150165,,6,,,,,,1,1681.22
1109638,16:09:00,16:09:00,150159,,7,,,,,,1,2066.36
1109638,16:12:00,16:12:00,150160,,8,,,,,,1,2495.9
1109638,16:13:00,16:13:00,150189,,9,,,,,,1,2718.9
1109638,16:14:00,16:14:00,150190,,10,,,,,,1,3032.33
1109638,16:15:00,16:15:00,150191,,11,,,,,,1,3355.79
1109638,16:16:00,16:16:00,150192,,12,,,,,,1,3915.39
1109638,16:18:00,16:18:00,154629,,13,,,,,,1,4450.63
1109638,16:18:00,16:18:00,159136,,14,,,,,,1,4893.33
1109638,16:19:00,16:19:00,150187,,15,,,,,,1,5080.83
1109638,16:20:00,16:20:00,151951,,16,,,,,,1,5377.16
1109638,16:21:00,16:21:00,150210,,17,,,,,,1,5775.58
1109638,16:22:00,16:22:00,150211,,18,,,,,,1,6383.83
1109638,16:24:00,16:24:00,150202,,19,,,,,,1,6746.65
1109639,16:27:00,16:27:00,150202,,1,,,,,,1,0
1109639,16:28:00,16:28:00,150203,,2,,,,,,1,301.09
1109639,16:30:00,16:30:00,152423,,3,,,,,,1,657.63
1109639,16:32:00,16:32:00,150205,,4,,,,,,1,1039.58
1109639,16:33:00,16:33:00,150206,,5,,,,,,1,1500.85
1109639,16:35:00,16:35:00,150165,,6,,,,,,1,1681.22
1109639,16:36:00,16:36:00,150159,,7,,,,,,1,2066.36
1109639,16:39:00,16:39:00,150160,,8,,,,,,1,2495.9
1109639,16:40:00,16:40:00,150189,,9,,,,,,1,2718.9
1109639,16:41:00,16:41:00,150190,,10,,,,,,1,3032.33
1109639,16:42:00,16:42:00,150191,,11,,,,,,1,3355.79
1109639,16:43:00,16:43:00,150192,,12,,,,,,1,3915.39
1109639,16:45:00,16:45:00,154629,,13,,,,,,1,4450.63
1109639,16:45:00,16:45:00,159136,,14,,,,,,1,4893.33
1109639,16:46:00,16:46:00,150187,,15,,,,,,1,5080.83
1109639,16:47:00,16:47:00,151951,,16,,,,,,1,5377.16
1109639,16:48:00,16:48:00,150210,,17,,,,,,1,5775.58
1109639,16:49:00,16:49:00,150211,,18,,,,,,1,6383.83
1109639,16:51:00,16:51:00,150202,,19,,,,,,1,6746.65
1109640,16:54:00,16:54:00,150202,,1,,,,,,1,0
1109640,16:55:00,16:55:00,150203,,2,,,,,,1,301.09
1109640,16:57:00,16:57:00,152423,,3,,,,,,1,657.63
1109640,16:59:00,16:59:00,150205,,4,,,,,,1,1039.58
1109640,17:00:00,17:00:00,150206,,5,,,,,,1,1500.85
1109640,17:02:00,17:02:00,150165,,6,,,,,,1,1681.22
1109640,17:03:00,17:03:00,150159,,7,,,,,,1,2066.36
1109640,17:06:00,17:06:00,150160,,8,,,,,,1,2495.9
1109640,17:07:00,17:07:00,150189,,9,,,,,,1,2718.9
1109640,17:08:00,17:08:00,150190,,10,,,,,,1,3032.33
1109640,17:09:00,17:09:00,150191,,11,,,,,,1,3355.79
1109640,17:10:00,17:10:00,150192,,12,,,,,,1,3915.39
1109640,17:12:00,17:12:00,154629,,13,,,,,,1,4450.63
1109640,17:12:00,17:12:00,159136,,14,,,,,,1,4893.33
1109640,17:13:00,17:13:00,150187,,15,,,,,,1,5080.83
1109640,17:14:00,17:14:00,151951,,16,,,,,,1,5377.16
1109640,17:15:00,17:15:00,150210,,17,,,,,,1,5775.58
1109640,17:16:00,17:16:00,150211,,18,,,,,,1,6383.83
1109640,17:18:00,17:18:00,150202,,19,,,,,,1,6746.65
1109641,17:21:00,17:21:00,150202,,1,,,,,,1,0
1109641,17:22:00,17:22:00,150203,,2,,,,,,1,301.09
1109641,17:24:00,17:24:00,152423,,3,,,,,,1,657.63
1109641,17:26:00,17:26:00,150205,,4,,,,,,1,1039.58
1109641,17:27:00,17:27:00,150206,,5,,,,,,1,1500.85
1109641,17:29:00,17:29:00,150165,,6,,,,,,1,1681.22
1109641,17:30:00,17:30:00,150159,,7,,,,,,1,2066.36
1109641,17:33:00,17:33:00,150160,,8,,,,,,1,2495.9
1109641,17:34:00,17:34:00,150189,,9,,,,,,1,2718.9
1109641,17:35:00,17:35:00,150190,,10,,,,,,1,3032.33
1109641,17:36:00,17:36:00,150191,,11,,,,,,1,3355.79
1109641,17:37:00,17:37:00,150192,,12,,,,,,1,3915.39
1109641,17:39:00,17:39:00,154629,,13,,,,,,1,4450.63
1109641,17:39:00,17:39:00,159136,,14,,,,,,1,4893.33
1109641,17:40:00,17:40:00,150187,,15,,,,,,1,5080.83
1109641,17:41:00,17:41:00,151951,,16,,,,,,1,5377.16
1109641,17:42:00,17:42:00,150210,,17,,,,,,1,5775.58
1109641,17:43:00,17:43:00,150211,,18,,,,,,1,6383.83
1109641,17:45:00,17:45:00,150202,,19,,,,,,1,6746.65
1109642,17:48:00,17:48:00,150202,,1,,,,,,1,0
1109642,17:49:00,17:49:00,150203,,2,,,,,,1,301.09
1109642,17:51:00,17:51:00,152423,,3,,,,,,1,657.63
1109642,17:53:00,17:53:00,150205,,4,,,,,,1,1039.58
1109642,17:54:00,17:54:00,150206,,5,,,,,,1,1500.85
1109642,17:56:00,17:56:00,150165,,6,,,,,,1,1681.22
1109642,17:57:00,17:57:00,150159,,7,,,,,,1,2066.36
1109642,18:00:00,18:00:00,150160,,8,,,,,,1,2495.9
1109642,18:01:00,18:01:00,150189,,9,,,,,,1,2718.9
1109642,18:02:00,18:02:00,150190,,10,,,,,,1,3032.33
1109642,18:03:00,18:03:00,150191,,11,,,,,,1,3355.79
1109642,18:04:00,18:04:00,150192,,12,,,,,,1,3915.39
1109642,18:06:00,18:06:00,154629,,13,,,,,,1,4450.63
1109642,18:06:00,18:06:00,159136,,14,,,,,,1,4893.33
1109642,18:07:00,18:07:00,150187,,15,,,,,,1,5080.83
1109642,18:08:00,18:08:00,151951,,16,,,,,,1,5377.16
1109642,18:09:00,18:09:00,150210,,17,,,,,,1,5775.58
1109642,18:10:00,18:10:00,150211,,18,,,,,,1,6383.83
1109642,18:12:00,18:12:00,150202,,19,,,,,,1,6746.65
1109643,18:15:00,18:15:00,150202,,1,,,,,,1,0
1109643,18:16:00,18:16:00,150203,,2,,,,,,1,301.09
1109643,18:18:00,18:18:00,152423,,3,,,,,,1,657.63
1109643,18:20:00,18:20:00,150205,,4,,,,,,1,1039.58
1109643,18:21:00,18:21:00,150206,,5,,,,,,1,1500.85
1109643,18:23:00,18:23:00,150165,,6,,,,,,1,1681.22
1109643,18:24:00,18:24:00,150159,,7,,,,,,1,2066.36
1109643,18:27:00,18:27:00,150160,,8,,,,,,1,2495.9
1109643,18:28:00,18:28:00,150189,,9,,,,,,1,2718.9
1109643,18:29:00,18:29:00,150190,,10,,,,,,1,3032.33
1109643,18:30:00,18:30:00,150191,,11,,,,,,1,3355.79
1109643,18:31:00,18:31:00,150192,,12,,,,,,1,3915.39
1109643,18:33:00,18:33:00,154629,,13,,,,,,1,4450.63
1109643,18:33:00,18:33:00,159136,,14,,,,,,1,4893.33
1109643,18:34:00,18:34:00,150187,,15,,,,,,1,5080.83
1109643,18:35:00,18:35:00,151951,,16,,,,,,1,5377.16
1109643,18:36:00,18:36:00,150210,,17,,,,,,1,5775.58
1109643,18:37:00,18:37:00,150211,,18,,,,,,1,6383.83
1109643,18:39:00,18:39:00,150202,,19,,,,,,1,6746.65
1109644,18:42:00,18:42:00,150202,,1,,,,,,1,0
1109644,18:43:00,18:43:00,150203,,2,,,,,,1,301.09
1109644,18:45:00,18:45:00,152423,,3,,,,,,1,657.63
1109644,18:47:00,18:47:00,150205,,4,,,,,,1,1039.58
1109644,18:48:00,18:48:00,150206,,5,,,,,,1,1500.85
1109644,18:50:00,18:50:00,150165,,6,,,,,,1,1681.22
1109644,18:51:00,18:51:00,150159,,7,,,,,,1,2066.36
1109644,18:54:00,18:54:00,150160,,8,,,,,,1,2495.9
1109644,18:55:00,18:55:00,150189,,9,,,,,,1,2718.9
1109644,18:56:00,18:56:00,150190,,10,,,,,,1,3032.33
1109644,18:57:00,18:57:00,150191,,11,,,,,,1,3355.79
1109644,18:58:00,18:58:00,150192,,12,,,,,,1,3915.39
1109644,19:00:00,19:00:00,154629,,13,,,,,,1,4450.63
1109644,19:00:00,19:00:00,159136,,14,,,,,,1,4893.33
1109644,19:01:00,19:01:00,150187,,15,,,,,,1,5080.83
1109644,19:02:00,19:02:00,151951,,16,,,,,,1,5377.16
1109644,19:03:00,19:03:00,150210,,17,,,,,,1,5775.58
1109644,19:04:00,19:04:00,150211,,18,,,,,,1,6383.83
1109644,19:06:00,19:06:00,150202,,19,,,,,,1,6746.65
1109645,19:09:00,19:09:00,150202,,1,,,,,,1,0
1109645,19:10:00,19:10:00,150203,,2,,,,,,1,301.09
1109645,19:12:00,19:12:00,152423,,3,,,,,,1,657.63
1109645,19:14:00,19:14:00,150205,,4,,,,,,1,1039.58
1109645,19:15:00,19:15:00,150206,,5,,,,,,1,1500.85
1109645,19:17:00,19:17:00,150165,,6,,,,,,1,1681.22
1109645,19:18:00,19:18:00,150159,,7,,,,,,1,2066.36
1109645,19:21:00,19:21:00,150160,,8,,,,,,1,2495.9
1109645,19:22:00,19:22:00,150189,,9,,,,,,1,2718.9
1109645,19:23:00,19:23:00,150190,,10,,,,,,1,3032.33
1109645,19:24:00,19:24:00,150191,,11,,,,,,1,3355.79
1109645,19:25:00,19:25:00,150192,,12,,,,,,1,3915.39
1109645,19:27:00,19:27:00,154629,,13,,,,,,1,4450.63
1109645,19:27:00,19:27:00,159136,,14,,,,,,1,4893.33
1109645,19:28:00,19:28:00,150187,,15,,,,,,1,5080.83
1109645,19:29:00,19:29:00,151951,,16,,,,,,1,5377.16
1109645,19:30:00,19:30:00,150210,,17,,,,,,1,5775.58
1109645,19:31:00,19:31:00,150211,,18,,,,,,1,6383.83
1109645,19:33:00,19:33:00,150202,,19,,,,,,1,6746.65
1109653,19:36:00,19:36:00,150202,,1,,,,,,1,0
1109653,19:37:00,19:37:00,150203,,2,,,,,,1,301.09
1109653,19:39:00,19:39:00,152423,,3,,,,,,1,657.63
1109653,19:41:00,19:41:00,150205,,4,,,,,,1,1039.58
1109653,19:42:00,19:42:00,150206,,5,,,,,,1,1500.85
1109653,19:44:00,19:44:00,150165,,6,,,,,,1,1681.22
1109653,19:45:00,19:45:00,150159,,7,,,,,,1,2066.36
1109653,19:48:00,19:48:00,150160,,8,,,,,,1,2495.9
1109653,19:49:00,19:49:00,150189,,9,,,,,,1,2718.9
1109653,19:50:00,19:50:00,150190,,10,,,,,,1,3032.33
1109653,19:51:00,19:51:00,150191,,11,,,,,,1,3355.79
1109653,19:52:00,19:52:00,150192,,12,,,,,,1,3915.39
1109653,19:54:00,19:54:00,154629,,13,,,,,,1,4450.63
1109653,19:54:00,19:54:00,159136,,14,,,,,,1,4893.33
1109653,19:55:00,19:55:00,150187,,15,,,,,,1,5080.83
1109653,19:56:00,19:56:00,151951,,16,,,,,,1,5377.16
1109653,19:57:00,19:57:00,150210,,17,,,,,,1,5775.58
1109653,19:58:00,19:58:00,150211,,18,,,,,,1,6383.83
1109653,20:00:00,20:00:00,150202,,19,,,,,,1,6746.65
1109654,20:03:00,20:03:00,150202,,1,,,,,,1,0
1109654,20:04:00,20:04:00,150203,,2,,,,,,1,301.09
1109654,20:06:00,20:06:00,152423,,3,,,,,,1,657.63
1109654,20:08:00,20:08:00,150205,,4,,,,,,1,1039.58
1109654,20:09:00,20:09:00,150206,,5,,,,,,1,1500.85
1109654,20:11:00,20:11:00,150165,,6,,,,,,1,1681.22
1109654,20:12:00,20:12:00,150159,,7,,,,,,1,2066.36
1109654,20:15:00,20:15:00,150160,,8,,,,,,1,2495.9
1109654,20:16:00,20:16:00,150189,,9,,,,,,1,2718.9
1109654,20:17:00,20:17:00,150190,,10,,,,,,1,3032.33
1109654,20:18:00,20:18:00,150191,,11,,,,,,1,3355.79
1109654,20:19:00,20:19:00,150192,,12,,,,,,1,3915.39
1109654,20:21:00,20:21:00,154629,,13,,,,,,1,4450.63
1109654,20:21:00,20:21:00,159136,,14,,,,,,1,4893.33
1109654,20:22:00,20:22:00,150187,,15,,,,,,1,5080.83
1109654,20:23:00,20:23:00,151951,,16,,,,,,1,5377.16
1109654,20:24:00,20:24:00,150210,,17,,,,,,1,5775.58
1109654,20:25:00,20:25:00,150211,,18,,,,,,1,6383.83
1109654,20:27:00,20:27:00,150202,,19,,,,,,1,6746.65
1109655,20:30:00,20:30:00,150202,,1,,,,,,1,0
1109655,20:31:00,20:31:00,150203,,2,,,,,,1,301.09
1109655,20:33:00,20:33:00,152423,,3,,,,,,1,657.63
1109655,20:35:00,20:35:00,150205,,4,,,,,,1,1039.58
1109655,20:36:00,20:36:00,150206,,5,,,,,,1,1500.85
1109655,20:38:00,20:38:00,150165,,6,,,,,,1,1681.22
1109655,20:39:00,20:39:00,150159,,7,,,,,,1,2066.36
1109655,20:42:00,20:42:00,150160,,8,,,,,,1,2495.9
1109655,20:43:00,20:43:00,150189,,9,,,,,,1,2718.9
1109655,20:44:00,20:44:00,150190,,10,,,,,,1,3032.33
1109655,20:45:00,20:45:00,150191,,11,,,,,,1,3355.79
1109655,20:46:00,20:46:00,150192,,12,,,,,,1,3915.39
1109655,20:48:00,20:48:00,154629,,13,,,,,,1,4450.63
1109655,20:48:00,20:48:00,159136,,14,,,,,,1,4893.33
1109655,20:49:00,20:49:00,150187,,15,,,,,,1,5080.83
1109655,20:50:00,20:50:00,151951,,16,,,,,,1,5377.16
1109655,20:51:00,20:51:00,150210,,17,,,,,,1,5775.58
1109655,20:52:00,20:52:00,150211,,18,,,,,,1,6383.83
1109655,20:54:00,20:54:00,150202,,19,,,,,,1,6746.65
1109656,20:57:00,20:57:00,150202,,1,,,,,,1,0
1109656,20:58:00,20:58:00,150203,,2,,,,,,1,301.09
1109656,21:00:00,21:00:00,152423,,3,,,,,,1,657.63
1109656,21:02:00,21:02:00,150205,,4,,,,,,1,1039.58
1109656,21:03:00,21:03:00,150206,,5,,,,,,1,1500.85
1109656,21:05:00,21:05:00,150165,,6,,,,,,1,1681.22
1109656,21:06:00,21:06:00,150159,,7,,,,,,1,2066.36
1109656,21:09:00,21:09:00,150160,,8,,,,,,1,2495.9
1109656,21:10:00,21:10:00,150189,,9,,,,,,1,2718.9
1109656,21:11:00,21:11:00,150190,,10,,,,,,1,3032.33
1109656,21:12:00,21:12:00,150191,,11,,,,,,1,3355.79
1109656,21:13:00,21:13:00,150192,,12,,,,,,1,3915.39
1109656,21:15:00,21:15:00,154629,,13,,,,,,1,4450.63
1109656,21:15:00,21:15:00,159136,,14,,,,,,1,4893.33
1109656,21:16:00,21:16:00,150187,,15,,,,,,1,5080.83
1109656,21:17:00,21:17:00,151951,,16,,,,,,1,5377.16
1109656,21:18:00,21:18:00,150210,,17,,,,,,1,5775.58
1109656,21:19:00,21:19:00,150211,,18,,,,,,1,6383.83
1109656,21:21:00,21:21:00,150202,,19,,,,,,1,6746.65
1109657,21:24:00,21:24:00,150202,,1,,,,,,1,0
1109657,21:25:00,21:25:00,150203,,2,,,,,,1,301.09
1109657,21:27:00,21:27:00,152423,,3,,,,,,1,657.63
1109657,21:29:00,21:29:00,150205,,4,,,,,,1,1039.58
1109657,21:30:00,21:30:00,150206,,5,,,,,,1,1500.85
1109657,21:32:00,21:32:00,150165,,6,,,,,,1,1681.22
1109657,21:33:00,21:33:00,150159,,7,,,,,,1,2066.36
1109657,21:36:00,21:36:00,150160,,8,,,,,,1,2495.9
1109657,21:37:00,21:37:00,150189,,9,,,,,,1,2718.9
1109657,21:38:00,21:38:00,150190,,10,,,,,,1,3032.33
1109657,21:39:00,21:39:00,150191,,11,,,,,,1,3355.79
1109657,21:40:00,21:40:00,150192,,12,,,,,,1,3915.39
1109657,21:42:00,21:42:00,154629,,13,,,,,,1,4450.63
1109657,21:42:00,21:42:00,159136,,14,,,,,,1,4893.33
1109657,21:43:00,21:43:00,150187,,15,,,,,,1,5080.83
1109657,21:44:00,21:44:00,151951,,16,,,,,,1,5377.16
1109657,21:45:00,21:45:00,150210,,17,,,,,,1,5775.58
1109657,21:46:00,21:46:00,150211,,18,,,,,,1,6383.83
1109657,21:48:00,21:48:00,150202,,19,,,,,,1,6746.65
873058,07:00:00,07:00:00,154271,,1,,,,,,1,0
873058,07:01:00,07:01:00,150213,,2,,,,,,1,341.66
873058,07:03:00,07:03:00,150182,,3,,,,,,1,785.64
873058,07:05:00,07:05:00,150183,,4,,,,,,1,1193.51
873058,07:08:00,07:08:00,150156,,5,,,,,,1,1623.6
873058,07:10:00,07:10:00,150361,,6,,,,,,1,2061.35
873058,07:11:00,07:11:00,150362,,7,,,,,,1,2415.4
873058,07:13:00,07:13:00,150163,,8,,,,,,1,2632.86
873058,07:14:00,07:14:00,150164,,9,,,,,,1,3050.86
873058,07:15:00,07:15:00,150214,,10,,,,,,1,3370.95
873058,07:15:00,07:15:00,150215,,11,,,,,,1,3544.86
873058,07:16:00,07:16:00,150216,,12,,,,,,1,3965.91
873058,07:17:00,07:17:00,150217,,13,,,,,,1,4254.98
873058,07:18:00,07:18:00,150218,,14,,,,,,1,4454.97
873058,07:20:00,07:20:00,150219,,15,,,,,,1,4732.77
873058,07:22:00,07:22:00,150220,,16,,,,,,1,4994.93
873058,07:23:00,07:23:00,150221,,17,,,,,,1,5414.71
873058,07:24:00,07:24:00,150222,,18,,,,,,1,5679.85
873058,07:25:00,07:25:00,150223,,19,,,,,,1,6005.52
873058,07:26:00,07:26:00,150224,,20,,,,,,1,6255
873058,07:26:00,07:26:00,150225,,21,,,,,,1,6504.36
873058,07:28:00,07:28:00,154629,,22,,,,,,1,6822.48
873058,07:29:00,07:29:00,159136,,23,,,,,,1,7265.18
873058,07:31:00,07:31:00,150187,,24,,,,,,1,7452.66
873058,07:32:00,07:32:00,150174,,25,,,,,,1,7798.48
873058,07:33:00,07:33:00,151888,,26,,,,,,1,8030.76
873058,07:34:00,07:34:00,150188,,27,,,,,,1,8255.03
873058,07:35:00,07:35:00,154271,,28,,,,,,1,8425.59
873059,07:40:00,07:40:00,154271,,1,,,,,,1,0
873059,07:41:00,07:41:00,150213,,2,,,,,,1,341.66
873059,07:43:00,07:43:00,150182,,3,,,,,,1,785.64
873059,07:45:00,07:45:00,150183,,4,,,,,,1,1193.51
873059,07:48:00,07:48:00,150156,,5,,,,,,1,1623.6
873059,07:50:00,07:50:00,150361,,6,,,,,,1,2061.35
873059,07:51:00,07:51:00,150362,,7,,,,,,1,2415.4
873059,07:53:00,07:53:00,150163,,8,,,,,,1,2632.86
873059,07:54:00,07:54:00,150164,,9,,,,,,1,3050.86
873059,07:55:00,07:55:00,150214,,10,,,,,,1,3370.95
873059,07:55:00,07:55:00,150215,,11,,,,,,1,3544.86
873059,07:56:00,07:56:00,150216,,12,,,,,,1,3965.91
873059,07:57:00,07:57:00,150217,,13,,,,,,1,4254.98
873059,07:58:00,07:58:00,150218,,14,,,,,,1,4454.97
873059,08:00:00,08:00:00,150219,,15,,,,,,1,4732.77
873059,08:02:00,08:02:00,150220,,16,,,,,,1,4994.93
873059,08:03:00,08:03:00,150221,,17,,,,,,1,5414.71
873059,08:04:00,08:04:00,150222,,18,,,,,,1,5679.85
873059,08:05:00,08:05:00,150223,,19,,,,,,1,6005.52
873059,08:06:00,08:06:00,150224,,20,,,,,,1,6255
873059,08:06:00,08:06:00,150225,,21,,,,,,1,6504.36
873059,08:08:00,08:08:00,154629,,22,,,,,,1,6822.48
873059,08:09:00,08:09:00,159136,,23,,,,,,1,7265.18
873059,08:11:00,08:11:00,150187,,24,,,,,,1,7452.66
873059,08:12:00,08:12:00,150174,,25,,,,,,1,7798.48
873059,08:13:00,08:13:00,151888,,26,,,,,,1,8030.76
873059,08:14:00,08:14:00,150188,,27,,,,,,1,8255.03
873059,08:15:00,08:15:00,154271,,28,,,,,,1,8425.59
873060,08:20:00,08:20:00,154271,,1,,,,,,1,0
873060,08:21:00,08:21:00,150213,,2,,,,,,1,341.66
873060,08:23:00,08:23:00,150182,,3,,,,,,1,785.64
873060,08:25:00,08:25:00,150183,,4,,,,,,1,1193.51
873060,08:28:00,08:28:00,150156,,5,,,,,,1,1623.6
873060,08:30:00,08:30:00,150361,,6,,,,,,1,2061.35
873060,08:31:00,08:31:00,150362,,7,,,,,,1,2415.4
873060,08:33:00,08:33:00,150163,,8,,,,,,1,2632.86
873060,08:34:00,08:34:00,150164,,9,,,,,,1,3050.86
873060,08:35:00,08:35:00,150214,,10,,,,,,1,3370.95
873060,08:35:00,08:35:00,150215,,11,,,,,,1,3544.86
873060,08:36:00,08:36:00,150216,,12,,,,,,1,3965.91
873060,08:37:00,08:37:00,150217,,13,,,,,,1,4254.98
873060,08:38:00,08:38:00,150218,,14,,,,,,1,4454.97
873060,08:40:00,08:40:00,150219,,15,,,,,,1,4732.77
873060,08:42:00,08:42:00,150220,,16,,,,,,1,4994.93
873060,08:43:00,08:43:00,150221,,17,,,,,,1,5414.71
873060,08:44:00,08:44:00,150222,,18,,,,,,1,5679.85
873060,08:45:00,08:45:00,150223,,19,,,,,,1,6005.52
873060,08:46:00,08:46:00,150224,,20,,,,,,1,6255
873060,08:46:00,08:46:00,150225,,21,,,,,,1,6504.36
873060,08:48:00,08:48:00,154629,,22,,,,,,1,6822.48
873060,08:49:00,08:49:00,159136,,23,,,,,,1,7265.18
873060,08:51:00,08:51:00,150187,,24,,,,,,1,7452.66
873060,08:52:00,08:52:00,150174,,25,,,,,,1,7798.48
873060,08:53:00,08:53:00,151888,,26,,,,,,1,8030.76
873060,08:54:00,08:54:00,150188,,27,,,,,,1,8255.03
873060,08:55:00,08:55:00,154271,,28,,,,,,1,8425.59
873061,09:00:00,09:00:00,154271,,1,,,,,,1,0
873061,09:01:00,09:01:00,150213,,2,,,,,,1,341.66
873061,09:03:00,09:03:00,150182,,3,,,,,,1,785.64
873061,09:05:00,09:05:00,150183,,4,,,,,,1,1193.51
873061,09:08:00,09:08:00,150156,,5,,,,,,1,1623.6
873061,09:10:00,09:10:00,150361,,6,,,,,,1,2061.35
873061,09:11:00,09:11:00,150362,,7,,,,,,1,2415.4
873061,09:13:00,09:13:00,150163,,8,,,,,,1,2632.86
873061,09:14:00,09:14:00,150164,,9,,,,,,1,3050.86
873061,09:15:00,09:15:00,150214,,10,,,,,,1,3370.95
873061,09:15:00,09:15:00,150215,,11,,,,,,1,3544.86
873061,09:16:00,09:16:00,150216,,12,,,,,,1,3965.91
873061,09:17:00,09:17:00,150217,,13,,,,,,1,4254.98
873061,09:18:00,09:18:00,150218,,14,,,,,,1,4454.97
873061,09:20:00,09:20:00,150219,,15,,,,,,1,4732.77
873061,09:22:00,09:22:00,150220,,16,,,,,,1,4994.93
873061,09:23:00,09:23:00,150221,,17,,,,,,1,5414.71
873061,09:24:00,09:24:00,150222,,18,,,,,,1,5679.85
873061,09:25:00,09:25:00,150223,,19,,,,,,1,6005.52
873061,09:26:00,09:26:00,150224,,20,,,,,,1,6255
873061,09:26:00,09:26:00,150225,,21,,,,,,1,6504.36
873061,09:28:00,09:28:00,154629,,22,,,,,,1,6822.48
873061,09:29:00,09:29:00,159136,,23,,,,,,1,7265.18
873061,09:31:00,09:31:00,150187,,24,,,,,,1,7452.66
873061,09:32:00,09:32:00,150174,,25,,,,,,1,7798.48
873061,09:33:00,09:33:00,151888,,26,,,,,,1,8030.76
873061,09:34:00,09:34:00,150188,,27,,,,,,1,8255.03
873061,09:35:00,09:35:00,154271,,28,,,,,,1,8425.59
873062,09:40:00,09:40:00,154271,,1,,,,,,1,0
873062,09:41:00,09:41:00,150213,,2,,,,,,1,341.66
873062,09:43:00,09:43:00,150182,,3,,,,,,1,785.64
873062,09:45:00,09:45:00,150183,,4,,,,,,1,1193.51
873062,09:48:00,09:48:00,150156,,5,,,,,,1,1623.6
873062,09:50:00,09:50:00,150361,,6,,,,,,1,2061.35
873062,09:51:00,09:51:00,150362,,7,,,,,,1,2415.4
873062,09:53:00,09:53:00,150163,,8,,,,,,1,2632.86
873062,09:54:00,09:54:00,150164,,9,,,,,,1,3050.86
873062,09:55:00,09:55:00,150214,,10,,,,,,1,3370.95
873062,09:55:00,09:55:00,150215,,11,,,,,,1,3544.86
873062,09:56:00,09:56:00,150216,,12,,,,,,1,3965.91
873062,09:57:00,09:57:00,150217,,13,,,,,,1,4254.98
873062,09:58:00,09:58:00,150218,,14,,,,,,1,4454.97
873062,10:00:00,10:00:00,150219,,15,,,,,,1,4732.77
873062,10:02:00,10:02:00,150220,,16,,,,,,1,4994.93
873062,10:03:00,10:03:00,150221,,17,,,,,,1,5414.71
873062,10:04:00,10:04:00,150222,,18,,,,,,1,5679.85
873062,10:05:00,10:05:00,150223,,19,,,,,,1,6005.52
873062,10:06:00,10:06:00,150224,,20,,,,,,1,6255
873062,10:06:00,10:06:00,150225,,21,,,,,,1,6504.36
873062,10:08:00,10:08:00,154629,,22,,,,,,1,6822.48
873062,10:09:00,10:09:00,159136,,23,,,,,,1,7265.18
873062,10:11:00,10:11:00,150187,,24,,,,,,1,7452.66
873062,10:12:00,10:12:00,150174,,25,,,,,,1,7798.48
873062,10:13:00,10:13:00,151888,,26,,,,,,1,8030.76
873062,10:14:00,10:14:00,150188,,27,,,,,,1,8255.03
873062,10:15:00,10:15:00,154271,,28,,,,,,1,8425.59
873063,10:20:00,10:20:00,154271,,1,,,,,,1,0
873063,10:21:00,10:21:00,150213,,2,,,,,,1,341.66
873063,10:23:00,10:23:00,150182,,3,,,,,,1,785.64
873063,10:25:00,10:25:00,150183,,4,,,,,,1,1193.51
873063,10:28:00,10:28:00,150156,,5,,,,,,1,1623.6
873063,10:30:00,10:30:00,150361,,6,,,,,,1,2061.35
873063,10:31:00,10:31:00,150362,,7,,,,,,1,2415.4
873063,10:33:00,10:33:00,150163,,8,,,,,,1,2632.86
873063,10:34:00,10:34:00,150164,,9,,,,,,1,3050.86
873063,10:35:00,10:35:00,150214,,10,,,,,,1,3370.95
873063,10:35:00,10:35:00,150215,,11,,,,,,1,3544.86
873063,10:36:00,10:36:00,150216,,12,,,,,,1,3965.91
873063,10:37:00,10:37:00,150217,,13,,,,,,1,4254.98
873063,10:38:00,10:38:00,150218,,14,,,,,,1,4454.97
873063,10:40:00,10:40:00,150219,,15,,,,,,1,4732.77
873063,10:42:00,10:42:00,150220,,16,,,,,,1,4994.93
873063,10:43:00,10:43:00,150221,,17,,,,,,1,5414.71
873063,10:44:00,10:44:00,150222,,18,,,,,,1,5679.85
873063,10:45:00,10:45:00,150223,,19,,,,,,1,6005.52
873063,10:46:00,10:46:00,150224,,20,,,,,,1,6255
873063,10:46:00,10:46:00,150225,,21,,,,,,1,6504.36
873063,10:48:00,10:48:00,154629,,22,,,,,,1,6822.48
873063,10:49:00,10:49:00,159136,,23,,,,,,1,7265.18
873063,10:51:00,10:51:00,150187,,24,,,,,,1,7452.66
873063,10:52:00,10:52:00,150174,,25,,,,,,1,7798.48
873063,10:53:00,10:53:00,151888,,26,,,,,,1,8030.76
873063,10:54:00,10:54:00,150188,,27,,,,,,1,8255.03
873063,10:55:00,10:55:00,154271,,28,,,,,,1,8425.59
873064,11:00:00,11:00:00,154271,,1,,,,,,1,0
873064,11:01:00,11:01:00,150213,,2,,,,,,1,341.66
873064,11:03:00,11:03:00,150182,,3,,,,,,1,785.64
873064,11:05:00,11:05:00,150183,,4,,,,,,1,1193.51
873064,11:08:00,11:08:00,150156,,5,,,,,,1,1623.6
873064,11:10:00,11:10:00,150361,,6,,,,,,1,2061.35
873064,11:11:00,11:11:00,150362,,7,,,,,,1,2415.4
873064,11:13:00,11:13:00,150163,,8,,,,,,1,2632.86
873064,11:14:00,11:14:00,150164,,9,,,,,,1,3050.86
873064,11:15:00,11:15:00,150214,,10,,,,,,1,3370.95
873064,11:15:00,11:15:00,150215,,11,,,,,,1,3544.86
873064,11:16:00,11:16:00,150216,,12,,,,,,1,3965.91
873064,11:17:00,11:17:00,150217,,13,,,,,,1,4254.98
873064,11:18:00,11:18:00,150218,,14,,,,,,1,4454.97
873064,11:20:00,11:20:00,150219,,15,,,,,,1,4732.77
873064,11:22:00,11:22:00,150220,,16,,,,,,1,4994.93
873064,11:23:00,11:23:00,150221,,17,,,,,,1,5414.71
873064,11:24:00,11:24:00,150222,,18,,,,,,1,5679.85
873064,11:25:00,11:25:00,150223,,19,,,,,,1,6005.52
873064,11:26:00,11:26:00,150224,,20,,,,,,1,6255
873064,11:26:00,11:26:00,150225,,21,,,,,,1,6504.36
873064,11:28:00,11:28:00,154629,,22,,,,,,1,6822.48
873064,11:29:00,11:29:00,159136,,23,,,,,,1,7265.18
873064,11:31:00,11:31:00,150187,,24,,,,,,1,7452.66
873064,11:32:00,11:32:00,150174,,25,,,,,,1,7798.48
873064,11:33:00,11:33:00,151888,,26,,,,,,1,8030.76
873064,11:34:00,11:34:00,150188,,27,,,,,,1,8255.03
873064,11:35:00,11:35:00,154271,,28,,,,,,1,8425.59
873065,11:40:00,11:40:00,154271,,1,,,,,,1,0
873065,11:41:00,11:41:00,150213,,2,,,,,,1,341.66
873065,11:43:00,11:43:00,150182,,3,,,,,,1,785.64
873065,11:45:00,11:45:00,150183,,4,,,,,,1,1193.51
873065,11:48:00,11:48:00,150156,,5,,,,,,1,1623.6
873065,11:50:00,11:50:00,150361,,6,,,,,,1,2061.35
873065,11:51:00,11:51:00,150362,,7,,,,,,1,2415.4
873065,11:53:00,11:53:00,150163,,8,,,,,,1,2632.86
873065,11:54:00,11:54:00,150164,,9,,,,,,1,3050.86
873065,11:55:00,11:55:00,150214,,10,,,,,,1,3370.95
873065,11:55:00,11:55:00,150215,,11,,,,,,1,3544.86
873065,11:56:00,11:56:00,150216,,12,,,,,,1,3965.91
873065,11:57:00,11:57:00,150217,,13,,,,,,1,4254.98
873065,11:58:00,11:58:00,150218,,14,,,,,,1,4454.97
873065,12:00:00,12:00:00,150219,,15,,,,,,1,4732.77
873065,12:02:00,12:02:00,150220,,16,,,,,,1,4994.93
873065,12:03:00,12:03:00,150221,,17,,,,,,1,5414.71
873065,12:04:00,12:04:00,150222,,18,,,,,,1,5679.85
873065,12:05:00,12:05:00,150223,,19,,,,,,1,6005.52
873065,12:06:00,12:06:00,150224,,20,,,,,,1,6255
873065,12:06:00,12:06:00,150225,,21,,,,,,1,6504.36
873065,12:08:00,12:08:00,154629,,22,,,,,,1,6822.48
873065,12:09:00,12:09:00,159136,,23,,,,,,1,7265.18
873065,12:11:00,12:11:00,150187,,24,,,,,,1,7452.66
873065,12:12:00,12:12:00,150174,,25,,,,,,1,7798.48
873065,12:13:00,12:13:00,151888,,26,,,,,,1,8030.76
873065,12:14:00,12:14:00,150188,,27,,,,,,1,8255.03
873065,12:15:00,12:15:00,154271,,28,,,,,,1,8425.59
873066,12:20:00,12:20:00,154271,,1,,,,,,1,0
873066,12:21:00,12:21:00,150213,,2,,,,,,1,341.66
873066,12:23:00,12:23:00,150182,,3,,,,,,1,785.64
873066,12:25:00,12:25:00,150183,,4,,,,,,1,1193.51
873066,12:28:00,12:28:00,150156,,5,,,,,,1,1623.6
873066,12:30:00,12:30:00,150361,,6,,,,,,1,2061.35
873066,12:31:00,12:31:00,150362,,7,,,,,,1,2415.4
873066,12:33:00,12:33:00,150163,,8,,,,,,1,2632.86
873066,12:34:00,12:34:00,150164,,9,,,,,,1,3050.86
873066,12:35:00,12:35:00,150214,,10,,,,,,1,3370.95
873066,12:35:00,12:35:00,150215,,11,,,,,,1,3544.86
873066,12:36:00,12:36:00,150216,,12,,,,,,1,3965.91
873066,12:37:00,12:37:00,150217,,13,,,,,,1,4254.98
873066,12:38:00,12:38:00,150218,,14,,,,,,1,4454.97
873066,12:40:00,12:40:00,150219,,15,,,,,,1,4732.77
873066,12:42:00,12:42:00,150220,,16,,,,,,1,4994.93
873066,12:43:00,12:43:00,150221,,17,,,,,,1,5414.71
873066,12:44:00,12:44:00,150222,,18,,,,,,1,5679.85
873066,12:45:00,12:45:00,150223,,19,,,,,,1,6005.52
873066,12:46:00,12:46:00,150224,,20,,,,,,1,6255
873066,12:46:00,12:46:00,150225,,21,,,,,,1,6504.36
873066,12:48:00,12:48:00,154629,,22,,,,,,1,6822.48
873066,12:49:00,12:49:00,159136,,23,,,,,,1,7265.18
873066,12:51:00,12:51:00,150187,,24,,,,,,1,7452.66
873066,12:52:00,12:52:00,150174,,25,,,,,,1,7798.48
873066,12:53:00,12:53:00,151888,,26,,,,,,1,8030.76
873066,12:54:00,12:54:00,150188,,27,,,,,,1,8255.03
873066,12:55:00,12:55:00,154271,,28,,,,,,1,8425.59
873067,13:00:00,13:00:00,154271,,1,,,,,,1,0
873067,13:01:00,13:01:00,150213,,2,,,,,,1,341.66
873067,13:03:00,13:03:00,150182,,3,,,,,,1,785.64
873067,13:05:00,13:05:00,150183,,4,,,,,,1,1193.51
873067,13:08:00,13:08:00,150156,,5,,,,,,1,1623.6
873067,13:10:00,13:10:00,150361,,6,,,,,,1,2061.35
873067,13:11:00,13:11:00,150362,,7,,,,,,1,2415.4
873067,13:13:00,13:13:00,150163,,8,,,,,,1,2632.86
873067,13:14:00,13:14:00,150164,,9,,,,,,1,3050.86
873067,13:15:00,13:15:00,150214,,10,,,,,,1,3370.95
873067,13:15:00,13:15:00,150215,,11,,,,,,1,3544.86
873067,13:16:00,13:16:00,150216,,12,,,,,,1,3965.91
873067,13:17:00,13:17:00,150217,,13,,,,,,1,4254.98
873067,13:18:00,13:18:00,150218,,14,,,,,,1,4454.97
873067,13:20:00,13:20:00,150219,,15,,,,,,1,4732.77
873067,13:22:00,13:22:00,150220,,16,,,,,,1,4994.93
873067,13:23:00,13:23:00,150221,,17,,,,,,1,5414.71
873067,13:24:00,13:24:00,150222,,18,,,,,,1,5679.85
873067,13:25:00,13:25:00,150223,,19,,,,,,1,6005.52
873067,13:26:00,13:26:00,150224,,20,,,,,,1,6255
873067,13:26:00,13:26:00,150225,,21,,,,,,1,6504.36
873067,13:28:00,13:28:00,154629,,22,,,,,,1,6822.48
873067,13:29:00,13:29:00,159136,,23,,,,,,1,7265.18
873067,13:31:00,13:31:00,150187,,24,,,,,,1,7452.66
873067,13:32:00,13:32:00,150174,,25,,,,,,1,7798.48
873067,13:33:00,13:33:00,151888,,26,,,,,,1,8030.76
873067,13:34:00,13:34:00,150188,,27,,,,,,1,8255.03
873067,13:35:00,13:35:00,154271,,28,,,,,,1,8425.59
873068,13:40:00,13:40:00,154271,,1,,,,,,1,0
873068,13:41:00,13:41:00,150213,,2,,,,,,1,341.66
873068,13:43:00,13:43:00,150182,,3,,,,,,1,785.64
873068,13:45:00,13:45:00,150183,,4,,,,,,1,1193.51
873068,13:48:00,13:48:00,150156,,5,,,,,,1,1623.6
873068,13:50:00,13:50:00,150361,,6,,,,,,1,2061.35
873068,13:51:00,13:51:00,150362,,7,,,,,,1,2415.4
873068,13:53:00,13:53:00,150163,,8,,,,,,1,2632.86
873068,13:54:00,13:54:00,150164,,9,,,,,,1,3050.86
873068,13:55:00,13:55:00,150214,,10,,,,,,1,3370.95
873068,13:55:00,13:55:00,150215,,11,,,,,,1,3544.86
873068,13:56:00,13:56:00,150216,,12,,,,,,1,3965.91
873068,13:57:00,13:57:00,150217,,13,,,,,,1,4254.98
873068,13:58:00,13:58:00,150218,,14,,,,,,1,4454.97
873068,14:00:00,14:00:00,150219,,15,,,,,,1,4732.77
873068,14:02:00,14:02:00,150220,,16,,,,,,1,4994.93
873068,14:03:00,14:03:00,150221,,17,,,,,,1,5414.71
873068,14:04:00,14:04:00,150222,,18,,,,,,1,5679.85
873068,14:05:00,14:05:00,150223,,19,,,,,,1,6005.52
873068,14:06:00,14:06:00,150224,,20,,,,,,1,6255
873068,14:06:00,14:06:00,150225,,21,,,,,,1,6504.36
873068,14:08:00,14:08:00,154629,,22,,,,,,1,6822.48
873068,14:09:00,14:09:00,159136,,23,,,,,,1,7265.18
873068,14:11:00,14:11:00,150187,,24,,,,,,1,7452.66
873068,14:12:00,14:12:00,150174,,25,,,,,,1,7798.48
873068,14:13:00,14:13:00,151888,,26,,,,,,1,8030.76
873068,14:14:00,14:14:00,150188,,27,,,,,,1,8255.03
873068,14:15:00,14:15:00,154271,,28,,,,,,1,8425.59
873069,14:20:00,14:20:00,154271,,1,,,,,,1,0
873069,14:21:00,14:21:00,150213,,2,,,,,,1,341.66
873069,14:23:00,14:23:00,150182,,3,,,,,,1,785.64
873069,14:25:00,14:25:00,150183,,4,,,,,,1,1193.51
873069,14:28:00,14:28:00,150156,,5,,,,,,1,1623.6
873069,14:30:00,14:30:00,150361,,6,,,,,,1,2061.35
873069,14:31:00,14:31:00,150362,,7,,,,,,1,2415.4
873069,14:33:00,14:33:00,150163,,8,,,,,,1,2632.86
873069,14:34:00,14:34:00,150164,,9,,,,,,1,3050.86
873069,14:35:00,14:35:00,150214,,10,,,,,,1,3370.95
873069,14:35:00,14:35:00,150215,,11,,,,,,1,3544.86
873069,14:36:00,14:36:00,150216,,12,,,,,,1,3965.91
873069,14:37:00,14:37:00,150217,,13,,,,,,1,4254.98
873069,14:38:00,14:38:00,150218,,14,,,,,,1,4454.97
873069,14:40:00,14:40:00,150219,,15,,,,,,1,4732.77
873069,14:42:00,14:42:00,150220,,16,,,,,,1,4994.93
873069,14:43:00,14:43:00,150221,,17,,,,,,1,5414.71
873069,14:44:00,14:44:00,150222,,18,,,,,,1,5679.85
873069,14:45:00,14:45:00,150223,,19,,,,,,1,6005.52
873069,14:46:00,14:46:00,150224,,20,,,,,,1,6255
873069,14:46:00,14:46:00,150225,,21,,,,,,1,6504.36
873069,14:48:00,14:48:00,154629,,22,,,,,,1,6822.48
873069,14:49:00,14:49:00,159136,,23,,,,,,1,7265.18
873069,14:51:00,14:51:00,150187,,24,,,,,,1,7452.66
873069,14:52:00,14:52:00,150174,,25,,,,,,1,7798.48
873069,14:53:00,14:53:00,151888,,26,,,,,,1,8030.76
873069,14:54:00,14:54:00,150188,,27,,,,,,1,8255.03
873069,14:55:00,14:55:00,154271,,28,,,,,,1,8425.59
873070,15:00:00,15:00:00,154271,,1,,,,,,1,0
873070,15:01:00,15:01:00,150213,,2,,,,,,1,341.66
873070,15:03:00,15:03:00,150182,,3,,,,,,1,785.64
873070,15:05:00,15:05:00,150183,,4,,,,,,1,1193.51
873070,15:08:00,15:08:00,150156,,5,,,,,,1,1623.6
873070,15:10:00,15:10:00,150361,,6,,,,,,1,2061.35
873070,15:11:00,15:11:00,150362,,7,,,,,,1,2415.4
873070,15:13:00,15:13:00,150163,,8,,,,,,1,2632.86
873070,15:14:00,15:14:00,150164,,9,,,,,,1,3050.86
873070,15:15:00,15:15:00,150214,,10,,,,,,1,3370.95
873070,15:15:00,15:15:00,150215,,11,,,,,,1,3544.86
873070,15:16:00,15:16:00,150216,,12,,,,,,1,3965.91
873070,15:17:00,15:17:00,150217,,13,,,,,,1,4254.98
873070,15:18:00,15:18:00,150218,,14,,,,,,1,4454.97
873070,15:20:00,15:20:00,150219,,15,,,,,,1,4732.77
873070,15:22:00,15:22:00,150220,,16,,,,,,1,4994.93
873070,15:23:00,15:23:00,150221,,17,,,,,,1,5414.71
873070,15:24:00,15:24:00,150222,,18,,,,,,1,5679.85
873070,15:25:00,15:25:00,150223,,19,,,,,,1,6005.52
873070,15:26:00,15:26:00,150224,,20,,,,,,1,6255
873070,15:26:00,15:26:00,150225,,21,,,,,,1,6504.36
873070,15:28:00,15:28:00,154629,,22,,,,,,1,6822.48
873070,15:29:00,15:29:00,159136,,23,,,,,,1,7265.18
873070,15:31:00,15:31:00,150187,,24,,,,,,1,7452.66
873070,15:32:00,15:32:00,150174,,25,,,,,,1,7798.48
873070,15:33:00,15:33:00,151888,,26,,,,,,1,8030.76
873070,15:34:00,15:34:00,150188,,27,,,,,,1,8255.03
873070,15:35:00,15:35:00,154271,,28,,,,,,1,8425.59
873071,15:40:00,15:40:00,154271,,1,,,,,,1,0
873071,15:41:00,15:41:00,150213,,2,,,,,,1,341.66
873071,15:43:00,15:43:00,150182,,3,,,,,,1,785.64
873071,15:45:00,15:45:00,150183,,4,,,,,,1,1193.51
873071,15:48:00,15:48:00,150156,,5,,,,,,1,1623.6
873071,15:50:00,15:50:00,150361,,6,,,,,,1,2061.35
873071,15:51:00,15:51:00,150362,,7,,,,,,1,2415.4
873071,15:53:00,15:53:00,150163,,8,,,,,,1,2632.86
873071,15:54:00,15:54:00,150164,,9,,,,,,1,3050.86
873071,15:55:00,15:55:00,150214,,10,,,,,,1,3370.95
873071,15:55:00,15:55:00,150215,,11,,,,,,1,3544.86
873071,15:56:00,15:56:00,150216,,12,,,,,,1,3965.91
873071,15:57:00,15:57:00,150217,,13,,,,,,1,4254.98
873071,15:58:00,15:58:00,150218,,14,,,,,,1,4454.97
873071,16:00:00,16:00:00,150219,,15,,,,,,1,4732.77
873071,16:02:00,16:02:00,150220,,16,,,,,,1,4994.93
873071,16:03:00,16:03:00,150221,,17,,,,,,1,5414.71
873071,16:04:00,16:04:00,150222,,18,,,,,,1,5679.85
873071,16:05:00,16:05:00,150223,,19,,,,,,1,6005.52
873071,16:06:00,16:06:00,150224,,20,,,,,,1,6255
873071,16:06:00,16:06:00,150225,,21,,,,,,1,6504.36
873071,16:08:00,16:08:00,154629,,22,,,,,,1,6822.48
873071,16:09:00,16:09:00,159136,,23,,,,,,1,7265.18
873071,16:11:00,16:11:00,150187,,24,,,,,,1,7452.66
873071,16:12:00,16:12:00,150174,,25,,,,,,1,7798.48
873071,16:13:00,16:13:00,151888,,26,,,,,,1,8030.76
873071,16:14:00,16:14:00,150188,,27,,,,,,1,8255.03
873071,16:15:00,16:15:00,154271,,28,,,,,,1,8425.59
873072,16:20:00,16:20:00,154271,,1,,,,,,1,0
873072,16:21:00,16:21:00,150213,,2,,,,,,1,341.66
873072,16:23:00,16:23:00,150182,,3,,,,,,1,785.64
873072,16:25:00,16:25:00,150183,,4,,,,,,1,1193.51
873072,16:28:00,16:28:00,150156,,5,,,,,,1,1623.6
873072,16:30:00,16:30:00,150361,,6,,,,,,1,2061.35
873072,16:31:00,16:31:00,150362,,7,,,,,,1,2415.4
873072,16:33:00,16:33:00,150163,,8,,,,,,1,2632.86
873072,16:34:00,16:34:00,150164,,9,,,,,,1,3050.86
873072,16:35:00,16:35:00,150214,,10,,,,,,1,3370.95
873072,16:35:00,16:35:00,150215,,11,,,,,,1,3544.86
873072,16:36:00,16:36:00,150216,,12,,,,,,1,3965.91
873072,16:37:00,16:37:00,150217,,13,,,,,,1,4254.98
873072,16:38:00,16:38:00,150218,,14,,,,,,1,4454.97
873072,16:40:00,16:40:00,150219,,15,,,,,,1,4732.77
873072,16:42:00,16:42:00,150220,,16,,,,,,1,4994.93
873072,16:43:00,16:43:00,150221,,17,,,,,,1,5414.71
873072,16:44:00,16:44:00,150222,,18,,,,,,1,5679.85
873072,16:45:00,16:45:00,150223,,19,,,,,,1,6005.52
873072,16:46:00,16:46:00,150224,,20,,,,,,1,6255
873072,16:46:00,16:46:00,150225,,21,,,,,,1,6504.36
873072,16:48:00,16:48:00,154629,,22,,,,,,1,6822.48
873072,16:49:00,16:49:00,159136,,23,,,,,,1,7265.18
873072,16:51:00,16:51:00,150187,,24,,,,,,1,7452.66
873072,16:52:00,16:52:00,150174,,25,,,,,,1,7798.48
873072,16:53:00,16:53:00,151888,,26,,,,,,1,8030.76
873072,16:54:00,16:54:00,150188,,27,,,,,,1,8255.03
873072,16:55:00,16:55:00,154271,,28,,,,,,1,8425.59
873073,17:00:00,17:00:00,154271,,1,,,,,,1,0
873073,17:01:00,17:01:00,150213,,2,,,,,,1,341.66
873073,17:03:00,17:03:00,150182,,3,,,,,,1,785.64
873073,17:05:00,17:05:00,150183,,4,,,,,,1,1193.51
873073,17:08:00,17:08:00,150156,,5,,,,,,1,1623.6
873073,17:10:00,17:10:00,150361,,6,,,,,,1,2061.35
873073,17:11:00,17:11:00,150362,,7,,,,,,1,2415.4
873073,17:13:00,17:13:00,150163,,8,,,,,,1,2632.86
873073,17:14:00,17:14:00,150164,,9,,,,,,1,3050.86
873073,17:15:00,17:15:00,150214,,10,,,,,,1,3370.95
873073,17:15:00,17:15:00,150215,,11,,,,,,1,3544.86
873073,17:16:00,17:16:00,150216,,12,,,,,,1,3965.91
873073,17:17:00,17:17:00,150217,,13,,,,,,1,4254.98
873073,17:18:00,17:18:00,150218,,14,,,,,,1,4454.97
873073,17:20:00,17:20:00,150219,,15,,,,,,1,4732.77
873073,17:22:00,17:22:00,150220,,16,,,,,,1,4994.93
873073,17:23:00,17:23:00,150221,,17,,,,,,1,5414.71
873073,17:24:00,17:24:00,150222,,18,,,,,,1,5679.85
873073,17:25:00,17:25:00,150223,,19,,,,,,1,6005.52
873073,17:26:00,17:26:00,150224,,20,,,,,,1,6255
873073,17:26:00,17:26:00,150225,,21,,,,,,1,6504.36
873073,17:28:00,17:28:00,154629,,22,,,,,,1,6822.48
873073,17:29:00,17:29:00,159136,,23,,,,,,1,7265.18
873073,17:31:00,17:31:00,150187,,24,,,,,,1,7452.66
873073,17:32:00,17:32:00,150174,,25,,,,,,1,7798.48
873073,17:33:00,17:33:00,151888,,26,,,,,,1,8030.76
873073,17:34:00,17:34:00,150188,,27,,,,,,1,8255.03
873073,17:35:00,17:35:00,154271,,28,,,,,,1,8425.59
873074,17:40:00,17:40:00,154271,,1,,,,,,1,0
873074,17:41:00,17:41:00,150213,,2,,,,,,1,341.66
873074,17:43:00,17:43:00,150182,,3,,,,,,1,785.64
873074,17:45:00,17:45:00,150183,,4,,,,,,1,1193.51
873074,17:48:00,17:48:00,150156,,5,,,,,,1,1623.6
873074,17:50:00,17:50:00,150361,,6,,,,,,1,2061.35
873074,17:51:00,17:51:00,150362,,7,,,,,,1,2415.4
873074,17:53:00,17:53:00,150163,,8,,,,,,1,2632.86
873074,17:54:00,17:54:00,150164,,9,,,,,,1,3050.86
873074,17:55:00,17:55:00,150214,,10,,,,,,1,3370.95
873074,17:55:00,17:55:00,150215,,11,,,,,,1,3544.86
873074,17:56:00,17:56:00,150216,,12,,,,,,1,3965.91
873074,17:57:00,17:57:00,150217,,13,,,,,,1,4254.98
873074,17:58:00,17:58:00,150218,,14,,,,,,1,4454.97
873074,18:00:00,18:00:00,150219,,15,,,,,,1,4732.77
873074,18:02:00,18:02:00,150220,,16,,,,,,1,4994.93
873074,18:03:00,18:03:00,150221,,17,,,,,,1,5414.71
873074,18:04:00,18:04:00,150222,,18,,,,,,1,5679.85
873074,18:05:00,18:05:00,150223,,19,,,,,,1,6005.52
873074,18:06:00,18:06:00,150224,,20,,,,,,1,6255
873074,18:06:00,18:06:00,150225,,21,,,,,,1,6504.36
873074,18:08:00,18:08:00,154629,,22,,,,,,1,6822.48
873074,18:09:00,18:09:00,159136,,23,,,,,,1,7265.18
873074,18:11:00,18:11:00,150187,,24,,,,,,1,7452.66
873074,18:12:00,18:12:00,150174,,25,,,,,,1,7798.48
873074,18:13:00,18:13:00,151888,,26,,,,,,1,8030.76
873074,18:14:00,18:14:00,150188,,27,,,,,,1,8255.03
873074,18:15:00,18:15:00,154271,,28,,,,,,1,8425.59
873075,18:20:00,18:20:00,154271,,1,,,,,,1,0
873075,18:21:00,18:21:00,150213,,2,,,,,,1,341.66
873075,18:23:00,18:23:00,150182,,3,,,,,,1,785.64
873075,18:25:00,18:25:00,150183,,4,,,,,,1,1193.51
873075,18:28:00,18:28:00,150156,,5,,,,,,1,1623.6
873075,18:30:00,18:30:00,150361,,6,,,,,,1,2061.35
873075,18:31:00,18:31:00,150362,,7,,,,,,1,2415.4
873075,18:33:00,18:33:00,150163,,8,,,,,,1,2632.86
873075,18:34:00,18:34:00,150164,,9,,,,,,1,3050.86
873075,18:35:00,18:35:00,150214,,10,,,,,,1,3370.95
873075,18:35:00,18:35:00,150215,,11,,,,,,1,3544.86
873075,18:36:00,18:36:00,150216,,12,,,,,,1,3965.91
873075,18:37:00,18:37:00,150217,,13,,,,,,1,4254.98
873075,18:38:00,18:38:00,150218,,14,,,,,,1,4454.97
873075,18:40:00,18:40:00,150219,,15,,,,,,1,4732.77
873075,18:42:00,18:42:00,150220,,16,,,,,,1,4994.93
873075,18:43:00,18:43:00,150221,,17,,,,,,1,5414.71
873075,18:44:00,18:44:00,150222,,18,,,,,,1,5679.85
873075,18:45:00,18:45:00,150223,,19,,,,,,1,6005.52
873075,18:46:00,18:46:00,150224,,20,,,,,,1,6255
873075,18:46:00,18:46:00,150225,,21,,,,,,1,6504.36
873075,18:48:00,18:48:00,154629,,22,,,,,,1,6822.48
873075,18:49:00,18:49:00,159136,,23,,,,,,1,7265.18
873075,18:51:00,18:51:00,150187,,24,,,,,,1,7452.66
873075,18:52:00,18:52:00,150174,,25,,,,,,1,7798.48
873075,18:53:00,18:53:00,151888,,26,,,,,,1,8030.76
873075,18:54:00,18:54:00,150188,,27,,,,,,1,8255.03
873075,18:55:00,18:55:00,154271,,28,,,,,,1,8425.59
873076,19:00:00,19:00:00,154271,,1,,,,,,1,0
873076,19:01:00,19:01:00,150213,,2,,,,,,1,341.66
873076,19:03:00,19:03:00,150182,,3,,,,,,1,785.64
873076,19:05:00,19:05:00,150183,,4,,,,,,1,1193.51
873076,19:08:00,19:08:00,150156,,5,,,,,,1,1623.6
873076,19:10:00,19:10:00,150361,,6,,,,,,1,2061.35
873076,19:11:00,19:11:00,150362,,7,,,,,,1,2415.4
873076,19:13:00,19:13:00,150163,,8,,,,,,1,2632.86
873076,19:14:00,19:14:00,150164,,9,,,,,,1,3050.86
873076,19:15:00,19:15:00,150214,,10,,,,,,1,3370.95
873076,19:15:00,19:15:00,150215,,11,,,,,,1,3544.86
873076,19:16:00,19:16:00,150216,,12,,,,,,1,3965.91
873076,19:17:00,19:17:00,150217,,13,,,,,,1,4254.98
873076,19:18:00,19:18:00,150218,,14,,,,,,1,4454.97
873076,19:20:00,19:20:00,150219,,15,,,,,,1,4732.77
873076,19:22:00,19:22:00,150220,,16,,,,,,1,4994.93
873076,19:23:00,19:23:00,150221,,17,,,,,,1,5414.71
873076,19:24:00,19:24:00,150222,,18,,,,,,1,5679.85
873076,19:25:00,19:25:00,150223,,19,,,,,,1,6005.52
873076,19:26:00,19:26:00,150224,,20,,,,,,1,6255
873076,19:26:00,19:26:00,150225,,21,,,,,,1,6504.36
873076,19:28:00,19:28:00,154629,,22,,,,,,1,6822.48
873076,19:29:00,19:29:00,159136,,23,,,,,,1,7265.18
873076,19:31:00,19:31:00,150187,,24,,,,,,1,7452.66
873076,19:32:00,19:32:00,150174,,25,,,,,,1,7798.48
873076,19:33:00,19:33:00,151888,,26,,,,,,1,8030.76
873076,19:34:00,19:34:00,150188,,27,,,,,,1,8255.03
873076,19:35:00,19:35:00,154271,,28,,,,,,1,8425.59
873077,19:40:00,19:40:00,154271,,1,,,,,,1,0
873077,19:41:00,19:41:00,150213,,2,,,,,,1,341.66
873077,19:43:00,19:43:00,150182,,3,,,,,,1,785.64
873077,19:45:00,19:45:00,150183,,4,,,,,,1,1193.51
873077,19:48:00,19:48:00,150156,,5,,,,,,1,1623.6
873077,19:50:00,19:50:00,150361,,6,,,,,,1,2061.35
873077,19:51:00,19:51:00,150362,,7,,,,,,1,2415.4
873077,19:53:00,19:53:00,150163,,8,,,,,,1,2632.86
873077,19:54:00,19:54:00,150164,,9,,,,,,1,3050.86
873077,19:55:00,19:55:00,150214,,10,,,,,,1,3370.95
873077,19:55:00,19:55:00,150215,,11,,,,,,1,3544.86
873077,19:56:00,19:56:00,150216,,12,,,,,,1,3965.91
873077,19:57:00,19:57:00,150217,,13,,,,,,1,4254.98
873077,19:58:00,19:58:00,150218,,14,,,,,,1,4454.97
873077,20:00:00,20:00:00,150219,,15,,,,,,1,4732.77
873077,20:02:00,20:02:00,150220,,16,,,,,,1,4994.93
873077,20:03:00,20:03:00,150221,,17,,,,,,1,5414.71
873077,20:04:00,20:04:00,150222,,18,,,,,,1,5679.85
873077,20:05:00,20:05:00,150223,,19,,,,,,1,6005.52
873077,20:06:00,20:06:00,150224,,20,,,,,,1,6255
873077,20:06:00,20:06:00,150225,,21,,,,,,1,6504.36
873077,20:08:00,20:08:00,154629,,22,,,,,,1,6822.48
873077,20:09:00,20:09:00,159136,,23,,,,,,1,7265.18
873077,20:11:00,20:11:00,150187,,24,,,,,,1,7452.66
873077,20:12:00,20:12:00,150174,,25,,,,,,1,7798.48
873077,20:13:00,20:13:00,151888,,26,,,,,,1,8030.76
873077,20:14:00,20:14:00,150188,,27,,,,,,1,8255.03
873077,20:15:00,20:15:00,154271,,28,,,,,,1,8425.59
873078,20:20:00,20:20:00,154271,,1,,,,,,1,0
873078,20:21:00,20:21:00,150213,,2,,,,,,1,341.66
873078,20:23:00,20:23:00,150182,,3,,,,,,1,785.64
873078,20:25:00,20:25:00,150183,,4,,,,,,1,1193.51
873078,20:28:00,20:28:00,150156,,5,,,,,,1,1623.6
873078,20:30:00,20:30:00,150361,,6,,,,,,1,2061.35
873078,20:31:00,20:31:00,150362,,7,,,,,,1,2415.4
873078,20:33:00,20:33:00,150163,,8,,,,,,1,2632.86
873078,20:34:00,20:34:00,150164,,9,,,,,,1,3050.86
873078,20:35:00,20:35:00,150214,,10,,,,,,1,3370.95
873078,20:35:00,20:35:00,150215,,11,,,,,,1,3544.86
873078,20:36:00,20:36:00,150216,,12,,,,,,1,3965.91
873078,20:37:00,20:37:00,150217,,13,,,,,,1,4254.98
873078,20:38:00,20:38:00,150218,,14,,,,,,1,4454.97
873078,20:40:00,20:40:00,150219,,15,,,,,,1,4732.77
873078,20:42:00,20:42:00,150220,,16,,,,,,1,4994.93
873078,20:43:00,20:43:00,150221,,17,,,,,,1,5414.71
873078,20:44:00,20:44:00,150222,,18,,,,,,1,5679.85
873078,20:45:00,20:45:00,150223,,19,,,,,,1,6005.52
873078,20:46:00,20:46:00,150224,,20,,,,,,1,6255
873078,20:46:00,20:46:00,150225,,21,,,,,,1,6504.36
873078,20:48:00,20:48:00,154629,,22,,,,,,1,6822.48
873078,20:49:00,20:49:00,159136,,23,,,,,,1,7265.18
873078,20:51:00,20:51:00,150187,,24,,,,,,1,7452.66
873078,20:52:00,20:52:00,150174,,25,,,,,,1,7798.48
873078,20:53:00,20:53:00,151888,,26,,,,,,1,8030.76
873078,20:54:00,20:54:00,150188,,27,,,,,,1,8255.03
873078,20:55:00,20:55:00,154271,,28,,,,,,1,8425.59
873079,21:00:00,21:00:00,154271,,1,,,,,,1,0
873079,21:01:00,21:01:00,150213,,2,,,,,,1,341.66
873079,21:03:00,21:03:00,150182,,3,,,,,,1,785.64
873079,21:05:00,21:05:00,150183,,4,,,,,,1,1193.51
873079,21:08:00,21:08:00,150156,,5,,,,,,1,1623.6
873079,21:10:00,21:10:00,150361,,6,,,,,,1,2061.35
873079,21:11:00,21:11:00,150362,,7,,,,,,1,2415.4
873079,21:13:00,21:13:00,150163,,8,,,,,,1,2632.86
873079,21:14:00,21:14:00,150164,,9,,,,,,1,3050.86
873079,21:15:00,21:15:00,150214,,10,,,,,,1,3370.95
873079,21:15:00,21:15:00,150215,,11,,,,,,1,3544.86
873079,21:16:00,21:16:00,150216,,12,,,,,,1,3965.91
873079,21:17:00,21:17:00,150217,,13,,,,,,1,4254.98
873079,21:18:00,21:18:00,150218,,14,,,,,,1,4454.97
873079,21:20:00,21:20:00,150219,,15,,,,,,1,4732.77
873079,21:22:00,21:22:00,150220,,16,,,,,,1,4994.93
873079,21:23:00,21:23:00,150221,,17,,,,,,1,5414.71
873079,21:24:00,21:24:00,150222,,18,,,,,,1,5679.85
873079,21:25:00,21:25:00,150223,,19,,,,,,1,6005.52
873079,21:26:00,21:26:00,150224,,20,,,,,,1,6255
873079,21:26:00,21:26:00,150225,,21,,,,,,1,6504.36
873079,21:28:00,21:28:00,154629,,22,,,,,,1,6822.48
873079,21:29:00,21:29:00,159136,,23,,,,,,1,7265.18
873079,21:31:00,21:31:00,150187,,24,,,,,,1,7452.66
873079,21:32:00,21:32:00,150174,,25,,,,,,1,7798.48
873079,21:33:00,21:33:00,151888,,26,,,,,,1,8030.76
873079,21:34:00,21:34:00,150188,,27,,,,,,1,8255.03
873079,21:35:00,21:35:00,154271,,28,,,,,,1,8425.59
873080,21:40:00,21:40:00,154271,,1,,,,,,1,0
873080,21:41:00,21:41:00,150213,,2,,,,,,1,341.66
873080,21:43:00,21:43:00,150182,,3,,,,,,1,785.64
873080,21:45:00,21:45:00,150183,,4,,,,,,1,1193.51
873080,21:48:00,21:48:00,150156,,5,,,,,,1,1623.6
873080,21:50:00,21:50:00,150361,,6,,,,,,1,2061.35
873080,21:51:00,21:51:00,150362,,7,,,,,,1,2415.4
873080,21:53:00,21:53:00,150163,,8,,,,,,1,2632.86
873080,21:54:00,21:54:00,150164,,9,,,,,,1,3050.86
873080,21:55:00,21:55:00,150214,,10,,,,,,1,3370.95
873080,21:55:00,21:55:00,150215,,11,,,,,,1,3544.86
873080,21:56:00,21:56:00,150216,,12,,,,,,1,3965.91
873080,21:57:00,21:57:00,150217,,13,,,,,,1,4254.98
873080,21:58:00,21:58:00,150218,,14,,,,,,1,4454.97
873080,22:00:00,22:00:00,150219,,15,,,,,,1,4732.77
873080,22:02:00,22:02:00,150220,,16,,,,,,1,4994.93
873101,08:30:00,08:30:00,154271,,1,,,,,,1,0
873101,08:31:00,08:31:00,150213,,2,,,,,,1,341.66
873101,08:33:00,08:33:00,150182,,3,,,,,,1,785.64
873101,08:35:00,08:35:00,150183,,4,,,,,,1,1193.51
873101,08:38:00,08:38:00,150156,,5,,,,,,1,1623.6
873101,08:40:00,08:40:00,150361,,6,,,,,,1,2061.35
873101,08:41:00,08:41:00,150362,,7,,,,,,1,2415.4
873101,08:43:00,08:43:00,150163,,8,,,,,,1,2632.86
873101,08:44:00,08:44:00,150164,,9,,,,,,1,3050.86
873101,08:45:00,08:45:00,150214,,10,,,,,,1,3370.95
873101,08:45:00,08:45:00,150215,,11,,,,,,1,3544.86
873101,08:46:00,08:46:00,150216,,12,,,,,,1,3965.91
873101,08:47:00,08:47:00,150217,,13,,,,,,1,4254.98
873101,08:48:00,08:48:00,150218,,14,,,,,,1,4454.97
873101,08:50:00,08:50:00,150219,,15,,,,,,1,4732.77
873101,08:52:00,08:52:00,150220,,16,,,,,,1,4994.93
873101,08:53:00,08:53:00,150221,,17,,,,,,1,5414.71
873101,08:54:00,08:54:00,150222,,18,,,,,,1,5679.85
873101,08:55:00,08:55:00,150223,,19,,,,,,1,6005.52
873101,08:56:00,08:56:00,150224,,20,,,,,,1,6255
873101,08:56:00,08:56:00,150225,,21,,,,,,1,6504.36
873101,08:58:00,08:58:00,154629,,22,,,,,,1,6822.48
873101,08:59:00,08:59:00,159136,,23,,,,,,1,7265.18
873101,09:01:00,09:01:00,150187,,24,,,,,,1,7452.66
873101,09:02:00,09:02:00,150174,,25,,,,,,1,7798.48
873101,09:03:00,09:03:00,151888,,26,,,,,,1,8030.76
873101,09:04:00,09:04:00,150188,,27,,,,,,1,8255.03
873101,09:05:00,09:05:00,154271,,28,,,,,,1,8425.59
873102,09:10:00,09:10:00,154271,,1,,,,,,1,0
873102,09:11:00,09:11:00,150213,,2,,,,,,1,341.66
873102,09:13:00,09:13:00,150182,,3,,,,,,1,785.64
873102,09:15:00,09:15:00,150183,,4,,,,,,1,1193.51
873102,09:18:00,09:18:00,150156,,5,,,,,,1,1623.6
873102,09:20:00,09:20:00,150361,,6,,,,,,1,2061.35
873102,09:21:00,09:21:00,150362,,7,,,,,,1,2415.4
873102,09:23:00,09:23:00,150163,,8,,,,,,1,2632.86
873102,09:24:00,09:24:00,150164,,9,,,,,,1,3050.86
873102,09:25:00,09:25:00,150214,,10,,,,,,1,3370.95
873102,09:25:00,09:25:00,150215,,11,,,,,,1,3544.86
873102,09:26:00,09:26:00,150216,,12,,,,,,1,3965.91
873102,09:27:00,09:27:00,150217,,13,,,,,,1,4254.98
873102,09:28:00,09:28:00,150218,,14,,,,,,1,4454.97
873102,09:30:00,09:30:00,150219,,15,,,,,,1,4732.77
873102,09:32:00,09:32:00,150220,,16,,,,,,1,4994.93
873102,09:33:00,09:33:00,150221,,17,,,,,,1,5414.71
873102,09:34:00,09:34:00,150222,,18,,,,,,1,5679.85
873102,09:35:00,09:35:00,150223,,19,,,,,,1,6005.52
873102,09:36:00,09:36:00,150224,,20,,,,,,1,6255
873102,09:36:00,09:36:00,150225,,21,,,,,,1,6504.36
873102,09:38:00,09:38:00,154629,,22,,,,,,1,6822.48
873102,09:39:00,09:39:00,159136,,23,,,,,,1,7265.18
873102,09:41:00,09:41:00,150187,,24,,,,,,1,7452.66
873102,09:42:00,09:42:00,150174,,25,,,,,,1,7798.48
873102,09:43:00,09:43:00,151888,,26,,,,,,1,8030.76
873102,09:44:00,09:44:00,150188,,27,,,,,,1,8255.03
873102,09:45:00,09:45:00,154271,,28,,,,,,1,8425.59
873103,09:50:00,09:50:00,154271,,1,,,,,,1,0
873103,09:51:00,09:51:00,150213,,2,,,,,,1,341.66
873103,09:53:00,09:53:00,150182,,3,,,,,,1,785.64
873103,09:55:00,09:55:00,150183,,4,,,,,,1,1193.51
873103,09:58:00,09:58:00,150156,,5,,,,,,1,1623.6
873103,10:00:00,10:00:00,150361,,6,,,,,,1,2061.35
873103,10:01:00,10:01:00,150362,,7,,,,,,1,2415.4
873103,10:03:00,10:03:00,150163,,8,,,,,,1,2632.86
873103,10:04:00,10:04:00,150164,,9,,,,,,1,3050.86
873103,10:05:00,10:05:00,150214,,10,,,,,,1,3370.95
873103,10:05:00,10:05:00,150215,,11,,,,,,1,3544.86
873103,10:06:00,10:06:00,150216,,12,,,,,,1,3965.91
873103,10:07:00,10:07:00,150217,,13,,,,,,1,4254.98
873103,10:08:00,10:08:00,150218,,14,,,,,,1,4454.97
873103,10:10:00,10:10:00,150219,,15,,,,,,1,4732.77
873103,10:12:00,10:12:00,150220,,16,,,,,,1,4994.93
873103,10:13:00,10:13:00,150221,,17,,,,,,1,5414.71
873103,10:14:00,10:14:00,150222,,18,,,,,,1,5679.85
873103,10:15:00,10:15:00,150223,,19,,,,,,1,6005.52
873103,10:16:00,10:16:00,150224,,20,,,,,,1,6255
873103,10:16:00,10:16:00,150225,,21,,,,,,1,6504.36
873103,10:18:00,10:18:00,154629,,22,,,,,,1,6822.48
873103,10:19:00,10:19:00,159136,,23,,,,,,1,7265.18
873103,10:21:00,10:21:00,150187,,24,,,,,,1,7452.66
873103,10:22:00,10:22:00,150174,,25,,,,,,1,7798.48
873103,10:23:00,10:23:00,151888,,26,,,,,,1,8030.76
873103,10:24:00,10:24:00,150188,,27,,,,,,1,8255.03
873103,10:25:00,10:25:00,154271,,28,,,,,,1,8425.59
873104,10:30:00,10:30:00,154271,,1,,,,,,1,0
873104,10:31:00,10:31:00,150213,,2,,,,,,1,341.66
873104,10:33:00,10:33:00,150182,,3,,,,,,1,785.64
873104,10:35:00,10:35:00,150183,,4,,,,,,1,1193.51
873104,10:38:00,10:38:00,150156,,5,,,,,,1,1623.6
873104,10:40:00,10:40:00,150361,,6,,,,,,1,2061.35
873104,10:41:00,10:41:00,150362,,7,,,,,,1,2415.4
873104,10:43:00,10:43:00,150163,,8,,,,,,1,2632.86
873104,10:44:00,10:44:00,150164,,9,,,,,,1,3050.86
873104,10:45:00,10:45:00,150214,,10,,,,,,1,3370.95
873104,10:45:00,10:45:00,150215,,11,,,,,,1,3544.86
873104,10:46:00,10:46:00,150216,,12,,,,,,1,3965.91
873104,10:47:00,10:47:00,150217,,13,,,,,,1,4254.98
873104,10:48:00,10:48:00,150218,,14,,,,,,1,4454.97
873104,10:50:00,10:50:00,150219,,15,,,,,,1,4732.77
873104,10:52:00,10:52:00,150220,,16,,,,,,1,4994.93
873104,10:53:00,10:53:00,150221,,17,,,,,,1,5414.71
873104,10:54:00,10:54:00,150222,,18,,,,,,1,5679.85
873104,10:55:00,10:55:00,150223,,19,,,,,,1,6005.52
873104,10:56:00,10:56:00,150224,,20,,,,,,1,6255
873104,10:56:00,10:56:00,150225,,21,,,,,,1,6504.36
873104,10:58:00,10:58:00,154629,,22,,,,,,1,6822.48
873104,10:59:00,10:59:00,159136,,23,,,,,,1,7265.18
873104,11:01:00,11:01:00,150187,,24,,,,,,1,7452.66
873104,11:02:00,11:02:00,150174,,25,,,,,,1,7798.48
873104,11:03:00,11:03:00,151888,,26,,,,,,1,8030.76
873104,11:04:00,11:04:00,150188,,27,,,,,,1,8255.03
873104,11:05:00,11:05:00,154271,,28,,,,,,1,8425.59
873105,11:10:00,11:10:00,154271,,1,,,,,,1,0
873105,11:11:00,11:11:00,150213,,2,,,,,,1,341.66
873105,11:13:00,11:13:00,150182,,3,,,,,,1,785.64
873105,11:15:00,11:15:00,150183,,4,,,,,,1,1193.51
873105,11:18:00,11:18:00,150156,,5,,,,,,1,1623.6
873105,11:20:00,11:20:00,150361,,6,,,,,,1,2061.35
873105,11:21:00,11:21:00,150362,,7,,,,,,1,2415.4
873105,11:23:00,11:23:00,150163,,8,,,,,,1,2632.86
873105,11:24:00,11:24:00,150164,,9,,,,,,1,3050.86
873105,11:25:00,11:25:00,150214,,10,,,,,,1,3370.95
873105,11:25:00,11:25:00,150215,,11,,,,,,1,3544.86
873105,11:26:00,11:26:00,150216,,12,,,,,,1,3965.91
873105,11:27:00,11:27:00,150217,,13,,,,,,1,4254.98
873105,11:28:00,11:28:00,150218,,14,,,,,,1,4454.97
873105,11:30:00,11:30:00,150219,,15,,,,,,1,4732.77
873105,11:32:00,11:32:00,150220,,16,,,,,,1,4994.93
873105,11:33:00,11:33:00,150221,,17,,,,,,1,5414.71
873105,11:34:00,11:34:00,150222,,18,,,,,,1,5679.85
873105,11:35:00,11:35:00,150223,,19,,,,,,1,6005.52
873105,11:36:00,11:36:00,150224,,20,,,,,,1,6255
873105,11:36:00,11:36:00,150225,,21,,,,,,1,6504.36
873105,11:38:00,11:38:00,154629,,22,,,,,,1,6822.48
873105,11:39:00,11:39:00,159136,,23,,,,,,1,7265.18
873105,11:41:00,11:41:00,150187,,24,,,,,,1,7452.66
873105,11:42:00,11:42:00,150174,,25,,,,,,1,7798.48
873105,11:43:00,11:43:00,151888,,26,,,,,,1,8030.76
873105,11:44:00,11:44:00,150188,,27,,,,,,1,8255.03
873105,11:45:00,11:45:00,154271,,28,,,,,,1,8425.59
873106,11:50:00,11:50:00,154271,,1,,,,,,1,0
873106,11:51:00,11:51:00,150213,,2,,,,,,1,341.66
873106,11:53:00,11:53:00,150182,,3,,,,,,1,785.64
873106,11:55:00,11:55:00,150183,,4,,,,,,1,1193.51
873106,11:58:00,11:58:00,150156,,5,,,,,,1,1623.6
873106,12:00:00,12:00:00,150361,,6,,,,,,1,2061.35
873106,12:01:00,12:01:00,150362,,7,,,,,,1,2415.4
873106,12:03:00,12:03:00,150163,,8,,,,,,1,2632.86
873106,12:04:00,12:04:00,150164,,9,,,,,,1,3050.86
873106,12:05:00,12:05:00,150214,,10,,,,,,1,3370.95
873106,12:05:00,12:05:00,150215,,11,,,,,,1,3544.86
873106,12:06:00,12:06:00,150216,,12,,,,,,1,3965.91
873106,12:07:00,12:07:00,150217,,13,,,,,,1,4254.98
873106,12:08:00,12:08:00,150218,,14,,,,,,1,4454.97
873106,12:10:00,12:10:00,150219,,15,,,,,,1,4732.77
873106,12:12:00,12:12:00,150220,,16,,,,,,1,4994.93
873106,12:13:00,12:13:00,150221,,17,,,,,,1,5414.71
873106,12:14:00,12:14:00,150222,,18,,,,,,1,5679.85
873106,12:15:00,12:15:00,150223,,19,,,,,,1,6005.52
873106,12:16:00,12:16:00,150224,,20,,,,,,1,6255
873106,12:16:00,12:16:00,150225,,21,,,,,,1,6504.36
873106,12:18:00,12:18:00,154629,,22,,,,,,1,6822.48
873106,12:19:00,12:19:00,159136,,23,,,,,,1,7265.18
873106,12:21:00,12:21:00,150187,,24,,,,,,1,7452.66
873106,12:22:00,12:22:00,150174,,25,,,,,,1,7798.48
873106,12:23:00,12:23:00,151888,,26,,,,,,1,8030.76
873106,12:24:00,12:24:00,150188,,27,,,,,,1,8255.03
873106,12:25:00,12:25:00,154271,,28,,,,,,1,8425.59
873107,12:30:00,12:30:00,154271,,1,,,,,,1,0
873107,12:31:00,12:31:00,150213,,2,,,,,,1,341.66
873107,12:33:00,12:33:00,150182,,3,,,,,,1,785.64
873107,12:35:00,12:35:00,150183,,4,,,,,,1,1193.51
873107,12:38:00,12:38:00,150156,,5,,,,,,1,1623.6
873107,12:40:00,12:40:00,150361,,6,,,,,,1,2061.35
873107,12:41:00,12:41:00,150362,,7,,,,,,1,2415.4
873107,12:43:00,12:43:00,150163,,8,,,,,,1,2632.86
873107,12:44:00,12:44:00,150164,,9,,,,,,1,3050.86
873107,12:45:00,12:45:00,150214,,10,,,,,,1,3370.95
873107,12:45:00,12:45:00,150215,,11,,,,,,1,3544.86
873107,12:46:00,12:46:00,150216,,12,,,,,,1,3965.91
873107,12:47:00,12:47:00,150217,,13,,,,,,1,4254.98
873107,12:48:00,12:48:00,150218,,14,,,,,,1,4454.97
873107,12:50:00,12:50:00,150219,,15,,,,,,1,4732.77
873107,12:52:00,12:52:00,150220,,16,,,,,,1,4994.93
873107,12:53:00,12:53:00,150221,,17,,,,,,1,5414.71
873107,12:54:00,12:54:00,150222,,18,,,,,,1,5679.85
873107,12:55:00,12:55:00,150223,,19,,,,,,1,6005.52
873107,12:56:00,12:56:00,150224,,20,,,,,,1,6255
873107,12:56:00,12:56:00,150225,,21,,,,,,1,6504.36
873107,12:58:00,12:58:00,154629,,22,,,,,,1,6822.48
873107,12:59:00,12:59:00,159136,,23,,,,,,1,7265.18
873107,13:01:00,13:01:00,150187,,24,,,,,,1,7452.66
873107,13:02:00,13:02:00,150174,,25,,,,,,1,7798.48
873107,13:03:00,13:03:00,151888,,26,,,,,,1,8030.76
873107,13:04:00,13:04:00,150188,,27,,,,,,1,8255.03
873107,13:05:00,13:05:00,154271,,28,,,,,,1,8425.59
873108,13:10:00,13:10:00,154271,,1,,,,,,1,0
873108,13:11:00,13:11:00,150213,,2,,,,,,1,341.66
873108,13:13:00,13:13:00,150182,,3,,,,,,1,785.64
873108,13:15:00,13:15:00,150183,,4,,,,,,1,1193.51
873108,13:18:00,13:18:00,150156,,5,,,,,,1,1623.6
873108,13:20:00,13:20:00,150361,,6,,,,,,1,2061.35
873108,13:21:00,13:21:00,150362,,7,,,,,,1,2415.4
873108,13:23:00,13:23:00,150163,,8,,,,,,1,2632.86
873108,13:24:00,13:24:00,150164,,9,,,,,,1,3050.86
873108,13:25:00,13:25:00,150214,,10,,,,,,1,3370.95
873108,13:25:00,13:25:00,150215,,11,,,,,,1,3544.86
873108,13:26:00,13:26:00,150216,,12,,,,,,1,3965.91
873108,13:27:00,13:27:00,150217,,13,,,,,,1,4254.98
873108,13:28:00,13:28:00,150218,,14,,,,,,1,4454.97
873108,13:30:00,13:30:00,150219,,15,,,,,,1,4732.77
873108,13:32:00,13:32:00,150220,,16,,,,,,1,4994.93
873108,13:33:00,13:33:00,150221,,17,,,,,,1,5414.71
873108,13:34:00,13:34:00,150222,,18,,,,,,1,5679.85
873108,13:35:00,13:35:00,150223,,19,,,,,,1,6005.52
873108,13:36:00,13:36:00,150224,,20,,,,,,1,6255
873108,13:36:00,13:36:00,150225,,21,,,,,,1,6504.36
873108,13:38:00,13:38:00,154629,,22,,,,,,1,6822.48
873108,13:39:00,13:39:00,159136,,23,,,,,,1,7265.18
873108,13:41:00,13:41:00,150187,,24,,,,,,1,7452.66
873108,13:42:00,13:42:00,150174,,25,,,,,,1,7798.48
873108,13:43:00,13:43:00,151888,,26,,,,,,1,8030.76
873108,13:44:00,13:44:00,150188,,27,,,,,,1,8255.03
873108,13:45:00,13:45:00,154271,,28,,,,,,1,8425.59
873109,13:50:00,13:50:00,154271,,1,,,,,,1,0
873109,13:51:00,13:51:00,150213,,2,,,,,,1,341.66
873109,13:53:00,13:53:00,150182,,3,,,,,,1,785.64
873109,13:55:00,13:55:00,150183,,4,,,,,,1,1193.51
873109,13:58:00,13:58:00,150156,,5,,,,,,1,1623.6
873109,14:00:00,14:00:00,150361,,6,,,,,,1,2061.35
873109,14:01:00,14:01:00,150362,,7,,,,,,1,2415.4
873109,14:03:00,14:03:00,150163,,8,,,,,,1,2632.86
873109,14:04:00,14:04:00,150164,,9,,,,,,1,3050.86
873109,14:05:00,14:05:00,150214,,10,,,,,,1,3370.95
873109,14:05:00,14:05:00,150215,,11,,,,,,1,3544.86
873109,14:06:00,14:06:00,150216,,12,,,,,,1,3965.91
873109,14:07:00,14:07:00,150217,,13,,,,,,1,4254.98
873109,14:08:00,14:08:00,150218,,14,,,,,,1,4454.97
873109,14:10:00,14:10:00,150219,,15,,,,,,1,4732.77
873109,14:12:00,14:12:00,150220,,16,,,,,,1,4994.93
873109,14:13:00,14:13:00,150221,,17,,,,,,1,5414.71
873109,14:14:00,14:14:00,150222,,18,,,,,,1,5679.85
873109,14:15:00,14:15:00,150223,,19,,,,,,1,6005.52
873109,14:16:00,14:16:00,150224,,20,,,,,,1,6255
873109,14:16:00,14:16:00,150225,,21,,,,,,1,6504.36
873109,14:18:00,14:18:00,154629,,22,,,,,,1,6822.48
873109,14:19:00,14:19:00,159136,,23,,,,,,1,7265.18
873109,14:21:00,14:21:00,150187,,24,,,,,,1,7452.66
873109,14:22:00,14:22:00,150174,,25,,,,,,1,7798.48
873109,14:23:00,14:23:00,151888,,26,,,,,,1,8030.76
873109,14:24:00,14:24:00,150188,,27,,,,,,1,8255.03
873109,14:25:00,14:25:00,154271,,28,,,,,,1,8425.59
873110,14:30:00,14:30:00,154271,,1,,,,,,1,0
873110,14:31:00,14:31:00,150213,,2,,,,,,1,341.66
873110,14:33:00,14:33:00,150182,,3,,,,,,1,785.64
873110,14:35:00,14:35:00,150183,,4,,,,,,1,1193.51
873110,14:38:00,14:38:00,150156,,5,,,,,,1,1623.6
873110,14:40:00,14:40:00,150361,,6,,,,,,1,2061.35
873110,14:41:00,14:41:00,150362,,7,,,,,,1,2415.4
873110,14:43:00,14:43:00,150163,,8,,,,,,1,2632.86
873110,14:44:00,14:44:00,150164,,9,,,,,,1,3050.86
873110,14:45:00,14:45:00,150214,,10,,,,,,1,3370.95
873110,14:45:00,14:45:00,150215,,11,,,,,,1,3544.86
873110,14:46:00,14:46:00,150216,,12,,,,,,1,3965.91
873110,14:47:00,14:47:00,150217,,13,,,,,,1,4254.98
873110,14:48:00,14:48:00,150218,,14,,,,,,1,4454.97
873110,14:50:00,14:50:00,150219,,15,,,,,,1,4732.77
873110,14:52:00,14:52:00,150220,,16,,,,,,1,4994.93
873110,14:53:00,14:53:00,150221,,17,,,,,,1,5414.71
873110,14:54:00,14:54:00,150222,,18,,,,,,1,5679.85
873110,14:55:00,14:55:00,150223,,19,,,,,,1,6005.52
873110,14:56:00,14:56:00,150224,,20,,,,,,1,6255
873110,14:56:00,14:56:00,150225,,21,,,,,,1,6504.36
873110,14:58:00,14:58:00,154629,,22,,,,,,1,6822.48
873110,14:59:00,14:59:00,159136,,23,,,,,,1,7265.18
873110,15:01:00,15:01:00,150187,,24,,,,,,1,7452.66
873110,15:02:00,15:02:00,150174,,25,,,,,,1,7798.48
873110,15:03:00,15:03:00,151888,,26,,,,,,1,8030.76
873110,15:04:00,15:04:00,150188,,27,,,,,,1,8255.03
873110,15:05:00,15:05:00,154271,,28,,,,,,1,8425.59
873111,15:10:00,15:10:00,154271,,1,,,,,,1,0
873111,15:11:00,15:11:00,150213,,2,,,,,,1,341.66
873111,15:13:00,15:13:00,150182,,3,,,,,,1,785.64
873111,15:15:00,15:15:00,150183,,4,,,,,,1,1193.51
873111,15:18:00,15:18:00,150156,,5,,,,,,1,1623.6
873111,15:20:00,15:20:00,150361,,6,,,,,,1,2061.35
873111,15:21:00,15:21:00,150362,,7,,,,,,1,2415.4
873111,15:23:00,15:23:00,150163,,8,,,,,,1,2632.86
873111,15:24:00,15:24:00,150164,,9,,,,,,1,3050.86
873111,15:25:00,15:25:00,150214,,10,,,,,,1,3370.95
873111,15:25:00,15:25:00,150215,,11,,,,,,1,3544.86
873111,15:26:00,15:26:00,150216,,12,,,,,,1,3965.91
873111,15:27:00,15:27:00,150217,,13,,,,,,1,4254.98
873111,15:28:00,15:28:00,150218,,14,,,,,,1,4454.97
873111,15:30:00,15:30:00,150219,,15,,,,,,1,4732.77
873111,15:32:00,15:32:00,150220,,16,,,,,,1,4994.93
873111,15:33:00,15:33:00,150221,,17,,,,,,1,5414.71
873111,15:34:00,15:34:00,150222,,18,,,,,,1,5679.85
873111,15:35:00,15:35:00,150223,,19,,,,,,1,6005.52
873111,15:36:00,15:36:00,150224,,20,,,,,,1,6255
873111,15:36:00,15:36:00,150225,,21,,,,,,1,6504.36
873111,15:38:00,15:38:00,154629,,22,,,,,,1,6822.48
873111,15:39:00,15:39:00,159136,,23,,,,,,1,7265.18
873111,15:41:00,15:41:00,150187,,24,,,,,,1,7452.66
873111,15:42:00,15:42:00,150174,,25,,,,,,1,7798.48
873111,15:43:00,15:43:00,151888,,26,,,,,,1,8030.76
873111,15:44:00,15:44:00,150188,,27,,,,,,1,8255.03
873111,15:45:00,15:45:00,154271,,28,,,,,,1,8425.59
873112,15:50:00,15:50:00,154271,,1,,,,,,1,0
873112,15:51:00,15:51:00,150213,,2,,,,,,1,341.66
873112,15:53:00,15:53:00,150182,,3,,,,,,1,785.64
873112,15:55:00,15:55:00,150183,,4,,,,,,1,1193.51
873112,15:58:00,15:58:00,150156,,5,,,,,,1,1623.6
873112,16:00:00,16:00:00,150361,,6,,,,,,1,2061.35
873112,16:01:00,16:01:00,150362,,7,,,,,,1,2415.4
873112,16:03:00,16:03:00,150163,,8,,,,,,1,2632.86
873112,16:04:00,16:04:00,150164,,9,,,,,,1,3050.86
873112,16:05:00,16:05:00,150214,,10,,,,,,1,3370.95
873112,16:05:00,16:05:00,150215,,11,,,,,,1,3544.86
873112,16:06:00,16:06:00,150216,,12,,,,,,1,3965.91
873112,16:07:00,16:07:00,150217,,13,,,,,,1,4254.98
873112,16:08:00,16:08:00,150218,,14,,,,,,1,4454.97
873112,16:10:00,16:10:00,150219,,15,,,,,,1,4732.77
873112,16:12:00,16:12:00,150220,,16,,,,,,1,4994.93
873112,16:13:00,16:13:00,150221,,17,,,,,,1,5414.71
873112,16:14:00,16:14:00,150222,,18,,,,,,1,5679.85
873112,16:15:00,16:15:00,150223,,19,,,,,,1,6005.52
873112,16:16:00,16:16:00,150224,,20,,,,,,1,6255
873112,16:16:00,16:16:00,150225,,21,,,,,,1,6504.36
873112,16:18:00,16:18:00,154629,,22,,,,,,1,6822.48
873112,16:19:00,16:19:00,159136,,23,,,,,,1,7265.18
873112,16:21:00,16:21:00,150187,,24,,,,,,1,7452.66
873112,16:22:00,16:22:00,150174,,25,,,,,,1,7798.48
873112,16:23:00,16:23:00,151888,,26,,,,,,1,8030.76
873112,16:24:00,16:24:00,150188,,27,,,,,,1,8255.03
873112,16:25:00,16:25:00,154271,,28,,,,,,1,8425.59
873113,16:30:00,16:30:00,154271,,1,,,,,,1,0
873113,16:31:00,16:31:00,150213,,2,,,,,,1,341.66
873113,16:33:00,16:33:00,150182,,3,,,,,,1,785.64
873113,16:35:00,16:35:00,150183,,4,,,,,,1,1193.51
873113,16:38:00,16:38:00,150156,,5,,,,,,1,1623.6
873113,16:40:00,16:40:00,150361,,6,,,,,,1,2061.35
873113,16:41:00,16:41:00,150362,,7,,,,,,1,2415.4
873113,16:43:00,16:43:00,150163,,8,,,,,,1,2632.86
873113,16:44:00,16:44:00,150164,,9,,,,,,1,3050.86
873113,16:45:00,16:45:00,150214,,10,,,,,,1,3370.95
873113,16:45:00,16:45:00,150215,,11,,,,,,1,3544.86
873113,16:46:00,16:46:00,150216,,12,,,,,,1,3965.91
873113,16:47:00,16:47:00,150217,,13,,,,,,1,4254.98
873113,16:48:00,16:48:00,150218,,14,,,,,,1,4454.97
873113,16:50:00,16:50:00,150219,,15,,,,,,1,4732.77
873113,16:52:00,16:52:00,150220,,16,,,,,,1,4994.93
873113,16:53:00,16:53:00,150221,,17,,,,,,1,5414.71
873113,16:54:00,16:54:00,150222,,18,,,,,,1,5679.85
873113,16:55:00,16:55:00,150223,,19,,,,,,1,6005.52
873113,16:56:00,16:56:00,150224,,20,,,,,,1,6255
873113,16:56:00,16:56:00,150225,,21,,,,,,1,6504.36
873113,16:58:00,16:58:00,154629,,22,,,,,,1,6822.48
873113,16:59:00,16:59:00,159136,,23,,,,,,1,7265.18
873113,17:01:00,17:01:00,150187,,24,,,,,,1,7452.66
873113,17:02:00,17:02:00,150174,,25,,,,,,1,7798.48
873113,17:03:00,17:03:00,151888,,26,,,,,,1,8030.76
873113,17:04:00,17:04:00,150188,,27,,,,,,1,8255.03
873113,17:05:00,17:05:00,154271,,28,,,,,,1,8425.59
873114,17:10:00,17:10:00,154271,,1,,,,,,1,0
873114,17:11:00,17:11:00,150213,,2,,,,,,1,341.66
873114,17:13:00,17:13:00,150182,,3,,,,,,1,785.64
873114,17:15:00,17:15:00,150183,,4,,,,,,1,1193.51
873114,17:18:00,17:18:00,150156,,5,,,,,,1,1623.6
873114,17:20:00,17:20:00,150361,,6,,,,,,1,2061.35
873114,17:21:00,17:21:00,150362,,7,,,,,,1,2415.4
873114,17:23:00,17:23:00,150163,,8,,,,,,1,2632.86
873114,17:24:00,17:24:00,150164,,9,,,,,,1,3050.86
873114,17:25:00,17:25:00,150214,,10,,,,,,1,3370.95
873114,17:25:00,17:25:00,150215,,11,,,,,,1,3544.86
873114,17:26:00,17:26:00,150216,,12,,,,,,1,3965.91
873114,17:27:00,17:27:00,150217,,13,,,,,,1,4254.98
873114,17:28:00,17:28:00,150218,,14,,,,,,1,4454.97
873114,17:30:00,17:30:00,150219,,15,,,,,,1,4732.77
873114,17:32:00,17:32:00,150220,,16,,,,,,1,4994.93
873114,17:33:00,17:33:00,150221,,17,,,,,,1,5414.71
873114,17:34:00,17:34:00,150222,,18,,,,,,1,5679.85
873114,17:35:00,17:35:00,150223,,19,,,,,,1,6005.52
873114,17:36:00,17:36:00,150224,,20,,,,,,1,6255
873114,17:36:00,17:36:00,150225,,21,,,,,,1,6504.36
873114,17:38:00,17:38:00,154629,,22,,,,,,1,6822.48
873114,17:39:00,17:39:00,159136,,23,,,,,,1,7265.18
873114,17:41:00,17:41:00,150187,,24,,,,,,1,7452.66
873114,17:42:00,17:42:00,150174,,25,,,,,,1,7798.48
873114,17:43:00,17:43:00,151888,,26,,,,,,1,8030.76
873114,17:44:00,17:44:00,150188,,27,,,,,,1,8255.03
873114,17:45:00,17:45:00,154271,,28,,,,,,1,8425.59
873115,17:50:00,17:50:00,154271,,1,,,,,,1,0
873115,17:51:00,17:51:00,150213,,2,,,,,,1,341.66
873115,17:53:00,17:53:00,150182,,3,,,,,,1,785.64
873115,17:55:00,17:55:00,150183,,4,,,,,,1,1193.51
873115,17:58:00,17:58:00,150156,,5,,,,,,1,1623.6
873115,18:00:00,18:00:00,150361,,6,,,,,,1,2061.35
873115,18:01:00,18:01:00,150362,,7,,,,,,1,2415.4
873115,18:03:00,18:03:00,150163,,8,,,,,,1,2632.86
873115,18:04:00,18:04:00,150164,,9,,,,,,1,3050.86
873115,18:05:00,18:05:00,150214,,10,,,,,,1,3370.95
873115,18:05:00,18:05:00,150215,,11,,,,,,1,3544.86
873115,18:06:00,18:06:00,150216,,12,,,,,,1,3965.91
873115,18:07:00,18:07:00,150217,,13,,,,,,1,4254.98
873115,18:08:00,18:08:00,150218,,14,,,,,,1,4454.97
873115,18:10:00,18:10:00,150219,,15,,,,,,1,4732.77
873115,18:12:00,18:12:00,150220,,16,,,,,,1,4994.93
873115,18:13:00,18:13:00,150221,,17,,,,,,1,5414.71
873115,18:14:00,18:14:00,150222,,18,,,,,,1,5679.85
873115,18:15:00,18:15:00,150223,,19,,,,,,1,6005.52
873115,18:16:00,18:16:00,150224,,20,,,,,,1,6255
873115,18:16:00,18:16:00,150225,,21,,,,,,1,6504.36
873115,18:18:00,18:18:00,154629,,22,,,,,,1,6822.48
873115,18:19:00,18:19:00,159136,,23,,,,,,1,7265.18
873115,18:21:00,18:21:00,150187,,24,,,,,,1,7452.66
873115,18:22:00,18:22:00,150174,,25,,,,,,1,7798.48
873115,18:23:00,18:23:00,151888,,26,,,,,,1,8030.76
873115,18:24:00,18:24:00,150188,,27,,,,,,1,8255.03
873115,18:25:00,18:25:00,154271,,28,,,,,,1,8425.59
873116,18:30:00,18:30:00,154271,,1,,,,,,1,0
873116,18:31:00,18:31:00,150213,,2,,,,,,1,341.66
873116,18:33:00,18:33:00,150182,,3,,,,,,1,785.64
873116,18:35:00,18:35:00,150183,,4,,,,,,1,1193.51
873116,18:38:00,18:38:00,150156,,5,,,,,,1,1623.6
873116,18:40:00,18:40:00,150361,,6,,,,,,1,2061.35
873116,18:41:00,18:41:00,150362,,7,,,,,,1,2415.4
873116,18:43:00,18:43:00,150163,,8,,,,,,1,2632.86
873116,18:44:00,18:44:00,150164,,9,,,,,,1,3050.86
873116,18:45:00,18:45:00,150214,,10,,,,,,1,3370.95
873116,18:45:00,18:45:00,150215,,11,,,,,,1,3544.86
873116,18:46:00,18:46:00,150216,,12,,,,,,1,3965.91
873116,18:47:00,18:47:00,150217,,13,,,,,,1,4254.98
873116,18:48:00,18:48:00,150218,,14,,,,,,1,4454.97
873116,18:50:00,18:50:00,150219,,15,,,,,,1,4732.77
873116,18:52:00,18:52:00,150220,,16,,,,,,1,4994.93
873116,18:53:00,18:53:00,150221,,17,,,,,,1,5414.71
873116,18:54:00,18:54:00,150222,,18,,,,,,1,5679.85
873116,18:55:00,18:55:00,150223,,19,,,,,,1,6005.52
873116,18:56:00,18:56:00,150224,,20,,,,,,1,6255
873116,18:56:00,18:56:00,150225,,21,,,,,,1,6504.36
873116,18:58:00,18:58:00,154629,,22,,,,,,1,6822.48
873116,18:59:00,18:59:00,159136,,23,,,,,,1,7265.18
873116,19:01:00,19:01:00,150187,,24,,,,,,1,7452.66
873116,19:02:00,19:02:00,150174,,25,,,,,,1,7798.48
873116,19:03:00,19:03:00,151888,,26,,,,,,1,8030.76
873116,19:04:00,19:04:00,150188,,27,,,,,,1,8255.03
873116,19:05:00,19:05:00,154271,,28,,,,,,1,8425.59
873117,19:10:00,19:10:00,154271,,1,,,,,,1,0
873117,19:11:00,19:11:00,150213,,2,,,,,,1,341.66
873117,19:13:00,19:13:00,150182,,3,,,,,,1,785.64
873117,19:15:00,19:15:00,150183,,4,,,,,,1,1193.51
873117,19:18:00,19:18:00,150156,,5,,,,,,1,1623.6
873117,19:20:00,19:20:00,150361,,6,,,,,,1,2061.35
873117,19:21:00,19:21:00,150362,,7,,,,,,1,2415.4
873117,19:23:00,19:23:00,150163,,8,,,,,,1,2632.86
873117,19:24:00,19:24:00,150164,,9,,,,,,1,3050.86
873117,19:25:00,19:25:00,150214,,10,,,,,,1,3370.95
873117,19:25:00,19:25:00,150215,,11,,,,,,1,3544.86
873117,19:26:00,19:26:00,150216,,12,,,,,,1,3965.91
873117,19:27:00,19:27:00,150217,,13,,,,,,1,4254.98
873117,19:28:00,19:28:00,150218,,14,,,,,,1,4454.97
873117,19:30:00,19:30:00,150219,,15,,,,,,1,4732.77
873117,19:32:00,19:32:00,150220,,16,,,,,,1,4994.93
873117,19:33:00,19:33:00,150221,,17,,,,,,1,5414.71
873117,19:34:00,19:34:00,150222,,18,,,,,,1,5679.85
873117,19:35:00,19:35:00,150223,,19,,,,,,1,6005.52
873117,19:36:00,19:36:00,150224,,20,,,,,,1,6255
873117,19:36:00,19:36:00,150225,,21,,,,,,1,6504.36
873117,19:38:00,19:38:00,154629,,22,,,,,,1,6822.48
873117,19:39:00,19:39:00,159136,,23,,,,,,1,7265.18
873117,19:41:00,19:41:00,150187,,24,,,,,,1,7452.66
873117,19:42:00,19:42:00,150174,,25,,,,,,1,7798.48
873117,19:43:00,19:43:00,151888,,26,,,,,,1,8030.76
873117,19:44:00,19:44:00,150188,,27,,,,,,1,8255.03
873117,19:45:00,19:45:00,154271,,28,,,,,,1,8425.59
873118,19:50:00,19:50:00,154271,,1,,,,,,1,0
873118,19:51:00,19:51:00,150213,,2,,,,,,1,341.66
873118,19:53:00,19:53:00,150182,,3,,,,,,1,785.64
873118,19:55:00,19:55:00,150183,,4,,,,,,1,1193.51
873118,19:58:00,19:58:00,150156,,5,,,,,,1,1623.6
873118,20:00:00,20:00:00,150361,,6,,,,,,1,2061.35
873118,20:01:00,20:01:00,150362,,7,,,,,,1,2415.4
873118,20:03:00,20:03:00,150163,,8,,,,,,1,2632.86
873118,20:04:00,20:04:00,150164,,9,,,,,,1,3050.86
873118,20:05:00,20:05:00,150214,,10,,,,,,1,3370.95
873118,20:05:00,20:05:00,150215,,11,,,,,,1,3544.86
873118,20:06:00,20:06:00,150216,,12,,,,,,1,3965.91
873118,20:07:00,20:07:00,150217,,13,,,,,,1,4254.98
873118,20:08:00,20:08:00,150218,,14,,,,,,1,4454.97
873118,20:10:00,20:10:00,150219,,15,,,,,,1,4732.77
873118,20:12:00,20:12:00,150220,,16,,,,,,1,4994.93
873118,20:13:00,20:13:00,150221,,17,,,,,,1,5414.71
873118,20:14:00,20:14:00,150222,,18,,,,,,1,5679.85
873118,20:15:00,20:15:00,150223,,19,,,,,,1,6005.52
873118,20:16:00,20:16:00,150224,,20,,,,,,1,6255
873118,20:16:00,20:16:00,150225,,21,,,,,,1,6504.36
873118,20:18:00,20:18:00,154629,,22,,,,,,1,6822.48
873118,20:19:00,20:19:00,159136,,23,,,,,,1,7265.18
873118,20:21:00,20:21:00,150187,,24,,,,,,1,7452.66
873118,20:22:00,20:22:00,150174,,25,,,,,,1,7798.48
873118,20:23:00,20:23:00,151888,,26,,,,,,1,8030.76
873118,20:24:00,20:24:00,150188,,27,,,,,,1,8255.03
873118,20:25:00,20:25:00,154271,,28,,,,,,1,8425.59
873119,20:30:00,20:30:00,154271,,1,,,,,,1,0
873119,20:31:00,20:31:00,150213,,2,,,,,,1,341.66
873119,20:33:00,20:33:00,150182,,3,,,,,,1,785.64
873119,20:35:00,20:35:00,150183,,4,,,,,,1,1193.51
873119,20:38:00,20:38:00,150156,,5,,,,,,1,1623.6
873119,20:40:00,20:40:00,150361,,6,,,,,,1,2061.35
873119,20:41:00,20:41:00,150362,,7,,,,,,1,2415.4
873119,20:43:00,20:43:00,150163,,8,,,,,,1,2632.86
873119,20:44:00,20:44:00,150164,,9,,,,,,1,3050.86
873119,20:45:00,20:45:00,150214,,10,,,,,,1,3370.95
873119,20:45:00,20:45:00,150215,,11,,,,,,1,3544.86
873119,20:46:00,20:46:00,150216,,12,,,,,,1,3965.91
873119,20:47:00,20:47:00,150217,,13,,,,,,1,4254.98
873119,20:48:00,20:48:00,150218,,14,,,,,,1,4454.97
873119,20:50:00,20:50:00,150219,,15,,,,,,1,4732.77
873119,20:52:00,20:52:00,150220,,16,,,,,,1,4994.93
873119,20:53:00,20:53:00,150221,,17,,,,,,1,5414.71
873119,20:54:00,20:54:00,150222,,18,,,,,,1,5679.85
873119,20:55:00,20:55:00,150223,,19,,,,,,1,6005.52
873119,20:56:00,20:56:00,150224,,20,,,,,,1,6255
873119,20:56:00,20:56:00,150225,,21,,,,,,1,6504.36
873119,20:58:00,20:58:00,154629,,22,,,,,,1,6822.48
873119,20:59:00,20:59:00,159136,,23,,,,,,1,7265.18
873119,21:01:00,21:01:00,150187,,24,,,,,,1,7452.66
873119,21:02:00,21:02:00,150174,,25,,,,,,1,7798.48
873119,21:03:00,21:03:00,151888,,26,,,,,,1,8030.76
873119,21:04:00,21:04:00,150188,,27,,,,,,1,8255.03
873119,21:05:00,21:05:00,154271,,28,,,,,,1,8425.59
873120,21:10:00,21:10:00,154271,,1,,,,,,1,0
873120,21:11:00,21:11:00,150213,,2,,,,,,1,341.66
873120,21:13:00,21:13:00,150182,,3,,,,,,1,785.64
873120,21:15:00,21:15:00,150183,,4,,,,,,1,1193.51
873120,21:18:00,21:18:00,150156,,5,,,,,,1,1623.6
873120,21:20:00,21:20:00,150361,,6,,,,,,1,2061.35
873120,21:21:00,21:21:00,150362,,7,,,,,,1,2415.4
873120,21:23:00,21:23:00,150163,,8,,,,,,1,2632.86
873120,21:24:00,21:24:00,150164,,9,,,,,,1,3050.86
873120,21:25:00,21:25:00,150214,,10,,,,,,1,3370.95
873120,21:25:00,21:25:00,150215,,11,,,,,,1,3544.86
873120,21:26:00,21:26:00,150216,,12,,,,,,1,3965.91
873120,21:27:00,21:27:00,150217,,13,,,,,,1,4254.98
873120,21:28:00,21:28:00,150218,,14,,,,,,1,4454.97
873120,21:30:00,21:30:00,150219,,15,,,,,,1,4732.77
873120,21:32:00,21:32:00,150220,,16,,,,,,1,4994.93
873120,21:33:00,21:33:00,150221,,17,,,,,,1,5414.71
873120,21:34:00,21:34:00,150222,,18,,,,,,1,5679.85
873120,21:35:00,21:35:00,150223,,19,,,,,,1,6005.52
873120,21:36:00,21:36:00,150224,,20,,,,,,1,6255
873120,21:36:00,21:36:00,150225,,21,,,,,,1,6504.36
873120,21:38:00,21:38:00,154629,,22,,,,,,1,6822.48
873120,21:39:00,21:39:00,159136,,23,,,,,,1,7265.18
873120,21:41:00,21:41:00,150187,,24,,,,,,1,7452.66
873120,21:42:00,21:42:00,150174,,25,,,,,,1,7798.48
873120,21:43:00,21:43:00,151888,,26,,,,,,1,8030.76
873120,21:44:00,21:44:00,150188,,27,,,,,,1,8255.03
873120,21:45:00,21:45:00,154271,,28,,,,,,1,8425.59
873121,21:50:00,21:50:00,154271,,1,,,,,,1,0
873121,21:51:00,21:51:00,150213,,2,,,,,,1,341.66
873121,21:53:00,21:53:00,150182,,3,,,,,,1,785.64
873121,21:55:00,21:55:00,150183,,4,,,,,,1,1193.51
873121,21:58:00,21:58:00,150156,,5,,,,,,1,1623.6
873121,22:00:00,22:00:00,150361,,6,,,,,,1,2061.35
873121,22:01:00,22:01:00,150362,,7,,,,,,1,2415.4
873121,22:03:00,22:03:00,150163,,8,,,,,,1,2632.86
873121,22:04:00,22:04:00,150164,,9,,,,,,1,3050.86
873121,22:05:00,22:05:00,150214,,10,,,,,,1,3370.95
873121,22:05:00,22:05:00,150215,,11,,,,,,1,3544.86
873121,22:06:00,22:06:00,150216,,12,,,,,,1,3965.91
873121,22:07:00,22:07:00,150217,,13,,,,,,1,4254.98
873121,22:08:00,22:08:00,150218,,14,,,,,,1,4454.97
873121,22:10:00,22:10:00,150219,,15,,,,,,1,4732.77
873121,22:12:00,22:12:00,150220,,16,,,,,,1,4994.93
873144,07:02:00,07:02:00,150220,,1,,,,,,1,0
873144,07:03:00,07:03:00,150221,,2,,,,,,1,419.78
873144,07:04:00,07:04:00,150222,,3,,,,,,1,684.91
873144,07:05:00,07:05:00,150223,,4,,,,,,1,1010.59
873144,07:06:00,07:06:00,150224,,5,,,,,,1,1260.07
873144,07:06:00,07:06:00,150225,,6,,,,,,1,1509.43
873144,07:08:00,07:08:00,154629,,7,,,,,,1,1827.55
873144,07:09:00,07:09:00,159136,,8,,,,,,1,2270.25
873144,07:11:00,07:11:00,150187,,9,,,,,,1,2457.73
873144,07:12:00,07:12:00,150174,,10,,,,,,1,2803.55
873144,07:13:00,07:13:00,151888,,11,,,,,,1,3035.82
873144,07:14:00,07:14:00,150188,,12,,,,,,1,3260.1
873144,07:15:00,07:15:00,154271,,13,,,,,,1,3430.66
873145,07:20:00,07:20:00,154271,,1,,,,,,1,0
873145,07:21:00,07:21:00,150213,,2,,,,,,1,341.66
873145,07:23:00,07:23:00,150182,,3,,,,,,1,785.64
873145,07:25:00,07:25:00,150183,,4,,,,,,1,1193.51
873145,07:28:00,07:28:00,150156,,5,,,,,,1,1623.6
873145,07:30:00,07:30:00,150361,,6,,,,,,1,2061.35
873145,07:31:00,07:31:00,150362,,7,,,,,,1,2415.4
873145,07:33:00,07:33:00,150163,,8,,,,,,1,2632.86
873145,07:34:00,07:34:00,150164,,9,,,,,,1,3050.86
873145,07:35:00,07:35:00,150214,,10,,,,,,1,3370.95
873145,07:35:00,07:35:00,150215,,11,,,,,,1,3544.86
873145,07:36:00,07:36:00,150216,,12,,,,,,1,3965.91
873145,07:37:00,07:37:00,150217,,13,,,,,,1,4254.98
873145,07:38:00,07:38:00,150218,,14,,,,,,1,4454.97
873145,07:40:00,07:40:00,150219,,15,,,,,,1,4732.77
873145,07:42:00,07:42:00,150220,,16,,,,,,1,4994.93
873145,07:43:00,07:43:00,150221,,17,,,,,,1,5414.71
873145,07:44:00,07:44:00,150222,,18,,,,,,1,5679.85
873145,07:45:00,07:45:00,150223,,19,,,,,,1,6005.52
873145,07:46:00,07:46:00,150224,,20,,,,,,1,6255
873145,07:46:00,07:46:00,150225,,21,,,,,,1,6504.36
873145,07:48:00,07:48:00,154629,,22,,,,,,1,6822.48
873145,07:49:00,07:49:00,159136,,23,,,,,,1,7265.18
873145,07:51:00,07:51:00,150187,,24,,,,,,1,7452.66
873145,07:52:00,07:52:00,150174,,25,,,,,,1,7798.48
873145,07:53:00,07:53:00,151888,,26,,,,,,1,8030.76
873145,07:54:00,07:54:00,150188,,27,,,,,,1,8255.03
873145,07:55:00,07:55:00,154271,,28,,,,,,1,8425.59
873146,08:00:00,08:00:00,154271,,1,,,,,,1,0
873146,08:01:00,08:01:00,150213,,2,,,,,,1,341.66
873146,08:03:00,08:03:00,150182,,3,,,,,,1,785.64
873146,08:05:00,08:05:00,150183,,4,,,,,,1,1193.51
873146,08:08:00,08:08:00,150156,,5,,,,,,1,1623.6
873146,08:10:00,08:10:00,150361,,6,,,,,,1,2061.35
873146,08:11:00,08:11:00,150362,,7,,,,,,1,2415.4
873146,08:13:00,08:13:00,150163,,8,,,,,,1,2632.86
873146,08:14:00,08:14:00,150164,,9,,,,,,1,3050.86
873146,08:15:00,08:15:00,150214,,10,,,,,,1,3370.95
873146,08:15:00,08:15:00,150215,,11,,,,,,1,3544.86
873146,08:16:00,08:16:00,150216,,12,,,,,,1,3965.91
873146,08:17:00,08:17:00,150217,,13,,,,,,1,4254.98
873146,08:18:00,08:18:00,150218,,14,,,,,,1,4454.97
873146,08:20:00,08:20:00,150219,,15,,,,,,1,4732.77
873146,08:22:00,08:22:00,150220,,16,,,,,,1,4994.93
873146,08:23:00,08:23:00,150221,,17,,,,,,1,5414.71
873146,08:24:00,08:24:00,150222,,18,,,,,,1,5679.85
873146,08:25:00,08:25:00,150223,,19,,,,,,1,6005.52
873146,08:26:00,08:26:00,150224,,20,,,,,,1,6255
873146,08:26:00,08:26:00,150225,,21,,,,,,1,6504.36
873146,08:28:00,08:28:00,154629,,22,,,,,,1,6822.48
873146,08:29:00,08:29:00,159136,,23,,,,,,1,7265.18
873146,08:31:00,08:31:00,150187,,24,,,,,,1,7452.66
873146,08:32:00,08:32:00,150174,,25,,,,,,1,7798.48
873146,08:33:00,08:33:00,151888,,26,,,,,,1,8030.76
873146,08:34:00,08:34:00,150188,,27,,,,,,1,8255.03
873146,08:35:00,08:35:00,154271,,28,,,,,,1,8425.59
873147,08:40:00,08:40:00,154271,,1,,,,,,1,0
873147,08:41:00,08:41:00,150213,,2,,,,,,1,341.66
873147,08:43:00,08:43:00,150182,,3,,,,,,1,785.64
873147,08:45:00,08:45:00,150183,,4,,,,,,1,1193.51
873147,08:48:00,08:48:00,150156,,5,,,,,,1,1623.6
873147,08:50:00,08:50:00,150361,,6,,,,,,1,2061.35
873147,08:51:00,08:51:00,150362,,7,,,,,,1,2415.4
873147,08:53:00,08:53:00,150163,,8,,,,,,1,2632.86
873147,08:54:00,08:54:00,150164,,9,,,,,,1,3050.86
873147,08:55:00,08:55:00,150214,,10,,,,,,1,3370.95
873147,08:55:00,08:55:00,150215,,11,,,,,,1,3544.86
873147,08:56:00,08:56:00,150216,,12,,,,,,1,3965.91
873147,08:57:00,08:57:00,150217,,13,,,,,,1,4254.98
873147,08:58:00,08:58:00,150218,,14,,,,,,1,4454.97
873147,09:00:00,09:00:00,150219,,15,,,,,,1,4732.77
873147,09:02:00,09:02:00,150220,,16,,,,,,1,4994.93
873147,09:03:00,09:03:00,150221,,17,,,,,,1,5414.71
873147,09:04:00,09:04:00,150222,,18,,,,,,1,5679.85
873147,09:05:00,09:05:00,150223,,19,,,,,,1,6005.52
873147,09:06:00,09:06:00,150224,,20,,,,,,1,6255
873147,09:06:00,09:06:00,150225,,21,,,,,,1,6504.36
873147,09:08:00,09:08:00,154629,,22,,,,,,1,6822.48
873147,09:09:00,09:09:00,159136,,23,,,,,,1,7265.18
873147,09:11:00,09:11:00,150187,,24,,,,,,1,7452.66
873147,09:12:00,09:12:00,150174,,25,,,,,,1,7798.48
873147,09:13:00,09:13:00,151888,,26,,,,,,1,8030.76
873147,09:14:00,09:14:00,150188,,27,,,,,,1,8255.03
873147,09:15:00,09:15:00,154271,,28,,,,,,1,8425.59
873148,09:20:00,09:20:00,154271,,1,,,,,,1,0
873148,09:21:00,09:21:00,150213,,2,,,,,,1,341.66
873148,09:23:00,09:23:00,150182,,3,,,,,,1,785.64
873148,09:25:00,09:25:00,150183,,4,,,,,,1,1193.51
873148,09:28:00,09:28:00,150156,,5,,,,,,1,1623.6
873148,09:30:00,09:30:00,150361,,6,,,,,,1,2061.35
873148,09:31:00,09:31:00,150362,,7,,,,,,1,2415.4
873148,09:33:00,09:33:00,150163,,8,,,,,,1,2632.86
873148,09:34:00,09:34:00,150164,,9,,,,,,1,3050.86
873148,09:35:00,09:35:00,150214,,10,,,,,,1,3370.95
873148,09:35:00,09:35:00,150215,,11,,,,,,1,3544.86
873148,09:36:00,09:36:00,150216,,12,,,,,,1,3965.91
873148,09:37:00,09:37:00,150217,,13,,,,,,1,4254.98
873148,09:38:00,09:38:00,150218,,14,,,,,,1,4454.97
873148,09:40:00,09:40:00,150219,,15,,,,,,1,4732.77
873148,09:42:00,09:42:00,150220,,16,,,,,,1,4994.93
873148,09:43:00,09:43:00,150221,,17,,,,,,1,5414.71
873148,09:44:00,09:44:00,150222,,18,,,,,,1,5679.85
873148,09:45:00,09:45:00,150223,,19,,,,,,1,6005.52
873148,09:46:00,09:46:00,150224,,20,,,,,,1,6255
873148,09:46:00,09:46:00,150225,,21,,,,,,1,6504.36
873148,09:48:00,09:48:00,154629,,22,,,,,,1,6822.48
873148,09:49:00,09:49:00,159136,,23,,,,,,1,7265.18
873148,09:51:00,09:51:00,150187,,24,,,,,,1,7452.66
873148,09:52:00,09:52:00,150174,,25,,,,,,1,7798.48
873148,09:53:00,09:53:00,151888,,26,,,,,,1,8030.76
873148,09:54:00,09:54:00,150188,,27,,,,,,1,8255.03
873148,09:55:00,09:55:00,154271,,28,,,,,,1,8425.59
873149,10:00:00,10:00:00,154271,,1,,,,,,1,0
873149,10:01:00,10:01:00,150213,,2,,,,,,1,341.66
873149,10:03:00,10:03:00,150182,,3,,,,,,1,785.64
873149,10:05:00,10:05:00,150183,,4,,,,,,1,1193.51
873149,10:08:00,10:08:00,150156,,5,,,,,,1,1623.6
873149,10:10:00,10:10:00,150361,,6,,,,,,1,2061.35
873149,10:11:00,10:11:00,150362,,7,,,,,,1,2415.4
873149,10:13:00,10:13:00,150163,,8,,,,,,1,2632.86
873149,10:14:00,10:14:00,150164,,9,,,,,,1,3050.86
873149,10:15:00,10:15:00,150214,,10,,,,,,1,3370.95
873149,10:15:00,10:15:00,150215,,11,,,,,,1,3544.86
873149,10:16:00,10:16:00,150216,,12,,,,,,1,3965.91
873149,10:17:00,10:17:00,150217,,13,,,,,,1,4254.98
873149,10:18:00,10:18:00,150218,,14,,,,,,1,4454.97
873149,10:20:00,10:20:00,150219,,15,,,,,,1,4732.77
873149,10:22:00,10:22:00,150220,,16,,,,,,1,4994.93
873149,10:23:00,10:23:00,150221,,17,,,,,,1,5414.71
873149,10:24:00,10:24:00,150222,,18,,,,,,1,5679.85
873149,10:25:00,10:25:00,150223,,19,,,,,,1,6005.52
873149,10:26:00,10:26:00,150224,,20,,,,,,1,6255
873149,10:26:00,10:26:00,150225,,21,,,,,,1,6504.36
873149,10:28:00,10:28:00,154629,,22,,,,,,1,6822.48
873149,10:29:00,10:29:00,159136,,23,,,,,,1,7265.18
873149,10:31:00,10:31:00,150187,,24,,,,,,1,7452.66
873149,10:32:00,10:32:00,150174,,25,,,,,,1,7798.48
873149,10:33:00,10:33:00,151888,,26,,,,,,1,8030.76
873149,10:34:00,10:34:00,150188,,27,,,,,,1,8255.03
873149,10:35:00,10:35:00,154271,,28,,,,,,1,8425.59
873150,10:40:00,10:40:00,154271,,1,,,,,,1,0
873150,10:41:00,10:41:00,150213,,2,,,,,,1,341.66
873150,10:43:00,10:43:00,150182,,3,,,,,,1,785.64
873150,10:45:00,10:45:00,150183,,4,,,,,,1,1193.51
873150,10:48:00,10:48:00,150156,,5,,,,,,1,1623.6
873150,10:50:00,10:50:00,150361,,6,,,,,,1,2061.35
873150,10:51:00,10:51:00,150362,,7,,,,,,1,2415.4
873150,10:53:00,10:53:00,150163,,8,,,,,,1,2632.86
873150,10:54:00,10:54:00,150164,,9,,,,,,1,3050.86
873150,10:55:00,10:55:00,150214,,10,,,,,,1,3370.95
873150,10:55:00,10:55:00,150215,,11,,,,,,1,3544.86
873150,10:56:00,10:56:00,150216,,12,,,,,,1,3965.91
873150,10:57:00,10:57:00,150217,,13,,,,,,1,4254.98
873150,10:58:00,10:58:00,150218,,14,,,,,,1,4454.97
873150,11:00:00,11:00:00,150219,,15,,,,,,1,4732.77
873150,11:02:00,11:02:00,150220,,16,,,,,,1,4994.93
873150,11:03:00,11:03:00,150221,,17,,,,,,1,5414.71
873150,11:04:00,11:04:00,150222,,18,,,,,,1,5679.85
873150,11:05:00,11:05:00,150223,,19,,,,,,1,6005.52
873150,11:06:00,11:06:00,150224,,20,,,,,,1,6255
873150,11:06:00,11:06:00,150225,,21,,,,,,1,6504.36
873150,11:08:00,11:08:00,154629,,22,,,,,,1,6822.48
873150,11:09:00,11:09:00,159136,,23,,,,,,1,7265.18
873150,11:11:00,11:11:00,150187,,24,,,,,,1,7452.66
873150,11:12:00,11:12:00,150174,,25,,,,,,1,7798.48
873150,11:13:00,11:13:00,151888,,26,,,,,,1,8030.76
873150,11:14:00,11:14:00,150188,,27,,,,,,1,8255.03
873150,11:15:00,11:15:00,154271,,28,,,,,,1,8425.59
873151,11:20:00,11:20:00,154271,,1,,,,,,1,0
873151,11:21:00,11:21:00,150213,,2,,,,,,1,341.66
873151,11:23:00,11:23:00,150182,,3,,,,,,1,785.64
873151,11:25:00,11:25:00,150183,,4,,,,,,1,1193.51
873151,11:28:00,11:28:00,150156,,5,,,,,,1,1623.6
873151,11:30:00,11:30:00,150361,,6,,,,,,1,2061.35
873151,11:31:00,11:31:00,150362,,7,,,,,,1,2415.4
873151,11:33:00,11:33:00,150163,,8,,,,,,1,2632.86
873151,11:34:00,11:34:00,150164,,9,,,,,,1,3050.86
873151,11:35:00,11:35:00,150214,,10,,,,,,1,3370.95
873151,11:35:00,11:35:00,150215,,11,,,,,,1,3544.86
873151,11:36:00,11:36:00,150216,,12,,,,,,1,3965.91
873151,11:37:00,11:37:00,150217,,13,,,,,,1,4254.98
873151,11:38:00,11:38:00,150218,,14,,,,,,1,4454.97
873151,11:40:00,11:40:00,150219,,15,,,,,,1,4732.77
873151,11:42:00,11:42:00,150220,,16,,,,,,1,4994.93
873151,11:43:00,11:43:00,150221,,17,,,,,,1,5414.71
873151,11:44:00,11:44:00,150222,,18,,,,,,1,5679.85
873151,11:45:00,11:45:00,150223,,19,,,,,,1,6005.52
873151,11:46:00,11:46:00,150224,,20,,,,,,1,6255
873151,11:46:00,11:46:00,150225,,21,,,,,,1,6504.36
873151,11:48:00,11:48:00,154629,,22,,,,,,1,6822.48
873151,11:49:00,11:49:00,159136,,23,,,,,,1,7265.18
873151,11:51:00,11:51:00,150187,,24,,,,,,1,7452.66
873151,11:52:00,11:52:00,150174,,25,,,,,,1,7798.48
873151,11:53:00,11:53:00,151888,,26,,,,,,1,8030.76
873151,11:54:00,11:54:00,150188,,27,,,,,,1,8255.03
873151,11:55:00,11:55:00,154271,,28,,,,,,1,8425.59
873152,12:00:00,12:00:00,154271,,1,,,,,,1,0
873152,12:01:00,12:01:00,150213,,2,,,,,,1,341.66
873152,12:03:00,12:03:00,150182,,3,,,,,,1,785.64
873152,12:05:00,12:05:00,150183,,4,,,,,,1,1193.51
873152,12:08:00,12:08:00,150156,,5,,,,,,1,1623.6
873152,12:10:00,12:10:00,150361,,6,,,,,,1,2061.35
873152,12:11:00,12:11:00,150362,,7,,,,,,1,2415.4
873152,12:13:00,12:13:00,150163,,8,,,,,,1,2632.86
873152,12:14:00,12:14:00,150164,,9,,,,,,1,3050.86
873152,12:15:00,12:15:00,150214,,10,,,,,,1,3370.95
873152,12:15:00,12:15:00,150215,,11,,,,,,1,3544.86
873152,12:16:00,12:16:00,150216,,12,,,,,,1,3965.91
873152,12:17:00,12:17:00,150217,,13,,,,,,1,4254.98
873152,12:18:00,12:18:00,150218,,14,,,,,,1,4454.97
873152,12:20:00,12:20:00,150219,,15,,,,,,1,4732.77
873152,12:22:00,12:22:00,150220,,16,,,,,,1,4994.93
873152,12:23:00,12:23:00,150221,,17,,,,,,1,5414.71
873152,12:24:00,12:24:00,150222,,18,,,,,,1,5679.85
873152,12:25:00,12:25:00,150223,,19,,,,,,1,6005.52
873152,12:26:00,12:26:00,150224,,20,,,,,,1,6255
873152,12:26:00,12:26:00,150225,,21,,,,,,1,6504.36
873152,12:28:00,12:28:00,154629,,22,,,,,,1,6822.48
873152,12:29:00,12:29:00,159136,,23,,,,,,1,7265.18
873152,12:31:00,12:31:00,150187,,24,,,,,,1,7452.66
873152,12:32:00,12:32:00,150174,,25,,,,,,1,7798.48
873152,12:33:00,12:33:00,151888,,26,,,,,,1,8030.76
873152,12:34:00,12:34:00,150188,,27,,,,,,1,8255.03
873152,12:35:00,12:35:00,154271,,28,,,,,,1,8425.59
873153,12:40:00,12:40:00,154271,,1,,,,,,1,0
873153,12:41:00,12:41:00,150213,,2,,,,,,1,341.66
873153,12:43:00,12:43:00,150182,,3,,,,,,1,785.64
873153,12:45:00,12:45:00,150183,,4,,,,,,1,1193.51
873153,12:48:00,12:48:00,150156,,5,,,,,,1,1623.6
873153,12:50:00,12:50:00,150361,,6,,,,,,1,2061.35
873153,12:51:00,12:51:00,150362,,7,,,,,,1,2415.4
873153,12:53:00,12:53:00,150163,,8,,,,,,1,2632.86
873153,12:54:00,12:54:00,150164,,9,,,,,,1,3050.86
873153,12:55:00,12:55:00,150214,,10,,,,,,1,3370.95
873153,12:55:00,12:55:00,150215,,11,,,,,,1,3544.86
873153,12:56:00,12:56:00,150216,,12,,,,,,1,3965.91
873153,12:57:00,12:57:00,150217,,13,,,,,,1,4254.98
873153,12:58:00,12:58:00,150218,,14,,,,,,1,4454.97
873153,13:00:00,13:00:00,150219,,15,,,,,,1,4732.77
873153,13:02:00,13:02:00,150220,,16,,,,,,1,4994.93
873153,13:03:00,13:03:00,150221,,17,,,,,,1,5414.71
873153,13:04:00,13:04:00,150222,,18,,,,,,1,5679.85
873153,13:05:00,13:05:00,150223,,19,,,,,,1,6005.52
873153,13:06:00,13:06:00,150224,,20,,,,,,1,6255
873153,13:06:00,13:06:00,150225,,21,,,,,,1,6504.36
873153,13:08:00,13:08:00,154629,,22,,,,,,1,6822.48
873153,13:09:00,13:09:00,159136,,23,,,,,,1,7265.18
873153,13:11:00,13:11:00,150187,,24,,,,,,1,7452.66
873153,13:12:00,13:12:00,150174,,25,,,,,,1,7798.48
873153,13:13:00,13:13:00,151888,,26,,,,,,1,8030.76
873153,13:14:00,13:14:00,150188,,27,,,,,,1,8255.03
873153,13:15:00,13:15:00,154271,,28,,,,,,1,8425.59
873154,13:20:00,13:20:00,154271,,1,,,,,,1,0
873154,13:21:00,13:21:00,150213,,2,,,,,,1,341.66
873154,13:23:00,13:23:00,150182,,3,,,,,,1,785.64
873154,13:25:00,13:25:00,150183,,4,,,,,,1,1193.51
873154,13:28:00,13:28:00,150156,,5,,,,,,1,1623.6
873154,13:30:00,13:30:00,150361,,6,,,,,,1,2061.35
873154,13:31:00,13:31:00,150362,,7,,,,,,1,2415.4
873154,13:33:00,13:33:00,150163,,8,,,,,,1,2632.86
873154,13:34:00,13:34:00,150164,,9,,,,,,1,3050.86
873154,13:35:00,13:35:00,150214,,10,,,,,,1,3370.95
873154,13:35:00,13:35:00,150215,,11,,,,,,1,3544.86
873154,13:36:00,13:36:00,150216,,12,,,,,,1,3965.91
873154,13:37:00,13:37:00,150217,,13,,,,,,1,4254.98
873154,13:38:00,13:38:00,150218,,14,,,,,,1,4454.97
873154,13:40:00,13:40:00,150219,,15,,,,,,1,4732.77
873154,13:42:00,13:42:00,150220,,16,,,,,,1,4994.93
873154,13:43:00,13:43:00,150221,,17,,,,,,1,5414.71
873154,13:44:00,13:44:00,150222,,18,,,,,,1,5679.85
873154,13:45:00,13:45:00,150223,,19,,,,,,1,6005.52
873154,13:46:00,13:46:00,150224,,20,,,,,,1,6255
873154,13:46:00,13:46:00,150225,,21,,,,,,1,6504.36
873154,13:48:00,13:48:00,154629,,22,,,,,,1,6822.48
873154,13:49:00,13:49:00,159136,,23,,,,,,1,7265.18
873154,13:51:00,13:51:00,150187,,24,,,,,,1,7452.66
873154,13:52:00,13:52:00,150174,,25,,,,,,1,7798.48
873154,13:53:00,13:53:00,151888,,26,,,,,,1,8030.76
873154,13:54:00,13:54:00,150188,,27,,,,,,1,8255.03
873154,13:55:00,13:55:00,154271,,28,,,,,,1,8425.59
873155,14:00:00,14:00:00,154271,,1,,,,,,1,0
873155,14:01:00,14:01:00,150213,,2,,,,,,1,341.66
873155,14:03:00,14:03:00,150182,,3,,,,,,1,785.64
873155,14:05:00,14:05:00,150183,,4,,,,,,1,1193.51
873155,14:08:00,14:08:00,150156,,5,,,,,,1,1623.6
873155,14:10:00,14:10:00,150361,,6,,,,,,1,2061.35
873155,14:11:00,14:11:00,150362,,7,,,,,,1,2415.4
873155,14:13:00,14:13:00,150163,,8,,,,,,1,2632.86
873155,14:14:00,14:14:00,150164,,9,,,,,,1,3050.86
873155,14:15:00,14:15:00,150214,,10,,,,,,1,3370.95
873155,14:15:00,14:15:00,150215,,11,,,,,,1,3544.86
873155,14:16:00,14:16:00,150216,,12,,,,,,1,3965.91
873155,14:17:00,14:17:00,150217,,13,,,,,,1,4254.98
873155,14:18:00,14:18:00,150218,,14,,,,,,1,4454.97
873155,14:20:00,14:20:00,150219,,15,,,,,,1,4732.77
873155,14:22:00,14:22:00,150220,,16,,,,,,1,4994.93
873155,14:23:00,14:23:00,150221,,17,,,,,,1,5414.71
873155,14:24:00,14:24:00,150222,,18,,,,,,1,5679.85
873155,14:25:00,14:25:00,150223,,19,,,,,,1,6005.52
873155,14:26:00,14:26:00,150224,,20,,,,,,1,6255
873155,14:26:00,14:26:00,150225,,21,,,,,,1,6504.36
873155,14:28:00,14:28:00,154629,,22,,,,,,1,6822.48
873155,14:29:00,14:29:00,159136,,23,,,,,,1,7265.18
873155,14:31:00,14:31:00,150187,,24,,,,,,1,7452.66
873155,14:32:00,14:32:00,150174,,25,,,,,,1,7798.48
873155,14:33:00,14:33:00,151888,,26,,,,,,1,8030.76
873155,14:34:00,14:34:00,150188,,27,,,,,,1,8255.03
873155,14:35:00,14:35:00,154271,,28,,,,,,1,8425.59
873156,14:40:00,14:40:00,154271,,1,,,,,,1,0
873156,14:41:00,14:41:00,150213,,2,,,,,,1,341.66
873156,14:43:00,14:43:00,150182,,3,,,,,,1,785.64
873156,14:45:00,14:45:00,150183,,4,,,,,,1,1193.51
873156,14:48:00,14:48:00,150156,,5,,,,,,1,1623.6
873156,14:50:00,14:50:00,150361,,6,,,,,,1,2061.35
873156,14:51:00,14:51:00,150362,,7,,,,,,1,2415.4
873156,14:53:00,14:53:00,150163,,8,,,,,,1,2632.86
873156,14:54:00,14:54:00,150164,,9,,,,,,1,3050.86
873156,14:55:00,14:55:00,150214,,10,,,,,,1,3370.95
873156,14:55:00,14:55:00,150215,,11,,,,,,1,3544.86
873156,14:56:00,14:56:00,150216,,12,,,,,,1,3965.91
873156,14:57:00,14:57:00,150217,,13,,,,,,1,4254.98
873156,14:58:00,14:58:00,150218,,14,,,,,,1,4454.97
873156,15:00:00,15:00:00,150219,,15,,,,,,1,4732.77
873156,15:02:00,15:02:00,150220,,16,,,,,,1,4994.93
873156,15:03:00,15:03:00,150221,,17,,,,,,1,5414.71
873156,15:04:00,15:04:00,150222,,18,,,,,,1,5679.85
873156,15:05:00,15:05:00,150223,,19,,,,,,1,6005.52
873156,15:06:00,15:06:00,150224,,20,,,,,,1,6255
873156,15:06:00,15:06:00,150225,,21,,,,,,1,6504.36
873156,15:08:00,15:08:00,154629,,22,,,,,,1,6822.48
873156,15:09:00,15:09:00,159136,,23,,,,,,1,7265.18
873156,15:11:00,15:11:00,150187,,24,,,,,,1,7452.66
873156,15:12:00,15:12:00,150174,,25,,,,,,1,7798.48
873156,15:13:00,15:13:00,151888,,26,,,,,,1,8030.76
873156,15:14:00,15:14:00,150188,,27,,,,,,1,8255.03
873156,15:15:00,15:15:00,154271,,28,,,,,,1,8425.59
873157,15:20:00,15:20:00,154271,,1,,,,,,1,0
873157,15:21:00,15:21:00,150213,,2,,,,,,1,341.66
873157,15:23:00,15:23:00,150182,,3,,,,,,1,785.64
873157,15:25:00,15:25:00,150183,,4,,,,,,1,1193.51
873157,15:28:00,15:28:00,150156,,5,,,,,,1,1623.6
873157,15:30:00,15:30:00,150361,,6,,,,,,1,2061.35
873157,15:31:00,15:31:00,150362,,7,,,,,,1,2415.4
873157,15:33:00,15:33:00,150163,,8,,,,,,1,2632.86
873157,15:34:00,15:34:00,150164,,9,,,,,,1,3050.86
873157,15:35:00,15:35:00,150214,,10,,,,,,1,3370.95
873157,15:35:00,15:35:00,150215,,11,,,,,,1,3544.86
873157,15:36:00,15:36:00,150216,,12,,,,,,1,3965.91
873157,15:37:00,15:37:00,150217,,13,,,,,,1,4254.98
873157,15:38:00,15:38:00,150218,,14,,,,,,1,4454.97
873157,15:40:00,15:40:00,150219,,15,,,,,,1,4732.77
873157,15:42:00,15:42:00,150220,,16,,,,,,1,4994.93
873157,15:43:00,15:43:00,150221,,17,,,,,,1,5414.71
873157,15:44:00,15:44:00,150222,,18,,,,,,1,5679.85
873157,15:45:00,15:45:00,150223,,19,,,,,,1,6005.52
873157,15:46:00,15:46:00,150224,,20,,,,,,1,6255
873157,15:46:00,15:46:00,150225,,21,,,,,,1,6504.36
873157,15:48:00,15:48:00,154629,,22,,,,,,1,6822.48
873157,15:49:00,15:49:00,159136,,23,,,,,,1,7265.18
873157,15:51:00,15:51:00,150187,,24,,,,,,1,7452.66
873157,15:52:00,15:52:00,150174,,25,,,,,,1,7798.48
873157,15:53:00,15:53:00,151888,,26,,,,,,1,8030.76
873157,15:54:00,15:54:00,150188,,27,,,,,,1,8255.03
873157,15:55:00,15:55:00,154271,,28,,,,,,1,8425.59
873158,16:00:00,16:00:00,154271,,1,,,,,,1,0
873158,16:01:00,16:01:00,150213,,2,,,,,,1,341.66
873158,16:03:00,16:03:00,150182,,3,,,,,,1,785.64
873158,16:05:00,16:05:00,150183,,4,,,,,,1,1193.51
873158,16:08:00,16:08:00,150156,,5,,,,,,1,1623.6
873158,16:10:00,16:10:00,150361,,6,,,,,,1,2061.35
873158,16:11:00,16:11:00,150362,,7,,,,,,1,2415.4
873158,16:13:00,16:13:00,150163,,8,,,,,,1,2632.86
873158,16:14:00,16:14:00,150164,,9,,,,,,1,3050.86
873158,16:15:00,16:15:00,150214,,10,,,,,,1,3370.95
873158,16:15:00,16:15:00,150215,,11,,,,,,1,3544.86
873158,16:16:00,16:16:00,150216,,12,,,,,,1,3965.91
873158,16:17:00,16:17:00,150217,,13,,,,,,1,4254.98
873158,16:18:00,16:18:00,150218,,14,,,,,,1,4454.97
873158,16:20:00,16:20:00,150219,,15,,,,,,1,4732.77
873158,16:22:00,16:22:00,150220,,16,,,,,,1,4994.93
873158,16:23:00,16:23:00,150221,,17,,,,,,1,5414.71
873158,16:24:00,16:24:00,150222,,18,,,,,,1,5679.85
873158,16:25:00,16:25:00,150223,,19,,,,,,1,6005.52
873158,16:26:00,16:26:00,150224,,20,,,,,,1,6255
873158,16:26:00,16:26:00,150225,,21,,,,,,1,6504.36
873158,16:28:00,16:28:00,154629,,22,,,,,,1,6822.48
873158,16:29:00,16:29:00,159136,,23,,,,,,1,7265.18
873158,16:31:00,16:31:00,150187,,24,,,,,,1,7452.66
873158,16:32:00,16:32:00,150174,,25,,,,,,1,7798.48
873158,16:33:00,16:33:00,151888,,26,,,,,,1,8030.76
873158,16:34:00,16:34:00,150188,,27,,,,,,1,8255.03
873158,16:35:00,16:35:00,154271,,28,,,,,,1,8425.59
873159,16:40:00,16:40:00,154271,,1,,,,,,1,0
873159,16:41:00,16:41:00,150213,,2,,,,,,1,341.66
873159,16:43:00,16:43:00,150182,,3,,,,,,1,785.64
873159,16:45:00,16:45:00,150183,,4,,,,,,1,1193.51
873159,16:48:00,16:48:00,150156,,5,,,,,,1,1623.6
873159,16:50:00,16:50:00,150361,,6,,,,,,1,2061.35
873159,16:51:00,16:51:00,150362,,7,,,,,,1,2415.4
873159,16:53:00,16:53:00,150163,,8,,,,,,1,2632.86
873159,16:54:00,16:54:00,150164,,9,,,,,,1,3050.86
873159,16:55:00,16:55:00,150214,,10,,,,,,1,3370.95
873159,16:55:00,16:55:00,150215,,11,,,,,,1,3544.86
873159,16:56:00,16:56:00,150216,,12,,,,,,1,3965.91
873159,16:57:00,16:57:00,150217,,13,,,,,,1,4254.98
873159,16:58:00,16:58:00,150218,,14,,,,,,1,4454.97
873159,17:00:00,17:00:00,150219,,15,,,,,,1,4732.77
873159,17:02:00,17:02:00,150220,,16,,,,,,1,4994.93
873159,17:03:00,17:03:00,150221,,17,,,,,,1,5414.71
873159,17:04:00,17:04:00,150222,,18,,,,,,1,5679.85
873159,17:05:00,17:05:00,150223,,19,,,,,,1,6005.52
873159,17:06:00,17:06:00,150224,,20,,,,,,1,6255
873159,17:06:00,17:06:00,150225,,21,,,,,,1,6504.36
873159,17:08:00,17:08:00,154629,,22,,,,,,1,6822.48
873159,17:09:00,17:09:00,159136,,23,,,,,,1,7265.18
873159,17:11:00,17:11:00,150187,,24,,,,,,1,7452.66
873159,17:12:00,17:12:00,150174,,25,,,,,,1,7798.48
873159,17:13:00,17:13:00,151888,,26,,,,,,1,8030.76
873159,17:14:00,17:14:00,150188,,27,,,,,,1,8255.03
873159,17:15:00,17:15:00,154271,,28,,,,,,1,8425.59
873160,17:20:00,17:20:00,154271,,1,,,,,,1,0
873160,17:21:00,17:21:00,150213,,2,,,,,,1,341.66
873160,17:23:00,17:23:00,150182,,3,,,,,,1,785.64
873160,17:25:00,17:25:00,150183,,4,,,,,,1,1193.51
873160,17:28:00,17:28:00,150156,,5,,,,,,1,1623.6
873160,17:30:00,17:30:00,150361,,6,,,,,,1,2061.35
873160,17:31:00,17:31:00,150362,,7,,,,,,1,2415.4
873160,17:33:00,17:33:00,150163,,8,,,,,,1,2632.86
873160,17:34:00,17:34:00,150164,,9,,,,,,1,3050.86
873160,17:35:00,17:35:00,150214,,10,,,,,,1,3370.95
873160,17:35:00,17:35:00,150215,,11,,,,,,1,3544.86
873160,17:36:00,17:36:00,150216,,12,,,,,,1,3965.91
873160,17:37:00,17:37:00,150217,,13,,,,,,1,4254.98
873160,17:38:00,17:38:00,150218,,14,,,,,,1,4454.97
873160,17:40:00,17:40:00,150219,,15,,,,,,1,4732.77
873160,17:42:00,17:42:00,150220,,16,,,,,,1,4994.93
873160,17:43:00,17:43:00,150221,,17,,,,,,1,5414.71
873160,17:44:00,17:44:00,150222,,18,,,,,,1,5679.85
873160,17:45:00,17:45:00,150223,,19,,,,,,1,6005.52
873160,17:46:00,17:46:00,150224,,20,,,,,,1,6255
873160,17:46:00,17:46:00,150225,,21,,,,,,1,6504.36
873160,17:48:00,17:48:00,154629,,22,,,,,,1,6822.48
873160,17:49:00,17:49:00,159136,,23,,,,,,1,7265.18
873160,17:51:00,17:51:00,150187,,24,,,,,,1,7452.66
873160,17:52:00,17:52:00,150174,,25,,,,,,1,7798.48
873160,17:53:00,17:53:00,151888,,26,,,,,,1,8030.76
873160,17:54:00,17:54:00,150188,,27,,,,,,1,8255.03
873160,17:55:00,17:55:00,154271,,28,,,,,,1,8425.59
873161,18:00:00,18:00:00,154271,,1,,,,,,1,0
873161,18:01:00,18:01:00,150213,,2,,,,,,1,341.66
873161,18:03:00,18:03:00,150182,,3,,,,,,1,785.64
873161,18:05:00,18:05:00,150183,,4,,,,,,1,1193.51
873161,18:08:00,18:08:00,150156,,5,,,,,,1,1623.6
873161,18:10:00,18:10:00,150361,,6,,,,,,1,2061.35
873161,18:11:00,18:11:00,150362,,7,,,,,,1,2415.4
873161,18:13:00,18:13:00,150163,,8,,,,,,1,2632.86
873161,18:14:00,18:14:00,150164,,9,,,,,,1,3050.86
873161,18:15:00,18:15:00,150214,,10,,,,,,1,3370.95
873161,18:15:00,18:15:00,150215,,11,,,,,,1,3544.86
873161,18:16:00,18:16:00,150216,,12,,,,,,1,3965.91
873161,18:17:00,18:17:00,150217,,13,,,,,,1,4254.98
873161,18:18:00,18:18:00,150218,,14,,,,,,1,4454.97
873161,18:20:00,18:20:00,150219,,15,,,,,,1,4732.77
873161,18:22:00,18:22:00,150220,,16,,,,,,1,4994.93
873161,18:23:00,18:23:00,150221,,17,,,,,,1,5414.71
873161,18:24:00,18:24:00,150222,,18,,,,,,1,5679.85
873161,18:25:00,18:25:00,150223,,19,,,,,,1,6005.52
873161,18:26:00,18:26:00,150224,,20,,,,,,1,6255
873161,18:26:00,18:26:00,150225,,21,,,,,,1,6504.36
873161,18:28:00,18:28:00,154629,,22,,,,,,1,6822.48
873161,18:29:00,18:29:00,159136,,23,,,,,,1,7265.18
873161,18:31:00,18:31:00,150187,,24,,,,,,1,7452.66
873161,18:32:00,18:32:00,150174,,25,,,,,,1,7798.48
873161,18:33:00,18:33:00,151888,,26,,,,,,1,8030.76
873161,18:34:00,18:34:00,150188,,27,,,,,,1,8255.03
873161,18:35:00,18:35:00,154271,,28,,,,,,1,8425.59
873162,18:40:00,18:40:00,154271,,1,,,,,,1,0
873162,18:41:00,18:41:00,150213,,2,,,,,,1,341.66
873162,18:43:00,18:43:00,150182,,3,,,,,,1,785.64
873162,18:45:00,18:45:00,150183,,4,,,,,,1,1193.51
873162,18:48:00,18:48:00,150156,,5,,,,,,1,1623.6
873162,18:50:00,18:50:00,150361,,6,,,,,,1,2061.35
873162,18:51:00,18:51:00,150362,,7,,,,,,1,2415.4
873162,18:53:00,18:53:00,150163,,8,,,,,,1,2632.86
873162,18:54:00,18:54:00,150164,,9,,,,,,1,3050.86
873162,18:55:00,18:55:00,150214,,10,,,,,,1,3370.95
873162,18:55:00,18:55:00,150215,,11,,,,,,1,3544.86
873162,18:56:00,18:56:00,150216,,12,,,,,,1,3965.91
873162,18:57:00,18:57:00,150217,,13,,,,,,1,4254.98
873162,18:58:00,18:58:00,150218,,14,,,,,,1,4454.97
873162,19:00:00,19:00:00,150219,,15,,,,,,1,4732.77
873162,19:02:00,19:02:00,150220,,16,,,,,,1,4994.93
873162,19:03:00,19:03:00,150221,,17,,,,,,1,5414.71
873162,19:04:00,19:04:00,150222,,18,,,,,,1,5679.85
873162,19:05:00,19:05:00,150223,,19,,,,,,1,6005.52
873162,19:06:00,19:06:00,150224,,20,,,,,,1,6255
873162,19:06:00,19:06:00,150225,,21,,,,,,1,6504.36
873162,19:08:00,19:08:00,154629,,22,,,,,,1,6822.48
873162,19:09:00,19:09:00,159136,,23,,,,,,1,7265.18
873162,19:11:00,19:11:00,150187,,24,,,,,,1,7452.66
873162,19:12:00,19:12:00,150174,,25,,,,,,1,7798.48
873162,19:13:00,19:13:00,151888,,26,,,,,,1,8030.76
873162,19:14:00,19:14:00,150188,,27,,,,,,1,8255.03
873162,19:15:00,19:15:00,154271,,28,,,,,,1,8425.59
873163,19:20:00,19:20:00,154271,,1,,,,,,1,0
873163,19:21:00,19:21:00,150213,,2,,,,,,1,341.66
873163,19:23:00,19:23:00,150182,,3,,,,,,1,785.64
873163,19:25:00,19:25:00,150183,,4,,,,,,1,1193.51
873163,19:28:00,19:28:00,150156,,5,,,,,,1,1623.6
873163,19:30:00,19:30:00,150361,,6,,,,,,1,2061.35
873163,19:31:00,19:31:00,150362,,7,,,,,,1,2415.4
873163,19:33:00,19:33:00,150163,,8,,,,,,1,2632.86
873163,19:34:00,19:34:00,150164,,9,,,,,,1,3050.86
873163,19:35:00,19:35:00,150214,,10,,,,,,1,3370.95
873163,19:35:00,19:35:00,150215,,11,,,,,,1,3544.86
873163,19:36:00,19:36:00,150216,,12,,,,,,1,3965.91
873163,19:37:00,19:37:00,150217,,13,,,,,,1,4254.98
873163,19:38:00,19:38:00,150218,,14,,,,,,1,4454.97
873163,19:40:00,19:40:00,150219,,15,,,,,,1,4732.77
873163,19:42:00,19:42:00,150220,,16,,,,,,1,4994.93
873163,19:43:00,19:43:00,150221,,17,,,,,,1,5414.71
873163,19:44:00,19:44:00,150222,,18,,,,,,1,5679.85
873163,19:45:00,19:45:00,150223,,19,,,,,,1,6005.52
873163,19:46:00,19:46:00,150224,,20,,,,,,1,6255
873163,19:46:00,19:46:00,150225,,21,,,,,,1,6504.36
873163,19:48:00,19:48:00,154629,,22,,,,,,1,6822.48
873163,19:49:00,19:49:00,159136,,23,,,,,,1,7265.18
873163,19:51:00,19:51:00,150187,,24,,,,,,1,7452.66
873163,19:52:00,19:52:00,150174,,25,,,,,,1,7798.48
873163,19:53:00,19:53:00,151888,,26,,,,,,1,8030.76
873163,19:54:00,19:54:00,150188,,27,,,,,,1,8255.03
873163,19:55:00,19:55:00,154271,,28,,,,,,1,8425.59
873164,20:00:00,20:00:00,154271,,1,,,,,,1,0
873164,20:01:00,20:01:00,150213,,2,,,,,,1,341.66
873164,20:03:00,20:03:00,150182,,3,,,,,,1,785.64
873164,20:05:00,20:05:00,150183,,4,,,,,,1,1193.51
873164,20:08:00,20:08:00,150156,,5,,,,,,1,1623.6
873164,20:10:00,20:10:00,150361,,6,,,,,,1,2061.35
873164,20:11:00,20:11:00,150362,,7,,,,,,1,2415.4
873164,20:13:00,20:13:00,150163,,8,,,,,,1,2632.86
873164,20:14:00,20:14:00,150164,,9,,,,,,1,3050.86
873164,20:15:00,20:15:00,150214,,10,,,,,,1,3370.95
873164,20:15:00,20:15:00,150215,,11,,,,,,1,3544.86
873164,20:16:00,20:16:00,150216,,12,,,,,,1,3965.91
873164,20:17:00,20:17:00,150217,,13,,,,,,1,4254.98
873164,20:18:00,20:18:00,150218,,14,,,,,,1,4454.97
873164,20:20:00,20:20:00,150219,,15,,,,,,1,4732.77
873164,20:22:00,20:22:00,150220,,16,,,,,,1,4994.93
873164,20:23:00,20:23:00,150221,,17,,,,,,1,5414.71
873164,20:24:00,20:24:00,150222,,18,,,,,,1,5679.85
873164,20:25:00,20:25:00,150223,,19,,,,,,1,6005.52
873164,20:26:00,20:26:00,150224,,20,,,,,,1,6255
873164,20:26:00,20:26:00,150225,,21,,,,,,1,6504.36
873164,20:28:00,20:28:00,154629,,22,,,,,,1,6822.48
873164,20:29:00,20:29:00,159136,,23,,,,,,1,7265.18
873164,20:31:00,20:31:00,150187,,24,,,,,,1,7452.66
873164,20:32:00,20:32:00,150174,,25,,,,,,1,7798.48
873164,20:33:00,20:33:00,151888,,26,,,,,,1,8030.76
873164,20:34:00,20:34:00,150188,,27,,,,,,1,8255.03
873164,20:35:00,20:35:00,154271,,28,,,,,,1,8425.59
873165,20:40:00,20:40:00,154271,,1,,,,,,1,0
873165,20:41:00,20:41:00,150213,,2,,,,,,1,341.66
873165,20:43:00,20:43:00,150182,,3,,,,,,1,785.64
873165,20:45:00,20:45:00,150183,,4,,,,,,1,1193.51
873165,20:48:00,20:48:00,150156,,5,,,,,,1,1623.6
873165,20:50:00,20:50:00,150361,,6,,,,,,1,2061.35
873165,20:51:00,20:51:00,150362,,7,,,,,,1,2415.4
873165,20:53:00,20:53:00,150163,,8,,,,,,1,2632.86
873165,20:54:00,20:54:00,150164,,9,,,,,,1,3050.86
873165,20:55:00,20:55:00,150214,,10,,,,,,1,3370.95
873165,20:55:00,20:55:00,150215,,11,,,,,,1,3544.86
873165,20:56:00,20:56:00,150216,,12,,,,,,1,3965.91
873165,20:57:00,20:57:00,150217,,13,,,,,,1,4254.98
873165,20:58:00,20:58:00,150218,,14,,,,,,1,4454.97
873165,21:00:00,21:00:00,150219,,15,,,,,,1,4732.77
873165,21:02:00,21:02:00,150220,,16,,,,,,1,4994.93
873165,21:03:00,21:03:00,150221,,17,,,,,,1,5414.71
873165,21:04:00,21:04:00,150222,,18,,,,,,1,5679.85
873165,21:05:00,21:05:00,150223,,19,,,,,,1,6005.52
873165,21:06:00,21:06:00,150224,,20,,,,,,1,6255
873165,21:06:00,21:06:00,150225,,21,,,,,,1,6504.36
873165,21:08:00,21:08:00,154629,,22,,,,,,1,6822.48
873165,21:09:00,21:09:00,159136,,23,,,,,,1,7265.18
873165,21:11:00,21:11:00,150187,,24,,,,,,1,7452.66
873165,21:12:00,21:12:00,150174,,25,,,,,,1,7798.48
873165,21:13:00,21:13:00,151888,,26,,,,,,1,8030.76
873165,21:14:00,21:14:00,150188,,27,,,,,,1,8255.03
873165,21:15:00,21:15:00,154271,,28,,,,,,1,8425.59
873166,21:20:00,21:20:00,154271,,1,,,,,,1,0
873166,21:21:00,21:21:00,150213,,2,,,,,,1,341.66
873166,21:23:00,21:23:00,150182,,3,,,,,,1,785.64
873166,21:25:00,21:25:00,150183,,4,,,,,,1,1193.51
873166,21:28:00,21:28:00,150156,,5,,,,,,1,1623.6
873166,21:30:00,21:30:00,150361,,6,,,,,,1,2061.35
873166,21:31:00,21:31:00,150362,,7,,,,,,1,2415.4
873166,21:33:00,21:33:00,150163,,8,,,,,,1,2632.86
873166,21:34:00,21:34:00,150164,,9,,,,,,1,3050.86
873166,21:35:00,21:35:00,150214,,10,,,,,,1,3370.95
873166,21:35:00,21:35:00,150215,,11,,,,,,1,3544.86
873166,21:36:00,21:36:00,150216,,12,,,,,,1,3965.91
873166,21:37:00,21:37:00,150217,,13,,,,,,1,4254.98
873166,21:38:00,21:38:00,150218,,14,,,,,,1,4454.97
873166,21:40:00,21:40:00,150219,,15,,,,,,1,4732.77
873166,21:42:00,21:42:00,150220,,16,,,,,,1,4994.93
873166,21:43:00,21:43:00,150221,,17,,,,,,1,5414.71
873166,21:44:00,21:44:00,150222,,18,,,,,,1,5679.85
873166,21:45:00,21:45:00,150223,,19,,,,,,1,6005.52
873166,21:46:00,21:46:00,150224,,20,,,,,,1,6255
873166,21:46:00,21:46:00,150225,,21,,,,,,1,6504.36
873166,21:48:00,21:48:00,154629,,22,,,,,,1,6822.48
873166,21:49:00,21:49:00,159136,,23,,,,,,1,7265.18
873166,21:51:00,21:51:00,150187,,24,,,,,,1,7452.66
873166,21:52:00,21:52:00,150174,,25,,,,,,1,7798.48
873166,21:53:00,21:53:00,151888,,26,,,,,,1,8030.76
873166,21:54:00,21:54:00,150188,,27,,,,,,1,8255.03
873166,21:55:00,21:55:00,154271,,28,,,,,,1,8425.59
873270,07:00:00,07:00:00,150232,,1,,,,,,1,0
873270,07:01:00,07:01:00,154272,,2,,,,,,1,752.86
873270,07:02:00,07:02:00,150234,,3,,,,,,1,996.95
873270,07:04:00,07:04:00,150235,,4,,,,,,1,1792.61
873270,07:08:00,07:08:00,150236,,5,,,,,,1,3544.81
873270,07:10:00,07:10:00,150237,,6,,,,,,1,4077.19
873270,07:11:00,07:11:00,150238,,7,,,,,,1,4493.03
873270,07:12:00,07:12:00,150239,,8,,,,,,1,4777.94
873270,07:13:00,07:16:00,154267,,9,,,,,,1,5274.87
873270,07:18:00,07:18:00,150226,,10,,,,,,1,5495.45
873270,07:19:00,07:19:00,150227,,11,,,,,,1,6077.38
873270,07:20:00,07:20:00,154273,,12,,,,,,1,6466.82
873270,07:21:00,07:21:00,219665,,13,,,,,,1,6778.23
873270,07:22:00,07:22:00,150229,,14,,,,,,1,7090.98
873270,07:25:00,07:25:00,154274,,15,,,,,,1,8825.58
873270,07:27:00,07:27:00,150231,,16,,,,,,1,9871.26
873270,07:29:00,07:29:00,150232,,17,,,,,,1,10696.75
873271,07:32:00,07:32:00,150232,,1,,,,,,1,0
873271,07:33:00,07:33:00,154272,,2,,,,,,1,752.86
873271,07:34:00,07:34:00,150234,,3,,,,,,1,996.95
873271,07:36:00,07:36:00,150235,,4,,,,,,1,1792.61
873271,07:40:00,07:40:00,150236,,5,,,,,,1,3544.81
873271,07:42:00,07:42:00,150237,,6,,,,,,1,4077.19
873271,07:43:00,07:43:00,150238,,7,,,,,,1,4493.03
873271,07:44:00,07:44:00,150239,,8,,,,,,1,4777.94
873271,07:45:00,07:48:00,154267,,9,,,,,,1,5274.87
873271,07:50:00,07:50:00,150226,,10,,,,,,1,5495.45
873271,07:51:00,07:51:00,150227,,11,,,,,,1,6077.38
873271,07:52:00,07:52:00,154273,,12,,,,,,1,6466.82
873271,07:53:00,07:53:00,219665,,13,,,,,,1,6778.23
873271,07:54:00,07:54:00,150229,,14,,,,,,1,7090.98
873271,07:57:00,07:57:00,154274,,15,,,,,,1,8825.58
873271,07:59:00,07:59:00,150231,,16,,,,,,1,9871.26
873271,08:01:00,08:01:00,150232,,17,,,,,,1,10696.75
873272,08:04:00,08:04:00,150232,,1,,,,,,1,0
873272,08:05:00,08:05:00,154272,,2,,,,,,1,752.86
873272,08:06:00,08:06:00,150234,,3,,,,,,1,996.95
873272,08:08:00,08:08:00,150235,,4,,,,,,1,1792.61
873272,08:12:00,08:12:00,150236,,5,,,,,,1,3544.81
873272,08:14:00,08:14:00,150237,,6,,,,,,1,4077.19
873272,08:15:00,08:15:00,150238,,7,,,,,,1,4493.03
873272,08:16:00,08:16:00,150239,,8,,,,,,1,4777.94
873272,08:17:00,08:20:00,154267,,9,,,,,,1,5274.87
873272,08:22:00,08:22:00,150226,,10,,,,,,1,5495.45
873272,08:23:00,08:23:00,150227,,11,,,,,,1,6077.38
873272,08:24:00,08:24:00,154273,,12,,,,,,1,6466.82
873272,08:25:00,08:25:00,219665,,13,,,,,,1,6778.23
873272,08:26:00,08:26:00,150229,,14,,,,,,1,7090.98
873272,08:29:00,08:29:00,154274,,15,,,,,,1,8825.58
873272,08:31:00,08:31:00,150231,,16,,,,,,1,9871.26
873272,08:33:00,08:33:00,150232,,17,,,,,,1,10696.75
873273,08:36:00,08:36:00,150232,,1,,,,,,1,0
873273,08:37:00,08:37:00,154272,,2,,,,,,1,752.86
873273,08:38:00,08:38:00,150234,,3,,,,,,1,996.95
873273,08:40:00,08:40:00,150235,,4,,,,,,1,1792.61
873273,08:44:00,08:44:00,150236,,5,,,,,,1,3544.81
873273,08:46:00,08:46:00,150237,,6,,,,,,1,4077.19
873273,08:47:00,08:47:00,150238,,7,,,,,,1,4493.03
873273,08:48:00,08:48:00,150239,,8,,,,,,1,4777.94
873273,08:49:00,08:52:00,154267,,9,,,,,,1,5274.87
873273,08:54:00,08:54:00,150226,,10,,,,,,1,5495.45
873273,08:55:00,08:55:00,150227,,11,,,,,,1,6077.38
873273,08:56:00,08:56:00,154273,,12,,,,,,1,6466.82
873273,08:57:00,08:57:00,219665,,13,,,,,,1,6778.23
873273,08:58:00,08:58:00,150229,,14,,,,,,1,7090.98
873273,09:01:00,09:01:00,154274,,15,,,,,,1,8825.58
873273,09:03:00,09:03:00,150231,,16,,,,,,1,9871.26
873273,09:05:00,09:05:00,150232,,17,,,,,,1,10696.75
873274,09:08:00,09:08:00,150232,,1,,,,,,1,0
873274,09:09:00,09:09:00,154272,,2,,,,,,1,752.86
873274,09:10:00,09:10:00,150234,,3,,,,,,1,996.95
873274,09:12:00,09:12:00,150235,,4,,,,,,1,1792.61
873274,09:16:00,09:16:00,150236,,5,,,,,,1,3544.81
873274,09:18:00,09:18:00,150237,,6,,,,,,1,4077.19
873274,09:19:00,09:19:00,150238,,7,,,,,,1,4493.03
873274,09:20:00,09:20:00,150239,,8,,,,,,1,4777.94
873274,09:21:00,09:24:00,154267,,9,,,,,,1,5274.87
873274,09:26:00,09:26:00,150226,,10,,,,,,1,5495.45
873274,09:27:00,09:27:00,150227,,11,,,,,,1,6077.38
873274,09:28:00,09:28:00,154273,,12,,,,,,1,6466.82
873274,09:29:00,09:29:00,219665,,13,,,,,,1,6778.23
873274,09:30:00,09:30:00,150229,,14,,,,,,1,7090.98
873274,09:33:00,09:33:00,154274,,15,,,,,,1,8825.58
873274,09:35:00,09:35:00,150231,,16,,,,,,1,9871.26
873274,09:37:00,09:37:00,150232,,17,,,,,,1,10696.75
873275,09:40:00,09:40:00,150232,,1,,,,,,1,0
873275,09:41:00,09:41:00,154272,,2,,,,,,1,752.86
873275,09:42:00,09:42:00,150234,,3,,,,,,1,996.95
873275,09:44:00,09:44:00,150235,,4,,,,,,1,1792.61
873275,09:48:00,09:48:00,150236,,5,,,,,,1,3544.81
873275,09:50:00,09:50:00,150237,,6,,,,,,1,4077.19
873275,09:51:00,09:51:00,150238,,7,,,,,,1,4493.03
873275,09:52:00,09:52:00,150239,,8,,,,,,1,4777.94
873275,09:53:00,09:56:00,154267,,9,,,,,,1,5274.87
873275,09:58:00,09:58:00,150226,,10,,,,,,1,5495.45
873275,09:59:00,09:59:00,150227,,11,,,,,,1,6077.38
873275,10:00:00,10:00:00,154273,,12,,,,,,1,6466.82
873275,10:01:00,10:01:00,219665,,13,,,,,,1,6778.23
873275,10:02:00,10:02:00,150229,,14,,,,,,1,7090.98
873275,10:05:00,10:05:00,154274,,15,,,,,,1,8825.58
873275,10:07:00,10:07:00,150231,,16,,,,,,1,9871.26
873275,10:09:00,10:09:00,150232,,17,,,,,,1,10696.75
873276,10:12:00,10:12:00,150232,,1,,,,,,1,0
873276,10:13:00,10:13:00,154272,,2,,,,,,1,752.86
873276,10:14:00,10:14:00,150234,,3,,,,,,1,996.95
873276,10:16:00,10:16:00,150235,,4,,,,,,1,1792.61
873276,10:20:00,10:20:00,150236,,5,,,,,,1,3544.81
873276,10:22:00,10:22:00,150237,,6,,,,,,1,4077.19
873276,10:23:00,10:23:00,150238,,7,,,,,,1,4493.03
873276,10:24:00,10:24:00,150239,,8,,,,,,1,4777.94
873276,10:25:00,10:28:00,154267,,9,,,,,,1,5274.87
873276,10:30:00,10:30:00,150226,,10,,,,,,1,5495.45
873276,10:31:00,10:31:00,150227,,11,,,,,,1,6077.38
873276,10:32:00,10:32:00,154273,,12,,,,,,1,6466.82
873276,10:33:00,10:33:00,219665,,13,,,,,,1,6778.23
873276,10:34:00,10:34:00,150229,,14,,,,,,1,7090.98
873276,10:37:00,10:37:00,154274,,15,,,,,,1,8825.58
873276,10:39:00,10:39:00,150231,,16,,,,,,1,9871.26
873276,10:41:00,10:41:00,150232,,17,,,,,,1,10696.75
873277,10:44:00,10:44:00,150232,,1,,,,,,1,0
873277,10:45:00,10:45:00,154272,,2,,,,,,1,752.86
873277,10:46:00,10:46:00,150234,,3,,,,,,1,996.95
873277,10:48:00,10:48:00,150235,,4,,,,,,1,1792.61
873277,10:52:00,10:52:00,150236,,5,,,,,,1,3544.81
873277,10:54:00,10:54:00,150237,,6,,,,,,1,4077.19
873277,10:55:00,10:55:00,150238,,7,,,,,,1,4493.03
873277,10:56:00,10:56:00,150239,,8,,,,,,1,4777.94
873277,10:57:00,11:00:00,154267,,9,,,,,,1,5274.87
873277,11:02:00,11:02:00,150226,,10,,,,,,1,5495.45
873277,11:03:00,11:03:00,150227,,11,,,,,,1,6077.38
873277,11:04:00,11:04:00,154273,,12,,,,,,1,6466.82
873277,11:05:00,11:05:00,219665,,13,,,,,,1,6778.23
873277,11:06:00,11:06:00,150229,,14,,,,,,1,7090.98
873277,11:09:00,11:09:00,154274,,15,,,,,,1,8825.58
873277,11:11:00,11:11:00,150231,,16,,,,,,1,9871.26
873277,11:13:00,11:13:00,150232,,17,,,,,,1,10696.75
873278,11:16:00,11:16:00,150232,,1,,,,,,1,0
873278,11:17:00,11:17:00,154272,,2,,,,,,1,752.86
873278,11:18:00,11:18:00,150234,,3,,,,,,1,996.95
873278,11:20:00,11:20:00,150235,,4,,,,,,1,1792.61
873278,11:24:00,11:24:00,150236,,5,,,,,,1,3544.81
873278,11:26:00,11:26:00,150237,,6,,,,,,1,4077.19
873278,11:27:00,11:27:00,150238,,7,,,,,,1,4493.03
873278,11:28:00,11:28:00,150239,,8,,,,,,1,4777.94
873278,11:29:00,11:32:00,154267,,9,,,,,,1,5274.87
873278,11:34:00,11:34:00,150226,,10,,,,,,1,5495.45
873278,11:35:00,11:35:00,150227,,11,,,,,,1,6077.38
873278,11:36:00,11:36:00,154273,,12,,,,,,1,6466.82
873278,11:37:00,11:37:00,219665,,13,,,,,,1,6778.23
873278,11:38:00,11:38:00,150229,,14,,,,,,1,7090.98
873278,11:41:00,11:41:00,154274,,15,,,,,,1,8825.58
873278,11:43:00,11:43:00,150231,,16,,,,,,1,9871.26
873278,11:45:00,11:45:00,150232,,17,,,,,,1,10696.75
873279,11:48:00,11:48:00,150232,,1,,,,,,1,0
873279,11:49:00,11:49:00,154272,,2,,,,,,1,752.86
873279,11:50:00,11:50:00,150234,,3,,,,,,1,996.95
873279,11:52:00,11:52:00,150235,,4,,,,,,1,1792.61
873279,11:56:00,11:56:00,150236,,5,,,,,,1,3544.81
873279,11:58:00,11:58:00,150237,,6,,,,,,1,4077.19
873279,11:59:00,11:59:00,150238,,7,,,,,,1,4493.03
873279,12:00:00,12:00:00,150239,,8,,,,,,1,4777.94
873279,12:01:00,12:04:00,154267,,9,,,,,,1,5274.87
873279,12:06:00,12:06:00,150226,,10,,,,,,1,5495.45
873279,12:07:00,12:07:00,150227,,11,,,,,,1,6077.38
873279,12:08:00,12:08:00,154273,,12,,,,,,1,6466.82
873279,12:09:00,12:09:00,219665,,13,,,,,,1,6778.23
873279,12:10:00,12:10:00,150229,,14,,,,,,1,7090.98
873279,12:13:00,12:13:00,154274,,15,,,,,,1,8825.58
873279,12:15:00,12:15:00,150231,,16,,,,,,1,9871.26
873279,12:17:00,12:17:00,150232,,17,,,,,,1,10696.75
873280,12:20:00,12:20:00,150232,,1,,,,,,1,0
873280,12:21:00,12:21:00,154272,,2,,,,,,1,752.86
873280,12:22:00,12:22:00,150234,,3,,,,,,1,996.95
873280,12:24:00,12:24:00,150235,,4,,,,,,1,1792.61
873280,12:28:00,12:28:00,150236,,5,,,,,,1,3544.81
873280,12:30:00,12:30:00,150237,,6,,,,,,1,4077.19
873280,12:31:00,12:31:00,150238,,7,,,,,,1,4493.03
873280,12:32:00,12:32:00,150239,,8,,,,,,1,4777.94
873280,12:33:00,12:36:00,154267,,9,,,,,,1,5274.87
873280,12:38:00,12:38:00,150226,,10,,,,,,1,5495.45
873280,12:39:00,12:39:00,150227,,11,,,,,,1,6077.38
873280,12:40:00,12:40:00,154273,,12,,,,,,1,6466.82
873280,12:41:00,12:41:00,219665,,13,,,,,,1,6778.23
873280,12:42:00,12:42:00,150229,,14,,,,,,1,7090.98
873280,12:45:00,12:45:00,154274,,15,,,,,,1,8825.58
873280,12:47:00,12:47:00,150231,,16,,,,,,1,9871.26
873280,12:49:00,12:49:00,150232,,17,,,,,,1,10696.75
873281,12:52:00,12:52:00,150232,,1,,,,,,1,0
873281,12:53:00,12:53:00,154272,,2,,,,,,1,752.86
873281,12:54:00,12:54:00,150234,,3,,,,,,1,996.95
873281,12:56:00,12:56:00,150235,,4,,,,,,1,1792.61
873281,13:00:00,13:00:00,150236,,5,,,,,,1,3544.81
873281,13:02:00,13:02:00,150237,,6,,,,,,1,4077.19
873281,13:03:00,13:03:00,150238,,7,,,,,,1,4493.03
873281,13:04:00,13:04:00,150239,,8,,,,,,1,4777.94
873281,13:05:00,13:08:00,154267,,9,,,,,,1,5274.87
873281,13:10:00,13:10:00,150226,,10,,,,,,1,5495.45
873281,13:11:00,13:11:00,150227,,11,,,,,,1,6077.38
873281,13:12:00,13:12:00,154273,,12,,,,,,1,6466.82
873281,13:13:00,13:13:00,219665,,13,,,,,,1,6778.23
873281,13:14:00,13:14:00,150229,,14,,,,,,1,7090.98
873281,13:17:00,13:17:00,154274,,15,,,,,,1,8825.58
873281,13:19:00,13:19:00,150231,,16,,,,,,1,9871.26
873281,13:21:00,13:21:00,150232,,17,,,,,,1,10696.75
873282,13:24:00,13:24:00,150232,,1,,,,,,1,0
873282,13:25:00,13:25:00,154272,,2,,,,,,1,752.86
873282,13:26:00,13:26:00,150234,,3,,,,,,1,996.95
873282,13:28:00,13:28:00,150235,,4,,,,,,1,1792.61
873282,13:32:00,13:32:00,150236,,5,,,,,,1,3544.81
873282,13:34:00,13:34:00,150237,,6,,,,,,1,4077.19
873282,13:35:00,13:35:00,150238,,7,,,,,,1,4493.03
873282,13:36:00,13:36:00,150239,,8,,,,,,1,4777.94
873282,13:37:00,13:40:00,154267,,9,,,,,,1,5274.87
873282,13:42:00,13:42:00,150226,,10,,,,,,1,5495.45
873282,13:43:00,13:43:00,150227,,11,,,,,,1,6077.38
873282,13:44:00,13:44:00,154273,,12,,,,,,1,6466.82
873282,13:45:00,13:45:00,219665,,13,,,,,,1,6778.23
873282,13:46:00,13:46:00,150229,,14,,,,,,1,7090.98
873282,13:49:00,13:49:00,154274,,15,,,,,,1,8825.58
873282,13:51:00,13:51:00,150231,,16,,,,,,1,9871.26
873282,13:53:00,13:53:00,150232,,17,,,,,,1,10696.75
873283,13:56:00,13:56:00,150232,,1,,,,,,1,0
873283,13:57:00,13:57:00,154272,,2,,,,,,1,752.86
873283,13:58:00,13:58:00,150234,,3,,,,,,1,996.95
873283,14:00:00,14:00:00,150235,,4,,,,,,1,1792.61
873283,14:04:00,14:04:00,150236,,5,,,,,,1,3544.81
873283,14:06:00,14:06:00,150237,,6,,,,,,1,4077.19
873283,14:07:00,14:07:00,150238,,7,,,,,,1,4493.03
873283,14:08:00,14:08:00,150239,,8,,,,,,1,4777.94
873283,14:09:00,14:12:00,154267,,9,,,,,,1,5274.87
873283,14:14:00,14:14:00,150226,,10,,,,,,1,5495.45
873283,14:15:00,14:15:00,150227,,11,,,,,,1,6077.38
873283,14:16:00,14:16:00,154273,,12,,,,,,1,6466.82
873283,14:17:00,14:17:00,219665,,13,,,,,,1,6778.23
873283,14:18:00,14:18:00,150229,,14,,,,,,1,7090.98
873283,14:21:00,14:21:00,154274,,15,,,,,,1,8825.58
873283,14:23:00,14:23:00,150231,,16,,,,,,1,9871.26
873283,14:25:00,14:25:00,150232,,17,,,,,,1,10696.75
873284,14:28:00,14:28:00,150232,,1,,,,,,1,0
873284,14:29:00,14:29:00,154272,,2,,,,,,1,752.86
873284,14:30:00,14:30:00,150234,,3,,,,,,1,996.95
873284,14:32:00,14:32:00,150235,,4,,,,,,1,1792.61
873284,14:36:00,14:36:00,150236,,5,,,,,,1,3544.81
873284,14:38:00,14:38:00,150237,,6,,,,,,1,4077.19
873284,14:39:00,14:39:00,150238,,7,,,,,,1,4493.03
873284,14:40:00,14:40:00,150239,,8,,,,,,1,4777.94
873284,14:41:00,14:44:00,154267,,9,,,,,,1,5274.87
873284,14:46:00,14:46:00,150226,,10,,,,,,1,5495.45
873284,14:47:00,14:47:00,150227,,11,,,,,,1,6077.38
873284,14:48:00,14:48:00,154273,,12,,,,,,1,6466.82
873284,14:49:00,14:49:00,219665,,13,,,,,,1,6778.23
873284,14:50:00,14:50:00,150229,,14,,,,,,1,7090.98
873284,14:53:00,14:53:00,154274,,15,,,,,,1,8825.58
873284,14:55:00,14:55:00,150231,,16,,,,,,1,9871.26
873284,14:57:00,14:57:00,150232,,17,,,,,,1,10696.75
873285,15:00:00,15:00:00,150232,,1,,,,,,1,0
873285,15:01:00,15:01:00,154272,,2,,,,,,1,752.86
873285,15:02:00,15:02:00,150234,,3,,,,,,1,996.95
873285,15:04:00,15:04:00,150235,,4,,,,,,1,1792.61
873285,15:08:00,15:08:00,150236,,5,,,,,,1,3544.81
873285,15:10:00,15:10:00,150237,,6,,,,,,1,4077.19
873285,15:11:00,15:11:00,150238,,7,,,,,,1,4493.03
873285,15:12:00,15:12:00,150239,,8,,,,,,1,4777.94
873285,15:13:00,15:16:00,154267,,9,,,,,,1,5274.87
873285,15:18:00,15:18:00,150226,,10,,,,,,1,5495.45
873285,15:19:00,15:19:00,150227,,11,,,,,,1,6077.38
873285,15:20:00,15:20:00,154273,,12,,,,,,1,6466.82
873285,15:21:00,15:21:00,219665,,13,,,,,,1,6778.23
873285,15:22:00,15:22:00,150229,,14,,,,,,1,7090.98
873285,15:25:00,15:25:00,154274,,15,,,,,,1,8825.58
873285,15:27:00,15:27:00,150231,,16,,,,,,1,9871.26
873285,15:29:00,15:29:00,150232,,17,,,,,,1,10696.75
873286,15:32:00,15:32:00,150232,,1,,,,,,1,0
873286,15:33:00,15:33:00,154272,,2,,,,,,1,752.86
873286,15:34:00,15:34:00,150234,,3,,,,,,1,996.95
873286,15:36:00,15:36:00,150235,,4,,,,,,1,1792.61
873286,15:40:00,15:40:00,150236,,5,,,,,,1,3544.81
873286,15:42:00,15:42:00,150237,,6,,,,,,1,4077.19
873286,15:43:00,15:43:00,150238,,7,,,,,,1,4493.03
873286,15:44:00,15:44:00,150239,,8,,,,,,1,4777.94
873286,15:45:00,15:48:00,154267,,9,,,,,,1,5274.87
873286,15:50:00,15:50:00,150226,,10,,,,,,1,5495.45
873286,15:51:00,15:51:00,150227,,11,,,,,,1,6077.38
873286,15:52:00,15:52:00,154273,,12,,,,,,1,6466.82
873286,15:53:00,15:53:00,219665,,13,,,,,,1,6778.23
873286,15:54:00,15:54:00,150229,,14,,,,,,1,7090.98
873286,15:57:00,15:57:00,154274,,15,,,,,,1,8825.58
873286,15:59:00,15:59:00,150231,,16,,,,,,1,9871.26
873286,16:01:00,16:01:00,150232,,17,,,,,,1,10696.75
873287,16:04:00,16:04:00,150232,,1,,,,,,1,0
873287,16:05:00,16:05:00,154272,,2,,,,,,1,752.86
873287,16:06:00,16:06:00,150234,,3,,,,,,1,996.95
873287,16:08:00,16:08:00,150235,,4,,,,,,1,1792.61
873287,16:12:00,16:12:00,150236,,5,,,,,,1,3544.81
873287,16:14:00,16:14:00,150237,,6,,,,,,1,4077.19
873287,16:15:00,16:15:00,150238,,7,,,,,,1,4493.03
873287,16:16:00,16:16:00,150239,,8,,,,,,1,4777.94
873287,16:17:00,16:20:00,154267,,9,,,,,,1,5274.87
873287,16:22:00,16:22:00,150226,,10,,,,,,1,5495.45
873287,16:23:00,16:23:00,150227,,11,,,,,,1,6077.38
873287,16:24:00,16:24:00,154273,,12,,,,,,1,6466.82
873287,16:25:00,16:25:00,219665,,13,,,,,,1,6778.23
873287,16:26:00,16:26:00,150229,,14,,,,,,1,7090.98
873287,16:29:00,16:29:00,154274,,15,,,,,,1,8825.58
873287,16:31:00,16:31:00,150231,,16,,,,,,1,9871.26
873287,16:33:00,16:33:00,150232,,17,,,,,,1,10696.75
873288,16:36:00,16:36:00,150232,,1,,,,,,1,0
873288,16:37:00,16:37:00,154272,,2,,,,,,1,752.86
873288,16:38:00,16:38:00,150234,,3,,,,,,1,996.95
873288,16:40:00,16:40:00,150235,,4,,,,,,1,1792.61
873288,16:44:00,16:44:00,150236,,5,,,,,,1,3544.81
873288,16:46:00,16:46:00,150237,,6,,,,,,1,4077.19
873288,16:47:00,16:47:00,150238,,7,,,,,,1,4493.03
873288,16:48:00,16:48:00,150239,,8,,,,,,1,4777.94
873288,16:49:00,16:52:00,154267,,9,,,,,,1,5274.87
873288,16:54:00,16:54:00,150226,,10,,,,,,1,5495.45
873288,16:55:00,16:55:00,150227,,11,,,,,,1,6077.38
873288,16:56:00,16:56:00,154273,,12,,,,,,1,6466.82
873288,16:57:00,16:57:00,219665,,13,,,,,,1,6778.23
873288,16:58:00,16:58:00,150229,,14,,,,,,1,7090.98
873288,17:01:00,17:01:00,154274,,15,,,,,,1,8825.58
873288,17:03:00,17:03:00,150231,,16,,,,,,1,9871.26
873288,17:05:00,17:05:00,150232,,17,,,,,,1,10696.75
873289,17:08:00,17:08:00,150232,,1,,,,,,1,0
873289,17:09:00,17:09:00,154272,,2,,,,,,1,752.86
873289,17:10:00,17:10:00,150234,,3,,,,,,1,996.95
873289,17:12:00,17:12:00,150235,,4,,,,,,1,1792.61
873289,17:16:00,17:16:00,150236,,5,,,,,,1,3544.81
873289,17:18:00,17:18:00,150237,,6,,,,,,1,4077.19
873289,17:19:00,17:19:00,150238,,7,,,,,,1,4493.03
873289,17:20:00,17:20:00,150239,,8,,,,,,1,4777.94
873289,17:21:00,17:24:00,154267,,9,,,,,,1,5274.87
873289,17:26:00,17:26:00,150226,,10,,,,,,1,5495.45
873289,17:27:00,17:27:00,150227,,11,,,,,,1,6077.38
873289,17:28:00,17:28:00,154273,,12,,,,,,1,6466.82
873289,17:29:00,17:29:00,219665,,13,,,,,,1,6778.23
873289,17:30:00,17:30:00,150229,,14,,,,,,1,7090.98
873289,17:33:00,17:33:00,154274,,15,,,,,,1,8825.58
873289,17:35:00,17:35:00,150231,,16,,,,,,1,9871.26
873289,17:37:00,17:37:00,150232,,17,,,,,,1,10696.75
873290,17:40:00,17:40:00,150232,,1,,,,,,1,0
873290,17:41:00,17:41:00,154272,,2,,,,,,1,752.86
873290,17:42:00,17:42:00,150234,,3,,,,,,1,996.95
873290,17:44:00,17:44:00,150235,,4,,,,,,1,1792.61
873290,17:48:00,17:48:00,150236,,5,,,,,,1,3544.81
873290,17:50:00,17:50:00,150237,,6,,,,,,1,4077.19
873290,17:51:00,17:51:00,150238,,7,,,,,,1,4493.03
873290,17:52:00,17:52:00,150239,,8,,,,,,1,4777.94
873290,17:53:00,17:56:00,154267,,9,,,,,,1,5274.87
873290,17:58:00,17:58:00,150226,,10,,,,,,1,5495.45
873290,17:59:00,17:59:00,150227,,11,,,,,,1,6077.38
873290,18:00:00,18:00:00,154273,,12,,,,,,1,6466.82
873290,18:01:00,18:01:00,219665,,13,,,,,,1,6778.23
873290,18:02:00,18:02:00,150229,,14,,,,,,1,7090.98
873290,18:05:00,18:05:00,154274,,15,,,,,,1,8825.58
873290,18:07:00,18:07:00,150231,,16,,,,,,1,9871.26
873290,18:09:00,18:09:00,150232,,17,,,,,,1,10696.75
873291,18:12:00,18:12:00,150232,,1,,,,,,1,0
873291,18:13:00,18:13:00,154272,,2,,,,,,1,752.86
873291,18:14:00,18:14:00,150234,,3,,,,,,1,996.95
873291,18:16:00,18:16:00,150235,,4,,,,,,1,1792.61
873291,18:20:00,18:20:00,150236,,5,,,,,,1,3544.81
873291,18:22:00,18:22:00,150237,,6,,,,,,1,4077.19
873291,18:23:00,18:23:00,150238,,7,,,,,,1,4493.03
873291,18:24:00,18:24:00,150239,,8,,,,,,1,4777.94
873291,18:25:00,18:28:00,154267,,9,,,,,,1,5274.87
873291,18:30:00,18:30:00,150226,,10,,,,,,1,5495.45
873291,18:31:00,18:31:00,150227,,11,,,,,,1,6077.38
873291,18:32:00,18:32:00,154273,,12,,,,,,1,6466.82
873291,18:33:00,18:33:00,219665,,13,,,,,,1,6778.23
873291,18:34:00,18:34:00,150229,,14,,,,,,1,7090.98
873291,18:37:00,18:37:00,154274,,15,,,,,,1,8825.58
873291,18:39:00,18:39:00,150231,,16,,,,,,1,9871.26
873291,18:41:00,18:41:00,150232,,17,,,,,,1,10696.75
873292,18:44:00,18:44:00,150232,,1,,,,,,1,0
873292,18:45:00,18:45:00,154272,,2,,,,,,1,752.86
873292,18:46:00,18:46:00,150234,,3,,,,,,1,996.95
873292,18:48:00,18:48:00,150235,,4,,,,,,1,1792.61
873292,18:52:00,18:52:00,150236,,5,,,,,,1,3544.81
873292,18:54:00,18:54:00,150237,,6,,,,,,1,4077.19
873292,18:55:00,18:55:00,150238,,7,,,,,,1,4493.03
873292,18:56:00,18:56:00,150239,,8,,,,,,1,4777.94
873292,18:57:00,19:00:00,154267,,9,,,,,,1,5274.87
873292,19:02:00,19:02:00,150226,,10,,,,,,1,5495.45
873292,19:03:00,19:03:00,150227,,11,,,,,,1,6077.38
873292,19:04:00,19:04:00,154273,,12,,,,,,1,6466.82
873292,19:05:00,19:05:00,219665,,13,,,,,,1,6778.23
873292,19:06:00,19:06:00,150229,,14,,,,,,1,7090.98
873292,19:09:00,19:09:00,154274,,15,,,,,,1,8825.58
873292,19:11:00,19:11:00,150231,,16,,,,,,1,9871.26
873292,19:13:00,19:13:00,150232,,17,,,,,,1,10696.75
873293,19:16:00,19:16:00,150232,,1,,,,,,1,0
873293,19:17:00,19:17:00,154272,,2,,,,,,1,752.86
873293,19:18:00,19:18:00,150234,,3,,,,,,1,996.95
873293,19:20:00,19:20:00,150235,,4,,,,,,1,1792.61
873293,19:24:00,19:24:00,150236,,5,,,,,,1,3544.81
873293,19:26:00,19:26:00,150237,,6,,,,,,1,4077.19
873293,19:27:00,19:27:00,150238,,7,,,,,,1,4493.03
873293,19:28:00,19:28:00,150239,,8,,,,,,1,4777.94
873293,19:29:00,19:32:00,154267,,9,,,,,,1,5274.87
873293,19:34:00,19:34:00,150226,,10,,,,,,1,5495.45
873293,19:35:00,19:35:00,150227,,11,,,,,,1,6077.38
873293,19:36:00,19:36:00,154273,,12,,,,,,1,6466.82
873293,19:37:00,19:37:00,219665,,13,,,,,,1,6778.23
873293,19:38:00,19:38:00,150229,,14,,,,,,1,7090.98
873293,19:41:00,19:41:00,154274,,15,,,,,,1,8825.58
873293,19:43:00,19:43:00,150231,,16,,,,,,1,9871.26
873293,19:45:00,19:45:00,150232,,17,,,,,,1,10696.75
873294,19:48:00,19:48:00,150232,,1,,,,,,1,0
873294,19:49:00,19:49:00,154272,,2,,,,,,1,752.86
873294,19:50:00,19:50:00,150234,,3,,,,,,1,996.95
873294,19:52:00,19:52:00,150235,,4,,,,,,1,1792.61
873294,19:56:00,19:56:00,150236,,5,,,,,,1,3544.81
873294,19:58:00,19:58:00,150237,,6,,,,,,1,4077.19
873294,19:59:00,19:59:00,150238,,7,,,,,,1,4493.03
873294,20:00:00,20:00:00,150239,,8,,,,,,1,4777.94
873294,20:01:00,20:04:00,154267,,9,,,,,,1,5274.87
873294,20:06:00,20:06:00,150226,,10,,,,,,1,5495.45
873294,20:07:00,20:07:00,150227,,11,,,,,,1,6077.38
873294,20:08:00,20:08:00,154273,,12,,,,,,1,6466.82
873294,20:09:00,20:09:00,219665,,13,,,,,,1,6778.23
873294,20:10:00,20:10:00,150229,,14,,,,,,1,7090.98
873294,20:13:00,20:13:00,154274,,15,,,,,,1,8825.58
873294,20:15:00,20:15:00,150231,,16,,,,,,1,9871.26
873294,20:17:00,20:17:00,150232,,17,,,,,,1,10696.75
873295,20:20:00,20:20:00,150232,,1,,,,,,1,0
873295,20:21:00,20:21:00,154272,,2,,,,,,1,752.86
873295,20:22:00,20:22:00,150234,,3,,,,,,1,996.95
873295,20:24:00,20:24:00,150235,,4,,,,,,1,1792.61
873295,20:28:00,20:28:00,150236,,5,,,,,,1,3544.81
873295,20:30:00,20:30:00,150237,,6,,,,,,1,4077.19
873295,20:31:00,20:31:00,150238,,7,,,,,,1,4493.03
873295,20:32:00,20:32:00,150239,,8,,,,,,1,4777.94
873295,20:33:00,20:36:00,154267,,9,,,,,,1,5274.87
873295,20:38:00,20:38:00,150226,,10,,,,,,1,5495.45
873295,20:39:00,20:39:00,150227,,11,,,,,,1,6077.38
873295,20:40:00,20:40:00,154273,,12,,,,,,1,6466.82
873295,20:41:00,20:41:00,219665,,13,,,,,,1,6778.23
873295,20:42:00,20:42:00,150229,,14,,,,,,1,7090.98
873295,20:45:00,20:45:00,154274,,15,,,,,,1,8825.58
873295,20:47:00,20:47:00,150231,,16,,,,,,1,9871.26
873295,20:49:00,20:49:00,150232,,17,,,,,,1,10696.75
873296,20:52:00,20:52:00,150232,,1,,,,,,1,0
873296,20:53:00,20:53:00,154272,,2,,,,,,1,752.86
873296,20:54:00,20:54:00,150234,,3,,,,,,1,996.95
873296,20:56:00,20:56:00,150235,,4,,,,,,1,1792.61
873296,21:00:00,21:00:00,150236,,5,,,,,,1,3544.81
873296,21:02:00,21:02:00,150237,,6,,,,,,1,4077.19
873296,21:03:00,21:03:00,150238,,7,,,,,,1,4493.03
873296,21:04:00,21:04:00,150239,,8,,,,,,1,4777.94
873296,21:05:00,21:08:00,154267,,9,,,,,,1,5274.87
873296,21:10:00,21:10:00,150226,,10,,,,,,1,5495.45
873296,21:11:00,21:11:00,150227,,11,,,,,,1,6077.38
873296,21:12:00,21:12:00,154273,,12,,,,,,1,6466.82
873296,21:13:00,21:13:00,219665,,13,,,,,,1,6778.23
873296,21:14:00,21:14:00,150229,,14,,,,,,1,7090.98
873296,21:17:00,21:17:00,154274,,15,,,,,,1,8825.58
873296,21:19:00,21:19:00,150231,,16,,,,,,1,9871.26
873296,21:21:00,21:21:00,150232,,17,,,,,,1,10696.75
873297,21:24:00,21:24:00,150232,,1,,,,,,1,0
873297,21:25:00,21:25:00,154272,,2,,,,,,1,752.86
873297,21:26:00,21:26:00,150234,,3,,,,,,1,996.95
873297,21:28:00,21:28:00,150235,,4,,,,,,1,1792.61
873297,21:32:00,21:32:00,150236,,5,,,,,,1,3544.81
873297,21:34:00,21:34:00,150237,,6,,,,,,1,4077.19
873297,21:35:00,21:35:00,150238,,7,,,,,,1,4493.03
873297,21:36:00,21:36:00,150239,,8,,,,,,1,4777.94
873297,21:37:00,21:40:00,154267,,9,,,,,,1,5274.87
873297,21:42:00,21:42:00,150226,,10,,,,,,1,5495.45
873297,21:43:00,21:43:00,150227,,11,,,,,,1,6077.38
873297,21:44:00,21:44:00,154273,,12,,,,,,1,6466.82
873297,21:45:00,21:45:00,219665,,13,,,,,,1,6778.23
873297,21:46:00,21:46:00,150229,,14,,,,,,1,7090.98
873297,21:49:00,21:49:00,154274,,15,,,,,,1,8825.58
873297,21:51:00,21:51:00,150231,,16,,,,,,1,9871.26
873297,21:53:00,21:53:00,150232,,17,,,,,,1,10696.75
873298,21:56:00,21:56:00,150232,,1,,,,,,1,0
873298,21:57:00,21:57:00,154272,,2,,,,,,1,752.86
873298,21:58:00,21:58:00,150234,,3,,,,,,1,996.95
873298,22:00:00,22:00:00,150235,,4,,,,,,1,1792.61
873298,22:04:00,22:04:00,150236,,5,,,,,,1,3544.81
873298,22:06:00,22:06:00,150237,,6,,,,,,1,4077.19
873298,22:07:00,22:07:00,150238,,7,,,,,,1,4493.03
873298,22:08:00,22:08:00,150239,,8,,,,,,1,4777.94
873298,22:09:00,22:09:00,154267,,9,,,,,,1,5274.87