shape_id,shape_pt_lat,shape_pt_lon,shape_pt_sequence,shape_dist_traveled
21262,35.921817,-79.071184,0,0
21262,35.92171,-79.07127,1,14.268510187516407
21262,35.92172,-79.0713,2,17.21195901135633
21262,35.92179,-79.07149,3,36.148471941275744
21262,35.92187,-79.07168,4,55.5721048324278
21262,35.92193,-79.0719,5,76.63807016092971
21262,35.9223,-79.07177,6,119.5888847483908
21262,35.92245,-79.07172,7,136.93555599291423
21262,35.92251,-79.0717,8,143.8742242456427
21262,35.92266,-79.07164,9,161.4802835822931
21262,35.92278,-79.0716,10,175.35761918204722
21262,35.92293,-79.07153,11,193.265381306146
21262,35.92315,-79.07139,12,220.9150572526607
21262,35.92275,-79.07096,13,280.22121121514016
21262,35.92272000978763,-79.07101411045075,14,286.1657253544768
21262,35.92251,-79.07071,15,322.3831914617933
21262,35.92184,-79.07005,16,418.2095039782661
21262,35.92177,-79.06998,17,428.28081519451956
21262,35.92163,-79.06984,18,448.42345172107946
21262,35.92136,-79.06955,19,488.4405848246694
21262,35.92122,-79.06941,20,508.5832770271313
21262,35.92116813591069,-79.06945592394257,21,515.7172730041284
21262,35.92103,-79.06922,22,542.1084847834144
21262,35.92076,-79.06895,23,580.9552077147441
21262,35.92067,-79.0688,24,597.8776258988553
21262,35.92064,-79.06875,25,603.5184356509261
21262,35.9206,-79.0686,26,617.8499422095836
21262,35.92059,-79.06859,27,619.2887130366856
21262,35.92059,-79.06838,28,638.354409692332
21262,35.9206,-79.06782,29,689.2085455694788
21262,35.9206,-79.0678,30,691.0243279211219
21262,35.92061,-79.06764,31,705.5934057703447
21262,35.92064,-79.06758,32,711.9876061523152
21262,35.92065,-79.06755,33,714.9311067722294
21262,35.92079,-79.06738,34,736.8944767218579
21262,35.92081,-79.06736,35,739.7720209894436
21262,35.920834,-79.067208,36,753.8295302976916
21262,35.92109,-79.06704,37,786.2191689009948
21262,35.92112,-79.067,38,791.1588404772966
21262,35.92126,-79.06666,39,825.7567909391707
21262,35.92134,-79.06644,40,847.6353407397855
21262,35.92146,-79.0662,41,873.2120113927998
21262,35.92159,-79.0661,42,890.3282747897738
21262,35.92172,-79.06603,43,906.1690320577209
21262,35.92175,-79.06601,44,909.9781335829593
21262,35.9219,-79.06597,45,927.1098174437519
21262,35.92204,-79.06596,46,942.7623735606218
21262,35.922078,-79.065888,47,950.5545554754182
21262,35.92247,-79.06593,48,994.473771270642
21262,35.92264,-79.06592,49,1013.4701563667066
21262,35.92262,-79.0655,50,1051.6660147380026
21262,35.92259,-79.06512,51,1086.3272549657208
21262,35.92259,-79.06503,52,1094.4981038022456
21262,35.92258,-79.06486,53,1109.9722406950332
21262,35.92256,-79.06477,54,1118.4425481483192
21262,35.92253,-79.06468,55,1127.2729067842836
21262,35.92247,-79.06453,56,1142.4486146344818
21262,35.92226,-79.06422,57,1179.0750655012457
21262,35.92218,-79.06411,58,1192.4715354724524
21262,35.92207,-79.06385,59,1219.0785432928726
21262,35.92204,-79.06379,60,1225.4726976586583
21262,35.922,-79.06365,61,1238.9443541370174
21262,35.92192,-79.06337,62,1265.887694445939
21262,35.92185,-79.06301,63,1299.4923824210123
21262,35.92182,-79.06286,64,1313.5162674304981
21262,35.92177,-79.06257,65,1340.429900827452
21262,35.92175,-79.06248,66,1348.9003205609006
21262,35.92174,-79.06237,67,1358.9492435021439
21262,35.921675,-79.062332,68,1366.9828136876718
21262,35.92174,-79.06228,69,1375.6386732151213
21262,35.92179,-79.06216,70,1387.87952713674
21262,35.92179,-79.06215,71,1388.7874127106234
21262,35.92184,-79.06206,72,1398.6823756539504
21262,35.92224,-79.06145,73,1469.8185861795967
21262,35.92232,-79.06134,74,1483.2151095166996
21262,35.92242,-79.0611,75,1507.6967067666085
21262,35.92248,-79.06089,76,1527.9041805232648
21262,35.9225,-79.0607,77,1545.297736310704
21262,35.92252,-79.06065,78,1550.3563367217696
21262,35.922493,-79.060571,79,1558.1360047846213
21262,35.92255,-79.06051,80,1566.5708814499367
21262,35.92265,-79.06023,81,1594.3339894923893
21262,35.92259,-79.0602,82,1601.5636565925904
21262,35.92249,-79.06014,83,1613.9836362163915
21262,35.92245,-79.06013,84,1618.539680270614
21262,35.92241,-79.06011,85,1623.3594607191637
21262,35.92234,-79.0601,86,1631.2252064747493
21262,35.92226,-79.06009,87,1640.200585111342
21262,35.92216,-79.0601,88,1651.3991266218338
21262,35.9221,-79.06011,89,1658.157392781195
21262,35.92207,-79.06012,90,1661.6267921181175
21262,35.92196,-79.06016,91,1674.4304483209148
21262,35.92194,-79.06017,92,1676.840340459486
21262,35.92185,-79.06023,93,1688.267745630379
21262,35.92181,-79.06027,94,1694.0228693212396
21262,35.92178,-79.0603,95,1698.3392126158335
21262,35.92136,-79.06072,96,1758.7680660700998
21262,35.92134,-79.06075,97,1762.289675881267
21262,35.92125,-79.06084,98,1775.23872809711
21262,35.92122,-79.06087,99,1779.555079737533
21262,35.92106,-79.06105,100,1803.762439282366
21262,35.92097,-79.06111,101,1815.1898575334005
21262,35.92097,-79.06112,102,1816.0977541025056
21262,35.92094,-79.06114,103,1819.9068938765872
21262,35.92089,-79.06116,104,1825.7756904884404
21262,35.92081,-79.0612,105,1835.415262594114
21262,35.9208,-79.0612,106,1836.5314285263498
21262,35.92077,-79.06121,107,1840.0008257571671
21262,35.9207,-79.06123,108,1848.0222104533354
21262,35.92059,-79.06124,109,1860.3335571961268
21262,35.92058,-79.06124,110,1861.4497230548982
21262,35.92045,-79.06124,111,1875.9598792293546
21262,35.92044,-79.06124,112,1877.0760450883167
21262,35.92041,-79.06123,113,1880.5454432391912
21262,35.92032,-79.06122,114,1890.631880549421
21262,35.92022,-79.0612,115,1901.9402755203148
21262,35.92007,-79.06113,116,1919.8484117466046
21262,35.92005,-79.06112,117,1922.2583084234698
21262,35.91987,-79.06102,118,1944.3054775542055
21262,35.9197,-79.06093,119,1964.9649184653288
21262,35.91941,-79.06078,120,2000.0820099960858
21262,35.919403,-79.060811,121,2003.0029813535775
21262,35.91938,-79.06076,122,2008.2973877550776
21262,35.91937,-79.06074,123,2010.4288358119484
21262,35.91937,-79.06072,124,2012.2446671038176
21262,35.91938,-79.0607,125,2014.3761152926338
21262,35.91943,-79.06055,126,2029.0939801956094
21262,35.9195,-79.06034,127,2049.6989834734673
21262,35.91958,-79.06014,128,2069.9340160890956
21262,35.91965,-79.05994,129,2089.7018867564793
21262,35.919617,-79.059869,130,2097.1262011226586
21262,35.91972,-79.05973,131,2114.1976586682395
21262,35.91911,-79.05942,132,2187.8720004016586
21262,35.919,-79.05936,133,2201.3041042639375
21262,35.918693,-79.059262,134,2236.7068468251623
21262,35.91845,-79.05905,135,2269.965536734047
21262,35.91825,-79.05894,136,2294.421186353027
21262,35.91809,-79.05883,137,2314.8828369872904
21262,35.91794,-79.05873,138,2333.928769172112
21262,35.91762,-79.05852,139,2374.416729059782
21262,35.91748,-79.05842,140,2392.4893489266888
21262,35.91732,-79.05833,141,2412.12878491875
21262,35.91713,-79.05823,142,2435.197892565386
21262,35.91681,-79.05804,143,2474.863186034737
21262,35.91665,-79.05794,144,2494.897460526473
21262,35.91649,-79.05784,145,2514.9317465894587
21262,35.91641,-79.057877,146,2524.4721602357527
21262,35.91633,-79.05774,147,2539.7843096563356
21262,35.91601,-79.05753,148,2580.2725174369816
21262,35.91574,-79.05736,149,2614.1320479598717
21262,35.91536,-79.05713,150,2661.4089304376516
21262,35.91534,-79.05711,151,2664.28660124042
21262,35.91531,-79.05708,152,2668.603108162917
21262,35.91529,-79.05705,153,2672.124901009414
21262,35.91523,-79.05693,154,2684.9141528018185
21262,35.91509,-79.05686,155,2701.783692420917
21262,35.91506,-79.05685,156,2705.253130895766
21262,35.91501,-79.05683,157,2711.1220097607647
21262,35.91489,-79.05676,158,2725.9475888687057
21262,35.91467,-79.05664,159,2752.8121520513064
21262,35.91459,-79.05659,160,2762.8293662373617
21262,35.91432,-79.05645,161,2795.5372896964664
21262,35.91406,-79.0563,162,2827.594871239822
21262,35.91369,-79.05608,163,2873.4706986428255
21262,35.91363,-79.05606,164,2880.4095927992885
21262,35.91344762080972,-79.05594908480128,165,2903.1212753672394
21262,35.913294,-79.056022,166,2921.5018282117585
21262,35.9133172807948,-79.05588202957591,167,2934.4739725876957
21262,35.91328,-79.05586,168,2939.0909614449374
21262,35.91326,-79.05585,169,2941.50090789056
21262,35.91314,-79.05578,170,2956.3265708298377
21262,35.91276,-79.05556,171,3003.2098625260924
21262,35.9126,-79.05547,172,3022.849592210785
21262,35.91239,-79.05535,173,3048.698056495113
21262,35.91217,-79.05521,174,3076.349245059324
21262,35.91189,-79.05506,175,3110.441100847688
21262,35.91183,-79.05503,176,3117.670967924433
21262,35.911689,-79.055045,177,3133.4678878081645
21262,35.91159,-79.05489,178,3151.361719307737
21262,35.9115,-79.05483,179,3162.7895639077806
21262,35.91132,-79.05473,180,3184.8373607302856
21262,35.9112,-79.05465,181,3200.0745035567115
21262,35.91115,-79.05462,182,3206.284720938192
21262,35.91095,-79.05449,183,3231.537084824321
21262,35.91071,-79.05431,184,3262.917838918438
21262,35.91049,-79.05487,185,3319.3860598573287
21262,35.91025,-79.05547,186,3380.097362125587
21262,35.90997,-79.05532,187,3414.189336665002
21262,35.90957,-79.05509,188,3463.4796492634673
21262,35.90952,-79.05506,189,3469.6898870712844
21262,35.90937,-79.05498,190,3487.940548108388
21262,35.90914,-79.05485,191,3516.196561988944
21262,35.908924,-79.054815,192,3540.5145623778803
21262,35.90882,-79.05468,193,3557.397247611596
21262,35.90872,-79.05466,194,3568.705802517806
21262,35.90858,-79.05465,195,3584.3586484794305
21262,35.90837,-79.05464,196,3607.8159586444917
21262,35.90821,-79.05464,197,3625.674799078856
21262,35.90789,-79.05467,198,3661.4962136878016
21262,35.90763,-79.05469,199,3690.573598488454
21262,35.90748,-79.05472,200,3707.536436566028
21262,35.90735,-79.05474,201,3722.1599547144306
21262,35.90733,-79.05474,202,3724.3923094019824
21262,35.90716,-79.05478,203,3743.7118452760433
21262,35.90705,-79.05479,204,3756.0233292492417
21262,35.90689,-79.05487,205,3775.3031515477055
21262,35.90669,-79.05485,206,3797.7004485815364
21262,35.90647,-79.05487,207,3822.3234144151807
21262,35.90627,-79.05491,208,3844.9405338579936
21262,35.90606,-79.05494,209,3868.53802892145
21262,35.90604,-79.05494,210,3870.770382883128
21262,35.90552,-79.05499,211,3928.9889044754673
21262,35.90526,-79.05501,212,3958.066277520425
21262,35.90508,-79.05503,213,3978.239381677301
21262,35.90492,-79.05495,214,3997.5192676297756
21262,35.90489,-79.05493,215,4001.3286218457015
21262,35.90482,-79.05487,216,4010.8540316564504
21262,35.90478,-79.05483,217,4016.6097020954926
21262,35.90472,-79.05476,218,4025.8432121958967
21262,35.90456,-79.05456,219,4051.314621494915
21262,35.90482,-79.0542,220,4095.028750864131
21262,35.90509,-79.05384,221,4139.491661066517
21262,35.90544,-79.05348,222,4190.4317126109
21262,35.905524,-79.053281,223,4210.790156889832
21262,35.90559,-79.05336,224,4221.072866837657
21262,35.90564,-79.05332,225,4227.731721422124
21262,35.90579,-79.05323,226,4246.362662983735
21262,35.9058,-79.05322,227,4247.801577057609
21262,35.90598,-79.05313,228,4269.491476663565
21262,35.90604,-79.0531,229,4276.721442323536
21262,35.90606,-79.05309,230,4279.131430780334
21262,35.90615,-79.05306,231,4289.539889984099
21262,35.90627,-79.05302,232,4303.417835099379
21262,35.90636,-79.05299,233,4313.8262935663715
21262,35.90646,-79.05296,234,4325.315737355141
21262,35.90656,-79.05294,235,4336.624331546212
21262,35.90675,-79.0529,236,4358.140574409448
21262,35.90688,-79.05289,237,4372.67930880524
21262,35.90718,-79.05283,238,4406.605090536242
21262,35.90733,-79.05281,239,4423.446014803222
21262,35.90738,-79.0528,240,4429.100311659195
21262,35.90766,-79.05277,241,4460.471878062144
21262,35.9077,-79.05277,242,4464.936601469639
21262,35.90781,-79.05278,243,4477.248124388332
21262,35.90793,-79.05279,244,4490.673040074245
21262,35.908,-79.0528,245,4498.538896145778
21262,35.90815,-79.05282,246,4515.37981870668
21262,35.90825,-79.05285,247,4526.86925043112
21262,35.90841,-79.05276,248,4546.509253127449
21262,35.90845,-79.05272,249,4552.264836947745
21262,35.90856,-79.05259,250,4569.297152887143
21262,35.90859,-79.05243,251,4584.206878880554
21262,35.90868,-79.05209,252,4616.673856889871
21262,35.90869,-79.05177,253,4645.752952276132
21262,35.908608,-79.051503,254,4671.66805451371
21262,35.90867,-79.05132,255,4689.668838880868
21262,35.90864,-79.05098,256,4720.723718472691
21262,35.90864,-79.05094,257,4724.3559343655525
21262,35.90863,-79.05072,258,4744.364285137117
21262,35.90862,-79.05057,259,4758.0307616278915
21262,35.90863,-79.05047,260,4767.179653237378
21262,35.90864,-79.05034,261,4779.037018654763
21262,35.90867,-79.0502,262,4792.183397477795
21262,35.90869,-79.0501,263,4801.534323166714
21262,35.90874,-79.04992,264,4818.805836114882
21262,35.90874,-79.04991,265,4819.713890444751
21262,35.90879,-79.04978,266,4832.771371666977
21262,35.9089,-79.04947,267,4863.4821819793215
21262,35.90892,-79.04941,268,4869.370107254905
21262,35.909,-79.0492,269,4890.426382005155
21262,35.90907,-79.04905,270,4906.129041261474
21262,35.90918,-79.04875,271,4936.009677213524
21262,35.90933,-79.04844,272,4968.762079030199
21262,35.90937,-79.04834,273,4978.880844743888
21262,35.90947,-79.04815,274,4999.429599413548
21262,35.90955,-79.04801,275,5014.964987123444
21262,35.9096,-79.04792,276,5024.86122581321
21262,35.9096,-79.0479,277,5026.677320376594
21262,35.90967,-79.04776,278,5041.59910843122
21262,35.90971,-79.04764,279,5053.374891446139
21262,35.909663,-79.047501,280,5067.043563612479
21262,35.9098,-79.04738,281,5085.873367333673
21262,35.90983,-79.04727,282,5096.4082192739215
21262,35.90984,-79.04721,283,5101.969654565502
21262,35.90989,-79.04692,284,5128.887876690215
21262,35.90996,-79.04663,285,5156.355885310933
21262,35.91006,-79.04603,286,5211.970199945672
21262,35.91008,-79.04589,287,5224.877344881842
21262,35.91012,-79.04566,288,5246.234275656877
21262,35.91017,-79.04544,289,5266.976185094705
21262,35.91019,-79.04532,290,5278.099041758124
21262,35.910131,-79.045229,291,5288.665497530156
21262,35.91023,-79.04512,292,5303.500383642746
21262,35.91026,-79.04498,293,5316.646622856139
21262,35.91029,-79.04484,294,5329.792860305822
21262,35.91043,-79.0441,295,5398.781208163721
21262,35.91045,-79.04397,296,5410.795002105243
21262,35.91058,-79.0433,297,5473.340385265539
21262,35.91062,-79.04299,298,5501.841589496233
21262,35.91064,-79.04285,299,5514.748707699659
21262,35.910581,-79.042622,300,5536.4742642459605
21262,35.9107,-79.04247,301,5555.629789888278
21262,35.91074,-79.04227,302,5574.331414953
21262,35.91075,-79.04217,303,5583.480184233865
21262,35.91084,-79.04164,304,5632.643712957952
21262,35.91089,-79.04137,305,5657.7880437901
21262,35.91093,-79.04114,306,5679.144917829452
21262,35.91096,-79.04099,307,5693.171127926925
21262,35.91101,-79.04065,308,5724.544926697829
21262,35.91103,-79.04043,309,5744.646188176225
21262,35.91104,-79.04029,310,5757.407679730488
21262,35.91104,-79.04024,311,5761.947888218674
21262,35.91105,-79.04006,312,5778.330709855534
21262,35.91105,-79.0399,313,5792.859381780458
21262,35.91105,-79.0396,314,5820.100651648687
21262,35.91106,-79.03869,315,5902.740116753609
21262,35.91109,-79.03858,316,5913.274962772926
21262,35.91108,-79.03845,317,5925.132186273281
21262,35.91107,-79.03828,318,5940.609238037212
21262,35.91105,-79.03812,319,5955.308459963309
21262,35.91103,-79.03798,320,5968.215613128742
21262,35.91101,-79.03783,321,5982.018026212808
21262,35.91098,-79.03769,322,5995.164300963087
21262,35.91095,-79.03754,323,6009.190584990032
21262,35.91092,-79.0374,324,6022.336875232419
21262,35.91087,-79.0372,325,6041.336040086527
21262,35.91081,-79.03702,326,6058.999791633887
21262,35.91076,-79.03687,327,6073.7195973054795
21262,35.91062,-79.03651,328,6109.952541813963
21262,35.91052,-79.03627,329,6134.43802610304
21262,35.91044,-79.03603,330,6157.989823487162
21262,35.91038,-79.0358,331,6179.922628739471
21262,35.91034,-79.03563,332,6195.99230256309
21262,35.91031,-79.03549,333,6209.138728507071
21262,35.91027,-79.0353,334,6226.960176966263
21262,35.91025,-79.03527,335,6230.482227549088
21262,35.91023,-79.03523,336,6234.745657358241
21262,35.91019,-79.035,337,6256.102923120149
21262,35.91018,-79.0349,338,6265.251862984369
21262,35.91018,-79.03489,339,6266.159922425343
21262,35.91014,-79.03468,340,6285.744902480785
21262,35.91011,-79.03449,341,6303.32001485675
21262,35.91007,-79.03421,342,6329.134777039368
21262,35.91004,-79.03402,343,6346.70991772919
21262,35.91002,-79.03395,344,6353.4469820325385
21262,35.91002,-79.03391,345,6357.079232808994
21262,35.91,-79.03381,346,6366.430252273489
21262,35.90998,-79.0337,347,6376.665377791694
21262,35.90996,-79.03355,348,6390.468065165516
21262,35.9099,-79.03315,349,6427.40292371653
21262,35.90988,-79.03303,350,6438.526038203491
21262,35.90984,-79.03279,351,6460.772281741226
21262,35.90981,-79.03259,352,6479.239754404809
21262,35.909711,-79.032289,353,6508.721934205556
21262,35.90974,-79.03213,354,6523.518643561952
21262,35.90961,-79.03137,355,6594.040989059805
21262,35.90946,-79.03062,356,6664.174356667642
21262,35.90942,-79.0305,357,6675.950494239233
21262,35.909311,-79.030265,358,6700.515043128619
21262,35.90933,-79.03006,359,6719.251026592392
21262,35.90916,-79.02928,360,6792.578914602199
21262,35.90915,-79.02921,361,6799.032732432424
21262,35.90897,-79.02843,362,6872.6576321921475
21262,35.90884,-79.02779,363,6932.559190148163
21262,35.90873,-79.02733,364,6976.09834941048
21262,35.90873,-79.02731,365,6977.914523856899
21262,35.90873,-79.0273,366,6978.822611103415
21262,35.90869,-79.02713,367,6994.892815192216
21262,35.90869,-79.02712,368,6995.800903161709
21262,35.90861,-79.02676,369,7029.689776222914
21262,35.90856,-79.02649,370,7054.835399831132
21262,35.90848,-79.02617,371,7085.235437578658
21262,35.90837,-79.02571,372,7128.774893569871
21262,35.90832,-79.02547,373,7151.272426633473
21262,35.90824,-79.02512,374,7184.286402473589
21262,35.90815,-79.02467,375,7226.367511378868
21262,35.90807,-79.02433,376,7258.5082859928625
21262,35.90797,-79.02383,377,7305.265232993808
21262,35.9079,-79.0236,378,7327.565276017853
21262,35.90787,-79.02346,379,7340.7123372231745
21262,35.907746,-79.023192,380,7368.710188907885
21262,35.90777,-79.02298,381,7388.147506913928
21262,35.90769,-79.02264,382,7420.2885121133495
21262,35.90764,-79.02246,383,7437.560989994852
21262,35.90755,-79.02216,384,7466.597484225149
21262,35.90749,-79.02196,385,7485.955171078964
21262,35.90745,-79.02185,386,7496.896833049601
21262,35.90742,-79.02177,387,7504.896355135372
21262,35.90741,-79.02173,388,7508.696436608307
21262,35.90729,-79.02142,389,7539.872168569031
21262,35.90724,-79.02133,390,7549.76902654425
21262,35.90708,-79.02093,391,7590.2467627488895
21262,35.90691,-79.02054,392,7630.426644589364
21262,35.90666,-79.01995,393,7690.837414982849
21262,35.90661,-79.01985,394,7701.496606678465
21262,35.906529,-79.019783,395,7712.394757494148
21262,35.90631,-79.01912,396,7777.376906278627
21262,35.90626,-79.01901,397,7788.819721256031
21262,35.90622,-79.01891,398,7798.939286018449
21262,35.90596,-79.01832,399,7859.874307685958
21262,35.90565,-79.01761,400,7933.05053582759
21262,35.90545,-79.01715,401,7980.416116593942
21262,35.90513,-79.01641,402,8056.52188353579
21262,35.90503,-79.01648,403,8069.367587072871
21262,35.90487,-79.0166,404,8090.289780627415
21262,35.90471,-79.01672,405,8111.211981724831
21262,35.90457,-79.01683,406,8129.759479573441
21262,35.90456,-79.01683,407,8130.87572453332
21262,35.90441,-79.01693,408,8149.923677362988
21262,35.90438,-79.01695,409,8153.733268554803
21262,35.90435,-79.01697,410,8157.542859956511
21262,35.90426,-79.01703,411,8168.971635411407
21262,35.90424,-79.01704,412,8171.381770610989
21262,35.90415,-79.01708,413,8182.064563786317
21262,35.90407,-79.01708,414,8190.994519872093
21262,35.90406,-79.01708,415,8192.110764381223
21262,35.90402,-79.01708,416,8196.575742423473
21262,35.90388,-79.01701,417,8213.446697713332
21262,35.90377,-79.01689,418,8229.86408782975
21262,35.90377,-79.01688,419,8230.77224762924
21262,35.9037,-79.01673,420,8246.476516329372
21262,35.90368,-79.0167,421,8249.998847975436
21262,35.90362,-79.016614,422,8260.287442593539
21262,35.90348,-79.01624,423,8297.675385059703
21262,35.90341,-79.01609,424,8313.37971352738
21262,35.90341,-79.01607,425,8315.196043801501
21262,35.90311,-79.01538,426,8386.246216066631
21262,35.90308,-79.01527,427,8396.78241822133
21262,35.90307,-79.01527,428,8397.898665964882
21262,35.90306,-79.01518,429,8406.148069391862
21262,35.90303,-79.01505,430,8418.420025896741
21262,35.90303,-79.01504,431,8419.328196937857
21262,35.90301,-79.01487,432,8434.927685441742
21262,35.90301,-79.01485,433,8436.744028524983
21262,35.903,-79.01484,434,8438.183051255468
21262,35.90295,-79.01468,435,8453.748817326092
21262,35.90294,-79.01466,436,8455.880746286331
21262,35.90293,-79.01464,437,8458.012675515152
21262,35.9029,-79.01458,438,8464.408464789136
21262,35.90283,-79.01449,439,8475.716060560688
21262,35.90274,-79.01438,440,8489.88382506104
21262,35.90272,-79.01436,441,8492.761876729122
21262,35.9027,-79.01433,442,8496.284248065083
21262,35.90263,-79.01422,443,8508.967053082812
21262,35.90261,-79.01418,444,8513.23092703386
21262,35.90259,-79.01416,445,8516.108981521522
21262,35.90258,-79.01414,446,8518.240919358208
21262,35.902425,-79.013822,447,8551.907134909192
21262,35.90243,-79.01376,448,8557.565443415036
21262,35.90235,-79.01356,449,8577.805544477802
21262,35.90204,-79.01375,450,8616.473000699252
21262,35.90202,-79.01377,451,8619.351065396966
21262,35.90186,-79.01382,452,8637.779300181382
21262,35.90174,-79.01384,453,8651.29689394034
21262,35.90133,-79.01384,454,8697.063156078695
21262,35.90079,-79.01384,455,8757.340671970878
21262,35.90061,-79.01384,456,8777.433177243918
21262,35.9006,-79.01357,457,8801.979999255069
21262,35.9006,-79.01293,458,8860.104912897883
21262,35.9006,-79.01253,459,8896.43301420697
21262,35.9006,-79.01209,460,8936.393952551894
21262,35.9006,-79.01186,461,8957.282636087632
21262,35.9006,-79.01166,462,8975.446714987107
21262,35.900574,-79.011502,463,8990.086898323
21262,35.9006,-79.01122,464,9015.862186789964
21262,35.90063,-79.01106,465,9030.77433540493
21262,35.90092,-79.01102,466,9063.348943709896
21262,35.90106,-79.01102,467,9078.976518474592
21262,35.901098,-79.01094,468,9087.389693084986
21262,35.90117,-79.01102,469,9098.224027913613
21262,35.90127,-79.01102,470,9109.38658132442
21262,35.90146,-79.011,471,9130.673071810046
21262,35.9016,-79.011,472,9146.300647102793
21262,35.90171,-79.01099,473,9158.612997450578
21262,35.90178,-79.01097,474,9166.635125033017
21262,35.90185,-79.01096,475,9174.501515265552
21262,35.90199,-79.01092,476,9190.545769632457
21262,35.90211,-79.01087,477,9204.689601153532
21262,35.90213,-79.01086,478,9207.099769460172
21262,35.90229,-79.01078,479,9226.381114172913
21262,35.90253,-79.01062,480,9256.858323597673
21262,35.90264,-79.01055,481,9270.685266476356
21262,35.90282,-79.01044,482,9293.124363000647
21262,35.90293,-79.01033,483,9308.953736620859
21262,35.90309,-79.01023,484,9328.990257743502
21262,35.90343,-79.01001,485,9371.880875630866
21262,35.90357,-79.00993,486,9389.114787618573
21262,35.90372,-79.00986,487,9407.024864493009
21262,35.90388,-79.00977,488,9426.666413438033
21262,35.90419,-79.00958,489,9465.333936012268
21262,35.90455,-79.00934,490,9511.049581705221
21262,35.90475,-79.00924,491,9535.151215475951
21262,35.904903,-79.009053,492,9559.236307825653
21262,35.90499,-79.00915,493,9572.347868512168
21262,35.90517,-79.00912,494,9592.624396679643
21262,35.90532,-79.0091,495,9609.46650303484
21262,35.90553,-79.0091,496,9632.907937683183
21262,35.9059,-79.00911,497,9674.21949580721
21262,35.90591,-79.00928,498,9689.698284788816
21262,35.90591,-79.00949,499,9708.769349706536
21262,35.90592,-79.00993,500,9748.743336636018
21262,35.906056,-79.01025,501,9781.530294943337
21265,35.905524,-79.053281,0,0
21265,35.90559,-79.05336,1,10.282709947824209
21265,35.90564,-79.05332,2,16.941564532290847
21265,35.90579,-79.05323,3,35.57250609390251
21265,35.9058,-79.05322,4,37.0114201677769
21265,35.90598,-79.05313,5,58.701319773732436
21265,35.90604,-79.0531,6,65.9312854337045
21265,35.90606,-79.05309,7,68.34127389050246
21265,35.90615,-79.05306,8,78.74973309426748
21265,35.90627,-79.05302,9,92.62767820954727
21265,35.90636,-79.05299,10,103.03613667653978
21265,35.90646,-79.05296,11,114.52558046530989
21265,35.90656,-79.05294,12,125.8341746563806
21265,35.90675,-79.0529,13,147.3504175196173
21265,35.90688,-79.05289,14,161.88915191540923
21265,35.90718,-79.05283,15,195.81493364641094
21265,35.90733,-79.05281,16,212.65585791339146
21265,35.90738,-79.0528,17,218.3101547693642
21265,35.90766,-79.05277,18,249.68172117231373
21265,35.9077,-79.05277,19,254.14644457980836
21265,35.90781,-79.05278,20,266.45796749850126
21265,35.90793,-79.05279,21,279.88288318441437
21265,35.908,-79.0528,22,287.74873925594744
21265,35.90815,-79.05282,23,304.5896618168498
21265,35.90825,-79.05285,24,316.0790935412896
21265,35.90841,-79.05276,25,335.7190962376176
21265,35.90845,-79.05272,26,341.4746800579135
21265,35.90856,-79.05259,27,358.50699599731183
21265,35.90859,-79.05243,28,373.416721990722
21265,35.90868,-79.05209,29,405.88370000003954
21265,35.90869,-79.05177,30,434.96279538630137
21265,35.908608,-79.051503,31,460.8778976238786
21265,35.90867,-79.05132,32,478.8786819910372
21265,35.90864,-79.05098,33,509.93356158285997
21265,35.90864,-79.05094,34,513.5657774757211
21265,35.90863,-79.05072,35,533.5741282472857
21265,35.90862,-79.05057,36,547.2406047380604
21265,35.90863,-79.05047,37,556.3894963475468
21265,35.90864,-79.05034,38,568.2468617649319
21265,35.90867,-79.0502,39,581.3932405879632
21265,35.90869,-79.0501,40,590.7441662768821
21265,35.90874,-79.04992,41,608.0156792250506
21265,35.90874,-79.04991,42,608.9237335549192
21265,35.90879,-79.04978,43,621.981214777145
21265,35.9089,-79.04947,44,652.6920250894898
21265,35.90892,-79.04941,45,658.5799503650729
21265,35.909,-79.0492,46,679.6362251153231
21265,35.90907,-79.04905,47,695.3388843716433
21265,35.90918,-79.04875,48,725.2195203236929
21265,35.90933,-79.04844,49,757.9719221403681
21265,35.90937,-79.04834,50,768.0906878540567
21265,35.90947,-79.04815,51,788.6394425237171
21265,35.90955,-79.04801,52,804.174830233613
21265,35.9096,-79.04792,53,814.071068923379
21265,35.9096,-79.0479,54,815.8871634867638
21265,35.90967,-79.04776,55,830.8089515413897
21265,35.90971,-79.04764,56,842.5847345563094
21265,35.909663,-79.047501,57,856.2534067226494
21265,35.9098,-79.04738,58,875.0832104438427
21265,35.90983,-79.04727,59,885.6180623840916
21265,35.90984,-79.04721,60,891.1794976756727
21265,35.90989,-79.04692,61,918.0977198003859
21265,35.90996,-79.04663,62,945.5657284211044
21265,35.91006,-79.04603,63,1001.1800430558429
21265,35.91008,-79.04589,64,1014.0871879920131
21265,35.91012,-79.04566,65,1035.4441187670482
21265,35.91017,-79.04544,66,1056.1860282048765
21265,35.91019,-79.04532,67,1067.308884868296
21265,35.910131,-79.045229,68,1077.8753406403284
21265,35.91023,-79.04512,69,1092.7102267529183
21265,35.91026,-79.04498,70,1105.8564659663116
21265,35.91029,-79.04484,71,1119.002703415994
21265,35.91043,-79.0441,72,1187.9910512738932
21265,35.91045,-79.04397,73,1200.0048452154147
21265,35.91058,-79.0433,74,1262.5502283757112
21265,35.91062,-79.04299,75,1291.0514326064047
21265,35.91064,-79.04285,76,1303.958550809831
21265,35.910581,-79.042622,77,1325.6841073561327
21265,35.9107,-79.04247,78,1344.83963299845
21265,35.91074,-79.04227,79,1363.5412580631723
21265,35.91075,-79.04217,80,1372.6900273440376
21265,35.91084,-79.04164,81,1421.853556068125
21265,35.91089,-79.04137,82,1446.9978869002734
21265,35.91093,-79.04114,83,1468.3547609396253
21265,35.91096,-79.04099,84,1482.380971037098
21265,35.91101,-79.04065,85,1513.7547698080032
21265,35.91103,-79.04043,86,1533.8560312863992
21265,35.91104,-79.04029,87,1546.6175228406619
21265,35.91104,-79.04024,88,1551.1577313288483
21265,35.91105,-79.04006,89,1567.5405529657082
21265,35.91105,-79.0399,90,1582.0692248906319
21265,35.91105,-79.0396,91,1609.3104947588613
21265,35.91106,-79.03869,92,1691.949959863783
21265,35.91109,-79.03858,93,1702.4848058831003
21265,35.91108,-79.03845,94,1714.3420293834554
21265,35.91107,-79.03828,95,1729.8190811473864
21265,35.91105,-79.03812,96,1744.5183030734843
21265,35.91103,-79.03798,97,1757.4254562389171
21265,35.91101,-79.03783,98,1771.2278693229825
21265,35.91098,-79.03769,99,1784.374144073262
21265,35.91095,-79.03754,100,1798.4004281002074
21265,35.91092,-79.0374,101,1811.5467183425942
21265,35.91087,-79.0372,102,1830.5458831967023
21265,35.91081,-79.03702,103,1848.2096347440627
21265,35.91076,-79.03687,104,1862.9294404156549
21265,35.91062,-79.03651,105,1899.1623849241387
21265,35.91052,-79.03627,106,1923.647869213216
21265,35.91044,-79.03603,107,1947.1996665973375
21265,35.91038,-79.0358,108,1969.132471849647
21265,35.91034,-79.03563,109,1985.202145673265
21265,35.91031,-79.03549,110,1998.3485716172465
21265,35.91027,-79.0353,111,2016.1700200764385
21265,35.91025,-79.03527,112,2019.6920706592634
21265,35.91023,-79.03523,113,2023.9555004684169
21265,35.91019,-79.035,114,2045.3127662303252
21265,35.91018,-79.0349,115,2054.4617060945448
21265,35.91018,-79.03489,116,2055.369765535519
21265,35.91014,-79.03468,117,2074.9547455909606
21265,35.91011,-79.03449,118,2092.529857966926
21265,35.91007,-79.03421,119,2118.344620149544
21265,35.91004,-79.03402,120,2135.919760839367
21265,35.91002,-79.03395,121,2142.656825142715
21265,35.91002,-79.03391,122,2146.2890759191705
21265,35.91,-79.03381,123,2155.640095383666
21265,35.90998,-79.0337,124,2165.8752209018708
21265,35.90996,-79.03355,125,2179.6779082756934
21265,35.9099,-79.03315,126,2216.6127668267063
21265,35.90988,-79.03303,127,2227.735881313668
21265,35.90984,-79.03279,128,2249.9821248514027
21265,35.90981,-79.03259,129,2268.4495975149857
21265,35.909711,-79.032289,130,2297.9317773157327
21265,35.90974,-79.03213,131,2312.7284866721284
21265,35.90961,-79.03137,132,2383.2508321699815
21265,35.90946,-79.03062,133,2453.384199777819
21265,35.90942,-79.0305,134,2465.16033734941
21265,35.909311,-79.030265,135,2489.724886238796
21265,35.90933,-79.03006,136,2508.4608697025687
21265,35.90916,-79.02928,137,2581.788757712375
21265,35.90915,-79.02921,138,2588.2425755426007
21265,35.90897,-79.02843,139,2661.8674753023233
21265,35.90884,-79.02779,140,2721.769033258339
21265,35.90873,-79.02733,141,2765.3081925206557
21265,35.90873,-79.02731,142,2767.124366967074
21265,35.90873,-79.0273,143,2768.0324542135895
21265,35.90869,-79.02713,144,2784.102658302392
21265,35.90869,-79.02712,145,2785.0107462718847
21265,35.90861,-79.02676,146,2818.899619333089
21265,35.90856,-79.02649,147,2844.045242941308
21265,35.90848,-79.02617,148,2874.4452806888335
21265,35.90837,-79.02571,149,2917.9847366800464
21265,35.90832,-79.02547,150,2940.4822697436475
21265,35.90824,-79.02512,151,2973.496245583764
21265,35.90815,-79.02467,152,3015.5773544890426
21265,35.90807,-79.02433,153,3047.718129103037
21265,35.90797,-79.02383,154,3094.4750761039827
21265,35.9079,-79.0236,155,3116.775119128027
21265,35.90787,-79.02346,156,3129.9221803333485
21265,35.907746,-79.023192,157,3157.9200320180585
21265,35.90769,-79.02264,158,3208.4356887695676
21265,35.90764,-79.02246,159,3225.7081666510703
21265,35.90755,-79.02216,160,3254.7446608813675
21265,35.90749,-79.02196,161,3274.102347735182
21265,35.90745,-79.02185,162,3285.0440097058186
21265,35.90742,-79.02177,163,3293.043531791589
21265,35.90741,-79.02173,164,3296.8436132645234
21265,35.90729,-79.02142,165,3328.0193452252474
21265,35.90724,-79.02133,166,3337.9162032004665
21265,35.90708,-79.02093,167,3378.3939394051063
21265,35.90691,-79.02054,168,3418.5738212455803
21265,35.90666,-79.01995,169,3478.9845916390655
21265,35.90661,-79.01985,170,3489.6437833346813
21265,35.906529,-79.019783,171,3500.541934150364
21265,35.90631,-79.01912,172,3565.5240829348427
21265,35.90626,-79.01901,173,3576.966897912246
21265,35.90622,-79.01891,174,3587.0864626746643
21265,35.90596,-79.01832,175,3648.0214843421736
21265,35.90565,-79.01761,176,3721.1977124838045
21265,35.90545,-79.01715,177,3768.563293250157
21265,35.90513,-79.01641,178,3844.669060192005
21265,35.90485,-79.01577,179,3910.6612216862272
21265,35.90485,-79.01576,180,3911.5693706160287
21265,35.90469,-79.01537,181,3951.2355087958636
21265,35.9046,-79.01518,182,3971.2019281289845
21265,35.90452,-79.01497,183,3992.260323757682
21265,35.9041,-79.014,184,4092.0502572585438
21265,35.90387,-79.01344,185,4149.020278815181
21265,35.90385,-79.01341,186,4152.542624467144
21265,35.90381,-79.01332,187,4161.856163522941
21265,35.90377,-79.01323,188,4171.1697075785805
21265,35.90375,-79.01318,189,4176.229665393624
21265,35.90327,-79.01202,190,4294.419970193374
21265,35.9031,-79.01165,191,4333.0104381272495
21265,35.90289,-79.01115,192,4384.112877717292
21265,35.90271,-79.01071,193,4428.839901649914
21265,35.9026,-79.0108,194,4443.590412715992
21265,35.90241,-79.0109,195,4466.661938592091
21265,35.90229,-79.01097,196,4481.489041555489
21265,35.90218,-79.01103,197,4494.922657172578
21265,35.90198,-79.0111,198,4518.135278233386
21265,35.90193,-79.01111,199,4523.789962042486
21265,35.90176,-79.01115,200,4543.110892213912
21265,35.90175,-79.01115,201,4544.227147325993
21265,35.90154,-79.01118,202,4567.826311125421
21265,35.90131,-79.011303,203,4595.825133596159
21265,35.90125,-79.01119,204,4608.07986152664
21265,35.90106,-79.0112,205,4629.308143433134
21265,35.90061,-79.011235,206,4679.640093489845
21265,35.900611,-79.01166,207,4718.23893673542
21265,35.900609,-79.01186,208,4736.404385232463
21265,35.900625,-79.012075,209,4756.012268904545
21265,35.901292,-79.012101,210,4830.50380790493
21265,35.901558,-79.012115,211,4860.223358916481
21265,35.901647,-79.012153,212,4870.74037638541
21265,35.901671,-79.012271,213,4881.786812867407
21265,35.901652,-79.012349,214,4889.181379411786
21265,35.901575,-79.012367,215,4897.930605277892
21265,35.901417,-79.012289,216,4916.936875601775
21265,35.901255,-79.012135,217,4939.797750171862
21265,35.901243,-79.012135,218,4941.1372541866995
21265,35.900678,-79.012127,219,5004.209753483848
21265,35.900625,-79.012115,220,5010.225441716289
21265,35.900587,-79.012094,221,5014.876255384847
21265,35.900587,-79.011859,222,5036.2190442201945
21265,35.900583,-79.011657,223,5054.570200191654
21265,35.900574,-79.011502,224,5068.683171832718
21265,35.900586,-79.011237,225,5092.78784476761
21265,35.90036,-79.01121,226,5118.134104595792
21265,35.899632,-79.011213,227,5199.397924917561
21265,35.89943,-79.01119,228,5222.042828160089
21265,35.89934,-79.01118,229,5232.130092993066
21265,35.89924,-79.01118,230,5243.292643471688
21265,35.89919,-79.01117,231,5248.947331690759
21265,35.89889,-79.01117,232,5282.4349836333595
21265,35.89879,-79.01113,233,5294.173829964345
21265,35.89856,-79.01116,234,5319.991873267205
21265,35.89835,-79.01123,235,5344.280066074217
21265,35.89816,-79.01133,236,5367.351769386226
21265,35.89794,-79.01147,237,5395.005956508509
21265,35.89776,-79.01164,238,5420.34576161908
21265,35.89763,-79.01177,239,5439.053655214166
21265,35.89747,-79.01196,240,5463.888510644047
21265,35.89731,-79.01218,241,5490.688392787065
21265,35.89717,-79.01204,242,5510.835388572395
21265,35.89712,-79.01199,243,5518.030748773852
21265,35.89706,-79.01195,244,5525.650152938815
21265,35.89699,-79.01194,245,5533.5165370919585
21265,35.89697,-79.01194,246,5535.749044451411
21265,35.89678,-79.0123,247,5574.7221045354345
21265,35.89677,-79.01231,248,5576.161178606383
21265,35.8967,-79.01246,249,5591.866612473514
21265,35.89666,-79.01251,250,5598.235222499464
21265,35.89661,-79.01254,251,5604.446079113582
21265,35.89657,-79.01255,252,5609.002528862257
21265,35.89655,-79.01256,253,5611.412714846195
21265,35.89654,-79.01256,254,5612.528967413732
21265,35.89651,-79.01256,255,5615.877725117102
21265,35.89648,-79.01255,256,5619.347465299545
21265,35.89645,-79.01254,257,5622.817205627812
21265,35.89643,-79.01252,258,5625.6953576254655
21265,35.8964,-79.01247,259,5631.337803133406
21265,35.89639,-79.01242,260,5636.014238190131
21265,35.89639,-79.0124,261,5637.830741625222
21265,35.896321,-79.012302,262,5649.601406738481
21267,35.945704,-78.996651,0,0
21267,35.94565,-78.99665,1,6.0286019435400515
21267,35.94565,-78.99684,2,23.274981068816075
21267,35.94566,-78.99689,3,27.94876364685105
21267,35.94565,-78.99694,4,32.622545849276406
21267,35.94565,-78.99701,5,38.976472656736064
21267,35.94565,-78.99707,6,44.42269506470474
21267,35.94564,-78.99715,7,51.76962267463679
21267,35.94564,-78.99722,8,58.12354815024389
21267,35.94563,-78.99727,9,62.79732900259896
21267,35.9456,-78.99754,10,87.53306559612506
21267,35.94533,-78.99893,11,217.25384331243876
21267,35.94504,-79.00021,12,337.86562552726116
21267,35.94477,-79.00139,13,449.13471086188304
21267,35.94465,-79.00188,14,495.5857387620957
21267,35.9446,-79.00211,15,517.1962206412969
21267,35.94463817313904,-79.00230609325409,16,535.4987137368117
21267,35.94453,-79.00243,17,552.0003679609604
21267,35.94451,-79.00253,18,561.3479766222644
21267,35.94446,-79.00278,19,584.7170015621573
21267,35.94444,-79.00289,20,594.9483500224926
21267,35.9444,-79.00312,21,616.2978036521976
21267,35.94438,-79.00327,22,630.0952635232509
21267,35.94435,-79.00343,23,644.9997003247304
21267,35.94433,-79.00357,24,657.9022500480359
21267,35.94438514448574,-79.00365072883608,25,667.4724428059915
21267,35.94429,-79.00391,26,693.2922251665619
21267,35.94427,-79.00419,27,718.8059532868425
21267,35.94424,-79.00456,28,752.5577368949894
21267,35.94423,-79.00468,29,763.5072942896774
21267,35.94423,-79.00482,30,776.2152197800202
21267,35.94422,-79.00496,31,788.9720755513475
21267,35.94422,-79.00513,32,804.403122604272
21267,35.94422,-79.00572,33,857.9579003481003
21267,35.94422,-79.00612,34,894.2661954388544
21267,35.94422,-79.00616,35,897.8970236671038
21267,35.94422,-79.00629,36,909.6972138051007
21267,35.94422,-79.0066,37,937.8361188261263
21267,35.94422,-79.00708,38,981.4060086970514
21267,35.94422,-79.00742,39,1012.2679937467377
21267,35.94422,-79.00752,40,1021.3450449737783
21267,35.9443329172174,-79.0077339067459,41,1044.493924462666
21267,35.94422,-79.00782,42,1059.3244186847653
21267,35.94423,-79.00796,43,1072.0812131285315
21267,35.94423,-79.00818,44,1092.0507040814016
21267,35.94424,-79.00854,45,1124.747095857224
21267,35.94427,-79.00871,46,1140.5372380868716
21267,35.9442,-79.00871,47,1148.3510554791944
21267,35.94399,-79.00868,48,1171.9501456757027
21267,35.94366,-79.00866,49,1208.8314231184963
21267,35.94346,-79.00866,50,1231.15661740818
21267,35.94319,-79.00864,51,1261.3502569198981
21267,35.9428,-79.00861,52,1304.9694745183974
21267,35.9428,-79.00884,53,1325.8470287140594
21267,35.942851030833296,-79.00900769692421,54,1342.1001224869315
21267,35.94281,-79.00928,55,1367.2383455191919
21267,35.94281,-79.00995,56,1428.055474137502
21267,35.94281,-79.01039,57,1467.9950454829464
21267,35.94281,-79.01128,58,1548.7818196534884
21267,35.94281,-79.0116,59,1577.8287215452813
21267,35.94276,-79.0117,60,1588.4844884595814
21267,35.94265,-79.01188,61,1608.9228911369482
21267,35.94253817521644,-79.01218597668648,62,1639.373003277381
21267,35.94239,-79.0123,63,1658.8845352084927
21267,35.94238,-79.01233,64,1661.8275966547358
21267,35.94226,-79.0125,65,1682.2616399565
21267,35.94206,-79.01281,66,1718.1814363177004
21267,35.94204,-79.01283,67,1721.0589207975538
21267,35.94194,-79.01303,68,1742.370567827331
21267,35.941764516869,-79.0134362098217,69,1784.123350387746
21267,35.94165,-79.01352,70,1798.9979240325765
21267,35.94139,-79.014,71,1851.3499100231056
21267,35.94097,-79.01473,72,1932.522109845876
21267,35.94087,-79.01492,73,1953.0661449492293
21267,35.94059,-79.01535,74,2003.0702848958456
21267,35.94052,-79.01546,75,2015.7492668270127
21267,35.940458405110284,-79.01569644295692,76,2038.2864383095211
21267,35.94029,-79.01575,77,2057.7030844555957
21267,35.93989,-79.01635,78,2128.1302385976314
21267,35.93945681201357,-79.01709953372955,79,2211.6011071740345
21267,35.93915,-79.01744,80,2257.732133310918
21267,35.93909,-79.01754,81,2269.01295584158
21267,35.93896,-79.01772,82,2290.865954688296
21267,35.93882,-79.01792,83,2314.8205196123
21267,35.9388,-79.01794,84,2317.698027891424
21267,35.93868,-79.0181,85,2337.4558581731944
21267,35.93858,-79.01823,86,2353.699589479697
21267,35.93842,-79.0184,87,2377.3029183372023
21267,35.93817,-79.01864,88,2412.706104165729
21267,35.93792,-79.01883,89,2445.511920053224
21267,35.93782,-79.01891,90,2458.828734497379
21267,35.93763994836373,-79.01918119510653,91,2490.6089909369502
21267,35.93736,-79.01927,92,2522.8810365386016
21267,35.93723,-79.01936,93,2539.5339740438667
21267,35.93689,-79.01958,94,2582.4199436398326
21267,35.93655,-79.0198,95,2625.3059384406556
21267,35.93628,-79.01999,96,2660.030756289088
21267,35.93614,-79.02011,97,2679.080146827622
21267,35.93609,-79.02015,98,2685.7385849354428
21267,35.93606,-79.02018,99,2690.0548918516934
21267,35.93595,-79.02031,100,2707.085222299071
21267,35.93593,-79.02034,101,2710.606667413247
21267,35.93582,-79.0205,102,2729.6257771842247
21267,35.93582,-79.02051,103,2730.533560661391
21267,35.93575,-79.02063,104,2743.9395183747215
21267,35.935733434405584,-79.02079169080734,105,2758.733568269466
21267,35.93565,-79.0208,106,2768.0773294889864
21267,35.93551,-79.02106,107,2796.384359358839
21267,35.93548,-79.02114,108,2804.3815304305126
21267,35.9354,-79.0213,109,2821.4316557751263
21267,35.93535,-79.02141,110,2832.871195031822
21267,35.93525,-79.0216,111,2853.4160486861015
21267,35.93507,-79.02198,112,2893.3368706596275
21267,35.93537,-79.02235,113,2940.7662696131665
21267,35.93562,-79.02264,114,2979.1300900557476
21267,35.93581,-79.02287,115,3008.8913079161725
21267,35.93599,-79.023,116,3032.1928897688917
21267,35.93607,-79.02306,117,3042.6527543400025
21267,35.93617,-79.02317,118,3057.629695894937
21267,35.93622,-79.02325,119,3066.788790498944
21267,35.9363,-79.02339,120,3082.321245497889
21267,35.93632,-79.02355,121,3097.01619030578
21267,35.93481,-79.02376,122,3266.6419832295496
21267,35.93344,-79.0239,123,3420.093052975219
21267,35.93308,-79.02395,124,3460.5329613424346
21267,35.93285,-79.02397,125,3486.2704255393232
21267,35.93255,-79.02401,126,3519.953701627957
21267,35.93249,-79.02401,127,3526.6510950871566
21267,35.93253,-79.0245,128,3571.357616232302
21267,35.93254,-79.02465,129,3585.0205236276984
21267,35.93254,-79.02472,130,3591.3752313819296
21267,35.93255,-79.0249,131,3607.7539846278673
21267,35.93255,-79.02495,132,3612.2930592726852
21267,35.93255,-79.02499,133,3615.9243187282736
21267,35.93253,-79.02508,134,3624.3941616085363
21267,35.93251,-79.02523,135,3638.1931714475613
21267,35.93246,-79.02534,136,3649.6329601385532
21267,35.932469408678244,-79.02545766749382,137,3660.366497688081
21267,35.93238,-79.02545,138,3670.3708040063952
21267,35.93227,-79.02556,139,3686.197428795644
21267,35.93214,-79.02567,140,3703.8124432528634
21267,35.93209,-79.02573,141,3711.6110363116477
21267,35.93204,-79.02579,142,3719.4096310503237
21267,35.93201,-79.02584,143,3725.0502977594797
21267,35.93197,-79.0259,144,3732.0933377424158
21267,35.93194,-79.02596,145,3738.4872928469595
21267,35.93192,-79.02601,146,3743.545683978675
21267,35.93191,-79.02606,147,3748.2200208945915
21267,35.9319,-79.0261,148,3752.0189920138605
21267,35.93189,-79.02614,149,3755.8179633311397
21267,35.93188,-79.0262,150,3761.3780853671965
21267,35.93188,-79.02624,151,3765.009368599002
21267,35.93188,-79.02629,152,3769.5484723130326
21267,35.93188,-79.02636,153,3775.90321690193
21267,35.93189,-79.02648,154,3786.854099743676
21267,35.93189,-79.02657,155,3795.024481989046
21267,35.93193,-79.02705,156,3838.827972214961
21267,35.93194,-79.02729,157,3860.6441977907034
21267,35.93195,-79.02736,158,3867.096216383975
21267,35.93196,-79.02738,159,3869.2275298464874
21267,35.93198,-79.02748,160,3878.5761766488417
21267,35.93201,-79.02757,161,3887.4061481960525
21267,35.93204,-79.02763,162,3893.8000820915804
21267,35.93205,-79.02765,163,3895.931392858605
21267,35.93207,-79.02768,164,3899.4529008704367
21267,35.93208,-79.0277,165,3901.5842108750303
21267,35.93209,-79.02771,166,3903.022991641126
21267,35.93211,-79.02773,167,3905.9005528846556
21267,35.93216,-79.02779,168,3913.69911929856
21267,35.9322,-79.02783,169,3919.454238619333
21267,35.93223,-79.02785,170,3923.263456604424
21267,35.93225,-79.02787,171,3926.1410151576965
21267,35.93227,-79.02788,172,3928.550986599657
21267,35.93228,-79.02789,173,3929.9897655623427
21267,35.93231,-79.0279,174,3933.4593124981666
21267,35.93233,-79.02791,175,3935.8692835611423
21267,35.93236,-79.02792,176,3939.338830234432
21267,35.9324,-79.02793,177,3943.8950857943914
21267,35.9324930308533,-79.02784075826646,178,3957.065823213272
21267,35.93252,-79.02795,179,3967.4297457252087
21267,35.93256,-79.02795,180,3971.894646567991
21267,35.93274,-79.02798,181,3992.1704367457937
21267,35.9329,-79.02801,182,4010.236493735278
21267,35.93303,-79.02803,183,4024.8605636832285
21267,35.93317,-79.02805,184,4040.592832208818
21267,35.9333,-79.02807,185,4055.216900459413
21267,35.93344,-79.02809,186,4070.9491672732274
21267,35.93362,-79.02814,187,4091.5475383129465
21267,35.93369,-79.02816,188,4099.569279005958
21267,35.93384,-79.02822,189,4117.176319549961
21267,35.93397,-79.02829,190,4133.017634659625
21267,35.93402,-79.02832,191,4139.227765976063
21267,35.93411,-79.02838,192,4150.6553494071195
21267,35.93416,-79.02842,193,4157.313749443113
21267,35.93421,-79.02846,194,4163.972147793102
21267,35.93431,-79.02857,195,4178.9491179541465
21267,35.93437755157969,-79.02850221593857,196,4188.681514584137
21267,35.93438,-79.02866,197,4203.007576437473
21267,35.93446,-79.02875,198,4215.110945348007
21267,35.93452,-79.02882,199,4224.343180569163
21267,35.93457,-79.02888,200,4232.141616475621
21267,35.9347,-79.02904,201,4252.67279172338
21267,35.93501,-79.02942,202,4301.53295796239
21267,35.93483,-79.02963,203,4329.2295588707775
21267,35.93482,-79.02963,204,4330.345781092455
21267,35.934754,-79.029843,205,4351.037450147977
21267,35.93459,-79.02987,206,4369.506843573107
21267,35.93443,-79.03002,207,4391.965248270191
21267,35.93423,-79.03022,208,4420.740424533808
21267,35.93387,-79.03057,209,4471.967861891782
21267,35.93295,-79.03145,210,4602.07348868326
21267,35.9324,-79.03199,211,4680.636055612442
21267,35.932349,-79.032249,212,4704.827582646975
21267,35.93217,-79.03222,213,4724.9805717842555
21267,35.93211,-79.03228,214,4733.613191245942
21267,35.93176,-79.03261,215,4782.844739358627
21267,35.931488,-79.033089,216,4835.879443266513
21267,35.93134,-79.03302,217,4853.547131066996
21267,35.93133,-79.03304,218,4855.67843747937
21267,35.9313,-79.03306,219,4859.487633665842
21267,35.93115,-79.03321,220,4881.069252034572
21267,35.93111,-79.03324,221,4886.299187651802
21267,35.931,-79.03335,222,4902.125717399326
21267,35.93092,-79.03342,223,4913.085771546986
21267,35.93079,-79.03352,224,4930.202354513008
21267,35.93068,-79.03362,225,4945.472345592933
21267,35.93063,-79.03366,226,4952.130777708676
21267,35.93048,-79.03374,227,4970.381283140723
21267,35.9304,-79.03378,228,4980.021109923662
21267,35.93033,-79.03382,229,4988.637213607083
21267,35.93024,-79.03386,230,4999.319310207085
21267,35.93015,-79.0339,231,5010.001407539048
21267,35.93008,-79.03392,232,5018.023092833073
21267,35.92987,-79.03402,233,5043.160177726706
21267,35.92985,-79.03402,234,5045.392606468525
21267,35.92972,-79.0341,235,5061.619413778766
21267,35.92957,-79.03416,236,5079.226375464299
21267,35.9293,-79.03428,237,5111.272685861276
21267,35.9289,-79.03447,238,5159.137290149517
21267,35.92882,-79.03451,239,5168.777133202953
21267,35.928649,-79.034717,240,5195.562895051538
21267,35.92838,-79.03471,241,5225.5957524357755
21267,35.9282,-79.0348,242,5247.285412454261
21267,35.92801,-79.03489,243,5270.012950507166
21267,35.92789,-79.03498,244,5285.702886918869
21267,35.92777,-79.03507,245,5301.392827581346
21267,35.92773,-79.0351,246,5306.622808746762
21267,35.92764,-79.03516,247,5318.050479407484
21267,35.92756,-79.03522,248,5328.510445405869
21267,35.92749,-79.03527,249,5337.546800392725
21267,35.92739,-79.03535,250,5350.863791389595
21267,35.92729,-79.03543,251,5364.180785734209
21267,35.92728,-79.03543,252,5365.296997578464
21267,35.9272,-79.0355,253,5376.25719002272
21267,35.92703,-79.03565,254,5399.613590942645
21267,35.92697,-79.0357,255,5407.704252981715
21267,35.92697,-79.0357,256,5407.704252981715
21267,35.926776,-79.036089,257,5449.130484095849
21267,35.92635,-79.03633,258,5501.473333115435
21267,35.92576,-79.03693,259,5586.938547930587
21267,35.92522,-79.03749,260,5665.792445263957
21267,35.92493,-79.03776,261,5706.3966109407365
21267,35.92472,-79.03793,262,5734.4619002251275
21267,35.9247,-79.03796,263,5737.9835478017385
21267,35.92451,-79.03808,264,5761.826158901722
21267,35.92446,-79.03812,265,5768.484699308779
21267,35.92423,-79.03825,266,5796.740520531908
21267,35.924214,-79.038389,267,5809.4859636570545
21267,35.92396,-79.0384,268,5837.855193645288
21267,35.92376,-79.03848,269,5861.331146199425
21267,35.92363,-79.03852,270,5876.289366783272
21267,35.92351,-79.03856,271,5890.1674237315565
21267,35.92339,-79.03858,272,5903.684416247654
21267,35.92319,-79.03863,273,5926.465409319417
21267,35.92285,-79.03871,274,5965.1052012535465
21267,35.92284,-79.03871,275,5966.221407228199
21267,35.922579,-79.038896,276,5999.894902213572
21267,35.92215,-79.03874,277,6049.830841621604
21267,35.92182,-79.0387,278,6086.844234472404
21267,35.92172,-79.03869,279,6098.043158575868
21267,35.92165,-79.03869,280,6105.8566006131705
21267,35.92161,-79.03869,281,6110.321424632917
21267,35.92156,-79.03868,282,6115.975822820596
21267,35.92146,-79.03869,283,6127.174747331994
21267,35.92139,-79.03871,284,6135.196416519077
21267,35.92128,-79.03874,285,6147.77317072522
21267,35.92106,-79.0388,286,6172.926679794988
21267,35.92088,-79.03887,287,6193.999623289033
21267,35.92085,-79.03888,288,6197.469143826937
21267,35.92078,-79.03889,289,6205.335157801029
21267,35.92069,-79.0389,290,6215.4219539308215
21267,35.92062,-79.03891,291,6223.287967861397
21267,35.92053,-79.03891,292,6233.3338183323385
21267,35.92044,-79.0389,293,6243.420614552573
21267,35.92036,-79.03889,294,6252.396298797116
21267,35.92034,-79.03889,295,6254.628710082792
21267,35.92014,-79.03886,296,6277.11837855271
21267,35.91988,-79.03882,297,6306.366085734691
21267,35.91973,-79.03879,298,6323.329286845154
21267,35.91961,-79.03877,299,6336.846286369734
21267,35.9195,-79.03878,300,6349.158074960221
21267,35.91943,-79.03879,301,6357.024091949402
21267,35.91936,-79.03881,302,6365.045770426239
21267,35.91927,-79.03884,303,6375.454346891182
21267,35.91921,-79.03887,304,6382.684304392947
21267,35.91914,-79.03893,305,6392.209389040601
21267,35.91907,-79.03898,306,6401.245935088691
21267,35.91901,-79.03905,307,6410.47888102407
21267,35.91895,-79.03913,308,6420.3588086931
21267,35.9189,-79.03917,309,6427.017478248521
21267,35.91853,-79.03964,310,6486.403602271693
21267,35.91822,-79.04001,311,6534.6312514324445
21267,35.918242,-79.040155,312,6548.023712132934
21267,35.91801,-79.04027,313,6575.9454628117155
21267,35.9179,-79.04041,314,6593.618500910799
21267,35.91778,-79.04057,315,6613.378467260715
21267,35.91777,-79.04059,316,6615.510015425545
21267,35.91766,-79.04075,317,6634.531078380827
21267,35.91765,-79.04076,318,6635.969934513131
21267,35.91754,-79.04096,319,6657.890584947424
21267,35.91744,-79.04115,320,6678.43808563126
21267,35.91737,-79.0413,321,6694.13968255107
21267,35.91732,-79.04141,322,6705.580860503985
21267,35.91722,-79.04163,323,6728.463227054151
21267,35.91717,-79.04176,324,6741.5197314958805
21267,35.91703,-79.0421,325,6776.1204911780205
21267,35.91696,-79.04228,326,6794.235619217054
21267,35.91693,-79.0424,327,6805.634223142654
21267,35.9169,-79.04247,328,6812.818179118657
21267,35.91687,-79.04261,329,6825.96343056422
21267,35.91686,-79.04266,330,6830.638489516792
21267,35.91683,-79.04281,331,6844.663667505108
21267,35.91682,-79.04292,332,6854.713526413195
21267,35.91681,-79.04302,333,6863.861587417914
21267,35.9168,-79.04316,334,6876.622091933251
21267,35.9168,-79.04339,335,6897.505417205931
21267,35.9168,-79.04352,336,6909.309032446822
21267,35.91682,-79.04371,337,6926.704303594778
21267,35.91685,-79.04387,338,6941.612746516969
21267,35.91687,-79.04396,339,6950.083909976248
21267,35.9169,-79.04403,340,6957.267850222833
21267,35.91695,-79.04419,341,6972.830474255699
21267,35.91701,-79.04436,342,6989.656199053965
21267,35.91706,-79.04453,343,7006.069599228997
21267,35.91712,-79.04471,344,7023.731934103929
21267,35.91715,-79.04481,345,7033.4093822503155
21267,35.91717,-79.04495,346,7046.315417899291
21267,35.91718,-79.04507,347,7057.26800858595
21267,35.91718,-79.04518,348,7067.255608015169
21267,35.91716,-79.04525,349,7073.9920056925885
21267,35.91713,-79.04538,350,7086.261328608111
21267,35.91713,-79.0454,351,7088.077256166695
21267,35.91706,-79.04559,352,7107.015483961216
21267,35.91693,-79.0459,353,7138.682557523097
21267,35.916781,-79.046571,354,7201.836289560203
21267,35.91634,-79.04744,355,7294.834124608883
21267,35.91626,-79.04764,356,7315.070239914336
21267,35.91611,-79.04804,357,7355.062507777413
21267,35.91592,-79.04853,358,7404.349219375359
21267,35.91591,-79.04854,359,7405.78807034557
21267,35.91582,-79.04878,360,7429.783480395721
21267,35.915796,-79.049136,361,7462.218166988018
21267,35.91551,-79.04961,362,7515.8031059081995
21267,35.91538,-79.04993,363,7548.280183500375
21267,35.915208,-79.050644,364,7615.892743836098
21267,35.91511,-79.05067,365,7627.083199527471
21267,35.91504,-79.05086,366,7646.0216727422185
21267,35.91493,-79.05115,367,7675.074973494074
21267,35.91477,-79.05156,368,7716.364307974263
21267,35.91458,-79.05205,369,7765.651428835988
21267,35.914399,-79.05278,370,7834.9448052731705
21267,35.91427,-79.05287,371,7851.500859162416
21267,35.91419,-79.05306,372,7870.926552128001
21267,35.91409,-79.05332,373,7897.039913191189
21267,35.91404,-79.05345,374,7910.096599864153
21267,35.91402,-79.0535,375,7915.15569868208
21267,35.9139,-79.05383,376,7947.976756256114
21267,35.91381,-79.05405,377,7970.336215969835
21267,35.91375,-79.05419,378,7984.704309487732
21267,35.91365,-79.05447,379,8012.470325649745
21267,35.91362,-79.05453,380,8018.865073040133
21267,35.91357,-79.05468,381,8033.5840124500755
21267,35.913587,-79.05493,382,8056.362962865388
21267,35.91344,-79.05499,383,8073.651575397517
21267,35.91339,-79.05511,384,8085.893601286346
21267,35.91335,-79.05521,385,8096.011840284663
21267,35.9133,-79.05534,386,8109.068588266325
21267,35.9132,-79.05562,387,8136.834687046667
21267,35.91318,-79.05566,388,8141.09786177603
21267,35.91314,-79.05578,389,8152.8730482746105
21267,35.91276,-79.05556,390,8199.756339970865
21267,35.9126,-79.05547,391,8219.396069655559
21267,35.91239,-79.05535,392,8245.244533939887
21267,35.91217,-79.05521,393,8272.895722504098
21267,35.91189,-79.05506,394,8306.987578292461
21267,35.91183,-79.05503,395,8314.217445369206
21267,35.911689,-79.055045,396,8330.014365252937
21267,35.91159,-79.05489,397,8347.908196752509
21267,35.9115,-79.05483,398,8359.336041352553
21267,35.91132,-79.05473,399,8381.38383817506
21267,35.9112,-79.05465,400,8396.620981001486
21267,35.91115,-79.05462,401,8402.831198382966
21267,35.91095,-79.05449,402,8428.083562269096
21267,35.91071,-79.05431,403,8459.464316363214
21267,35.91049,-79.05487,404,8515.932537302104
21267,35.91025,-79.05547,405,8576.643839570363
21267,35.90997,-79.05532,406,8610.735814109777
21267,35.90957,-79.05509,407,8660.026126708242
21267,35.90952,-79.05506,408,8666.236364516059
21267,35.90937,-79.05498,409,8684.487025553162
21267,35.90914,-79.05485,410,8712.743039433719
21267,35.908924,-79.054815,411,8737.061039822654
21267,35.90882,-79.05468,412,8753.94372505637
21267,35.90872,-79.05466,413,8765.25227996258
21267,35.90858,-79.05465,414,8780.905125924204
21267,35.90837,-79.05464,415,8804.362436089265
21267,35.90821,-79.05464,416,8822.221276523629
21267,35.90789,-79.05467,417,8858.042691132576
21267,35.90763,-79.05469,418,8887.120075933228
21267,35.90748,-79.05472,419,8904.082914010802
21267,35.90735,-79.05474,420,8918.706432159204
21267,35.90733,-79.05474,421,8920.938786846757
21267,35.90716,-79.05478,422,8940.258322720818
21267,35.90705,-79.05479,423,8952.569806694017
21267,35.90689,-79.05487,424,8971.84962899248
21267,35.90669,-79.05485,425,8994.246926026311
21267,35.90647,-79.05487,426,9018.869891859957
21267,35.90627,-79.05491,427,9041.48701130277
21267,35.90606,-79.05494,428,9065.084506366227
21267,35.90604,-79.05494,429,9067.316860327906
21267,35.90552,-79.05499,430,9125.535381920246
21267,35.90526,-79.05501,431,9154.612754965205
21267,35.90508,-79.05503,432,9174.785859122081
21267,35.90496,-79.05507,433,9188.66377409548
21267,35.90495,-79.05507,434,9189.779950839835
21267,35.90474,-79.0551,435,9213.377445016578
21267,35.90459,-79.05512,436,9230.218314036763
21267,35.90444,-79.05513,437,9246.985572451862
21267,35.90441,-79.05513,438,9250.334102352186
21267,35.90423,-79.05513,439,9270.425281741966
21267,35.90415,-79.05514,440,9279.400751690513
21267,35.90409,-79.05514,441,9286.097811374446
21267,35.90405,-79.05513,442,9290.65393375404
21267,35.90399,-79.05519,443,9299.287469286886
21267,35.90393,-79.05524,444,9307.37862662753
21267,35.90377,-79.05539,445,9329.839348066294
21267,35.90356,-79.0556,446,9360.056760703294
21267,35.90342,-79.05574,447,9380.201714721677
21267,35.90328,-79.05587,448,9399.78624284522
21267,35.90313,-79.05601,449,9420.808839270774
21267,35.9026,-79.05649,450,9494.290941413366
21267,35.90255,-79.05654,451,9501.485591544517
21267,35.90245,-79.05663,452,9515.319724128089
21267,35.90201,-79.05703,453,9576.405263111326
21267,35.90203,-79.05681,454,9596.508276318082
21267,35.90206,-79.05637,455,9636.605711803528
21267,35.90206,-79.05636,456,9637.513834090827
21267,35.90208,-79.05608,457,9663.039064968225
21267,35.90211,-79.0557,458,9697.70980304222
21267,35.90214,-79.05526,459,9737.807268901402
21267,35.90216,-79.05493,460,9767.858360886123
21267,35.90218,-79.05459,461,9798.815149032012
21267,35.90218,-79.05454,462,9803.355766557701
21267,35.902121,-79.054325,463,9823.961124080948
21267,35.90218,-79.05431,464,9830.685981776842
21267,35.90217,-79.05413,465,9847.070278874502
21267,35.90217,-79.0541,466,9849.794651691634
21267,35.90216,-79.05396,467,9862.557296370518
21267,35.90215,-79.05388,468,9869.907537762741
21267,35.90214,-79.0538,469,9877.257781008673
21267,35.90211,-79.05356,470,9899.308521857685
21267,35.90209,-79.05344,471,9910.43233360448
21267,35.9019,-79.05284,472,9968.901643240422
21267,35.90178,-79.05243,473,10008.470891943916
21267,35.90171,-79.05224,474,10027.411987500223
21267,35.90165,-79.05205,475,10045.920623431237
21267,35.90159,-79.05188,476,10062.748913849722
21267,35.9015,-79.0516,477,10090.089120099556
21267,35.90148,-79.05154,478,10095.9775020558
21267,35.901405,-79.051472,479,10106.380124898667
21267,35.90144,-79.05135,480,10118.127978208458
21267,35.90145,-79.05127,481,10125.478315154465
21267,35.90145,-79.05122,482,10130.018998957796
21267,35.90148,-79.05114,483,10138.018647461478
21267,35.90151,-79.05106,484,10146.018294464453
21267,35.90155,-79.05101,485,10152.386311844391
21267,35.9016,-79.05098,486,10158.59671122508
21267,35.90165,-79.05094,487,10165.25569173574
21267,35.90177,-79.0509,488,10179.133738007547
21267,35.90188,-79.05086,489,10191.937847128369
21267,35.901957,-79.050714,490,10207.738522184278
21271,36.087242,-79.108345,0,0
21271,36.08719,-79.10936,1,92.1318269377881
21271,36.08719,-79.10974,2,126.55600136859987
21271,36.08719,-79.11,3,150.10937199468225
21271,36.08718,-79.11026,4,173.68916249800893
21271,36.08717,-79.1106,5,204.50991718296757
21271,36.08715,-79.1112,6,258.9095969700049
21271,36.08716,-79.11127,7,265.3483453014023
21271,36.08716,-79.11134,8,271.68962549179054
21271,36.08715,-79.11185,9,317.9038416903684
21271,36.08713,-79.11219,10,348.7850964655769
21271,36.08711,-79.1125,11,376.9564485570259
21271,36.08707,-79.11296,12,418.86611403299963
21271,36.08707,-79.11306,13,427.9250718574668
21271,36.08701,-79.11305,14,434.68252153462396
21271,36.08684,-79.11295,15,455.7075194861013
21271,36.08674,-79.1127,16,480.95570741598846
21271,36.08667,-79.11259,17,493.6180541845896
21271,36.08661,-79.11248,18,505.62397368561307
21271,36.08653,-79.11234,19,521.1342714095756
21271,36.08629,-79.11193,20,566.9274671806143
21271,36.08609,-79.11158,21,605.7033778204441
21271,36.08566,-79.11089,22,684.5095671690939
21271,36.08534,-79.11036,23,744.3496639661374
21271,36.08514,-79.11004,24,780.9371457038687
21271,36.08512,-79.11001,25,784.4540771192762
21271,36.08497,-79.10975,26,813.3514828984571
21271,36.08473,-79.10935,27,858.4137966063231
21271,36.0847,-79.10929,28,864.7978531136174
21271,36.08448,-79.10893,29,905.6209978425367
21271,36.08424,-79.10852,30,951.4152314859507
21271,36.08416,-79.10839,31,966.1943615976622
21271,36.08381,-79.10781,32,1031.668264125321
21271,36.08363,-79.1075,33,1066.198137635502
21271,36.08346,-79.10721,34,1098.6054034335014
21271,36.08345,-79.10719,35,1100.733454303063
21271,36.0834,-79.10712,36,1109.1807852799466
21271,36.08329,-79.10693,37,1130.3234183455004
21271,36.08327,-79.10689,38,1134.5795289527985
21271,36.08318,-79.10673,39,1152.2149495117876
21271,36.08308,-79.10651,40,1175.0580301235755
21271,36.08303,-79.10637,41,1188.9147252235734
21271,36.08302,-79.10635,42,1191.0427874160646
21271,36.08298,-79.1062,43,1205.3466059626253
21271,36.08297,-79.10617,44,1208.284702374561
21271,36.08293,-79.10604,45,1220.8798392569229
21271,36.08286,-79.10575,46,1248.2895205583932
21271,36.08283,-79.10549,47,1272.0811454050472
21271,36.08281,-79.10519,48,1299.351338760672
21271,36.0828,-79.10505,49,1312.0837422250338
21271,36.0828,-79.10498,50,1318.4254398770768
21271,36.08281,-79.10468,51,1345.627056666328
21271,36.08282,-79.10442,52,1369.2083731698897
21271,36.08283,-79.10393,53,1413.6143293356185
21271,36.08286,-79.10278,54,1517.8533639771617
21271,36.08289,-79.10161,55,1623.9035502311967
21271,36.0829,-79.10133,56,1649.2949929689255
21271,36.08291,-79.10017,57,1754.3924746329205
21271,36.08292,-79.1,58,1769.8342248987503
21271,36.08289,-79.09992,59,1777.817975487459
21271,36.08285,-79.09986,60,1784.8520724430941
21271,36.08284,-79.09983,61,1787.7902024332836
21271,36.08282,-79.09981,62,1790.6652306941055
21271,36.08278,-79.09978,63,1795.8918705263136
21271,36.08275,-79.09976,64,1799.6989923829199
21271,36.08272,-79.09975,65,1803.1676898109192
21271,36.08264,-79.09974,66,1812.1423250004786
21271,36.08254,-79.09973,67,1823.340022993212
21271,36.08247,-79.09974,68,1831.205068009792
21271,36.08235,-79.09969,69,1845.3435594319853
21271,36.08204,-79.09972,70,1880.049213440228
21271,36.08195,-79.09972,71,1890.0941032921996
21271,36.08179,-79.09971,72,1907.974652197038
21271,36.0813,-79.09968,73,1962.7309955738183
21271,36.08038,-79.09964,74,2065.4760313112006
21271,36.07942,-79.0996,75,2172.68280825518
21271,36.0787,-79.09956,76,2253.123619911073
21271,36.07785,-79.09952,77,2348.061244890406
21271,36.07759,-79.09951,78,2377.0939646881193
21271,36.07739,-79.0995,79,2399.4343287942165
21271,36.07717,-79.09948,80,2424.0552847294252
21271,36.07705,-79.09948,81,2437.4484758214594
21271,36.0766,-79.09947,82,2487.6811143438404
21271,36.07642,-79.09946,83,2507.791321888882
21271,36.07636,-79.09946,84,2514.4879176126697
21271,36.07628,-79.09946,85,2523.4167119082813
21271,36.07621,-79.09945,86,2531.2817684443817
21271,36.07605,-79.09944,87,2549.162327638544
21271,36.07538,-79.09942,88,2623.962935901787
21271,36.07497,-79.0994,89,2669.758875729634
21271,36.07466,-79.09938,90,2704.405379052251
21271,36.07452,-79.09938,91,2720.0307708551395
21271,36.07408,-79.09935,92,2769.2143157326263
21271,36.0739,-79.09934,93,2789.3245280573265
21271,36.07347,-79.09933,94,2837.3253583164933
21271,36.07331,-79.09934,95,2855.2059218890945
21271,36.07308,-79.09931,96,2881.0197260359346
21271,36.07282,-79.09927,97,2910.2637709240403
21271,36.07268,-79.09925,98,2925.9938978190808
21271,36.07256,-79.09924,99,2939.417707881642
21271,36.07244,-79.09923,100,2952.8415182399212
21271,36.07233,-79.09922,101,2965.152005128261
21271,36.07184,-79.09927,102,3020.028218295637
21271,36.07173,-79.09929,103,3032.4383385907404
21271,36.07168,-79.09931,104,3038.305704141545
21271,36.07165,-79.09931,105,3041.65400268765
21271,36.07157,-79.09932,106,3050.6286562679547
21271,36.07155,-79.09932,107,3052.860855261475
21271,36.0714,-79.09933,108,3069.6268498831932
21271,36.07114,-79.09934,109,3098.659578975536
21271,36.07086,-79.09935,110,3129.923496775652
21271,36.0707,-79.09937,111,3147.872804506868
21271,36.07027,-79.09942,112,3196.0784472304726
21271,36.07026,-79.09934,113,3203.412749758381
21271,36.07017,-79.09887,114,3247.168581609509
21271,36.07011,-79.09863,115,3269.923005114639
21271,36.07008,-79.09851,116,3281.300226095178
21271,36.07002,-79.09838,117,3294.850164239104
21271,36.06997,-79.09828,118,3305.491898488068
21271,36.06994,-79.09823,119,3311.12548357192
21271,36.06991,-79.09819,120,3316.0598410603648
21271,36.06983,-79.09807,121,3330.1294739561913
21271,36.0698,-79.09803,122,3335.0638364443503
21271,36.06974,-79.09795,123,3344.932565422228
21271,36.0692,-79.0973,124,3429.20227792984
21271,36.06881,-79.09685,125,3488.8458343183424
21271,36.06863,-79.09665,126,3515.901945825317
21271,36.0685,-79.09649,127,3536.413350096301
21271,36.06837,-79.09634,128,3556.2946241297873
21271,36.06824,-79.09619,129,3576.175918345914
21271,36.06811,-79.09603,130,3596.687388718753
21271,36.068,-79.09589,131,3614.3413567840016
21271,36.06786,-79.09572,132,3636.2833699902494
21271,36.06774,-79.09558,133,3654.730995089482
21271,36.06741,-79.0952,134,3705.15155787467
21271,36.06713,-79.09487,135,3748.404466520136
21271,36.06705,-79.09476,136,3761.786522567614
21271,36.06693,-79.09461,137,3780.868756462212
21271,36.0669,-79.09456,138,3786.5025161305257
21271,36.06683,-79.09446,139,3798.4670966709436
21271,36.06677,-79.09434,140,3811.237636110077
21271,36.0667,-79.09417,141,3828.510272553037
21271,36.06666,-79.09404,142,3841.1079451824453
21271,36.06663,-79.09392,143,3852.4857081525383
21271,36.06661,-79.09383,144,3860.9411264960927
21271,36.06659,-79.09373,145,3870.2736279842115
21271,36.06657,-79.09356,146,3885.839262320256
21271,36.06656,-79.0934,147,3900.3807484159447
21271,36.06654,-79.0932,148,3918.6409473498297
21271,36.06652,-79.09302,149,3935.1039140675293
21271,36.06652,-79.09298,150,3938.728566449521
21271,36.0665,-79.09276,151,3958.788744704999
21271,36.06647,-79.09237,152,3994.2874105252035
21271,36.06646,-79.09232,153,3998.953679461254
21271,36.06645,-79.0921,154,4018.9205278199483
21271,36.06642,-79.0918,155,4046.3109244194375
21271,36.06638,-79.09131,156,4090.9369624581404
21271,36.06631,-79.09042,157,4171.96347647608
21271,36.06616,-79.08865,158,4333.227193511402
21271,36.06606,-79.08732,159,4454.264176657145
21271,36.06602,-79.08687,160,4495.2858114408355
21271,36.06598,-79.0864,161,4538.109542412725
21271,36.06582,-79.08637,162,4556.173236893843
21271,36.06581,-79.08636,163,4557.6109060545705
21271,36.06578,-79.08635,164,4561.079727952776
21271,36.06575,-79.08634,165,4564.548549994766
21271,36.06568,-79.08629,166,4573.580154319127
21271,36.06565,-79.08626,167,4577.893165707775
21271,36.06562,-79.08624,168,4581.700557967773
21271,36.06555,-79.08617,169,4591.764256416309
21271,36.06547,-79.08608,170,4603.857293243495
21271,36.0654,-79.086,171,4614.515427267046
21271,36.06535,-79.08596,172,4621.169902806762
21271,36.06518,-79.08578,173,4646.191441954724
21271,36.06496,-79.08554,174,4678.992882550421
21271,36.06487,-79.08545,175,4691.931982052921
21271,36.06476,-79.08535,176,4707.19148348955
21271,36.06468,-79.0853,177,4717.204307818929
21271,36.0646,-79.08524,178,4727.658484673858
21271,36.06454,-79.0852,179,4735.273305111835
21271,36.06446,-79.08516,180,4744.910009069245
21271,36.06435,-79.08511,181,4757.9967850040375
21271,36.06423,-79.08507,182,4771.87211849642
21271,36.06402,-79.08501,183,4795.933125783578
21271,36.0639,-79.08498,184,4809.599749514701
21271,36.06382,-79.08496,185,4818.710832817886
21271,36.0637,-79.08493,186,4832.37745899976
21271,36.06361,-79.08493,187,4842.422582376052
21271,36.06353,-79.08493,188,4851.351580927443
21271,36.06334,-79.08489,189,4872.865522981828
21271,36.06308,-79.08485,190,4902.110288515967
21271,36.06265,-79.08477,191,4950.6481382446755
21271,36.06254,-79.08474,192,4963.2229181605835
21271,36.06245,-79.08472,193,4973.430244797146
21271,36.06234,-79.08469,194,4986.0050271985465
21271,36.06221,-79.08465,195,5000.960601405027
21271,36.06213,-79.08462,196,5010.294319406101
21271,36.06206,-79.08459,197,5018.566699722755
21271,36.06202,-79.08457,198,5023.385077704009
21271,36.06194,-79.08453,199,5033.021835166547
21271,36.06189,-79.08451,200,5038.889407669515
21271,36.06178,-79.08446,201,5051.976248542374
21271,36.0617,-79.08442,202,5061.613011863148
21271,36.06154,-79.08432,203,5081.638853377538
21271,36.0614,-79.08423,204,5099.265157152307
21271,36.06137,-79.08421,205,5103.072608550172
21271,36.06129,-79.08415,206,5113.526923228304
21271,36.06125,-79.08411,207,5119.277753183023
21271,36.06103,-79.08395,208,5147.794097303381
21271,36.06098,-79.08392,209,5154.001746049864
21271,36.06078,-79.08378,210,5179.6779069955055
21271,36.06054,-79.0836,211,5211.040948089587
21271,36.06036,-79.08348,212,5233.885742979421
21271,36.06016,-79.08333,213,5260.0216585351345
21271,36.05981,-79.08309,214,5304.73294108651
21271,36.05965,-79.08298,215,5325.185014343315
21271,36.05958,-79.08292,216,5334.703852678814
21271,36.05943,-79.08281,217,5354.18897711547
21271,36.05939,-79.08278,218,5359.41618065402
21271,36.05906,-79.08254,219,5402.191060566194
21271,36.05905,-79.08253,220,5403.628787884149
21271,36.05896,-79.08246,221,5415.509436401307
21271,36.05888,-79.08241,222,5425.522458626849
21271,36.05888,-79.0824,223,5426.42872562786
21271,36.05877,-79.08233,224,5440.248271158334
21271,36.05862,-79.08223,225,5459.285735048185
21271,36.05848,-79.08213,226,5477.34947870109
21271,36.05845,-79.08212,227,5480.818345903263
21271,36.05841,-79.0821,228,5485.636774160743
21271,36.05801,-79.08184,229,5536.1186169807015
21271,36.05789,-79.08176,230,5551.348632554018
21271,36.05762,-79.08158,231,5585.616194013111
21271,36.057,-79.08115,232,5665.034983124074
21271,36.05664,-79.08088,233,5712.08036931903
21271,36.05609,-79.08049,234,5782.916181934119
21271,36.056,-79.08042,235,5794.796997131089
21271,36.05554,-79.08007,236,5855.147781650594
21271,36.05545,-79.08,237,5867.02862859089
21271,36.05539,-79.07995,238,5875.114549716679
21271,36.055,-79.07965,239,5926.437611862947
21271,36.05481,-79.0795,240,5951.627594449709
21271,36.05468,-79.07941,241,5968.272934825014
21271,36.05422,-79.07914,242,6025.1485660308035
21271,36.05352,-79.07886,243,6107.296103108711
21271,36.05346,-79.07881,244,6115.38210155911
21271,36.05312,-79.07871,245,6154.3980195486
21271,36.0529,-79.07865,246,6179.547964173495
21271,36.05288,-79.07865,247,6181.780235851727
21271,36.05274,-79.07862,248,6197.640939934127
21271,36.05258,-79.07859,249,6215.704924794965
21271,36.05242,-79.07857,250,6233.654863066938
21271,36.05199,-79.07854,251,6281.7256721999565
21271,36.05168,-79.07854,252,6316.325889028514
21271,36.05144,-79.07855,253,6343.128482505257
21271,36.0513,-79.07856,254,6358.780650484313
21271,36.05104,-79.0786,255,6388.025774345858
21271,36.051,-79.0786,256,6392.490318007118
21271,36.05063,-79.07867,257,6434.271867410788
21271,36.05026,-79.07877,258,6476.551822836601
21271,36.04992,-79.07889,259,6516.028332557061
21271,36.04965,-79.07901,260,6548.066692199087
21271,36.0494,-79.07913,261,6578.014949296779
21271,36.0489,-79.07942,262,6639.702069564069
21271,36.04841,-79.07974,263,6701.607790989274
21271,36.04708,-79.08062,264,6870.125704820876
21271,36.04695,-79.08071,265,6886.771408515425
21271,36.04658,-79.08097,266,6934.319486873877
21271,36.04612,-79.08126,267,6991.999295462777
21271,36.046,-79.08134,268,7007.229847977979
21271,36.04582,-79.08145,269,7029.658300738932
21271,36.04555,-79.08163,270,7063.9270681212465
21271,36.04523,-79.08183,271,7103.980620894399
21271,36.04491,-79.08202,272,7143.632177341428
21271,36.0446,-79.08218,273,7181.148781619122
21271,36.04433,-79.08231,274,7213.506198579222
21271,36.0443,-79.08233,275,7217.313849816131
21271,36.04396,-79.08246,276,7257.049676726043
21271,36.04385,-79.0825,277,7269.851285109816
21271,36.04327,-79.08268,278,7336.611251918277
21271,36.04306,-79.08273,279,7360.484122247534
21271,36.04287,-79.08278,280,7382.169474957445
21271,36.04256,-79.08283,281,7417.0650359441825
21271,36.04239,-79.08285,282,7436.1256299835795
21271,36.04227,-79.08286,283,7449.549808971323
21271,36.04203,-79.08288,284,7476.398166560197
21271,36.04175,-79.08289,285,7507.66290177502
21271,36.04153,-79.08289,286,7532.217723694141
21271,36.04135,-79.08288,287,7552.328472077489
21271,36.0412,-79.08287,288,7569.094918382828
21271,36.04104,-79.08285,289,7587.044760452811
21271,36.04087,-79.08283,290,7606.1053576752765
21271,36.04066,-79.0828,291,7629.701284974808
21271,36.04043,-79.08276,292,7655.627047853684
21271,36.04024,-79.08272,293,7677.141241546057
21271,36.04012,-79.0827,294,7690.656930306663
21271,36.03935,-79.08254,295,7777.814105624555
21271,36.03931,-79.08253,296,7782.369720822614
21271,36.03872,-79.0824,297,7849.267466484479
21271,36.03833,-79.08232,298,7893.396471249065
21271,36.03805,-79.08225,299,7925.285808473112
21271,36.03753,-79.08215,300,7984.028219394361
21271,36.03745,-79.08297,301,8058.896814798839
21271,36.03736,-79.08408,302,8160.020104028669
21271,36.03735,-79.08416,303,8167.357604672005
21271,36.03728,-79.08497,304,8241.199743840467
21271,36.03728,-79.08499,305,8243.012771972664
21271,36.03726,-79.08519,306,8261.27995579063
21271,36.03723,-79.08547,307,8286.88224815567
21271,36.03722,-79.08563,308,8301.429350714028
21271,36.03721,-79.08578,309,8315.072787181049
21271,36.0372,-79.08589,310,8325.106707173276
21271,36.0372,-79.08608,311,8342.330464668641
21271,36.0372,-79.08619,312,8352.302111378436
21271,36.0372,-79.0863,313,8362.27375635085
21271,36.0372,-79.08643,314,8374.058425445355
21271,36.03721,-79.08662,315,8391.318292339058
21271,36.03722,-79.08675,316,8403.155688967548
21271,36.03724,-79.08698,317,8424.124618595817
21271,36.03726,-79.08717,318,8441.492385350017
21271,36.03726,-79.08718,319,8442.398896500048
21271,36.0373,-79.0874,320,8462.835732901114
21271,36.03733,-79.08758,321,8479.492920978539
21271,36.03737,-79.08774,322,8494.668623858634
21271,36.03739,-79.08787,323,8506.662790945125
21271,36.03742,-79.08795,324,8514.65053043409
21271,36.03744,-79.08805,325,8523.986405456526
21271,36.03749,-79.0882,326,8538.684638955408
21271,36.03753,-79.08833,327,8551.286544570248
21271,36.03756,-79.08843,328,8560.950230134724
21271,36.03761,-79.08857,329,8574.814083507737
21271,36.03766,-79.0887,330,8587.85321197028
21271,36.03779,-79.08899,331,8617.880146930567
21271,36.03783,-79.08908,332,8627.180303849724
21271,36.03793,-79.08927,333,8647.703983091018
21271,36.038,-79.08941,334,8662.607055129263
21271,36.03803,-79.08945,335,8667.542569251747
21271,36.03813,-79.08963,336,8687.311612197484
21271,36.03816,-79.08968,337,8692.9467586087
21271,36.0383,-79.08988,338,8716.881132845008
21271,36.0385,-79.09017,339,8751.368253314151
21271,36.03859,-79.0903,340,8766.852914106212
21271,36.0386,-79.09031,341,8768.290773372011
21271,36.03905,-79.09094,342,8844.34322404661
21271,36.03932,-79.09132,343,8890.110833711808
21271,36.03933,-79.09135,344,8893.05040557721
21271,36.03943,-79.09149,345,8909.950861227862
21271,36.03955,-79.09166,346,8930.367874791189
21271,36.03958,-79.09171,347,8936.002936848885
21271,36.0397,-79.09187,348,8955.74469803698
21271,36.03983,-79.09205,349,8977.579402813792
21271,36.03991,-79.09219,350,8993.09640433973
21271,36.04001,-79.09234,351,9010.687633030495
21271,36.04016,-79.0922,352,9031.695605079545
21271,36.0402,-79.09217,353,9036.923078873653
21271,36.04025,-79.09212,354,9044.11229467582
21271,36.04034,-79.09203,355,9057.052879945597
21271,36.04038,-79.09198,356,9063.414752197608
21271,36.04042,-79.09195,357,9068.6422238306
21271,36.04044,-79.09193,358,9071.517908085196
21271,36.04047,-79.09191,359,9075.325544075165
21271,36.04051,-79.09189,360,9080.144053930506
21271,36.04057,-79.09185,361,9087.759324636492
21271,36.040734,-79.091947,362,9108.065901301614
21271,36.040739,-79.09207,363,9119.229364077733
21271,36.04077,-79.09215,364,9127.264194800158
21271,36.04087,-79.09223,365,9140.574256142543
21271,36.04093,-79.09227,366,9148.189514337337
21271,36.04101,-79.09228,367,9157.16430183788
21271,36.04105,-79.09228,368,9161.6287485648
21271,36.0411,-79.09229,369,9167.282446523106
21271,36.04113,-79.09229,370,9170.630781517972
21271,36.04117,-79.0923,371,9175.186322205851
21271,36.04121,-79.09232,372,9180.004822847768
21271,36.04124,-79.09234,373,9183.812447877102
21271,36.04128,-79.09236,374,9188.630947603484
21271,36.04132,-79.09239,375,9193.858399573623
21271,36.04136,-79.09243,376,9199.609737203924
21271,36.0414,-79.09247,377,9205.361073301587
21271,36.04142,-79.09249,378,9208.236740773702
21271,36.04144,-79.09251,379,9211.112407864066
21271,36.04147,-79.09254,380,9215.425907777771
21271,36.0415,-79.09256,381,9219.233528615687
21271,36.04154,-79.09258,382,9224.052024401672
21271,36.04157,-79.09259,383,9227.520885147771
21271,36.04158,-79.09259,384,9228.636996286828
21271,36.0416,-79.0926,385,9231.046243779652
21271,36.04164,-79.09261,386,9235.601781163576
21271,36.04168,-79.09262,387,9240.15731838574
21271,36.04172,-79.09262,388,9244.62176273155
21271,36.04175,-79.09262,389,9247.97009599352
21271,36.04176,-79.09262,390,9249.086207080014
21271,36.04178,-79.09263,391,9251.495453676596
21271,36.04181,-79.09263,392,9254.843786885112
21271,36.04183,-79.09264,393,9257.253033224893
21271,36.04186,-79.09265,394,9260.72189276773
21271,36.04188,-79.09266,395,9263.131138813551
21271,36.04189,-79.09268,396,9265.26006041835
21271,36.0419,-79.0927,397,9267.388981757784
21271,36.04191,-79.09272,398,9269.517902833928
21271,36.04193,-79.09274,399,9272.393561712732
21271,36.04193,-79.09277,400,9275.112908547073
21271,36.04198,-79.09298,401,9294.949483804317
21271,36.04203,-79.0932,402,9315.657448887383
21271,36.04206,-79.09334,403,9328.782002800492
21271,36.04201,-79.09335,404,9334.435689528502
21271,36.04192,-79.09338,405,9344.842255218051
21271,36.04182,-79.09341,406,9356.329854370784
21271,36.04173,-79.09345,407,9367.009188679842
21271,36.04154,-79.09353,408,9389.420876387769
21271,36.04126,-79.09365,409,9422.510871116037
21271,36.04111,-79.09372,410,9440.414611755032
21271,36.04106,-79.09375,411,9446.622467516301
21271,36.04072,-79.09391,412,9487.247280818658
21271,36.04061,-79.09396,413,9500.334350044463
21271,36.04056,-79.09384,414,9512.559883773458
21271,36.04051,-79.09368,415,9528.099885479452
21271,36.04045,-79.09354,416,9542.44889539452
21271,36.0404,-79.09341,417,9555.487543628336
21271,36.04034,-79.09328,418,9569.041484942649
21271,36.04029,-79.09316,419,9581.26706527034
21271,36.04029,-79.09315,420,9582.173532677112
21271,36.04022,-79.09302,421,9596.312274219872
21271,36.04009,-79.09275,422,9624.764574561199
21271,36.03991,-79.09242,423,9660.798299577307
21271,36.03978,-79.09219,424,9686.199100501392
21271,36.03968,-79.09206,425,9702.429857896776
21271,36.03952,-79.09183,426,9729.881280839167
21271,36.03944,-79.09172,427,9743.266026741609
21271,36.03928,-79.09149,428,9770.717513084028
21271,36.03895,-79.09103,429,9826.353128534685
21271,36.038678,-79.090794,430,9863.491945953798
21271,36.03856,-79.09048,431,9894.854993458226
21271,36.03854,-79.09045,432,9898.37328714733
21271,36.03842,-79.09029,433,9918.115250864244
21271,36.0383,-79.09012,434,9938.532476886638
21271,36.03817,-79.08994,435,9960.36748708056
21271,36.03805,-79.08977,436,9980.784761623001
21271,36.03793,-79.08957,437,10003.325375666194
21271,36.03785,-79.08941,438,10020.357465812642
21271,36.03782,-79.08936,439,10025.99262909707
21271,36.0377,-79.08911,440,10052.31704547859
21271,36.03766,-79.08903,441,10060.833112812565
21271,36.03757,-79.08883,442,10081.559988242092
21271,36.03751,-79.08868,443,10096.717171113985
21271,36.0375,-79.08863,444,10101.385099562516
21271,36.03745,-79.08851,445,10113.61112169394
21271,36.0374,-79.08833,446,10130.8561753399
21271,36.03737,-79.08825,447,10138.843911710834
21271,36.03733,-79.08812,448,10151.445841493898
21271,36.03731,-79.08804,449,10159.033690553077
21271,36.03728,-79.08792,450,10170.415469270281
21271,36.03726,-79.08783,451,10178.873925712489
21271,36.03723,-79.08771,452,10190.255714866178
21271,36.03721,-79.08761,453,10199.591618578621
21271,36.03719,-79.08748,454,10211.585817282734
21271,36.03715,-79.08723,455,10234.684172737834
21271,36.03712,-79.08701,456,10254.906583684957
21271,36.03712,-79.08696,457,10259.439148916728
21271,36.0371,-79.08678,458,10275.908369417892
21271,36.03709,-79.08655,459,10296.788039163677
21271,36.03708,-79.0863,460,10319.478362837524
21271,36.03708,-79.08629,461,10320.384877337145
21271,36.03709,-79.08607,462,10340.35940601998
21271,36.03709,-79.086,463,10346.705009322388
21271,36.03709,-79.08584,464,10361.209248080084
21271,36.03711,-79.08564,465,10379.476452267409
21271,36.03711,-79.08562,466,10381.289482479437
21271,36.03712,-79.08542,467,10399.454109077913
21271,36.03713,-79.0854,468,10401.583149207245
21271,36.03715,-79.08518,469,10421.651022997055
21271,36.03716,-79.08496,470,10441.625568929165
21271,36.03722,-79.0843,471,10501.82921513111
21271,36.03724,-79.08408,472,10521.897101025816
21271,36.03732,-79.08319,473,10603.06961729047
21271,36.03734,-79.08297,474,10623.137513078043
21271,36.03742,-79.08213,475,10699.806611242548
21271,36.03738,-79.08212,476,10704.362233803207
21271,36.03724,-79.08209,477,10720.222941819482
21271,36.03683,-79.08198,478,10767.058119079242
21271,36.03594,-79.0818,479,10867.724980217643
21271,36.03521,-79.08166,480,10950.185030223774
21271,36.03444,-79.0815,481,11037.342498241285
21271,36.03426,-79.08146,482,11057.757485181844
21271,36.03408,-79.08142,483,11078.172474878476
21271,36.03332,-79.08126,484,11164.229644673764
21271,36.0329,-79.08117,485,11211.811909815697
21271,36.03259,-79.08111,486,11246.836933744216
21271,36.03231,-79.08105,487,11278.558458375855
21271,36.03143,-79.08086,488,11378.277009661288
21271,36.03099,-79.08077,489,11428.060009475945
21271,36.03011,-79.08058,490,11527.778654482465
21271,36.02926,-79.0804,491,11624.043204683974
21271,36.02887,-79.08031,492,11668.330529552903
21271,36.02814,-79.08015,493,11751.089448262219
21271,36.027799,-79.080144,494,11789.15347159703
21271,36.02768,-79.08005,495,11804.93451590539
21271,36.02679,-79.07986,496,11905.752937020778
21271,36.02587,-79.07967,497,12009.872155064273
21271,36.02554,-79.0796,498,12047.24736526297
21271,36.02519,-79.07953,499,12086.824248635474
21271,36.02514,-79.07952,500,12092.478089841778
21271,36.02472,-79.07943,501,12140.060630335032
21271,36.02406,-79.0793,502,12214.66250712237
21271,36.02385,-79.07925,503,12238.535716097427
21271,36.02373,-79.07922,504,12252.202739543896
21271,36.02353,-79.07918,505,12274.818127233475
21271,36.02342,-79.07916,506,12287.228802318654
21271,36.02333,-79.07914,507,12297.436378050814
21271,36.02326,-79.07913,508,12305.301755534674
21271,36.02285,-79.07903,509,12351.952863446839
21271,36.02252,-79.07896,510,12389.328152538013
21271,36.02245,-79.07895,511,12397.193533310874
21271,36.0221,-79.07888,512,12436.770496972445
21271,36.02209,-79.07887,513,12438.208502889041
21271,36.02174,-79.07879,514,12477.940963738087
21271,36.02157,-79.07875,515,12497.258777863088
21271,36.02131,-79.07866,516,12527.40383166311
21271,36.02104,-79.07856,517,12558.873985037584
21271,36.02101,-79.07855,518,12562.342984673636
21271,36.02074,-79.07844,519,12594.08627165549
21271,36.02039,-79.07827,520,12636.082144946256
21271,36.02005,-79.07809,521,12677.391635597758
21271,36.01972,-79.07788,522,12718.854909969477
21271,36.01969,-79.07786,523,12722.662859598346
21271,36.01941,-79.07766,524,12758.795136413171
21271,36.0194,-79.07765,525,12760.233164775074
21271,36.01925,-79.07754,526,12779.721073436274
21271,36.01909,-79.07742,527,12800.632975579332
21271,36.01899,-79.07734,528,12813.944449459197
21271,36.01895,-79.0773,529,12819.696578682524
21271,36.0188,-79.07717,530,12840.172041313674
21271,36.01874,-79.07712,531,12848.259189616298
21271,36.01848,-79.07688,532,12884.531958334957
21271,36.01838,-79.07676,533,12900.119495716426
21271,36.01822,-79.0766,534,12923.128114311996
21271,36.01812,-79.07648,535,12938.71568386717
21271,36.0181,-79.07647,536,12941.125095075877
21271,36.01798,-79.07633,537,12959.578840911377
21271,36.01783,-79.07617,538,12981.732408668318
21271,36.01727,-79.07554,539,13066.408686594192
21271,36.01713,-79.07537,540,13088.358432052895
21271,36.01701,-79.07524,541,13106.200685969341
21271,36.01686,-79.07507,542,13128.9585592556
21271,36.01634,-79.07448,543,13207.893681707712
21271,36.01622,-79.07435,544,13225.736039474752
21271,36.0158,-79.07389,545,13288.48488206409
21271,36.01553,-79.07358,546,13329.695999853118
21271,36.01544,-79.07348,547,13343.228690092354
21271,36.01527,-79.07328,548,13369.476241993607
21271,36.01513,-79.07313,549,13390.192952320067
21271,36.015,-79.07298,550,13410.081311967322
21271,36.01473,-79.07268,551,13450.67957226136
21271,36.01457,-79.0725,552,13474.87332812463
21271,36.01409,-79.07199,553,13545.647944984054
21271,36.01402,-79.07192,554,13555.714508269153
21271,36.01379,-79.0717,555,13588.226211583855
21271,36.01369,-79.0716,556,13602.607046262016
21271,36.01327,-79.07125,557,13659.218800897946
21271,36.01309,-79.07111,558,13682.98449611367
21271,36.01278,-79.07087,559,13723.860618499966
21271,36.01263,-79.07076,560,13743.349168537314
21271,36.01232,-79.07052,561,13784.22538173481
21271,36.01217,-79.0704,562,13804.19332664034
21271,36.01165,-79.07,563,13872.635752365677
21271,36.01146,-79.06986,564,13897.352377255414
21271,36.01134,-79.06977,565,13913.036916145787
21271,36.01104,-79.06954,566,13952.486141480142
21271,36.01054,-79.06915,567,14018.556610338132
21271,36.01027,-79.06895,568,14053.729548098321
21271,36.01012,-79.06883,569,14073.697698106515
21271,36.00997,-79.06872,570,14093.186484752083
21271,36.00936,-79.06825,571,14173.51257348779
21271,36.00905,-79.06801,572,14214.389433691566
21271,36.0089,-79.0679,573,14233.878315499522
21271,36.00886,-79.06787,574,14239.10655672394
21271,36.00844,-79.06755,575,14294.240461634901
21271,36.00829,-79.06743,576,14314.20879469698
21271,36.00723,-79.06662,577,14453.47063297667
21271,36.007,-79.06645,578,14483.415912945853
21271,36.00681,-79.06631,579,14508.133064530257
21271,36.00669,-79.06624,580,14522.955235630403
21271,36.00667,-79.06622,581,14525.831530522368
21271,36.00649,-79.06611,582,14548.262753001683
21271,36.00633,-79.06604,583,14567.216057913676
21271,36.00616,-79.06598,584,14586.955550770077
21271,36.00598,-79.06593,585,14607.551760821916
21271,36.00584,-79.06591,586,14623.28289051344
21271,36.00575,-79.06589,587,14633.490752269885
21271,36.00564,-79.06589,588,14645.768491594165
21271,36.00553,-79.06588,589,14658.079680388522
21271,36.00538,-79.06589,590,14674.846597352927
21271,36.00514,-79.06592,591,14701.772204825364
21271,36.00494,-79.06594,592,14724.168934404413
21271,36.00434,-79.06603,593,14791.633989334561
21271,36.00369,-79.06613,594,14864.748907290666
21271,36.00364,-79.06614,595,14870.402907902471
21271,36.00353,-79.06615,596,14882.714093185186
21271,36.00271,-79.06628,597,14974.995288288444
21271,36.00265,-79.06629,598,14981.75336559461
21271,36.00263,-79.0663,599,14984.16288307481
21271,36.00249,-79.06632,600,14999.894011691034
21271,36.00233,-79.06636,601,15018.117277685184
21271,36.00224,-79.06638,602,15028.325146092357
21271,36.00209,-79.06643,603,15045.670762787979
21271,36.00194,-79.06649,604,15063.275267390109
21271,36.00193,-79.0665,605,15064.713448910737
21271,36.00179,-79.06657,606,15081.580088620216
21271,36.00178,-79.06657,607,15082.696245512008
21271,36.00166,-79.06665,608,15097.92910978516
21271,36.00161,-79.06668,609,15104.137832254211
21271,36.00155,-79.06673,610,15112.225672915241
21271,36.00146,-79.0668,611,15124.10910961926
21271,36.00134,-79.0669,612,15140.2847989111
21271,36.00123,-79.06702,613,15156.691893020507
21271,36.00118,-79.06706,614,15163.348189637516
21271,36.00118,-79.06707,615,15164.255148279632
21271,36.00112,-79.06713,616,15172.88426353605
21271,36.00098,-79.06731,617,15195.482764217792
21271,36.00088,-79.06744,618,15211.718405709133
21271,36.00057,-79.06789,619,15265.224892182317
21271,36.00054,-79.06792,620,15269.53945733991
21271,36.00015,-79.06848,621,15336.431154677912
21271,35.99998,-79.06872,622,15365.307606601911
21271,35.99998,-79.06873,623,15366.214576770863
21271,35.99976,-79.06904,624,15403.543938694067
21271,35.99904,-79.07006,625,15526.086093696216
21271,35.99904,-79.07007,626,15526.993072834794
21271,35.99893,-79.07023,627,15546.001742638478
21271,35.99861,-79.07068,628,15600.2372181333
21271,35.99845,-79.0709,629,15627.015384212362
21271,35.99837,-79.07101,630,15640.404475146554
21271,35.99832,-79.07107,631,15648.199290609109
21271,35.99817,-79.07127,632,15672.884352646804
21271,35.99803,-79.07144,633,15694.836884636863
21271,35.99784,-79.07164,634,15722.743535132739
21271,35.99767,-79.07179,635,15746.09144118574
21271,35.99744,-79.07197,636,15776.51437559882
21271,35.99724,-79.07211,637,15802.196112026699
21271,35.99697,-79.07229,638,15836.470210630796
21271,35.99672,-79.07246,639,15868.350623215096
21271,35.9965,-79.07259,640,15895.590072630439
21271,35.99644,-79.07262,641,15902.818633238578
21271,35.99638,-79.07265,642,15910.04719428697
21271,35.9963,-79.07267,643,15919.158763587533
21271,35.99625,-79.07269,644,15925.026914818814
21271,35.9962,-79.0727,645,15930.680870156646
21271,35.99604,-79.07272,646,15948.631101713869
21271,35.99592,-79.07272,647,15962.024853189454
21271,35.9958,-79.07271,648,15975.449280639565
21271,35.99559,-79.07268,649,15999.045761008605
21271,35.99542,-79.07264,650,16018.363987262008
21271,35.9952,-79.07257,651,16043.726756656364
21271,35.9948,-79.07244,652,16089.903447563434
21271,35.99446,-79.07232,653,16129.38247722473
21271,35.99444,-79.07232,654,16131.61477053566
21271,35.99426,-79.07225,655,16152.68480491099
21271,35.99409,-79.07219,656,16172.424333435061
21271,35.99394,-79.07214,657,16189.769914315619
21271,35.99346,-79.07196,658,16245.777485394481
21271,35.99309,-79.07182,659,16288.983206555195
21271,35.99289,-79.07174,660,16312.455938835114
21271,35.99236,-79.07154,661,16374.330891138221
21271,35.9921,-79.07143,662,16405.018096847205
21271,35.99204,-79.071487,663,16413.478569872404
21271,35.99194,-79.07138,664,16428.269648378802
21271,35.99168,-79.07129,665,16458.415887125422
21271,35.99135,-79.0712,666,16496.142624789973
21271,35.99107,-79.07114,667,16527.8651326963
21271,35.99106,-79.07114,668,16528.98128142057
21271,35.99072,-79.07106,669,16567.617909013097
21271,35.9905,-79.07101,670,16592.58851626164
21271,35.99035,-79.07097,671,16609.71939671435
21271,35.99023,-79.07094,672,16623.386829104395
21271,35.99018,-79.07092,673,16629.25503997292
21271,35.98983,-79.07082,674,16669.359546820426
21271,35.98913,-79.07061,675,16749.778628246608
21271,35.98895,-79.07056,676,16770.37490241181
21271,35.98885,-79.07053,677,16781.863350458792
21271,35.98755,-79.07013,678,16931.430766055797
21271,35.98718,-79.07001,679,16974.138854618504
21271,35.987,-79.06994,680,16995.20914303211
21271,35.98687,-79.06988,681,17010.706309316713
21271,35.98669,-79.06979,682,17032.392466140966
21271,35.98661,-79.06975,683,17042.03076132236
21271,35.98649,-79.06969,684,17056.488207851537
21271,35.98628,-79.06957,685,17082.331768053784
21271,35.98622,-79.06953,686,17089.94850591213
21271,35.98612,-79.06946,687,17102.78987367133
21271,35.98604,-79.06941,688,17112.80501185432
21271,35.98597,-79.06935,689,17122.326980406044
21271,35.98588,-79.06929,690,17133.752102121813
21271,35.98581,-79.06924,691,17142.786272837937
21271,35.98574,-79.06918,692,17152.308253096722
21271,35.98557,-79.06905,693,17174.648895523256
21271,35.98552,-79.06899,694,17182.44435740376
21271,35.98527,-79.06877,695,17216.750439016218
21271,35.98523,-79.06873,696,17222.503632222444
21271,35.98504,-79.06854,697,17249.83132091029
21271,35.98489,-79.06841,698,17270.31000907103
21271,35.98474,-79.0683,699,17289.8004541462
21271,35.98456,-79.06818,700,17312.650821143972
21271,35.98443,-79.0681,701,17328.87448209177
21271,35.98431,-79.06804,702,17343.332023443512
21271,35.98393,-79.06788,703,17388.160653456714
21271,35.98357,-79.06775,704,17430.037075995147
21271,35.98312,-79.06758,705,17482.578299033747
21271,35.98185,-79.0671,706,17630.867441050377
21271,35.98148,-79.06695,707,17674.349361167486
21271,35.98122,-79.06683,708,17705.3441144405
21271,35.98099,-79.06671,709,17733.228563201897
21271,35.98061,-79.0665,710,17779.724673190118
21271,35.98038,-79.06636,711,17808.36628145146
21271,35.98005,-79.06613,712,17850.699012079447
21271,35.97999,-79.0661,713,17857.927862011267
21271,35.97984,-79.066,714,17876.970161868838
21271,35.97952,-79.06579,715,17917.450575492654
21271,35.97947,-79.06576,716,17923.659643653635
21271,35.9793,-79.06564,717,17945.53556835211
21271,35.9791,-79.06551,718,17970.782701411805
21271,35.979,-79.06545,719,17983.20085709649
21271,35.97883,-79.06535,720,18004.232830529978
21271,35.97874,-79.0653,721,18015.2549408497
21271,35.97871,-79.06529,722,18018.724140950537
21271,35.97866,-79.06527,723,18024.59248672276
21271,35.97861,-79.06524,724,18030.80157309944
21271,35.97841,-79.06516,725,18054.274964166732
21271,35.97822,-79.06509,726,18076.412442083674
21271,35.97803,-79.06504,727,18098.099181749534
21271,35.97785,-79.06498,728,18118.914405983738
21271,35.97777,-79.06496,729,18128.0261712095
21271,35.97746,-79.06486,730,18163.79673575368
21271,35.97693,-79.06471,731,18224.498321661293
21271,35.97678,-79.06466,732,18241.84436716654
21271,35.97661,-79.06461,733,18261.35378774848
21271,35.97631,-79.06452,734,18295.819764516586
21271,35.97626,-79.06449,735,18302.028894048763
21271,35.97577,-79.06435,736,18358.176288373466
21271,35.97547,-79.06427,737,18392.43870099372
21271,35.97527,-79.06421,738,18415.416048538336
21271,35.97491,-79.0641,739,18456.818651513662
21271,35.9747,-79.0641,740,18480.2580347415
21271,35.97432,-79.06397,741,18524.2815427708
21271,35.97382,-79.06384,742,18581.32235018177
21271,35.97338,-79.06372,743,18631.625798159464
21271,35.97325,-79.06368,744,18646.582863559415
21271,35.97295,-79.06359,745,18681.04897372197
21271,35.9728,-79.06354,746,18698.39511007808
21271,35.97269,-79.06351,747,18710.970983549134
21271,35.97254,-79.06345,748,18728.576201231663
21271,35.97219,-79.06331,749,18769.65506151421
21271,35.97185,-79.06315,750,18810.286395618736
21271,35.97149,-79.06295,751,18854.375673707993
21271,35.97143,-79.06292,752,18861.604671955894
21271,35.97123,-79.06282,753,18885.70134093514
21271,35.97121,-79.06281,754,18888.111008521963
21271,35.97101,-79.06271,755,18912.207691291664
21271,35.97083,-79.0626,756,18934.64105832799
21271,35.9707,-79.06252,757,18950.865431722345
21271,35.97056,-79.06243,758,18968.49672843677
21271,35.97035,-79.06228,759,18995.60087999196
21271,35.97033,-79.06226,760,18998.477724089113
21271,35.96982,-79.06188,761,19065.02956537126
21271,35.96954,-79.06167,762,19101.63257097108
21271,35.96954,-79.06166,763,19102.539904200752
21271,35.96908,-79.06131,764,19162.910921768434
21271,35.96882,-79.06109,765,19198.133647436272
21271,35.9687,-79.06101,766,19213.36810049087
21271,35.96848,-79.06083,767,19242.859151416782
21271,35.96839,-79.06075,768,19255.252778167098
21271,35.96828,-79.06067,769,19269.515853431352
21271,35.96822,-79.06062,770,19277.604854396326
21271,35.96795,-79.06041,771,19313.259861472263
21271,35.96758,-79.06014,772,19361.277815737518
21271,35.96751,-79.0601,773,19369.892833245107
21271,35.96735,-79.06,774,19389.924385855593
21271,35.96715,-79.05986,775,19415.60902813438
21271,35.96703,-79.0598,776,19430.067210157198
21271,35.96687,-79.05971,777,19449.704458852626
21271,35.96668,-79.0596,778,19473.143040601855
21271,35.96667,-79.0596,779,19474.25920964715
21271,35.966511,-79.059618,780,19492.08129361031
21271,35.96631,-79.05941,781,19521.399080155545
21271,35.96605,-79.05929,782,19552.394943875413
21271,35.96586,-79.05922,783,19574.532914764022
21271,35.96488,-79.05882,784,19689.782046837085
21271,35.96436,-79.05864,785,19750.07726040037
21271,35.96411,-79.05854,786,19779.41981720868
21271,35.96395,-79.0585,787,19797.643660523056
21271,35.96371,-79.05841,788,19825.648955464203
21271,35.96353,-79.05834,789,19846.720203902933
21271,35.96301,-79.05814,790,19907.53225513147
21271,35.9628,-79.05806,791,19932.070243246242
21271,35.9626,-79.058,792,19955.048025012547
21271,35.96222,-79.05787,793,19999.072445975242
21271,35.96195,-79.05778,794,20030.296069163047
21271,35.96168,-79.05771,795,20061.094863109
21271,35.96164,-79.0577,796,20065.650835262084
21271,35.96113,-79.05758,797,20123.6077785709
21271,35.96071,-79.05752,798,20170.802145371803
21271,35.96028,-79.05746,799,20219.105411649693
21271,35.96011,-79.05744,800,20238.166946704227
21271,35.9596,-79.05742,801,20295.120687002014
21271,35.95907,-79.05742,802,20354.277849362355
21271,35.95894,-79.05742,803,20368.788096709028
21271,35.9587,-79.05744,804,20395.637656483435
21271,35.95845,-79.05747,805,20423.674463410036
21271,35.95811,-79.05754,806,20462.15230608392
21271,35.95794,-79.05758,807,20481.471318570024
21271,35.95733,-79.05774,808,20551.088800043657
21271,35.95706,-79.05782,809,20582.08756080932
21271,35.95671,-79.0579,810,20621.82243255683
21271,35.95653,-79.05792,811,20641.99534187872
21271,35.95641,-79.05794,812,20655.51181656227
21271,35.95609,-79.05797,813,20691.332924344624
21271,35.95592,-79.05798,814,20710.329534684915
21271,35.95586,-79.05798,815,20717.026565844233
21271,35.9551,-79.058,816,20801.87504034796
21271,35.95477,-79.05802,817,20838.753401009653
21271,35.95469,-79.05803,818,20847.728772750568
21271,35.95449,-79.05802,819,20870.07064706281
21271,35.95445,-79.05802,820,20874.535334186286
21271,35.9542,-79.05801,821,20902.4543822859
21271,35.95399,-79.05798,822,20926.05157551872
21271,35.95377,-79.05794,823,20950.87422413225
21271,35.95351,-79.05788,824,20980.401114796612
21271,35.95342,-79.05787,825,20990.487573147406
21271,35.95318,-79.05783,826,21017.520545254964
21271,35.95295,-79.0578,827,21043.336470139897
21271,35.95285,-79.0578,828,21054.498191763618
21271,35.95274,-79.0578,829,21066.776085544017
21271,35.95267,-79.0578,830,21074.58929067317
21271,35.95253,-79.05781,831,21090.24203207111
21271,35.95245,-79.05782,832,21099.217409333818
21271,35.95244,-79.05782,833,21100.33358145804
21271,35.95227,-79.05786,834,21119.65263415796
21271,35.95209,-79.05791,835,21140.249790685048
21271,35.95194,-79.05795,836,21157.38140059702
21271,35.95193,-79.05795,837,21158.497572487442
21271,35.95152,-79.05808,838,21205.756972190047
21271,35.95119,-79.05816,839,21243.29937455548
21271,35.95106,-79.05819,840,21258.06282958376
21271,35.95083,-79.05826,841,21284.509145742486
21271,35.95053,-79.05833,842,21318.591601118518
21271,35.94968,-79.05848,843,21414.437855450044
21271,35.94955,-79.05849,844,21428.976432566167
21271,35.94943,-79.05839,845,21445.155709306957
21271,35.94902,-79.05845,846,21491.241565459437
21271,35.94881,-79.05849,847,21514.96061911103
21271,35.94859,-79.05853,848,21539.783280431675
21271,35.9484,-79.05854,849,21561.00993768554
21271,35.94829,-79.05856,850,21573.421268735263
21271,35.94822,-79.05856,851,21581.234464231584
21271,35.94797,-79.05856,852,21609.138733837197
21271,35.94791,-79.05857,853,21615.89697732174
21271,35.94789,-79.05857,854,21618.129318853214
21271,35.94769,-79.05857,855,21640.452734146056
21271,35.94755,-79.05856,856,21656.10545955256
21271,35.94751,-79.05856,857,21660.57014267546
21271,35.94738,-79.05855,858,21675.108719579588
21271,35.94729,-79.05854,859,21685.195173244312
21271,35.94697,-79.05849,860,21721.199767534676
21271,35.94671,-79.05845,861,21750.446408702635
21271,35.94633,-79.05837,862,21793.477903338724
21271,35.94623,-79.05836,863,21804.67645450966
21271,35.94618,-79.05835,864,21810.330630236418
21271,35.94604,-79.05831,865,21826.373209486734
21271,35.94577,-79.05826,866,21856.849595324897
21271,35.94557,-79.05823,867,21879.338464917146
21271,35.94524,-79.05815,868,21916.880968635876
21271,35.94511,-79.05811,869,21931.83848096373
21271,35.94466,-79.05803,870,21982.588320714778
21271,35.94417,-79.05793,871,22038.028736758104
21271,35.94328,-79.05775,872,22138.702527191228
21271,35.94274,-79.05764,873,22199.797155364216
21271,35.94227,-79.05755,874,22252.889463344407
21271,35.94156,-79.0574,875,22333.29874108698
21271,35.94085,-79.05726,876,22413.55935585868
21271,35.94026,-79.05714,877,22480.308256757857
21271,35.93995,-79.05708,878,22515.335600904666
21271,35.93928,-79.05695,879,22591.044441614707
21271,35.9388,-79.05685,880,22645.384248383943
21271,35.93762,-79.05662,881,22778.737137258067
21271,35.93708,-79.05652,882,22839.690220303397
21271,35.93688,-79.05648,883,22862.307057576138
21271,35.93677,-79.05645,884,22874.883340325996
21271,35.93647,-79.05639,885,22908.808604512076
21271,35.93591,-79.05628,886,22972.10689004476
21271,35.93542,-79.05614,887,23028.256487380866
21271,35.93523,-79.0561,888,23049.772399469064
21271,35.93514,-79.0561,889,23059.81797520972
21271,35.93467,-79.05601,890,23112.910533267997
21271,35.9338,-79.05584,891,23211.236312592464
21271,35.93375,-79.05582,892,23217.10506716994
21271,35.93338,-79.05575,893,23258.889552556364
21271,35.93292,-79.05565,894,23311.029926573203
21271,35.932621,-79.055726,895,23345.10921107862
21271,35.93231,-79.05553,896,23384.116440171085
21271,35.93177,-79.05541,897,23445.366426989312
21271,35.93156,-79.05535,898,23469.43063438616
21271,35.93112,-79.05522,899,23519.9403762812
21271,35.93104,-79.05519,900,23529.27585339353
21271,35.93052,-79.055,901,23589.825629546795
21271,35.93043,-79.05497,902,23600.23383679273
21271,35.93009,-79.05486,903,23639.475651782028
21271,35.92999,-79.05482,904,23651.213232764552
21271,35.92879,-79.05441,905,23790.22984116632
21271,35.92835,-79.05426,906,23841.194564661215
21271,35.92818,-79.0542,907,23860.935915249618
21271,35.92748,-79.05397,908,23941.810285260217
21271,35.92719,-79.05391,909,23974.63457663783
21271,35.92702,-79.05388,910,23993.804076520355
21271,35.927,-79.05387,911,23996.21397079634
21271,35.9269,-79.05386,912,24007.412619282415
21271,35.92673,-79.05384,913,24026.474334058825
21271,35.92652,-79.05383,914,24049.931668515084
21271,35.92637,-79.05383,915,24066.674354566745
21271,35.92628,-79.05383,916,24076.71996619148
21271,35.92623,-79.05383,917,24082.3008615377
21271,35.92592,-79.05386,918,24117.00943358263
21271,35.92574,-79.0539,919,24137.426198103643
21271,35.92561,-79.05393,920,24152.18991454157
21271,35.92548,-79.05395,921,24166.81340030059
21271,35.9253,-79.054,922,24187.41102423388
21271,35.92505,-79.05407,923,24216.029993757864
21271,35.92469,-79.05423,924,24258.75733551314
21271,35.92438,-79.05437,925,24295.61940921994
21271,35.92394,-79.05458,926,24348.302001851112
21271,35.92388,-79.05461,927,24355.53171683935
21271,35.92377,-79.05466,928,24368.621941453843
21271,35.92371,-79.05469,929,24375.851657737698
21271,35.92337,-79.05487,930,24417.170638534764
21271,35.92296,-79.05506,931,24466.07696417632
21271,35.9229,-79.05509,932,24473.30668642612
21271,35.92244,-79.05531,933,24528.39896335052
21271,35.92217,-79.05545,934,24561.106452933782
21271,35.92189,-79.05557,935,24594.20388921695
21271,35.92161,-79.05568,936,24627.013680818567
21271,35.92139,-79.05577,937,24652.89334675482
21271,35.92111,-79.05587,938,24685.438285756605
21271,35.92096,-79.05591,939,24702.570252858794
21271,35.92041,-79.05602,940,24764.766936494976
21271,35.92016,-79.05607,941,24793.038156386607
21271,35.9201,-79.05608,942,24799.79646897754
21271,35.91986,-79.05612,943,24826.82971917336
21271,35.91901,-79.05628,944,24922.81026502393
21271,35.91886,-79.05631,945,24939.772997615208
21271,35.91853,-79.05636,946,24976.88545306974
21271,35.91818,-79.05643,947,25016.465163574085
21271,35.91796,-79.05647,948,25041.288110018835
21271,35.91775,-79.05651,949,25065.007454987208
21271,35.91719,-79.05661,950,25128.16919455516
21271,35.91694,-79.05665,951,25156.308894627382
21271,35.91668,-79.0567,952,25185.682354191806
21271,35.91642,-79.05675,953,25215.05581370407
21271,35.91627,-79.05677,954,25231.89661027032
21271,35.91603,-79.05681,955,25258.929854042934
21271,35.91575,-79.05687,956,25290.653970998443
21271,35.91546,-79.05692,957,25323.339813608214
21271,35.91538,-79.05692,958,25332.269201697487
21271,35.91523,-79.05693,959,25349.036406161344
21271,35.91509,-79.05686,960,25365.905945780443
21271,35.91506,-79.05685,961,25369.37538425529
21271,35.91501,-79.05683,962,25375.24426312029
21271,35.91489,-79.05676,963,25390.069842228233
21271,35.91467,-79.05664,964,25416.934405410833
21271,35.91459,-79.05659,965,25426.95161959689
21271,35.91432,-79.05645,966,25459.659543055994
21271,35.91406,-79.0563,967,25491.71712459935
21271,35.91369,-79.05608,968,25537.592952002353
21271,35.91363,-79.05606,969,25544.531846158814
21271,35.9134,-79.05592,970,25573.178740100007
21271,35.913294,-79.056022,971,25588.204023564223
21271,35.91326,-79.05585,972,25604.27597797607
21271,35.91314,-79.05578,973,25619.10164091535
21271,35.91276,-79.05556,974,25665.984932611602
21271,35.9126,-79.05547,975,25685.624662296294
21271,35.91239,-79.05535,976,25711.473126580622
21271,35.91217,-79.05521,977,25739.124315144833
21271,35.91189,-79.05506,978,25773.216170933196
21271,35.91183,-79.05503,979,25780.44603800994
21271,35.911689,-79.055045,980,25796.24295789367
21271,35.91159,-79.05489,981,25814.136789393244
21271,35.9115,-79.05483,982,25825.564633993286
21271,35.91132,-79.05473,983,25847.612430815792
21271,35.9112,-79.05465,984,25862.84957364222
21271,35.91115,-79.05462,985,25869.0597910237
21271,35.91095,-79.05449,986,25894.31215490983
21271,35.91071,-79.05431,987,25925.692909003945
21271,35.91049,-79.05487,988,25982.161129942837
21271,35.91025,-79.05547,989,26042.872432211094
21271,35.90997,-79.05532,990,26076.96440675051
21271,35.90957,-79.05509,991,26126.254719348977
21271,35.90952,-79.05506,992,26132.464957156793
21271,35.90937,-79.05498,993,26150.7156181939
21271,35.90914,-79.05485,994,26178.971632074456
21271,35.908924,-79.054815,995,26203.28963246339
21271,35.90882,-79.05468,996,26220.172317697106
21271,35.90872,-79.05466,997,26231.480872603315
21271,35.90858,-79.05465,998,26247.13371856494
21271,35.90837,-79.05464,999,26270.59102873
21271,35.90821,-79.05464,1000,26288.449869164364
21271,35.90789,-79.05467,1001,26324.27128377331
21271,35.90763,-79.05469,1002,26353.348668573963
21271,35.90748,-79.05472,1003,26370.311506651535
21271,35.90735,-79.05474,1004,26384.93502479994
21271,35.90733,-79.05474,1005,26387.16737948749
21271,35.90716,-79.05478,1006,26406.48691536155
21271,35.90705,-79.05479,1007,26418.798399334748
21271,35.90689,-79.05487,1008,26438.07822163321
21271,35.90669,-79.05485,1009,26460.475518667045
21271,35.90647,-79.05487,1010,26485.09848450069
21271,35.90627,-79.05491,1011,26507.715603943503
21271,35.90606,-79.05494,1012,26531.31309900696
21271,35.90604,-79.05494,1013,26533.545452968636
21271,35.90552,-79.05499,1014,26591.763974560974
21271,35.90526,-79.05501,1015,26620.841347605932
21271,35.90508,-79.05503,1016,26641.014451762807
21271,35.90496,-79.05507,1017,26654.892366736203
21271,35.90495,-79.05507,1018,26656.00854348056
21271,35.90474,-79.0551,1019,26679.6060376573
21271,35.90459,-79.05512,1020,26696.446906677484
21271,35.90444,-79.05513,1021,26713.21416509258
21271,35.90441,-79.05513,1022,26716.562694992906
21271,35.90423,-79.05513,1023,26736.653874382686
21271,35.90415,-79.05514,1024,26745.62934433123
21271,35.90409,-79.05514,1025,26752.326404015166
21271,35.90405,-79.05513,1026,26756.882526394762
21271,35.90399,-79.05519,1027,26765.51606192761
21271,35.90393,-79.05524,1028,26773.60721926825
21271,35.90377,-79.05539,1029,26796.067940707017
21271,35.90356,-79.0556,1030,26826.285353344014
21271,35.90342,-79.05574,1031,26846.4303073624
21271,35.90328,-79.05587,1032,26866.01483548594
21271,35.90313,-79.05601,1033,26887.037431911493
21271,35.9026,-79.05649,1034,26960.519534054085
21271,35.90255,-79.05654,1035,26967.714184185235
21271,35.90245,-79.05663,1036,26981.548316768807
21271,35.90201,-79.05703,1037,27042.633855752047
21271,35.90203,-79.05681,1038,27062.7368689588
21271,35.90206,-79.05637,1039,27102.834304444248
21271,35.90206,-79.05636,1040,27103.742426731547
21271,35.90208,-79.05608,1041,27129.267657608947
21271,35.90211,-79.0557,1042,27163.93839568294
21271,35.90214,-79.05526,1043,27204.035861542125
21271,35.90216,-79.05493,1044,27234.086953526843
21271,35.90218,-79.05459,1045,27265.043741672733
21271,35.902121,-79.054325,1046,27289.993814492136
21271,35.90217,-79.05413,1047,27308.52760228207
21271,35.90217,-79.0541,1048,27311.2519750992
21271,35.90216,-79.05396,1049,27324.01461977808
21271,35.90215,-79.05388,1050,27331.364861170303
21271,35.90214,-79.0538,1051,27338.715104416235
21271,35.90211,-79.05356,1052,27360.765845265247
21271,35.90209,-79.05344,1053,27371.88965701204
21271,35.9019,-79.05284,1054,27430.358966647982
21271,35.90178,-79.05243,1055,27469.928215351476
21271,35.90171,-79.05224,1056,27488.869310907783
21271,35.90165,-79.05205,1057,27507.3779468388
21271,35.90159,-79.05188,1058,27524.206237257284
21271,35.9015,-79.0516,1059,27551.54644350712
21271,35.90148,-79.05154,1060,27557.434825463362
21271,35.901405,-79.051472,1061,27567.83744830623
21271,35.90144,-79.05135,1062,27579.585301616018
21271,35.90145,-79.05127,1063,27586.935638562027
21271,35.90145,-79.05122,1064,27591.476322365357
21271,35.90148,-79.05114,1065,27599.47597086904
21271,35.90151,-79.05106,1066,27607.475617872013
21271,35.90155,-79.05101,1067,27613.843635251953
21271,35.9016,-79.05098,1068,27620.05403463264
21271,35.90165,-79.05094,1069,27626.7130151433
21271,35.90177,-79.0509,1070,27640.591061415107
21271,35.90188,-79.05086,1071,27653.39517053593
21271,35.901957,-79.050714,1072,27669.195845591836
21271,35.90215,-79.05073,1073,27690.787152142795
21271,35.90218,-79.05072,1074,27694.256663418357
21271,35.90222,-79.0507,1075,27699.076692161783
21271,35.90247,-79.0506,1076,27728.421828840463
21271,35.90291,-79.05044,1077,27779.638249504704
21271,35.90301,-79.05041,1078,27791.127768239614
21271,35.90306,-79.05056,1079,27805.84850049131
21271,35.90312,-79.05075,1080,27824.356891449614
21271,35.90319,-79.05095,1081,27844.12855121857
21271,35.90333,-79.05143,1082,27890.43448743747
21271,35.903566,-79.051805,1083,27933.487801975953
21273,35.901507,-79.090337,0,0
21273,35.901492,-79.090245,1,8.520430899285705
21273,35.901396,-79.090091,2,26.137733369013432
21273,35.90146,-79.09001,3,36.39088324023787
21273,35.90151,-79.08995,4,44.19016276685544
21273,35.90168,-79.08974,5,71.09114939831957
21273,35.90195,-79.09007,6,113.58958770391388
21273,35.9022,-79.09039,7,153.87552437368947
21273,35.90237,-79.09058,8,179.52095040000822
21273,35.90248,-79.09067,9,194.2695953408933
21273,35.90255,-79.09073,10,203.7945554920584
21273,35.90288,-79.09091,11,244.09023041694076
21273,35.90311,-79.09099,12,270.7689208916925
21273,35.903148,-79.09085,13,284.17057493265776
21273,35.90317,-79.09101,14,298.9055584914669
21273,35.9035,-79.09111,15,336.8401426699447
21273,35.90372,-79.09115,16,361.661815955902
21273,35.90387,-79.09119,17,378.79298939290703
21273,35.90431,-79.09132,18,429.3007927609745
21273,35.90433,-79.09133,19,431.71064216764063
21273,35.90491,-79.09151,20,498.4767080929613
21273,35.90499,-79.09154,21,507.8119094603677
21273,35.90526,-79.09162,22,538.8101258747575
21273,35.90532,-79.09164,23,545.7486779906053
21273,35.905601,-79.091652,24,577.1303427778245
21273,35.90596,-79.09185,25,621.0475394012099
21273,35.90625,-79.09194,26,654.4305096504012
21273,35.90707,-79.09221,27,749.1784403607845
21273,35.907297,-79.092157,28,774.9671648301232
21273,35.90847,-79.09268,29,914.2336177783159
21273,35.90954,-79.09307,30,1038.7968868748837
21273,35.90996,-79.09322,31,1087.6119521737455
21273,35.91032,-79.09334,32,1129.2429808646993
21273,35.910661,-79.09338,33,1167.4751884728448
21273,35.91118,-79.09363,34,1229.6899534621984
21273,35.91129,-79.09367,35,1242.4930685050538
21273,35.91139,-79.09371,36,1254.2301912201024
21273,35.91148,-79.09375,37,1264.9115651594675
21273,35.91163,-79.09381,38,1282.517242122804
21273,35.91179,-79.09389,39,1301.7957032067272
21273,35.91191,-79.09396,40,1316.6205145444662
21273,35.91217,-79.09413,41,1349.4889757509068
21273,35.91226,-79.09381,42,1380.2308116035995
21273,35.91226,-79.0938,43,1381.1387618031363
21273,35.91229,-79.09371,44,1389.9697028519813
21273,35.9123,-79.09359,45,1400.922120096157
21273,35.91232,-79.09329,46,1428.251937441504
21273,35.91233,-79.09322,47,1434.7048443467745
21273,35.91235,-79.09302,48,1453.0005342611296
21273,35.912326,-79.092811,49,1472.1648279633291
21273,35.9124,-79.09272,50,1483.847337168
21273,35.91241,-79.0927,51,1485.9788143550977
21273,35.91242,-79.09266,52,1489.7782450473599
21273,35.9125,-79.09235,53,1519.3069966362539
21273,35.91259,-79.09203,54,1550.048803821819
21273,35.91263,-79.09187,55,1565.2465096839508
21273,35.91225,-79.09172,56,1609.7917960642662
21273,35.912211,-79.091764,57,1615.700024751851
21273,35.91208,-79.09165,58,1633.6140450845774
21273,35.91174,-79.09151,59,1673.6342382552195
21273,35.91139,-79.09137,60,1714.714303183879
21273,35.91122,-79.0913,61,1734.7244230421668
21273,35.91114,-79.09126,62,1744.3637021015825
21273,35.91105,-79.09123,63,1754.7714842643572
21273,35.91091,-79.09117,64,1771.3195148596576
21273,35.91061,-79.09101,65,1807.8186461878229
21273,35.91052,-79.09095,66,1819.2458666579744
21273,35.91031,-79.09083,67,1845.092993841825
21273,35.91006,-79.09068,68,1876.1423720641399
21273,35.90983,-79.09052,69,1905.6387227602331
21273,35.90959,-79.09035,70,1936.5545956881651
21273,35.90945,-79.09024,71,1955.099585051244
21273,35.90928,-79.09009,72,1978.4557513017808
21273,35.909231,-79.090187,73,1988.8230887813802
21273,35.90915,-79.08998,74,2009.6797133670275
21273,35.90901,-79.08985,75,2029.2626597630726
21273,35.90876,-79.08962,76,2064.1153139262456
21273,35.90833,-79.08917,77,2127.1459735784015
21273,35.90761,-79.08843,78,2231.8963015086456
21273,35.90744,-79.08825,79,2256.9391967403185
21273,35.90705,-79.08786,80,2313.053323039785
21273,35.90678,-79.08758,81,2352.4809796559084
21273,35.9066,-79.08739,82,2378.962313096828
21273,35.90635,-79.08713,83,2415.512923383802
21273,35.90626,-79.08704,84,2428.4624188154125
21273,35.90601,-79.08678,85,2465.0131154342926
21273,35.90557,-79.08633,86,2528.8989132507863
21273,35.90525,-79.086,87,2575.5202177334863
21273,35.90508,-79.08583,88,2599.9805626170673
21273,35.905,-79.08574,89,2612.0848960142407
21273,35.90492,-79.08564,90,2624.8199454039186
21273,35.90486,-79.08557,91,2634.0529949977376
21273,35.90484,-79.08555,92,2636.930688850059
21273,35.90476,-79.08545,93,2649.6657552758825
21273,35.90473,-79.08541,94,2654.605838834867
21273,35.90469,-79.08535,95,2661.649675768091
21273,35.9046,-79.08524,96,2675.8156717554816
21273,35.90446,-79.08505,97,2699.0928924535506
21273,35.90439,-79.08493,98,2712.5010125562967
21273,35.90437,-79.08491,99,2715.3787161929795
21273,35.90426,-79.08472,100,2736.5542034038717
21273,35.90415,-79.08455,101,2756.2781365374517
21273,35.90404,-79.08435,102,2778.1998532114767
21273,35.90395,-79.08416,103,2798.1641987233415
21273,35.90388,-79.08401,104,2813.866754787334
21273,35.90383,-79.08389,105,2826.1093990774266
21273,35.90377,-79.08375,106,2840.4782437466083
21273,35.9037,-79.08357,107,2858.5946671372094
21273,35.90366,-79.08345,108,2870.370550907389
21273,35.90362,-79.08332,109,2882.9914131519477
21273,35.9036,-79.08325,110,2889.7284387954574
21273,35.90351,-79.08291,111,2922.1957244036603
21273,35.90343,-79.08262,112,2950.0022920943798
21273,35.90339,-79.08239,113,2971.35971477181
21273,35.90332,-79.08198,114,3009.401521275342
21273,35.90329,-79.08176,115,3029.657747418771
21273,35.903149,-79.081261,116,3077.625635245008
21273,35.90324,-79.08121,117,3088.788432962044
21273,35.90317,-79.08051,118,3152.831937733834
21273,35.90317,-79.08048,119,3155.556161428589
21273,35.90315,-79.08023,120,3178.3675181557383
21273,35.90312,-79.07998,121,3201.3150124338754
21273,35.90311,-79.07983,122,3214.9818053382937
21273,35.90309,-79.0797,123,3226.9960004124428
21273,35.90307,-79.07956,124,3239.903568452047
21273,35.90303,-79.0793,125,3263.9319861728954
21273,35.90301,-79.07916,126,3276.839571992892
21273,35.90297,-79.0789,127,3300.8680227259542
21273,35.90295,-79.07878,128,3311.9912686888783
21273,35.90292,-79.07864,129,3325.1379481491676
21273,35.9029,-79.07851,130,3337.152194028999
21273,35.90287,-79.07839,131,3348.5520084948957
21273,35.90281,-79.07812,132,3373.9683342757676
21273,35.90277,-79.07797,133,3388.302568116453
21273,35.90264,-79.07744,134,3438.5706624445324
21273,35.902415,-79.077017,135,3484.4635189261617
21273,35.90244,-79.07681,136,3503.466922189232
21273,35.90241,-79.07671,137,3513.145474049771
21273,35.90224,-79.07623,138,3560.684600358963
21273,35.90202,-79.07561,139,3622.108063814579
21273,35.90198,-79.07561,140,3626.5726246879076
21273,35.90197,-79.0756,141,3628.0115153571846
21273,35.90196,-79.07559,142,3629.450406120186
21273,35.9019,-79.07544,143,3644.6290544814174
21273,35.90184,-79.0753,144,3658.998368697657
21273,35.9018,-79.07521,145,3668.3111711527017
21273,35.90176,-79.07513,146,3676.83815521113
21273,35.90169,-79.075,147,3690.9946952159135
21273,35.90162,-79.07488,148,3704.4033419704333
21273,35.90156,-79.07478,149,3715.6866279108413
21273,35.9015,-79.07469,150,3726.252818121529
21273,35.90149,-79.07467,151,3728.384571414899
21273,35.90142,-79.07458,152,3739.6911884922656
21273,35.9013,-79.07442,153,3759.452326557347
21273,35.90098,-79.07402,154,3810.3947127770684
21273,35.90085,-79.07387,155,3830.296608817666
21273,35.90072,-79.07371,156,3850.8307500494598
21273,35.90068,-79.0736,157,3861.7722950557927
21273,35.90084,-79.07358,158,3879.722715051774
21273,35.90113,-79.07341,159,3915.583927498501
21273,35.90162,-79.07314,160,3975.5196247362483
21273,35.90153,-79.07295,161,3995.484785690838
21273,35.90139,-79.07262,162,4029.281572918205
21273,35.90138,-79.07258,163,4033.081612779834
21273,35.901268,-79.072432,164,4051.4365615851093
21273,35.90126,-79.07208,165,4083.4144501313335
21273,35.9012,-79.07161,166,4126.617789015063
21273,35.90119,-79.0713,167,4154.791331384271
21273,35.90118,-79.07109,168,4173.894296584675
21273,35.90118,-79.07108,169,4174.802407761961
21273,35.90119,-79.07064,170,4214.774897433517
21273,35.9012,-79.07052,171,4225.729249331389
21273,35.90125,-79.07011,172,4263.377754642797
21273,35.90134,-79.06971,173,4301.065625920782
21273,35.90139,-79.06954,174,4317.481266315623
21273,35.90148,-79.06922,175,4348.22807550565
21273,35.90152,-79.06912,176,4358.34732119648
21273,35.90156,-79.069,177,4370.123750461338
21273,35.90177,-79.06842,178,4427.774066963321
21273,35.90187,-79.06822,179,4449.091751549835
21273,35.90193,-79.06814,180,4458.972383199182
21273,35.901879,-79.068056,181,4468.490320568694
21273,35.9021,-79.0679,182,4496.935871168805
21273,35.9023,-79.06765,183,4528.774970531118
21273,35.90252,-79.06741,184,4561.607359234308
21273,35.90267,-79.06719,185,4587.673317006869
21273,35.90281,-79.06702,186,4609.639184300968
21273,35.902879,-79.06677,187,4633.612375893594
21273,35.903,-79.06677,188,4647.1178625847215
21273,35.90304,-79.06672,189,4653.485659089532
21273,35.9032,-79.06647,190,4682.370327969474
21273,35.90326,-79.06634,191,4695.942812377807
21273,35.90335,-79.06614,192,4716.697664553162
21273,35.90341,-79.06601,193,4730.270136471372
21273,35.90358,-79.06554,194,4776.978260425951
21273,35.90368,-79.06524,195,4806.4188343675005
21273,35.90377,-79.06512,196,4821.239666396451
21273,35.90386,-79.06504,197,4833.636712632171
21273,35.90399,-79.06491,198,4852.342422754238
21273,35.90414,-79.06481,199,4871.388939022019
21273,35.90458,-79.06458,200,4924.756667123686
21273,35.90474,-79.0645,201,4944.036271499265
21273,35.9049,-79.06443,202,4962.992376507225
21273,35.90524,-79.06427,203,5003.628058916289
21273,35.90525,-79.06427,204,5004.744219299478
21273,35.90552,-79.06414,205,5037.110177522679
21273,35.90555,-79.064013,206,5049.118962015501
21273,35.90569,-79.06407,207,5065.580149324397
21273,35.90585,-79.06403,208,5083.804364413311
21273,35.90604,-79.064,209,5105.18567590575
21273,35.90647,-79.06393,210,5153.599689018404
21273,35.90689,-79.06391,211,5200.51361716523
21273,35.90709,-79.0639,212,5222.8552990814
21273,35.90722,-79.0635,213,5261.968449519226
21273,35.90722,-79.06347,214,5264.692606354501
21273,35.90723,-79.06346,215,5266.131486508887
21273,35.90734,-79.06317,216,5295.186559218458
21273,35.907318,-79.06299,217,5311.714912491912
21273,35.90744,-79.06288,218,5328.602752797289
21273,35.90746,-79.06284,219,5332.866104816808
21273,35.90747,-79.06281,220,5335.810051059436
21273,35.90752,-79.06269,221,5348.0526583993
21273,35.90759,-79.0625,222,5366.992280690739
21273,35.907666,-79.062092,223,5404.999429881932
21273,35.90786,-79.06182,224,5437.846259847287
21273,35.90798,-79.06147,225,5472.334972801891
21273,35.90813,-79.06107,226,5512.329802115896
21273,35.90822,-79.0608,227,5538.825192808188
21273,35.90829,-79.06062,228,5556.941428367112
21273,35.90835,-79.060375,229,5580.174641281931
21273,35.90843,-79.06025,230,5594.616521290488
21273,35.90879,-79.05934,231,5686.5001920957875
21273,35.90894,-79.05893,232,5727.321233473168
21273,35.90926,-79.05812,233,5809.086106164985
21273,35.90931,-79.05799,234,5822.143345742663
21273,35.909569,-79.057121,235,5906.180452635579
21273,35.90964,-79.05708,236,5914.936204831843
21273,35.90972,-79.05688,237,5935.17339050316
21273,35.90976,-79.05678,238,5945.291979527738
21273,35.90997,-79.05623,239,6000.460772422689
21273,35.91002,-79.05608,240,6015.180253719155
21273,35.91005,-79.05601,241,6022.364546825944
21273,35.910041,-79.055838,242,6038.014945006783
21273,35.91025,-79.05547,243,6078.767788852918
21273,35.90997,-79.05532,244,6112.859763392333
21273,35.90957,-79.05509,245,6162.1500759907985
21273,35.90952,-79.05506,246,6168.360313798616
21273,35.90937,-79.05498,247,6186.610974835719
21273,35.90914,-79.05485,248,6214.866988716275
21273,35.908924,-79.054815,249,6239.184989105212
21273,35.90882,-79.05468,250,6256.067674338928
21273,35.90872,-79.05466,251,6267.376229245138
21273,35.90858,-79.05465,252,6283.029075206762
21273,35.90837,-79.05464,253,6306.486385371823
21273,35.90821,-79.05464,254,6324.345225806187
21273,35.90789,-79.05467,255,6360.166640415133
21273,35.90763,-79.05469,256,6389.244025215785
21273,35.90748,-79.05472,257,6406.206863293359
21273,35.90735,-79.05474,258,6420.830381441761
21273,35.90733,-79.05474,259,6423.062736129314
21273,35.90716,-79.05478,260,6442.382272003375
21273,35.90705,-79.05479,261,6454.693755976573
21273,35.90689,-79.05487,262,6473.973578275037
21273,35.906894,-79.054879,263,6474.90484239748
21273,35.906893,-79.054871,264,6475.639822061925
21281,35.947723,-79.026441,0,0
21281,35.94778,-79.02644,1,6.363146789217137
21281,35.94774,-79.02635,2,15.672474606070871
21281,35.9477,-79.02627,3,24.19649865010433
21281,35.9477,-79.02626,4,25.104136157386403
21281,35.94767,-79.02619,5,32.2860717315517
21281,35.94763,-79.02605,6,45.754615999374295
21281,35.94757,-79.02584,7,65.95744952652066
21281,35.94753,-79.02572,8,77.72877739411095
21281,35.94751,-79.02563,9,86.1971052961566
21281,35.94744,-79.02543,10,105.96013798468096
21281,35.94744,-79.0254,11,108.6830632371914
21281,35.94737,-79.0252,12,128.4461180900125
21281,35.94753,-79.02509,13,148.90705232337064
21281,35.94783,-79.02486,14,188.36803249058124
21281,35.94805,-79.0247,15,216.8977399749195
21281,35.94845,-79.02439,16,269.67298558690055
21281,35.94858,-79.0243,17,286.3252158061011
21281,35.9487,-79.02422,18,301.5614503000771
21281,35.94891,-79.02412,19,326.69814295991006
21281,35.94925,-79.02396,20,367.33353194393527
21281,35.94947,-79.02385,21,393.84256688257994
21281,35.94953,-79.0238,22,401.9326516628314
21281,35.94958,-79.02376,23,408.590711545955
21281,35.94967,-79.02367,24,421.5386679201562
21281,35.94973,-79.02362,25,429.6287485339894
21281,35.949728,-79.023507,26,439.8872604672378
21281,35.94978,-79.02353,27,446.05564343182
21281,35.94991,-79.02334,28,468.5933985667118
21281,35.94993,-79.02329,29,473.65087644854543
21281,35.95015,-79.02291,30,515.9896301615429
21281,35.95025,-79.02273,31,535.7759115393515
21281,35.95032,-79.0226,32,549.9275411161234
21281,35.9507,-79.02203,33,616.8273470966867
21281,35.95083,-79.02191,34,634.9709814617258
21281,35.95093,-79.02186,35,647.0205486136234
21281,35.95103,-79.02183,36,658.5101986789891
21281,35.95114,-79.02182,37,670.8222954094116
21281,35.95123,-79.02181,38,680.9093363547538
21281,35.95156,-79.02182,39,717.7563118428917
21281,35.95174,-79.02183,40,737.8690522373925
21281,35.952000337130144,-79.02184000000001,41,766.9429948768981
21281,35.952066,-79.021745,42,778.2595002331126
21281,35.952127309373665,-79.02184268220903,43,789.4591804579813
21281,35.95228,-79.02185,44,806.5159960688912
21281,35.95234,-79.02211,45,831.045370666909
21281,35.9524,-79.02227,46,847.0368449035378
21281,35.95241,-79.0223,47,849.9795371893886
21281,35.95251,-79.02245,48,867.5844856142099
21281,35.95257,-79.02256,49,879.6063278592737
21281,35.95298,-79.02314,50,949.3590709722043
21281,35.953200962709815,-79.02346422701835,51,987.7549334261718
21281,35.953318,-79.02347,52,1000.8295277719217
21281,35.95328503077415,-79.02359183680535,53,1012.4834720308903
21281,35.95341,-79.02379,54,1035.243993891712
21281,35.95349,-79.02391,55,1049.3278129982796
21281,35.95352,-79.02398,56,1056.5093572339508
21281,35.95353,-79.02402,57,1060.3073835050218
21281,35.95358,-79.02415,58,1073.3593069764324
21281,35.95358,-79.02418,59,1076.0820242623242
21281,35.95361,-79.02433,60,1090.101417053611
21281,35.95361,-79.0244,61,1096.4544195913295
21281,35.95361,-79.02444,62,1100.0847064361892
21281,35.95362,-79.0246,63,1114.64868939476
21281,35.9536,-79.02473,64,1126.6564694746194
21281,35.95354,-79.02496,65,1148.5787168645445
21281,35.95349,-79.02508,66,1160.8163705667123
21281,35.953488,-79.02523,67,1174.4317816286948
21281,35.95339,-79.02525,68,1185.5204101805105
21281,35.95332,-79.02535,69,1197.4962796671966
21281,35.95316,-79.02549,70,1219.4145736021496
21281,35.95304,-79.02557,71,1234.6505803663786
21281,35.95296,-79.02562,72,1244.667285154278
21281,35.95268,-79.02576,73,1278.4057496450416
21281,35.95237,-79.02588,74,1314.68230224555
21281,35.95238,-79.02591,75,1317.624978511644
21281,35.952445428151314,-79.0262223030758,76,1346.8948607228672
21281,35.952554,-79.026304,77,1361.1022451209956
21281,35.952456743109856,-79.02639819262504,78,1374.9201963478313
21281,35.95247,-79.02695,79,1425.023082381145
21281,35.95246,-79.02707,80,1435.9711092086402
21281,35.95246,-79.02729,81,1455.9378919126686
21281,35.95246,-79.02773,82,1495.8714362646538
21281,35.95246,-79.02774,83,1496.779016490681
21281,35.95246,-79.02818,84,1536.7125321295212
21281,35.95246,-79.0284,85,1556.679279418635
21281,35.95246,-79.02862,86,1576.6460196905757
21281,35.95246,-79.02906,87,1616.5794791784524
21281,35.952552,-79.029129,88,1628.6075216974853
21281,35.952465428149964,-79.02920746378899,89,1640.6113456915627
21281,35.95245,-79.02962,90,1678.0918015539485
21281,35.95244,-79.03029,91,1738.9097168874844
21281,35.95242891436956,-79.03082655952454,92,1787.6223134406907
21281,35.952502,-79.030919,93,1799.3244068234183
21281,35.95243434252163,-79.03101516071321,94,1810.865619561569
21281,35.95244,-79.03137,95,1843.076154080425
21281,35.95244,-79.03145,96,1850.336755125178
21281,35.95244,-79.03159,97,1863.0428047189732
21281,35.95244,-79.03161,98,1864.8579544292998
21281,35.95243,-79.03173,99,1875.8059039007742
21281,35.95241,-79.03184,100,1886.0357872212405
21281,35.95238,-79.03195,101,1896.565756623496
21281,35.95234,-79.03204,102,1905.8745803157033
21281,35.95229,-79.03217,103,1918.926505337646
21281,35.95224,-79.03227,104,1929.580986293773
21281,35.95214,-79.03248,105,1951.6681720035947
21281,35.95202,-79.0327,106,1975.7115663472846
21281,35.95188,-79.0329,107,1999.6632649925373
21281,35.95163,-79.03324,108,2041.2674937261816
21281,35.95155,-79.03331,109,2052.2265806935097
21281,35.95148,-79.03337,110,2061.7504657634586
21281,35.95146,-79.03339,111,2064.627718010262
21281,35.95136,-79.03345,112,2077.0473491179787
21281,35.951317,-79.033565,113,2088.5353016470904
21281,35.95122377555997,-79.03351084540367,114,2100.043514991641
21281,35.95115,-79.03354,115,2108.6931244132047
21281,35.95103,-79.03354,116,2122.0877083193955
21281,35.95087,-79.03351,117,2140.1535120310105
21281,35.95064,-79.03348,118,2165.970446117366
21281,35.95042,-79.03347,119,2190.543951969973
21281,35.95024,-79.03346,120,2210.6563188458695
21281,35.95008,-79.03346,121,2228.5157662690776
21281,35.94988,-79.03347,122,2250.8585171033506
21281,35.94984,-79.03349,123,2255.6782635432614
21281,35.94971,-79.03354,124,2270.882108015668
21281,35.94965,-79.03356,125,2277.821034276047
21281,35.94959,-79.0336,126,2285.4390164577353
21281,35.94952,-79.03364,127,2294.054748529079
21281,35.94946,-79.03368,128,2301.6727326052674
21281,35.94937,-79.03377,129,2314.620495695027
21281,35.94932,-79.03382,130,2321.8136991648576
21281,35.94926,-79.03389,131,2331.04503398121
21281,35.94923,-79.03392,132,2335.360957497265
21281,35.94914,-79.03406,133,2351.5589993785165
21281,35.9491,-79.03411,134,2357.9252256003583
21281,35.94899,-79.03429,135,2378.3618392082217
21281,35.9489,-79.03441,136,2393.1787826319082
21281,35.94879,-79.03458,137,2412.8974169975418
21281,35.948783,-79.034702,138,2423.997826280373
21281,35.94866,-79.03474,139,2438.1538202823685
21281,35.94854,-79.03487,140,2456.004039864401
21281,35.94847,-79.03493,141,2465.528020758895
21281,35.94832,-79.03504,142,2485.021876401521
21281,35.94828,-79.03507,143,2490.2514863590222
21281,35.94827,-79.03507,144,2491.367698944109
21281,35.94816,-79.03514,145,2505.192401226418
21281,35.94814,-79.03515,146,2507.602275487001
21281,35.94803,-79.0352,147,2520.6924206825397
21281,35.94793,-79.03523,148,2532.1818498722987
21281,35.9478,-79.03528,149,2547.385685014302
21281,35.94749,-79.03536,150,2582.741878315321
21281,35.94728,-79.03541,151,2606.617588164208
21281,35.94711,-79.03547,152,2626.359169133073
21281,35.9471,-79.03547,153,2627.4753810007755
21281,35.94694,-79.03552,154,2645.9023361731875
21281,35.94693,-79.03553,155,2647.340990496062
21281,35.94683,-79.03556,156,2658.8304226413716
21281,35.94673,-79.03561,157,2670.879815298533
21281,35.94665,-79.03567,158,2681.3390836556173
21281,35.94661,-79.03571,159,2687.0937083480035
21281,35.94659,-79.03572,160,2689.503587164367
21281,35.94647874294658,-79.03585096197128,161,2706.694099929591
21281,35.946502,-79.03596,162,2716.925609569234
21281,35.94639440005143,-79.03596705522537,163,2728.9530928964396
21281,35.94635,-79.03603,164,2736.5162540331685
21281,35.94608,-79.03643,165,2783.7007570483015
21281,35.94604,-79.03649,166,2790.742921880038
21281,35.946,-79.03653,167,2796.497556863279
21281,35.94594,-79.03658,168,2804.5875917295225
21281,35.94587,-79.03664,169,2814.111649882076
21281,35.94585,-79.03666,170,2816.9889690673604
21281,35.94581,-79.03669,171,2822.218610151506
21281,35.94574,-79.03672,172,2830.4929467283305
21281,35.94561,-79.03677,173,2845.6967834359025
21281,35.94543,-79.03684,174,2866.7691971729864
21281,35.94534,-79.03688,175,2877.4510050833446
21281,35.94525,-79.03691,176,2887.8593785705466
21281,35.94517,-79.03695,177,2897.4988993408097
21281,35.94515,-79.03696,178,2899.9087796551594
21281,35.94507,-79.03699,179,2909.244386551183
21281,35.94501,-79.03703,180,2916.8624280383247
21281,35.94496,-79.03707,181,2923.520462156966
21281,35.94493,-79.03709,182,2927.329483524852
21281,35.94489,-79.03713,183,2933.084145426445
21281,35.94486,-79.03716,184,2937.4001423781656
21281,35.94486,-79.03717,185,2938.3077969794426
21281,35.94468,-79.0374,186,2967.281736417362
21281,35.94451765618408,-79.03770510185242,187,3000.376436005447
21281,35.944538,-79.037807,188,3009.899983704148
21281,35.94445,-79.0378,189,3019.743138611364
21281,35.94434,-79.03794,190,3037.41316470637
21281,35.94414,-79.03814,191,3066.186529375845
21281,35.94363,-79.03846,192,3130.094734438431
21281,35.94354,-79.03852,193,3141.5218178120604
21281,35.94349,-79.03856,194,3148.1798732054917
21281,35.94306,-79.03882,195,3201.664753117254
21281,35.94302,-79.03885,196,3206.89442660521
21281,35.94283,-79.03897,197,3230.735842166017
21281,35.94260954377922,-79.03909793005943,198,3257.945451741914
21281,35.942593,-79.039165,199,3264.3071509825954
21281,35.942528504961224,-79.03914202850287,200,3271.8019960796105
21281,35.94233,-79.03923,201,3295.35412716544
21281,35.94224,-79.03927,202,3306.035943016472
21281,35.94174,-79.03951,203,3365.9470825231033
21281,35.94125,-79.03973,204,3424.172538738806
21281,35.94103,-79.03988,205,3452.2510101976504
21281,35.941043,-79.03997,206,3460.5481362589276
21281,35.9409482304983,-79.03993183680532,207,3471.6790917589533
21281,35.94076,-79.04006,208,3495.6951206015424
21281,35.9407,-79.0401,209,3503.313219817821
21281,35.94063,-79.04014,210,3511.9290357888003
21281,35.94054,-79.04017,211,3522.3373977345373
21281,35.94046,-79.04018,212,3531.3130408845814
21281,35.94027,-79.04017,213,3552.540322523783
21281,35.94015,-79.04015,214,3566.05722957774
21281,35.94007,-79.04013,215,3575.1695275185502
21281,35.93993,-79.04008,216,3591.442103394718
21281,35.9398,-79.04009,217,3605.9811132710115
21281,35.93967,-79.04011,218,3620.604881979936
21281,35.939607,-79.040186,219,3630.4558151189494
21281,35.93954,-79.04015,220,3638.6171367925185
21281,35.93945,-79.04018,221,3649.0255084329733
21281,35.93924,-79.04025,222,3673.311710157308
21281,35.93908,-79.04036,223,3693.7726638345416
21281,35.93896,-79.04044,224,3709.0089299094047
21281,35.93868,-79.04077,225,3752.299564049277
21281,35.93842,-79.04102,226,3789.1398700401346
21281,35.93841,-79.04103,227,3790.5785739647968
21281,35.93831,-79.04112,228,3804.4108434238888
21281,35.93819,-79.0412,229,3819.6471249816755
21281,35.93801,-79.04128,230,3841.0108202864603
21281,35.937981,-79.041358,231,3848.7959611300885
21281,35.93791429151277,-79.04129731779099,232,3858.0579489898764
21281,35.9378,-79.0413,233,3870.817507194732
21281,35.93771,-79.04133,234,3881.225875474791
21281,35.93757,-79.04134,235,3896.879036687859
21281,35.93746,-79.04136,236,3909.2907440417125
21281,35.93729,-79.04141,237,3928.8014131824175
21281,35.9371,-79.0415,238,3951.5283716001795
21281,35.93679,-79.04163,239,3988.087486756092
21281,35.93648,-79.04177,240,4024.9496267655213
21281,35.93641,-79.04179,241,4032.971178290915
21281,35.93634,-79.0418,242,4040.837135468005
21281,35.93624,-79.04181,243,4052.035991062436
21281,35.93605,-79.04183,244,4073.3213666775814
21281,35.93587,-79.04184,245,4093.433471088995
21281,35.93551,-79.04187,246,4133.708860319512
21281,35.935431,-79.041936,247,4144.369592516293
21281,35.93535882150243,-79.04187801798724,248,4153.993064792173
21281,35.93515,-79.04189,249,4177.3270928192
21281,35.93516,-79.04204,250,4190.989167053278
21281,35.93517,-79.04248,251,4230.946178922984
21281,35.93518,-79.0427,252,4250.948043901911
21281,35.93502,-79.04278,253,4270.227258767167
21281,35.93497,-79.04282,254,4276.885483960784
21281,35.93491,-79.04286,255,4284.503677308858
21281,35.93487,-79.0429,256,4290.258578937775
21281,35.93484,-79.04292,257,4294.0676761239565
21281,35.9348,-79.04296,258,4299.822579245894
21281,35.93476,-79.043,259,4305.577483172514
21281,35.934766,-79.043087,260,4313.503367053875
21281,35.93470011686952,-79.04307821186472,261,4320.900374575043
21281,35.93459587289337,-79.04321634562899,262,4338.006604881333
21281,35.93472269819595,-79.04338779265976,263,4359.045045277957
21281,35.93483259339087,-79.04354491623332,264,4377.857328328165
21281,35.93497470650547,-79.04389133250618,265,4413.077954914523
21281,35.93505845448911,-79.04418194087435,266,4441.065451323201
21281,35.935098,-79.044485,267,4468.927738842158
21281,35.93510297511023,-79.04484310539652,268,4501.439741622843
21281,35.93511383379449,-79.04563703926493,269,4573.519743759006
21281,35.935124692477274,-79.04699289592196,270,4696.604164149095
21281,35.93512903594997,-79.04760980399539,271,4752.606256462157
21281,35.935186969592884,-79.04686587962343,272,4820.445070003751
21281,35.93513278950931,-79.0477994799469,273,4905.408346032559
21281,35.935139304717616,-79.04878116844635,274,4994.5241958213055
21281,35.93516753728065,-79.05009410975914,275,5113.74799890557
21281,35.935183825293194,-79.05052326320153,276,5152.7467051336325
21281,35.93522259573381,-79.04977183299637,277,5221.094741885476
21281,35.9351794818235,-79.05067749021988,278,5303.446282103448
21281,35.9351827394258,-79.0515813946579,279,5385.498694929871
21281,35.9351794818235,-79.05252016781311,280,5470.716148220179
21281,35.93517847301125,-79.05380600153386,281,5587.43693077517
21281,35.93521539249642,-79.0545892065662,282,5658.651059033678
21281,35.935272,-79.054681,283,5669.108217665711
21281,35.93521539249642,-79.05475986077725,284,5678.65633326167
21281,35.935242,-79.056134,285,5803.427753657783
21281,35.93523,-79.0561,286,5806.792175900838
21281,35.93514,-79.0561,287,5816.837751641496
21281,35.93467,-79.05601,288,5869.930309699772
21281,35.9338,-79.05584,289,5968.256089024238
21281,35.93375,-79.05582,290,5974.124843601714
21281,35.93338,-79.05575,291,6015.909328988136
21281,35.93274517015015,-79.05561781349182,292,6087.776335829899
21281,35.932621,-79.055726,293,6104.762698534595
21281,35.93256833041348,-79.05558390674591,294,6118.938025108695
21281,35.93231,-79.05553,295,6148.184541179756
21281,35.93177,-79.05541,296,6209.434527997983
21281,35.93156,-79.05535,297,6233.498735394831
21281,35.93112,-79.05522,298,6284.008477289869
21281,35.93104,-79.05519,299,6293.343954402199
21281,35.93075035873422,-79.05509084540368,300,6326.902717654055
21281,35.930642,-79.055205,301,6342.829802962416
21281,35.93060478025314,-79.055029762849,302,6359.271233231003
21281,35.93052,-79.055,303,6369.112368686447
21281,35.93043,-79.05497,304,6379.5205759323835
21281,35.93009,-79.05486,305,6418.762390921681
21281,35.92999,-79.05482,306,6430.499971904204
21281,35.92879,-79.05441,307,6569.516580305974
21281,35.92835,-79.05426,308,6620.481303800866
21281,35.92818,-79.0542,309,6640.2226543892675
21281,35.92807407196376,-79.0541660932541,310,6652.440227826596
21281,35.927982,-79.054298,311,6668.220293784915
21281,35.9279605353556,-79.05413101183669,312,6683.568057451231
21281,35.92748,-79.05397,313,6739.16046878871
21281,35.92719,-79.05391,314,6771.984760166322
21281,35.92702,-79.05388,315,6791.154260048849
21281,35.927,-79.05387,316,6793.564154324835
21281,35.9269,-79.05386,317,6804.762802810911
21281,35.92673,-79.05384,318,6823.82451758732
21281,35.92652,-79.05383,319,6847.28185204358
21281,35.92637,-79.05383,320,6864.024538095242
21281,35.92628,-79.05383,321,6874.070149719973
21281,35.92623,-79.05383,322,6879.6510450661945
21281,35.92592,-79.05386,323,6914.359617111125
21281,35.92574,-79.0539,324,6934.7763816321385
21281,35.92561,-79.05393,325,6949.540098070063
21281,35.92548,-79.05395,326,6964.163583829083
21281,35.9253,-79.054,327,6984.7612077623735
21281,35.92505,-79.05407,328,7013.38017728636
21281,35.92469,-79.05423,329,7056.107519041637
21281,35.92438,-79.05437,330,7092.969592748438
21281,35.92394,-79.05458,331,7145.652185379612
21281,35.923820811743575,-79.05463615153788,332,7159.899003631755
21281,35.923783,-79.054794,333,7174.838194887991
21281,35.9236828493708,-79.05470542270184,334,7188.6088070905635
21281,35.92337,-79.05487,335,7226.590710119668
21281,35.92296,-79.05506,336,7275.4970357612265
21281,35.9229,-79.05509,337,7282.726758011023
21281,35.92244,-79.05531,338,7337.819034935423
21281,35.92217,-79.05545,339,7370.526524518687
21281,35.92189,-79.05557,340,7403.623960801856
21281,35.92161,-79.05568,341,7436.433752403473
21281,35.92139,-79.05577,342,7462.313418339723
21281,35.92111,-79.05587,343,7494.858357341508
21281,35.920801434680165,-79.05594218650818,344,7529.917678975712
21281,35.920726,-79.056089,345,7545.683576729985
21281,35.920613114647,-79.05598145767213,346,7561.623848645982
21281,35.92041,-79.05602,347,7584.56346982032
21281,35.92016,-79.05607,348,7612.834689711949
21281,35.9201,-79.05608,349,7619.593002302882
21281,35.91986,-79.05612,350,7646.626252498703
21281,35.91901,-79.05628,351,7742.606798349274
21281,35.91886,-79.05631,352,7759.569530940549
21281,35.91853,-79.05636,353,7796.68198639508
21281,35.918346,-79.056566,354,7824.459872296918
21281,35.91818,-79.05643,355,7846.725898952133
21281,35.91796,-79.05647,356,7871.548845396885
21281,35.91775,-79.05651,357,7895.268190365259
21281,35.91697929350384,-79.05664084540366,358,7982.1089046915195
21281,35.916757,-79.056856,359,8013.6880337536395
21281,35.91670307188789,-79.05669402331353,360,8029.578889663322
21281,35.91668,-79.0567,361,8032.210667106065
21281,35.91642,-79.05675,362,8061.584126618331
21281,35.91627,-79.05677,363,8078.424923184577
21281,35.91603,-79.05681,364,8105.45816695719
21281,35.91575,-79.05687,365,8137.182283912698
21281,35.91546,-79.05692,366,8169.868126522469
21281,35.91538,-79.05692,367,8178.7975146117415
21281,35.91523,-79.05693,368,8195.564719075599
21281,35.91509,-79.05686,369,8212.434258694697
21281,35.91506,-79.05685,370,8215.903697169546
21281,35.91501,-79.05683,371,8221.772576034546
21281,35.91489,-79.05676,372,8236.598155142487
21281,35.91467,-79.05664,373,8263.462718325087
21281,35.91459,-79.05659,374,8273.479932511142
21281,35.91432,-79.05645,375,8306.187855970247
21281,35.91406,-79.0563,376,8338.245437513604
21281,35.91369,-79.05608,377,8384.121264916608
21281,35.91363,-79.05606,378,8391.060159073071
21281,35.9134,-79.05592,379,8419.707053014265
21281,35.913294,-79.056022,380,8434.732336478482
21281,35.91326,-79.05585,381,8450.80429089033
21281,35.91314,-79.05578,382,8465.629953829608
21281,35.91276,-79.05556,383,8512.513245525863
21281,35.9126,-79.05547,384,8532.152975210556
21281,35.91239,-79.05535,385,8558.001439494885
21281,35.91217,-79.05521,386,8585.652628059095
21281,35.91189,-79.05506,387,8619.744483847458
21281,35.91183,-79.05503,388,8626.974350924203
21281,35.911689,-79.055045,389,8642.771270807934
21281,35.91165082669501,-79.05492620982172,390,8654.368636870986
21281,35.9115,-79.05483,391,8673.33524978389
21281,35.91132,-79.05473,392,8695.383046606396
21281,35.9112,-79.05465,393,8710.620189432822
21281,35.91115,-79.05462,394,8716.830406814302
21281,35.91095,-79.05449,395,8742.082770700432
21281,35.91071,-79.05431,396,8773.46352479455
21281,35.91049,-79.05487,397,8829.93174573344
21281,35.91025,-79.05547,398,8890.643048001699
21281,35.90997,-79.05532,399,8924.735022541114
21281,35.90957,-79.05509,400,8974.025335139579
21281,35.90952,-79.05506,401,8980.235572947395
21281,35.90937,-79.05498,402,8998.486233984499
21281,35.90914,-79.05485,403,9026.742247865055
21281,35.90900169101008,-79.05477755092619,404,9043.52327320277
21281,35.908924,-79.054815,405,9052.837883656546
21281,35.908880828824564,-79.05471486871721,406,9063.12821197661
21281,35.90872,-79.05466,407,9081.758151895168
21281,35.90858,-79.05465,408,9097.410997856792
21281,35.90837,-79.05464,409,9120.868308021852
21281,35.90821,-79.05464,410,9138.727148456217
21281,35.90789,-79.05467,411,9174.548563065164
21281,35.90763,-79.05469,412,9203.625947865816
21281,35.90748,-79.05472,413,9220.58878594339
21281,35.90735,-79.05474,414,9235.212304091792
21281,35.90733,-79.05474,415,9237.444658779345
21281,35.90716,-79.05478,416,9256.764194653406
21281,35.90705,-79.05479,417,9269.075678626605
21281,35.90689,-79.05487,418,9288.355500925069
21281,35.90669,-79.05485,419,9310.7527979589
21281,35.90647,-79.05487,420,9335.375763792545
21281,35.90627,-79.05491,421,9357.992883235358
21281,35.90606,-79.05494,422,9381.590378298815
21281,35.90604,-79.05494,423,9383.822732260494
21281,35.90552,-79.05499,424,9442.041253852834
21281,35.90526,-79.05501,425,9471.118626897793
21281,35.90508,-79.05503,426,9491.291731054669
21281,35.90496,-79.05507,427,9505.169646028067
21281,35.90495,-79.05507,428,9506.285822772423
21281,35.90474,-79.0551,429,9529.883316949166
21281,35.90459,-79.05512,430,9546.724185969351
21281,35.90444,-79.05513,431,9563.49144438445
21281,35.90441,-79.05513,432,9566.839974284774
21281,35.90423,-79.05513,433,9586.931153674554
21281,35.90415,-79.05514,434,9595.906623623101
21281,35.90409,-79.05514,435,9602.603683307034
21281,35.90405,-79.05513,436,9607.159805686628
21281,35.90399,-79.05519,437,9615.793341219474
21281,35.90393,-79.05524,438,9623.884498560117
21281,35.90377,-79.05539,439,9646.345219998882
21281,35.90356,-79.0556,440,9676.562632635882
21281,35.90342,-79.05574,441,9696.707586654265
21281,35.90328,-79.05587,442,9716.292114777809
21281,35.90313,-79.05601,443,9737.314711203362
21281,35.9026,-79.05649,444,9810.796813345954
21281,35.90255,-79.05654,445,9817.991463477105
21281,35.90245,-79.05663,446,9831.825596060677
21281,35.90201,-79.05703,447,9892.911135043914
21281,35.90203,-79.05681,448,9913.01414825067
21281,35.90206,-79.05637,449,9953.111583736116
21281,35.90206,-79.05636,450,9954.019706023415
21281,35.90208,-79.05608,451,9979.544936900813
21281,35.90211,-79.0557,452,10014.215674974808
21281,35.90214,-79.05526,453,10054.31314083399
21281,35.90216,-79.05493,454,10084.36423281871
21281,35.90218,-79.05459,455,10115.3210209646
21281,35.90218108632057,-79.05436632696629,456,10135.633659476947
21281,35.902121,-79.054325,457,10143.319027829391
21281,35.90217782735883,-79.05425434416294,458,10152.341416891748
21281,35.90217,-79.05413,459,10163.667158230031
21281,35.90217,-79.0541,460,10166.391531047164
21281,35.90216,-79.05396,461,10179.154175726047
21281,35.90215,-79.05388,462,10186.50441711827
21281,35.90214,-79.0538,463,10193.854660364203
21281,35.90211,-79.05356,464,10215.905401213215
21281,35.90209,-79.05344,465,10227.02921296001
21281,35.9019,-79.05284,466,10285.498522595952
21281,35.90178,-79.05243,467,10325.067771299446
21281,35.90171,-79.05224,468,10344.008866855753
21281,35.90165,-79.05205,469,10362.517502786766
21281,35.90159,-79.05188,470,10379.345793205252
21281,35.9015,-79.0516,471,10406.685999455085
21281,35.90148,-79.05154,472,10412.57438141133
21281,35.901405,-79.051472,473,10422.977004254197
21281,35.90144,-79.05135,474,10434.724857563988
21281,35.90145,-79.05127,475,10442.075194509995
21281,35.90145,-79.05122,476,10446.615878313325
21281,35.90148,-79.05114,477,10454.615526817008
21281,35.90151,-79.05106,478,10462.615173819982
21281,35.90155,-79.05101,479,10468.98319119992
21281,35.9016,-79.05098,480,10475.19359058061
21281,35.90165,-79.05094,481,10481.852571091269
21281,35.90177,-79.0509,482,10495.730617363077
21281,35.90188,-79.05086,483,10508.534726483898
21281,35.90194568382914,-79.0508248104334,484,10516.532452367152
21281,35.901957,-79.050714,485,10526.674459202111
21281,35.90203865202063,-79.05078364418031,486,10537.767848118852
21281,35.90218,-79.05072,487,10554.570233878838
21281,35.90222,-79.0507,488,10559.390262622264
21281,35.90247,-79.0506,489,10588.735399300946
21281,35.90291,-79.05044,490,10639.951819965187
21281,35.90301,-79.05041,491,10651.441338700097
21281,35.90306,-79.05056,492,10666.16207095179
21281,35.90312,-79.05075,493,10684.670461910095
21281,35.90319,-79.05095,494,10704.442121679054
21281,35.90345275234595,-79.051792098217,495,10786.345278352857
21281,35.903566,-79.051805,496,10799.03996587268
21285,35.90689,-79.05487,0,0
21285,35.9069,-79.05482,1,4.675528130189864
21285,35.90669,-79.05485,2,28.273024126647584
21285,35.90647,-79.05487,3,52.89598996029194
21285,35.90627,-79.05491,4,75.5131094031047
21285,35.90606,-79.05494,5,99.11060446656126
21285,35.90604,-79.05494,6,101.34295842823964
21285,35.90552,-79.05499,7,159.5614800205788
21285,35.90526,-79.05501,8,188.6388530655366
21285,35.90508,-79.05503,9,208.81195722241256
21285,35.90496,-79.05507,10,222.68987219581
21285,35.90495,-79.05507,11,223.80604894016528
21285,35.90474,-79.0551,12,247.40354311690814
21285,35.90459,-79.05512,13,264.244412137093
21285,35.90444,-79.05513,14,281.01167055219076
21285,35.90441,-79.05513,15,284.36020045251576
21285,35.90423,-79.05513,16,304.45137984229444
21285,35.90415,-79.05514,17,313.42684979084163
21285,35.90409,-79.05514,18,320.1239094747749
21285,35.90405,-79.05513,19,324.68003185436896
21285,35.90399,-79.05519,20,333.3135673872155
21285,35.90393,-79.05524,21,341.40472472785837
21285,35.90377,-79.05539,22,363.8654461666243
21285,35.90356,-79.0556,23,394.08285880362257
21285,35.90342,-79.05574,24,414.2278128220069
21285,35.90328,-79.05587,25,433.81234094555
21285,35.90313,-79.05601,26,454.8349373711024
21285,35.9026,-79.05649,27,528.3170395136941
21285,35.90255,-79.05654,28,535.5116896448438
21285,35.90245,-79.05663,29,549.3458222284153
21285,35.90201,-79.05703,30,610.4313612116538
21285,35.90162,-79.05739,31,664.8714439971127
21285,35.9013,-79.0577,32,710.3497166715181
21285,35.90117,-79.0578,33,727.4674533561753
21285,35.90105,-79.05785,34,741.6102411798488
21285,35.900945,-79.05803,35,761.7238669701306
21285,35.9009,-79.05789,36,775.393928288433
21285,35.90088,-79.0579,37,777.8039207455776
21285,35.90083,-79.05791,38,783.4581835242408
21285,35.9007,-79.05792,39,797.9968054844211
21285,35.90055,-79.05791,40,814.7639914307854
21285,35.90046,-79.05789,41,824.9724112940688
21285,35.90033,-79.05784,42,840.1765153675751
21285,35.90012,-79.05775,43,865.0002474151469
21285,35.89986,-79.05765,44,895.4084774945698
21285,35.89978,-79.05762,45,904.7442337893939
21285,35.89969,-79.05759,46,915.1526753884951
21285,35.89951,-79.05756,47,935.427658362234
21285,35.89939,-79.05755,48,948.8524779692901
21285,35.89922,-79.05753,49,967.9141386569697
21285,35.89898,-79.05752,50,994.7176642797967
21285,35.89848,-79.05753,51,1050.533669863004
21285,35.89833,-79.05754,52,1067.3008671625291
21285,35.89823,-79.05755,53,1078.4994752413147
21285,35.8981,-79.05756,54,1093.0381072305581
21285,35.89796,-79.05757,55,1108.690886856471
21285,35.89784,-79.0576,56,1122.3592428730112
21285,35.89773,-79.05763,57,1134.935793770296
21285,35.89758,-79.05767,58,1152.0679403033846
21285,35.89746,-79.05773,59,1166.527987477862
21285,35.89737,-79.05778,60,1177.5521664290907
21285,35.89728,-79.05784,61,1188.980427326519
21285,35.8972,-79.0579,62,1199.441111732957
21285,35.89708,-79.058,63,1215.6237982885468
21285,35.89696,-79.0581,64,1231.8064900484578
21285,35.89684,-79.05821,65,1248.5157767771552
21285,35.8967,-79.05833,66,1267.5671356030446
21285,35.89656,-79.05843,67,1285.6409728748993
21285,35.8965,-79.05847,68,1293.2598232171301
21285,35.89641,-79.0585,69,1303.6682798410757
21285,35.89631,-79.05854,70,1315.4062725967433
21285,35.89621,-79.05856,71,1326.7148033405208
21285,35.89612,-79.05857,72,1336.8013073344875
21285,35.89604,-79.05858,73,1345.7767371856776
21285,35.89592,-79.05857,74,1359.2015374397015
21285,35.89585,-79.05856,75,1367.0673368088874
21285,35.89575,-79.05853,76,1378.5567653137248
21285,35.89553,-79.05843,77,1404.738182070701
21285,35.895495,-79.058559,78,1417.0880596860657
21285,35.89538,-79.05835,79,1440.0020610261263
21285,35.8953,-79.05831,80,1449.6421207274357
21285,35.89507,-79.05817,81,1478.2902275269016
21285,35.89455,-79.05782,82,1544.4655241758949
21285,35.89447,-79.05797,83,1560.7542585791864
21285,35.89444,-79.05802,84,1566.396384881423
21285,35.89438,-79.05816,85,1580.7671633724465
21285,35.89437,-79.0582,86,1584.567600576468
21285,35.89435,-79.05825,87,1589.6276822468817
21285,35.89433,-79.05832,88,1596.3656842134915
21285,35.89432,-79.05835,89,1599.3100735346873
21285,35.8943,-79.05841,90,1605.198852714035
21285,35.89428,-79.0585,91,1613.6720871162966
21285,35.89426,-79.05859,92,1622.1453223129138
21285,35.89423,-79.05875,93,1637.0574869068935
21285,35.89423,-79.0588,94,1641.5985338408789
21285,35.89423,-79.05882,95,1643.414952512332
21285,35.89422,-79.0589,96,1650.765861455405
21285,35.89421,-79.059,97,1659.9162849131887
21285,35.89421,-79.05913,98,1671.7230044907128
21285,35.89421,-79.05924,99,1681.7133037602052
21285,35.89422,-79.05927,100,1684.6576922968316
21285,35.89422,-79.05932,101,1689.1987360455107
21285,35.89424,-79.05953,102,1708.401311669472
21285,35.89426,-79.05964,103,1718.6379703245204
21285,35.89428,-79.05975,104,1728.8746246988271
21285,35.89431,-79.05988,105,1741.1469706846508
21285,35.89432,-79.05989,106,1742.5859532590941
21285,35.89437,-79.06008,107,1760.7218993236743
21285,35.89444,-79.06029,108,1781.3325458219672
21285,35.89451,-79.06046,109,1798.6363873912817
21285,35.89452,-79.0605,110,1802.4368044747766
21285,35.89459,-79.06067,111,1819.740626216024
21285,35.89464,-79.0608,112,1832.799804761152
21285,35.89473,-79.06098,113,1851.9872136584552
21285,35.89483,-79.06117,114,1872.538249841179
21285,35.89496,-79.06139,115,1897.2315532743148
21285,35.89504,-79.0615,116,1910.630663578077
21285,35.89506,-79.06155,117,1915.6906828270812
21285,35.89508,-79.06164,118,1924.163796493552
21285,35.89564,-79.06241,119,2017.9572429331092
21285,35.89582,-79.06265,120,2047.6006638351923
21285,35.89594,-79.06281,121,2067.3629177323646
21285,35.89637,-79.0634,122,2139.297756012954
21285,35.89656,-79.06367,123,2171.717009467013
21285,35.89715,-79.06447,124,2269.77435122992
21285,35.89721,-79.06455,125,2279.6553617277177
21285,35.89734,-79.06474,126,2302.2004813167086
21285,35.89752,-79.06498,127,2331.8434452638044
21285,35.89757,-79.06504,128,2339.6432254420743
21285,35.89788,-79.06547,129,2391.817866913955
21285,35.89848,-79.06629,130,2491.970133058934
21285,35.89859,-79.06645,131,2510.9931282379
21285,35.89873,-79.06665,132,2534.952887456802
21285,35.898821,-79.066651,133,2545.1103140522378
21285,35.89885,-79.06684,134,2562.576790231966
21285,35.89904,-79.06719,135,2600.7870146956298
21285,35.8991,-79.0673,136,2612.813653295877
21285,35.89915,-79.06741,137,2624.2563814263854
21285,35.89925,-79.0676,138,2644.8063915229322
21285,35.89933,-79.06778,139,2663.4326829669562
21285,35.89938,-79.06788,140,2674.091776523411
21285,35.89942,-79.06795,141,2681.859894798838
21285,35.89944,-79.068,142,2686.919634722265
21285,35.89949,-79.06811,143,2698.3623123325633
21285,35.89954,-79.06824,144,2711.4206699457022
21285,35.89959,-79.06837,145,2724.4790180563996
21285,35.89977,-79.06885,146,2772.4764761431534
21285,35.89996,-79.06939,147,2825.9044959007965
21285,35.90025,-79.0702,148,2906.269379705384
21285,35.90032,-79.07041,149,2926.878372234536
21285,35.90047,-79.07082,150,2967.702331758916
21285,35.90069,-79.07143,151,3028.2959713906525
21285,35.90078,-79.07168,152,3053.1219629384855
21285,35.90098,-79.07224,153,3108.6600421378757
21285,35.90118,-79.07281,154,3165.0306601588545
21285,35.90161,-79.07402,155,3284.935709566709
21285,35.90163,-79.07407,156,3289.9952869413746
21285,35.90177,-79.07447,157,3329.5377497559834
21285,35.90188,-79.07476,158,3358.593960243172
21285,35.90199,-79.07508,159,3390.1402709983945
21285,35.90225,-79.07582,160,3463.33753815869
21285,35.90232,-79.076,161,3481.4544571333304
21285,35.90236,-79.07614,162,3494.928857025065
21285,35.90241,-79.07626,163,3507.171833751972
21285,35.90244,-79.07637,164,3517.7070910007806
21285,35.90247,-79.07644,165,3524.8916943718546
21285,35.90255,-79.0767,166,3550.1340102017143
21285,35.90263,-79.07696,167,3575.376293089194
21285,35.90271,-79.0772,168,3598.928560815251
21285,35.90279,-79.07743,169,3621.643114590585
21285,35.903001,-79.077918,170,3671.826683186995
21285,35.90295,-79.07809,171,3688.4506068100536
21285,35.90302,-79.07841,172,3718.5411697310687
21285,35.90305,-79.07855,173,3731.6878383360004
21285,35.9031,-79.07881,174,3755.9484585142673
21285,35.90317,-79.0792,175,3792.2150380594317
21285,35.90319,-79.07935,176,3806.017884092782
21285,35.90324,-79.07967,177,3835.6073301090696
21285,35.9033,-79.08045,178,3906.752983825003
21285,35.90338,-79.08134,179,3988.0631507330218
21285,35.90343,-79.08163,180,4014.982018030609
21285,35.90345,-79.08186,181,4035.9865731333834
21285,35.90347,-79.08202,182,4050.6861614441427
21285,35.90349,-79.08214,183,4061.8092794024788
21285,35.90357,-79.082161,184,4070.939667657932
21285,35.90351,-79.08229,185,4084.4328615335703
21285,35.90353,-79.08241,186,4095.555969279691
21285,35.90356,-79.08254,187,4107.8265344240735
21285,35.90359,-79.08265,188,4118.361547748543
21285,35.9036,-79.08272,189,4124.815259356376
21285,35.90362,-79.08278,190,4130.703212847353
21285,35.90368,-79.08302,191,4153.502477494832
21285,35.90372,-79.08316,192,4166.976519203363
21285,35.90376,-79.08329,193,4179.597370590699
21285,35.90381,-79.08342,194,4192.654832412052
21285,35.90384,-79.08351,195,4201.486731901489
21285,35.90385,-79.08354,196,4204.430697473872
21285,35.90394,-79.08377,197,4227.6062311518635
21285,35.90405,-79.08404,198,4255.026076134007
21285,35.90414,-79.08411,199,4266.913402772424
21285,35.90417,-79.08414,200,4271.229968602855
21285,35.90422,-79.08423,201,4281.126099236671
21285,35.9043,-79.08435,202,4295.213845804251
21285,35.90437,-79.08446,203,4307.89506432648
21285,35.90442,-79.08451,204,4315.089327839991
21285,35.90446,-79.08456,205,4321.456885654372
21285,35.90454,-79.08464,206,4332.967699044677
21285,35.90462,-79.08472,207,4344.47850630423
21285,35.90472,-79.0848,208,4357.795597193083
21285,35.90477,-79.08483,209,4364.005614059015
21285,35.90484,-79.08488,210,4373.041914716903
21285,35.90493,-79.08493,211,4384.065439825017
21285,35.90497,-79.08496,212,4389.295417479694
21285,35.90517,-79.08507,213,4413.750743737921
21285,35.90576,-79.08542,214,4486.870161045291
21285,35.906,-79.08555,215,4516.142774810439
21285,35.90612,-79.08562,216,4530.967983001673
21285,35.90603,-79.08587,217,4555.792002191507
21285,35.90597,-79.08605,218,4573.45531204185
21285,35.90566,-79.08699,219,4665.556736599734
21285,35.90559,-79.08721,220,4687.006986672417
21285,35.90552,-79.08742,221,4707.614237196075
21285,35.90538,-79.08787,222,4751.361697264256
21285,35.90528,-79.08817,223,4780.800665890499
21285,35.90514,-79.0886,224,4822.856909908007
21285,35.90502,-79.08886,225,4850.0004312739065
21285,35.905009,-79.08903,226,4865.485874428259
21285,35.90492,-79.08905,227,4875.5839589464085
21285,35.90483,-79.08923,228,4894.768698144488
21285,35.90477,-79.08927,229,4902.386993017357
21285,35.90451,-79.0897,230,4951.0355941487005
21285,35.90418,-79.09029,231,5016.049734483991
21285,35.90404,-79.09055,232,5044.3615255641735
21285,35.90391,-79.09078,233,5069.7921162387765
21285,35.90372,-79.09115,234,5109.522723725106
21285,35.9035,-79.09111,235,5134.344397011063
21285,35.90317,-79.09101,236,5172.278981189541
21285,35.90314,-79.091,237,5175.74826710804
21285,35.90288,-79.09091,238,5205.896059562268
21285,35.90255,-79.09073,239,5246.191734487151
21285,35.90248,-79.09067,240,5255.716694638316
21285,35.90237,-79.09058,241,5270.465339579201
21285,35.9022,-79.09039,242,5296.11076560552
21285,35.90195,-79.09007,243,5336.396702275296
21285,35.90168,-79.08974,244,5378.89514058089
21285,35.90151,-79.08995,245,5405.796127212355
21285,35.90176,-79.09027,246,5446.082188991484
21285,35.90177,-79.09029,247,5448.213884119201
21285,35.9018,-79.09032,248,5452.530459461248
21285,35.90181,-79.09035,249,5455.474458706534
21285,35.90181,-79.09039,250,5459.106762926085
21285,35.9018,-79.09041,251,5461.238456858679
21285,35.90179,-79.09044,252,5464.18245600198
21285,35.90178,-79.09046,253,5466.31415015777
21285,35.90177,-79.09046,254,5467.430264039953
21285,35.90176,-79.09047,255,5468.86912226433
21285,35.90174,-79.09048,256,5471.278986090508
21285,35.90172,-79.09048,257,5473.511213782499
21285,35.90169,-79.09047,258,5476.980506980076
21285,35.90166,-79.09045,259,5480.789681518742
21285,35.901507,-79.090337,260,5500.712091163863
21317,35.854069,-79.084641,0,0
21317,35.854333,-79.085092,1,50.4731362318606
21317,35.85433,-79.08507,2,52.49997713713506
21317,35.85438,-79.08507,3,58.080592649502876
21317,35.85471,-79.08502,4,95.1917924714584
21317,35.85515,-79.08496,5,144.60289501397736
21317,35.85537,-79.08492,6,169.42513221835773
21317,35.85558,-79.08488,7,193.1438382196622
21317,35.8557,-79.08485,8,206.81188962979445
21317,35.85583,-79.08481,9,221.76976406122978
21317,35.85592,-79.08478,10,232.17815096091465
21317,35.85602,-79.08474,11,243.91622911333948
21317,35.85613,-79.0847,12,256.72024555900964
21317,35.85624,-79.08464,13,270.15357482626814
21317,35.85644,-79.08453,14,294.6114437754407
21317,35.85653,-79.08447,15,306.0405681379133
21317,35.85663,-79.08441,16,318.4620724669312
21317,35.85681,-79.08428,17,341.7673982372955
21317,35.85691,-79.0842,18,355.08691037698117
21317,35.8572,-79.08399,19,392.65996249424467
21317,35.85752,-79.08375,20,434.50672679763886
21317,35.85753,-79.08374,21,435.94592303247583
21317,35.85786,-79.08352,22,477.8526238531223
21317,35.85796,-79.08345,23,490.69884062127494
21317,35.85816,-79.08332,24,515.9537642951635
21317,35.85826,-79.08326,25,528.375241842957
21317,35.85827,-79.08326,26,529.4913681854661
21317,35.85855,-79.08309,27,564.3516292132585
21317,35.85867,-79.08302,28,579.1785405651952
21317,35.85915,-79.08276,29,637.7296912843506
21317,35.85936,-79.08266,30,662.8677708140227
21317,35.85962,-79.08254,31,693.86767933082
21317,35.85967,-79.08251,32,700.0784038703276
21317,35.85997,-79.08236,33,736.2295558954472
21317,35.86008,-79.0823,34,749.6628273683336
21317,35.86017,-79.08223,35,761.5520894182903
21317,35.86033,-79.08211,36,782.4753195650934
21317,35.86045,-79.08202,37,798.16773721855
21317,35.86047,-79.08201,38,800.577812851599
21317,35.86054,-79.08195,39,810.1045707868083
21317,35.86068,-79.08181,40,830.2530629562015
21317,35.86092,-79.08155,41,865.9682909320843
21317,35.861,-79.08146,42,878.0758027081671
21317,35.86143,-79.08099,43,942.3165012975675
21317,35.86197,-79.08038,44,1024.1955347809173
21317,35.86207,-79.08027,45,1039.1773955169656
21317,35.86212,-79.08021,46,1046.9787042095375
21317,35.86221,-79.08008,47,1062.4838264806513
21317,35.86227,-79.08,48,1072.3669685820535
21317,35.86234,-79.07989,49,1085.0524873679908
21317,35.86246,-79.07967,50,1109.113032310237
21317,35.86251,-79.07956,51,1120.5596055085703
21317,35.86257,-79.07944,52,1133.3546321474055
21317,35.86258,-79.07941,53,1136.2999417063347
21317,35.86266,-79.07918,54,1159.0242376382002
21317,35.86271,-79.07905,55,1172.0873730640014
21317,35.86286,-79.07857,56,1218.800721781059
21317,35.86291,-79.07843,57,1232.6907292163905
21317,35.86299,-79.07817,58,1257.9441004449877
21317,35.86303,-79.07805,59,1269.725307503833
21317,35.86308,-79.07793,60,1281.9731067941675
21317,35.86312,-79.07782,61,1292.9189446358414
21317,35.8633,-79.07746,62,1331.303900655194
21317,35.86334,-79.0774,63,1338.350047478062
21317,35.86335,-79.07737,64,1341.295341892404
21317,35.86349,-79.07714,65,1367.3880355213582
21317,35.86363,-79.07695,66,1390.6722263763659
21317,35.86371,-79.07684,67,1404.0739774172955
21317,35.86379,-79.07675,68,1416.1813840402197
21317,35.86395,-79.07659,69,1439.2080428128486
21317,35.86404,-79.07649,70,1452.75242248519
21317,35.86413,-79.07641,71,1465.1513968069933
21317,35.86431,-79.07626,72,1489.4279177856768
21317,35.86441,-79.07619,73,1502.2740249766596
21317,35.86451,-79.07612,74,1515.120129600071
21317,35.8649,-79.07589,75,1563.4053053952186
21317,35.8653,-79.07566,76,1612.699028972969
21317,35.86552,-79.07552,77,1640.3528072746478
21317,35.86579,-79.07536,78,1673.8112635500916
21317,35.86599,-79.07523,79,1699.065963039207
21317,35.86618,-79.07509,80,1723.794488819609
21317,35.86628,-79.07501,81,1737.1137234677553
21317,35.86635,-79.07495,82,1746.6403571899832
21317,35.86643,-79.07488,83,1757.6027158807353
21317,35.86654,-79.07479,84,1772.353801842668
21317,35.86667,-79.07468,85,1789.9721662101638
21317,35.86679,-79.07456,86,1807.2419663788635
21317,35.8669,-79.07445,87,1823.0726102072297
21317,35.86713,-79.0742,88,1857.3490407596473
21317,35.86722,-79.0741,89,1870.8932255338834
21317,35.8673,-79.074,90,1883.631618364071
21317,35.86746,-79.07381,91,1908.4686174625213
21317,35.86767,-79.07351,92,1944.4160252747
21317,35.86787,-79.07322,93,1978.947753407872
21317,35.86788,-79.07319,94,1981.8929220569314
21317,35.868,-79.073,95,2003.7411870565031
21317,35.86801,-79.07298,96,2005.8736059559465
21317,35.86821,-79.07263,97,2044.7242575986943
21317,35.86831,-79.07245,98,2064.5230622392096
21317,35.86836,-79.07237,99,2073.6864179222903
21317,35.86842,-79.07227,100,2084.972838532287
21317,35.86852,-79.0721,101,2104.0281375778213
21317,35.86882,-79.07159,102,2161.1939701218193
21317,35.86884,-79.07156,103,2164.716928591914
21317,35.86892,-79.07141,104,2181.0090281267644
21317,35.86894,-79.07137,105,2185.273840353745
21317,35.86901,-79.07125,106,2198.686249827225
21317,35.86921,-79.0709,107,2237.536677420545
21317,35.86924,-79.07086,108,2242.4780831008916
21317,35.86945,-79.07051,109,2281.9803471293553
21317,35.86947,-79.07047,110,2286.2451445899774
21317,35.8696,-79.07026,111,2310.2140846253033
21317,35.86973,-79.07005,112,2334.1830075635853
21317,35.86988,-79.06984,113,2359.565534031341
21317,35.87008,-79.06959,114,2391.411175546251
21317,35.8702,-79.06947,115,2408.6808172770343
21317,35.87028,-79.06938,116,2420.7879102283823
21317,35.87078,-79.06884,117,2495.0920448144257
21317,35.87102,-79.06859,118,2530.2117845181747
21317,35.87111,-79.06849,119,2543.7557888189917
21317,35.8721,-79.06742,120,2690.925361696457
21317,35.87213,-79.06739,121,2695.242743531411
21317,35.87242,-79.06709,122,2737.5567393774336
21317,35.87255,-79.06696,123,2756.2653702429116
21317,35.87278,-79.06677,124,2787.200052860817
21317,35.87303,-79.06661,125,2818.662681091531
21317,35.87323,-79.0665,126,2843.1203817081164
21317,35.87365,-79.06633,127,2892.477250891666
21317,35.8737,-79.06631,128,2898.346336083171
21317,35.87418,-79.06612,129,2954.633566407737
21317,35.87439,-79.06603,130,2979.457856981821
21317,35.87449,-79.06599,131,2991.196022255074
21317,35.8749,-79.06583,132,3039.2112499827404
21317,35.87491,-79.06582,133,3040.6503605352136
21317,35.87507,-79.06576,134,3059.3221311062543
21317,35.87543,-79.06561,135,3101.7513985224255
21317,35.87584,-79.06544,136,3150.0493493792837
21317,35.87609,-79.06534,137,3179.3947371934587
21317,35.87637,-79.06523,138,3212.205780373835
21317,35.87661,-79.06513,139,3240.49193553891
21317,35.87678,-79.06506,140,3260.5037769113387
21317,35.8772,-79.06489,141,3309.8605418811017
21317,35.87729,-79.06485,142,3320.5429419897628
21317,35.87772,-79.06468,143,3370.96102163456
21317,35.87792,-79.06459,144,3394.7341984810723
21317,35.87803,-79.06453,145,3408.1673459660524
21317,35.87811,-79.06449,146,3417.80761106176
21317,35.87813,-79.06447,147,3420.685791432313
21317,35.87822,-79.06442,148,3431.710310259933
21317,35.87828,-79.06438,149,3439.329491062364
21317,35.87833,-79.06435,150,3445.5401117252372
21317,35.87842,-79.06428,151,3457.4289244974557
21317,35.87852,-79.0642,152,3470.747771376089
21317,35.87858,-79.06415,153,3478.8396372195725
21317,35.87867,-79.06409,154,3490.268401131326
21317,35.87888,-79.06391,155,3518.847319832196
21317,35.87889,-79.0639,156,3520.2864057564243
21317,35.87901,-79.06381,157,3535.978273439649
21317,35.8792,-79.06365,158,3561.687759135902
21317,35.87945,-79.06344,159,3595.489005166436
21317,35.87964,-79.06327,160,3621.722680594774
21317,35.87977,-79.06316,161,3639.3404241548237
21317,35.87981,-79.06313,162,3644.5710374688433
21317,35.88011,-79.06289,163,3684.5274310318996
21317,35.88087,-79.06226,164,3786.8542198849477
21317,35.88099,-79.06215,165,3803.564612742265
21317,35.88132,-79.06187,166,3848.326063715835
21317,35.88144,-79.06178,167,3864.017850556734
21317,35.88169,-79.06156,168,3898.33970579015
21317,35.88188,-79.0614,169,3924.049003612324
21317,35.88196,-79.06133,170,3935.010870426014
21317,35.88232,-79.06104,171,3983.0576472583484
21317,35.88248,-79.06091,172,4004.467256502193
21317,35.88269,-79.0608,173,4029.947541452438
21317,35.88281,-79.06074,174,4044.4079032159802
21317,35.88291,-79.0607,175,4056.1460473802986
21317,35.88311,-79.06063,176,4079.3572490590386
21317,35.88313,-79.06063,177,4081.5895825046705
21317,35.88323,-79.0606,178,4093.0790762281804
21317,35.88334,-79.06058,179,4105.490583148777
21317,35.88345,-79.06057,180,4117.801972214358
21317,35.88356,-79.06057,181,4130.079807370731
21317,35.88369,-79.06057,182,4144.589976201755
21317,35.88389,-79.06059,183,4166.987109508901
21317,35.88398,-79.06061,184,4177.195552792722
21317,35.884,-79.06061,185,4179.427886320835
21317,35.8841,-79.06064,186,4190.917372759701
21317,35.88422,-79.06067,187,4204.585755999855
21317,35.88432,-79.06071,188,4216.323880623254
21317,35.88442,-79.06076,189,4228.374147560062
21317,35.88454,-79.06082,190,4242.834463746082
21317,35.88463,-79.06086,191,4253.5168173656375
21317,35.88466,-79.06088,192,4257.3263587696265
21317,35.88473,-79.06091,193,4265.601072094269
21317,35.8848,-79.06095,194,4274.217691052216
21317,35.88501,-79.06105,195,4299.355571155984
21317,35.88514,-79.06111,196,4314.855434439475
21317,35.88534,-79.0612,197,4338.628478424597
21317,35.88565,-79.0613,198,4374.401941389764
21317,35.88588,-79.06137,199,4400.849387145523
21317,35.88618,-79.06144,200,4434.932639302281
21317,35.88631,-79.06146,201,4449.556060067176
21317,35.88653,-79.0615,202,4474.379017878437
21317,35.88663,-79.06151,203,4485.577565567673
21317,35.88685,-79.06153,204,4510.200301340861
21317,35.88689,-79.06153,205,4514.664961917665
21317,35.88707,-79.06154,206,4534.776455233735
21317,35.88718,-79.06154,207,4547.054271641354
21317,35.8874,-79.06153,208,4571.626697172122
21317,35.88752,-79.06153,209,4585.020678945524
21317,35.88774,-79.0615,210,4609.727033107104
21317,35.88787,-79.06149,211,4624.265580490992
21317,35.88832,-79.06142,212,4674.89382212289
21317,35.88863,-79.06138,213,4709.685161819787
21317,35.88926,-79.06128,214,4780.587743404412
21317,35.88957,-79.06124,215,4815.379086494837
21317,35.88967,-79.06122,216,4826.687593224567
21317,35.88978,-79.06119,217,4839.264132248086
21317,35.88988,-79.06115,218,4851.002168574874
21317,35.88992,-79.06113,219,4855.822224142501
21317,35.88998,-79.0611,220,4863.052307132241
21317,35.89007,-79.06105,221,4874.076603459978
21317,35.89016,-79.061,222,4885.100898526464
21317,35.89025,-79.06093,223,4896.989263101132
21317,35.89033,-79.06086,224,4907.950745392906
21317,35.89041,-79.06079,225,4918.912225156634
21317,35.89049,-79.06071,226,4930.424295464681
21317,35.89057,-79.06061,227,4943.161041835088
21317,35.89064,-79.06051,228,4955.141741913457
21317,35.8907,-79.06042,229,4965.709046545017
21317,35.89076,-79.06031,230,4977.736698299627
21317,35.89086,-79.06014,231,4996.7888019073835
21317,35.89088,-79.06009,232,5001.849049466583
21317,35.89104,-79.05977,233,5035.9612253910955
21317,35.89105,-79.05975,234,5038.093235288822
21317,35.89114,-79.05956,235,5058.0608124033815
21317,35.89124,-79.05936,236,5079.380893002319
21317,35.8913,-79.05929,237,5088.615087651667
21317,35.89144,-79.05908,238,5113.272050605967
21317,35.89154,-79.05891,239,5132.324083223473
21317,35.89158,-79.05885,240,5139.368923008041
21317,35.89168,-79.05871,241,5156.288253586842
21317,35.89174,-79.05865,242,5164.922279647927
21317,35.89176,-79.05862,243,5168.444695816467
21317,35.89187,-79.0585,244,5184.862100649955
21317,35.89202,-79.05833,245,5207.637251338892
21317,35.89215,-79.05819,246,5226.930388686825
21317,35.89218,-79.05816,247,5231.247395233648
21317,35.89233,-79.058,248,5253.416853278316
21317,35.89242,-79.0579,249,5266.959434129845
21317,35.89268,-79.05772,250,5300.267830913449
21317,35.89288,-79.05758,251,5325.958531153436
21317,35.89303,-79.05759,252,5342.725730064212
21317,35.8933,-79.05752,253,5373.52567077586
21317,35.8934,-79.0575,254,5384.834230917126
21317,35.89344,-79.05749,255,5389.390360472768
21317,35.89347,-79.05749,256,5392.738877585972
21317,35.89349,-79.05749,257,5394.971222328334
21317,35.89351,-79.05749,258,5397.20356707037
21317,35.89353,-79.05748,259,5399.613593155565
21317,35.89356,-79.05748,260,5402.962110323027
21317,35.8936,-79.05748,261,5407.426799881165
21317,35.89362,-79.05748,262,5409.659144660904
21317,35.89366,-79.05749,263,5414.215273789335
21317,35.89374,-79.05751,264,5423.327531554256
21317,35.89375,-79.05751,265,5424.443703892685
21317,35.89392,-79.05756,266,5443.95445289021
21317,35.894,-79.05758,267,5453.066708450659
21317,35.89413,-79.05762,268,5468.024804250195
21317,35.89422,-79.05766,269,5478.707061932887
21317,35.89433,-79.05772,270,5492.139898589773
21317,35.89455,-79.05782,271,5518.3213929949925
21317,35.89507,-79.05817,272,5584.4966896439855
21317,35.8953,-79.05831,273,5613.144796443451
21317,35.89538,-79.05835,274,5622.78485614476
21317,35.8955,-79.05842,275,5637.6110740130725
21317,35.89553,-79.05843,276,5641.080562720718
21317,35.89575,-79.05853,277,5667.261979477695
21317,35.89585,-79.05856,278,5678.751407982532
21317,35.89592,-79.05857,279,5686.617207351718
21317,35.89604,-79.05858,280,5700.042007605743
21317,35.89612,-79.05857,281,5709.017437456932
21317,35.89621,-79.05856,282,5719.1039414509
21317,35.89631,-79.05854,283,5730.412472194677
21317,35.89641,-79.0585,284,5742.150464950345
21317,35.8965,-79.05847,285,5752.55892157429
21317,35.89656,-79.05843,286,5760.177771916521
21317,35.8967,-79.05833,287,5778.251609188376
21317,35.89684,-79.05821,288,5797.302968014265
21317,35.89696,-79.0581,289,5814.012254742963
21317,35.89708,-79.058,290,5830.194946502874
21317,35.8972,-79.0579,291,5846.377633058463
21317,35.89728,-79.05784,292,5856.838317464902
21317,35.89737,-79.05778,293,5868.26657836233
21317,35.89746,-79.05773,294,5879.290757313558
21317,35.89758,-79.05767,295,5893.750804488036
21317,35.89773,-79.05763,296,5910.882951021124
21317,35.89784,-79.0576,297,5923.459501918409
21317,35.89796,-79.05757,298,5937.127857934949
21317,35.8981,-79.05756,299,5952.7806375608625
21317,35.89823,-79.05755,300,5967.319269550106
21317,35.89833,-79.05754,301,5978.517877628891
21317,35.89848,-79.05753,302,5995.285074928416
21317,35.89898,-79.05752,303,6051.101080511623
21317,35.89922,-79.05753,304,6077.90460613445
21317,35.89939,-79.05755,305,6096.966266822129
21317,35.89951,-79.05756,306,6110.391086429186
21317,35.89969,-79.05759,307,6130.666069402924
21317,35.89978,-79.05762,308,6141.074511002025
21317,35.89986,-79.05765,309,6150.410267296849
21317,35.90012,-79.05775,310,6180.818497376272
21317,35.90033,-79.05784,311,6205.642229423844
21317,35.90046,-79.05789,312,6220.84633349735
21317,35.90055,-79.05791,313,6231.054753360634
21317,35.9007,-79.05792,314,6247.8219393069985
21317,35.90083,-79.05791,315,6262.360561267179
21317,35.9009,-79.05789,316,6270.382091721721
21317,35.90098,-79.05788,317,6279.357525979244
21317,35.90105,-79.05785,318,6287.6320933989
21317,35.90117,-79.0578,319,6301.774881222574
21317,35.9013,-79.0577,320,6318.8926179072305
21317,35.90162,-79.05739,321,6364.370890581636
21317,35.90201,-79.05703,322,6418.810973367094
21317,35.90245,-79.05663,323,6479.896512350333
21317,35.90255,-79.05654,324,6493.730644933905
21317,35.9026,-79.05649,325,6500.925295065054
21317,35.902859,-79.056056,326,6549.803157589109
21317,35.90313,-79.05601,327,6580.338583152355
21317,35.90328,-79.05587,328,6601.361179577907
21317,35.90342,-79.05574,329,6620.94570770145
21317,35.90356,-79.0556,330,6641.090661719834
21317,35.90377,-79.05539,331,6671.308074356833
21317,35.90393,-79.05524,332,6693.768795795599
21317,35.90399,-79.05519,333,6701.8599531362415
21317,35.90405,-79.05513,334,6710.493488669088
21317,35.90432,-79.05489,335,6747.685163975862
21317,35.90456,-79.05456,336,6787.88023908781
21317,35.90436,-79.05429,337,6821.039013828298
21317,35.90425,-79.05411,338,6841.482427982866
21317,35.90424,-79.0541,339,6842.921351351107
21317,35.9042,-79.05404,340,6849.9655655853785
21317,35.9042,-79.05402,341,6851.781767398746
21317,35.90416,-79.05395,342,6859.549741344502
21317,35.90415,-79.05392,343,6862.493835618289
21317,35.90413,-79.05384,344,6870.093898209534
21317,35.90412,-79.05382,345,6872.225670447838
21317,35.90404,-79.05356,346,6897.468464249037
21317,35.90399,-79.05342,347,6911.352927602469
21317,35.90389,-79.05312,348,6940.793970630796
21317,35.90384,-79.053,349,6953.037215652855
21317,35.90382,-79.05292,350,6960.637316823713
21317,35.90379,-79.05284,351,6968.636746942666
21317,35.90374,-79.05265,352,6986.7709321704015
21317,35.90366,-79.05243,353,7008.654061086522
21317,35.9034,-79.05164,354,7086.042349959939
21317,35.90333,-79.05143,355,7106.651266393261
21317,35.903199,-79.051357,356,7122.705853945853
21317,35.90319,-79.05095,357,7159.6798532418825
21317,35.90312,-79.05075,358,7179.451513010842
21317,35.90306,-79.05056,359,7197.959903969147
21317,35.90301,-79.05041,360,7212.680636220841
21317,35.90299,-79.05026,361,7226.484149232916
21317,35.90298,-79.05017,362,7234.733099396976
21317,35.90297,-79.05008,363,7242.982051777349
21317,35.90296,-79.05001,364,7249.436149042821
21317,35.90295,-79.04989,365,7260.390617956884
21317,35.90294,-79.0498,366,7268.63957711774
21317,35.90294,-79.0496,367,7286.802012285543
21317,35.90293,-79.04945,368,7300.469497557615
21317,35.90293,-79.04944,369,7301.377619800358
21317,35.90294,-79.04925,370,7318.668009605318
21317,35.902915,-79.049169,371,7326.535309295934
21317,35.902898,-79.049079,372,7334.925795066459
21317,35.902843,-79.048947,373,7348.39358672551
21317,35.903,-79.04859,374,7385.246706395051
21317,35.90304,-79.04834,375,7408.384623617644
21317,35.90307,-79.04823,376,7418.920275270063
21317,35.90309,-79.04812,377,7429.156023493074
21317,35.90309,-79.04811,378,7430.064145812467
21317,35.90314,-79.04791,379,7449.064706934412
21317,35.90314,-79.0479,380,7449.972828979935
21317,35.90329,-79.04744,381,7494.976781978971
21317,35.90344,-79.04697,382,7540.824874834036
21317,35.90347,-79.0469,383,7548.009743866418
21317,35.90349,-79.04684,384,7553.89804214043
21317,35.90353,-79.04673,385,7564.839729132427
21317,35.903472,-79.046632,386,7575.84490625135
21317,35.90366,-79.04639,387,7606.2309430968735
21317,35.90374,-79.04607,388,7636.63172020554
21317,35.90378,-79.04586,389,7656.217864901734
21317,35.90379,-79.04583,390,7659.16200905993
21317,35.90381,-79.04562,391,7678.362694868941
21317,35.90383,-79.04541,392,7697.563382288296
21317,35.90382,-79.0453,393,7707.614846014421
21317,35.90382,-79.04519,394,7717.604144369185
21317,35.90381,-79.04505,395,7730.366704218717
21317,35.9038,-79.045,396,7735.042479216239
21317,35.9038,-79.04494,397,7740.491191191827
21317,35.90377,-79.04474,398,7758.959680187735
21317,35.90373,-79.04456,399,7775.904621741016
21317,35.90372,-79.04451,400,7780.580404892549
21317,35.90369,-79.04443,401,7788.57995077133
21317,35.90367,-79.04435,402,7796.1801691502305
21317,35.90384,-79.0443,403,7815.691196683541
21317,35.90392,-79.04427,404,7825.027110843032
21317,35.90405,-79.04425,405,7839.650882892236
21317,35.904113,-79.044186,406,7848.773833639144
21317,35.90425,-79.04425,407,7865.132941365216
21317,35.90427,-79.04426,408,7867.542971605265
21317,35.90434,-79.04428,409,7875.56465858629
21317,35.90442,-79.04431,410,7884.900567560007
21317,35.90448,-79.04435,411,7892.519414991834
21317,35.90456,-79.0444,412,7902.537089513153
21317,35.90459,-79.04444,413,7907.477501478099
21317,35.90462,-79.04447,414,7911.794330171679
21317,35.90486,-79.04488,415,7957.662489593117
21317,35.90492,-79.04497,416,7968.2289111585915
21317,35.905,-79.04508,417,7981.627427567309
21317,35.90507,-79.04518,418,7993.60715731478
21317,35.90516,-79.04525,419,8005.495175474576
21317,35.90523,-79.0453,420,8014.53203434953
21317,35.90533,-79.04535,421,8026.582142779653
21317,35.90534,-79.04535,422,8027.698336833696
21317,35.9055,-79.04539,423,8045.923097925249
21317,35.90556,-79.04539,424,8052.620261825312
21317,35.90564,-79.04538,425,8061.59586979445
21317,35.90567,-79.04537,426,8065.0654001768435
21317,35.90576,-79.04535,427,8075.274003038324
21317,35.90579,-79.04534,428,8078.743533224698
21317,35.90584,-79.04532,429,8084.612585623315
21317,35.90594,-79.04525,430,8097.457664274933
21317,35.906,-79.04521,431,8105.076467247079
21317,35.90611,-79.0451,432,8120.904704989456
21317,35.90612,-79.04507,433,8123.848777875146
21317,35.90616,-79.04501,434,8130.892990498938
21317,35.90619,-79.04495,435,8137.288276266067
21317,35.90632,-79.04469,436,8165.001167828337
21317,35.90644,-79.04439,437,8195.358576741592
21317,35.90655,-79.04406,438,8227.743288654661
21317,35.90657,-79.04393,439,8239.757656934036
21317,35.90662,-79.04368,440,8263.13579364642
21317,35.90667,-79.04328,441,8299.885558675112
21317,35.90668,-79.04327,442,8301.324489171326
21317,35.90673,-79.04271,443,8352.482746299393
21317,35.90674,-79.04259,444,8363.436820680814
21317,35.90676,-79.04248,445,8373.672205152903
21317,35.90679,-79.04232,446,8388.58249646796
21317,35.90679,-79.04229,447,8391.306760246727
21317,35.90684,-79.04213,448,8406.871179074244
21317,35.90691,-79.042,449,8421.027817695913
21317,35.90696,-79.04193,450,8429.486778688646
21317,35.9071,-79.04178,451,8450.216864668993
21317,35.90722,-79.0417,452,8465.454503062001
21317,35.90726,-79.04168,453,8470.274557347791
21317,35.90733,-79.04164,454,8478.891002421396
21317,35.90747,-79.04161,455,8494.753495902785
21317,35.90801,-79.04157,456,8555.13768419381
21317,35.90802,-79.04157,457,8556.253884998678
21317,35.9082,-79.04156,458,8576.366010111928
21317,35.90837,-79.04156,459,8595.341424103659
21317,35.90866,-79.04155,460,8627.723982764286
21317,35.90873,-79.04155,461,8635.537388665009
21317,35.90891,-79.04154,462,8655.649514115503
21317,35.90895,-79.04153,463,8660.205724256706
21317,35.90901,-79.04152,464,8666.964210697759
21317,35.90905,-79.04151,465,8671.520420756935
21317,35.90918,-79.04148,466,8686.284534700912
21317,35.90925,-79.04146,467,8694.306231980712
21317,35.90935,-79.04145,468,8705.505117810017
21317,35.90954,-79.04144,469,8726.732368786961
21317,35.90972,-79.04143,470,8746.84449741989
21317,35.90976,-79.04143,471,8751.309301668067
21317,35.90999,-79.04142,472,8776.997980447832
21317,35.91006,-79.04141,473,8784.863976685589
21317,35.91011,-79.04139,474,8790.733035431158
21317,35.9102,-79.04136,475,8801.141652357997
21317,35.91025,-79.04134,476,8807.010710572567
21317,35.9105,-79.04122,477,8836.967783722834
21317,35.91068,-79.04144,478,8865.300692842675
21317,35.91077,-79.04155,479,8879.467131557085
21317,35.91084,-79.04164,480,8890.773640232934
21317,35.91094,-79.04177,481,8907.019792970554
21317,35.91089,-79.042,482,8928.637568584354
21317,35.91085,-79.04221,483,8948.222151588896
21317,35.91079,-79.04248,484,8973.637526452509
21317,35.910745,-79.042884,485,9010.664667693782
21317,35.9107,-79.04294,486,9017.812185419174
21317,35.91068,-79.04304,487,9027.162992067175
21317,35.91058,-79.0433,488,9053.277725406077
21317,35.91045,-79.04397,489,9115.823108566374
21317,35.91043,-79.0441,490,9127.836902507896
21317,35.91029,-79.04484,491,9196.825250365795
21317,35.91026,-79.04498,492,9209.971487815477
21317,35.91023,-79.04512,493,9223.11772702887
21317,35.91019,-79.04532,494,9241.819381640174
21317,35.91017,-79.04544,495,9252.942238303594
21317,35.91012,-79.04566,496,9273.684147741424
21317,35.91008,-79.04589,497,9295.041078516459
21317,35.91006,-79.04603,498,9307.94822345263
21317,35.90996,-79.04663,499,9363.562538087368
21317,35.90989,-79.04692,500,9391.030546708087
21317,35.90984,-79.04721,501,9417.9487688328
21317,35.90983,-79.04727,502,9423.510204124383
21317,35.9098,-79.04738,503,9434.045056064631
21317,35.909768,-79.047841,504,9476.05806463378
21320,35.950497,-79.008222,0,0
21320,35.950488,-79.008275,1,4.914232488352575
21320,35.950479,-79.008328,2,9.828465102701177
21320,35.95051,-79.00857,3,32.06404816540844
21320,35.95053,-79.00863,4,37.949682881197774
21320,35.95054,-79.00867,5,41.747934897373774
21320,35.95066,-79.00904,6,77.90313621044963
21320,35.95068,-79.0091,7,83.78875684743302
21320,35.9507,-79.00919,8,92.2569898955572
21320,35.95072,-79.00926,9,98.99120995311056
21320,35.95073,-79.00933,10,105.44191490138667
21320,35.95074,-79.00937,11,109.24015380052796
21320,35.95074,-79.0094,12,111.96303419737002
21320,35.95075,-79.00948,13,119.30934937724072
21320,35.95076,-79.0096,14,130.25791871637503
21320,35.95076,-79.01003,15,169.28583424061205
21320,35.95077,-79.0101,16,175.73652803697283
21320,35.95077,-79.01016,17,181.1822802498905
21320,35.95078,-79.01025,18,189.42682351900575
21320,35.9508,-79.01033,19,197.02328500755635
21320,35.95082,-79.01041,20,204.61974374952104
21320,35.95084,-79.01048,21,211.35394146774004
21320,35.95085,-79.01052,22,215.1521684989007
21320,35.95087,-79.01057,23,220.20970087227496
21320,35.95092,-79.01071,24,234.08815703842157
21320,35.95103,-79.01097,25,260.6897163040343
21320,35.95106,-79.01104,26,267.8715857162642
21320,35.95108,-79.01111,27,274.6057582768456
21320,35.9511,-79.01118,28,281.3399285492846
21320,35.95111,-79.01122,29,285.1381398053563
21320,35.95112,-79.01126,30,288.9363503737158
21320,35.95112,-79.0113,31,292.56682894305766
21320,35.95113,-79.01134,32,296.36503858167515
21320,35.95114,-79.01139,33,301.0384042749203
21320,35.951278,-79.011449,34,317.3469430560691
21320,35.95115,-79.01151,35,332.67016657121576
21320,35.95115,-79.01158,36,339.0234989352558
21320,35.95115,-79.01166,37,346.2844493377315
21320,35.95115,-79.01178,38,357.17587319549864
21320,35.95113,-79.01191,39,369.1842651098746
21320,35.95113,-79.01194,40,371.90712087508973
21320,35.9511,-79.01206,41,383.30173870741646
21320,35.95106,-79.01217,42,394.23850105206697
21320,35.95102,-79.01228,43,405.1752661251042
21320,35.951,-79.01232,44,409.4372437994902
21320,35.95094,-79.01246,45,423.80096151397544
21320,35.95086,-79.01268,46,445.6745121535205
21320,35.95082,-79.01281,47,458.290151696399
21320,35.9508,-79.01289,48,465.8865802673859
21320,35.95077,-79.01301,49,477.2812246213296
21320,35.95076,-79.01309,50,484.6274955003202
21320,35.95075,-79.01315,51,490.1864488673963
21320,35.95074,-79.01322,52,496.63711203307065
21320,35.95074,-79.01327,53,501.1752179801529
21320,35.95074,-79.01334,54,507.5285656935127
21320,35.95074,-79.01344,55,516.6047754796773
21320,35.95075,-79.0137,56,540.2292985995963
21320,35.95075,-79.01374,57,543.8597801331966
21320,35.95075,-79.01381,58,550.2131222578179
21320,35.95075,-79.01387,59,555.6588435096395
21320,35.95074,-79.01392,60,560.3322122088516
21320,35.95073,-79.01398,61,565.8911595526996
21320,35.95072,-79.01403,62,570.5645285534657
21320,35.95071,-79.01408,63,575.2378977434298
21320,35.95069,-79.01412,64,579.4998753727499
21320,35.95067,-79.01419,65,586.2340445596088
21320,35.95059,-79.01432,66,601.031442470085
21320,35.950497,-79.014572,67,626.1491474810477
21320,35.95043,-79.01459,68,633.8043763484567
21320,35.95026,-79.01485,69,664.0859395615703
21320,35.95021,-79.01494,70,673.9792026668271
21320,35.95012,-79.01511,71,692.3911637005978
21320,35.9501,-79.01517,72,698.2767631479095
21320,35.95004,-79.01531,73,712.640544468232
21320,35.94997,-79.01558,74,738.3620205811442
21320,35.94991,-79.01581,75,760.2855098717362
21320,35.9499,-79.01585,76,764.0837461279847
21320,35.94989,-79.01588,77,767.0265493515242
21320,35.94988,-79.01591,78,769.9693527568498
21320,35.94986,-79.01594,79,773.4904483677255
21320,35.94984,-79.01598,80,777.7524468632527
21320,35.94983,-79.01601,81,780.6952514038785
21320,35.9498,-79.01605,82,785.6343475598809
21320,35.94976,-79.01611,83,792.6765418740439
21320,35.94973,-79.01615,84,797.6156396220157
21320,35.9497,-79.01619,85,802.554738077043
21320,35.94965,-79.01624,86,809.7481316454233
21320,35.94962,-79.01627,87,814.0641683859617
21320,35.94958,-79.0163,88,819.2939117438426
21320,35.94953,-79.01632,89,825.1629239326328
21320,35.94948,-79.01635,90,831.3729380831855
21320,35.94944,-79.01636,91,835.9292388224624
21320,35.949414,-79.016471,92,846.4136478864086
21320,35.94934,-79.01639,93,857.4716997128407
21320,35.94918,-79.0164,94,875.354682176242
21320,35.94899,-79.01641,95,896.5827666002256
21320,35.94876,-79.01642,96,922.2724604967818
21320,35.94863,-79.01643,97,936.8120142510528
21320,35.94854,-79.01643,98,946.8582268597704
21320,35.94853,-79.01643,99,947.9744727040803
21320,35.94847,-79.01643,100,954.671947773528
21320,35.94841,-79.01641,101,961.6110715414741
21320,35.94801,-79.01622,102,1009.4755457691949
21320,35.94765,-79.01601,103,1053.9517505625445
21320,35.94753,-79.01591,104,1070.1322477613553
21320,35.94747,-79.01585,105,1078.7644200286045
21320,35.94743,-79.01579,106,1085.8067425123174
21320,35.94738,-79.01571,107,1094.9651229245023
21320,35.94735,-79.01566,108,1100.6051662774303
21320,35.94732,-79.01558,109,1108.6014111914808
21320,35.94728,-79.01549,110,1117.9109427972514
21320,35.94726,-79.01541,111,1125.5076533718807
21320,35.94726,-79.0154,112,1126.4153117418737
21320,35.94725,-79.01535,113,1131.0888656902318
21320,35.94724,-79.01527,114,1138.4354324595065
21320,35.94722,-79.01514,115,1150.4443384255592
21320,35.94722,-79.01508,116,1155.89029399636
21320,35.94722,-79.01502,117,1161.3362500875714
21320,35.94723,-79.01496,118,1166.8954272013939
21320,35.947182,-79.01486,119,1177.4354796476637
21320,35.94724,-79.01488,120,1184.1594066709902
21320,35.94727,-79.01479,121,1192.9880855884883
21320,35.94738,-79.01447,122,1224.5219420603735
21320,35.94743,-79.01435,123,1236.7605594060747
21320,35.94729,-79.01425,124,1254.8327218270565
21320,35.94716,-79.01416,125,1271.4852881243478
21320,35.94712,-79.01413,126,1276.715093888153
21320,35.94704,-79.01408,127,1286.7321379857706
21320,35.94696,-79.01402,128,1297.191756167869
21320,35.94683,-79.01392,129,1314.3078884122922
21320,35.94672,-79.01383,130,1329.0557799549742
21320,35.94658,-79.01371,131,1348.104532633252
21320,35.9465,-79.01362,132,1360.2073401851023
21320,35.94646,-79.01359,133,1365.4371624048204
21320,35.94639,-79.01352,134,1375.508122509593
21320,35.94634,-79.01349,135,1381.718212596587
21320,35.94629,-79.01345,136,1388.3764641357516
21320,35.946,-79.01329,137,1423.8561998150574
21320,35.94592,-79.01326,138,1433.1921518585464
21320,35.94571,-79.013278,139,1456.6903013951287
21320,35.94571,-79.01314,140,1469.2162787356294
21320,35.94554,-79.01304,141,1490.2516691063438
21320,35.94549,-79.013,142,1496.9099456444126
21320,35.94547,-79.01301,143,1499.3199168409383
21320,35.94546,-79.01301,144,1500.436168785716
21320,35.94543,-79.01302,145,1503.905758620799
21320,35.94538,-79.01302,146,1509.4870182534887
21320,35.94524,-79.01298,147,1525.5307669403492
21320,35.94515,-79.01304,148,1536.9582625085236
21320,35.94504,-79.0131,149,1550.390627598202
21320,35.94497,-79.01313,150,1558.6652850304085
21320,35.94493,-79.01315,151,1563.4852309996998
21320,35.94484,-79.01321,152,1574.912733718181
21320,35.9447,-79.01332,153,1593.4575851601155
21320,35.94466,-79.01335,154,1598.6874421841692
21320,35.94461,-79.01342,155,1607.144494308923
21320,35.94457,-79.0135,156,1615.6689406503428
21320,35.94448,-79.01371,157,1637.2158623725077
21320,35.94409,-79.01455,158,1725.015028806532
21320,35.944115,-79.014686,159,1737.6711883636312
21320,35.94387,-79.01501,160,1777.8312430629137
21320,35.94378,-79.01523,161,1800.1852694008996
21320,35.94371,-79.01542,162,1819.1190696451727
21320,35.94364,-79.01563,163,1839.7201035272913
21320,35.9435,-79.01605,164,1880.9221977838893
21320,35.94335,-79.01652,165,1926.7522642925303
21320,35.94319,-79.01704,166,1977.2187616162842
21320,35.9431,-79.01732,167,2004.547936345884
21320,35.94308,-79.01739,168,2011.2826517366325
21320,35.94307,-79.01746,169,2017.7338837412783
21320,35.94307,-79.01751,170,2022.2724031787166
21320,35.94306,-79.01758,171,2028.7236347430317
21320,35.94306,-79.0177,172,2039.6160800837974
21320,35.94308,-79.01784,173,2052.5185377748035
21320,35.94309,-79.01795,174,2062.565473526467
21320,35.9431,-79.01799,175,2066.3639984100982
21320,35.94311,-79.01808,176,2074.609230694243
21320,35.94311,-79.01817,177,2082.7785531455056
21320,35.94311,-79.01827,178,2091.85557671145
21320,35.9431,-79.01836,179,2100.1008052976763
21320,35.94307,-79.01858,180,2120.3490869935654
21320,35.94305,-79.01866,181,2127.9461319533157
21320,35.94334,-79.01877,182,2161.8220334409943
21320,35.9436,-79.01888,183,2192.513830281097
21320,35.94405,-79.01904,184,2244.802062865084
21320,35.94428,-79.01911,185,2271.2501628005157
21320,35.9444,-79.01915,186,2285.1283996703087
21320,35.94499,-79.01928,187,2352.0353566820886
21320,35.94531,-79.01935,188,2388.3157522602023
21320,35.94559,-79.0194,189,2419.898268123176
21320,35.94573,-79.01944,190,2435.9418483054715
21320,35.94578,-79.01945,191,2441.596375981721
21320,35.94583,-79.01947,192,2447.465385400455
21320,35.94598,-79.01952,193,2464.813147732151
21320,35.94619,-79.01963,194,2490.291949140423
21320,35.94624,-79.01965,195,2496.1609539379947
21320,35.94636,-79.01971,196,2510.6206052291486
21320,35.94646,-79.01977,197,2523.0406601009654
21320,35.94661,-79.01984,198,2540.949221357696
21320,35.94671,-79.0199,199,2553.3692660374263
21320,35.94667,-79.01996,200,2560.4115830423043
21320,35.94662,-79.02012,201,2575.969665607613
21320,35.9466,-79.02027,202,2589.7663691704433
21320,35.9466,-79.02068,203,2626.980373917733
21320,35.94661,-79.02085,204,2642.4508851725677
21320,35.946658,-79.02095,205,2652.9908936568127
21320,35.94662,-79.0212,206,2676.0753729332037
21320,35.94662,-79.02124,207,2679.706002291124
21320,35.94663,-79.02151,208,2704.238150908644
21320,35.94663,-79.02159,209,2711.4994048615195
21320,35.94662,-79.02168,210,2719.7442260445705
21320,35.94662,-79.02173,211,2724.2825092191556
21320,35.94661,-79.02185,212,2735.2314364679937
21320,35.9466,-79.02194,213,2743.476256288767
21320,35.94658,-79.02204,214,2752.823340060451
21320,35.9465,-79.02223,215,2772.243677134715
21320,35.94646,-79.0223,216,2780.0092398161337
21320,35.94636,-79.02249,217,2800.5520117988126
21320,35.94634,-79.02254,218,2805.609681695131
21320,35.94628,-79.02267,219,2819.1774759853392
21320,35.94627,-79.0227,220,2822.1203635091542
21320,35.94619,-79.02286,221,2839.168743024199
21320,35.94619,-79.02287,222,2840.0764029567
21320,35.94615,-79.02297,223,2850.1917549053237
21320,35.94611,-79.02306,224,2859.501282129164
21320,35.94608,-79.02311,225,2865.1413178863418
21320,35.946,-79.02323,226,2879.2259487725546
21320,35.94595,-79.0233,227,2887.6827855812858
21320,35.94575,-79.023671,228,2928.0851231092092
21320,35.94563,-79.02372,229,2942.1989911277647
21320,35.9455,-79.02388,230,2962.7289032177946
21320,35.94531,-79.02413,231,2993.7886738487714
21320,35.9453,-79.02414,232,2995.227366261554
21320,35.94499,-79.02457,233,3047.387752181351
21320,35.94493,-79.02463,234,3056.0199153626704
21320,35.94486,-79.02474,235,3068.69827362506
21320,35.94477,-79.02486,236,3083.5158650480494
21320,35.9446,-79.02511,237,3113.096363732319
21320,35.94454,-79.02519,238,3122.9747691712223
21320,35.9444,-79.02539,239,3146.928068360112
21320,35.94392,-79.02603,240,3225.9554645035423
21320,35.94386,-79.02597,241,3234.587655274829
21320,35.94381,-79.02591,242,3242.3856767027182
21320,35.94379,-79.02588,243,3245.9068792754497
21320,35.94377,-79.02586,244,3248.7842784039876
21320,35.94373,-79.02579,245,3256.5499779893466
21320,35.94371,-79.02573,246,3262.435888413266
21320,35.94368,-79.02565,247,3270.4323108365807
21320,35.94368,-79.02559,248,3275.8784208985667
21320,35.94368,-79.02553,249,3281.3245314830456
21320,35.94369,-79.02544,250,3289.5696056024067
21320,35.94369,-79.02543,251,3290.4772907654356
21320,35.94371,-79.02534,252,3298.946006756579
21320,35.943679,-79.025297,253,3304.1620913715656
21320,35.94373,-79.02526,254,3310.7716869511937
21320,35.94377,-79.02514,255,3322.543514466811
21320,35.9438,-79.02508,256,3328.9367777120087
21320,35.94388,-79.02494,257,3344.4681851583573
21320,35.94398,-79.02477,258,3363.5128954296943
21320,35.94404,-79.02467,259,3374.7931317735356
21320,35.94408,-79.02458,260,3384.102824386619
21320,35.94413,-79.02447,261,3395.541334817888
21320,35.94416,-79.02439,262,3403.537735474794
21320,35.94418,-79.0243,263,3412.0064182819588
21320,35.94421,-79.0242,264,3421.681243750073
21320,35.94424,-79.02409,265,3432.212330623286
21320,35.94427,-79.02395,266,3445.3536803956295
21320,35.94429,-79.02373,267,3465.447058146399
21320,35.94429,-79.02355,268,3481.7853128663555
21320,35.94428,-79.02343,269,3492.7345325608258
21320,35.94428,-79.02337,270,3498.1806202534476
21320,35.94426,-79.02323,271,3511.082772131706
21320,35.94422,-79.02304,272,3528.8973392344274
21320,35.94421,-79.02298,273,3534.4566499718485
21320,35.94414,-79.02273,274,3558.456307766281
21320,35.94412,-79.02268,275,3563.5140915048473
21320,35.94404,-79.02251,276,3581.3423671996293
21320,35.94396,-79.0224,277,3594.7376612599464
21320,35.94389,-79.0223,278,3606.714415013324
21320,35.9438,-79.0222,279,3620.2537744492197
21320,35.94375,-79.02216,280,3626.911997326495
21320,35.9437,-79.02212,281,3633.5702218906013
21320,35.943642,-79.022145,282,3640.43055853192
21320,35.94351,-79.02201,283,3659.594492749271
21320,35.94337,-79.02194,284,3676.4641111886854
21320,35.9433,-79.02196,285,3684.4858809359366
21320,35.94314,-79.02196,286,3702.345656105082
21320,35.94297,-79.02197,287,3721.343364032647
21320,35.94281,-79.022,288,3739.409542574567
21320,35.94271,-79.02201,289,3750.6087466416275
21320,35.94261,-79.02202,290,3761.8079506192025
21320,35.94247,-79.02204,291,3777.5403456573554
21320,35.94237,-79.02204,292,3788.702703676462
21320,35.94235,-79.02204,293,3790.935175279831
21320,35.94228,-79.02204,294,3798.7488258902868
21320,35.94224,-79.02203,295,3803.305101731602
21320,35.94219,-79.02202,296,3808.959612582663
21320,35.94217,-79.02202,297,3811.1920842567215
21320,35.94215,-79.02201,298,3813.6020351678803
21320,35.94209,-79.02198,299,3820.8318886581706
21320,35.94204,-79.02195,300,3827.0419601235712
21320,35.94201,-79.02193,301,3830.8511058507775
21320,35.942,-79.02191,302,3832.9822395977935
21320,35.94193,-79.02185,303,3842.5066784255937
21320,35.94188,-79.0218,304,3849.7002912617663
21320,35.94185,-79.02175,305,3855.3405359582753
21320,35.94177,-79.0216,306,3871.623344956759
21320,35.94172,-79.02144,307,3887.1822384175434
21320,35.94168,-79.02135,308,3896.492195008549
21320,35.941557,-79.021215,309,3914.895168772362
21320,35.94139,-79.02095,310,3945.327261677908
21320,35.94092,-79.02171,311,4031.9964828151765
21320,35.940836,-79.021978,312,4058.0678901871993
21320,35.940837,-79.021978,313,4058.1795137793765
21320,35.94058,-79.02225,314,4096.028689006746
21320,35.94057,-79.02227,315,4098.159849810448
21320,35.94041,-79.02256,316,4129.970663261164
21320,35.94029,-79.02279,317,4154.775927828211
21320,35.94023,-79.02289,318,4166.05654756108
21320,35.94017,-79.02298,319,4176.620495438664
21320,35.93987,-79.02325,320,4218.118188073326
21320,35.93977,-79.02334,321,4231.950760609121
21320,35.93971,-79.02339,322,4240.041168254447
21320,35.93904,-79.02399,323,4332.558955002751
21320,35.93896,-79.02406,324,4343.518795458599
21320,35.93891,-79.02411,325,4350.712490756629
21320,35.93888,-79.02414,326,4355.028708536066
21320,35.9388,-79.02422,327,4366.538624814351
21320,35.9388,-79.02423,328,4367.44636837493
21320,35.93876,-79.02429,329,4374.489061671602
21320,35.93874,-79.02435,330,4380.375305223647
21320,35.93872,-79.02442,331,4387.110278391687
21320,35.93869,-79.02447,332,4392.750646234607
21320,35.938693,-79.024499,333,4395.404318649022
21320,35.938681,-79.02456,334,4401.101268552296
21320,35.93861,-79.02457,335,4409.078327076866
21320,35.9386,-79.02457,336,4410.194558345037
21320,35.93856,-79.02458,337,4414.750824106926
21320,35.93854,-79.02458,338,4416.983286609037
21320,35.93853,-79.02457,339,4418.422027465877
21320,35.93852,-79.02456,340,4419.860768418482
21320,35.9385,-79.02455,341,4422.27072543505
21320,35.93848,-79.02451,342,4426.533113854395
21320,35.93843,-79.02449,343,4432.40212848677
21320,35.93836,-79.02448,344,4440.268300542859
21320,35.93831,-79.02448,345,4445.849457687722
21320,35.93826,-79.02448,346,4451.4306148309215
21320,35.93815,-79.02459,347,4467.256791751409
21320,35.93812,-79.02462,348,4471.573022870383
21320,35.93787,-79.02484,349,4505.8885443020945
21320,35.93786,-79.02485,350,4507.327289428608
21320,35.93776,-79.02495,351,4521.714743447404
21320,35.93768,-79.02503,352,4533.2247102636875
21320,35.93767,-79.02504,353,4534.66345634226
21320,35.93763,-79.0251,354,4541.706201232873
21320,35.93757,-79.02518,355,4551.585081484107
21320,35.93726,-79.02564,356,4605.816176514004
21320,35.9371,-79.02587,357,4633.291232613285
21320,35.937,-79.02604,358,4652.337006876563
21320,35.936821,-79.026394,359,4690.176997211325
21320,35.93673,-79.02645,360,4701.535698346283
21320,35.93664,-79.02656,361,4715.700146195591
21320,35.93654,-79.02665,362,4729.532844263865
21320,35.93643,-79.02685,363,4751.450365704733
21320,35.93633,-79.02704,364,4771.994841123805
21320,35.93612,-79.0274,365,4812.212137475078
21320,35.93608,-79.02748,366,4820.737063257662
21320,35.936,-79.02763,367,4837.0205572906325
21320,35.93597,-79.02768,368,4842.661022915457
21320,35.93597,-79.02775,369,4849.015421819624
21320,35.93597,-79.02776,370,4849.923193033718
21320,35.93597,-79.02777,371,4850.830964233457
21320,35.93597,-79.02778,372,4851.738735418258
21320,35.93597,-79.02779,373,4852.646506587853
21320,35.93582,-79.02806,374,4882.329380043454
21320,35.93538,-79.02884,375,4968.501997569446
21320,35.93536,-79.02887,376,4972.023409958817
21320,35.9353,-79.02894,377,4981.255596540799
21320,35.9352,-79.02911,378,5000.301564436294
21320,35.93512,-79.02924,379,5015.100466518174
21320,35.93501,-79.02942,380,5035.539568811307
21320,35.93483,-79.02963,381,5063.236169719694
21320,35.93482,-79.02963,382,5064.352391941371
21320,35.934754,-79.029843,383,5085.044060996894
21320,35.93459,-79.02987,384,5103.513454422024
21320,35.93443,-79.03002,385,5125.971859119108
21320,35.93423,-79.03022,386,5154.747035382725
21320,35.93387,-79.03057,387,5205.974472740699
21320,35.93295,-79.03145,388,5336.080099532176
21320,35.9324,-79.03199,389,5414.642666461358
21320,35.932349,-79.032249,390,5438.834193495892
21320,35.93217,-79.03222,391,5458.987182633172
21320,35.93211,-79.03228,392,5467.619802094859
21320,35.93176,-79.03261,393,5516.851350207543
21320,35.931488,-79.033089,394,5569.886054115429
21320,35.93134,-79.03302,395,5587.553741915913
21320,35.93133,-79.03304,396,5589.685048328286
21320,35.9313,-79.03306,397,5593.494244514758
21320,35.93115,-79.03321,398,5615.075862883488
21320,35.93111,-79.03324,399,5620.305798500718
21320,35.931,-79.03335,400,5636.132328248243
21320,35.93092,-79.03342,401,5647.092382395902
21320,35.93079,-79.03352,402,5664.208965361924
21320,35.93068,-79.03362,403,5679.47895644185
21320,35.93063,-79.03366,404,5686.137388557592
21320,35.93048,-79.03374,405,5704.387893989639
21320,35.9304,-79.03378,406,5714.0277207725785
21320,35.93033,-79.03382,407,5722.6438244559995
21320,35.93024,-79.03386,408,5733.325921056002
21320,35.93015,-79.0339,409,5744.0080183879645
21320,35.93008,-79.03392,410,5752.029703681989
21320,35.92987,-79.03402,411,5777.166788575622
21320,35.92985,-79.03402,412,5779.399217317441
21320,35.92972,-79.0341,413,5795.626024627682
21320,35.92957,-79.03416,414,5813.232986313215
21320,35.9293,-79.03428,415,5845.279296710192
21320,35.9289,-79.03447,416,5893.143900998433
21320,35.92882,-79.03451,417,5902.78374405187
21320,35.928649,-79.034717,418,5929.569505900455
21320,35.92838,-79.03471,419,5959.602363284692
21320,35.9282,-79.0348,420,5981.292023303177
21320,35.92801,-79.03489,421,6004.019561356083
21320,35.92789,-79.03498,422,6019.709497767785
21320,35.92777,-79.03507,423,6035.399438430262
21320,35.92773,-79.0351,424,6040.629419595678
21320,35.92764,-79.03516,425,6052.0570902564
21320,35.92756,-79.03522,426,6062.5170562547855
21320,35.92749,-79.03527,427,6071.553411241642
21320,35.92739,-79.03535,428,6084.870402238511
21320,35.92729,-79.03543,429,6098.1873965831255
21320,35.92728,-79.03543,430,6099.30360842738
21320,35.9272,-79.0355,431,6110.263800871637
21320,35.92703,-79.03565,432,6133.620201791561
21320,35.92697,-79.0357,433,6141.710863830632
21320,35.92697,-79.0357,434,6141.710863830632
21320,35.926776,-79.036089,435,6183.1370949447655
21320,35.92635,-79.03633,436,6235.479943964351
21320,35.92576,-79.03693,437,6320.945158779504
21320,35.92522,-79.03749,438,6399.799056112874
21320,35.92493,-79.03776,439,6440.403221789653
21320,35.92472,-79.03793,440,6468.468511074044
21320,35.9247,-79.03796,441,6471.990158650655
21320,35.92451,-79.03808,442,6495.832769750638
21320,35.92446,-79.03812,443,6502.491310157696
21320,35.92423,-79.03825,444,6530.747131380825
21320,35.924214,-79.038389,445,6543.492574505971
21320,35.92396,-79.0384,446,6571.861804494204
21320,35.92376,-79.03848,447,6595.337757048342
21320,35.92363,-79.03852,448,6610.295977632189
21320,35.92351,-79.03856,449,6624.174034580473
21320,35.92339,-79.03858,450,6637.69102709657
21320,35.92319,-79.03863,451,6660.472020168333
21320,35.92285,-79.03871,452,6699.111812102463
21320,35.92284,-79.03871,453,6700.228018077115
21320,35.922579,-79.038896,454,6733.901513062488
21320,35.92215,-79.03874,455,6783.8374524705205
21320,35.92182,-79.0387,456,6820.850845321321
21320,35.92172,-79.03869,457,6832.049769424784
21320,35.92165,-79.03869,458,6839.863211462087
21320,35.92161,-79.03869,459,6844.3280354818335
21320,35.92156,-79.03868,460,6849.982433669512
21320,35.92146,-79.03869,461,6861.18135818091
21320,35.92139,-79.03871,462,6869.203027367993
21320,35.92128,-79.03874,463,6881.779781574136
21320,35.92106,-79.0388,464,6906.933290643904
21320,35.92088,-79.03887,465,6928.006234137949
21320,35.92085,-79.03888,466,6931.475754675854
21320,35.92078,-79.03889,467,6939.341768649945
21320,35.92069,-79.0389,468,6949.428564779738
21320,35.92062,-79.03891,469,6957.2945787103135
21320,35.92053,-79.03891,470,6967.340429181255
21320,35.92044,-79.0389,471,6977.4272254014895
21320,35.92036,-79.03889,472,6986.402909646033
21320,35.92034,-79.03889,473,6988.6353209317085
21320,35.92014,-79.03886,474,7011.124989401626
21320,35.91988,-79.03882,475,7040.372696583607
21320,35.91973,-79.03879,476,7057.335897694069
21320,35.91961,-79.03877,477,7070.85289721865
21320,35.9195,-79.03878,478,7083.164685809136
21320,35.91943,-79.03879,479,7091.030702798317
21320,35.91936,-79.03881,480,7099.052381275154
21320,35.91927,-79.03884,481,7109.460957740097
21320,35.91921,-79.03887,482,7116.690915241862
21320,35.91914,-79.03893,483,7126.215999889517
21320,35.91907,-79.03898,484,7135.252545937607
21320,35.91901,-79.03905,485,7144.485491872985
21320,35.91895,-79.03913,486,7154.365419542016
21320,35.9189,-79.03917,487,7161.024089097436
21320,35.91853,-79.03964,488,7220.410213120608
21320,35.91822,-79.04001,489,7268.63786228136
21320,35.918242,-79.040155,490,7282.030322981849
21320,35.91801,-79.04027,491,7309.952073660631
21320,35.9179,-79.04041,492,7327.625111759715
21320,35.91778,-79.04057,493,7347.385078109631
21320,35.91777,-79.04059,494,7349.516626274461
21320,35.91766,-79.04075,495,7368.537689229743
21320,35.91765,-79.04076,496,7369.976545362047
21320,35.91754,-79.04096,497,7391.8971957963395
21320,35.91744,-79.04115,498,7412.4446964801755
21320,35.91737,-79.0413,499,7428.146293399986
21320,35.91732,-79.04141,500,7439.5874713529
21320,35.91722,-79.04163,501,7462.469837903066
21320,35.91717,-79.04176,502,7475.526342344796
21320,35.91703,-79.0421,503,7510.127102026936
21320,35.91696,-79.04228,504,7528.242230065969
21320,35.91693,-79.0424,505,7539.64083399157
21320,35.9169,-79.04247,506,7546.8247899675725
21320,35.91687,-79.04261,507,7559.970041413136
21320,35.91686,-79.04266,508,7564.645100365708
21320,35.91683,-79.04281,509,7578.670278354023
21320,35.91682,-79.04292,510,7588.72013726211
21320,35.91681,-79.04302,511,7597.8681982668295
21320,35.9168,-79.04316,512,7610.628702782166
21320,35.9168,-79.04339,513,7631.512028054846
21320,35.9168,-79.04352,514,7643.315643295738
21320,35.91682,-79.04371,515,7660.710914443694
21320,35.91685,-79.04387,516,7675.619357365885
21320,35.91687,-79.04396,517,7684.090520825163
21320,35.9169,-79.04403,518,7691.274461071748
21320,35.91695,-79.04419,519,7706.837085104615
21320,35.91701,-79.04436,520,7723.66280990288
21320,35.91706,-79.04453,521,7740.076210077912
21320,35.91712,-79.04471,522,7757.738544952845
21320,35.91715,-79.04481,523,7767.415993099231
21320,35.91717,-79.04495,524,7780.322028748206
21320,35.91718,-79.04507,525,7791.274619434866
21320,35.91718,-79.04518,526,7801.262218864084
21320,35.91716,-79.04525,527,7807.998616541504
21320,35.91713,-79.04538,528,7820.267939457027
21320,35.91713,-79.0454,529,7822.083867015611
21320,35.91706,-79.04559,530,7841.022094810131
21320,35.91693,-79.0459,531,7872.689168372012
21320,35.916781,-79.046571,532,7935.842900409119
21320,35.91634,-79.04744,533,8028.8407354577985
21320,35.91626,-79.04764,534,8049.076850763251
21320,35.91611,-79.04804,535,8089.069118626328
21320,35.91592,-79.04853,536,8138.3558302242745
21320,35.91591,-79.04854,537,8139.794681194486
21320,35.91582,-79.04878,538,8163.790091244637
21320,35.915796,-79.049136,539,8196.224777836935
21320,35.91564,-79.04924,540,8216.032981800863
21320,35.91551,-79.04961,541,8252.627843920389
21320,35.91538,-79.04993,542,8285.104921512564
21320,35.915208,-79.050644,543,8352.717481848287
21320,35.91511,-79.05067,544,8363.907937539661
21320,35.91504,-79.05086,545,8382.846410754408
21320,35.91493,-79.05115,546,8411.899711506263
21320,35.91477,-79.05156,547,8453.189045986452
21320,35.91458,-79.05205,548,8502.476166848177
21320,35.914399,-79.05278,549,8571.76954328536
21320,35.91427,-79.05287,550,8588.325597174606
21320,35.91419,-79.05306,551,8607.751290140191
21320,35.91409,-79.05332,552,8633.86465120338
21320,35.91404,-79.05345,553,8646.921337876343
21320,35.91402,-79.0535,554,8651.98043669427
21320,35.9139,-79.05383,555,8684.801494268304
21320,35.91381,-79.05405,556,8707.160953982026
21320,35.91375,-79.05419,557,8721.529047499922
21320,35.91365,-79.05447,558,8749.295063661935
21320,35.91362,-79.05453,559,8755.689811052323
21320,35.91357,-79.05468,560,8770.408750462266
21320,35.913587,-79.05493,561,8793.18770087758
21320,35.91344,-79.05499,562,8810.476313409708
21320,35.91339,-79.05511,563,8822.718339298537
21320,35.91335,-79.05521,564,8832.836578296854
21320,35.9133,-79.05534,565,8845.893326278516
21320,35.9132,-79.05562,566,8873.659425058859
21320,35.91318,-79.05566,567,8877.922599788222
21320,35.91314,-79.05578,568,8889.697786286803
21320,35.91276,-79.05556,569,8936.581077983057
21320,35.9126,-79.05547,570,8956.22080766775
21320,35.91239,-79.05535,571,8982.06927195208
21320,35.91217,-79.05521,572,9009.72046051629
21320,35.91189,-79.05506,573,9043.812316304653
21320,35.91183,-79.05503,574,9051.042183381398
21320,35.911689,-79.055045,575,9066.839103265129
21320,35.91159,-79.05489,576,9084.732934764701
21320,35.9115,-79.05483,577,9096.160779364745
21320,35.91132,-79.05473,578,9118.208576187251
21320,35.9112,-79.05465,579,9133.445719013678
21320,35.91115,-79.05462,580,9139.655936395158
21320,35.91095,-79.05449,581,9164.908300281288
21320,35.91071,-79.05431,582,9196.289054375406
21320,35.91049,-79.05487,583,9252.757275314296
21320,35.91025,-79.05547,584,9313.468577582555
21320,35.90997,-79.05532,585,9347.56055212197
21320,35.90957,-79.05509,586,9396.850864720434
21320,35.90952,-79.05506,587,9403.06110252825
21320,35.90937,-79.05498,588,9421.311763565354
21320,35.90914,-79.05485,589,9449.56777744591
21320,35.908924,-79.054815,590,9473.885777834847
21320,35.90882,-79.05468,591,9490.768463068562
21320,35.90872,-79.05466,592,9502.077017974772
21320,35.90858,-79.05465,593,9517.729863936396
21320,35.90837,-79.05464,594,9541.187174101457
21320,35.90821,-79.05464,595,9559.046014535821
21320,35.90789,-79.05467,596,9594.867429144768
21320,35.90763,-79.05469,597,9623.94481394542
21320,35.90748,-79.05472,598,9640.907652022994
21320,35.90735,-79.05474,599,9655.531170171396
21320,35.90733,-79.05474,600,9657.763524858949
21320,35.90716,-79.05478,601,9677.08306073301
21320,35.90705,-79.05479,602,9689.394544706209
21320,35.90689,-79.05487,603,9708.674367004673
21320,35.90669,-79.05485,604,9731.071664038504
21320,35.90647,-79.05487,605,9755.694629872149
21320,35.90627,-79.05491,606,9778.311749314962
21320,35.90606,-79.05494,607,9801.90924437842
21320,35.90604,-79.05494,608,9804.141598340098
21320,35.90552,-79.05499,609,9862.360119932438
21320,35.90526,-79.05501,610,9891.437492977397
21320,35.90508,-79.05503,611,9911.610597134273
21320,35.90496,-79.05507,612,9925.488512107671
21320,35.90495,-79.05507,613,9926.604688852027
21320,35.90474,-79.0551,614,9950.20218302877
21320,35.90459,-79.05512,615,9967.043052048955
21320,35.90444,-79.05513,616,9983.810310464054
21320,35.90441,-79.05513,617,9987.158840364378
21320,35.90423,-79.05513,618,10007.250019754158
21320,35.90415,-79.05514,619,10016.225489702705
21320,35.90409,-79.05514,620,10022.922549386638
21320,35.90405,-79.05513,621,10027.478671766232
21320,35.90399,-79.05519,622,10036.112207299078
21320,35.90393,-79.05524,623,10044.203364639721
21320,35.90377,-79.05539,624,10066.664086078486
21320,35.90356,-79.0556,625,10096.881498715486
21320,35.90342,-79.05574,626,10117.02645273387
21320,35.90328,-79.05587,627,10136.610980857413
21320,35.90313,-79.05601,628,10157.633577282966
21320,35.9026,-79.05649,629,10231.115679425558
21320,35.90255,-79.05654,630,10238.310329556709
21320,35.90245,-79.05663,631,10252.14446214028
21320,35.90201,-79.05703,632,10313.230001123518
21320,35.90203,-79.05681,633,10333.333014330274
21320,35.90206,-79.05637,634,10373.43044981572
21320,35.90206,-79.05636,635,10374.338572103019
21320,35.90208,-79.05608,636,10399.863802980417
21320,35.90211,-79.0557,637,10434.534541054412
21320,35.90214,-79.05526,638,10474.632006913595
21320,35.90216,-79.05493,639,10504.683098898315
21320,35.90218,-79.05459,640,10535.639887044204
21320,35.90218,-79.05454,641,10540.180504569893
21320,35.902121,-79.054325,642,10560.78586209314
21320,35.90218,-79.05431,643,10567.510719789034
21320,35.90217,-79.05413,644,10583.895016886694
21320,35.90217,-79.0541,645,10586.619389703827
21320,35.90216,-79.05396,646,10599.38203438271
21320,35.90215,-79.05388,647,10606.732275774933
21320,35.90214,-79.0538,648,10614.082519020865
21320,35.90211,-79.05356,649,10636.133259869877
21320,35.90209,-79.05344,650,10647.257071616672
21320,35.9019,-79.05284,651,10705.726381252614
21320,35.90178,-79.05243,652,10745.295629956108
21320,35.90171,-79.05224,653,10764.236725512415
21320,35.90165,-79.05205,654,10782.745361443429
21320,35.90159,-79.05188,655,10799.573651861914
21320,35.9015,-79.0516,656,10826.913858111748
21320,35.901405,-79.051472,657,10842.647898122665
21320,35.90145,-79.05142,658,10849.542024960676
21320,35.90144,-79.05135,659,10855.99622968749
21320,35.90145,-79.05127,660,10863.346566633496
21320,35.90145,-79.05122,661,10867.887250436826
21320,35.90148,-79.05114,662,10875.88689894051
21320,35.90151,-79.05106,663,10883.886545943484
21320,35.90155,-79.05101,664,10890.254563323422
21320,35.9016,-79.05098,665,10896.46496270411
21320,35.90165,-79.05094,666,10903.12394321477
21320,35.90177,-79.0509,667,10917.001989486578
21320,35.90188,-79.05086,668,10929.8060986074
21320,35.901957,-79.050714,669,10945.606773663309
21321,35.918612,-79.098634,0,0
21321,35.91857,-79.09872,1,9.106791297882667
21321,35.91869,-79.0988,2,24.342541963981528
21321,35.91908,-79.0991,3,75.68914292488516
21321,35.91926,-79.09895,4,99.95944458362595
21321,35.91902,-79.09807,5,184.2223962533132
21321,35.9189,-79.09763,6,226.35400306459974
21321,35.91858,-79.09662,7,324.75897120442477
21321,35.91838,-79.096,8,385.3117526408374
21321,35.91825,-79.0956,9,424.4181113131618
21321,35.91818,-79.09537,10,446.7130420701184
21321,35.91803,-79.09498,11,485.8788510953722
21321,35.91797,-79.09483,12,501.05452937290977
21321,35.91788,-79.09467,13,518.7154948205608
21321,35.91783,-79.09458,14,528.6102869950138
21321,35.91779,-79.09451,15,536.3768566679076
21321,35.91773,-79.09442,16,546.9414089272692
21321,35.91759,-79.09424,17,569.5514968972424
21321,35.91766,-79.09412,18,582.9579322907892
21321,35.9177,-79.09393,19,600.7761442260188
21321,35.91772,-79.09376,20,616.3708106790951
21321,35.91772,-79.09369,21,622.7260205984675
21321,35.91773,-79.09366,22,625.6694929289847
21321,35.91773,-79.0936,23,631.1168158435316
21321,35.91772,-79.09352,24,638.465169256843
21321,35.91772,-79.09349,25,641.1888316016705
21321,35.9177,-79.09336,26,653.2006067165719
21321,35.91768,-79.09328,27,660.7989936221819
21321,35.917575,-79.09326,28,672.6579734189157
21321,35.91764,-79.09315,29,685.0016601817266
21321,35.91761,-79.09305,30,694.6783108227543
21321,35.91755,-79.09286,31,713.1824867070882
21321,35.91734,-79.09214,32,782.6257023665345
21321,35.91729,-79.09193,33,802.4914151933012
21321,35.917121,-79.091567,34,840.464100952538
21321,35.91709,-79.09121,35,873.0601957421661
21321,35.91692,-79.09061,36,930.7440145789941
21321,35.91676,-79.09001,37,988.0705643474607
21321,35.91653,-79.08921,38,1065.1059713935676
21321,35.916402,-79.089045,39,1085.8065277640142
21321,35.91629,-79.08835,40,1150.1325957301517
21321,35.91615,-79.08782,41,1200.725428454042
21321,35.91612,-79.08774,42,1208.7233778789598
21321,35.91594,-79.08709,43,1271.0638007599641
21321,35.91581,-79.08662,44,1316.1353110965047
21321,35.91604,-79.08633,45,1352.9081091771993
21321,35.91615,-79.08613,46,1374.8274637496747
21321,35.91617,-79.085964,47,1390.0632867278016
21321,35.91636,-79.08577,48,1417.6303939375575
21321,35.91672,-79.08517,49,1485.3206138094863
21321,35.91693,-79.08483,50,1524.079605136953
21321,35.91699,-79.08472,51,1536.1040176027889
21321,35.91736,-79.08409,52,1606.652134221968
21321,35.917552,-79.083669,53,1650.4723208232344
21321,35.91774,-79.08346,54,1678.7627860935606
21321,35.91783,-79.08328,55,1697.945410620882
21321,35.91704,-79.08255,56,1808.251005573895
21321,35.91646,-79.08202,57,1888.9117996858135
21321,35.91617,-79.08176,58,1928.9731400758321
21321,35.916037,-79.081718,59,1944.2996172419807
21321,35.91561,-79.08124,60,2008.7575140096787
21321,35.91474,-79.08045,61,2129.4795703401196
21321,35.91452,-79.08026,62,2159.4885152450543
21321,35.91408,-79.07984,63,2221.665343229395
21321,35.913905,-79.079748,64,2242.908853623383
21321,35.91389,-79.07966,65,2251.0723471673236
21321,35.91376,-79.07954,66,2269.2173941678375
21321,35.91373,-79.07953,67,2272.686711430941
21321,35.91368,-79.07953,68,2278.267378135792
21321,35.91363,-79.07955,69,2284.1360548353955
21321,35.91357,-79.0796,70,2292.2265857656844
21321,35.91338,-79.07924,71,2331.189658989712
21321,35.91329,-79.07909,72,2348.1128310940535
21321,35.91323,-79.079,73,2358.6780043725917
21321,35.91314,-79.07886,74,2374.879463504453
21321,35.91296,-79.0786,75,2405.8781278101246
21321,35.9128,-79.0784,76,2431.3472113079697
21321,35.91271,-79.0783,77,2444.887772023617
21321,35.91251,-79.07805,78,2476.7241985109813
21321,35.91233,-79.07784,79,2504.4224254802066
21321,35.911904,-79.077489,80,2561.662703906475
21321,35.91192,-79.07737,81,2572.614224259637
21321,35.91174,-79.07714,82,2601.592637039574
21321,35.91158,-79.07697,83,2625.1972067480715
21321,35.91151,-79.07689,84,2635.865202282429
21321,35.91135,-79.07671,85,2660.0733166752634
21321,35.91122,-79.07658,86,2678.777981279247
21321,35.91122,-79.07632,87,2702.385650003768
21321,35.91121,-79.07622,88,2711.5338689776986
21321,35.9112,-79.07586,89,2744.240487969897
21321,35.911131,-79.075615,90,2767.781589905051
21321,35.91118,-79.07518,91,2807.6559794675004
21321,35.91115,-79.07432,92,2885.8149078094566
21321,35.91114,-79.074,93,2914.892063439285
21321,35.91114,-79.07332,94,2976.6355338974986
21321,35.91114,-79.07314,95,2992.9794049017146
21321,35.91113,-79.07257,96,3044.7470643990564
21321,35.9111,-79.07229,97,3070.390458587445
21321,35.91104,-79.07208,98,3090.6001819765247
21321,35.910899,-79.071792,99,3121.120874411037
21321,35.91089,-79.07169,100,3130.436769916675
21321,35.91087,-79.07164,101,3135.495885738039
21321,35.91079,-79.07143,102,3156.551003303612
21321,35.91078,-79.0714,103,3159.4948026544384
21321,35.91073,-79.07119,104,3179.3627000429815
21321,35.91071,-79.07111,105,3186.9619713463935
21321,35.91069,-79.07104,106,3193.6985859826677
21321,35.91068,-79.07098,107,3199.259752828351
21321,35.91066,-79.07086,108,3210.3820901575596
21321,35.91062,-79.07052,109,3241.5753234985305
21321,35.91061,-79.07035,110,3257.0516742264444
21321,35.9106,-79.07032,111,3259.995484416271
21321,35.91059,-79.07029,112,3262.939295067123
21321,35.91055,-79.07017,113,3274.714542289226
21321,35.91061,-79.06977,114,3311.646947857477
21321,35.91062,-79.06965,115,3322.600013767717
21321,35.91071,-79.06905,116,3377.998618736434
21321,35.910684,-79.068409,117,3436.2740063470055
21321,35.91078,-79.06831,118,3450.260402007808
21321,35.91079,-79.06817,119,3463.0213666878185
21321,35.91081,-79.06793,120,3484.9275052609523
21321,35.91086,-79.06734,121,3538.7896655154263
21321,35.91085,-79.06728,122,3544.3508535434585
21321,35.91082,-79.06719,123,3553.1823055157665
21321,35.91079,-79.0671,124,3562.0137616447428
21321,35.91075,-79.06701,125,3571.3258677693416
21321,35.91071,-79.0669,126,3582.2663640479004
21321,35.91068,-79.06685,127,3587.9076545892835
21321,35.91065,-79.06679,128,3594.302452159672
21321,35.91057,-79.06668,129,3607.69996886744
21321,35.91041,-79.06645,130,3635.1786355150844
21321,35.91016,-79.06612,131,3676.123663701963
21321,35.91002,-79.06593,132,3699.400686473732
21321,35.90991,-79.06577,133,3718.422081656227
21321,35.90983,-79.06564,134,3733.22315593778
21321,35.9098,-79.06559,135,3738.8644987639855
21321,35.90978,-79.06553,136,3744.7522162461255
21321,35.90975,-79.06545,137,3752.7509846066782
21321,35.9097,-79.06528,138,3769.1651899232543
21321,35.90967,-79.06506,139,3789.420352413058
21321,35.90966,-79.0649,140,3803.9915136925774
21321,35.90966,-79.06483,141,3810.347668023706
21321,35.90967,-79.06477,142,3815.9089592136866
21321,35.90968,-79.06473,143,3819.70867980258
21321,35.9097,-79.06468,144,3824.767913440758
21321,35.90972,-79.06461,145,3831.504672673332
21321,35.90973,-79.06459,146,3833.6362979264736
21321,35.90975,-79.06453,147,3839.524027989081
21321,35.90988,-79.0642,148,3872.8170496578796
21321,35.910148,-79.063341,149,3956.355183862375
21321,35.910381,-79.062881,150,4005.5585973814004
21321,35.91051,-79.06258,151,4036.450602181809
21321,35.91063,-79.06227,152,4067.6232574967457
21321,35.91072,-79.06203,153,4091.6194606720856
21321,35.9108,-79.06183,154,4111.856262442763
21321,35.91089,-79.06158,155,4136.679969045827
21321,35.91095,-79.06143,156,4151.857555727465
21321,35.91108,-79.06111,157,4184.33550567193
21321,35.91129,-79.06057,158,4238.682549309316
21321,35.911293,-79.060262,159,4266.651249552655
21321,35.91141,-79.06024,160,4279.8623115412165
21321,35.91155,-79.05987,161,4316.914893055094
21321,35.9117,-79.05947,162,4356.9083236670285
21321,35.91176,-79.05933,163,4371.276590116586
21321,35.91183,-79.05914,164,4390.215464609822
21321,35.91192,-79.05891,165,4413.389992689051
21321,35.91198,-79.05878,166,4426.961499724417
21321,35.91204,-79.05864,167,4441.329741838543
21321,35.9121,-79.05846,168,4458.992652028831
21321,35.91224,-79.05814,169,4491.984165794812
21321,35.91239,-79.05774,170,4531.977416591887
21321,35.91258,-79.05726,171,4580.447135712333
21321,35.9126,-79.05719,172,4587.183754456197
21321,35.9127,-79.05692,173,4614.121030904768
21321,35.912713,-79.05663,174,4640.492936370112
21321,35.91293,-79.05633,175,4676.943857056378
21321,35.91308,-79.05594,176,4716.114177876175
21321,35.91314,-79.05578,177,4732.111397543253
21321,35.91276,-79.05556,178,4778.994689239507
21321,35.9126,-79.05547,179,4798.6344189242
21321,35.91239,-79.05535,180,4824.482883208528
21321,35.91217,-79.05521,181,4852.134071772739
21321,35.91189,-79.05506,182,4886.225927561103
21321,35.91183,-79.05503,183,4893.455794637848
21321,35.911689,-79.055045,184,4909.25271452158
21321,35.91159,-79.05489,185,4927.146546021152
21321,35.9115,-79.05483,186,4938.574390621196
21321,35.91132,-79.05473,187,4960.622187443701
21321,35.9112,-79.05465,188,4975.8593302701265
21321,35.91115,-79.05462,189,4982.0695476516075
21321,35.91095,-79.05449,190,5007.321911537737
21321,35.91071,-79.05431,191,5038.702665631854
21321,35.91049,-79.05487,192,5095.170886570745
21321,35.91025,-79.05547,193,5155.882188839003
21321,35.90997,-79.05532,194,5189.974163378418
21321,35.90957,-79.05509,195,5239.264475976884
21321,35.90952,-79.05506,196,5245.474713784701
21321,35.90937,-79.05498,197,5263.7253748218045
21321,35.90914,-79.05485,198,5291.98138870236
21321,35.908924,-79.054815,199,5316.299389091297
21321,35.90882,-79.05468,200,5333.182074325013
21321,35.90872,-79.05466,201,5344.4906292312235
21321,35.90858,-79.05465,202,5360.143475192847
21321,35.90837,-79.05464,203,5383.6007853579085
21321,35.90821,-79.05464,204,5401.459625792272
21321,35.90789,-79.05467,205,5437.281040401218
21321,35.90763,-79.05469,206,5466.35842520187
21321,35.90748,-79.05472,207,5483.321263279444
21321,35.90735,-79.05474,208,5497.9447814278465
21321,35.90733,-79.05474,209,5500.177136115399
21321,35.90716,-79.05478,210,5519.49667198946
21321,35.90705,-79.05479,211,5531.808155962658
21321,35.90689,-79.05487,212,5551.087978261122
21326,35.936758,-79.008201,0,0
21326,35.93669,-79.00846,1,24.706689636836927
21326,35.9367,-79.00864,2,41.08500607508543
21326,35.93672,-79.00922,3,93.78413555819556
21326,35.936557,-79.009225,4,111.98481268988127
21326,35.936496,-79.009319,5,122.9018225006776
21326,35.936415,-79.009235,6,134.72974821896736
21326,35.93616,-79.00924,7,163.19796264270846
21326,35.93602,-79.00921,8,179.06110885837978
21326,35.93598,-79.00919,9,183.8811632294447
21326,35.93546,-79.00902,10,243.94314350883795
21326,35.93494,-79.00885,11,304.0051663648399
21326,35.9346,-79.00872,12,343.7505258744524
21326,35.93406,-79.00862,13,404.7083249014832
21326,35.93385,-79.00858,14,428.42937256331373
21326,35.9337,-79.00858,15,445.17326990953916
21326,35.93357,-79.00862,16,460.1320947375727
21326,35.9334,-79.0087,17,480.4508049721307
21326,35.93326,-79.00881,18,498.9965747361811
21326,35.933221,-79.008912,19,509.22874758047203
21326,35.93313,-79.00887,20,520.0787369228294
21326,35.93307,-79.00888,21,526.8375394685346
21326,35.93301,-79.00888,22,533.5350951717617
21326,35.93298,-79.00889,23,537.0047455604354
21326,35.93273,-79.00889,24,564.9112271956599
21326,35.9327,-79.00955,25,624.9219015263284
21326,35.93269,-79.01,26,665.7897360128596
21326,35.93267,-79.01044,27,705.7968059353346
21326,35.93264,-79.01127,28,781.2214185327676
21326,35.93263,-79.01163,29,813.9224827378252
21326,35.93261,-79.01197,30,844.8694426030205
21326,35.932678,-79.012005,31,853.098174953347
21326,35.932601,-79.012106,32,865.6659597124632
21326,35.93258,-79.01263,33,913.2941144238555
21326,35.93257,-79.01283,34,931.4850422712724
21326,35.93254,-79.0133,35,974.28436090434
21326,35.9325,-79.01395,36,1033.4621052881841
21326,35.93245,-79.01493,37,1122.6044401896963
21326,35.93244,-79.0153,38,1156.212707235366
21326,35.93243,-79.01558,39,1181.6564457157492
21326,35.93243,-79.01559,40,1182.5642756030868
21326,35.932439,-79.016072,41,1226.333187424549
21326,35.932512,-79.016164,42,1238.001775266436
21326,35.932446,-79.016296,43,1252.0686265902857
21326,35.93246,-79.01662,44,1281.523750169169
21326,35.93249,-79.01715,45,1329.7549995722504
21326,35.93252,-79.01751,46,1362.6078687479528
21326,35.93255,-79.0177,47,1380.1786191912254
21326,35.93259,-79.01792,48,1400.6437795964644
21326,35.93267,-79.01831,49,1437.1577116085348
21326,35.93281,-79.01874,50,1479.2059180645665
21326,35.93286,-79.01887,51,1492.2607722243056
21326,35.93286,-79.01888,52,1493.1685923492407
21326,35.93293,-79.01906,53,1511.2814033888242
21326,35.933063,-79.019353,54,1541.743089008908
21326,35.933166,-79.019384,55,1553.5797813914307
21326,35.933142,-79.01949,56,1563.5685817510284
21326,35.93317,-79.01956,57,1570.6503133508131
21326,35.93323,-79.01967,58,1582.67425747425
21326,35.9334,-79.01995,59,1614.3950034156746
21326,35.93347,-79.02004,60,1625.7001987182098
21326,35.93357,-79.02019,61,1643.307755297186
21326,35.9338,-79.02045,62,1678.1822563640485
21326,35.93412,-79.02084,63,1728.4750216207674
21326,35.934194,-79.020803,64,1737.391985970425
21326,35.934202,-79.020929,65,1748.8650928730292
21326,35.93447,-79.02125,66,1790.627258116771
21326,35.93469,-79.02151,67,1824.6881544651458
21326,35.93483,-79.02168,68,1846.651190733462
21326,35.9349,-79.02177,69,1857.9562470510207
21326,35.935049,-79.021802,70,1874.8399488837454
21326,35.93507,-79.02198,71,1891.1677564124827
21326,35.93537,-79.02235,72,1938.5971553660218
21326,35.93562,-79.02264,73,1976.960975808603
21326,35.93581,-79.02287,74,2006.7221936690278
21326,35.93599,-79.023,75,2030.0237755217472
21326,35.93607,-79.02306,76,2040.4836400928577
21326,35.93617,-79.02317,77,2055.460581647792
21326,35.93622,-79.02325,78,2064.619676251799
21326,35.9363,-79.02339,79,2080.152131250744
21326,35.93632,-79.02355,80,2094.847076058635
21326,35.93481,-79.02376,81,2264.4728689824046
21326,35.93344,-79.0239,82,2417.923938728074
21326,35.93308,-79.02395,83,2458.3638470952897
21326,35.93285,-79.02397,84,2484.1013112921783
21326,35.93255,-79.02401,85,2517.784587380812
21326,35.93249,-79.02401,86,2524.4819808400116
21326,35.93224,-79.02405,87,2552.6230559668047
21326,35.93216,-79.02406,88,2561.5989397035146
21326,35.93214,-79.02406,89,2563.83140400862
21326,35.9318,-79.02412,90,2602.172180994975
21326,35.93141,-79.02417,91,2645.941234093794
21326,35.93105,-79.02421,92,2686.289324829465
21326,35.93084,-79.02423,93,2709.800407281694
21326,35.93035,-79.02428,94,2764.683796997684
21326,35.93038,-79.02482,95,2813.8214372431917
21326,35.93041,-79.02522,96,2850.289101596483
21326,35.93041,-79.02541,97,2867.5380453491325
21326,35.93041,-79.02577,98,2900.2202401906043
21326,35.93037,-79.02617,99,2936.8072383703234
21326,35.93031,-79.02663,100,2979.101440868273
21326,35.93026,-79.02683,101,2998.096635344794
21326,35.93023,-79.02697,102,3011.240121253774
21326,35.93021,-79.02706,103,3019.7101705575956
21326,35.930027,-79.027572,104,3070.482007345334
21326,35.930041,-79.027728,105,3084.7302698444983
21326,35.929921,-79.027843,106,3101.7130615292813
21326,35.9298,-79.02815,107,3132.6839962603535
21326,35.9296,-79.02849,108,3170.7777453262584
21326,35.92926,-79.02898,109,3229.251578949403
21326,35.92883,-79.02943,110,3292.2813642911733
21326,35.92847,-79.02972,111,3340.3220170466857
21326,35.9284,-79.02979,112,3350.393635978197
21326,35.9283,-79.02986,113,3363.2381322493225
21326,35.92818,-79.02995,114,3378.9281790494265
21326,35.92815,-79.02996,115,3382.3977270162595
21326,35.92809,-79.03,116,3390.0162272269044
21326,35.92804,-79.03003,117,3396.2264317869517
21326,35.92792,-79.03009,118,3410.6863217153254
21326,35.927781,-79.030145,119,3426.9854766752374
21326,35.927757,-79.030258,120,3437.5883360809153
21326,35.927688,-79.030183,121,3447.8685006357355
21326,35.9276,-79.03023,122,3458.577996461732
21326,35.92763,-79.03036,123,3470.846097804592
21326,35.92764,-79.03048,124,3481.7974981026155
21326,35.92766,-79.03062,125,3494.702154541833
21326,35.92767,-79.03071,126,3502.948814808719
21326,35.92768,-79.0309,127,3520.2342868437636
21326,35.92772,-79.0312,128,3547.833698801996
21326,35.92775,-79.03152,129,3577.077618230182
21326,35.92777,-79.03161,130,3585.547853231191
21326,35.92779,-79.03172,131,3595.780802121332
21326,35.92783,-79.03189,132,3611.8472775140262
21326,35.92787,-79.03203,133,3625.318724935552
21326,35.92791,-79.03215,134,3637.092462199882
21326,35.92798,-79.03233,135,3655.2058196249473
21326,35.928064,-79.032338,136,3664.6101325957816
21326,35.928037,-79.032446,137,3674.8677118760643
21326,35.92809,-79.03255,138,3686.0097131986463
21326,35.92813,-79.03262,139,3693.776366150877
21326,35.9282,-79.03274,140,3707.18292462329
21326,35.9282,-79.03275,141,3708.090778574852
21326,35.92827,-79.03286,142,3720.770643500713
21326,35.92828,-79.03287,143,3722.2094402258836
21326,35.92839,-79.03302,144,3740.5452676187992
21326,35.92841,-79.03305,145,3744.0668437164777
21326,35.92851,-79.03319,146,3760.982384177351
21326,35.92867,-79.0334,147,3787.1056954079586
21326,35.92882,-79.0336,148,3811.80407333918
21326,35.92889,-79.03369,149,3823.1093667757564
21326,35.92894,-79.03377,150,3832.268842023245
21326,35.92906,-79.03393,151,3852.027498598091
21326,35.92918,-79.03411,152,3873.1568058913417
21326,35.9293,-79.03428,153,3893.5920817815722
21326,35.9289,-79.03447,154,3941.456686069813
21326,35.92882,-79.03451,155,3951.096529123249
21326,35.92867,-79.03458,156,3969.005179031064
21326,35.928649,-79.034717,157,3981.661627135071
21326,35.928526,-79.034644,158,3996.906884837207
21326,35.9282,-79.0348,159,4035.9543085970486
21326,35.92801,-79.03489,160,4058.681846649954
21326,35.92789,-79.03498,161,4074.371783061656
21326,35.92777,-79.03507,162,4090.0617237241327
21326,35.92773,-79.0351,163,4095.291704889549
21326,35.92764,-79.03516,164,4106.719375550271
21326,35.92756,-79.03522,165,4117.179341548656
21326,35.92749,-79.03527,166,4126.2156965355125
21326,35.92739,-79.03535,167,4139.532687532382
21326,35.92729,-79.03543,168,4152.849681876996
21326,35.92728,-79.03543,169,4153.965893721251
21326,35.9272,-79.0355,170,4164.9260861655075
21326,35.92703,-79.03565,171,4188.282487085432
21326,35.92697,-79.0357,172,4196.373149124503
21326,35.92697,-79.0357,173,4196.373149124503
21326,35.926772,-79.035908,174,4225.442778350574
21326,35.926776,-79.036089,175,4241.881212935468
21326,35.92663,-79.03605,176,4258.558085119954
21326,35.9265,-79.03618,177,4277.262507719395
21326,35.92635,-79.03633,178,4298.844544302579
21326,35.92576,-79.03693,179,4384.309759117732
21326,35.92522,-79.03749,180,4463.163656451102
21326,35.92493,-79.03776,181,4503.767822127881
21326,35.92472,-79.03793,182,4531.833111412272
21326,35.9247,-79.03796,183,4535.354758988883
21326,35.92451,-79.03808,184,4559.197370088867
21326,35.92446,-79.03812,185,4565.855910495924
21326,35.92423,-79.03825,186,4594.111731719053
21326,35.924214,-79.038389,187,4606.857174844199
21326,35.924082,-79.038335,188,4622.38535242908
21326,35.92396,-79.0384,189,4637.226774018725
21326,35.92376,-79.03848,190,4660.702726572863
21326,35.92363,-79.03852,191,4675.66094715671
21326,35.92351,-79.03856,192,4689.539004104994
21326,35.92339,-79.03858,193,4703.055996621091
21326,35.92319,-79.03863,194,4725.836989692854
21326,35.92285,-79.03871,195,4764.476781626984
21326,35.92284,-79.03871,196,4765.592987601636
21326,35.922617,-79.038757,197,4790.847495212081
21326,35.922579,-79.038896,198,4804.161177175145
21326,35.92252,-79.038763,199,4817.91548617964
21326,35.92215,-79.03874,200,4859.267862761095
21326,35.92182,-79.0387,201,4896.281255611895
21326,35.92172,-79.03869,202,4907.480179715359
21326,35.92165,-79.03869,203,4915.293621752661
21326,35.92161,-79.03869,204,4919.758445772408
21326,35.92156,-79.03868,205,4925.412843960086
21326,35.92146,-79.03869,206,4936.6117684714845
21326,35.92139,-79.03871,207,4944.633437658567
21326,35.92128,-79.03874,208,4957.21019186471
21326,35.92106,-79.0388,209,4982.363700934478
21326,35.92088,-79.03887,210,5003.436644428523
21326,35.92085,-79.03888,211,5006.906164966428
21326,35.92078,-79.03889,212,5014.77217894052
21326,35.92069,-79.0389,213,5024.858975070312
21326,35.92062,-79.03891,214,5032.724989000888
21326,35.92053,-79.03891,215,5042.770839471829
21326,35.92044,-79.0389,216,5052.857635692064
21326,35.92036,-79.03889,217,5061.833319936607
21326,35.92034,-79.03889,218,5064.065731222283
21326,35.92014,-79.03886,219,5086.555399692201
21326,35.91988,-79.03882,220,5115.803106874182
21326,35.91973,-79.03879,221,5132.766307984644
21326,35.91961,-79.03877,222,5146.283307509225
21326,35.9195,-79.03878,223,5158.595096099712
21326,35.91943,-79.03879,224,5166.4611130888925
21326,35.91936,-79.03881,225,5174.48279156573
21326,35.91927,-79.03884,226,5184.891368030672
21326,35.91921,-79.03887,227,5192.121325532437
21326,35.91914,-79.03893,228,5201.646410180092
21326,35.91907,-79.03898,229,5210.682956228182
21326,35.91901,-79.03905,230,5219.9159021635605
21326,35.91895,-79.03913,231,5229.795829832591
21326,35.9189,-79.03917,232,5236.454499388012
21326,35.91853,-79.03964,233,5295.8406234111835
21326,35.91822,-79.04001,234,5344.068272571935
21326,35.91822,-79.04001,235,5344.068272571935
21326,35.918242,-79.040155,236,5357.4607332724245
21326,35.918116,-79.040148,237,5371.539249581816
21326,35.91801,-79.04027,238,5387.747055194071
21326,35.9179,-79.04041,239,5405.420093293155
21326,35.91778,-79.04057,240,5425.180059643071
21326,35.91777,-79.04059,241,5427.311607807901
21326,35.91766,-79.04075,242,5446.332670763183
21326,35.91765,-79.04076,243,5447.771526895487
21326,35.91754,-79.04096,244,5469.69217732978
21326,35.91744,-79.04115,245,5490.239678013616
21326,35.91737,-79.0413,246,5505.941274933426
21326,35.91732,-79.04141,247,5517.382452886341
21326,35.91722,-79.04163,248,5540.2648194365065
21326,35.91717,-79.04176,249,5553.321323878236
21326,35.91703,-79.0421,250,5587.922083560376
21326,35.91696,-79.04228,251,5606.03721159941
21326,35.91693,-79.0424,252,5617.43581552501
21326,35.9169,-79.04247,253,5624.619771501013
21326,35.91687,-79.04261,254,5637.765022946576
21326,35.91686,-79.04266,255,5642.440081899148
21326,35.91683,-79.04281,256,5656.465259887464
21326,35.91682,-79.04292,257,5666.515118795551
21326,35.91681,-79.04302,258,5675.66317980027
21326,35.9168,-79.04316,259,5688.423684315607
21326,35.9168,-79.04339,260,5709.307009588287
21326,35.9168,-79.04352,261,5721.110624829178
21326,35.91682,-79.04371,262,5738.505895977134
21326,35.91685,-79.04387,263,5753.414338899325
21326,35.91687,-79.04396,264,5761.885502358604
21326,35.9169,-79.04403,265,5769.069442605189
21326,35.91695,-79.04419,266,5784.632066638055
21326,35.91701,-79.04436,267,5801.457791436321
21326,35.91706,-79.04453,268,5817.8711916113525
21326,35.91712,-79.04471,269,5835.533526486285
21326,35.91715,-79.04481,270,5845.210974632671
21326,35.91717,-79.04495,271,5858.117010281647
21326,35.91718,-79.04507,272,5869.069600968306
21326,35.91718,-79.04518,273,5879.057200397525
21326,35.91716,-79.04525,274,5885.793598074944
21326,35.91713,-79.04538,275,5898.062920990467
21326,35.91713,-79.0454,276,5899.878848549051
21326,35.91706,-79.04559,277,5918.817076343572
21326,35.91693,-79.0459,278,5950.484149905453
21326,35.916736,-79.046394,279,6000.291182801041
21326,35.916781,-79.046571,280,6017.1288320697495
21326,35.916635,-79.046657,281,6035.199404872742
21326,35.91634,-79.04744,282,6113.548496449116
21326,35.91626,-79.04764,283,6133.784611754569
21326,35.91611,-79.04804,284,6173.776879617646
21326,35.91592,-79.04853,285,6223.063591215592
21326,35.91591,-79.04854,286,6224.502442185803
21326,35.91582,-79.04878,287,6248.497852235954
21326,35.915796,-79.049136,288,6280.932538828251
21326,35.91564,-79.04924,289,6300.740742792181
21326,35.91551,-79.04961,290,6337.3356049117065
21326,35.91538,-79.04993,291,6369.812682503882
21326,35.915192,-79.050458,292,6422.145305885552
21326,35.915208,-79.050644,293,6439.127872575506
21326,35.91511,-79.05068,294,6450.544427940968
21326,35.91493,-79.05115,295,6497.712452075836
21326,35.91477,-79.05156,296,6539.001786556026
21326,35.91458,-79.05205,297,6588.28890741775
21326,35.914372,-79.052635,298,6646.2581635565675
21326,35.914399,-79.05278,299,6659.764463144261
21326,35.91427,-79.05287,300,6676.320517033507
21326,35.91419,-79.05306,301,6695.746209999092
21326,35.91409,-79.05332,302,6721.859571062279
21326,35.91404,-79.05345,303,6734.916257735244
21326,35.91402,-79.0535,304,6739.97535655317
21326,35.9139,-79.05383,305,6772.796414127204
21326,35.91381,-79.05405,306,6795.155873840926
21326,35.91375,-79.05419,307,6809.523967358822
21326,35.91365,-79.05447,308,6837.289983520835
21326,35.91362,-79.05453,309,6843.684730911224
21326,35.91357,-79.05468,310,6858.403670321166
21326,35.913587,-79.05493,311,6881.182620736478
21326,35.91344,-79.05499,312,6898.471233268608
21326,35.91339,-79.05511,313,6910.713259157436
21326,35.91335,-79.05521,314,6920.831498155753
21326,35.9133,-79.05534,315,6933.888246137415
21326,35.9132,-79.05562,316,6961.654344917757
21326,35.91318,-79.05566,317,6965.917519647121
21326,35.91314,-79.05578,318,6977.692706145701
21326,35.91308,-79.05594,319,6993.689925812779
21326,35.91293,-79.05633,320,7032.860246632576
21326,35.912977,-79.056506,321,7049.680012549801
21326,35.91284,-79.056554,322,7065.580582328415
21326,35.9127,-79.05692,323,7102.303859651989
21326,35.9126,-79.05719,324,7129.241136100561
21326,35.91258,-79.05726,325,7135.977754844424
21326,35.91239,-79.05774,326,7184.44747396487
21326,35.91224,-79.05814,327,7224.440724761946
21326,35.91214,-79.05838,328,7248.924954097162
21326,35.91212,-79.05841,329,7252.446824581556
21326,35.9121,-79.05846,330,7257.505983099524
21326,35.91204,-79.05864,331,7275.168893289812
21326,35.91198,-79.05878,332,7289.537135403938
21326,35.91192,-79.05891,333,7303.108642439304
21326,35.91183,-79.05914,334,7326.283170518533
21326,35.91176,-79.05933,335,7345.222045011769
21326,35.9117,-79.05947,336,7359.590311461327
21326,35.91155,-79.05987,337,7399.583742073261
21326,35.911356,-79.060379,338,7450.622440275223
21326,35.91141,-79.060559,339,7468.042534866624
21326,35.91129,-79.06057,340,7481.473728621759
21326,35.91108,-79.06111,341,7535.820772259144
21326,35.91095,-79.06143,342,7568.298722203608
21326,35.91089,-79.06158,343,7583.476308885246
21326,35.9108,-79.06183,344,7608.30001548831
21326,35.91072,-79.06203,345,7628.536817258988
21326,35.91063,-79.06227,346,7652.533020434327
21326,35.91051,-79.06258,347,7683.705675749265
21326,35.91026,-79.06322,348,7748.170894699179
21326,35.91028,-79.063448,349,7768.993691736064
21326,35.910117,-79.063563,350,7789.970840708885
21326,35.90988,-79.0642,351,7853.57371460884
21326,35.90975,-79.06453,352,7886.866736277639
21326,35.90973,-79.06459,353,7892.754466340246
21326,35.90972,-79.06461,354,7894.886091593387
21326,35.9097,-79.06468,355,7901.622850825962
21326,35.90968,-79.06473,356,7906.68208446414
21326,35.90967,-79.06477,357,7910.481805053033
21326,35.90966,-79.06483,358,7916.043096243014
21326,35.90966,-79.0649,359,7922.399250574142
21326,35.90967,-79.06506,360,7936.970411853661
21326,35.9097,-79.06528,361,7957.225574343464
21326,35.90975,-79.06545,362,7973.63977966004
21326,35.90978,-79.06553,363,7981.638548020594
21326,35.9098,-79.06559,364,7987.526265502734
21326,35.90983,-79.06564,365,7993.1676083289385
21326,35.90991,-79.06577,366,8007.968682610492
21326,35.91002,-79.06593,367,8026.990077792987
21326,35.91016,-79.06612,368,8050.267100564756
21326,35.91041,-79.06645,369,8091.212128751635
21326,35.91057,-79.06668,370,8118.690795399279
21326,35.91065,-79.06679,371,8132.0883121070465
21326,35.91068,-79.06685,372,8138.483109677435
21326,35.91071,-79.0669,373,8144.124400218818
21326,35.91075,-79.06701,374,8155.064896497377
21326,35.91079,-79.0671,375,8164.377002621975
21326,35.91082,-79.06719,376,8173.208458750952
21326,35.91085,-79.06728,377,8182.03991072326
21326,35.91086,-79.06734,378,8187.601098751292
21326,35.91081,-79.06793,379,8241.463259005766
21326,35.91079,-79.06817,380,8263.3693975789
21326,35.910743,-79.068617,381,8304.294792831886
21326,35.910826,-79.068796,382,8323.002851419418
21326,35.910723,-79.068905,383,8338.172616961372
21326,35.91062,-79.06965,384,8406.788851063482
21326,35.91061,-79.06977,385,8417.741916973722
21326,35.91055,-79.07017,386,8454.674322541972
21326,35.91059,-79.07029,387,8466.449569764076
21326,35.9106,-79.07032,388,8469.393380414927
21326,35.91061,-79.07035,389,8472.337190604754
21326,35.91062,-79.07052,390,8487.813541332669
21326,35.91066,-79.07086,391,8519.00677467364
21326,35.91068,-79.07098,392,8530.129112002849
21326,35.91069,-79.07104,393,8535.690278848533
21326,35.91071,-79.07111,394,8542.426893484808
21326,35.91073,-79.07119,395,8550.02616478822
21326,35.91078,-79.0714,396,8569.894062176763
21326,35.91079,-79.07143,397,8572.837861527589
21326,35.91087,-79.07164,398,8593.892979093162
21326,35.910982,-79.07165,399,8606.4267617916
21326,35.910928,-79.071773,400,8619.117682094125
21326,35.91104,-79.07208,401,8649.667874105524
21326,35.9111,-79.07229,402,8669.877597494604
21326,35.91139,-79.07228,403,8702.258569744288
21326,35.9118,-79.07228,404,8748.02056363393
21326,35.912047,-79.072273,405,8775.596700470232
21326,35.912163,-79.072192,406,8790.487085478602
21326,35.912328,-79.072267,407,8810.122219895202
21326,35.91282,-79.07226,408,8865.040292347287
21326,35.91295,-79.07225,409,8879.578574545312
21326,35.91305,-79.07225,410,8890.74003709117
21326,35.91336,-79.07224,411,8925.352482510283
21326,35.91384,-79.07223,412,8978.935197549086
21326,35.91423,-79.07221,413,9022.502764604009
21326,35.91445,-79.07221,414,9047.057983960696
21326,35.91474,-79.0722,415,9079.438959867683
21326,35.914899,-79.072112,416,9098.901387231694
21326,35.91506,-79.07219,417,9118.216517116372
21326,35.91542,-79.07219,418,9158.397786640884
21326,35.91574,-79.07218,419,9194.126009420768
21326,35.9159,-79.07225,420,9213.081582901215
21326,35.91596,-79.07229,421,9220.699838133469
21326,35.91599,-79.07231,422,9224.50896507281
21326,35.91601,-79.07233,423,9227.38655675106
21326,35.91604,-79.07235,424,9231.19568289816
21326,35.91612,-79.07243,425,9242.706043662
21326,35.9162,-79.07254,426,9256.10291126871
21326,35.91632,-79.07274,427,9278.666830099206
21326,35.91635,-79.07279,428,9284.307805193648
21326,35.91646,-79.07297,429,9304.748596512503
21326,35.91648,-79.07301,430,9309.011524144447
21326,35.91663,-79.07328,431,9338.697248672768
21326,35.916762,-79.073552,432,9367.453802935415
21326,35.916874,-79.07363,433,9381.821216524531
21326,35.916869,-79.073791,434,9396.449471232905
21326,35.91716,-79.07431,435,9453.680111140331
21326,35.91738,-79.07475,436,9500.571853243513
21326,35.91748,-79.07489,437,9517.487612234838
21326,35.91749,-79.07488,438,9518.926391367035
21326,35.9175,-79.07488,439,9520.042532982672
21326,35.91751,-79.07488,440,9521.158674598699
21326,35.91752,-79.07488,441,9522.274816215097
21326,35.91753,-79.07488,442,9523.390957830472
21326,35.91754,-79.07488,443,9524.507099447164
21326,35.91755,-79.07489,444,9525.945878142551
21326,35.91756,-79.07489,445,9527.062019740742
21326,35.91757,-79.07489,446,9528.17816133884
21326,35.91758,-79.0749,447,9529.616939793472
21326,35.91759,-79.07491,448,9531.055718150239
21326,35.9176,-79.07491,449,9532.171859713266
21326,35.9176,-79.07492,450,9533.079775352939
21326,35.91761,-79.07493,451,9534.518553518374
21326,35.91762,-79.07494,452,9535.957331588108
21326,35.91763,-79.07495,453,9537.396109562476
21326,35.91763,-79.07496,454,9538.304024797992
21326,35.91764,-79.07497,455,9539.742802651828
21326,35.91764,-79.07498,456,9540.650717742183
21326,35.91764,-79.07499,457,9541.558632817805
21326,35.91765,-79.07499,458,9542.674774239855
21326,35.91765,-79.075,459,9543.582689184934
21326,35.91765,-79.07501,460,9544.490604116323
21326,35.91765,-79.07502,461,9545.39851903155
21326,35.91765,-79.07503,462,9546.306433933747
21326,35.91765,-79.07504,463,9547.214348821444
21326,35.91765,-79.07505,464,9548.122263695877
21326,35.91765,-79.07506,465,9549.030178553528
21326,35.91765,-79.07507,466,9549.938093398072
21326,35.91765,-79.07509,467,9551.753923043385
21326,35.91765,-79.0751,468,9552.661837844544
21326,35.91765,-79.07511,469,9553.56975263008
21326,35.91765,-79.07512,470,9554.477667402352
21326,35.91764,-79.07513,471,9555.916444816885
21326,35.91764,-79.07514,472,9556.824359677206
21326,35.91763,-79.07514,473,9557.94050083095
21326,35.91766,-79.07535,474,9577.298501867564
21326,35.91771,-79.07546,475,9588.739021400017
21326,35.91777,-79.07561,476,9603.91520692463
21326,35.91786,-79.07581,477,9624.66680825464
21326,35.917956,-79.075984,478,9643.755432838987
21326,35.918085,-79.076016,479,9658.443830385879
21326,35.91804,-79.07613,480,9669.948288848818
21326,35.91804,-79.07613,481,9669.948288848818
21326,35.91825,-79.07642,482,9705.199045264757
21326,35.91837,-79.07658,483,9724.957814086749
21326,35.91857,-79.07681,484,9755.525022854585
21326,35.91863,-79.07689,485,9765.40438203649
21326,35.9188,-79.07709,486,9791.667255162025
21326,35.91898,-79.07728,487,9818.147275548368
21326,35.919096,-79.077283,488,9831.097333563346
21326,35.919117,-79.07743,489,9844.647643906283
21326,35.9193,-79.07759,490,9869.711688152456
21326,35.9196,-79.07782,491,9909.17332568895
21326,35.92025,-79.0783,492,9993.804375769578
21326,35.92035,-79.0784,493,10008.191882408388
21326,35.92043,-79.07848,494,10019.701880819242
21326,35.92047,-79.07854,495,10026.74494962411
21326,35.92055,-79.07865,496,10040.14127439662
21326,35.92066,-79.07881,497,10059.160775619734
21326,35.92073,-79.07898,498,10076.459505878867
21326,35.92077,-79.07909,499,10087.398627534998
21326,35.92081,-79.07921,500,10099.172394504694
21326,35.92084,-79.07933,501,10110.569812913445
21326,35.92085,-79.07944,502,10120.618578665195
21326,35.92087,-79.07961,503,10136.212986248955
21326,35.92087,-79.07988,504,10160.725498461763
21326,35.920867,-79.080091,505,10179.884492070232
21326,35.920893,-79.080306,506,10199.618236919048
21326,35.92081,-79.08062,507,10229.592817800616
21326,35.92079,-79.08088,508,10253.30275887867
21326,35.92078,-79.08112,509,10275.120206845917
21326,35.92078,-79.08142,510,10302.356296792812
21326,35.92078,-79.08171,511,10328.684504738367
21326,35.92079,-79.08202,512,10356.850558936525
21326,35.920905,-79.082311,513,10386.222489604748
21326,35.92084,-79.08251,514,10405.691257556056
21326,35.92094,-79.08342,515,10489.057585474984
21326,35.92099,-79.08385,516,10528.492609640274
21326,35.92102,-79.08408,517,10549.640225318168
21326,35.92104,-79.08426,518,10566.133509827097
21326,35.92106,-79.08447,519,10585.328850791655
21326,35.92109,-79.08469,520,10605.580528162845
21326,35.9211,-79.08474,521,10610.255036210245
21326,35.92113,-79.08492,522,10626.936041841893
21326,35.92117,-79.08509,523,10643.002414750414
21326,35.9212,-79.08519,524,10652.678801092821
21326,35.921294,-79.085238,525,10664.039370957596
21326,35.92127,-79.08545,526,10683.471473380388
21326,35.92153,-79.08652,527,10784.853919965466
21326,35.92167,-79.08678,528,10813.1614935129
21326,35.92175,-79.08692,529,10828.69430555794
21326,35.922028,-79.087396,530,10881.8935405148
21326,35.922185,-79.08751,531,10902.244682402348
21326,35.922165,-79.087634,532,10913.721138203435
21326,35.92224,-79.08776,533,10927.895719181046
21326,35.92255,-79.08832,534,10989.391669602734
21326,35.92271,-79.0886,535,11020.4569704025
21326,35.9228,-79.08877,536,11038.87129136898
21326,35.92294,-79.08902,537,11066.426012119782
21326,35.92309,-79.08925,538,11093.189169117211
21326,35.92318,-79.08939,539,11109.38909647007
21326,35.92324,-79.08948,540,11119.95329411666
21326,35.923356,-79.089514,541,11133.263084900702
21326,35.92336,-79.08964,542,11144.71042486643
21326,35.92362,-79.08998,543,11187.075707710319
21326,35.92383,-79.09025,544,11220.989697261075
21326,35.924046,-79.090488,545,11253.36288267992
21326,35.924129,-79.090478,546,11262.671004285241
21326,35.924186,-79.09063,547,11277.865759763004
21326,35.92453,-79.09092,548,11324.419101312667
21326,35.92476,-79.09109,549,11354.371573899365
21326,35.92489,-79.09119,550,11371.486955344806
21326,35.92502,-79.09129,551,11388.60232610512
21326,35.92515,-79.091316,552,11403.302513582477
21326,35.925194,-79.091438,553,11415.417677967127
21326,35.9254,-79.09161,554,11443.210327168617
21326,35.92604,-79.09214,555,11529.33403273621
21326,35.92605,-79.09214,556,11530.450143819764
21326,35.92642,-79.09246,557,11580.940040754282
21326,35.92658,-79.09259,558,11602.344922233262
21326,35.92664,-79.09264,559,11610.434863718447
21326,35.926822,-79.092786,560,11634.689460978174
21326,35.926914,-79.092746,561,11645.580800795959
21326,35.92692,-79.09285,562,11655.045454431236
21326,35.9271,-79.09299,563,11678.817791466323
21326,35.92712,-79.093,564,11681.227535433565
21326,35.92725,-79.09311,565,11698.841020298636
21326,35.92735,-79.0932,566,11712.67282396269
21326,35.92743,-79.09327,567,11723.632001671622
21326,35.9276,-79.09344,568,11748.089285205027
21326,35.9277,-79.09357,569,11764.332267321704
21326,35.9279,-79.09381,570,11795.524099461642
21326,35.92803,-79.09399,571,11817.37616628735
21326,35.92813,-79.09413,572,11834.290112292923
21326,35.92832,-79.09442,573,11868.09412216077
21326,35.92841,-79.09455,574,11883.591312552388
21326,35.9286,-79.09482,575,11916.001392814811
21326,35.92867,-79.09492,576,11927.978105003895
21326,35.928976,-79.095362,577,11980.668319157683
21326,35.929061,-79.095379,578,11990.279906019921
21326,35.92905,-79.09546,579,11997.734502068948
21326,35.92912,-79.09553,580,12007.80503385294
21326,35.92943,-79.09593,581,12057.960048425894
21326,35.92946,-79.09597,582,12062.899209278226
21326,35.92975,-79.09635,583,12110.201259288306
21326,35.92989,-79.09653,584,12132.809441500007
21326,35.92998,-79.09665,585,12147.626859008284
21326,35.92999,-79.09666,586,12149.065497192249
21326,35.93024,-79.09698,587,12189.34352728289
21326,35.93051,-79.09729,588,12230.574009428643
21326,35.93062,-79.09741,589,12246.986832614388
21326,35.93077,-79.09755,590,12268.005349869505
21326,35.93087,-79.09766,591,12282.980965101007
21326,35.931048,-79.097872,592,12310.639725440495
21326,35.931132,-79.097858,593,12320.100711485742
21326,35.93113,-79.09796,594,12329.362205912626
21326,35.93126,-79.09811,595,12349.259745564725
21326,35.93133,-79.09821,596,12361.236162005882
21326,35.93136,-79.09826,597,12366.87621014521
21326,35.9315,-79.09843,598,12388.837022950049
21326,35.93173,-79.09873,599,12426.26058379726
21326,35.93215,-79.09933,600,12498.118643970027
21326,35.93227,-79.09949,601,12517.874802733446
21326,35.93231,-79.09956,602,12525.640351376907
21326,35.93248,-79.09979,603,12553.85136950675
21326,35.9326,-79.09996,604,12574.284019848443
21326,35.932958,-79.100429,605,12632.669108315224
21326,35.933074,-79.100444,606,12645.687224575218
21326,35.93306,-79.10055,607,12655.43489278979
21326,35.93314,-79.10068,608,12670.232359896518
21326,35.93327,-79.10085,609,12691.413241269545
21326,35.93343,-79.10108,610,12718.885783819222
21326,35.93346,-79.10112,611,12723.824768263905
21326,35.9335,-79.10118,612,12730.866884443805
21326,35.93352,-79.10122,613,12735.128949234024
21326,35.93354,-79.10126,614,12739.391012964128
21326,35.93357,-79.10132,615,12745.784106576002
21326,35.93358,-79.10136,616,12749.58254876963
21326,35.93359,-79.1014,617,12753.380990281441
21326,35.93361,-79.10147,618,12760.11552988178
21326,35.93362,-79.10155,619,12767.462336417499
21326,35.93363,-79.10163,620,12774.809141107291
21326,35.93365,-79.10178,621,12788.606277926558
21326,35.93366,-79.10194,622,12803.172156320723
21326,35.93344,-79.10187,623,12828.534992460867
21326,35.93329,-79.10181,624,12846.139978273199
21326,35.9327,-79.10158,625,12915.21976356892
21326,35.93252,-79.1015,626,12936.581583149358
21326,35.93237,-79.10144,627,12954.186598945014
21326,35.93227,-79.1014,628,12965.923278851747
21326,35.93199,-79.1013,629,12998.465514416112
21326,35.93176,-79.10123,630,13024.910391666535
21326,35.93148,-79.10116,631,13056.800474160407
21326,35.9314,-79.10114,632,13065.911927769901
21326,35.93056,-79.10093,633,13161.582230090842
21326,35.92985,-79.10074,634,13242.680176875267
21326,35.92924,-79.10058,635,13312.293979271515
21326,35.92899,-79.10051,636,13340.910763555421
21326,35.92886,-79.10048,637,13355.673366735684
21326,35.92863,-79.10042,638,13381.915020758448
21326,35.92834,-79.10035,639,13414.899660043833
21326,35.92809,-79.10032,640,13442.934655236319
21326,35.92793,-79.1003,641,13460.884253064305
21326,35.92773,-79.10028,642,13483.279896286715
21326,35.92731,-79.10026,643,13530.19110302912
21326,35.92728,-79.10026,644,13533.53939320766
21326,35.92691,-79.10024,645,13574.874863018003
21326,35.92671,-79.10023,646,13597.215249057348
21326,35.92657,-79.10023,647,13612.840603899578
21326,35.92575,-79.1002,648,13704.401051260309
21326,35.92522,-79.10017,649,13763.616841641751
21326,35.9248,-79.10015,650,13810.528057997859
21326,35.92441,-79.10012,651,13854.140951998565
21326,35.924227,-79.100242,652,13877.375037237749
21326,35.924111,-79.100097,653,13895.838137811905
21326,35.92369,-79.10006,654,13942.945723244942
21326,35.92279,-79.09997,655,14043.726197245063
21326,35.92278,-79.09997,656,14044.842294448918
21326,35.92249,-79.09994,657,14077.32349318087
21326,35.92234,-79.09993,658,14094.08954793783
21326,35.92208,-79.09989,659,14123.334401467728
21326,35.92186,-79.09987,660,14147.95558132297
21326,35.92169,-79.09985,661,14167.01591290857
21326,35.9214,-79.09982,662,14199.497120747914
21326,35.92129,-79.09981,663,14211.8077124243
21326,35.9212,-79.0998,664,14221.893530701156
21326,35.92115,-79.0998,665,14227.474018165467
21326,35.92109,-79.0998,666,14234.170603119912
21326,35.921,-79.09979,667,14244.25642175054
21326,35.92088,-79.09978,668,14257.680325203273
21326,35.92072,-79.09975,669,14275.744380277927
21326,35.92045,-79.09968,670,14306.541803517937
21326,35.91983,-79.0995,671,14377.643216866836
21326,35.9197,-79.09946,672,14392.60003025664
21326,35.91952,-79.09941,673,14413.19623911692
21326,35.91939,-79.09939,674,14427.818685345484
21326,35.918711,-79.09891,675,14515.237639295141
21326,35.918629,-79.09893,676,14524.568031916788
21326,35.918623,-79.098849,677,14531.952200445252
21326,35.91834,-79.09862,678,14569.766024660918
21326,35.91784,-79.09828,679,14633.5391963134
21326,35.91757,-79.09809,680,14668.261726339842
21326,35.91726,-79.09788,681,14707.766097289219
21326,35.91719,-79.09783,682,14716.8018510724
21326,35.91712,-79.09777,683,14726.326123238561
21326,35.91701,-79.09769,684,14740.590774572926
21326,35.91698,-79.09767,685,14744.399736767133
21326,35.91649,-79.09734,686,14806.757685792176
21326,35.9163,-79.09721,687,14831.026897992133
21326,35.915951,-79.096973,688,14875.526873072262
21326,35.915889,-79.097028,689,14884.060268430132
21326,35.91587,-79.09691,690,14894.981392695458
21326,35.91562,-79.09672,691,14927.785704913582
21326,35.91523,-79.09644,692,14978.193440523763
21326,35.914362,-79.095782,693,15092.010385109312
21326,35.914285,-79.095784,694,15100.606308287626
21326,35.914263,-79.095709,695,15107.844918945764
21326,35.91404,-79.09554,696,15137.08369110805
21326,35.91369,-79.09528,697,15182.726019732892
21326,35.91361,-79.09521,698,15193.68580730879
21326,35.91245,-79.09433,699,15345.823421691413
21326,35.91211,-79.094087,700,15389.71883754924
21326,35.912023,-79.094109,701,15399.63229874844
21326,35.912003,-79.094015,702,15408.454137101657
21326,35.91179,-79.09389,703,15434.797439356116
21326,35.91163,-79.09381,704,15454.075900440039
21326,35.91148,-79.09375,705,15471.681577403375
21326,35.91139,-79.09371,706,15482.36295134274
21326,35.91129,-79.09367,707,15494.10007405779
21326,35.91118,-79.09363,708,15506.903189100645
21326,35.910473,-79.093385,709,15588.887695336369
21326,35.910388,-79.093414,710,15598.73325505114
21326,35.91032,-79.09334,711,15608.869628350158
21326,35.90996,-79.09322,712,15650.500657041111
21326,35.90954,-79.09307,713,15699.315722339974
21326,35.90847,-79.09268,714,15823.878991436542
21326,35.90742,-79.09232,715,15945.544011806227
21326,35.907271,-79.09227,716,15962.782647188813
21326,35.907205,-79.092302,717,15970.70132965689
21326,35.907173,-79.092239,718,15977.44519910954
21326,35.905594,-79.091734,719,16159.547078521457
21326,35.905355,-79.09172,720,16186.252421743595
21326,35.90529,-79.091632,721,16197.045116668445
21326,35.903714,-79.091155,722,16378.198737981804
21326,35.903088,-79.090989,723,16449.674940718753
21326,35.902977,-79.091017,724,16462.32200984488
21326,35.90299,-79.09095,725,16468.57664469076
21326,35.90288,-79.09091,726,16481.379923320947
21326,35.90255,-79.09073,727,16521.675598245827
21326,35.90248,-79.09067,728,16531.20055839699
21326,35.90237,-79.09058,729,16545.949203337877
21326,35.9022,-79.09039,730,16571.594629364197
21326,35.90195,-79.09007,731,16611.88056603397
21326,35.90168,-79.08974,732,16654.379004339564
21326,35.90151,-79.08995,733,16681.279990971027
21326,35.90176,-79.09027,734,16721.566052750157
21326,35.90177,-79.09029,735,16723.69774787787
21326,35.9018,-79.09032,736,16728.01432321992
21326,35.9018,-79.09034,737,16729.830475675
21326,35.90181,-79.09035,738,16731.269333883894
21326,35.90181,-79.09039,739,16734.901638103445
21326,35.9018,-79.09041,740,16737.033332036037
21326,35.90179,-79.09044,741,16739.97733117934
21326,35.90178,-79.09046,742,16742.10902533513
21326,35.90177,-79.09046,743,16743.22513921731
21326,35.90176,-79.09047,744,16744.663997441687
21326,35.90174,-79.09048,745,16747.073861267865
21326,35.90172,-79.09048,746,16749.306088959856
21326,35.90169,-79.09047,747,16752.775382157433
21326,35.90166,-79.09045,748,16756.5845566961
21326,35.90156,-79.09033,749,16772.183093502656
21326,35.901507,-79.090337,750,16778.132553252166
21332,35.899269,-79.038231,0,0
21332,35.89934,-79.03831,1,10.690272957148153
21332,35.8994,-79.03823,2,20.571548099789382
21332,35.89942,-79.03822,3,22.981622653902956
21332,35.89942,-79.03821,4,23.889801795510675
21332,35.89943,-79.03821,5,25.006008549067573
21332,35.89945,-79.03821,6,27.238422053232455
21332,35.89946,-79.03821,7,28.354628806122893
21332,35.89949,-79.03822,8,31.824217493271536
21332,35.89952,-79.03825,9,36.141200749481136
21332,35.89956,-79.03829,10,41.89717707769031
21332,35.89995,-79.03875,11,102.23187977604061
21332,35.89999,-79.0388,12,108.60008614786403
21332,35.90007,-79.03891,13,121.99920230808613
21332,35.90008,-79.03891,14,123.11540781576372
21332,35.900251,-79.039092,15,148.36447062420274
21332,35.9003,-79.03937,16,174.1971751444891
21332,35.90036,-79.03948,17,186.22421421672618
21332,35.90045,-79.03967,18,206.19066281988714
21332,35.90054,-79.03986,19,226.15708826516192
21332,35.90058,-79.03993,20,233.92547681250977
21332,35.90059,-79.03997,21,237.72574987942122
21332,35.90059,-79.04003,22,243.17472796681818
21332,35.90059,-79.04007,23,246.80737973564055
21332,35.90059,-79.0401,24,249.53186840869122
21332,35.9006,-79.04012,25,251.6637569224251
21332,35.90068,-79.04028,26,268.71885547969345
21332,35.90068,-79.04029,27,269.6270170396963
21332,35.90063,-79.04035,28,277.42695362737027
21332,35.90057,-79.04045,29,288.7109509952637
21332,35.900583,-79.040656,30,307.47528595441247
21332,35.90044,-79.04071,31,324.1733595074549
21332,35.90039,-79.04086,32,338.89474047046417
21332,35.90035,-79.04102,33,354.0958467299337
21332,35.90032,-79.04121,34,371.67288884614425
21332,35.90031,-79.04141,35,389.87043979658444
21332,35.9003,-79.04163,36,409.88120525851656
21332,35.9003,-79.04175,37,420.77917227934114
21332,35.9003,-79.04184,38,428.95264617466677
21332,35.90031,-79.04227,39,468.01961839529935
21332,35.90032,-79.0425,40,488.9371638150035
21332,35.900333,-79.042806,41,516.7647857348493
21332,35.900334,-79.042845,42,520.3083754801482
21332,35.900337,-79.042945,43,529.3961644930758
21332,35.900346,-79.043058,44,539.7074421555574
21332,35.900349,-79.043094,45,542.9939269412055
21332,35.900431,-79.043163,46,554.0863032549207
21332,35.900366,-79.043231,47,563.6139408648619
21332,35.90043,-79.04346,48,585.6035261795926
21332,35.900497,-79.043574,49,598.3751058993411
21332,35.900545,-79.043641,50,606.4824212679409
21332,35.900597,-79.043708,51,614.8914690371461
21332,35.900633,-79.043744,52,620.0717743378824
21332,35.900697,-79.043812,53,629.5146683007587
21332,35.900767,-79.043862,54,638.5516775267165
21332,35.900818,-79.04391,55,645.7216053672245
21332,35.900906,-79.043962,56,656.6203743708904
21332,35.901021,-79.044003,57,669.9857573949897
21332,35.901126,-79.04402,58,681.8070669175595
21332,35.901292,-79.043929,59,702.0953677072338
21332,35.901397,-79.043999,60,715.428478289388
21332,35.901488,-79.044,61,725.5862718618431
21332,35.901552,-79.044,62,732.7299290761259
21332,35.901656,-79.044006,63,744.3511531609197
21332,35.90174,-79.04402,64,753.8130121335021
21332,35.901872,-79.044058,65,768.9455480261391
21332,35.902137,-79.044143,66,799.5153880119085
21332,35.90222,-79.044163,67,808.9561768094894
21332,35.902258,-79.044171,68,813.2594923030549
21332,35.902394,-79.044204,69,828.73274757314
21332,35.902755,-79.04425,70,869.2433857403155
21332,35.902991,-79.044277,71,895.6994793732644
21332,35.903131,-79.0443,72,911.4651936051599
21332,35.9034,-79.044328,73,941.5983383607843
21332,35.903483,-79.044335,74,950.8845474749334
21332,35.90367,-79.04435,75,971.8018111540459
21332,35.90384,-79.0443,76,991.3128386873566
21332,35.90392,-79.04427,77,1000.648752846847
21332,35.90405,-79.04425,78,1015.2725248960514
21332,35.904113,-79.044186,79,1024.3954756429591
21332,35.90425,-79.04425,80,1040.7545833690308
21332,35.90427,-79.04426,81,1043.1646136090803
21332,35.90434,-79.04428,82,1051.1863005901046
21332,35.90442,-79.04431,83,1060.5222095638223
21332,35.90448,-79.04435,84,1068.141056995649
21332,35.90456,-79.0444,85,1078.158731516967
21332,35.90459,-79.04444,86,1083.0991434819136
21332,35.90462,-79.04447,87,1087.4159721754936
21332,35.90486,-79.04488,88,1133.2841315969324
21332,35.90492,-79.04497,89,1143.8505531624069
21332,35.905,-79.04508,90,1157.2490695711238
21332,35.90507,-79.04518,91,1169.2287993185955
21332,35.90516,-79.04525,92,1181.1168174783913
21332,35.90523,-79.0453,93,1190.153676353345
21332,35.90533,-79.04535,94,1202.2037847834679
21332,35.90534,-79.04535,95,1203.319978837511
21332,35.9055,-79.04539,96,1221.5447399290638
21332,35.90556,-79.04539,97,1228.2419038291266
21332,35.90564,-79.04538,98,1237.2175117982645
21332,35.90567,-79.04537,99,1240.687042180658
21332,35.90576,-79.04535,100,1250.895645042138
21332,35.90579,-79.04534,101,1254.365175228512
21332,35.90584,-79.04532,102,1260.2342276271286
21332,35.90594,-79.04525,103,1273.0793062787477
21332,35.906,-79.04521,104,1280.6981092508931
21332,35.90611,-79.0451,105,1296.5263469932702
21332,35.90612,-79.04507,106,1299.4704198789598
21332,35.90616,-79.04501,107,1306.514632502752
21332,35.90619,-79.04495,108,1312.9099182698817
21332,35.90632,-79.04469,109,1340.6228098321517
21332,35.906294,-79.044524,110,1355.9739224778994
21332,35.90644,-79.04439,111,1376.3121746291256
21332,35.90655,-79.04406,112,1408.696886542196
21332,35.90657,-79.04393,113,1420.7112548215703
21332,35.90662,-79.04368,114,1444.0893915339532
21332,35.90667,-79.04328,115,1480.8391565626462
21332,35.90668,-79.04327,116,1482.27808705886
21332,35.90673,-79.04271,117,1533.4363441869268
21332,35.90674,-79.04259,118,1544.3904185683477
21332,35.90676,-79.04248,119,1554.625803040437
21332,35.90679,-79.04232,120,1569.5360943554942
21332,35.90679,-79.04229,121,1572.2603581342617
21332,35.90684,-79.04213,122,1587.8247769617788
21332,35.90691,-79.042,123,1601.9814155834479
21332,35.90696,-79.04193,124,1610.4403765761815
21332,35.9071,-79.04178,125,1631.170462556528
21332,35.90722,-79.0417,126,1646.4081009495353
21332,35.90726,-79.04168,127,1651.228155235326
21332,35.90733,-79.04164,128,1659.8446003089316
21332,35.90747,-79.04161,129,1675.7070937903204
21332,35.90801,-79.04157,130,1736.0912820813464
21332,35.90802,-79.04157,131,1737.207482886214
21332,35.9082,-79.04156,132,1757.3196079994634
21332,35.90837,-79.04156,133,1776.295021991194
21332,35.90866,-79.04155,134,1808.6775806518215
21332,35.90873,-79.04155,135,1816.490986552544
21332,35.90891,-79.04154,136,1836.6031120030384
21332,35.90895,-79.04153,137,1841.1593221442413
21332,35.90901,-79.04152,138,1847.9178085852948
21332,35.90905,-79.04151,139,1852.4740186444717
21332,35.90918,-79.04148,140,1867.2381325884478
21332,35.909276,-79.041366,141,1882.1372709883494
21332,35.90935,-79.04145,142,1893.380385507197
21332,35.90954,-79.04144,143,1914.607636484142
21332,35.90972,-79.04143,144,1934.7197651170711
21332,35.90976,-79.04143,145,1939.1845693652474
21332,35.90999,-79.04142,146,1964.8732481450131
21332,35.91006,-79.04141,147,1972.739244382771
21332,35.91011,-79.04139,148,1978.60830312834
21332,35.9102,-79.04136,149,1989.016920055179
21332,35.91025,-79.04134,150,1994.8859782697498
21332,35.9105,-79.04122,151,2024.843051420017
21332,35.91068,-79.04144,152,2053.1759605398584
21332,35.91077,-79.04155,153,2067.342399254269
21332,35.91084,-79.04164,154,2078.6489079301173
21332,35.91094,-79.04177,155,2094.8950606677377
21332,35.91089,-79.042,156,2116.512836281538
21332,35.91085,-79.04221,157,2136.0974192860804
21332,35.91079,-79.04248,158,2161.5127941496926
21332,35.91072,-79.04285,159,2196.0069027292657
21332,35.910745,-79.042884,160,2200.1684582264716
21332,35.9107,-79.04294,161,2207.3159759518644
21332,35.91068,-79.04304,162,2216.6667825998647
21332,35.91058,-79.0433,163,2242.781515938766
21332,35.91045,-79.04397,164,2305.3268990990628
21332,35.91043,-79.0441,165,2317.340693040584
21332,35.91029,-79.04484,166,2386.329040898483
21332,35.91026,-79.04498,167,2399.4752783481654
21332,35.91023,-79.04512,168,2412.621517561559
21332,35.91019,-79.04532,169,2431.323172172863
21332,35.91017,-79.04544,170,2442.4460288362825
21332,35.91012,-79.04566,171,2463.187938274111
21332,35.910163,-79.045941,172,2489.1514641342324
21332,35.91006,-79.04603,173,2503.2045158846317
21332,35.90996,-79.04663,174,2558.8188305193703
21332,35.91005,-79.04667,175,2569.501027056153
21332,35.91037,-79.04671,176,2605.403363343478
21332,35.9104,-79.04671,177,2608.7519383151493
21332,35.91065,-79.04674,178,2636.789380254273
21332,35.91083,-79.04676,179,2656.9627394677077
21332,35.91097,-79.04678,180,2672.6945951916146
21332,35.911037,-79.046704,181,2682.8706549813724
21332,35.91108,-79.0468,182,2692.8217534248042
21332,35.91111,-79.04681,183,2696.291259495585
21332,35.91115,-79.04682,184,2700.8474262075665
21332,35.91127,-79.04686,185,2714.725448329823
21332,35.91132,-79.04688,186,2720.5944471949238
21332,35.91136,-79.0469,187,2725.414425795793
21332,35.91138,-79.0469,188,2727.646808444054
21332,35.91153,-79.04698,189,2745.8976307647554
21332,35.91173,-79.04709,190,2770.3540954608366
21332,35.91188,-79.04717,191,2788.604899374791
21332,35.91209,-79.04728,192,2814.08427446411
21332,35.91228,-79.04738,193,2837.154013985778
21332,35.91231,-79.0474,194,2840.963332636341
21332,35.912483,-79.047392,195,2860.2870857142307
21332,35.91258,-79.04755,196,2878.2606902942607
21332,35.91278,-79.04766,197,2902.717078253913
21332,35.91319,-79.04789,198,2953.0208858665083
21332,35.91315,-79.04799,199,2963.1392621369027
21332,35.91277,-79.04894,200,3059.263963384495
21332,35.91275,-79.049,201,3065.1516457080606
21332,35.91262,-79.04933,202,3098.4444875047398
21332,35.91245,-79.04977,203,3142.674092108161
21332,35.912369,-79.050132,204,3176.7648577245145
21332,35.9123,-79.05018,205,3185.6142670706718
21332,35.91226,-79.05027,206,3194.9264849033784
21332,35.91225,-79.05031,207,3198.7261788928695
21332,35.91219,-79.05045,208,3213.0945817122915
21332,35.91215,-79.05055,209,3223.2130205139692
21332,35.91206,-79.05079,210,3247.209302079535
21332,35.91205,-79.05081,211,3249.3409282717516
21332,35.91199,-79.05097,212,3265.3384579955687
21332,35.91196,-79.05104,213,3272.5226698011297
21332,35.91192,-79.05117,214,3285.1430127747
21332,35.91183,-79.05139,215,3307.503017689214
21332,35.91181,-79.05146,216,3314.2397575783284
21332,35.91178,-79.05154,217,3322.238533575721
21332,35.9117,-79.05174,218,3342.475463694286
21332,35.91166,-79.05185,219,3353.4161138199465
21332,35.91165,-79.05187,220,3355.547744294673
21332,35.9115,-79.05225,221,3393.899972088308
21332,35.91146,-79.05237,222,3405.675438491616
21332,35.9113,-79.05277,223,3446.1493882454342
21332,35.91123,-79.05296,224,3465.0885611864182
21332,35.91115,-79.05315,225,3484.5148449868248
21332,35.91115,-79.05316,226,3485.4228667333437
21332,35.91111,-79.05326,227,3495.5413698072043
21332,35.911098,-79.05344,228,3511.940556163506
21332,35.91102,-79.05349,229,3521.759443726144
21332,35.91099,-79.05358,230,3530.591072055642
21332,35.91096,-79.05365,231,3537.7753256291317
21332,35.91091,-79.05379,232,3551.658757399232
21332,35.91087,-79.05392,233,3564.279192781352
21332,35.91075,-79.05422,234,3594.6347600727736
21332,35.91071,-79.05431,235,3603.9470595756516
21332,35.91049,-79.05487,236,3660.4152805145422
21332,35.91025,-79.05547,237,3721.1265827828006
21332,35.90997,-79.05532,238,3755.2185573222155
21332,35.90957,-79.05509,239,3804.508869920681
21332,35.90952,-79.05506,240,3810.719107728498
21332,35.90937,-79.05498,241,3828.9697687656017
21332,35.90914,-79.05485,242,3857.2257826461573
21332,35.908924,-79.054815,243,3881.543783035094
21332,35.90882,-79.05468,244,3898.4264682688095
21332,35.90872,-79.05466,245,3909.7350231750197
21332,35.90858,-79.05465,246,3925.387869136644
21332,35.90837,-79.05464,247,3948.8451793017052
21332,35.90821,-79.05464,248,3966.7040197360693
21332,35.90789,-79.05467,249,4002.525434345015
21332,35.90763,-79.05469,250,4031.6028191456676
21332,35.90748,-79.05472,251,4048.5656572232415
21332,35.90735,-79.05474,252,4063.189175371644
21332,35.90733,-79.05474,253,4065.421530059196
21332,35.90716,-79.05478,254,4084.741065933257
21332,35.90705,-79.05479,255,4097.052549906455
21332,35.90689,-79.05487,256,4116.332372204919
21332,35.90669,-79.05485,257,4138.72966923875
21332,35.90647,-79.05487,258,4163.352635072394
21332,35.90627,-79.05491,259,4185.969754515207
21332,35.90606,-79.05494,260,4209.567249578663
21332,35.90604,-79.05494,261,4211.799603540341
21332,35.90552,-79.05499,262,4270.01812513268
21332,35.90526,-79.05501,263,4299.095498177639
21332,35.90508,-79.05503,264,4319.268602334514
21332,35.90492,-79.05495,265,4338.548488286989
21332,35.90489,-79.05493,266,4342.3578425029145
21332,35.90482,-79.05487,267,4351.883252313663
21332,35.90478,-79.05483,268,4357.638922752706
21332,35.90472,-79.05476,269,4366.87243285311
21332,35.90456,-79.05456,270,4392.343842152129
21332,35.90436,-79.05429,271,4425.502616892617
21332,35.90425,-79.05411,272,4445.946031047185
21332,35.90424,-79.0541,273,4447.384954415425
21332,35.9042,-79.05404,274,4454.429168649697
21332,35.9042,-79.05402,275,4456.245370463064
21332,35.90416,-79.05395,276,4464.013344408821
21332,35.90415,-79.05392,277,4466.957438682608
21332,35.90413,-79.05384,278,4474.557501273853
21332,35.90412,-79.05382,279,4476.689273512156
21332,35.90404,-79.05356,280,4501.932067313356
21332,35.90399,-79.05342,281,4515.816530666788
21332,35.90389,-79.05312,282,4545.257573695115
21332,35.90384,-79.053,283,4557.500818717173
21332,35.90382,-79.05292,284,4565.100919888032
21332,35.90379,-79.05284,285,4573.100350006985
21332,35.90374,-79.05265,286,4591.23453523472
21332,35.90366,-79.05243,287,4613.117664150841
21332,35.9034,-79.05164,288,4690.505953024258
21332,35.90333,-79.05143,289,4711.1148694575795
21332,35.903199,-79.051357,290,4727.169457010172
21332,35.90319,-79.05095,291,4764.143456306201
21332,35.90312,-79.05075,292,4783.915116075161
21332,35.90306,-79.05056,293,4802.423507033465
21332,35.90301,-79.05041,294,4817.1442392851595
21332,35.90299,-79.05026,295,4830.947752297235
21332,35.90298,-79.05017,296,4839.196702461295
21332,35.90297,-79.05008,297,4847.445654841667
21332,35.90296,-79.05001,298,4853.89975210714
21332,35.90295,-79.04989,299,4864.854221021203
21332,35.90294,-79.0498,300,4873.103180182059
21332,35.90294,-79.0496,301,4891.265615349862
21332,35.90293,-79.04945,302,4904.933100621934
21332,35.90293,-79.04944,303,4905.841222864677
21332,35.90294,-79.04925,304,4923.1316126696365
21332,35.90295,-79.04904,305,4942.23482217072
21332,35.902843,-79.048947,306,4956.862448267525
21332,35.90296,-79.04885,307,4972.614995049394
21332,35.903,-79.04859,308,4996.64460872108
21332,35.90304,-79.04834,309,5019.782525943673
21332,35.90307,-79.04823,310,5030.318177596092
21332,35.90309,-79.04812,311,5040.553925819103
21332,35.90309,-79.04811,312,5041.462048138496
21332,35.90314,-79.04791,313,5060.462609260441
21332,35.90314,-79.0479,314,5061.370731305964
21332,35.90329,-79.04744,315,5106.374684305
21332,35.90344,-79.04697,316,5152.222777160065
21332,35.90347,-79.0469,317,5159.407646192447
21332,35.90349,-79.04684,318,5165.295944466459
21332,35.90353,-79.04673,319,5176.237631458456
21332,35.903472,-79.046632,320,5187.242808577379
21332,35.90366,-79.04639,321,5217.6288454229025
21332,35.90374,-79.04607,322,5248.029622531569
21332,35.90378,-79.04586,323,5267.615767227763
21332,35.90379,-79.04583,324,5270.559911385959
21332,35.90381,-79.04562,325,5289.76059719497
21332,35.90383,-79.04541,326,5308.961284614325
21332,35.90382,-79.0453,327,5319.01274834045
21332,35.90382,-79.04519,328,5329.002046695214
21332,35.90381,-79.04505,329,5341.764606544746
21332,35.9038,-79.045,330,5346.440381542268
21332,35.9038,-79.04494,331,5351.889093517856
21332,35.90377,-79.04474,332,5370.357582513764
21332,35.90373,-79.04456,333,5387.302524067045
21332,35.90372,-79.04451,334,5391.978307218578
21332,35.903701,-79.044425,335,5399.983368010302
21332,35.903661,-79.044393,336,5405.310566630886
21332,35.903475,-79.044386,337,5426.081537396025
21332,35.903351,-79.044457,338,5441.350494759246
21332,35.903201,-79.044365,339,5460.062197720051
21332,35.90303,-79.044344,340,5479.244181679729
21332,35.902768,-79.044315,341,5508.606856187575
21332,35.902383,-79.04426,342,5551.869690370574
21332,35.902237,-79.044238,343,5568.2881638175395
21332,35.902174,-79.044209,344,5575.797183091343
21332,35.90206,-79.044183,345,5588.739031265237
21332,35.901833,-79.044111,346,5614.906763142232
21332,35.901764,-79.044093,347,5622.780080290658
21332,35.901595,-79.044156,348,5642.492339706424
21332,35.901535,-79.04406,349,5653.485937288796
21332,35.901472,-79.044057,350,5660.523249904408
21332,35.901421,-79.04406,351,5666.222366982626
21332,35.9013,-79.044093,352,5680.056842446683
21332,35.901113,-79.044073,353,5701.008588760723
21332,35.901001,-79.044049,354,5713.698564089011
21332,35.90087,-79.043994,355,5729.150307998596
21332,35.900793,-79.043943,356,5738.913539877977
21332,35.900755,-79.043909,357,5744.159946521596
21332,35.900671,-79.043839,358,5755.487919262947
21332,35.900596,-79.043763,359,5766.337763465355
21332,35.900544,-79.0437,360,5774.487816782167
21332,35.90051,-79.043651,361,5780.336307487006
21332,35.900463,-79.043571,362,5789.297669972841
21332,35.900333,-79.043456,363,5807.175877994818
21332,35.900366,-79.043369,364,5815.893309229906
21332,35.900346,-79.043278,365,5824.453779515274
21332,35.900309,-79.043076,366,5843.257775670518
21332,35.900303,-79.042951,367,5854.629537846029
21332,35.900305,-79.042849,368,5863.895481031593
21332,35.900306,-79.04276,369,5871.978895639829
21332,35.900298,-79.042484,370,5897.060082778841
21332,35.900293,-79.042249,371,5918.409209075625
21332,35.90028,-79.04181,372,5958.30398817361
21332,35.900282,-79.041725,373,5966.026609701426
21332,35.900283,-79.041634,374,5974.291657092371
21332,35.90009,-79.04163,375,5995.837392309256
21332,35.89992,-79.04165,376,6014.899535139904
21332,35.89987,-79.04165,377,6020.4805382414725
21332,35.89983,-79.04165,378,6024.945340721947
21332,35.89977,-79.04166,379,6031.703839760032
21332,35.89979,-79.04149,380,6047.303294699798
21332,35.8998,-79.0414,381,6055.552689495852
21332,35.89982,-79.0413,382,6064.904743262876
21332,35.89985,-79.04123,383,6072.08993674129
21332,35.89996,-79.04092,384,6102.804105623157
21332,35.89999,-79.04082,385,6112.483477073896
21332,35.9,-79.0408,386,6114.615375027633
21332,35.90003,-79.04066,387,6127.7633075939375
21332,35.90004,-79.0406,388,6133.3254681655035
21332,35.90005,-79.04053,389,6139.779896056878
21332,35.90004,-79.04045,390,6147.130488060157
21332,35.90004,-79.04038,391,6153.487669496725
21332,35.90004,-79.04037,392,6154.395838331591
21332,35.90003,-79.04029,393,6161.746433128472
21332,35.89998,-79.04017,394,6173.990405895002
21332,35.89995,-79.0401,395,6181.175603037729
21332,35.89986,-79.0399,396,6201.932012297563
21332,35.89981,-79.0398,397,6212.59153420446
21332,35.89976,-79.03968,398,6224.835543743455
21332,35.89959,-79.03936,399,6259.543524763371
21332,35.89958,-79.03933,400,6262.487834392225
21332,35.89954,-79.03928,401,6268.85605227837
21332,35.89933,-79.03902,402,6302.127717403737
21332,35.89916,-79.03882,403,6328.3952984705675
21332,35.89911,-79.03876,404,6336.195327829499
21332,35.8991,-79.03874,405,6338.32725034949
21332,35.89909,-79.03873,406,6339.766246610695
21332,35.89909,-79.03871,407,6341.582611067436
21332,35.89908,-79.03867,408,6345.38295814498
21332,35.89909,-79.03863,409,6349.183305462739
21332,35.89909,-79.03861,410,6350.999670208622
21332,35.89911,-79.03859,411,6353.877663273871
21332,35.8992,-79.03848,412,6368.045207066743
21332,35.89931,-79.03834,413,6385.720478346688
21332,35.899269,-79.038231,414,6392.014156635144
21396,35.903566,-79.051805,0,0
21396,35.903671,-79.052381,1,53.60406192923982
21396,35.903895,-79.053088,2,122.5038044101689
21396,35.904184,-79.053961,3,208.09272700102406
21396,35.904564,-79.054521,4,274.31276546361835
21396,35.905524,-79.053281,5,429.7518528572216
21396,35.906158,-79.053033,6,504.0147154785306
21396,35.907186,-79.052809,7,620.5470707937753
21396,35.907807,-79.052752,8,690.054885158684
21396,35.908324,-79.052827,9,748.1619221428665
21396,35.908551,-79.052613,10,780.0930260774711
21396,35.908666,-79.052098,11,828.5873741558536
21396,35.908681,-79.051698,12,864.9480307361514
21396,35.908608,-79.051503,13,884.4398531927401
21396,35.908668,-79.051363,14,898.8087452989239
21396,35.908636,-79.050845,15,945.9813408199482
21396,35.908625,-79.050512,16,976.244472172682
21396,35.908712,-79.049928,17,1030.1566481578548
21396,35.909352,-79.04839,18,1187.024650323054
21396,35.909636,-79.047811,19,1248.4177328370995
21396,35.909663,-79.047501,20,1276.728058314576
21396,35.909806,-79.047365,21,1296.9092040651096
21396,35.910169,-79.045409,22,1479.085717900137
21396,35.910131,-79.045229,23,1495.9719034579146
21396,35.910232,-79.045109,24,1511.650796660047
21396,35.910581,-79.042622,25,1740.8165125379523
21396,35.910941,-79.041128,26,1882.3041448156996
21396,35.911056,-79.040228,27,1965.0298441587092
21396,35.911057,-79.038676,28,2105.9581132107446
21396,35.911041,-79.037982,29,2169.001696131935
21396,35.910871,-79.037316,30,2232.384695950401
21396,35.910221,-79.035229,31,2435.309168791447
21396,35.909711,-79.032289,32,2708.281743617109
21396,35.909311,-79.030265,33,2897.421099195396
21396,35.908849,-79.027943,34,3114.4920500361327
21396,35.907746,-79.023192,35,3563.1516450858835
21396,35.9077,-79.022686,36,3609.387766540944
21396,35.907427,-79.021804,37,3695.084020289707
21396,35.906529,-79.019783,38,3904.2038726490755
21396,35.905809,-79.018011,39,4084.077817687267
21396,35.905146,-79.016505,40,4239.58319016075
21396,35.90349,-79.012607,41,4638.939554979321
21396,35.902699,-79.01074,42,4830.108260585414
21396,35.902278,-79.01098,43,4881.911283563539
21396,35.901898,-79.011125,44,4926.326107624184
21396,35.90131,-79.011303,45,4993.923383592933
21396,35.900608,-79.011213,46,5072.709627895521
21396,35.900627,-79.012081,47,5151.5702517748205
21396,35.901559,-79.012098,48,5255.6165269575395
21396,35.901631,-79.012132,49,5264.226323335643
21396,35.901669,-79.012181,50,5270.374190343638
21396,35.901668,-79.01227,51,5278.457860109311
21396,35.901647,-79.01234,52,5285.233601982649
21396,35.901608,-79.012366,53,5290.1861466059
21396,35.901532,-79.012348,54,5298.825738318182
21396,35.901417,-79.012289,55,5312.736095806738
21961,35.896321,-79.012302,0,0
21961,35.89639,-79.01229,1,7.778877846557778
21961,35.89639,-79.0122,2,15.953145459646384
21961,35.8964,-79.0121,3,25.104003221390666
21961,35.89643,-79.012,4,34.784207619489976
21961,35.89646,-79.01193,5,41.96998095108624
21961,35.89697,-79.01194,6,98.90616366728213
21961,35.89699,-79.01194,7,101.13867102673433
21961,35.89706,-79.01195,8,109.00505517987746
21961,35.89712,-79.01199,9,116.62445934484064
21961,35.89717,-79.01204,10,123.81981954629815
21961,35.89731,-79.01218,11,143.9668153316282
21961,35.89747,-79.01196,12,170.76669747464672
21961,35.89763,-79.01177,13,195.6015529045275
21961,35.89776,-79.01164,14,214.30944649961293
21961,35.89794,-79.01147,15,239.64925161018326
21961,35.89816,-79.01133,16,267.3034387324665
21961,35.89835,-79.01123,17,290.3751420444752
21961,35.89856,-79.01116,18,314.66333485148726
21961,35.89879,-79.01113,19,340.4813781543476
21961,35.89891,-79.01105,20,355.720130348681
21961,35.89919,-79.01106,21,386.98847087059164
21961,35.900619,-79.011067,22,546.502614217201
21961,35.90063,-79.01106,23,547.88531473938
21961,35.900621,-79.011219,24,562.3606712500496
21961,35.900616,-79.011485,25,586.5253526390152
21961,35.900612,-79.011656,26,602.0620592690435
21961,35.900611,-79.011681,27,604.3353114041415
21961,35.900611,-79.011877,28,622.1361056893276
21961,35.900615,-79.011961,29,629.7780707711363
21961,35.900605,-79.012068,30,639.5597481305011
21961,35.900666,-79.012071,31,646.3743431824668
21961,35.900777,-79.012084,32,658.8208810611134
21961,35.900888,-79.012086,33,671.2126255027608
21961,35.900998,-79.01209,34,683.4967860365863
21961,35.901129,-79.012096,35,698.1298554416613
21961,35.901217,-79.01211,36,708.0348323425795
21961,35.901603,-79.012122,37,751.135993493627
21961,35.901673,-79.012213,38,762.509545713682
21961,35.901667,-79.012305,39,770.8917015350263
21961,35.901643,-79.012354,40,776.0860046634772
21961,35.901595,-79.012364,41,781.5204436344975
21961,35.901535,-79.012354,42,788.2792568143493
21961,35.901456,-79.012307,43,798.0764144719284
21961,35.901417,-79.012289,44,802.7266165681856
21961,35.90129,-79.012174,45,820.3349339724573
21961,35.901239,-79.01213,46,827.2903291432664
21961,35.901062,-79.012109,47,847.1398522974062
21961,35.900582,-79.012122,48,900.7330210945287
21961,35.900574,-79.011502,49,957.0487574352001
21961,35.900603,-79.011038,50,999.3136111854328
21961,35.901098,-79.01094,51,1055.280496525139
21961,35.90117,-79.01102,52,1066.1148313537662
21961,35.90127,-79.01102,53,1077.2773847645728
21961,35.90146,-79.011,54,1098.563875250199
21961,35.9016,-79.011,55,1114.1914505429456
21961,35.90171,-79.01099,56,1126.503800890732
21961,35.90178,-79.01097,57,1134.5259284731708
21961,35.90185,-79.01096,58,1142.3923187057057
21961,35.90199,-79.01092,59,1158.4365730726101
21961,35.90211,-79.01087,60,1172.5804045936848
21961,35.90213,-79.01086,61,1174.9905729003242
21961,35.90229,-79.01078,62,1194.2719176130656
21961,35.90253,-79.01062,63,1224.749127037826
21961,35.90264,-79.01055,64,1238.576069916509
21961,35.90282,-79.01044,65,1261.0151664407992
21961,35.90288,-79.01058,66,1275.3858285991428
21961,35.90296,-79.01078,67,1295.6259162697436
21961,35.90334,-79.01167,68,1386.907679606464
21961,35.90354,-79.01212,69,1433.4756628518878
21961,35.9037,-79.01251,70,1473.1424710908816
21961,35.90395,-79.0131,71,1533.5557540968023
21961,35.90399,-79.01319,72,1542.869283641247
21961,35.90401,-79.01323,73,1547.133109935239
21961,35.90403,-79.01329,74,1553.0216900704668
21961,35.90462,-79.0147,75,1697.0155572800415
21961,35.90495,-79.01548,76,1776.8567018693097
21961,35.90522,-79.01611,77,1841.5226921018466
21961,35.9053,-79.0163,78,1860.9512781538795
21961,35.90563,-79.01707,79,1939.9870761461955
21961,35.90582,-79.01752,80,1986.0288857894914
21961,35.90612,-79.01821,81,2057.0769059489753
21961,35.90637,-79.0188,82,2117.488171701104
21961,35.90642,-79.01891,83,2128.9309783038484
21961,35.906601,-79.019153,84,2158.850401140097
21961,35.90688,-79.01998,85,2240.153232262773
21961,35.90701,-79.02027,86,2270.221940727731
21961,35.90715,-79.02061,87,2304.827407377294
21961,35.9073,-79.02098,88,2342.368345565313
21961,35.9074,-79.02122,89,2366.855224728489
21961,35.90745,-79.02136,90,2380.739896628727
21961,35.90748,-79.02143,91,2387.924771627485
21961,35.90753,-79.02158,92,2402.645467708139
21961,35.90755,-79.02162,93,2406.909097089639
21961,35.90759,-79.02177,94,2421.2438312357526
21961,35.90762,-79.02184,95,2428.4286914829545
21961,35.90762,-79.02185,96,2429.336799511192
21961,35.90771,-79.02215,97,2458.373285346688
21961,35.907803,-79.022324,98,2477.279312332539
21961,35.90778,-79.02242,99,2486.367296733405
21961,35.90788,-79.02286,100,2527.8537702201083
21961,35.90794,-79.0231,101,2550.654082730762
21961,35.9081,-79.02383,102,2619.3091371628193
21961,35.908398,-79.024817,103,2714.9117793267174
21961,35.90835,-79.02496,104,2728.959449682564
21961,35.90851,-79.02568,105,2796.7375483395554
21961,35.9086,-79.02612,106,2837.9371436343904
21961,35.90865,-79.02634,107,2858.680066239883
21961,35.90876,-79.02685,108,2906.5925995685116
21961,35.90881,-79.02707,109,2927.3354587104755
21961,35.90884,-79.02719,110,2938.735417784016
21961,35.90885,-79.02726,111,2945.1892812061496
21961,35.90893,-79.0277,112,2986.1307407753907
21961,35.90908,-79.02836,113,3048.3590498293106
21961,35.90914,-79.02868,114,3078.1794513312566
21961,35.9093,-79.02937,115,3143.3325103329407
21961,35.9094,-79.02986,116,3189.2069885746578
21961,35.909535,-79.030227,117,3225.781836909592
21961,35.90954,-79.03046,118,3246.9473087884603
21961,35.90956,-79.03058,119,3258.0705152406977
21961,35.9097,-79.03128,120,3323.5282570713225
21961,35.90985,-79.0321,121,3399.849113713778
21961,35.909986,-79.032451,122,3435.1527321942585
21961,35.90991,-79.03247,123,3443.8096525584374
21961,35.90995,-79.03275,124,3469.624537610595
21961,35.91001,-79.03311,125,3502.993852869418
21961,35.91002,-79.03319,126,3510.3436187826355
21961,35.91006,-79.03349,127,3537.948982125389
21961,35.91008,-79.03363,128,3550.8563827066573
21961,35.91013,-79.03401,129,3585.8111626705618
21961,35.91018,-79.03441,130,3622.5598659018856
21961,35.91022,-79.03469,131,3648.374584723265
21961,35.91026,-79.03499,132,3675.9798133501904
21961,35.91029,-79.03521,133,3696.235799285739
21961,35.91028,-79.03526,134,3700.911283284331
21961,35.91027,-79.0353,135,3704.711155954877
21961,35.91031,-79.03549,136,3722.532604414069
21961,35.91034,-79.03563,137,3735.67903035805
21961,35.91038,-79.0358,138,3751.7487041816685
21961,35.91044,-79.03603,139,3773.681509433978
21961,35.91052,-79.03627,140,3797.2333068180997
21961,35.91062,-79.03651,141,3821.718791107177
21961,35.91076,-79.03687,142,3857.9517356156607
21961,35.91081,-79.03702,143,3872.671541287253
21961,35.91087,-79.0372,144,3890.3352928346135
21961,35.91092,-79.0374,145,3909.3344576887216
21961,35.91095,-79.03754,146,3922.4807479311085
21961,35.91098,-79.03769,147,3936.507031958054
21961,35.91101,-79.03783,148,3949.6533067083337
21961,35.91103,-79.03798,149,3963.455719792399
21961,35.91105,-79.03812,150,3976.3628729578318
21961,35.91107,-79.03828,151,3991.0620948839296
21961,35.91108,-79.03845,152,4006.539146647861
21961,35.91109,-79.03858,153,4018.3963701482157
21961,35.91109,-79.03859,154,4019.304413704163
21961,35.91112,-79.03871,155,4030.703860151189
21961,35.91114,-79.03934,156,4087.954076575823
21961,35.91115,-79.03954,157,4106.149180014818
21961,35.91116,-79.03969,158,4119.8154593720055
21961,35.91116,-79.03988,159,4137.068238468003
21961,35.91116,-79.03992,160,4140.700401820248
21961,35.91115,-79.04013,161,4159.801897620897
21961,35.91114,-79.0404,162,4184.344386489255
21961,35.91111,-79.04067,163,4209.0890993342055
21961,35.91108,-79.04102,164,4241.046430880974
21961,35.91108,-79.04104,165,4242.862511130904
21961,35.91094,-79.04177,166,4310.966526554857
21961,35.91089,-79.042,167,4332.584302168658
21961,35.91085,-79.04221,168,4352.1688851732
21961,35.91079,-79.04248,169,4377.584260036812
21961,35.910745,-79.042884,170,4414.6114012780845
21961,35.9107,-79.04294,171,4421.758919003477
21961,35.91068,-79.04304,172,4431.109725651478
21961,35.91058,-79.0433,173,4457.224458990379
21961,35.91045,-79.04397,174,4519.769842150676
21961,35.91043,-79.0441,175,4531.783636092197
21961,35.91029,-79.04484,176,4600.771983950097
21961,35.91026,-79.04498,177,4613.918221399779
21961,35.91023,-79.04512,178,4627.064460613173
21961,35.91019,-79.04532,179,4645.766115224477
21961,35.91017,-79.04544,180,4656.888971887896
21961,35.91012,-79.04566,181,4677.630881325725
21961,35.910163,-79.045941,182,4703.594407185847
21961,35.91006,-79.04603,183,4717.647458936246
21961,35.90996,-79.04663,184,4773.261773570985
21961,35.90989,-79.04692,185,4800.729782191703
21961,35.90984,-79.04721,186,4827.648004316416
21961,35.90983,-79.04727,187,4833.2094396079965
21961,35.9098,-79.04738,188,4843.744291548245
21961,35.90971,-79.04764,189,4869.401854730743
21961,35.909768,-79.047841,190,4888.767721221084
21961,35.9096,-79.0479,191,4908.270015088197
21961,35.9096,-79.04792,192,4910.086109651582
21961,35.90955,-79.04801,193,4919.9823483413475
21961,35.90947,-79.04815,194,4935.517736051243
21961,35.90937,-79.04834,195,4956.066490720904
21961,35.90933,-79.04844,196,4966.185256434593
21961,35.90918,-79.04875,197,4998.937658251268
21961,35.90907,-79.04905,198,5028.818294203317
21961,35.909,-79.0492,199,5044.520953459637
21961,35.90892,-79.04941,200,5065.577228209887
21961,35.9089,-79.04947,201,5071.46515348547
21961,35.90879,-79.04978,202,5102.175963797815
21961,35.90874,-79.04991,203,5115.233445020041
21961,35.90874,-79.04992,204,5116.141499349909
21961,35.90869,-79.0501,205,5133.413012298078
21961,35.90867,-79.0502,206,5142.763937986997
21961,35.90864,-79.05034,207,5155.910316810028
21961,35.90863,-79.05047,208,5167.767682227413
21961,35.90862,-79.05057,209,5176.9165738369
21961,35.90863,-79.05072,210,5190.583050327675
21961,35.90864,-79.05094,211,5210.591401099239
21961,35.90864,-79.05098,212,5214.223616992101
21961,35.908739,-79.05117,213,5234.711998440809
21961,35.90867,-79.05132,214,5250.359415136993
21961,35.90869,-79.05177,215,5291.282718118976
21961,35.90868,-79.05209,216,5320.3618135052375
21961,35.90859,-79.05243,217,5352.828791514555
21961,35.90856,-79.05259,218,5367.738517507965
21961,35.90857,-79.05267,219,5375.088187516318
21961,35.90859,-79.05276,220,5383.560064018589
21961,35.90868,-79.05296,221,5404.314279449734
21961,35.90867,-79.05321,222,5427.042965441983
21961,35.90867,-79.05326,223,5431.583217096739
21961,35.90866,-79.05333,224,5438.036826151911
21961,35.90862,-79.05348,225,5452.370657529499
21961,35.90849,-79.05383,226,5487.308197119649
21961,35.90843,-79.05399,227,5503.306248403648
21961,35.90821,-79.05464,228,5567.234010633172
21961,35.90789,-79.05467,229,5603.055425242118
21961,35.90763,-79.05469,230,5632.13281004277
21961,35.90748,-79.05472,231,5649.095648120344
21961,35.90735,-79.05474,232,5663.719166268746
21961,35.90733,-79.05474,233,5665.951520956299
21961,35.90716,-79.05478,234,5685.27105683036
21961,35.90705,-79.05479,235,5697.582540803558
21961,35.90689,-79.05487,236,5716.862363102022
21961,35.90669,-79.05485,237,5739.259660135853
21961,35.90647,-79.05487,238,5763.882625969497
21961,35.90627,-79.05491,239,5786.4997454123095
21961,35.90606,-79.05494,240,5810.097240475766
21961,35.90604,-79.05494,241,5812.329594437444
21961,35.90552,-79.05499,242,5870.548116029783
21961,35.90526,-79.05501,243,5899.625489074741
21961,35.90508,-79.05503,244,5919.798593231617
21961,35.904835269883435,-79.05508679265978,245,5947.597384298128
21961,35.90458584007026,-79.05511775463104,246,5975.579771719854
21961,35.90438113991113,-79.05512749206542,247,5998.445029886815
21961,35.904217302428705,-79.05511431415557,248,6016.771299842973
21961,35.90328391726254,-79.05589993883133,249,6143.039824165024
21961,35.90201370018667,-79.05700617462158,250,6316.801466651525
21961,35.90211727842006,-79.05507976455688,251,6492.124732626045
21961,35.90215833001612,-79.0545751130894,252,6538.181819996909
21961,35.902121,-79.054325,253,6561.27421412282
21961,35.902112743734456,-79.05360085278974,254,6627.042297148194
21961,35.9015304732702,-79.0518091371678,255,6802.253205207558
21961,35.901405,-79.051472,256,6835.921019757627
21961,35.90147832943755,-79.05107957631574,257,6872.4863017443695
21961,35.90163476083242,-79.05094010144697,258,6894.057260193275
21961,35.901957,-79.050714,259,6935.473319027721
21961,35.90305566517686,-79.05035001546369,260,7062.48133522679
21961,35.903267495061506,-79.05111712724195,261,7136.0472729021285
21961,35.903566,-79.051805,262,7206.844270140084
21961,35.90395187028732,-79.05318943004548,263,7339.738451458567
21961,35.90416841444248,-79.05388751042571,264,7407.582829885394
21961,35.90454086577341,-79.05437660725367,265,7468.41806870496
21961,35.904618104970034,-79.05446007268398,266,7479.897376743338
21961,35.90509,-79.05384,267,7557.000960511799
21961,35.90544,-79.05348,268,7607.941012056182
21961,35.90558,-79.05336,269,7626.9918246258485
21961,35.905524,-79.053281,270,7636.506795416901
22084,35.90676,-79.082992,0,0
22084,35.90683,-79.08303,1,8.540917294616015
22084,35.90687,-79.08292,2,19.48158567552577
22084,35.90691,-79.0828,3,31.257069225389657
22084,35.90701,-79.08251,4,59.85760223175717
22084,35.90721,-79.08196,5,114.560857411874
22084,35.90723,-79.0819,6,120.44858668783192
22084,35.90742,-79.08145,7,166.48492794129274
22084,35.90755,-79.08117,8,195.75853958356825
22084,35.90778,-79.08065,9,249.5029272999758
22084,35.90784,-79.0805,10,264.6805378659546
22084,35.90785,-79.08049,11,266.1193745153038
22084,35.90789,-79.08044,12,272.4868320783965
22084,35.908,-79.08021,13,296.7127695533186
22084,35.90804,-79.08014,14,304.48016516701443
22084,35.9082,-79.07981,15,339.3626741595506
22084,35.908182,-79.079616,16,357.0924101616133
22084,35.90829,-79.07962,17,369.1521188213352
22084,35.90839,-79.07942,18,390.4681384462419
22084,35.9084,-79.0794,19,392.5997396965183
22084,35.9084,-79.07939,20,393.50775533621464
22084,35.90855,-79.07911,21,423.9494357021393
22084,35.90859,-79.07902,22,433.2615649701867
22084,35.90867,-79.07886,23,450.31435065648327
22084,35.90868,-79.07885,24,451.75318500010724
22084,35.90878,-79.07864,25,473.84785649636535
22084,35.90882,-79.07856,26,482.3742405434756
22084,35.90886,-79.07848,27,490.90062251920887
22084,35.90886,-79.07847,28,491.80863416367026
22084,35.90889,-79.07842,29,497.44990560288807
22084,35.90895,-79.07829,30,511.02138766520807
22084,35.90896,-79.07825,31,514.8210583812396
22084,35.90899,-79.0782,32,520.4623271364924
22084,35.90905,-79.07804,33,536.4596676671807
22084,35.909073,-79.077937,34,546.158089387167
22084,35.909103,-79.077865,35,553.5033585934235
22084,35.909084,-79.077808,36,559.0966234711675
22084,35.90915,-79.077723,37,569.7659311118974
22084,35.9095,-79.0768,38,662.232308982353
22084,35.90957,-79.0766,39,682.0017986061114
22084,35.90958,-79.07654,40,687.562991772045
22084,35.90965,-79.0763,41,710.7133683776495
22084,35.9098,-79.07574,42,764.2469679117252
22084,35.909843,-79.075258,43,808.2751672240456
22084,35.90995,-79.07515,44,823.7281506142574
22084,35.90996,-79.07509,45,829.2893307558631
22084,35.90997,-79.07507,46,831.4209157314115
22084,35.90998,-79.075,47,837.8741968612014
22084,35.90999,-79.07492,48,845.2234755878857
22084,35.91001,-79.07484,49,852.8227655113689
22084,35.91002,-79.0747,50,865.5837218918481
22084,35.910007,-79.07446,51,887.4240680670597
22084,35.91006,-79.07435,52,899.0324615012878
22084,35.91009,-79.07412,53,920.1832767894816
22084,35.91014,-79.07356,54,971.3368223786897
22084,35.91017,-79.07337,55,988.910838828718
22084,35.91018,-79.07322,56,1002.5765541224897
22084,35.91023,-79.07281,57,1040.2206847232878
22084,35.91028,-79.07229,58,1087.765559393651
22084,35.91037,-79.07161,59,1150.3216506120064
22084,35.91039,-79.07141,60,1168.6184188718407
22084,35.91044,-79.07102,61,1204.4676284090535
22084,35.910447,-79.070737,62,1230.1760248682936
22084,35.91055,-79.07017,63,1282.927819104636
22084,35.91061,-79.06977,64,1319.8602246728867
22084,35.91062,-79.06965,65,1330.813290583127
22084,35.91071,-79.06905,66,1386.211895551844
22084,35.91076,-79.06851,67,1435.5606831550986
22084,35.910684,-79.068409,68,1448.0531480471427
22084,35.91079,-79.06817,69,1472.7700403650688
22084,35.91081,-79.06793,70,1494.6761789382026
22084,35.91086,-79.06734,71,1548.5383391926766
22084,35.91085,-79.06728,72,1554.0995272207085
22084,35.91082,-79.06719,73,1562.9309791930166
22084,35.91079,-79.0671,74,1571.7624353219928
22084,35.91075,-79.06701,75,1581.0745414465914
22084,35.91071,-79.0669,76,1592.0150377251503
22084,35.91068,-79.06685,77,1597.6563282665331
22084,35.91065,-79.06679,78,1604.0511258369218
22084,35.91057,-79.06668,79,1617.4486425446896
22084,35.91041,-79.06645,80,1644.927309192334
22084,35.91016,-79.06612,81,1685.8723373792125
22084,35.91002,-79.06593,82,1709.1493601509815
22084,35.90991,-79.06577,83,1728.1707553334763
22084,35.90983,-79.06564,84,1742.9718296150295
22084,35.9098,-79.06559,85,1748.6131724412348
22084,35.90978,-79.06553,86,1754.5008899233749
22084,35.90975,-79.06545,87,1762.4996582839276
22084,35.9097,-79.06528,88,1778.9138636005036
22084,35.90967,-79.06506,89,1799.1690260903074
22084,35.90966,-79.0649,90,1813.7401873698268
22084,35.90966,-79.06483,91,1820.0963417009552
22084,35.90967,-79.06477,92,1825.657632890936
22084,35.90968,-79.06473,93,1829.457353479829
22084,35.9097,-79.06468,94,1834.516587118007
22084,35.90972,-79.06461,95,1841.253346350581
22084,35.90973,-79.06459,96,1843.3849716037223
22084,35.90975,-79.06453,97,1849.2727016663296
22084,35.90988,-79.0642,98,1882.5657233351283
22084,35.91002,-79.06383,99,1919.6186651083285
22084,35.91019,-79.063395,100,1963.438721139311
22084,35.91029,-79.063128,101,1990.1287342949697
22084,35.910148,-79.063341,102,2015.1341862150352
22084,35.910388,-79.062868,103,2065.752640941988
22084,35.91051,-79.06258,104,2095.2364571419753
22084,35.91063,-79.06227,105,2126.409112456912
22084,35.91072,-79.06203,106,2150.405315632252
22084,35.91077,-79.0619,107,2163.4622753195713
22084,35.9108,-79.06183,108,2170.6464480557606
22084,35.91089,-79.06158,109,2195.470154658825
22084,35.91095,-79.06143,110,2210.6477413404623
22084,35.91108,-79.06111,111,2243.1256912849267
22084,35.91129,-79.06057,112,2297.4727349223117
22084,35.911293,-79.060262,113,2325.4414351656515
22084,35.91141,-79.06024,114,2338.6524971542126
22084,35.91155,-79.05987,115,2375.7050786680898
22084,35.9117,-79.05947,116,2415.698509280024
22084,35.91176,-79.05933,117,2430.066775729581
22084,35.91183,-79.05914,118,2449.0056502228176
22084,35.91192,-79.05891,119,2472.180178302046
22084,35.91198,-79.05878,120,2485.751685337412
22084,35.91204,-79.05864,121,2500.1199274515375
22084,35.9121,-79.05846,122,2517.7828376418256
22084,35.91224,-79.05814,123,2550.7743514078065
22084,35.91239,-79.05774,124,2590.7676022048818
22084,35.91258,-79.05726,125,2639.2373213253272
22084,35.9126,-79.05719,126,2645.973940069191
22084,35.9127,-79.05692,127,2672.9112165177626
22084,35.912713,-79.05663,128,2699.283121983106
22084,35.91293,-79.05633,129,2735.734042669372
22084,35.91308,-79.05594,130,2774.904363489168
22084,35.91314,-79.05578,131,2790.9015831562456
22084,35.91276,-79.05556,132,2837.7848748525003
22084,35.9126,-79.05547,133,2857.424604537193
22084,35.91239,-79.05535,134,2883.273068821521
22084,35.91217,-79.05521,135,2910.924257385732
22084,35.91189,-79.05506,136,2945.016113174096
22084,35.91183,-79.05503,137,2952.245980250841
22084,35.911689,-79.055045,138,2968.0429001345724
22084,35.91159,-79.05489,139,2985.936731634145
22084,35.9115,-79.05483,140,2997.3645762341885
22084,35.91132,-79.05473,141,3019.4123730566935
22084,35.9112,-79.05465,142,3034.6495158831194
22084,35.91115,-79.05462,143,3040.8597332646
22084,35.91095,-79.05449,144,3066.112097150729
22084,35.91071,-79.05431,145,3097.492851244846
22084,35.91049,-79.05487,146,3153.9610721837366
22084,35.91025,-79.05547,147,3214.672374451995
22084,35.90997,-79.05532,148,3248.76434899141
22084,35.90957,-79.05509,149,3298.054661589875
22084,35.90952,-79.05506,150,3304.2648993976923
22084,35.90937,-79.05498,151,3322.515560434796
22084,35.90914,-79.05485,152,3350.7715743153517
22084,35.908924,-79.054815,153,3375.089574704288
22084,35.90882,-79.05468,154,3391.972259938004
22084,35.90872,-79.05466,155,3403.280814844214
22084,35.90858,-79.05465,156,3418.9336608058384
22084,35.90837,-79.05464,157,3442.3909709708996
22084,35.90821,-79.05464,158,3460.2498114052637
22084,35.90789,-79.05467,159,3496.0712260142095
22084,35.90763,-79.05469,160,3525.148610814862
22084,35.90748,-79.05472,161,3542.111448892436
22084,35.90735,-79.05474,162,3556.7349670408385
22084,35.90733,-79.05474,163,3558.9673217283903
22084,35.90716,-79.05478,164,3578.286857602451
22084,35.90705,-79.05479,165,3590.5983415756496
22084,35.90689,-79.05487,166,3609.8781638741134
22084,35.90669,-79.05485,167,3632.2754609079443
22084,35.90647,-79.05487,168,3656.8984267415885
22084,35.90627,-79.05491,169,3679.5155461844015
22084,35.90606,-79.05494,170,3703.113041247858
22084,35.90604,-79.05494,171,3705.345395209536
22084,35.90552,-79.05499,172,3763.563916801875
22084,35.90526,-79.05501,173,3792.641289846833
22084,35.90508,-79.05503,174,3812.814394003709
22084,35.90496,-79.05507,175,3826.692308977106
22084,35.90495,-79.05507,176,3827.8084857214617
22084,35.90474,-79.0551,177,3851.4059798982044
22084,35.90459,-79.05512,178,3868.2468489183893
22084,35.90444,-79.05513,179,3885.014107333487
22084,35.90441,-79.05513,180,3888.362637233812
22084,35.90423,-79.05513,181,3908.4538166235907
22084,35.90415,-79.05514,182,3917.4292865721377
22084,35.90409,-79.05514,183,3924.126346256071
22084,35.90405,-79.05513,184,3928.682468635665
22084,35.90399,-79.05519,185,3937.3160041685114
22084,35.90393,-79.05524,186,3945.4071615091543
22084,35.90377,-79.05539,187,3967.8678829479204
22084,35.90356,-79.0556,188,3998.0852955849186
22084,35.90342,-79.05574,189,4018.230249603303
22084,35.90328,-79.05587,190,4037.814777726846
22084,35.90313,-79.05601,191,4058.8373741523983
22084,35.9026,-79.05649,192,4132.31947629499
22084,35.90255,-79.05654,193,4139.514126426139
22084,35.90245,-79.05663,194,4153.348259009711
22084,35.90201,-79.05703,195,4214.43379799295
22084,35.90162,-79.05739,196,4268.873880778408
22084,35.9013,-79.0577,197,4314.352153452814
22084,35.90117,-79.0578,198,4331.46989013747
22084,35.90105,-79.05785,199,4345.612677961144
22084,35.90098,-79.05788,200,4353.8872453808
22084,35.900945,-79.05803,201,4368.058347893868
22084,35.90088,-79.0579,202,4381.915187726639
22084,35.90083,-79.05791,203,4387.569450505302
22084,35.9007,-79.05792,204,4402.108072465482
22084,35.90055,-79.05791,205,4418.8752584118465
22084,35.90046,-79.05789,206,4429.08367827513
22084,35.90033,-79.05784,207,4444.287782348637
22084,35.90012,-79.05775,208,4469.111514396209
22084,35.89986,-79.05765,209,4499.519744475631
22084,35.89978,-79.05762,210,4508.855500770455
22084,35.89969,-79.05759,211,4519.263942369556
22084,35.89951,-79.05756,212,4539.538925343295
22084,35.89939,-79.05755,213,4552.963744950352
22084,35.89922,-79.05753,214,4572.025405638031
22084,35.89898,-79.05752,215,4598.828931260858
22084,35.89848,-79.05753,216,4654.644936844064
22084,35.89833,-79.05754,217,4671.412134143589
22084,35.89823,-79.05755,218,4682.610742222375
22084,35.8981,-79.05756,219,4697.149374211618
22084,35.89796,-79.05757,220,4712.8021538375315
22084,35.89784,-79.0576,221,4726.470509854072
22084,35.89773,-79.05763,222,4739.047060751356
22084,35.89758,-79.05767,223,4756.179207284445
22084,35.89746,-79.05773,224,4770.639254458923
22084,35.89737,-79.05778,225,4781.663433410151
22084,35.89728,-79.05784,226,4793.091694307579
22084,35.8972,-79.0579,227,4803.552378714017
22084,35.89708,-79.058,228,4819.735065269607
22084,35.89696,-79.0581,229,4835.917757029518
22084,35.89684,-79.05821,230,4852.627043758215
22084,35.8967,-79.05833,231,4871.678402584104
22084,35.89656,-79.05843,232,4889.7522398559595
22084,35.8965,-79.05847,233,4897.37109019819
22084,35.89641,-79.0585,234,4907.779546822136
22084,35.89631,-79.05854,235,4919.517539577803
22084,35.89621,-79.05856,236,4930.826070321581
22084,35.89612,-79.05857,237,4940.912574315548
22084,35.89604,-79.05858,238,4949.888004166738
22084,35.89592,-79.05857,239,4963.312804420762
22084,35.89585,-79.05856,240,4971.178603789948
22084,35.89575,-79.05853,241,4982.668032294786
22084,35.895495,-79.058559,242,5011.25197794841
22084,35.8955,-79.05842,243,5023.888220412091
22084,35.89538,-79.05835,244,5038.714438280404
22084,35.8953,-79.05831,245,5048.3544979817125
22084,35.89507,-79.05817,246,5077.002604781178
22084,35.89455,-79.05782,247,5143.177901430171
22084,35.89447,-79.05797,248,5159.4666358334625
22084,35.89444,-79.05802,249,5165.108762135699
22084,35.89438,-79.05816,250,5179.479540626723
22084,35.89437,-79.0582,251,5183.279977830744
22084,35.89435,-79.05825,252,5188.340059501158
22084,35.89433,-79.05832,253,5195.078061467768
22084,35.89432,-79.05835,254,5198.022450788963
22084,35.8943,-79.05841,255,5203.911229968311
22084,35.89428,-79.0585,256,5212.3844643705725
22084,35.89426,-79.05859,257,5220.857699567189
22084,35.89423,-79.05875,258,5235.769864161169
22084,35.89423,-79.0588,259,5240.310911095155
22084,35.89423,-79.05882,260,5242.1273297666075
22084,35.89422,-79.0589,261,5249.47823870968
22084,35.89421,-79.059,262,5258.628662167464
22084,35.89421,-79.05913,263,5270.435381744988
22084,35.89421,-79.05924,264,5280.425681014481
22084,35.89422,-79.05927,265,5283.370069551107
22084,35.89422,-79.05932,266,5287.911113299786
22084,35.89424,-79.05953,267,5307.113688923748
22084,35.89426,-79.05964,268,5317.350347578797
22084,35.89428,-79.05975,269,5327.587001953103
22084,35.89431,-79.05988,270,5339.8593479389265
22084,35.89432,-79.05989,271,5341.29833051337
22084,35.89437,-79.06008,272,5359.43427657795
22084,35.89444,-79.06029,273,5380.044923076243
22084,35.89451,-79.06046,274,5397.348764645558
22084,35.89452,-79.0605,275,5401.1491817290525
22084,35.89459,-79.06067,276,5418.4530034703
22084,35.89464,-79.0608,277,5431.512182015428
22084,35.89473,-79.06098,278,5450.699590912731
22084,35.89483,-79.06117,279,5471.250627095455
22084,35.89496,-79.06139,280,5495.9439305285905
22084,35.89504,-79.0615,281,5509.343040832353
22084,35.89506,-79.06155,282,5514.403060081358
22084,35.89508,-79.06164,283,5522.876173747828
22084,35.89564,-79.06241,284,5616.669620187386
22084,35.89582,-79.06265,285,5646.313041089469
22084,35.89594,-79.06281,286,5666.075294986641
22084,35.89637,-79.0634,287,5738.01013326723
22084,35.89656,-79.06367,288,5770.429386721289
22084,35.89715,-79.06447,289,5868.486728484196
22084,35.89721,-79.06455,290,5878.367738981994
22084,35.89734,-79.06474,291,5900.912858570985
22084,35.89752,-79.06498,292,5930.555822518081
22084,35.89757,-79.06504,293,5938.355602696351
22084,35.89788,-79.06547,294,5990.530244168232
22084,35.89848,-79.06629,295,6090.6825103132105
22084,35.89859,-79.06645,296,6109.705505492177
22084,35.89873,-79.06665,297,6133.665264711079
22084,35.898821,-79.066651,298,6143.822691306515
22084,35.89885,-79.06684,299,6161.289167486242
22084,35.89904,-79.06719,300,6199.499391949906
22084,35.8991,-79.0673,301,6211.526030550152
22084,35.89915,-79.06741,302,6222.96875868066
22084,35.89925,-79.0676,303,6243.518768777207
22084,35.89933,-79.06778,304,6262.145060221231
22084,35.89938,-79.06788,305,6272.804153777686
22084,35.89942,-79.06795,306,6280.572272053113
22084,35.89944,-79.068,307,6285.6320119765405
22084,35.89949,-79.06811,308,6297.074689586839
22084,35.89954,-79.06824,309,6310.133047199977
22084,35.89959,-79.06837,310,6323.191395310674
22084,35.89977,-79.06885,311,6371.188853397428
22084,35.89996,-79.06939,312,6424.616873155071
22084,35.90004,-79.06949,313,6437.352660579833
22084,35.90009,-79.06959,314,6448.011655150256
22084,35.90013,-79.0697,315,6458.9533385165205
22084,35.90019,-79.06983,316,6472.526151915705
22084,35.90024,-79.06993,317,6483.185125933606
22084,35.90025,-79.06995,318,6485.316919944461
22084,35.9003,-79.07004,319,6495.213610880832
22084,35.90042,-79.07018,320,6513.68066987643
22084,35.90054,-79.07032,321,6532.147711384061
22084,35.90056,-79.07033,322,6534.557657610863
22084,35.90065,-79.07042,323,6547.507871345615
22084,35.90079,-79.0705,324,6564.7402264156235
22084,35.90087,-79.07054,325,6574.380003457082
22084,35.90093,-79.07057,326,6581.60983492545
22084,35.90104,-79.0706,327,6594.186102168729
22084,35.90105,-79.07061,328,6595.625011068144
22084,35.90119,-79.07064,329,6611.486808174798
22084,35.90118,-79.07108,330,6651.459297846354
22084,35.90118,-79.07109,331,6652.36740902364
22084,35.90119,-79.0713,332,6671.4703742240445
22084,35.9012,-79.07161,333,6699.6439165932525
22084,35.90126,-79.07208,334,6742.847255476982
22084,35.9014,-79.072222,335,6763.107014651123
22084,35.90138,-79.07258,336,6795.6937889994915
22084,35.90139,-79.07262,337,6799.49382886112
22084,35.90153,-79.07295,338,6833.290616088487
22084,35.90162,-79.07314,339,6853.255777043077
22084,35.90113,-79.07341,340,6913.191474280824
22084,35.90084,-79.07358,341,6949.052686727551
22084,35.90072,-79.07371,342,6966.906556798543
22084,35.90056,-79.07382,343,6987.368810440313
22084,35.90054,-79.07383,344,6989.77874324394
22084,35.90042,-79.074035,345,7012.712573659304
22084,35.90025,-79.074,346,7031.951371308835
22084,35.89958,-79.07443,347,7116.314413479896
22084,35.89925,-79.07463,348,7157.381731722854
22084,35.89893,-79.07484,349,7197.870788978184
22084,35.89869,-79.07498,350,7227.522210839366
22084,35.898408,-79.07523,351,7266.331114862069
22084,35.8983,-79.0752,352,7278.689476453431
22084,35.89817,-79.07528,353,7294.916524177898
22084,35.89814,-79.0753,354,7298.725829301342
22084,35.89776,-79.07547,355,7343.861584736362
22084,35.8976,-79.07555,356,7363.141095295577
22084,35.89723,-79.0757,357,7406.626984011727
22084,35.89682,-79.07586,358,7454.640212184586
22084,35.89658,-79.07596,359,7482.925136517941
22084,35.89652,-79.07598,360,7489.863913843364
22084,35.89647,-79.076,361,7495.732746002313
22084,35.89616,-79.07612,362,7532.008728868819
22084,35.89579,-79.07627,363,7575.494656101564
22084,35.89544,-79.07643,364,7617.174437421303
22084,35.895465,-79.0769,365,7659.949506361179
22084,35.8955210134729,-79.077610373497,366,7724.7655765840445
22084,35.89547,-79.078146,367,7773.741512756611
22084,35.895473,-79.07848,368,7804.07613111295
22084,35.895479,-79.07892,369,7844.041053540452
22084,35.895495,-79.079485,370,7895.3834604962885
22084,35.895586198164,-79.0796542167664,371,7913.816463126852
22084,35.895504,-79.080072,372,7952.851465243959
22084,35.895515,-79.080772,373,8016.434750058474
22084,35.895515,-79.081047,374,8041.409219428684
22084,35.895556,-79.081344,375,8068.767066128727
22084,35.895614,-79.081531,376,8086.9416616986
22084,35.895781,-79.081793,377,8117.166973910646
22084,35.895889,-79.081987,378,8138.514255827943
22084,35.895946,-79.08218,379,8157.160554237666
22084,35.895971,-79.082341,380,8172.045727445037
22084,35.895972,-79.082492,381,8185.759323160604
22084,35.895955,-79.082613,382,8196.91060882548
22084,35.895927,-79.082728,383,8207.811948855333
22084,35.895886,-79.08285,384,8219.799279406698
22084,35.8958498640753,-79.0830111398811,385,8234.97890733239
22084,35.895729,-79.083221,386,8258.328606478542
22084,35.895638,-79.083422,387,8279.217995131758
22084,35.895332,-79.08412,388,8351.222745395908
22084,35.895229,-79.084368,389,8376.509451877142
22084,35.895154,-79.084608,390,8399.857520604546
22084,35.895107,-79.084833,391,8420.953766663795
22084,35.895079,-79.085054,392,8441.265987824905
22084,35.895055,-79.085353,393,8468.551821230321
22084,35.895034,-79.085529,394,8484.706401112348
22084,35.8950006204307,-79.0856006741524,395,8492.206345817473
22084,35.894874,-79.085552,396,8507.013926526468
22084,35.894742,-79.08559,397,8522.145531069908
22084,35.894567,-79.085636,398,8542.119429326045
22084,35.894386,-79.085699,399,8563.115818386254
22084,35.89412,-79.085783,400,8593.769102324868
22084,35.8939323457352,-79.0858825975533,401,8616.583298714851
22084,35.89368,-79.085865,402,8644.793466345503
22084,35.893446,-79.085867,403,8670.911351938794
22084,35.893368,-79.085883,404,8679.73753839799
22084,35.893314,-79.085897,405,8685.89724817651
22084,35.893269,-79.085891,406,8690.949269553952
22084,35.893226,-79.085855,407,8696.756406733875
22084,35.893204,-79.085819,408,8700.845252892652
22084,35.89319,-79.085756,409,8706.776335821878
22084,35.893203,-79.08569,410,8712.943455342624
22084,35.893232,-79.085647,411,8718.015638289664
22084,35.893269,-79.085607,412,8723.5157057898
22084,35.893294,-79.085543,413,8729.963136690618
22084,35.893316,-79.085441,414,8739.546500215349
22084,35.89333,-79.085333,415,8749.478546471957
22084,35.893303,-79.085064,416,8774.093798792808
22084,35.893238,-79.084833,417,8796.29180375099
22084,35.89316,-79.084667,418,8813.70075676759
22084,35.893025,-79.084452,419,8838.364473898298
22084,35.892908,-79.084334,420,8855.257495729598
22084,35.8928722967902,-79.0843400359154,421,8859.279946388499
22084,35.89276,-79.084238,422,8874.867363432024
22084,35.892638,-79.08419,423,8889.16487292971
22084,35.892324,-79.084143,424,8924.470183919399
22084,35.8922,-79.084162,425,8938.41729153815
22084,35.892072,-79.084191,426,8952.944437052698
22084,35.892007,-79.084237,427,8961.316148895328
22084,35.891964,-79.084285,428,8967.799789031227
22084,35.89193,-79.084303,429,8971.931752720904
22084,35.891896,-79.084302,430,8975.727663414864
22084,35.89184,-79.084275,431,8982.441769537858
22084,35.89181,-79.084212,432,8989.071176239684
22084,35.891815,-79.084121,433,8997.354622070856
22084,35.891844,-79.084054,434,9004.246876731793
22084,35.891861,-79.083902,435,9018.181310816693
22084,35.891877,-79.083733,436,9033.633438537392
22084,35.891879,-79.083547,437,9050.527445453625
22084,35.891873,-79.083155,438,9086.135226036056
22084,35.8918140890597,-79.0829358994961,439,9107.0921724913
22084,35.891875,-79.082878,440,9115.686936331238
22084,35.891866,-79.082519,441,9148.306861999323
22084,35.891845,-79.081934,442,9201.488410365171
22084,35.891833,-79.081212,443,9267.074422422722
22084,35.891812,-79.080483,444,9333.324065919263
22084,35.8917597658993,-79.080303311348,445,9350.653610814792
22084,35.891806,-79.080253,446,9357.546190366289
22084,35.891797,-79.080125,447,9369.214553250215
22084,35.891774,-79.080017,448,9379.353553641151
22084,35.89173,-79.079957,449,9386.689220771019
22084,35.891683,-79.07993,450,9392.479881392484
22084,35.891629,-79.079906,451,9398.889032372954
22084,35.891589,-79.079859,452,9405.06583031659
22084,35.891555,-79.079789,453,9412.46976796354
22084,35.891557,-79.079696,454,9420.919070255886
22084,35.891582,-79.079647,455,9426.171735335558
22084,35.891622,-79.079608,456,9431.870676914046
22084,35.891672,-79.079594,457,9437.594357501637
22084,35.891715,-79.079594,458,9442.393729739653
22084,35.891768,-79.079627,459,9449.025149586363
22084,35.891806,-79.079672,460,9454.915115379954
22084,35.89182,-79.07972,461,9459.546097106091
22084,35.89183,-79.07973,462,9460.985052398839
22084,35.89183,-79.07974,463,9461.89325924237
22084,35.89183,-79.07975,464,9462.80146607025
22084,35.89183,-79.07977,465,9464.617879681957
22084,35.89183,-79.07978,466,9465.526086466749
22084,35.89182,-79.07979,467,9466.965041620355
22084,35.89182,-79.0798,468,9467.873248491747
22084,35.89182,-79.07981,469,9468.781455347642
22084,35.89182,-79.07982,470,9469.68966219133
22084,35.89181,-79.07984,471,9471.821588796778
22084,35.8918,-79.07985,472,9473.26054395742
22084,35.89183,-79.07994,473,9482.093650517038
22084,35.89185,-79.08003,474,9490.566840535417
22084,35.89186,-79.08011,475,9497.917718043678
22084,35.891903,-79.08014,476,9503.436547008983
22084,35.89188,-79.08024,477,9512.87443551192
22084,35.89188,-79.08025,478,9513.78264104095
22084,35.89188,-79.08029,479,9517.415463006288
22084,35.89188,-79.08045,480,9531.946748560435
22084,35.89187,-79.08068,481,9552.865263853719
22084,35.89187,-79.0808,482,9563.763722996759
22084,35.89188,-79.081098,483,9590.851223803278
22084,35.891871,-79.081242,484,9603.967886104765
22084,35.891874,-79.081279,485,9607.344882588039
22084,35.891875,-79.081618,486,9638.133195534894
22084,35.891878,-79.08185,487,9659.206175216239
22084,35.891886,-79.082074,488,9679.56950867276
22084,35.891887,-79.082278,489,9698.09717921694
22084,35.891892,-79.082509,490,9719.084073788197
22084,35.8919,-79.082637,491,9730.743300142361
22084,35.891898,-79.08271,492,9737.376930193735
22084,35.891902,-79.082832,493,9748.465981136915
22084,35.891904,-79.083008,494,9764.451884397979
22084,35.891964,-79.083095,495,9774.809389306933
22135,35.936758,-79.008201,0,0
22135,35.93668,-79.00819,1,8.76390705055478
22135,35.93669,-79.00846,2,33.299673866358624
22135,35.9367,-79.00864,3,49.67799030460713
22135,35.93672,-79.00922,4,102.37711978771725
22135,35.936584,-79.009219,5,117.5585093789998
22135,35.936496,-79.009319,6,130.93391033935055
22135,35.9363,-79.00924,7,153.95797326697812
22135,35.93616,-79.00924,8,169.5855943858949
22135,35.93602,-79.00921,9,185.44874060156621
22135,35.93598,-79.00919,10,190.26879497263113
22135,35.93546,-79.00902,11,250.33077525202438
22135,35.93494,-79.00885,12,310.39279810802634
22135,35.9346,-79.00872,13,350.13815761763885
22135,35.93406,-79.00862,14,411.0959566446696
22135,35.93385,-79.00858,15,434.81700430650017
22135,35.9337,-79.00858,16,451.5609016527256
22135,35.93357,-79.00862,17,466.5197264807591
22135,35.9334,-79.0087,18,486.83843671531713
22135,35.93326,-79.00881,19,505.38420647936755
22135,35.933221,-79.008912,20,515.6163793236584
22135,35.93313,-79.00887,21,526.4663686660158
22135,35.93307,-79.00888,22,533.225171211721
22135,35.93301,-79.00888,23,539.922726914948
22135,35.93298,-79.00889,24,543.3923773036217
22135,35.93273,-79.00889,25,571.2988589388463
22135,35.9327,-79.00955,26,631.3095332695148
22135,35.93269,-79.01,27,672.177367756046
22135,35.93267,-79.01044,28,712.184437678521
22135,35.93264,-79.01127,29,787.609050275954
22135,35.93263,-79.01163,30,820.3101144810116
22135,35.93261,-79.01197,31,851.2570743462069
22135,35.932678,-79.012005,32,859.4858066965334
22135,35.9326,-79.01219,33,878.4034361871131
22135,35.93258,-79.01263,34,918.410411538899
22135,35.93257,-79.01283,35,936.6013393863159
22135,35.93254,-79.0133,36,979.4006580193835
22135,35.9325,-79.01395,37,1038.5784024032275
22135,35.93245,-79.01493,38,1127.7207373047397
22135,35.93244,-79.0153,39,1161.3290043504094
22135,35.93243,-79.01558,40,1186.7727428307926
22135,35.93243,-79.01559,41,1187.6805727181302
22135,35.932434,-79.016064,42,1230.7140080185354
22135,35.932512,-79.016164,43,1243.2926518290328
22135,35.932447,-79.016288,44,1256.6853886350514
22135,35.93245,-79.01643,45,1269.5809027918308
22135,35.93246,-79.01662,46,1286.8657201654894
22135,35.93249,-79.01715,47,1335.0969695685708
22135,35.93252,-79.01751,48,1367.9498387442732
22135,35.93255,-79.0177,49,1385.5205891875457
22135,35.93259,-79.01792,50,1405.9857495927847
22135,35.93267,-79.01831,51,1442.4996816048551
22135,35.93281,-79.01874,52,1484.5478880608869
22135,35.93286,-79.01887,53,1497.602742220626
22135,35.93286,-79.01888,54,1498.510562345561
22135,35.93293,-79.01906,55,1516.6233733851445
22135,35.93303,-79.01927,56,1538.7150575674766
22135,35.933067,-79.019355,57,1547.4672688553335
22135,35.933166,-79.019384,58,1558.827317535194
22135,35.93317,-79.01956,59,1574.8111112065733
22135,35.93323,-79.01967,60,1586.8350553300102
22135,35.9334,-79.01995,61,1618.5558012714348
22135,35.93347,-79.02004,62,1629.86099657397
22135,35.93357,-79.02019,63,1647.4685531529462
22135,35.9338,-79.02045,64,1682.3430542198087
22135,35.93412,-79.02084,65,1732.6358194765276
22135,35.934194,-79.020803,66,1741.552783826185
22135,35.934205,-79.020942,67,1754.23082657055
22135,35.93447,-79.02125,68,1794.9342461518386
22135,35.93469,-79.02151,69,1828.9951425002134
22135,35.93483,-79.02168,70,1850.9581787685297
22135,35.9349,-79.02177,71,1862.2632350860883
22135,35.935049,-79.021802,72,1879.146936918813
22135,35.93507,-79.02198,73,1895.4747444475504
22135,35.93537,-79.02235,74,1942.9041434010894
22135,35.93562,-79.02264,75,1981.2679638436707
22135,35.93581,-79.02287,76,2011.0291817040954
22135,35.93599,-79.023,77,2034.3307635568149
22135,35.93607,-79.02306,78,2044.7906281279254
22135,35.93617,-79.02317,79,2059.7675696828596
22135,35.93622,-79.02325,80,2068.9266642868665
22135,35.9363,-79.02339,81,2084.4591192858115
22135,35.93632,-79.02355,82,2099.154064093703
22135,35.93481,-79.02376,83,2268.7798570174723
22135,35.93344,-79.0239,84,2422.2309267631417
22135,35.93308,-79.02395,85,2462.6708351303573
22135,35.93285,-79.02397,86,2488.408299327246
22135,35.93255,-79.02401,87,2522.0915754158796
22135,35.93249,-79.02401,88,2528.7889688750793
22135,35.93224,-79.02405,89,2556.9300440018724
22135,35.93216,-79.02406,90,2565.9059277385822
22135,35.93214,-79.02406,91,2568.138392043688
22135,35.9318,-79.02412,92,2606.4791690300426
22135,35.93141,-79.02417,93,2650.2482221288615
22135,35.93105,-79.02421,94,2690.5963128645326
22135,35.93084,-79.02423,95,2714.1073953167615
22135,35.93035,-79.02428,96,2768.990785032752
22135,35.93038,-79.02482,97,2818.1284252782593
22135,35.93041,-79.02522,98,2854.5960896315505
22135,35.93041,-79.02541,99,2871.8450333842
22135,35.93041,-79.02577,100,2904.527228225672
22135,35.93037,-79.02617,101,2941.114226405391
22135,35.93031,-79.02663,102,2983.408428903341
22135,35.93026,-79.02683,103,3002.4036233798615
22135,35.93023,-79.02697,104,3015.5471092888415
22135,35.93021,-79.02706,105,3024.0171585926632
22135,35.930021,-79.027589,106,3076.4713597724935
22135,35.930041,-79.027728,107,3089.2862901642584
22135,35.92993,-79.027829,108,3104.70020205437
22135,35.9298,-79.02815,109,3137.2548717025907
22135,35.9296,-79.02849,110,3175.3486207684955
22135,35.92926,-79.02898,111,3233.8224543916403
22135,35.92883,-79.02943,112,3296.8522397334104
22135,35.92847,-79.02972,113,3344.892892488923
22135,35.9284,-79.02979,114,3354.964511420434
22135,35.9283,-79.02986,115,3367.8090076915596
22135,35.92818,-79.02995,116,3383.4990544916636
22135,35.92815,-79.02996,117,3386.9686024584967
22135,35.92809,-79.03,118,3394.5871026691416
22135,35.92804,-79.03003,119,3400.797307229189
22135,35.92792,-79.03009,120,3415.2571971575626
22135,35.927768,-79.030157,121,3433.2811595852754
22135,35.927757,-79.030258,122,3442.532415652942
22135,35.9276,-79.03023,123,3460.240491698326
22135,35.92763,-79.03036,124,3472.508593041186
22135,35.92764,-79.03048,125,3483.4599933392096
22135,35.92766,-79.03062,126,3496.364649778427
22135,35.92767,-79.03071,127,3504.611310045313
22135,35.92768,-79.0309,128,3521.8967820803578
22135,35.92772,-79.0312,129,3549.49619403859
22135,35.92775,-79.03152,130,3578.740113466776
22135,35.92777,-79.03161,131,3587.210348467785
22135,35.92779,-79.03172,132,3597.443297357926
22135,35.92783,-79.03189,133,3613.5097727506204
22135,35.92787,-79.03203,134,3626.981220172146
22135,35.92791,-79.03215,135,3638.754957436476
22135,35.92798,-79.03233,136,3656.8683148615414
22135,35.928064,-79.032338,137,3666.2726278323757
22135,35.92806,-79.03251,138,3681.8941332589607
22135,35.92809,-79.03255,139,3686.8338393067816
22135,35.92813,-79.03262,140,3694.6004922590123
22135,35.9282,-79.03274,141,3708.0070507314254
22135,35.9282,-79.03275,142,3708.914904682987
22135,35.92827,-79.03286,143,3721.5947696088483
22135,35.92828,-79.03287,144,3723.033566334019
22135,35.92839,-79.03302,145,3741.3693937269345
22135,35.92841,-79.03305,146,3744.890969824613
22135,35.92851,-79.03319,147,3761.806510285486
22135,35.92867,-79.0334,148,3787.929821516094
22135,35.92882,-79.0336,149,3812.628199447315
22135,35.92889,-79.03369,150,3823.9334928838916
22135,35.92894,-79.03377,151,3833.09296813138
22135,35.92906,-79.03393,152,3852.851624706226
22135,35.92918,-79.03411,153,3873.980931999477
22135,35.9293,-79.03428,154,3894.4162078897075
22135,35.9289,-79.03447,155,3942.280812177948
22135,35.928696,-79.034566,156,3966.662441582379
22135,35.928649,-79.034717,157,3981.3404796947684
22135,35.92851,-79.034651,158,3997.97261802706
22135,35.9282,-79.0348,159,4035.1252606429166
22135,35.92801,-79.03489,160,4057.852798695822
22135,35.92789,-79.03498,161,4073.542735107524
22135,35.92777,-79.03507,162,4089.2326757700007
22135,35.92773,-79.0351,163,4094.462656935417
22135,35.92764,-79.03516,164,4105.890327596139
22135,35.92756,-79.03522,165,4116.350293594524
22135,35.92749,-79.03527,166,4125.3866485813805
22135,35.92739,-79.03535,167,4138.70363957825
22135,35.92729,-79.03543,168,4152.020633922864
22135,35.92728,-79.03543,169,4153.136845767119
22135,35.9272,-79.0355,170,4164.097038211376
22135,35.92703,-79.03565,171,4187.4534391313
22135,35.92697,-79.0357,172,4195.544101170371
22135,35.926753,-79.035915,173,4226.651815879368
22135,35.926776,-79.036089,174,4242.655937867442
22135,35.926589,-79.036083,175,4263.536183916883
22135,35.92635,-79.03633,176,4298.386396887517
22135,35.92576,-79.03693,177,4383.851611702669
22135,35.92522,-79.03749,178,4462.705509036039
22135,35.92493,-79.03776,179,4503.309674712818
22135,35.92472,-79.03793,180,4531.374963997209
22135,35.9247,-79.03796,181,4534.89661157382
22135,35.92451,-79.03808,182,4558.739222673804
22135,35.92446,-79.03812,183,4565.397763080861
22135,35.92423,-79.03825,184,4593.65358430399
22135,35.924214,-79.038389,185,4606.399027429136
22135,35.924032,-79.03836,186,4626.8838925216905
22135,35.92376,-79.03848,187,4659.140282532311
22135,35.92363,-79.03852,188,4674.098503116158
22135,35.92351,-79.03856,189,4687.976560064442
22135,35.92339,-79.03858,190,4701.4935525805395
22135,35.92319,-79.03863,191,4724.274545652303
22135,35.92285,-79.03871,192,4762.914337586432
22135,35.922681,-79.038748,193,4782.091116164982
22135,35.922579,-79.038896,194,4799.703034847557
22135,35.922458,-79.038764,195,4817.759636903828
22135,35.92182,-79.0387,196,4889.210240787205
22135,35.92172,-79.03869,197,4900.409164890669
22135,35.92165,-79.03869,198,4908.222606927971
22135,35.92161,-79.03869,199,4912.687430947718
22135,35.92156,-79.03868,200,4918.341829135396
22135,35.92146,-79.03869,201,4929.540753646795
22135,35.92139,-79.03871,202,4937.5624228338775
22135,35.92128,-79.03874,203,4950.1391770400205
22135,35.92106,-79.0388,204,4975.2926861097885
22135,35.92088,-79.03887,205,4996.365629603833
22135,35.92085,-79.03888,206,4999.835150141738
22135,35.92078,-79.03889,207,5007.70116411583
22135,35.92069,-79.0389,208,5017.787960245622
22135,35.92062,-79.03891,209,5025.653974176198
22135,35.92053,-79.03891,210,5035.699824647139
22135,35.92044,-79.0389,211,5045.786620867374
22135,35.92036,-79.03889,212,5054.762305111917
22135,35.92034,-79.03889,213,5056.994716397593
22135,35.92014,-79.03886,214,5079.484384867511
22135,35.91988,-79.03882,215,5108.732092049491
22135,35.91973,-79.03879,216,5125.6952931599535
22135,35.91961,-79.03877,217,5139.212292684534
22135,35.9195,-79.03878,218,5151.524081275021
22135,35.91943,-79.03879,219,5159.390098264202
22135,35.91936,-79.03881,220,5167.411776741039
22135,35.91927,-79.03884,221,5177.8203532059815
22135,35.91921,-79.03887,222,5185.050310707747
22135,35.91914,-79.03893,223,5194.575395355401
22135,35.91907,-79.03898,224,5203.611941403491
22135,35.91901,-79.03905,225,5212.84488733887
22135,35.91895,-79.03913,226,5222.7248150079
22135,35.9189,-79.03917,227,5229.383484563321
22135,35.91853,-79.03964,228,5288.769608586493
22135,35.91822,-79.04001,229,5336.9972577472445
22135,35.91822,-79.04001,230,5336.9972577472445
22135,35.918242,-79.040155,231,5350.389718447734
22135,35.918097,-79.040165,232,5366.600115075426
22135,35.9179,-79.04041,233,5397.8789758877
22135,35.91778,-79.04057,234,5417.638942237616
22135,35.91777,-79.04059,235,5419.770490402446
22135,35.91766,-79.04075,236,5438.791553357728
22135,35.91765,-79.04076,237,5440.230409490032
22135,35.91754,-79.04096,238,5462.151059924325
22135,35.91744,-79.04115,239,5482.698560608161
22135,35.91737,-79.0413,240,5498.400157527971
22135,35.91732,-79.04141,241,5509.841335480885
22135,35.91722,-79.04163,242,5532.723702031051
22135,35.91717,-79.04176,243,5545.780206472781
22135,35.91703,-79.0421,244,5580.380966154921
22135,35.91696,-79.04228,245,5598.496094193954
22135,35.91693,-79.0424,246,5609.894698119555
22135,35.9169,-79.04247,247,5617.078654095558
22135,35.91687,-79.04261,248,5630.223905541121
22135,35.91686,-79.04266,249,5634.898964493693
22135,35.91683,-79.04281,250,5648.924142482008
22135,35.91682,-79.04292,251,5658.9740013900955
22135,35.91681,-79.04302,252,5668.122062394815
22135,35.9168,-79.04316,253,5680.882566910152
22135,35.9168,-79.04339,254,5701.7658921828315
22135,35.9168,-79.04352,255,5713.569507423723
22135,35.91682,-79.04371,256,5730.964778571679
22135,35.91685,-79.04387,257,5745.87322149387
22135,35.91687,-79.04396,258,5754.344384953149
22135,35.9169,-79.04403,259,5761.528325199733
22135,35.91695,-79.04419,260,5777.0909492326
22135,35.91701,-79.04436,261,5793.916674030866
22135,35.91706,-79.04453,262,5810.330074205897
22135,35.91712,-79.04471,263,5827.99240908083
22135,35.91715,-79.04481,264,5837.669857227216
22135,35.91717,-79.04495,265,5850.575892876192
22135,35.91718,-79.04507,266,5861.528483562851
22135,35.91718,-79.04518,267,5871.51608299207
22135,35.91716,-79.04525,268,5878.252480669489
22135,35.91713,-79.04538,269,5890.521803585012
22135,35.91713,-79.0454,270,5892.337731143596
22135,35.91706,-79.04559,271,5911.275958938117
22135,35.91693,-79.0459,272,5942.943032499998
22135,35.916716,-79.046445,273,5997.89071525063
22135,35.916781,-79.046571,274,6011.437703724007
22135,35.916648,-79.046603,275,6026.56471210729
22135,35.91634,-79.04744,276,6109.975958880993
22135,35.91626,-79.04764,277,6130.2120741864455
22135,35.91611,-79.04804,278,6170.204342049523
22135,35.91592,-79.04853,279,6219.491053647469
22135,35.91591,-79.04854,280,6220.92990461768
22135,35.915753,-79.048962,281,6263.063621629672
22135,35.915796,-79.049136,282,6279.57533685197
22135,35.91564,-79.04924,283,6299.383540815899
22135,35.91551,-79.04961,284,6335.978402935425
22135,35.91538,-79.04993,285,6368.4554805276
22135,35.915164,-79.050528,286,6427.864639876745
22135,35.915208,-79.050644,287,6439.485943500898
22135,35.91511,-79.05067,288,6450.676399192272
22135,35.91504,-79.05086,289,6469.614872407019
22135,35.91493,-79.05115,290,6498.668173158874
22135,35.91477,-79.05156,291,6539.957507639064
22135,35.91458,-79.05205,292,6589.244628500788
22135,35.914354,-79.052635,293,6648.047366556668
22135,35.914399,-79.05278,294,6662.138729667676
22135,35.91427,-79.05287,295,6678.694783556922
22135,35.91419,-79.05306,296,6698.120476522507
22135,35.91409,-79.05332,297,6724.233837585694
22135,35.91404,-79.05345,298,6737.2905242586585
22135,35.91402,-79.0535,299,6742.349623076585
22135,35.9139,-79.05383,300,6775.170680650619
22135,35.91381,-79.05405,301,6797.530140364341
22135,35.91375,-79.05419,302,6811.898233882237
22135,35.91365,-79.05447,303,6839.66425004425
22135,35.91362,-79.05453,304,6846.0589974346385
22135,35.91357,-79.05468,305,6860.777936844581
22135,35.913587,-79.05493,306,6883.556887259893
22135,35.91344,-79.05499,307,6900.845499792023
22135,35.91339,-79.05511,308,6913.087525680851
22135,35.91335,-79.05521,309,6923.205764679168
22135,35.9133,-79.05534,310,6936.26251266083
22135,35.9132,-79.05562,311,6964.028611441172
22135,35.91318,-79.05566,312,6968.2917861705355
22135,35.91314,-79.05578,313,6980.066972669116
22135,35.91308,-79.05594,314,6996.064192336194
22135,35.91293,-79.05633,315,7035.2345131559905
22135,35.912977,-79.056506,316,7052.054279073216
22135,35.912849,-79.056543,317,7066.7309968134605
22135,35.9127,-79.05692,318,7104.788670268296
22135,35.9126,-79.05719,319,7131.725946716868
22135,35.91258,-79.05726,320,7138.462565460732
22135,35.91239,-79.05774,321,7186.932284581178
22135,35.91224,-79.05814,322,7226.925535378253
22135,35.91214,-79.05838,323,7251.4097647134695
22135,35.91212,-79.05841,324,7254.931635197863
22135,35.9121,-79.05846,325,7259.990793715831
22135,35.91204,-79.05864,326,7277.6537039061195
22135,35.91198,-79.05878,327,7292.021946020245
22135,35.91192,-79.05891,328,7305.5934530556115
22135,35.91183,-79.05914,329,7328.76798113484
22135,35.91176,-79.05933,330,7347.7068556280765
22135,35.9117,-79.05947,331,7362.075122077634
22135,35.91155,-79.05987,332,7402.068552689569
22135,35.911345,-79.060404,333,7455.683954208469
22135,35.91141,-79.060559,334,7471.518014636681
22135,35.91129,-79.06057,335,7484.949208391816
22135,35.91108,-79.06111,336,7539.296252029201
22135,35.91095,-79.06143,337,7571.774201973665
22135,35.91089,-79.06158,338,7586.951788655303
22135,35.9108,-79.06183,339,7611.775495258367
22135,35.91072,-79.06203,340,7632.012297029045
22135,35.91063,-79.06227,341,7656.008500204384
22135,35.91051,-79.06258,342,7687.181155519322
22135,35.91026,-79.06322,343,7751.646374469236
22135,35.91028,-79.063448,344,7772.469171506121
22135,35.910143,-79.063503,345,7788.555452629871
22135,35.90993,-79.06407,346,7845.264250051591
22135,35.90988,-79.0642,347,7858.321278850365
22135,35.90975,-79.06453,348,7891.614300519163
22135,35.90973,-79.06459,349,7897.502030581771
22135,35.90972,-79.06461,350,7899.633655834912
22135,35.9097,-79.06468,351,7906.370415067487
22135,35.90968,-79.06473,352,7911.4296487056645
22135,35.90967,-79.06477,353,7915.229369294558
22135,35.90966,-79.06483,354,7920.790660484538
22135,35.90966,-79.0649,355,7927.146814815666
22135,35.90967,-79.06506,356,7941.717976095186
22135,35.9097,-79.06528,357,7961.973138584989
22135,35.90975,-79.06545,358,7978.387343901565
22135,35.90978,-79.06553,359,7986.386112262118
22135,35.9098,-79.06559,360,7992.273829744258
22135,35.90983,-79.06564,361,7997.915172570463
22135,35.90991,-79.06577,362,8012.716246852016
22135,35.91002,-79.06593,363,8031.737642034512
22135,35.91016,-79.06612,364,8055.014664806281
22135,35.91041,-79.06645,365,8095.9596929931595
22135,35.91057,-79.06668,366,8123.438359640803
22135,35.91065,-79.06679,367,8136.835876348571
22135,35.91068,-79.06685,368,8143.23067391896
22135,35.91071,-79.0669,369,8148.8719644603425
22135,35.91075,-79.06701,370,8159.812460738902
22135,35.91079,-79.0671,371,8169.1245668635
22135,35.91082,-79.06719,372,8177.956022992476
22135,35.91085,-79.06728,373,8186.787474964784
22135,35.91086,-79.06734,374,8192.348662992816
22135,35.91081,-79.06793,375,8246.21082324729
22135,35.91079,-79.06817,376,8268.116961820422
22135,35.91076,-79.06851,377,8299.170161616748
22135,35.910826,-79.068796,378,8326.163690820022
22135,35.91071,-79.06905,379,8352.612686805223
22135,35.91062,-79.06965,380,8408.01129177394
22135,35.91061,-79.06977,381,8418.96435768418
22135,35.91055,-79.07017,382,8455.89676325243
22135,35.91059,-79.07029,383,8467.672010474535
22135,35.9106,-79.07032,384,8470.615821125386
22135,35.91061,-79.07035,385,8473.559631315213
22135,35.91062,-79.07052,386,8489.035982043128
22135,35.91066,-79.07086,387,8520.229215384099
22135,35.91068,-79.07098,388,8531.351552713308
22135,35.91069,-79.07104,389,8536.912719558992
22135,35.91071,-79.07111,390,8543.649334195266
22135,35.91073,-79.07119,391,8551.248605498678
22135,35.91078,-79.0714,392,8571.116502887222
22135,35.91079,-79.07143,393,8574.060302238047
22135,35.91087,-79.07164,394,8595.11541980362
22135,35.910982,-79.07165,395,8607.649202502058
22135,35.910933,-79.071794,396,8621.822101220674
22135,35.91104,-79.07208,397,8650.405367558786
22135,35.9111,-79.07229,398,8670.615090947866
22135,35.91139,-79.07228,399,8702.99606319755
22135,35.9118,-79.07228,400,8748.758057087192
22135,35.91196,-79.07227,401,8766.639464153324
22135,35.912163,-79.072192,402,8790.37831625271
22135,35.912275,-79.072275,403,8804.975096906208
22135,35.91282,-79.07226,404,8865.82031106608
22135,35.91295,-79.07225,405,8880.358593264105
22135,35.91305,-79.07225,406,8891.520055809962
22135,35.91336,-79.07224,407,8926.132501229076
22135,35.91384,-79.07223,408,8979.71521626788
22135,35.91423,-79.07221,409,9023.282783322802
22135,35.91445,-79.07221,410,9047.83800267949
22135,35.91474,-79.0722,411,9080.218978586476
22135,35.914899,-79.072112,412,9099.681405950487
22135,35.91506,-79.07219,413,9118.996535835166
22135,35.91542,-79.07219,414,9159.177805359677
22135,35.91574,-79.07218,415,9194.906028139561
22135,35.9159,-79.07225,416,9213.861601620009
22135,35.91596,-79.07229,417,9221.479856852262
22135,35.91599,-79.07231,418,9225.288983791603
22135,35.91601,-79.07233,419,9228.166575469853
22135,35.91604,-79.07235,420,9231.975701616953
22135,35.91612,-79.07243,421,9243.486062380793
22135,35.9162,-79.07254,422,9256.882929987503
22135,35.91632,-79.07274,423,9279.446848818
22135,35.91635,-79.07279,424,9285.087823912441
22135,35.91646,-79.07297,425,9305.528615231296
22135,35.91648,-79.07301,426,9309.79154286324
22135,35.91663,-79.07328,427,9339.477267391561
22135,35.916779,-79.073592,428,9372.325621106693
22135,35.916874,-79.07363,429,9383.476168972475
22135,35.91684,-79.073727,430,9393.065869621701
22135,35.91716,-79.07431,431,9456.920914369925
22135,35.91738,-79.07475,432,9503.812656473106
22135,35.91748,-79.07489,433,9520.728415464431
22135,35.91749,-79.07488,434,9522.167194596628
22135,35.9175,-79.07488,435,9523.283336212266
22135,35.91751,-79.07488,436,9524.399477828292
22135,35.91752,-79.07488,437,9525.51561944469
22135,35.91753,-79.07488,438,9526.631761060065
22135,35.91754,-79.07488,439,9527.747902676758
22135,35.91755,-79.07489,440,9529.186681372144
22135,35.91756,-79.07489,441,9530.302822970336
22135,35.91757,-79.07489,442,9531.418964568433
22135,35.91758,-79.0749,443,9532.857743023065
22135,35.91759,-79.07491,444,9534.296521379832
22135,35.9176,-79.07491,445,9535.41266294286
22135,35.9176,-79.07492,446,9536.320578582532
22135,35.91761,-79.07493,447,9537.759356747967
22135,35.91762,-79.07494,448,9539.198134817701
22135,35.91763,-79.07495,449,9540.63691279207
22135,35.91763,-79.07496,450,9541.544828027585
22135,35.91764,-79.07497,451,9542.983605881422
22135,35.91764,-79.07498,452,9543.891520971776
22135,35.91764,-79.07499,453,9544.799436047399
22135,35.91765,-79.07499,454,9545.915577469448
22135,35.91765,-79.075,455,9546.823492414527
22135,35.91765,-79.07501,456,9547.731407345917
22135,35.91765,-79.07502,457,9548.639322261144
22135,35.91765,-79.07503,458,9549.54723716334
22135,35.91765,-79.07504,459,9550.455152051038
22135,35.91765,-79.07505,460,9551.36306692547
22135,35.91765,-79.07506,461,9552.270981783122
22135,35.91765,-79.07507,462,9553.178896627665
22135,35.91765,-79.07509,463,9554.994726272978
22135,35.91765,-79.0751,464,9555.902641074137
22135,35.91765,-79.07511,465,9556.810555859673
22135,35.91765,-79.07512,466,9557.718470631946
22135,35.91764,-79.07513,467,9559.157248046478
22135,35.91764,-79.07514,468,9560.0651629068
22135,35.91763,-79.07514,469,9561.181304060543
22135,35.91766,-79.07535,470,9580.539305097158
22135,35.91771,-79.07546,471,9591.97982462961
22135,35.91777,-79.07561,472,9607.156010154224
22135,35.91786,-79.07581,473,9627.907611484234
22135,35.9179,-79.07589,474,9636.433316775507
22135,35.91795,-79.07597,475,9645.592982888877
22135,35.918085,-79.076016,476,9661.228945788176
22135,35.91804,-79.07613,477,9672.733404251116
22135,35.91804,-79.07613,478,9672.733404251116
22135,35.91825,-79.07642,479,9707.984160667054
22135,35.91837,-79.07658,480,9727.742929489046
22135,35.91857,-79.07681,481,9758.310138256882
22135,35.91863,-79.07689,482,9768.189497438787
22135,35.9188,-79.07709,483,9794.452370564322
22135,35.91898,-79.07728,484,9820.932390950666
22135,35.919096,-79.077283,485,9833.882448965644
22135,35.919085,-79.077383,486,9843.04403655876
22135,35.9193,-79.07759,487,9873.524277818995
22135,35.9196,-79.07782,488,9912.985915355488
22135,35.92025,-79.0783,489,9997.616965436115
22135,35.92035,-79.0784,490,10012.004472074925
22135,35.92043,-79.07848,491,10023.51447048578
22135,35.92047,-79.07854,492,10030.557539290647
22135,35.92055,-79.07865,493,10043.953864063156
22135,35.92066,-79.07881,494,10062.97336528627
22135,35.92073,-79.07898,495,10080.272095545404
22135,35.92077,-79.07909,496,10091.211217201535
22135,35.92081,-79.07921,497,10102.984984171231
22135,35.92084,-79.07933,498,10114.382402579982
22135,35.92085,-79.07944,499,10124.431168331732
22135,35.92087,-79.07961,500,10140.025575915492
22135,35.92087,-79.07988,501,10164.5380881283
22135,35.920849,-79.080177,502,10191.603524451915
22135,35.920893,-79.080306,503,10204.303033803382
22135,35.92083,-79.080365,504,10213.142446581423
22135,35.92081,-79.08062,505,10236.400511790014
22135,35.92079,-79.08088,506,10260.110452868068
22135,35.92078,-79.08112,507,10281.927900835315
22135,35.92078,-79.08142,508,10309.16399078221
22135,35.92078,-79.08171,509,10335.492198727765
22135,35.92079,-79.08202,510,10363.658252925923
22135,35.92081,-79.082229,511,10382.763554610248
22135,35.920905,-79.082311,512,10395.719211937276
22135,35.920832,-79.082444,513,10410.285692166506
22135,35.92094,-79.08342,514,10499.709582676465
22135,35.92099,-79.08385,515,10539.144606841755
22135,35.92102,-79.08408,516,10560.292222519649
22135,35.92104,-79.08426,517,10576.785507028579
22135,35.92106,-79.08447,518,10595.980847993136
22135,35.92109,-79.08469,519,10616.232525364327
22135,35.9211,-79.08474,520,10620.907033411726
22135,35.92113,-79.08492,521,10637.588039043374
22135,35.92117,-79.08509,522,10653.654411951895
22135,35.9212,-79.08519,523,10663.330798294302
22135,35.921294,-79.085238,524,10674.691368159078
22135,35.92124,-79.085352,525,10686.667986967688
22135,35.92153,-79.08652,526,10797.53558612551
22135,35.92167,-79.08678,527,10825.843159672944
22135,35.92175,-79.08692,528,10841.375971717984
22135,35.92189,-79.08716,529,10868.188199640776
22135,35.92199,-79.08734,530,10887.977312975983
22135,35.92208,-79.087488,531,10904.753277415763
22135,35.922185,-79.08751,532,10916.641503528259
22135,35.922175,-79.087658,533,10930.123877630833
22135,35.92255,-79.08832,534,11003.361150764542
22135,35.92271,-79.0886,535,11034.426451564308
22135,35.9228,-79.08877,536,11052.840772530788
22135,35.92294,-79.08902,537,11080.39549328159
22135,35.92309,-79.08925,538,11107.15865027902
22135,35.92318,-79.08939,539,11123.358577631878
22135,35.92324,-79.08948,540,11133.922775278468
22135,35.923356,-79.089514,541,11147.23256606251
22135,35.92336,-79.08964,542,11158.679906028237
22135,35.92362,-79.08998,543,11201.045188872127
22135,35.92383,-79.09025,544,11234.959178422883
22135,35.924044,-79.090486,545,11267.044957439055
22135,35.924129,-79.090478,546,11276.55968429554
22135,35.924154,-79.090599,547,11287.89312676955
22135,35.92431,-79.09074,548,11309.503338330154
22135,35.92453,-79.09092,549,11338.998083128088
22135,35.92476,-79.09109,550,11368.950555714786
22135,35.92489,-79.09119,551,11386.065937160227
22135,35.925068,-79.091333,552,11409.798041791637
22135,35.92515,-79.091316,553,11419.079368599183
22135,35.925168,-79.091416,554,11428.37705535909
22135,35.9254,-79.09161,555,11459.692379230128
22135,35.92604,-79.09214,556,11545.81608479772
22135,35.92605,-79.09214,557,11546.932195881274
22135,35.92642,-79.09246,558,11597.422092815792
22135,35.92658,-79.09259,559,11618.826974294772
22135,35.92664,-79.09264,560,11626.916915779957
22135,35.926805,-79.092768,561,11648.692092945146
22135,35.926914,-79.092746,562,11661.020527343479
22135,35.92692,-79.09285,563,11670.485180978756
22135,35.9271,-79.09299,564,11694.257518013843
22135,35.92712,-79.093,565,11696.667261981085
22135,35.92725,-79.09311,566,11714.280746846156
22135,35.92735,-79.0932,567,11728.11255051021
22135,35.92743,-79.09327,568,11739.071728219142
22135,35.9276,-79.09344,569,11763.529011752547
22135,35.9277,-79.09357,570,11779.771993869224
22135,35.9279,-79.09381,571,11810.963826009161
22135,35.92803,-79.09399,572,11832.81589283487
22135,35.92813,-79.09413,573,11849.729838840443
22135,35.92832,-79.09442,574,11883.53384870829
22135,35.92841,-79.09455,575,11899.031039099908
22135,35.9286,-79.09482,576,11931.441119362331
22135,35.92867,-79.09492,577,11943.417831551415
22135,35.928962,-79.09535,578,11994.268042746646
22135,35.929061,-79.095379,579,12005.626748112185
22135,35.92905,-79.09546,580,12013.081344161212
22135,35.92912,-79.09553,581,12023.151875945203
22135,35.92943,-79.09593,582,12073.306890518157
22135,35.92946,-79.09597,583,12078.24605137049
22135,35.92975,-79.09635,584,12125.54810138057
22135,35.92989,-79.09653,585,12148.15628359227
22135,35.92998,-79.09665,586,12162.973701100547
22135,35.92999,-79.09666,587,12164.412339284512
22135,35.93024,-79.09698,588,12204.690369375154
22135,35.93051,-79.09729,589,12245.920851520907
22135,35.93062,-79.09741,590,12262.333674706651
22135,35.93077,-79.09755,591,12283.352191961769
22135,35.93087,-79.09766,592,12298.327807193271
22135,35.931055,-79.097869,593,12326.368010928596
22135,35.931132,-79.097858,594,12335.019799885597
22135,35.93113,-79.09796,595,12344.28129431248
22135,35.93126,-79.09811,596,12364.17883396458
22135,35.93133,-79.09821,597,12376.155250405736
22135,35.93136,-79.09826,598,12381.795298545065
22135,35.9315,-79.09843,599,12403.756111349903
22135,35.93173,-79.09873,600,12441.179672197115
22135,35.93215,-79.09933,601,12513.037732369881
22135,35.93227,-79.09949,602,12532.7938911333
22135,35.93231,-79.09956,603,12540.559439776762
22135,35.93248,-79.09979,604,12568.770457906605
22135,35.9326,-79.09996,605,12589.203108248297
22135,35.93275,-79.10015,606,12613.238799877403
22135,35.932944,-79.10041,607,12645.266814589328
22135,35.933074,-79.100444,608,12660.100660175949
22135,35.933085,-79.100585,609,12672.957973439074
22135,35.93327,-79.10085,610,12704.658534855962
22135,35.93343,-79.10108,611,12732.131077405638
22135,35.93346,-79.10112,612,12737.070061850322
22135,35.9335,-79.10118,613,12744.112178030222
22135,35.93352,-79.10122,614,12748.37424282044
22135,35.93354,-79.10126,615,12752.636306550545
22135,35.93357,-79.10132,616,12759.029400162419
22135,35.93358,-79.10136,617,12762.827842356046
22135,35.93359,-79.1014,618,12766.626283867858
22135,35.93361,-79.10147,619,12773.360823468196
22135,35.93362,-79.10155,620,12780.707630003915
22135,35.93363,-79.10163,621,12788.054434693708
22135,35.93365,-79.10178,622,12801.851571512974
22135,35.93366,-79.10194,623,12816.41744990714
22135,35.93344,-79.10187,624,12841.780286047284
22135,35.93329,-79.10181,625,12859.385271859615
22135,35.9327,-79.10158,626,12928.465057155337
22135,35.93252,-79.1015,627,12949.826876735775
22135,35.93237,-79.10144,628,12967.431892531431
22135,35.93227,-79.1014,629,12979.168572438164
22135,35.93199,-79.1013,630,13011.710808002528
22135,35.93176,-79.10123,631,13038.155685252952
22135,35.93148,-79.10116,632,13070.045767746824
22135,35.9314,-79.10114,633,13079.157221356318
22135,35.93056,-79.10093,634,13174.827523677259
22135,35.92985,-79.10074,635,13255.925470461683
22135,35.92924,-79.10058,636,13325.539272857932
22135,35.92899,-79.10051,637,13354.156057141838
22135,35.92886,-79.10048,638,13368.9186603221
22135,35.92863,-79.10042,639,13395.160314344865
22135,35.92834,-79.10035,640,13428.14495363025
22135,35.92809,-79.10032,641,13456.179948822735
22135,35.92793,-79.1003,642,13474.129546650722
22135,35.92773,-79.10028,643,13496.525189873131
22135,35.92731,-79.10026,644,13543.436396615536
22135,35.927312,-79.099563,645,13606.708165768028
22135,35.926954,-79.099556,646,13646.66952536202
22135,35.926991,-79.09853,647,13739.898476781056
22135,35.927039,-79.098458,648,13748.349468319424
22135,35.927129,-79.098459,649,13758.394777692538
22135,35.927174,-79.098379,650,13767.224506576575
22135,35.927235,-79.098464,651,13777.514751988107
22135,35.927356,-79.098489,652,13791.208916365473
22135,35.92731,-79.10026,653,13952.056540231022
22135,35.92728,-79.10026,654,13955.404830409563
22135,35.92691,-79.10024,655,13996.740300219906
22135,35.92671,-79.10023,656,14019.08068625925
22135,35.92657,-79.10023,657,14034.70604110148
22135,35.92575,-79.1002,658,14126.266488462212
22135,35.92522,-79.10017,659,14185.482278843654
22135,35.9248,-79.10015,660,14232.393495199762
22135,35.92441,-79.10012,661,14276.006389200467
22135,35.92435,-79.10012,662,14282.702970909788
22135,35.924227,-79.100242,663,14300.341491303156
22135,35.924157,-79.100097,664,14315.648557223132
22135,35.92369,-79.10006,665,14367.878404314783
22135,35.92279,-79.09997,666,14468.658878314904
22135,35.92278,-79.09997,667,14469.774975518758
22135,35.92249,-79.09994,668,14502.25617425071
22135,35.92234,-79.09993,669,14519.02222900767
22135,35.92208,-79.09989,670,14548.267082537568
22135,35.92186,-79.09987,671,14572.888262392811
22135,35.92169,-79.09985,672,14591.94859397841
22135,35.9214,-79.09982,673,14624.429801817754
22135,35.92129,-79.09981,674,14636.74039349414
22135,35.9212,-79.0998,675,14646.826211770996
22135,35.92115,-79.0998,676,14652.406699235307
22135,35.92109,-79.0998,677,14659.103284189752
22135,35.921,-79.09979,678,14669.18910282038
22135,35.92088,-79.09978,679,14682.613006273114
22135,35.92072,-79.09975,680,14700.677061347767
22135,35.92045,-79.09968,681,14731.474484587778
22135,35.91983,-79.0995,682,14802.575897936676
22135,35.9197,-79.09946,683,14817.532711326481
22135,35.91952,-79.09941,684,14838.12892018676
22135,35.91939,-79.09939,685,14852.751366415325
22135,35.91871,-79.098911,686,14940.221921577482
22135,35.918629,-79.09893,687,14949.425416829117
22135,35.91859,-79.098822,688,14960.153164722184
22135,35.91834,-79.09862,689,14993.542797657998
22135,35.91784,-79.09828,690,15057.31596931048
22135,35.91757,-79.09809,691,15092.038499336923
22135,35.91726,-79.09788,692,15131.5428702863
22135,35.91719,-79.09783,693,15140.57862406948
22135,35.91712,-79.09777,694,15150.102896235641
22135,35.91701,-79.09769,695,15164.367547570006
22135,35.91698,-79.09767,696,15168.176509764213
22135,35.91649,-79.09734,697,15230.534458789256
22135,35.9163,-79.09721,698,15254.803670989213
22135,35.91605,-79.09704,699,15286.690505829898
22135,35.915889,-79.097028,700,15304.692751229857
22135,35.91587,-79.09691,701,15315.613875495183
22135,35.91562,-79.09672,702,15348.418187713307
22135,35.91523,-79.09644,703,15398.825923323488
22135,35.91458,-79.09595,704,15483.927058522246
22135,35.914404,-79.095816,705,15507.032896235996
22135,35.914285,-79.095784,706,15520.628599404263
22135,35.914252,-79.095698,707,15529.261833566474
22135,35.91404,-79.09554,708,15556.932186968872
22135,35.91369,-79.09528,709,15602.574515593715
22135,35.91361,-79.09521,710,15613.534303169612
22135,35.91245,-79.09433,711,15765.671917552236
22135,35.912115,-79.094087,712,15809.085801016157
22135,35.912023,-79.094109,713,15819.546474597031
22135,35.911997,-79.094015,714,15828.561071583075
22135,35.91179,-79.09389,715,15854.301662684835
22135,35.91163,-79.09381,716,15873.580123768757
22135,35.91148,-79.09375,717,15891.185800732093
22135,35.91139,-79.09371,718,15901.867174671459
22135,35.91129,-79.09367,719,15913.604297386508
22135,35.91118,-79.09363,720,15926.407412429364
22135,35.910462,-79.093379,721,16009.721618216987
22135,35.910388,-79.093414,722,16018.571111077135
22135,35.91032,-79.09334,723,16028.707484376153
22135,35.90996,-79.09322,724,16070.338513067107
22135,35.90954,-79.09307,725,16119.15357836597
22135,35.90847,-79.09268,726,16243.716847462538
22135,35.90742,-79.09232,727,16365.381867832222
22135,35.90725,-79.092262,728,16385.073077095632
22135,35.907205,-79.092302,729,16391.271239727437
22135,35.907183,-79.092242,730,16397.24707673173
22135,35.906369,-79.091977,731,16491.23103087645
22135,35.905614,-79.09174,732,16578.20198956008
22135,35.905436,-79.09169,733,16598.580956161066
22135,35.905355,-79.09172,734,16608.022959997452
22135,35.905294,-79.091631,735,16618.590046361718
22135,35.904482,-79.091371,736,16712.242990551807
22135,35.903727,-79.091153,737,16798.803383257396
22135,35.903054,-79.09098,738,16875.542921193606
22135,35.902977,-79.091017,739,16884.770405476633
22135,35.90299,-79.09095,740,16891.02504032251
22135,35.90288,-79.09091,741,16903.8283189527
22135,35.90255,-79.09073,742,16944.12399387758
22135,35.90248,-79.09067,743,16953.648954028744
22135,35.90237,-79.09058,744,16968.39759896963
22135,35.9022,-79.09039,745,16994.04302499595
22135,35.90195,-79.09007,746,17034.328961665724
22135,35.90168,-79.08974,747,17076.827399971316
22135,35.90151,-79.08995,748,17103.72838660278
22135,35.90176,-79.09027,749,17144.01444838191
22135,35.90177,-79.09029,750,17146.146143509624
22135,35.9018,-79.09032,751,17150.46271885167
22135,35.9018,-79.09034,752,17152.278871306753
22135,35.90181,-79.09035,753,17153.717729515647
22135,35.90181,-79.09039,754,17157.350033735198
22135,35.9018,-79.09041,755,17159.48172766779
22135,35.90179,-79.09044,756,17162.425726811092
22135,35.90178,-79.09046,757,17164.55742096688
22135,35.90177,-79.09046,758,17165.673534849062
22135,35.90176,-79.09047,759,17167.11239307344
22135,35.90174,-79.09048,760,17169.522256899618
22135,35.90172,-79.09048,761,17171.75448459161
22135,35.90169,-79.09047,762,17175.223777789186
22135,35.90166,-79.09045,763,17179.032952327852
22135,35.901507,-79.090337,764,17198.955361972974
23248,35.901507,-79.090337,0,0
23248,35.90154,-79.0903,1,4.985446555216562
23248,35.90149,-79.09024,2,12.784721047736241
23248,35.90137,-79.0901,3,31.25107197261278
23248,35.9014,-79.09008,4,35.060251938590206
23248,35.90146,-79.09001,5,44.29342921976105
23248,35.90151,-79.08995,6,52.09270874637862
23248,35.90168,-79.08974,7,78.99369537784276
23248,35.90195,-79.09007,8,121.49213368343706
23248,35.9022,-79.09039,9,161.77807035321266
23248,35.90237,-79.09058,10,187.4234963795314
23248,35.90248,-79.09067,11,202.17214132041647
23248,35.90255,-79.09073,12,211.6971014715816
23248,35.90288,-79.09091,13,251.99277639646397
23248,35.902996,-79.09095,14,265.43955102935837
23248,35.903148,-79.09085,15,284.6818458050251
23248,35.90317,-79.09101,16,299.4168293638342
23248,35.9035,-79.09111,17,337.35141354231206
23248,35.90372,-79.09115,18,362.17308682826933
23248,35.90387,-79.09119,19,379.30426026527437
23248,35.90431,-79.09132,20,429.81206363334184
23248,35.90433,-79.09133,21,432.22191304000796
23248,35.90491,-79.09151,22,498.9879789653287
23248,35.90499,-79.09154,23,508.3231803327351
23248,35.905504,-79.091703,24,567.5698934106158
23248,35.905601,-79.091652,25,579.3450448751123
23248,35.905675,-79.091757,26,591.9592414838645
23248,35.90596,-79.09185,27,624.8702742406165
23248,35.90625,-79.09194,28,658.2532444898078
23248,35.90707,-79.09221,29,753.0011752001911
23248,35.907297,-79.092157,30,778.7898996695299
23248,35.90742,-79.09232,31,798.9769923439412
23248,35.90847,-79.09268,32,920.6420127136253
23248,35.90954,-79.09307,33,1045.2052818101931
23248,35.90996,-79.09322,34,1094.020347109055
23248,35.910538,-79.093411,35,1160.82182019188
23248,35.910661,-79.09338,36,1174.8355397955513
23248,35.910812,-79.093506,37,1195.2049901232556
23248,35.91118,-79.09363,38,1237.7929461765648
23248,35.91129,-79.09367,39,1250.59606121942
23248,35.91139,-79.09371,40,1262.3331839344687
23248,35.91148,-79.09375,41,1273.0145578738338
23248,35.91163,-79.09381,42,1290.6202348371703
23248,35.91179,-79.09389,43,1309.8986959210936
23248,35.91191,-79.09396,44,1324.7235072588326
23248,35.912241,-79.094182,45,1366.8077433916408
23248,35.912365,-79.094115,46,1381.9254228575448
23248,35.912367,-79.09427,47,1396.0003934838262
23248,35.91361,-79.09521,48,1558.8825053304465
23248,35.91369,-79.09528,49,1569.8422929063433
23248,35.91404,-79.09554,50,1615.4846215311857
23248,35.914344,-79.095769,51,1655.277870538157
23248,35.914453,-79.095727,52,1668.0270445129008
23248,35.914467,-79.095863,53,1680.4732557008929
23248,35.91523,-79.09644,54,1780.4551843161123
23248,35.91562,-79.09672,55,1830.8629199262928
23248,35.91587,-79.09691,56,1863.6672321444166
23248,35.915968,-79.096837,57,1876.4563657178333
23248,35.915963,-79.096972,58,1888.7257518506292
23248,35.9163,-79.09721,59,1932.1033766864955
23248,35.91649,-79.09734,60,1956.3725888864517
23248,35.91698,-79.09767,61,2018.7305379114953
23248,35.91701,-79.09769,62,2022.539500105702
23248,35.91712,-79.09777,63,2036.8041514400659
23248,35.91723,-79.09782,64,2049.8936110772584
23248,35.91759,-79.09804,65,2094.763887451619
23248,35.91786,-79.09822,66,2129.0444503898975
23248,35.918428,-79.098619,67,2202.0585201653216
23248,35.918612,-79.098634,68,2222.6398546301543
23248,35.91869,-79.0988,69,2240.0441896091525
23248,35.91908,-79.0991,70,2291.390790570056
23248,35.91935,-79.09927,71,2325.2477761368323
23248,35.91949,-79.09931,72,2341.2895889276756
23248,35.91967,-79.09936,73,2361.885801431012
23248,35.91985,-79.09942,74,2382.7009405624426
23248,35.92032,-79.09955,75,2436.4688171775115
23248,35.92042,-79.09958,76,2447.9572960019245
23248,35.92061,-79.09964,77,2469.851566921379
23248,35.92073,-79.09967,78,2483.518853251425
23248,35.92088,-79.09971,79,2500.6496301622487
23248,35.921,-79.09974,80,2514.316913133407
23248,35.92112,-79.09976,81,2527.8325973930337
23248,35.92116,-79.09978,82,2532.65208546153
23248,35.9212,-79.0998,83,2537.4715730288844
23248,35.92129,-79.09981,84,2547.5573913057424
23248,35.9214,-79.09982,85,2559.8679829821285
23248,35.92169,-79.09985,86,2592.349190821473
23248,35.92186,-79.09987,87,2611.409522407072
23248,35.92208,-79.09989,88,2636.0307022623147
23248,35.92234,-79.09993,89,2665.2755557922123
23248,35.92249,-79.09994,90,2682.041610549173
23248,35.92278,-79.09997,91,2714.5228092811253
23248,35.92279,-79.09997,92,2715.63890648498
23248,35.92369,-79.10006,93,2816.419380485101
23248,35.92435,-79.10012,94,2890.2828860111154
23248,35.92456,-79.100131,95,2913.7421844616947
23248,35.924691,-79.100088,96,2928.8751751526647
23248,35.9248,-79.10015,97,2942.279522961695
23248,35.92522,-79.10017,98,2989.1907393178026
23248,35.92575,-79.1002,99,3048.406529699245
23248,35.92657,-79.10023,100,3139.9669770599753
23248,35.92671,-79.10023,101,3155.592331902205
23248,35.92691,-79.10024,102,3177.932717941549
23248,35.92728,-79.10026,103,3219.2681877518926
23248,35.927283,-79.100263,104,3219.699782659882
23248,35.92731,-79.10026,105,3222.725524185786
23248,35.92773,-79.10028,106,3269.636730928191
23248,35.92793,-79.1003,107,3292.0323741506
23248,35.92809,-79.10032,108,3309.9819719785855
23248,35.92834,-79.10035,109,3338.016967171072
23248,35.92863,-79.10042,110,3371.0016064564575
23248,35.92886,-79.10048,111,3397.2432604792225
23248,35.92899,-79.10051,112,3412.0058636594845
23248,35.92924,-79.10058,113,3440.6226479433894
23248,35.92985,-79.10074,114,3510.2364503396384
23248,35.93056,-79.10093,115,3591.3343971240633
23248,35.9314,-79.10114,116,3687.0046994450045
23248,35.93148,-79.10116,117,3696.1161530544978
23248,35.93176,-79.10123,118,3728.0062355483697
23248,35.93199,-79.1013,119,3754.4511127987944
23248,35.93227,-79.1014,120,3786.993348363159
23248,35.93237,-79.10144,121,3798.7300282698925
23248,35.93252,-79.1015,122,3816.3350440655486
23248,35.9327,-79.10158,123,3837.696863645986
23248,35.93329,-79.10181,124,3906.776648941707
23248,35.93344,-79.10187,125,3924.3816347540396
23248,35.93366,-79.10194,126,3949.744470894183
23248,35.93365,-79.10178,127,3964.3103492883483
23248,35.93363,-79.10163,128,3978.107486107615
23248,35.93362,-79.10155,129,3985.454290797408
23248,35.93361,-79.10147,130,3992.801097333128
23248,35.93359,-79.1014,131,3999.5356369334663
23248,35.93358,-79.10136,132,4003.334078445278
23248,35.93357,-79.10132,133,4007.1325206389047
23248,35.93354,-79.10126,134,4013.5256142507783
23248,35.93352,-79.10122,135,4017.7876779808835
23248,35.9335,-79.10118,136,4022.0497427711016
23248,35.93346,-79.10112,137,4029.091858951002
23248,35.93343,-79.10108,138,4034.0308433956848
23248,35.93327,-79.10085,139,4061.503385945362
23248,35.93314,-79.10068,140,4082.6842673183896
23248,35.932974,-79.100435,141,4111.629290499417
23248,35.932871,-79.100417,142,4123.240611718599
23248,35.932844,-79.100272,143,4136.7428667568865
23248,35.9326,-79.09996,144,4176.032397142374
23248,35.93248,-79.09979,145,4196.4650474840655
23248,35.93231,-79.09956,146,4224.676065613909
23248,35.93227,-79.09949,147,4232.44161425737
23248,35.93215,-79.09933,148,4252.197773020788
23248,35.93173,-79.09873,149,4324.0558331935545
23248,35.9315,-79.09843,150,4361.479394040766
23248,35.93136,-79.09826,151,4383.440206845605
23248,35.93127,-79.09818,152,4395.835110017993
23248,35.931167,-79.09808,153,4410.482656504193
23248,35.931091,-79.098057,154,4419.21817550789
23248,35.931073,-79.097976,155,4426.840280381561
23248,35.93098,-79.09788,156,4440.392988415558
23248,35.93084,-79.09775,157,4459.9737117201275
23248,35.93071,-79.09762,158,4478.67590262701
23248,35.93045,-79.09734,159,4517.251557980623
23248,35.93023,-79.09708,160,4551.309225732859
23248,35.93018,-79.09701,161,4559.766029391124
23248,35.92992,-79.09668,162,4601.472268735113
23248,35.92985,-79.0966,163,4612.138774997103
23248,35.92969,-79.09639,164,4638.259249653873
23248,35.92942,-79.09602,165,4683.383165628922
23248,35.92939,-79.09598,166,4688.322327450072
23248,35.92916,-79.09565,167,4727.7725169708365
23248,35.92908,-79.09555,168,4740.505373642655
23248,35.92905,-79.09546,169,4749.33467207011
23248,35.928968,-79.095428,170,4758.936661273843
23248,35.92896,-79.095335,171,4767.425865939953
23248,35.92885,-79.09518,172,4786.099363098798
23248,35.92867,-79.09492,173,4817.093625623225
23248,35.9286,-79.09482,174,4829.07033781231
23248,35.92841,-79.09455,175,4861.480418074732
23248,35.92832,-79.09442,176,4876.977608466351
23248,35.92813,-79.09413,177,4910.781618334198
23248,35.92803,-79.09399,178,4927.695564339772
23248,35.9279,-79.09381,179,4949.54763116548
23248,35.9277,-79.09357,180,4980.739463305417
23248,35.9276,-79.09344,181,4996.982445422094
23248,35.92743,-79.09327,182,5021.439728955499
23248,35.92735,-79.0932,183,5032.398906664431
23248,35.92725,-79.09311,184,5046.230710328485
23248,35.92712,-79.093,185,5063.844195193556
23248,35.9271,-79.09299,186,5066.253939160798
23248,35.92692,-79.09285,187,5090.026276195886
23248,35.92672,-79.0927,188,5116.173864972247
23248,35.92664,-79.09264,189,5126.632907279568
23248,35.926489,-79.092518,190,5146.799415724311
23248,35.926372,-79.092537,191,5159.9713225986325
23248,35.92642,-79.09245,192,5169.514676176118
23248,35.92605,-79.09214,193,5219.487793456417
23248,35.92604,-79.09214,194,5220.603904539972
23248,35.9254,-79.09161,195,5306.727610107564
23248,35.92537,-79.09158,196,5311.04366000292
23248,35.92502,-79.09129,197,5358.150618324471
23248,35.92489,-79.09119,198,5375.265989084785
23248,35.92476,-79.09109,199,5392.3813705302255
23248,35.92453,-79.09092,200,5422.333843116922
23248,35.92431,-79.09074,201,5451.828587914855
23248,35.92409,-79.09054,202,5482.366694319326
23248,35.923838,-79.090261,203,5520.216295286218
23248,35.923753,-79.090267,204,5529.7188914612425
23248,35.92375,-79.090142,205,5541.07161023098
23248,35.92362,-79.08998,206,5561.7310756427305
23248,35.92336,-79.08964,207,5604.09635848662
23248,35.92324,-79.08948,208,5623.854038415353
23248,35.92318,-79.08939,209,5634.4182360619425
23248,35.92309,-79.08925,210,5650.6181634148015
23248,35.92294,-79.08902,211,5677.381320412232
23248,35.9228,-79.08877,212,5704.936041163034
23248,35.92271,-79.0886,213,5723.350362129513
23248,35.92255,-79.08832,214,5754.41566292928
23248,35.92224,-79.08776,215,5815.911613350969
23248,35.922097,-79.087522,216,5842.77398441889
23248,35.922032,-79.087502,217,5850.252520249554
23248,35.922035,-79.087407,218,5858.883556862332
23248,35.92189,-79.08716,219,5886.537514372588
23248,35.92175,-79.08692,220,5913.349742295381
23248,35.92167,-79.08678,221,5928.88255434042
23248,35.92153,-79.08652,222,5957.190127887855
23248,35.92127,-79.08545,223,6058.572574472932
23248,35.9212,-79.08519,224,6083.436300147993
23248,35.921125,-79.085127,225,6093.57460647576
23248,35.92117,-79.08509,226,6099.616915234862
23248,35.92113,-79.08492,227,6115.683288143383
23248,35.9211,-79.08474,228,6132.364293775031
23248,35.92109,-79.08469,229,6137.03880182243
23248,35.92106,-79.08447,230,6157.290479193621
23248,35.92104,-79.08426,231,6176.485820158179
23248,35.92102,-79.08408,232,6192.97910466711
23248,35.92099,-79.08385,233,6214.126720345004
23248,35.92094,-79.08342,234,6253.5617445102935
23248,35.920812,-79.082262,235,6359.658924924051
23248,35.920729,-79.082182,236,6371.430485725488
23248,35.920801,-79.082111,237,6381.732356273901
23248,35.92078,-79.08171,238,6418.213261793362
23248,35.92078,-79.08142,239,6444.541469738916
23248,35.92078,-79.08112,240,6471.77755968581
23248,35.92079,-79.08088,241,6493.595007653056
23248,35.920823,-79.080403,242,6537.056771142637
23248,35.920776,-79.08029,243,6548.5791178216405
23248,35.920849,-79.080195,244,6560.4438876901595
23248,35.920874,-79.079877,245,6589.448699835584
23248,35.92087,-79.07961,246,6613.692961263322
23248,35.92085,-79.07944,247,6629.287368847082
23248,35.92084,-79.07933,248,6639.336134598831
23248,35.92081,-79.07921,249,6650.733553007583
23248,35.92077,-79.07909,250,6662.5073199772805
23248,35.92073,-79.07898,251,6673.446441633412
23248,35.92066,-79.07881,252,6690.745171892545
23248,35.92055,-79.07865,253,6709.76467311566
23248,35.92047,-79.07854,254,6723.16099788817
23248,35.92043,-79.07848,255,6730.204066693037
23248,35.92035,-79.0784,256,6741.714065103892
23248,35.92025,-79.0783,257,6756.101571742701
23248,35.9196,-79.07782,258,6840.732621823328
23248,35.9193,-79.07759,259,6880.1942593598205
23248,35.9192,-79.0775,260,6894.026900700883
23248,35.918931,-79.077229,261,6932.844433078968
23248,35.918839,-79.077207,262,6943.305354335796
23248,35.9188,-79.07709,263,6954.78506053729
23248,35.91863,-79.07689,264,6981.047933662824
23248,35.91857,-79.07681,265,6990.92729284473
23248,35.91837,-79.07658,266,7021.494501612566
23248,35.91825,-79.07642,267,7041.253270434557
23248,35.91804,-79.07613,268,7076.504026850495
23248,35.91795,-79.07597,269,7094.165506023848
23248,35.9179,-79.07589,270,7103.325172137218
23248,35.91786,-79.07581,271,7111.85087742849
23248,35.91777,-79.07561,272,7132.6024787585
23248,35.91771,-79.07546,273,7147.778664283113
23248,35.91766,-79.07535,274,7159.219183815566
23248,35.917579,-79.075344,275,7168.27632122169
23248,35.917554,-79.075259,276,7176.482568774137
23248,35.91752,-79.07523,277,7181.101396185704
23248,35.91751,-79.07523,278,7182.217537181162
23248,35.9175,-79.07523,279,7183.333678175766
23248,35.91749,-79.07522,280,7184.772456458566
23248,35.91748,-79.07522,281,7185.888597471207
23248,35.91747,-79.07522,282,7187.004738483458
23248,35.91746,-79.07521,283,7188.443517007913
23248,35.91745,-79.07521,284,7189.559658036828
23248,35.91744,-79.0752,285,7190.998436731278
23248,35.91743,-79.07519,286,7192.437215518081
23248,35.91742,-79.07518,287,7193.875994402882
23248,35.91742,-79.07517,288,7194.78391175037
23248,35.91741,-79.07517,289,7195.900052851519
23248,35.9174,-79.07516,290,7197.338831927182
23248,35.9174,-79.07515,291,7198.246749535215
23248,35.91739,-79.07514,292,7199.685528730309
23248,35.91739,-79.07513,293,7200.59344648381
23248,35.91739,-79.07512,294,7201.501364250845
23248,35.91738,-79.07511,295,7202.940143587352
23248,35.91738,-79.0751,296,7203.848061497999
23248,35.91738,-79.07508,297,7205.663897364226
23248,35.91738,-79.07507,298,7206.5718153194175
23248,35.91737,-79.07506,299,7208.010594843968
23248,35.91737,-79.07505,300,7208.91851294254
23248,35.91738,-79.07504,301,7210.357292510948
23248,35.91738,-79.07503,302,7211.265210523253
23248,35.91738,-79.07502,303,7212.173128550289
23248,35.91738,-79.07501,304,7213.081046590783
23248,35.91738,-79.075,305,7213.988964646549
23248,35.91739,-79.07499,306,7215.427744255045
23248,35.91739,-79.07498,307,7216.335662224079
23248,35.91739,-79.07497,308,7217.243580207575
23248,35.9174,-79.07496,309,7218.6823598131095
23248,35.9174,-79.07495,310,7219.5902777106085
23248,35.91741,-79.07494,311,7221.029057287347
23248,35.91738,-79.07475,312,7238.601472424239
23248,35.91716,-79.07431,313,7285.49321452742
23248,35.91693,-79.07392,314,7329.228928957818
23248,35.916839,-79.073716,315,7350.352739619992
23248,35.916776,-79.073677,316,7358.225664742782
23248,35.916779,-79.073594,317,7365.768894381902
23248,35.91664,-79.0733,318,7396.643115304818
23248,35.91663,-79.07328,319,7398.774574850163
23248,35.91648,-79.07301,320,7428.460299378485
23248,35.91646,-79.07297,321,7432.72322701043
23248,35.91635,-79.07279,322,7453.164018329285
23248,35.91632,-79.07274,323,7458.804993423728
23248,35.9162,-79.07254,324,7481.368912254224
23248,35.91612,-79.07243,325,7494.765779860933
23248,35.91604,-79.07235,326,7506.276140624772
23248,35.91601,-79.07233,327,7510.085266771871
23248,35.91599,-79.07231,328,7512.9628584501215
23248,35.91596,-79.07229,329,7516.771985389462
23248,35.9159,-79.07225,330,7524.390240621717
23248,35.91574,-79.07218,331,7543.345814102164
23248,35.91542,-79.07219,332,7579.074036882049
23248,35.91506,-79.07219,333,7619.2553064065605
23248,35.91474,-79.0722,334,7654.9835286786865
23248,35.914408,-79.072213,335,7692.058381076605
23248,35.914322,-79.07229,336,7703.933392844975
23248,35.914264,-79.072213,337,7713.461563973562
23248,35.91384,-79.07223,338,7760.811332748089
23248,35.91336,-79.07224,339,7814.394047786891
23248,35.91305,-79.07225,340,7849.006493206005
23248,35.91295,-79.07225,341,7860.167955751861
23248,35.91282,-79.07226,342,7874.7062379498875
23248,35.912332,-79.07227,343,7929.181741192022
23248,35.912174,-79.072356,344,7948.468314534548
23248,35.91196,-79.07227,345,7973.59784991294
23248,35.9118,-79.07228,346,7991.4792569790725
23248,35.91139,-79.07228,347,8037.241250868715
23248,35.9111,-79.07229,348,8069.622223118398
23248,35.91104,-79.07208,349,8089.831946507477
23248,35.910954,-79.071864,350,8111.667627037146
23248,35.910899,-79.071792,351,8120.635621885402
23248,35.910891,-79.071694,352,8129.578688685955
23248,35.91079,-79.07143,353,8156.068296829089
23248,35.91078,-79.0714,354,8159.012096179916
23248,35.91073,-79.07119,355,8178.879993568459
23248,35.91071,-79.07111,356,8186.479264871871
23248,35.91069,-79.07104,357,8193.215879508145
23248,35.91068,-79.07098,358,8198.777046353829
23248,35.91066,-79.07086,359,8209.899383683038
23248,35.91062,-79.07052,360,8241.092617024009
23248,35.91061,-79.07035,361,8256.568967751924
23248,35.9106,-79.07032,362,8259.51277794175
23248,35.91059,-79.07029,363,8262.456588592602
23248,35.91055,-79.07017,364,8274.231835814706
23248,35.91061,-79.06977,365,8311.164241382956
23248,35.91062,-79.06965,366,8322.117307293196
23248,35.91071,-79.06905,367,8377.515912261913
23248,35.91076,-79.06851,368,8426.864699865167
23248,35.910684,-79.068409,369,8439.357164757212
23248,35.91078,-79.06831,370,8453.343560418014
23248,35.91079,-79.06817,371,8466.104525098024
23248,35.91081,-79.06793,372,8488.010663671157
23248,35.91086,-79.06734,373,8541.87282392563
23248,35.91085,-79.06728,374,8547.434011953663
23248,35.91082,-79.06719,375,8556.26546392597
23248,35.91079,-79.0671,376,8565.096920054948
23248,35.91075,-79.06701,377,8574.409026179546
23248,35.91071,-79.0669,378,8585.349522458106
23248,35.91068,-79.06685,379,8590.99081299949
23248,35.91065,-79.06679,380,8597.385610569878
23248,35.91057,-79.06668,381,8610.783127277646
23248,35.91041,-79.06645,382,8638.26179392529
23248,35.91016,-79.06612,383,8679.206822112168
23248,35.91002,-79.06593,384,8702.483844883936
23248,35.90991,-79.06577,385,8721.505240066432
23248,35.90983,-79.06564,386,8736.306314347985
23248,35.9098,-79.06559,387,8741.94765717419
23248,35.90978,-79.06553,388,8747.835374656332
23248,35.90975,-79.06545,389,8755.834143016884
23248,35.9097,-79.06528,390,8772.24834833346
23248,35.90967,-79.06506,391,8792.503510823264
23248,35.90966,-79.0649,392,8807.074672102783
23248,35.90966,-79.06483,393,8813.43082643391
23248,35.90967,-79.06477,394,8818.992117623891
23248,35.90968,-79.06473,395,8822.791838212785
23248,35.9097,-79.06468,396,8827.851071850962
23248,35.90972,-79.06461,397,8834.587831083536
23248,35.90973,-79.06459,398,8836.719456336677
23248,35.90975,-79.06453,399,8842.607186399284
23248,35.90988,-79.0642,400,8875.900208068082
23248,35.91002,-79.06383,401,8912.953149841282
23248,35.91005,-79.06375,402,8920.951917145436
23248,35.910286,-79.06314,403,8982.285628085121
23248,35.910148,-79.063341,404,9006.167807185066
23248,35.910371,-79.06293,405,9051.026250863819
23248,35.91051,-79.06258,406,9086.3916158067
23248,35.91063,-79.06227,407,9117.564271121637
23248,35.91072,-79.06203,408,9141.560474296977
23248,35.91077,-79.0619,409,9154.617433984296
23248,35.9108,-79.06183,410,9161.801606720486
23248,35.91089,-79.06158,411,9186.625313323551
23248,35.91095,-79.06143,412,9201.802900005188
23248,35.91108,-79.06111,413,9234.280849949653
23248,35.911349,-79.060412,414,9304.412181015008
23248,35.911293,-79.060262,415,9319.398089376687
23248,35.91141,-79.06024,416,9332.609151365248
23248,35.91155,-79.05987,417,9369.661732879125
23248,35.9117,-79.05947,418,9409.65516349106
23248,35.91176,-79.05933,419,9424.023429940617
23248,35.91183,-79.05914,420,9442.962304433853
23248,35.91192,-79.05891,421,9466.136832513082
23248,35.91198,-79.05878,422,9479.708339548448
23248,35.91204,-79.05864,423,9494.076581662574
23248,35.9121,-79.05846,424,9511.739491852863
23248,35.91224,-79.05814,425,9544.731005618843
23248,35.91239,-79.05774,426,9584.724256415919
23248,35.91258,-79.05726,427,9633.193975536364
23248,35.9126,-79.05719,428,9639.930594280228
23248,35.912746,-79.05681,429,9678.089290649337
23248,35.912713,-79.05663,430,9694.843173225237
23248,35.912863,-79.056499,431,9715.380959178283
23248,35.91308,-79.05594,432,9771.620877405632
23248,35.91314,-79.05578,433,9787.61809707271
23248,35.91318,-79.05566,434,9799.39328357129
23248,35.9132,-79.05562,435,9803.656458300653
23248,35.9133,-79.05534,436,9831.422557080996
23248,35.91335,-79.05521,437,9844.479305062658
23248,35.91339,-79.05511,438,9854.597544060975
23248,35.91344,-79.05499,439,9866.839569949803
23248,35.91357,-79.05468,440,9898.507297342183
23248,35.91362,-79.05453,441,9913.226236752125
23248,35.913706,-79.054322,442,9934.411896891861
23248,35.91368,-79.054139,443,9951.279650186854
23248,35.913784,-79.054117,444,9963.058526657624
23248,35.9139,-79.05383,445,9992.157137465665
23248,35.91402,-79.0535,446,10024.9781950397
23248,35.91404,-79.05345,447,10030.037293857626
23248,35.91409,-79.05332,448,10043.09398053059
23248,35.91419,-79.05306,449,10069.207341593778
23248,35.91427,-79.05287,450,10088.633034559363
23248,35.91458,-79.05205,451,10170.735308289919
23248,35.91477,-79.05156,452,10220.022429151644
23248,35.91493,-79.05115,453,10261.311763631833
23248,35.914937,-79.050924,454,10281.847004224237
23248,35.91504,-79.05086,455,10294.728877463787
23248,35.91511,-79.05067,456,10313.667350678534
23248,35.91538,-79.04993,457,10387.30694499389
23248,35.91551,-79.04961,458,10419.784022586065
23248,35.91564,-79.04924,459,10456.378884705591
23248,35.91582,-79.04878,460,10502.726831496138
23248,35.91583,-79.048607,461,10518.474390961846
23248,35.91591,-79.04854,462,10529.279211332527
23248,35.91592,-79.04853,463,10530.718062302738
23248,35.91611,-79.04804,464,10580.004773900684
23248,35.91626,-79.04764,465,10619.997041763761
23248,35.91634,-79.04744,466,10640.233157069215
23248,35.916847,-79.046127,467,10772.199184272567
23248,35.916816,-79.045974,468,10786.515518014212
23248,35.91693,-79.0459,469,10800.905088317388
23248,35.91706,-79.04559,470,10832.572161879269
23248,35.91713,-79.0454,471,10851.51038967379
23248,35.91713,-79.04538,472,10853.326317232373
23248,35.91716,-79.04525,473,10865.595640147896
23248,35.91718,-79.04518,474,10872.332037825316
23248,35.91718,-79.04507,475,10882.319637254535
23248,35.91717,-79.04495,476,10893.272227941196
23248,35.91715,-79.04481,477,10906.17826359017
23248,35.91712,-79.04471,478,10915.855711736556
23248,35.91706,-79.04453,479,10933.518046611489
23248,35.91701,-79.04436,480,10949.93144678652
23248,35.91695,-79.04419,481,10966.757171584786
23248,35.9169,-79.04403,482,10982.319795617652
23248,35.91687,-79.04396,483,10989.503735864237
23248,35.91685,-79.04387,484,10997.974899323515
23248,35.916737,-79.043784,485,11012.809375996585
23248,35.91682,-79.04371,486,11024.253782526734
23248,35.9168,-79.04352,487,11041.64905367469
23248,35.9168,-79.04339,488,11053.452668915581
23248,35.9168,-79.04316,489,11074.33599418826
23248,35.91681,-79.04302,490,11087.096498703597
23248,35.91682,-79.04292,491,11096.244559708315
23248,35.91683,-79.04281,492,11106.294418616402
23248,35.91686,-79.04266,493,11120.319596604717
23248,35.91687,-79.04261,494,11124.99465555729
23248,35.9169,-79.04247,495,11138.139907002853
23248,35.91693,-79.0424,496,11145.323862978856
23248,35.91696,-79.04228,497,11156.722466904455
23248,35.91703,-79.0421,498,11174.837594943489
23248,35.91717,-79.04176,499,11209.438354625629
23248,35.91722,-79.04163,500,11222.49485906736
23248,35.91732,-79.04141,501,11245.377225617525
23248,35.91737,-79.0413,502,11256.81840357044
23248,35.91744,-79.04115,503,11272.52000049025
23248,35.91754,-79.04096,504,11293.067501174088
23248,35.91765,-79.04076,505,11314.98815160838
23248,35.91766,-79.04075,506,11316.427007740685
23248,35.91777,-79.04059,507,11335.448070695968
23248,35.91778,-79.04057,508,11337.579618860798
23248,35.9179,-79.04041,509,11357.339585210715
23248,35.91801,-79.04027,510,11375.012623309798
23248,35.91822,-79.04001,511,11408.280248244042
23248,35.91834,-79.039869,512,11426.808815839264
23248,35.918358,-79.039708,513,11441.564363825019
23248,35.91853,-79.03964,514,11461.731420306058
23248,35.9189,-79.03917,515,11521.117544329229
23248,35.91895,-79.03913,516,11527.77621388465
23248,35.91901,-79.03905,517,11537.65614155368
23248,35.91907,-79.03898,518,11546.889087489059
23248,35.91914,-79.03893,519,11555.925633537148
23248,35.91921,-79.03887,520,11565.450718184804
23248,35.91927,-79.03884,521,11572.68067568657
23248,35.91936,-79.03881,522,11583.089252151512
23248,35.91943,-79.03879,523,11591.110930628349
23248,35.9195,-79.03878,524,11598.97694761753
23248,35.91961,-79.03877,525,11611.288736208016
23248,35.91973,-79.03879,526,11624.805735732598
23248,35.91988,-79.03882,527,11641.76893684306
23248,35.92014,-79.03886,528,11671.016644025041
23248,35.92034,-79.03889,529,11693.50631249496
23248,35.92036,-79.03889,530,11695.738723780634
23248,35.92044,-79.0389,531,11704.714408025178
23248,35.92053,-79.03891,532,11714.801204245412
23248,35.92062,-79.03891,533,11724.847054716354
23248,35.92069,-79.0389,534,11732.71306864693
23248,35.92078,-79.03889,535,11742.799864776722
23248,35.92085,-79.03888,536,11750.665878750813
23248,35.92088,-79.03887,537,11754.135399288718
23248,35.92106,-79.0388,538,11775.208342782764
23248,35.92128,-79.03874,539,11800.36185185253
23248,35.92139,-79.03871,540,11812.938606058673
23248,35.92146,-79.03869,541,11820.960275245756
23248,35.92156,-79.03868,542,11832.159199757154
23248,35.92161,-79.03869,543,11837.813597944833
23248,35.92165,-79.03869,544,11842.278421964578
23248,35.92172,-79.03869,545,11850.09186400188
23248,35.92182,-79.0387,546,11861.290788105343
23248,35.92215,-79.03874,547,11898.304180956144
23248,35.922308,-79.038752,548,11915.973855036917
23248,35.922433,-79.038616,549,11934.605493188035
23248,35.922532,-79.038773,550,11952.641422328401
23248,35.92284,-79.03871,551,11987.493134602917
23248,35.92285,-79.03871,552,11988.60934057757
23248,35.92319,-79.03863,553,12027.249132511699
23248,35.92339,-79.03858,554,12050.030125583462
23248,35.92351,-79.03856,555,12063.54711809956
23248,35.92363,-79.03852,556,12077.425175047843
23248,35.92376,-79.03848,557,12092.38339563169
23248,35.92396,-79.0384,558,12115.859348185828
23248,35.9242,-79.03827,559,12145.133058281928
23248,35.92423,-79.03825,560,12148.94230105011
23248,35.92446,-79.03812,561,12177.19812227324
23248,35.924493,-79.03797,562,12191.305824226418
23248,35.9247,-79.03796,563,12214.429145605687
23248,35.92472,-79.03793,564,12217.9507931823
23248,35.92493,-79.03776,565,12246.016082466691
23248,35.92522,-79.03749,566,12286.62024814347
23248,35.92576,-79.03693,567,12365.474145476841
23248,35.92635,-79.03633,568,12450.939360291994
23248,35.92673,-79.035952,569,12505.49944186851
23248,35.926825,-79.035781,570,12524.299847070191
23248,35.9269,-79.03578,571,12532.671923457778
23248,35.92697,-79.0357,572,12543.339649305839
23248,35.92703,-79.03565,573,12551.43031134491
23248,35.9272,-79.0355,574,12574.786712264835
23248,35.92728,-79.03543,575,12585.746904709093
23248,35.92729,-79.03543,576,12586.863116553346
23248,35.92739,-79.03535,577,12600.18011089796
23248,35.92749,-79.03527,578,12613.497101894829
23248,35.92756,-79.03522,579,12622.533456881685
23248,35.92764,-79.03516,580,12632.99342288007
23248,35.92773,-79.0351,581,12644.421093540792
23248,35.92777,-79.03507,582,12649.651074706208
23248,35.92789,-79.03498,583,12665.341015368684
23248,35.92801,-79.03489,584,12681.030951780385
23248,35.9282,-79.0348,585,12703.758489833292
23248,35.92838,-79.03471,586,12725.448149851778
23248,35.928753,-79.03454,587,12769.85133288744
23248,35.9289,-79.03447,588,12787.447310821048
23248,35.9293,-79.03428,589,12835.311915109289
23248,35.92918,-79.03411,590,12855.74719099952
23248,35.92906,-79.03393,591,12876.876498292771
23248,35.92894,-79.03377,592,12896.635154867618
23248,35.92889,-79.03369,593,12905.794630115106
23248,35.92882,-79.0336,594,12917.099923551683
23248,35.92867,-79.0334,595,12941.798301482904
23248,35.92851,-79.03319,596,12967.921612713511
23248,35.92841,-79.03305,597,12984.837153174385
23248,35.92839,-79.03302,598,12988.358729272064
23248,35.92828,-79.03287,599,13006.69455666498
23248,35.92827,-79.03286,600,13008.13335339015
23248,35.9282,-79.03275,601,13020.813218316012
23248,35.9282,-79.03274,602,13021.721072267574
23248,35.92813,-79.03262,603,13035.127630739988
23248,35.92809,-79.03255,604,13042.894283692218
23248,35.92806,-79.03251,605,13047.833989740038
23248,35.92798,-79.03233,606,13066.456076916147
23248,35.92787,-79.03229,607,13079.260224300342
23248,35.92791,-79.03215,608,13092.731659995075
23248,35.92787,-79.03203,609,13104.505397259405
23248,35.92783,-79.03189,610,13117.97684468093
23248,35.92779,-79.03172,611,13134.043320073624
23248,35.92777,-79.03161,612,13144.276268963766
23248,35.92775,-79.03152,613,13152.746503964774
23248,35.92772,-79.0312,614,13181.99042339296
23248,35.92768,-79.0309,615,13209.589835351191
23248,35.92767,-79.03071,616,13226.875307386235
23248,35.92766,-79.03062,617,13235.121967653122
23248,35.92764,-79.03048,618,13248.02662409234
23248,35.92763,-79.03036,619,13258.978024390362
23248,35.9276,-79.03023,620,13271.246125733223
23248,35.92771,-79.03017,621,13284.678613415837
23248,35.92792,-79.03009,622,13309.218654721977
23248,35.92804,-79.03003,623,13323.67854465035
23248,35.92809,-79.03,624,13329.888749210399
23248,35.92815,-79.02996,625,13337.507249421044
23248,35.92818,-79.02995,626,13340.976797387877
23248,35.9283,-79.02986,627,13356.666844187981
23248,35.9284,-79.02979,628,13369.511340459107
23248,35.92847,-79.02972,629,13379.582959390618
23248,35.92883,-79.02943,630,13427.623612146132
23248,35.92926,-79.02898,631,13490.653397487902
23248,35.9296,-79.02849,632,13549.127231111046
23248,35.9298,-79.02815,633,13587.220980176951
23248,35.92988,-79.02795,634,13607.454912218767
23248,35.93008,-79.02742,635,13660.49725991684
23248,35.930051,-79.027389,636,13664.78664678612
23248,35.930114,-79.02733,637,13673.62642451733
23248,35.93021,-79.02706,638,13700.378047706463
23248,35.93023,-79.02697,639,13708.848097010285
23248,35.93026,-79.02683,640,13721.991582919265
23248,35.93031,-79.02663,641,13740.986777395787
23248,35.93037,-79.02617,642,13783.280979893736
23248,35.93041,-79.02577,643,13819.867978073455
23248,35.93041,-79.02541,644,13852.550172914927
23248,35.93041,-79.02522,645,13869.799116667577
23248,35.93038,-79.02482,646,13906.266781020868
23248,35.93035,-79.02428,647,13955.404421266376
23248,35.93033,-79.02412,648,13970.100442283087
23248,35.93118,-79.02401,649,14065.504256715281
23248,35.93142,-79.02399,650,14092.35528852829
23248,35.93155,-79.02397,651,14106.979457118368
23248,35.93176,-79.02394,652,14130.578019712284
23248,35.93218,-79.0239,653,14177.60020369756
23248,35.93248,-79.02385,654,14211.393410777018
23248,35.93345,-79.02373,655,14320.214618330312
23248,35.93413,-79.02365,656,14396.46508982312
23248,35.93509,-79.02354,657,14504.087719191142
23248,35.93546,-79.02349,658,14545.637010129243
23248,35.9358,-79.02345,659,14583.762251436447
23248,35.93583,-79.02341,660,14588.701765843358
23248,35.93586,-79.02338,661,14593.018055495595
23248,35.93588,-79.02337,662,14595.428028555874
23248,35.9359,-79.02335,663,14598.305554495419
23248,35.93592,-79.02332,664,14601.826983457828
23248,35.93594,-79.02329,665,14605.34841205178
23248,35.93596,-79.02326,666,14608.86984027731
23248,35.93596,-79.02323,667,14611.59317390653
23248,35.93597,-79.02319,668,14615.391982691754
23248,35.93598,-79.02316,669,14618.335199069392
23248,35.93599,-79.023,670,14632.902473597384
23248,35.93581,-79.02287,671,14656.204055450104
23248,35.93562,-79.02264,672,14685.965273310529
23248,35.935223,-79.022178,673,14746.979327982868
23248,35.935145,-79.022163,674,14755.791802723099
23248,35.935147,-79.022074,675,14763.874208070698
23248,35.9349,-79.02177,676,14802.883783338648
23248,35.93483,-79.02168,677,14814.188839656206
23248,35.93469,-79.02151,678,14836.151875924523
23248,35.934283,-79.02103,679,14899.101708910208
23248,35.934186,-79.021002,680,14910.223571348728
23248,35.93412,-79.02084,681,14926.672074198717
23248,35.9338,-79.02045,682,14976.964839455437
23248,35.93357,-79.02019,683,15011.8393405223
23248,35.93347,-79.02004,684,15029.446897101276
23248,35.9334,-79.01995,685,15040.75209240381
23248,35.93323,-79.01967,686,15072.472838345235
23248,35.93317,-79.01956,687,15084.496782468672
23248,35.93312,-79.01946,688,15095.153366382365
23248,35.93303,-79.01927,689,15115.11425126073
23248,35.93293,-79.01906,690,15137.205935443062
23248,35.93286,-79.01888,691,15155.318746482646
23248,35.93286,-79.01887,692,15156.226566607582
23248,35.93281,-79.01874,693,15169.281420767322
23248,35.932746,-79.018531,694,15189.555257829617
23248,35.932665,-79.018485,695,15199.514608087748
23248,35.932694,-79.01837,696,15210.444917266539
23248,35.93259,-79.01792,697,15252.914418134491
23248,35.93255,-79.0177,698,15273.37957853973
23248,35.93252,-79.01751,699,15290.950328983003
23248,35.93249,-79.01715,700,15323.803198158705
23248,35.93246,-79.01662,701,15372.034447561786
23248,35.93245,-79.01643,702,15389.319264935444
23248,35.93245,-79.01631,703,15400.213207110672
23248,35.93244,-79.01614,704,15415.686611758347
23248,35.93243,-79.01593,705,15434.783675332566
23248,35.93243,-79.01559,706,15465.64988285108
23248,35.93243,-79.01558,707,15466.557712738417
23248,35.932445,-79.015095,708,15510.619300653123
23248,35.932392,-79.015002,709,15520.92860440768
23248,35.93245,-79.01493,710,15530.128609178963
23248,35.9325,-79.01395,711,15619.270944080476
23248,35.93254,-79.0133,712,15678.44868846432
23248,35.93257,-79.01283,713,15721.248007097387
23248,35.93258,-79.01263,714,15739.438934944805
23248,35.9326,-79.01219,715,15779.44591029659
23248,35.93261,-79.01197,716,15799.449404730296
23248,35.932546,-79.011835,717,15813.635333076634
23248,35.932619,-79.01178,718,15823.192082903604
23248,35.93264,-79.01127,719,15869.550893921336
23248,35.93267,-79.01044,720,15944.97550651877
23248,35.93269,-79.01,721,15984.982576441244
23248,35.9327,-79.00955,722,16025.850410927775
23248,35.93273,-79.00889,723,16085.861085258442
23248,35.932738,-79.008346,724,16135.255463819976
23248,35.9327,-79.008203,725,16148.91295111741
23248,35.93274,-79.008,726,16167.875237711696
23248,35.93274,-79.00783,727,16183.30847438637
23248,35.93273,-79.00772,728,16193.356883520333
23248,35.93271,-79.00743,729,16219.778678733928
23248,35.93266,-79.0071,730,16250.2528321419
23248,35.93265,-79.00706,731,16254.051885614554
23248,35.93262,-79.00689,732,16269.844305688594
23248,35.93261,-79.00684,733,16274.518746711363
23248,35.93257,-79.00669,734,16288.849694824052
23248,35.9325,-79.00646,735,16311.144214886961
23248,35.93243,-79.00624,736,16332.590863063497
23248,35.9323,-79.00591,737,16365.87923220134
23248,35.93225,-79.00579,738,16378.119888997044
23248,35.93218,-79.00564,739,16393.820147105293
23248,35.932078,-79.005543,740,16408.21412703446
23248,35.9321,-79.00547,741,16415.28179281247
23248,35.93202,-79.00533,742,16430.815250684653
23248,35.93193,-79.00517,743,16448.476596491982
23248,35.93183,-79.005,744,16467.52383188966
23248,35.93179,-79.00494,745,16474.567117259343
23248,35.93172,-79.00481,746,16488.721476309547
23248,35.93152,-79.00446,747,16527.55531454182
23248,35.93141,-79.00427,748,16548.72865643801
23248,35.93116,-79.00383,749,16597.45702268331
23248,35.93105,-79.00364,750,16618.630450499233
23248,35.93095,-79.00347,751,16637.67787299698
23248,35.93085,-79.00328,752,16658.224136087465
23248,35.93075,-79.0031,753,16678.01437908913
23248,35.93069,-79.00299,754,16690.038904766265
23248,35.93065,-79.00291,755,16698.564593406005
23248,35.93062,-79.00286,756,16704.205532021402
23248,35.93055,-79.00266,757,16723.97287918163
23248,35.93051,-79.00251,758,16738.30426339549
23248,35.93047,-79.00236,759,16752.635657658626
23248,35.93045,-79.00222,760,16765.540449322645
23248,35.93043,-79.00207,761,16779.340324283556
23248,35.931321,-79.002037,762,16878.84522683542
23248,35.931391,-79.001953,763,16889.76372318426
23248,35.93147,-79.002035,764,16901.30438019127
23248,35.9319,-79.00202,765,16949.323370103397
23248,35.9328,-79.002,766,17049.804218248355
23248,35.93334,-79.00199,767,17110.089720933403
23248,35.93396,-79.00197,768,17179.322374898165
23248,35.934058,-79.00187,769,17193.53812854065
23248,35.934146,-79.001976,770,17207.289392450337
23248,35.9346,-79.00195,771,17258.023062740624
23248,35.93496,-79.00194,772,17298.21909678144
23248,35.93568,-79.00193,773,17378.595787443013
23248,35.9364,-79.00191,774,17458.987858383392
23248,35.936418,-79.002261,775,17490.915047611186
23248,35.936483,-79.00234,776,17501.11693542246
23248,35.936426,-79.002412,777,17510.23867523052
23248,35.93647,-79.00333,778,17593.71949632662
23248,35.936496,-79.004019,779,17656.334234297996
23248,35.936562,-79.004091,780,17666.183063008575
23248,35.936506,-79.004175,781,17676.043320358243
23248,35.93652,-79.00471,782,17724.635693014123
23248,35.93656,-79.00565,783,17810.085388176798
23248,35.93658,-79.00609,784,17850.09075768139
23248,35.93661,-79.0066,785,17896.50926137403
23248,35.93661,-79.00663,786,17899.232644932214
23248,35.93665,-79.00749,787,17977.430477962087
23248,35.93666,-79.00779,788,18004.687120311122
23248,35.93667,-79.00801,789,18024.689715813278
23248,35.936758,-79.008201,790,18044.617774918504
23250,35.901507,-79.090337,0,0
23250,35.90154,-79.0903,1,4.985446555216562
23250,35.90149,-79.09024,2,12.784721047736241
23250,35.90137,-79.0901,3,31.25107197261278
23250,35.9014,-79.09008,4,35.060251938590206
23250,35.90146,-79.09001,5,44.29342921976105
23250,35.90151,-79.08995,6,52.09270874637862
23250,35.90168,-79.08974,7,78.99369537784276
23250,35.90195,-79.09007,8,121.49213368343706
23250,35.9022,-79.09039,9,161.77807035321266
23250,35.90237,-79.09058,10,187.4234963795314
23250,35.90248,-79.09067,11,202.17214132041647
23250,35.90255,-79.09073,12,211.6971014715816
23250,35.90288,-79.09091,13,251.99277639646397
23250,35.90311,-79.09099,14,278.6714668712157
23250,35.903148,-79.09085,15,292.07312091218097
23250,35.90317,-79.09101,16,306.8081044709901
23250,35.9035,-79.09111,17,344.74268864946794
23250,35.90372,-79.09115,18,369.5643619354252
23250,35.90387,-79.09119,19,386.69553537243024
23250,35.90431,-79.09132,20,437.2033387404977
23250,35.90433,-79.09133,21,439.61318814716384
23250,35.90491,-79.09151,22,506.3792540724845
23250,35.90499,-79.09154,23,515.7144554398909
23250,35.90526,-79.09162,24,546.7126718542808
23250,35.90532,-79.09164,25,553.6512239701285
23250,35.905516,-79.091707,26,576.3572373178986
23250,35.905601,-79.091652,27,587.0784287479511
23250,35.905664,-79.091757,28,598.9251662449814
23250,35.90596,-79.09185,29,633.0242731312023
23250,35.90625,-79.09194,30,666.4072433803937
23250,35.90718,-79.092244,31,773.8132826646317
23250,35.907297,-79.092157,32,789.0753099745187
23250,35.907315,-79.09228,33,800.4230820703116
23250,35.90847,-79.09268,34,934.3526543528436
23250,35.90954,-79.09307,35,1058.9159234494114
23250,35.90996,-79.09322,36,1107.7309887482731
23250,35.91032,-79.09334,37,1149.362017439227
23250,35.910557,-79.093426,38,1176.9422663653008
23250,35.910661,-79.09338,39,1189.2783627014148
23250,35.91073,-79.093475,40,1200.8416875352395
23250,35.91118,-79.09363,41,1253.001070125075
23250,35.91129,-79.09367,42,1265.8041851679304
23250,35.91139,-79.09371,43,1277.541307882979
23250,35.91148,-79.09375,44,1288.2226818223442
23250,35.91163,-79.09381,45,1305.8283587856806
23250,35.91179,-79.09389,46,1325.106819869604
23250,35.91191,-79.09396,47,1339.931631207343
23250,35.912226,-79.094176,48,1380.2866010762905
23250,35.912365,-79.094115,49,1396.759480744402
23250,35.91245,-79.09433,50,1418.4635412650966
23250,35.91361,-79.09521,51,1570.6011556477206
23250,35.91369,-79.09528,52,1581.5609432236174
23250,35.91404,-79.09554,53,1627.2032718484597
23250,35.91418,-79.09565,54,1645.747791031923
23250,35.914453,-79.095727,55,1677.0091786939731
23250,35.91458,-79.09595,56,1701.7244312755918
23250,35.91523,-79.09644,57,1786.8255664743497
23250,35.91562,-79.09672,58,1837.2333020845301
23250,35.91587,-79.09691,59,1870.037614302654
23250,35.915968,-79.096837,60,1882.8267478760706
23250,35.91605,-79.09704,61,1903.4044083718572
23250,35.9163,-79.09721,62,1935.2912432125422
23250,35.91649,-79.09734,63,1959.5604554124984
23250,35.91698,-79.09767,64,2021.918404437542
23250,35.91701,-79.09769,65,2025.7273666317487
23250,35.91712,-79.09777,66,2039.9920179661126
23250,35.91723,-79.09782,67,2053.0814776033053
23250,35.91759,-79.09804,68,2097.951753977666
23250,35.91786,-79.09822,69,2132.2323169159445
23250,35.918381,-79.098596,70,2199.660493212816
23250,35.918612,-79.098634,71,2225.672187700116
23250,35.91869,-79.0988,72,2243.076522679114
23250,35.91908,-79.0991,73,2294.423123640018
23250,35.91935,-79.09927,74,2328.280109206794
23250,35.91949,-79.09931,75,2344.321921997637
23250,35.91967,-79.09936,76,2364.918134500974
23250,35.91985,-79.09942,77,2385.7332736324042
23250,35.92032,-79.09955,78,2439.5011502474727
23250,35.92042,-79.09958,79,2450.9896290718857
23250,35.92061,-79.09964,80,2472.88389999134
23250,35.92073,-79.09967,81,2486.551186321386
23250,35.92088,-79.09971,82,2503.68196323221
23250,35.921,-79.09974,83,2517.3492462033682
23250,35.92112,-79.09976,84,2530.864930462995
23250,35.92116,-79.09978,85,2535.6844185314912
23250,35.9212,-79.0998,86,2540.5039060988456
23250,35.92129,-79.09981,87,2550.5897243757036
23250,35.9214,-79.09982,88,2562.9003160520897
23250,35.92169,-79.09985,89,2595.381523891434
23250,35.92186,-79.09987,90,2614.441855477033
23250,35.92208,-79.09989,91,2639.063035332276
23250,35.92234,-79.09993,92,2668.3078888621735
23250,35.92249,-79.09994,93,2685.0739436191343
23250,35.92278,-79.09997,94,2717.5551423510865
23250,35.92279,-79.09997,95,2718.671239554941
23250,35.92369,-79.10006,96,2819.4517135550623
23250,35.92435,-79.10012,97,2893.3152190810765
23250,35.924566,-79.10012,98,2917.422913248065
23250,35.924691,-79.100088,99,2931.673354612672
23250,35.9248,-79.10015,100,2945.0777024217023
23250,35.92522,-79.10017,101,2991.98891877781
23250,35.92575,-79.1002,102,3051.204709159252
23250,35.92657,-79.10023,103,3142.7651565199826
23250,35.92671,-79.10023,104,3158.3905113622122
23250,35.92691,-79.10024,105,3180.7308974015564
23250,35.927268,-79.100248,106,3220.6937601967256
23250,35.927289,-79.100033,107,3240.3509868353253
23250,35.927297,-79.099735,108,3267.417188882205
23250,35.927297,-79.099557,109,3283.5754551214277
23250,35.926961,-79.09955,110,3321.0817303216
23250,35.926987,-79.098583,111,3408.91126671705
23250,35.926995,-79.098508,112,3415.777862532904
23250,35.927034,-79.098466,113,3421.56431572784
23250,35.927123,-79.098458,114,3431.5241161962335
23250,35.927174,-79.098379,115,3440.6799335258734
23250,35.927221,-79.098467,116,3450.2366745478867
23250,35.927394,-79.09848,117,3469.5812316895945
23250,35.927354,-79.099952,118,3603.279164262935
23250,35.927351,-79.100075,119,3614.449712643658
23250,35.927371,-79.100257,120,3631.12117242244
23250,35.92773,-79.10028,121,3671.243404598239
23250,35.92793,-79.1003,122,3693.639047820648
23250,35.92809,-79.10032,123,3711.5886456486337
23250,35.92834,-79.10035,124,3739.62364084112
23250,35.92863,-79.10042,125,3772.6082801265056
23250,35.92886,-79.10048,126,3798.8499341492707
23250,35.92899,-79.10051,127,3813.6125373295326
23250,35.92924,-79.10058,128,3842.2293216134376
23250,35.92985,-79.10074,129,3911.843124009687
23250,35.93056,-79.10093,130,3992.941070794112
23250,35.9314,-79.10114,131,4088.611373115053
23250,35.93148,-79.10116,132,4097.722826724546
23250,35.93176,-79.10123,133,4129.612909218418
23250,35.93199,-79.1013,134,4156.057786468843
23250,35.93227,-79.1014,135,4188.600022033208
23250,35.93237,-79.10144,136,4200.336701939941
23250,35.93252,-79.1015,137,4217.941717735597
23250,35.9327,-79.10158,138,4239.303537316035
23250,35.93329,-79.10181,139,4308.383322611756
23250,35.93344,-79.10187,140,4325.988308424088
23250,35.93366,-79.10194,141,4351.351144564232
23250,35.93365,-79.10178,142,4365.917022958397
23250,35.93363,-79.10163,143,4379.714159777664
23250,35.93362,-79.10155,144,4387.060964467456
23250,35.93361,-79.10147,145,4394.407771003176
23250,35.93359,-79.1014,146,4401.1423106035145
23250,35.93358,-79.10136,147,4404.940752115326
23250,35.93357,-79.10132,148,4408.739194308952
23250,35.93354,-79.10126,149,4415.132287920826
23250,35.93352,-79.10122,150,4419.394351650931
23250,35.9335,-79.10118,151,4423.656416441148
23250,35.93346,-79.10112,152,4430.698532621049
23250,35.93343,-79.10108,153,4435.637517065732
23250,35.93327,-79.10085,154,4463.110059615409
23250,35.93314,-79.10068,155,4484.290940988437
23250,35.93306,-79.10055,156,4499.088408095164
23250,35.932871,-79.100417,157,4523.392925520795
23250,35.93275,-79.10015,158,4551.13723238826
23250,35.9326,-79.09996,159,4575.172924017365
23250,35.93248,-79.09979,160,4595.605574359057
23250,35.93231,-79.09956,161,4623.8165924889
23250,35.93227,-79.09949,162,4631.582141132361
23250,35.93215,-79.09933,163,4651.3382998957795
23250,35.93173,-79.09873,164,4723.196360068546
23250,35.9315,-79.09843,165,4760.619920915758
23250,35.93136,-79.09826,166,4782.580733720596
23250,35.93127,-79.09818,167,4794.975636892985
23250,35.93121,-79.09813,168,4803.06535715081
23250,35.931091,-79.098057,169,4817.9081983341
23250,35.931051,-79.097964,170,4827.457848765888
23250,35.93098,-79.09788,171,4838.454849215022
23250,35.93084,-79.09775,172,4858.035572519591
23250,35.93071,-79.09762,173,4876.737763426474
23250,35.93045,-79.09734,174,4915.313418780087
23250,35.93023,-79.09708,175,4949.371086532323
23250,35.93018,-79.09701,176,4957.827890190588
23250,35.92992,-79.09668,177,4999.534129534577
23250,35.92985,-79.0966,178,5010.2006357965665
23250,35.92969,-79.09639,179,5036.321110453337
23250,35.92942,-79.09602,180,5081.445026428386
23250,35.92939,-79.09598,181,5086.384188249536
23250,35.92916,-79.09565,182,5125.8343777703
23250,35.92908,-79.09555,183,5138.567234442119
23250,35.92905,-79.09546,184,5147.396532869574
23250,35.928968,-79.095428,185,5156.998522073307
23250,35.928971,-79.095354,186,5163.724245335267
23250,35.92885,-79.09518,187,5184.505534115178
23250,35.92867,-79.09492,188,5215.499796639606
23250,35.9286,-79.09482,189,5227.47650882869
23250,35.92841,-79.09455,190,5259.886589091113
23250,35.92832,-79.09442,191,5275.383779482731
23250,35.92813,-79.09413,192,5309.187789350579
23250,35.92803,-79.09399,193,5326.101735356153
23250,35.9279,-79.09381,194,5347.953802181861
23250,35.9277,-79.09357,195,5379.145634321798
23250,35.9276,-79.09344,196,5395.388616438475
23250,35.92743,-79.09327,197,5419.84589997188
23250,35.92735,-79.0932,198,5430.805077680811
23250,35.92725,-79.09311,199,5444.636881344865
23250,35.92712,-79.093,200,5462.250366209936
23250,35.9271,-79.09299,201,5464.6601101771785
23250,35.92692,-79.09285,202,5488.432447212266
23250,35.92672,-79.0927,203,5514.580035988628
23250,35.92664,-79.09264,204,5525.0390782959485
23250,35.926497,-79.092531,205,5543.817846137103
23250,35.926372,-79.092537,206,5557.77985417777
23250,35.926369,-79.09241,207,5569.313633333165
23250,35.92605,-79.09214,208,5612.538600771461
23250,35.92604,-79.09214,209,5613.654711855015
23250,35.9254,-79.09161,210,5699.778417422607
23250,35.92537,-79.09158,211,5704.094467317963
23250,35.92502,-79.09129,212,5751.201425639514
23250,35.92489,-79.09119,213,5768.3167963998285
23250,35.92476,-79.09109,214,5785.432177845269
23250,35.92453,-79.09092,215,5815.384650431965
23250,35.92431,-79.09074,216,5844.879395229898
23250,35.92409,-79.09054,217,5875.417501634369
23250,35.92397,-79.09041,218,5893.268583313387
23250,35.92383,-79.09025,219,5914.602563519343
23250,35.923753,-79.090267,220,5923.334115045349
23250,35.923737,-79.090135,221,5935.4497026128465
23250,35.92362,-79.08998,222,5954.646733430356
23250,35.92336,-79.08964,223,5997.012016274246
23250,35.92324,-79.08948,224,6016.769696202979
23250,35.92318,-79.08939,225,6027.333893849568
23250,35.92309,-79.08925,226,6043.533821202427
23250,35.92294,-79.08902,227,6070.296978199857
23250,35.9228,-79.08877,228,6097.85169895066
23250,35.92271,-79.0886,229,6116.266019917139
23250,35.92255,-79.08832,230,6147.331320716906
23250,35.92224,-79.08776,231,6208.827271138594
23250,35.92213,-79.08757,232,6229.9994622257855
23250,35.922032,-79.087502,233,6242.559294964903
23250,35.922042,-79.087416,234,6250.446146282345
23250,35.92199,-79.08734,235,6259.462203565829
23250,35.92189,-79.08716,236,6279.251316901037
23250,35.92175,-79.08692,237,6306.06354482383
23250,35.92167,-79.08678,238,6321.596356868869
23250,35.92153,-79.08652,239,6349.903930416304
23250,35.92127,-79.08545,240,6451.286377001381
23250,35.9212,-79.08519,241,6476.150102676443
23250,35.921125,-79.085127,242,6486.28840900421
23250,35.92117,-79.08509,243,6492.330717763311
23250,35.92113,-79.08492,244,6508.397090671832
23250,35.9211,-79.08474,245,6525.07809630348
23250,35.92109,-79.08469,246,6529.75260435088
23250,35.92106,-79.08447,247,6550.00428172207
23250,35.92104,-79.08426,248,6569.199622686629
23250,35.92102,-79.08408,249,6585.692907195559
23250,35.92099,-79.08385,250,6606.840522873454
23250,35.92094,-79.08342,251,6646.275547038743
23250,35.92084,-79.08251,252,6729.641874957671
23250,35.920819,-79.082275,253,6751.105124217177
23250,35.920729,-79.082182,254,6764.227334537005
23250,35.920801,-79.082107,255,6774.7602360143355
23250,35.92079,-79.08202,256,6782.753541618422
23250,35.92078,-79.08171,257,6810.91959581658
23250,35.92078,-79.08142,258,6837.247803762134
23250,35.92078,-79.08112,259,6864.483893709028
23250,35.92079,-79.08088,260,6886.301341676274
23250,35.92081,-79.08062,261,6910.011282754327
23250,35.920832,-79.08038,262,6931.938093641679
23250,35.920776,-79.08029,263,6942.225430938465
23250,35.920846,-79.080244,264,6951.084464882491
23250,35.92087,-79.07988,265,6984.239340689044
23250,35.92087,-79.07961,266,7008.751852901852
23250,35.92085,-79.07944,267,7024.346260485611
23250,35.92084,-79.07933,268,7034.395026237361
23250,35.92081,-79.07921,269,7045.792444646113
23250,35.92077,-79.07909,270,7057.56621161581
23250,35.92073,-79.07898,271,7068.505333271942
23250,35.92066,-79.07881,272,7085.8040635310745
23250,35.92055,-79.07865,273,7104.82356475419
23250,35.92047,-79.07854,274,7118.219889526699
23250,35.92043,-79.07848,275,7125.262958331567
23250,35.92035,-79.0784,276,7136.772956742421
23250,35.92025,-79.0783,277,7151.16046338123
23250,35.9196,-79.07782,278,7235.791513461858
23250,35.9193,-79.07759,279,7275.25315099835
23250,35.9192,-79.0775,280,7289.085792339412
23250,35.918929,-79.077225,281,7328.3064146398665
23250,35.918839,-79.077207,282,7338.483715508535
23250,35.9188,-79.07709,283,7349.963421710028
23250,35.91863,-79.07689,284,7376.226294835563
23250,35.91857,-79.07681,285,7386.105654017469
23250,35.91837,-79.07658,286,7416.6728627853045
23250,35.91825,-79.07642,287,7436.4316316072955
23250,35.91804,-79.07613,288,7471.682388023234
23250,35.91795,-79.07597,289,7489.343867196587
23250,35.9179,-79.07589,290,7498.503533309957
23250,35.91786,-79.07581,291,7507.029238601229
23250,35.91777,-79.07561,292,7527.780839931239
23250,35.91771,-79.07546,293,7542.957025455852
23250,35.91766,-79.07535,294,7554.397544988305
23250,35.917579,-79.075344,295,7563.454682394428
23250,35.917575,-79.075273,296,7569.916323323857
23250,35.91752,-79.07523,297,7577.191354095662
23250,35.91751,-79.07523,298,7578.30749509112
23250,35.9175,-79.07523,299,7579.423636085724
23250,35.91749,-79.07522,300,7580.862414368524
23250,35.91748,-79.07522,301,7581.978555381164
23250,35.91747,-79.07522,302,7583.094696393416
23250,35.91746,-79.07521,303,7584.533474917871
23250,35.91745,-79.07521,304,7585.649615946786
23250,35.91744,-79.0752,305,7587.088394641236
23250,35.91743,-79.07519,306,7588.527173428039
23250,35.91742,-79.07518,307,7589.965952312839
23250,35.91742,-79.07517,308,7590.873869660328
23250,35.91741,-79.07517,309,7591.990010761477
23250,35.9174,-79.07516,310,7593.428789837139
23250,35.9174,-79.07515,311,7594.336707445173
23250,35.91739,-79.07514,312,7595.7754866402665
23250,35.91739,-79.07513,313,7596.683404393768
23250,35.91739,-79.07512,314,7597.5913221608025
23250,35.91738,-79.07511,315,7599.03010149731
23250,35.91738,-79.0751,316,7599.938019407957
23250,35.91738,-79.07508,317,7601.7538552741835
23250,35.91738,-79.07507,318,7602.661773229375
23250,35.91737,-79.07506,319,7604.1005527539255
23250,35.91737,-79.07505,320,7605.008470852497
23250,35.91738,-79.07504,321,7606.447250420906
23250,35.91738,-79.07503,322,7607.355168433211
23250,35.91738,-79.07502,323,7608.263086460247
23250,35.91738,-79.07501,324,7609.171004500741
23250,35.91738,-79.075,325,7610.078922556507
23250,35.91739,-79.07499,326,7611.517702165002
23250,35.91739,-79.07498,327,7612.425620134037
23250,35.91739,-79.07497,328,7613.333538117533
23250,35.9174,-79.07496,329,7614.772317723067
23250,35.9174,-79.07495,330,7615.680235620566
23250,35.91741,-79.07494,331,7617.119015197305
23250,35.91738,-79.07475,332,7634.691430334196
23250,35.91716,-79.07431,333,7681.5831724373775
23250,35.91693,-79.07392,334,7725.318886867776
23250,35.916845,-79.073733,335,7744.767969536998
23250,35.916776,-79.073677,336,7753.996319227828
23250,35.916784,-79.0736,337,7761.044149053595
23250,35.91664,-79.0733,338,7792.67047444341
23250,35.91663,-79.07328,339,7794.801933988755
23250,35.91648,-79.07301,340,7824.487658517077
23250,35.91646,-79.07297,341,7828.750586149022
23250,35.91635,-79.07279,342,7849.191377467877
23250,35.91632,-79.07274,343,7854.83235256232
23250,35.9162,-79.07254,344,7877.396271392816
23250,35.91612,-79.07243,345,7890.793138999526
23250,35.91604,-79.07235,346,7902.303499763364
23250,35.91601,-79.07233,347,7906.112625910463
23250,35.91599,-79.07231,348,7908.990217588714
23250,35.91596,-79.07229,349,7912.7993445280545
23250,35.9159,-79.07225,350,7920.417599760309
23250,35.91574,-79.07218,351,7939.373173240756
23250,35.91542,-79.07219,352,7975.101396020641
23250,35.91506,-79.07219,353,8015.282665545153
23250,35.91474,-79.0722,354,8051.010887817279
23250,35.91445,-79.07221,355,8083.391863724265
23250,35.914322,-79.07229,356,8099.419017661922
23250,35.91423,-79.07221,357,8111.996928421589
23250,35.91384,-79.07223,358,8155.564495476511
23250,35.91336,-79.07224,359,8209.147210515313
23250,35.91305,-79.07225,360,8243.759655934427
23250,35.91295,-79.07225,361,8254.921118480284
23250,35.91282,-79.07226,362,8269.45940067831
23250,35.912286,-79.072267,363,8329.064998015961
23250,35.912174,-79.072356,364,8343.950361928059
23250,35.912049,-79.072267,365,8360.073537984477
23250,35.9118,-79.07228,366,8387.890633724684
23250,35.91139,-79.07228,367,8433.652627614327
23250,35.9111,-79.07229,368,8466.033599864011
23250,35.91104,-79.07208,369,8486.243323253091
23250,35.910955,-79.071861,370,8508.275704406804
23250,35.910899,-79.071792,371,8517.125579525273
23250,35.910883,-79.071691,372,8526.468618931907
23250,35.91079,-79.07143,373,8552.340989199074
23250,35.91078,-79.0714,374,8555.2847885499
23250,35.91073,-79.07119,375,8575.152685938443
23250,35.91071,-79.07111,376,8582.751957241855
23250,35.91069,-79.07104,377,8589.48857187813
23250,35.91068,-79.07098,378,8595.049738723814
23250,35.91066,-79.07086,379,8606.172076053022
23250,35.91062,-79.07052,380,8637.365309393994
23250,35.91061,-79.07035,381,8652.841660121909
23250,35.9106,-79.07032,382,8655.785470311735
23250,35.91059,-79.07029,383,8658.729280962587
23250,35.91055,-79.07017,384,8670.50452818469
23250,35.91061,-79.06977,385,8707.43693375294
23250,35.91062,-79.06965,386,8718.38999966318
23250,35.91071,-79.06905,387,8773.788604631898
23250,35.91076,-79.06851,388,8823.137392235152
23250,35.910684,-79.068409,389,8835.629857127196
23250,35.91078,-79.06831,390,8849.616252787999
23250,35.91079,-79.06817,391,8862.377217468009
23250,35.91081,-79.06793,392,8884.283356041142
23250,35.91086,-79.06734,393,8938.145516295615
23250,35.91085,-79.06728,394,8943.706704323648
23250,35.91082,-79.06719,395,8952.538156295956
23250,35.91079,-79.0671,396,8961.369612424933
23250,35.91075,-79.06701,397,8970.681718549531
23250,35.91071,-79.0669,398,8981.62221482809
23250,35.91068,-79.06685,399,8987.263505369474
23250,35.91065,-79.06679,400,8993.658302939863
23250,35.91057,-79.06668,401,9007.05581964763
23250,35.91041,-79.06645,402,9034.534486295275
23250,35.91016,-79.06612,403,9075.479514482153
23250,35.91002,-79.06593,404,9098.756537253921
23250,35.90991,-79.06577,405,9117.777932436416
23250,35.90983,-79.06564,406,9132.57900671797
23250,35.9098,-79.06559,407,9138.220349544175
23250,35.90978,-79.06553,408,9144.108067026316
23250,35.90975,-79.06545,409,9152.106835386869
23250,35.9097,-79.06528,410,9168.521040703445
23250,35.90967,-79.06506,411,9188.776203193249
23250,35.90966,-79.0649,412,9203.347364472767
23250,35.90966,-79.06483,413,9209.703518803895
23250,35.90967,-79.06477,414,9215.264809993876
23250,35.90968,-79.06473,415,9219.06453058277
23250,35.9097,-79.06468,416,9224.123764220947
23250,35.90972,-79.06461,417,9230.86052345352
23250,35.90973,-79.06459,418,9232.992148706662
23250,35.90975,-79.06453,419,9238.879878769269
23250,35.90988,-79.0642,420,9272.172900438067
23250,35.91002,-79.06383,421,9309.225842211266
23250,35.91005,-79.06375,422,9317.22460951542
23250,35.91026,-79.06322,423,9370.754210439292
23250,35.910319,-79.063062,424,9386.540088909554
23250,35.910148,-79.063341,425,9418.258946651924
23250,35.910344,-79.062996,426,9456.468241134617
23250,35.91051,-79.06258,427,9498.54119439081
23250,35.91063,-79.06227,428,9529.713849705746
23250,35.91072,-79.06203,429,9553.710052881086
23250,35.91077,-79.0619,430,9566.767012568405
23250,35.9108,-79.06183,431,9573.951185304595
23250,35.91089,-79.06158,432,9598.77489190766
23250,35.91095,-79.06143,433,9613.952478589297
23250,35.91108,-79.06111,434,9646.430428533762
23250,35.911353,-79.060385,435,9718.971364832196
23250,35.911293,-79.060262,436,9731.993868580337
23250,35.91141,-79.06024,437,9745.204930568898
23250,35.91155,-79.05987,438,9782.257512082775
23250,35.9117,-79.05947,439,9822.250942694709
23250,35.91176,-79.05933,440,9836.619209144266
23250,35.91183,-79.05914,441,9855.558083637503
23250,35.91192,-79.05891,442,9878.732611716732
23250,35.91198,-79.05878,443,9892.304118752098
23250,35.91204,-79.05864,444,9906.672360866223
23250,35.9121,-79.05846,445,9924.335271056512
23250,35.91224,-79.05814,446,9957.326784822493
23250,35.91239,-79.05774,447,9997.320035619568
23250,35.91258,-79.05726,448,10045.789754740013
23250,35.9126,-79.05719,449,10052.526373483877
23250,35.9127,-79.05692,450,10079.463649932448
23250,35.91277,-79.056736,451,10097.907502377711
23250,35.912713,-79.05663,452,10109.445001703087
23250,35.912812,-79.056637,453,10120.513388955931
23250,35.91293,-79.05633,454,10151.343818998763
23250,35.91308,-79.05594,455,10190.514139818559
23250,35.91314,-79.05578,456,10206.511359485636
23250,35.91318,-79.05566,457,10218.286545984216
23250,35.9132,-79.05562,458,10222.54972071358
23250,35.9133,-79.05534,459,10250.315819493922
23250,35.91335,-79.05521,460,10263.372567475584
23250,35.91339,-79.05511,461,10273.490806473901
23250,35.91344,-79.05499,462,10285.73283236273
23250,35.91357,-79.05468,463,10317.40055975511
23250,35.91362,-79.05453,464,10332.119499165052
23250,35.91365,-79.05447,465,10338.51424655544
23250,35.913726,-79.054262,466,10359.218092299452
23250,35.91368,-79.054139,467,10371.510076358902
23250,35.913782,-79.05412,468,10383.025064024405
23250,35.9139,-79.05383,469,10412.467056222713
23250,35.91402,-79.0535,470,10445.288113796747
23250,35.91404,-79.05345,471,10450.347212614673
23250,35.91409,-79.05332,472,10463.403899287638
23250,35.91419,-79.05306,473,10489.517260350825
23250,35.91427,-79.05287,474,10508.942953316411
23250,35.91458,-79.05205,475,10591.045227046967
23250,35.91477,-79.05156,476,10640.332347908692
23250,35.91493,-79.05115,477,10681.62168238888
23250,35.914976,-79.051026,478,10693.996121230506
23250,35.914937,-79.050924,479,10704.229559159614
23250,35.91504,-79.05086,480,10717.111432399164
23250,35.91511,-79.05067,481,10736.04990561391
23250,35.91538,-79.04993,482,10809.689499929267
23250,35.91551,-79.04961,483,10842.166577521442
23250,35.91564,-79.04924,484,10878.761439640968
23250,35.91582,-79.04878,485,10925.109386431515
23250,35.91586,-79.048692,486,10934.26235478754
23250,35.91583,-79.048607,487,10942.67526089926
23250,35.91592,-79.04853,488,10954.914363587242
23250,35.91611,-79.04804,489,11004.201075185189
23250,35.91626,-79.04764,490,11044.193343048266
23250,35.91634,-79.04744,491,11064.42945835372
23250,35.916864,-79.046087,492,11200.490263311978
23250,35.916816,-79.045974,493,11212.064942560128
23250,35.916904,-79.045975,494,11221.88786061108
23250,35.91693,-79.0459,495,11229.290209342293
23250,35.91706,-79.04559,496,11260.957282904174
23250,35.91713,-79.0454,497,11279.895510698694
23250,35.91713,-79.04538,498,11281.711438257278
23250,35.91716,-79.04525,499,11293.980761172801
23250,35.91718,-79.04518,500,11300.71715885022
23250,35.91718,-79.04507,501,11310.70475827944
23250,35.91717,-79.04495,502,11321.6573489661
23250,35.91715,-79.04481,503,11334.563384615076
23250,35.91712,-79.04471,504,11344.240832761461
23250,35.91706,-79.04453,505,11361.903167636394
23250,35.91701,-79.04436,506,11378.316567811426
23250,35.91695,-79.04419,507,11395.142292609691
23250,35.9169,-79.04403,508,11410.704916642557
23250,35.91687,-79.04396,509,11417.888856889142
23250,35.916835,-79.043819,510,11431.274026699606
23250,35.916737,-79.043784,511,11442.665023924308
23250,35.91682,-79.04371,512,11454.109430454457
23250,35.9168,-79.04352,513,11471.504701602413
23250,35.9168,-79.04339,514,11483.308316843304
23250,35.9168,-79.04316,515,11504.191642115984
23250,35.91681,-79.04302,516,11516.95214663132
23250,35.91682,-79.04292,517,11526.100207636038
23250,35.91683,-79.04281,518,11536.150066544125
23250,35.91686,-79.04266,519,11550.17524453244
23250,35.91687,-79.04261,520,11554.850303485013
23250,35.9169,-79.04247,521,11567.995554930576
23250,35.91693,-79.0424,522,11575.179510906579
23250,35.91696,-79.04228,523,11586.578114832178
23250,35.91703,-79.0421,524,11604.693242871212
23250,35.91717,-79.04176,525,11639.294002553352
23250,35.91722,-79.04163,526,11652.350506995082
23250,35.91732,-79.04141,527,11675.232873545248
23250,35.91737,-79.0413,528,11686.674051498163
23250,35.91744,-79.04115,529,11702.375648417974
23250,35.91754,-79.04096,530,11722.92314910181
23250,35.91765,-79.04076,531,11744.843799536104
23250,35.91766,-79.04075,532,11746.282655668409
23250,35.91777,-79.04059,533,11765.30371862369
23250,35.91778,-79.04057,534,11767.435266788521
23250,35.9179,-79.04041,535,11787.195233138438
23250,35.91801,-79.04027,536,11804.868271237521
23250,35.91822,-79.04001,537,11838.135896171765
23250,35.918345,-79.03986,538,11857.633612720867
23250,35.918358,-79.039708,539,11871.51064528557
23250,35.918459,-79.03972,540,11882.836834956424
23250,35.91853,-79.03964,541,11893.58704564375
23250,35.9189,-79.03917,542,11952.97316966692
23250,35.91895,-79.03913,543,11959.631839222342
23250,35.91901,-79.03905,544,11969.511766891372
23250,35.91907,-79.03898,545,11978.74471282675
23250,35.91914,-79.03893,546,11987.78125887484
23250,35.91921,-79.03887,547,11997.306343522496
23250,35.91927,-79.03884,548,12004.536301024262
23250,35.91936,-79.03881,549,12014.944877489204
23250,35.91943,-79.03879,550,12022.96655596604
23250,35.9195,-79.03878,551,12030.832572955222
23250,35.91961,-79.03877,552,12043.144361545708
23250,35.91973,-79.03879,553,12056.66136107029
23250,35.91988,-79.03882,554,12073.624562180752
23250,35.92014,-79.03886,555,12102.872269362733
23250,35.92034,-79.03889,556,12125.361937832651
23250,35.92036,-79.03889,557,12127.594349118326
23250,35.92044,-79.0389,558,12136.57003336287
23250,35.92053,-79.03891,559,12146.656829583104
23250,35.92062,-79.03891,560,12156.702680054046
23250,35.92069,-79.0389,561,12164.568693984622
23250,35.92078,-79.03889,562,12174.655490114414
23250,35.92085,-79.03888,563,12182.521504088505
23250,35.92088,-79.03887,564,12185.99102462641
23250,35.92106,-79.0388,565,12207.063968120456
23250,35.92128,-79.03874,566,12232.217477190223
23250,35.92139,-79.03871,567,12244.794231396365
23250,35.92146,-79.03869,568,12252.815900583448
23250,35.92156,-79.03868,569,12264.014825094846
23250,35.92161,-79.03869,570,12269.669223282524
23250,35.92165,-79.03869,571,12274.13404730227
23250,35.92172,-79.03869,572,12281.947489339573
23250,35.92182,-79.0387,573,12293.146413443035
23250,35.92215,-79.03874,574,12330.159806293836
23250,35.922369,-79.038759,575,12354.665506449193
23250,35.922433,-79.038616,576,12369.484239726075
23250,35.922484,-79.038764,577,12384.077450014762
23250,35.92256,-79.03877,578,12392.578087106489
23250,35.92284,-79.03871,579,12424.303039854402
23250,35.92285,-79.03871,580,12425.419245829054
23250,35.92319,-79.03863,581,12464.059037763183
23250,35.92339,-79.03858,582,12486.840030834946
23250,35.92351,-79.03856,583,12500.357023351044
23250,35.92363,-79.03852,584,12514.235080299328
23250,35.92376,-79.03848,585,12529.193300883175
23250,35.92396,-79.0384,586,12552.669253437312
23250,35.9242,-79.03827,587,12581.942963533413
23250,35.92423,-79.03825,588,12585.752206301595
23250,35.92446,-79.03812,589,12614.008027524724
23250,35.924493,-79.03797,590,12628.115729477902
23250,35.924617,-79.038003,591,12642.27725005423
23250,35.92472,-79.03793,592,12655.547679533904
23250,35.92493,-79.03776,593,12683.612968818295
23250,35.92522,-79.03749,594,12724.217134495075
23250,35.92576,-79.03693,595,12803.071031828445
23250,35.92635,-79.03633,596,12888.536246643598
23250,35.9265,-79.03618,597,12910.118283226782
23250,35.926794,-79.035893,598,12952.020944899337
23250,35.926825,-79.035781,599,12962.761685274767
23250,35.92697,-79.0357,600,12980.53900926986
23250,35.92703,-79.03565,601,12988.62967130893
23250,35.9272,-79.0355,602,13011.986072228856
23250,35.92728,-79.03543,603,13022.946264673114
23250,35.92729,-79.03543,604,13024.062476517367
23250,35.92739,-79.03535,605,13037.37947086198
23250,35.92749,-79.03527,606,13050.69646185885
23250,35.92756,-79.03522,607,13059.732816845706
23250,35.92764,-79.03516,608,13070.192782844091
23250,35.92773,-79.0351,609,13081.620453504813
23250,35.92777,-79.03507,610,13086.850434670228
23250,35.92789,-79.03498,611,13102.540375332705
23250,35.92801,-79.03489,612,13118.230311744406
23250,35.9282,-79.0348,613,13140.957849797313
23250,35.92838,-79.03471,614,13162.647509815799
23250,35.928753,-79.034534,615,13207.242944413747
23250,35.9289,-79.03447,616,13224.649610585238
23250,35.9293,-79.03428,617,13272.51421487348
23250,35.92918,-79.03411,618,13292.94949076371
23250,35.92906,-79.03393,619,13314.078798056962
23250,35.92894,-79.03377,620,13333.837454631808
23250,35.92889,-79.03369,621,13342.996929879297
23250,35.92882,-79.0336,622,13354.302223315874
23250,35.92867,-79.0334,623,13379.000601247095
23250,35.92851,-79.03319,624,13405.123912477702
23250,35.92841,-79.03305,625,13422.039452938576
23250,35.92839,-79.03302,626,13425.561029036255
23250,35.92828,-79.03287,627,13443.89685642917
23250,35.92827,-79.03286,628,13445.335653154341
23250,35.9282,-79.03275,629,13458.015518080203
23250,35.9282,-79.03274,630,13458.923372031764
23250,35.92813,-79.03262,631,13472.329930504178
23250,35.92809,-79.03255,632,13480.096583456409
23250,35.92806,-79.03251,633,13485.036289504229
23250,35.92798,-79.03233,634,13503.658376680338
23250,35.92787,-79.03229,635,13516.462524064533
23250,35.92791,-79.03215,636,13529.933959759266
23250,35.92787,-79.03203,637,13541.707697023596
23250,35.92783,-79.03189,638,13555.179144445121
23250,35.92779,-79.03172,639,13571.245619837815
23250,35.92777,-79.03161,640,13581.478568727956
23250,35.92775,-79.03152,641,13589.948803728965
23250,35.92772,-79.0312,642,13619.19272315715
23250,35.92768,-79.0309,643,13646.792135115382
23250,35.92767,-79.03071,644,13664.077607150426
23250,35.92766,-79.03062,645,13672.324267417313
23250,35.92764,-79.03048,646,13685.22892385653
23250,35.92763,-79.03036,647,13696.180324154553
23250,35.9276,-79.03023,648,13708.448425497414
23250,35.92771,-79.03017,649,13721.880913180028
23250,35.92792,-79.03009,650,13746.420954486168
23250,35.92804,-79.03003,651,13760.880844414542
23250,35.92809,-79.03,652,13767.09104897459
23250,35.92815,-79.02996,653,13774.709549185234
23250,35.92818,-79.02995,654,13778.179097152068
23250,35.9283,-79.02986,655,13793.869143952172
23250,35.9284,-79.02979,656,13806.713640223297
23250,35.92847,-79.02972,657,13816.785259154809
23250,35.92883,-79.02943,658,13864.825911910322
23250,35.92926,-79.02898,659,13927.855697252093
23250,35.9296,-79.02849,660,13986.329530875237
23250,35.9298,-79.02815,661,14024.423279941142
23250,35.92988,-79.02795,662,14044.657211982958
23250,35.93008,-79.02742,663,14097.69955968103
23250,35.930051,-79.027389,664,14101.988946550311
23250,35.930104,-79.027352,665,14108.79203258734
23250,35.93021,-79.02706,666,14137.821646377053
23250,35.93023,-79.02697,667,14146.291695680875
23250,35.93026,-79.02683,668,14159.435181589855
23250,35.93031,-79.02663,669,14178.430376066377
23250,35.93037,-79.02617,670,14220.724578564326
23250,35.93041,-79.02577,671,14257.311576744045
23250,35.93041,-79.02541,672,14289.993771585518
23250,35.93041,-79.02522,673,14307.242715338167
23250,35.93038,-79.02482,674,14343.710379691458
23250,35.93035,-79.02428,675,14392.848019936966
23250,35.93033,-79.02412,676,14407.544040953677
23250,35.93118,-79.02401,677,14502.947855385872
23250,35.93142,-79.02399,678,14529.79888719888
23250,35.93155,-79.02397,679,14544.423055788959
23250,35.93176,-79.02394,680,14568.021618382874
23250,35.93218,-79.0239,681,14615.04380236815
23250,35.93248,-79.02385,682,14648.837009447609
23250,35.93345,-79.02373,683,14757.658217000902
23250,35.93413,-79.02365,684,14833.90868849371
23250,35.93509,-79.02354,685,14941.531317861733
23250,35.93546,-79.02349,686,14983.080608799833
23250,35.9358,-79.02345,687,15021.205850107037
23250,35.93583,-79.02341,688,15026.145364513948
23250,35.93586,-79.02338,689,15030.461654166185
23250,35.93588,-79.02337,690,15032.871627226465
23250,35.9359,-79.02335,691,15035.749153166009
23250,35.93592,-79.02332,692,15039.270582128418
23250,35.93594,-79.02329,693,15042.79201072237
23250,35.93596,-79.02326,694,15046.3134389479
23250,35.93596,-79.02323,695,15049.036772577121
23250,35.93597,-79.02319,696,15052.835581362344
23250,35.93598,-79.02316,697,15055.778797739982
23250,35.93599,-79.023,698,15070.346072267974
23250,35.93581,-79.02287,699,15093.647654120694
23250,35.93562,-79.02264,700,15123.408871981119
23250,35.93537,-79.02235,701,15161.7726924237
23250,35.935207,-79.022156,702,15187.094512772983
23250,35.935145,-79.022163,703,15194.044285464879
23250,35.935153,-79.02208,704,15201.631666241808
23250,35.93507,-79.02198,705,15214.602552692084
23250,35.9349,-79.02177,706,15241.500702550382
23250,35.93483,-79.02168,707,15252.80575886794
23250,35.93469,-79.02151,708,15274.768795136257
23250,35.93447,-79.02125,709,15308.829691484632
23250,35.934258,-79.021003,710,15341.42985985032
23250,35.934186,-79.021002,711,15349.467283403712
23250,35.934198,-79.020932,712,15355.961535442311
23250,35.93412,-79.02084,713,15368.026280352662
23250,35.9338,-79.02045,714,15418.319045609382
23250,35.93357,-79.02019,715,15453.193546676244
23250,35.93347,-79.02004,716,15470.80110325522
23250,35.9334,-79.01995,717,15482.106298557756
23250,35.93323,-79.01967,718,15513.82704449918
23250,35.93317,-79.01956,719,15525.850988622617
23250,35.93312,-79.01946,720,15536.50757253631
23250,35.93303,-79.01927,721,15556.468457414674
23250,35.93293,-79.01906,722,15578.560141597007
23250,35.93286,-79.01888,723,15596.67295263659
23250,35.93286,-79.01887,724,15597.580772761527
23250,35.932758,-79.018595,725,15625.019583943007
23250,35.932665,-79.018485,726,15639.424004182489
23250,35.93267,-79.01831,727,15655.320708168283
23250,35.93259,-79.01792,728,15691.834640180354
23250,35.93255,-79.0177,729,15712.299800585593
23250,35.93252,-79.01751,730,15729.870551028866
23250,35.93249,-79.01715,731,15762.723420204567
23250,35.93246,-79.01662,732,15810.954669607649
23250,35.93245,-79.01643,733,15828.239486981307
23250,35.93245,-79.01631,734,15839.133429156534
23250,35.93244,-79.01614,735,15854.60683380421
23250,35.93243,-79.01593,736,15873.70389737843
23250,35.93243,-79.01559,737,15904.570104896942
23250,35.93243,-79.01558,738,15905.47793478428
23250,35.932447,-79.015075,739,15951.362614121372
23250,35.932392,-79.015002,740,15960.396501590607
23250,35.932448,-79.014989,741,15966.757925198372
23250,35.9325,-79.01395,742,16061.259996047873
23250,35.93254,-79.0133,743,16120.437740431717
23250,35.93257,-79.01283,744,16163.237059064784
23250,35.93258,-79.01263,745,16181.427986912202
23250,35.9326,-79.01219,746,16221.434962263987
23250,35.93261,-79.01197,747,16241.438456697693
23250,35.932546,-79.011835,748,16255.624385044031
23250,35.93263,-79.01163,749,16276.463614170561
23250,35.93264,-79.01127,750,16309.164678375619
23250,35.93267,-79.01044,751,16384.58929097305
23250,35.93269,-79.01,752,16424.596360895524
23250,35.9327,-79.00955,753,16465.464195382057
23250,35.93273,-79.00889,754,16525.474869712725
23250,35.93274,-79.008287,755,16580.228792129656
23250,35.9327,-79.008203,756,16589.065642171452
23250,35.93274,-79.008,757,16608.02792876574
23250,35.93274,-79.00783,758,16623.46116544041
23250,35.93273,-79.00772,759,16633.509574574375
23250,35.93271,-79.00743,760,16659.93136978797
23250,35.93266,-79.0071,761,16690.405523195943
23250,35.93265,-79.00706,762,16694.2045766686
23250,35.93262,-79.00689,763,16709.99699674264
23250,35.93261,-79.00684,764,16714.67143776541
23250,35.93257,-79.00669,765,16729.0023858781
23250,35.9325,-79.00646,766,16751.29690594101
23250,35.93243,-79.00624,767,16772.743554117547
23250,35.9323,-79.00591,768,16806.031923255392
23250,35.93225,-79.00579,769,16818.272580051096
23250,35.93218,-79.00564,770,16833.972838159345
23250,35.932078,-79.005543,771,16848.36681808851
23250,35.9321,-79.00547,772,16855.434483866524
23250,35.93202,-79.00533,773,16870.967941738705
23250,35.93193,-79.00517,774,16888.629287546035
23250,35.93183,-79.005,775,16907.67652294371
23250,35.93179,-79.00494,776,16914.719808313395
23250,35.93172,-79.00481,777,16928.8741673636
23250,35.93152,-79.00446,778,16967.708005595872
23250,35.93141,-79.00427,779,16988.88134749206
23250,35.93116,-79.00383,780,17037.60971373736
23250,35.93105,-79.00364,781,17058.783141553286
23250,35.93095,-79.00347,782,17077.830564051033
23250,35.93085,-79.00328,783,17098.376827141517
23250,35.93075,-79.0031,784,17118.167070143183
23250,35.93069,-79.00299,785,17130.191595820317
23250,35.93065,-79.00291,786,17138.717284460057
23250,35.93062,-79.00286,787,17144.358223075455
23250,35.93055,-79.00266,788,17164.125570235683
23250,35.93051,-79.00251,789,17178.456954449543
23250,35.93047,-79.00236,790,17192.78834871268
23250,35.93045,-79.00222,791,17205.693140376698
23250,35.93043,-79.00207,792,17219.493015337608
23250,35.931321,-79.002043,793,17318.98300645223
23250,35.931391,-79.001953,794,17330.28868427945
23250,35.931455,-79.002036,795,17340.672262109707
23250,35.9319,-79.00202,796,17390.367579299593
23250,35.9328,-79.002,797,17490.84842744455
23250,35.93334,-79.00199,798,17551.1339301296
23250,35.93396,-79.00197,799,17620.36658409436
23250,35.934058,-79.00187,800,17634.582337736847
23250,35.934178,-79.001964,801,17650.46488840423
23250,35.9346,-79.00195,802,17697.58869556108
23250,35.93496,-79.00194,803,17737.784729601895
23250,35.93568,-79.00193,804,17818.16142026347
23250,35.9364,-79.00191,805,17898.55349120385
23250,35.936416,-79.002221,806,17926.842616414295
23250,35.936483,-79.00234,807,17939.981767734018
23250,35.93643,-79.00257,808,17961.68322948124
23250,35.93647,-79.00333,809,18030.820493581286
23250,35.9365,-79.004024,810,18093.910769760878
23250,35.936562,-79.004091,811,18103.124462663454
23250,35.936501,-79.004195,812,18114.76491862547
23250,35.93652,-79.00471,813,18161.564641015506
23250,35.93656,-79.00565,814,18247.01433617818
23250,35.93658,-79.00609,815,18287.019705682775
23250,35.93661,-79.0066,816,18333.438209375414
23250,35.93661,-79.00663,817,18336.161592933597
23250,35.93665,-79.00749,818,18414.35942596347
23250,35.93666,-79.00779,819,18441.616068312505
23250,35.93667,-79.00801,820,18461.61866381466
23250,35.936758,-79.008201,821,18481.546722919888
23513,35.970835,-79.070605,0,0
23513,35.97083,-79.07043,1,15.887650563003847
23513,35.97085,-79.07043,2,18.11995026991874
23513,35.97076,-79.07042,3,28.20619019430635
23513,35.97058,-79.0704,4,48.37867078868223
23513,35.97043,-79.07038,5,65.21897179669566
23513,35.97032,-79.07038,6,77.49662112967019
23513,35.97021,-79.07042,7,90.29943765365002
23513,35.97013,-79.07047,8,100.31497664611213
23513,35.97007,-79.07052,9,108.40379088162378
23513,35.97002,-79.07055,10,114.61295583975027
23513,35.96996,-79.07057,11,121.55135062729448
23513,35.96985,-79.07059,12,133.96237261731562
23513,35.96967,-79.07059,13,154.0530647520352
23513,35.96955,-79.0706,14,167.4775559355071
23513,35.96952,-79.0703,15,194.9023576080996
23513,35.96948,-79.06985,16,235.97519926248881
23513,35.96945,-79.0696,17,258.90407700502215
23513,35.96944,-79.06938,18,278.8963651709437
23513,35.96944,-79.06932,19,284.34030499640704
23513,35.96944,-79.06922,20,293.4135391922303
23513,35.96943,-79.0691,21,304.35848348358354
23513,35.96943,-79.06896,22,317.0610178248919
23513,35.96944,-79.06848,23,360.6268830134891
23513,35.96943,-79.06826,24,380.61920930408087
23513,35.96942,-79.06779,25,423.27810693822306
23513,35.96942,-79.06713,26,483.1616401683975
23513,35.96942,-79.06712,27,484.0689669122483
23513,35.96942,-79.0664,28,549.396530387631
23513,35.969349,-79.065979,29,588.4084368108913
23513,35.96941,-79.06535,30,645.8841467047955
23513,35.96941,-79.06534,31,646.791476131992
23513,35.9694,-79.06467,32,707.5928302905265
23513,35.96939,-79.064,33,768.3942569790113
23513,35.96937,-79.06327,34,834.6671178908351
23513,35.96938,-79.06275,35,881.8616449722123
23513,35.96937,-79.06258,36,897.3266491686087
23513,35.96937,-79.06253,37,901.8633187473214
23513,35.96935,-79.06246,38,908.5955392221537
23513,35.96931,-79.0623,39,923.7839139924836
23513,35.96926,-79.06215,40,938.4937239419777
23513,35.96921,-79.06205,41,949.1460229070697
23513,35.96916,-79.06198,42,957.6009233719622
23513,35.96912,-79.06193,43,963.9660404740425
23513,35.96909,-79.06188,44,969.6046547427012
23513,35.96902,-79.06178,45,981.5784485425581
23513,35.96894,-79.06169,46,993.6787491199095
23513,35.96887,-79.06161,47,1004.3433880694373
23513,35.96879,-79.06153,48,1015.8508655150083
23513,35.96874,-79.06145,49,1025.0070082162727
23513,35.96871,-79.06141,50,1029.9451026402276
23513,35.96869,-79.06138,51,1033.4654368117144
23513,35.96867,-79.06133,52,1038.5216327971418
23513,35.96867,-79.0613,53,1041.2436642474893
23513,35.96866,-79.06127,54,1044.1856505790693
23513,35.96866,-79.06124,55,1046.907682637015
23513,35.96866,-79.06121,56,1049.629714824394
23513,35.96866,-79.06117,57,1053.259091278188
23513,35.96867,-79.06114,58,1056.201078214021
23513,35.96868,-79.06107,59,1062.6498158019642
23513,35.9687,-79.06101,60,1068.5337891422673
23513,35.96848,-79.06083,61,1098.02484006818
23513,35.96839,-79.06075,62,1110.4184668184967
23513,35.96828,-79.06067,63,1124.6815420827506
23513,35.96822,-79.06062,64,1132.7705430477247
23513,35.96795,-79.06041,65,1168.425550123663
23513,35.96758,-79.06014,66,1216.4435043889177
23513,35.96751,-79.0601,67,1225.0585218965064
23513,35.96735,-79.06,68,1245.0900745069916
23513,35.96715,-79.05986,69,1270.7747167857776
23513,35.96703,-79.0598,70,1285.2328988085987
23513,35.96687,-79.05971,71,1304.8701475040282
23513,35.96668,-79.0596,72,1328.3087292532578
23513,35.96667,-79.0596,73,1329.4248982985525
23513,35.966511,-79.059618,74,1347.2469822617127
23513,35.96631,-79.05941,75,1376.5647688069469
23513,35.96605,-79.05929,76,1407.5606325268163
23513,35.96586,-79.05922,77,1429.6986034154265
23513,35.96488,-79.05882,78,1544.9477354884905
23513,35.96436,-79.05864,79,1605.2429490517757
23513,35.96411,-79.05854,80,1634.5855058600869
23513,35.96395,-79.0585,81,1652.8093491744642
23513,35.96371,-79.05841,82,1680.81464411561
23513,35.96353,-79.05834,83,1701.885892554339
23513,35.96301,-79.05814,84,1762.6979437828793
23513,35.9628,-79.05806,85,1787.23593189765
23513,35.9626,-79.058,86,1810.2137136639565
23513,35.96222,-79.05787,87,1854.2381346266516
23513,35.96195,-79.05778,88,1885.4617578144575
23513,35.961911,-79.05793,89,1899.7522979597832
23513,35.96168,-79.05771,90,1932.361059026577
23513,35.96164,-79.0577,91,1936.917031179663
23513,35.96113,-79.05758,92,1994.8739744884758
23513,35.960647,-79.057588,93,2048.789998197976
23513,35.96064,-79.05751,94,2055.9110408921633
23513,35.96028,-79.05746,95,2096.3486119972276
23513,35.96011,-79.05744,96,2115.41014705176
23513,35.9596,-79.05742,97,2172.363887349547
23513,35.95907,-79.05742,98,2231.521049709888
23513,35.95894,-79.05742,99,2246.0312970565606
23513,35.95872,-79.05743,100,2270.6038620429003
23513,35.958718,-79.057548,101,2281.3142715359245
23513,35.95845,-79.05747,102,2312.0537354944304
23513,35.95811,-79.05754,103,2350.5315781683166
23513,35.95794,-79.05758,104,2369.850590654421
23513,35.95733,-79.05774,105,2439.468072128054
23513,35.95706,-79.05782,106,2470.466832893716
23513,35.95671,-79.0579,107,2510.201704641228
23513,35.95653,-79.05792,108,2530.374613963116
23513,35.95641,-79.05794,109,2543.8910886466683
23513,35.95609,-79.05797,110,2579.7121964290222
23513,35.95592,-79.05798,111,2598.7088067693135
23513,35.95586,-79.05798,112,2605.4058379286303
23513,35.9551,-79.058,113,2690.2543124323574
23513,35.95477,-79.05802,114,2727.132673094049
23513,35.954688,-79.058135,115,2741.0138815663117
23513,35.95449,-79.05802,116,2765.454358578098
23513,35.95445,-79.05802,117,2769.9190457015748
23513,35.9542,-79.05801,118,2797.838093801191
23513,35.95399,-79.05798,119,2821.435287034009
23513,35.95377,-79.05794,120,2846.257935647542
23513,35.95351,-79.05788,121,2875.784826311904
23513,35.95342,-79.05787,122,2885.871284662699
23513,35.95318,-79.05783,123,2912.9042567702554
23513,35.95295,-79.0578,124,2938.7201816551897
23513,35.95285,-79.0578,125,2949.8819032789115
23513,35.95274,-79.0578,126,2962.159797059311
23513,35.95267,-79.0578,127,2969.9730021884643
23513,35.95253,-79.05781,128,2985.6257435864036
23513,35.95245,-79.05782,129,2994.601120849113
23513,35.95244,-79.05782,130,2995.7172929733356
23513,35.95227,-79.05786,131,3015.036345673255
23513,35.95209,-79.05791,132,3035.6335022003445
23513,35.95194,-79.05795,133,3052.765112112315
23513,35.95159376354641,-79.058042536211,134,3092.3130077950573
23513,35.951514,-79.058169,135,3106.838458903054
23513,35.9513619576001,-79.05810903802872,136,3124.660154208111
23513,35.95106,-79.05819,137,3159.1554393552015
23513,35.95083,-79.05826,138,3185.601755513926
23513,35.95053,-79.05833,139,3219.6842108899573
23513,35.94968,-79.05848,140,3315.5304652214836
23513,35.94955,-79.05849,141,3330.069042337607
23513,35.94943,-79.05839,142,3346.2483190783973
23513,35.94902,-79.05845,143,3392.3341752308766
23513,35.94881,-79.05849,144,3416.053228882467
23513,35.94859,-79.05853,145,3440.8758902031127
23513,35.948477,-79.058722,146,3462.3870708954805
23513,35.9484,-79.05854,147,3481.007215934904
23513,35.94829,-79.05856,148,3493.418546984625
23513,35.94822,-79.05856,149,3501.231742480945
23513,35.94797,-79.05856,150,3529.1360120865593
23513,35.94791,-79.05857,151,3535.8942555711005
23513,35.94789,-79.05857,152,3538.126597102576
23513,35.94769,-79.05857,153,3560.4500123954185
23513,35.94755,-79.05856,154,3576.102737801922
23513,35.94751,-79.05856,155,3580.567420924822
23513,35.94738,-79.05855,156,3595.1059978289495
23513,35.94729,-79.05854,157,3605.1924514936727
23513,35.94697,-79.05849,158,3641.197045784035
23513,35.94671,-79.05845,159,3670.4436869519964
23513,35.94643,-79.058548,160,3702.937517326249
23513,35.94633,-79.05837,161,3722.573718310183
23513,35.94623,-79.05836,162,3733.7722694811164
23513,35.94618,-79.05835,163,3739.4264452078737
23513,35.94604,-79.05831,164,3755.469024458188
23513,35.94577,-79.05826,165,3785.9454102963523
23513,35.94557,-79.05823,166,3808.434279888602
23513,35.94524,-79.05815,167,3845.9767836073324
23513,35.94511,-79.05811,168,3860.934295935185
23513,35.94466,-79.05803,169,3911.6841356862365
23513,35.94417,-79.05793,170,3967.1245517295606
23513,35.94328,-79.05775,171,4067.7983421626845
23513,35.94274,-79.05764,172,4128.892970335673
23513,35.94227,-79.05755,173,4181.985278315863
23513,35.94156,-79.0574,174,4262.394556058434
23513,35.94085,-79.05726,175,4342.655170830136
23513,35.940243,-79.057279,176,4410.428819611666
23513,35.93995,-79.05708,177,4447.7893588228435
23513,35.93928,-79.05695,178,4523.498199532887
23513,35.9388,-79.05685,179,4577.838006302124
23513,35.93762,-79.05662,180,4711.190895176248
23513,35.937097,-79.056654,181,4769.648327252879
23513,35.93688,-79.05648,182,4798.563988590539
23513,35.93677,-79.05645,183,4811.140271340398
23513,35.93647,-79.05639,184,4845.065535526478
23513,35.93591,-79.05628,185,4908.363821059163
23513,35.93542,-79.05614,186,4964.513418395269
23513,35.93523,-79.0561,187,4986.029330483468
23513,35.93514,-79.0561,188,4996.074906224126
23513,35.93467,-79.05601,189,5049.167464282402
23513,35.9338,-79.05584,190,5147.4932436068675
23513,35.93375,-79.05582,191,5153.361998184344
23513,35.93338,-79.05575,192,5195.146483570766
23513,35.93292,-79.05565,193,5247.286857587604
23513,35.932621,-79.055726,194,5281.366142093022
23513,35.93231,-79.05553,195,5320.373371185487
23513,35.93177,-79.05541,196,5381.623358003714
23513,35.93156,-79.05535,197,5405.687565400562
23513,35.93112,-79.05522,198,5456.1973072956
23513,35.93104,-79.05519,199,5465.53278440793
23513,35.930642,-79.055205,200,5509.977479987804
23513,35.93052,-79.055,201,5533.037319961442
23513,35.93043,-79.05497,202,5543.445527207379
23513,35.93009,-79.05486,203,5582.687342196677
23513,35.92999,-79.05482,204,5594.4249231792
23513,35.92879,-79.05441,205,5733.441531580969
23513,35.92835,-79.05426,206,5784.406255075862
23513,35.92818,-79.0542,207,5804.147605664263
23513,35.927982,-79.054298,208,5827.971448572815
23513,35.92748,-79.05397,209,5891.424260634663
23513,35.92719,-79.05391,210,5924.2485520122755
23513,35.92702,-79.05388,211,5943.418051894802
23513,35.927,-79.05387,212,5945.827946170788
23513,35.9269,-79.05386,213,5957.026594656864
23513,35.92673,-79.05384,214,5976.088309433273
23513,35.92652,-79.05383,215,5999.5456438895335
23513,35.92637,-79.05383,216,6016.288329941195
23513,35.92628,-79.05383,217,6026.333941565927
23513,35.92623,-79.05383,218,6031.914836912148
23513,35.92592,-79.05386,219,6066.623408957078
23513,35.92574,-79.0539,220,6087.040173478092
23513,35.92561,-79.05393,221,6101.8038899160165
23513,35.92548,-79.05395,222,6116.427375675036
23513,35.9253,-79.054,223,6137.024999608327
23513,35.92505,-79.05407,224,6165.643969132313
23513,35.92469,-79.05423,225,6208.37131088759
23513,35.92438,-79.05437,226,6245.233384594391
23513,35.92394,-79.05458,227,6297.915977225565
23513,35.92388,-79.05461,228,6305.145692213802
23513,35.923783,-79.054794,229,6325.052337267177
23513,35.92371,-79.05469,230,6337.523931643941
23513,35.92337,-79.05487,231,6378.842912441007
23513,35.92296,-79.05506,232,6427.749238082565
23513,35.9229,-79.05509,233,6434.978960332362
23513,35.92244,-79.05531,234,6490.071237256761
23513,35.92217,-79.05545,235,6522.778726840026
23513,35.92189,-79.05557,236,6555.876163123195
23513,35.92161,-79.05568,237,6588.685954724811
23513,35.92139,-79.05577,238,6614.565620661062
23513,35.92111,-79.05587,239,6647.110559662847
23513,35.92096,-79.05591,240,6664.242526765037
23513,35.920726,-79.056089,241,6695.004312963099
23513,35.92041,-79.05602,242,6730.82745652325
23513,35.92016,-79.05607,243,6759.098676414878
23513,35.9201,-79.05608,244,6765.856989005812
23513,35.91986,-79.05612,245,6792.8902392016325
23513,35.91901,-79.05628,246,6888.870785052203
23513,35.91886,-79.05631,247,6905.833517643478
23513,35.91853,-79.05636,248,6942.945973098009
23513,35.918346,-79.056566,249,6970.723858999847
23513,35.91818,-79.05643,250,6992.989885655063
23513,35.91796,-79.05647,251,7017.812832099814
23513,35.91775,-79.05651,252,7041.5321770681885
23513,35.91719,-79.05661,253,7104.693916636143
23513,35.91694,-79.05665,254,7132.8336167083635
23513,35.916757,-79.056856,255,7160.5293231447
23513,35.91642,-79.05675,256,7199.356113158443
23513,35.91627,-79.05677,257,7216.196909724689
23513,35.91603,-79.05681,258,7243.230153497302
23513,35.91575,-79.05687,259,7274.95427045281
23513,35.91546,-79.05692,260,7307.640113062581
23513,35.91538,-79.05692,261,7316.569501151854
23513,35.91523,-79.05693,262,7333.33670561571
23513,35.91509,-79.05686,263,7350.206245234809
23513,35.91506,-79.05685,264,7353.675683709658
23513,35.91501,-79.05683,265,7359.544562574657
23513,35.91489,-79.05676,266,7374.370141682598
23513,35.91467,-79.05664,267,7401.234704865199
23513,35.91459,-79.05659,268,7411.251919051254
23513,35.91432,-79.05645,269,7443.959842510359
23513,35.91406,-79.0563,270,7476.017424053714
23513,35.91369,-79.05608,271,7521.893251456718
23513,35.91363,-79.05606,272,7528.832145613181
23513,35.913294,-79.056022,273,7566.494012164812
23513,35.91328,-79.05586,274,7581.2862685030295
23513,35.91326,-79.05585,275,7583.696214948652
23513,35.91314,-79.05578,276,7598.52187788793
23513,35.91276,-79.05556,277,7645.4051695841845
23513,35.9126,-79.05547,278,7665.044899268877
23513,35.91239,-79.05535,279,7690.893363553205
23513,35.91217,-79.05521,280,7718.544552117416
23513,35.91189,-79.05506,281,7752.63640790578
23513,35.91183,-79.05503,282,7759.866274982525
23513,35.911689,-79.055045,283,7775.663194866257
23513,35.91159,-79.05489,284,7793.557026365829
23513,35.9115,-79.05483,285,7804.984870965873
23513,35.91132,-79.05473,286,7827.032667788378
23513,35.9112,-79.05465,287,7842.269810614804
23513,35.91115,-79.05462,288,7848.480027996285
23513,35.91095,-79.05449,289,7873.732391882414
23513,35.91071,-79.05431,290,7905.113145976531
23513,35.91049,-79.05487,291,7961.581366915422
23513,35.91025,-79.05547,292,8022.29266918368
23513,35.90997,-79.05532,293,8056.384643723095
23513,35.90957,-79.05509,294,8105.674956321561
23513,35.90952,-79.05506,295,8111.885194129378
23513,35.90937,-79.05498,296,8130.135855166482
23513,35.90914,-79.05485,297,8158.391869047037
23513,35.908924,-79.054815,298,8182.709869435974
23513,35.90882,-79.05468,299,8199.592554669689
23513,35.90872,-79.05466,300,8210.9011095759
23513,35.90858,-79.05465,301,8226.553955537524
23513,35.90837,-79.05464,302,8250.011265702584
23513,35.90821,-79.05464,303,8267.870106136948
23513,35.90789,-79.05467,304,8303.691520745895
23513,35.90763,-79.05469,305,8332.768905546547
23513,35.90748,-79.05472,306,8349.731743624121
23513,35.90735,-79.05474,307,8364.355261772524
23513,35.90733,-79.05474,308,8366.587616460076
23513,35.90716,-79.05478,309,8385.907152334137
23513,35.90705,-79.05479,310,8398.218636307336
23513,35.90689,-79.05487,311,8417.4984586058
23513,35.9069,-79.05482,312,8422.17398673599
23513,35.90669,-79.05485,313,8445.771482732447
23513,35.90647,-79.05487,314,8470.394448566092
23513,35.90627,-79.05491,315,8493.011568008906
23513,35.90606,-79.05494,316,8516.609063072363
23513,35.90604,-79.05494,317,8518.841417034042
23513,35.90552,-79.05499,318,8577.059938626382
23513,35.90526,-79.05501,319,8606.13731167134
23513,35.90508,-79.05503,320,8626.310415828217
23513,35.90492,-79.05495,321,8645.590301780692
23513,35.90489,-79.05493,322,8649.399655996618
23513,35.90482,-79.05487,323,8658.925065807367
23513,35.90478,-79.05483,324,8664.68073624641
23513,35.90472,-79.05476,325,8673.914246346814
23513,35.90456,-79.05456,326,8699.385655645832
23513,35.90436,-79.05429,327,8732.54443038632
23513,35.90425,-79.05411,328,8752.987844540889
23513,35.90424,-79.0541,329,8754.42676790913
23513,35.9042,-79.05404,330,8761.4709821434
23513,35.9042,-79.05402,331,8763.287183956767
23513,35.90416,-79.05395,332,8771.055157902523
23513,35.90415,-79.05392,333,8773.99925217631
23513,35.90413,-79.05384,334,8781.599314767556
23513,35.90412,-79.05382,335,8783.731087005859
23513,35.90404,-79.05356,336,8808.97388080706
23513,35.90399,-79.05342,337,8822.858344160491
23513,35.90389,-79.05312,338,8852.299387188817
23513,35.90384,-79.053,339,8864.542632210876
23513,35.90382,-79.05292,340,8872.142733381734
23513,35.90379,-79.05284,341,8880.142163500686
23513,35.90374,-79.05265,342,8898.276348728421
23513,35.90366,-79.05243,343,8920.159477644542
23513,35.9034,-79.05164,344,8997.547766517959
23513,35.90333,-79.05143,345,9018.156682951281
23513,35.903199,-79.051357,346,9034.211270503874
23513,35.90319,-79.05095,347,9071.185269799904
23513,35.90312,-79.05075,348,9090.956929568863
23513,35.90306,-79.05056,349,9109.465320527168
23513,35.90301,-79.05041,350,9124.186052778861
23513,35.90291,-79.05044,351,9135.675571513772
23513,35.90247,-79.0506,352,9186.891992178013
23513,35.90222,-79.0507,353,9216.237128856694
23513,35.90218,-79.05072,354,9221.05715760012
23513,35.90215,-79.05073,355,9224.526668875682
23513,35.90188,-79.05086,356,9256.893503330773
23513,35.90177,-79.0509,357,9269.697612451595
23513,35.90165,-79.05094,358,9283.575658723403
23513,35.9016,-79.05098,359,9290.234639234062
23513,35.90155,-79.05101,360,9296.445038614751
23513,35.90151,-79.05106,361,9302.81305599469
23513,35.90148,-79.05114,362,9310.812702997664
23513,35.90145,-79.05122,363,9318.812351501347
23513,35.90145,-79.05127,364,9323.353035304677
23513,35.90144,-79.05135,365,9330.703372250684
23513,35.90145,-79.05142,366,9337.157576977497
23513,35.901571,-79.051551,367,9355.155788519021
23513,35.9015,-79.0516,368,9364.244534455225
23513,35.90159,-79.05188,369,9391.584740705059
23513,35.90165,-79.05205,370,9408.413031123544
23513,35.90171,-79.05224,371,9426.921667054557
23513,35.90178,-79.05243,372,9445.862762610865
23513,35.9019,-79.05284,373,9485.432011314359
23513,35.90209,-79.05344,374,9543.901320950301
23513,35.90211,-79.05356,375,9555.025132697096
23513,35.90214,-79.0538,376,9577.075873546108
23513,35.90215,-79.05388,377,9584.42611679204
23513,35.90216,-79.05396,378,9591.776358184263
23513,35.90217,-79.0541,379,9604.539002863146
23513,35.90217,-79.05413,380,9607.263375680279
23513,35.90218,-79.05432,381,9624.553797630328
23513,35.90218,-79.05454,382,9644.53251904603
23513,35.90218,-79.05459,383,9649.073136571718
23513,35.902309,-79.054771,384,9670.924860268322
23513,35.90216,-79.05493,385,9692.949401797154
23513,35.90214,-79.05526,386,9723.000493781874
23513,35.90211,-79.0557,387,9763.097959641056
23513,35.90208,-79.05608,388,9797.768697715052
23513,35.90206,-79.05636,389,9823.29392859245
23513,35.90206,-79.05637,390,9824.202050879749
23513,35.90203,-79.05681,391,9864.299486365195
23513,35.90201,-79.05703,392,9884.40249957195
23513,35.90162,-79.05739,393,9938.842582357409
23513,35.9013,-79.0577,394,9984.320855031814
23513,35.90117,-79.0578,395,10001.438591716471
23513,35.90105,-79.05785,396,10015.581379540145
23513,35.900945,-79.05803,397,10035.695005330426
23513,35.9009,-79.05789,398,10049.365066648728
23513,35.90088,-79.0579,399,10051.775059105872
23513,35.90083,-79.05791,400,10057.429321884536
23513,35.9007,-79.05792,401,10071.967943844717
23513,35.90055,-79.05791,402,10088.73512979108
23513,35.90046,-79.05789,403,10098.943549654365
23513,35.90033,-79.05784,404,10114.14765372787
23513,35.90012,-79.05775,405,10138.971385775441
23513,35.89986,-79.05765,406,10169.379615854865
23513,35.89978,-79.05762,407,10178.715372149689
23513,35.89969,-79.05759,408,10189.12381374879
23513,35.89951,-79.05756,409,10209.39879672253
23513,35.89939,-79.05755,410,10222.823616329586
23513,35.89922,-79.05753,411,10241.885277017265
23513,35.89898,-79.05752,412,10268.688802640092
23513,35.89848,-79.05753,413,10324.504808223299
23513,35.89833,-79.05754,414,10341.272005522824
23513,35.89823,-79.05755,415,10352.470613601608
23513,35.8981,-79.05756,416,10367.009245590853
23513,35.89796,-79.05757,417,10382.662025216765
23513,35.89784,-79.0576,418,10396.330381233305
23513,35.89773,-79.05763,419,10408.90693213059
23513,35.89758,-79.05767,420,10426.03907866368
23513,35.89746,-79.05773,421,10440.499125838158
23513,35.89737,-79.05778,422,10451.523304789387
23513,35.89728,-79.05784,423,10462.951565686815
23513,35.8972,-79.0579,424,10473.412250093254
23513,35.89708,-79.058,425,10489.594936648844
23513,35.89696,-79.0581,426,10505.777628408754
23513,35.89684,-79.05821,427,10522.486915137451
23513,35.8967,-79.05833,428,10541.53827396334
23513,35.89656,-79.05843,429,10559.612111235196
23513,35.8965,-79.05847,430,10567.230961577427
23513,35.89641,-79.0585,431,10577.639418201372
23513,35.89631,-79.05854,432,10589.377410957039
23513,35.89621,-79.05856,433,10600.685941700816
23513,35.89612,-79.05857,434,10610.772445694784
23513,35.89604,-79.05858,435,10619.747875545974
23513,35.89592,-79.05857,436,10633.172675799999
23513,35.89585,-79.05856,437,10641.038475169185
23513,35.89575,-79.05853,438,10652.527903674023
23513,35.895495,-79.058559,439,10681.111849327646
23513,35.8955,-79.05842,440,10693.748091791327
23513,35.89538,-79.05835,441,10708.57430965964
23513,35.8953,-79.05831,442,10718.214369360949
23513,35.89507,-79.05817,443,10746.862476160415
23513,35.89455,-79.05782,444,10813.037772809408
23513,35.89433,-79.05772,445,10839.219267214628
23513,35.89422,-79.05766,446,10852.652103871515
23513,35.89413,-79.05762,447,10863.334361554207
23513,35.894,-79.05758,448,10878.292457353744
23513,35.89392,-79.05756,449,10887.404712914193
23513,35.89375,-79.05751,450,10906.915461911716
23513,35.89374,-79.05751,451,10908.031634250145
23513,35.89366,-79.05749,452,10917.143892015065
23513,35.89362,-79.05748,453,10921.700021143497
23513,35.8936,-79.05748,454,10923.932365923236
23513,35.89356,-79.05748,455,10928.397055481373
23513,35.89353,-79.05748,456,10931.745572648837
23513,35.89351,-79.05749,457,10934.15559873403
23513,35.89349,-79.05749,458,10936.387943476067
23513,35.89347,-79.05749,459,10938.62028821843
23513,35.89344,-79.05749,460,10941.968805331633
23513,35.8934,-79.0575,461,10946.524934887277
23513,35.8933,-79.05752,462,10957.833495028543
23513,35.89303,-79.05759,463,10988.63343574019
23513,35.89299,-79.05767,464,10997.161349382108
23513,35.89297,-79.05769,465,11000.03934412271
23513,35.89291,-79.05776,466,11009.27346926857
23513,35.89265,-79.05791,467,11041.332552200227
23513,35.89254,-79.05798,468,11055.15881968325
23513,35.89217,-79.05835,469,11108.401849975633
23513,35.892184,-79.058496,470,11121.753817708097
23513,35.89201,-79.05853,471,11141.419148606023
23513,35.89181,-79.05875,472,11171.378836036718
23513,35.89178,-79.05879,473,11176.31956962264
23513,35.89169,-79.05891,474,11191.141774611053
23513,35.89162,-79.05902,475,11203.824777192214
23513,35.89147,-79.05926,476,11231.310317850079
23513,35.89139,-79.05941,477,11247.599461763537
23513,35.89133,-79.0595,478,11258.166727856767
23513,35.89123,-79.05967,479,11277.21877601511
23513,35.89108,-79.05998,480,11309.976170277796
23513,35.89107,-79.06001,481,11312.920656167398
23513,35.89098,-79.06016,482,11329.847457593385
23513,35.89088,-79.06035,483,11350.39923099045
23513,35.89078,-79.06054,484,11370.951016614974
23513,35.89059,-79.06079,485,11402.020536699072
23513,35.89042,-79.06096,486,11426.483674411895
23513,35.89025,-79.06111,487,11449.84284693869
23513,35.89004,-79.06123,488,11475.69237965042
23513,35.88983,-79.06132,489,11500.516325558543
23513,35.8896,-79.06137,490,11526.586710042013
23513,35.8892,-79.06143,491,11571.564683377104
23513,35.88849,-79.06154,492,11651.439723126214
23513,35.8883,-79.06157,493,11672.821194045686
23513,35.88766,-79.06164,494,11744.538137379883
23513,35.88754,-79.06166,495,11758.054741372001
23513,35.88713,-79.06168,496,11803.85354270576
23513,35.88706,-79.06167,497,11811.719314465325
23513,35.88679,-79.06166,498,11841.869451359695
23513,35.88669,-79.06165,499,11853.067996230808
23513,35.88668,-79.06165,500,11854.184161161882
23513,35.88652,-79.06163,501,11872.134954479357
23513,35.88635,-79.06161,502,11891.196518302539
23513,35.88591,-79.06152,503,11940.983482202668
23513,35.88562,-79.06145,504,11973.970818987918
23513,35.88516,-79.06126,505,12028.137226842704
23513,35.88511,-79.06124,506,12034.006277746457
23513,35.885033,-79.061326,507,12045.620244645244
23513,35.88494,-79.06117,508,12063.18530247178
23513,35.88475,-79.06108,509,12085.913503506059
23513,35.88453,-79.06096,510,12112.779575624481
23513,35.88444,-79.06091,511,12123.804006137205
23513,35.88433,-79.06086,512,12136.894889464458
23513,35.88424,-79.06082,513,12147.577247789133
23513,35.88413,-79.06079,514,12160.153836136267
23513,35.88403,-79.06076,515,12171.643319582574
23513,35.88392,-79.06073,516,12184.219910698357
23513,35.8839,-79.06073,517,12186.452243799025
23513,35.88382,-79.06072,518,12195.42765662632
23513,35.88379,-79.06071,519,12198.89716792793
23513,35.8837,-79.06071,520,12208.94266719059
23513,35.88359,-79.0607,521,12221.254053509989
23513,35.88348,-79.06071,522,12233.565439913697
23513,35.88339,-79.06072,523,12243.651921929328
23513,35.88337,-79.06072,524,12245.884255059422
23513,35.88325,-79.06074,525,12259.400891908315
23513,35.88316,-79.06076,526,12269.609335713023
23513,35.88313,-79.06076,527,12272.957835188583
23513,35.88305,-79.06079,528,12282.293713443953
23513,35.88293,-79.06083,529,12296.171766352614
23513,35.88282,-79.06088,530,12309.262680493865
23513,35.88273,-79.06092,531,12319.945061470087
23513,35.88262,-79.06098,532,12333.378154218242
23513,35.88254,-79.06104,533,12343.839315704481
23513,35.88244,-79.06111,534,12356.685007525899
23513,35.88225,-79.06126,535,12381.891909144731
23513,35.88223,-79.06128,536,12384.770044131035
23513,35.88191,-79.06155,537,12428.096912272817
23513,35.88189,-79.06156,538,12430.506973245758
23513,35.88161,-79.0618,539,12468.611867099129
23513,35.88135,-79.06202,540,12503.84717161741
23513,35.88107,-79.06224,541,12540.942688207984
23513,35.88016,-79.06302,542,12664.783990939412
23513,35.88009,-79.06308,543,12674.310258051892
23513,35.87996,-79.0632,544,12692.458595959213
23513,35.87982,-79.06332,545,12711.51114245197
23513,35.87977,-79.06336,546,12718.170542036716
23513,35.87922,-79.06381,547,12791.923545441485
23513,35.87908,-79.06393,548,12810.976132109665
23513,35.87923,-79.0642,549,12840.671931493818
23513,35.87933,-79.06439,550,12861.225721833925
23513,35.8795,-79.0647,551,12895.18157177441
23513,35.87964,-79.06494,552,12922.004278964861
23513,35.87979,-79.06505,553,12941.501676385173
23513,35.87985,-79.06504,554,12948.259953631165
23513,35.87987,-79.06504,555,12950.49227134858
23513,35.87991,-79.06504,556,12954.956906785186
23513,35.87995,-79.06505,557,12959.513012307587
23513,35.8802,-79.06518,558,12989.812807188013
23513,35.8801,-79.06547,559,13018.42240877394
23513,35.880124,-79.065668,560,13036.60638796558
23513,35.88002,-79.06573,561,13049.508494026855
23513,35.87973,-79.06557,562,13084.990283720224
23513,35.87969,-79.06555,563,13089.810393949698
23513,35.87967,-79.06553,564,13092.688546704536
23513,35.87965,-79.0655,565,13096.211248662665
23513,35.87964,-79.06547,566,13099.15607575583
23513,35.87963,-79.06545,567,13101.288291125498
23513,35.87962,-79.06543,568,13103.42050675831
23513,35.87947,-79.06552,569,13122.052279269252
23513,35.87901,-79.06573,570,13176.824695420555
23513,35.879006,-79.06582,571,13185.012254970745
23513,35.879024,-79.065938,572,13195.91774189716
23513,35.87905,-79.066053,573,13206.7596520771
23513,35.879078,-79.066177,574,13218.449015064305
23513,35.879106,-79.066285,575,13228.745216668296
23513,35.879108,-79.06639,576,13238.28574883094
23513,35.879058,-79.066437,577,13245.312307380487
23513,35.87902,-79.066439,578,13249.557590700531
23513,35.878969,-79.066407,579,13255.94921554023
23513,35.878915,-79.066317,580,13266.106206888267
23513,35.878889,-79.066198,581,13277.298644784694
23513,35.878852,-79.066068,582,13289.808842266308
23513,35.878775,-79.066058,583,13298.451123087249
24950,35.901417,-79.012289,0,0
24950,35.901366,-79.012241,1,7.170270374586092
24950,35.901236,-79.01212,2,25.37299802439928
24950,35.900641,-79.012104,3,91.80596875896586
24950,35.900591,-79.012098,4,97.41377416885034
24950,35.900574,-79.011502,5,151.5759908897181
24950,35.900623,-79.011047,6,193.2597192602115
24950,35.90063,-79.01106,7,194.67553175813654
24950,35.90092,-79.01102,8,227.25014006310101
24950,35.901098,-79.01094,9,248.4062244595366
24950,35.90117,-79.01102,10,259.240559288164
24950,35.90127,-79.01102,11,270.4031126989707
24950,35.90146,-79.011,12,291.689603184597
24950,35.9016,-79.011,13,307.3171784773435
24950,35.90171,-79.01099,14,319.62952882512974
24950,35.90178,-79.01097,15,327.6516564075685
24950,35.90185,-79.01096,16,335.5180466401034
24950,35.90199,-79.01092,17,351.5623010070078
24950,35.90211,-79.01087,18,365.7061325280825
24950,35.90213,-79.01086,19,368.1163008347219
24950,35.90229,-79.01078,20,387.3976455474634
24950,35.90253,-79.01062,21,417.87485497222383
24950,35.90264,-79.01055,22,431.7017978509068
24950,35.90282,-79.01044,23,454.14089437519704
24950,35.90288,-79.01058,24,468.5115565335405
24950,35.90296,-79.01078,25,488.7516442041413
24950,35.90334,-79.01167,26,580.0334075408617
24950,35.90354,-79.01212,27,626.6013907862857
24950,35.9037,-79.01251,28,666.2681990252794
24950,35.90395,-79.0131,29,726.6814820312002
24950,35.90399,-79.01319,30,735.9950115756449
24950,35.90401,-79.01323,31,740.258837869637
24950,35.90403,-79.01329,32,746.1474180048649
24950,35.90462,-79.0147,33,890.1412852144397
24950,35.90495,-79.01548,34,969.9824298037079
24950,35.90522,-79.01611,35,1034.6484200362447
24950,35.9053,-79.0163,36,1054.0770060882776
24950,35.90563,-79.01707,37,1133.1128040805936
24950,35.90582,-79.01752,38,1179.1546137238895
24950,35.90612,-79.01821,39,1250.2026338833734
24950,35.90637,-79.0188,40,1310.613899635502
24950,35.906601,-79.019153,41,1351.7540864444388
24950,35.90688,-79.01998,42,1433.056917567115
24950,35.90701,-79.02027,43,1463.1256260320731
24950,35.90715,-79.02061,44,1497.7310926816363
24950,35.9073,-79.02098,45,1535.272030869655
24950,35.9074,-79.02122,46,1559.758910032831
24950,35.90745,-79.02136,47,1573.643581933069
24950,35.90748,-79.02143,48,1580.828456931827
24950,35.90753,-79.02158,49,1595.5491530124816
24950,35.90755,-79.02162,50,1599.8127823939813
24950,35.90759,-79.02177,51,1614.1475165400946
24950,35.90762,-79.02184,52,1621.3323767872967
24950,35.90762,-79.02185,53,1622.2404848155343
24950,35.90771,-79.02215,54,1651.27697065103
24950,35.907803,-79.022324,55,1670.1829976368813
24950,35.90788,-79.02286,56,1719.6104276661017
24950,35.90794,-79.0231,57,1742.4107401767553
24950,35.9081,-79.02383,58,1811.0657946088127
24950,35.908398,-79.024817,59,1906.6684367727107
24950,35.90851,-79.02568,60,1986.027811430235
24950,35.9086,-79.02612,61,2027.22740672507
24950,35.90865,-79.02634,62,2047.970329330563
24950,35.90876,-79.02685,63,2095.8828626591912
24950,35.90881,-79.02707,64,2116.625721801155
24950,35.90884,-79.02719,65,2128.025680874696
24950,35.90885,-79.02726,66,2134.4795442968293
24950,35.90893,-79.0277,67,2175.4210038660704
24950,35.90902,-79.02781,68,2189.587910724245
24950,35.90903,-79.02782,69,2191.02685962167
24950,35.90904,-79.02783,70,2192.465808422478
24950,35.90906,-79.02785,71,2195.343705737977
24950,35.90908,-79.02785,72,2197.5761563109586
24950,35.90909,-79.02786,73,2199.015104677682
24950,35.90912,-79.02787,74,2202.4847217405336
24950,35.90913,-79.02787,75,2203.600946990379
24950,35.90915,-79.02787,76,2205.83339749123
24950,35.90916,-79.02787,77,2206.9496227422733
24950,35.90918,-79.02787,78,2209.1820732436645
24950,35.9092,-79.02787,79,2211.414523745725
24950,35.90922,-79.02786,80,2213.82459556922
24950,35.90943,-79.02778,81,2238.3652327345526
24950,35.90977,-79.02765,82,2278.1105094649342
24950,35.90986,-79.02763,83,2288.3193846919216
24950,35.90994,-79.02759,84,2297.9596639032907
24950,35.91001,-79.02756,85,2306.2345294441584
24950,35.91003,-79.02754,86,2309.112413925118
24950,35.91005,-79.02752,87,2311.9902982075187
24950,35.91006,-79.02751,88,2313.429240272979
24950,35.91007,-79.0275,89,2314.8681822893973
24950,35.91008,-79.02749,90,2316.3071242555893
24950,35.91009,-79.02747,91,2318.4388686993225
24950,35.9101,-79.02746,92,2319.8778105875385
24950,35.91012,-79.02743,93,2323.399909343152
24950,35.91013,-79.02742,94,2324.838851104088
24950,35.91014,-79.0274,95,2326.9705947994594
24950,35.91014,-79.02739,96,2327.878665595298
24950,35.91015,-79.02737,97,2330.0104091948583
24950,35.91016,-79.02735,98,2332.1421526662816
24950,35.91016,-79.02733,99,2333.958293951541
24950,35.91017,-79.02732,100,2335.3972356530307
24950,35.91017,-79.0273,101,2337.2133767963555
24950,35.91017,-79.02729,102,2338.1214473891982
24950,35.91018,-79.02727,103,2340.253190737419
24950,35.91018,-79.02724,104,2342.9774023416962
24950,35.91018,-79.02723,105,2343.8854729058166
24950,35.91018,-79.02721,106,2345.701614079165
24950,35.91019,-79.02718,107,2348.6456403776665
24950,35.91019,-79.02716,108,2350.461781463553
24950,35.91019,-79.02714,109,2352.277922606114
24950,35.91019,-79.02712,110,2354.094063809488
24950,35.91019,-79.02711,111,2355.0021344323177
24950,35.91018,-79.0271,112,2356.4410764943445
24950,35.91018,-79.02708,113,2358.257218044026
24950,35.91018,-79.02707,114,2359.1652888407248
24950,35.91018,-79.02706,115,2360.0733596507703
24950,35.91017,-79.02705,116,2361.5123019007287
24950,35.91017,-79.02704,117,2362.420372857988
24950,35.91017,-79.02703,118,2363.3284438285555
24950,35.91016,-79.02701,119,2365.4601882647903
24950,35.91015,-79.027,120,2366.899130776712
24950,35.91014,-79.02698,121,2369.030875709907
24950,35.91012,-79.02695,122,2372.552976637663
24950,35.91012,-79.02694,123,2373.461048317652
24950,35.91005,-79.02685,124,2384.767876844081
24950,35.90981,-79.02691,125,2412.1057643291433
24950,35.90945,-79.02702,126,2453.51282210643
24950,35.90905,-79.02717,127,2500.193404306811
24950,35.90872,-79.0273,128,2538.8743113608534
24950,35.9085,-79.02738,129,2564.4833151627463
24950,35.90821,-79.02754,130,2599.965113102014
24950,35.90793,-79.02769,131,2634.0587412767363
24950,35.90781,-79.02775,132,2648.5192105688316
24950,35.90742,-79.02799,133,2697.2028679278974
24950,35.90721,-79.02812,134,2723.448503503091
24950,35.90692,-79.02832,135,2760.566048930467
24950,35.90662,-79.02855,136,2800.0325710667425
24950,35.90648,-79.02866,137,2818.5795867978454
24950,35.9059,-79.02914,138,2896.6272321711444
24950,35.90579,-79.02924,139,2911.8990423607343
24950,35.90558,-79.02941,140,2939.9667837271704
24950,35.90548,-79.0295,141,2953.8013293389818
24950,35.905,-79.02991,142,3019.046828447274
24950,35.9049,-79.02999,143,3032.365068664307
24950,35.90479,-79.03008,144,3047.1149980068553
24950,35.90397,-79.03078,145,3158.554738266578
24950,35.90323,-79.0314,146,3258.5198553906366
24950,35.90278,-79.03179,147,3319.980842634587
24950,35.90223,-79.03226,148,3394.752679647219
24950,35.90204,-79.03243,149,3420.985040798923
24950,35.90188,-79.03256,150,3442.3940026062855
24950,35.90177,-79.03265,151,3457.144045491769
24950,35.9016,-79.03279,152,3479.9854270327432
24950,35.9015,-79.03288,153,3493.820142610432
24950,35.901034,-79.033427,154,3565.746467229506
24950,35.90083,-79.03345,155,3588.612861408575
24950,35.9005,-79.03375,156,3634.4290376144304
24950,35.90038,-79.03385,157,3650.6121339962797
24950,35.90018,-79.03405,158,3679.39210629574
24950,35.90003,-79.03419,159,3700.415738597447
24950,35.9,-79.03423,160,3705.3563862870765
24950,35.8998,-79.03444,161,3734.7180168336427
24950,35.89966,-79.0346,162,3756.0569393564124
24950,35.89957,-79.03471,163,3770.2245297390955
24950,35.89934,-79.03498,164,3805.7262879244677
24950,35.89925,-79.03509,165,3819.8938984099505
24950,35.89917,-79.0352,166,3833.2931717948486
24950,35.8991,-79.0353,167,3845.273608002898
24950,35.89903,-79.0354,168,3857.2540484326
24950,35.89896,-79.0355,169,3869.2344930882728
24950,35.89889,-79.03561,170,3881.9172410251495
24950,35.89868,-79.03594,171,3919.9655135516846
24950,35.89869,-79.03602,172,3927.316282960374
24950,35.89869,-79.03607,173,3931.85723665701
24950,35.89869,-79.03611,174,3935.489999351785
24950,35.89869,-79.03615,175,3939.1227618164007
24950,35.89869,-79.03617,176,3940.9391429598936
24950,35.89869,-79.03619,177,3942.755524046524
24950,35.89869,-79.03621,178,3944.5719050737775
24950,35.89874,-79.03644,179,3966.193009779793
24950,35.89882,-79.03656,180,3980.2824175657684
24950,35.89889,-79.03668,181,3993.6921994828044
24950,35.89896,-79.03676,182,4004.3616739622753
24950,35.89902,-79.03684,183,4014.242998190236
24950,35.89912,-79.03698,184,4031.162014086553
24950,35.89923,-79.03712,185,4048.837333127017
24950,35.8994,-79.03734,186,4076.392217687645
24950,35.89957,-79.03756,187,4103.947061191464
24950,35.89979,-79.03788,188,4141.994466693816
24950,35.90003,-79.03823,189,4183.563730712389
24950,35.90015,-79.0384,190,4204.003203345079
24950,35.90016,-79.03841,191,4205.442192629802
24950,35.90023,-79.03852,192,4218.124754299559
24950,35.90031,-79.03866,193,4233.661602226079
24950,35.90038,-79.03877,194,4246.344143795211
24950,35.90047,-79.03894,195,4264.763607520562
24950,35.90058,-79.03915,196,4287.445682347258
24950,35.90066,-79.03932,197,4305.280886833386
24950,35.90069,-79.03938,198,4311.676555407091
24950,35.90079,-79.03958,199,4332.995433413432
24950,35.90089,-79.0398,200,4355.881518407494
24950,35.90095,-79.03992,201,4368.672816153813
24950,35.90098,-79.04001,202,4377.505603313541
24950,35.90111,-79.04027,203,4405.220037332525
24950,35.90125,-79.04054,204,4434.2964606307805
24950,35.90127,-79.04057,205,4437.818723181236
24950,35.90131,-79.04066,206,4447.132088282707
24950,35.90136,-79.04074,207,4456.293486344528
24950,35.90143,-79.04084,208,4468.273618325153
24950,35.90149,-79.04093,209,4478.840384297609
24950,35.9015,-79.04095,210,4480.972252240835
24950,35.90157,-79.04104,211,4492.279469409517
24950,35.90161,-79.04109,212,4498.647585675885
24950,35.90164,-79.04113,213,4503.588124119676
24950,35.90172,-79.04122,214,4515.6935537228865
24950,35.90174,-79.04124,215,4518.5714963081
24950,35.9018,-79.04132,216,4528.452560648123
24950,35.90192,-79.04144,217,4545.720200636103
24950,35.90223,-79.04174,218,4589.760705028921
24950,35.90243,-79.04195,219,4619.121599903239
24950,35.90255,-79.04208,220,4636.976200174874
24950,35.90263,-79.04219,221,4650.3750032614735
24950,35.90274,-79.04234,222,4668.713864598565
24950,35.90288,-79.04257,223,4694.799617377295
24950,35.903,-79.04278,224,4718.104206349245
24950,35.90313,-79.04305,225,4746.5956694291535
24950,35.90324,-79.0433,226,4772.406313694325
24950,35.90332,-79.04348,227,4791.032597628992
24950,35.90339,-79.04366,228,4809.1502492348145
24950,35.90342,-79.04373,229,4816.335159022112
24950,35.90345,-79.0438,230,4823.52006585809
24950,35.90353,-79.044,231,4843.758959356119
24950,35.90361,-79.04419,232,4863.187008754298
24950,35.90364,-79.04427,233,4871.186564423673
24950,35.90367,-79.04435,234,4879.186116548675
24950,35.90369,-79.04443,235,4886.786334927576
24950,35.90372,-79.04451,236,4894.7858808063565
24950,35.90373,-79.04456,237,4899.46166395789
24950,35.90377,-79.04474,238,4916.406605511171
24950,35.9038,-79.04494,239,4934.875094507079
24950,35.9038,-79.045,240,4940.323806482666
24950,35.90381,-79.04505,241,4944.999581480189
24950,35.90382,-79.04519,242,4957.762141329721
24950,35.90382,-79.0453,243,4967.7514396844845
24950,35.90383,-79.04541,244,4977.802903410609
24950,35.90381,-79.04562,245,4997.003590829965
24950,35.90379,-79.04583,246,5016.204276638976
24950,35.90378,-79.04586,247,5019.148420797172
24950,35.90374,-79.04607,248,5038.734565493366
24950,35.90366,-79.04639,249,5069.135342602032
24950,35.90353,-79.04673,250,5103.251088231336
24950,35.90363,-79.046813,251,5116.719588973405
24950,35.90349,-79.04684,252,5132.537459751545
24950,35.90347,-79.0469,253,5138.425758025557
24950,35.90344,-79.04697,254,5145.610627057939
24950,35.90329,-79.04744,255,5191.458719913004
24950,35.90314,-79.0479,256,5236.46267291204
24950,35.90314,-79.04791,257,5237.370794957563
24950,35.90309,-79.04811,258,5256.371356079508
24950,35.90309,-79.04812,259,5257.279478398901
24950,35.90307,-79.04823,260,5267.515226621912
24950,35.90304,-79.04834,261,5278.050878274331
24950,35.903008,-79.048532,262,5295.848919741204
24950,35.90311,-79.04864,263,5310.875971714543
24950,35.902973,-79.04876,264,5329.653435907665
24950,35.90295,-79.04904,265,5355.210139831323
24950,35.90294,-79.04925,266,5374.313349332407
24950,35.90293,-79.04944,267,5391.603739137367
24950,35.90293,-79.04945,268,5392.51186138011
24950,35.90294,-79.0496,269,5406.179346652181
24950,35.90294,-79.0498,270,5424.341781819984
24950,35.90295,-79.04989,271,5432.590740980841
24950,35.90296,-79.05001,272,5443.545209894904
24950,35.903071,-79.050059,273,5456.709720381253
24950,35.90298,-79.05017,274,5471.019842989212
24950,35.90299,-79.05026,275,5479.268793153272
24950,35.90301,-79.05041,276,5493.072306165347
24950,35.90306,-79.05056,277,5507.793038417041
24950,35.90312,-79.05075,278,5526.301429375346
24950,35.90319,-79.05095,279,5546.073089144305
24950,35.90333,-79.05143,280,5592.379025363201
24950,35.90345,-79.051773,281,5626.285090481612
24950,35.903566,-79.051805,282,5639.554905681179
25575,35.931064,-79.064532,0,0
25575,35.93098706387672,-79.06451551041603,1,8.716790322276129
25575,35.93091272007261,-79.06458148710253,2,18.950396632882573
25575,35.93083398513672,-79.0646539361763,3,29.92692052108103
25575,35.930751992519795,-79.06473370304106,4,41.59680824207422
25575,35.93068529756913,-79.06479795948982,5,51.05413563976724
25575,35.93064176583074,-79.06482749321937,6,56.60355975337682
25575,35.93044,-79.06491,7,80.3366665785762
25575,35.9303,-79.06482,8,97.96983752730705
25575,35.93024,-79.06478,9,105.58786726083142
25575,35.93036,-79.06447,10,136.75402125888715
25575,35.9308,-79.06336,11,248.84874343936096
25575,35.93085,-79.06324,12,261.0884562413397
25575,35.93086,-79.06324,13,262.2046186093826
25575,35.93088,-79.06322,14,265.08203481228287
25575,35.93105,-79.06286,15,302.87125096643734
25575,35.93114,-79.0627,16,320.5311077283975
25575,35.93128,-79.06245,17,348.0849934913925
25575,35.93145,-79.06219,18,378.36870916544916
25575,35.93159,-79.06198,19,403.0180131730471
25575,35.93167,-79.06187,20,416.4136378944936
25575,35.93185,-79.06166,21,444.1093431925026
25575,35.93195,-79.06154,22,459.7056567807508
25575,35.93209,-79.06139,23,480.432245205019
25575,35.93225,-79.0612,24,505.25985159923295
25575,35.93251,-79.06092,25,543.8373543812008
25575,35.9328,-79.06061,26,586.7283304154355
25575,35.9328,-79.0606,27,587.636090764671
25575,35.93307,-79.06031,28,627.651286812461
25575,35.93326,-79.06011,29,655.5681936593077
25575,35.93339,-79.05995,30,676.0985228911278
25575,35.93318,-79.059828,31,702.0226240500508
25575,35.932842,-79.059806,32,739.80193902729
25575,35.932536,-79.059732,33,774.611011532114
25575,35.93235,-79.059613,34,798.0140109689302
25575,35.93216,-79.059382,35,827.837885971477
25575,35.932029,-79.059157,36,852.9570319703347
25575,35.931878,-79.05878,37,891.1051418896146
25575,35.931937,-79.058487,38,918.5060296993487
25575,35.932064,-79.057556,39,1004.2002917466732
25575,35.932118,-79.057026,40,1052.6883531161268
25575,35.932141,-79.056837,41,1070.0362733585512
25575,35.932188,-79.055949,42,1150.8171084215955
25575,35.93231,-79.05553,43,1191.216961065627
25575,35.93177,-79.05541,44,1252.4669478838543
25575,35.93156,-79.05535,45,1276.5311552807013
25575,35.93112,-79.05522,46,1327.0408971757395
25575,35.93104,-79.05519,47,1336.3763742880697
25575,35.930642,-79.055205,48,1380.8210698679434
25575,35.93052,-79.055,49,1403.880909841582
25575,35.93043,-79.05497,50,1414.2891170875187
25575,35.93009,-79.05486,51,1453.5309320768156
25575,35.92999,-79.05482,52,1465.268513059339
25575,35.92879,-79.05441,53,1604.2851214611087
25575,35.92835,-79.05426,54,1655.2498449560014
25575,35.92818,-79.0542,55,1674.9911955444031
25575,35.927982,-79.054298,56,1698.8150384529547
25575,35.92748,-79.05397,57,1762.2678505148035
25575,35.92719,-79.05391,58,1795.0921418924156
25575,35.92702,-79.05388,59,1814.2616417749427
25575,35.927,-79.05387,60,1816.6715360509281
25575,35.9269,-79.05386,61,1827.8701845370044
25575,35.92673,-79.05384,62,1846.9318993134134
25575,35.92652,-79.05383,63,1870.389233769674
25575,35.92637,-79.05383,64,1887.131919821336
25575,35.92628,-79.05383,65,1897.1775314460679
25575,35.92623,-79.05383,66,1902.7584267922884
25575,35.92592,-79.05386,67,1937.4669988372186
25575,35.92574,-79.0539,68,1957.883763358232
25575,35.92561,-79.05393,69,1972.647479796157
25575,35.92548,-79.05395,70,1987.2709655551769
25575,35.9253,-79.054,71,2007.8685894884668
25575,35.92505,-79.05407,72,2036.487559012453
25575,35.92504,-79.05383,73,2058.30476407463
25575,35.92504,-79.05373,74,2067.38336470942
25575,35.92503,-79.05361,75,2078.334717956082
25575,35.92503,-79.05355,76,2083.7818807677686
25575,35.92503,-79.05345,77,2092.860486610795
25575,35.92502,-79.05339,78,2098.4208336287725
25575,35.92502,-79.05338,79,2099.328694494235
25575,35.92501,-79.05332,80,2104.8890428119726
25575,35.92498,-79.05312,81,2123.3524565818284
25575,35.92496,-79.05304,82,2130.9506853165194
25575,35.92494,-79.05295,83,2139.4209130511426
25575,35.9249,-79.05283,84,2151.1946412553702
25575,35.92488,-79.0528,85,2154.7162004521533
25575,35.92486,-79.05275,86,2159.7747419714756
25575,35.92483,-79.0527,87,2165.4155007812014
25575,35.92478,-79.05264,88,2173.2141126262172
25575,35.92468,-79.05255,89,2187.0469663367835
25575,35.92467,-79.05254,90,2188.4857441574973
25575,35.92463,-79.0525,91,2194.240856393938
25575,35.92454,-79.05245,92,2205.264481905119
25575,35.9244,-79.05237,93,2222.496407271729
25575,35.92427,-79.05231,94,2237.995531051137
25575,35.92409,-79.05223,95,2259.3592876299217
25575,35.92404,-79.0522,96,2265.5693329667556
25575,35.92399,-79.05218,97,2271.438191245953
25575,35.92385,-79.0521,98,2288.670145461453
25575,35.92367,-79.05198,99,2311.5251296714637
25575,35.92367,-79.05197,100,2312.4330082075344
25575,35.92354,-79.05186,101,2330.047903499621
25575,35.923394,-79.051853,102,2346.3565560812813
25575,35.92337,-79.05169,103,2361.3955442432375
25575,35.92325,-79.0516,104,2377.0853138129783
25575,35.92317,-79.05157,105,2386.4209241962462
25575,35.92308,-79.05153,106,2397.102831306123
25575,35.92303,-79.0515,107,2403.312898933731
25575,35.92292,-79.05146,108,2416.1167192862463
25575,35.92284,-79.05144,109,2425.228931628206
25575,35.92275,-79.05144,110,2435.2745813491197
25575,35.92263,-79.05144,111,2448.66878097153
25575,35.92257,-79.05145,112,2455.4271396793815
25575,35.92254,-79.05146,113,2458.896585477446
25575,35.92253,-79.05147,114,2460.3353813940416
25575,35.92247,-79.05149,115,2467.2742730467203
25575,35.92226,-79.05159,116,2492.4109705319675
25575,35.92212,-79.05165,117,2508.959787636908
25575,35.92204,-79.05168,118,2518.295408224273
25575,35.92202,-79.05169,119,2520.7053325785478
25575,35.92198,-79.0517,120,2525.261438978923
25575,35.92189,-79.05171,121,2535.3480277376616
25575,35.92186,-79.05172,122,2538.8174741457487
25575,35.92166,-79.05175,123,2561.306674880499
25575,35.92149,-79.05178,124,2580.4762666130127
25575,35.92139,-79.0518,125,2591.784827036418
25575,35.92115,-79.05183,126,2618.7113216915927
25575,35.92113,-79.05183,127,2620.943686889694
25575,35.92105,-79.05182,128,2629.919185170067
25575,35.92095,-79.05182,129,2641.081011332985
25575,35.92091,-79.05182,130,2645.545741796014
25575,35.92065,-79.05178,131,2674.7928398103927
25575,35.92041,-79.05174,132,2701.826273682174
25575,35.92031,-79.05171,133,2713.3156262897655
25575,35.920219,-79.051843,134,2729.094826421612
25575,35.92006,-79.05165,135,2754.0350982998734
25575,35.92001,-79.05164,136,2759.689382394675
25575,35.91998,-79.05163,137,2763.1588349144927
25575,35.91984,-79.05158,138,2779.431435294823
25575,35.91971,-79.05153,139,2794.635358797844
25575,35.91961,-79.05148,140,2806.685035597841
25575,35.91953,-79.05142,141,2817.145020374438
25575,35.91938,-79.05132,142,2836.1910981439355
25575,35.91906,-79.0511,143,2877.1147696651087
25575,35.91897,-79.05104,144,2888.542436342353
25575,35.91887,-79.05096,145,2901.8595238909693
25575,35.91875,-79.05089,146,2916.6851078885975
25575,35.91841,-79.05072,147,2957.654134621083
25575,35.91814,-79.05059,148,2990.020086354893
25575,35.91801,-79.05053,149,3005.519406522429
25575,35.917804,-79.050486,150,3028.8572868984356
25575,35.91774,-79.05038,151,3040.8429940755186
25575,35.91725,-79.05011,152,3100.7788340382936
25575,35.91692,-79.04993,153,3141.0759135836747
25575,35.91657,-79.04974,154,3183.781873474174
25575,35.91628,-79.049664,155,3216.878637499966
25575,35.91619,-79.04953,156,3232.6566602353873
25575,35.91564,-79.04924,157,3299.4555982726115
25575,35.91531,-79.04906,158,3339.7528695196143
25575,35.91512,-79.04896,159,3362.8224094596867
25575,35.9148,-79.04878,160,3402.1020877627957
25575,35.914687,-79.048764,161,3414.798403344584
25575,35.91443,-79.04856,162,3448.944987163751
25575,35.91433,-79.04851,163,3460.994835905131
25575,35.91405,-79.04835,164,3495.4597064928907
25575,35.91379,-79.0482,165,3527.5177219717107
25575,35.91375,-79.04818,166,3532.337669428102
25575,35.91319,-79.04789,167,3600.164308712913
25575,35.91278,-79.04766,168,3650.4681163255086
25575,35.91258,-79.04755,169,3674.9245042851608
25575,35.912363,-79.047502,170,3699.534847142951
25575,35.91231,-79.0474,171,3710.5247108418307
25575,35.91228,-79.04738,172,3714.3340294923937
25575,35.91209,-79.04728,173,3737.4037690140617
25575,35.91188,-79.04717,174,3762.883144103381
25575,35.91173,-79.04709,175,3781.1339480173347
25575,35.91153,-79.04698,176,3805.590412713416
25575,35.91138,-79.0469,177,3823.8412350341173
25575,35.91136,-79.0469,178,3826.0736176823784
25575,35.91132,-79.04688,179,3830.8935962832475
25575,35.91127,-79.04686,180,3836.7625951483483
25575,35.91115,-79.04682,181,3850.6406172706047
25575,35.91111,-79.04681,182,3855.196783982586
25575,35.91108,-79.0468,183,3858.666290053367
25575,35.91103,-79.04679,184,3864.320634345682
25575,35.91097,-79.04678,185,3871.079060958893
25575,35.91083,-79.04676,186,3886.8109166828
25575,35.91065,-79.04674,187,3906.9842758962345
25575,35.9104,-79.04671,188,3935.0217178353582
25575,35.91037,-79.04671,189,3938.3702928070297
25575,35.91005,-79.04667,190,3974.2726290943547
25575,35.90996,-79.04663,191,3984.9548256311373
25575,35.90989,-79.04692,192,4012.422834251856
25575,35.90984,-79.04721,193,4039.341056376569
25575,35.90983,-79.04727,194,4044.90249166815
25575,35.9098,-79.04738,195,4055.437343608399
25575,35.90971,-79.04764,196,4081.094906790897
25575,35.909768,-79.047841,197,4100.460773281237
25575,35.9096,-79.0479,198,4119.963067148351
25575,35.9096,-79.04792,199,4121.7791617117355
25575,35.90955,-79.04801,200,4131.675400401501
25575,35.90947,-79.04815,201,4147.210788111397
25575,35.90937,-79.04834,202,4167.7595427810575
25575,35.90933,-79.04844,203,4177.878308494746
25575,35.90918,-79.04875,204,4210.630710311421
25575,35.90885,-79.04859,205,4250.226750185058
25575,35.9088,-79.04856,206,4256.437063319912
25575,35.90877,-79.04853,207,4260.753772303884
25575,35.90873,-79.04847,208,4267.797805903079
25575,35.9087,-79.0484,209,4274.982280807217
25575,35.90868,-79.04835,210,4280.0416980601485
25575,35.90865,-79.0482,211,4294.068131089613
25575,35.90862,-79.04804,212,4308.977950678665
25575,35.90858,-79.04787,213,4325.047643045464
25575,35.90854,-79.0477,214,4341.117347330593
25575,35.9085,-79.04759,215,4352.058437133258
25575,35.90843,-79.04742,216,4369.360178796208
25575,35.90828,-79.0471,217,4402.89659141833
25575,35.908149,-79.046983,218,4420.970960609169
25575,35.90813,-79.04668,219,4448.56696417535
25575,35.90795,-79.04602,220,4511.777459633794
25575,35.90788,-79.04582,221,4531.5482630314245
25575,35.90784,-79.04572,222,4541.667225793362
25575,35.90777,-79.04559,223,4555.823666639907
25575,35.90772,-79.0455,224,4565.720100942167
25575,35.9075,-79.04518,225,4603.764801074498
25575,35.90744,-79.0451,226,4613.645416651469
25575,35.90739,-79.04503,227,4622.104306578293
25575,35.90731,-79.04492,228,4635.502597301817
25575,35.90722,-79.04483,229,4648.45289995617
25575,35.90715,-79.04478,230,4657.489707821465
25575,35.90693,-79.04466,231,4684.355219484559
25575,35.906748,-79.044558,232,4706.681939333083
25575,35.906626,-79.04448,233,4722.031483942767
25575,35.90651,-79.044512,234,4735.301428939548
25575,35.906494,-79.044418,235,4744.022281310619
25575,35.90644,-79.04439,236,4750.564092814618
25575,35.90632,-79.04469,237,4780.921501727872
25575,35.90619,-79.04495,238,4808.634393290142
25575,35.90616,-79.04501,239,4815.029679057271
25575,35.90612,-79.04507,240,4822.073891681063
25575,35.906098,-79.045089,241,4825.075062383449
25575,35.906,-79.04521,242,4840.579565251116
25575,35.90594,-79.04525,243,4848.198368223261
25575,35.90584,-79.04532,244,4861.04344687488
25575,35.90579,-79.04534,245,4866.912499273497
25575,35.90576,-79.04535,246,4870.382029459871
25575,35.90567,-79.04537,247,4880.590632321351
25575,35.90564,-79.04538,248,4884.060162703745
25575,35.90556,-79.04539,249,4893.035770672883
25575,35.9055,-79.04539,250,4899.732934572946
25575,35.905356,-79.045358,251,4916.066700665462
25575,35.905313,-79.045437,252,4924.698192539465
25575,35.90523,-79.0453,253,4940.2097171131445
25575,35.90516,-79.04525,254,4949.246575988098
25575,35.90507,-79.04518,255,4961.134594147894
25575,35.905,-79.04508,256,4973.1143238953655
25575,35.90492,-79.04497,257,4986.512840304083
25575,35.90486,-79.04488,258,4997.079261869557
25575,35.90462,-79.04447,259,5042.947421290995
25575,35.90459,-79.04444,260,5047.264249984575
25575,35.90456,-79.0444,261,5052.204661949521
25575,35.90448,-79.04435,262,5062.22233647084
25575,35.90442,-79.04431,263,5069.841183902667
25575,35.90434,-79.04428,264,5079.177092876384
25575,35.90427,-79.04426,265,5087.198779857409
25575,35.90425,-79.04425,266,5089.608810097458
25575,35.90413,-79.04424,267,5103.033911368021
25575,35.90405,-79.04425,268,5112.0095373788545
25575,35.90392,-79.04427,269,5126.633309428059
25575,35.90384,-79.0443,270,5135.969223587549
25575,35.90367,-79.04435,271,5155.48025112086
25575,35.90369,-79.04443,272,5163.0804694997605
25575,35.90372,-79.04451,273,5171.080015378541
25575,35.90373,-79.04456,274,5175.755798530075
25575,35.90377,-79.04474,275,5192.700740083355
25575,35.9038,-79.04494,276,5211.1692290792635
25575,35.9038,-79.045,277,5216.617941054851
25575,35.90381,-79.04505,278,5221.293716052373
25575,35.90382,-79.04519,279,5234.056275901906
25575,35.90382,-79.0453,280,5244.045574256669
25575,35.90383,-79.04541,281,5254.097037982794
25575,35.90381,-79.04562,282,5273.29772540215
25575,35.90379,-79.04583,283,5292.498411211161
25575,35.90378,-79.04586,284,5295.442555369356
25575,35.90374,-79.04607,285,5315.028700065551
25575,35.90364,-79.046434,286,5349.91787464151
25575,35.90363,-79.046813,287,5384.353648186182
25575,35.90352,-79.04676,288,5397.541413013919
25575,35.903505,-79.046802,289,5401.706818958007
25575,35.90349,-79.04684,290,5405.542393346448
25575,35.90347,-79.0469,291,5411.4306916204605
25575,35.903424,-79.047017,292,5423.231265973493
25575,35.90329,-79.04744,293,5464.453921423984
25575,35.90314,-79.0479,294,5509.45787442302
25575,35.90314,-79.04791,295,5510.365996468543
25575,35.90309,-79.04811,296,5529.366557590488
25575,35.90309,-79.04812,297,5530.274679909881
25575,35.90307,-79.04823,298,5540.510428132892
25575,35.90304,-79.04834,299,5551.046079785311
25575,35.903,-79.04859,300,5574.1839970079045
25575,35.90311,-79.04864,301,5587.274762988282
25575,35.90296,-79.04885,302,5612.652083307787
25575,35.90295,-79.04904,303,5629.942479760934
25575,35.90294,-79.04925,304,5649.045689262017
25575,35.90293,-79.04944,305,5666.336079066977
25575,35.90293,-79.04945,306,5667.24420130972
25575,35.90294,-79.0496,307,5680.911686581791
25575,35.90294,-79.0498,308,5699.074121749594
25575,35.90295,-79.04989,309,5707.323080910451
25575,35.90296,-79.05001,310,5718.277549824514
25575,35.903071,-79.050059,311,5731.442060310863
25575,35.90298,-79.05017,312,5745.752182918822
25575,35.90299,-79.05026,313,5754.001133082882
25575,35.90301,-79.05041,314,5767.804646094957
25575,35.90306,-79.05056,315,5782.525378346651
25575,35.90312,-79.05075,316,5801.033769304956
25575,35.90319,-79.05095,317,5820.805429073916
25575,35.90333,-79.05143,318,5867.111365292812
25575,35.903392,-79.051668,319,5889.805371284376
25575,35.903435,-79.051778,320,5900.8878382550565
25575,35.903566,-79.051805,321,5915.713979672483
25576,35.903566,-79.051805,0,0
25576,35.90349,-79.05191,1,12.762468777762788
25576,35.90366,-79.05243,2,63.654010866885685
25576,35.90374,-79.05265,3,85.53713978300657
25576,35.90379,-79.05284,4,103.67132501074181
25576,35.90382,-79.05292,5,111.67075512969424
25576,35.90384,-79.053,6,119.2708563005527
25576,35.90389,-79.05312,7,131.51410132261094
25576,35.90399,-79.05342,8,160.95514435093762
25576,35.90404,-79.05356,9,174.83960770436903
25576,35.90412,-79.05382,10,200.08240150556884
25576,35.90413,-79.05384,11,202.21417374387212
25576,35.90415,-79.05392,12,209.8142363351171
25576,35.90416,-79.05395,13,212.75833060890432
25576,35.9042,-79.05402,14,220.52630455466016
25576,35.9042,-79.05404,15,222.34250636802707
25576,35.90424,-79.0541,16,229.38672060229882
25576,35.90425,-79.05411,17,230.82564397053957
25576,35.90436,-79.05429,18,251.26905812510762
25576,35.90456,-79.05456,19,284.4278328655957
25576,35.90482,-79.0542,20,328.1419622348115
25576,35.90509,-79.05384,21,372.60487243719757
25576,35.90544,-79.05348,22,423.5449239815803
25576,35.905524,-79.053281,23,443.90336826051316
25576,35.90559,-79.05336,24,454.1860782083374
25576,35.90564,-79.05332,25,460.844932792804
25576,35.90579,-79.05323,26,479.4758743544157
25576,35.9058,-79.05322,27,480.9147884282901
25576,35.90598,-79.05313,28,502.6046880342456
25576,35.90604,-79.0531,29,509.83465369421765
25576,35.90606,-79.05309,30,512.2446421510156
25576,35.90615,-79.05306,31,522.6531013547806
25576,35.90627,-79.05302,32,536.5310464700603
25576,35.90636,-79.05299,33,546.9395049370529
25576,35.90646,-79.05296,34,558.428948725823
25576,35.90656,-79.05294,35,569.7375429168937
25576,35.90675,-79.0529,36,591.2537857801304
25576,35.90688,-79.05289,37,605.7925201759224
25576,35.90718,-79.05283,38,639.7183019069241
25576,35.90733,-79.05281,39,656.5592261739047
25576,35.90738,-79.0528,40,662.2135230298774
25576,35.90766,-79.05277,41,693.5850894328269
25576,35.9077,-79.05277,42,698.0498128403215
25576,35.90781,-79.05278,43,710.3613357590143
25576,35.90793,-79.05279,44,723.7862514449274
25576,35.908,-79.0528,45,731.6521075164604
25576,35.90815,-79.05282,46,748.4930300773627
25576,35.90825,-79.05285,47,759.9824618018025
25576,35.90841,-79.05276,48,779.6224644981305
25576,35.90845,-79.05272,49,785.3780483184264
25576,35.90856,-79.05259,50,802.4103642578248
25576,35.90859,-79.05243,51,817.3200902512349
25576,35.90868,-79.05209,52,849.7870682605524
25576,35.90869,-79.05177,53,878.8661636468142
25576,35.908608,-79.051503,54,904.7812658843915
25576,35.90867,-79.05132,55,922.7820502515501
25576,35.90864,-79.05098,56,953.8369298433729
25576,35.90864,-79.05094,57,957.469145736234
25576,35.90863,-79.05072,58,977.4774965077986
25576,35.90862,-79.05057,59,991.1439729985733
25576,35.90863,-79.05047,60,1000.2928646080597
25576,35.90864,-79.05034,61,1012.1502300254448
25576,35.90867,-79.0502,62,1025.2966088484761
25576,35.90869,-79.0501,63,1034.647534537395
25576,35.90874,-79.04992,64,1051.9190474855634
25576,35.90874,-79.04991,65,1052.827101815432
25576,35.90879,-79.04978,66,1065.8845830376576
25576,35.9089,-79.04947,67,1096.5953933500023
25576,35.90892,-79.04941,68,1102.4833186255855
25576,35.909,-79.0492,69,1123.5395933758357
25576,35.90907,-79.04905,70,1139.242252632156
25576,35.90918,-79.04875,71,1169.1228885842056
25576,35.90933,-79.04844,72,1201.8752904008807
25576,35.90937,-79.04834,73,1211.9940561145693
25576,35.90947,-79.04815,74,1232.5428107842297
25576,35.90955,-79.04801,75,1248.0781984941254
25576,35.9096,-79.04792,76,1257.9744371838915
25576,35.9096,-79.0479,77,1259.7905317472764
25576,35.90967,-79.04776,78,1274.7123198019024
25576,35.90971,-79.04764,79,1286.488102816822
25576,35.909663,-79.047501,80,1300.156774983162
25576,35.9098,-79.04738,81,1318.9865787043552
25576,35.90983,-79.04727,82,1329.521430644604
25576,35.90984,-79.04721,83,1335.082865936185
25576,35.90989,-79.04692,84,1362.0010880608982
25576,35.90996,-79.04663,85,1389.4690966816165
25576,35.91005,-79.04667,86,1400.1512932183994
25576,35.91037,-79.04671,87,1436.0536295057243
25576,35.9104,-79.04671,88,1439.4022044773958
25576,35.91065,-79.04674,89,1467.4396464165195
25576,35.91083,-79.04676,90,1487.613005629954
25576,35.91097,-79.04678,91,1503.3448613538608
25576,35.911037,-79.046704,92,1513.5209211436186
25576,35.91108,-79.0468,93,1523.4720195870507
25576,35.91111,-79.04681,94,1526.9415256578313
25576,35.91115,-79.04682,95,1531.4976923698127
25576,35.91127,-79.04686,96,1545.3757144920692
25576,35.91132,-79.04688,97,1551.2447133571702
25576,35.91136,-79.0469,98,1556.0646919580392
25576,35.91138,-79.0469,99,1558.2970746063004
25576,35.91153,-79.04698,100,1576.5478969270018
25576,35.91173,-79.04709,101,1601.004361623083
25576,35.91188,-79.04717,102,1619.255165537037
25576,35.91209,-79.04728,103,1644.7345406263564
25576,35.91228,-79.04738,104,1667.8042801480244
25576,35.91231,-79.0474,105,1671.6135987985874
25576,35.912483,-79.047392,106,1690.9373518764771
25576,35.91258,-79.04755,107,1708.9109564565074
25576,35.91278,-79.04766,108,1733.3673444161598
25576,35.91319,-79.04789,109,1783.671152028755
25576,35.91375,-79.04818,110,1851.4977913135663
25576,35.91379,-79.0482,111,1856.3177387699573
25576,35.91405,-79.04835,112,1888.3757542487772
25576,35.91433,-79.04851,113,1922.840624836537
25576,35.91443,-79.04856,114,1934.8904735779165
25576,35.91471,-79.04873,115,1969.747769562341
25576,35.91477,-79.04876,116,1976.9776716865726
25576,35.914796,-79.048697,117,1983.3920380296934
25576,35.91512,-79.04896,118,2026.7293607594659
25576,35.91531,-79.04906,119,2049.798900699538
25576,35.91564,-79.04924,120,2090.096171946541
25576,35.915796,-79.049136,121,2109.9043759104698
25576,35.91619,-79.04953,122,2166.5950095833837
25576,35.91657,-79.04974,123,2213.098785653299
25576,35.916919,-79.049861,124,2253.573267826898
25576,35.91725,-79.05011,125,2296.887432166643
25576,35.91774,-79.05038,126,2356.823272129418
25576,35.91801,-79.05053,127,2389.8947340713726
25576,35.91814,-79.05059,128,2405.3940542389087
25576,35.91841,-79.05072,129,2437.760005972719
25576,35.91875,-79.05089,130,2478.729032705204
25576,35.91887,-79.05096,131,2493.5546167028324
25576,35.91897,-79.05104,132,2506.8717042514486
25576,35.91906,-79.0511,133,2518.299370928693
25576,35.91938,-79.05132,134,2559.223042449866
25576,35.91953,-79.05142,135,2578.2691202193637
25576,35.91961,-79.05148,136,2588.729104995961
25576,35.91971,-79.05153,137,2600.7787817959575
25576,35.91984,-79.05158,138,2615.9827052989785
25576,35.919957,-79.051545,139,2629.4231062330023
25576,35.91998,-79.05163,140,2637.5562425775615
25576,35.92001,-79.05164,141,2641.0256950973794
25576,35.92006,-79.05165,142,2646.679979192181
25576,35.92031,-79.05171,143,2675.1113094665457
25576,35.92041,-79.05174,144,2686.6006620741373
25576,35.92065,-79.05178,145,2713.6340959459185
25576,35.92091,-79.05182,146,2742.881193960297
25576,35.92095,-79.05182,147,2747.3459244233263
25576,35.92105,-79.05182,148,2758.507750586244
25576,35.92113,-79.05183,149,2767.483248866617
25576,35.92115,-79.05183,150,2769.7156140647185
25576,35.92139,-79.0518,151,2796.6421087198933
25576,35.92149,-79.05178,152,2807.9506691432985
25576,35.92166,-79.05175,153,2827.120260875812
25576,35.92186,-79.05172,154,2849.6094616105624
25576,35.92189,-79.05171,155,2853.0789080186496
25576,35.92198,-79.0517,156,2863.1654967773884
25576,35.92202,-79.05169,157,2867.7216031777634
25576,35.92204,-79.05168,158,2870.131527532038
25576,35.92212,-79.05165,159,2879.467148119403
25576,35.92226,-79.05159,160,2896.0159652243437
25576,35.92247,-79.05149,161,2921.152662709591
25576,35.92253,-79.05147,162,2928.0915543622696
25576,35.92254,-79.05146,163,2929.530350278865
25576,35.92257,-79.05145,164,2932.9997960769297
25576,35.92263,-79.05144,165,2939.7581547847813
25576,35.92275,-79.05144,166,2953.1523544071915
25576,35.92284,-79.05144,167,2963.1980041281054
25576,35.92292,-79.05146,168,2972.310216470065
25576,35.92303,-79.0515,169,2985.11403682258
25576,35.92308,-79.05153,170,2991.3241044501883
25576,35.92317,-79.05157,171,3002.006011560065
25576,35.92325,-79.0516,172,3011.341621943333
25576,35.92337,-79.05169,173,3027.0313915130737
25576,35.923468,-79.05167,174,3038.119664483567
25576,35.92354,-79.05186,175,3057.1496125463937
25576,35.92367,-79.05197,176,3074.7645078384803
25576,35.92367,-79.05198,177,3075.672386374551
25576,35.92385,-79.0521,178,3098.5273705845616
25576,35.92399,-79.05218,179,3115.7593248000617
25576,35.92404,-79.0522,180,3121.628183079259
25576,35.92409,-79.05223,181,3127.838228416093
25576,35.92427,-79.05231,182,3149.201984994878
25576,35.9244,-79.05237,183,3164.701108774286
25576,35.92454,-79.05245,184,3181.933034140896
25576,35.92463,-79.0525,185,3192.9566596520767
25576,35.92467,-79.05254,186,3198.7117718885174
25576,35.92468,-79.05255,187,3200.150549709231
25576,35.92478,-79.05264,188,3213.9834034197975
25576,35.92483,-79.0527,189,3221.7820152648133
25576,35.92486,-79.05275,190,3227.422774074539
25576,35.92488,-79.0528,191,3232.4813155938614
25576,35.9249,-79.05283,192,3236.0028747906445
25576,35.92494,-79.05295,193,3247.776602994872
25576,35.92496,-79.05304,194,3256.2468307294953
25576,35.92498,-79.05312,195,3263.8450594641863
25576,35.92501,-79.05332,196,3282.308473234042
25576,35.92502,-79.05338,197,3287.8688215517795
25576,35.92502,-79.05339,198,3288.7766824172422
25576,35.92503,-79.05345,199,3294.33702943522
25576,35.92503,-79.05355,200,3303.415635278246
25576,35.92503,-79.05361,201,3308.8627980899328
25576,35.92504,-79.05373,202,3319.8141513365945
25576,35.92504,-79.05383,203,3328.8927519713848
25576,35.92505,-79.05407,204,3350.7099570335617
25576,35.9253,-79.054,205,3379.328926557548
25576,35.92548,-79.05395,206,3399.926550490838
25576,35.92561,-79.05393,207,3414.550036249858
25576,35.92574,-79.0539,208,3429.313752687783
25576,35.92592,-79.05386,209,3449.7305172087968
25576,35.92623,-79.05383,210,3484.439089253727
25576,35.92628,-79.05383,211,3490.0199845999477
25576,35.92637,-79.05383,212,3500.0655962246797
25576,35.92652,-79.05383,213,3516.8082822763417
25576,35.92673,-79.05384,214,3540.2656167326027
25576,35.9269,-79.05386,215,3559.3273315090114
25576,35.927,-79.05387,216,3570.5259799950877
25576,35.92702,-79.05388,217,3572.935874271073
25576,35.92719,-79.05391,218,3592.1053741536
25576,35.92748,-79.05397,219,3624.9296655312123
25576,35.928023,-79.054053,220,3686.004757814118
25576,35.92818,-79.0542,221,3708.0315620302163
25576,35.92835,-79.05426,222,3727.772912618618
25576,35.92879,-79.05441,223,3778.7376361135107
25576,35.92999,-79.05482,224,3917.7542445152803
25576,35.93009,-79.05486,225,3929.491825497804
25576,35.930315,-79.054797,226,3955.248784693397
25576,35.93043,-79.05497,227,3975.531960856111
25576,35.93052,-79.055,228,3985.940168102047
25576,35.93104,-79.05519,229,4046.4899442553115
25576,35.93112,-79.05522,230,4055.8254213676414
25576,35.93156,-79.05535,231,4106.33516326268
25576,35.93177,-79.05541,232,4130.399370659527
25576,35.93231,-79.05553,233,4191.649357477755
25576,35.93226,-79.05597,234,4231.979392074015
25576,35.932295,-79.056205,235,4253.666811725303
25576,35.9322,-79.05647,236,4279.956122647786
25576,35.93203,-79.05786,237,4407.555349081656
25576,35.93202,-79.05791,238,4412.229442225602
25576,35.93195,-79.05839,239,4456.497521964604
25576,35.93194,-79.05856,240,4471.969980888527
25576,35.93194,-79.05871,241,4485.5865782054225
25576,35.93196,-79.05888,242,4501.179339960348
25576,35.93198,-79.05902,243,4514.082721992746
25576,35.93199,-79.05906,244,4517.8814897622515
25576,35.93204,-79.05917,245,4529.3207131292875
25576,35.932157,-79.059224,246,4543.26960203928
25576,35.93214,-79.05935,247,4554.863824928157
25576,35.93224,-79.05949,248,4571.77820160058
25576,35.93232,-79.05957,249,4583.287851874459
25576,35.93234,-79.05958,250,4585.697701121817
25576,35.93245,-79.05967,251,4600.445345095028
25576,35.93254,-79.05973,252,4611.872408898102
25576,35.93262,-79.05977,253,4621.511798847708
25576,35.93272,-79.0598,254,4633.000903233755
25576,35.93284,-79.05981,255,4646.425650944122
25576,35.93295,-79.0598,256,4658.737016055425
25576,35.93305,-79.0598,257,4669.898700981604
25576,35.93311,-79.05981,258,4676.656953724906
25576,35.93316,-79.05983,259,4682.5256755758655
25576,35.93323,-79.05985,260,4690.5470131013335
25576,35.93324,-79.05985,261,4691.66318150662
25576,35.93328,-79.05987,262,4696.482869720489
25576,35.93331,-79.05988,263,4699.9522366164965
25576,35.93339,-79.05995,264,4710.911714789304
25576,35.93326,-79.06011,265,4731.442044021124
25576,35.93307,-79.06031,266,4759.358950867971
25576,35.9328,-79.0606,267,4799.37414691576
25576,35.9328,-79.06061,268,4800.281907264996
25576,35.93251,-79.06092,269,4843.172883299231
25576,35.93225,-79.0612,270,4881.750386081199
25576,35.93209,-79.06139,271,4906.577992475413
25576,35.93195,-79.06154,272,4927.304580899681
25576,35.93185,-79.06166,273,4942.90089448793
25576,35.93167,-79.06187,274,4970.596599785938
25576,35.93159,-79.06198,275,4983.992224507385
25576,35.93145,-79.06219,276,5008.641528514982
25576,35.93128,-79.06245,277,5038.925244189039
25576,35.93114,-79.0627,278,5066.479129952035
25576,35.93105,-79.06286,279,5084.138986713995
25576,35.93088,-79.06322,280,5121.92820286815
25576,35.93088,-79.06326,281,5125.559317955045
25576,35.93088,-79.06327,282,5126.467096692301
25576,35.93083,-79.06338,283,5137.906372320327
25576,35.93044,-79.06441,284,5241.044140379502
25576,35.93039,-79.06456,285,5255.760145904994
25576,35.9303,-79.06482,286,5281.411305155458
25576,35.93044,-79.06491,287,5299.044476104189
25576,35.9305288290529,-79.06487845519065,288,5309.364462362684
25576,35.930663578982504,-79.0648113705349,289,5325.590818775196
25576,35.9307259302371,-79.06475650181768,290,5334.148984513804
25576,35.93080575102604,-79.06467405274391,291,5345.784860099181
25576,35.93098873486021,-79.06451174966814,292,5370.968435420612
25576,35.93115118063067,-79.0643318224676,293,5395.371941770004
25576,35.93162464154665,-79.06385036594942,294,5463.949153082883
25576,35.931645332666626,-79.0638267014758,295,5467.103250363343
25576,35.931669222814946,-79.06367649777097,296,5480.996569942189
25576,35.93169908549019,-79.06355781002208,297,5492.274480885085
25576,35.93171917491988,-79.06352495296164,298,5496.005995563999
25576,35.93174415096053,-79.06350617749854,299,5499.273463006346
25576,35.93177455656458,-79.06349611921473,300,5502.787900108956
25576,35.93179953258772,-79.06349880142375,301,5505.586241455131
25576,35.931826137473266,-79.06350550694629,302,5508.617522777908
25576,35.93185382826298,-79.06352160020037,303,5512.036131327428
25576,35.93187826130468,-79.06355848057433,304,5516.354173558007
25576,35.931891835213484,-79.06360944254561,305,5521.2221059565645
25576,35.93188857747557,-79.06365705175563,306,5525.559180086128
25576,35.93187391765336,-79.06369929654761,307,5529.72851986052
25576,35.931851656436685,-79.06373014195128,308,5533.472051834609
25576,35.931812020596325,-79.06375964625045,309,5538.643616503236
25576,35.93176152559284,-79.06378244502707,310,5544.647647137503
25576,35.93165239112029,-79.06382737202807,311,5557.493410786798
25576,35.93156877555182,-79.06391186161204,312,5569.57341074218
25576,35.93134132251441,-79.06416490749322,313,5603.810486744225
25576,35.93121535567413,-79.06429030076467,314,5621.9005643615155
25576,35.93108558790031,-79.06441483243675,315,5640.27408912655
25576,35.931064,-79.064532,316,5651.179784143214
26572,35.913587,-79.05493,0,0
26572,35.913495,-79.05496,1,10.623976471587596
26572,35.913197,-79.055708,2,86.24939537397346
26572,35.913175,-79.055775,3,92.80985570068378
26572,35.913603,-79.056006,4,144.9838665560776
26572,35.913695,-79.056042,5,155.76038100515004
26572,35.913761,-79.056005,6,163.8570282331713
26572,35.913786,-79.056098,7,172.7504202540061
26572,35.913912,-79.056171,8,188.297925729078
26572,35.914069,-79.056272,9,208.07643136879014
26572,35.914395,-79.056451,10,247.9285390157433
26572,35.915165,-79.056868,11,341.84436970707543
26572,35.91522,-79.05689,12,348.30013482110195
26572,35.915254,-79.056893,13,352.1048879822552
26572,35.915302,-79.05689,14,357.46944099003116
26572,35.91538,-79.056887,15,366.1798549227563
26572,35.916138,-79.056767,16,451.48449985295997
26572,35.916582,-79.056679,17,501.6825831913678
26572,35.916613,-79.056579,18,511.3990924374605
26572,35.916693,-79.056663,19,523.1422696647534
26572,35.917045,-79.056604,20,562.795107989528
26572,35.917796,-79.05645,21,647.7779506271193
26572,35.918418,-79.056348,22,717.8189514626051
26572,35.91844,-79.056259,23,726.2644260673055
26572,35.918504,-79.056332,24,736.0091166899599
26572,35.918697,-79.0563,25,757.7463269279829
26572,35.919749,-79.056106,26,876.4816334328737
26572,35.920633,-79.055944,27,976.2417274703791
26572,35.92092,-79.055889,28,1008.662814774665
26572,35.921115,-79.05583,29,1031.0776992274118
26572,35.921259,-79.055784,30,1047.6843509696537
26572,35.921322,-79.055757,31,1055.1312786244905
26572,35.921345,-79.055657,32,1064.5662566950004
26572,35.921402,-79.055728,33,1073.6232795281664
26572,35.921614,-79.055639,34,1098.62778326849
26572,35.922112,-79.055439,35,1157.1039652303607
26572,35.922297,-79.05534,36,1179.6245828910178
26572,35.922551,-79.055219,37,1210.0293945484798
26572,35.922964,-79.055028,38,1259.281105400942
26572,35.92334,-79.054843,39,1304.4854535457412
26572,35.923518,-79.054743,40,1326.3294415246983
26572,35.92415,-79.054434,41,1402.2453199451777
26572,35.924487,-79.054275,42,1442.5352124442793
26572,35.924497,-79.054182,43,1451.0518234050314
26572,35.924559,-79.054243,44,1459.9152224660256
26572,35.925017,-79.054039,45,1514.287634109616
26572,35.925866,-79.053836,46,1610.8266536731717
26572,35.926041,-79.053808,47,1630.5244955613246
26572,35.92619,-79.053803,48,1647.1617578099392
26572,35.926301,-79.053795,49,1659.5726149829788
26572,35.926464,-79.053795,50,1677.766334836062
26572,35.926739,-79.053804,51,1708.472133346711
26572,35.926923,-79.053828,52,1729.1250789868757
26572,35.927225,-79.053884,53,1763.2149020492132
26572,35.927455,-79.053934,54,1789.2852212769778
26572,35.92767,-79.053991,55,1813.8346287993922
26572,35.927987,-79.054099,56,1850.5507837634966
26572,35.928023,-79.054053,57,1856.3460597444598
26572,35.928052,-79.05412,58,1863.236165383978
26572,35.928363,-79.05423,59,1899.3571291033304
26572,35.928761,-79.054358,60,1945.2756287747898
26572,35.929852,-79.054731,61,2071.670794668249
26572,35.930241,-79.05487,62,2116.8865033287307
26572,35.930315,-79.054797,63,2127.476072414659
26572,35.930361,-79.054919,64,2139.6834728234376
26572,35.930882,-79.055106,65,2200.263390393743
26572,35.931469,-79.055291,66,2267.9010610254268
26572,35.93173,-79.05536,67,2297.699034904401
26572,35.932203,-79.055473,68,2351.4814746081574
26572,35.932459,-79.055527,69,2380.473008982907
26572,35.933545,-79.055752,70,2503.3984245397723
26572,35.933629,-79.055672,71,2515.257795006204
26572,35.93371,-79.05579,72,2529.274824579012
26572,35.935052,-79.056046,73,2680.8574333779607
26572,35.935851,-79.056228,74,2771.5571265892754
26572,35.937119,-79.05649,75,2915.072312801804
26572,35.937436,-79.056554,76,2950.9287788153533
26572,35.937504,-79.056472,77,2961.5593810046335
26572,35.937567,-79.056581,78,2973.6977460542826
26572,35.938188,-79.056709,79,3043.979187477529
26572,35.939199,-79.056911,80,3158.30426706821
26572,35.94061,-79.05718,81,3317.6778111865897
26572,35.941299,-79.05733,82,3395.7780349248706
26572,35.941384,-79.057209,83,3410.291241246555
26572,35.941477,-79.057373,84,3428.4388920327974
26572,35.942155,-79.057502,85,3505.015852974683
26572,35.944097,-79.057893,86,3724.662492759726
26572,35.944419,-79.05795,87,3760.9736692470174
26572,35.944501,-79.057853,88,3773.673304862759
26572,35.944559,-79.057972,89,3786.26563800927
26572,35.944902,-79.058047,90,3825.1507951606072
26572,35.945484,-79.058176,91,3891.15867301116
26572,35.945866,-79.058251,92,3934.336378086275
26572,35.945943,-79.058146,93,3947.1693541659715
26572,35.945993,-79.058267,94,3959.488137357354
26572,35.946323,-79.058342,95,3996.9454994505995
26572,35.947337,-79.058514,96,4111.1967524117545
26572,35.947537,-79.05853,97,4133.5673510822835
26572,35.947754,-79.05852,98,4157.805256789844
26572,35.947958,-79.058536,99,4180.621399899569
26572,35.948318,-79.058511,100,4220.867560259986
26572,35.948743,-79.058468,101,4268.46508407958
26572,35.949247,-79.058382,102,4325.258989346739
26572,35.949464,-79.058318,103,4350.1666366759255
26572,35.949751,-79.058972,104,4417.614374116871
26572,35.950026,-79.059664,105,4487.517417396861
26572,35.950208,-79.06005,106,4528.013095392084
26572,35.950286,-79.06019,107,4543.415509939751
26572,35.950422,-79.0602,108,4558.622499095415
26572,35.950434,-79.060533,109,4588.873797979433
26572,35.95086,-79.061595,110,4696.346549127692
26572,35.951051,-79.062185,111,4753.97981301356
26572,35.951146,-79.062732,112,4804.742381012407
26572,35.9513,-79.063817,113,4904.699821995469
26572,35.95138255019662,-79.0641915606785,114,4939.919336866751
26572,35.951361,-79.064364,115,4955.7526672000395
26572,35.951205,-79.064342,116,4973.278868667795
26572,35.951075,-79.064321,117,4987.913582655593
26572,35.950962,-79.064278,118,5001.116123560014
26572,35.95091,-79.06416,119,5013.2968542992385
26572,35.950805,-79.06401,120,5031.259876447274
26572,35.950736,-79.063924,121,5042.224814702594
26572,35.950623,-79.06387,122,5055.756101625223
26572,35.95051,-79.06387,123,5068.368725075576
26572,35.950392,-79.063964,124,5084.060922309703
26572,35.950093,-79.064278,125,5127.945544778256
26572,35.949616,-79.064396,126,5182.252776282439
26572,35.949477,-79.064439,127,5198.250692535632
26572,35.949381,-79.064514,128,5210.945005625658
26572,35.949381,-79.064707,129,5228.460962644577
26572,35.949355,-79.064847,130,5241.494033454181
26572,35.949355,-79.064954,131,5251.204951373663
26572,35.949225,-79.065093,132,5270.4321081310745
26572,35.949034,-79.065201,133,5293.8960729945575
26572,35.948808,-79.065276,134,5320.023494887938
26572,35.948625,-79.065297,135,5340.537927256143
26572,35.948539,-79.065233,136,5351.757476561226
26572,35.948625,-79.065158,137,5363.524908660938
26572,35.948747,-79.065083,138,5378.748532149001
26572,35.94886,-79.065018,139,5392.6725467079195
26572,35.948899,-79.06492,140,5402.574817364961
26572,35.949016,-79.065029,141,5418.957745267244
26572,35.949114,-79.065018,142,5429.941569453984
26572,35.949252,-79.065024,143,5445.354190471821
26572,35.949304,-79.064987,144,5452.05962127933
26572,35.949345,-79.06494,145,5458.315575881235
26572,35.949347,-79.064863,146,5465.307371874039
26572,35.949351,-79.064738,147,5476.660686714324
26572,35.949355,-79.064615,148,5487.83263334515
26572,35.949356,-79.064566,149,5492.281091874849
26572,35.949373,-79.064493,150,5499.172665910801
26572,35.949395,-79.064459,151,5503.116187748709
26572,35.949413,-79.064438,152,5505.885451258085
26572,35.949449,-79.064419,153,5510.2580014057885
26572,35.949492,-79.0644,154,5515.357858719402
26572,35.949531,-79.064389,155,5519.823893907621
26572,35.949573,-79.064377,156,5524.636610578509
26572,35.949654,-79.064369,157,5533.706616918691
26572,35.949706,-79.064366,158,5539.517033951874
26572,35.949753,-79.064372,159,5544.791174127833
26572,35.949787,-79.06437,160,5548.590458093878
26572,35.949838,-79.064361,161,5554.341179233487
26572,35.949877,-79.064354,162,5558.740318743473
26572,35.949908,-79.064339,163,5562.458585778437
26572,35.949982,-79.064286,164,5572.016690762937
26572,35.950025,-79.064254,165,5577.626447040385
26572,35.950066,-79.064215,166,5583.4117703184265
26572,35.950103,-79.064176,167,5588.850797311151
26572,35.950334,-79.06391,168,5624.171669077308
26572,35.95039,-79.063852,169,5632.34335285445
26572,35.950458,-79.063811,170,5640.796287391504
26572,35.95051,-79.063792,171,5646.851058159737
26572,35.950559,-79.063783,172,5652.38090529648
26572,35.950617,-79.0638,173,5659.035948939161
26572,35.950644,-79.063809,174,5662.158312615624
26572,35.95069,-79.063758,175,5669.070944648888
26572,35.950699,-79.063846,176,5677.120300107785
26572,35.950762,-79.063897,177,5685.538697092051
26572,35.950856,-79.064049,178,5702.870009661834
26572,35.950888,-79.064095,179,5708.364130928158
26572,35.950939,-79.064193,180,5718.923767208416
26572,35.950982,-79.064246,181,5725.718698823187
26572,35.951056,-79.064287,182,5734.777734882156
26572,35.951122,-79.064305,183,5742.323346636089
26572,35.951207,-79.064307,184,5751.812447824138
26572,35.951288,-79.064301,185,5760.869731950978
26572,35.951334,-79.06428,186,5766.346377281654
26572,35.951409,-79.064306,187,5775.0437790678025
26572,35.951459,-79.064515,188,5794.815322146337
26572,35.951493,-79.0648,189,5820.957079693401
26572,35.951511,-79.064978,190,5837.235703685021
26572,35.951587,-79.06581,191,5913.217728150486
26572,35.951574,-79.065986,192,5929.256119347671
26572,35.951641,-79.067175,193,6037.420724814853
26572,35.951693,-79.067926,194,6105.823046906672
26572,35.951789,-79.069948,195,6289.637973089605
26572,35.951831,-79.070029,196,6298.356486086042
26572,35.951802,-79.07012,197,6307.226648159459
26572,35.951871,-79.071847,198,6464.145302079418
26572,35.951911,-79.073286,199,6594.8140094330965
26572,35.951968,-79.073382,200,6605.601858792236
26572,35.951928,-79.073506,201,6617.708388445449
26572,35.951967,-79.075474,202,6796.361079645948
26572,35.951862,-79.075547,203,6809.823440406701
26572,35.951233,-79.075568,204,6880.054549174065
26572,35.950968,-79.075552,205,6909.667896603406
26572,35.950547,-79.075557,206,6956.6596083562345
26572,35.950472,-79.07565,207,6968.546963114389
26572,35.950401,-79.075552,208,6980.459125034112
26572,35.94934,-79.075572,209,7098.895553906504
26572,35.949248,-79.075583,210,7109.212460646334
26572,35.949181,-79.075622,211,7117.485926354455
26572,35.949119,-79.075588,212,7125.062781449677
26572,35.948166,-79.075572,213,7231.440889763395
26572,35.9465,-79.075608,214,7417.418607541257
26572,35.946452,-79.075693,215,7426.81089123344
26572,35.946482,-79.076487,216,7498.950473542232
26572,35.946541,-79.076542,217,7507.21376641074
26572,35.946491,-79.0766,218,7514.885361380256
26572,35.946626,-79.077394,219,7588.505473144087
26572,35.946747,-79.077748,220,7623.356735144209
26572,35.94686,-79.078016,221,7650.755233506989
26572,35.946964,-79.078263,222,7675.999324039351
26572,35.947069,-79.078537,223,7703.489929975609
26572,35.947155,-79.078762,224,7726.053719417888
26572,35.947203,-79.078982,225,7746.726472889948
26572,35.947234,-79.079202,226,7766.990518243172
26572,35.94726,-79.079422,227,7787.166755639742
26572,35.947264,-79.079668,228,7809.497331395752
26572,35.947273,-79.080688,229,7902.074366051791
26572,35.947268,-79.081095,230,7939.016416130139
26572,35.947319,-79.081155,231,7946.893854567277
26572,35.947273,-79.081247,232,7956.695663623923
26572,35.947273,-79.08187,233,8013.23680827157
26572,35.947256,-79.082961,234,8112.269933042801
26572,35.947274,-79.083026,235,8118.501794180366
26572,35.947886,-79.082806,236,8189.667084533324
26572,35.947941,-79.082762,237,8196.990307644288
26572,35.947994,-79.082758,238,8202.916913723338
26572,35.948485,-79.082581,239,8260.024591417081
26572,35.948781,-79.082473,240,8294.485276068304
26572,35.948942,-79.082361,241,8315.130508836759
26572,35.949189,-79.082162,242,8348.087774545267
26572,35.949363,-79.081996,243,8372.666625805694
26572,35.949602,-79.081781,244,8405.716608708744
26572,35.949897,-79.081433,245,8451.340551929763
26572,35.949985,-79.081341,246,8464.231685722658
26572,35.950118,-79.081223,247,8482.535782817362
26572,35.951067,-79.080135,248,8627.341085797343
26572,35.951458,-79.080355,249,8675.332068007705
26572,35.951679,-79.080468,250,8702.04536710161
26572,35.951899,-79.080568,251,8728.223619469438
26572,35.952056,-79.080627,252,8746.546651507833
26572,35.952268,-79.080692,253,8770.932827301127
26572,35.952386,-79.080729,254,8784.524471117335
26572,35.952492,-79.080684,255,8797.04044406721
26572,35.952542,-79.080767,256,8806.41481869541
26572,35.952985,-79.08089,257,8857.103732172362
26572,35.954757,-79.081384,258,9059.899193551528
26572,35.955387,-79.081553,259,9131.86842156665
26572,35.955457,-79.081534,260,9139.86932140096
26572,35.955504,-79.081596,261,9147.561769949247
26572,35.956247,-79.081795,262,9232.433652309184
26572,35.956687,-79.081921,263,9282.856836073473
26572,35.956856,-79.081975,264,9302.345538115744
26572,35.956987,-79.082034,265,9317.91624958592
26572,35.957208,-79.082168,266,9345.417061969416
26572,35.957278,-79.082222,267,9354.639507013655
26572,35.957323,-79.0822,268,9360.044305121777
26572,35.957373,-79.082291,269,9370.01094898093
26572,35.957708,-79.08256,270,9414.66397489283
26572,35.958025,-79.082882,271,9460.550933937708
26572,35.95829,-79.083167,272,9499.84034742292
26572,35.95855,-79.083424,273,9537.0692029188
26572,35.959006,-79.083984,274,9608.989919854803
26572,35.959096,-79.083961,275,9619.249576124423
26572,35.959107,-79.084086,276,9630.65860205891
26572,35.959324,-79.084348,277,9664.597182699341
26572,35.960667,-79.086005,278,9876.908532059433
26572,35.961733,-79.087233,279,10039.917976120185
26572,35.961824,-79.087309,280,10052.194582810316
26572,35.96195,-79.087411,281,10069.030024753314
26572,35.962089,-79.087496,282,10086.355519716413
26572,35.962207,-79.087566,283,10100.97735828993
26572,35.962341,-79.087604,284,10116.325678965033
26572,35.962471,-79.087657,285,10131.611442872756
26572,35.962641,-79.087706,286,10151.099436990633
26572,35.962836,-79.087765,287,10173.512509811942
26572,35.962992,-79.087813,288,10191.460441204015
26572,35.963153,-79.087858,289,10209.888022114976
26572,35.963283,-79.087939,290,10226.15285507768
26572,35.963405,-79.088003,291,10240.956101475731
26572,35.963518,-79.088084,292,10255.553485165052
26572,35.963604,-79.088159,293,10267.319736857586
26572,35.963709,-79.088255,294,10281.921678441746
26572,35.963809,-79.088368,295,10297.077530313218
26572,35.963952,-79.088577,296,10321.86389466742
26572,35.964321,-79.089226,297,10393.724260856037
26572,35.964386,-79.089237,298,10401.047353459886
26572,35.964413,-79.089339,299,10410.780611115839
26572,35.964821,-79.089978,300,10484.505146752976
26572,35.965159,-79.090294,301,10531.88912205366
26572,35.965372,-79.090396,302,10557.40029191776
26572,35.965567,-79.090455,303,10579.813224951105
26572,35.965854,-79.090509,304,10612.218256064229
26572,35.966053,-79.090533,305,10634.5354232841
26572,35.966118,-79.090533,306,10641.790165711862
26572,35.966187,-79.091258,307,10708.020881462438
26572,35.966269,-79.092004,308,10776.323523768293
26572,35.966321,-79.092584,309,10829.267542784713
26572,35.96636,-79.093093,310,10875.655083956848
26572,35.966412,-79.093501,311,10913.126104343808
26572,35.966464,-79.093882,312,10948.17892187234
26572,35.966525,-79.094204,313,10978.177476953013
26572,35.966594,-79.094472,314,11003.684043347654
26572,35.966677,-79.094735,315,11029.281599928023
26572,35.966772,-79.094992,316,11054.8971506321
26572,35.966868,-79.095282,317,11083.30725195922
26572,35.966981,-79.095609,318,11115.545794245696
26572,35.967034,-79.095825,319,11136.0170416987
26572,35.967103,-79.096136,320,11165.266484757902
26572,35.967151,-79.096372,321,11187.339044690103
26572,35.967199,-79.096699,322,11217.48789566577
26572,35.967272,-79.097042,323,11249.657462180876
26572,35.967333,-79.097289,324,11273.079307305825
26572,35.967381,-79.0976,325,11301.800617121613
26572,35.967472,-79.097965,326,11336.439728594036
26572,35.96755,-79.098357,327,11373.055990866753
26572,35.967663,-79.098946,328,11427.964151956587
26572,35.967707,-79.09915,329,11447.113489232748
26572,35.967737,-79.099445,330,11474.08746254942
26572,35.967755,-79.099707,331,11497.943449088805
26572,35.96775,-79.099997,332,11524.261036411948
26572,35.967759,-79.100244,333,11546.693811453264
26572,35.967746,-79.100598,334,11578.844921651067
26572,35.967729,-79.100845,335,11601.335356324687
26572,35.967698,-79.101027,336,11618.206756672627
26572,35.967694,-79.101177,337,11631.823544507151
26572,35.967711,-79.101269,338,11640.383608247654
26572,35.967733,-79.10137,339,11649.87057126401
26572,35.967724,-79.101483,340,11660.17211697341
26572,35.967676,-79.10151,341,11666.062891673648
26572,35.967594,-79.101521,342,11675.269126078463
26572,35.967542,-79.101505,343,11681.251619063862
26572,35.967477,-79.101462,344,11689.488747727168
26572,35.967407,-79.101381,345,11700.214766647403
26572,35.967312,-79.101344,346,11711.336417110882
26572,35.967147,-79.101247,347,11731.746904928694
26572,35.966692,-79.100839,348,11794.589475169587
26572,35.966614,-79.1007,349,11809.913946329756
26572,35.966492,-79.100748,350,11824.209837106486
26572,35.966392,-79.100813,351,11836.833146957746
26572,35.966323,-79.10092,352,11849.224942551507
26572,35.966284,-79.100984,353,11856.482055560322
26572,35.966344,-79.101097,354,11868.72790713362
26572,35.966396,-79.101167,355,11877.33142582798
26572,35.966501,-79.101236,356,11890.617820140635
26572,35.966592,-79.101269,357,11901.206427847503
26572,35.966642,-79.101295,358,11907.26502702385
26572,35.966716,-79.101317,359,11915.76191716672
26572,35.966748,-79.10133,360,11919.52314935661
26572,35.966729,-79.101436,361,11929.371631319498
26572,35.966711,-79.101511,362,11936.466803223471
26572,35.966686,-79.101581,363,11943.403853819153
26572,35.966671,-79.101607,364,11946.296542433152
26572,35.966656,-79.101627,365,11948.765467324782
26572,35.966623,-79.101639,366,11952.606136288552
26572,35.966597,-79.101635,367,11955.530589001082
26572,35.966571,-79.101631,368,11958.455041744888
26572,35.966318,-79.101554,369,11987.54365769887
26572,35.966284,-79.101639,370,11996.138852312004
26573,35.966284,-79.101639,0,0
26573,35.96629,-79.10155,1,8.102808984760957
26573,35.9662,-79.1015,2,19.12458485779533
26573,35.96617,-79.10146,3,24.062452010571374
26573,35.96615,-79.10141,4,29.11845746618838
26573,35.96613,-79.10138,5,32.63863702251332
26573,35.96612,-79.10134,6,36.43563788594178
26573,35.96613,-79.1013,7,40.232638986883096
26573,35.96613,-79.10127,8,42.954586115033955
26573,35.96614,-79.10121,9,48.51171251538163
26573,35.96615,-79.10117,10,52.30871351069095
26573,35.96617,-79.10113,11,56.56949049572686
26573,35.96622,-79.10107,12,64.36549487314588
26573,35.96627,-79.10102,13,71.55731223791098
26573,35.96628,-79.10099,14,74.49919002849579
26573,35.96631,-79.10095,15,79.43705741369422
26573,35.96634,-79.10088,16,86.61680283176602
26573,35.96637,-79.10083,17,92.25519681446367
26573,35.96641,-79.10078,18,98.62003509359658
26573,35.96648,-79.10074,19,107.2345184930493
26573,35.96661,-79.10067,20,123.07294908395997
26573,35.96669,-79.10063,21,132.71112043194688
26573,35.96674,-79.10075,22,144.9456683730147
26573,35.96677,-79.10078,23,149.26074953622046
26573,35.96679,-79.10081,24,152.78091524115402
26573,35.96684,-79.10088,25,161.23543921282226
26573,35.96685,-79.10089,26,162.67379867107894
26573,35.9669,-79.10094,27,169.8655945217304
26573,35.96692,-79.10096,28,172.74231219305597
26573,35.96698,-79.10102,29,181.37246290336478
26573,35.96705,-79.10107,30,190.40672549681577
26573,35.96713,-79.10112,31,200.42185843269522
26573,35.96721,-79.10116,32,210.06001327184228
26573,35.96726,-79.10118,33,215.92810670529815
26573,35.96729,-79.10119,34,219.39714381856902
26573,35.9675,-79.10125,35,243.45904270513384
26573,35.9675,-79.10124,36,244.36634259870007
26573,35.96751,-79.10124,37,245.4824379030867
26573,35.96751,-79.10123,38,246.38973769621245
26573,35.96752,-79.10123,39,247.50583301974098
26573,35.96752,-79.10122,40,248.41313271122814
26573,35.96756,-79.10111,41,259.34643014145036
26573,35.96758,-79.10104,42,266.078375545595
26573,35.96763,-79.10094,43,276.730178133067
26573,35.96766,-79.10084,44,286.40127571380566
26573,35.96769,-79.10016,45,348.1883932656488
26573,35.96771,-79.10005,46,358.41526514124786
26573,35.96773,-79.09963,47,396.58716084503607
26573,35.96771,-79.09942,48,415.77076831014705
26573,35.96769,-79.09926,49,430.45818920643353
26573,35.96768,-79.09916,50,439.59958559699174
26573,35.96754,-79.09848,51,503.24403829819016
26573,35.96744,-79.09796,52,551.7260358724994
26573,35.96739,-79.09774,53,572.4521705756815
26573,35.96727,-79.09716,54,626.7536008467669
26573,35.96726,-79.0971,55,632.3106864552913
26573,35.96721,-79.09689,56,652.1645937594584
26573,35.9672,-79.09683,57,657.7216858298151
26573,35.96717,-79.09667,58,672.6197832182548
26573,35.96715,-79.09655,59,683.7339778870969
26573,35.96713,-79.09645,60,693.0776416848871
26573,35.96709,-79.09624,61,712.6472204575623
26573,35.96704,-79.09595,62,739.5445549337529
26573,35.967,-79.09581,63,753.0086406464023
26573,35.96699,-79.09577,64,756.8056364552185
26573,35.96696,-79.09562,65,770.8211778656827
26573,35.96693,-79.09553,66,779.6468224824648
26573,35.96689,-79.0954,67,792.2585368886178
26573,35.96688,-79.09539,68,793.6969085556594
26573,35.96681,-79.09518,69,814.2901112954216
26573,35.96659,-79.09458,70,874.0105536818651
26573,35.96654,-79.09437,71,893.8646966617633
26573,35.96649,-79.09416,72,913.7188579188705
26573,35.96648,-79.09415,73,915.1572353333478
26573,35.96644,-79.09389,74,939.166342001399
26573,35.96641,-79.09367,75,959.4063296726257
26573,35.96639,-79.0935,76,974.9915167384268
26573,35.96638,-79.09339,77,985.0342933140136
26573,35.96635,-79.09312,78,1009.7598196320371
26573,35.96631,-79.09268,79,1049.9309884828099
26573,35.9663,-79.09252,80,1064.4910481557283
26573,35.96626,-79.09208,81,1104.6622805252193
26573,35.96623,-79.0918,82,1130.287159924806
26573,35.96622,-79.09163,83,1145.7520698703527
26573,35.96621,-79.09157,84,1151.3092756597619
26573,35.9662,-79.09142,85,1164.9648972170357
26573,35.96614,-79.09087,86,1215.3153577796456
26573,35.96612,-79.0907,87,1230.9006666205005
26573,35.96612,-79.09056,88,1243.6033025244349
26573,35.96594,-79.09054,89,1263.7751476055207
26573,35.96577,-79.09052,90,1282.8356693719566
26573,35.96559,-79.09049,91,1303.1092905719008
26573,35.96544,-79.09045,92,1320.239883820983
26573,35.96531,-79.09041,93,1335.1964032492313
26573,35.96518,-79.09034,94,1351.035135143634
26573,35.96507,-79.09028,95,1364.465284272075
26573,35.96507,-79.09027,96,1365.372628084194
26573,35.96494,-79.09015,97,1383.5131040233741
26573,35.96493,-79.09014,98,1384.9515018941843
26573,35.96486,-79.09007,99,1395.0202896831947
26573,35.964545,-79.08964,100,1447.5398768610435
26573,35.964484,-79.089575,101,1456.5474782190975
26573,35.964468,-79.089499,102,1463.670827093672
26573,35.96408,-79.08885,103,1536.7671126331834
26573,35.96392,-79.08857,104,1567.8214287344094
26573,35.96388,-79.08852,105,1574.1864933857128
26573,35.9638,-79.08841,106,1587.5784958572806
26573,35.96373,-79.08832,107,1598.8801761291934
26573,35.96367,-79.08825,108,1608.1099077251695
26573,35.96363,-79.08821,109,1613.8635542155118
26573,35.96357,-79.08816,110,1621.9523523700998
26573,35.96348,-79.08808,111,1634.3457075851718
26573,35.96334,-79.08799,112,1651.9766369074987
26573,35.96321,-79.08792,113,1667.81549346039
26573,35.9631,-79.08788,114,1680.6180473393147
26573,35.96298,-79.08784,115,1694.4945396424819
26573,35.96281,-79.08779,116,1714.0034267498042
26573,35.96251,-79.0877,117,1748.4684735725434
26573,35.96232,-79.08764,118,1770.3624405321646
26573,35.96215,-79.08757,119,1790.3713739956277
26573,35.96204,-79.08752,120,1803.4601480828453
26573,35.96195,-79.08746,121,1814.885731877797
26573,35.96191,-79.08743,122,1820.114659598311
26573,35.96176,-79.08732,123,1839.6060143280324
26573,35.96163,-79.08717,124,1859.5002712320804
26573,35.96153,-79.08707,125,1873.8845639381152
26573,35.96101,-79.08644,126,1955.3484568375532
26573,35.96093,-79.08634,127,1968.0788714721348
26573,35.96088,-79.08628,128,1975.8753151751905
26573,35.96054,-79.08588,129,2028.3868639627967
26573,35.96049,-79.08582,130,2036.1833322747748
26573,35.9601,-79.08535,131,2097.1227642038334
26573,35.95984,-79.08503,132,2138.174798751738
26573,35.959298,-79.084377,133,2222.854088748526
26573,35.959213,-79.084347,134,2232.7239957410275
26573,35.959197,-79.084265,135,2240.376138227431
26573,35.9591,-79.08414,136,2256.056367511839
26573,35.95876,-79.08373,137,2309.1999302324184
26573,35.95862,-79.08355,138,2331.804224516012
26573,35.95859,-79.08352,139,2336.119602042771
26573,35.95851,-79.08343,140,2348.22021838885
26573,35.95839,-79.08329,141,2366.680411426499
26573,35.95831,-79.08321,142,2378.1881049274198
26573,35.95824,-79.08313,143,2388.853049624006
26573,35.95812,-79.08301,144,2406.1146097015935
26573,35.95801,-79.0829,145,2421.937718563609
26573,35.95777,-79.08268,146,2455.3457057834526
26573,35.95763,-79.08255,147,2474.924472897847
26573,35.95743,-79.08238,148,2502.0588537241015
26573,35.95734,-79.08231,149,2513.943907159389
26573,35.957296,-79.082336,150,2519.3922239189887
26573,35.957282,-79.082264,151,2526.110086586971
26573,35.95718,-79.08219,152,2539.3274903182937
26573,35.95707,-79.08212,153,2553.1508258175745
26573,35.957,-79.08209,154,2561.424436207762
26573,35.95695,-79.08206,155,2567.633686185423
26573,35.95691,-79.08204,156,2572.452998462956
26573,35.95676,-79.08198,157,2590.0580357749777
26573,35.95662,-79.08193,158,2606.3292597018885
26573,35.95623,-79.08182,159,2650.988176081893
26573,35.955725,-79.081677,160,2708.827238688851
26573,35.955657,-79.081741,161,2718.3840962053887
26573,35.95561,-79.08165,162,2728.1673486032146
26573,35.95551,-79.08161,163,2739.904065411241
26573,35.95481,-79.08142,164,2819.9130797239914
26573,35.95463,-79.08137,165,2840.5094344680606
26573,35.95453,-79.08134,166,2851.997965849386
26573,35.954,-79.0812,167,2912.501808342601
26573,35.95376,-79.08113,168,2940.031860644701
26573,35.95345,-79.08104,169,2975.5828167246523
26573,35.952873,-79.080879,170,3041.620154867879
26573,35.952787,-79.080927,171,3052.1610409301097
26573,35.952762,-79.080847,172,3059.9387978498244
26573,35.95257,-79.08079,173,3081.9839870547767
26573,35.95226,-79.08071,174,3117.33753351972
26573,35.952,-79.08063,175,3147.251330970872
26573,35.95185,-79.08058,176,3164.597313261727
26573,35.95173,-79.08053,177,3178.738651855624
26573,35.95159,-79.08046,178,3195.6064469193298
26573,35.95141,-79.08036,179,3217.6514377626213
26573,35.9513,-79.08029,180,3231.4750280236112
26573,35.95109,-79.08016,181,3257.715516370296
26573,35.95095,-79.08031,182,3278.439319525942
26573,35.95074,-79.08055,183,3310.435697959163
26573,35.95029,-79.08108,184,3379.97808926265
26573,35.950249,-79.081251,185,3396.1574638364805
26573,35.95009,-79.0813,186,3414.4526062462887
26573,35.95008,-79.08138,187,3421.79813972872
26573,35.95001,-79.08147,188,3433.1009775484545
26573,35.94993,-79.08155,189,3444.609192340017
26573,35.94981,-79.08168,190,3462.457955461252
26573,35.94972,-79.08178,191,3475.9955723720836
26573,35.94967,-79.08184,192,3483.7926155380787
26573,35.94963,-79.08188,193,3489.546729083765
26573,35.94939,-79.08211,194,3523.5061841406687
26573,35.94932,-79.08218,195,3533.5758933696925
26573,35.9492,-79.08228,196,3549.7545732215117
26573,35.94911,-79.08235,197,3561.6399834408876
26573,35.94906,-79.08239,198,3568.2974338098416
26573,35.94895,-79.08247,199,3582.5609274938165
26573,35.94879,-79.08256,200,3602.1982483160705
26573,35.94873,-79.08259,201,3609.4273173102883
26573,35.94864,-79.08263,202,3620.1082955886054
26573,35.948433,-79.082709,203,3644.2990224838104
26573,35.948397,-79.082791,204,3652.7563587587124
26573,35.948306,-79.082754,205,3663.4538128762692
26573,35.94807,-79.08284,206,3690.926435390089
26573,35.94782,-79.08293,207,3720.000545406991
26573,35.94766,-79.08299,208,3738.6703395552177
26573,35.94727,-79.08313,209,3784.015775071021
26573,35.94725,-79.08306,210,3790.7494659537465
26573,35.94726,-79.08173,211,3911.460307972022
26573,35.94726,-79.08133,212,3947.762816214267
26573,35.94725,-79.08095,213,3982.268278777787
26573,35.947179,-79.08079,214,3998.810903202283
26573,35.947251,-79.080695,215,4010.5971723516827
26573,35.94725,-79.0804,216,4037.37054983215
26573,35.94725,-79.07963,217,4107.253055188261
26573,35.94724,-79.07951,218,4118.200887254847
26573,35.94724,-79.07938,219,4129.999244498377
26573,35.94723,-79.07929,220,4138.2432446068715
26573,35.94721,-79.07909,221,4156.53132357984
26573,35.94719,-79.07904,222,4161.588493566451
26573,35.94717,-79.07893,223,4171.818259549816
26573,35.94714,-79.07883,224,4181.491921257983
26573,35.94713,-79.07877,225,4187.050538984874
26573,35.94705,-79.07851,226,4212.280223496418
26573,35.94694,-79.07824,227,4239.688294549507
26573,35.94682,-79.07798,228,4266.821333758379
26573,35.94672,-79.07771,229,4293.748013729801
26573,35.94661,-79.07741,230,4323.615401562172
26573,35.94659,-79.0773,231,4333.845266133904
26573,35.94652,-79.07705,232,4357.842194746405
26573,35.94649,-79.07688,233,4373.630182756433
26573,35.94649,-79.07683,234,4378.168074561658
26573,35.94647,-79.07648,235,4410.011670468044
26573,35.946376,-79.07645,236,4420.850914662326
26573,35.946469,-79.07638,237,4433.0208650307595
26573,35.94644,-79.0756,238,4503.886066518055
26573,35.94644,-79.07552,239,4511.146712972916
26573,35.94689,-79.07552,240,4561.373043219914
26573,35.9473,-79.07552,241,4607.134810895332
26573,35.94775,-79.0755,242,4657.39393023232
26573,35.94828,-79.07549,243,4716.556350176543
26573,35.948577,-79.07549,244,4749.70573006462
26573,35.948616,-79.075447,245,4755.551891059209
26573,35.94864,-79.07549,246,4760.285289152196
26573,35.94912,-79.07549,247,4813.8600446692335
26573,35.94954,-79.07551,248,4860.773081858578
26573,35.94977,-79.07551,249,4886.444318178749
26573,35.94983,-79.07553,250,4893.382779913941
26573,35.95001,-79.07553,251,4913.473312079871
26573,35.95019,-79.07553,252,4933.563844267149
26573,35.950443,-79.075529,253,4961.80234928827
26573,35.950501,-79.075433,254,4972.65649034292
26573,35.95055,-79.07553,255,4983.020132977539
26573,35.95073,-79.07553,256,5003.110665228001
26573,35.95108,-79.07553,257,5042.175589110392
26573,35.95156,-79.07553,258,5095.750341994781
26573,35.9518,-79.07552,259,5122.553087075843
26573,35.95194,-79.07552,260,5138.179056966609
26573,35.95193,-79.07488,261,5196.270911926371
26573,35.9519,-79.07393,262,5282.550221778041
26573,35.9519,-79.07369,263,5304.330703929835
26573,35.951883,-79.07338,264,5332.5277562404
26573,35.951809,-79.073301,265,5343.464822149862
26573,35.95188,-79.07314,266,5360.086611991786
26573,35.95188,-79.07307,267,5366.439261354587
26573,35.95187,-79.07268,268,5401.850203428375
26573,35.95186,-79.0725,269,5418.223690951243
26573,35.95185,-79.07225,270,5440.939195939299
26573,35.95184,-79.07194,271,5469.094547218066
26573,35.95182,-79.07122,272,5534.474403853989
26573,35.9518,-79.07076,273,5576.280204350621
26573,35.95176,-79.06989,274,5655.361137810439
26573,35.951752,-79.069731,275,5669.818426394059
26573,35.95169,-79.069679,276,5678.19450101063
26573,35.951747,-79.069612,277,5686.994930701005
26573,35.95172,-79.06914,278,5729.936149687505
26573,35.95171,-79.06887,279,5754.464844898152
26573,35.95169,-79.06842,280,5795.364653308833
26573,35.95167,-79.06775,281,5856.21018666329
26573,35.95163,-79.06728,282,5899.097214394002
26573,35.95162,-79.06719,283,5907.340919585432
26573,35.95162,-79.0671,284,5915.508716105032
26573,35.95162,-79.06702,285,5922.768980659152
26573,35.9516,-79.0668,286,5942.859122129225
26573,35.95156,-79.06592,287,6022.846858835356
26573,35.95156,-79.06591,288,6023.754394251908
26573,35.95154,-79.06582,289,6032.22177425122
26573,35.95152,-79.0657,290,6043.338641657425
26573,35.9515,-79.06548,291,6063.428850626503
26573,35.95142,-79.06497,292,6110.566723620981
26573,35.95139,-79.06476,293,6129.916959167211
26573,35.95133,-79.06432,294,6170.406386859571
26573,35.95119,-79.06433,295,6186.058966652699
26573,35.95111,-79.06433,296,6194.9882510851685
26573,35.95109,-79.06432,297,6197.398000445864
26573,35.95104,-79.0643,298,6203.266552408391
26573,35.95097,-79.06426,299,6211.881835237828
26573,35.95094,-79.06422,300,6216.820512682979
26573,35.95092,-79.0642,301,6219.697631454346
26573,35.95086,-79.06408,302,6232.4825209654555
26573,35.95075,-79.0639,303,6252.917871053744
26573,35.95068,-79.06384,304,6262.441324501007
26573,35.95061,-79.06381,305,6270.715247982382
26573,35.95052,-79.0638,306,6280.801614023111
26573,35.9505,-79.06381,307,6283.211367942059
26573,35.95045,-79.06383,308,6289.079928683838
26573,35.950392,-79.063964,309,6302.856858866199
26573,35.950293,-79.063983,310,6314.040587488558
26573,35.95021,-79.06408,311,6326.82032700223
26573,35.9502,-79.0641,312,6328.95115560277
26573,35.95006,-79.06425,313,6349.675589165737
26573,35.9499,-79.06436,314,6370.13508860031
26573,35.94978,-79.06439,315,6383.802941005522
26573,35.94973,-79.06439,316,6389.38374320021
26573,35.94966,-79.0644,317,6397.249399871439
26573,35.94959,-79.0644,318,6405.062522815568
26573,35.94955,-79.0644,319,6409.527164497563
26573,35.94952,-79.06441,320,6412.996457455378
26573,35.94949,-79.06442,321,6416.465750447783
26573,35.94946,-79.06444,322,6420.274555863456
26573,35.94942,-79.06446,323,6425.094068068618
26573,35.94939,-79.06449,324,6429.409777809369
26573,35.94937,-79.06455,325,6435.294960487892
26573,35.94937,-79.06461,326,6440.740336756436
26573,35.94937,-79.06471,327,6449.815962714408
26573,35.94937,-79.0648,328,6457.984024842255
26573,35.94937,-79.06493,329,6469.782334740756
26573,35.94937,-79.06495,330,6471.597459123141
26573,35.94936,-79.06496,331,6473.036028230423
26573,35.94936,-79.06498,332,6474.851152758719
26573,35.94935,-79.065,333,6476.981995079611
26573,35.94934,-79.06501,334,6478.420564218444
26573,35.94932,-79.06502,335,6480.830318634938
26573,35.94931,-79.06503,336,6482.268887946159
26573,35.9493,-79.06503,337,6483.3850472465165
26573,35.94928,-79.06503,338,6485.617365846981
26573,35.94926,-79.06504,339,6488.027120446573
26573,35.94924,-79.06503,340,6490.436875134904
26573,35.94919,-79.06503,341,6496.017671633765
26573,35.94914,-79.06503,342,6501.598468130926
26573,35.94907,-79.06502,343,6509.46411768653
26573,35.94899,-79.06501,344,6518.439396010554
26573,35.94895,-79.06501,345,6522.904033345479
26573,35.948899,-79.06492,346,6532.86001240465
26573,35.94881,-79.06502,347,6546.315447838322
26573,35.94875,-79.06503,348,6553.073620577347
26573,35.94871,-79.06504,349,6557.629569130111
26573,35.94868,-79.06505,350,6561.098861085778
26573,35.94865,-79.06506,351,6564.568153078537
26573,35.94864,-79.06507,352,6566.006727191442
26573,35.94863,-79.06508,353,6567.445301354825
26573,35.9486,-79.0651,354,6571.254112253859
26573,35.94857,-79.06513,355,6575.569835564689
26573,35.94855,-79.06516,356,6579.09068987456
26573,35.94852,-79.0652,357,6584.029442319056
26573,35.94851,-79.06522,358,6586.160300467253
26573,35.9485,-79.06525,359,6589.102916592625
26573,35.9485,-79.0653,360,6593.640775517981
26573,35.9485,-79.06532,361,6595.455918987543
26573,35.94849,-79.0654,362,6602.801784600853
26573,35.94849,-79.06545,363,6607.339643023702
26573,35.94852,-79.06549,364,6612.278394218503
26573,35.94857,-79.06556,365,6620.73450459263
26573,35.94867,-79.06561,366,6632.783281205104
26573,35.94869,-79.06561,367,6635.015597739183
26573,35.94871,-79.06562,368,6637.42535259831
26573,35.94873,-79.06562,369,6639.657669096879
26573,35.94876,-79.06562,370,6643.006143844592
26573,35.94878,-79.06562,371,6645.23846034467
26573,35.94881,-79.06562,372,6648.586935093478
26573,35.94883,-79.06562,373,6650.819251592764
26573,35.94889,-79.06561,374,6657.577417866284
26573,35.94894,-79.06561,375,6663.158209208139
26573,35.94898,-79.0656,376,6667.714153104395
26573,35.94903,-79.06559,377,6673.3682585681845
26573,35.94907,-79.06557,378,6678.1877655046665
26573,35.94921,-79.06549,379,6695.41836956187
26573,35.94923,-79.06547,380,6698.295507490264
26573,35.94938,-79.06537,381,6717.339513952604
26573,35.94941,-79.06534,382,6721.655217871227
26573,35.94943,-79.0653,383,6725.916897713159
26573,35.94943,-79.06527,384,6728.6395807084255
26573,35.94944,-79.06524,385,6731.582166840195
26573,35.94944,-79.06519,386,6736.119971758279
26573,35.94944,-79.06514,387,6740.657777038985
26573,35.94944,-79.06508,388,6746.103143852027
26573,35.94943,-79.06504,389,6749.901102604166
26573,35.94937,-79.06493,390,6761.922462676644
26573,35.94937,-79.0648,391,6773.720772575144
26573,35.94937,-79.06471,392,6781.8888347029915
26573,35.94937,-79.06461,393,6790.964460660964
26573,35.94937,-79.06455,394,6796.409836929507
26573,35.94939,-79.06449,395,6802.29501960803
26573,35.94942,-79.06446,396,6806.610729348781
26573,35.94946,-79.06444,397,6811.430241553943
26573,35.94949,-79.06442,398,6815.2390469696165
26573,35.94952,-79.06441,399,6818.7083399620215
26573,35.94955,-79.0644,400,6822.1776329198365
26573,35.94959,-79.0644,401,6826.642274601832
26573,35.94966,-79.0644,402,6834.45539754596
26573,35.94973,-79.06439,403,6842.321054217189
26573,35.94978,-79.06439,404,6847.901856411877
26573,35.9499,-79.06436,405,6861.569708817089
26573,35.95006,-79.06425,406,6882.029208251663
26573,35.9502,-79.0641,407,6902.753641814629
26573,35.95021,-79.06408,408,6904.884470415169
26573,35.95035,-79.063938,409,6925.139374590993
26573,35.95045,-79.06383,410,6939.993740213011
26573,35.9505,-79.06381,411,6945.86230095479
26573,35.95052,-79.0638,412,6948.272054873738
26573,35.95069,-79.063758,413,6967.625868568512
26573,35.95072,-79.063855,414,6977.044414913207
26573,35.95075,-79.0639,415,6982.325619388551
26573,35.95086,-79.06408,416,7002.76096947684
26573,35.95092,-79.0642,417,7015.545858987949
26573,35.95094,-79.06422,418,7018.422977759316
26573,35.95097,-79.06426,419,7023.361655204467
26573,35.95104,-79.0643,420,7031.976938033904
26573,35.95109,-79.06432,421,7037.845489996431
26573,35.95111,-79.06433,422,7040.255239357127
26573,35.95119,-79.06433,423,7049.184523789596
26573,35.95133,-79.06432,424,7064.837103582724
26573,35.95135,-79.06425,425,7071.5706836265545
26573,35.95131,-79.06398,426,7096.4776982113235
26573,35.95119,-79.063887,427,7112.309105305379
26573,35.95129,-79.06382,428,7125.019514316794
26573,35.95127,-79.06369,429,7137.026890720011
26573,35.95113,-79.0627,430,7228.222446410741
26573,35.95111,-79.06259,431,7238.451988183181
26573,35.95109,-79.06248,432,7248.681534234195
26573,35.95107,-79.06235,433,7260.688965824498
26573,35.95105,-79.06227,434,7268.28477263095
26573,35.95103,-79.06215,435,7279.401769537846
26573,35.951,-79.06204,436,7289.931398752279
26573,35.95094,-79.06189,437,7305.102733405198
26573,35.95085,-79.06164,438,7329.915837948339
26573,35.95083,-79.06158,439,7335.800953999092
26573,35.95082,-79.06157,440,7337.239520182624
26573,35.95074,-79.06134,441,7359.942889311062
26573,35.95066,-79.06114,442,7380.171414975277
26573,35.95056,-79.0609,443,7404.6460359273
26573,35.95027,-79.06019,444,7476.7557156841885
26573,35.950094,-79.059792,445,7517.87295227413
26573,35.949996,-79.059746,446,7529.581008215425
26573,35.950025,-79.059635,447,7540.162206786844
26573,35.94993,-79.05944,448,7560.793182938134
26573,35.94981,-79.05911,449,7593.601422180512
26573,35.94975,-79.05897,450,7607.964240978195
26573,35.94967,-79.05877,451,7628.1930487227155
26573,35.94959,-79.05857,452,7648.421879536074
26573,35.94955,-79.05849,453,7656.945319480321
26573,35.94943,-79.05839,454,7673.1245962211115
26573,35.94902,-79.05845,455,7719.210452373591
26573,35.94881,-79.05849,456,7742.929506025181
26573,35.94859,-79.05853,457,7767.752167345827
26573,35.948477,-79.058722,458,7789.263348038195
26573,35.9484,-79.05854,459,7807.883493077618
26573,35.94829,-79.05856,460,7820.29482412734
26573,35.94822,-79.05856,461,7828.108019623659
26573,35.94797,-79.05856,462,7856.012289229273
26573,35.94791,-79.05857,463,7862.770532713815
26573,35.94789,-79.05857,464,7865.00287424529
26573,35.94769,-79.05857,465,7887.326289538132
26573,35.94755,-79.05856,466,7902.979014944635
26573,35.94751,-79.05856,467,7907.4436980675355
26573,35.94738,-79.05855,468,7921.982274971663
26573,35.94729,-79.05854,469,7932.068728636386
26573,35.94697,-79.05849,470,7968.073322926748
26573,35.946538,-79.058423,471,8016.673834513152
26573,35.94643,-79.058548,472,8033.227532331379
26573,35.94633,-79.05837,473,8052.863733315313
26573,35.94623,-79.05836,474,8064.062284486246
26573,35.94618,-79.05835,475,8069.716460213003
26573,35.94604,-79.05831,476,8085.759039463318
26573,35.94577,-79.05826,477,8116.235425301482
26573,35.94557,-79.05823,478,8138.724294893732
26573,35.94524,-79.05815,479,8176.2667986124625
26573,35.94511,-79.05811,480,8191.224310940315
26573,35.94466,-79.05803,481,8241.974150691367
26573,35.94417,-79.05793,482,8297.414566734691
26573,35.94328,-79.05775,483,8398.088357167815
26573,35.94274,-79.05764,484,8459.182985340803
26573,35.94227,-79.05755,485,8512.275293320992
26573,35.94156,-79.0574,486,8592.684571063563
26573,35.94085,-79.05726,487,8672.945185835264
26573,35.940382,-79.057164,488,8725.903869648682
26573,35.940243,-79.057279,489,8744.603263181223
26573,35.940167,-79.057125,490,8760.954157480106
26573,35.93995,-79.05708,491,8785.517110131623
26573,35.93928,-79.05695,492,8861.225950841666
26573,35.9388,-79.05685,493,8915.565757610902
26573,35.93762,-79.05662,494,9048.918646485026
26573,35.937166,-79.056528,495,9100.27645335899
26573,35.937097,-79.056654,496,9114.065025127602
26573,35.937021,-79.056509,497,9129.723743621584
26573,35.93688,-79.05648,498,9145.680433067759
26573,35.93677,-79.05645,499,9158.256715817617
26573,35.93647,-79.05639,500,9192.181980003697
26573,35.93591,-79.05628,501,9255.480265536382
26573,35.93542,-79.05614,502,9311.629862872489
26573,35.93523,-79.0561,503,9333.145774960687
26573,35.93514,-79.0561,504,9343.191350701345
26573,35.93467,-79.05601,505,9396.283908759622
26573,35.9338,-79.05584,506,9494.609688084089
26573,35.93375,-79.05582,507,9500.478442661564
26573,35.93338,-79.05575,508,9542.262928047985
26573,35.93272,-79.05561,509,9617.01871062806
26573,35.932621,-79.055726,510,9632.28268924414
26573,35.932529,-79.055573,511,9649.555491254727
26573,35.93231,-79.05553,512,9674.309446595133
26573,35.93177,-79.05541,513,9735.55943341336
26573,35.93156,-79.05535,514,9759.623640810207
26573,35.93112,-79.05522,515,9810.133382705246
26573,35.93104,-79.05519,516,9819.468859817576
26573,35.930772,-79.055098,517,9850.526388515515
26573,35.930642,-79.055205,518,9867.987730889416
26573,35.930589,-79.05503,519,9884.939817957198
26573,35.93043,-79.05497,520,9903.50405573212
26573,35.93009,-79.05486,521,9942.745870721417
26573,35.92999,-79.05482,522,9954.48345170394
26573,35.92879,-79.05441,523,10093.500060105709
26573,35.92835,-79.05426,524,10144.464783600602
26573,35.92818,-79.0542,525,10164.206134189004
26573,35.927982,-79.054298,526,10188.029977097556
26573,35.927895,-79.054107,527,10207.903479263588
26573,35.92719,-79.05391,528,10288.600801983574
26573,35.92702,-79.05388,529,10307.770301866101
26573,35.927,-79.05387,530,10310.180196142086
26573,35.9269,-79.05386,531,10321.378844628163
26573,35.92673,-79.05384,532,10340.440559404573
26573,35.92652,-79.05383,533,10363.897893860834
26573,35.92637,-79.05383,534,10380.640579912497
26573,35.92628,-79.05383,535,10390.686191537228
26573,35.92623,-79.05383,536,10396.267086883448
26573,35.92592,-79.05386,537,10430.975658928379
26573,35.92574,-79.0539,538,10451.392423449392
26573,35.92561,-79.05393,539,10466.156139887316
26573,35.92548,-79.05395,540,10480.779625646335
26573,35.9253,-79.054,541,10501.377249579626
26573,35.92505,-79.05407,542,10529.996219103612
26573,35.92504380821309,-79.0538543074049,543,10549.590273153233
26573,35.92501340002063,-79.0536021797575,544,10572.730212316848
26573,35.92500036793459,-79.05333395885602,545,10597.124346920871
26573,35.92496127166352,-79.05314620422497,546,10614.719600377754
26573,35.924930863439336,-79.05297454284802,547,10630.66940308472
26573,35.924878735027825,-79.05281897472516,548,10645.944433217092
26573,35.92481791850427,-79.05271168636456,549,10657.816831983313
26573,35.924574651942415,-79.05248638080731,550,10691.812106215237
26573,35.924448674321596,-79.05241664337292,551,10707.233106653144
26573,35.92388394458975,-79.05213232921734,552,10775.347443401437
26573,35.92371452488376,-79.05203040527478,553,10796.400389639286
26573,35.92355379303234,-79.05189629482403,554,10818.082426420595
26573,35.92345822258744,-79.05181046413556,555,10831.29284227165
26573,35.923394,-79.051853,556,10839.435279645299
26573,35.92338871673679,-79.05175145553723,557,10848.673160273307
26573,35.9231845429472,-79.0516012518324,558,10875.231086539517
26573,35.92303657838173,-79.05153001584495,559,10892.967798941381
26573,35.9228888775886,-79.05149246491874,560,10909.802721266764
26573,35.92275855313026,-79.05147637166465,561,10924.422511852526
26573,35.92265863756677,-79.05147637166465,562,10935.574919562245
26573,35.92251093606776,-79.05150855817283,563,10952.318089639544
26573,35.922384955159465,-79.05154610909904,564,10966.78724191037
26573,35.92219815551222,-79.0516480330416,565,10989.598705671435
26573,35.92208955086334,-79.05168558396781,566,11002.191251173605
26573,35.92177242443501,-79.0517553214022,567,11038.150150828204
26573,35.92154218116291,-79.05179823674644,568,11064.143187984668
26573,35.921007840420245,-79.05184115209067,569,11123.91250677143
26573,35.920764562138174,-79.05181969441855,570,11151.136600415573
26573,35.92064771640492,-79.05181404812558,571,11164.188789016924
26573,35.920321895623616,-79.05174967510922,572,11201.022975418156
26573,35.920219,-79.051843,573,11215.29532542082
26573,35.92016115687708,-79.05170139534695,574,11229.681968782183
26573,35.91973107051642,-79.05155119164212,575,11279.586931919084
26573,35.91940090162247,-79.05135807259305,576,11320.398329623113
26573,35.91905397940848,-79.05112860415565,577,11364.370184832384
26573,35.918732496435254,-79.05091402743446,578,11405.201235850807
26573,35.91786796141753,-79.05048487399208,579,11509.269108850356
26573,35.917804,-79.050486,580,11516.409118146905
26573,35.91774631754113,-79.05041513655769,581,11525.511328639446
26573,35.916722393243624,-79.04983800209429,582,11651.240628968031
26573,35.916544269209986,-79.04975217140581,583,11672.595367350064
26573,35.91634876676013,-79.04963951862719,584,11696.695350787893
26573,35.91628,-79.049664,585,11704.686383686945
26573,35.91625753211816,-79.04959123886492,586,11711.752836235752
26573,35.91565364302525,-79.0492640093651,587,11785.415913509358
26573,35.91549289479195,-79.04966634071734,588,11826.115136778853
26573,35.915193120187006,-79.05053001202013,589,11911.374770138129
26573,35.915208,-79.050644,590,11921.85704838299
26573,35.9151105733572,-79.05071240223315,591,11934.380265110169
26573,35.91498458066142,-79.0510289028969,592,11966.374359632842
26573,35.9143583208016,-79.05272194831566,593,12135.246676966986
26573,35.914399,-79.05278,594,12142.203684540138
26573,35.91432790850075,-79.05281314342217,595,12150.690267534503
26573,35.9141367451992,-79.05327448337273,596,12197.700588265956
26573,35.913984683152165,-79.05371436565117,597,12241.098081846621
26573,35.91377614044095,-79.05417570560174,598,12289.020152911307
26573,35.91370228143226,-79.05442783324914,599,12313.352230228948
26573,35.913593665117716,-79.0546745964785,600,12338.827762272149
26573,35.91352849525739,-79.05486771552758,601,12357.81171675278
26573,35.913587,-79.05493,602,12366.45037061191
26575,35.90689,-79.05487,0,0
26575,35.906754,-79.054875,1,15.186797209429004
26575,35.906643,-79.054889,2,27.641416384861095
26575,35.906306,-79.054921,3,65.36865614579509
26575,35.905689,-79.055007,4,134.67814669748043
26575,35.905358,-79.05505,5,171.82937337173783
26575,35.905115,-79.055082,6,199.1076875224496
26575,35.904915,-79.055092,7,221.44968406174974
26575,35.904637,-79.055114,8,252.5436422315066
26575,35.904385,-79.055125,9,280.6890254905193
26575,35.904116,-79.055125,10,310.7141771411555
26575,35.903273,-79.055908,11,428.65261158802923
26575,35.901428,-79.057603,12,685.7558334676412
26575,35.901158,-79.057818,13,721.6645275187504
26575,35.901063,-79.057882,14,733.7565417428335
26575,35.900945,-79.05803,15,752.574453645441
26575,35.900811,-79.057957,16,768.9345099630261
26575,35.900446,-79.057914,17,809.8614942948639
26575,35.900167,-79.057807,18,842.4835100246983
26575,35.899956,-79.057728,19,867.1032452567702
26575,35.899721,-79.057653,20,894.2031749463994
26575,35.899417,-79.057599,21,928.4873556779659
26575,35.899165,-79.057578,22,956.6794755825395
26575,35.898661,-79.057567,23,1012.9434264028008
26575,35.898235,-79.057599,24,1060.5810896171872
26575,35.897974,-79.057599,25,1089.713184137005
26575,35.897827,-79.057642,26,1106.579233801387
26575,35.897696,-79.057664,27,1121.3369617055464
26575,35.897505,-79.057739,28,1143.717501177443
26575,35.897201,-79.057932,29,1181.908831347376
26575,35.896627,-79.058404,30,1258.994735274072
26575,35.896375,-79.058533,31,1289.464569607792
26575,35.896158,-79.058587,32,1314.1769794415088
26575,35.896002,-79.058608,33,1331.6933757393892
26575,35.895802,-79.058587,34,1354.0981066734016
26575,35.895628,-79.058544,35,1373.9082118935307
26575,35.895495,-79.058559,36,1388.8156553128033
26575,35.895421,-79.058397,37,1405.6883431685362
26575,35.895325,-79.058341,38,1417.549319624528
26575,35.895186,-79.058265,39,1434.5301943845507
26575,35.894563,-79.057876,40,1512.5276645840352
26575,35.894358,-79.057774,41,1537.2132997367114
26575,35.894106,-79.057661,42,1567.1546234861505
26575,35.893837,-79.05757,43,1598.2963725768338
26575,35.893661,-79.05752,44,1618.4590363134769
26575,35.893552,-79.05752,45,1630.6253145848245
26575,35.893417,-79.057536,46,1645.7635476801377
26575,35.893252,-79.057574,47,1664.5009740272205
26575,35.893135,-79.057595,48,1677.698730015003
26575,35.893044,-79.057611,49,1687.959319984611
26575,35.892987,-79.057675,50,1696.5769841507424
26575,35.892896,-79.057734,51,1708.0609674509
26575,35.892744,-79.057831,52,1727.177750950197
26575,35.892374,-79.058137,53,1776.9566553406223
26575,35.892153,-79.058378,54,1809.9351663845728
26575,35.892184,-79.058496,55,1821.1970475670134
26575,35.892096,-79.058464,56,1831.4403119878218
26575,35.891849,-79.058716,57,1867.272027849904
26575,35.891449,-79.059315,58,1937.650130694056
26575,35.891392,-79.059433,59,1950.1135347931847
26575,35.891897,-79.059969,60,2024.5922343693342
26575,35.892027,-79.060146,61,2046.2480581584791
26575,35.892144,-79.060361,62,2069.7394383447177
26575,35.892249,-79.060581,63,2092.9039758128274
26575,35.892331,-79.060833,64,2117.5535448142996
26575,35.892396,-79.061069,65,2140.1822903408183
26575,35.89244,-79.061321,66,2163.5905890457593
26575,35.892488,-79.061541,67,2184.277372919762
26575,35.892492,-79.061766,68,2204.7173198728283
26575,35.892501,-79.061975,69,2223.725783958282
26575,35.892496,-79.062169,70,2241.3541781872527
26575,35.892461,-79.06227,71,2251.324459801364
26575,35.892496,-79.062445,72,2267.6914467787396
26575,35.892379,-79.062555,73,2284.133768619694
26575,35.892153,-79.06315,74,2343.770819875788
26575,35.891756,-79.064173,75,2446.7082723906083
26575,35.891808,-79.06431,76,2460.43812274416
26575,35.891705,-79.064521,77,2482.7856906080297
26575,35.891688,-79.064961,78,2522.792835459141
26575,35.89171,-79.065347,79,2557.936383565005
26575,35.891784,-79.06583,80,2602.5746116254973
26575,35.891814,-79.065954,81,2614.3238797758368
26575,35.891863,-79.066039,82,2623.7848038518105
26575,35.891853,-79.0662,83,2638.449782871678
26575,35.892127,-79.067847,84,2791.128491468222
26575,35.892175,-79.067949,85,2801.829989913729
26575,35.892179,-79.068094,86,2815.0067421641997
26575,35.892253,-79.068491,87,2851.996957097292
26575,35.892603,-79.070454,88,3034.5093307634384
26575,35.8926615255366,-79.0705668926239,89,3046.666464141451
26575,35.892642,-79.070696,90,3058.5929389264284
26575,35.892868,-79.071854,91,3166.7462458955806
26575,35.893634,-79.075668,92,3523.528669971401
26575,35.893714,-79.075739,93,3534.5426579728182
26575,35.893691,-79.075866,94,3546.3589104258126
26575,35.893795,-79.07644,95,3599.7657397139496
26575,35.893981,-79.077227,96,3674.1939942269505
26575,35.893755,-79.077436,97,3705.7624545546796
26575,35.892598,-79.078804,98,3884.961049808403
26575,35.891907,-79.07963,99,3992.5522812177614
26575,35.891837,-79.079716,100,4003.5997683842093
26575,35.89182,-79.079796,101,4011.1090933674645
26575,35.891811,-79.079876,102,4018.4438599285822
26575,35.891837,-79.079984,103,4028.672766795707
26575,35.891855,-79.08008,104,4037.6200208667588
26575,35.891903,-79.08014,105,4045.261765360402
26575,35.891876,-79.080252,106,4055.8706815086007
26575,35.891868,-79.081089,107,4131.8926844134985
26575,35.891893,-79.082994,108,4304.92784170926
26575,35.891964,-79.083095,109,4317.049661740445
26575,35.891897,-79.083204,110,4329.45607574801
26575,35.891932,-79.083949,111,4397.2296759855135
26575,35.89195,-79.08403,112,4404.855489333204
26575,35.891993,-79.084089,113,4412.04894592109
26575,35.892076,-79.084089,114,4421.312784303459
26575,35.892528,-79.08411,115,4471.797676335751
26575,35.892584,-79.084017,116,4482.305023423918
26575,35.892649,-79.084142,117,4495.777556704374
26575,35.892914,-79.084271,118,4527.590660219753
26575,35.893154,-79.084533,119,4563.419698457854
26575,35.893262,-79.084791,120,4589.76966440209
26575,35.893336,-79.085048,121,4614.5282038159685
26575,35.893362,-79.085343,122,4641.476258122692
26575,35.893384,-79.085531,123,4658.725719680357
26575,35.893401,-79.085686,124,4672.929814216871
26575,35.893462,-79.085751,125,4681.940971818111
26575,35.893527,-79.085788,126,4689.936182517931
26575,35.893706,-79.085853,127,4710.768634619498
26575,35.893849,-79.085831,128,4726.853749998066
26575,35.89394,-79.085799,129,4737.418054216968
26575,35.893956,-79.085699,130,4746.673701454352
26575,35.894048,-79.085783,131,4759.465684774125
26575,35.894439,-79.085654,132,4804.651226955202
26575,35.894842,-79.085525,133,4851.131607476314
26575,35.894887,-79.085427,134,4861.351003830052
26575,35.894973,-79.085525,135,4874.440850201952
26575,35.895008,-79.085434,136,4883.581879523415
26575,35.895038,-79.08502,137,4921.328589553726
26575,35.895064,-79.084849,138,4937.126967360343
26575,35.895121,-79.084613,139,4959.483869812497
26575,35.895425,-79.083754,140,5044.554274547804
26575,35.895868,-79.082719,141,5150.76011779864
26575,35.895924,-79.082494,142,5172.128188998805
26575,35.895894,-79.082428,143,5178.9938752311355
26575,35.895929,-79.08237,144,5185.551681744971
26575,35.895898,-79.082226,145,5199.07910406341
26575,35.895872,-79.082108,146,5210.181317682082
26575,35.895829,-79.081995,147,5221.510307527256
26575,35.895742,-79.081855,148,5237.508479786059
26575,35.895646,-79.081737,149,5252.662569081839
26575,35.895564,-79.081544,150,5272.4357078940975
26575,35.895503,-79.081367,151,5289.892581278896
26575,35.895499,-79.081088,152,5315.23424032005
26575,35.895473,-79.079747,153,5437.053544331467
26575,35.895434,-79.079635,154,5448.117280222999
26575,35.895468,-79.079463,155,5464.192077674284
26575,35.895451,-79.0789,156,5515.356999018125
26575,35.895455,-79.076685,157,5716.516648948099
26575,35.895442,-79.076524,158,5731.2099962698585
26575,35.89539,-79.076358,159,5747.364250847614
26575,35.895594,-79.07624,160,5772.529291329498
26575,35.895768,-79.076154,161,5793.461757260005
26575,35.895827,-79.076037,162,5805.962451099649
27284,35.897817,-79.042457,0,0
27284,35.89776,-79.04247,1,6.470953742573608
27284,35.89777,-79.04258,2,16.523229435379346
27284,35.89776,-79.04266,3,23.87400502306273
27284,35.89774,-79.04278,4,34.99859983011866
27284,35.89768,-79.04305,5,60.41790281675761
27284,35.89767,-79.04312,6,66.8724937894694
27284,35.89765,-79.04323,7,77.10899694464669
27284,35.89764,-79.04335,8,88.06431575939936
27284,35.89763,-79.0435,9,101.7328509061508
27284,35.89763,-79.04356,10,107.18200376318056
27284,35.89763,-79.04374,11,123.52945919932685
27284,35.89764,-79.04404,12,150.79806052293742
27284,35.8977,-79.04472,13,212.9170839405861
27284,35.89771,-79.04482,14,222.06731366344087
27284,35.897839,-79.045819,15,313.93075984642724
27284,35.8978,-79.04605,16,335.35674594824127
27284,35.89788,-79.04651,17,378.07695475266735
27284,35.89791,-79.0467,18,395.6543693562839
27284,35.89795,-79.04689,19,413.4781241407132
27284,35.89798,-79.04702,20,425.7501908625062
27284,35.89809,-79.04742,21,464.0962892430984
27284,35.89814,-79.04762,22,483.09797122895804
27284,35.89826,-79.04805,23,524.3828676361603
27284,35.89838,-79.04847,24,564.8097013646473
27284,35.89851,-79.04891,25,607.3224224149119
27284,35.89854,-79.049,26,616.1553178911869
27284,35.89864,-79.04931,27,646.4406119336048
27284,35.89864,-79.04933,28,648.2569560588604
27284,35.89873,-79.04957,29,672.25666887641
27284,35.89883,-79.04977,30,693.5755863925294
27284,35.89888,-79.04987,31,704.2350352076708
27284,35.89898,-79.05004,32,723.2861569829358
27284,35.89917,-79.05029,33,754.3544246655949
27284,35.89931,-79.05046,34,776.321361340821
27284,35.89954,-79.05072,35,811.2011521843973
27284,35.89981,-79.05103,36,852.4421816936101
27284,35.89989,-79.0511,37,863.4033871633823
27284,35.89998,-79.05118,38,875.8009191715851
27284,35.90004,-79.05123,39,883.892256402838
27284,35.90014,-79.05128,40,895.9423636890323
27284,35.90036,-79.0514,41,922.8079732477895
27284,35.90094,-79.05173,42,994.1467215239495
27284,35.90141,-79.05197,43,1050.9547201514765
27284,35.90159,-79.05188,44,1072.6448348636823
27284,35.9015,-79.0516,45,1099.9850411135162
27284,35.90148,-79.05154,46,1105.8734230697607
27284,35.901405,-79.051472,47,1116.276045912628
27284,35.90144,-79.05135,48,1128.023899222419
27284,35.90145,-79.05127,49,1135.3742361684265
27284,35.90145,-79.05122,50,1139.9149199717567
27284,35.90148,-79.05114,51,1147.9145684754387
27284,35.90151,-79.05106,52,1155.9142154784126
27284,35.90155,-79.05101,53,1162.282232858352
27284,35.9016,-79.05098,54,1168.4926322390406
27284,35.90165,-79.05094,55,1175.1516127496998
27284,35.90177,-79.0509,56,1189.0296590215073
27284,35.90188,-79.05086,57,1201.8337681423297
27284,35.901957,-79.050714,58,1217.6344431982384
27284,35.90215,-79.05073,59,1239.2257497491978
27284,35.90218,-79.05072,60,1242.695261024759
27284,35.90222,-79.0507,61,1247.5152897681864
27284,35.90247,-79.0506,62,1276.8604264468672
27284,35.90291,-79.05044,63,1328.0768471111078
27284,35.90301,-79.05041,64,1339.5663658460176
27284,35.90306,-79.05056,65,1354.2870980977114
27284,35.90312,-79.05075,66,1372.7954890560163
27284,35.90319,-79.05095,67,1392.567148824976
27284,35.90333,-79.05143,68,1438.8730850438722
27284,35.9034,-79.05164,69,1459.4820014771938
27284,35.903566,-79.051805,70,1483.3111055625234
27284,35.90366,-79.05243,71,1541.0296517502873
27284,35.90374,-79.05265,72,1562.912780666408
27284,35.90379,-79.05284,73,1581.0469658941433
27284,35.90382,-79.05292,74,1589.0463960130958
27284,35.90384,-79.053,75,1596.6464971839541
27284,35.90389,-79.05312,76,1608.8897422060124
27284,35.90399,-79.05342,77,1638.3307852343391
27284,35.90404,-79.05356,78,1652.2152485877705
27284,35.90412,-79.05382,79,1677.4580423889704
27284,35.90413,-79.05384,80,1679.5898146272737
27284,35.90415,-79.05392,81,1687.1898772185186
27284,35.90416,-79.05395,82,1690.1339714923058
27284,35.9042,-79.05402,83,1697.9019454380616
27284,35.9042,-79.05404,84,1699.7181472514285
27284,35.90424,-79.0541,85,1706.7623614857002
27284,35.90425,-79.05411,86,1708.201284853941
27284,35.90436,-79.05429,87,1728.644699008509
27284,35.90456,-79.05456,88,1761.803473748997
27284,35.90482,-79.0542,89,1805.5176031182127
27284,35.90509,-79.05384,90,1849.9805133205987
27284,35.90544,-79.05348,91,1900.9205648649813
27284,35.905524,-79.053281,92,1921.2790091439142
27284,35.90559,-79.05336,93,1931.5617190917385
27284,35.90564,-79.05332,94,1938.220573676205
27284,35.90579,-79.05323,95,1956.8515152378168
27284,35.9058,-79.05322,96,1958.2904293116912
27284,35.90598,-79.05313,97,1979.9803289176468
27284,35.90604,-79.0531,98,1987.210294577619
27284,35.90606,-79.05309,99,1989.6202830344168
27284,35.90615,-79.05306,100,2000.0287422381818
27284,35.90627,-79.05302,101,2013.9066873534616
27284,35.90636,-79.05299,102,2024.315145820454
27284,35.90646,-79.05296,103,2035.8045896092242
27284,35.90656,-79.05294,104,2047.113183800295
27284,35.90675,-79.0529,105,2068.629426663532
27284,35.90688,-79.05289,106,2083.1681610593237
27284,35.90718,-79.05283,107,2117.0939427903254
27284,35.90733,-79.05281,108,2133.934867057306
27284,35.90738,-79.0528,109,2139.5891639132788
27284,35.90766,-79.05277,110,2170.9607303162284
27284,35.9077,-79.05277,111,2175.425453723723
27284,35.90781,-79.05278,112,2187.736976642416
27284,35.90793,-79.05279,113,2201.161892328329
27284,35.908,-79.0528,114,2209.027748399862
27284,35.90815,-79.05282,115,2225.8686709607646
27284,35.90825,-79.05285,116,2237.3581026852044
27284,35.90841,-79.05276,117,2256.9981053815322
27284,35.90845,-79.05272,118,2262.753689201828
27284,35.90856,-79.05259,119,2279.7860051412263
27284,35.90859,-79.05243,120,2294.6957311346364
27284,35.90868,-79.05209,121,2327.162709143954
27284,35.90869,-79.05177,122,2356.241804530216
27284,35.908608,-79.051503,123,2382.1569067677933
27284,35.90867,-79.05132,124,2400.157691134952
27284,35.90864,-79.05098,125,2431.2125707267746
27284,35.90864,-79.05094,126,2434.8447866196357
27284,35.90863,-79.05072,127,2454.8531373912
27284,35.90862,-79.05057,128,2468.5196138819747
27284,35.90863,-79.05047,129,2477.668505491461
27284,35.90864,-79.05034,130,2489.525870908846
27284,35.90867,-79.0502,131,2502.6722497318774
27284,35.90869,-79.0501,132,2512.023175420796
27284,35.90874,-79.04992,133,2529.2946883689647
27284,35.90874,-79.04991,134,2530.2027426988334
27284,35.90879,-79.04978,135,2543.260223921059
27284,35.9089,-79.04947,136,2573.9710342334038
27284,35.90892,-79.04941,137,2579.858959508987
27284,35.909,-79.0492,138,2600.9152342592374
27284,35.90907,-79.04905,139,2616.6178935155576
27284,35.90918,-79.04875,140,2646.498529467607
27284,35.90933,-79.04844,141,2679.250931284282
27284,35.90937,-79.04834,142,2689.369696997971
27284,35.90947,-79.04815,143,2709.9184516676314
27284,35.90955,-79.04801,144,2725.4538393775274
27284,35.9096,-79.04792,145,2735.3500780672935
27284,35.9096,-79.0479,146,2737.1661726306784
27284,35.90967,-79.04776,147,2752.087960685304
27284,35.90971,-79.04764,148,2763.863743700224
27284,35.909663,-79.047501,149,2777.532415866564
27284,35.9098,-79.04738,150,2796.3622195877574
27284,35.90983,-79.04727,151,2806.897071528006
27284,35.90984,-79.04721,152,2812.458506819587
27284,35.90989,-79.04692,153,2839.3767289443003
27284,35.90996,-79.04663,154,2866.844737565019
27284,35.91006,-79.04603,155,2922.4590521997575
27284,35.91008,-79.04589,156,2935.366197135928
27284,35.91012,-79.04566,157,2956.723127910963
27284,35.91017,-79.04544,158,2977.465037348791
27284,35.91019,-79.04532,159,2988.5878940122107
27284,35.910131,-79.045229,160,2999.154349784243
27284,35.91023,-79.04512,161,3013.9892358968327
27284,35.91026,-79.04498,162,3027.1354751102263
27284,35.91029,-79.04484,163,3040.2817125599086
27284,35.91043,-79.0441,164,3109.2700604178076
27284,35.91045,-79.04397,165,3121.283854359329
27284,35.91058,-79.0433,166,3183.8292375196256
27284,35.91062,-79.04299,167,3212.330441750319
27284,35.91064,-79.04285,168,3225.2375599537454
27284,35.910581,-79.042622,169,3246.963116500047
27284,35.9107,-79.04247,170,3266.1186421423645
27284,35.91074,-79.04227,171,3284.8202672070865
27284,35.91075,-79.04217,172,3293.969036487952
27284,35.91084,-79.04164,173,3343.1325652120395
27284,35.91089,-79.04137,174,3368.276896044188
27284,35.91093,-79.04114,175,3389.6337700835397
27284,35.91096,-79.04099,176,3403.6599801810125
27284,35.91101,-79.04065,177,3435.0337789519176
27284,35.91103,-79.04043,178,3455.1350404303134
27284,35.91104,-79.04029,179,3467.896531984576
27284,35.91104,-79.04024,180,3472.4367404727627
27284,35.91105,-79.04006,181,3488.819562109623
27284,35.91105,-79.0399,182,3503.3482340345463
27284,35.91105,-79.0396,183,3530.589503902776
27284,35.91106,-79.03869,184,3613.2289690076977
27284,35.91109,-79.03858,185,3623.763815027015
27284,35.91108,-79.03845,186,3635.62103852737
27284,35.91107,-79.03828,187,3651.098090291301
27284,35.91105,-79.03812,188,3665.797312217399
27284,35.91103,-79.03798,189,3678.7044653828316
27284,35.91101,-79.03783,190,3692.506878466897
27284,35.91098,-79.03769,191,3705.6531532171766
27284,35.91095,-79.03754,192,3719.6794372441223
27284,35.91092,-79.0374,193,3732.825727486509
27284,35.91087,-79.0372,194,3751.824892340617
27284,35.91081,-79.03702,195,3769.4886438879776
27284,35.91076,-79.03687,196,3784.20844955957
27284,35.91062,-79.03651,197,3820.441394068054
27284,35.91052,-79.03627,198,3844.926878357131
27284,35.91044,-79.03603,199,3868.4786757412526
27284,35.91038,-79.0358,200,3890.4114809935622
27284,35.91034,-79.03563,201,3906.4811548171806
27284,35.91031,-79.03549,202,3919.627580761162
27284,35.91027,-79.0353,203,3937.4490292203536
27284,35.91025,-79.03527,204,3940.971079803179
27284,35.91023,-79.03523,205,3945.234509612332
27284,35.91019,-79.035,206,3966.5917753742406
27284,35.91018,-79.0349,207,3975.74071523846
27284,35.91018,-79.03489,208,3976.648774679434
27284,35.91014,-79.03468,209,3996.2337547348757
27284,35.91011,-79.03449,210,4013.808867110841
27284,35.91007,-79.03421,211,4039.623629293459
27284,35.91004,-79.03402,212,4057.198769983282
27284,35.91002,-79.03395,213,4063.9358342866303
27284,35.91002,-79.03391,214,4067.5680850630856
27284,35.91,-79.03381,215,4076.919104527581
27284,35.90998,-79.0337,216,4087.154230045786
27284,35.90996,-79.03355,217,4100.9569174196085
27284,35.9099,-79.03315,218,4137.891775970622
27284,35.90988,-79.03303,219,4149.0148904575835
27284,35.90984,-79.03279,220,4171.261133995318
27284,35.90981,-79.03259,221,4189.728606658901
27284,35.909711,-79.032289,222,4219.210786459648
27284,35.90974,-79.03213,223,4234.007495816044
27284,35.90961,-79.03137,224,4304.529841313897
27284,35.90946,-79.03062,225,4374.663208921735
27284,35.90942,-79.0305,226,4386.4393464933255
27284,35.909311,-79.030265,227,4411.003895382712
27284,35.90933,-79.03006,228,4429.739878846484
27284,35.90916,-79.02928,229,4503.067766856291
27284,35.90915,-79.02921,230,4509.521584686517
27284,35.90897,-79.02843,231,4583.14648444624
27284,35.90884,-79.02779,232,4643.048042402255
27284,35.90873,-79.02733,233,4686.587201664573
27284,35.90873,-79.02731,234,4688.403376110991
27284,35.90873,-79.0273,235,4689.311463357507
27284,35.90869,-79.02713,236,4705.381667446309
27284,35.90869,-79.02712,237,4706.289755415802
27284,35.90861,-79.02676,238,4740.178628477006
27284,35.90856,-79.02649,239,4765.3242520852245
27284,35.90848,-79.02617,240,4795.72428983275
27284,35.90837,-79.02571,241,4839.263745823963
27284,35.90832,-79.02547,242,4861.761278887565
27284,35.90824,-79.02512,243,4894.775254727681
27284,35.90815,-79.02467,244,4936.85636363296
27284,35.90807,-79.02433,245,4968.997138246955
27284,35.90797,-79.02383,246,5015.754085247901
27284,35.9079,-79.0236,247,5038.054128271945
27284,35.90787,-79.02346,248,5051.201189477267
27284,35.907746,-79.023192,249,5079.199041161977
27284,35.90777,-79.02298,250,5098.63635916802
27284,35.90769,-79.02264,251,5130.777364367442
27284,35.90764,-79.02246,252,5148.0498422489445
27284,35.90755,-79.02216,253,5177.086336479241
27284,35.90749,-79.02196,254,5196.444023333056
27284,35.90745,-79.02185,255,5207.385685303693
27284,35.90742,-79.02177,256,5215.385207389464
27284,35.90741,-79.02173,257,5219.185288862399
27284,35.90729,-79.02142,258,5250.361020823123
27284,35.90724,-79.02133,259,5260.257878798342
27284,35.90708,-79.02093,260,5300.735615002982
27284,35.90691,-79.02054,261,5340.915496843456
27284,35.90666,-79.01995,262,5401.326267236941
27284,35.90661,-79.01985,263,5411.985458932557
27284,35.906529,-79.019783,264,5422.88360974824
27284,35.90631,-79.01912,265,5487.865758532719
27284,35.90626,-79.01901,266,5499.308573510123
27284,35.90613,-79.01897,267,5514.267456597922
27284,35.90602,-79.01898,268,5526.579645912483
27284,35.9058,-79.01899,269,5551.153736042478
27284,35.90569,-79.01899,270,5563.432388163322
27284,35.90554,-79.019054,271,5581.156066625361
27284,35.905541,-79.019054,272,5581.26769072411
27284,35.90538,-79.01895,273,5601.569786957685
27284,35.90532,-79.01894,274,5608.3285230117435
27284,35.90524,-79.01892,275,5617.441289445164
27284,35.90506,-79.01885,276,5638.515290750033
27284,35.90459,-79.01865,277,5694.03370328343
27284,35.9043,-79.01865,278,5726.4047127188705
27284,35.90423,-79.01864,279,5734.271002929801
27284,35.90408,-79.01865,280,5751.039239049434
27284,35.90396,-79.01867,281,5764.556721395296
27284,35.90343,-79.01881,282,5825.068303975809
27284,35.90291,-79.01895,283,5884.489030155718
27284,35.90264,-79.01903,284,5915.490884986267
27284,35.9024,-79.01909,285,5942.829216518537
27284,35.90215,-79.01917,286,5971.665511462134
27284,35.9016,-79.01932,287,6034.551968840195
27284,35.90153,-79.01934,288,6042.573990017641
27284,35.90142,-79.01937,289,6055.151282267824
27284,35.90097,-79.01948,290,6106.3658861321555
27284,35.90069,-79.01956,291,6138.453976401933
27284,35.9004,-79.01963,292,6171.443292512265
27284,35.90021,-79.01969,293,6193.340699484365
27284,35.90014,-79.01971,294,6201.362723155098
27284,35.90001,-79.01977,295,6216.863245117879
27284,35.89966,-79.01997,296,6259.947698714377
27284,35.89906,-79.02034,297,6334.879439405953
27284,35.89862,-79.02061,298,6389.775228181483
27284,35.8983,-79.0208,299,6429.444661042113
27284,35.89782,-79.0211,300,6489.553974772892
27284,35.89754,-79.02127,301,6524.414270321798
27284,35.89741,-79.02136,302,6541.069188508984
27284,35.89736,-79.02142,303,6548.869519817432
27284,35.89735,-79.02143,304,6550.308568622578
27284,35.89733,-79.02147,305,6554.5726012474015
27284,35.8973,-79.02154,306,6561.7582023890345
27284,35.89729,-79.02163,307,6570.008117175181
27284,35.8973,-79.02175,308,6580.9638627732065
27284,35.89733,-79.02181,309,6587.359909819553
27284,35.89734,-79.02184,310,6590.30437423183
27284,35.89735,-79.02186,311,6592.43638908484
27284,35.8974,-79.02192,312,6600.236714642116
27284,35.89748,-79.02198,313,6610.697992198359
27284,35.8976,-79.02203,314,6624.841655530494
27284,35.89774,-79.02207,315,6640.885668613064
27284,35.89824,-79.0221,316,6696.763913025657
27284,35.89836,-79.02213,317,6710.433040923873
27284,35.89838,-79.02213,318,6712.665511842702
27284,35.89846,-79.02217,319,6722.306075190821
27284,35.89854,-79.02223,320,6732.767310252425
27284,35.8986,-79.0223,321,6742.00164480207
27284,35.89867,-79.02237,322,6752.074906374566
27284,35.89877,-79.02257,323,6773.394762640999
27284,35.89878,-79.02259,324,6775.526746806732
27284,35.89889,-79.02288,325,6804.586272327302
27284,35.89898,-79.02318,326,6833.625553910541
27284,35.89923,-79.02401,327,6914.006024673379
27284,35.89928,-79.02416,328,6928.727985102719
27284,35.89931,-79.02434,329,6945.415054908971
27284,35.89935,-79.02454,330,6964.119776097045
27284,35.89935,-79.02456,331,6965.936175699622
27284,35.89938,-79.02484,332,6991.585297678329
27284,35.89938,-79.02503,333,7008.841076677864
27284,35.89938,-79.02512,334,7017.01486489809
27284,35.89939,-79.02519,335,7023.469504495222
27284,35.899447,-79.025701,336,7070.312516522583
27284,35.89938,-79.0261,337,7107.313277017147
27284,35.89938,-79.02662,338,7154.539511830236
27284,35.89938,-79.02664,339,7156.355904692537
27284,35.8994,-79.02692,340,7181.883200882032
27284,35.89941,-79.02706,341,7194.646842267637
27284,35.89942,-79.02707,342,7196.085863045476
27284,35.89944,-79.02721,343,7208.995094048934
27284,35.89948,-79.02735,344,7222.470982880071
27284,35.89954,-79.0275,345,7237.651172645525
27284,35.89955,-79.02753,346,7240.595539251803
27284,35.89963,-79.02769,347,7257.651146723342
27284,35.89965,-79.02771,348,7260.52918207125
27284,35.89987,-79.02806,349,7300.696775703386
27284,35.89999,-79.02823,350,7321.136604484954
27284,35.9001,-79.0284,351,7340.862948929615
27284,35.90021,-79.02858,352,7361.307893629493
27284,35.90024,-79.02862,353,7366.248578509394
27284,35.90033,-79.02877,354,7383.174935313631
27284,35.90041,-79.02895,355,7401.802183702945
27284,35.90042,-79.02896,356,7403.241192830485
27284,35.90047,-79.02911,357,7417.962845516013
27284,35.90058,-79.02944,358,7450.350440721759
27284,35.90066,-79.02976,359,7480.7531158998445
27284,35.90076,-79.03019,360,7521.368637607691
27284,35.90086,-79.03061,361,7561.111663544863
27284,35.900962,-79.030821,362,7583.401295422882
27284,35.90111,-79.03162,363,7657.820891615331
27284,35.901217,-79.031753,364,7674.80740468703
27284,35.90117,-79.03189,365,7688.3101363637625
27284,35.90133,-79.0325,366,7746.515962258492
27284,35.90135,-79.03255,367,7751.575889223843
27284,35.90141,-79.03275,368,7770.934581405756
27284,35.9015,-79.03288,369,7786.436376161006
27284,35.901034,-79.033427,370,7858.36270078008
27284,35.900939,-79.033434,371,7868.985784704538
27284,35.90083,-79.03345,372,7881.238993762984
27284,35.9005,-79.03375,373,7927.055169968839
27284,35.90038,-79.03385,374,7943.238266350689
27284,35.90018,-79.03405,375,7972.018238650149
27284,35.90003,-79.03419,376,7993.041870951856
27284,35.9,-79.03423,377,7997.9825186414855
27284,35.8998,-79.03444,378,8027.344149188052
27284,35.89966,-79.0346,379,8048.683071710821
27284,35.89957,-79.03471,380,8062.850662093504
27284,35.89934,-79.03498,381,8098.352420278877
27284,35.89925,-79.03509,382,8112.52003076436
27284,35.89917,-79.0352,383,8125.919304149258
27284,35.8991,-79.0353,384,8137.899740357308
27284,35.89903,-79.0354,385,8149.8801807870095
27284,35.89896,-79.0355,386,8161.860625442682
27284,35.89889,-79.03561,387,8174.543373379559
27284,35.89868,-79.03594,388,8212.591645906094
27284,35.89861,-79.03606,389,8226.001464786641
27284,35.89856,-79.03616,390,8236.661173598386
27284,35.89849,-79.03629,391,8250.818991629554
27284,35.89828,-79.03669,392,8294.052747953105
27284,35.89803,-79.03731,393,8356.896253876837
27284,35.89782,-79.03783,394,8409.619784783266
27284,35.8977,-79.03817,395,8443.278509040323
27284,35.89768,-79.03824,396,8450.016470995806
27284,35.89763,-79.03841,397,8466.433617087325
27284,35.89749,-79.03892,398,8515.316898222716
27284,35.89725,-79.04001,399,8617.871472232933
27284,35.89715,-79.04051,400,8664.633288760851
27284,35.89722,-79.04055,401,8673.249946353511
27284,35.89728,-79.04059,402,8680.868998232547
27284,35.89736,-79.04065,403,8691.329967735182
27284,35.89741,-79.04071,404,8699.13005838268
27284,35.89745,-79.04078,405,8706.898643803721
27284,35.89748,-79.04084,406,8713.294487300369
27284,35.89751,-79.04095,407,8723.830934227097
27284,35.89754,-79.04108,408,8736.103181025823
27284,35.89757,-79.04127,409,8753.680821423406
27284,35.89759,-79.0414,410,8765.696568045041
27284,35.8977,-79.04207,411,8827.772002397372
27284,35.89773,-79.0423,412,8848.927146098145
27284,35.89775,-79.04242,413,8860.051748669839
27284,35.897758,-79.042454,414,8863.266125360455
27284,35.897817,-79.042457,415,8865.103222686668
27289,35.854069,-79.084641,0,0
27289,35.854099,-79.084728,1,8.58502954897413
27289,35.854137,-79.084753,2,13.396317102933498
27289,35.85418,-79.084786,3,19.055341862447868
27289,35.854248,-79.084868,4,29.69099340572266
27289,35.85434,-79.085001,5,45.549166058597976
27289,35.854371,-79.085067,6,52.472689166724535
27289,35.854465,-79.085054,7,63.030532627453276
27289,35.854822,-79.085006,8,103.11411543855968
27289,35.855948,-79.084769,9,230.62120359766516
27289,35.856295,-79.084613,10,271.86300477527203
27289,35.85664,-79.084397,11,315.0823485125748
27289,35.85697,-79.084161,12,357.70171134044955
27289,35.857279,-79.083936,13,397.79383666996733
27289,35.857944,-79.083458,14,483.7891992790426
27289,35.858621,-79.083054,15,567.7950563160658
27289,35.860021,-79.082319,16,737.7248864177238
27289,35.860355,-79.082102,17,779.8961899539029
27289,35.86066,-79.081844,18,821.2281737624843
27289,35.861766,-79.080617,19,987.5598863954963
27289,35.862074,-79.080258,20,1034.9480341728529
27289,35.862465,-79.079674,21,1103.6488177830515
27289,35.862582,-79.079411,22,1130.8791430681756
27289,35.862734,-79.078961,23,1175.143837803438
27289,35.862921,-79.078398,24,1230.389239408473
27289,35.863165,-79.077759,25,1294.5153287042274
27289,35.86343,-79.077234,26,1350.6399056461019
27289,35.863591,-79.076998,27,1378.6158228536458
27289,35.863764,-79.076772,28,1406.8017324851817
27289,35.863977,-79.076542,29,1438.45368263466
27289,35.86423,-79.076322,30,1473.0500743759083
27289,35.865253,-79.075667,31,1601.8078463521026
27289,35.865505,-79.075533,32,1632.456219105632
27289,35.865853,-79.075324,33,1675.6906892912543
27289,35.866153,-79.075104,34,1714.6866347054138
27289,35.867031,-79.074309,35,1836.4244043700292
27289,35.867231,-79.074073,36,1867.3761317479548
27289,35.86741,-79.073869,37,1894.627638181527
27289,35.86777,-79.073365,38,1955.546315155144
27289,35.867896,-79.073167,39,1978.3794952395244
27289,35.868149,-79.072738,40,2026.5085621767926
27289,35.868405,-79.072271,41,2077.6597103929053
27289,35.869049,-79.071177,42,2200.3167641224904
27289,35.869677,-79.070126,43,2318.764446116008
27289,35.86986,-79.069863,44,2350.1980982908503
27289,35.870016,-79.06967,45,2374.908449431258
27289,35.870303,-79.069332,46,2419.282176538864
27289,35.870468,-79.069166,47,2443.085367436996
27289,35.872108,-79.06741,48,2685.8927678159425
27289,35.872556,-79.066953,49,2750.884830090682
27289,35.872991,-79.066636,50,2807.335528245333
27289,35.873165,-79.066534,51,2828.853907119419
27289,35.874564,-79.06596,52,2993.480548498466
27289,35.87758,-79.064734,53,3348.0584900929707
27289,35.877919,-79.064594,54,3387.9763306101427
27289,35.878293,-79.064369,55,3434.455728484713
27289,35.878554,-79.064171,56,3468.692509779801
27289,35.879028,-79.063806,57,3531.1293535549567
27289,35.880151,-79.062847,58,3683.7727930001015
27289,35.882394,-79.060985,59,3985.9065939548514
27289,35.882509,-79.060906,60,4000.612178859826
27289,35.882631,-79.060841,61,4015.4543049273393
27289,35.882787,-79.060777,62,4033.811316755059
27289,35.882922,-79.060713,63,4049.96208444221
27289,35.883074,-79.060659,64,4067.6226416086774
27289,35.883231,-79.060616,65,4085.576464552929
27289,35.883391,-79.060595,66,4103.536714740743
27289,35.883589,-79.060576,67,4125.704101280833
27289,35.883811,-79.060603,68,4150.604075654584
27289,35.884019,-79.060625,69,4173.906187078132
27289,35.88418,-79.060668,70,4192.296029874536
27289,35.88435,-79.060737,71,4212.279143293667
27289,35.884497,-79.060796,72,4229.539812825636
27289,35.884663,-79.060877,73,4249.475488565409
27289,35.885155,-79.06111,74,4308.327853874622
27289,35.886129,-79.061437,75,4421.026711259414
27289,35.886407,-79.06147,76,4452.200540585258
27289,35.886777,-79.061523,77,4493.778278360174
27289,35.887129,-79.061545,78,4533.118073502743
27289,35.887838,-79.061484,79,4612.447900911048
27289,35.889416,-79.061267,80,4789.678143124723
27289,35.889564,-79.061257,81,4806.222344671927
27289,35.889694,-79.061219,82,4821.137324335284
27289,35.889811,-79.061187,83,4834.515979721532
27289,35.88992,-79.061133,84,4847.633584461169
27289,35.890046,-79.061074,85,4862.683604937415
27289,35.890203,-79.060967,86,4882.721804581483
27289,35.89034,-79.060847,87,4901.499931350193
27289,35.890479,-79.060745,88,4919.5700986838765
27289,35.890579,-79.0606,89,4936.833401413858
27289,35.890657,-79.060482,90,4950.641277871208
27289,35.890796,-79.060246,91,4977.101637469172
27289,35.891193,-79.059459,92,5061.201433415063
27289,35.891319,-79.05925,93,5084.825898774682
27289,35.891602,-79.058821,94,5134.984985554391
27289,35.891701,-79.058692,95,5151.090131314015
27289,35.891805,-79.058568,96,5167.263744510391
27289,35.891888,-79.058482,97,5179.381290536326
27289,35.891988,-79.058359,98,5195.173118301462
27289,35.892057,-79.058262,99,5206.874759254564
27289,35.89217,-79.05815,100,5223.078316742625
27289,35.89234,-79.057983,101,5247.370295473202
27289,35.892448,-79.057908,102,5261.2163937573205
27289,35.892687,-79.057721,103,5292.840575271335
27289,35.89287,-79.057597,104,5316.165510068245
27289,35.893455,-79.057467,105,5382.5204721253085
27289,35.893629,-79.057451,106,5401.996160401445
27289,35.893881,-79.057515,107,5430.718014591197
27289,35.894038,-79.057558,108,5448.671810344688
27289,35.894172,-79.057606,109,5464.250887610887
27289,35.89429,-79.05766,110,5478.305187188535
27289,35.894403,-79.057713,111,5491.80523150751
27289,35.894524,-79.057783,112,5506.73241008188
27289,35.894643,-79.057853,113,5521.457913727862
27289,35.894764,-79.057933,114,5536.79391257011
27289,35.895264,-79.058255,115,5599.800358992832
27289,35.895386,-79.05832,116,5614.6421656405755
27289,35.895477,-79.058368,117,5625.695294233088
27289,35.895586,-79.058422,118,5638.8128248056
27289,35.895668,-79.058459,119,5648.562789391198
27289,35.895734,-79.058497,120,5656.69783520827
27289,35.895838,-79.058534,121,5668.782593362685
27289,35.895964,-79.058556,122,5682.9875607497515
27289,35.896072,-79.05854,123,5695.129466975789
27289,35.896207,-79.058529,124,5710.230849123123
27289,35.896333,-79.058502,125,5724.506767504563
27289,35.896431,-79.05847,126,5735.82472317802
27289,35.896539,-79.058406,127,5749.207478838837
27289,35.896652,-79.058325,128,5763.808705192911
27289,35.896783,-79.058218,129,5781.365151220142
27289,35.896943,-79.058073,130,5803.554040475455
27289,35.897151,-79.057905,131,5831.335106643333
27289,35.897375,-79.057752,132,5859.939055194627
27289,35.897494,-79.057685,133,5874.54890635443
27289,35.897567,-79.057648,134,5883.362647236097
27289,35.89774,-79.05759,135,5903.377966075495
27289,35.898174,-79.057528,136,5952.145983711356
27289,35.898238,-79.057528,137,5959.289486628079
27289,35.898491,-79.057508,138,5987.586999329724
27289,35.898923,-79.057493,139,6035.824884925661
27289,35.899206,-79.057506,140,6067.434618492753
27289,35.899337,-79.057511,141,6082.063525451567
27289,35.899601,-79.057547,142,6111.711286264092
27289,35.899682,-79.057562,143,6120.854330168739
27289,35.899899,-79.057631,144,6145.872707754891
27289,35.900329,-79.057816,145,6196.723662534265
27289,35.900494,-79.057868,146,6215.736293465122
27289,35.900549,-79.057882,147,6222.005510312385
27289,35.900599,-79.057888,148,6227.61290533241
27289,35.900649,-79.05789,149,6233.196718565093
27289,35.900717,-79.057892,150,6240.788858970811
27289,35.900837,-79.057873,151,6254.29360104085
27289,35.90093,-79.057863,152,6264.713646756776
27289,35.900987,-79.057849,153,6271.201615980924
27289,35.901035,-79.057829,154,6276.858731716968
27289,35.901144,-79.057783,155,6289.722203733367
27289,35.901192,-79.057752,156,6295.774436876656
27289,35.901286,-79.057681,157,6308.089287066008
27289,35.901583,-79.057395,158,6350.202373627456
27289,35.901978,-79.057033,159,6405.19811283883
27289,35.902863,-79.056221,160,6528.467037496961
27289,35.902859,-79.056056,161,6543.4575579172515
27289,35.902976,-79.056116,162,6557.607893569
27289,35.903476,-79.055628,163,6628.8715129733255
27289,35.904288,-79.05488,164,6742.133993546765
27289,35.904538,-79.054566,165,6782.030364683188
27289,35.904257,-79.054169,166,6829.815807927952
27289,35.904146,-79.053973,167,6851.502166954899
27289,35.903797,-79.052919,168,6954.839841481032
27289,35.903293,-79.05138,169,7105.4953284631765
27289,35.903199,-79.051357,170,7116.193327203995
27289,35.903258,-79.051297,171,7124.740658119647
27289,35.903186,-79.051022,172,7150.975109475033
27289,35.90301,-79.050456,173,7206.000820531117
27289,35.902927,-79.049906,174,7256.799391890824
27289,35.902908,-79.049585,175,7286.027148621147
27289,35.902916,-79.049228,176,7318.459417148465
27289,35.902923,-79.049043,177,7335.277848086394
27289,35.902843,-79.048947,178,7347.757400964595
27289,35.902932,-79.048903,179,7358.464955175081
27289,35.903005,-79.048375,180,7407.101248579427
27289,35.903114,-79.047904,181,7451.570519357235
27289,35.903282,-79.04737,182,7503.56356049099
27289,35.903438,-79.046896,183,7549.996983368669
27289,35.903499,-79.046735,184,7566.125375688772
27289,35.903472,-79.046632,185,7575.952530137522
27289,35.903543,-79.046622,186,7583.929352624094
27289,35.903626,-79.046331,187,7611.932501052868
27289,35.903713,-79.046041,188,7640.00127685039
27289,35.903783,-79.045591,189,7681.606831485829
27289,35.903783,-79.045204,190,7716.751007350807
27289,35.903748,-79.044893,191,7745.262424757298
27289,35.903696,-79.044534,192,7778.3765771363605
27289,35.903644,-79.044367,193,7794.614956063645
27289,35.903787,-79.044308,194,7811.451817656482
27289,35.9039,-79.044266,195,7824.628899548966
27289,35.904078,-79.044233,196,7844.7219242661395
27289,35.904113,-79.044186,197,7850.50805206928
27289,35.904152,-79.044233,198,7856.6045349237875
27289,35.904256,-79.044249,199,7868.303552429978
27289,35.904356,-79.044276,200,7879.731640531484
27289,35.904443,-79.044306,201,7889.8174566766775
27289,35.904511,-79.044351,202,7898.437758793108
27289,35.904626,-79.044448,203,7914.005740601558
27289,35.904682,-79.044553,204,7925.407067850182
27289,35.904985,-79.045036,205,7980.7936852529065
27289,35.905054,-79.045133,206,7992.494475320727
27289,35.905189,-79.045248,207,8010.82814736648
27289,35.905259,-79.045288,208,8019.444583158928
27289,35.90533,-79.045326,209,8028.0882621895535
27289,35.905469,-79.045363,210,8043.963010655073
27289,35.905526,-79.045374,211,8050.403255561461
27289,35.905578,-79.045371,212,8056.21385436044
27289,35.905732,-79.045339,213,8073.647138015399
27289,35.905808,-79.045312,214,8082.477436366613
27289,35.905873,-79.045274,215,8090.511524211077
27289,35.905934,-79.045237,216,8098.104204694879
27289,35.905988,-79.045188,217,8105.596173276459
27289,35.906064,-79.045121,218,8116.035538412248
27289,35.906192,-79.044923,219,8139.001051973415
27289,35.906305,-79.044668,220,8165.36964227157
27289,35.906334,-79.044601,221,8172.261338538827
27289,35.906404,-79.044448,222,8188.20140098937
27289,35.906463,-79.044252,223,8207.179224452035
27289,35.906541,-79.044024,224,8229.63970535067
27289,35.906563,-79.04389,225,8242.053394388855
27289,35.906621,-79.043611,226,8268.203107989588
27289,35.906665,-79.043234,227,8302.78851188453
27289,35.906695,-79.042917,228,8331.769013239056
27289,35.906734,-79.04259,229,8361.78088457014
27289,35.906769,-79.042384,230,8380.89108412593
27289,35.906797,-79.042239,231,8394.424192494274
27289,35.906843,-79.042102,232,8407.882901546796
27289,35.906893,-79.041992,233,8419.325231168403
27289,35.906965,-79.041898,234,8431.049188324965
27289,35.907047,-79.04181,235,8443.199625437657
27289,35.907193,-79.041692,236,8462.703384796865
27289,35.90731,-79.041628,237,8476.997720686151
27289,35.907474,-79.04159,238,8495.62581153827
27289,35.907579,-79.04158,239,8507.381046318234
27289,35.90777,-79.041569,240,8528.72386924069
27289,35.908154,-79.041542,241,8571.656048004494
27289,35.908848,-79.041528,242,8649.13081945616
27289,35.908989,-79.041507,243,8664.984357440073
27289,35.909293,-79.041436,244,8699.523930831172
27289,35.909858,-79.041404,245,8762.656199317002
27289,35.910048,-79.041386,246,8783.926913008752
27289,35.91046,-79.04122,247,8832.32178353775
27289,35.910497,-79.041196,248,8836.991457137463
27289,35.91063,-79.041354,249,8857.636750706006
27289,35.910935,-79.041751,250,8907.220563719067
27289,35.91085,-79.042228,251,8951.561066342469
27289,35.910746,-79.042786,252,9003.542543081125
27289,35.910739,-79.042837,253,9008.239005273777
27289,35.910745,-79.042884,254,9012.559027680758
27289,35.910722,-79.042936,255,9017.93362955917
27289,35.91064,-79.043215,256,9044.870672442332
27289,35.910577,-79.043457,257,9067.943029949189
27289,35.910514,-79.043773,258,9097.48627917114
27289,35.910114,-79.045883,259,9294.216814723888
27289,35.909881,-79.047148,260,9411.991839201783
27289,35.909842,-79.047335,261,9429.521396983278
27289,35.909756,-79.047613,262,9456.528583311816
27289,35.909706,-79.047737,263,9469.095582084965
27289,35.909768,-79.047841,264,9480.803470251532
27289,35.909675,-79.047831,265,9491.223674223658
27289,35.909575,-79.048019,266,9511.620159258591
27289,35.909441,-79.048265,267,9538.503151466957
27289,35.909336,-79.048488,268,9561.899731579475
27289,35.909218,-79.048747,269,9588.855165245655
27289,35.909092,-79.049066,270,9621.055664661846
27289,35.908924,-79.049493,271,9664.125897985878
27289,35.908767,-79.049914,272,9706.180090780279
27289,35.908724,-79.050099,273,9723.651284189138
27289,35.908687,-79.050297,274,9742.098980490075
27289,35.90865,-79.050574,275,9767.588875273015
27289,35.908662,-79.050728,276,9781.636910417965
27289,35.908671,-79.051061,277,9811.891782789226
27289,35.908682,-79.051136,278,9818.811974129789
27289,35.908739,-79.05117,279,9825.883756411808
27289,35.908697,-79.051259,280,9835.226692178203
27289,35.908712,-79.051573,281,9863.78865718154
27289,35.908714,-79.051758,282,9880.589104351016
27289,35.908712,-79.051959,283,9898.84231121336
27289,35.908704,-79.052093,284,9911.042923819996
27289,35.908675,-79.052206,285,9921.802361190757
27289,35.908627,-79.052391,286,9939.434993359248
27289,35.908599,-79.052551,287,9954.29616941529
27289,35.90859,-79.05268,288,9966.053037485382
27289,35.908629,-79.052814,289,9978.976162293826
27289,35.908677,-79.052954,290,9992.771730696993
27289,35.908677,-79.053184,291,10013.656891983528
27289,35.908653,-79.053361,292,10029.951096625042
27289,35.908203,-79.054663,293,10158.406550645253
27289,35.907992,-79.05469,294,10182.085167438496
27289,35.907591,-79.054735,295,10227.030022323059
27289,35.906948,-79.054853,296,10299.59568774393
27289,35.906919,-79.054856,297,10302.844044741334
27289,35.90689,-79.05487,298,10306.321659287558
27289,35.906863,-79.054863,299,10309.401643848241
27289,35.906705,-79.054879,300,10327.096990118223
27289,35.906547,-79.054897,301,10344.808172872941
27289,35.906448,-79.054906,302,10355.888506824374
27289,35.906036,-79.054976,303,10402.312238922996
27289,35.905248,-79.055045,304,10490.489874835917
27289,35.905146,-79.055056,305,10501.918614539394
27289,35.905046,-79.055085,306,10513.386838211334
27289,35.904868,-79.055125,307,10533.584097713896
27289,35.904692,-79.055144,308,10553.304429853317
27289,35.904561,-79.055155,309,10567.960423912005
27289,35.904153,-79.055163,310,10613.506222641883
27289,35.904072,-79.05516,311,10622.551356491786
27289,35.90395,-79.055262,312,10639.020378831581
27289,35.90378,-79.055417,313,10662.646060919458
27289,35.903667,-79.055538,314,10679.37388079065
27289,35.902455,-79.056671,315,10849.335432596217
27289,35.901375,-79.057665,316,10999.933266207237
27289,35.901277,-79.057756,317,11013.64252262442
27289,35.901186,-79.057823,318,11025.482655859312
27289,35.901071,-79.057879,319,11039.289353910628
27289,35.900975,-79.057911,320,11050.391674061117
27289,35.900945,-79.05803,321,11061.705339390594
27289,35.900895,-79.057922,322,11072.989826928659
27289,35.900652,-79.057962,323,11100.35496625314
27289,35.900556,-79.057946,324,11111.168281530465
27289,35.900439,-79.05792,325,11124.439226695378
27289,35.899972,-79.05773,326,11179.346087013446
27289,35.899764,-79.057654,327,11203.566668423531
27289,35.899668,-79.057622,328,11214.669005727857
27289,35.899388,-79.057581,329,11246.142847000088
27289,35.89921,-79.057571,330,11266.031457899624
27289,35.898943,-79.057555,331,11295.868659752017
27289,35.898224,-79.057587,332,11376.174045864385
27289,35.898033,-79.0576,333,11397.525600698727
27289,35.897918,-79.057613,334,11410.4157615291
27289,35.897839,-79.057624,335,11419.289930002704
27289,35.89775,-79.057646,336,11429.422792571318
27289,35.897609,-79.057694,337,11445.753385934426
27289,35.897509,-79.05774,338,11457.671283190084
27289,35.897416,-79.057785,339,11468.827198818508
27289,35.897218,-79.057936,340,11494.836377165484
27289,35.897111,-79.058008,341,11508.452284616083
27289,35.896937,-79.058164,342,11532.492049691095
27289,35.89668,-79.058375,343,11566.989422666733
27289,35.896576,-79.058451,344,11580.494602973007
27289,35.896491,-79.058504,345,11591.133223786474
27289,35.896374,-79.058547,346,11604.763818462938
27289,35.89628,-79.058579,347,11615.650878503107
27289,35.896141,-79.058598,348,11631.261310807779
27289,35.895965,-79.058604,349,11650.913466110374
27289,35.895798,-79.058577,350,11669.71410932329
27289,35.895647,-79.058529,351,11687.122926042979
27289,35.895466,-79.058438,352,11708.950700077921
27289,35.894577,-79.057877,353,11820.494554016104
27289,35.894427,-79.057797,354,11838.745682511046
27289,35.894309,-79.057741,355,11852.864387272806
27289,35.894227,-79.057709,356,11862.467339759647
27289,35.894131,-79.05766,357,11874.069978270532
27289,35.894001,-79.057615,358,11889.144798947053
27289,35.893814,-79.057566,359,11910.486370296883
27289,35.893665,-79.057524,360,11927.54918226226
27289,35.893482,-79.057533,361,11947.991483984608
27289,35.893059,-79.057618,362,11995.832538405333
27289,35.893006,-79.057664,363,12003.074772222468
27289,35.892957,-79.057712,364,12010.068891204783
27289,35.892909,-79.057752,365,12016.542077234637
27289,35.892814,-79.057808,366,12028.302397159045
27289,35.892701,-79.057869,367,12042.078279262547
27289,35.892577,-79.057966,368,12058.484777043863
27289,35.89246,-79.058065,369,12074.34004631122
27289,35.89224,-79.058281,370,12105.770034041096
27289,35.891718,-79.058887,371,12185.919928365141
27289,35.891519,-79.059195,372,12221.639595616905
27289,35.891232,-79.059678,373,12275.958902002842
27289,35.890995,-79.060144,374,12325.869877344241
27289,35.890873,-79.060377,375,12351.034624313603
27289,35.890743,-79.060591,376,12375.289966702965
27289,35.890591,-79.060793,377,12400.27864529288
27289,35.890424,-79.06096,378,12424.310080213188
27289,35.890248,-79.061106,379,12448.011287908941
27289,35.890044,-79.061224,380,12473.177244891349
27289,35.889833,-79.061318,381,12498.228086950894
27289,35.889625,-79.061358,382,12521.726870484903
27289,35.889189,-79.061433,383,12570.866128413096
27289,35.888996,-79.061459,384,12592.537168557694
27289,35.888629,-79.061516,385,12633.826291264711
27289,35.888303,-79.061572,386,12670.567048369294
27289,35.887985,-79.061604,387,12706.179898876651
27289,35.887151,-79.061669,388,12799.455085005542
27289,35.886635,-79.061647,389,12857.08384890507
27289,35.886131,-79.061566,390,12913.817626027709
27289,35.885627,-79.061458,391,12970.921246799522
27289,35.885359,-79.061345,392,13002.546369133996
27289,35.884937,-79.061174,393,13052.143373233823
27289,35.884431,-79.060919,394,13113.186357546516
27289,35.884134,-79.06079,395,13148.346391599032
27289,35.883819,-79.060718,396,13184.108708860484
27289,35.883497,-79.06071,397,13220.056617899696
27289,35.883179,-79.06075,398,13255.736191211463
27289,35.88299,-79.060819,399,13277.743094438965
27289,35.882861,-79.060865,400,13292.735650543695
27289,35.882574,-79.061015,401,13327.546830966749
27289,35.882474,-79.061087,402,13340.483407613867
27289,35.882352,-79.061184,403,13356.702567228866
27289,35.882035,-79.061439,404,13398.99243161874
27289,35.8815,-79.061894,405,13471.61488020395
27289,35.881232,-79.062112,406,13507.488590565297
27289,35.880963,-79.062337,407,13543.809405867463
27289,35.88044,-79.062787,408,13615.073319088126
27289,35.879912,-79.06324,409,13686.950859770632
27289,35.879376,-79.063681,410,13758.950300671948
27289,35.878785,-79.064157,411,13837.823521462979
27289,35.878515,-79.064383,412,13874.28796201118
27289,35.878241,-79.064568,413,13909.18378192886
27289,35.877952,-79.064724,414,13944.416261211338
27289,35.877654,-79.064855,415,13979.742434855101
27289,35.877044,-79.065099,416,14051.345107857936
27289,35.876738,-79.065233,417,14087.603874251961
27289,35.876438,-79.065346,418,14122.626697032762
27289,35.875832,-79.065595,419,14193.94776718064
27289,35.875232,-79.065831,420,14264.26506399703
27289,35.874016,-79.066314,421,14406.905796834893
27289,35.873407,-79.066572,422,14478.806956152835
27289,35.873074,-79.06673,423,14518.650133304373
27289,35.872807,-79.066912,424,14552.730675862796
27289,35.872581,-79.067094,425,14582.891417221885
27289,35.872376,-79.067314,426,14613.272058128177
27289,35.871967,-79.067744,427,14673.354827251918
27289,35.871149,-79.068619,428,14794.41103350309
27289,35.870337,-79.069494,429,14914.963331329023
27289,35.870129,-79.069733,430,14946.750287652168
27289,35.869935,-79.069953,431,14976.217602698462
27289,35.869759,-79.070216,432,15007.149242679583
27289,35.869283,-79.071018,433,15097.322561824303
27289,35.868656,-79.072098,434,15217.839457986138
27289,35.868021,-79.073178,435,15338.877472012648
27289,35.867684,-79.073706,436,15399.834734780807
27289,35.867314,-79.074186,437,15459.893949884592
27289,35.866905,-79.074629,438,15520.752212353926
27289,35.866472,-79.075018,439,15580.624234431023
27289,35.866012,-79.075371,440,15641.159832759351
27289,35.865525,-79.075673,441,15702.048038357043
27289,35.865034,-79.075965,442,15762.933871181107
27289,35.864321,-79.076414,443,15852.360615164795
27289,35.864098,-79.076618,444,15883.39312470478
27289,35.8637,-79.077053,445,15942.851234505792
27289,35.86352,-79.077328,446,15974.911572801959
27289,35.863366,-79.077581,447,16003.613521295838
27289,35.863222,-79.077886,448,16035.647728091115
27289,35.863118,-79.078171,449,16064.023949448107
27289,35.863014,-79.078479,450,16094.319060435328
27289,35.862907,-79.07879,451,16124.994933255999
27289,35.862704,-79.079407,452,16185.457849781964
27289,35.862578,-79.079705,453,16215.9670490754
27289,35.862428,-79.079992,454,16246.954360649397
27289,35.862276,-79.080244,455,16275.450272137017
27289,35.86208,-79.08048,456,16306.082213752832
27289,35.861688,-79.080932,457,16366.088270805663
27289,35.861001,-79.081716,458,16470.746622716422
27289,35.860818,-79.081911,459,16497.785064241012
27289,35.860611,-79.082107,460,16526.955385158224
27289,35.86039,-79.082281,461,16556.253144989194
27289,35.859912,-79.082568,462,16615.635584771866
27289,35.859673,-79.082697,463,16644.772361107636
27289,35.859425,-79.08282,464,16674.62317886077
27289,35.858943,-79.08306,465,16732.671857996298
27289,35.858459,-79.083302,466,16790.99576502589
27289,35.858215,-79.083436,467,16820.826875468745
27289,35.857987,-79.083586,468,16849.694331786483
27289,35.857002,-79.0843,469,16977.346418876143
27289,35.856378,-79.084714,470,17056.50178089748
27289,35.856045,-79.084869,471,17096.247522145604
27289,35.855004,-79.085113,472,17214.53223672982
27289,35.853962,-79.085274,473,17331.748691913494
27289,35.85357,-79.085342,474,17375.93483409901
27289,35.853535,-79.085122,475,17396.303063005904
27289,35.853535,-79.085018,476,17405.75293839598
27289,35.853563,-79.084903,477,17416.659638365094
27289,35.853598,-79.084806,478,17426.300369970035
27289,35.853652,-79.084736,479,17435.062867409266
27289,35.853696,-79.084699,480,17441.014356519252
27289,35.853748,-79.084685,481,17446.955974953406
27289,35.853805,-79.084668,482,17453.50272243033
27289,35.853876,-79.084668,483,17461.4272014995
27289,35.853939,-79.084668,484,17468.458781520738
27289,35.8540095866965,-79.08467838773156,485,17476.393469510058
27289,35.854069,-79.084641,486,17476.691074917577
27292,35.854069,-79.084641,0,0
27292,35.854077,-79.084717,1,6.963121888299137
27292,35.854129,-79.084743,2,13.229363274973142
27292,35.85415,-79.084762,3,16.140404308937484
27292,35.854176,-79.084784,4,19.664200182353817
27292,35.854199,-79.084808,5,23.032504771752247
27292,35.854219,-79.08483,6,26.028987905301854
27292,35.854233,-79.084848,7,28.290984900002737
27292,35.854247,-79.084869,8,30.757277583366186
27292,35.854332,-79.08499,9,45.27906526258203
27292,35.854362,-79.085042,10,51.07010644419041
27292,35.854375,-79.085066,11,53.689421922330496
27292,35.854402,-79.085063,12,56.71525777914474
27292,35.854461,-79.085054,13,63.350966873123035
27292,35.8547,-79.085025,14,90.15614014630259
27292,35.854937,-79.084987,15,116.83265376737434
27292,35.855172,-79.084955,16,143.22221937786253
27292,35.855527,-79.084892,17,183.2559642047046
27292,35.855861,-79.0848,18,221.46023072147807
27292,35.85604,-79.084734,19,242.31945556382843
27292,35.856219,-79.084653,20,263.6105608090751
27292,35.856392,-79.08456,21,284.6875420582358
27292,35.856644,-79.084401,22,316.30719516284785
27292,35.856886,-79.084223,23,347.7893061805112
27292,35.857132,-79.084041,24,379.84124927180164
27292,35.857452,-79.083801,25,421.6880199962447
27292,35.85778,-79.08357,26,463.8867594321332
27292,35.857944,-79.083457,27,484.8740661218489
27292,35.858197,-79.083299,28,516.5516884573979
27292,35.858367,-79.083197,29,537.6681979800836
27292,35.858709,-79.083002,30,579.7511350831154
27292,35.859056,-79.082816,31,622.0072642101898
27292,35.859406,-79.082642,32,664.1494646290207
27292,35.859581,-79.082556,33,685.1866435487314
27292,35.859929,-79.082375,34,727.3658624419527
27292,35.860101,-79.082283,35,748.3041204972518
27292,35.860345,-79.082106,36,779.9314047993465
27292,35.860504,-79.081979,37,801.0993066732719
27292,35.860656,-79.081838,38,822.358006073176
27292,35.860869,-79.08161,39,853.890574015867
27292,35.861112,-79.081342,40,890.3390977016979
27292,35.861312,-79.081119,41,920.4854215342032
27292,35.861764,-79.080621,42,988.2520659343612
27292,35.862081,-79.080256,43,1036.7450356897323
27292,35.862273,-79.079999,44,1068.4379772274917
27292,35.862477,-79.079629,45,1109.0395080571045
27292,35.862599,-79.079323,46,1139.9966000747193
27292,35.862822,-79.078706,47,1201.3310207956708
27292,35.862922,-79.078392,48,1231.9649467504066
27292,35.863024,-79.078089,49,1261.7549758886553
27292,35.863285,-79.077494,50,1323.1627378033756
27292,35.863439,-79.077223,51,1353.1903760338812
27292,35.864013,-79.076514,52,1444.0408536524608
27292,35.864462,-79.076153,53,1503.933942887172
27292,35.864708,-79.076002,54,1534.627467971488
27292,35.865444,-79.075567,55,1625.78754711968
27292,35.86593,-79.075277,56,1686.0919296934635
27292,35.866169,-79.0751,57,1717.2397029912693
27292,35.866388,-79.07492,58,1746.6490575075932
27292,35.866822,-79.074529,59,1806.7185141615616
27292,35.867234,-79.074091,60,1867.5301763431976
27292,35.867599,-79.073601,61,1927.8741313361284
27292,35.867951,-79.073077,62,1989.5978181961675
27292,35.868262,-79.072541,63,2049.398703468672
27292,35.869367,-79.070638,64,2261.7673484182487
27292,35.869534,-79.070365,65,2292.792358424998
27292,35.870067,-79.069616,66,2383.176279643416
27292,35.870265,-79.06938,67,2413.967053386901
27292,35.870476,-79.069174,68,2444.048139010106
27292,35.871491,-79.068075,69,2595.053330817824
27292,35.872324,-79.067196,70,2717.613516642325
27292,35.872745,-79.066789,71,2777.4059811882544
27292,35.87303,-79.066606,72,2813.298592214844
27292,35.873369,-79.066447,73,2853.7995371877205
27292,35.873664,-79.066329,74,2888.427142735271
27292,35.874575,-79.065963,75,2995.4069310767495
27292,35.875778,-79.065472,76,3136.895118434229
27292,35.876989,-79.064986,77,3279.089200925043
27292,35.87792,-79.064604,78,3388.644417776346
27292,35.878172,-79.064451,79,3420.018048340226
27292,35.878716,-79.064046,80,3491.012995704773
27292,35.879701,-79.063228,81,3623.7099331298164
27292,35.880821,-79.062298,82,3774.5876572525153
27292,35.881047,-79.062108,83,3805.152054268978
27292,35.881717,-79.061541,84,3895.9547354459964
27292,35.882394,-79.060986,85,3986.792362607249
27292,35.882527,-79.060889,86,4004.055231896361
27292,35.88289,-79.060707,87,4047.814965209107
27292,35.883145,-79.060618,88,4077.4030346952113
27292,35.883423,-79.060573,89,4108.70053611613
27292,35.883885,-79.060592,90,4160.29631439777
27292,35.884195,-79.060664,91,4195.510113552633
27292,35.884679,-79.060889,92,4253.269137158466
27292,35.885157,-79.061118,93,4310.533181675976
27292,35.886116,-79.061421,94,4421.054957029392
27292,35.886415,-79.061483,95,4454.9000914491135
27292,35.887131,-79.061539,96,4534.979220428347
27292,35.887855,-79.061487,97,4615.927484942075
27292,35.888857,-79.061342,98,4728.540014939023
27292,35.889081,-79.061307,99,4753.743407641629
27292,35.889751,-79.061192,100,4829.252414287023
27292,35.89007,-79.061055,101,4866.969733707007
27292,35.890358,-79.060843,102,4904.440950706491
27292,35.890606,-79.060556,103,4942.463453639215
27292,35.890984,-79.059875,104,5017.334775779285
27292,35.891158,-79.05952,105,5054.974896598892
27292,35.891614,-79.058804,106,5137.554872724421
27292,35.89239,-79.057935,107,5254.735915872772
27292,35.892868,-79.057589,108,5316.655689467101
27292,35.893002,-79.057581,109,5331.63003479476
27292,35.893617,-79.05745,110,5401.29807800778
27292,35.893767,-79.057491,111,5418.4497563498435
27292,35.893988,-79.057542,112,5443.548272576637
27292,35.894162,-79.057605,113,5463.794975418631
27292,35.894505,-79.057774,114,5505.0418207822095
27292,35.894983,-79.05808,115,5565.198998714197
27292,35.8953,-79.058283,116,5605.096780862874
27292,35.895552,-79.058406,117,5635.361341667829
27292,35.895803,-79.05852,118,5665.2290941763995
27292,35.895901,-79.058542,119,5676.3485472732145
27292,35.896001,-79.058555,120,5687.572520978333
27292,35.896129,-79.058536,121,5701.963331233619
27292,35.896344,-79.058496,122,5726.234401862961
27292,35.896488,-79.058441,123,5743.065531258373
27292,35.896651,-79.058326,124,5764.043753089689
27292,35.896918,-79.058098,125,5800.332943301582
27292,35.897096,-79.057945,126,5824.577656858147
27292,35.89737,-79.057751,127,5859.872726524129
27292,35.897694,-79.057603,128,5898.453711471072
27292,35.897909,-79.057555,129,5922.844129875929
27292,35.898236,-79.057527,130,5959.431437598482
27292,35.898582,-79.057506,131,5998.09806231578
27292,35.899109,-79.057498,132,6056.924833344597
27292,35.899461,-79.057522,133,6096.274509870243
27292,35.899665,-79.057555,134,6119.2407984995625
27292,35.899988,-79.057665,135,6156.651560287091
27292,35.900317,-79.057802,136,6195.423995429827
27292,35.900504,-79.057866,137,6217.090513693239
27292,35.900615,-79.057885,138,6229.599593562976
27292,35.900706,-79.057877,139,6239.78270545867
27292,35.900902,-79.057859,140,6261.720656642626
27292,35.901119,-79.057792,141,6286.694129574209
27292,35.901324,-79.057642,142,6313.323470105928
27292,35.901586,-79.057381,143,6350.966344070172
27292,35.90202,-79.057,144,6410.495710986852
27292,35.902303,-79.056721,145,6450.989225546134
27292,35.902875,-79.056198,146,6530.562650312667
27292,35.902859,-79.056056,147,6543.580936532513
27292,35.902995,-79.056101,148,6559.301347042277
27292,35.903298,-79.055809,149,6602.27740377218
27292,35.904092,-79.055051,150,6714.493477257341
27292,35.9043,-79.054876,151,6742.628019085279
27292,35.904693,-79.054329,152,6808.897183758266
27292,35.905098,-79.053798,153,6874.992985891352
27292,35.905495,-79.053432,154,6930.384472013159
27292,35.905545,-79.053387,155,6937.301480493207
27292,35.905524,-79.053281,156,6947.208480619678
27292,35.905637,-79.053304,157,6959.993072782003
27292,35.90593,-79.053151,158,6995.526027723545
27292,35.9062,-79.053033,159,7027.5111733192225
27292,35.906396,-79.052979,160,7049.931133172851
27292,35.906625,-79.052927,161,7075.924172979421
27292,35.906879,-79.052874,162,7104.680762073083
27292,35.907184,-79.052831,163,7138.947471172212
27292,35.907589,-79.052781,164,7184.38023148856
27292,35.907797,-79.052775,165,7207.603185051131
27292,35.90793,-79.052794,166,7222.548312085052
27292,35.908275,-79.052848,167,7261.367491389331
27292,35.90842,-79.052752,168,7279.750465389172
27292,35.90852,-79.052631,169,7295.4128401342405
27292,35.908592,-79.052416,170,7316.525351246807
27292,35.908668,-79.052084,171,7347.843440362657
27292,35.908679,-79.051842,172,7369.852575669527
27292,35.908683,-79.051703,173,7382.4823969775
27292,35.908668,-79.051569,174,7394.764949533526
27292,35.908608,-79.051503,175,7403.75210611538
27292,35.908663,-79.051445,176,7411.840717602292
27292,35.908642,-79.051225,177,7431.9549334418525
27292,35.908605,-79.050592,178,7489.582940163255
27292,35.908609,-79.050474,179,7500.307286638752
27292,35.908663,-79.050136,180,7531.5857816576745
27292,35.908715,-79.049916,181,7552.389075832554
27292,35.908857,-79.049495,182,7593.773613797896
27292,35.909044,-79.049036,183,7640.3875676977805
27292,35.909232,-79.04857,184,7687.620159374575
27292,35.909462,-79.048112,185,7736.494351473927
27292,35.909666,-79.047704,186,7779.980728379403
27292,35.909694,-79.047626,187,7787.722385176644
27292,35.909712,-79.047581,188,7792.275818965477
27292,35.909663,-79.047501,189,7801.368933219128
27292,35.909728,-79.047503,190,7808.626442418044
27292,35.909819,-79.047186,191,7839.151041903258
27292,35.909839,-79.047074,192,7849.563280727452
27292,35.909886,-79.046856,193,7870.042030410049
27292,35.909928,-79.046626,194,7891.446760747799
27292,35.910075,-79.045776,195,7970.355364646458
27292,35.910099,-79.045641,196,7982.903261563316
27292,35.91014,-79.045451,197,8000.752748675826
27292,35.91017,-79.045325,198,8012.674063198667
27292,35.910172,-79.045282,199,8016.585030792652
27292,35.910184,-79.045218,200,8022.548874575353
27292,35.91029,-79.044705,201,8070.610638046682
27292,35.910552,-79.04328,202,8203.270377874243
27292,35.910606,-79.042967,203,8232.324221493665
27292,35.910639,-79.042734,204,8253.799865389976
27292,35.910581,-79.042622,205,8265.855680215049
27292,35.910662,-79.04257,206,8276.055637901885
27292,35.91076,-79.04212,207,8318.356373147624
27292,35.910834,-79.041642,208,8362.539729064192
27292,35.910663,-79.041433,209,8389.455956786638
27292,35.910541,-79.041282,210,8408.780688680365
27292,35.910498,-79.041234,211,8415.26408130423
27292,35.910428,-79.041264,212,8423.538760433796
27292,35.910335,-79.041309,213,8434.694723511959
27292,35.910246,-79.041357,214,8445.543034184735
27292,35.910154,-79.041395,215,8456.37631476082
27292,35.910052,-79.041419,216,8467.968268493172
27292,35.909973,-79.041428,217,8476.824047015341
27292,35.909829,-79.041439,218,8492.928348842544
27292,35.909464,-79.041452,219,8533.686784988675
27292,35.909284,-79.041466,220,8553.81858272879
27292,35.909174,-79.041496,221,8566.395371987355
27292,35.908996,-79.041536,222,8586.59303545807
27292,35.908744,-79.041557,223,8614.785862505154
27292,35.908551,-79.041563,224,8636.335427162787
27292,35.907953,-79.041582,225,8703.10652974361
27292,35.907734,-79.041601,226,8727.612139431536
27292,35.907568,-79.041617,227,8746.197949122365
27292,35.907477,-79.041623,228,8756.36997804221
27292,35.907397,-79.041641,229,8765.44795122791
27292,35.907334,-79.04166,230,8772.688585183841
27292,35.907284,-79.041684,231,8778.680026968157
27292,35.907219,-79.041715,232,8786.462313739075
27292,35.907158,-79.041758,233,8794.311341460698
27292,35.907076,-79.041823,234,8805.202377144444
27292,35.906995,-79.041909,235,8817.149450844543
27292,35.906922,-79.041997,236,8828.562286161448
27292,35.906859,-79.042115,237,8841.37908217755
27292,35.906811,-79.042252,238,8854.924527096204
27292,35.906769,-79.04245,239,8873.505784205729
27292,35.90673,-79.04274,240,8900.197706768315
27292,35.9067,-79.043003,241,8924.31403118616
27292,35.906685,-79.043226,242,8944.633488359796
27292,35.906648,-79.04348,243,8968.065740480732
27292,35.906628,-79.043676,244,8986.003715771232
27292,35.90659,-79.043844,245,9001.838251157084
27292,35.906566,-79.044005,246,9016.701868081951
27292,35.906494,-79.044236,247,9039.16550437103
27292,35.906429,-79.044429,248,9058.133995254746
27292,35.906335,-79.04466,249,9081.588545380368
27292,35.906192,-79.044968,250,9113.79176805999
27292,35.906103,-79.045116,251,9130.504455708915
27292,35.905992,-79.045223,252,9146.249873504346
27292,35.905784,-79.045344,253,9171.935596881307
27292,35.905704,-79.045373,254,9181.245382434985
27292,35.905599,-79.045397,255,9193.166338310219
27292,35.905536,-79.045389,256,9200.23578699406
27292,35.905484,-79.0454,257,9206.125324805778
27292,35.90536,-79.045376,258,9220.13667186176
27292,35.905313,-79.045437,259,9227.76600778414
27292,35.905302,-79.045349,260,9235.85106602737
27292,35.905163,-79.045276,261,9252.723048510315
27292,35.905056,-79.04517,262,9268.062531239297
27292,35.904978,-79.045086,263,9279.637828310091
27292,35.904908,-79.044974,264,9292.463326173205
27292,35.904774,-79.044751,265,9317.638836859627
27292,35.904695,-79.044606,266,9333.486265905678
27292,35.904614,-79.044478,267,9348.21228815081
27292,35.904519,-79.044382,268,9361.939740080818
27292,35.904438,-79.044336,269,9371.899308187965
27292,35.904327,-79.044291,270,9384.945612566225
27292,35.904219,-79.044258,271,9397.367435357035
27292,35.904145,-79.044261,272,9405.631777320517
27292,35.904091,-79.044258,273,9411.665389412856
27292,35.90372,-79.044344,274,9453.806263732291
27292,35.903681,-79.044362,275,9458.456210813418
27292,35.903801,-79.044856,276,9505.274248856353
27292,35.903842,-79.045317,277,9547.387891937215
27292,35.903848,-79.045485,278,9562.658958577564
27292,35.903824,-79.045731,279,9585.158689470703
27292,35.903785,-79.045967,280,9607.027893820201
27292,35.903676,-79.046394,281,9647.668396309227
27292,35.903622,-79.046571,282,9664.835037931869
27292,35.903585,-79.046665,283,9674.3179075311
27292,35.903565,-79.046727,284,9680.374657682101
27292,35.90363,-79.046813,285,9691.034481244498
27292,35.903537,-79.046815,286,9701.41665036644
27292,35.903446,-79.047059,287,9725.791914953641
27292,35.903394,-79.047215,288,9741.101493963015
27292,35.903296,-79.047504,289,9769.534533313778
27292,35.903233,-79.047703,290,9788.926078529665
27292,35.903166,-79.047921,291,9810.088560744769
27292,35.903079,-79.048275,292,9843.67074967177
27292,35.903031,-79.048624,293,9875.81387955828
27292,35.902963,-79.04938,294,9944.886198805429
27292,35.90296,-79.049627,295,9967.319306439551
27292,35.902991,-79.050048,296,10005.707469036539
27292,35.903036,-79.050408,297,10038.78339662731
27292,35.903265,-79.05111,298,10107.466663974586
27292,35.903486,-79.051789,299,10173.878756365873
27292,35.903566,-79.051805,300,10182.925657102584
27292,35.903521,-79.051904,301,10193.22392501487
27292,35.903757,-79.052643,302,10265.31800628652
27292,35.904015,-79.053433,303,10342.622432477421
27292,35.904184,-79.053965,304,10394.485589109841
27292,35.904417,-79.054322,305,10436.047150628929
27292,35.904595,-79.054547,306,10464.54644813215
27292,35.904345,-79.054893,307,10506.568860999323
27292,35.904037,-79.055177,308,10549.545474073162
27292,35.903044,-79.056138,309,10690.614791982782
27292,35.902266,-79.056851,310,10798.935069652958
27292,35.901869,-79.057208,311,10853.840551755862
27292,35.901365,-79.057675,312,10924.290529701246
27292,35.90123,-79.057771,313,10941.699106488133
27292,35.901096,-79.057868,314,10959.057075190174
27292,35.900945,-79.05803,315,10981.428910496295
27292,35.900774,-79.057938,316,11002.263952068542
27292,35.900665,-79.057954,317,11014.51668215782
27292,35.90055,-79.057943,318,11027.391468141836
27292,35.900342,-79.057873,319,11051.462424702164
27292,35.900137,-79.057788,320,11075.610925785353
27292,35.899924,-79.057707,321,11100.497373584793
27292,35.899733,-79.057643,322,11122.594338362262
27292,35.899481,-79.057584,323,11151.22766613621
27292,35.899333,-79.057568,324,11167.8107971265
27292,35.899141,-79.057564,325,11189.244383231373
27292,35.898863,-79.057564,326,11220.273972372475
27292,35.89868,-79.057564,327,11240.699924912591
27292,35.898437,-79.057575,328,11267.841301423561
27292,35.898115,-79.057602,329,11303.865594778492
27292,35.897915,-79.057618,330,11326.236279680123
27292,35.897668,-79.057677,331,11354.321595595611
27292,35.897481,-79.057757,332,11376.422352902166
27292,35.897307,-79.057875,333,11398.604164918233
27292,35.897155,-79.057977,334,11417.934170909823
27292,35.897042,-79.058074,335,11433.31874936441
27292,35.896781,-79.058294,336,11468.644030010835
27292,35.896621,-79.05842,337,11489.854371218318
27292,35.896448,-79.058528,338,11511.51241372423
27292,35.896274,-79.058571,339,11531.322513166402
27292,35.896104,-79.058592,340,11550.39301712627
27292,35.895961,-79.058603,341,11566.385487255942
27292,35.89577,-79.05856,342,11588.059073556604
27292,35.895461,-79.05842,343,11624.817764699097
27292,35.895153,-79.058243,344,11662.768521957998
27292,35.894747,-79.057988,345,11713.659938786766
27292,35.894517,-79.057843,346,11742.512513874048
27292,35.894321,-79.057752,347,11765.898555923302
27292,35.89406,-79.057639,348,11796.785502559791
27292,35.893882,-79.05758,349,11817.363285843916
27292,35.893674,-79.057532,350,11840.985418284188
27292,35.893482,-79.057527,351,11862.420737188428
27292,35.893243,-79.057564,352,11889.308075970848
27292,35.893058,-79.057615,353,11910.47039472099
27292,35.892984,-79.057707,354,11922.2194126091
27292,35.892892,-79.05776,355,11933.560426459515
27292,35.892614,-79.057932,356,11968.300407924635
27292,35.892454,-79.058055,357,11989.365334094644
27292,35.891695,-79.058887,358,12102.88677941314
27292,35.891356,-79.059472,359,12168.115140777958
27292,35.890758,-79.060573,360,12288.34275599392
27292,35.89061,-79.060761,361,12312.100780527839
27292,35.890458,-79.060938,362,12335.473286729268
27292,35.890323,-79.06105,363,12353.6537650096
27292,35.890179,-79.061159,364,12372.530828077559
27292,35.889971,-79.061261,365,12397.527214858976
27292,35.889836,-79.06132,366,12413.519947056046
27292,35.889632,-79.061363,367,12436.62223477109
27292,35.88868,-79.061513,368,12543.75100965389
27292,35.887574,-79.061653,369,12667.852041700477
27292,35.887161,-79.061685,370,12714.041190701211
27292,35.886635,-79.061653,371,12772.823365983748
27292,35.886122,-79.061565,372,12830.63782366967
27292,35.885609,-79.061447,373,12888.891572277742
27292,35.885144,-79.061254,374,12943.673857970838
27292,35.8849,-79.061136,375,12972.941456127026
27292,35.884374,-79.060884,376,13035.9560320103
27292,35.884209,-79.060809,377,13055.592361010446
27292,35.884079,-79.060776,378,13070.408894200942
27292,35.883922,-79.060734,379,13088.343163500736
27292,35.883753,-79.060717,380,13107.26947560475
27292,35.883597,-79.060701,381,13124.74222070171
27292,35.883175,-79.060751,382,13172.062899183275
27292,35.883001,-79.060805,383,13192.094022120815
27292,35.882805,-79.060891,384,13215.323737833281
27292,35.882627,-79.060982,385,13236.842397715538
27292,35.882479,-79.061084,386,13255.782502107986
27292,35.882353,-79.061202,387,13273.465046247657
27292,35.881797,-79.061658,388,13348.077097574607
27292,35.880446,-79.062789,389,13530.541465176737
27292,35.879143,-79.063901,390,13707.614227287517
27292,35.878491,-79.064416,391,13794.12734830486
27292,35.878269,-79.064561,392,13822.189364148358
27292,35.878004,-79.064695,393,13854.174338992781
27292,35.877638,-79.064851,394,13897.413830141055
27292,35.876365,-79.065366,395,14047.00435830234
27292,35.874622,-79.066076,396,14251.963341605026
27292,35.873123,-79.066704,397,14428.734142473622
27292,35.872876,-79.06686,398,14459.732365688551
27292,35.872175,-79.067543,399,14559.590839453534
27292,35.871363,-79.068407,400,14679.48609193513
27292,35.870543,-79.069276,401,14800.354299697936
27292,35.870126,-79.069732,402,14862.663448300147
27292,35.86977,-79.07021,403,14921.524310503737
27292,35.869131,-79.071293,404,15043.044093725537
27292,35.867851,-79.073447,405,15285.334714236169
27292,35.867313,-79.074196,406,15376.087819708528
27292,35.867113,-79.07441,407,15405.69012354846
27292,35.866765,-79.074743,408,15454.923564511735
27292,35.866232,-79.075208,409,15527.887840143576
27292,35.865288,-79.075819,410,15646.97973793521
27292,35.864326,-79.07641,411,15767.029289902166
27292,35.864087,-79.076624,412,15800.038478239247
27292,35.863695,-79.077059,413,15858.99793786602
27292,35.863374,-79.077574,414,15917.929419829636
27292,35.863022,-79.078481,415,16009.220520123381
27292,35.862575,-79.079703,416,16130.939296079214
27292,35.862393,-79.080074,417,16170.294196614677
27292,35.861902,-79.080701,418,16249.340977965274
27292,35.860979,-79.08173,419,16388.457229486987
27292,35.860818,-79.081923,420,16413.564872479506
27292,35.860545,-79.082164,421,16451.08675053002
27292,35.860158,-79.082422,422,16500.23160881004
27292,35.859185,-79.082933,423,16618.339010740227
27292,35.858213,-79.083453,424,16736.668042255853
27292,35.85753,-79.083909,425,16823.431071692154
27292,35.856993,-79.084298,426,16893.012316372882
27292,35.856376,-79.084722,427,16971.920725452055
27292,35.856054,-79.084878,428,17010.55408463621
27292,35.855693,-79.08499,429,17052.1113999767
27292,35.854998,-79.085114,430,17130.49593003244
27292,35.854637,-79.085183,431,17171.272827498655
27292,35.854298,-79.085221,432,17209.266609621878
27292,35.853613,-79.085328,433,17286.33671879958
27292,35.853577,-79.085336,434,17290.419984559576
27292,35.853537,-79.085146,435,17308.252084728687
27292,35.853535,-79.085078,436,17314.434879898545
27292,35.853539,-79.085023,437,17319.45231209494
27292,35.853548,-79.084966,438,17324.728083387563
27292,35.853559,-79.084919,439,17329.171674409616
27292,35.853574,-79.084864,440,17334.442177100533
27292,35.853594,-79.084813,441,17339.585867706122
27292,35.853622,-79.084769,442,17344.66038442217
27292,35.853651,-79.084738,443,17348.951176708833
27292,35.85369,-79.084704,444,17354.28895217597
27292,35.853724,-79.08469,445,17358.291313290258
27292,35.853768,-79.084685,446,17363.223228101804
27292,35.853901,-79.084686,447,17378.067952483205
27292,35.854031,-79.084704,448,17392.669451281683
27292,35.854069,-79.084641,449,17397.518366884167
27836,35.903566,-79.051805,0,0
27836,35.90348,-79.05189,1,12.317721263145284
27836,35.90366,-79.05243,2,65.31190645106078
27836,35.90374,-79.05265,3,87.19503536718166
27836,35.90379,-79.05284,4,105.3292205949169
27836,35.90382,-79.05292,5,113.32865071386934
27836,35.90384,-79.053,6,120.92875188472779
27836,35.90389,-79.05312,7,133.17199690678603
27836,35.90399,-79.05342,8,162.6130399351127
27836,35.90404,-79.05356,9,176.49750328854412
27836,35.90412,-79.05382,10,201.74029708974393
27836,35.90413,-79.05384,11,203.87206932804722
27836,35.90415,-79.05392,12,211.4721319192922
27836,35.90416,-79.05395,13,214.4162261930794
27836,35.9042,-79.05402,14,222.18420013883525
27836,35.9042,-79.05404,15,224.00040195220217
27836,35.90424,-79.0541,16,231.04461618647392
27836,35.90425,-79.05411,17,232.48353955471467
27836,35.90436,-79.05429,18,252.9269537092827
27836,35.90456,-79.05456,19,286.0857284497708
27836,35.90482,-79.0542,20,329.7998578189866
27836,35.90509,-79.05384,21,374.26276802137266
27836,35.90544,-79.05348,22,425.2028195657554
27836,35.905524,-79.053281,23,445.56126384468826
27836,35.90559,-79.05336,24,455.8439737925125
27836,35.90564,-79.05332,25,462.5028283769791
27836,35.90579,-79.05323,26,481.1337699385908
27836,35.9058,-79.05322,27,482.5726840124652
27836,35.90598,-79.05313,28,504.2625836184207
27836,35.90604,-79.0531,29,511.49254927839274
27836,35.90606,-79.05309,30,513.9025377351907
27836,35.90615,-79.05306,31,524.3109969389557
27836,35.90627,-79.05302,32,538.1889420542354
27836,35.90636,-79.05299,33,548.597400521228
27836,35.90646,-79.05296,34,560.0868443099981
27836,35.90656,-79.05294,35,571.3954385010688
27836,35.90675,-79.0529,36,592.9116813643055
27836,35.90688,-79.05289,37,607.4504157600975
27836,35.90718,-79.05283,38,641.3761974910992
27836,35.90733,-79.05281,39,658.2171217580798
27836,35.90738,-79.0528,40,663.8714186140525
27836,35.90766,-79.05277,41,695.242985017002
27836,35.9077,-79.05277,42,699.7077084244966
27836,35.90781,-79.05278,43,712.0192313431894
27836,35.90793,-79.05279,44,725.4441470291025
27836,35.908,-79.0528,45,733.3100031006355
27836,35.90815,-79.05282,46,750.1509256615378
27836,35.90825,-79.05285,47,761.6403573859776
27836,35.90868,-79.05296,48,810.6644885092718
27836,35.90896,-79.05314,49,845.9335716824291
27836,35.910092,-79.053756,50,984.1126782268545
27836,35.91013,-79.05388,51,996.144673113985
27836,35.91026,-79.05397,52,1012.7980740604528
27836,35.91053,-79.05414,53,1046.6582783177614
27836,35.91054,-79.05415,54,1048.0971556866157
27836,35.91062,-79.05423,55,1059.6081711895024
27836,35.91071,-79.05431,56,1072.0050596693625
27836,35.91095,-79.05449,57,1103.3858137634797
27836,35.91115,-79.05462,58,1128.638177649609
27836,35.9112,-79.05465,59,1134.8483950310895
27836,35.91132,-79.05473,60,1150.0855378575156
27836,35.911453,-79.054669,61,1165.930354426688
27836,35.9115,-79.05483,62,1181.4621783038049
27836,35.91159,-79.05489,63,1192.8900229038484
27836,35.91183,-79.05503,64,1222.5414925109073
27836,35.91189,-79.05506,65,1229.7713595876523
27836,35.91217,-79.05521,66,1263.8632153760166
27836,35.91239,-79.05535,67,1291.5144039402276
27836,35.9126,-79.05547,68,1317.3628682245555
27836,35.91276,-79.05556,69,1337.0025979092482
27836,35.91314,-79.05578,70,1383.8858896055028
27836,35.91326,-79.05585,71,1398.7115525447805
27836,35.91328,-79.05586,72,1401.121498990403
27836,35.91363,-79.05606,73,1444.202141533516
27836,35.913761,-79.056005,74,1459.6533277076826
27836,35.91379,-79.05614,75,1472.3313353301871
27836,35.91406,-79.0563,76,1505.786943009203
27836,35.91432,-79.05645,77,1537.844524552559
27836,35.91459,-79.05659,78,1570.5524480116637
27836,35.91467,-79.05664,79,1580.569662197719
27836,35.91489,-79.05676,80,1607.4342253803197
27836,35.91501,-79.05683,81,1622.259804488261
27836,35.91506,-79.05685,82,1628.1286833532597
27836,35.91509,-79.05686,83,1631.5981218281088
27836,35.91523,-79.05693,84,1648.467661447207
27836,35.91538,-79.05692,85,1665.2348659110637
27836,35.91546,-79.05692,86,1674.1642540003368
27836,35.91575,-79.05687,87,1706.8500966101074
27836,35.91603,-79.05681,88,1738.5742135656155
27836,35.91627,-79.05677,89,1765.6074573382289
27836,35.91642,-79.05675,90,1782.4482539044755
27836,35.91668,-79.0567,91,1811.8217134167419
27836,35.91694,-79.05665,92,1841.1951729811651
27836,35.91719,-79.05661,93,1869.3348730533864
27836,35.91775,-79.05651,94,1932.4966126213408
27836,35.91796,-79.05647,95,1956.2159575897153
27836,35.91818,-79.05643,96,1981.038904034467
27836,35.91853,-79.05636,97,2020.6186145388122
27836,35.91886,-79.05631,98,2057.7310699933423
27836,35.91901,-79.05628,99,2074.693802584618
27836,35.91986,-79.05612,100,2170.6743484351887
27836,35.9201,-79.05608,101,2197.707598631009
27836,35.92016,-79.05607,102,2204.465911221943
27836,35.92041,-79.05602,103,2232.7371311135716
27836,35.92096,-79.05591,104,2294.9338147497556
27836,35.92111,-79.05587,105,2312.0657818519458
27836,35.92139,-79.05577,106,2344.6107208537305
27836,35.92161,-79.05568,107,2370.4903867899816
27836,35.92189,-79.05557,108,2403.3001783915984
27836,35.92217,-79.05545,109,2436.3976146747664
27836,35.92244,-79.05531,110,2469.1051042580307
27836,35.9229,-79.05509,111,2524.1973811824305
27836,35.92296,-79.05506,112,2531.427103432227
27836,35.92337,-79.05487,113,2580.333429073785
27836,35.92371,-79.05469,114,2621.65240987085
27836,35.92377,-79.05466,115,2628.8821261547037
27836,35.92388,-79.05461,116,2641.9723507691983
27836,35.92394,-79.05458,117,2649.202065757435
27836,35.92438,-79.05437,118,2701.8846583886084
27836,35.92469,-79.05423,119,2738.74673209541
27836,35.92505,-79.05407,120,2781.474073850687
27836,35.9253,-79.054,121,2810.0930433746735
27836,35.92548,-79.05395,122,2830.6906673079634
27836,35.92561,-79.05393,123,2845.314153066983
27836,35.92574,-79.0539,124,2860.0778695049084
27836,35.92592,-79.05386,125,2880.494634025922
27836,35.92623,-79.05383,126,2915.2032060708525
27836,35.92628,-79.05383,127,2920.784101417073
27836,35.92637,-79.05383,128,2930.829713041805
27836,35.92652,-79.05383,129,2947.572399093467
27836,35.92673,-79.05384,130,2971.029733549728
27836,35.9269,-79.05386,131,2990.0914483261367
27836,35.927,-79.05387,132,3001.290096812213
27836,35.92702,-79.05388,133,3003.699991088198
27836,35.92719,-79.05391,134,3022.8694909707256
27836,35.92748,-79.05397,135,3055.6937823483377
27836,35.92818,-79.0542,136,3136.5681523589365
27836,35.92835,-79.05426,137,3156.3095029473384
27836,35.92879,-79.05441,138,3207.274226442231
27836,35.92999,-79.05482,139,3346.2908348440005
27836,35.93009,-79.05486,140,3358.028415826524
27836,35.93043,-79.05497,141,3397.270230815821
27836,35.93052,-79.055,142,3407.6784380617573
27836,35.93104,-79.05519,143,3468.2282142150216
27836,35.93112,-79.05522,144,3477.5636913273515
27836,35.93156,-79.05535,145,3528.0734332223897
27836,35.93177,-79.05541,146,3552.1376406192367
27836,35.93231,-79.05553,147,3613.387627437464
27836,35.93292,-79.05565,148,3682.340263504868
27836,35.93338,-79.05575,149,3734.4806375217054
27836,35.933629,-79.055672,150,3763.161157440339
27836,35.93375,-79.05582,151,3782.211055416163
27836,35.9338,-79.05584,152,3788.0798099936396
27836,35.93467,-79.05601,153,3886.4055893181053
27836,35.93514,-79.0561,154,3939.4981473763814
27836,35.93523,-79.0561,155,3949.5437231170395
27836,35.93542,-79.05614,156,3971.0596352052385
27836,35.93591,-79.05628,157,4027.2092325413446
27836,35.93647,-79.05639,158,4090.507518074029
27836,35.93677,-79.05645,159,4124.43278226011
27836,35.93688,-79.05648,160,4137.009065009968
27836,35.93708,-79.05652,161,4159.625902282708
27836,35.93762,-79.05662,162,4220.5789853280385
27836,35.9388,-79.05685,163,4353.931874202162
27836,35.93928,-79.05695,164,4408.271680971399
27836,35.93995,-79.05708,165,4483.980521681443
27836,35.94026,-79.05714,166,4519.007865828251
27836,35.94085,-79.05726,167,4585.756766727429
27836,35.94156,-79.0574,168,4666.01738149913
27836,35.94227,-79.05755,169,4746.426659241702
27836,35.94274,-79.05764,170,4799.518967221891
27836,35.94328,-79.05775,171,4860.613595394881
27836,35.94417,-79.05793,172,4961.2873858280045
27836,35.94466,-79.05803,173,5016.727801871329
27836,35.94511,-79.05811,174,5067.477641622379
27836,35.94524,-79.05815,175,5082.435153950232
27836,35.94557,-79.05823,176,5119.977657668963
27836,35.94577,-79.05826,177,5142.466527261213
27836,35.94604,-79.05831,178,5172.942913099377
27836,35.94618,-79.05835,179,5188.985492349691
27836,35.94623,-79.05836,180,5194.639668076448
27836,35.94633,-79.05837,181,5205.838219247382
27836,35.94671,-79.05845,182,5248.86971388347
27836,35.94697,-79.05849,183,5278.116355051431
27836,35.94729,-79.05854,184,5314.120949341793
27836,35.94738,-79.05855,185,5324.207403006516
27836,35.94751,-79.05856,186,5338.745979910644
27836,35.94755,-79.05856,187,5343.210663033544
27836,35.94769,-79.05857,188,5358.863388440047
27836,35.94789,-79.05857,189,5381.1868037328895
27836,35.94791,-79.05857,190,5383.4191452643645
27836,35.94797,-79.05856,191,5390.177388748906
27836,35.94822,-79.05856,192,5418.08165835452
27836,35.94829,-79.05856,193,5425.894853850839
27836,35.9484,-79.05854,194,5438.306184900561
27836,35.94859,-79.05853,195,5459.532842154427
27836,35.94881,-79.05849,196,5484.355503475073
27836,35.94902,-79.05845,197,5508.074557126663
27836,35.94943,-79.05839,198,5554.160413279143
27836,35.94951,-79.05826,199,5568.95690951702
27836,35.94965,-79.05825,200,5584.60964148641
27836,35.9501,-79.05819,201,5635.131671207174
27836,35.95044,-79.05814,202,5673.351840860304
27836,35.95072,-79.0581,203,5704.81477712381
27836,35.95094,-79.05806,204,5729.637441271103
27836,35.95151,-79.05792,205,5794.515539865009
27836,35.95195,-79.05779,206,5845.024362819671
27836,35.95225,-79.0577,207,5879.491311201296
27836,35.95234,-79.05768,208,5889.699523836088
27836,35.95243,-79.05767,209,5899.785986464623
27836,35.95254,-79.05765,210,5912.197321333568
27836,35.95266,-79.05764,211,5925.622101067632
27836,35.95273,-79.05764,212,5933.43530818715
27836,35.95285,-79.05764,213,5946.829377539537
27836,35.95295,-79.05765,214,5958.02793571324
27836,35.9534,-79.05772,215,6008.655836428756
27836,35.95385,-79.0578,216,6059.4055876029315
27836,35.95404,-79.05784,217,6080.921297886289
27836,35.95406,-79.05784,218,6083.153642082679
27836,35.95446,-79.05786,219,6127.837403388957
27836,35.95511,-79.05786,220,6200.388587726456
27836,35.95578,-79.05783,221,6275.22165845792
27836,35.95582,-79.05784,222,6279.777643060202
27836,35.95605,-79.05784,223,6305.4496015645445
27836,35.95635,-79.0578,224,6339.13094566092
27836,35.95638,-79.0578,225,6342.479462208128
27836,35.95653,-79.05777,226,6359.441948478104
27836,35.95661,-79.05776,227,6368.417321862598
27836,35.9567,-79.05774,228,6378.625515783922
27836,35.95704,-79.05766,229,6417.263552038523
27836,35.95741,-79.05755,230,6459.751230324023
27836,35.95772,-79.05748,231,6494.930854623411
27836,35.95801,-79.05741,232,6527.917290080938
27836,35.95824,-79.05735,233,6554.160319785262
27836,35.95856,-79.0573,234,6590.164902064335
27836,35.95886,-79.05728,235,6623.699244542009
27836,35.95908,-79.05727,236,6648.2718153533215
27836,35.95946,-79.05727,237,6690.686394704078
27836,35.95974,-79.05728,238,6721.952414062594
27836,35.96007,-79.0573,239,6758.8308122717035
27836,35.96032,-79.05732,240,6786.794097212201
27836,35.96036,-79.05733,241,6791.350075136736
27836,35.96064,-79.05736,242,6822.721262221411
27836,35.96079,-79.05739,243,6839.683736168346
27836,35.96115,-79.05743,244,6880.029569694923
27836,35.96132,-79.05746,245,6899.198796004414
27836,35.96214,-79.05764,246,6992.170987853097
27836,35.96225,-79.05767,247,7004.747057471238
27836,35.96259,-79.05778,248,7043.987660419466
27836,35.96282,-79.05786,249,7070.666258876956
27836,35.96296,-79.05791,250,7086.938005584611
27836,35.96308,-79.05795,251,7100.815157854076
27836,35.96343,-79.05808,252,7141.623334643241
27836,35.96396,-79.05827,253,7203.241544845141
27836,35.9641,-79.05832,254,7219.513262608275
27836,35.96426,-79.05838,255,7238.18345529032
27836,35.96433,-79.0584,256,7246.204649527829
27836,35.96501,-79.05868,257,7326.243828649365
27836,35.9661,-79.0591,258,7453.735628970919
27836,35.96628,-79.05918,259,7475.097832799538
27836,35.966467,-79.059147,260,7496.183896716464
27836,35.96656,-79.05933,261,7515.766416658521
27836,35.9667,-79.0594,262,7532.634322180147
27836,35.96678,-79.05944,263,7542.273122575649
27836,35.96695,-79.05953,264,7562.930676336578
27836,35.96727,-79.05972,265,7602.591086909006
27836,35.96748,-79.05985,266,7628.831333985468
27836,35.96765,-79.05996,267,7650.2711277534445
27836,35.96787,-79.06011,268,7678.346454098264
27836,35.96808,-79.06027,269,7705.917703842018
27836,35.96832,-79.06045,270,7737.291939783106
27836,35.96836,-79.06049,271,7743.045702891384
27836,35.96878,-79.06084,272,7799.66863511782
27836,35.96886,-79.06092,273,7811.176125776776
27836,35.96904,-79.06107,274,7835.443046979873
27836,35.96945,-79.06143,275,7891.667427897458
27836,35.96966,-79.06161,276,7920.235650589774
27836,35.96969,-79.06164,277,7924.550935735798
27836,35.96981,-79.06174,278,7940.728813372923
27836,35.97027,-79.06208,279,8000.627330229126
27836,35.97064,-79.06235,280,8048.644707417666
27836,35.97067,-79.06236,281,8052.11394805337
27836,35.97071,-79.06239,282,8057.342925605737
27836,35.97087,-79.06249,283,8077.374225983684
27836,35.97107,-79.06261,284,8102.211144769839
27836,35.97114,-79.06265,285,8110.8260584970885
27836,35.97115,-79.06266,286,8112.264473783813
27836,35.97139,-79.06278,287,8141.1804865896465
27836,35.97142,-79.0628,288,8144.9890601453835
27836,35.97186,-79.06303,289,8198.349945577258
27836,35.97215,-79.06315,290,8232.500711026134
27836,35.9724,-79.06324,291,8261.575021620507
27836,35.97245,-79.06326,292,8267.443431016858
27836,35.9725,-79.06327,293,8273.097514493107
27836,35.97259,-79.06329,294,8283.30555397912
27836,35.97292,-79.06342,295,8321.98130958562
27836,35.97316,-79.06352,296,8350.263967599936
27836,35.97323,-79.06354,297,8358.285049951817
27836,35.97328,-79.06356,298,8364.153450624377
27836,35.97332,-79.06357,299,8368.709353714426
27836,35.97346,-79.0636,300,8384.570903609878
27836,35.97355,-79.06361,301,8394.657250190583
27836,35.97359,-79.06362,302,8399.213152302404
27836,35.97363,-79.06363,303,8403.769054248505
27836,35.97367,-79.06364,304,8408.324956031829
27836,35.97371,-79.06365,305,8412.880857652946
27836,35.97388,-79.06371,306,8432.621042751121
27836,35.9742,-79.0638,307,8469.259711001472
27836,35.97473,-79.06396,308,8530.1713143169
27836,35.97491,-79.0641,309,8553.94060282347
27836,35.97527,-79.06421,310,8595.343205798796
27836,35.97547,-79.06427,311,8618.32055334341
27836,35.97577,-79.06435,312,8652.582965963666
27836,35.97626,-79.06449,313,8708.73036028837
27836,35.97631,-79.06452,314,8714.939489820546
27836,35.97661,-79.06461,315,8749.405466588652
27836,35.97678,-79.06466,316,8768.914887170591
27836,35.97693,-79.06471,317,8786.260932675837
27836,35.97746,-79.06486,318,8846.96251858345
27836,35.97777,-79.06496,319,8882.733083127627
27836,35.97785,-79.06498,320,8891.84484835339
27836,35.97803,-79.06504,321,8912.660072587592
27836,35.97822,-79.06509,322,8934.346812253452
27836,35.97841,-79.06516,323,8956.484290170394
27836,35.97861,-79.06524,324,8979.957681237687
27836,35.97866,-79.06527,325,8986.166767614368
27836,35.97871,-79.06529,326,8992.035113386588
27836,35.97874,-79.0653,327,8995.504313487427
27836,35.97883,-79.06535,328,9006.526423807147
27836,35.979,-79.06545,329,9027.558397240635
27836,35.9791,-79.06551,330,9039.97655292532
27836,35.9793,-79.06564,331,9065.223685985015
27836,35.97947,-79.06576,332,9087.099610683486
27836,35.97952,-79.06579,333,9093.308678844465
27836,35.97984,-79.066,334,9133.789092468282
27836,35.97999,-79.0661,335,9152.831392325854
27836,35.98005,-79.06613,336,9160.060242257674
27836,35.98038,-79.06636,337,9202.392972885662
27836,35.98061,-79.0665,338,9231.034581147007
27836,35.98099,-79.06671,339,9277.530691135229
27836,35.98122,-79.06683,340,9305.415139896626
27836,35.98148,-79.06695,341,9336.40989316964
27836,35.98185,-79.0671,342,9379.891813286751
27836,35.98312,-79.06758,343,9528.180955303382
27836,35.98357,-79.06775,344,9580.722178341983
27836,35.98393,-79.06788,345,9622.598600880416
27836,35.98431,-79.06804,346,9667.427230893618
27836,35.98443,-79.0681,347,9681.88477224536
27836,35.98456,-79.06818,348,9698.108433193156
27836,35.98474,-79.0683,349,9720.958800190929
27836,35.98489,-79.06841,350,9740.449245266098
27836,35.98504,-79.06854,351,9760.927933426836
27836,35.98523,-79.06873,352,9788.255622114679
27836,35.98527,-79.06877,353,9794.008815320907
27836,35.98552,-79.06899,354,9828.314896933362
27836,35.98557,-79.06905,355,9836.110358813865
27836,35.98574,-79.06918,356,9858.451001240399
27836,35.98581,-79.06924,357,9867.972981499182
27836,35.98588,-79.06929,358,9877.007152215308
27836,35.98597,-79.06935,359,9888.43227393108
27836,35.98604,-79.06941,360,9897.954242482801
27836,35.98612,-79.06946,361,9907.969380665794
27836,35.98622,-79.06953,362,9920.810748424994
27836,35.98628,-79.06957,363,9928.427486283337
27836,35.98649,-79.06969,364,9954.271046485585
27836,35.98661,-79.06975,365,9968.728493014762
27836,35.98669,-79.06979,366,9978.366788196156
27836,35.98687,-79.06988,367,10000.052945020407
27836,35.987,-79.06994,368,10015.550111305009
27836,35.98718,-79.07001,369,10036.620399718611
27836,35.98755,-79.07013,370,10079.328488281319
27836,35.98885,-79.07053,371,10228.895903878325
27836,35.98895,-79.07056,372,10240.384351925304
27836,35.98913,-79.07061,373,10260.980626090508
27836,35.98983,-79.07082,374,10341.399707516688
27836,35.99018,-79.07092,375,10381.504214364197
27836,35.99023,-79.07094,376,10387.372425232721
27836,35.99035,-79.07097,377,10401.039857622765
27836,35.9905,-79.07101,378,10418.170738075476
27836,35.99072,-79.07106,379,10443.141345324018
27836,35.99106,-79.07114,380,10481.777972916545
27836,35.99107,-79.07114,381,10482.894121640811
27836,35.99135,-79.0712,382,10514.616629547138
27836,35.99168,-79.07129,383,10552.343367211686
27836,35.99194,-79.07138,384,10582.489605958306
27836,35.992026,-79.071403,385,10592.312578318011
27836,35.992116,-79.071281,386,10607.258063551333
27836,35.99236,-79.07154,387,10643.224730265156
27836,35.99289,-79.07174,388,10705.099682568263
27836,35.99309,-79.07182,389,10728.572414848182
27836,35.99346,-79.07196,390,10771.778136008896
27836,35.99394,-79.07214,391,10827.785707087758
27836,35.99409,-79.07219,392,10845.131287968316
27836,35.99426,-79.07225,393,10864.870816492386
27836,35.99444,-79.07232,394,10885.940850867717
27836,35.99446,-79.07232,395,10888.173144178647
27836,35.9948,-79.07244,396,10927.652173839942
27836,35.9952,-79.07257,397,10973.828864747013
27836,35.99542,-79.07264,398,10999.191634141369
27836,35.99559,-79.07268,399,11018.509860394772
27836,35.9958,-79.07271,400,11042.106340763812
27836,35.99592,-79.07272,401,11055.530768213923
27836,35.99604,-79.07272,402,11068.924519689508
27836,35.9962,-79.0727,403,11086.87475124673
27836,35.99625,-79.07269,404,11092.528706584562
27836,35.9963,-79.07267,405,11098.396857815844
27836,35.99638,-79.07265,406,11107.508427116407
27836,35.99644,-79.07262,407,11114.7369881648
27836,35.9965,-79.07259,408,11121.965548772938
27836,35.99672,-79.07246,409,11149.204998188281
27836,35.99697,-79.07229,410,11181.08541077258
27836,35.99724,-79.07211,411,11215.359509376678
27836,35.99744,-79.07197,412,11241.041245804558
27836,35.99767,-79.07179,413,11271.464180217637
27836,35.99784,-79.07164,414,11294.812086270638
27836,35.99803,-79.07144,415,11322.718736766514
27836,35.99817,-79.07127,416,11344.671268756572
27836,35.99832,-79.07107,417,11369.356330794268
27836,35.99837,-79.07101,418,11377.151146256823
27836,35.99845,-79.0709,419,11390.540237191015
27836,35.99861,-79.07068,420,11417.318403270077
27836,35.99893,-79.07023,421,11471.553878764898
27836,35.99904,-79.07007,422,11490.562548568583
27836,35.99904,-79.07006,423,11491.46952770716
27836,35.99976,-79.06904,424,11614.01168270931
27836,35.99998,-79.06873,425,11651.341044632514
27836,35.99998,-79.06872,426,11652.248014801466
27836,36.00015,-79.06848,427,11681.124466725465
27836,36.00054,-79.06792,428,11748.016164063467
27836,36.00057,-79.06789,429,11752.33072922106
27836,36.00088,-79.06744,430,11805.837215694244
27836,36.00098,-79.06731,431,11822.072857185585
27836,36.00112,-79.06713,432,11844.671357867326
27836,36.00118,-79.06707,433,11853.300473123745
27836,36.00118,-79.06706,434,11854.20743176586
27836,36.00123,-79.06702,435,11860.86372838287
27836,36.00134,-79.0669,436,11877.270822492277
27836,36.00146,-79.0668,437,11893.446511784117
27836,36.00155,-79.06673,438,11905.329948488135
27836,36.00161,-79.06668,439,11913.417789149165
27836,36.00166,-79.06665,440,11919.626511618217
27836,36.00178,-79.06657,441,11934.859375891368
27836,36.00179,-79.06657,442,11935.97553278316
27836,36.00193,-79.0665,443,11952.84217249264
27836,36.00194,-79.06649,444,11954.280354013268
27836,36.00209,-79.06643,445,11971.884858615398
27836,36.00224,-79.06638,446,11989.23047531102
27836,36.00233,-79.06636,447,11999.438343718193
27836,36.00249,-79.06632,448,12017.661609712342
27836,36.00263,-79.0663,449,12033.392738328566
27836,36.00265,-79.06629,450,12035.802255808767
27836,36.00271,-79.06628,451,12042.560333114932
27836,36.00353,-79.06615,452,12134.84152821819
27836,36.00364,-79.06614,453,12147.152713500906
27836,36.00369,-79.06613,454,12152.80671411271
27836,36.00434,-79.06603,455,12225.921632068816
27836,36.00494,-79.06594,456,12293.386686998963
27836,36.00514,-79.06592,457,12315.783416578013
27836,36.00538,-79.06589,458,12342.70902405045
27836,36.00553,-79.06588,459,12359.475941014854
27836,36.00564,-79.06589,460,12371.787129809212
27836,36.00575,-79.06589,461,12384.064869133492
27836,36.00584,-79.06591,462,12394.272730889938
27836,36.00598,-79.06593,463,12410.00386058146
27836,36.00616,-79.06598,464,12430.6000706333
27836,36.00633,-79.06604,465,12450.3395634897
27836,36.00649,-79.06611,466,12469.292868401693
27836,36.00667,-79.06622,467,12491.724090881009
27836,36.00669,-79.06624,468,12494.600385772974
27836,36.00681,-79.06631,469,12509.42255687312
27836,36.007,-79.06645,470,12534.139708457524
27836,36.00723,-79.06662,471,12564.084988426706
27836,36.00829,-79.06743,472,12703.346826706396
27836,36.00844,-79.06755,473,12723.315159768475
27836,36.00886,-79.06787,474,12778.449064679437
27836,36.0089,-79.0679,475,12783.677305903855
27836,36.00905,-79.06801,476,12803.166187711811
27836,36.00936,-79.06825,477,12844.043047915588
27836,36.00997,-79.06872,478,12924.369136651294
27836,36.01012,-79.06883,479,12943.857923296862
27836,36.01027,-79.06895,480,12963.826073305056
27836,36.01054,-79.06915,481,12998.999011065245
27836,36.01104,-79.06954,482,13065.069479923235
27836,36.01134,-79.06977,483,13104.51870525759
27836,36.01146,-79.06986,484,13120.203244147962
27836,36.01165,-79.07,485,13144.9198690377
27836,36.01217,-79.0704,486,13213.362294763037
27836,36.01232,-79.07052,487,13233.330239668567
27836,36.01263,-79.07076,488,13274.206452866063
27836,36.01278,-79.07087,489,13293.69500290341
27836,36.01309,-79.07111,490,13334.571125289707
27836,36.01327,-79.07125,491,13358.33682050543
27836,36.01369,-79.0716,492,13414.948575141361
27836,36.01379,-79.0717,493,13429.329409819522
27836,36.01402,-79.07192,494,13461.841113134224
27836,36.01409,-79.07199,495,13471.907676419323
27836,36.01457,-79.0725,496,13542.682293278747
27836,36.01473,-79.07268,497,13566.876049142016
27836,36.015,-79.07298,498,13607.474309436055
27836,36.01513,-79.07313,499,13627.36266908331
27836,36.01527,-79.07328,500,13648.07937940977
27836,36.01544,-79.07348,501,13674.326931311023
27836,36.01553,-79.07358,502,13687.859621550258
27836,36.0158,-79.07389,503,13729.070739339288
27836,36.01622,-79.07435,504,13791.819581928625
27836,36.01634,-79.07448,505,13809.661939695665
27836,36.01686,-79.07507,506,13888.597062147777
27836,36.01701,-79.07524,507,13911.354935434036
27836,36.01713,-79.07537,508,13929.197189350481
27836,36.01727,-79.07554,509,13951.146934809185
27836,36.01783,-79.07617,510,14035.823212735058
27836,36.01798,-79.07633,511,14057.976780492
27836,36.0181,-79.07647,512,14076.4305263275
27836,36.01812,-79.07648,513,14078.839937536206
27836,36.01822,-79.0766,514,14094.42750709138
27836,36.01838,-79.07676,515,14117.43612568695
27836,36.01848,-79.07688,516,14133.02366306842
27836,36.01874,-79.07712,517,14169.29643178708
27836,36.0188,-79.07717,518,14177.383580089703
27836,36.01895,-79.0773,519,14197.859042720853
27836,36.01899,-79.07734,520,14203.61117194418
27836,36.01909,-79.07742,521,14216.922645824045
27836,36.01925,-79.07754,522,14237.834547967102
27836,36.0194,-79.07765,523,14257.322456628302
27836,36.01941,-79.07766,524,14258.760484990205
27836,36.01969,-79.07786,525,14294.892761805031
27836,36.01972,-79.07788,526,14298.7007114339
27836,36.02005,-79.07809,527,14340.163985805619
27836,36.02039,-79.07827,528,14381.47347645712
27836,36.02074,-79.07844,529,14423.469349747887
27836,36.02101,-79.07855,530,14455.21263672974
27836,36.02104,-79.07856,531,14458.681636365793
27836,36.02131,-79.07866,532,14490.151789740266
27836,36.02157,-79.07875,533,14520.296843540289
27836,36.02174,-79.07879,534,14539.61465766529
27836,36.02209,-79.07887,535,14579.347118514335
27836,36.0221,-79.07888,536,14580.785124430931
27836,36.02245,-79.07895,537,14620.362088092503
27836,36.02252,-79.07896,538,14628.227468865363
27836,36.02285,-79.07903,539,14665.602757956538
27836,36.02326,-79.07913,540,14712.253865868703
27836,36.02333,-79.07914,541,14720.119243352563
27836,36.02342,-79.07916,542,14730.326819084723
27836,36.02353,-79.07918,543,14742.737494169902
27836,36.02373,-79.07922,544,14765.35288185948
27836,36.02385,-79.07925,545,14779.01990530595
27836,36.02406,-79.0793,546,14802.893114281007
27836,36.02472,-79.07943,547,14877.494991068344
27836,36.02514,-79.07952,548,14925.0775315616
27836,36.02519,-79.07953,549,14930.731372767903
27836,36.02554,-79.0796,550,14970.308256140406
27836,36.02587,-79.07967,551,15007.683466339104
27836,36.02679,-79.07986,552,15111.8026843826
27836,36.02768,-79.08005,553,15212.621105497987
27836,36.027823,-79.080002,554,15229.16445940002
27836,36.02814,-79.08015,555,15267.004789773153
27836,36.02887,-79.08031,556,15349.76370848247
27836,36.02926,-79.0804,557,15394.051033351398
27836,36.03011,-79.08058,558,15490.315583552907
27836,36.03099,-79.08077,559,15590.034228559427
27836,36.03143,-79.08086,560,15639.817228374084
27836,36.03231,-79.08105,561,15739.535779659516
27836,36.03259,-79.08111,562,15771.257304291155
27836,36.0329,-79.08117,563,15806.282328219675
27836,36.03332,-79.08126,564,15853.864593361608
27836,36.03408,-79.08142,565,15939.921763156895
27836,36.03426,-79.08146,566,15960.336752853527
27836,36.03444,-79.0815,567,15980.751739794086
27836,36.03521,-79.08166,568,16067.909207811597
27836,36.03594,-79.0818,569,16150.369257817729
27836,36.03683,-79.08198,570,16251.03611895613
27836,36.03724,-79.08209,571,16297.87129621589
27836,36.03738,-79.08212,572,16313.732004232164
27836,36.03742,-79.08213,573,16318.287626792824
27836,36.03753,-79.08215,574,16330.698197057696
27836,36.03745,-79.08297,575,16405.566792462174
27836,36.03736,-79.08408,576,16506.690081692002
27836,36.03735,-79.08416,577,16514.027582335337
27836,36.03728,-79.08497,578,16587.869721503797
27836,36.03728,-79.08499,579,16589.682749635995
27836,36.03726,-79.08519,580,16607.949933453958
27836,36.03723,-79.08547,581,16633.552225819
27836,36.03722,-79.08563,582,16648.099328377357
27836,36.03721,-79.08578,583,16661.742764844377
27836,36.0372,-79.08589,584,16671.776684836605
27836,36.0372,-79.08608,585,16689.00044233197
27836,36.0372,-79.08619,586,16698.972089041767
27836,36.0372,-79.0863,587,16708.94373401418
27836,36.0372,-79.08643,588,16720.728403108686
27836,36.03721,-79.08662,589,16737.988270002388
27836,36.03722,-79.08675,590,16749.82566663088
27836,36.03724,-79.08698,591,16770.79459625915
27836,36.03726,-79.08717,592,16788.16236301335
27836,36.03726,-79.08718,593,16789.068874163382
27836,36.0373,-79.0874,594,16809.50571056445
27836,36.03733,-79.08758,595,16826.162898641873
27836,36.03737,-79.08774,596,16841.338601521966
27836,36.03739,-79.08787,597,16853.33276860846
27836,36.03742,-79.08795,598,16861.320508097426
27836,36.03744,-79.08805,599,16870.656383119862
27836,36.03749,-79.0882,600,16885.354616618744
27836,36.03753,-79.08833,601,16897.956522233584
27836,36.03756,-79.08843,602,16907.62020779806
27836,36.03761,-79.08857,603,16921.484061171075
27836,36.03766,-79.0887,604,16934.52318963362
27836,36.03779,-79.08899,605,16964.550124593905
27836,36.03783,-79.08908,606,16973.85028151306
27836,36.03793,-79.08927,607,16994.373960754354
27836,36.038,-79.08941,608,17009.277032792597
27836,36.03803,-79.08945,609,17014.21254691508
27836,36.03813,-79.08963,610,17033.981589860818
27836,36.03816,-79.08968,611,17039.616736272033
27836,36.0383,-79.08988,612,17063.551110508342
27836,36.0385,-79.09017,613,17098.038230977487
27836,36.03859,-79.0903,614,17113.52289176955
27836,36.0386,-79.09031,615,17114.96075103535
27836,36.03905,-79.09094,616,17191.01320170995
27836,36.03932,-79.09132,617,17236.780811375145
27836,36.03933,-79.09135,618,17239.720383240547
27836,36.03943,-79.09149,619,17256.6208388912
27836,36.03955,-79.09166,620,17277.037852454527
27836,36.03958,-79.09171,621,17282.672914512223
27836,36.0397,-79.09187,622,17302.41467570032
27836,36.03983,-79.09205,623,17324.24938047713
27836,36.03991,-79.09219,624,17339.76638200307
27836,36.04001,-79.09234,625,17357.357610693834
27836,36.04016,-79.0922,626,17378.365582742885
27836,36.0402,-79.09217,627,17383.593056536993
27836,36.04025,-79.09212,628,17390.782272339162
27836,36.04034,-79.09203,629,17403.722857608936
27836,36.04038,-79.09198,630,17410.084729860948
27836,36.04042,-79.09195,631,17415.31220149394
27836,36.04044,-79.09193,632,17418.187885748535
27836,36.04047,-79.09191,633,17421.995521738503
27836,36.04051,-79.09189,634,17426.814031593844
27836,36.04057,-79.09185,635,17434.42930229983
27836,36.040734,-79.091947,636,17454.73587896495
27836,36.040746,-79.092065,637,17465.515678482105
27836,36.04077,-79.09215,638,17473.672967238268
27836,36.04087,-79.09223,639,17486.983028580653
27836,36.04093,-79.09227,640,17494.598286775446
27836,36.04101,-79.09228,641,17503.57307427599
27836,36.04105,-79.09228,642,17508.037521002912
27836,36.0411,-79.09229,643,17513.69121896122
27836,36.04113,-79.09229,644,17517.039553956085
27836,36.04117,-79.0923,645,17521.595094643963
27836,36.04121,-79.09232,646,17526.413595285878
27836,36.04124,-79.09234,647,17530.221220315212
27836,36.04128,-79.09236,648,17535.039720041594
27836,36.04132,-79.09239,649,17540.267172011732
27836,36.04136,-79.09243,650,17546.018509642035
27836,36.0414,-79.09247,651,17551.7698457397
27836,36.04142,-79.09249,652,17554.645513211814
27836,36.04144,-79.09251,653,17557.521180302178
27836,36.04147,-79.09254,654,17561.834680215885
27836,36.0415,-79.09256,655,17565.642301053802
27836,36.04154,-79.09258,656,17570.460796839787
27836,36.04157,-79.09259,657,17573.929657585886
27836,36.04158,-79.09259,658,17575.045768724944
27836,36.0416,-79.0926,659,17577.45501621777
27836,36.04164,-79.09261,660,17582.010553601693
27836,36.04168,-79.09262,661,17586.566090823857
27836,36.04172,-79.09262,662,17591.030535169666
27836,36.04175,-79.09262,663,17594.378868431635
27836,36.04176,-79.09262,664,17595.494979518127
27836,36.04178,-79.09263,665,17597.90422611471
27836,36.04181,-79.09263,666,17601.252559323228
27836,36.04183,-79.09264,667,17603.66180566301
27836,36.04186,-79.09265,668,17607.13066520585
27836,36.04188,-79.09266,669,17609.53991125167
27836,36.04189,-79.09268,670,17611.66883285647
27836,36.0419,-79.0927,671,17613.797754195904
27836,36.04191,-79.09272,672,17615.92667527205
27836,36.04193,-79.09274,673,17618.802334150856
27836,36.04193,-79.09277,674,17621.5216809852
27836,36.04198,-79.09298,675,17641.35825624244
27836,36.04203,-79.0932,676,17662.066221325505
27836,36.04206,-79.09334,677,17675.190775238614
27836,36.04201,-79.09335,678,17680.844461966622
27836,36.04192,-79.09338,679,17691.25102765617
27836,36.04182,-79.09341,680,17702.738626808903
27836,36.04173,-79.09345,681,17713.41796111796
27836,36.04154,-79.09353,682,17735.829648825886
27836,36.04126,-79.09365,683,17768.919643554153
27836,36.04111,-79.09372,684,17786.823384193147
27836,36.04106,-79.09375,685,17793.031239954416
27836,36.04072,-79.09391,686,17833.65605325677
27836,36.04061,-79.09396,687,17846.743122482578
27836,36.04056,-79.09384,688,17858.968656211575
27836,36.04051,-79.09368,689,17874.50865791757
27836,36.04045,-79.09354,690,17888.857667832635
27836,36.0404,-79.09341,691,17901.89631606645
27836,36.04034,-79.09328,692,17915.450257380762
27836,36.04029,-79.09316,693,17927.675837708455
27836,36.04029,-79.09315,694,17928.582305115226
27836,36.04022,-79.09302,695,17942.721046657985
27836,36.04009,-79.09275,696,17971.173346999312
27836,36.03991,-79.09242,697,18007.207072015422
27836,36.03978,-79.09219,698,18032.60787293951
27836,36.03968,-79.09206,699,18048.838630334893
27836,36.03952,-79.09183,700,18076.290053277284
27836,36.03944,-79.09172,701,18089.674799179724
27836,36.03928,-79.09149,702,18117.126285522143
27836,36.03895,-79.09103,703,18172.7619009728
27836,36.038678,-79.090794,704,18209.900718391913
27836,36.03856,-79.09048,705,18241.263765896343
27836,36.03854,-79.09045,706,18244.782059585446
27836,36.03842,-79.09029,707,18264.52402330236
27836,36.0383,-79.09012,708,18284.941249324755
27836,36.03817,-79.08994,709,18306.77625951868
27836,36.03805,-79.08977,710,18327.19353406112
27836,36.03793,-79.08957,711,18349.73414810431
27836,36.03785,-79.08941,712,18366.76623825076
27836,36.03782,-79.08936,713,18372.401401535186
27836,36.0377,-79.08911,714,18398.725817916704
27836,36.03766,-79.08903,715,18407.241885250678
27836,36.03757,-79.08883,716,18427.968760680204
27836,36.03751,-79.08868,717,18443.1259435521
27836,36.0375,-79.08863,718,18447.79387200063
27836,36.03745,-79.08851,719,18460.019894132056
27836,36.0374,-79.08833,720,18477.264947778014
27836,36.03737,-79.08825,721,18485.25268414895
27836,36.03733,-79.08812,722,18497.854613932013
27836,36.03731,-79.08804,723,18505.442462991192
27836,36.03728,-79.08792,724,18516.824241708397
27836,36.03726,-79.08783,725,18525.282698150604
27836,36.03723,-79.08771,726,18536.664487304293
27836,36.03721,-79.08761,727,18546.000391016736
27836,36.03719,-79.08748,728,18557.99458972085
27836,36.03715,-79.08723,729,18581.09294517595
27836,36.03712,-79.08701,730,18601.315356123072
27836,36.03712,-79.08696,731,18605.84792135484
27836,36.0371,-79.08678,732,18622.317141856005
27836,36.03709,-79.08655,733,18643.196811601792
27836,36.03708,-79.0863,734,18665.88713527564
27836,36.03708,-79.08629,735,18666.79364977526
27836,36.03709,-79.08607,736,18686.768178458096
27836,36.03709,-79.086,737,18693.113781760505
27836,36.03709,-79.08584,738,18707.618020518203
27836,36.03711,-79.08564,739,18725.88522470553
27836,36.03711,-79.08562,740,18727.698254917555
27836,36.03712,-79.08542,741,18745.862881516034
27836,36.03713,-79.0854,742,18747.991921645367
27836,36.03715,-79.08518,743,18768.05979543518
27836,36.03716,-79.08496,744,18788.03434136729
27836,36.03722,-79.0843,745,18848.237987569235
27836,36.03724,-79.08408,746,18868.30587346394
27836,36.03732,-79.08319,747,18949.478389728596
27836,36.03734,-79.08297,748,18969.546285516168
27836,36.03742,-79.08213,749,19046.215383680672
27836,36.03753,-79.08215,750,19058.625953945546
27836,36.03805,-79.08225,751,19117.368364866794
27836,36.03833,-79.08232,752,19149.257702090843
27836,36.03872,-79.0824,753,19193.38670685543
27836,36.03931,-79.08253,754,19260.28445251729
27836,36.03935,-79.08254,755,19264.84006771535
27836,36.04012,-79.0827,756,19351.997243033242
27836,36.04024,-79.08272,757,19365.512931793848
27836,36.04043,-79.08276,758,19387.02712548622
27836,36.04066,-79.0828,759,19412.952888365096
27836,36.04087,-79.08283,760,19436.548815664628
27836,36.04104,-79.08285,761,19455.609412887094
27836,36.0412,-79.08287,762,19473.559254957076
27836,36.04135,-79.08288,763,19490.325701262416
27836,36.04153,-79.08289,764,19510.436449645764
27836,36.04175,-79.08289,765,19534.991271564886
27836,36.04203,-79.08288,766,19566.25600677971
27836,36.04227,-79.08286,767,19593.104364368584
27836,36.04239,-79.08285,768,19606.528543356326
27836,36.04256,-79.08283,769,19625.589137395724
27836,36.04287,-79.08278,770,19660.48469838246
27836,36.04306,-79.08273,771,19682.170051092373
27836,36.04327,-79.08268,772,19706.04292142163
27836,36.04385,-79.0825,773,19772.802888230093
27836,36.04396,-79.08246,774,19785.604496613865
27836,36.0443,-79.08233,775,19825.34032352378
27836,36.04433,-79.08231,776,19829.147974760686
27836,36.0446,-79.08218,777,19861.505391720788
27836,36.04491,-79.08202,778,19899.021995998482
27836,36.04523,-79.08183,779,19938.67355244551
27836,36.04555,-79.08163,780,19978.727105218662
27836,36.04582,-79.08145,781,20012.99587260098
27836,36.046,-79.08134,782,20035.42432536193
27836,36.04612,-79.08126,783,20050.654877877132
27836,36.04658,-79.08097,784,20108.33468646603
27836,36.04695,-79.08071,785,20155.882764824484
27836,36.04708,-79.08062,786,20172.52846851903
27836,36.04841,-79.07974,787,20341.046382350632
27836,36.0489,-79.07942,788,20402.95210377584
27836,36.0494,-79.07913,789,20464.639224043127
27836,36.04965,-79.07901,790,20494.58748114082
27836,36.04992,-79.07889,791,20526.625840782846
27836,36.05026,-79.07877,792,20566.102350503304
27836,36.05063,-79.07867,793,20608.382305929117
27836,36.051,-79.0786,794,20650.163855332787
27836,36.05104,-79.0786,795,20654.628398994046
27836,36.0513,-79.07856,796,20683.87352285559
27836,36.05144,-79.07855,797,20699.525690834646
27836,36.05168,-79.07854,798,20726.32828431139
27836,36.05199,-79.07854,799,20760.928501139948
27836,36.05242,-79.07857,800,20808.999310272968
27836,36.05258,-79.07859,801,20826.94924854494
27836,36.05274,-79.07862,802,20845.013233405778
27836,36.05288,-79.07865,803,20860.873937488177
27836,36.0529,-79.07865,804,20863.10620916641
27836,36.05312,-79.07871,805,20888.256153791302
27836,36.05346,-79.07881,806,20927.272071780793
27836,36.05354,-79.07881,807,20936.201156265506
27836,36.05423,-79.07906,808,21016.47849181104
27836,36.05453,-79.07923,809,21053.33731466034
27836,36.05471,-79.07935,810,21076.182649324863
27836,36.05483,-79.07943,811,21091.412863400816
27836,36.05522,-79.07974,812,21143.221816557005
27836,36.05522,-79.07973,813,21144.128129889632
27836,36.05535,-79.07983,814,21161.235812284973
27836,36.055921,-79.080078,815,21228.814356639974
27836,36.05613,-79.08039,816,21265.47123834665
27836,36.05687,-79.08092,817,21361.016910547685
27836,36.05758,-79.08144,818,21453.216552495265
27836,36.05766,-79.0815,819,21463.671046278207
27836,36.05793,-79.0817,820,21498.83762077546
27836,36.05804,-79.08178,821,21513.09599333247
27836,36.05843,-79.08207,822,21563.944028939786
27836,36.05848,-79.08213,823,21571.735787952715
27836,36.05862,-79.08223,824,21589.799531605622
27836,36.05877,-79.08233,825,21608.836995495472
27836,36.05888,-79.0824,826,21622.656541025946
27836,36.05888,-79.08241,827,21623.562808026956
27836,36.05896,-79.08246,828,21633.5758302525
27836,36.05905,-79.08253,829,21645.456478769658
27836,36.05906,-79.08254,830,21646.89420608761
27836,36.05939,-79.08278,831,21689.669085999783
27836,36.05943,-79.08281,832,21694.896289538334
27836,36.05958,-79.08292,833,21714.38141397499
27836,36.05965,-79.08298,834,21723.900252310486
27836,36.05981,-79.08309,835,21744.35232556729
27836,36.06016,-79.08333,836,21789.063608118668
27836,36.06036,-79.08348,837,21815.199523674382
27836,36.06054,-79.0836,838,21838.044318564218
27836,36.06078,-79.08378,839,21869.4073596583
27836,36.06098,-79.08392,840,21895.08352060394
27836,36.06103,-79.08395,841,21901.291169350425
27836,36.06125,-79.08411,842,21929.807513470783
27836,36.06131,-79.08413,843,21936.745209004646
27836,36.06137,-79.08417,844,21944.360113638264
27836,36.06157,-79.08428,845,21968.807352347936
27836,36.06174,-79.08437,846,21989.46019134525
27836,36.06184,-79.08442,847,22001.506145263997
27836,36.06196,-79.08448,848,22015.961285835892
27836,36.06215,-79.08455,849,22038.096143143495
27836,36.06229,-79.0846,850,22054.36560387926
27836,36.06242,-79.08464,851,22069.321178375398
27836,36.06266,-79.0847,852,22096.654459336656
27836,36.06315,-79.08479,853,22151.949396583565
27836,36.06342,-79.08484,854,22182.423506610103
27836,36.06361,-79.08489,855,22204.10854028522
27836,36.06365,-79.08491,856,22208.926901975883
27836,36.0637,-79.08493,857,22214.794458198205
27836,36.06382,-79.08496,858,22228.46108438008
27836,36.0639,-79.08498,859,22237.572167683265
27836,36.06402,-79.08501,860,22251.238791414387
27836,36.06423,-79.08507,861,22275.299798701548
27836,36.06435,-79.08511,862,22289.17513219393
27836,36.06446,-79.08516,863,22302.261908128723
27836,36.06454,-79.0852,864,22311.898612086134
27836,36.0646,-79.08524,865,22319.51343252411
27836,36.06468,-79.0853,866,22329.967609379037
27836,36.06476,-79.08535,867,22339.980433708417
27836,36.06487,-79.08545,868,22355.239935145044
27836,36.06496,-79.08554,869,22368.179034647543
27836,36.06518,-79.08578,870,22400.98047524324
27836,36.06535,-79.08596,871,22426.0020143912
27836,36.0654,-79.086,872,22432.656489930916
27836,36.06547,-79.08608,873,22443.314623954466
27836,36.06555,-79.08617,874,22455.407660781653
27836,36.06562,-79.08624,875,22465.47135923019
27836,36.06565,-79.08626,876,22469.278751490187
27836,36.06568,-79.08629,877,22473.591762878834
27836,36.06575,-79.08634,878,22482.623367203196
27836,36.06578,-79.08635,879,22486.092189245184
27836,36.06581,-79.08636,880,22489.56101114339
27836,36.06582,-79.08637,881,22490.998680304117
27836,36.06598,-79.0864,882,22509.062374785237
27836,36.06602,-79.08687,883,22551.886105757127
27836,36.06606,-79.08732,884,22592.907740540817
27836,36.06616,-79.08865,885,22713.94472368656
27836,36.06631,-79.09042,886,22875.208440721883
27836,36.06638,-79.09131,887,22956.234954739823
27836,36.06642,-79.0918,888,23000.860992778526
27836,36.06645,-79.0921,889,23028.251389378016
27836,36.06646,-79.09232,890,23048.21823773671
27836,36.06647,-79.09237,891,23052.88450667276
27836,36.0665,-79.09276,892,23088.383172492962
27836,36.06652,-79.09298,893,23108.44335074844
27836,36.06652,-79.09302,894,23112.068003130433
27836,36.06654,-79.0932,895,23128.530969848132
27836,36.06656,-79.0934,896,23146.791168782016
27836,36.06657,-79.09356,897,23161.332654877704
27836,36.06659,-79.09373,898,23176.89828921375
27836,36.06661,-79.09383,899,23186.23079070187
27836,36.06663,-79.09392,900,23194.686209045423
27836,36.06666,-79.09404,901,23206.063972015516
27836,36.0667,-79.09417,902,23218.661644644926
27836,36.06677,-79.09434,903,23235.934281087888
27836,36.06683,-79.09446,904,23248.704820527022
27836,36.0669,-79.09456,905,23260.66940106744
27836,36.06693,-79.09461,906,23266.303160735755
27836,36.06705,-79.09476,907,23285.385394630353
27836,36.06713,-79.09487,908,23298.76745067783
27836,36.06741,-79.0952,909,23342.020359323298
27836,36.06774,-79.09558,910,23392.440922108486
27836,36.06786,-79.09572,911,23410.88854720772
27836,36.068,-79.09589,912,23432.830560413968
27836,36.06811,-79.09603,913,23450.484528479217
27836,36.06824,-79.09619,914,23470.995998852057
27836,36.06837,-79.09634,915,23490.877293068184
27836,36.0685,-79.09649,916,23510.75856710167
27836,36.06863,-79.09665,917,23531.269971372654
27836,36.06881,-79.09685,918,23558.32608287963
27836,36.0692,-79.0973,919,23617.969639268133
27836,36.06974,-79.09795,920,23702.239351775745
27836,36.0698,-79.09803,921,23712.108080753624
27836,36.06983,-79.09807,922,23717.042443241782
27836,36.06991,-79.09819,923,23731.112076137608
27836,36.06994,-79.09823,924,23736.046433626052
27836,36.06997,-79.09828,925,23741.680018709903
27836,36.07002,-79.09838,926,23752.321752958866
27836,36.07008,-79.09851,927,23765.87169110279
27836,36.07011,-79.09863,928,23777.24891208333
27836,36.07017,-79.09887,929,23800.00333558846
27836,36.07026,-79.09934,930,23843.759167439588
27836,36.0707,-79.0993,931,23893.00111347028
27836,36.07103,-79.09928,932,23929.876954437892
27836,36.07143,-79.09927,933,23974.530131583084
27836,36.07165,-79.09928,934,23999.10103488837
27836,36.07173,-79.09929,935,24008.075688809062
27836,36.07184,-79.09927,936,24020.485809104164
27836,36.07233,-79.09922,937,24075.36202227154
27836,36.07244,-79.09923,938,24087.67250915988
27836,36.07256,-79.09924,939,24101.096319518158
27836,36.07268,-79.09925,940,24114.52012958072
27836,36.07282,-79.09927,941,24130.25025647576
27836,36.07308,-79.09931,942,24159.494301363866
27836,36.07331,-79.09934,943,24185.308105510707
27836,36.07347,-79.09933,944,24203.18866908331
27836,36.073886,-79.099276,945,24249.875499927137
27836,36.07408,-79.09935,946,24272.542195688588
27836,36.07452,-79.09938,947,24321.725740566075
27836,36.07466,-79.09938,948,24337.351132368964
27836,36.07497,-79.0994,949,24371.99763569158
27836,36.07538,-79.09942,950,24417.793575519427
27836,36.07605,-79.09944,951,24492.59418378267
27836,36.07621,-79.09945,952,24510.474742976832
27836,36.07628,-79.09946,953,24518.339799512934
27836,36.07642,-79.09946,954,24533.965189532333
27836,36.0766,-79.09947,955,24554.075397077373
27836,36.07705,-79.09948,956,24604.308035599755
27836,36.07717,-79.09948,957,24617.701226691788
27836,36.07739,-79.0995,958,24642.322182627
27836,36.07759,-79.09951,959,24664.662546733096
27836,36.07785,-79.09952,960,24693.69526653081
27836,36.0787,-79.09956,961,24788.63289151014
27836,36.07942,-79.0996,962,24869.073703166032
27836,36.08038,-79.09964,963,24976.28048011001
27836,36.0813,-79.09968,964,25079.025515847392
27836,36.08179,-79.09971,965,25133.78185922417
27836,36.08195,-79.09972,966,25151.66240812901
27836,36.08204,-79.09972,967,25161.707297980982
27836,36.08235,-79.09969,968,25196.412951989223
27836,36.08274,-79.0996,969,25240.697911632342
27836,36.08292,-79.09955,970,25261.29205443132
27836,36.08305,-79.09955,971,25275.801343766874
27836,36.08312,-79.09954,972,25283.6663903975
27836,36.08341,-79.09953,973,25316.045943997095
27836,36.08356,-79.09954,974,25332.811926908234
27836,36.0837,-79.09956,975,25348.542018649685
27836,36.08384,-79.09958,976,25364.27210953504
27836,36.08398,-79.09961,977,25380.13210545124
27836,36.08404,-79.09964,978,25387.359213568197
27836,36.08408,-79.09965,979,25391.91460350926
27836,36.08413,-79.09967,980,25397.78187721259
27836,36.08419,-79.09969,981,25404.719264305957
27836,36.08426,-79.09973,982,25413.33146643562
27836,36.08434,-79.09977,983,25422.96760363918
27836,36.08442,-79.09982,984,25432.97968344841
27836,36.084499,-79.099777,985,25442.619085926766
27836,36.08454,-79.0999,986,25454.665197671904
27836,36.08457,-79.09993,987,25458.977701557567
27836,36.08467,-79.10001,988,25472.28538562176
27836,36.08476,-79.10009,989,25484.67192868733
27836,36.08484,-79.10016,990,25495.623590495776
27836,36.08505,-79.10035,991,25524.70320896261
27836,36.08534,-79.10062,992,25565.273096893172
27836,36.08555,-79.10081,993,25594.352628983295
27836,36.08579,-79.10102,994,25627.207450671056
27836,36.08607,-79.10127,995,25665.80207282437
27836,36.08625,-79.10144,996,25691.115675374745
27836,36.08657,-79.10172,997,25734.92191908105
27836,36.08664,-79.10178,998,25744.43940143395
27836,36.08666,-79.10184,999,25750.315397852075
27836,36.08667,-79.1019,1000,25755.864299637236
27836,36.08674,-79.10233,1001,25795.594397134442
27836,36.08682,-79.10287,1002,25845.32191543979
27836,36.08684,-79.10311,1003,25867.178110618475
27836,36.08685,-79.10328,1004,25882.619010935567
27836,36.08686,-79.10335,1005,25889.057863690603
27836,36.08685,-79.10339,1006,25892.84949771728
27836,36.08686,-79.10356,1007,25908.290389245212
27836,36.08694,-79.10426,1008,25972.329645048845
27836,36.08699,-79.10473,1009,26015.271519606697
27836,36.08704,-79.10534,1010,26070.812950886084
27836,36.08708,-79.10589,1011,26120.837411383138
27836,36.08711,-79.10639,1012,26166.256260973252
27836,36.08714,-79.1069,1013,26212.578544425327
27836,36.08715,-79.10728,1014,26247.020960008762
27836,36.08718,-79.10786,1015,26299.669877336833
27836,36.08718,-79.10804,1016,26315.97610843842
27836,36.087242,-79.108345,1017,26344.459408720595
27838,35.901957,-79.050714,0,0
27838,35.902,-79.0508,1,9.166847512692867
27838,35.90215,-79.05073,2,27.07579871337066
27838,35.90218,-79.05072,3,30.54530998893195
27838,35.90222,-79.0507,4,35.36533873235933
27838,35.90247,-79.0506,5,64.71047541104002
27838,35.90291,-79.05044,6,115.92689607528052
27838,35.90301,-79.05041,7,127.41641481019033
27838,35.90306,-79.05056,8,142.13714706188415
27838,35.90312,-79.05075,9,160.645538020189
27838,35.90319,-79.05095,10,180.4171977891485
27838,35.90333,-79.05143,11,226.72313400804484
27838,35.9034,-79.05164,12,247.33205044136656
27838,35.903566,-79.051805,13,271.1611545266962
27838,35.90366,-79.05243,14,328.87970071446006
27838,35.90374,-79.05265,15,350.76282963058094
27838,35.90379,-79.05284,16,368.8970148583162
27838,35.90382,-79.05292,17,376.89644497726863
27838,35.90384,-79.053,18,384.4965461481271
27838,35.90389,-79.05312,19,396.73979117018536
27838,35.90399,-79.05342,20,426.18083419851206
27838,35.90404,-79.05356,21,440.06529755194344
27838,35.90412,-79.05382,22,465.30809135314325
27838,35.90413,-79.05384,23,467.4398635914465
27838,35.90415,-79.05392,24,475.0399261826915
27838,35.90416,-79.05395,25,477.9840204564787
27838,35.9042,-79.05402,26,485.7519944022345
27838,35.9042,-79.05404,27,487.56819621560146
27838,35.90424,-79.0541,28,494.6124104498732
27838,35.90425,-79.05411,29,496.05133381811396
27838,35.90436,-79.05429,30,516.494747972682
27838,35.90456,-79.05456,31,549.6535227131701
27838,35.90482,-79.0542,32,593.3676520823859
27838,35.90509,-79.05384,33,637.830562284772
27838,35.90544,-79.05348,34,688.7706138291547
27838,35.905524,-79.053281,35,709.1290581080875
27838,35.90559,-79.05336,36,719.4117680559117
27838,35.90564,-79.05332,37,726.0706226403784
27838,35.90579,-79.05323,38,744.70156420199
27838,35.9058,-79.05322,39,746.1404782758643
27838,35.90598,-79.05313,40,767.8303778818199
27838,35.90604,-79.0531,41,775.060343541792
27838,35.90606,-79.05309,42,777.4703319985899
27838,35.90615,-79.05306,43,787.8787912023549
27838,35.90627,-79.05302,44,801.7567363176347
27838,35.90636,-79.05299,45,812.1651947846273
27838,35.90646,-79.05296,46,823.6546385733974
27838,35.90656,-79.05294,47,834.9632327644681
27838,35.90675,-79.0529,48,856.4794756277048
27838,35.90688,-79.05289,49,871.0182100234967
27838,35.90718,-79.05283,50,904.9439917544985
27838,35.90733,-79.05281,51,921.784916021479
27838,35.90738,-79.0528,52,927.4392128774517
27838,35.90766,-79.05277,53,958.8107792804012
27838,35.9077,-79.05277,54,963.2755026878958
27838,35.90793,-79.05279,55,989.0118205389837
27838,35.908,-79.0528,56,996.8776766105167
27838,35.90815,-79.05282,57,1013.718599171419
27838,35.90825,-79.05285,58,1025.2080308958589
27838,35.90868,-79.05296,59,1074.232162019153
27838,35.90896,-79.05314,60,1109.5012451923103
27838,35.910092,-79.053756,61,1247.6803517367357
27838,35.91008,-79.05385,62,1256.3203162035386
27838,35.91013,-79.05388,63,1262.5305574777794
27838,35.91026,-79.05397,64,1279.1839584242473
27838,35.91053,-79.05414,65,1313.044162681556
27838,35.91054,-79.05415,66,1314.4830400504102
27838,35.91062,-79.05423,67,1325.994055553297
27838,35.91071,-79.05431,68,1338.390944033157
27838,35.91095,-79.05449,69,1369.7716981272742
27838,35.91115,-79.05462,70,1395.0240620134034
27838,35.9112,-79.05465,71,1401.234279394884
27838,35.91132,-79.05473,72,1416.4714222213101
27838,35.911453,-79.054669,73,1432.3162387904824
27838,35.9115,-79.05483,74,1447.8480626675994
27838,35.91159,-79.05489,75,1459.2759072676429
27838,35.91183,-79.05503,76,1488.9273768747018
27838,35.91189,-79.05506,77,1496.1572439514468
27838,35.91217,-79.05521,78,1530.249099739811
27838,35.91239,-79.05535,79,1557.900288304022
27838,35.9126,-79.05547,80,1583.74875258835
27838,35.91276,-79.05556,81,1603.3884822730427
27838,35.91314,-79.05578,82,1650.2717739692973
27838,35.91318,-79.05566,83,1662.0469604678776
27838,35.9132,-79.05562,84,1666.3101351972416
27838,35.9133,-79.05534,85,1694.0762339775838
27838,35.91335,-79.05521,86,1707.1329819592456
27838,35.91339,-79.05511,87,1717.251220957562
27838,35.91344,-79.05499,88,1729.4932468463908
27838,35.91357,-79.05468,89,1761.1609742387702
27838,35.91362,-79.05453,90,1775.8799136487128
27838,35.91365,-79.05447,91,1782.274661039101
27838,35.91368,-79.054139,92,1812.5151261330407
27838,35.91381,-79.05405,93,1829.1239736903135
27838,35.9139,-79.05383,94,1851.4834334040356
27838,35.91402,-79.0535,95,1884.30449097807
27838,35.91404,-79.05345,96,1889.3635897959966
27838,35.91409,-79.05332,97,1902.4202764689605
27838,35.91419,-79.05306,98,1928.5336375321483
27838,35.91427,-79.05287,99,1947.9593304977334
27838,35.91458,-79.05205,100,2030.0616042282895
27838,35.91477,-79.05156,101,2079.348725090014
27838,35.91493,-79.05115,102,2120.638059570203
27838,35.914937,-79.050924,103,2141.173300162606
27838,35.91504,-79.05086,104,2154.055173402156
27838,35.91511,-79.05067,105,2172.993646616903
27838,35.91538,-79.04993,106,2246.63324093226
27838,35.91551,-79.04961,107,2279.110318524435
27838,35.91564,-79.04924,108,2315.705180643961
27838,35.91582,-79.04878,109,2362.0531274345085
27838,35.91583,-79.048607,110,2377.800686900216
27838,35.91591,-79.04854,111,2388.605507270897
27838,35.91592,-79.04853,112,2390.0443582411076
27838,35.91611,-79.04804,113,2439.3310698390533
27838,35.91626,-79.04764,114,2479.3233377021306
27838,35.91634,-79.04744,115,2499.559453007583
27838,35.916816,-79.045974,116,2642.87955864753
27838,35.91693,-79.0459,117,2657.2691289507056
27838,35.91706,-79.04559,118,2688.936202512586
27838,35.91713,-79.0454,119,2707.8744303071066
27838,35.91713,-79.04538,120,2709.69035786569
27838,35.91716,-79.04525,121,2721.9596807812127
27838,35.91718,-79.04518,122,2728.696078458632
27838,35.91718,-79.04507,123,2738.683677887851
27838,35.91717,-79.04495,124,2749.6362685745107
27838,35.91715,-79.04481,125,2762.542304223486
27838,35.91712,-79.04471,126,2772.2197523698724
27838,35.91706,-79.04453,127,2789.882087244805
27838,35.91701,-79.04436,128,2806.2954874198367
27838,35.91695,-79.04419,129,2823.1212122181023
27838,35.9169,-79.04403,130,2838.6838362509684
27838,35.91687,-79.04396,131,2845.8677764975528
27838,35.91685,-79.04387,132,2854.338939956832
27838,35.916737,-79.043784,133,2869.1734166299016
27838,35.91682,-79.04371,134,2880.6178231600506
27838,35.9168,-79.04352,135,2898.013094308006
27838,35.9168,-79.04339,136,2909.8167095488975
27838,35.9168,-79.04316,137,2930.700034821578
27838,35.91681,-79.04302,138,2943.4605393369147
27838,35.91682,-79.04292,139,2952.6086003416335
27838,35.91683,-79.04281,140,2962.658459249721
27838,35.91685,-79.04268,141,2974.6713317207527
27838,35.91686,-79.04266,142,2976.802890916384
27838,35.91687,-79.04261,143,2981.4779498689563
27838,35.9169,-79.04247,144,2994.6232013145195
27838,35.91693,-79.0424,145,3001.807157290523
27838,35.91696,-79.04228,146,3013.2057612161234
27838,35.91703,-79.0421,147,3031.320889255156
27838,35.91717,-79.04176,148,3065.9216489372966
27838,35.91722,-79.04163,149,3078.9781533790265
27838,35.91732,-79.04141,150,3101.8605199291924
27838,35.91737,-79.0413,151,3113.3016978821074
27838,35.91744,-79.04115,152,3129.0032948019175
27838,35.91754,-79.04096,153,3149.550795485754
27838,35.91765,-79.04076,154,3171.4714459200463
27838,35.91766,-79.04075,155,3172.9103020523503
27838,35.91777,-79.04059,156,3191.931365007632
27838,35.91778,-79.04057,157,3194.0629131724622
27838,35.9179,-79.04041,158,3213.822879522378
27838,35.91801,-79.04027,159,3231.4959176214616
27838,35.91822,-79.04001,160,3264.763542555705
27838,35.918358,-79.039708,161,3296.2142426052774
27838,35.91853,-79.03964,162,3316.381299086317
27838,35.9189,-79.03917,163,3375.7674231094884
27838,35.91895,-79.03913,164,3382.4260926649094
27838,35.91901,-79.03905,165,3392.3060203339396
27838,35.91907,-79.03898,166,3401.5389662693187
27838,35.91914,-79.03893,167,3410.5755123174085
27838,35.91921,-79.03887,168,3420.1005969650632
27838,35.91927,-79.03884,169,3427.3305544668283
27838,35.91936,-79.03881,170,3437.739130931771
27838,35.91943,-79.03879,171,3445.760809408608
27838,35.9195,-79.03878,172,3453.6268263977895
27838,35.91961,-79.03877,173,3465.938614988276
27838,35.91973,-79.03879,174,3479.4556145128568
27838,35.91988,-79.03882,175,3496.418815623319
27838,35.92014,-79.03886,176,3525.6665228053
27838,35.92034,-79.03889,177,3548.1561912752177
27838,35.92036,-79.03889,178,3550.388602560893
27838,35.92044,-79.0389,179,3559.364286805436
27838,35.92053,-79.03891,180,3569.451083025671
27838,35.92062,-79.03891,181,3579.4969334966127
27838,35.92069,-79.0389,182,3587.362947427189
27838,35.92078,-79.03889,183,3597.4497435569815
27838,35.92085,-79.03888,184,3605.315757531073
27838,35.92088,-79.03887,185,3608.785278068978
27838,35.92106,-79.0388,186,3629.8582215630236
27838,35.92128,-79.03874,187,3655.011730632791
27838,35.92139,-79.03871,188,3667.588484838934
27838,35.92146,-79.03869,189,3675.610154026017
27838,35.92156,-79.03868,190,3686.8090785374156
27838,35.92161,-79.03869,191,3692.4634767250936
27838,35.92165,-79.03869,192,3696.9283007448403
27838,35.92172,-79.03869,193,3704.741742782143
27838,35.92182,-79.0387,194,3715.940666885606
27838,35.92215,-79.03874,195,3752.954059736406
27838,35.922433,-79.038616,196,3786.4889235206224
27838,35.92256,-79.03877,197,3806.399862129764
27838,35.92284,-79.03871,198,3838.1248148776776
27838,35.92285,-79.03871,199,3839.2410208523297
27838,35.92319,-79.03863,200,3877.880812786459
27838,35.92339,-79.03858,201,3900.6618058582226
27838,35.92351,-79.03856,202,3914.17879837432
27838,35.92363,-79.03852,203,3928.056855322604
27838,35.92376,-79.03848,204,3943.0150759064513
27838,35.92396,-79.0384,205,3966.491028460589
27838,35.9242,-79.03827,206,3995.7647385566897
27838,35.92423,-79.03825,207,3999.5739813248724
27838,35.92446,-79.03812,208,4027.829802548001
27838,35.924493,-79.03797,209,4041.937504501179
27838,35.9247,-79.03796,210,4065.060825880448
27838,35.92472,-79.03793,211,4068.5824734570597
27838,35.92493,-79.03776,212,4096.647762741451
27838,35.92522,-79.03749,213,4137.25192841823
27838,35.92576,-79.03693,214,4216.1058257516
27838,35.92635,-79.03633,215,4301.571040566752
27838,35.9265,-79.03618,216,4323.1530771499365
27838,35.926825,-79.035781,217,4374.418861850434
27838,35.92697,-79.0357,218,4392.196185845527
27838,35.92703,-79.03565,219,4400.286847884598
27838,35.9272,-79.0355,220,4423.643248804522
27838,35.92728,-79.03543,221,4434.603441248779
27838,35.92729,-79.03543,222,4435.719653093033
27838,35.92739,-79.03535,223,4449.036647437648
27838,35.92749,-79.03527,224,4462.353638434517
27838,35.92756,-79.03522,225,4471.389993421373
27838,35.92764,-79.03516,226,4481.849959419758
27838,35.92773,-79.0351,227,4493.277630080481
27838,35.92777,-79.03507,228,4498.507611245896
27838,35.92789,-79.03498,229,4514.1975519083735
27838,35.92801,-79.03489,230,4529.887488320076
27838,35.9282,-79.0348,231,4552.615026372981
27838,35.92838,-79.03471,232,4574.304686391467
27838,35.92867,-79.03458,233,4608.759242311023
27838,35.929289,-79.034287,234,4682.796242270244
27838,35.929732,-79.034089,235,4735.410302387189
27838,35.929902,-79.033851,236,4764.166401153378
27838,35.93008,-79.03392,237,4784.99907340723
27838,35.93015,-79.0339,238,4793.020758701255
27838,35.93024,-79.03386,239,4803.702856033217
27838,35.93033,-79.03382,240,4814.38495263322
27838,35.9304,-79.03378,241,4823.001056316641
27838,35.93048,-79.03374,242,4832.64088309958
27838,35.93063,-79.03366,243,4850.891388531627
27838,35.93068,-79.03362,244,4857.549820647369
27838,35.93079,-79.03352,245,4872.819811727295
27838,35.93092,-79.03342,246,4889.936394693317
27838,35.931,-79.03335,247,4900.8964488409765
27838,35.93111,-79.03324,248,4916.722978588501
27838,35.93115,-79.03321,249,4921.952914205731
27838,35.9313,-79.03306,250,4943.534532574461
27838,35.93133,-79.03304,251,4947.343728760933
27838,35.931303,-79.032889,252,4961.379162138423
27838,35.93176,-79.03261,253,5018.332146607275
27838,35.93211,-79.03228,254,5067.563694719959
27838,35.93217,-79.03222,255,5076.196314181646
27838,35.9324,-79.03199,256,5109.288005427243
27838,35.932441,-79.031794,257,5127.660138871856
27838,35.93295,-79.03145,258,5192.49238367817
27838,35.93387,-79.03057,259,5322.598010469647
27838,35.93423,-79.03022,260,5373.825447827621
27838,35.93443,-79.03002,261,5402.600624091238
27838,35.93459,-79.02987,262,5425.059028788322
27838,35.934961,-79.029463,263,5480.5567958500915
27838,35.935283,-79.028933,264,5540.612158371243
27838,35.935365,-79.028665,265,5566.605435743555
27838,35.935351,-79.02856,266,5576.2643486899005
27838,35.935443,-79.028514,267,5587.350142742534
27838,35.93564,-79.02818,268,5624.804481041825
27838,35.93588,-79.02774,269,5672.898532270667
27838,35.93589,-79.02772,270,5675.029766969477
27838,35.93589,-79.02771,271,5675.9375391683
27838,35.9359,-79.02771,272,5677.053764823284
27838,35.93591,-79.02771,273,5678.169990476756
27838,35.93592,-79.0277,274,5679.608743267376
27838,35.93597,-79.02768,275,5685.477745892563
27838,35.936,-79.02763,276,5691.118211517387
27838,35.93608,-79.02748,277,5707.401705550357
27838,35.93612,-79.0274,278,5715.926631332942
27838,35.93633,-79.02704,279,5756.143927684215
27838,35.93643,-79.02685,280,5776.688403103287
27838,35.93654,-79.02665,281,5798.605924544155
27838,35.93657,-79.0265,282,5812.628140479375
27838,35.93665,-79.02637,283,5827.426933324976
27838,35.936757,-79.026107,284,5854.122042510668
27838,35.93688,-79.02602,285,5869.961028011053
27838,35.93746,-79.02513,286,5973.491562237326
27838,35.93767,-79.02482,287,6010.116124141763
27838,35.93806,-79.02423,288,6079.134440995856
27838,35.93841,-79.0237,289,6141.109965756023
27838,35.93846,-79.02362,290,6150.268889218191
27838,35.93855,-79.02349,291,6165.76666811737
27838,35.93862,-79.0234,292,6177.07141315595
27838,35.93869,-79.02329,293,6189.750424616654
27838,35.93873,-79.02323,294,6196.793132937866
27838,35.93884,-79.02306,295,6216.513674811363
27838,35.93893,-79.02292,296,6232.713311547527
27838,35.93896,-79.02288,297,6237.652723573163
27838,35.93916,-79.02257,298,6273.572812939401
27838,35.93929,-79.02237,299,6296.814335018358
27838,35.93943,-79.02217,300,6320.768646886036
27838,35.93954,-79.022,301,6340.489114358699
27838,35.93975,-79.02168,302,6377.815259832669
27838,35.94003,-79.02127,303,6426.415330166127
27838,35.94036,-79.02076,304,6485.576505710525
27838,35.94036,-79.02074,305,6487.391966783285
27838,35.94042,-79.0206,306,6501.757012036744
27838,35.94056,-79.0204,307,6525.711193376206
27838,35.94065,-79.02025,308,6542.632142823701
27838,35.94075,-79.0201,309,6560.238733182915
27838,35.94084,-79.01997,310,6575.736336837326
27838,35.94096,-79.0198,311,6596.170346932915
27838,35.94097,-79.01978,312,6598.301508462429
27838,35.94135,-79.0192,313,6665.9108181576285
27838,35.94153,-79.01894,314,6696.905925444621
27838,35.94165,-79.01875,315,6718.743293541277
27838,35.9418,-79.01851,316,6746.219559980952
27838,35.94198,-79.01821,317,6780.061206013031
27838,35.94234,-79.01759,318,6849.213622906497
27838,35.94257,-79.01716,319,6895.931914548654
27838,35.94266,-79.01698,320,6915.112158752222
27838,35.94294,-79.01639,321,6977.120074671566
27838,35.94307,-79.01605,322,7011.223435733484
27838,35.94329,-79.01558,323,7060.448687381287
27838,35.94374,-79.01467,324,7157.123804484266
27838,35.944,-79.01408,325,7218.036548236312
27838,35.94422,-79.01359,326,7268.842936306378
27838,35.94461,-79.01269,327,7361.411075081377
27838,35.94467,-79.01256,328,7374.979304764718
27838,35.94506,-79.01168,329,7465.9490924791535
27838,35.94507,-79.01166,330,7468.0802007977745
27838,35.94516,-79.01147,331,7488.039045470675
27838,35.94568,-79.0103,332,7609.066093110363
27838,35.94631,-79.00891,333,7753.509144473386
27838,35.94647,-79.00855,334,7790.748009632755
27838,35.94676,-79.00791,335,7857.249998259529
27838,35.94708,-79.00719,336,7931.727481468046
27838,35.94721,-79.00727,337,7947.954266267249
27838,35.94733,-79.00735,338,7963.190974574252
27838,35.94764,-79.00757,339,8003.143361317423
27838,35.94778,-79.00766,340,8020.7773078651235
27838,35.94797,-79.00777,341,8044.218857735635
27838,35.94798,-79.00778,342,8045.657568315814
27838,35.94814,-79.00786,343,8064.9374080928765
27838,35.94825,-79.00791,344,8078.028122437881
27838,35.94829,-79.00793,345,8082.84807977972
27838,35.9484,-79.00797,346,8095.652458815182
27838,35.94853,-79.007834,347,8114.703906711377
27838,35.94861,-79.00803,348,8134.609465467736
27838,35.94866,-79.00804,349,8140.264091129747
27838,35.94873,-79.00805,350,8148.130456682986
27838,35.94885,-79.00805,351,8161.525586566734
27838,35.94925,-79.00803,352,8206.2129061466
27838,35.94931,-79.00803,353,8212.910471313151
27838,35.94938,-79.00803,354,8220.724297343868
27838,35.94943,-79.00803,355,8226.305601651466
27838,35.94948,-79.00802,356,8231.960225890984
27838,35.94959,-79.00799,357,8244.537387187802
27838,35.94972,-79.00796,358,8259.302035114746
27838,35.94986,-79.00791,359,8275.575290445555
27838,35.94996,-79.00786,360,8287.625148734618
27838,35.95001,-79.00784,361,8293.494237349207
27838,35.95026,-79.00773,362,8323.132974911738
27838,35.95032,-79.00796,363,8345.056650981109
27838,35.950497,-79.008222,364,8375.973609780538
27839,35.90689,-79.05487,0,0
27839,35.9069,-79.05482,1,4.675528130189864
27839,35.90669,-79.05485,2,28.273024126647584
27839,35.90647,-79.05487,3,52.89598996029194
27839,35.90627,-79.05491,4,75.5131094031047
27839,35.90606,-79.05494,5,99.11060446656126
27839,35.90604,-79.05494,6,101.34295842823964
27839,35.90552,-79.05499,7,159.5614800205788
27839,35.90526,-79.05501,8,188.6388530655366
27839,35.90508,-79.05503,9,208.81195722241256
27839,35.90492,-79.05495,10,228.09184317488732
27839,35.90489,-79.05493,11,231.90119739081322
27839,35.90482,-79.05487,12,241.42660720156198
27839,35.90478,-79.05483,13,247.1822776406042
27839,35.90472,-79.05476,14,256.4157877410082
27839,35.90456,-79.05456,15,281.8871970400269
27839,35.90482,-79.0542,16,325.6013264092427
27839,35.90509,-79.05384,17,370.06423661162876
27839,35.90544,-79.05348,18,421.0042881560115
27839,35.905524,-79.053281,19,441.36273243494435
27839,35.90559,-79.05336,20,451.6454423827686
27839,35.90564,-79.05332,21,458.30429696723525
27839,35.90579,-79.05323,22,476.9352385288469
27839,35.9058,-79.05322,23,478.3741526027213
27839,35.90598,-79.05313,24,500.06405220867686
27839,35.90604,-79.0531,25,507.2940178686489
27839,35.90606,-79.05309,26,509.70400632544687
27839,35.90615,-79.05306,27,520.1124655292119
27839,35.90627,-79.05302,28,533.9904106444917
27839,35.90636,-79.05299,29,544.3988691114843
27839,35.90646,-79.05296,30,555.8883129002544
27839,35.90656,-79.05294,31,567.1969070913251
27839,35.90675,-79.0529,32,588.7131499545618
27839,35.90688,-79.05289,33,603.2518843503537
27839,35.90718,-79.05283,34,637.1776660813555
27839,35.90733,-79.05281,35,654.018590348336
27839,35.90738,-79.0528,36,659.6728872043087
27839,35.90766,-79.05277,37,691.0444536072582
27839,35.9077,-79.05277,38,695.5091770147528
27839,35.90781,-79.05278,39,707.8206999334457
27839,35.90793,-79.05279,40,721.2456156193588
27839,35.908,-79.0528,41,729.1114716908918
27839,35.90815,-79.05282,42,745.9523942517941
27839,35.90825,-79.05285,43,757.4418259762339
27839,35.90868,-79.05296,44,806.465957099528
27839,35.90896,-79.05314,45,841.7350402726854
27839,35.910092,-79.053756,46,979.9141468171108
27839,35.91013,-79.05388,47,991.9461417042413
27839,35.91026,-79.05397,48,1008.599542650709
27839,35.91053,-79.05414,49,1042.4597469080177
27839,35.91054,-79.05415,50,1043.898624276872
27839,35.91062,-79.05423,51,1055.4096397797587
27839,35.91071,-79.05431,52,1067.8065282596187
27839,35.91049,-79.05487,53,1124.2747491985094
27839,35.91025,-79.05547,54,1184.9860514667678
27839,35.91005,-79.05601,55,1238.8621391018967
27839,35.91002,-79.05608,56,1246.0464322086848
27839,35.90997,-79.05623,57,1260.7659135051508
27839,35.90976,-79.05678,58,1315.9347064001024
27839,35.90972,-79.05688,59,1326.0532954246798
27839,35.90964,-79.05708,60,1346.2904810959965
27839,35.90961,-79.05718,61,1355.9685537790851
27839,35.909626,-79.057403,62,1376.296300845484
27839,35.90931,-79.05799,63,1440.211167981047
27839,35.90926,-79.05812,64,1453.2684075587254
27839,35.90894,-79.05893,65,1535.0332802505425
27839,35.90893,-79.059223,66,1561.6622201449147
27839,35.90879,-79.05934,67,1580.5580953645328
27839,35.90843,-79.06025,68,1672.4417661698324
27839,35.90829,-79.06062,69,1709.4955364604657
27839,35.90822,-79.0608,70,1727.6117720193902
27839,35.90813,-79.06107,71,1754.1071627116821
27839,35.90798,-79.06147,72,1794.1019920256877
27839,35.90797,-79.061725,73,1817.284057979695
27839,35.90786,-79.06182,74,1832.2893980053677
27839,35.90759,-79.0625,75,1900.998437340422
27839,35.90752,-79.06269,76,1919.938059631861
27839,35.90747,-79.06281,77,1932.180666971725
27839,35.90746,-79.06284,78,1935.124613214353
27839,35.90744,-79.06288,79,1939.3879652338717
27839,35.907439,-79.063095,80,1958.911369137377
27839,35.90734,-79.06317,81,1971.8915065445467
27839,35.90723,-79.06346,82,2000.946579254117
27839,35.90722,-79.06347,83,2002.3854594085033
27839,35.90722,-79.0635,84,2005.1096162437777
27839,35.90709,-79.0639,85,2044.2227666816038
27839,35.90689,-79.06391,86,2066.5644485977728
27839,35.90647,-79.06393,87,2113.4783767445983
27839,35.90604,-79.064,88,2161.8923898572525
27839,35.90585,-79.06403,89,2183.2737013496917
27839,35.90569,-79.06407,90,2201.497916438606
27839,35.90552,-79.06414,91,2221.5090485198234
27839,35.90525,-79.06427,92,2253.8750067430246
27839,35.90524,-79.06427,93,2254.991167126213
27839,35.904935,-79.064481,94,2294.0557146745914
27839,35.90474,-79.0645,95,2315.8891126491726
27839,35.90458,-79.06458,96,2335.1687170247515
27839,35.90414,-79.06481,97,2388.5364451264186
27839,35.90399,-79.06491,98,2407.5829613941996
27839,35.90386,-79.06504,99,2426.2886715162663
27839,35.90377,-79.06512,100,2438.685717751986
27839,35.90368,-79.06524,101,2453.506549780936
27839,35.90358,-79.06554,102,2482.947123722486
27839,35.90341,-79.06601,103,2529.6552476770644
27839,35.90335,-79.06614,104,2543.227719595274
27839,35.90326,-79.06634,105,2563.982571770629
27839,35.9032,-79.06647,106,2577.5550561789623
27839,35.903098,-79.066746,107,2605.083013947172
27839,35.90304,-79.06672,108,2611.973834195519
27839,35.903,-79.06677,109,2618.34163070033
27839,35.90281,-79.06702,110,2649.4082606252614
27839,35.90267,-79.06719,111,2671.37412791936
27839,35.90252,-79.06741,112,2697.4400856919215
27839,35.9023,-79.06765,113,2730.272474395112
27839,35.9021,-79.0679,114,2762.111573757425
27839,35.902019,-79.068159,115,2787.3092720093246
27839,35.90193,-79.06814,116,2797.391767520951
27839,35.90187,-79.06822,117,2807.272399170298
27839,35.90177,-79.06842,118,2828.590083756811
27839,35.90156,-79.069,119,2886.2404002587937
27839,35.90152,-79.06912,120,2898.0168295236517
27839,35.90148,-79.06922,121,2908.1360752144824
27839,35.90139,-79.06954,122,2938.8828844045097
27839,35.90134,-79.06971,123,2955.2985247993506
27839,35.90125,-79.07011,124,2992.9863960773346
27839,35.9012,-79.07052,125,3030.6349013887425
27839,35.90119,-79.07064,126,3041.5892532866137
27839,35.90118,-79.07108,127,3081.56174295817
27839,35.90118,-79.07109,128,3082.469854135455
27839,35.90119,-79.0713,129,3101.572819335859
27839,35.9012,-79.07161,130,3129.7463617050676
27839,35.90126,-79.07208,131,3172.949700588797
27839,35.9014,-79.072222,132,3193.209459762938
27839,35.90138,-79.07258,133,3225.796234111306
27839,35.90139,-79.07262,134,3229.5962739729353
27839,35.90153,-79.07295,135,3263.393061200302
27839,35.90162,-79.07314,136,3283.358222154892
27839,35.90171,-79.07336,137,3305.7197664706687
27839,35.90179,-79.07356,138,3325.9580678106895
27839,35.90183,-79.07379,139,3347.31620666239
27839,35.90186,-79.07396,140,3363.112860640307
27839,35.90188,-79.07409,141,3375.1273471436393
27839,35.9019,-79.07429,142,3393.425987426553
27839,35.90192,-79.07448,143,3410.823654675856
27839,35.90193,-79.07455,144,3417.2775833166716
27839,35.90194,-79.07459,145,3421.07758694058
27839,35.90195,-79.07468,146,3429.3263235141508
27839,35.90197,-79.07477,147,3437.79856805534
27839,35.90199,-79.07486,148,3446.2708093748333
27839,35.90202,-79.07495,149,3455.1030043914384
27839,35.90204,-79.07505,150,3464.454307158084
27839,35.90208,-79.07517,151,3476.2305562736956
27839,35.90223,-79.0756,152,3518.716398052082
27839,35.90223,-79.07562,153,3520.532583037204
27839,35.90224,-79.07566,154,3524.3325669247683
27839,35.90225,-79.07582,155,3538.9048483537317
27839,35.90232,-79.076,156,3557.021767328372
27839,35.90236,-79.07614,157,3570.4961672201066
27839,35.90241,-79.07626,158,3582.7391439470134
27839,35.90244,-79.07637,159,3593.274401195822
27839,35.90247,-79.07644,160,3600.459004566896
27839,35.90255,-79.0767,161,3625.701320396756
27839,35.90263,-79.07696,162,3650.9436032842355
27839,35.90271,-79.0772,163,3674.4958710102924
27839,35.90279,-79.07743,164,3697.2104247856264
27839,35.903001,-79.077918,165,3747.3939933820366
27839,35.90295,-79.07809,166,3764.017917005095
27839,35.90302,-79.07841,167,3794.1084799261102
27839,35.90305,-79.07855,168,3807.255148531042
27839,35.9031,-79.07881,169,3831.5157687093088
27839,35.90317,-79.0792,170,3867.782348254473
27839,35.90319,-79.07935,171,3881.5851942878235
27839,35.90324,-79.07967,172,3911.174640304111
27839,35.9033,-79.08045,173,3982.3202940200445
27839,35.90338,-79.08134,174,4063.6304609280633
27839,35.90343,-79.08163,175,4090.5493282256507
27839,35.90345,-79.08186,176,4111.5538833284245
27839,35.90347,-79.08202,177,4126.253471639184
27839,35.90357,-79.082161,178,4143.239072918852
27839,35.903505,-79.08226,179,4154.7911474984
27839,35.90351,-79.08229,180,4157.571925190656
27839,35.90353,-79.08241,181,4168.695032936776
27839,35.90356,-79.08254,182,4180.9655980811585
27839,35.90359,-79.08265,183,4191.500611405628
27839,35.9036,-79.08272,184,4197.954323013461
27839,35.90362,-79.08278,185,4203.842276504438
27839,35.90368,-79.08302,186,4226.641541151917
27839,35.90372,-79.08316,187,4240.115582860448
27839,35.90376,-79.08329,188,4252.736434247784
27839,35.90381,-79.08342,189,4265.793896069137
27839,35.90384,-79.08351,190,4274.625795558574
27839,35.90385,-79.08354,191,4277.569761130957
27839,35.90394,-79.08377,192,4300.7452948089485
27839,35.90405,-79.08404,193,4328.165139791092
27839,35.90414,-79.08411,194,4340.052466429509
27839,35.90417,-79.08414,195,4344.36903225994
27839,35.90422,-79.08423,196,4354.265162893756
27839,35.9043,-79.08435,197,4368.352909461336
27839,35.90437,-79.08446,198,4381.034127983565
27839,35.90442,-79.08451,199,4388.228391497076
27839,35.90446,-79.08456,200,4394.595949311457
27839,35.90454,-79.08464,201,4406.106762701762
27839,35.90462,-79.08472,202,4417.617569961315
27839,35.90472,-79.0848,203,4430.934660850168
27839,35.90477,-79.08483,204,4437.1446777161
27839,35.90484,-79.08488,205,4446.180978373988
27839,35.90493,-79.08493,206,4457.204503482102
27839,35.90497,-79.08496,207,4462.434481136779
27839,35.90517,-79.08507,208,4486.889807395006
27839,35.90576,-79.08542,209,4560.009224702376
27839,35.906,-79.08555,210,4589.281838467524
27839,35.90612,-79.08562,211,4604.107046658758
27839,35.90603,-79.08587,212,4628.931065848592
27839,35.90597,-79.08605,213,4646.594375698935
27839,35.90566,-79.08699,214,4738.695800256819
27839,35.90559,-79.08721,215,4760.146050329502
27839,35.90552,-79.08742,216,4780.75330085316
27839,35.90538,-79.08787,217,4824.500760921341
27839,35.90528,-79.08817,218,4853.939729547584
27839,35.90514,-79.0886,219,4895.995973565092
27839,35.90502,-79.08886,220,4923.1394949309915
27839,35.905009,-79.08903,221,4938.624938085344
27839,35.90492,-79.08905,222,4948.7230226034935
27839,35.90483,-79.08923,223,4967.907761801573
27839,35.90477,-79.08927,224,4975.526056674442
27839,35.90451,-79.0897,225,5024.1746578057855
27839,35.90418,-79.09029,226,5089.188798141076
27839,35.90404,-79.09055,227,5117.500589221258
27839,35.90391,-79.09078,228,5142.9311798958615
27839,35.90372,-79.09115,229,5182.661787382191
27839,35.9035,-79.09111,230,5207.483460668148
27839,35.90317,-79.09101,231,5245.418044846626
27839,35.90314,-79.091,232,5248.887330765125
27839,35.902977,-79.091017,233,5267.14534793364
27839,35.90288,-79.09091,234,5281.692324101741
27839,35.90255,-79.09073,235,5321.987999026624
27839,35.90248,-79.09067,236,5331.512959177789
27839,35.90237,-79.09058,237,5346.261604118674
27839,35.9022,-79.09039,238,5371.907030144993
27839,35.90195,-79.09007,239,5412.192966814769
27839,35.90168,-79.08974,240,5454.691405120363
27839,35.90151,-79.08995,241,5481.592391751828
27839,35.90173,-79.09024,242,5517.598207692227
27839,35.90176,-79.09027,243,5521.914784251397
27839,35.90177,-79.09029,244,5524.046479379113
27839,35.9018,-79.09032,245,5528.363054721161
27839,35.90181,-79.09035,246,5531.307053966447
27839,35.90181,-79.09039,247,5534.939358185998
27839,35.9018,-79.09041,248,5537.071052118591
27839,35.90179,-79.09044,249,5540.015051261893
27839,35.90178,-79.09046,250,5542.146745417683
27839,35.90177,-79.09046,251,5543.262859299865
27839,35.90176,-79.09047,252,5544.701717524243
27839,35.90174,-79.09048,253,5547.11158135042
27839,35.90172,-79.09048,254,5549.3438090424115
27839,35.90169,-79.09047,255,5552.813102239988
27839,35.90166,-79.09045,256,5556.622276778655
27839,35.90162,-79.0904,257,5562.989890469879
27839,35.90162,-79.0904,258,5562.989890469879
27839,35.901507,-79.090337,259,5576.838841511452
27842,35.90689,-79.05487,0,0
27842,35.9069,-79.05482,1,4.675528130189864
27842,35.90669,-79.05485,2,28.273024126647584
27842,35.90647,-79.05487,3,52.89598996029194
27842,35.90627,-79.05491,4,75.5131094031047
27842,35.90606,-79.05494,5,99.11060446656126
27842,35.90604,-79.05494,6,101.34295842823964
27842,35.90552,-79.05499,7,159.5614800205788
27842,35.90526,-79.05501,8,188.6388530655366
27842,35.90508,-79.05503,9,208.81195722241256
27842,35.90492,-79.05495,10,228.09184317488732
27842,35.90489,-79.05493,11,231.90119739081322
27842,35.90482,-79.05487,12,241.42660720156198
27842,35.90478,-79.05483,13,247.1822776406042
27842,35.90472,-79.05476,14,256.4157877410082
27842,35.90456,-79.05456,15,281.8871970400269
27842,35.90482,-79.0542,16,325.6013264092427
27842,35.90509,-79.05384,17,370.06423661162876
27842,35.90544,-79.05348,18,421.0042881560115
27842,35.905524,-79.053281,19,441.36273243494435
27842,35.90559,-79.05336,20,451.6454423827686
27842,35.90564,-79.05332,21,458.30429696723525
27842,35.90579,-79.05323,22,476.9352385288469
27842,35.9058,-79.05322,23,478.3741526027213
27842,35.90598,-79.05313,24,500.06405220867686
27842,35.90604,-79.0531,25,507.2940178686489
27842,35.90606,-79.05309,26,509.70400632544687
27842,35.90615,-79.05306,27,520.1124655292119
27842,35.90627,-79.05302,28,533.9904106444917
27842,35.90636,-79.05299,29,544.3988691114843
27842,35.90646,-79.05296,30,555.8883129002544
27842,35.90656,-79.05294,31,567.1969070913251
27842,35.90675,-79.0529,32,588.7131499545618
27842,35.90688,-79.05289,33,603.2518843503537
27842,35.90718,-79.05283,34,637.1776660813555
27842,35.90733,-79.05281,35,654.018590348336
27842,35.90738,-79.0528,36,659.6728872043087
27842,35.90766,-79.05277,37,691.0444536072582
27842,35.9077,-79.05277,38,695.5091770147528
27842,35.90781,-79.05278,39,707.8206999334457
27842,35.90793,-79.05279,40,721.2456156193588
27842,35.908,-79.0528,41,729.1114716908918
27842,35.90815,-79.05282,42,745.9523942517941
27842,35.90825,-79.05285,43,757.4418259762339
27842,35.90868,-79.05296,44,806.465957099528
27842,35.90896,-79.05314,45,841.7350402726854
27842,35.910092,-79.053756,46,979.9141468171108
27842,35.91013,-79.05388,47,991.9461417042413
27842,35.91026,-79.05397,48,1008.599542650709
27842,35.91053,-79.05414,49,1042.4597469080177
27842,35.91054,-79.05415,50,1043.898624276872
27842,35.91062,-79.05423,51,1055.4096397797587
27842,35.91071,-79.05431,52,1067.8065282596187
27842,35.91095,-79.05449,53,1099.187282353736
27842,35.91115,-79.05462,54,1124.4396462398652
27842,35.9112,-79.05465,55,1130.6498636213457
27842,35.91132,-79.05473,56,1145.887006447772
27842,35.911453,-79.054669,57,1161.7318230169442
27842,35.9115,-79.05483,58,1177.2636468940611
27842,35.91159,-79.05489,59,1188.6914914941046
27842,35.91183,-79.05503,60,1218.3429611011636
27842,35.91189,-79.05506,61,1225.5728281779086
27842,35.91217,-79.05521,62,1259.6646839662728
27842,35.91239,-79.05535,63,1287.3158725304838
27842,35.9126,-79.05547,64,1313.1643368148118
27842,35.91276,-79.05556,65,1332.8040664995044
27842,35.91314,-79.05578,66,1379.687358195759
27842,35.91308,-79.05594,67,1395.6845778628365
27842,35.91293,-79.05633,68,1434.854898682633
27842,35.912977,-79.056506,69,1451.6746645998585
27842,35.9127,-79.05692,70,1500.347170833115
27842,35.9126,-79.05719,71,1527.2844472816864
27842,35.91258,-79.05726,72,1534.0210660255502
27842,35.91239,-79.05774,73,1582.4907851459957
27842,35.91224,-79.05814,74,1622.4840359430711
27842,35.912154,-79.058363,75,1644.8925591735465
27842,35.9121,-79.05846,76,1655.5650901907375
27842,35.91204,-79.05864,77,1673.2280003810258
27842,35.91198,-79.05878,78,1687.5962424951515
27842,35.91192,-79.05891,79,1701.1677495305173
27842,35.91183,-79.05914,80,1724.3422776097457
27842,35.91176,-79.05933,81,1743.281152102982
27842,35.9117,-79.05947,82,1757.649418552539
27842,35.91155,-79.05987,83,1797.6428491644733
27842,35.91141,-79.06024,84,1834.6954306783507
27842,35.91141,-79.060559,85,1863.6608939590556
27842,35.91129,-79.06057,86,1877.0920877141905
27842,35.91108,-79.06111,87,1931.4391313515757
27842,35.91095,-79.06143,88,1963.9170812960401
27842,35.91089,-79.06158,89,1979.0946679776778
27842,35.9108,-79.06183,90,2003.9183745807422
27842,35.91072,-79.06203,91,2024.15517635142
27842,35.91063,-79.06227,92,2048.1513795267597
27842,35.91051,-79.06258,93,2079.3240348416966
27842,35.91028,-79.063448,94,2162.215348155978
27842,35.91005,-79.06375,95,2199.7787753518123
27842,35.90993,-79.06407,96,2231.7738535896733
27842,35.90988,-79.0642,97,2244.830882388447
27842,35.90975,-79.06453,98,2278.123904057246
27842,35.90973,-79.06459,99,2284.011634119853
27842,35.90972,-79.06461,100,2286.1432593729946
27842,35.9097,-79.06468,101,2292.8800186055687
27842,35.90968,-79.06473,102,2297.939252243747
27842,35.90967,-79.06477,103,2301.7389728326402
27842,35.90966,-79.06483,104,2307.300264022621
27842,35.90966,-79.0649,105,2313.6564183537494
27842,35.90967,-79.06506,106,2328.2275796332688
27842,35.9097,-79.06528,107,2348.4827421230725
27842,35.90975,-79.06545,108,2364.8969474396486
27842,35.90978,-79.06553,109,2372.8957158002013
27842,35.9098,-79.06559,110,2378.7834332823413
27842,35.90983,-79.06564,111,2384.4247761085467
27842,35.90991,-79.06577,112,2399.2258503901
27842,35.91002,-79.06593,113,2418.2472455725947
27842,35.91016,-79.06612,114,2441.524268344364
27842,35.91041,-79.06645,115,2482.4692965312424
27842,35.91057,-79.06668,116,2509.9479631788868
27842,35.91065,-79.06679,117,2523.3454798866546
27842,35.91068,-79.06685,118,2529.7402774570432
27842,35.91071,-79.0669,119,2535.3815679984264
27842,35.91075,-79.06701,120,2546.322064276985
27842,35.91079,-79.0671,121,2555.634170401584
27842,35.91082,-79.06719,122,2564.4656265305603
27842,35.91085,-79.06728,123,2573.2970785028683
27842,35.91086,-79.06734,124,2578.8582665309004
27842,35.91081,-79.06793,125,2632.7204267853745
27842,35.91079,-79.06817,126,2654.6265653585083
27842,35.91076,-79.06851,127,2685.679765154834
27842,35.910826,-79.068796,128,2712.6732943581073
27842,35.91071,-79.06905,129,2739.1222903433095
27842,35.91062,-79.06965,130,2794.5208953120264
27842,35.91061,-79.06977,131,2805.4739612222666
27842,35.91055,-79.07017,132,2842.4063667905175
27842,35.91059,-79.07029,133,2854.1816140126202
27842,35.9106,-79.07032,134,2857.125424663472
27842,35.91061,-79.07035,135,2860.069234853299
27842,35.91062,-79.07052,136,2875.545585581213
27842,35.91066,-79.07086,137,2906.738818922184
27842,35.91068,-79.07098,138,2917.8611562513925
27842,35.91069,-79.07104,139,2923.4223230970756
27842,35.91071,-79.07111,140,2930.15893773335
27842,35.91073,-79.07119,141,2937.758209036762
27842,35.91078,-79.0714,142,2957.626106425305
27842,35.91079,-79.07143,143,2960.5699057761312
27842,35.910883,-79.071557,144,2976.085235129444
27842,35.910982,-79.07165,145,2989.992316040942
27842,35.91104,-79.07208,146,3029.5691991682916
27842,35.9111,-79.07229,147,3049.778922557371
27842,35.91113,-79.07257,148,3075.42231674576
27842,35.91114,-79.07314,149,3127.1899762431017
27842,35.91114,-79.07332,150,3143.5338472473177
27842,35.91114,-79.074,151,3205.2773177055315
27842,35.91115,-79.07432,152,3234.3544733353597
27842,35.91118,-79.07518,153,3312.513401677316
27842,35.911269,-79.075531,154,3345.8960357520978
27842,35.9112,-79.07586,155,3376.7456045584186
27842,35.91121,-79.07622,156,3409.452223550617
27842,35.91122,-79.07632,157,3418.6004425245474
27842,35.91122,-79.07658,158,3442.2081112490687
27842,35.91135,-79.07671,159,3460.912775853052
27842,35.91151,-79.07689,160,3485.1208902458866
27842,35.91158,-79.07697,161,3495.788885780244
27842,35.91174,-79.07714,162,3519.3934554887414
27842,35.911987,-79.077327,163,3551.7712356141483
27842,35.91201,-79.07747,164,3565.0066479375296
27842,35.91233,-79.07784,165,3614.0401792241037
27842,35.91251,-79.07805,166,3641.738406193329
27842,35.91271,-79.0783,167,3673.5748326806934
27842,35.9128,-79.0784,168,3687.1153933963406
27842,35.91296,-79.0786,169,3712.5844768941856
27842,35.91314,-79.07886,170,3743.5831411998574
27842,35.91323,-79.079,171,3759.7846003317186
27842,35.91329,-79.07909,172,3770.3497736102568
27842,35.91338,-79.07924,173,3787.2729457145983
27842,35.91357,-79.0796,174,3826.236018938626
27842,35.91363,-79.07955,175,3834.3265498689148
27842,35.91368,-79.07953,176,3840.195226568518
27842,35.91373,-79.07953,177,3845.775893273369
27842,35.91376,-79.07954,178,3849.2452105364728
27842,35.91389,-79.07966,179,3867.3902575369866
27842,35.914117,-79.079737,180,3893.6733542983243
27842,35.914115,-79.079736,181,3893.9143394148996
27842,35.91452,-79.08026,182,3959.5409869314353
27842,35.91474,-79.08045,183,3989.54993183637
27842,35.91561,-79.08124,184,4110.271988166811
27842,35.91613,-79.081609,185,4177.286268468713
27842,35.91617,-79.08176,186,4191.704518493623
27842,35.91646,-79.08202,187,4231.765858883642
27842,35.91704,-79.08255,188,4312.42665299556
27842,35.91783,-79.08328,189,4422.732247948573
27842,35.91774,-79.08346,190,4441.914872475894
27842,35.91749,-79.083946,191,4494.121383271776
27842,35.91736,-79.08409,192,4513.652237797226
27842,35.91699,-79.08472,193,4584.200354416405
27842,35.91693,-79.08483,194,4596.224766882241
27842,35.91672,-79.08517,195,4634.983758209708
27842,35.91636,-79.08577,196,4702.673978081637
27842,35.916225,-79.086123,197,4738.088631352997
27842,35.916225,-79.086122,198,4738.17942289205
27842,35.91604,-79.08633,199,4766.161211197166
27842,35.91581,-79.08662,200,4802.934009277861
27842,35.91594,-79.08709,201,4848.005519614401
27842,35.91612,-79.08774,202,4910.345942495405
27842,35.91615,-79.08782,203,4918.343891920323
27842,35.91629,-79.08835,204,4968.936724644213
27842,35.916558,-79.089,205,5035.098567623948
27842,35.91653,-79.08921,206,5054.419045798968
27842,35.91676,-79.09001,207,5131.454452845075
27842,35.91692,-79.09061,208,5188.781002613542
27842,35.91709,-79.09121,209,5246.46482145037
27842,35.917234,-79.091423,210,5271.609921963992
27842,35.91729,-79.09193,211,5318.062623363252
27842,35.91734,-79.09214,212,5337.928336190019
27842,35.91755,-79.09286,213,5407.3715518494655
27842,35.91761,-79.09305,214,5425.875727733799
27842,35.91764,-79.09315,215,5435.552378374827
27842,35.91768,-79.09328,216,5448.171071254381
27842,35.9177,-79.09336,217,5455.769458159991
27842,35.917845,-79.093399,218,5472.335845046263
27842,35.91772,-79.09352,219,5490.093099390321
27842,35.91773,-79.0936,220,5497.441452803632
27842,35.91773,-79.09366,221,5502.888775718179
27842,35.91772,-79.09369,222,5505.832248048697
27842,35.91772,-79.09376,223,5512.187457968069
27842,35.9177,-79.09393,224,5527.782124421145
27842,35.91766,-79.09412,225,5545.600336356375
27842,35.91759,-79.09424,226,5559.006771749922
27842,35.91737,-79.09401,227,5591.239550061551
27842,35.9172,-79.09385,228,5615.135551290848
27842,35.91709,-79.09377,229,5629.400287529532
27842,35.91691,-79.09364,230,5652.700681797998
27842,35.91671,-79.09353,231,5677.155066651184
27842,35.91661,-79.09349,232,5688.8921168995075
27842,35.916376,-79.093495,233,5715.013003450188
27842,35.91628,-79.09335,234,5731.986817838087
27842,35.91598,-79.09323,235,5767.198003527863
27842,35.91542,-79.093,236,5833.096192507266
27842,35.915006,-79.092979,237,5879.342445423291
27842,35.91493,-79.0928,238,5897.674705187213
27842,35.91372,-79.09232,239,6039.581677083636
27842,35.91263,-79.09187,240,6167.915362685427
27842,35.91259,-79.09203,241,6183.113068547558
27842,35.9125,-79.09235,242,6213.854875733124
27842,35.91242,-79.09266,243,6243.383627322018
27842,35.91241,-79.0927,244,6247.18305801428
27842,35.9124,-79.09272,245,6249.314535201377
27842,35.912371,-79.092889,246,6264.996552743544
27842,35.912398,-79.093012,247,6276.563772629302
27842,35.91233,-79.09322,248,6296.917100975998
27842,35.91232,-79.09329,249,6303.370007881269
27842,35.9123,-79.09357,250,6328.8904235194805
27842,35.912307,-79.093571,251,6329.676957553855
27842,35.9123,-79.09357,252,6330.463491588229
27842,35.9123,-79.09359,253,6332.279391711128
27842,35.91229,-79.09371,254,6343.231808955303
27842,35.91226,-79.0938,255,6352.062750004148
27842,35.91226,-79.09381,256,6352.970700203685
27842,35.91217,-79.09413,257,6383.712536056378
27842,35.912365,-79.094115,258,6405.519202473686
27842,35.91245,-79.09433,259,6427.223262994381
27842,35.91361,-79.09521,260,6579.360877377005
27842,35.91369,-79.09528,261,6590.320664952901
27842,35.91404,-79.09554,262,6635.962993577743
27842,35.91418,-79.09565,263,6654.507512761206
27842,35.914453,-79.095727,264,6685.768900423256
27842,35.91458,-79.09595,265,6710.484153004874
27842,35.91523,-79.09644,266,6795.585288203632
27842,35.91562,-79.09672,267,6845.993023813813
27842,35.915968,-79.096837,268,6886.259786559259
27842,35.91605,-79.09704,269,6906.837447055045
27842,35.9163,-79.09721,270,6938.72428189573
27842,35.91649,-79.09734,271,6962.993494095686
27842,35.91698,-79.09767,272,7025.3514431207295
27842,35.91701,-79.09769,273,7029.160405314937
27842,35.91712,-79.09777,274,7043.425056649301
27842,35.91723,-79.09782,275,7056.514516286494
27842,35.91759,-79.09804,276,7101.384792660854
27842,35.91786,-79.09822,277,7135.665355599132
27842,35.918612,-79.098634,278,7227.627695044416
27843,35.901957,-79.050714,0,0
27843,35.902,-79.0508,1,9.166847512692867
27843,35.90215,-79.05073,2,27.07579871337066
27843,35.90218,-79.05072,3,30.54530998893195
27843,35.90222,-79.0507,4,35.36533873235933
27843,35.90247,-79.0506,5,64.71047541104002
27843,35.90291,-79.05044,6,115.92689607528052
27843,35.90301,-79.05041,7,127.41641481019033
27843,35.90306,-79.05056,8,142.13714706188415
27843,35.90312,-79.05075,9,160.645538020189
27843,35.90319,-79.05095,10,180.4171977891485
27843,35.90333,-79.05143,11,226.72313400804484
27843,35.9034,-79.05164,12,247.33205044136656
27843,35.903566,-79.051805,13,271.1611545266962
27843,35.90366,-79.05243,14,328.87970071446006
27843,35.90374,-79.05265,15,350.76282963058094
27843,35.90379,-79.05284,16,368.8970148583162
27843,35.90382,-79.05292,17,376.89644497726863
27843,35.90384,-79.053,18,384.4965461481271
27843,35.90389,-79.05312,19,396.73979117018536
27843,35.90399,-79.05342,20,426.18083419851206
27843,35.90404,-79.05356,21,440.06529755194344
27843,35.90412,-79.05382,22,465.30809135314325
27843,35.90413,-79.05384,23,467.4398635914465
27843,35.90415,-79.05392,24,475.0399261826915
27843,35.90416,-79.05395,25,477.9840204564787
27843,35.9042,-79.05402,26,485.7519944022345
27843,35.9042,-79.05404,27,487.56819621560146
27843,35.90424,-79.0541,28,494.6124104498732
27843,35.90425,-79.05411,29,496.05133381811396
27843,35.90436,-79.05429,30,516.494747972682
27843,35.90456,-79.05456,31,549.6535227131701
27843,35.90482,-79.0542,32,593.3676520823859
27843,35.90509,-79.05384,33,637.830562284772
27843,35.90544,-79.05348,34,688.7706138291547
27843,35.905524,-79.053281,35,709.1290581080875
27843,35.90559,-79.05336,36,719.4117680559117
27843,35.90564,-79.05332,37,726.0706226403784
27843,35.90579,-79.05323,38,744.70156420199
27843,35.9058,-79.05322,39,746.1404782758643
27843,35.90598,-79.05313,40,767.8303778818199
27843,35.90604,-79.0531,41,775.060343541792
27843,35.90606,-79.05309,42,777.4703319985899
27843,35.90615,-79.05306,43,787.8787912023549
27843,35.90627,-79.05302,44,801.7567363176347
27843,35.90636,-79.05299,45,812.1651947846273
27843,35.90646,-79.05296,46,823.6546385733974
27843,35.90656,-79.05294,47,834.9632327644681
27843,35.90675,-79.0529,48,856.4794756277048
27843,35.90688,-79.05289,49,871.0182100234967
27843,35.90718,-79.05283,50,904.9439917544985
27843,35.90733,-79.05281,51,921.784916021479
27843,35.90738,-79.0528,52,927.4392128774517
27843,35.90766,-79.05277,53,958.8107792804012
27843,35.9077,-79.05277,54,963.2755026878958
27843,35.90781,-79.05278,55,975.5870256065887
27843,35.90793,-79.05279,56,989.0119412925018
27843,35.908,-79.0528,57,996.8777973640348
27843,35.90815,-79.05282,58,1013.7187199249371
27843,35.90825,-79.05285,59,1025.2081516493768
27843,35.90868,-79.05296,60,1074.232282772671
27843,35.90896,-79.05314,61,1109.5013659458282
27843,35.910092,-79.053756,62,1247.6804724902536
27843,35.91013,-79.05388,63,1259.7124673773842
27843,35.91026,-79.05397,64,1276.365868323852
27843,35.91053,-79.05414,65,1310.2260725811607
27843,35.91054,-79.05415,66,1311.664949950015
27843,35.91062,-79.05423,67,1323.1759654529017
27843,35.91071,-79.05431,68,1335.5728539327617
27843,35.91095,-79.05449,69,1366.953608026879
27843,35.91115,-79.05462,70,1392.2059719130082
27843,35.9112,-79.05465,71,1398.4161892944887
27843,35.91132,-79.05473,72,1413.653332120915
27843,35.911453,-79.054669,73,1429.4981486900872
27843,35.9115,-79.05483,74,1445.0299725672041
27843,35.91159,-79.05489,75,1456.4578171672476
27843,35.91183,-79.05503,76,1486.1092867743066
27843,35.91189,-79.05506,77,1493.3391538510516
27843,35.91217,-79.05521,78,1527.4310096394158
27843,35.91239,-79.05535,79,1555.0821982036268
27843,35.9126,-79.05547,80,1580.9306624879548
27843,35.91276,-79.05556,81,1600.5703921726474
27843,35.91314,-79.05578,82,1647.453683868902
27843,35.91318,-79.05566,83,1659.2288703674824
27843,35.9132,-79.05562,84,1663.4920450968464
27843,35.9133,-79.05534,85,1691.2581438771886
27843,35.91335,-79.05521,86,1704.3148918588504
27843,35.91339,-79.05511,87,1714.4331308571668
27843,35.91344,-79.05499,88,1726.6751567459955
27843,35.91357,-79.05468,89,1758.342884138375
27843,35.91362,-79.05453,90,1773.0618235483175
27843,35.91365,-79.05447,91,1779.4565709387057
27843,35.91368,-79.054139,92,1809.6970360326454
27843,35.91381,-79.05405,93,1826.3058835899183
27843,35.9139,-79.05383,94,1848.6653433036404
27843,35.91402,-79.0535,95,1881.4864008776747
27843,35.91404,-79.05345,96,1886.5454996956014
27843,35.91409,-79.05332,97,1899.6021863685653
27843,35.91419,-79.05306,98,1925.715547431753
27843,35.91427,-79.05287,99,1945.1412403973382
27843,35.91458,-79.05205,100,2027.2435141278943
27843,35.91477,-79.05156,101,2076.5306349896186
27843,35.91493,-79.05115,102,2117.819969469808
27843,35.914937,-79.050924,103,2138.355210062211
27843,35.91504,-79.05086,104,2151.237083301761
27843,35.91511,-79.05067,105,2170.1755565165076
27843,35.91538,-79.04993,106,2243.8151508318647
27843,35.91551,-79.04961,107,2276.29222842404
27843,35.91564,-79.04924,108,2312.8870905435656
27843,35.91582,-79.04878,109,2359.2350373341133
27843,35.91583,-79.048607,110,2374.982596799821
27843,35.91591,-79.04854,111,2385.7874171705016
27843,35.91592,-79.04853,112,2387.2262681407124
27843,35.91611,-79.04804,113,2436.512979738658
27843,35.91626,-79.04764,114,2476.5052476017354
27843,35.91634,-79.04744,115,2496.741362907188
27843,35.916816,-79.045974,116,2640.0614685471346
27843,35.91693,-79.0459,117,2654.4510388503104
27843,35.91706,-79.04559,118,2686.118112412191
27843,35.91713,-79.0454,119,2705.0563402067114
27843,35.91713,-79.04538,120,2706.872267765295
27843,35.91716,-79.04525,121,2719.1415906808174
27843,35.91718,-79.04518,122,2725.877988358237
27843,35.91718,-79.04507,123,2735.8655877874558
27843,35.91717,-79.04495,124,2746.8181784741155
27843,35.91715,-79.04481,125,2759.724214123091
27843,35.91712,-79.04471,126,2769.401662269477
27843,35.91706,-79.04453,127,2787.0639971444098
27843,35.91701,-79.04436,128,2803.4773973194415
27843,35.91695,-79.04419,129,2820.303122117707
27843,35.9169,-79.04403,130,2835.865746150573
27843,35.91687,-79.04396,131,2843.0496863971575
27843,35.91685,-79.04387,132,2851.5208498564366
27843,35.916737,-79.043784,133,2866.3553265295063
27843,35.91682,-79.04371,134,2877.7997330596554
27843,35.9168,-79.04352,135,2895.195004207611
27843,35.9168,-79.04339,136,2906.9986194485023
27843,35.9168,-79.04316,137,2927.8819447211827
27843,35.91681,-79.04302,138,2940.6424492365195
27843,35.91682,-79.04292,139,2949.7905102412383
27843,35.91683,-79.04281,140,2959.840369149326
27843,35.91686,-79.04266,141,2973.8655471376414
27843,35.91687,-79.04261,142,2978.5406060902137
27843,35.9169,-79.04247,143,2991.685857535777
27843,35.91693,-79.0424,144,2998.86981351178
27843,35.91696,-79.04228,145,3010.268417437381
27843,35.91703,-79.0421,146,3028.3835454764135
27843,35.91717,-79.04176,147,3062.984305158554
27843,35.91722,-79.04163,148,3076.040809600284
27843,35.91732,-79.04141,149,3098.9231761504498
27843,35.91737,-79.0413,150,3110.364354103365
27843,35.91744,-79.04115,151,3126.065951023175
27843,35.91754,-79.04096,152,3146.6134517070113
27843,35.91765,-79.04076,153,3168.5341021413037
27843,35.91766,-79.04075,154,3169.9729582736077
27843,35.91777,-79.04059,155,3188.9940212288893
27843,35.91778,-79.04057,156,3191.1255693937196
27843,35.9179,-79.04041,157,3210.8855357436355
27843,35.91801,-79.04027,158,3228.558573842719
27843,35.91822,-79.04001,159,3261.8261987769624
27843,35.918358,-79.039708,160,3293.2768988265348
27843,35.91853,-79.03964,161,3313.4439553075745
27843,35.9189,-79.03917,162,3372.830079330746
27843,35.91895,-79.03913,163,3379.488748886167
27843,35.91901,-79.03905,164,3389.368676555197
27843,35.91907,-79.03898,165,3398.601622490576
27843,35.91914,-79.03893,166,3407.638168538666
27843,35.91921,-79.03887,167,3417.1632531863206
27843,35.91927,-79.03884,168,3424.3932106880857
27843,35.91936,-79.03881,169,3434.8017871530283
27843,35.91943,-79.03879,170,3442.8234656298655
27843,35.9195,-79.03878,171,3450.689482619047
27843,35.91961,-79.03877,172,3463.0012712095336
27843,35.91973,-79.03879,173,3476.518270734114
27843,35.91988,-79.03882,174,3493.4814718445764
27843,35.92014,-79.03886,175,3522.729179026557
27843,35.92034,-79.03889,176,3545.218847496475
27843,35.92036,-79.03889,177,3547.4512587821505
27843,35.92044,-79.0389,178,3556.4269430266936
27843,35.92053,-79.03891,179,3566.5137392469283
27843,35.92062,-79.03891,180,3576.55958971787
27843,35.92069,-79.0389,181,3584.425603648446
27843,35.92078,-79.03889,182,3594.512399778239
27843,35.92085,-79.03888,183,3602.3784137523303
27843,35.92088,-79.03887,184,3605.8479342902356
27843,35.92106,-79.0388,185,3626.920877784281
27843,35.92128,-79.03874,186,3652.0743868540485
27843,35.92139,-79.03871,187,3664.6511410601915
27843,35.92146,-79.03869,188,3672.6728102472744
27843,35.92156,-79.03868,189,3683.871734758673
27843,35.92161,-79.03869,190,3689.526132946351
27843,35.92165,-79.03869,191,3693.9909569660977
27843,35.92172,-79.03869,192,3701.8043990034002
27843,35.92182,-79.0387,193,3713.0033231068633
27843,35.92215,-79.03874,194,3750.0167159576636
27843,35.922433,-79.038616,195,3783.55157974188
27843,35.92256,-79.03877,196,3803.4625183510216
27843,35.92284,-79.03871,197,3835.187471098935
27843,35.92285,-79.03871,198,3836.303677073587
27843,35.92319,-79.03863,199,3874.9434690077164
27843,35.92339,-79.03858,200,3897.72446207948
27843,35.92351,-79.03856,201,3911.2414545955776
27843,35.92363,-79.03852,202,3925.1195115438613
27843,35.92376,-79.03848,203,3940.0777321277087
27843,35.92396,-79.0384,204,3963.5536846818463
27843,35.9242,-79.03827,205,3992.827394777947
27843,35.92423,-79.03825,206,3996.63663754613
27843,35.92446,-79.03812,207,4024.8924587692586
27843,35.924493,-79.03797,208,4039.0001607224362
27843,35.9247,-79.03796,209,4062.1234821017056
27843,35.92472,-79.03793,210,4065.645129678317
27843,35.92493,-79.03776,211,4093.7104189627084
27843,35.92522,-79.03749,212,4134.314584639487
27843,35.92576,-79.03693,213,4213.168481972857
27843,35.92635,-79.03633,214,4298.63369678801
27843,35.9265,-79.03618,215,4320.215733371194
27843,35.926825,-79.035781,216,4371.481518071691
27843,35.92697,-79.0357,217,4389.258842066784
27843,35.92703,-79.03565,218,4397.349504105855
27843,35.9272,-79.0355,219,4420.705905025779
27843,35.92728,-79.03543,220,4431.666097470036
27843,35.92729,-79.03543,221,4432.782309314291
27843,35.92739,-79.03535,222,4446.099303658905
27843,35.92749,-79.03527,223,4459.416294655774
27843,35.92756,-79.03522,224,4468.452649642631
27843,35.92764,-79.03516,225,4478.912615641016
27843,35.92773,-79.0351,226,4490.340286301738
27843,35.92777,-79.03507,227,4495.570267467154
27843,35.92789,-79.03498,228,4511.260208129631
27843,35.92801,-79.03489,229,4526.950144541333
27843,35.9282,-79.0348,230,4549.677682594239
27843,35.92838,-79.03471,231,4571.367342612724
27843,35.92867,-79.03458,232,4605.82189853228
27843,35.9289,-79.03447,233,4633.3686640564365
27843,35.9293,-79.03428,234,4681.2332683446775
27843,35.92957,-79.03416,235,4713.279578741654
27843,35.92972,-79.0341,236,4730.886540427187
27843,35.92985,-79.03402,237,4747.113347737429
27843,35.929902,-79.033851,238,4763.51696129885
27843,35.93008,-79.03392,239,4784.3496335527025
27843,35.93015,-79.0339,240,4792.371318846727
27843,35.93024,-79.03386,241,4803.05341617869
27843,35.93033,-79.03382,242,4813.735512778692
27843,35.9304,-79.03378,243,4822.351616462113
27843,35.93048,-79.03374,244,4831.991443245052
27843,35.93063,-79.03366,245,4850.2419486771
27843,35.93068,-79.03362,246,4856.900380792842
27843,35.93079,-79.03352,247,4872.170371872768
27843,35.93092,-79.03342,248,4889.28695483879
27843,35.931,-79.03335,249,4900.247008986449
27843,35.93111,-79.03324,250,4916.073538733974
27843,35.93115,-79.03321,251,4921.3034743512035
27843,35.9313,-79.03306,252,4942.885092719934
27843,35.931303,-79.032889,253,4958.4123867960525
27843,35.93139,-79.03298,254,4971.161955239097
27843,35.93176,-79.03261,255,5024.396548227909
27843,35.93211,-79.03228,256,5073.628096340593
27843,35.93217,-79.03222,257,5082.26071580228
27843,35.9324,-79.03199,258,5115.352407047877
27843,35.932441,-79.031794,259,5133.724540492491
27843,35.93295,-79.03145,260,5198.556785298804
27843,35.93387,-79.03057,261,5328.662412090282
27843,35.93423,-79.03022,262,5379.8898494482555
27843,35.93443,-79.03002,263,5408.665025711873
27843,35.93459,-79.02987,264,5431.123430408957
27843,35.93483,-79.02963,265,5465.653595736219
27843,35.93501,-79.02942,266,5493.3501966446065
27843,35.9347,-79.02904,267,5542.210362883617
27843,35.93457,-79.02888,268,5562.741538131376
27843,35.93452,-79.02882,269,5570.539974037833
27843,35.93446,-79.02875,270,5579.77220925899
27843,35.934347,-79.02872,271,5592.676192468647
27843,35.93432,-79.02858,272,5605.737693999819
27843,35.93421,-79.02846,273,5622.151974375628
27843,35.93416,-79.02842,274,5628.810372725617
27843,35.93411,-79.02838,275,5635.46877276161
27843,35.93402,-79.02832,276,5646.896356192667
27843,35.93397,-79.02829,277,5653.106487509104
27843,35.93384,-79.02822,278,5668.947802618769
27843,35.93369,-79.02816,279,5686.554843162771
27843,35.93362,-79.02814,280,5694.576583855784
27843,35.93344,-79.02809,281,5715.174954895503
27843,35.9333,-79.02807,282,5730.907221709318
27843,35.93317,-79.02805,283,5745.531289959913
27843,35.933075,-79.028112,284,5757.536556455331
27843,35.93303,-79.02803,285,5766.51674296046
27843,35.9329,-79.02801,286,5781.14081290841
27843,35.93274,-79.02798,287,5799.206869897895
27843,35.93256,-79.02795,288,5819.482660075697
27843,35.93252,-79.02795,289,5823.947560918479
27843,35.9324,-79.02793,290,5837.464755492757
27843,35.93236,-79.02792,291,5842.021011052716
27843,35.93233,-79.02791,292,5845.490557726005
27843,35.93231,-79.0279,293,5847.900528788981
27843,35.93228,-79.02789,294,5851.370075724805
27843,35.93227,-79.02788,295,5852.808854687491
27843,35.93225,-79.02787,296,5855.218826129451
27843,35.93223,-79.02785,297,5858.0963846827235
27843,35.9322,-79.02783,298,5861.9056026678145
27843,35.93216,-79.02779,299,5867.660721988587
27843,35.93211,-79.02773,300,5875.459288402492
27843,35.93209,-79.02771,301,5878.336849646022
27843,35.93208,-79.0277,302,5879.775630412118
27843,35.93207,-79.02768,303,5881.906940416711
27843,35.93205,-79.02765,304,5885.428448428544
27843,35.93204,-79.02763,305,5887.559759195568
27843,35.93201,-79.02757,306,5893.953693091096
27843,35.93198,-79.02748,307,5902.783664638307
27843,35.93196,-79.02738,308,5912.1323114406605
27843,35.93195,-79.02736,309,5914.263624903173
27843,35.93194,-79.02729,310,5920.7156434964445
27843,35.93193,-79.02705,311,5942.531869072187
27843,35.93189,-79.02657,312,5986.335359298102
27843,35.93189,-79.02648,313,5994.505741543471
27843,35.93188,-79.02636,314,6005.456624385218
27843,35.93188,-79.02629,315,6011.811368974115
27843,35.93188,-79.02624,316,6016.350472688146
27843,35.93188,-79.0262,317,6019.981755919951
27843,35.93189,-79.02614,318,6025.541877956008
27843,35.9319,-79.0261,319,6029.340849273287
27843,35.93191,-79.02606,320,6033.1398203925555
27843,35.93192,-79.02601,321,6037.814157308472
27843,35.93194,-79.02596,322,6042.8725484401875
27843,35.93197,-79.0259,323,6049.266503544732
27843,35.93201,-79.02584,324,6056.309543527668
27843,35.93204,-79.02579,325,6061.950210236824
27843,35.93209,-79.02573,326,6069.7488049755
27843,35.93214,-79.02567,327,6077.547398034284
27843,35.93227,-79.02556,328,6095.162412491503
27843,35.932341,-79.025372,329,6113.979701656253
27843,35.9324,-79.02542,330,6121.876545555976
27843,35.93246,-79.02534,331,6131.755774049646
27843,35.93251,-79.02523,332,6143.195562740638
27843,35.93253,-79.02508,333,6156.994572579663
27843,35.93255,-79.02499,334,6165.464415459926
27843,35.93255,-79.02495,335,6169.095674915515
27843,35.93255,-79.0249,336,6173.634749560333
27843,35.93254,-79.02472,337,6190.013502806271
27843,35.93254,-79.02465,338,6196.368210560502
27843,35.93253,-79.0245,339,6210.0311179558985
27843,35.93249,-79.02401,340,6254.737639101044
27843,35.93248,-79.02385,341,6269.305540466377
27843,35.93345,-79.02373,342,6378.12674801967
27843,35.93413,-79.02365,343,6454.377219512477
27843,35.93509,-79.02354,344,6561.9998488804995
27843,35.93546,-79.02349,345,6603.5491398185995
27843,35.9358,-79.02345,346,6641.674381125803
27843,35.93583,-79.02341,347,6646.613895532714
27843,35.93586,-79.02338,348,6650.930185184951
27843,35.93588,-79.02337,349,6653.340158245232
27843,35.9359,-79.02335,350,6656.217684184775
27843,35.93592,-79.02332,351,6659.739113147184
27843,35.93594,-79.02329,352,6663.260541741137
27843,35.93596,-79.02326,353,6666.781969966667
27843,35.93596,-79.02323,354,6669.505303595889
27843,35.93597,-79.02319,355,6673.304112381111
27843,35.93598,-79.02316,356,6676.247328758748
27843,35.93599,-79.023,357,6690.814603286741
27843,35.93581,-79.02287,358,6714.11618513946
27843,35.93562,-79.02264,359,6743.877402999885
27843,35.93537,-79.02235,360,6782.241223442466
27843,35.935145,-79.022163,361,6812.555410829288
27843,35.93507,-79.02198,362,6831.158185236374
27843,35.93525,-79.0216,363,6871.079007209901
27843,35.93535,-79.02141,364,6891.62386086418
27843,35.9354,-79.0213,365,6903.0634001208755
27843,35.93548,-79.02114,366,6920.113525465489
27843,35.93551,-79.02106,367,6928.110696537163
27843,35.935609,-79.020803,368,6953.925664728263
27843,35.93569,-79.02073,369,6965.135665677171
27843,35.93575,-79.02063,370,6976.416747460358
27843,35.93582,-79.02051,371,6989.8227051736885
27843,35.93582,-79.0205,372,6990.7304886508555
27843,35.93593,-79.02034,373,7009.749598421833
27843,35.93595,-79.02031,374,7013.271043536009
27843,35.93606,-79.02018,375,7030.301373983387
27843,35.93609,-79.02015,376,7034.617680899637
27843,35.93614,-79.02011,377,7041.276119007458
27843,35.93628,-79.01999,378,7060.325509545992
27843,35.93655,-79.0198,379,7095.050327394424
27843,35.93689,-79.01958,380,7137.936322195247
27843,35.93723,-79.01936,381,7180.8222917912135
27843,35.93736,-79.01927,382,7197.475229296479
27843,35.93761,-79.019015,383,7233.732336228248
27843,35.93782,-79.01891,384,7259.037147628014
27843,35.93792,-79.01883,385,7272.353962072169
27843,35.93817,-79.01864,386,7305.159777959664
27843,35.93842,-79.0184,387,7340.56296378819
27843,35.93858,-79.01823,388,7364.166292645696
27843,35.93868,-79.0181,389,7380.410023952198
27843,35.9388,-79.01794,390,7400.167854233968
27843,35.93882,-79.01792,391,7403.045362513091
27843,35.93896,-79.01772,392,7426.999927437096
27843,35.93909,-79.01754,393,7448.852926283811
27843,35.93915,-79.01744,394,7460.133748814474
27843,35.93932,-79.01718,395,7490.417793867843
27843,35.939544,-79.016654,396,7544.315999959666
27843,35.93989,-79.01635,397,7591.783609814313
27843,35.94029,-79.01575,398,7662.210763956349
27843,35.94036,-79.015661,399,7673.450093239077
27843,35.94038,-79.015577,400,7681.395194150819
27843,35.94052,-79.01546,401,7700.289986202111
27843,35.94059,-79.01535,402,7712.968968133278
27843,35.94087,-79.01492,403,7762.973108079895
27843,35.94097,-79.01473,404,7783.517143183248
27843,35.94139,-79.014,405,7864.689343006018
27843,35.941454,-79.013694,406,7893.369822205694
27843,35.94165,-79.01352,407,7920.35378418933
27843,35.94194,-79.01303,408,7975.365044502546
27843,35.94204,-79.01283,409,7996.676691532323
27843,35.94206,-79.01281,410,7999.554176012177
27843,35.94226,-79.0125,411,8035.473972373377
27843,35.94238,-79.01233,412,8055.9080156751415
27843,35.94239,-79.0123,413,8058.851077121384
27843,35.94246,-79.01219,414,8071.529935581053
27843,35.94265,-79.01188,415,8106.766727186223
27843,35.942649,-79.01173,416,8120.3829399378565
27843,35.94276,-79.0117,417,8133.0690782230695
27843,35.94281,-79.0116,418,8143.72484513737
27843,35.94281,-79.01128,419,8172.771747029163
27843,35.94281,-79.01039,420,8253.558521199704
27843,35.94281,-79.00995,421,8293.49809254515
27843,35.94281,-79.00928,422,8354.315221163459
27843,35.9428,-79.00906,423,8374.31621369221
27843,35.9428,-79.00884,424,8394.286040942568
27843,35.942744,-79.00882,425,8400.795378964242
27843,35.9428,-79.00861,426,8420.856290255504
27843,35.94319,-79.00864,427,8464.475507854004
27843,35.94346,-79.00866,428,8494.669147365721
27843,35.94366,-79.00866,429,8516.994341655405
27843,35.94399,-79.00868,430,8553.875619098199
27843,35.9442,-79.00871,431,8577.474709294707
27843,35.94424,-79.00854,432,8593.538676900755
27843,35.94423,-79.00818,433,8626.235068676577
27843,35.94423,-79.00796,434,8646.204559629447
27843,35.94422,-79.00782,435,8658.961354073213
27843,35.94417,-79.007707,436,8670.638613741236
27843,35.94422,-79.00752,437,8688.50675964276
27843,35.94422,-79.00742,438,8697.5838108698
27843,35.94422,-79.00708,439,8728.445795919488
27843,35.94422,-79.0066,440,8772.015685790413
27843,35.94422,-79.00629,441,8800.154590811439
27843,35.94422,-79.00616,442,8811.954780949436
27843,35.94422,-79.00612,443,8815.585609177686
27843,35.94422,-79.00572,444,8851.89390426844
27843,35.94422,-79.00513,445,8905.448682012267
27843,35.94422,-79.00496,446,8920.879729065193
27843,35.94423,-79.00482,447,8933.63658483652
27843,35.94423,-79.00468,448,8946.344510326862
27843,35.94424,-79.00456,449,8957.29406772155
27843,35.94427,-79.00419,450,8991.045851329696
27843,35.94429,-79.00391,451,9016.559579449977
27843,35.94433,-79.00357,452,9047.74302915349
27843,35.944276,-79.003529,453,9054.827193335983
27843,35.94435,-79.00343,454,9067.033262853707
27843,35.94438,-79.00327,455,9081.937699655187
27843,35.9444,-79.00312,456,9095.73515952624
27843,35.94444,-79.00289,457,9117.084613155946
27843,35.94446,-79.00278,458,9127.315961616281
27843,35.94451,-79.00253,459,9150.684986556174
27843,35.94453,-79.00243,460,9160.032595217479
27843,35.94456,-79.00229,461,9173.174355272831
27843,35.9446,-79.00211,462,9190.112238981867
27843,35.94465,-79.00188,463,9211.722720861068
27843,35.944681,-79.001561,464,9240.884657713585
27843,35.94477,-79.00139,465,9259.313636121047
27843,35.94504,-79.00021,466,9370.582721455668
27843,35.94533,-78.99893,467,9491.194503670491
27843,35.9456,-78.99754,468,9620.915281386804
27843,35.94563,-78.99727,469,9645.65101798033
27843,35.94564,-78.99722,470,9650.324798832686
27843,35.94564,-78.99715,471,9656.678724308293
27843,35.94565,-78.99707,472,9664.025651918224
27843,35.94565,-78.99701,473,9669.471874326193
27843,35.94565,-78.99694,474,9675.825801133653
27843,35.94566,-78.99689,475,9680.499583336079
27843,35.94565,-78.99684,476,9685.173365914114
27843,35.945644,-78.996656,477,9701.888547131968
27843,35.94565,-78.9966,478,9707.0156269907
27843,35.94563,-78.99648,479,9718.134525838637
27843,35.94562,-78.99639,480,9726.379783171611
27843,35.9456,-78.99627,481,9737.498689854043
27843,35.94559,-78.99617,482,9746.644127240728
27843,35.94557,-78.99607,483,9755.991712011537
27843,35.94553,-78.99591,484,9771.18591174662
27843,35.94548,-78.99581,485,9781.84167999026
27843,35.94543,-78.99575,486,9789.639999483936
27843,35.94542,-78.99575,487,9790.756282311515
27843,35.94541,-78.99575,488,9791.872565137255
27843,35.9454,-78.99575,489,9792.98884796398
27843,35.94539,-78.99574,490,9794.427605145758
27843,35.94538,-78.99574,491,9795.543887991009
27843,35.94538,-78.99573,492,9796.45159675483
27843,35.94537,-78.99573,493,9797.567879617216
27843,35.94537,-78.99572,494,9798.475588510179
27843,35.94536,-78.99572,495,9799.591871388713
27843,35.94535,-78.99571,496,9801.030628933182
27843,35.94534,-78.9957,497,9802.469386572975
27843,35.94534,-78.99569,498,9803.377095858425
27843,35.94533,-78.99568,499,9804.81585361883
27843,35.94533,-78.99567,500,9805.72356304804
27843,35.94532,-78.99566,501,9807.162320925778
27843,35.94532,-78.99565,502,9808.07003050119
27843,35.94532,-78.99564,503,9808.977740091224
27843,35.94532,-78.99563,504,9809.88544969441
27843,35.94532,-78.99562,505,9810.793159313802
27843,35.94532,-78.99561,506,9811.700868947506
27843,35.94532,-78.9956,507,9812.608578595717
27843,35.94532,-78.99559,508,9813.516288257388
27843,35.94532,-78.99558,509,9814.423997935886
27843,35.94532,-78.99557,510,9815.331707628
27843,35.94532,-78.99556,511,9816.239417334697
27843,35.94532,-78.99555,512,9817.147127055938
27843,35.94533,-78.99554,513,9818.585885207201
27843,35.94533,-78.99553,514,9819.493594841775
27843,35.94534,-78.99552,515,9820.932352968006
27843,35.94534,-78.99551,516,9821.840062515641
27843,35.94535,-78.9955,517,9823.278820615413
27843,35.94536,-78.99549,518,9824.717578665508
27843,35.94537,-78.99548,519,9826.156336663755
27843,35.94538,-78.99548,520,9827.272619974096
27843,35.94538,-78.99547,521,9828.180329116458
27843,35.94539,-78.99547,522,9829.29661244564
27843,35.9454,-78.99547,523,9830.412895772446
27843,35.94541,-78.99546,524,9831.851653526333
27843,35.94542,-78.99546,525,9832.967936871017
27843,35.94543,-78.99546,526,9834.084220218912
27843,35.94544,-78.99546,527,9835.200503563485
27843,35.94545,-78.99546,528,9836.316786909394
27843,35.94546,-78.99546,529,9837.433070254801
27843,35.94547,-78.99547,530,9838.871827572122
27843,35.94548,-78.99547,531,9839.98811090086
27843,35.94549,-78.99547,532,9841.104394228596
27843,35.94549,-78.99548,533,9842.012102096747
27843,35.9455,-78.99548,534,9843.128385407868
27843,35.9455,-78.99549,535,9844.03609314541
27843,35.94551,-78.99549,536,9845.152376437114
27843,35.94551,-78.9955,537,9846.060084044355
27843,35.94552,-78.9955,538,9847.17636731989
27843,35.94552,-78.99551,539,9848.084074796714
27843,35.94553,-78.99551,540,9849.200358052833
27843,35.94553,-78.99552,541,9850.108065399047
27843,35.94553,-78.99553,542,9851.015772730754
27843,35.94554,-78.99553,543,9852.13205595134
27843,35.94554,-78.99554,544,9853.039763152903
27843,35.94554,-78.99555,545,9853.947470338297
27843,35.94555,-78.99556,546,9855.38622686233
27843,35.94555,-78.99557,547,9856.293933904193
27843,35.94555,-78.99558,548,9857.20164093128
27843,35.94555,-78.99559,549,9858.109347945252
27843,35.94555,-78.9956,550,9859.017054942089
27843,35.94555,-78.99561,551,9859.924761925697
27843,35.94555,-78.99562,552,9860.832468894643
27843,35.94555,-78.99563,553,9861.740175848969
27843,35.94555,-78.99564,554,9862.647882787589
27843,35.94555,-78.99565,555,9863.55558971302
27843,35.94554,-78.99566,556,9864.99434600479
27843,35.94554,-78.99567,557,9865.902053016694
27843,35.94553,-78.99568,558,9867.340809334266
27843,35.94553,-78.99569,559,9868.248516434038
27843,35.94553,-78.99579,560,9877.325586619241
27843,35.94553,-78.99591,561,9888.218068917668
27843,35.94557,-78.99607,562,9903.41226865275
27843,35.94559,-78.99617,563,9912.759853423559
27843,35.9456,-78.99627,564,9921.905290810244
27843,35.94562,-78.99639,565,9933.024197492676
27843,35.94563,-78.99648,566,9941.26945482565
27843,35.94565,-78.9966,567,9952.388353673587
27843,35.945704,-78.996651,568,9959.988757343399
27844,35.903566,-79.051805,0,0
27844,35.90349,-79.05191,1,12.762468777762788
27844,35.90366,-79.05243,2,63.654010866885685
27844,35.90374,-79.05265,3,85.53713978300657
27844,35.90379,-79.05284,4,103.67132501074181
27844,35.90382,-79.05292,5,111.67075512969424
27844,35.90384,-79.053,6,119.2708563005527
27844,35.90389,-79.05312,7,131.51410132261094
27844,35.90399,-79.05342,8,160.95514435093762
27844,35.90404,-79.05356,9,174.83960770436903
27844,35.90412,-79.05382,10,200.08240150556884
27844,35.90413,-79.05384,11,202.21417374387212
27844,35.90415,-79.05392,12,209.8142363351171
27844,35.90416,-79.05395,13,212.75833060890432
27844,35.9042,-79.05402,14,220.52630455466016
27844,35.9042,-79.05404,15,222.34250636802707
27844,35.90424,-79.0541,16,229.38672060229882
27844,35.90425,-79.05411,17,230.82564397053957
27844,35.90436,-79.05429,18,251.26905812510762
27844,35.90456,-79.05456,19,284.4278328655957
27844,35.90482,-79.0542,20,328.1419622348115
27844,35.90509,-79.05384,21,372.60487243719757
27844,35.90544,-79.05348,22,423.5449239815803
27844,35.905531,-79.053399,23,436.08577141620236
27844,35.905524,-79.053281,24,446.82964046856563
27844,35.90564,-79.05332,25,460.2529435507206
27844,35.90579,-79.05323,26,478.8838851123323
27844,35.9058,-79.05322,27,480.3227991862067
27844,35.90598,-79.05313,28,502.0126987921622
27844,35.90604,-79.0531,29,509.24266445213425
27844,35.90606,-79.05309,30,511.6526529089322
27844,35.90615,-79.05306,31,522.0611121126973
27844,35.90627,-79.05302,32,535.9390572279771
27844,35.90636,-79.05299,33,546.3475156949696
27844,35.90646,-79.05296,34,557.8369594837397
27844,35.90656,-79.05294,35,569.1455536748105
27844,35.90675,-79.0529,36,590.6617965380472
27844,35.90688,-79.05289,37,605.2005309338391
27844,35.90718,-79.05283,38,639.1263126648408
27844,35.90733,-79.05281,39,655.9672369318214
27844,35.90738,-79.0528,40,661.6215337877941
27844,35.90766,-79.05277,41,692.9931001907436
27844,35.9077,-79.05277,42,697.4578235982382
27844,35.90781,-79.05278,43,709.769346516931
27844,35.90793,-79.05279,44,723.1942622028441
27844,35.908,-79.0528,45,731.0601182743771
27844,35.90815,-79.05282,46,747.9010408352794
27844,35.90825,-79.05285,47,759.3904725597192
27844,35.90868,-79.05296,48,808.4146036830134
27844,35.909141,-79.053254,49,866.383727384375
27844,35.910092,-79.053756,50,981.9060284124678
27844,35.91008,-79.05385,51,990.5459928792707
27844,35.91013,-79.05388,52,996.7562341535115
27844,35.91026,-79.05397,53,1013.4096350999793
27844,35.91053,-79.05414,54,1047.269839357288
27844,35.91054,-79.05415,55,1048.7087167261423
27844,35.91062,-79.05423,56,1060.219732229029
27844,35.91071,-79.05431,57,1072.616620708889
27844,35.91095,-79.05449,58,1103.9973748030063
27844,35.91115,-79.05462,59,1129.2497386891355
27844,35.9112,-79.05465,60,1135.459956070616
27844,35.91132,-79.05473,61,1150.6970988970422
27844,35.911453,-79.054669,62,1166.5419154662145
27844,35.9115,-79.05483,63,1182.0737393433315
27844,35.91159,-79.05489,64,1193.501583943375
27844,35.91183,-79.05503,65,1223.153053550434
27844,35.91189,-79.05506,66,1230.382920627179
27844,35.91217,-79.05521,67,1264.4747764155431
27844,35.91239,-79.05535,68,1292.1259649797541
27844,35.9126,-79.05547,69,1317.9744292640821
27844,35.91276,-79.05556,70,1337.6141589487747
27844,35.91314,-79.05578,71,1384.4974506450294
27844,35.91326,-79.05585,72,1399.323113584307
27844,35.91328,-79.05586,73,1401.7330600299297
27844,35.91363,-79.05606,74,1444.8137025730425
27844,35.913761,-79.056005,75,1460.2648887472092
27844,35.91379,-79.05614,76,1472.9428963697137
27844,35.91406,-79.0563,77,1506.3985040487296
27844,35.91432,-79.05645,78,1538.4560855920854
27844,35.91459,-79.05659,79,1571.16400905119
27844,35.91467,-79.05664,80,1581.1812232372454
27844,35.91489,-79.05676,81,1608.045786419846
27844,35.91501,-79.05683,82,1622.8713655277872
27844,35.91506,-79.05685,83,1628.740244392786
27844,35.91509,-79.05686,84,1632.2096828676351
27844,35.91523,-79.05693,85,1649.0792224867334
27844,35.91538,-79.05692,86,1665.84642695059
27844,35.91546,-79.05692,87,1674.7758150398631
27844,35.91575,-79.05687,88,1707.4616576496337
27844,35.91603,-79.05681,89,1739.185774605142
27844,35.91627,-79.05677,90,1766.2190183777552
27844,35.916501,-79.05673,91,1792.2571626609688
27844,35.916613,-79.056579,92,1810.8110234460064
27844,35.91668,-79.0567,93,1824.1009917824063
27844,35.91694,-79.05665,94,1853.4744513468295
27844,35.91719,-79.05661,95,1881.6141514190508
27844,35.91775,-79.05651,96,1944.7758909870051
27844,35.91796,-79.05647,97,1968.4952359553797
27844,35.91818,-79.05643,98,1993.3181824001313
27844,35.918392,-79.056392,99,2017.231280935644
27844,35.91844,-79.056259,100,2030.4419667358607
27844,35.91853,-79.05636,101,2044.0436040075435
27844,35.91886,-79.05631,102,2081.1560594620737
27844,35.91901,-79.05628,103,2098.1187920533494
27844,35.91986,-79.05612,104,2194.09933790392
27844,35.9201,-79.05608,105,2221.1325880997406
27844,35.92016,-79.05607,106,2227.8909006906742
27844,35.92041,-79.05602,107,2256.162120582303
27844,35.92096,-79.05591,108,2318.358804218487
27844,35.92111,-79.05587,109,2335.490771320677
27844,35.921291,-79.055812,110,2356.3685371701285
27844,35.921345,-79.055657,111,2371.6774535257987
27844,35.921468,-79.055738,112,2387.2519670608945
27844,35.92189,-79.05557,113,2436.762574388413
27844,35.92217,-79.05545,114,2469.860010671581
27844,35.92244,-79.05531,115,2502.5675002548455
27844,35.9229,-79.05509,116,2557.6597771792453
27844,35.92296,-79.05506,117,2564.8894994290417
27844,35.92337,-79.05487,118,2613.7958250705997
27844,35.92371,-79.05469,119,2655.114805867665
27844,35.92377,-79.05466,120,2662.3445221515185
27844,35.92388,-79.05461,121,2675.434746766013
27844,35.92394,-79.05458,122,2682.6644617542497
27844,35.92438,-79.05437,123,2735.3470543854232
27844,35.924497,-79.054182,124,2756.8379290986604
27844,35.92469,-79.05423,125,2778.81651453512
27844,35.92505,-79.05407,126,2821.543856290397
27844,35.9253,-79.054,127,2850.1628258143833
27844,35.92548,-79.05395,128,2870.760449747673
27844,35.92561,-79.05393,129,2885.383935506693
27844,35.92574,-79.0539,130,2900.1476519446182
27844,35.92592,-79.05386,131,2920.564416465632
27844,35.92623,-79.05383,132,2955.2729885105623
27844,35.92628,-79.05383,133,2960.853883856783
27844,35.92637,-79.05383,134,2970.899495481515
27844,35.92652,-79.05383,135,2987.642181533177
27844,35.92673,-79.05384,136,3011.099515989438
27844,35.9269,-79.05386,137,3030.1612307658465
27844,35.927,-79.05387,138,3041.359879251923
27844,35.92702,-79.05388,139,3043.769773527908
27844,35.92719,-79.05391,140,3062.9392734104354
27844,35.92748,-79.05397,141,3095.7635647880475
27844,35.927923,-79.054119,142,3147.0270801760307
27844,35.928023,-79.054053,143,3159.6953608035483
27844,35.928061,-79.054168,144,3170.9640536746574
27844,35.92818,-79.0542,145,3184.5605483473582
27844,35.92835,-79.05426,146,3204.30189893576
27844,35.92879,-79.05441,147,3255.2666224306527
27844,35.92999,-79.05482,148,3394.2832308324223
27844,35.930195,-79.054894,149,3418.130598270982
27844,35.930315,-79.054797,150,3434.1600081192482
27844,35.930353,-79.054945,151,3448.2490119613985
27844,35.93043,-79.05497,152,3457.138168975167
27844,35.93052,-79.055,153,3467.5463762211034
27844,35.93104,-79.05519,154,3528.0961523743676
27844,35.93112,-79.05522,155,3537.4316294866976
27844,35.93156,-79.05535,156,3587.9413713817357
27844,35.93177,-79.05541,157,3612.0055787785827
27844,35.93231,-79.05553,158,3673.25556559681
27844,35.93292,-79.05565,159,3742.208201664214
27844,35.93354,-79.055781,160,3812.42538738826
27844,35.933629,-79.055672,161,3826.4463028891796
27844,35.93375,-79.05582,162,3845.4962008650036
27844,35.9338,-79.05584,163,3851.36495544248
27844,35.93467,-79.05601,164,3949.6907347669458
27844,35.93514,-79.0561,165,4002.783292825222
27844,35.93514,-79.05512,166,4091.7418593609914
27844,35.93514,-79.05506,167,4097.18830672259
27844,35.935149,-79.054714,168,4128.612222504157
27844,35.935127,-79.054629,169,4136.709356858978
27844,35.935152,-79.054496,170,4149.100609822269
27844,35.93517,-79.05393,171,4200.518089154906
27844,35.93517,-79.0539,172,4203.241316891433
27844,35.93518,-79.05383,173,4209.692804302373
27844,35.93519,-79.05338,174,4250.556479614621
27844,35.93519,-79.05227,175,4351.316055165342
27844,35.9352,-79.05183,176,4391.272427931169
27844,35.9352,-79.0517,177,4403.073117370713
27844,35.93519,-79.05116,178,4452.104101639717
27844,35.93519,-79.05074,179,4490.2294603737655
27844,35.935149,-79.050634,180,4500.884424330511
27844,35.93518,-79.050546,181,4509.589812269375
27844,35.93517,-79.04985,182,4572.778925033091
27844,35.93516,-79.04963,183,4592.780564462694
27844,35.93516,-79.04962,184,4593.6883133631145
27844,35.93516,-79.0494,185,4613.658792851469
27844,35.93515,-79.04914,186,4637.286658381506
27844,35.93514,-79.0487,187,4677.243255975565
27844,35.93513,-79.04837,188,4707.219819385852
27844,35.93513,-79.04789,189,4750.79188718252
27844,35.935129,-79.047456,190,4790.188485561686
27844,35.935076,-79.047401,191,4797.9294971003565
27844,35.935132,-79.047351,192,4805.654212069224
27844,35.93513,-79.04688,193,4848.409955010858
27844,35.93513,-79.04675,194,4860.210748117581
27844,35.93511,-79.04563,195,4961.90373966396
27844,35.93511,-79.04524,196,4997.306205939231
27844,35.93511,-79.04512,197,5008.199276917665
27844,35.93511,-79.04502,198,5017.276837658552
27844,35.93511,-79.04479,199,5038.155232856219
27844,35.93511,-79.04468,200,5048.140555006923
27844,35.93511,-79.04457,201,5058.125878910113
27844,35.93511,-79.04445,202,5069.018961529929
27844,35.9351,-79.04439,203,5074.578702328689
27844,35.93505,-79.04414,204,5097.94881807238
27844,35.93497,-79.04384,205,5126.608209272573
27844,35.93491,-79.0437,206,5140.973506092563
27844,35.93486,-79.04358,207,5153.213100341062
27844,35.9346,-79.04322,208,5196.9186369043555
27844,35.9347,-79.04308,209,5213.833152660355
27844,35.93473,-79.04304,210,5218.772549619886
27844,35.93476,-79.043,211,5223.71194587175
27844,35.9348,-79.04296,212,5229.466849798369
27844,35.93484,-79.04292,213,5235.221752920307
27844,35.93487,-79.0429,214,5239.030850106488
27844,35.93491,-79.04286,215,5244.785751735406
27844,35.93497,-79.04282,216,5252.40394508348
27844,35.935011,-79.042701,217,5264.135714677584
27844,35.935082,-79.042751,218,5273.26843228242
27844,35.93518,-79.0427,219,5285.146528421495
27844,35.93517,-79.04248,220,5305.148393400422
27844,35.93516,-79.04204,221,5345.105405270127
27844,35.93515,-79.04189,222,5358.767479504206
27844,35.935341,-79.041883,223,5380.096374204747
27844,35.935393,-79.041784,224,5390.794590963687
27844,35.935467,-79.041873,225,5402.348660782547
27844,35.93587,-79.04184,226,5447.4311719765665
27844,35.93605,-79.04183,227,5467.54327638798
27844,35.93624,-79.04181,228,5488.828652003125
27844,35.93634,-79.0418,229,5500.027507597557
27844,35.93641,-79.04179,230,5507.893464774646
27844,35.93648,-79.04177,231,5515.9150163000395
27844,35.93679,-79.04163,232,5552.777156309468
27844,35.9371,-79.0415,233,5589.336271465381
27844,35.93729,-79.04141,234,5612.063229883143
27844,35.93746,-79.04136,235,5631.573899023848
27844,35.93757,-79.04134,236,5643.9856063777015
27844,35.93771,-79.04133,237,5659.63876759077
27844,35.937779,-79.041202,238,5673.578557864394
27844,35.93786,-79.0413,239,5686.262341253129
27844,35.93786,-79.0413,240,5686.262341253129
27844,35.93801,-79.04128,241,5703.103501108205
27844,35.93819,-79.0412,242,5724.467196412989
27844,35.93831,-79.04112,243,5739.703477970776
27844,35.93841,-79.04103,244,5753.535747429868
27844,35.93842,-79.04102,245,5754.97445135453
27844,35.93868,-79.04077,246,5791.814757345388
27844,35.93896,-79.04044,247,5835.10539148526
27844,35.93908,-79.04036,248,5850.341657560123
27844,35.93924,-79.04025,249,5870.802611237357
27844,35.93945,-79.04018,250,5895.088812961692
27844,35.93954,-79.04015,251,5905.497184602147
27844,35.939704,-79.040105,252,5924.253111933546
27844,35.939752,-79.040013,253,5934.174997960891
27844,35.9398,-79.04009,254,5942.981640755388
27844,35.93993,-79.04008,255,5957.520650631682
27844,35.94007,-79.04013,256,5973.793226507849
27844,35.94015,-79.04015,257,5982.905524448659
27844,35.94027,-79.04017,258,5996.422431502616
27844,35.94046,-79.04018,259,6017.649713141817
27844,35.94054,-79.04017,260,6026.625356291862
27844,35.94063,-79.04014,261,6037.033718237599
27844,35.9407,-79.0401,262,6045.649534208578
27844,35.94076,-79.04006,263,6053.267633424857
27844,35.940799,-79.039967,264,6062.765566212673
27844,35.94092,-79.03996,265,6076.286570090846
27844,35.94103,-79.03988,266,6090.551407108683
27844,35.94125,-79.03973,267,6118.629878567527
27844,35.94174,-79.03951,268,6176.855334783229
27844,35.94224,-79.03927,269,6236.7664742898605
27844,35.94233,-79.03923,270,6247.448290140893
27844,35.94259,-79.03911,271,6278.446306075641
27844,35.942626,-79.039005,272,6288.789407190186
27844,35.942723,-79.039032,273,6299.890496823171
27844,35.94302,-79.03885,274,6336.929790287693
27844,35.94306,-79.03882,275,6342.15946377565
27844,35.94349,-79.03856,276,6395.644343687412
27844,35.94354,-79.03852,277,6402.302399080844
27844,35.94363,-79.03846,278,6413.729482454474
27844,35.94414,-79.03814,279,6477.63768751706
27844,35.944219,-79.037999,280,6493.179474996526
27844,35.94434,-79.03794,281,6507.708518578657
27844,35.94445,-79.0378,282,6525.378544673663
27844,35.94456,-79.03763,283,6545.097746293278
27844,35.94468,-79.0374,284,6569.90146536367
27844,35.94486,-79.03717,285,6598.875404801589
27844,35.94486,-79.03716,286,6599.7830594028665
27844,35.94489,-79.03713,287,6604.099056354587
27844,35.94493,-79.03709,288,6609.85371825618
27844,35.94496,-79.03707,289,6613.6627396240665
27844,35.94501,-79.03703,290,6620.320773742708
27844,35.94507,-79.03699,291,6627.93881522985
27844,35.94515,-79.03696,292,6637.274422125874
27844,35.94517,-79.03695,293,6639.684302440223
27844,35.94525,-79.03691,294,6649.323823210486
27844,35.94534,-79.03688,295,6659.732196697688
27844,35.94543,-79.03684,296,6670.4140046080465
27844,35.94561,-79.03677,297,6691.48641834513
27844,35.94574,-79.03672,298,6706.690255052702
27844,35.94581,-79.03669,299,6714.964591629527
27844,35.94585,-79.03666,300,6720.194232713672
27844,35.94587,-79.03664,301,6723.071551898956
27844,35.94594,-79.03658,302,6732.59561005151
27844,35.946,-79.03653,303,6740.685644917754
27844,35.94604,-79.03649,304,6746.440279900995
27844,35.94608,-79.03643,305,6753.482444732732
27844,35.946205,-79.036249,306,6775.036213033264
27844,35.946207,-79.036153,307,6783.7524202771365
27844,35.946296,-79.03612,308,6794.128407664508
27844,35.94644,-79.0359,309,6819.761951037421
27844,35.94652,-79.0358,310,6832.494585533355
27844,35.94659,-79.03572,311,6843.161073995325
27844,35.94661,-79.03571,312,6845.570952811689
27844,35.94665,-79.03567,313,6851.325577504075
27844,35.94673,-79.03561,314,6861.78484586116
27844,35.94683,-79.03556,315,6873.834238518321
27844,35.94693,-79.03553,316,6885.323670663631
27844,35.94694,-79.03552,317,6886.7623249865055
27844,35.9471,-79.03547,318,6905.189280158917
27844,35.94711,-79.03547,319,6906.3054920266195
27844,35.94728,-79.03541,320,6926.047072995484
27844,35.94749,-79.03536,321,6949.922782844371
27844,35.9478,-79.03528,322,6985.27897614539
27844,35.94793,-79.03523,323,7000.482811287393
27844,35.94803,-79.0352,324,7011.972240477152
27844,35.94814,-79.03515,325,7025.062385672691
27844,35.94816,-79.03514,326,7027.472259933274
27844,35.94827,-79.03507,327,7041.296962215582
27844,35.94828,-79.03507,328,7042.413174800669
27844,35.94832,-79.03504,329,7047.642784758171
27844,35.94847,-79.03493,330,7067.136640400797
27844,35.94854,-79.03487,331,7076.660621295291
27844,35.94866,-79.03474,332,7094.510840877323
27844,35.94879,-79.03458,333,7115.039982538031
27844,35.94877,-79.034485,334,7123.946620197602
27844,35.948871,-79.034458,335,7135.48364029504
27844,35.94899,-79.03429,336,7155.705763062573
27844,35.9491,-79.03411,337,7176.1423766704365
27844,35.94914,-79.03406,338,7182.508602892278
27844,35.94923,-79.03392,339,7198.70664477353
27844,35.94926,-79.03389,340,7203.022568289585
27844,35.94932,-79.03382,341,7212.253903105938
27844,35.94937,-79.03377,342,7219.447106575768
27844,35.94946,-79.03368,343,7232.394869665528
27844,35.94952,-79.03364,344,7240.012853741716
27844,35.94959,-79.0336,345,7248.6285858130595
27844,35.94965,-79.03356,346,7256.246567994747
27844,35.94971,-79.03354,347,7263.185494255126
27844,35.94984,-79.03349,348,7278.389338727533
27844,35.94988,-79.03347,349,7283.209085167444
27844,35.95008,-79.03346,350,7305.551836001717
27844,35.95024,-79.03346,351,7323.4112834249245
27844,35.95042,-79.03347,352,7343.523650300821
27844,35.95064,-79.03348,353,7368.097156153428
27844,35.95087,-79.03351,354,7393.914090239783
27844,35.950967,-79.033445,355,7406.2442296495055
27844,35.95103,-79.03354,356,7417.370403004169
27844,35.95115,-79.03354,357,7430.76498691036
27844,35.95132,-79.03347,358,7450.775924993095
27844,35.95136,-79.03345,359,7455.595658697825
27844,35.95146,-79.03339,360,7468.015289805541
27844,35.95148,-79.03337,361,7470.892542052345
27844,35.95155,-79.03331,362,7480.4164271222935
27844,35.95163,-79.03324,363,7491.375514089622
27844,35.95188,-79.0329,364,7532.979742823266
27844,35.95202,-79.0327,365,7556.931441468519
27844,35.95214,-79.03248,366,7580.974835812209
27844,35.95224,-79.03227,367,7603.062021522031
27844,35.95229,-79.03217,368,7613.716502478158
27844,35.95234,-79.03204,369,7626.7684275001
27844,35.95238,-79.03195,370,7636.077251192308
27844,35.95241,-79.03184,371,7646.607220594564
27844,35.95243,-79.03173,372,7656.83710391503
27844,35.95244,-79.03161,373,7667.785053386504
27844,35.95244,-79.03159,374,7669.60020309683
27844,35.95244,-79.03145,375,7682.306252690625
27844,35.95244,-79.03137,376,7689.566853735378
27844,35.95243,-79.03116,377,7708.658595527806
27844,35.952431,-79.030975,378,7725.449117693827
27844,35.952396,-79.030881,379,7734.832320377284
27844,35.95243,-79.03073,380,7749.052510225117
27844,35.95244,-79.03029,381,7789.001473221265
27844,35.95245,-79.02962,382,7849.819388554801
27844,35.95246,-79.0293,383,7878.88332023201
27844,35.95246,-79.02907,384,7899.757617095649
27844,35.952424,-79.02904,385,7904.611570076692
27844,35.952463,-79.028989,386,7910.965732305385
27844,35.95246,-79.02862,387,7944.457058961907
27844,35.95246,-79.0284,388,7964.423799233848
27844,35.95246,-79.02818,389,7984.390546522961
27844,35.95246,-79.02774,390,8024.3240621618015
27844,35.95246,-79.02773,391,8025.231642387828
27844,35.95246,-79.02729,392,8065.165186739813
27844,35.95246,-79.02707,393,8085.131969443842
27844,35.952424,-79.027011,394,8091.826804275549
27844,35.95247,-79.02695,395,8099.377605749764
27844,35.95198,-79.02684,396,8154.976402811491
27844,35.95162,-79.02675,397,8195.982376598402
27844,35.95129,-79.02665,398,8233.919525209169
27844,35.95118,-79.02663,399,8246.33147835423
27844,35.951,-79.0266,400,8266.607227665056
27844,35.95078,-79.02661,401,8291.18100308962
27844,35.95068,-79.02664,402,8302.670567403768
27844,35.95033,-79.02674,403,8342.778925247616
27844,35.95023,-79.02678,404,8354.516743097127
27844,35.95017,-79.0268,405,8361.455741153346
27844,35.9501,-79.02682,406,8369.477413113358
27844,35.9499,-79.02684,407,8391.87563547796
27844,35.94987,-79.02685,408,8395.3451351519
27844,35.949757,-79.026837,409,8408.013568665374
27844,35.949701,-79.026892,410,8416.013080806073
27844,35.949647,-79.026827,411,8424.447312528795
27844,35.94954,-79.02682,412,8436.407830555621
27844,35.94918,-79.02683,413,8476.602261673152
27844,35.94865,-79.02685,414,8535.790149220189
27844,35.94844,-79.02686,415,8559.248486226168
27844,35.94838,-79.02686,416,8565.945849576816
27844,35.94831,-79.02685,417,8573.811978826789
27844,35.94824,-79.02683,418,8581.833660105907
27844,35.94821,-79.02682,419,8585.303164901225
27844,35.94818,-79.02681,420,8588.77266984497
27844,35.94815,-79.0268,421,8592.242174934872
27844,35.94806,-79.02675,422,8603.265692864028
27844,35.94803,-79.02673,423,8607.074742954364
27844,35.94798,-79.02669,424,8613.732810802174
27844,35.94789,-79.0266,425,8626.680817666955
27844,35.94787,-79.02657,426,8630.201906727212
27844,35.9478,-79.02649,427,8640.868471757492
27844,35.947723,-79.026441,428,8650.545908743608
27847,35.906056,-79.01025,0,0
27847,35.90594,-79.01049,1,25.351666317779934
27847,35.90594,-79.01083,2,56.22855363684296
27847,35.90594,-79.01094,3,66.21813122635584
27847,35.90594,-79.01107,4,78.02399337697047
27847,35.90595,-79.01125,5,94.40863505279518
27847,35.90595,-79.01138,6,106.21448983231191
27847,35.90596,-79.01188,7,151.63531628381747
27847,35.90596,-79.01212,8,173.43071377899986
27847,35.90597,-79.01236,9,195.25466729892892
27847,35.90597,-79.01243,10,201.61165339994898
27847,35.90598,-79.01255,11,212.56636134847818
27847,35.90599,-79.0127,12,226.23412548522424
27847,35.906048,-79.01288,13,243.81606607493217
27847,35.90602,-79.01299,14,254.28313583672093
27847,35.90602,-79.01299,15,254.28313583672093
27847,35.90605,-79.01311,16,265.6837223388127
27847,35.90609,-79.01319,17,274.21121247482506
27847,35.90616,-79.01335,18,290.70914230310757
27847,35.9064,-79.01358,19,324.679382530186
27847,35.90649,-79.01363,20,335.7041246396876
27847,35.90662,-79.0137,21,351.54669762955956
27847,35.90665,-79.01372,22,355.35628384506083
27847,35.90675,-79.01378,23,367.77766644630924
27847,35.9068,-79.01383,24,374.97265446429446
27847,35.90681,-79.01384,25,376.4116517798337
27847,35.90688,-79.01393,26,387.7189597404809
27847,35.90693,-79.01403,27,398.37822590259753
27847,35.907,-79.0142,28,415.68115472387154
27847,35.907,-79.01424,29,419.3136599003068
27847,35.90703,-79.01437,30,431.5850576975384
27847,35.90705,-79.01455,31,448.08306429994246
27847,35.90704,-79.01468,32,459.9413463915134
27847,35.90703,-79.01484,33,474.5141621457648
27847,35.907043,-79.014934,34,483.1729981044398
27847,35.907,-79.01495,35,488.18796975867
27847,35.90689,-79.01518,36,512.4166596742857
27847,35.90675,-79.01533,37,533.1476516801296
27847,35.90671,-79.01538,38,539.5158178570892
27847,35.90629,-79.01566,39,592.8498909570934
27847,35.90566,-79.01607,40,672.4221156527143
27847,35.9054,-79.01624,41,705.295259107301
27847,35.9053,-79.0163,42,717.7166326152549
27847,35.90563,-79.01707,43,796.7524306075709
27847,35.90582,-79.01752,44,842.7942402508667
27847,35.90612,-79.01821,45,913.8422604103506
27847,35.90637,-79.0188,46,974.2535261624794
27847,35.90642,-79.01891,47,985.6963327652237
27847,35.906601,-79.019153,48,1015.615755601472
27847,35.9066,-79.019322,49,1030.963450677382
27847,35.90688,-79.01998,50,1098.3981918277163
27847,35.90701,-79.02027,51,1128.4669002926744
27847,35.90715,-79.02061,52,1163.0723669422375
27847,35.9073,-79.02098,53,1200.6133051302563
27847,35.9074,-79.02122,54,1225.1001842934322
27847,35.90745,-79.02136,55,1238.9848561936703
27847,35.90748,-79.02143,56,1246.1697311924283
27847,35.90753,-79.02158,57,1260.8904272730829
27847,35.90755,-79.02162,58,1265.1540566545825
27847,35.90759,-79.02177,59,1279.4887908006958
27847,35.90762,-79.02184,60,1286.673651047898
27847,35.90762,-79.02185,61,1287.5817590761355
27847,35.90771,-79.02215,62,1316.6182449116313
27847,35.907803,-79.022324,63,1335.5242718974825
27847,35.90778,-79.02242,64,1344.6122562983485
27847,35.90788,-79.02286,65,1386.0987297850518
27847,35.90794,-79.0231,66,1408.8990422957054
27847,35.9081,-79.02383,67,1477.5540967277627
27847,35.908398,-79.024817,68,1573.1567388916606
27847,35.90835,-79.02496,69,1587.204409247507
27847,35.90851,-79.02568,70,1654.9825079044986
27847,35.9086,-79.02612,71,1696.1821031993336
27847,35.90865,-79.02634,72,1716.9250258048264
27847,35.90876,-79.02685,73,1764.8375591334548
27847,35.90881,-79.02707,74,1785.5804182754187
27847,35.90884,-79.02719,75,1796.9803773489593
27847,35.90885,-79.02726,76,1803.4342407710928
27847,35.90893,-79.0277,77,1844.375700340334
27847,35.90908,-79.02836,78,1906.604009394254
27847,35.90914,-79.02868,79,1936.4244108962002
27847,35.9093,-79.02937,80,2001.5774698978844
27847,35.9094,-79.02986,81,2047.4519481396012
27847,35.909535,-79.030227,82,2084.026796474536
27847,35.90954,-79.03046,83,2105.192268353404
27847,35.90956,-79.03058,84,2116.3154748056413
27847,35.9097,-79.03128,85,2181.773216636266
27847,35.90985,-79.0321,86,2258.0940732787217
27847,35.909986,-79.032451,87,2293.397691759202
27847,35.90991,-79.03247,88,2302.054612123381
27847,35.90995,-79.03275,89,2327.8694971755385
27847,35.91001,-79.03311,90,2361.2388124343615
27847,35.91002,-79.03319,91,2368.588578347579
27847,35.91006,-79.03349,92,2396.193941690333
27847,35.91008,-79.03363,93,2409.101342271601
27847,35.91013,-79.03401,94,2444.0561222355054
27847,35.91018,-79.03441,95,2480.8048254668292
27847,35.91022,-79.03469,96,2506.6195442882085
27847,35.91026,-79.03499,97,2534.224772915134
27847,35.91029,-79.03521,98,2554.480758850683
27847,35.91028,-79.03526,99,2559.156242849275
27847,35.91027,-79.0353,100,2562.9561155198207
27847,35.91031,-79.03549,101,2580.7775639790125
27847,35.91034,-79.03563,102,2593.9239899229938
27847,35.91038,-79.0358,103,2609.993663746612
27847,35.91044,-79.03603,104,2631.926468998922
27847,35.91052,-79.03627,105,2655.4782663830433
27847,35.91062,-79.03651,106,2679.9637506721206
27847,35.91076,-79.03687,107,2716.1966951806044
27847,35.91081,-79.03702,108,2730.916500852197
27847,35.91087,-79.0372,109,2748.580252399557
27847,35.91092,-79.0374,110,2767.5794172536653
27847,35.91095,-79.03754,111,2780.725707496052
27847,35.91098,-79.03769,112,2794.7519915229977
27847,35.91101,-79.03783,113,2807.8982662732774
27847,35.91103,-79.03798,114,2821.700679357343
27847,35.91105,-79.03812,115,2834.6078325227754
27847,35.91107,-79.03828,116,2849.3070544488733
27847,35.91108,-79.03845,117,2864.7841062128045
27847,35.91109,-79.03858,118,2876.6413297131594
27847,35.91109,-79.03859,119,2877.5493732691066
27847,35.91112,-79.03871,120,2888.9488197161327
27847,35.91114,-79.03934,121,2946.1990361407666
27847,35.91115,-79.03954,122,2964.3941395797615
27847,35.91116,-79.03969,123,2978.060418936949
27847,35.91116,-79.03988,124,2995.3131980329467
27847,35.91116,-79.03992,125,2998.945361385192
27847,35.91115,-79.04013,126,3018.046857185841
27847,35.91114,-79.0404,127,3042.5893460541997
27847,35.91111,-79.04067,128,3067.33405889915
27847,35.91108,-79.04102,129,3099.2913904459188
27847,35.91108,-79.04104,130,3101.1074706958484
27847,35.91094,-79.04177,131,3169.2114861198024
27847,35.91089,-79.042,132,3190.829261733603
27847,35.91085,-79.04221,133,3210.413844738145
27847,35.91079,-79.04248,134,3235.8292196017574
27847,35.91072,-79.04285,135,3270.3233281813305
27847,35.910745,-79.042884,136,3274.4848836785363
27847,35.9107,-79.04294,137,3281.632401403929
27847,35.91068,-79.04304,138,3290.9832080519295
27847,35.91058,-79.0433,139,3317.097941390831
27847,35.91045,-79.04397,140,3379.6433245511275
27847,35.91043,-79.0441,141,3391.657118492649
27847,35.91029,-79.04484,142,3460.645466350548
27847,35.91026,-79.04498,143,3473.79170380023
27847,35.91023,-79.04512,144,3486.937943013623
27847,35.91019,-79.04532,145,3505.6395976249273
27847,35.91017,-79.04544,146,3516.762454288347
27847,35.91012,-79.04566,147,3537.504363726175
27847,35.910163,-79.045941,148,3563.4678895862967
27847,35.91006,-79.04603,149,3577.520941336696
27847,35.90996,-79.04663,150,3633.1352559714346
27847,35.90989,-79.04692,151,3660.603264592153
27847,35.90984,-79.04721,152,3687.5214867168665
27847,35.90983,-79.04727,153,3693.0829220084474
27847,35.9098,-79.04738,154,3703.617773948696
27847,35.90971,-79.04764,155,3729.275337131194
27847,35.909768,-79.047841,156,3748.6412036215347
27847,35.9096,-79.0479,157,3768.1434974886483
27847,35.9096,-79.04792,158,3769.9595920520333
27847,35.90955,-79.04801,159,3779.8558307417993
27847,35.90947,-79.04815,160,3795.3912184516953
27847,35.90937,-79.04834,161,3815.9399731213557
27847,35.90933,-79.04844,162,3826.0587388350446
27847,35.90918,-79.04875,163,3858.8111406517196
27847,35.90907,-79.04905,164,3888.691776603769
27847,35.909,-79.0492,165,3904.3944358600893
27847,35.90892,-79.04941,166,3925.4507106103397
27847,35.9089,-79.04947,167,3931.338635885923
27847,35.90879,-79.04978,168,3962.0494461982676
27847,35.90874,-79.04991,169,3975.1069274204933
27847,35.90874,-79.04992,170,3976.014981750362
27847,35.90869,-79.0501,171,3993.2864946985305
27847,35.90867,-79.0502,172,4002.6374203874493
27847,35.90864,-79.05034,173,4015.7837992104805
27847,35.90863,-79.05047,174,4027.6411646278657
27847,35.90862,-79.05057,175,4036.790056237352
27847,35.90863,-79.05072,176,4050.4565327281266
27847,35.90864,-79.05094,177,4070.464883499691
27847,35.90864,-79.05098,178,4074.097099392552
27847,35.908739,-79.05117,179,4094.585480841261
27847,35.90867,-79.05132,180,4110.232897537445
27847,35.90869,-79.05177,181,4151.156200519427
27847,35.90868,-79.05209,182,4180.235295905689
27847,35.90859,-79.05243,183,4212.702273915006
27847,35.90856,-79.05259,184,4227.611999908417
27847,35.90857,-79.05267,185,4234.961669916769
27847,35.90859,-79.05276,186,4243.433546419041
27847,35.90868,-79.05296,187,4264.187761850186
27847,35.90896,-79.05314,188,4299.456845023343
27847,35.910092,-79.053756,189,4437.635951567769
27847,35.91008,-79.05385,190,4446.275916034571
27847,35.91013,-79.05388,191,4452.486157308812
27847,35.91026,-79.05397,192,4469.13955825528
27847,35.91053,-79.05414,193,4502.999762512588
27847,35.91054,-79.05415,194,4504.438639881442
27847,35.91062,-79.05423,195,4515.949655384329
27847,35.91071,-79.05431,196,4528.34654386419
27847,35.91095,-79.05449,197,4559.727297958307
27847,35.91115,-79.05462,198,4584.979661844436
27847,35.9112,-79.05465,199,4591.189879225917
27847,35.91132,-79.05473,200,4606.427022052343
27847,35.911453,-79.054669,201,4622.271838621516
27847,35.9115,-79.05483,202,4637.803662498633
27847,35.91159,-79.05489,203,4649.231507098676
27847,35.91183,-79.05503,204,4678.882976705735
27847,35.91189,-79.05506,205,4686.11284378248
27847,35.91217,-79.05521,206,4720.204699570844
27847,35.91239,-79.05535,207,4747.8558881350555
27847,35.9126,-79.05547,208,4773.704352419383
27847,35.91276,-79.05556,209,4793.344082104076
27847,35.91314,-79.05578,210,4840.2273738003305
27847,35.91326,-79.05585,211,4855.053036739609
27847,35.91328,-79.05586,212,4857.462983185231
27847,35.91363,-79.05606,213,4900.543625728344
27847,35.913761,-79.056005,214,4915.99481190251
27847,35.91379,-79.05614,215,4928.672819525015
27847,35.91406,-79.0563,216,4962.128427204031
27847,35.91432,-79.05645,217,4994.186008747387
27847,35.91459,-79.05659,218,5026.893932206492
27847,35.91467,-79.05664,219,5036.9111463925465
27847,35.91489,-79.05676,220,5063.775709575148
27847,35.91501,-79.05683,221,5078.601288683089
27847,35.91506,-79.05685,222,5084.470167548087
27847,35.91509,-79.05686,223,5087.9396060229365
27847,35.91523,-79.05693,224,5104.809145642035
27847,35.91529,-79.05705,225,5117.59839743444
27847,35.91531,-79.05708,226,5121.120190280937
27847,35.91534,-79.05711,227,5125.436697203434
27847,35.91536,-79.05713,228,5128.314368006203
27847,35.91574,-79.05736,229,5175.5912504839835
27847,35.91601,-79.05753,230,5209.4507810068735
27847,35.91633,-79.05774,231,5249.9389887875195
27847,35.91642,-79.057713,232,5260.279336543899
27847,35.91649,-79.05784,233,5274.208097498123
27847,35.91665,-79.05794,234,5294.242383561109
27847,35.91681,-79.05804,235,5314.276658052845
27847,35.91713,-79.05823,236,5353.941951522196
27847,35.91732,-79.05833,237,5377.011059168832
27847,35.91748,-79.05842,238,5396.650495160893
27847,35.91762,-79.05852,239,5414.7231150278
27847,35.91794,-79.05873,240,5455.21107491547
27847,35.91809,-79.05883,241,5474.257007100292
27847,35.91825,-79.05894,242,5494.718657734555
27847,35.91845,-79.05905,243,5519.1743073535345
27847,35.919,-79.05936,244,5586.708211973282
27847,35.919076,-79.059334,245,5595.513424544061
27847,35.91911,-79.05942,246,5604.194931222537
27847,35.91972,-79.05973,247,5677.869272955956
27847,35.91965,-79.05994,248,5698.4742467722135
27847,35.91958,-79.06014,249,5718.242117439597
27847,35.9195,-79.06034,250,5738.477150055225
27847,35.919534,-79.060478,251,5751.568487425743
27847,35.91943,-79.06055,252,5764.890689002678
27847,35.91938,-79.0607,253,5779.608553905654
27847,35.91937,-79.06072,254,5781.740002094471
27847,35.91937,-79.06074,255,5783.55583338634
27847,35.91938,-79.06076,256,5785.687281443211
27847,35.9194,-79.06077,257,5788.0971824170765
27847,35.9197,-79.06093,258,5824.597422239921
27847,35.919841,-79.060938,259,5840.352120099176
27847,35.91987,-79.06102,260,5848.470207114344
27847,35.92005,-79.06112,261,5870.5173762450795
27847,35.92007,-79.06113,262,5872.927272921945
27847,35.92022,-79.0612,263,5890.835409148234
27847,35.92032,-79.06122,264,5902.143804119128
27847,35.92041,-79.06123,265,5912.230241429357
27847,35.92044,-79.06124,266,5915.699639580232
27847,35.92045,-79.06124,267,5916.815805439194
27847,35.92058,-79.06124,268,5931.325961613651
27847,35.92059,-79.06124,269,5932.442127472423
27847,35.9207,-79.06123,270,5944.753474215214
27847,35.92077,-79.06121,271,5952.774858911383
27847,35.9208,-79.0612,272,5956.244256142199
27847,35.92081,-79.0612,273,5957.3604220744355
27847,35.92089,-79.06116,274,5966.999994180109
27847,35.92094,-79.06114,275,5972.868790791962
27847,35.92097,-79.06112,276,5976.677930566044
27847,35.92097,-79.06111,277,5977.585827135149
27847,35.92106,-79.06105,278,5989.013245386183
27847,35.92122,-79.06087,279,6013.220604931016
27847,35.92125,-79.06084,280,6017.536956571439
27847,35.92134,-79.06075,281,6030.486008787282
27847,35.92136,-79.06072,282,6034.007618598449
27847,35.92178,-79.0603,283,6094.4364720527155
27847,35.92181,-79.06027,284,6098.7528153473095
27847,35.92185,-79.06023,285,6104.50793903817
27847,35.92194,-79.06017,286,6115.935344209062
27847,35.92196,-79.06016,287,6118.3452363476335
27847,35.92207,-79.06012,288,6131.148892550431
27847,35.9221,-79.06011,289,6134.618291887354
27847,35.92216,-79.0601,290,6141.376558046715
27847,35.92226,-79.06009,291,6152.575099557207
27847,35.92234,-79.0601,292,6161.5504781938
27847,35.92241,-79.06011,293,6169.416223949385
27847,35.92245,-79.06013,294,6174.236004397935
27847,35.92249,-79.06014,295,6178.792048452158
27847,35.92259,-79.0602,296,6191.212028075959
27847,35.92265,-79.06023,297,6198.4416951761605
27847,35.922651,-79.060437,298,6217.235106328335
27847,35.92255,-79.06051,299,6230.312223261692
27847,35.92252,-79.06065,300,6243.456211204578
27847,35.9225,-79.0607,301,6248.514811615643
27847,35.92248,-79.06089,302,6265.908367403083
27847,35.92242,-79.0611,303,6286.115841159739
27847,35.92232,-79.06134,304,6310.597438409648
27847,35.92224,-79.06145,305,6323.993961746751
27847,35.92184,-79.06206,306,6395.1301722723965
27847,35.92179,-79.06215,307,6405.025135215724
27847,35.92179,-79.06216,308,6405.933020789607
27847,35.92174,-79.06228,309,6418.173874711226
27847,35.921799,-79.062343,310,6426.896362522564
27847,35.92174,-79.06237,311,6433.923160111857
27847,35.92175,-79.06248,312,6443.9720830531005
27847,35.92177,-79.06257,313,6452.442502786549
27847,35.92182,-79.06286,314,6479.356136183503
27847,35.92185,-79.06301,315,6493.380021192988
27847,35.92192,-79.06337,316,6526.984709168061
27847,35.922,-79.06365,317,6553.928049476983
27847,35.92204,-79.06379,318,6567.399705955342
27847,35.92207,-79.06385,319,6573.793860321128
27847,35.92218,-79.06411,320,6600.400868141548
27847,35.92226,-79.06422,321,6613.797338112755
27847,35.92247,-79.06453,322,6650.423788979519
27847,35.92253,-79.06468,323,6665.599496829717
27847,35.92256,-79.06477,324,6674.429855465682
27847,35.92258,-79.06486,325,6682.900162918968
27847,35.922733,-79.065025,326,6705.616430990512
27847,35.92259,-79.06512,327,6723.758720836079
27847,35.92262,-79.0655,328,6758.419961063798
27847,35.92264,-79.06592,329,6796.615819435094
27847,35.92247,-79.06593,330,6815.612204531159
27847,35.92204,-79.06596,331,6863.684195910571
27847,35.9219,-79.06597,332,6879.336752027441
27847,35.921842,-79.066081,333,6891.314402178239
27847,35.92175,-79.06601,334,6903.438566264852
27847,35.92172,-79.06603,335,6907.24766779009
27847,35.92159,-79.0661,336,6923.0884250580375
27847,35.92146,-79.0662,337,6940.204688455012
27847,35.92134,-79.06644,338,6965.781359108026
27847,35.92126,-79.06666,339,6987.65990890864
27847,35.92112,-79.067,340,7022.257859370515
27847,35.92109,-79.06704,341,7027.197530946816
27847,35.920931,-79.067308,342,7057.313431567438
27847,35.92081,-79.06736,343,7071.620280366089
27847,35.92079,-79.06738,344,7074.497824633675
27847,35.92065,-79.06755,345,7096.461194583304
27847,35.92064,-79.06758,346,7099.404695203219
27847,35.92061,-79.06764,347,7105.798895585189
27847,35.9206,-79.0678,348,7120.367973434411
27847,35.9206,-79.06782,349,7122.1837557860545
27847,35.92059,-79.06838,350,7173.037891663202
27847,35.92059,-79.06859,351,7192.103588318848
27847,35.9206,-79.0686,352,7193.54235914595
27847,35.92064,-79.06875,353,7207.873865704608
27847,35.92067,-79.0688,354,7213.514675456679
27847,35.92076,-79.06895,355,7230.4370936407895
27847,35.92103,-79.06922,356,7269.28381657212
27847,35.921276,-79.069354,357,7299.315589456504
27847,35.92123,-79.06942,358,7307.206423709867
27847,35.92136,-79.06955,359,7325.910351560534
27847,35.92163,-79.06984,360,7365.927484664124
27847,35.92177,-79.06998,361,7386.0701211906835
27847,35.92184,-79.07005,362,7396.1414324069365
27847,35.92251,-79.07071,363,7491.96774492341
27847,35.922626,-79.070841,364,7509.548336924889
27847,35.922788,-79.070893,365,7528.236070154439
27847,35.922839,-79.071071,366,7545.3692579189665
27847,35.92315,-79.07139,367,7590.5761012262
27847,35.92293,-79.07153,368,7618.2257771727145
27847,35.92278,-79.0716,369,7636.133539296813
27847,35.92266,-79.07164,370,7650.010874896567
27847,35.92251,-79.0717,371,7667.616934233217
27847,35.92245,-79.07172,372,7674.555602485945
27847,35.9223,-79.07177,373,7691.902273730469
27847,35.92193,-79.0719,374,7734.85308831793
27847,35.92188,-79.0717,375,7753.848772256819
27847,35.92187,-79.07169,376,7755.287526646664
27847,35.92187,-79.07168,377,7756.1953975262
27847,35.92179,-79.07149,378,7775.619030417352
27847,35.921714,-79.071252,379,7798.831851276114
27847,35.921817,-79.071184,380,7811.880914084088
27851,35.91368,-79.054139,0,0
27851,35.91381,-79.05405,1,16.608847557272867
27851,35.9139,-79.05383,2,38.96830727099487
27851,35.91402,-79.0535,3,71.78936484502924
27851,35.91404,-79.05345,4,76.84846366295604
27851,35.91409,-79.05332,5,89.9051503359199
27851,35.91419,-79.05306,6,116.01851139910758
27851,35.91427,-79.05287,7,135.44420436469255
27851,35.91458,-79.05205,8,217.54647809524874
27851,35.91477,-79.05156,9,266.8335989569731
27851,35.91493,-79.05115,10,308.12293343716243
27851,35.914937,-79.050924,11,328.65817402956577
27851,35.91504,-79.05086,12,341.5400472691157
27851,35.91511,-79.05067,13,360.4785204838627
27851,35.91538,-79.04993,14,434.1181147992197
27851,35.91551,-79.04961,15,466.595192391395
27851,35.91564,-79.04924,16,503.1900545109206
27851,35.91531,-79.04906,17,543.4873257579233
27851,35.91512,-79.04896,18,566.5568656979956
27851,35.9148,-79.04878,19,605.8365440011045
27851,35.914687,-79.048764,20,618.5328595828931
27851,35.91443,-79.04856,21,652.6794434020602
27851,35.91433,-79.04851,22,664.7292921434398
27851,35.91405,-79.04835,23,699.1941627311998
27851,35.91379,-79.0482,24,731.2521782100198
27851,35.91375,-79.04818,25,736.0721256664108
27851,35.91319,-79.04789,26,803.8987649512222
27851,35.91278,-79.04766,27,854.2025725638174
27851,35.91258,-79.04755,28,878.6589605234698
27851,35.912363,-79.047502,29,903.26930338126
27851,35.91231,-79.0474,30,914.2591670801398
27851,35.91228,-79.04738,31,918.0684857307028
27851,35.91209,-79.04728,32,941.1382252523708
27851,35.91188,-79.04717,33,966.6176003416901
27851,35.91173,-79.04709,34,984.8684042556442
27851,35.91153,-79.04698,35,1009.3248689517255
27851,35.91138,-79.0469,36,1027.575691272427
27851,35.91136,-79.0469,37,1029.8080739206882
27851,35.91132,-79.04688,38,1034.6280525215573
27851,35.91127,-79.04686,39,1040.4970513866583
27851,35.91115,-79.04682,40,1054.3750735089147
27851,35.91111,-79.04681,41,1058.9312402208961
27851,35.91108,-79.0468,42,1062.4007462916768
27851,35.91103,-79.04679,43,1068.0550905839918
27851,35.91097,-79.04678,44,1074.8135171972033
27851,35.91083,-79.04676,45,1090.5453729211101
27851,35.91065,-79.04674,46,1110.7187321345446
27851,35.9104,-79.04671,47,1138.7561740736683
27851,35.91037,-79.04671,48,1142.1047490453398
27851,35.91005,-79.04667,49,1178.0070853326647
27851,35.90996,-79.04663,50,1188.6892818694475
27851,35.90989,-79.04692,51,1216.157290490166
27851,35.90984,-79.04721,52,1243.075512614879
27851,35.90983,-79.04727,53,1248.6369479064601
27851,35.9098,-79.04738,54,1259.1717998467088
27851,35.90971,-79.04764,55,1284.8293630292067
27851,35.909768,-79.047841,56,1304.195229519547
27851,35.9096,-79.04792,57,1324.2725048212626
27851,35.90955,-79.04801,58,1334.1687435110287
27851,35.90947,-79.04815,59,1349.7041312209244
27851,35.90937,-79.04834,60,1370.2528858905848
27851,35.90933,-79.04844,61,1380.3716516042734
27851,35.90918,-79.04875,62,1413.1240534209485
27851,35.90885,-79.04859,63,1452.7200932945855
27851,35.9088,-79.04856,64,1458.93040642944
27851,35.90877,-79.04853,65,1463.2471154134114
27851,35.90873,-79.04847,66,1470.2911490126066
27851,35.9087,-79.0484,67,1477.4756239167436
27851,35.90868,-79.04835,68,1482.5350411696752
27851,35.90865,-79.0482,69,1496.56147419914
27851,35.90862,-79.04804,70,1511.4712937881923
27851,35.90858,-79.04787,71,1527.5409861549902
27851,35.90854,-79.0477,72,1543.6106904401188
27851,35.9085,-79.04759,73,1554.5517802427844
27851,35.90843,-79.04742,74,1571.8535219057342
27851,35.90828,-79.0471,75,1605.3899345278564
27851,35.908149,-79.046983,76,1623.4643037186952
27851,35.90813,-79.04668,77,1651.0603072848762
27851,35.90795,-79.04602,78,1714.2708027433205
27851,35.90788,-79.04582,79,1734.041606140951
27851,35.90784,-79.04572,80,1744.1605689028886
27851,35.90777,-79.04559,81,1758.3170097494333
27851,35.90772,-79.0455,82,1768.2134440516936
27851,35.9075,-79.04518,83,1806.2581441840248
27851,35.90744,-79.0451,84,1816.1387597609955
27851,35.90739,-79.04503,85,1824.5976496878202
27851,35.90731,-79.04492,86,1837.995940411344
27851,35.90722,-79.04483,87,1850.9462430656968
27851,35.90715,-79.04478,88,1859.9830509309918
27851,35.90693,-79.04466,89,1886.8485625940855
27851,35.90651,-79.044512,90,1935.617184230851
27851,35.90644,-79.04439,91,1949.1739492641332
27851,35.90632,-79.04469,92,1979.5313581773871
27851,35.90619,-79.04495,93,2007.244249739657
27851,35.90616,-79.04501,94,2013.6395355067868
27851,35.90612,-79.04507,95,2020.683748130579
27851,35.90611,-79.0451,96,2023.6278210162686
27851,35.906,-79.04521,97,2039.4560587586457
27851,35.90594,-79.04525,98,2047.074861730791
27851,35.90584,-79.04532,99,2059.91994038241
27851,35.90579,-79.04534,100,2065.7889927810265
27851,35.90576,-79.04535,101,2069.2585229674005
27851,35.90567,-79.04537,102,2079.467125828881
27851,35.90564,-79.04538,103,2082.9366562112746
27851,35.90556,-79.04539,104,2091.9122641804124
27851,35.9055,-79.04539,105,2098.609428080475
27851,35.90534,-79.04535,106,2116.834189172028
27851,35.905313,-79.045437,107,2125.2899570080435
27851,35.90523,-79.0453,108,2140.8014815817232
27851,35.90516,-79.04525,109,2149.8383404566766
27851,35.90507,-79.04518,110,2161.7263586164727
27851,35.905,-79.04508,111,2173.7060883639447
27851,35.90492,-79.04497,112,2187.104604772662
27851,35.90486,-79.04488,113,2197.671026338136
27851,35.90462,-79.04447,114,2243.539185759575
27851,35.90459,-79.04444,115,2247.8560144531552
27851,35.90456,-79.0444,116,2252.796426418102
27851,35.90448,-79.04435,117,2262.81410093942
27851,35.90442,-79.04431,118,2270.4329483712463
27851,35.90434,-79.04428,119,2279.768857344964
27851,35.90427,-79.04426,120,2287.7905443259883
27851,35.90425,-79.04425,121,2290.200574566038
27851,35.90413,-79.04424,122,2303.6256758366007
27851,35.90405,-79.04425,123,2312.6013018474337
27851,35.90392,-79.04427,124,2327.225073896638
27851,35.90384,-79.0443,125,2336.5609880561287
27851,35.90367,-79.04435,126,2356.072015589439
27851,35.90364,-79.04427,127,2364.0715677144417
27851,35.90361,-79.04419,128,2372.071123383816
27851,35.90353,-79.044,129,2391.4991727819956
27851,35.90337,-79.04388,130,2412.420557912611
27851,35.90342,-79.04373,131,2427.1413892777223
27851,35.90339,-79.04366,132,2434.32629906502
27851,35.90332,-79.04348,133,2452.4439506708422
27851,35.90324,-79.0433,134,2471.070234605509
27851,35.90313,-79.04305,135,2496.8808788706806
27851,35.903,-79.04278,136,2525.372341950589
27851,35.90288,-79.04257,137,2548.6769309225388
27851,35.90274,-79.04234,138,2574.7626837012685
27851,35.90263,-79.04219,139,2593.1015450383597
27851,35.90255,-79.04208,140,2606.500348124959
27851,35.90243,-79.04195,141,2624.354948396594
27851,35.90223,-79.04174,142,2653.7158432709125
27851,35.90192,-79.04144,143,2697.7563476637297
27851,35.9018,-79.04132,144,2715.0239876517094
27851,35.90174,-79.04124,145,2724.9050519917323
27851,35.90172,-79.04122,146,2727.782994576946
27851,35.90164,-79.04113,147,2739.8884241801566
27851,35.90161,-79.04109,148,2744.8289626239475
27851,35.90157,-79.04104,149,2751.197078890315
27851,35.9015,-79.04095,150,2762.504296058998
27851,35.90149,-79.04093,151,2764.636164002224
27851,35.90143,-79.04084,152,2775.20292997468
27851,35.90136,-79.04074,153,2787.1830619553043
27851,35.90131,-79.04066,154,2796.3444600171256
27851,35.90127,-79.04057,155,2805.6578251185965
27851,35.90125,-79.04054,156,2809.1800876690518
27851,35.90111,-79.04027,157,2838.2565109673073
27851,35.90098,-79.04001,158,2865.970944986291
27851,35.90084,-79.04014,159,2885.5561858707006
27851,35.90068,-79.04028,160,2907.478891258504
27851,35.90068,-79.04029,161,2908.387052818507
27851,35.90063,-79.04035,162,2916.186989406181
27851,35.90057,-79.04045,163,2927.4709867740744
27851,35.900583,-79.040656,164,2946.235321733223
27851,35.90044,-79.04071,165,2962.9333952862653
27851,35.90039,-79.04086,166,2977.6547762492746
27851,35.90035,-79.04102,167,2992.8558825087443
27851,35.90032,-79.04121,168,3010.432924624955
27851,35.90031,-79.04141,169,3028.630475575395
27851,35.9003,-79.04163,170,3048.6412410373273
27851,35.9003,-79.04175,171,3059.539208058152
27851,35.9003,-79.04184,172,3067.7126819534774
27851,35.90031,-79.04227,173,3106.77965417411
27851,35.90032,-79.0425,174,3127.6971995938143
27851,35.90032,-79.04283,175,3157.6665545964615
27851,35.90032,-79.04285,176,3159.4828786348776
27851,35.90032,-79.04295,177,3168.5644979547797
27851,35.90033,-79.04311,178,3183.1378934426193
27851,35.900431,-79.043163,179,3195.3960110837966
27851,35.90035,-79.04323,180,3206.2940217103146
27851,35.90035,-79.04324,181,3207.2021828093348
27851,35.90039,-79.04337,182,3219.824310846997
27851,35.90043,-79.04346,183,3229.1377147137846
27851,35.90049,-79.04359,184,3242.711056676867
27851,35.90054,-79.04366,185,3251.1703859456125
27851,35.90058,-79.04372,186,3258.214913354648
27851,35.90063,-79.04378,187,3266.014809647187
27851,35.9007,-79.04384,188,3275.540554284579
27851,35.90081,-79.04393,189,3290.2903930332513
27851,35.90082,-79.04393,190,3291.4065895942126
27851,35.90089,-79.04397,191,3300.0231286275116
27851,35.90103,-79.04403,192,3316.572630804206
27851,35.90115,-79.04406,193,3330.241260235239
27851,35.901292,-79.043929,194,3350.059311622527
27851,35.90131,-79.04406,195,3362.124526169523
27851,35.90133,-79.04405,196,3364.5345699680515
27851,35.90146,-79.04403,197,3379.1583544273844
27851,35.9015,-79.04403,198,3383.6231399700314
27851,35.90163,-79.04403,199,3398.1336929945182
27851,35.90174,-79.04405,200,3410.545466443399
27851,35.90187,-79.04409,201,3425.5037986902803
27851,35.90213,-79.04417,202,3455.420455960652
27851,35.90222,-79.04419,203,3465.6290924729324
27851,35.90223,-79.04419,204,3466.745288578393
27851,35.90239,-79.04422,205,3484.811035147373
27851,35.90277,-79.04428,206,3527.5750349786913
27851,35.9031,-79.04432,207,3564.5881814431737
27851,35.90314,-79.04433,208,3569.144384574658
27851,35.90335,-79.04436,209,3592.742289351282
27851,35.90349,-79.04437,210,3608.39539540581
27851,35.90367,-79.04435,211,3628.568845824364
27851,35.90369,-79.04443,212,3636.1690642032645
27851,35.90372,-79.04451,213,3644.1686100820452
27851,35.90373,-79.04456,214,3648.844393233578
27851,35.90377,-79.04474,215,3665.7893347868594
27851,35.9038,-79.04494,216,3684.257823782767
27851,35.9038,-79.045,217,3689.7065357583547
27851,35.90381,-79.04505,218,3694.382310755877
27851,35.90382,-79.04519,219,3707.144870605409
27851,35.90382,-79.0453,220,3717.134168960172
27851,35.90383,-79.04541,221,3727.1856326862967
27851,35.90381,-79.04562,222,3746.3863201056524
27851,35.90379,-79.04583,223,3765.5870059146628
27851,35.90378,-79.04586,224,3768.531150072858
27851,35.90374,-79.04607,225,3788.117294769053
27851,35.90366,-79.04639,226,3818.5180718777196
27851,35.90363,-79.046813,227,3857.077142036668
27851,35.90352,-79.04676,228,3870.2649068644046
27851,35.90349,-79.04684,229,3878.2644397928407
27851,35.90347,-79.0469,230,3884.152738066853
27851,35.90344,-79.04697,231,3891.3376070992354
27851,35.90329,-79.04744,232,3937.1856999542993
27851,35.90314,-79.0479,233,3982.189652953336
27851,35.90314,-79.04791,234,3983.0977749988583
27851,35.90309,-79.04811,235,4002.098336120803
27851,35.90309,-79.04812,236,4003.006458440197
27851,35.90307,-79.04823,237,4013.2422066632084
27851,35.90304,-79.04834,238,4023.777858315628
27851,35.903,-79.04859,239,4046.915775538221
27851,35.90311,-79.04864,240,4060.0065415185995
27851,35.90296,-79.04885,241,4085.3838618381037
27851,35.90295,-79.04904,242,4102.67425829125
27851,35.90294,-79.04925,243,4121.7774677923335
27851,35.90293,-79.04944,244,4139.067857597293
27851,35.90293,-79.04945,245,4139.975979840036
27851,35.90294,-79.0496,246,4153.643465112108
27851,35.90294,-79.0498,247,4171.805900279911
27851,35.90295,-79.04989,248,4180.054859440767
27851,35.90296,-79.05001,249,4191.00932835483
27851,35.903071,-79.050059,250,4204.1738388411795
27851,35.90298,-79.05017,251,4218.483961449138
27851,35.90299,-79.05026,252,4226.732911613199
27851,35.90301,-79.05041,253,4240.536424625274
27851,35.90306,-79.05056,254,4255.257156876968
27851,35.90312,-79.05075,255,4273.765547835273
27851,35.90319,-79.05095,256,4293.537207604232
27851,35.90333,-79.05143,257,4339.843143823128
27851,35.9034,-79.05164,258,4360.45206025645
27851,35.903566,-79.051805,259,4384.281164341779
27851,35.90366,-79.05243,260,4441.999710529542
27851,35.90374,-79.05265,261,4463.882839445663
27851,35.90379,-79.05284,262,4482.017024673399
27851,35.90382,-79.05292,263,4490.016454792351
27851,35.90384,-79.053,264,4497.61655596321
27851,35.90389,-79.05312,265,4509.8598009852685
27851,35.90399,-79.05342,266,4539.300844013595
27851,35.90404,-79.05356,267,4553.185307367027
27851,35.90412,-79.05382,268,4578.428101168227
27851,35.90413,-79.05384,269,4580.559873406531
27851,35.90415,-79.05392,270,4588.159935997775
27851,35.90416,-79.05395,271,4591.104030271563
27851,35.9042,-79.05402,272,4598.872004217319
27851,35.9042,-79.05404,273,4600.688206030686
27851,35.90424,-79.0541,274,4607.732420264958
27851,35.90425,-79.05411,275,4609.171343633198
27851,35.90436,-79.05429,276,4629.614757787766
27851,35.90456,-79.05456,277,4662.773532528255
27851,35.90482,-79.0542,278,4706.48766189747
27851,35.90509,-79.05384,279,4750.950572099857
27851,35.90544,-79.05348,280,4801.89062364424
27851,35.905524,-79.053281,281,4822.249067923172
27851,35.90559,-79.05336,282,4832.531777870997
27851,35.90564,-79.05332,283,4839.190632455464
27851,35.90579,-79.05323,284,4857.821574017075
27851,35.9058,-79.05322,285,4859.260488090949
27851,35.90598,-79.05313,286,4880.950387696905
27851,35.90604,-79.0531,287,4888.180353356876
27851,35.90606,-79.05309,288,4890.590341813674
27851,35.90615,-79.05306,289,4900.998801017439
27851,35.90627,-79.05302,290,4914.876746132719
27851,35.90636,-79.05299,291,4925.2852045997115
27851,35.90646,-79.05296,292,4936.774648388481
27851,35.90656,-79.05294,293,4948.083242579552
27851,35.90675,-79.0529,294,4969.599485442788
27851,35.90688,-79.05289,295,4984.13821983858
27851,35.90718,-79.05283,296,5018.064001569582
27851,35.90733,-79.05281,297,5034.904925836562
27851,35.90738,-79.0528,298,5040.559222692535
27851,35.90766,-79.05277,299,5071.930789095484
27851,35.9077,-79.05277,300,5076.395512502979
27851,35.90781,-79.05278,301,5088.707035421672
27851,35.90793,-79.05279,302,5102.131951107585
27851,35.908,-79.0528,303,5109.997807179118
27851,35.90815,-79.05282,304,5126.83872974002
27851,35.90825,-79.05285,305,5138.32816146446
27851,35.90868,-79.05296,306,5187.352292587754
27851,35.90896,-79.05314,307,5222.621375760911
27851,35.910092,-79.053756,308,5360.800482305336
27851,35.91013,-79.05388,309,5372.832477192466
27851,35.91026,-79.05397,310,5389.485878138934
27851,35.91053,-79.05414,311,5423.346082396242
27851,35.91054,-79.05415,312,5424.784959765097
27851,35.91062,-79.05423,313,5436.2959752679835
27851,35.91071,-79.05431,314,5448.692863747844
27851,35.91095,-79.05449,315,5480.073617841961
27851,35.91115,-79.05462,316,5505.3259817280905
27851,35.9112,-79.05465,317,5511.5361991095715
27851,35.91132,-79.05473,318,5526.773341935997
27851,35.911453,-79.054669,319,5542.61815850517
27851,35.9115,-79.05483,320,5558.149982382287
27851,35.91159,-79.05489,321,5569.57782698233
27851,35.91183,-79.05503,322,5599.229296589389
27851,35.91189,-79.05506,323,5606.459163666134
27851,35.91217,-79.05521,324,5640.551019454499
27851,35.91239,-79.05535,325,5668.20220801871
27851,35.9126,-79.05547,326,5694.050672303038
27851,35.91276,-79.05556,327,5713.69040198773
27851,35.91314,-79.05578,328,5760.573693683985
27851,35.91318,-79.05566,329,5772.348880182565
27851,35.9132,-79.05562,330,5776.612054911929
27851,35.9133,-79.05534,331,5804.378153692271
27851,35.91335,-79.05521,332,5817.4349016739325
27851,35.91339,-79.05511,333,5827.553140672249
27851,35.91344,-79.05499,334,5839.795166561078
27851,35.91357,-79.05468,335,5871.462893953458
27851,35.913746,-79.054178,336,5921.097115815118
29189,35.926847,-79.063424,0,0
29189,35.92684,-79.06339,1,3.18395770051336
29189,35.92682,-79.06339,2,5.416281852912571
29189,35.92649,-79.06352,3,44.09414013113376
29189,35.92665,-79.06302,4,92.87232698813396
29189,35.92671,-79.06281,5,113.07876880579634
29189,35.92691,-79.06219,6,173.6292462941002
29189,35.92698,-79.06199,7,193.39549368680315
29189,35.92711,-79.06157,8,234.19180647227464
29189,35.92717,-79.06137,9,253.54401404000978
29189,35.9273,-79.06095,10,294.3402807582238
29189,35.92737,-79.06075,11,314.10648423571735
29189,35.92738,-79.06071,12,317.9054458447219
29189,35.9275,-79.06033,13,354.9116626410196
29189,35.92756,-79.06012,14,375.1179960398445
29189,35.92756,-79.059943,15,391.18644273331114
29189,35.92769,-79.05971,16,416.8372280001712
29189,35.92773,-79.05959,17,428.61047075490535
29189,35.92776,-79.0595,18,437.44040092412894
29189,35.92779,-79.05941,19,446.27032946649325
29189,35.92785,-79.05931,20,457.5514507009175
29189,35.92788,-79.05928,21,461.86766786270596
29189,35.92794,-79.05923,22,469.95799608813957
29189,35.92801,-79.05918,23,478.9939926709113
29189,35.92814,-79.05911,24,494.83471620225765
29189,35.92816,-79.05909,25,497.7121910431209
29189,35.9283,-79.05902,26,514.581274583851
29189,35.92832,-79.05899,27,518.1027072039466
29189,35.92838,-79.05891,28,527.9816841807025
29189,35.92842,-79.05884,29,535.7479921638335
29189,35.92844,-79.05877,30,542.4833830493751
29189,35.92844,-79.05866,31,552.4693322348556
29189,35.92843,-79.0586,32,558.0294010491706
29189,35.92842,-79.05857,33,560.972693756432
29189,35.92841,-79.05853,34,564.7716225228157
29189,35.9284,-79.05849,35,568.5705519747586
29189,35.92835,-79.05843,36,576.3689187335613
29189,35.92829,-79.05839,37,583.9870689528283
29189,35.9282,-79.0583,38,596.9357150822559
29189,35.92815,-79.05824,39,604.7340939000469
29189,35.92807,-79.05825,40,613.7094924478491
29189,35.92811,-79.05809,41,628.9052742445656
29189,35.92796,-79.05809,42,645.6478467929762
29189,35.92785,-79.05806,43,658.2241638374361
29189,35.92772,-79.05799,44,674.064925052494
29189,35.9277,-79.05797,45,676.9424114556093
29189,35.92763,-79.05793,46,685.5582358315967
29189,35.92726,-79.05767,47,733.1258665873551
29189,35.92705,-79.05763,48,756.845102903651
29189,35.9269,-79.05768,49,774.1920939031864
29189,35.92673,-79.05772,50,793.5113707931788
29189,35.92632,-79.05809,51,850.2788090039705
29189,35.92611,-79.05819,52,875.4150815500632
29189,35.926086,-79.058264,53,882.6475019403474
29189,35.92579,-79.05822,54,915.9267703214771
29189,35.92575,-79.05822,55,920.3914553576553
29189,35.92564,-79.05821,56,932.702857332721
29189,35.92558,-79.05819,57,939.6416559400183
29189,35.92544,-79.05813,58,956.1902249239382
29189,35.92541,-79.05811,59,959.9993337013495
29189,35.924985,-79.057903,60,1011.0234107103237
29189,35.92474,-79.05769,61,1044.5159191907583
29189,35.92443,-79.05746,62,1084.9295289628694
29189,35.92404,-79.05796,63,1147.8220110148811
29189,35.92392,-79.05812,64,1167.580588488628
29189,35.92381,-79.05826,65,1185.2524348190884
29189,35.92353,-79.05858,66,1227.9226176840775
29189,35.92332,-79.05882,67,1259.9252868817127
29189,35.92327,-79.05889,68,1268.3830242903825
29189,35.92322,-79.05896,69,1276.8407637994815
29189,35.9231,-79.05928,70,1308.8316566898397
29189,35.92303,-79.05949,71,1329.4358850484655
29189,35.92298,-79.05962,72,1342.4912273015493
29189,35.92284,-79.05992,73,1373.8918344618642
29189,35.92265,-79.06023,74,1409.1316007088608
29189,35.92259,-79.0602,75,1416.361267809062
29189,35.92249,-79.06014,76,1428.781247432863
29189,35.92245,-79.06013,77,1433.3372914870856
29189,35.92241,-79.06011,78,1438.1570719356353
29189,35.92234,-79.0601,79,1446.0228176912208
29189,35.92226,-79.06009,80,1454.9981963278135
29189,35.92216,-79.0601,81,1466.1967378383054
29189,35.9221,-79.06011,82,1472.9550039976666
29189,35.92207,-79.06012,83,1476.424403334589
29189,35.92196,-79.06016,84,1489.2280595373863
29189,35.92194,-79.06017,85,1491.6379516759575
29189,35.92185,-79.06023,86,1503.0653568468506
29189,35.92181,-79.06027,87,1508.820480537711
29189,35.92178,-79.0603,88,1513.136823832305
29189,35.92136,-79.06072,89,1573.5656772865714
29189,35.92134,-79.06075,90,1577.0872870977385
29189,35.92125,-79.06084,91,1590.0363393135815
29189,35.92122,-79.06087,92,1594.3526909540046
29189,35.92106,-79.06105,93,1618.5600504988374
29189,35.92097,-79.06111,94,1629.987468749872
29189,35.92097,-79.06112,95,1630.8953653189772
29189,35.92094,-79.06114,96,1634.7045050930587
29189,35.92089,-79.06116,97,1640.573301704912
29189,35.92081,-79.0612,98,1650.2128738105855
29189,35.9208,-79.0612,99,1651.3290397428214
29189,35.92077,-79.06121,100,1654.7984369736387
29189,35.9207,-79.06123,101,1662.819821669807
29189,35.92059,-79.06124,102,1675.1311684125983
29189,35.92058,-79.06124,103,1676.2473342713697
29189,35.92045,-79.06124,104,1690.757490445826
29189,35.92044,-79.06124,105,1691.8736563047883
29189,35.92041,-79.06123,106,1695.3430544556627
29189,35.92032,-79.06122,107,1705.4294917658926
29189,35.92022,-79.0612,108,1716.7378867367863
29189,35.92007,-79.06113,109,1734.6460229630761
29189,35.92005,-79.06112,110,1737.0559196399413
29189,35.91987,-79.06102,111,1759.103088770677
29189,35.9197,-79.06093,112,1779.7625296818003
29189,35.919403,-79.060811,113,1814.6288773796039
29189,35.9194,-79.06077,114,1818.3663599045324
29189,35.91938,-79.06076,115,1820.7762608783983
29189,35.91937,-79.06074,116,1822.907708935269
29189,35.91937,-79.06072,117,1824.7235402271383
29189,35.91938,-79.0607,118,1826.8549884159545
29189,35.91943,-79.06055,119,1841.5728533189301
29189,35.9195,-79.06034,120,1862.1778565967877
29189,35.91958,-79.06014,121,1882.4128892124163
29189,35.91965,-79.05994,122,1902.1807598798
29189,35.91972,-79.05973,123,1922.7857336960578
29189,35.91911,-79.05942,124,1996.460075429477
29189,35.919,-79.05936,125,2009.892179291756
29189,35.918693,-79.059262,126,2045.2949218529811
29189,35.91845,-79.05905,127,2078.553611761866
29189,35.91825,-79.05894,128,2103.009261380846
29189,35.91818,-79.05914,129,2122.77746122447
29189,35.9181,-79.05934,130,2143.012816880134
29189,35.91802,-79.05954,131,2163.2481827059228
29189,35.91794,-79.05974,132,2183.4835587038197
29189,35.917882,-79.059951,133,2203.705227433663
29189,35.917793,-79.060161,134,2225.204490712401
29189,35.917403,-79.061125,135,2322.956937958494
29189,35.91732,-79.06131,136,2342.1392047687245
29189,35.91723,-79.06165,137,2374.60247289418
29189,35.91721,-79.06172,138,2381.3386898771746
29189,35.91713,-79.06204,139,2411.7339403365163
29189,35.91712,-79.06207,140,2414.677579868724
29189,35.91709,-79.06219,141,2426.0758028821497
29189,35.917,-79.06249,142,2455.107362965334
29189,35.91693,-79.06272,143,2477.4037702311607
29189,35.916917,-79.06291,144,2494.7155647250584
29189,35.91679,-79.06312,145,2518.4743508695924
29189,35.91678,-79.06314,146,2520.605841914497
29189,35.91671,-79.06326,147,2534.013036642365
29189,35.91668,-79.06331,148,2539.6540800657313
29189,35.91664,-79.06337,149,2546.6975223207864
29189,35.91658,-79.06344,150,2555.9302446413058
29189,35.91657,-79.06345,151,2557.3690566027744
29189,35.91642,-79.06358,152,2577.853840281863
29189,35.91636,-79.06366,153,2587.7335577647004
29189,35.91629,-79.06373,154,2597.805250258728
29189,35.91622,-79.06382,155,2609.110948881067
29189,35.91617,-79.06389,156,2617.569051078572
29189,35.91609,-79.064,157,2630.9661035688996
29189,35.91599,-79.06417,158,2650.014069234274
29189,35.915813,-79.06412,159,2670.285000080562
29189,35.91537,-79.06373,160,2731.10263955646
29189,35.91533,-79.06371,161,2735.9224539677302
29189,35.9152,-79.06366,162,2751.1261612329317
29189,35.91514,-79.06363,163,2758.3558860615667
29189,35.91486,-79.06352,164,2791.1655227571655
29189,35.91481,-79.06349,165,2797.375596731908
29189,35.91477,-79.06346,166,2802.605575261181
29189,35.91472,-79.06341,167,2809.7997019778045
29189,35.91461,-79.06327,168,2827.472475274895
29189,35.91446,-79.06312,169,2849.054886664707
29189,35.91422,-79.06294,170,2880.434828846598
29189,35.91415,-79.06291,171,2888.709179557972
29189,35.91409,-79.06288,172,2895.93892672033
29189,35.91398,-79.06284,173,2908.74263176926
29189,35.91385,-79.0628,174,2923.700381524755
29189,35.913584,-79.062789,175,2953.407113582394
29189,35.913549,-79.062838,176,2959.3279069159703
29189,35.91351,-79.06277,177,2966.8824074176705
29189,35.91347,-79.06276,178,2971.4384528940213
29189,35.913589,-79.062466,179,3001.254954980619
29189,35.913733,-79.062009,180,3045.7537293553664
29189,35.913856,-79.061719,181,3075.449219056057
29189,35.914085,-79.061179,182,3130.7424285673737
29189,35.914717,-79.059563,183,3293.547246437207
29189,35.915528,-79.05999,184,3392.0217277553015
29189,35.915739,-79.060132,185,3418.871058717269
29189,35.916385,-79.060518,186,3499.0417666972126
29189,35.917358,-79.061101,187,3619.857881065482
29189,35.917494,-79.060747,188,3655.403234558188
29189,35.918007,-79.059477,189,3784.1453197822175
29189,35.918236,-79.058936,190,3839.516951598788
29189,35.917273,-79.058323,191,3960.55890641638
29189,35.91641,-79.057877,192,4065.0501766815846
29189,35.916046,-79.057575,193,4114.0660944290585
29189,35.9152792106881,-79.05703027032978,194,4212.916299868447
29189,35.91406,-79.0563,195,4364.295792158457
29189,35.91406,-79.0563,196,4364.295792158457
29189,35.91369,-79.05608,197,4410.17161956146
29189,35.91363,-79.05606,198,4417.110513717923
29189,35.913412,-79.055935,199,4443.960020608502
29189,35.913294,-79.056022,200,4459.318221729011
29189,35.91326,-79.05585,201,4475.39017614086
29189,35.91314,-79.05578,202,4490.215839080138
29189,35.91276,-79.05556,203,4537.0991307763925
29189,35.9126,-79.05547,204,4556.738860461085
29189,35.91239,-79.05535,205,4582.587324745413
29189,35.91228,-79.05529,206,4596.019704604608
29189,35.91217,-79.05521,207,4610.285547129853
29189,35.91189,-79.05506,208,4644.377402918217
29189,35.91183,-79.05503,209,4651.607269994962
29189,35.911689,-79.055045,210,4667.404189878694
29189,35.91159,-79.05489,211,4685.298021378266
29189,35.9115,-79.05483,212,4696.725865978309
29189,35.91132,-79.05473,213,4718.773662800814
29189,35.9112,-79.05465,214,4734.01080562724
29189,35.91115,-79.05462,215,4740.221023008721
29189,35.91095,-79.05449,216,4765.473386894851
29189,35.91071,-79.05431,217,4796.854140988968
29189,35.91049,-79.05487,218,4853.322361927859
29189,35.91025,-79.05547,219,4914.033664196117
29189,35.90997,-79.05532,220,4948.1256387355315
29189,35.90957,-79.05509,221,4997.415951333997
29189,35.90952,-79.05506,222,5003.626189141814
29189,35.90937,-79.05498,223,5021.876850178918
29189,35.90914,-79.05485,224,5050.132864059474
29189,35.908924,-79.054815,225,5074.45086444841
29189,35.90882,-79.05468,226,5091.333549682126
29189,35.90872,-79.05466,227,5102.642104588337
29189,35.90858,-79.05465,228,5118.294950549961
29189,35.90837,-79.05464,229,5141.752260715022
29189,35.90821,-79.05464,230,5159.611101149386
29189,35.90807,-79.05465,231,5175.263947659065
29189,35.90789,-79.05467,232,5195.437057823781
29189,35.90763,-79.05469,233,5224.514442624433
29189,35.90748,-79.05472,234,5241.477280702007
29189,35.90735,-79.05474,235,5256.10079885041
29189,35.90733,-79.05474,236,5258.333153537962
29189,35.90716,-79.05478,237,5277.652689412023
29189,35.90705,-79.05479,238,5289.964173385221
29189,35.90689,-79.05487,239,5309.243995683685
29189,35.90669,-79.05485,240,5331.641292717516
29189,35.90647,-79.05487,241,5356.26425855116
29189,35.90627,-79.05491,242,5378.881377993973
29189,35.90606,-79.05494,243,5402.478873057429
29189,35.90604,-79.05494,244,5404.711227019107
29189,35.90552,-79.05499,245,5462.9297486114465
29189,35.90526,-79.05501,246,5492.007121656405
29189,35.90508,-79.05503,247,5512.18022581328
29189,35.90492,-79.05495,248,5531.460111765755
29189,35.90489,-79.05493,249,5535.269465981681
29189,35.90482,-79.05487,250,5544.79487579243
29189,35.90478,-79.05483,251,5550.550546231472
29189,35.90472,-79.05476,252,5559.784056331876
29189,35.90456,-79.05456,253,5585.255465630895
29189,35.90482,-79.0542,254,5628.9695950001105
29189,35.90509,-79.05384,255,5673.432505202497
29189,35.90515,-79.05378,256,5682.0660111516345
29189,35.90544,-79.05348,257,5724.3735502904565
29189,35.905524,-79.053281,258,5744.731994569389
29189,35.90559,-79.05336,259,5755.014704517213
29189,35.90564,-79.05332,260,5761.67355910168
29189,35.90579,-79.05323,261,5780.304500663292
29189,35.9058,-79.05322,262,5781.743414737166
29189,35.90598,-79.05313,263,5803.433314343121
29189,35.90604,-79.0531,264,5810.663280003093
29189,35.90606,-79.05309,265,5813.073268459891
29189,35.90615,-79.05306,266,5823.481727663656
29189,35.90627,-79.05302,267,5837.359672778935
29189,35.90636,-79.05299,268,5847.768131245928
29189,35.90646,-79.05296,269,5859.257575034698
29189,35.90656,-79.05294,270,5870.566169225768
29189,35.90675,-79.0529,271,5892.082412089005
29189,35.90688,-79.05289,272,5906.621146484797
29189,35.90718,-79.05283,273,5940.546928215798
29189,35.90733,-79.05281,274,5957.387852482779
29189,35.90738,-79.0528,275,5963.042149338751
29189,35.90766,-79.05277,276,5994.413715741701
29189,35.9077,-79.05277,277,5998.878439149195
29189,35.90781,-79.05278,278,6011.189962067889
29189,35.90793,-79.05279,279,6024.614877753802
29189,35.908,-79.0528,280,6032.480733825335
29189,35.90815,-79.05282,281,6049.321656386237
29189,35.90825,-79.05285,282,6060.811088110677
29189,35.90841,-79.05276,283,6080.451090807005
29189,35.90845,-79.05272,284,6086.206674627301
29189,35.90856,-79.05259,285,6103.2389905667
29189,35.90859,-79.05243,286,6118.14871656011
29189,35.90868,-79.05209,287,6150.615694569427
29189,35.90869,-79.05177,288,6179.694789955689
29189,35.908608,-79.051503,289,6205.609892193266
29189,35.90867,-79.05132,290,6223.6106765604245
29189,35.90864,-79.05098,291,6254.6655561522475
29189,35.90864,-79.05094,292,6258.297772045109
29189,35.90863,-79.05072,293,6278.306122816673
29189,35.90862,-79.05057,294,6291.972599307448
29189,35.90863,-79.05047,295,6301.121490916935
29189,35.90864,-79.05034,296,6312.97885633432
29189,35.90865,-79.05032,297,6315.110551359417
29189,35.90867,-79.0502,298,6326.2335282036265
29189,35.90869,-79.0501,299,6335.584453892546
29189,35.90874,-79.04992,300,6352.855966840714
29189,35.90874,-79.04991,301,6353.764021170583
29189,35.90879,-79.04978,302,6366.821502392809
29189,35.9089,-79.04947,303,6397.532312705153
29189,35.90892,-79.04941,304,6403.420237980737
29189,35.909,-79.0492,305,6424.4765127309865
29189,35.90907,-79.04905,306,6440.179171987306
29189,35.90918,-79.04875,307,6470.059807939356
29189,35.90933,-79.04844,308,6502.812209756031
29189,35.90937,-79.04834,309,6512.93097546972
29189,35.90947,-79.04815,310,6533.47973013938
29189,35.90955,-79.04801,311,6549.015117849276
29189,35.9096,-79.04792,312,6558.911356539042
29189,35.9096,-79.0479,313,6560.727451102426
29189,35.90967,-79.04776,314,6575.649239157052
29189,35.909663,-79.047501,315,6599.180629521202
29189,35.9098,-79.04738,316,6618.010433242395
29189,35.90983,-79.04727,317,6628.545285182644
29189,35.90984,-79.04721,318,6634.106720474225
29189,35.90989,-79.04692,319,6661.024942598938
29189,35.90996,-79.04663,320,6688.492951219656
29189,35.91006,-79.04603,321,6744.107265854394
29189,35.91008,-79.04589,322,6757.014410790564
29189,35.91012,-79.04566,323,6778.371341565599
29189,35.91017,-79.04544,324,6799.113251003428
29189,35.910131,-79.045229,325,6818.761296409636
29189,35.91023,-79.04512,326,6833.596182522226
29189,35.91026,-79.04498,327,6846.742421735619
29189,35.91029,-79.04484,328,6859.888659185302
29189,35.91043,-79.0441,329,6928.877007043201
29189,35.91045,-79.04397,330,6940.890800984723
29189,35.91058,-79.0433,331,7003.436184145019
29189,35.91062,-79.04299,332,7031.9373883757125
29189,35.91064,-79.04285,333,7044.844506579138
29189,35.910581,-79.042622,334,7066.57006312544
29189,35.910655,-79.042572,335,7075.995510326889
29189,35.9107,-79.04247,336,7086.531865114461
29189,35.91074,-79.04227,337,7105.233490179183
29189,35.91075,-79.04217,338,7114.382259460048
29189,35.91084,-79.04164,339,7163.545788184135
29189,35.91089,-79.04137,340,7188.6901190162835
29189,35.91093,-79.04114,341,7210.0469930556355
29189,35.91096,-79.04099,342,7224.073203153108
29189,35.91101,-79.04065,343,7255.4470019240125
29189,35.91103,-79.04043,344,7275.548263402408
29189,35.91104,-79.04029,345,7288.309754956671
29189,35.91104,-79.04024,346,7292.849963444857
29189,35.91105,-79.04006,347,7309.232785081717
29189,35.91105,-79.0399,348,7323.761457006641
29189,35.91105,-79.0396,349,7351.00272687487
29189,35.91106,-79.03869,350,7433.642191979792
29189,35.91109,-79.03858,351,7444.177037999109
29189,35.91108,-79.03845,352,7456.034261499464
29189,35.91107,-79.03828,353,7471.511313263395
29189,35.91105,-79.03812,354,7486.2105351894925
29189,35.91103,-79.03798,355,7499.117688354925
29189,35.91101,-79.03783,356,7512.920101438991
29189,35.91098,-79.03769,357,7526.06637618927
29189,35.91095,-79.03754,358,7540.092660216215
29189,35.91092,-79.0374,359,7553.238950458602
29189,35.91087,-79.0372,360,7572.23811531271
29189,35.91081,-79.03702,361,7589.90186686007
29189,35.91076,-79.03687,362,7604.621672531663
29189,35.91062,-79.03651,363,7640.854617040146
29189,35.91052,-79.03627,364,7665.340101329223
29189,35.91044,-79.03603,365,7688.891898713345
29189,35.91038,-79.0358,366,7710.824703965654
29189,35.91034,-79.03563,367,7726.894377789273
29189,35.91031,-79.03549,368,7740.0408037332545
29189,35.91027,-79.0353,369,7757.862252192446
29189,35.91025,-79.03527,370,7761.384302775271
29189,35.91023,-79.03523,371,7765.647732584424
29189,35.91019,-79.035,372,7787.004998346332
29189,35.91018,-79.0349,373,7796.153938210552
29189,35.91018,-79.03489,374,7797.061997651526
29189,35.91014,-79.03468,375,7816.646977706968
29189,35.91011,-79.03449,376,7834.222090082933
29189,35.91007,-79.03421,377,7860.036852265551
29189,35.91004,-79.03402,378,7877.611992955373
29189,35.91002,-79.03395,379,7884.349057258722
29189,35.91002,-79.03391,380,7887.981308035177
29189,35.91,-79.03381,381,7897.332327499672
29189,35.90998,-79.0337,382,7907.567453017877
29189,35.90996,-79.03355,383,7921.370140391699
29189,35.9099,-79.03315,384,7958.304998942713
29189,35.90988,-79.03303,385,7969.428113429674
29189,35.90987,-79.03294,386,7977.676579562778
29189,35.90984,-79.03279,387,7991.7031571977595
29189,35.90981,-79.03259,388,8010.170629861343
29189,35.909711,-79.032289,389,8039.65280966209
29189,35.90974,-79.03213,390,8054.449519018485
29189,35.90961,-79.03137,391,8124.971864516338
29189,35.90946,-79.03062,392,8195.105232124177
29189,35.90942,-79.0305,393,8206.881369695768
29189,35.909311,-79.030265,394,8231.445918585154
29189,35.90933,-79.03006,395,8250.181902048926
29189,35.90916,-79.02928,396,8323.509790058732
29189,35.90915,-79.02921,397,8329.963607888956
29189,35.90897,-79.02843,398,8403.58850764868
29189,35.90884,-79.02779,399,8463.490065604696
29189,35.90873,-79.02733,400,8507.029224867012
29189,35.90873,-79.02731,401,8508.84539931343
29189,35.90873,-79.0273,402,8509.753486559946
29189,35.90869,-79.02713,403,8525.82369064875
29189,35.90869,-79.02712,404,8526.731778618243
29189,35.90861,-79.02676,405,8560.620651679446
29189,35.90856,-79.02649,406,8585.766275287666
29189,35.90848,-79.02617,407,8616.166313035192
29189,35.90837,-79.02571,408,8659.705769026405
29189,35.90832,-79.02547,409,8682.203302090005
29189,35.90824,-79.02512,410,8715.217277930122
29189,35.90815,-79.02467,411,8757.2983868354
29189,35.90807,-79.02433,412,8789.439161449394
29189,35.90799,-79.02393,413,8826.844711562271
29189,35.90797,-79.02383,414,8836.196108450367
29189,35.9081,-79.02383,415,8850.707130450055
29189,35.90835,-79.02381,416,8878.671981827716
29189,35.90853,-79.0238,417,8898.784677857257
29189,35.90889,-79.02378,418,8939.010070638353
29189,35.9093,-79.02376,419,8984.811628865305
29189,35.909356,-79.023639,420,8997.453081091067
29189,35.90964,-79.02359,421,9029.464848568983
29189,35.90972,-79.02354,422,9039.482721159915
29189,35.90985,-79.02345,423,9056.136952568115
29189,35.90994,-79.02342,424,9066.545870380662
29189,35.91,-79.02341,425,9073.304550988307
29189,35.91004,-79.0234,426,9077.860890700906
29189,35.91041,-79.02338,427,9119.201433574113
29189,35.91077,-79.02336,428,9159.426851715954
29189,35.910966,-79.023275,429,9182.626657759907
29189,35.91184,-79.02332,430,9280.2709993098
29189,35.91185,-79.02332,431,9281.387232699153
29189,35.91235,-79.02331,432,9337.206289149259
29189,35.9127,-79.02335,433,9376.442937935592
29189,35.91298,-79.02344,434,9408.748262263685
29189,35.91306,-79.02347,435,9418.084395013975
29189,35.913208,-79.023433,436,9434.942824299238
29189,35.9134,-79.02358,437,9460.191403222794
29189,35.91383,-79.02357,438,9508.198008102694
29189,35.91441,-79.02337,439,9575.438414953356
29189,35.9147,-79.02327,440,9609.05861290217
29189,35.9149,-79.02321,441,9632.038454722066
29189,35.91501,-79.02319,442,9644.45059737939
29189,35.91511,-79.02319,443,9655.612933723502
29189,35.915192,-79.023391,444,9676.03069470204
29189,35.915191,-79.023391,445,9676.142318030168
29189,35.91512,-79.02363,446,9699.245798564414
29189,35.91514,-79.0243,447,9760.123952914138
29189,35.915201,-79.024579,448,9786.356709039532
29189,35.91519,-79.0261,449,9924.471288450946
29189,35.91519,-79.0263,450,9942.63156997489
29189,35.91586,-79.02628,451,10017.440898135881
29189,35.91609,-79.02627,452,10043.1301971142
29189,35.91612,-79.02627,453,10046.478881528737
29189,35.9163,-79.02626,454,10066.591494924836
29189,35.91639,-79.02626,455,10076.637548336224
29189,35.91657,-79.02626,456,10096.72965517118
29189,35.91683,-79.02625,457,10125.76578809036
29189,35.91722,-79.02624,458,10169.30815562222
29189,35.91744,-79.02622,459,10193.932230115162
29189,35.91775,-79.02619,460,10228.642355792177
29189,35.91807,-79.02617,461,10264.407793535092
29189,35.91819,-79.02615,462,10277.925070412566
29189,35.91828,-79.02614,463,10288.012074599048
29189,35.91833,-79.02613,464,10293.666592226618
29189,35.91835,-79.02613,465,10295.899049022144
29189,35.91846,-79.02611,466,10308.31112216434
29189,35.91854,-79.0261,467,10317.286992048412
29189,35.91887,-79.02605,468,10354.401240484456
29189,35.91891,-79.02604,469,10358.957540633655
29189,35.91926,-79.02597,470,10398.539162236742
29189,35.91981,-79.02587,471,10460.59952892815
29189,35.92025,-79.02577,472,10510.54581169097
29189,35.92073,-79.02568,473,10564.744370548055
29189,35.92126,-79.02558,474,10624.59719507611
29189,35.92162,-79.02551,475,10665.280956184715
29189,35.92217,-79.0254,476,10727.480645190464
29189,35.92269,-79.02529,477,10786.377548998536
29189,35.92294,-79.02524,478,10814.650135047705
29189,35.92328,-79.02517,479,10853.130425836047
29189,35.92393,-79.02503,480,10926.790381453893
29189,35.92437,-79.02494,481,10976.57961178632
29189,35.92458,-79.0249,482,11000.30010608924
29189,35.92505,-79.02482,483,11053.263342938391
29189,35.92573,-79.02468,484,11130.223920141241
29189,35.92632,-79.02457,485,11196.834462760267
29189,35.92662,-79.02453,486,11230.51773900146
29189,35.92686,-79.0245,487,11257.445389030958
29189,35.92688,-79.0245,488,11259.677851719636
29189,35.92787,-79.0244,489,11370.557071744573
29189,35.9281,-79.02438,490,11396.294525895171
29189,35.92845,-79.02434,491,11435.53104480914
29189,35.92897,-79.02428,492,11493.830127770883
29189,35.92913,-79.02426,493,11511.781896237095
29189,35.92941,-79.02423,494,11543.154830047004
29189,35.92952,-79.02422,495,11555.466896988877
29189,35.92969,-79.0242,496,11574.529507940451
29189,35.92996,-79.02417,497,11604.79058046671
29189,35.93017,-79.02414,498,11628.38914174541
29189,35.93033,-79.02412,499,11646.340911502795
29189,35.93035,-79.02428,500,11661.036932519506
29189,35.93038,-79.02482,501,11710.174572765014
29189,35.93041,-79.02522,502,11746.642237118305
29189,35.93041,-79.02541,503,11763.891180870954
29189,35.93041,-79.02577,504,11796.573375712427
29189,35.93037,-79.02617,505,11833.160373892146
29189,35.93031,-79.02663,506,11875.454576390095
29189,35.93026,-79.02683,507,11894.449770866617
29189,35.93023,-79.02697,508,11907.593256775597
29189,35.93021,-79.02706,509,11916.063306079419
29189,35.93008,-79.02742,510,11951.822150310065
29189,35.930041,-79.027728,511,11980.120468634974
29190,35.930041,-79.027728,0,0
29190,35.92998,-79.02769,1,7.633035535660021
29190,35.92988,-79.02795,2,33.74315795203758
29190,35.9298,-79.02815,3,53.977089993854065
29190,35.9296,-79.02849,4,92.07083905975875
29190,35.92926,-79.02898,5,150.5446726829035
29190,35.92883,-79.02943,6,213.5744580246735
29190,35.92847,-79.02972,7,261.61511078018594
29190,35.9284,-79.02979,8,271.68672971169724
29190,35.9283,-79.02986,9,284.53122598282295
29190,35.92818,-79.02995,10,300.2212727829271
29190,35.92815,-79.02996,11,303.69082074975995
29190,35.92809,-79.03,12,311.3093209604047
29190,35.92804,-79.03003,13,317.5195255204521
29190,35.92792,-79.03009,14,331.97941544882593
29190,35.927757,-79.030258,15,355.72098935292416
29190,35.92771,-79.03017,16,365.278722290441
29190,35.9276,-79.03023,17,378.71120997305565
29190,35.92751,-79.03004,18,398.6728003931739
29190,35.92743,-79.02988,19,415.72394530577776
29190,35.927288,-79.029824,20,432.3697029188633
29190,35.92736,-79.02974,21,443.44884713357584
29190,35.92733,-79.02969,22,449.08969669195614
29190,35.92694,-79.02904,23,522.4209091478809
29190,35.92673,-79.02864,24,565.6441282318635
29190,35.92663,-79.02846,25,585.4342766408316
29190,35.92648,-79.02821,26,613.63877065413
29190,35.92641,-79.02808,27,627.7932687998824
29190,35.92622,-79.02774,28,665.2449107986802
29190,35.92601,-79.02738,29,705.4656096663294
29190,35.92572,-79.02688,30,761.2196292470102
29190,35.92561,-79.02668,31,783.1392252245241
29190,35.92556,-79.02659,32,793.0344239418113
29190,35.92545,-79.02635,33,818.0452692092248
29190,35.92537,-79.02619,34,835.0968398033949
29190,35.92533,-79.02609,35,845.2143032421737
29190,35.92532,-79.02606,36,848.1578483031399
29190,35.9253,-79.02599,37,854.8938301549795
29190,35.925166,-79.025921,38,871.1101703444625
29190,35.92527,-79.02588,39,883.3011469122777
29190,35.92526,-79.02583,40,887.9758590528762
29190,35.92525,-79.02579,41,891.7751262269907
29190,35.92524,-79.02576,42,894.7186752708581
29190,35.92523,-79.02568,43,902.0671353252905
29190,35.92522,-79.02565,44,905.0106855310249
29190,35.92521,-79.02557,45,912.3591487079575
29190,35.9252,-79.02553,46,916.1584196756719
29190,35.92518,-79.02535,47,932.6523890902632
29190,35.92513,-79.025,48,964.9153033299212
29190,35.92447,-79.02513,49,1039.5259663594363
29190,35.9234,-79.02533,50,1160.335021662345
29190,35.92227,-79.02555,51,1288.0407362912067
29190,35.92219,-79.02557,52,1297.153328361329
29190,35.9216,-79.02568,53,1363.7638422665632
29190,35.92138,-79.02572,54,1388.5879846172845
29190,35.92108,-79.02579,55,1422.67265046336
29190,35.92076,-79.02585,56,1458.8050130996508
29190,35.9198,-79.02604,57,1567.3427044803527
29190,35.91951,-79.02609,58,1600.0301240360764
29190,35.91914,-79.02616,59,1641.816760743236
29190,35.91862,-79.02625,60,1700.4330400006324
29190,35.9186,-79.02626,61,1702.8430771102655
29190,35.91844,-79.02628,62,1720.7948120938802
29190,35.9183,-79.02631,63,1736.6576295278696
29190,35.91789,-79.02635,64,1782.5668668939695
29190,35.91782,-79.02636,65,1790.433042259792
29190,35.91756,-79.02638,66,1819.5117286126172
29190,35.91747,-79.02639,67,1829.598729647081
29190,35.91745,-79.02639,68,1831.8311855057002
29190,35.91705,-79.0264,69,1876.4895338366716
29190,35.91684,-79.02641,70,1899.9478990029986
29190,35.91674,-79.02642,71,1911.1470473549261
29190,35.91667,-79.02642,72,1918.960642462738
29190,35.91621,-79.02643,73,1970.3151519417509
29190,35.91599,-79.02644,74,1994.8889456102704
29190,35.91589,-79.02645,75,2006.0880941850862
29190,35.91585,-79.02641,76,2011.8437026223633
29190,35.91583,-79.0264,77,2014.2537512162967
29190,35.91582,-79.0264,78,2015.369979121294
29190,35.91575,-79.02639,79,2023.2361566887569
29190,35.91566,-79.02638,80,2033.3231595429
29190,35.91558,-79.02638,81,2042.2529830578012
29190,35.91538,-79.02639,82,2064.5959998536
29190,35.91532,-79.02638,83,2071.3546401150134
29190,35.91529,-79.02638,84,2074.703323929936
29190,35.91526,-79.02637,85,2078.1729306495145
29190,35.91524,-79.02636,86,2080.5829819662067
29190,35.91522,-79.02634,87,2083.4607958989513
29190,35.91519,-79.0263,88,2088.4009890483103
29190,35.91519,-79.0261,89,2106.561270572254
29190,35.915093,-79.024607,90,2242.559734068732
29190,35.915133,-79.024556,91,2248.9925156028285
29190,35.915136,-79.024508,92,2253.363843238198
29190,35.915135,-79.024423,93,2261.08279679463
29190,35.91514,-79.0243,94,2272.26534659001
29190,35.91512,-79.02363,95,2333.1435009397337
29190,35.915049,-79.02342,96,2353.7932866012898
29190,35.91511,-79.02319,97,2375.7596940095946
29190,35.91501,-79.02319,98,2386.922030353707
29190,35.9149,-79.02321,99,2399.3341730110315
29190,35.9147,-79.02327,100,2422.314014830926
29190,35.91441,-79.02337,101,2455.934212779741
29190,35.91383,-79.02357,102,2523.1746196304034
29190,35.9134,-79.02358,103,2571.1812245103038
29190,35.913195,-79.02359,104,2594.082008836582
29190,35.91306,-79.02347,105,2612.6780543666705
29190,35.91298,-79.02344,106,2622.0141871169612
29190,35.9127,-79.02335,107,2654.3195114450546
29190,35.91235,-79.02331,108,2693.5561602313874
29190,35.91185,-79.02332,109,2749.375216681492
29190,35.911022,-79.023443,110,2842.4717643329245
29190,35.91077,-79.02336,111,2871.59307649229
29190,35.91041,-79.02338,112,2911.818494634132
29190,35.91004,-79.0234,113,2953.1590375073397
29190,35.91,-79.02341,114,2957.715377219938
29190,35.90994,-79.02342,115,2964.4740578275823
29190,35.90985,-79.02345,116,2974.882975640129
29190,35.90972,-79.02354,117,2991.5372070483295
29190,35.90964,-79.02359,118,3001.555079639262
29190,35.90955,-79.02373,119,3017.7584232426675
29190,35.90937,-79.02375,120,3037.9325268612974
29190,35.9093,-79.02376,121,3045.798746082454
29190,35.90889,-79.02378,122,3091.6003043094065
29190,35.90853,-79.0238,123,3131.825697090502
29190,35.908481,-79.023921,124,3144.0996878226547
29190,35.90835,-79.02381,125,3161.8599072787338
29190,35.9081,-79.02383,126,3189.824758656395
29190,35.908398,-79.024817,127,3285.427400820293
29190,35.90835,-79.02496,128,3299.4750711761394
29190,35.90851,-79.02568,129,3367.253169833131
29190,35.9086,-79.02612,130,3408.452765127966
29190,35.90865,-79.02634,131,3429.1956877334587
29190,35.90876,-79.02685,132,3477.108221062087
29190,35.90881,-79.02707,133,3497.851080204051
29190,35.90884,-79.02719,134,3509.2510392775916
29190,35.90885,-79.02726,135,3515.704902699725
29190,35.90893,-79.0277,136,3556.646362268966
29190,35.90908,-79.02836,137,3618.874671322886
29190,35.90914,-79.02868,138,3648.695072824832
29190,35.9093,-79.02937,139,3713.8481318265162
29190,35.9094,-79.02986,140,3759.7226100682333
29190,35.909535,-79.030227,141,3796.2974584031676
29190,35.90954,-79.03046,142,3817.462930282036
29190,35.90956,-79.03058,143,3828.586136734273
29190,35.9097,-79.03128,144,3894.043878564898
29190,35.90985,-79.0321,145,3970.3647352073535
29190,35.90991,-79.03243,146,4001.070225896775
29190,35.909986,-79.032451,147,4009.7651636028977
29190,35.90995,-79.03275,148,4037.212064010968
29190,35.91001,-79.03311,149,4070.581379269791
29190,35.91002,-79.03319,150,4077.9311451830085
29190,35.91006,-79.03349,151,4105.536508525762
29190,35.91008,-79.03363,152,4118.44390910703
29190,35.91013,-79.03401,153,4153.398689070934
29190,35.91018,-79.03441,154,4190.147392302258
29190,35.91022,-79.03469,155,4215.962111123637
29190,35.91026,-79.03499,156,4243.567339750563
29190,35.91029,-79.03521,157,4263.823325686112
29190,35.91028,-79.03526,158,4268.498809684705
29190,35.91027,-79.0353,159,4272.298682355251
29190,35.91031,-79.03549,160,4290.120130814443
29190,35.91034,-79.03563,161,4303.2665567584245
29190,35.91038,-79.0358,162,4319.336230582043
29190,35.91044,-79.03603,163,4341.2690358343525
29190,35.91052,-79.03627,164,4364.820833218474
29190,35.91062,-79.03651,165,4389.306317507551
29190,35.91076,-79.03687,166,4425.539262016035
29190,35.91081,-79.03702,167,4440.259067687627
29190,35.91087,-79.0372,168,4457.922819234987
29190,35.91092,-79.0374,169,4476.9219840890955
29190,35.91095,-79.03754,170,4490.068274331482
29190,35.91098,-79.03769,171,4504.094558358427
29190,35.91101,-79.03783,172,4517.240833108706
29190,35.91103,-79.03798,173,4531.043246192772
29190,35.91105,-79.03812,174,4543.950399358205
29190,35.91107,-79.03828,175,4558.649621284302
29190,35.91108,-79.03845,176,4574.126673048233
29190,35.91109,-79.03858,177,4585.983896548588
29190,35.91109,-79.03859,178,4586.891940104535
29190,35.91112,-79.03871,179,4598.291386551561
29190,35.91114,-79.03934,180,4655.541602976195
29190,35.91115,-79.03954,181,4673.7367064151895
29190,35.91116,-79.03969,182,4687.402985772377
29190,35.91116,-79.03988,183,4704.655764868375
29190,35.91116,-79.03992,184,4708.2879282206195
29190,35.91115,-79.04013,185,4727.3894240212685
29190,35.91114,-79.0404,186,4751.931912889627
29190,35.91111,-79.04067,187,4776.676625734577
29190,35.91108,-79.04102,188,4808.633957281346
29190,35.91108,-79.04104,189,4810.4500375312755
29190,35.91094,-79.04177,190,4878.554052955229
29190,35.91089,-79.042,191,4900.1718285690295
29190,35.91085,-79.04221,192,4919.756411573571
29190,35.91079,-79.04248,193,4945.171786437184
29190,35.910745,-79.042884,194,4982.198927678456
29190,35.9107,-79.04294,195,4989.3464454038485
29190,35.91068,-79.04304,196,4998.697252051849
29190,35.91058,-79.0433,197,5024.811985390751
29190,35.91045,-79.04397,198,5087.357368551047
29190,35.91043,-79.0441,199,5099.371162492569
29190,35.91029,-79.04484,200,5168.359510350469
29190,35.91026,-79.04498,201,5181.505747800151
29190,35.91023,-79.04512,202,5194.651987013544
29190,35.91019,-79.04532,203,5213.353641624849
29190,35.91017,-79.04544,204,5224.476498288268
29190,35.91012,-79.04566,205,5245.218407726096
29190,35.910163,-79.045941,206,5271.181933586218
29190,35.91006,-79.04603,207,5285.234985336618
29190,35.90996,-79.04663,208,5340.849299971356
29190,35.90989,-79.04692,209,5368.317308592074
29190,35.90984,-79.04721,210,5395.235530716787
29190,35.90983,-79.04727,211,5400.796966008368
29190,35.9098,-79.04738,212,5411.331817948617
29190,35.90971,-79.04764,213,5436.989381131115
29190,35.909768,-79.047841,214,5456.355247621455
29190,35.9096,-79.0479,215,5475.857541488569
29190,35.9096,-79.04792,216,5477.6736360519535
29190,35.90955,-79.04801,217,5487.569874741719
29190,35.90947,-79.04815,218,5503.105262451615
29190,35.90937,-79.04834,219,5523.6540171212755
29190,35.90933,-79.04844,220,5533.772782834964
29190,35.90918,-79.04875,221,5566.525184651639
29190,35.90907,-79.04905,222,5596.405820603689
29190,35.909,-79.0492,223,5612.108479860009
29190,35.90892,-79.04941,224,5633.164754610259
29190,35.9089,-79.04947,225,5639.052679885842
29190,35.90879,-79.04978,226,5669.763490198186
29190,35.90874,-79.04991,227,5682.820971420412
29190,35.90874,-79.04992,228,5683.729025750281
29190,35.90869,-79.0501,229,5701.000538698449
29190,35.90867,-79.0502,230,5710.351464387369
29190,35.90864,-79.05034,231,5723.4978432104
29190,35.90863,-79.05047,232,5735.355208627785
29190,35.90862,-79.05057,233,5744.504100237272
29190,35.90863,-79.05072,234,5758.170576728046
29190,35.90864,-79.05094,235,5778.178927499611
29190,35.90864,-79.05098,236,5781.811143392472
29190,35.908739,-79.05117,237,5802.299524841181
29190,35.90867,-79.05132,238,5817.946941537365
29190,35.90869,-79.05177,239,5858.870244519348
29190,35.90868,-79.05209,240,5887.949339905609
29190,35.90859,-79.05243,241,5920.416317914926
29190,35.90856,-79.05259,242,5935.326043908337
29190,35.90857,-79.05267,243,5942.675713916689
29190,35.90859,-79.05276,244,5951.147590418961
29190,35.90868,-79.05296,245,5971.901805850106
29190,35.90896,-79.05314,246,6007.170889023263
29190,35.910092,-79.053756,247,6145.349995567689
29190,35.91013,-79.05388,248,6157.381990454819
29190,35.91026,-79.05397,249,6174.035391401287
29190,35.91053,-79.05414,250,6207.895595658595
29190,35.91054,-79.05415,251,6209.334473027449
29190,35.91062,-79.05423,252,6220.845488530336
29190,35.91071,-79.05431,253,6233.242377010197
29190,35.91095,-79.05449,254,6264.623131104314
29190,35.91115,-79.05462,255,6289.875494990443
29190,35.9112,-79.05465,256,6296.085712371924
29190,35.91132,-79.05473,257,6311.32285519835
29190,35.911453,-79.054669,258,6327.167671767523
29190,35.9115,-79.05483,259,6342.69949564464
29190,35.91159,-79.05489,260,6354.127340244683
29190,35.91183,-79.05503,261,6383.778809851742
29190,35.91189,-79.05506,262,6391.008676928487
29190,35.91217,-79.05521,263,6425.100532716851
29190,35.91239,-79.05535,264,6452.751721281063
29190,35.9126,-79.05547,265,6478.60018556539
29190,35.91276,-79.05556,266,6498.239915250083
29190,35.91314,-79.05578,267,6545.123206946338
29190,35.91326,-79.05585,268,6559.948869885616
29190,35.91328,-79.05586,269,6562.358816331238
29190,35.91363,-79.05606,270,6605.439458874351
29190,35.913761,-79.056005,271,6620.890645048517
29190,35.91379,-79.05614,272,6633.568652671022
29190,35.91406,-79.0563,273,6667.024260350038
29190,35.915264,-79.056996,274,6815.528752706589
29190,35.916151,-79.057589,275,6928.226936108543
29190,35.91642,-79.057713,276,6960.293426843196
29190,35.917392,-79.058363,277,7083.798278535685
29190,35.918262,-79.058962,278,7195.097457304445
29190,35.91767,-79.060445,279,7345.083720505411
29190,35.91742,-79.061138,280,7413.913731313712
29190,35.917111,-79.060987,281,7451.028269818904
29190,35.91667,-79.060727,282,7505.619178287604
29190,35.91599,-79.06032,283,7590.036491328588
29190,35.915766,-79.060196,284,7617.456651801313
29190,35.915067,-79.059783,285,7704.020542086458
29190,35.914713,-79.059604,286,7746.7449574265
29190,35.913877,-79.061815,287,7968.124424225654
29190,35.91351,-79.06277,288,8064.025188452594
29190,35.91385,-79.0628,289,8102.072366412611
29190,35.91398,-79.06284,290,8117.030116168105
29190,35.91409,-79.06288,291,8129.833821217036
29190,35.91415,-79.06291,292,8137.0635683793935
29190,35.91422,-79.06294,293,8145.337919090767
29190,35.91446,-79.06312,294,8176.717861272658
29190,35.91456,-79.063136,295,8187.973630753985
29190,35.91461,-79.06327,296,8201.359279880833
29190,35.91472,-79.06341,297,8219.032053177923
29190,35.91477,-79.06346,298,8226.226179894547
29190,35.91481,-79.06349,299,8231.45615842382
29190,35.91486,-79.06352,300,8237.666232398562
29190,35.9152,-79.06366,301,8277.688046241483
29190,35.91533,-79.06371,302,8292.891753506685
29190,35.91537,-79.06373,303,8297.711567917955
29190,35.915952,-79.064069,304,8369.595242927935
29190,35.91599,-79.06417,305,8379.69890026701
29190,35.91609,-79.064,306,8398.746865932386
29190,35.91617,-79.06389,307,8412.143918422713
29190,35.91622,-79.06382,308,8420.602020620217
29190,35.91629,-79.06373,309,8431.907719242558
29190,35.91642,-79.06358,310,8451.80810787758
29190,35.91657,-79.06345,311,8472.292891556668
29190,35.91658,-79.06344,312,8473.731703518137
29190,35.91664,-79.06337,313,8482.964425838656
29190,35.91668,-79.06331,314,8490.007868093711
29190,35.91671,-79.06326,315,8495.648911517077
29190,35.91678,-79.06314,316,8509.056106244945
29190,35.91679,-79.06312,317,8511.18759728985
29190,35.916776,-79.062978,318,8524.17472843649
29190,35.91693,-79.06272,319,8553.229579777528
29190,35.917,-79.06249,320,8575.525987043355
29190,35.91709,-79.06219,321,8604.557547126538
29190,35.91712,-79.06207,322,8615.955770139964
29190,35.91713,-79.06204,323,8618.899409672173
29190,35.91721,-79.06172,324,8649.294660131514
29190,35.91723,-79.06165,325,8656.030877114508
29190,35.91732,-79.06131,326,8688.494145239963
29190,35.91739,-79.06112,327,8707.431846341813
29190,35.917494,-79.060747,328,8743.232121879755
29190,35.917763,-79.060127,329,8807.030938834967
29190,35.917838,-79.059924,330,8827.274026457924
29190,35.917925,-79.059727,331,8847.626344722978
29190,35.918007,-79.059477,332,8872.100501453546
29190,35.918049,-79.059392,333,8881.130188096178
29190,35.9181,-79.059268,334,8893.745849797655
29190,35.918167,-79.059124,335,8908.807749345546
29190,35.918239,-79.05894,336,8927.34615729748
29190,35.91845,-79.05905,337,8952.927459404124
29190,35.919,-79.05936,338,9020.461364023871
29190,35.919076,-79.059334,339,9029.266576594651
29190,35.91911,-79.05942,340,9037.948083273126
29190,35.91972,-79.05973,341,9111.622425006544
29190,35.91965,-79.05994,342,9132.227398822803
29190,35.91958,-79.06014,343,9151.995269490186
29190,35.9195,-79.06034,344,9172.230302105814
29190,35.919534,-79.060478,345,9185.321639476331
29190,35.91943,-79.06055,346,9198.643841053266
29190,35.91938,-79.0607,347,9213.361705956242
29190,35.91937,-79.06072,348,9215.493154145059
29190,35.91937,-79.06074,349,9217.308985436928
29190,35.91938,-79.06076,350,9219.440433493799
29190,35.9194,-79.06077,351,9221.850334467665
29190,35.9197,-79.06093,352,9258.350574290509
29190,35.919841,-79.060938,353,9274.105272149764
29190,35.91987,-79.06102,354,9282.223359164931
29190,35.92005,-79.06112,355,9304.270528295667
29190,35.92007,-79.06113,356,9306.680424972532
29190,35.92022,-79.0612,357,9324.588561198821
29190,35.92032,-79.06122,358,9335.896956169716
29190,35.92041,-79.06123,359,9345.983393479946
29190,35.92044,-79.06124,360,9349.452791630822
29190,35.92045,-79.06124,361,9350.568957489784
29190,35.92058,-79.06124,362,9365.07911366424
29190,35.92059,-79.06124,363,9366.195279523012
29190,35.9207,-79.06123,364,9378.506626265804
29190,35.92077,-79.06121,365,9386.528010961973
29190,35.9208,-79.0612,366,9389.99740819279
29190,35.92081,-79.0612,367,9391.113574125025
29190,35.92089,-79.06116,368,9400.7531462307
29190,35.92094,-79.06114,369,9406.621942842552
29190,35.92097,-79.06112,370,9410.431082616633
29190,35.92097,-79.06111,371,9411.338979185739
29190,35.92106,-79.06105,372,9422.766397436773
29190,35.92122,-79.06087,373,9446.973756981606
29190,35.92125,-79.06084,374,9451.29010862203
29190,35.92134,-79.06075,375,9464.239160837873
29190,35.92136,-79.06072,376,9467.76077064904
29190,35.92178,-79.0603,377,9528.189624103306
29190,35.92181,-79.06027,378,9532.5059673979
29190,35.92185,-79.06023,379,9538.26109108876
29190,35.92194,-79.06017,380,9549.688496259652
29190,35.92196,-79.06016,381,9552.098388398224
29190,35.92207,-79.06012,382,9564.902044601022
29190,35.9221,-79.06011,383,9568.371443937944
29190,35.92216,-79.0601,384,9575.129710097304
29190,35.92226,-79.06009,385,9586.328251607796
29190,35.92234,-79.0601,386,9595.303630244389
29190,35.92241,-79.06011,387,9603.169375999974
29190,35.92245,-79.06013,388,9607.989156448524
29190,35.92249,-79.06014,389,9612.545200502747
29190,35.92259,-79.0602,390,9624.965180126548
29190,35.92265,-79.06023,391,9632.194847226749
29190,35.92284,-79.05992,392,9667.434613473746
29190,35.92298,-79.05962,393,9698.83522063406
29190,35.92301,-79.05953,394,9707.665608292102
29190,35.9231,-79.05928,395,9732.486175257633
29190,35.92322,-79.05896,396,9764.477068147991
29190,35.92327,-79.05889,397,9772.93480765709
29190,35.92332,-79.05882,398,9781.392545065759
29190,35.92353,-79.05858,399,9813.395214263393
29190,35.92381,-79.05826,400,9856.065397128383
29190,35.92392,-79.05812,401,9873.737243458843
29190,35.92404,-79.05796,402,9893.49582093259
29190,35.92443,-79.05746,403,9956.388302984602
29190,35.92474,-79.05769,404,9996.801912756713
29190,35.924849,-79.057684,405,10008.980377748136
29190,35.92486,-79.05777,406,10016.883892924283
29190,35.92541,-79.05811,407,10085.596597984044
29190,35.92544,-79.05813,408,10089.405706761456
29190,35.92558,-79.05819,409,10105.954275745376
29190,35.92564,-79.05821,410,10112.893074352674
29190,35.92575,-79.05822,411,10125.20447632774
29190,35.92579,-79.05822,412,10129.66916136392
29190,35.925833,-79.058177,413,10135.855814565937
29190,35.92607,-79.05821,414,10162.47817874897
29190,35.92611,-79.05819,415,10167.297942088535
29190,35.92632,-79.05809,416,10192.434214634628
29190,35.92673,-79.05772,417,10249.20165284542
29190,35.9269,-79.05768,418,10268.520929735412
29190,35.92705,-79.05763,419,10285.867920734947
29190,35.92726,-79.05767,420,10309.587157051243
29190,35.92763,-79.05793,421,10357.154787807001
29190,35.92772,-79.05799,422,10368.582042653747
29190,35.92785,-79.05806,423,10384.422803868805
29190,35.92796,-79.05809,424,10396.999120913266
29190,35.92811,-79.05809,425,10413.741693461676
29190,35.9285,-79.05807,426,10457.310230707206
29190,35.92855,-79.05806,427,10462.96444140664
29190,35.92868,-79.05804,428,10477.587822804337
29190,35.92881,-79.05797,429,10493.428553361115
29190,35.92886,-79.05789,430,10502.587680874663
29190,35.9294,-79.05815,431,10567.317636153959
29190,35.92948,-79.05819,432,10576.957105002282
29190,35.929441,-79.058456,433,10601.493872461775
29190,35.92938,-79.05852,434,10610.444457483129
29190,35.92925,-79.05893,435,10650.392802608823
29190,35.92919,-79.05914,436,10670.59878665478
29190,35.92912,-79.05935,437,10691.201649706536
29190,35.92906,-79.05955,438,10710.553495922635
29190,35.92897,-79.05984,439,10738.731317266607
29190,35.92891,-79.06005,440,10758.937336256518
29190,35.928929,-79.060109,441,10764.697959624382
29190,35.92884,-79.06026,442,10781.626871948443
29190,35.92882,-79.06032,443,10787.513415343345
29190,35.92876,-79.06052,444,10806.865296836439
29190,35.92866,-79.06083,445,10837.139989720108
29190,35.9285,-79.06135,446,10887.611190734327
29190,35.92843,-79.06156,447,10908.21413650171
29190,35.92823,-79.0622,448,10970.4549820795
29190,35.928061,-79.06275,449,11023.82901563799
29190,35.92799,-79.0629,450,11039.584317939072
29190,35.92788,-79.06294,451,11052.387840088182
29190,35.92777,-79.063,452,11065.819620854487
29190,35.92746,-79.06314,453,11102.681008047355
29190,35.92717,-79.06325,454,11136.55509886552
29190,35.926847,-79.063424,455,11175.91582949804
29339,35.905524,-79.053281,0,0
29339,35.90558,-79.05336,1,9.51497079105259
29339,35.90559,-79.05336,2,10.631150580401172
29339,35.90564,-79.05332,3,17.29000516486781
29339,35.90579,-79.05323,4,35.92094672647947
29339,35.9058,-79.05322,5,37.35986080035386
29339,35.90598,-79.05313,6,59.04976040630939
29339,35.90604,-79.0531,7,66.27972606628146
29339,35.90606,-79.05309,8,68.68971452307942
29339,35.90615,-79.05306,9,79.09817372684444
29339,35.90627,-79.05302,10,92.97611884212422
29339,35.90636,-79.05299,11,103.38457730911674
29339,35.90646,-79.05296,12,114.87402109788684
29339,35.90656,-79.05294,13,126.18261528895755
29339,35.90675,-79.0529,14,147.69885815219428
29339,35.90688,-79.05289,15,162.2375925479862
29339,35.90718,-79.05283,16,196.1633742789879
29339,35.90733,-79.05281,17,213.00429854596842
29339,35.90738,-79.0528,18,218.65859540194117
29339,35.90766,-79.05277,19,250.0301618048907
29339,35.9077,-79.05277,20,254.49488521238533
29339,35.90781,-79.05278,21,266.80640813107823
29339,35.90793,-79.05279,22,280.23132381699133
29339,35.908,-79.0528,23,288.0971798885244
29339,35.90815,-79.05282,24,304.93810244942676
29339,35.90825,-79.05285,25,316.42753417386655
29339,35.90868,-79.05296,26,365.45166529716073
29339,35.90896,-79.05314,27,400.72074847031803
29339,35.910092,-79.053756,28,538.8998550147435
29339,35.91013,-79.05388,29,550.931849901874
29339,35.91026,-79.05397,30,567.5852508483417
29339,35.91053,-79.05414,31,601.4454551056504
29339,35.91054,-79.05415,32,602.8843324745047
29339,35.91062,-79.05423,33,614.3953479773915
29339,35.91071,-79.05431,34,626.7922364572516
29339,35.91095,-79.05449,35,658.1729905513688
29339,35.91115,-79.05462,36,683.425354437498
29339,35.9112,-79.05465,37,689.6355718189786
29339,35.91132,-79.05473,38,704.8727146454048
29339,35.911453,-79.054669,39,720.7175312145771
29339,35.9115,-79.05483,40,736.2493550916939
29339,35.91159,-79.05489,41,747.6771996917374
29339,35.91183,-79.05503,42,777.3286692987963
29339,35.91189,-79.05506,43,784.5585363755413
29339,35.91217,-79.05521,44,818.6503921639054
29339,35.91239,-79.05535,45,846.3015807281164
29339,35.9126,-79.05547,46,872.1500450124445
29339,35.91276,-79.05556,47,891.7897746971372
29339,35.91314,-79.05578,48,938.6730663933918
29339,35.91326,-79.05585,49,953.4987293326695
29339,35.91328,-79.05586,50,955.9086757782921
29339,35.91363,-79.05606,51,998.989318321405
29339,35.913761,-79.056005,52,1014.4405044955716
29339,35.91379,-79.05614,53,1027.1185121180763
29339,35.91406,-79.0563,54,1060.5741197970922
29339,35.91432,-79.05645,55,1092.6317013404482
29339,35.91459,-79.05659,56,1125.339624799553
29339,35.91467,-79.05664,57,1135.3568389856082
29339,35.91489,-79.05676,58,1162.221402168209
29339,35.91501,-79.05683,59,1177.04698127615
29339,35.91506,-79.05685,60,1182.9158601411489
29339,35.91509,-79.05686,61,1186.385298615998
29339,35.91523,-79.05693,62,1203.2548382350963
29339,35.91538,-79.05692,63,1220.0220426989529
29339,35.91546,-79.05692,64,1228.951430788226
29339,35.91575,-79.05687,65,1261.6372733979965
29339,35.91603,-79.05681,66,1293.3613903535047
29339,35.91627,-79.05677,67,1320.394634126118
29339,35.91642,-79.05675,68,1337.2354306923646
29339,35.916613,-79.056579,69,1363.7895630007579
29339,35.91668,-79.0567,70,1377.0795313371577
29339,35.91694,-79.05665,71,1406.452990901581
29339,35.91719,-79.05661,72,1434.5926909738023
29339,35.91775,-79.05651,73,1497.7544305417566
29339,35.91796,-79.05647,74,1521.4737755101312
29339,35.91818,-79.05643,75,1546.2967219548827
29339,35.91844,-79.056259,76,1579.2093069965965
29339,35.91853,-79.05636,77,1592.8109442682794
29339,35.91886,-79.05631,78,1629.9233997228098
29339,35.91901,-79.05628,79,1646.8861323140852
29339,35.91986,-79.05612,80,1742.866678164656
29339,35.9201,-79.05608,81,1769.8999283604765
29339,35.92016,-79.05607,82,1776.6582409514099
29339,35.92041,-79.05602,83,1804.9294608430387
29339,35.92096,-79.05591,84,1867.1261444792224
29339,35.92111,-79.05587,85,1884.2581115814123
29339,35.921345,-79.055657,86,1916.8462892357938
29339,35.92139,-79.05577,87,1928.2691170670926
29339,35.92161,-79.05568,88,1954.1487830033436
29339,35.92189,-79.05557,89,1986.9585746049602
29339,35.92217,-79.05545,90,2020.0560108881284
29339,35.92244,-79.05531,91,2052.763500471393
29339,35.9229,-79.05509,92,2107.8557773957928
29339,35.92296,-79.05506,93,2115.085499645589
29339,35.92337,-79.05487,94,2163.991825287147
29339,35.92371,-79.05469,95,2205.3108060842123
29339,35.92377,-79.05466,96,2212.540522368066
29339,35.92388,-79.05461,97,2225.6307469825606
29339,35.92394,-79.05458,98,2232.860461970797
29339,35.92438,-79.05437,99,2285.5430546019707
29339,35.924497,-79.054182,100,2307.033929315208
29339,35.92469,-79.05423,101,2329.0125147516674
29339,35.92505,-79.05407,102,2371.7398565069443
29339,35.9253,-79.054,103,2400.3588260309307
29339,35.92548,-79.05395,104,2420.9564499642206
29339,35.92561,-79.05393,105,2435.5799357232404
29339,35.92574,-79.0539,106,2450.3436521611657
29339,35.92592,-79.05386,107,2470.7604166821793
29339,35.92623,-79.05383,108,2505.4689887271097
29339,35.92628,-79.05383,109,2511.0498840733303
29339,35.92637,-79.05383,110,2521.095495698062
29339,35.92652,-79.05383,111,2537.8381817497243
29339,35.92673,-79.05384,112,2561.295516205985
29339,35.9269,-79.05386,113,2580.357230982394
29339,35.927,-79.05387,114,2591.5558794684703
29339,35.92702,-79.05388,115,2593.9657737444554
29339,35.92719,-79.05391,116,2613.135273626983
29339,35.92748,-79.05397,117,2645.959565004595
29339,35.928023,-79.054053,118,2707.0346572875005
29339,35.92835,-79.05426,119,2748.087265374142
29339,35.92879,-79.05441,120,2799.0519888690346
29339,35.92999,-79.05482,121,2938.0685972708043
29339,35.93009,-79.05486,122,2949.8061782533277
29339,35.930315,-79.054797,123,2975.5631374489208
29339,35.93043,-79.05497,124,2995.8463136116347
29339,35.93052,-79.055,125,3006.254520857571
29339,35.93104,-79.05519,126,3066.8042970108354
29339,35.93112,-79.05522,127,3076.1397741231654
29339,35.93156,-79.05535,128,3126.6495160182035
29339,35.93177,-79.05541,129,3150.7137234150505
29339,35.93231,-79.05553,130,3211.9637102332777
29339,35.93292,-79.05565,131,3280.9163463006817
29339,35.93338,-79.05575,132,3333.056720317519
29339,35.933629,-79.055672,133,3361.737240236153
29339,35.93375,-79.05582,134,3380.787138211977
29339,35.9338,-79.05584,135,3386.6558927894534
29339,35.93467,-79.05601,136,3484.981672113919
29339,35.93514,-79.0561,137,3538.0742301721953
29339,35.93523,-79.0561,138,3548.1198059128533
29339,35.93542,-79.05614,139,3569.6357180010523
29339,35.93591,-79.05628,140,3625.7853153371584
29339,35.93647,-79.05639,141,3689.083600869843
29339,35.93677,-79.05645,142,3723.0088650559233
29339,35.93688,-79.05648,143,3735.585147805781
29339,35.93708,-79.05652,144,3758.201985078521
29339,35.93748,-79.0566,145,3803.4356509056465
29339,35.937504,-79.056472,146,3815.359179900738
29339,35.93762,-79.05662,147,3834.017062923194
29339,35.9388,-79.05685,148,3967.369951797318
29339,35.93928,-79.05695,149,4021.709758566555
29339,35.93995,-79.05708,150,4097.418599276599
29339,35.94026,-79.05714,151,4132.445943423407
29339,35.94085,-79.05726,152,4199.194844322585
29339,35.941384,-79.057209,153,4258.977977328336
29339,35.94227,-79.05755,154,4362.601269293283
29339,35.94274,-79.05764,155,4415.693577273472
29339,35.94328,-79.05775,156,4476.788205446462
29339,35.94417,-79.05793,157,4577.461995879586
29339,35.944501,-79.057853,158,4615.062491644604
29339,35.94511,-79.05811,159,4686.9282175209255
29339,35.94524,-79.05815,160,4701.885729848778
29339,35.94557,-79.05823,161,4739.428233567509
29339,35.94577,-79.05826,162,4761.917103159759
29339,35.945943,-79.058146,163,4783.824247471776
29339,35.94623,-79.05836,164,4821.286652653213
29339,35.94633,-79.05837,165,4832.485203824147
29339,35.94671,-79.05845,166,4875.516698460235
29339,35.94697,-79.05849,167,4904.763339628196
29339,35.94729,-79.05854,168,4940.767933918558
29339,35.94738,-79.05855,169,4950.854387583281
29339,35.94751,-79.05856,170,4965.392964487409
29339,35.94755,-79.05856,171,4969.857647610309
29339,35.94769,-79.05857,172,4985.510373016812
29339,35.94789,-79.05857,173,5007.833788309655
29339,35.94791,-79.05857,174,5010.06612984113
29339,35.94797,-79.05856,175,5016.824373325671
29339,35.94822,-79.05856,176,5044.728642931285
29339,35.94829,-79.05856,177,5052.5418384276045
29339,35.9484,-79.05854,178,5064.953169477326
29339,35.94859,-79.05853,179,5086.179826731192
29339,35.94881,-79.05849,180,5111.002488051839
29339,35.94902,-79.05845,181,5134.721541703429
29339,35.94943,-79.05839,182,5180.807397855908
29339,35.94951,-79.05826,183,5195.603894093785
29339,35.94965,-79.05825,184,5211.256626063175
29339,35.949907,-79.058073,185,5244.133886601494
29339,35.9501,-79.05819,186,5268.150864682809
29339,35.95044,-79.05814,187,5306.371034335939
29339,35.95072,-79.0581,188,5337.833970599445
29339,35.95094,-79.05806,189,5362.656634746738
29339,35.95151,-79.05792,190,5427.5347333406435
29339,35.95195,-79.05779,191,5478.043556295306
29339,35.95225,-79.0577,192,5512.510504676931
29339,35.95234,-79.05768,193,5522.718717311723
29339,35.95243,-79.05767,194,5532.805179940258
29339,35.95254,-79.05765,195,5545.216514809203
29339,35.95266,-79.05764,196,5558.641294543267
29339,35.95273,-79.05764,197,5566.454501662785
29339,35.95285,-79.05764,198,5579.848571015172
29339,35.95295,-79.05765,199,5591.047129188875
29339,35.9534,-79.05772,200,5641.675029904391
29339,35.95385,-79.0578,201,5692.424781078566
29339,35.95404,-79.05784,202,5713.940491361924
29339,35.95406,-79.05784,203,5716.172835558314
29339,35.95446,-79.05786,204,5760.856596864592
29339,35.95511,-79.05786,205,5833.4077812020905
29339,35.955672,-79.057715,206,5897.501976261144
29339,35.95582,-79.05784,207,5917.5411672284245
29339,35.95605,-79.05784,208,5943.213125732767
29339,35.95635,-79.0578,209,5976.8944698291425
29339,35.95638,-79.0578,210,5980.242986376351
29339,35.95653,-79.05777,211,5997.205472646327
29339,35.95661,-79.05776,212,6006.180846030821
29339,35.9567,-79.05774,213,6016.389039952145
29339,35.95704,-79.05766,214,6055.027076206746
29339,35.95741,-79.05755,215,6097.514754492246
29339,35.95772,-79.05748,216,6132.694378791633
29339,35.95801,-79.05741,217,6165.680814249161
29339,35.95824,-79.05735,218,6191.923843953485
29339,35.95856,-79.0573,219,6227.928426232558
29339,35.95886,-79.05728,220,6261.462768710232
29339,35.95908,-79.05727,221,6286.035339521544
29339,35.95946,-79.05727,222,6328.449918872301
29339,35.959714,-79.057167,223,6358.301724216321
29339,35.95974,-79.05728,224,6368.958692974897
29339,35.96007,-79.0573,225,6405.837091184007
29339,35.96032,-79.05732,226,6433.8003761245045
29339,35.96036,-79.05733,227,6438.3563540490395
29339,35.96064,-79.05736,228,6469.727541133714
29339,35.96079,-79.05739,229,6486.690015080649
29339,35.96115,-79.05743,230,6527.035848607226
29339,35.96121,-79.05699,231,6567.520811752422
29339,35.96124,-79.05677,232,6587.763292643979
29339,35.96128,-79.05655,233,6608.220048933351
29339,35.96135,-79.05607,234,6652.472207958614
29339,35.96137,-79.05586,235,6671.658678989774
29339,35.96148,-79.05518,236,6734.573986598194
29339,35.96153,-79.05484,237,6765.927501949756
29339,35.96155,-79.0547,238,6778.8262471776
29339,35.96158,-79.05443,239,6803.554780672464
29339,35.96159,-79.05427,240,6818.116597388985
29339,35.96158,-79.05413,241,6830.869643341247
29339,35.96156,-79.05399,242,6843.768398365045
29339,35.96156,-79.05397,243,6845.583271960739
29339,35.96151,-79.0538,244,6861.988186729283
29339,35.96143,-79.0536,245,6882.21471622039
29339,35.96135,-79.05346,246,6897.743088469897
29339,35.96127,-79.05337,247,6909.844088848803
29339,35.96117,-79.05327,248,6924.229180440194
29339,35.96113,-79.05324,249,6929.458406342551
29339,35.96102,-79.05316,250,6943.72199422124
29339,35.96101,-79.05316,251,6944.838174675417
29339,35.96089,-79.05309,252,6959.662245046366
29339,35.96075,-79.05305,253,6975.704805553919
29339,35.96063,-79.05303,254,6989.22137262616
29339,35.96057,-79.05304,255,6995.979656350775
29339,35.9604,-79.05304,256,7014.954727650559
29339,35.96033,-79.05305,257,7022.820512583489
29339,35.96014,-79.05307,258,7044.105461634281
29339,35.96014,-79.05308,259,7045.012916192669
29339,35.96014,-79.05309,260,7045.920370737726
29339,35.96014,-79.0531,261,7046.827825268563
29339,35.96014,-79.05311,262,7047.735279784601
29339,35.96014,-79.05312,263,7048.642734286417
29339,35.96013,-79.05313,264,7050.081251815577
29339,35.96013,-79.05314,265,7050.988706405609
29339,35.96013,-79.05315,266,7051.896160979721
29339,35.96012,-79.05316,267,7053.334678513183
29339,35.96012,-79.05317,268,7054.242133173421
29339,35.96011,-79.05317,269,7055.358313606329
29339,35.96011,-79.05318,270,7056.265768369042
29339,35.96011,-79.05319,271,7057.173223117265
29339,35.9601,-79.05319,272,7058.289403513505
29339,35.96009,-79.0532,273,7059.727921175152
29339,35.96008,-79.05321,274,7061.166438887898
29339,35.96007,-79.05322,275,7062.604956648484
29339,35.96006,-79.05322,276,7063.721136990843
29339,35.96005,-79.05323,277,7065.159654875862
29339,35.96004,-79.05323,278,7066.275835201381
29339,35.96003,-79.05323,279,7067.392015524648
29339,35.96002,-79.05323,280,7068.508195850304
29339,35.96001,-79.05323,281,7069.624376174636
29339,35.96,-79.05323,282,7070.7405564976825
29339,35.95999,-79.05323,283,7071.856736822615
29339,35.95998,-79.05323,284,7072.972917147209
29339,35.95997,-79.05323,285,7074.089097470924
29339,35.95997,-79.05322,286,7074.996553783268
29339,35.95996,-79.05322,287,7076.112734124992
29339,35.95995,-79.05321,288,7077.551252764026
29339,35.95994,-79.05321,289,7078.667433123326
29339,35.95993,-79.0532,290,7080.105951934463
29339,35.95993,-79.05319,291,7081.013408754041
29339,35.95992,-79.05319,292,7082.129589148821
29339,35.95992,-79.05318,293,7083.037046098501
29339,35.95991,-79.05317,294,7084.475565122926
29339,35.95991,-79.05316,295,7085.3830222165425
29339,35.9599,-79.05315,296,7086.821541359702
29339,35.9599,-79.05314,297,7087.728998598763
29339,35.95989,-79.05313,298,7089.167517862295
29339,35.95989,-79.05312,299,7090.074975244984
29339,35.95989,-79.05311,300,7090.982432643594
29339,35.95989,-79.0531,301,7091.889890056462
29339,35.95989,-79.05309,302,7092.797347483821
29339,35.95989,-79.05308,303,7093.704804925477
29339,35.95989,-79.05307,304,7094.612262380696
29339,35.95989,-79.05306,305,7095.519719851528
29339,35.95989,-79.05305,306,7096.427177336387
29339,35.95989,-79.05304,307,7097.3346348374
29339,35.95989,-79.05303,308,7098.2420923503505
29339,35.9599,-79.05302,309,7099.680611863202
29339,35.9599,-79.05301,310,7100.58806929022
29339,35.9599,-79.053,311,7101.495526731574
29339,35.95991,-79.05299,312,7102.934046238729
29339,35.95991,-79.05298,313,7103.841503592099
29339,35.95992,-79.05297,314,7105.28002307208
29339,35.95993,-79.05296,315,7106.718542502391
29339,35.95994,-79.05295,316,7108.15706188394
29339,35.95995,-79.05294,317,7109.59558121348
29339,35.95996,-79.05293,318,7111.034100493106
29339,35.95997,-79.05293,319,7112.150281349488
29339,35.95998,-79.05293,320,7113.266462207193
29339,35.95999,-79.05292,321,7114.704981291139
29339,35.96,-79.05292,322,7115.821162166612
29339,35.96001,-79.05292,323,7116.937343041051
29339,35.96002,-79.05292,324,7118.053523916832
29339,35.96003,-79.05292,325,7119.16970479301
29339,35.96004,-79.05292,326,7120.285885668153
29339,35.96005,-79.05293,327,7121.724404316061
29339,35.96006,-79.05293,328,7122.840585173145
29339,35.96007,-79.05294,329,7124.279103652067
29339,35.96008,-79.05294,330,7125.3952844920195
29339,35.96008,-79.05295,331,7126.302739933776
29339,35.96009,-79.05295,332,7127.418920756221
29339,35.96009,-79.05296,333,7128.32637606977
29339,35.9601,-79.05296,334,7129.442556874205
29339,35.96011,-79.05297,335,7130.881074991754
29339,35.96012,-79.05298,336,7132.319593014116
29339,35.96012,-79.05299,337,7133.2270479343415
29339,35.96012,-79.053,338,7134.13450284108
29339,35.96013,-79.053,339,7135.250683573696
29339,35.96013,-79.05301,340,7136.158138350255
29339,35.96013,-79.05302,341,7137.065593112399
29339,35.96014,-79.05303,342,7138.504110873232
29339,35.96014,-79.05304,343,7139.411565489352
29339,35.96014,-79.05305,344,7140.319020093611
29339,35.96014,-79.05307,345,7142.133929255949
29339,35.960325,-79.053051,346,7162.855127139221
29339,35.9604,-79.05304,347,7171.2857843298925
29339,35.96063,-79.05303,348,7196.97397293395
29339,35.96075,-79.05305,349,7210.490540006191
29339,35.96089,-79.05309,350,7226.533100513744
29339,35.96101,-79.05316,351,7241.357170884693
29339,35.96102,-79.05316,352,7242.47335133887
29339,35.96113,-79.05324,353,7256.736939217559
29339,35.96117,-79.05327,354,7261.966165119916
29339,35.96127,-79.05337,355,7276.351256711307
29339,35.96135,-79.05346,356,7288.452257090213
29339,35.96143,-79.0536,357,7303.98062933972
29339,35.96151,-79.0538,358,7324.207158830826
29339,35.96156,-79.05397,359,7340.612073599371
29339,35.96156,-79.05399,360,7342.426947195065
29339,35.96158,-79.05413,361,7355.325702218863
29339,35.96159,-79.05427,362,7368.078748171125
29339,35.96158,-79.05443,363,7382.640564887645
29339,35.96155,-79.0547,364,7407.36909838251
29339,35.96148,-79.05518,365,7451.621244435666
29339,35.96171,-79.05523,366,7477.691168885542
29339,35.96196,-79.05528,367,7505.962043944932
29339,35.96234,-79.05536,368,7548.993509221476
29339,35.96269,-79.05544,369,7588.7284423530255
29339,35.96331,-79.05556,370,7658.782823466624
29339,35.96352,-79.05561,371,7682.6575897036055
29339,35.96361,-79.05563,372,7692.86579012298
29339,35.96393,-79.0557,373,7729.14381955919
29339,35.96392,-79.05506,374,7787.22861674849
29339,35.96391,-79.05447,375,7840.777345084553
29339,35.9639,-79.05372,376,7908.842207158621
29339,35.9639,-79.05357,377,7922.453359676763
29339,35.9639,-79.05305,378,7969.638713577393
29339,35.96389,-79.05294,379,7979.682450792591
29339,35.96389,-79.05267,380,8004.182561225194
29339,35.96388,-79.05238,381,8030.521169554917
29339,35.96388,-79.05224,382,8043.224942157168
29339,35.96388,-79.05197,383,8067.725083029738
29339,35.96388,-79.05186,384,8077.706624923305
29339,35.96387,-79.0512,385,8137.606317339095
29339,35.96387,-79.05071,386,8182.069623075828
29339,35.96387,-79.05026,387,8222.90330177241
29339,35.96387,-79.04984,388,8261.014761628412
29339,35.9639,-79.04967,389,8276.800088019096
29339,35.96389,-79.04936,390,8304.95212634278
29339,35.96389,-79.04897,391,8340.341379923595
29339,35.96388,-79.04891,392,8345.89912109037
29339,35.96388,-79.04849,393,8384.01065804812
29339,35.96387,-79.048055,394,8423.49912910074
29339,35.96388,-79.04757,395,8467.523097448484
29339,35.9639,-79.04721,396,8500.266381762527
29339,35.96393,-79.04688,397,8530.397871389208
29339,35.96396,-79.04639,398,8574.987353854765
29339,35.96399,-79.04601,399,8609.631526559218
29339,35.96403,-79.0456,400,8647.102700604804
29339,35.96405,-79.04519,401,8684.37385544468
29339,35.96407,-79.04484,402,8716.211943702221
29339,35.96407,-79.04459,403,8738.897471391168
29339,35.96406,-79.04433,404,8762.516820450555
29339,35.96405,-79.044,405,8792.482544869617
29339,35.96401,-79.04353,406,8835.364489439977
29339,35.96397,-79.04296,407,8887.280011494753
29339,35.96393,-79.04243,408,8935.58036032398
29339,35.96391,-79.04207,409,8968.32390043504
29339,35.9639,-79.042,410,8974.773214981127
29339,35.96386,-79.04145,411,9024.881047006802
29339,35.96383,-79.04101,412,9064.948087446568
29339,35.96381,-79.04077,413,9086.840514682435
29339,35.9638,-79.04067,414,9095.98320691308
29339,35.96379,-79.04058,415,9104.226004095852
29339,35.96375,-79.04033,416,9127.34696104373
29339,35.96374,-79.04025,417,9134.691722940242
29339,35.96369,-79.04008,418,9151.096592587852
29339,35.96367,-79.03996,419,9162.21226090753
29339,35.96366,-79.03991,420,9166.884708313375
29339,35.96369,-79.0399,421,9170.354094035125
29339,35.96373,-79.03988,422,9175.17367055103
29339,35.96377,-79.03988,423,9179.638486921875
29339,35.96378,-79.03988,424,9180.754691014883
29339,35.96383,-79.03988,425,9186.335711479314
29339,35.96384,-79.03988,426,9187.451915571894
29339,35.96391,-79.03989,427,9195.317860920697
29339,35.96395,-79.03989,428,9199.782677223631
29339,35.96403,-79.0399,429,9208.758297797678
29339,35.9641,-79.03989,430,9216.624242769598
29339,35.96413,-79.03989,431,9219.972854998849
29339,35.9642,-79.04,432,9232.648970726357
29339,35.96422,-79.04004,433,9236.910238534445
29339,35.9643,-79.04019,434,9253.189306090086
29339,35.96434,-79.04026,435,9260.953462439596
29339,35.96438,-79.04035,436,9270.261064749275
29339,35.96442,-79.04043,437,9278.783580334568
29339,35.96446,-79.04051,438,9287.30609167431
29339,35.96453,-79.04063,439,9300.70837861585
29339,35.96455,-79.04066,440,9304.228940932531
29339,35.96466,-79.04083,441,9323.94495025334
29339,35.96476,-79.04094,442,9338.919038836333
29339,35.96481,-79.04084,443,9349.57213681017
29339,35.96482,-79.04083,444,9351.010648324887
29339,35.96487,-79.04074,445,9360.902244437373
29339,35.96481,-79.04069,446,9368.99161290501
29339,35.96479,-79.04066,447,9372.51216806375
29339,35.96476,-79.04058,448,9380.506625729606
29339,35.96471,-79.04045,449,9393.556684549709
29339,35.96468,-79.04038,450,9400.73723708031
29339,35.96463,-79.04026,451,9412.973213455083
29339,35.96459,-79.04017,452,9422.280794224043
29339,35.9646,-79.04014,453,9425.223010475995
29339,35.96461,-79.04013,454,9426.661525129466
29339,35.96462,-79.04011,455,9428.792150697587
29339,35.96465,-79.0401,456,9432.261532417118
29339,35.96468,-79.0401,457,9435.61014353477
29339,35.96469,-79.0401,458,9436.726347239126
29339,35.96471,-79.04011,459,9439.136130362205
29339,35.96478,-79.04016,460,9448.171333218708
29339,35.96481,-79.04019,461,9452.486872747682
29339,35.96483,-79.04022,462,9456.00743000975
29339,35.96487,-79.04027,463,9462.372944305269
29339,35.964889,-79.040306,464,9466.267696975057
29339,35.96491,-79.04033,465,9469.467273154145
29339,35.96494,-79.04043,466,9479.139596208071
29339,35.96495,-79.04047,467,9482.93701679843
29339,35.96495,-79.04051,468,9486.566684889152
29339,35.96495,-79.04052,469,9487.474101875552
29339,35.96493,-79.04061,470,9495.940476209857
29339,35.96492,-79.04066,471,9500.612847505863
29339,35.96487,-79.04074,472,9509.769577743033
29339,35.96482,-79.04083,473,9519.661173855518
29339,35.96476,-79.04094,474,9531.681366816743
29339,35.96468,-79.04086,475,9543.189463305946
29339,35.96466,-79.04083,476,9546.710021004563
29339,35.96455,-79.04066,477,9566.426030325372
29339,35.96453,-79.04063,478,9569.946592642054
29339,35.96446,-79.04051,479,9583.348879583593
29339,35.96442,-79.04043,480,9591.871390923336
29339,35.96438,-79.04035,481,9600.393906508629
29339,35.96434,-79.04026,482,9609.701508818307
29339,35.9643,-79.04019,483,9617.465665167818
29339,35.96422,-79.04004,484,9633.744732723459
29339,35.9642,-79.04,485,9638.006000531546
29339,35.96413,-79.03989,486,9650.682116259055
29339,35.9641,-79.03989,487,9654.030728488306
29339,35.96403,-79.0399,488,9661.896673460225
29339,35.96395,-79.03989,489,9670.872294034272
29339,35.96391,-79.03989,490,9675.337110337206
29339,35.96384,-79.03988,491,9683.20305568601
29339,35.96378,-79.03988,492,9689.90028024302
29339,35.96377,-79.03988,493,9691.016484336029
29339,35.96373,-79.03988,494,9695.481300706873
29339,35.96369,-79.0399,495,9700.300877222779
29339,35.96366,-79.03991,496,9703.770262944528
29339,35.96361,-79.03973,497,9721.03122346186
29339,35.96357,-79.03962,498,9731.966048670558
29339,35.96354,-79.03954,499,9739.96062229355
29339,35.96351,-79.03948,500,9746.35256977125
29339,35.96339,-79.03929,501,9768.185421797325
29339,35.96335,-79.0392,502,9777.49313043219
29339,35.96313,-79.03886,503,9816.92567764935
29339,35.96295,-79.03859,504,9848.611198350129
29339,35.9629,-79.03852,505,9857.066796132616
29339,35.96264,-79.03811,506,9904.252302440073
29339,35.96244,-79.03778,507,9941.603593417705
29339,35.96241,-79.03773,508,9947.242735966553
29339,35.96225,-79.03741,509,9981.333605427908
29339,35.96219,-79.03727,510,9995.69513610316
29339,35.96212,-79.03707,511,10015.454677038524
29339,35.9621,-79.03695,512,10026.570612605303
29339,35.96205,-79.03674,513,10046.427623264404
29339,35.96204,-79.03668,514,10051.985598134386
29339,35.96201,-79.03649,515,10069.549443789509
29339,35.96198,-79.0363,516,10087.113301252919
29339,35.96192,-79.03584,517,10129.3902193631
29339,35.96187,-79.03512,518,10194.965248539062
29339,35.96186,-79.03504,519,10202.310243753442
29339,35.96184,-79.0348,520,10224.203424550327
29339,35.96181,-79.03456,521,10246.238435254741
29339,35.96179,-79.0344,522,10260.928451661184
29339,35.96166,-79.03382,523,10315.525009386554
29339,35.96157,-79.03351,524,10345.396372113151
29339,35.96149,-79.03328,525,10368.098123008276
29339,35.96146,-79.0332,526,10376.092952602397
29339,35.96137,-79.03296,527,10400.077462659385
29339,35.96132,-79.03285,528,10411.513902330888
29339,35.96127,-79.03273,529,10423.750441508331
29339,35.96124,-79.03267,530,10430.142592876351
29339,35.96115,-79.03251,531,10447.798712587875
29339,35.96107,-79.03237,532,10463.327644189092
29339,35.96098,-79.03222,533,10480.245415030982
29339,35.96092,-79.03214,534,10490.122593866745
29339,35.96086,-79.03205,535,10500.684719210678
29339,35.96068,-79.03182,536,10529.655835315167
29339,35.96067,-79.03181,537,10531.094397786486
29339,35.96067,-79.0318,538,10532.001876983046
29339,35.96053,-79.03169,539,10550.545095113946
29339,35.96039,-79.03157,540,10569.592206665766
29339,35.96039,-79.03157,541,10569.592206665766
29339,35.960653,-79.030797,542,10645.635606922946
30713,35.895827,-79.076037,0,0
30713,35.895924,-79.076073,1,11.30942860578819
30713,35.896672,-79.075778,2,98.98989147339765
30713,35.898128,-79.075148,3,271.2771073906869
30713,35.898185,-79.075058,4,281.63458432020053
30713,35.898249,-79.075078,5,289.0051782133394
30713,35.900133,-79.07393,6,523.7111936611341
30713,35.900407,-79.07374,7,558.8251150725013
30713,35.900398,-79.073609,8,570.7637763663561
30713,35.900567,-79.073633,9,589.7521003396836
30713,35.90065,-79.073595,10,599.6379398237948
30713,35.900628,-79.073418,11,615.8980356399026
30713,35.90042,-79.072023,12,744.6899762027007
30713,35.900222,-79.070868,13,851.8808122102943
30713,35.900022,-79.070069,14,927.7961823090861
30713,35.899883,-79.069629,15,970.6600231786928
30713,35.899427,-79.068389,16,1094.2362996746594
30713,35.899205,-79.067864,17,1147.9679865428611
30713,35.898975,-79.067408,18,1196.69083492255
30713,35.89888,-79.067392,19,1207.393398892674
30713,35.898905,-79.067279,20,1218.0280237375864
30713,35.898429,-79.066498,21,1306.6464277178216
30713,35.897929,-79.065817,22,1389.949172944921
30713,35.897052,-79.064617,23,1536.436081736213
30713,35.895808,-79.062925,24,1743.5397267955666
30713,35.894692,-79.061411,25,1929.072795397852
30713,35.89441,-79.060987,26,1978.8078855759454
30713,35.894197,-79.060612,27,2020.3427765047024
30713,35.893823,-79.05983,28,2102.7244667310933
30713,35.892971,-79.057878,29,2303.904243652395
30713,35.892862,-79.057588,30,2332.9169613958716
30713,35.89318,-79.057513,31,2369.0589434125372
30713,35.893453,-79.057448,32,2400.0970379693595
30713,35.893614,-79.057427,33,2418.1683434422866
30713,35.89391,-79.057513,34,2452.1177525758417
30713,35.894479,-79.057749,35,2519.147239350644
30713,35.89551,-79.058365,36,2647.102876451427
30713,35.895608,-79.058294,37,2659.8004857091632
30713,35.895654,-79.058451,38,2674.95537899967
30713,35.895801,-79.058505,39,2692.0803447927588
30713,35.895997,-79.058537,40,2714.149478880419
30713,35.896175,-79.058499,41,2734.314822959399
30713,35.896379,-79.058462,42,2757.331317242473
30713,35.896731,-79.058247,43,2801.2050511925886
30713,35.897156,-79.057903,44,2858.0057395553144
30713,35.897456,-79.057694,45,2896.4963714997334
30713,35.897639,-79.057608,46,2918.3646124468546
30713,35.8981158001071,-79.0574123938484,47,2974.470277235696
30713,35.898245767543784,-79.05750368220903,48,2991.178776835503
30713,35.898981770077725,-79.05745553372955,49,3073.445639760343
30713,35.89950009568992,-79.05747761838533,50,3131.3344704351703
30713,35.90003143597408,-79.05765413128279,51,3192.769379019554
30713,35.90050507264366,-79.0578542245369,52,3248.6711614790097
30713,35.900907,-79.057865,53,3293.5438289542685
30713,35.901081,-79.057809,54,3313.6200113033597
30713,35.901132,-79.057786,55,3319.683588173428
30713,35.901192,-79.057747,56,3327.2594668529023
30713,35.901273,-79.057689,57,3337.7228537202463
30713,35.90135,-79.057617,58,3348.5218459374937
30713,35.901877,-79.057126,59,3422.334042696193
30713,35.902861,-79.056206,60,3560.3305719749214
30713,35.902859,-79.056056,61,3573.954101605852
30713,35.902991,-79.056093,62,3589.0658854028015
30713,35.904329,-79.054816,63,3778.146879842777
30713,35.904603,-79.054436,64,3824.2567091343676
30713,35.905001,-79.053897,65,3890.3567726361975
30713,35.905505,-79.053382,66,3963.5126939062425
30713,35.905524,-79.053281,67,3972.9263638196157
30713,35.905607,-79.053306,68,3982.464760298923
30713,35.906106,-79.053033,69,4043.4301289838904
30713,35.906354,-79.052947,70,4072.1919257819864
30713,35.907389,-79.052768,71,4188.854537181494
30713,35.907686,-79.052746,72,4222.065249171316
30713,35.90796,-79.052778,73,4252.7863378880975
30713,35.908177,-79.052821,74,4277.32017377077
30713,35.908386,-79.05288,75,4301.255648070758
30713,35.908614,-79.052929,76,4327.090607198964
30713,35.908805,-79.053031,77,4350.334714055119
30713,35.909209,-79.053277,78,4400.657906413574
30713,35.910092,-79.053756,79,4508.387323260896
30713,35.910509,-79.054125,80,4565.737812674887
30713,35.910657,-79.054265,81,4586.582388948949
30713,35.910701,-79.054302,82,4592.5327902585495
30713,35.910236,-79.055466,83,4710.283116500128
30713,35.909953,-79.055343,84,4743.787292478557
30713,35.90971,-79.055207,85,4773.5894080348535
30713,35.90931,-79.054971,86,4823.113065405205
30713,35.90908,-79.054847,87,4851.145841919833
30713,35.90898,-79.054799,88,4863.128439368407
30713,35.908924,-79.054815,89,4869.545661724105
30713,35.908871,-79.054751,90,4877.83839357151
30713,35.908767,-79.054697,91,4890.43978939361
30713,35.908619,-79.054681,92,4907.022982421636
30713,35.908445,-79.054673,93,4926.458051376164
30713,35.908293,-79.054663,94,4943.448232114868
30713,35.908158,-79.054668,95,4958.523466713891
30713,35.908041,-79.054679,96,4971.620887104906
30713,35.907919,-79.054695,97,4985.315539818683
30713,35.90695,-79.054856,98,5094.45673497602
30713,35.90689,-79.05487,99,5101.273394094934
30714,35.891964,-79.083095,0,0
30714,35.89189,-79.0831,1,8.271812650781882
30714,35.89189,-79.08317,2,14.629221329045977
30714,35.89189,-79.08326,3,22.80303144787117
30714,35.8919,-79.08371,4,63.68729967084282
30714,35.89193,-79.08393,5,83.94632180323927
30714,35.89196,-79.08405,6,95.34748747059425
30714,35.89197,-79.08406,7,96.7864318389939
30714,35.89197,-79.08407,8,97.69463081253195
30714,35.89198,-79.08407,9,98.81075595162655
30714,35.89198,-79.08408,10,99.7189547939368
30714,35.89199,-79.08408,11,100.8350799155853
30714,35.89199,-79.08409,12,101.74327862786589
30714,35.892,-79.0841,13,103.18222268612
30714,35.89213,-79.08411,14,117.72024422956532
30714,35.89229,-79.08412,15,135.6013241559156
30714,35.89242,-79.08412,16,150.11094985135193
30714,35.89247,-79.08413,17,155.76499204848577
30714,35.89252,-79.08413,18,161.3456172321345
30714,35.892584,-79.084017,19,173.8494448987602
30714,35.8926,-79.08415,20,186.05969151779433
30714,35.89269,-79.08417,21,196.2677166594969
30714,35.8927,-79.08417,22,197.3838416266518
30714,35.89279,-79.08421,23,208.06567032245783
30714,35.89287,-79.08426,24,218.08301486177493
30714,35.89293,-79.08431,25,226.17415651134982
30714,35.89298,-79.08436,26,233.36883904052792
30714,35.89299,-79.08437,27,234.8077752582193
30714,35.89301,-79.08438,28,237.21770045804683
30714,35.89305,-79.08442,29,242.97344369968206
30714,35.89311,-79.08451,30,253.5401507371022
30714,35.89312,-79.08451,31,254.65627510559
30714,35.89316,-79.08458,32,262.42460264155665
30714,35.8932,-79.08463,33,268.7926239290945
30714,35.89321,-79.08467,34,272.5929527785346
30714,35.89324,-79.08473,35,278.9885997384356
30714,35.89329,-79.08486,36,292.0474618215254
30714,35.8933,-79.08488,37,294.17934218597514
30714,35.89332,-79.08495,38,300.91713727993874
30714,35.89333,-79.08502,39,307.37164438492306
30714,35.89334,-79.08508,40,312.9338669251221
30714,35.89335,-79.08514,41,318.4960882551759
30714,35.89336,-79.08525,42,328.54823836844537
30714,35.89336,-79.08533,43,335.81368738550253
30714,35.89338,-79.08564,44,364.0556466040008
30714,35.8934,-79.08568,45,368.31939823782676
30714,35.89341,-79.08571,46,371.2636889011214
30714,35.89341,-79.08573,47,373.0800487570702
30714,35.8936,-79.08584,48,396.5216236627773
30714,35.89377,-79.08587,49,415.6903100332052
30714,35.893956,-79.085699,50,441.61609826230807
30714,35.89399,-79.08582,51,453.2417808262823
30714,35.89426,-79.08574,52,484.24051920671536
30714,35.89445,-79.08566,53,506.65688553819587
30714,35.89466,-79.08561,54,530.5312596313933
30714,35.89483,-79.08556,55,550.0411254900882
30714,35.894887,-79.085427,56,563.6927086343078
30714,35.89501,-79.08552,57,579.811017462874
30714,35.89503,-79.0853,58,599.9148897463697
30714,35.89505,-79.08511,59,617.3137552443885
30714,35.89505,-79.08508,60,620.0382408268739
30714,35.89509,-79.08479,61,646.7506566456135
30714,35.89513,-79.08465,62,660.2259759896003
30714,35.89517,-79.0845,63,674.5613207668974
30714,35.89525,-79.08424,64,699.8053771783366
30714,35.89525,-79.08423,65,700.7135379667267
30714,35.89528,-79.08418,66,706.3553912142688
30714,35.89534,-79.08404,67,720.725445640599
30714,35.89536,-79.08399,68,725.7852682335721
30714,35.89542,-79.08384,69,740.9647322003434
30714,35.89545,-79.08379,70,746.6065810340832
30714,35.89553,-79.08361,71,765.2330924610566
30714,35.89559,-79.08346,72,780.4125391234414
30714,35.89568,-79.08326,73,801.1683788328744
30714,35.89576,-79.08307,74,820.5967514725783
30714,35.89585,-79.08286,75,842.1517659590253
30714,35.89591,-79.08271,76,857.3311808920507
30714,35.89594,-79.08257,77,870.4788760725065
30714,35.89595,-79.08248,78,878.7281281101326
30714,35.895894,-79.082428,79,886.5618762351411
30714,35.89594,-79.08229,80,900.1053140414066
30714,35.89593,-79.08222,81,906.5596410052502
30714,35.89591,-79.08214,82,914.1600883929982
30714,35.89588,-79.08206,83,922.1598111846847
30714,35.89585,-79.08201,84,927.8016559730412
30714,35.89583,-79.08196,85,932.8614694662285
30714,35.89582,-79.08194,86,934.9933098658613
30714,35.89578,-79.08188,87,942.037663855408
30714,35.89567,-79.08173,88,960.3762668258036
30714,35.89562,-79.08164,89,970.2731717677997
30714,35.8956,-79.08161,90,973.7953554569232
30714,35.89559,-79.08158,91,976.7395949840114
30714,35.89557,-79.08155,92,980.2617798138272
30714,35.89556,-79.08151,93,984.0620231333834
30714,35.89555,-79.08147,94,987.8622671370775
30714,35.89554,-79.08144,95,990.8065089251196
30714,35.89553,-79.0814,96,994.606754235825
30714,35.89552,-79.08134,97,1000.168860409988
30714,35.89551,-79.08129,98,1004.8448307816958
30714,35.89551,-79.08119,99,1013.9264518139648
30714,35.8955,-79.0803,100,1094.7606537017164
30714,35.89549,-79.07969,101,1150.1699047359616
30714,35.89549,-79.07967,102,1151.9862339098215
30714,35.895434,-79.079635,103,1158.9983779484285
30714,35.89547,-79.07883,104,1232.2160510073968
30714,35.89547,-79.0788,105,1234.9405492082183
30714,35.89547,-79.07792,106,1314.8592209362048
30714,35.895342,-79.076855,107,1412.6286488558417
30714,35.89547,-79.07662,108,1438.3110669618952
30714,35.89544,-79.07643,109,1455.8881700650513
30714,35.89542,-79.07634,110,1464.3610480758164
30714,35.89577,-79.07618,111,1506.040836649188
30714,35.895827,-79.076037,112,1520.5022102390792
30714,35.89604,-79.07607,113,1544.4641334613668
30714,35.8963,-79.07596,114,1575.1550839030883
30714,35.89662,-79.07583,115,1612.7722258525218
30714,35.89678,-79.07577,116,1631.4432612801663
30714,35.89713,-79.07563,117,1672.525082382704
30714,35.89725,-79.0756,118,1686.1930508408757
30714,35.89757,-79.07544,119,1724.7520901257542
30714,35.89774,-79.07536,120,1745.0698186624638
30714,35.89806,-79.07521,121,1783.2958772587046
30714,35.89812,-79.07517,122,1790.9144901488594
30714,35.8982,-79.07514,123,1800.250002726766
30714,35.898185,-79.075058,124,1807.8826322329949
30714,35.89826,-79.0751,125,1817.0816886450746
30714,35.89853,-79.07495,126,1850.1532460981373
30714,35.89859,-79.07492,127,1857.3830576920905
30714,35.89869,-79.07486,128,1869.8034728892517
30714,35.89884,-79.07476,129,1888.8499794542136
30714,35.89918,-79.07455,130,1931.321227550119
30714,35.89955,-79.07434,131,1976.809188656843
30714,35.90022,-79.07391,132,2061.1722498026506
30714,35.900398,-79.073609,133,2094.9639284320933
30714,35.90068,-79.0736,134,2126.449792210783
30714,35.90065,-79.07341,135,2144.0258555826085
30714,35.90062,-79.07319,136,2164.283027975434
30714,35.90062,-79.07316,137,2167.007371883875
30714,35.90058,-79.07291,138,2190.1450701243593
30714,35.90042,-79.07192,139,2281.8051842598993
30714,35.90041,-79.07188,140,2285.6052712622686
30714,35.90033,-79.0714,141,2330.100173650149
30714,35.90031,-79.07123,142,2345.698783851993
30714,35.90029,-79.07112,143,2355.9345022082434
30714,35.90026,-79.071,144,2367.334797029785
30714,35.90023,-79.07084,145,2382.2455884800393
30714,35.90022,-79.0708,146,2386.0456904179177
30714,35.90019,-79.07066,147,2399.1929643363314
30714,35.90017,-79.07059,148,2405.93038768203
30714,35.90014,-79.07049,149,2415.6092817046638
30714,35.90009,-79.07033,150,2431.1741586770713
30714,35.90001,-79.07008,151,2455.5701227530635
30714,35.90001,-79.07005,152,2458.2945013167314
30714,35.90002,-79.06996,153,2466.543497764339
30714,35.89957,-79.06872,154,2589.84521486639
30714,35.89937,-79.06821,155,2641.2590874654334
30714,35.89927,-79.06798,156,2664.9414220060307
30714,35.89919,-79.0678,157,2683.5677184840742
30714,35.89913,-79.06768,158,2696.3586556457644
30714,35.89902,-79.06745,159,2720.587119414366
30714,35.89888,-79.067392,160,2737.077138756897
30714,35.89887,-79.06718,161,2756.362104402203
30714,35.89877,-79.06701,162,2775.4127232349783
30714,35.89868,-79.06686,163,2792.3382648501397
30714,35.89855,-79.06664,164,2817.0305872283766
30714,35.89839,-79.0664,165,2845.2081198401597
30714,35.8977,-79.06546,166,2960.1808918285374
30714,35.89764,-79.06538,167,2970.0618546720434
30714,35.89728,-79.06489,168,3030.0186591796946
30714,35.89704,-79.06456,169,3070.2151654451563
30714,35.89644,-79.06374,170,3170.368722927308
30714,35.89542,-79.06236,171,3339.687765877662
30714,35.89535,-79.06226,172,3351.668013517201
30714,35.89476,-79.06146,173,3449.7269344022375
30714,35.8947,-79.06138,174,3459.608160203769
30714,35.89453,-79.06114,175,3488.507045069329
30714,35.89447,-79.06104,176,3499.791237833315
30714,35.89435,-79.06086,177,3520.9252285799485
30714,35.89423,-79.06062,178,3546.508539981281
30714,35.89404,-79.06024,179,3587.015527754303
30714,35.89394,-79.06012,180,3602.6155527784754
30714,35.89384,-79.0599,181,3625.5024398303913
30714,35.89359,-79.05933,182,3684.31223738315
30714,35.89343,-79.05897,183,3721.5674394119746
30714,35.89338,-79.05885,184,3733.81186267869
30714,35.89331,-79.0587,185,3749.516642107691
30714,35.89326,-79.05857,186,3762.5760451795627
30714,35.89291,-79.05776,187,3845.8714437246986
30714,35.89288,-79.05758,188,3862.558928284719
30714,35.89303,-79.05759,189,3879.3261271954957
30714,35.8933,-79.05752,190,3910.1260679071434
30714,35.8934,-79.0575,191,3921.4346280484087
30714,35.89344,-79.05749,192,3925.990757604052
30714,35.89347,-79.05749,193,3929.339274717255
30714,35.89349,-79.05749,194,3931.5716194596175
30714,35.89351,-79.05749,195,3933.8039642016533
30714,35.89353,-79.05748,196,3936.213990286848
30714,35.89356,-79.05748,197,3939.5625074543113
30714,35.8936,-79.05748,198,3944.0271970124486
30714,35.89362,-79.05748,199,3946.259541792188
30714,35.89366,-79.05749,200,3950.815670920619
30714,35.89374,-79.05751,201,3959.9279286855403
30714,35.89375,-79.05751,202,3961.0441010239697
30714,35.89392,-79.05756,203,3980.5548500214936
30714,35.894,-79.05758,204,3989.6671055819425
30714,35.89413,-79.05762,205,4004.625201381479
30714,35.89422,-79.05766,206,4015.307459064171
30714,35.89433,-79.05772,207,4028.7402957210575
30714,35.89455,-79.05782,208,4054.9217901262773
30714,35.89507,-79.05817,209,4121.09708677527
30714,35.8953,-79.05831,210,4149.745193574736
30714,35.89538,-79.05835,211,4159.385253276045
30714,35.8955,-79.05842,212,4174.211471144357
30714,35.89553,-79.05843,213,4177.680959852003
30714,35.89556,-79.05845,214,4181.490395940009
30714,35.895608,-79.058294,215,4196.637393371626
30714,35.89575,-79.05853,216,4223.294464643309
30714,35.89585,-79.05856,217,4234.7838931481465
30714,35.89592,-79.05857,218,4242.649692517332
30714,35.89604,-79.05858,219,4256.074492771357
30714,35.89612,-79.05857,220,4265.049922622547
30714,35.89621,-79.05856,221,4275.136426616514
30714,35.89631,-79.05854,222,4286.4449573602915
30714,35.89641,-79.0585,223,4298.182950115959
30714,35.8965,-79.05847,224,4308.591406739904
30714,35.89656,-79.05843,225,4316.210257082135
30714,35.8967,-79.05833,226,4334.28409435399
30714,35.89684,-79.05821,227,4353.33545317988
30714,35.89696,-79.0581,228,4370.044739908577
30714,35.89708,-79.058,229,4386.227431668488
30714,35.8972,-79.0579,230,4402.410118224077
30714,35.89728,-79.05784,231,4412.870802630516
30714,35.89737,-79.05778,232,4424.299063527944
30714,35.89746,-79.05773,233,4435.323242479172
30714,35.89758,-79.05767,234,4449.78328965365
30714,35.89773,-79.05763,235,4466.915436186739
30714,35.89784,-79.0576,236,4479.491987084023
30714,35.89796,-79.05757,237,4493.160343100563
30714,35.8981158001071,-79.0574123938484,238,4515.683245475667
30714,35.89823,-79.05755,239,4533.534036311998
30714,35.89833,-79.05754,240,4544.732644390783
30714,35.89848,-79.05753,241,4561.499841690308
30714,35.89898,-79.05752,242,4617.315847273515
30714,35.89922,-79.05753,243,4644.119372896342
30714,35.89939,-79.05755,244,4663.181033584021
30714,35.89951,-79.05756,245,4676.605853191078
30714,35.89969,-79.05759,246,4696.880836164816
30714,35.89978,-79.05762,247,4707.289277763917
30714,35.89986,-79.05765,248,4716.625034058741
30714,35.90012,-79.05775,249,4747.033264138164
30714,35.90033,-79.05784,250,4771.856996185736
30714,35.90046,-79.05789,251,4787.061100259242
30714,35.90055,-79.05791,252,4797.269520122526
30714,35.9007,-79.05792,253,4814.03670606889
30714,35.90083,-79.05791,254,4828.575328029071
30714,35.9009,-79.05789,255,4836.596858483613
30714,35.90098,-79.05788,256,4845.572292741136
30714,35.90105,-79.05785,257,4853.846860160792
30714,35.90117,-79.0578,258,4867.989647984466
30714,35.9013,-79.0577,259,4885.107384669122
30714,35.90162,-79.05739,260,4930.585657343528
30714,35.90201,-79.05703,261,4985.025740128986
30714,35.90245,-79.05663,262,5046.111279112225
30714,35.90255,-79.05654,263,5059.945411695797
30714,35.9026,-79.05649,264,5067.140061826946
30714,35.902859,-79.056056,265,5116.017924351001
30714,35.90313,-79.05601,266,5146.553349914247
30714,35.90328,-79.05587,267,5167.575946339799
30714,35.90342,-79.05574,268,5187.160474463342
30714,35.90356,-79.0556,269,5207.305428481726
30714,35.90377,-79.05539,270,5237.5228411187245
30714,35.90393,-79.05524,271,5259.983562557491
30714,35.90399,-79.05519,272,5268.0747198981335
30714,35.90405,-79.05513,273,5276.70825543098
30714,35.90432,-79.05489,274,5313.899930737754
30714,35.90456,-79.05456,275,5354.095005849702
30714,35.90482,-79.0542,276,5397.809135218918
30714,35.90509,-79.05384,277,5442.272045421304
30714,35.90544,-79.05348,278,5493.212096965687
30714,35.9055,-79.05344,279,5500.83081091738
30714,35.905524,-79.053281,280,5515.5157925447065
30714,35.90559,-79.05336,281,5525.798502492531
30714,35.90564,-79.05332,282,5532.457357076998
30714,35.90579,-79.05323,283,5551.08829863861
30714,35.9058,-79.05322,284,5552.527212712484
30714,35.90598,-79.05313,285,5574.217112318439
30714,35.90604,-79.0531,286,5581.447077978411
30714,35.90606,-79.05309,287,5583.857066435208
30714,35.90615,-79.05306,288,5594.2655256389735
30714,35.90627,-79.05302,289,5608.143470754253
30714,35.90636,-79.05299,290,5618.551929221246
30714,35.90646,-79.05296,291,5630.041373010015
30714,35.90656,-79.05294,292,5641.349967201086
30714,35.90675,-79.0529,293,5662.866210064322
30714,35.90688,-79.05289,294,5677.404944460114
30714,35.90718,-79.05283,295,5711.330726191116
30714,35.90733,-79.05281,296,5728.171650458096
30714,35.90738,-79.0528,297,5733.825947314069
30714,35.90766,-79.05277,298,5765.197513717018
30714,35.9077,-79.05277,299,5769.662237124513
30714,35.90781,-79.05278,300,5781.973760043206
30714,35.90793,-79.05279,301,5795.3986757291195
30714,35.908,-79.0528,302,5803.264531800653
30714,35.90815,-79.05282,303,5820.105454361555
30714,35.90825,-79.05285,304,5831.594886085994
30714,35.90868,-79.05296,305,5880.619017209288
30714,35.90896,-79.05314,306,5915.888100382445
30714,35.910092,-79.053756,307,6054.067206926871
30714,35.91013,-79.05388,308,6066.099201814001
30714,35.91026,-79.05397,309,6082.752602760469
30714,35.91053,-79.05414,310,6116.612807017777
30714,35.91054,-79.05415,311,6118.051684386632
30714,35.91062,-79.05423,312,6129.562699889519
30714,35.91071,-79.05431,313,6141.959588369379
30714,35.91095,-79.05449,314,6173.340342463496
30714,35.91115,-79.05462,315,6198.592706349626
30714,35.9112,-79.05465,316,6204.802923731107
30714,35.91132,-79.05473,317,6220.040066557533
30714,35.911453,-79.054669,318,6235.884883126705
30714,35.9115,-79.05483,319,6251.416707003822
30714,35.91159,-79.05489,320,6262.8445516038655
30714,35.91183,-79.05503,321,6292.4960212109245
30714,35.91189,-79.05506,322,6299.7258882876695
30714,35.91217,-79.05521,323,6333.817744076034
30714,35.91239,-79.05535,324,6361.468932640245
30714,35.9126,-79.05547,325,6387.317396924573
30714,35.91276,-79.05556,326,6406.957126609265
30714,35.91314,-79.05578,327,6453.84041830552
30714,35.91308,-79.05594,328,6469.837637972598
30714,35.91293,-79.05633,329,6509.007958792395
30714,35.912977,-79.056506,330,6525.82772470962
30714,35.9127,-79.05692,331,6574.500230942876
30714,35.9126,-79.05719,332,6601.437507391448
30714,35.91258,-79.05726,333,6608.174126135312
30714,35.91239,-79.05774,334,6656.643845255758
30714,35.91224,-79.05814,335,6696.637096052833
30714,35.91212,-79.05841,336,6724.573418436701
30714,35.9121,-79.05846,337,6729.632576954669
30714,35.91204,-79.05864,338,6747.295487144957
30714,35.91198,-79.05878,339,6761.663729259083
30714,35.91192,-79.05891,340,6775.235236294449
30714,35.91183,-79.05914,341,6798.409764373678
30714,35.91176,-79.05933,342,6817.348638866914
30714,35.9117,-79.05947,343,6831.716905316472
30714,35.91155,-79.05987,344,6871.7103359284065
30714,35.91141,-79.06024,345,6908.762917442284
30714,35.91141,-79.060559,346,6937.728380722989
30714,35.91129,-79.06057,347,6951.159574478123
30714,35.91108,-79.06111,348,7005.506618115509
30714,35.91095,-79.06143,349,7037.984568059974
30714,35.91089,-79.06158,350,7053.162154741612
30714,35.9108,-79.06183,351,7077.985861344676
30714,35.91072,-79.06203,352,7098.2226631153535
30714,35.91063,-79.06227,353,7122.218866290693
30714,35.91051,-79.06258,354,7153.39152160563
30714,35.91026,-79.06322,355,7217.856740555545
30714,35.91028,-79.063448,356,7238.679537592429
30714,35.91005,-79.06375,357,7276.242964788264
30714,35.90993,-79.06407,358,7308.238043026125
30714,35.90988,-79.0642,359,7321.2950718248985
30714,35.90975,-79.06453,360,7354.588093493697
30714,35.90973,-79.06459,361,7360.475823556304
30714,35.90972,-79.06461,362,7362.6074488094455
30714,35.9097,-79.06468,363,7369.34420804202
30714,35.90968,-79.06473,364,7374.403441680198
30714,35.90967,-79.06477,365,7378.203162269091
30714,35.90966,-79.06483,366,7383.764453459072
30714,35.90966,-79.0649,367,7390.1206077902
30714,35.90967,-79.06506,368,7404.691769069719
30714,35.9097,-79.06528,369,7424.946931559522
30714,35.90975,-79.06545,370,7441.3611368760985
30714,35.90978,-79.06553,371,7449.359905236652
30714,35.9098,-79.06559,372,7455.247622718792
30714,35.90983,-79.06564,373,7460.888965544997
30714,35.90991,-79.06577,374,7475.69003982655
30714,35.91002,-79.06593,375,7494.711435009045
30714,35.91016,-79.06612,376,7517.988457780814
30714,35.91041,-79.06645,377,7558.933485967693
30714,35.91057,-79.06668,378,7586.412152615337
30714,35.91065,-79.06679,379,7599.809669323105
30714,35.91068,-79.06685,380,7606.204466893493
30714,35.91071,-79.0669,381,7611.845757434876
30714,35.91075,-79.06701,382,7622.786253713435
30714,35.91079,-79.0671,383,7632.0983598380335
30714,35.91082,-79.06719,384,7640.92981596701
30714,35.91085,-79.06728,385,7649.761267939318
30714,35.91086,-79.06734,386,7655.32245596735
30714,35.91081,-79.06793,387,7709.184616221824
30714,35.91079,-79.06817,388,7731.090754794958
30714,35.91076,-79.06851,389,7762.1439545912845
30714,35.910826,-79.068796,390,7789.137483794558
30714,35.91071,-79.06905,391,7815.58647977976
30714,35.91062,-79.06965,392,7870.985084748478
30714,35.91061,-79.06977,393,7881.938150658718
30714,35.91055,-79.07017,394,7918.870556226969
30714,35.91044,-79.07102,395,7997.021350891193
30714,35.9104,-79.0714,396,8031.813150317466
30714,35.910454,-79.071405,397,8037.85742290859
30714,35.91037,-79.07161,398,8058.699363073375
30714,35.91028,-79.07229,399,8121.2554542917305
30714,35.910209,-79.073031,400,8189.003628120124
30714,35.910165,-79.073527,401,8234.307585549292
30714,35.910202,-79.073607,402,8242.663468682873
30714,35.910149,-79.073662,403,8250.40518020911
30714,35.910133,-79.073765,404,8259.92659217779
30714,35.910084,-79.074312,405,8309.894593232817
30714,35.91003,-79.074762,406,8351.196883030541
30714,35.909959,-79.075174,407,8389.436764751334
30714,35.909808,-79.075716,408,8441.456459661413
30714,35.909847,-79.075928,409,8461.19218179441
30714,35.909746,-79.075955,410,8472.728696591852
30714,35.909671,-79.076169,411,8493.88644599501
30714,35.909358,-79.077263,412,8599.186440551319
30714,35.90923,-79.077744,413,8645.138888249498
30714,35.909006,-79.078212,414,8694.442881153014
30714,35.908855,-79.078538,415,8728.505673902939
30714,35.908501,-79.079246,416,8803.964222829443
30714,35.908414,-79.079574,417,8835.290117626397
30714,35.908282,-79.079653,418,8851.676595117193
30714,35.907951,-79.080329,419,8923.318834915866
30714,35.907339,-79.081861,420,9078.293588503037
30714,35.906545,-79.084463,421,9330.635540054713
30714,35.906242,-79.085207,422,9406.184936556932
30714,35.905924,-79.086161,423,9499.800435034915
30714,35.905511,-79.087427,424,9623.65524691687
30714,35.905352,-79.087138,425,9655.33474069604
30714,35.905055,-79.086397,426,9730.342975678295
30714,35.904745,-79.085711,427,9801.599109152441
30714,35.904397,-79.085099,428,9869.399981888764
30714,35.904095,-79.084488,429,9934.318656733753
30714,35.903803,-79.083855,430,10000.395419289882
30714,35.903559,-79.083136,431,10071.137370600833
30714,35.903478,-79.082753,432,10107.072165394326
30714,35.903416,-79.082447,433,10135.70776542785
30714,35.903319,-79.081951,434,10182.03094808178
30714,35.903255,-79.081464,435,10226.827226143152
30714,35.903149,-79.081261,436,10248.731107182433
30714,35.903204,-79.080887,437,10283.243398042445
30714,35.90315,-79.080348,438,10332.558295908453
30714,35.903096,-79.079783,439,10384.21737388971
30714,35.902994,-79.079083,440,10448.794241851634
30714,35.902928,-79.078711,441,10483.368663889156
30714,35.902776,-79.078011,442,10549.159371740563
30714,35.902624,-79.07748,443,10600.276075882402
30714,35.902529,-79.077108,444,10635.681902740436
30714,35.902415,-79.077017,445,10650.85379873845
30714,35.902375,-79.076632,446,10686.099126251254
30714,35.902169,-79.076087,447,10740.67025355375
30714,35.902039,-79.075784,448,10771.776888840992
30714,35.901925,-79.075481,449,10802.091756922187
30714,35.901816,-79.075225,450,10828.330014072477
30714,35.901647,-79.074897,451,10863.586071486458
30714,35.901488,-79.074649,452,10892.258972591053
30714,35.901259,-79.074341,453,10930.148215825195
30714,35.90114,-79.074152,454,10951.85051779174
30714,35.900946,-79.073898,455,10983.487494812774
30714,35.90076,-79.073581,456,11018.979567603372
30714,35.901021,-79.073381,457,11053.308889026463
30714,35.901537,-79.073071,458,11117.413930480132
30714,35.901997,-79.07287,459,11171.904623212022
30714,35.902453,-79.072631,460,11227.235158590778
30714,35.902865,-79.072516,461,11274.391239769002
30714,35.903178,-79.072426,462,11310.26984245342
30714,35.903291,-79.072403,463,11323.054055263749
30714,35.903339,-79.072367,464,11329.330189177548
30714,35.903367,-79.072325,465,11334.261028175843
30714,35.903405,-79.072292,466,11339.454212687464
30714,35.903446,-79.072276,467,11344.25552651543
30714,35.903499,-79.072274,468,11350.173888392153
30714,35.903535,-79.072289,469,11354.416613706018
30714,35.903567,-79.072317,470,11358.800878064661
30714,35.903588,-79.072366,471,11363.830076635346
30714,35.903588,-79.072423,472,11369.006140759255
30714,35.903579,-79.07248,473,11374.278779667035
30714,35.90355,-79.07253,474,11379.854828697014
30714,35.90354,-79.07253,475,11380.970974394062
30714,35.90354,-79.07254,476,11381.879056172915
30714,35.90353,-79.07254,477,11382.995201852207
30714,35.90353,-79.07255,478,11383.903283731173
30714,35.90352,-79.07255,479,11385.019429392674
30714,35.90351,-79.07255,480,11386.13557505334
30714,35.90351,-79.07256,481,11387.043657148113
30714,35.9035,-79.07256,482,11388.159802790542
30714,35.90349,-79.07256,483,11389.27594843492
30714,35.90348,-79.07256,484,11390.392094077983
30714,35.90347,-79.07256,485,11391.508239720675
30714,35.90346,-79.07256,486,11392.624385362979
30714,35.90345,-79.07256,487,11393.740531006304
30714,35.90344,-79.07256,488,11394.85667664924
30714,35.90344,-79.07255,489,11395.76475955407
30714,35.90343,-79.07255,490,11396.880905214966
30714,35.90342,-79.07255,491,11397.99705087594
30714,35.90341,-79.07254,492,11399.435938040453
30714,35.9034,-79.07253,493,11400.874825302835
30714,35.903185,-79.072496,494,11425.069762343177
30714,35.903127,-79.072511,495,11431.68515952997
30714,35.902949,-79.072629,496,11454.258014244777
30714,35.90288,-79.07255,497,11464.783056317976
30714,35.90274,-79.07259,498,11480.82572222
30714,35.90256,-79.07266,499,11501.897976623079
30714,35.90252,-79.07267,500,11506.453975289269
30714,35.9024,-79.07273,501,11520.913548159418
30714,35.9021,-79.07288,502,11557.062487992138
30714,35.90199,-79.07296,503,11571.328408363397
30714,35.90198,-79.07297,504,11572.767304999888
30714,35.90183,-79.07331,505,11607.889807341544
30714,35.90181,-79.07337,506,11613.777963886787
30714,35.9018,-79.07343,507,11619.339713524038
30714,35.90179,-79.07356,508,11631.19766711854
30714,35.90183,-79.07379,509,11652.555805970242
30714,35.90186,-79.07396,510,11668.352459948159
30714,35.90188,-79.07409,511,11680.366946451491
30714,35.9019,-79.07429,512,11698.665586734405
30714,35.90192,-79.07448,513,11716.063253983708
30714,35.90193,-79.07455,514,11722.517182624524
30714,35.90194,-79.07459,515,11726.317186248432
30714,35.90195,-79.07468,516,11734.565922822003
30714,35.90197,-79.07477,517,11743.038167363193
30714,35.90199,-79.07486,518,11751.510408682687
30714,35.90202,-79.07495,519,11760.342603699291
30714,35.90204,-79.07505,520,11769.693906465936
30714,35.90208,-79.07517,521,11781.470155581548
30714,35.90223,-79.0756,522,11823.955997359935
30714,35.90223,-79.07562,523,11825.772182345057
30714,35.90224,-79.07566,524,11829.572166232621
30714,35.90225,-79.07582,525,11844.144447661585
30714,35.90232,-79.076,526,11862.261366636225
30714,35.90236,-79.07614,527,11875.73576652796
30714,35.90241,-79.07626,528,11887.978743254866
30714,35.90244,-79.07637,529,11898.514000503674
30714,35.90247,-79.07644,530,11905.698603874747
30714,35.90255,-79.0767,531,11930.940919704606
30714,35.90263,-79.07696,532,11956.183202592085
30714,35.90271,-79.0772,533,11979.73547031814
30714,35.90279,-79.07743,534,12002.450024093476
30714,35.903001,-79.077918,535,12052.633592689886
30714,35.90295,-79.07809,536,12069.257516312946
30714,35.90302,-79.07841,537,12099.348079233961
30714,35.90305,-79.07855,538,12112.494747838893
30714,35.9031,-79.07881,539,12136.75536801716
30714,35.90317,-79.0792,540,12173.021947562325
30714,35.90319,-79.07935,541,12186.824793595675
30714,35.90324,-79.07967,542,12216.414239611962
30714,35.9033,-79.08045,543,12287.559893327896
30714,35.90338,-79.08134,544,12368.870060235915
30714,35.90343,-79.08163,545,12395.788927533502
30714,35.90345,-79.08186,546,12416.793482636276
30714,35.90347,-79.08202,547,12431.493070947035
30714,35.90357,-79.082161,548,12448.478672226704
30714,35.90349,-79.08218,549,12457.572863467989
30714,35.90351,-79.08229,550,12467.808004381046
30714,35.90353,-79.08241,551,12478.931112127166
30714,35.90356,-79.08254,552,12491.201677271549
30714,35.90359,-79.08265,553,12501.736690596019
30714,35.9036,-79.08272,554,12508.190402203852
30714,35.90362,-79.08278,555,12514.07835569483
30714,35.90368,-79.08302,556,12536.87762034231
30714,35.90372,-79.08316,557,12550.35166205084
30714,35.90376,-79.08329,558,12562.972513438177
30714,35.90381,-79.08342,559,12576.02997525953
30714,35.90384,-79.08351,560,12584.861874748967
30714,35.90385,-79.08354,561,12587.80584032135
30714,35.90394,-79.08377,562,12610.981373999342
30714,35.90405,-79.08404,563,12638.401218981486
30714,35.90414,-79.08411,564,12650.288545619902
30714,35.90417,-79.08414,565,12654.605111450333
30714,35.90422,-79.08423,566,12664.501242084149
30714,35.9043,-79.08435,567,12678.588988651729
30714,35.90437,-79.08446,568,12691.270207173959
30714,35.90442,-79.08451,569,12698.46447068747
30714,35.90446,-79.08456,570,12704.83202850185
30714,35.90454,-79.08464,571,12716.342841892156
30714,35.90462,-79.08472,572,12727.85364915171
30714,35.90472,-79.0848,573,12741.170740040563
30714,35.90477,-79.08483,574,12747.380756906496
30714,35.90484,-79.08488,575,12756.417057564384
30714,35.90493,-79.08493,576,12767.440582672498
30714,35.90497,-79.08496,577,12772.670560327175
30714,35.90517,-79.08507,578,12797.125886585402
30714,35.90576,-79.08542,579,12870.245303892772
30714,35.906,-79.08555,580,12899.51791765792
30714,35.90607,-79.08534,581,12920.12512147102
30714,35.90616,-79.08508,582,12945.78215237748
30714,35.90629,-79.0847,583,12983.213970269037
30714,35.90646,-79.08416,584,13035.790796076744
30714,35.90658,-79.08377,585,13073.65213247224
30714,35.90664,-79.08361,586,13089.649736560643
30714,35.90671,-79.08338,587,13111.947967998283
30714,35.90676,-79.082992,588,13147.618754818392
30715,35.901507,-79.090337,0,0
30715,35.90154,-79.0903,1,4.985446555216562
30715,35.90149,-79.09024,2,12.784721047736241
30715,35.90137,-79.0901,3,31.25107197261278
30715,35.9014,-79.09008,4,35.060251938590206
30715,35.90146,-79.09001,5,44.29342921976105
30715,35.90151,-79.08995,6,52.09270874637862
30715,35.90168,-79.08974,7,78.99369537784276
30715,35.90195,-79.09007,8,121.49213368343706
30715,35.9022,-79.09039,9,161.77807035321266
30715,35.90237,-79.09058,10,187.4234963795314
30715,35.90248,-79.09067,11,202.17214132041647
30715,35.90255,-79.09073,12,211.6971014715816
30715,35.90288,-79.09091,13,251.99277639646397
30715,35.903071,-79.090977,14,274.16172020454223
30715,35.903148,-79.09085,15,288.54412247973465
30715,35.90317,-79.09101,16,303.2791060385438
30715,35.9035,-79.09111,17,341.2136902170216
30715,35.90372,-79.09115,18,366.0353635029789
30715,35.904845,-79.089063,19,593.3675424119036
30715,35.904851,-79.088898,20,608.3652088222434
30715,35.904933,-79.088867,21,617.9404799937346
30715,35.905073,-79.088461,22,657.9816903889865
30715,35.905264,-79.087875,23,715.3042779202785
30715,35.905383,-79.087476,24,753.8928139991382
30715,35.905411,-79.087339,25,766.7194794045586
30715,35.905374,-79.087196,26,780.3453042604294
30715,35.905256,-79.086882,27,811.7525530791644
30715,35.905122,-79.086515,28,848.279913804543
30715,35.904933,-79.086094,29,891.9424621300335
30715,35.90483,-79.085881,30,914.442438611374
30715,35.904744,-79.085712,31,932.5431088232717
30715,35.90461,-79.085463,32,959.6524277183734
30715,35.904438,-79.085173,33,992.2406232846818
30715,35.904344,-79.084988,34,1012.0466601039878
30715,35.904234,-79.084779,35,1034.6500135212107
30715,35.90413,-79.084569,36,1056.9742745563337
30715,35.90404,-79.08435,37,1079.2537802564852
30715,35.90395,-79.08416,38,1099.21812576835
30715,35.90388,-79.08401,39,1114.920681832342
30715,35.90383,-79.08389,40,1127.1633261224347
30715,35.90377,-79.08375,41,1141.5321707916164
30715,35.9037,-79.08357,42,1159.6485941822175
30715,35.90366,-79.08345,43,1171.4244779523972
30715,35.90362,-79.08332,44,1184.0453401969562
30715,35.9036,-79.08325,45,1190.7823658404661
30715,35.90351,-79.08291,46,1223.249651448669
30715,35.90343,-79.08262,47,1251.0562191393883
30715,35.90339,-79.08239,48,1272.4136418168187
30715,35.90332,-79.08198,49,1310.4554483203506
30715,35.90329,-79.08176,50,1330.71167446378
30715,35.903249,-79.081349,51,1368.3129289143587
30715,35.903149,-79.081261,52,1382.0399610804086
30715,35.903231,-79.081135,53,1396.6918231835332
30715,35.90317,-79.08051,54,1453.8533478647787
30715,35.90317,-79.08048,55,1456.5775715595337
30715,35.90315,-79.08023,56,1479.3889282866833
30715,35.90312,-79.07998,57,1502.3364225648204
30715,35.90311,-79.07983,58,1516.0032154692387
30715,35.90309,-79.0797,59,1528.0174105433878
30715,35.90307,-79.07956,60,1540.9249785829918
30715,35.90303,-79.0793,61,1564.9533963038405
30715,35.90301,-79.07916,62,1577.8609821238372
30715,35.90297,-79.0789,63,1601.8894328568992
30715,35.90295,-79.07878,64,1613.0126788198233
30715,35.90292,-79.07864,65,1626.1593582801129
30715,35.9029,-79.07851,66,1638.173604159944
30715,35.90287,-79.07839,67,1649.5734186258405
30715,35.90281,-79.07812,68,1674.9897444067124
30715,35.90277,-79.07797,69,1689.3239782473981
30715,35.90264,-79.07744,70,1739.5920725754775
30715,35.902524,-79.077065,71,1776.023543275427
30715,35.902415,-79.077017,72,1788.9467185441433
30715,35.902462,-79.076861,73,1804.0529902055437
30715,35.90241,-79.07671,74,1818.9428563731387
30715,35.90224,-79.07623,75,1866.481982682331
30715,35.90202,-79.07561,76,1927.905446137947
30715,35.90182,-79.07504,77,1984.2753044658116
30715,35.90175,-79.07486,78,2002.3923450371954
30715,35.9016,-79.07443,79,2044.8784562731844
30715,35.90139,-79.07382,80,2105.027556517668
30715,35.90132,-79.07363,81,2123.9680848021508
30715,35.90086,-79.07233,82,2252.7037481880375
30715,35.90067,-79.07179,83,2306.1310019294233
30715,35.90064,-79.0717,84,2314.9633714104043
30715,35.90038,-79.07097,85,2387.3295751699684
30715,35.90031,-79.07077,86,2407.1012015183724
30715,35.90016,-79.07036,87,2447.9252335036185
30715,35.90002,-79.06996,88,2487.468639274785
30715,35.89957,-79.06872,89,2610.770356376836
30715,35.89937,-79.06821,90,2662.1842289758793
30715,35.89927,-79.06798,91,2685.8665635164766
30715,35.89919,-79.0678,92,2704.49285999452
30715,35.89913,-79.06768,93,2717.2837971562103
30715,35.89902,-79.06745,94,2741.512260924812
30715,35.89888,-79.067392,95,2758.002280267343
30715,35.89887,-79.06718,96,2777.287245912649
30715,35.89877,-79.06701,97,2796.337864745424
30715,35.89868,-79.06686,98,2813.2634063605856
30715,35.89855,-79.06664,99,2837.9557287388225
30715,35.89839,-79.0664,100,2866.1332613506056
30715,35.8977,-79.06546,101,2981.1060333389833
30715,35.89764,-79.06538,102,2990.9869961824893
30715,35.89728,-79.06489,103,3050.9438006901405
30715,35.89704,-79.06456,104,3091.1403069556022
30715,35.89644,-79.06374,105,3191.293864437754
30715,35.89542,-79.06236,106,3360.612907388108
30715,35.89535,-79.06226,107,3372.593155027647
30715,35.89476,-79.06146,108,3470.6520759126834
30715,35.8947,-79.06138,109,3480.5333017142148
30715,35.89453,-79.06114,110,3509.4321865797747
30715,35.89447,-79.06104,111,3520.7163793437608
30715,35.89435,-79.06086,112,3541.8503700903943
30715,35.89423,-79.06062,113,3567.433681491727
30715,35.89404,-79.06024,114,3607.940669264749
30715,35.89394,-79.06012,115,3623.5406942889213
30715,35.89384,-79.0599,116,3646.4275813408376
30715,35.89359,-79.05933,117,3705.2373788935965
30715,35.89343,-79.05897,118,3742.492580922421
30715,35.89338,-79.05885,119,3754.7370041891363
30715,35.89331,-79.0587,120,3770.4417836181374
30715,35.89326,-79.05857,121,3783.501186690009
30715,35.89291,-79.05776,122,3866.796585235145
30715,35.89288,-79.05758,123,3883.4840697951654
30715,35.89303,-79.05759,124,3900.251268705942
30715,35.8933,-79.05752,125,3931.0512094175897
30715,35.8934,-79.0575,126,3942.359769558855
30715,35.89344,-79.05749,127,3946.915899114498
30715,35.89347,-79.05749,128,3950.2644162277015
30715,35.89349,-79.05749,129,3952.496760970064
30715,35.89351,-79.05749,130,3954.7291057120997
30715,35.89353,-79.05748,131,3957.1391317972943
30715,35.89356,-79.05748,132,3960.4876489647577
30715,35.8936,-79.05748,133,3964.952338522895
30715,35.89362,-79.05748,134,3967.1846833026343
30715,35.89366,-79.05749,135,3971.7408124310655
30715,35.89374,-79.05751,136,3980.8530701959867
30715,35.89375,-79.05751,137,3981.969242534416
30715,35.89392,-79.05756,138,4001.47999153194
30715,35.894,-79.05758,139,4010.592247092389
30715,35.89413,-79.05762,140,4025.5503428919255
30715,35.89422,-79.05766,141,4036.232600574617
30715,35.89433,-79.05772,142,4049.665437231504
30715,35.89455,-79.05782,143,4075.8469316367236
30715,35.89507,-79.05817,144,4142.022228285717
30715,35.8953,-79.05831,145,4170.670335085182
30715,35.89538,-79.05835,146,4180.310394786491
30715,35.8955,-79.05842,147,4195.136612654804
30715,35.89553,-79.05843,148,4198.606101362449
30715,35.89556,-79.05845,149,4202.415537450455
30715,35.895608,-79.058294,150,4217.562534882072
30715,35.89575,-79.05853,151,4244.219606153755
30715,35.89585,-79.05856,152,4255.709034658593
30715,35.89592,-79.05857,153,4263.574834027779
30715,35.89604,-79.05858,154,4276.999634281803
30715,35.89612,-79.05857,155,4285.975064132993
30715,35.89621,-79.05856,156,4296.06156812696
30715,35.89631,-79.05854,157,4307.370098870738
30715,35.89641,-79.0585,158,4319.108091626405
30715,35.8965,-79.05847,159,4329.516548250351
30715,35.89656,-79.05843,160,4337.135398592582
30715,35.8967,-79.05833,161,4355.209235864437
30715,35.89684,-79.05821,162,4374.260594690326
30715,35.89696,-79.0581,163,4390.969881419023
30715,35.89708,-79.058,164,4407.152573178934
30715,35.8972,-79.0579,165,4423.335259734524
30715,35.89728,-79.05784,166,4433.795944140962
30715,35.89737,-79.05778,167,4445.22420503839
30715,35.89746,-79.05773,168,4456.248383989619
30715,35.89758,-79.05767,169,4470.7084311640965
30715,35.89773,-79.05763,170,4487.840577697185
30715,35.89784,-79.0576,171,4500.417128594469
30715,35.89796,-79.05757,172,4514.08548461101
30715,35.8981158001071,-79.0574123938484,173,4536.608386986113
30715,35.89823,-79.05755,174,4554.459177822444
30715,35.89833,-79.05754,175,4565.6577859012295
30715,35.89848,-79.05753,176,4582.4249832007545
30715,35.89898,-79.05752,177,4638.240988783961
30715,35.89922,-79.05753,178,4665.044514406788
30715,35.89939,-79.05755,179,4684.106175094467
30715,35.89951,-79.05756,180,4697.530994701524
30715,35.89969,-79.05759,181,4717.8059776752625
30715,35.89978,-79.05762,182,4728.2144192743635
30715,35.89986,-79.05765,183,4737.550175569188
30715,35.90012,-79.05775,184,4767.95840564861
30715,35.90033,-79.05784,185,4792.782137696182
30715,35.90046,-79.05789,186,4807.986241769689
30715,35.90055,-79.05791,187,4818.194661632972
30715,35.9007,-79.05792,188,4834.961847579337
30715,35.90083,-79.05791,189,4849.500469539517
30715,35.9009,-79.05789,190,4857.521999994059
30715,35.90098,-79.05788,191,4866.4974342515825
30715,35.90105,-79.05785,192,4874.772001671238
30715,35.90117,-79.0578,193,4888.914789494912
30715,35.9013,-79.0577,194,4906.032526179569
30715,35.90162,-79.05739,195,4951.510798853974
30715,35.90201,-79.05703,196,5005.950881639433
30715,35.90245,-79.05663,197,5067.036420622671
30715,35.90255,-79.05654,198,5080.870553206243
30715,35.9026,-79.05649,199,5088.065203337393
30715,35.902859,-79.056056,200,5136.943065861447
30715,35.90313,-79.05601,201,5167.478491424693
30715,35.90328,-79.05587,202,5188.501087850245
30715,35.90342,-79.05574,203,5208.085615973789
30715,35.90356,-79.0556,204,5228.230569992173
30715,35.90377,-79.05539,205,5258.447982629171
30715,35.90393,-79.05524,206,5280.908704067937
30715,35.90399,-79.05519,207,5288.99986140858
30715,35.90405,-79.05513,208,5297.633396941426
30715,35.90432,-79.05489,209,5334.825072248201
30715,35.90456,-79.05456,210,5375.020147360148
30715,35.90482,-79.0542,211,5418.734276729364
30715,35.90509,-79.05384,212,5463.19718693175
30715,35.90544,-79.05348,213,5514.1372384761335
30715,35.905524,-79.053281,214,5534.495682755066
30715,35.90559,-79.05336,215,5544.77839270289
30715,35.90564,-79.05332,216,5551.437247287357
30715,35.90579,-79.05323,217,5570.068188848969
30715,35.9058,-79.05322,218,5571.507102922843
30715,35.90598,-79.05313,219,5593.197002528798
30715,35.90604,-79.0531,220,5600.42696818877
30715,35.90606,-79.05309,221,5602.836956645568
30715,35.90615,-79.05306,222,5613.245415849333
30715,35.90627,-79.05302,223,5627.123360964612
30715,35.90636,-79.05299,224,5637.531819431605
30715,35.90646,-79.05296,225,5649.021263220375
30715,35.90656,-79.05294,226,5660.329857411445
30715,35.90675,-79.0529,227,5681.846100274682
30715,35.90688,-79.05289,228,5696.3848346704735
30715,35.90718,-79.05283,229,5730.310616401475
30715,35.90733,-79.05281,230,5747.151540668456
30715,35.90738,-79.0528,231,5752.805837524428
30715,35.90766,-79.05277,232,5784.177403927378
30715,35.9077,-79.05277,233,5788.642127334872
30715,35.90781,-79.05278,234,5800.953650253566
30715,35.90793,-79.05279,235,5814.378565939479
30715,35.908,-79.0528,236,5822.244422011012
30715,35.90815,-79.05282,237,5839.085344571914
30715,35.90825,-79.05285,238,5850.574776296354
30715,35.90868,-79.05296,239,5899.598907419648
30715,35.90896,-79.05314,240,5934.867990592805
30715,35.910092,-79.053756,241,6073.047097137231
30715,35.91013,-79.05388,242,6085.079092024361
30715,35.91026,-79.05397,243,6101.732492970828
30715,35.91053,-79.05414,244,6135.592697228137
30715,35.91054,-79.05415,245,6137.031574596991
30715,35.91062,-79.05423,246,6148.542590099878
30715,35.91071,-79.05431,247,6160.9394785797385
30715,35.91049,-79.05487,248,6217.40769951863
30715,35.91025,-79.05547,249,6278.119001786888
30715,35.90997,-79.05532,250,6312.210976326302
30715,35.90957,-79.05509,251,6361.501288924768
30715,35.90952,-79.05506,252,6367.711526732585
30715,35.90937,-79.05498,253,6385.962187769689
30715,35.90914,-79.05485,254,6414.218201650245
30715,35.908924,-79.054815,255,6438.536202039181
30715,35.90882,-79.05468,256,6455.418887272897
30715,35.90872,-79.05466,257,6466.727442179108
30715,35.90858,-79.05465,258,6482.380288140732
30715,35.90837,-79.05464,259,6505.837598305793
30715,35.90821,-79.05464,260,6523.696438740157
30715,35.90789,-79.05467,261,6559.517853349103
30715,35.90763,-79.05469,262,6588.595238149755
30715,35.90748,-79.05472,263,6605.5580762273285
30715,35.90735,-79.05474,264,6620.181594375731
30715,35.90733,-79.05474,265,6622.413949063283
30715,35.90716,-79.05478,266,6641.733484937345
30715,35.90705,-79.05479,267,6654.044968910543
30715,35.90694,-79.05482,268,6666.621507459285
30715,35.90689,-79.05487,269,6673.816018373621
30716,35.878775,-79.066058,0,0
30716,35.87872,-79.06586,1,19.004676752254607
30716,35.87947,-79.06552,2,108.23211991587569
30716,35.87962,-79.06543,3,126.86389242681781
30716,35.87962,-79.06534,4,135.03921161503644
30716,35.87962,-79.06531,5,137.76431827158177
30716,35.87963,-79.06526,6,142.44130024869847
30716,35.87963,-79.06523,7,145.16640690449088
30716,35.87964,-79.0652,8,148.11123558249753
30716,35.87965,-79.06504,9,162.68793362995842
30716,35.87964,-79.06494,10,171.83994158283787
30716,35.8795,-79.0647,11,198.66264877328982
30716,35.87933,-79.06439,12,232.61849871377538
30716,35.87923,-79.0642,13,253.1722890538819
30716,35.87908,-79.06393,14,282.86808843803584
30716,35.87901,-79.06381,15,296.2795215353204
30716,35.8792,-79.06365,16,321.9890072315734
30716,35.87945,-79.06344,17,355.7902532621075
30716,35.87964,-79.06327,18,382.02392869044525
30716,35.87977,-79.06316,19,399.64167225049493
30716,35.87981,-79.06313,20,404.87228556451475
30716,35.88011,-79.06289,21,444.82867912757104
30716,35.88087,-79.06226,22,547.1554679806193
30716,35.88099,-79.06215,23,563.8658608379365
30716,35.88132,-79.06187,24,608.6273118115063
30716,35.88144,-79.06178,25,624.3190986524056
30716,35.88169,-79.06156,26,658.6409538858218
30716,35.88188,-79.0614,27,684.3502517079958
30716,35.88196,-79.06133,28,695.3121185216858
30716,35.88232,-79.06104,29,743.3588953540202
30716,35.88248,-79.06091,30,764.7685045978644
30716,35.88269,-79.0608,31,790.2487895481096
30716,35.88281,-79.06074,32,804.7091513116517
30716,35.88291,-79.0607,33,816.4472954759699
30716,35.88311,-79.06063,34,839.6584971547097
30716,35.88313,-79.06063,35,841.8908306003416
30716,35.88323,-79.0606,36,853.3803243238515
30716,35.88334,-79.06058,37,865.7918312444476
30716,35.88345,-79.06057,38,878.1032203100285
30716,35.88356,-79.06057,39,890.3810554664012
30716,35.88369,-79.06057,40,904.8912242974252
30716,35.88389,-79.06059,41,927.2883576045713
30716,35.88398,-79.06061,42,937.4968008883922
30716,35.884,-79.06061,43,939.7291344165044
30716,35.8841,-79.06064,44,951.2186208553701
30716,35.88422,-79.06067,45,964.8870040955246
30716,35.88432,-79.06071,46,976.625128718924
30716,35.88442,-79.06076,47,988.6753956557321
30716,35.88454,-79.06082,48,1003.1357118417524
30716,35.88463,-79.06086,49,1013.8180654613075
30716,35.88466,-79.06088,50,1017.6276068652968
30716,35.88473,-79.06091,51,1025.902320189939
30716,35.8848,-79.06095,52,1034.5189391478864
30716,35.88501,-79.06105,53,1059.6568192516543
30716,35.88514,-79.06111,54,1075.156682535146
30716,35.88534,-79.0612,55,1098.9297265202683
30716,35.88565,-79.0613,56,1134.7031894854351
30716,35.88588,-79.06137,57,1161.1506352411939
30716,35.886099,-79.061313,58,1186.1369294993312
30716,35.88618,-79.06144,59,1200.7931242375369
30716,35.88631,-79.06146,60,1215.4165450024318
30716,35.88653,-79.0615,61,1240.2395028136918
30716,35.88663,-79.06151,62,1251.4380505029285
30716,35.88685,-79.06153,63,1276.0607862761165
30716,35.88689,-79.06153,64,1280.5254468529206
30716,35.88707,-79.06154,65,1300.63694016899
30716,35.88718,-79.06154,66,1312.914756576609
30716,35.8874,-79.06153,67,1337.4871821073768
30716,35.88752,-79.06153,68,1350.8811638807797
30716,35.88774,-79.0615,69,1375.58751804236
30716,35.88787,-79.06149,70,1390.1260654262478
30716,35.88832,-79.06142,71,1440.754307058146
30716,35.88863,-79.06138,72,1475.5456467550434
30716,35.88926,-79.06128,73,1546.4482283396687
30716,35.88957,-79.06124,74,1581.2395714300933
30716,35.88967,-79.06122,75,1592.548078159823
30716,35.88978,-79.06119,76,1605.124617183342
30716,35.88988,-79.06115,77,1616.8626535101303
30716,35.88992,-79.06113,78,1621.6827090777572
30716,35.88998,-79.0611,79,1628.912792067497
30716,35.89007,-79.06105,80,1639.9370883952338
30716,35.89016,-79.061,81,1650.9613834617203
30716,35.89025,-79.06093,82,1662.8497480363872
30716,35.89033,-79.06086,83,1673.8112303281616
30716,35.89041,-79.06079,84,1684.7727100918898
30716,35.89049,-79.06071,85,1696.2847803999364
30716,35.89057,-79.06061,86,1709.021526770344
30716,35.89064,-79.06051,87,1721.0022268487128
30716,35.8907,-79.06042,88,1731.5695314802729
30716,35.89076,-79.06031,89,1743.597183234883
30716,35.89086,-79.06014,90,1762.6492868426387
30716,35.89088,-79.06009,91,1767.7095344018383
30716,35.89104,-79.05977,92,1801.821710326351
30716,35.89105,-79.05975,93,1803.9537202240776
30716,35.89114,-79.05956,94,1823.921297338637
30716,35.89124,-79.05936,95,1845.2413779375745
30716,35.8913,-79.05929,96,1854.4755725869225
30716,35.89144,-79.05908,97,1879.1325355412223
30716,35.89154,-79.05891,98,1898.1845681587286
30716,35.89158,-79.05885,99,1905.2294079432966
30716,35.89168,-79.05871,100,1922.1487385220978
30716,35.89174,-79.05865,101,1930.7827645831826
30716,35.89176,-79.05862,102,1934.3051807517231
30716,35.89187,-79.0585,103,1950.7225855852107
30716,35.89202,-79.05833,104,1973.4977362741477
30716,35.89215,-79.05819,105,1992.79087362208
30716,35.89218,-79.05816,106,1997.107880168903
30716,35.89233,-79.058,107,2019.2773382135713
30716,35.89242,-79.0579,108,2032.8199190651007
30716,35.89268,-79.05772,109,2066.128315848704
30716,35.89288,-79.05758,110,2091.8190160886907
30716,35.89303,-79.05759,111,2108.5862149994673
30716,35.8933,-79.05752,112,2139.386155711115
30716,35.8934,-79.0575,113,2150.6947158523803
30716,35.89344,-79.05749,114,2155.2508454080235
30716,35.89347,-79.05749,115,2158.599362521227
30716,35.89349,-79.05749,116,2160.831707263589
30716,35.89351,-79.05749,117,2163.064052005625
30716,35.89353,-79.05748,118,2165.4740780908196
30716,35.89356,-79.05748,119,2168.822595258283
30716,35.8936,-79.05748,120,2173.28728481642
30716,35.89362,-79.05748,121,2175.5196295961596
30716,35.89366,-79.05749,122,2180.0757587245907
30716,35.89374,-79.05751,123,2189.188016489512
30716,35.89375,-79.05751,124,2190.3041888279413
30716,35.89392,-79.05756,125,2209.814937825465
30716,35.894,-79.05758,126,2218.927193385914
30716,35.89413,-79.05762,127,2233.885289185451
30716,35.89422,-79.05766,128,2244.5675468681425
30716,35.89433,-79.05772,129,2258.000383525029
30716,35.89455,-79.05782,130,2284.181877930249
30716,35.89507,-79.05817,131,2350.3571745792424
30716,35.8953,-79.05831,132,2379.0052813787083
30716,35.89538,-79.05835,133,2388.6453410800177
30716,35.8955,-79.05842,134,2403.4715589483303
30716,35.89553,-79.05843,135,2406.9410476559756
30716,35.895608,-79.058294,136,2422.052465168498
30716,35.89575,-79.05853,137,2448.7095364401816
30716,35.89585,-79.05856,138,2460.198964945019
30716,35.89592,-79.05857,139,2468.0647643142047
30716,35.89604,-79.05858,140,2481.4895645682286
30716,35.89612,-79.05857,141,2490.464994419419
30716,35.89621,-79.05856,142,2500.5514984133856
30716,35.89631,-79.05854,143,2511.860029157163
30716,35.89641,-79.0585,144,2523.5980219128305
30716,35.8965,-79.05847,145,2534.006478536776
30716,35.89656,-79.05843,146,2541.6253288790067
30716,35.8967,-79.05833,147,2559.6991661508614
30716,35.89684,-79.05821,148,2578.7505249767505
30716,35.89696,-79.0581,149,2595.459811705448
30716,35.89708,-79.058,150,2611.642503465359
30716,35.8972,-79.0579,151,2627.8251900209484
30716,35.89728,-79.05784,152,2638.2858744273867
30716,35.89737,-79.05778,153,2649.714135324815
30716,35.89746,-79.05773,154,2660.738314276043
30716,35.89758,-79.05767,155,2675.1983614505207
30716,35.89773,-79.05763,156,2692.330507983609
30716,35.89784,-79.0576,157,2704.9070588808936
30716,35.89796,-79.05757,158,2718.575414897434
30716,35.8981158001071,-79.0574123938484,159,2741.0983172725378
30716,35.89823,-79.05755,160,2758.9491081088686
30716,35.89833,-79.05754,161,2770.147716187654
30716,35.89848,-79.05753,162,2786.914913487179
30716,35.89898,-79.05752,163,2842.7309190703863
30716,35.89922,-79.05753,164,2869.5344446932136
30716,35.89939,-79.05755,165,2888.5961053808933
30716,35.89951,-79.05756,166,2902.0209249879495
30716,35.89969,-79.05759,167,2922.295907961688
30716,35.89978,-79.05762,168,2932.7043495607895
30716,35.89986,-79.05765,169,2942.0401058556135
30716,35.90012,-79.05775,170,2972.4483359350365
30716,35.90033,-79.05784,171,2997.2720679826084
30716,35.90046,-79.05789,172,3012.4761720561146
30716,35.90055,-79.05791,173,3022.684591919398
30716,35.9007,-79.05792,174,3039.4517778657623
30716,35.90083,-79.05791,175,3053.990399825943
30716,35.9009,-79.05789,176,3062.0119302804846
30716,35.90098,-79.05788,177,3070.987364538008
30716,35.90105,-79.05785,178,3079.2619319576643
30716,35.90117,-79.0578,179,3093.404719781338
30716,35.9013,-79.0577,180,3110.522456465995
30716,35.90162,-79.05739,181,3156.0007291404004
30716,35.90201,-79.05703,182,3210.440811925859
30716,35.90203,-79.05681,183,3230.5438251326145
30716,35.90206,-79.05637,184,3270.641260618061
30716,35.90206,-79.05636,185,3271.5493829053607
30716,35.90208,-79.05608,186,3297.074613782759
30716,35.90211,-79.0557,187,3331.745351856754
30716,35.90214,-79.05526,188,3371.8428177159367
30716,35.90216,-79.05493,189,3401.893909700657
30716,35.90218,-79.05459,190,3432.850697846547
30716,35.90218,-79.05454,191,3437.391315372235
30716,35.90218,-79.05432,192,3457.3700367879374
30716,35.902121,-79.054325,193,3463.9711223958298
30716,35.90217,-79.05413,194,3482.5049101857635
30716,35.90217,-79.0541,195,3485.2292830028955
30716,35.90216,-79.05396,196,3497.991927681779
30716,35.90215,-79.05388,197,3505.3421690740015
30716,35.90214,-79.0538,198,3512.692412319933
30716,35.90211,-79.05356,199,3534.7431531689444
30716,35.90209,-79.05344,200,3545.8669649157396
30716,35.9019,-79.05284,201,3604.336274551681
30716,35.90178,-79.05243,202,3643.9055232551755
30716,35.90171,-79.05224,203,3662.8466188114835
30716,35.90165,-79.05205,204,3681.355254742497
30716,35.90159,-79.05188,205,3698.1835451609822
30716,35.9015,-79.0516,206,3725.523751410816
30716,35.90148,-79.05154,207,3731.412133367061
30716,35.901405,-79.051472,208,3741.814756209928
30716,35.90144,-79.05135,209,3753.562609519719
30716,35.90145,-79.05127,210,3760.9129464657262
30716,35.90145,-79.05122,211,3765.4536302690567
30716,35.90148,-79.05114,212,3773.4532787727385
30716,35.90151,-79.05106,213,3781.4529257757126
30716,35.90155,-79.05101,214,3787.820943155652
30716,35.9016,-79.05098,215,3794.0313425363406
30716,35.90165,-79.05094,216,3800.6903230469998
30716,35.90177,-79.0509,217,3814.568369318807
30716,35.90188,-79.05086,218,3827.3724784396295
30716,35.901957,-79.050714,219,3843.1731534955384
30716,35.90215,-79.05073,220,3864.764460046498
30716,35.90218,-79.05072,221,3868.233971322059
30716,35.90222,-79.0507,222,3873.0540000654864
30716,35.90247,-79.0506,223,3902.399136744167
30716,35.90291,-79.05044,224,3953.6155574084078
30716,35.90301,-79.05041,225,3965.1050761433175
30716,35.90306,-79.05056,226,3979.8258083950113
30716,35.90312,-79.05075,227,3998.3341993533163
30716,35.90319,-79.05095,228,4018.105859122276
30716,35.90333,-79.05143,229,4064.4117953411724
30716,35.9034,-79.05164,230,4085.020711774494
30716,35.903566,-79.051805,231,4108.849815859823
30716,35.90366,-79.05243,232,4166.568362047587
30716,35.90374,-79.05265,233,4188.451490963707
30716,35.90379,-79.05284,234,4206.585676191443
30716,35.90382,-79.05292,235,4214.5851063103955
30716,35.90384,-79.053,236,4222.185207481254
30716,35.90389,-79.05312,237,4234.428452503313
30716,35.90399,-79.05342,238,4263.86949553164
30716,35.90404,-79.05356,239,4277.753958885071
30716,35.90412,-79.05382,240,4302.996752686271
30716,35.90413,-79.05384,241,4305.128524924575
30716,35.90415,-79.05392,242,4312.7285875158195
30716,35.90416,-79.05395,243,4315.672681789607
30716,35.9042,-79.05402,244,4323.440655735363
30716,35.9042,-79.05404,245,4325.25685754873
30716,35.90424,-79.0541,246,4332.301071783002
30716,35.90425,-79.05411,247,4333.7399951512425
30716,35.90436,-79.05429,248,4354.1834093058105
30716,35.90456,-79.05456,249,4387.342184046299
30716,35.90482,-79.0542,250,4431.0563134155145
30716,35.90509,-79.05384,251,4475.519223617901
30716,35.90544,-79.05348,252,4526.459275162284
30716,35.905524,-79.053281,253,4546.8177194412165
30716,35.90559,-79.05336,254,4557.100429389041
30716,35.90564,-79.05332,255,4563.759283973508
30716,35.90579,-79.05323,256,4582.3902255351195
30716,35.9058,-79.05322,257,4583.8291396089935
30716,35.90598,-79.05313,258,4605.519039214949
30716,35.90604,-79.0531,259,4612.7490048749205
30716,35.90606,-79.05309,260,4615.158993331718
30716,35.90615,-79.05306,261,4625.567452535483
30716,35.90627,-79.05302,262,4639.445397650763
30716,35.90636,-79.05299,263,4649.853856117756
30716,35.90646,-79.05296,264,4661.343299906525
30716,35.90656,-79.05294,265,4672.651894097596
30716,35.90675,-79.0529,266,4694.168136960832
30716,35.90688,-79.05289,267,4708.706871356624
30716,35.90718,-79.05283,268,4742.632653087626
30716,35.90733,-79.05281,269,4759.473577354606
30716,35.90738,-79.0528,270,4765.127874210579
30716,35.90766,-79.05277,271,4796.499440613528
30716,35.9077,-79.05277,272,4800.964164021023
30716,35.90781,-79.05278,273,4813.275686939716
30716,35.90793,-79.05279,274,4826.7006026256295
30716,35.908,-79.0528,275,4834.5664586971625
30716,35.90815,-79.05282,276,4851.407381258065
30716,35.90825,-79.05285,277,4862.896812982504
30716,35.90868,-79.05296,278,4911.920944105798
30716,35.90896,-79.05314,279,4947.190027278955
30716,35.910092,-79.053756,280,5085.36913382338
30716,35.91013,-79.05388,281,5097.40112871051
30716,35.91026,-79.05397,282,5114.054529656978
30716,35.91053,-79.05414,283,5147.914733914286
30716,35.91054,-79.05415,284,5149.353611283141
30716,35.91062,-79.05423,285,5160.864626786028
30716,35.91071,-79.05431,286,5173.261515265888
30716,35.91095,-79.05449,287,5204.642269360005
30716,35.91115,-79.05462,288,5229.894633246135
30716,35.9112,-79.05465,289,5236.104850627616
30716,35.91132,-79.05473,290,5251.341993454042
30716,35.911453,-79.054669,291,5267.186810023214
30716,35.9115,-79.05483,292,5282.718633900331
30716,35.91159,-79.05489,293,5294.1464785003745
30716,35.91183,-79.05503,294,5323.7979481074335
30716,35.91189,-79.05506,295,5331.0278151841785
30716,35.91217,-79.05521,296,5365.119670972543
30716,35.91239,-79.05535,297,5392.770859536754
30716,35.9126,-79.05547,298,5418.619323821082
30716,35.91276,-79.05556,299,5438.259053505774
30716,35.91314,-79.05578,300,5485.142345202029
30716,35.91326,-79.05585,301,5499.968008141307
30716,35.91328,-79.05586,302,5502.377954586929
30716,35.91363,-79.05606,303,5545.458597130042
30716,35.913761,-79.056005,304,5560.909783304209
30716,35.91379,-79.05614,305,5573.587790926714
30716,35.91406,-79.0563,306,5607.04339860573
30716,35.91432,-79.05645,307,5639.100980149085
30716,35.91459,-79.05659,308,5671.80890360819
30716,35.91467,-79.05664,309,5681.826117794245
30716,35.91489,-79.05676,310,5708.690680976846
30716,35.91501,-79.05683,311,5723.516260084787
30716,35.91506,-79.05685,312,5729.385138949786
30716,35.91509,-79.05686,313,5732.854577424635
30716,35.91523,-79.05693,314,5749.724117043734
30716,35.91538,-79.05692,315,5766.49132150759
30716,35.91546,-79.05692,316,5775.420709596863
30716,35.91575,-79.05687,317,5808.106552206634
30716,35.91603,-79.05681,318,5839.830669162142
30716,35.91627,-79.05677,319,5866.863912934755
30716,35.91642,-79.05675,320,5883.704709501001
30716,35.916613,-79.056579,321,5910.258841809395
30716,35.91668,-79.0567,322,5923.548810145795
30716,35.91694,-79.05665,323,5952.922269710219
30716,35.91719,-79.05661,324,5981.0619697824395
30716,35.91775,-79.05651,325,6044.223709350394
30716,35.91796,-79.05647,326,6067.943054318768
30716,35.91818,-79.05643,327,6092.7660007635195
30716,35.91844,-79.056259,328,6125.6785858052335
30716,35.91853,-79.05636,329,6139.280223076917
30716,35.91886,-79.05631,330,6176.392678531447
30716,35.91901,-79.05628,331,6193.355411122722
30716,35.91986,-79.05612,332,6289.335956973293
30716,35.9201,-79.05608,333,6316.369207169114
30716,35.92016,-79.05607,334,6323.127519760047
30716,35.92041,-79.05602,335,6351.398739651676
30716,35.92096,-79.05591,336,6413.595423287859
30716,35.92111,-79.05587,337,6430.72739039005
30716,35.921345,-79.055657,338,6463.3155680444315
30716,35.92139,-79.05577,339,6474.73839587573
30716,35.92161,-79.05568,340,6500.618061811981
30716,35.92189,-79.05557,341,6533.427853413597
30716,35.92217,-79.05545,342,6566.525289696766
30716,35.92244,-79.05531,343,6599.232779280031
30716,35.9229,-79.05509,344,6654.32505620443
30716,35.92296,-79.05506,345,6661.554778454227
30716,35.92337,-79.05487,346,6710.461104095785
30716,35.92371,-79.05469,347,6751.780084892851
30716,35.92377,-79.05466,348,6759.009801176704
30716,35.92388,-79.05461,349,6772.100025791198
30716,35.92394,-79.05458,350,6779.329740779435
30716,35.92438,-79.05437,351,6832.012333410609
30716,35.924497,-79.054182,352,6853.503208123846
30716,35.92469,-79.05423,353,6875.481793560306
30716,35.92505,-79.05407,354,6918.209135315583
30716,35.9253,-79.054,355,6946.828104839569
30716,35.92548,-79.05395,356,6967.42572877286
30716,35.92561,-79.05393,357,6982.049214531879
30716,35.92574,-79.0539,358,6996.812930969804
30716,35.92592,-79.05386,359,7017.229695490818
30716,35.92623,-79.05383,360,7051.938267535748
30716,35.92628,-79.05383,361,7057.519162881969
30716,35.92637,-79.05383,362,7067.564774506701
30716,35.92652,-79.05383,363,7084.307460558362
30716,35.92673,-79.05384,364,7107.764795014623
30716,35.9269,-79.05386,365,7126.826509791032
30716,35.927,-79.05387,366,7138.025158277108
30716,35.92702,-79.05388,367,7140.435052553094
30716,35.92719,-79.05391,368,7159.6045524356205
30716,35.92748,-79.05397,369,7192.428843813233
30716,35.928023,-79.054053,370,7253.503936096138
30716,35.92818,-79.0542,371,7275.530740312237
30716,35.92835,-79.05426,372,7295.272090900638
30716,35.92879,-79.05441,373,7346.236814395531
30716,35.92999,-79.05482,374,7485.253422797301
30716,35.93009,-79.05486,375,7496.9910037798245
30716,35.930315,-79.054797,376,7522.747962975418
30716,35.93043,-79.05497,377,7543.031139138132
30716,35.93052,-79.055,378,7553.439346384069
30716,35.93104,-79.05519,379,7613.989122537333
30716,35.93112,-79.05522,380,7623.3245996496635
30716,35.93156,-79.05535,381,7673.834341544702
30716,35.93177,-79.05541,382,7697.898548941549
30716,35.93231,-79.05553,383,7759.148535759777
30716,35.93292,-79.05565,384,7828.10117182718
30716,35.93338,-79.05575,385,7880.241545844018
30716,35.933629,-79.055672,386,7908.922065762652
30716,35.93375,-79.05582,387,7927.971963738476
30716,35.9338,-79.05584,388,7933.8407183159525
30716,35.93467,-79.05601,389,8032.166497640418
30716,35.93514,-79.0561,390,8085.259055698694
30716,35.93523,-79.0561,391,8095.304631439352
30716,35.93542,-79.05614,392,8116.820543527551
30716,35.93591,-79.05628,393,8172.970140863657
30716,35.93647,-79.05639,394,8236.268426396342
30716,35.93677,-79.05645,395,8270.193690582422
30716,35.93688,-79.05648,396,8282.76997333228
30716,35.93708,-79.05652,397,8305.386810605021
30716,35.937504,-79.056472,398,8352.912745513515
30716,35.93762,-79.05662,399,8371.57062853597
30716,35.9388,-79.05685,400,8504.923517410094
30716,35.93928,-79.05695,401,8559.26332417933
30716,35.93995,-79.05708,402,8634.972164889374
30716,35.94026,-79.05714,403,8669.99950903618
30716,35.94085,-79.05726,404,8736.748409935359
30716,35.941384,-79.057209,405,8796.53154294111
30716,35.94156,-79.0574,406,8822.731975590184
30716,35.94227,-79.05755,407,8903.141253332755
30716,35.94274,-79.05764,408,8956.233561312943
30716,35.94328,-79.05775,409,9017.328189485932
30716,35.94417,-79.05793,410,9118.001979919056
30716,35.944501,-79.057853,411,9155.602475684074
30716,35.94466,-79.05803,412,9179.540840607648
30716,35.94511,-79.05811,413,9230.2906803587
30716,35.94524,-79.05815,414,9245.248192686553
30716,35.94557,-79.05823,415,9282.790696405284
30716,35.94577,-79.05826,416,9305.279565997533
30716,35.945943,-79.058146,417,9327.18671030955
30716,35.94604,-79.05831,418,9345.592655898427
30716,35.94618,-79.05835,419,9361.63523514874
30716,35.94623,-79.05836,420,9367.289410875497
30716,35.94633,-79.05837,421,9378.48796204643
30716,35.94671,-79.05845,422,9421.51945668252
30716,35.94697,-79.05849,423,9450.766097850481
30716,35.94729,-79.05854,424,9486.770692140843
30716,35.94738,-79.05855,425,9496.857145805567
30716,35.94751,-79.05856,426,9511.395722709694
30716,35.94755,-79.05856,427,9515.860405832595
30716,35.94769,-79.05857,428,9531.513131239099
30716,35.94789,-79.05857,429,9553.83654653194
30716,35.94791,-79.05857,430,9556.068888063415
30716,35.94797,-79.05856,431,9562.827131547956
30716,35.94822,-79.05856,432,9590.731401153571
30716,35.94829,-79.05856,433,9598.54459664989
30716,35.9484,-79.05854,434,9610.955927699611
30716,35.94859,-79.05853,435,9632.182584953478
30716,35.94881,-79.05849,436,9657.005246274124
30716,35.94902,-79.05845,437,9680.724299925714
30716,35.94943,-79.05839,438,9726.810156078192
30716,35.94951,-79.05826,439,9741.60665231607
30716,35.94965,-79.05825,440,9757.259384285459
30716,35.949907,-79.058073,441,9790.136644823777
30716,35.9501,-79.05819,442,9814.15362290509
30716,35.95044,-79.05814,443,9852.37379255822
30716,35.95072,-79.0581,444,9883.836728821727
30716,35.95094,-79.05806,445,9908.659392969019
30716,35.95151,-79.05792,446,9973.537491562924
30716,35.95195,-79.05779,447,10024.046314517587
30716,35.95225,-79.0577,448,10058.513262899212
30716,35.95234,-79.05768,449,10068.721475534005
30716,35.95243,-79.05767,450,10078.807938162541
30716,35.95254,-79.05765,451,10091.219273031485
30716,35.95266,-79.05764,452,10104.644052765549
30716,35.95273,-79.05764,453,10112.457259885068
30716,35.95285,-79.05764,454,10125.851329237456
30716,35.95295,-79.05765,455,10137.049887411158
30716,35.9534,-79.05772,456,10187.677788126673
30716,35.95385,-79.0578,457,10238.42753930085
30716,35.95404,-79.05784,458,10259.943249584208
30716,35.95406,-79.05784,459,10262.1755937806
30716,35.95446,-79.05786,460,10306.859355086877
30716,35.95511,-79.05786,461,10379.410539424376
30716,35.955672,-79.057715,462,10443.50473448343
30716,35.95578,-79.05783,463,10459.44932236083
30716,35.95582,-79.05784,464,10464.005306963112
30716,35.95605,-79.05784,465,10489.677265467455
30716,35.95635,-79.0578,466,10523.35860956383
30716,35.95638,-79.0578,467,10526.707126111038
30716,35.95653,-79.05777,468,10543.669612381012
30716,35.95661,-79.05776,469,10552.644985765508
30716,35.9567,-79.05774,470,10562.853179686832
30716,35.95704,-79.05766,471,10601.491215941433
30716,35.95741,-79.05755,472,10643.978894226933
30716,35.95772,-79.05748,473,10679.158518526321
30716,35.95801,-79.05741,474,10712.144953983849
30716,35.95824,-79.05735,475,10738.387983688173
30716,35.95856,-79.0573,476,10774.392565967248
30716,35.95886,-79.05728,477,10807.926908444922
30716,35.95908,-79.05727,478,10832.499479256236
30716,35.95946,-79.05727,479,10874.914058606992
30716,35.959714,-79.057167,480,10904.765863951012
30716,35.95974,-79.05728,481,10915.422832709588
30716,35.96007,-79.0573,482,10952.301230918698
30716,35.96032,-79.05732,483,10980.264515859197
30716,35.96036,-79.05733,484,10984.820493783733
30716,35.96064,-79.05736,485,11016.191680868407
30716,35.96079,-79.05739,486,11033.154154815342
30716,35.96115,-79.05743,487,11073.499988341919
30716,35.96132,-79.05746,488,11092.669214651409
30716,35.96214,-79.05764,489,11185.641406500092
30716,35.96225,-79.05767,490,11198.217476118232
30716,35.96259,-79.05778,491,11237.45807906646
30716,35.96282,-79.05786,492,11264.13667752395
30716,35.96296,-79.05791,493,11280.408424231604
30716,35.96308,-79.05795,494,11294.285576501068
30716,35.96343,-79.05808,495,11335.093753290234
30716,35.96396,-79.05827,496,11396.711963492133
30716,35.9641,-79.05832,497,11412.983681255268
30716,35.96426,-79.05838,498,11431.653873937314
30716,35.964838,-79.058491,499,11496.950062415443
30716,35.96501,-79.05868,500,11522.692643680324
30716,35.9661,-79.0591,501,11650.184444001878
30716,35.96628,-79.05918,502,11671.546647830497
30716,35.966467,-79.059147,503,11692.632711747423
30716,35.96656,-79.05933,504,11712.215231689479
30716,35.9667,-79.0594,505,11729.083137211106
30716,35.96678,-79.05944,506,11738.721937606608
30716,35.96695,-79.05953,507,11759.379491367536
30716,35.96727,-79.05972,508,11799.039901939965
30716,35.96748,-79.05985,509,11825.280149016426
30716,35.96765,-79.05996,510,11846.719942784403
30716,35.96787,-79.06011,511,11874.795269129221
30716,35.96808,-79.06027,512,11902.366518872976
30716,35.96832,-79.06045,513,11933.740754814064
30716,35.96836,-79.06049,514,11939.494517922341
30716,35.96878,-79.06084,515,11996.117450148777
30716,35.96886,-79.06092,516,12007.624940807733
30716,35.96882,-79.06109,517,12023.68290723716
30716,35.9688,-79.06114,518,12028.739098388822
30716,35.96879,-79.06119,519,12033.411099171668
30716,35.96879,-79.06125,520,12038.85515455211
30716,35.9688,-79.06131,521,12044.412452122175
30716,35.96882,-79.06138,522,12051.14472700009
30716,35.96888,-79.06146,523,12061.020907492919
30716,35.96891,-79.06151,524,12066.659535317482
30716,35.96898,-79.06157,525,12076.182300139575
30716,35.96904,-79.06164,526,12085.41212652169
30716,35.9691,-79.06171,527,12094.641948529495
30716,35.96917,-79.0618,528,12105.943701861144
30716,35.96919,-79.06183,529,12109.46402078042
30716,35.96923,-79.06189,530,12116.504656504
30716,35.96928,-79.06198,531,12126.39553978352
30716,35.96934,-79.06208,532,12137.67274697061
30716,35.9694,-79.06225,533,12154.48853057082
30716,35.96941,-79.06229,534,12158.285621604116
30716,35.96945,-79.06242,535,12170.89764371492
30716,35.96947,-79.06249,536,12177.629856965677
30716,35.96948,-79.06254,537,12182.301809459841
30716,35.96948,-79.06273,538,12199.541127443264
30716,35.96948,-79.0632,539,12242.18573375995
30716,35.96949,-79.06327,540,12248.63438479287
30716,35.9695,-79.06361,541,12279.503830680573
30716,35.9695,-79.06384,542,12300.372437264969
30716,35.9695,-79.06386,543,12302.187098346669
30716,35.96952,-79.06428,544,12340.360290518704
30716,35.96952,-79.06441,545,12352.155575252023
30716,35.96951,-79.0647,546,12378.491789131083
30716,35.96953,-79.06536,547,12438.417070455334
30716,35.96955,-79.06641,548,12533.71257015207
30716,35.96955,-79.06659,549,12550.044440653084
30716,35.969628,-79.066881,550,12577.845916207516
30716,35.96955,-79.06703,551,12593.92577800151
30716,35.96955,-79.06712,552,12602.09170578905
30716,35.96955,-79.06732,553,12620.238207800667
30716,35.96955,-79.06777,554,12661.067816240185
30716,35.96955,-79.06826,555,12705.526690000752
30716,35.96955,-79.0684,556,12718.229219002673
30716,35.96955,-79.06871,557,12746.356237448825
30716,35.96955,-79.06908,558,12779.92717681428
30716,35.96954,-79.06921,559,12791.775059568205
30716,35.96955,-79.06929,560,12799.118951426202
30716,35.96955,-79.06937,561,12806.377527894078
30716,35.96955,-79.06949,562,12817.265390864042
30716,35.96956,-79.06959,563,12826.407002339643
30716,35.9696,-79.07002,564,12865.676425915164
30716,35.96967,-79.07059,565,12917.98048612099
30716,35.96985,-79.07059,566,12938.07117825571
30716,35.96996,-79.07057,567,12950.482200245731
30716,35.97002,-79.07055,568,12957.420595033276
30716,35.97007,-79.07052,569,12963.629759991403
30716,35.97013,-79.07047,570,12971.718574226916
30716,35.97021,-79.07042,571,12981.734113219378
30716,35.97032,-79.07038,572,12994.536929743357
30716,35.97043,-79.07038,573,13006.814579076332
30716,35.97058,-79.0704,574,13023.654880084345
30716,35.97073,-79.07042,575,13040.495180196982
30716,35.971164,-79.070434,576,13088.952735290919
30716,35.971409,-79.070399,577,13116.482172384403
30716,35.971541,-79.070321,578,13132.826880206996
30716,35.971657,-79.070407,579,13147.94364425658
30716,35.971659,-79.070555,580,13161.373480004411
30716,35.971596,-79.070659,581,13173.141284657073
30716,35.971435,-79.07064,582,13191.193787041922
30716,35.971359,-79.070544,583,13203.351999142757
30716,35.970942,-79.07049,584,13250.152602305665
30716,35.970835,-79.070605,585,13266.011321135436
30725,35.960653,-79.030797,0,0
30725,35.960706839506,-79.03096647354127,1,16.511870904554456
30725,35.96072259057683,-79.03110608348628,2,29.30260295845509
30725,35.96042723630375,-79.03151682209017,3,79.06425839030499
30725,35.96039,-79.03157,4,85.43323972301366
30725,35.96053,-79.03169,5,104.48035127483229
30725,35.96067,-79.0318,6,123.02356940573382
30725,35.96067,-79.03181,7,123.93104860229388
30725,35.96068,-79.03182,8,125.36961107361306
30725,35.96086,-79.03205,9,154.34072717810275
30725,35.96092,-79.03214,10,164.90285252203563
30725,35.96098,-79.03222,11,174.78003135779892
30725,35.96107,-79.03237,12,191.6978021996894
30725,35.96115,-79.03251,13,207.22673380090552
30725,35.96124,-79.03267,14,224.88285351242962
30725,35.96127,-79.03273,15,231.27500488045007
30725,35.96132,-79.03285,16,243.5115440578934
30725,35.96137,-79.03296,17,254.9479837293967
30725,35.96146,-79.0332,18,278.9324937863848
30725,35.96149,-79.03328,19,286.9273233805065
30725,35.96157,-79.03351,20,309.6290742756316
30725,35.96166,-79.03382,21,339.5004370022291
30725,35.96179,-79.0344,22,394.0969947275991
30725,35.96181,-79.03456,23,408.7870111340425
30725,35.96184,-79.0348,24,430.82202183845726
30725,35.96186,-79.03504,25,452.7152026353434
30725,35.96187,-79.03512,26,460.0601978497236
30725,35.96192,-79.03584,27,525.6352270256849
30725,35.96198,-79.0363,28,567.9121451358667
30725,35.96201,-79.03649,29,585.476002599277
30725,35.96204,-79.03668,30,603.039848254399
30725,35.96205,-79.03674,31,608.5978231243806
30725,35.9621,-79.03695,32,628.4548337834823
30725,35.96212,-79.03707,33,639.5707693502613
30725,35.96215,-79.03715,34,647.5654940067365
30725,35.96219,-79.03727,35,659.3347263159353
30725,35.96225,-79.03741,36,673.6962569911888
30725,35.96241,-79.03773,37,707.7871264525437
30725,35.96244,-79.03778,38,713.426269001391
30725,35.96264,-79.03811,39,750.7775599790239
30725,35.9629,-79.03852,40,797.9630662864803
30725,35.96295,-79.03859,41,806.4186640689676
30725,35.96313,-79.03886,42,838.1041847697476
30725,35.96335,-79.0392,43,877.5367319869056
30725,35.96339,-79.03929,44,886.844440621772
30725,35.96351,-79.03948,45,908.6772926478476
30725,35.96354,-79.03954,46,915.0692401255479
30725,35.96357,-79.03962,47,923.0638137485407
30725,35.96361,-79.03973,48,933.9986389572389
30725,35.96366,-79.03991,49,951.2595994745701
30725,35.96369,-79.0399,50,954.7289851963202
30725,35.96373,-79.03988,51,959.5485617122256
30725,35.96377,-79.03988,52,964.01337808307
30725,35.96378,-79.03988,53,965.1295821760779
30725,35.96384,-79.03988,54,971.8268067330893
30725,35.96391,-79.03989,55,979.692752081892
30725,35.96393,-79.03989,56,981.9251602328125
30725,35.96395,-79.03989,57,984.157568384827
30725,35.96403,-79.0399,58,993.1331889588746
30725,35.9641,-79.03989,59,1000.9991339307949
30725,35.96413,-79.03989,60,1004.3477461600459
30725,35.964173,-79.039956,61,1012.0227216462989
30725,35.9642,-79.04,62,1017.025137359397
30725,35.96422,-79.04004,63,1021.286405167485
30725,35.9643,-79.04019,64,1037.5654727231258
30725,35.96434,-79.04026,65,1045.3296290726366
30725,35.96438,-79.04035,66,1054.6372313823156
30725,35.964407,-79.040402,67,1060.236150433855
30725,35.96442,-79.04043,68,1063.1620993890915
30725,35.96446,-79.04051,69,1071.6846107288338
30725,35.96453,-79.04063,70,1085.0868976703716
30725,35.96455,-79.04066,71,1088.607459987053
30725,35.96465,-79.04081,72,1106.2102609721555
30725,35.96466,-79.04083,73,1108.3408833750402
30725,35.964743,-79.04092,74,1120.6910565064318
30725,35.96476,-79.04094,75,1123.3167577703653
30725,35.96482,-79.04083,76,1135.3369507315906
30725,35.96487,-79.04074,77,1145.2285468440768
30725,35.96481,-79.04069,78,1153.317915311714
30725,35.96479,-79.04066,79,1156.8384704704529
30725,35.96476,-79.04059,80,1164.0190148560137
30725,35.96476,-79.04058,81,1164.9264339419115
30725,35.96468,-79.04038,82,1185.1527137782416
30725,35.96466,-79.04035,83,1188.6732741722278
30725,35.9646,-79.04019,84,1204.6622228417946
30725,35.96459,-79.04017,85,1206.792848601681
30725,35.96461,-79.04013,86,1211.0541001228528
30725,35.96462,-79.04011,87,1213.184725690973
30725,35.96465,-79.0401,88,1216.6541074105046
30725,35.96468,-79.0401,89,1220.002718528157
30725,35.96471,-79.04011,90,1223.472100067291
30725,35.96476,-79.04015,91,1230.1296028149472
30725,35.96478,-79.04016,92,1232.5393854406043
30725,35.96483,-79.04022,93,1240.3362117606553
30725,35.96487,-79.04027,94,1246.7017260561745
30725,35.9649,-79.04033,95,1253.093584941279
30725,35.96491,-79.04033,96,1254.2097882392368
30725,35.96494,-79.04043,97,1263.8821112931626
30725,35.96495,-79.04047,98,1267.6795318835225
30725,35.96495,-79.04052,99,1272.2166169606433
30725,35.96493,-79.04061,100,1280.6829912949481
30725,35.96493,-79.04062,101,1281.5904083685703
30725,35.96492,-79.04066,102,1285.3878286925326
30725,35.96487,-79.04074,103,1294.5445589297024
30725,35.96482,-79.04083,104,1304.4361550421886
30725,35.96476,-79.04094,105,1316.456348003414
30725,35.96466,-79.04083,106,1331.4304365864066
30725,35.96455,-79.04066,107,1351.146445907216
30725,35.96453,-79.04063,108,1354.6670082238975
30725,35.96446,-79.04051,109,1368.0692951654353
30725,35.96442,-79.04043,110,1376.5918065051776
30725,35.96438,-79.04035,111,1385.11432209047
30725,35.96434,-79.04026,112,1394.421924400149
30725,35.9643,-79.04019,113,1402.1860807496598
30725,35.96422,-79.04004,114,1418.4651483053008
30725,35.9642,-79.04,115,1422.7264161133887
30725,35.96413,-79.03989,116,1435.402531840897
30725,35.9641,-79.03989,117,1438.7511440701478
30725,35.96403,-79.0399,118,1446.617089042068
30725,35.96395,-79.03989,119,1455.5927096161156
30725,35.96391,-79.03989,120,1460.0575259190507
30725,35.96384,-79.03988,121,1467.9234712678533
30725,35.96378,-79.03988,122,1474.6206958248647
30725,35.96377,-79.03988,123,1475.7368999178725
30725,35.96373,-79.03988,124,1480.201716288717
30725,35.96369,-79.0399,125,1485.0212928046226
30725,35.96366,-79.03991,126,1488.4906785263727
30725,35.96369,-79.04008,127,1504.2762909380112
30725,35.96374,-79.04025,128,1520.6811605856199
30725,35.96375,-79.04033,129,1528.0259224821327
30725,35.96379,-79.04058,130,1551.14687943001
30725,35.9638,-79.04067,131,1559.3896766127814
30725,35.96383,-79.04101,132,1590.4234749088073
30725,35.9639,-79.042,133,1680.5980039033545
30725,35.96393,-79.04243,134,1719.760767401809
30725,35.96394,-79.04255,135,1730.7069371828454
30725,35.96401,-79.04353,136,1819.9771425524627
30725,35.96405,-79.044,137,1862.8590871228228
30725,35.96406,-79.04433,138,1892.8248115418849
30725,35.96407,-79.04459,139,1916.444160601272
30725,35.96407,-79.04484,140,1939.1296882902202
30725,35.96405,-79.04519,141,1970.9677765477602
30725,35.96403,-79.0456,142,2008.2389313876374
30725,35.96399,-79.04601,143,2045.7101054332231
30725,35.96396,-79.04639,144,2080.3542781376764
30725,35.96393,-79.04688,145,2124.943760603234
30725,35.9639,-79.04721,146,2155.075250229915
30725,35.96388,-79.04757,147,2187.8185345439583
30725,35.96388,-79.04793,148,2220.4856156686938
30725,35.96387,-79.04805,149,2231.431697786354
30725,35.96388,-79.04891,150,2309.4776212351476
30725,35.96389,-79.04897,151,2315.035362401923
30725,35.96389,-79.04936,152,2350.424615982738
30725,35.9639,-79.04967,153,2378.5766543064215
30725,35.96393,-79.04979,154,2389.9688844664606
30725,35.96398,-79.05088,155,2489.0343724623385
30725,35.964,-79.05147,156,2542.6182431797342
30725,35.96401,-79.05183,157,2575.3041329089306
30725,35.96399,-79.05196,158,2587.3098535671425
30725,35.96399,-79.05246,159,2632.68041349413
30725,35.964,-79.05298,160,2679.878954414421
30725,35.96401,-79.05345,161,2722.5418080322897
30725,35.96402,-79.05374,162,2748.8803278395517
30725,35.96402,-79.05447,163,2815.1211200720027
30725,35.96402,-79.05509,164,2871.380362606113
30725,35.96404,-79.05576,165,2932.217541295332
30725,35.96406,-79.05643,166,2993.054639583494
30725,35.96407,-79.05719,167,3062.026351720718
30725,35.96407,-79.05732,168,3073.8225905052655
30725,35.96408,-79.05763,169,3101.974207406193
30725,35.9641,-79.05816,170,3150.1182867652724
30725,35.9641,-79.05832,171,3164.6367061776577
30725,35.96411,-79.05854,172,3184.630705171805
30725,35.96395,-79.0585,173,3202.854548486182
30725,35.96371,-79.05841,174,3230.859843427328
30725,35.96353,-79.05834,175,3251.931091866057
30725,35.96301,-79.05814,176,3312.743143094597
30725,35.9628,-79.05806,177,3337.281131209368
30725,35.9626,-79.058,178,3360.258912975675
30725,35.96222,-79.05787,179,3404.28333393837
30725,35.962054,-79.057839,180,3423.0241125896987
30725,35.96194,-79.05778,181,3436.8289213969815
30725,35.96168,-79.05771,182,3466.5364315623583
30725,35.96164,-79.0577,183,3471.092403715444
30725,35.96113,-79.05758,184,3529.0493470242573
30725,35.96115,-79.05743,185,3542.8427375154643
30725,35.96121,-79.05699,186,3583.3277006606595
30725,35.96124,-79.05677,187,3603.5701815522175
30725,35.96128,-79.05655,188,3624.0269378415887
30725,35.961334,-79.056063,189,3668.628228207062
30725,35.96137,-79.05586,190,3687.4823490533263
30725,35.96148,-79.05518,191,3750.3976566617466
30725,35.961471,-79.05484,192,3781.2668402515415
30725,35.96155,-79.0547,193,3796.731250681381
30725,35.96158,-79.05443,194,3821.4597841762456
30725,35.96159,-79.05427,195,3836.021600892766
30725,35.96158,-79.05413,196,3848.7746468450287
30725,35.96156,-79.05399,197,3861.6734018688267
30725,35.96156,-79.05397,198,3863.488275464521
30725,35.96151,-79.0538,199,3879.8931902330655
30725,35.96143,-79.0536,200,3900.1197197241722
30725,35.96135,-79.05346,201,3915.648091973679
30725,35.96127,-79.05337,202,3927.7490923525847
30725,35.96117,-79.05327,203,3942.134183943976
30725,35.96113,-79.05324,204,3947.3634098463326
30725,35.96102,-79.05316,205,3961.6269977250213
30725,35.96101,-79.05316,206,3962.7431781791984
30725,35.96089,-79.05309,207,3977.567248550147
30725,35.96075,-79.05305,208,3993.6098090576997
30725,35.96063,-79.05303,209,4007.1263761299406
30725,35.9604,-79.05304,210,4032.8145647339975
30725,35.960325,-79.053051,211,4041.2452219246693
30725,35.96014,-79.05307,212,4061.9664198079417
30725,35.96014,-79.05308,213,4062.8738743663303
30725,35.96014,-79.05309,214,4063.781328911388
30725,35.96014,-79.0531,215,4064.6887834422246
30725,35.96014,-79.05311,216,4065.596237958262
30725,35.96014,-79.05312,217,4066.5036924600786
30725,35.96013,-79.05313,218,4067.9422099892386
30725,35.96013,-79.05314,219,4068.8496645792707
30725,35.96013,-79.05315,220,4069.7571191533816
30725,35.96012,-79.05316,221,4071.195636686843
30725,35.96012,-79.05317,222,4072.1030913470813
30725,35.96011,-79.05317,223,4073.2192717799885
30725,35.96011,-79.05318,224,4074.1267265427014
30725,35.96011,-79.05319,225,4075.0341812909232
30725,35.9601,-79.05319,226,4076.1503616871637
30725,35.96009,-79.0532,227,4077.588879348811
30725,35.96008,-79.05321,228,4079.027397061557
30725,35.96007,-79.05322,229,4080.4659148221435
30725,35.96006,-79.05322,230,4081.5820951645014
30725,35.96005,-79.05323,231,4083.0206130495203
30725,35.96004,-79.05323,232,4084.13679337504
30725,35.96003,-79.05323,233,4085.252973698307
30725,35.96002,-79.05323,234,4086.369154023963
30725,35.96001,-79.05323,235,4087.4853343482946
30725,35.96,-79.05323,236,4088.6015146713403
30725,35.95999,-79.05323,237,4089.7176949962727
30725,35.95998,-79.05323,238,4090.8338753208664
30725,35.95997,-79.05323,239,4091.950055644581
30725,35.95997,-79.05322,240,4092.857511956925
30725,35.95996,-79.05322,241,4093.9736922986494
30725,35.95995,-79.05321,242,4095.4122109376835
30725,35.95994,-79.05321,243,4096.5283912969835
30725,35.95993,-79.0532,244,4097.96691010812
30725,35.95993,-79.05319,245,4098.874366927698
30725,35.95992,-79.05319,246,4099.990547322478
30725,35.95992,-79.05318,247,4100.898004272159
30725,35.95991,-79.05317,248,4102.336523296583
30725,35.95991,-79.05316,249,4103.2439803902
30725,35.9599,-79.05315,250,4104.682499533359
30725,35.9599,-79.05314,251,4105.58995677242
30725,35.95989,-79.05313,252,4107.028476035953
30725,35.95989,-79.05312,253,4107.935933418641
30725,35.95989,-79.05311,254,4108.843390817251
30725,35.95989,-79.0531,255,4109.750848230119
30725,35.95989,-79.05309,256,4110.658305657478
30725,35.95989,-79.05308,257,4111.5657630991345
30725,35.95989,-79.05307,258,4112.473220554353
30725,35.95989,-79.05306,259,4113.380678025185
30725,35.95989,-79.05305,260,4114.288135510044
30725,35.95989,-79.05304,261,4115.195593011057
30725,35.95989,-79.05303,262,4116.103050524008
30725,35.9599,-79.05302,263,4117.541570036859
30725,35.9599,-79.05301,264,4118.449027463877
30725,35.9599,-79.053,265,4119.356484905231
30725,35.95991,-79.05299,266,4120.795004412386
30725,35.95991,-79.05298,267,4121.702461765756
30725,35.95992,-79.05297,268,4123.140981245738
30725,35.95993,-79.05296,269,4124.579500676048
30725,35.95994,-79.05295,270,4126.018020057597
30725,35.95995,-79.05294,271,4127.456539387137
30725,35.95996,-79.05293,272,4128.895058666763
30725,35.95997,-79.05293,273,4130.011239523145
30725,35.95998,-79.05293,274,4131.127420380851
30725,35.95999,-79.05292,275,4132.565939464796
30725,35.96,-79.05292,276,4133.68212034027
30725,35.96001,-79.05292,277,4134.798301214708
30725,35.96002,-79.05292,278,4135.914482090489
30725,35.96003,-79.05292,279,4137.0306629666675
30725,35.96004,-79.05292,280,4138.146843841811
30725,35.96005,-79.05293,281,4139.585362489718
30725,35.96006,-79.05293,282,4140.701543346802
30725,35.96007,-79.05294,283,4142.140061825724
30725,35.96008,-79.05294,284,4143.256242665677
30725,35.96008,-79.05295,285,4144.163698107433
30725,35.96009,-79.05295,286,4145.279878929879
30725,35.96009,-79.05296,287,4146.187334243427
30725,35.9601,-79.05296,288,4147.303515047863
30725,35.96011,-79.05297,289,4148.742033165411
30725,35.96012,-79.05298,290,4150.180551187774
30725,35.96012,-79.05299,291,4151.088006107999
30725,35.96012,-79.053,292,4151.995461014737
30725,35.96013,-79.053,293,4153.111641747353
30725,35.96013,-79.05301,294,4154.019096523913
30725,35.96013,-79.05302,295,4154.926551286057
30725,35.96014,-79.05303,296,4156.365069046889
30725,35.96014,-79.05304,297,4157.272523663009
30725,35.96014,-79.05305,298,4158.179978267268
30725,35.96014,-79.05307,299,4159.994887429606
30725,35.96063,-79.05303,300,4214.808056673263
30725,35.96075,-79.05305,301,4228.324623745504
30725,35.96089,-79.05309,302,4244.3671842530575
30725,35.96101,-79.05316,303,4259.191254624006
30725,35.96102,-79.05316,304,4260.3074350781835
30725,35.96113,-79.05324,305,4274.571022956872
30725,35.96117,-79.05327,306,4279.800248859229
30725,35.96127,-79.05337,307,4294.18534045062
30725,35.96135,-79.05346,308,4306.286340829526
30725,35.96143,-79.0536,309,4321.814713079033
30725,35.96151,-79.0538,310,4342.04124257014
30725,35.96156,-79.05397,311,4358.446157338684
30725,35.96156,-79.05399,312,4360.261030934378
30725,35.96158,-79.05413,313,4373.159785958176
30725,35.96159,-79.05427,314,4385.912831910438
30725,35.96158,-79.05443,315,4400.474648626959
30725,35.961567,-79.054697,316,4424.746596227227
30725,35.961492,-79.055562,317,4503.684906625234
30725,35.961385,-79.055881,318,4534.999080936427
30725,35.961358,-79.056087,319,4553.933634917382
30725,35.96128,-79.05655,320,4596.840492274432
30725,35.96124,-79.05677,321,4617.297248563804
30725,35.96121,-79.05699,322,4637.539729455361
30725,35.96115,-79.05743,323,4678.024692600557
30725,35.96113,-79.05758,324,4691.818083091764
30725,35.96071,-79.05752,325,4739.012449892667
30725,35.960647,-79.057588,326,4748.367865688933
30725,35.96028,-79.05746,327,4790.946338671039
30725,35.96011,-79.05744,328,4810.007873725571
30725,35.9596,-79.05742,329,4866.961614023358
30725,35.95907,-79.05742,330,4926.1187763837
30725,35.95894,-79.05742,331,4940.629023730372
30725,35.958718,-79.057548,332,4967.995447544128
30725,35.9587,-79.05744,333,4977.999879888103
30725,35.95845,-79.05747,334,5006.036686814704
30725,35.95811,-79.05754,335,5044.51452948859
30725,35.95794,-79.05758,336,5063.8335419746945
30725,35.95733,-79.05774,337,5133.451023448327
30725,35.95706,-79.05782,338,5164.449784213989
30725,35.95671,-79.0579,339,5204.1846559615005
30725,35.95653,-79.05792,340,5224.357565283389
30725,35.95641,-79.05794,341,5237.8740399669405
30725,35.95609,-79.05797,342,5273.695147749294
30725,35.95592,-79.05798,343,5292.691758089585
30725,35.95586,-79.05798,344,5299.388789248902
30725,35.9551,-79.058,345,5384.23726375263
30725,35.95477,-79.05802,346,5421.115624414321
30725,35.954688,-79.058135,347,5434.996832886583
30725,35.95449,-79.05802,348,5459.43730989837
30725,35.95445,-79.05802,349,5463.901997021846
30725,35.9542,-79.05801,350,5491.821045121463
30725,35.95399,-79.05798,351,5515.41823835428
30725,35.95377,-79.05794,352,5540.240886967813
30725,35.95351,-79.05788,353,5569.767777632175
30725,35.95342,-79.05787,354,5579.854235982971
30725,35.95318,-79.05783,355,5606.887208090528
30725,35.95295,-79.0578,356,5632.703132975462
30725,35.95285,-79.0578,357,5643.864854599184
30725,35.95274,-79.0578,358,5656.142748379583
30725,35.95267,-79.0578,359,5663.9559535087365
30725,35.95253,-79.05781,360,5679.608694906676
30725,35.95245,-79.05782,361,5688.584072169386
30725,35.95244,-79.05782,362,5689.700244293608
30725,35.95227,-79.05786,363,5709.019296993527
30725,35.95209,-79.05791,364,5729.616453520616
30725,35.95194,-79.05795,365,5746.748063432587
30725,35.951623,-79.058044,366,5783.144604299972
30725,35.951514,-79.058169,367,5799.7792674089305
30725,35.951333,-79.058128,368,5820.321777774307
30725,35.95106,-79.05819,369,5851.308424652776
30725,35.95083,-79.05826,370,5877.754740811501
30725,35.95053,-79.05833,371,5911.837196187532
30725,35.94968,-79.05848,372,6007.683450519058
30725,35.94955,-79.05849,373,6022.222027635181
30725,35.94943,-79.05839,374,6038.401304375971
30725,35.94902,-79.05845,375,6084.487160528451
30725,35.94881,-79.05849,376,6108.206214180041
30725,35.94859,-79.05853,377,6133.028875500687
30725,35.948477,-79.058722,378,6154.540056193055
30725,35.9484,-79.05854,379,6173.160201232478
30725,35.94829,-79.05856,380,6185.5715322822
30725,35.94822,-79.05856,381,6193.384727778519
30725,35.94797,-79.05856,382,6221.288997384133
30725,35.94791,-79.05857,383,6228.047240868675
30725,35.94789,-79.05857,384,6230.27958240015
30725,35.94769,-79.05857,385,6252.602997692992
30725,35.94755,-79.05856,386,6268.255723099495
30725,35.94751,-79.05856,387,6272.7204062223955
30725,35.94738,-79.05855,388,6287.258983126523
30725,35.94729,-79.05854,389,6297.345436791246
30725,35.94697,-79.05849,390,6333.350031081608
30725,35.94671,-79.05845,391,6362.59667224957
30725,35.94643,-79.058548,392,6395.090502623822
30725,35.94633,-79.05837,393,6414.7267036077565
30725,35.94623,-79.05836,394,6425.92525477869
30725,35.94618,-79.05835,395,6431.579430505447
30725,35.94604,-79.05831,396,6447.622009755762
30725,35.94577,-79.05826,397,6478.0983955939255
30725,35.94557,-79.05823,398,6500.5872651861755
30725,35.94524,-79.05815,399,6538.129768904906
30725,35.94511,-79.05811,400,6553.087281232759
30725,35.94466,-79.05803,401,6603.83712098381
30725,35.94417,-79.05793,402,6659.277537027134
30725,35.94328,-79.05775,403,6759.951327460258
30725,35.94274,-79.05764,404,6821.045955633247
30725,35.94227,-79.05755,405,6874.138263613437
30725,35.94156,-79.0574,406,6954.547541356008
30725,35.94085,-79.05726,407,7034.8081561277095
30725,35.940243,-79.057279,408,7102.5818049092395
30725,35.93995,-79.05708,409,7139.942344120417
30725,35.93928,-79.05695,410,7215.651184830461
30725,35.9388,-79.05685,411,7269.990991599698
30725,35.93762,-79.05662,412,7403.343880473822
30725,35.937097,-79.056654,413,7461.801312550453
30725,35.93688,-79.05648,414,7490.716973888113
30725,35.93677,-79.05645,415,7503.293256637971
30725,35.93647,-79.05639,416,7537.218520824052
30725,35.93591,-79.05628,417,7600.516806356736
30725,35.93542,-79.05614,418,7656.666403692842
30725,35.93523,-79.0561,419,7678.182315781041
30725,35.93514,-79.0561,420,7688.227891521699
30725,35.93467,-79.05601,421,7741.3204495799755
30725,35.9338,-79.05584,422,7839.646228904441
30725,35.93375,-79.05582,423,7845.514983481918
30725,35.93338,-79.05575,424,7887.299468868339
30725,35.93292,-79.05565,425,7939.439842885177
30725,35.932621,-79.055726,426,7973.519127390596
30725,35.93231,-79.05553,427,8012.52635648306
30725,35.93177,-79.05541,428,8073.776343301288
30725,35.93156,-79.05535,429,8097.840550698135
30725,35.93112,-79.05522,430,8148.350292593173
30725,35.93104,-79.05519,431,8157.685769705504
30725,35.930642,-79.055205,432,8202.130465285378
30725,35.93052,-79.055,433,8225.190305259017
30725,35.93043,-79.05497,434,8235.598512504954
30725,35.93009,-79.05486,435,8274.84032749425
30725,35.92999,-79.05482,436,8286.577908476773
30725,35.92879,-79.05441,437,8425.594516878542
30725,35.92835,-79.05426,438,8476.559240373435
30725,35.92818,-79.0542,439,8496.300590961837
30725,35.927982,-79.054298,440,8520.12443387039
30725,35.92748,-79.05397,441,8583.577245932238
30725,35.92719,-79.05391,442,8616.40153730985
30725,35.92702,-79.05388,443,8635.571037192378
30725,35.927,-79.05387,444,8637.980931468363
30725,35.9269,-79.05386,445,8649.17957995444
30725,35.92673,-79.05384,446,8668.24129473085
30725,35.92652,-79.05383,447,8691.69862918711
30725,35.92637,-79.05383,448,8708.441315238773
30725,35.92628,-79.05383,449,8718.486926863505
30725,35.92623,-79.05383,450,8724.067822209725
30725,35.92592,-79.05386,451,8758.776394254655
30725,35.92574,-79.0539,452,8779.193158775668
30725,35.92561,-79.05393,453,8793.956875213593
30725,35.92548,-79.05395,454,8808.580360972612
30725,35.9253,-79.054,455,8829.177984905902
30725,35.92505,-79.05407,456,8857.796954429889
30725,35.92469,-79.05423,457,8900.524296185165
30725,35.92438,-79.05437,458,8937.386369891967
30725,35.92394,-79.05458,459,8990.06896252314
30725,35.92388,-79.05461,460,8997.298677511377
30725,35.923783,-79.054794,461,9017.205322564752
30725,35.92371,-79.05469,462,9029.676916941517
30725,35.92337,-79.05487,463,9070.995897738581
30725,35.92296,-79.05506,464,9119.902223380139
30725,35.9229,-79.05509,465,9127.131945629935
30725,35.92244,-79.05531,466,9182.224222554334
30725,35.92217,-79.05545,467,9214.931712137599
30725,35.92189,-79.05557,468,9248.029148420766
30725,35.92161,-79.05568,469,9280.838940022382
30725,35.92139,-79.05577,470,9306.718605958633
30725,35.92111,-79.05587,471,9339.263544960419
30725,35.92096,-79.05591,472,9356.395512062609
30725,35.920726,-79.056089,473,9387.157298260672
30725,35.92041,-79.05602,474,9422.980441820822
30725,35.92016,-79.05607,475,9451.251661712451
30725,35.9201,-79.05608,476,9458.009974303384
30725,35.91986,-79.05612,477,9485.043224499204
30725,35.91901,-79.05628,478,9581.023770349775
30725,35.91886,-79.05631,479,9597.98650294105
30725,35.91853,-79.05636,480,9635.09895839558
30725,35.918346,-79.056566,481,9662.876844297418
30725,35.91818,-79.05643,482,9685.142870952634
30725,35.91796,-79.05647,483,9709.965817397386
30725,35.91775,-79.05651,484,9733.68516236576
30725,35.91719,-79.05661,485,9796.846901933715
30725,35.91694,-79.05665,486,9824.986602005936
30725,35.916757,-79.056856,487,9852.682308442274
30725,35.91668,-79.0567,488,9869.249941176167
30725,35.91642,-79.05675,489,9898.623400688433
30725,35.91627,-79.05677,490,9915.46419725468
30725,35.91603,-79.05681,491,9942.497441027293
30725,35.91575,-79.05687,492,9974.2215579828
30725,35.91546,-79.05692,493,10006.90740059257
30725,35.91538,-79.05692,494,10015.836788681843
30725,35.91523,-79.05693,495,10032.6039931457
30725,35.91509,-79.05686,496,10049.473532764798
30725,35.91506,-79.05685,497,10052.942971239647
30725,35.91501,-79.05683,498,10058.811850104647
30725,35.91489,-79.05676,499,10073.637429212587
30725,35.91467,-79.05664,500,10100.501992395188
30725,35.91459,-79.05659,501,10110.519206581243
30725,35.91432,-79.05645,502,10143.227130040348
30725,35.91406,-79.0563,503,10175.284711583705
30725,35.91369,-79.05608,504,10221.160538986709
30725,35.91363,-79.05606,505,10228.099433143172
30725,35.9134,-79.05592,506,10256.746327084365
30725,35.913294,-79.056022,507,10271.771610548583
30725,35.91326,-79.05585,508,10287.84356496043
30725,35.91314,-79.05578,509,10302.669227899709
30725,35.91276,-79.05556,510,10349.552519595964
30725,35.9126,-79.05547,511,10369.192249280657
30725,35.91239,-79.05535,512,10395.040713564986
30725,35.91217,-79.05521,513,10422.691902129196
30725,35.91189,-79.05506,514,10456.78375791756
30725,35.91183,-79.05503,515,10464.013624994304
30725,35.911689,-79.055045,516,10479.810544878035
30725,35.91159,-79.05489,517,10497.704376377607
30725,35.9115,-79.05483,518,10509.132220977652
30725,35.91132,-79.05473,519,10531.180017800158
30725,35.9112,-79.05465,520,10546.417160626585
30725,35.91115,-79.05462,521,10552.627378008065
30725,35.91095,-79.05449,522,10577.879741894194
30725,35.91071,-79.05431,523,10609.260495988312
30725,35.91049,-79.05487,524,10665.728716927202
30725,35.91025,-79.05547,525,10726.440019195461
30725,35.90997,-79.05532,526,10760.531993734876
30725,35.90957,-79.05509,527,10809.82230633334
30725,35.90952,-79.05506,528,10816.032544141157
30725,35.90937,-79.05498,529,10834.28320517826
30725,35.90914,-79.05485,530,10862.539219058817
30725,35.908924,-79.054815,531,10886.857219447753
30725,35.90882,-79.05468,532,10903.739904681468
30725,35.90872,-79.05466,533,10915.048459587679
30725,35.90858,-79.05465,534,10930.701305549303
30725,35.90837,-79.05464,535,10954.158615714363
30725,35.90821,-79.05464,536,10972.017456148727
30725,35.90789,-79.05467,537,11007.838870757674
30725,35.90763,-79.05469,538,11036.916255558326
30725,35.90748,-79.05472,539,11053.8790936359
30725,35.90735,-79.05474,540,11068.502611784303
30725,35.90733,-79.05474,541,11070.734966471855
30725,35.90716,-79.05478,542,11090.054502345916
30725,35.90705,-79.05479,543,11102.365986319115
30725,35.90689,-79.05487,544,11121.645808617579
30725,35.90669,-79.05485,545,11144.04310565141
30725,35.90647,-79.05487,546,11168.666071485055
30725,35.90627,-79.05491,547,11191.283190927868
30725,35.90606,-79.05494,548,11214.880685991326
30725,35.90604,-79.05494,549,11217.113039953005
30725,35.90552,-79.05499,550,11275.331561545345
30725,35.90526,-79.05501,551,11304.408934590303
30725,35.90508,-79.05503,552,11324.58203874718
30725,35.90492,-79.05495,553,11343.861924699655
30725,35.90489,-79.05493,554,11347.67127891558
30725,35.90482,-79.05487,555,11357.19668872633
30725,35.90478,-79.05483,556,11362.952359165372
30725,35.90472,-79.05476,557,11372.185869265777
30725,35.90456,-79.05456,558,11397.657278564795
30725,35.90482,-79.0542,559,11441.371407934012
30725,35.90509,-79.05384,560,11485.834318136398
30725,35.90544,-79.05348,561,11536.774369680781
30725,35.905524,-79.053281,562,11557.132813959714
