trip_id,arrival_time,departure_time,stop_id,stop_sequence,timepoint
2563074,05:30:00,05:30:00,1017715,0,1
2563074,,,1017716,1,0
2563074,,,1017717,2,0
2563074,,,1017718,3,0
2563074,05:35:00,05:35:00,1017719,4,1
2563074,,,1017720,5,0
2563074,,,1017721,6,0
2563074,,,1017722,7,0
2563074,,,1017723,8,0
2563074,,,1017724,9,0
2563074,,,1017725,10,0
2563074,,,1017726,11,0
2563074,,,1017727,12,0
2563074,,,1017728,13,0
2563074,,,1017729,14,0
2563074,,,1017730,15,0
2563074,,,1017731,16,0
2563074,,,1017732,17,0
2563074,05:45:00,05:45:00,1017733,18,1
2563074,,,1017734,19,0
2563074,,,1017735,20,0
2563074,,,1017736,21,0
2563074,,,1017737,22,0
2563074,,,1017738,23,0
2563074,,,1017739,24,0
2563074,06:00:00,06:00:00,1017568,25,1
2563074,,,1017569,26,0
2563074,,,1017571,27,0
2563074,,,1017740,28,0
2563074,,,1017741,29,0
2563074,,,1017742,30,0
2563074,,,1017743,31,0
2563074,,,1017744,32,0
2563074,06:05:00,06:05:00,1017745,33,1
2563074,,,1017746,34,0
2563074,,,1017747,35,0
2563074,,,1017748,36,0
2563074,,,1017749,37,0
2563074,,,1017750,38,0
2563074,,,1017751,39,0
2563074,,,1017752,40,0
2563074,,,1017753,41,0
2563074,,,1017754,42,0
2563074,,,1017755,43,0
2563074,,,1017756,44,0
2563074,,,1017757,45,0
2563074,,,1017758,46,0
2563074,,,1017759,47,0
2563074,06:20:00,06:20:00,1017760,48,1
2563074,,,1017761,49,0
2563074,,,1017762,50,0
2563074,06:25:00,06:25:00,1017763,51,1
2830994,06:30:00,06:30:00,1017715,0,1
2830994,,,1017716,1,0
2830994,,,1017717,2,0
2830994,,,1017718,3,0
2830994,06:35:00,06:35:00,1017719,4,1
2830994,,,1017720,5,0
2830994,,,1017721,6,0
2830994,,,1017722,7,0
2830994,,,1017723,8,0
2830994,,,1017724,9,0
2830994,,,1017725,10,0
2830994,,,1017726,11,0
2830994,,,1017727,12,0
2830994,,,1017728,13,0
2830994,,,1017729,14,0
2830994,,,1017730,15,0
2830994,,,1017731,16,0
2830994,,,1017732,17,0
2830994,06:45:00,06:45:00,1017733,18,1
2830994,,,1017734,19,0
2830994,,,1017735,20,0
2830994,,,1017736,21,0
2830994,,,1017737,22,0
2830994,,,1017738,23,0
2830994,,,1017739,24,0
2830994,07:00:00,07:00:00,1017568,25,1
2830994,,,1017569,26,0
2830994,,,1017571,27,0
2830994,,,1017740,28,0
2830994,,,1017741,29,0
2830994,,,1017742,30,0
2830994,,,1017743,31,0
2830994,,,1017744,32,0
2830994,07:05:00,07:05:00,1017745,33,1
2830994,,,1017746,34,0
2830994,,,1017747,35,0
2830994,,,1017748,36,0
2830994,,,1017749,37,0
2830994,,,1017750,38,0
2830994,,,1017751,39,0
2830994,,,1017752,40,0
2830994,,,1017753,41,0
2830994,,,1017754,42,0
2830994,,,1017755,43,0
2830994,,,1017756,44,0
2830994,,,1017757,45,0
2830994,,,1017758,46,0
2830994,,,1017759,47,0
2830994,07:20:00,07:20:00,1017760,48,1
2830994,,,1017761,49,0
2830994,,,1017762,50,0
2830994,07:25:00,07:25:00,1017763,51,1
2830995,07:30:00,07:30:00,1017715,0,1
2830995,,,1017716,1,0
2830995,,,1017717,2,0
2830995,,,1017718,3,0
2830995,07:35:00,07:35:00,1017719,4,1
2830995,,,1017720,5,0
2830995,,,1017721,6,0
2830995,,,1017722,7,0
2830995,,,1017723,8,0
2830995,,,1017724,9,0
2830995,,,1017725,10,0
2830995,,,1017726,11,0
2830995,,,1017727,12,0
2830995,,,1017728,13,0
2830995,,,1017729,14,0
2830995,,,1017730,15,0
2830995,,,1017731,16,0
2830995,,,1017732,17,0
2830995,07:45:00,07:45:00,1017733,18,1
2830995,,,1017734,19,0
2830995,,,1017735,20,0
2830995,,,1017736,21,0
2830995,,,1017737,22,0
2830995,,,1017738,23,0
2830995,,,1017739,24,0
2830995,08:00:00,08:00:00,1017568,25,1
2830995,,,1017569,26,0
2830995,,,1017571,27,0
2830995,,,1017740,28,0
2830995,,,1017741,29,0
2830995,,,1017742,30,0
2830995,,,1017743,31,0
2830995,,,1017744,32,0
2830995,08:05:00,08:05:00,1017745,33,1
2830995,,,1017746,34,0
2830995,,,1017747,35,0
2830995,,,1017748,36,0
2830995,,,1017749,37,0
2830995,,,1017750,38,0
2830995,,,1017751,39,0
2830995,,,1017752,40,0
2830995,,,1017753,41,0
2830995,,,1017754,42,0
2830995,,,1017755,43,0
2830995,,,1017756,44,0
2830995,,,1017757,45,0
2830995,,,1017758,46,0
2830995,,,1017759,47,0
2830995,08:20:00,08:20:00,1017760,48,1
2830995,,,1017761,49,0
2830995,,,1017762,50,0
2830995,08:25:00,08:25:00,1017763,51,1
2830996,08:30:00,08:30:00,1017715,0,1
2830996,,,1017716,1,0
2830996,,,1017717,2,0
2830996,,,1017718,3,0
2830996,08:35:00,08:35:00,1017719,4,1
2830996,,,1017720,5,0
2830996,,,1017721,6,0
2830996,,,1017722,7,0
2830996,,,1017723,8,0
2830996,,,1017724,9,0
2830996,,,1017725,10,0
2830996,,,1017726,11,0
2830996,,,1017727,12,0
2830996,,,1017728,13,0
2830996,,,1017729,14,0
2830996,,,1017730,15,0
2830996,,,1017731,16,0
2830996,,,1017732,17,0
2830996,08:45:00,08:45:00,1017733,18,1
2830996,,,1017734,19,0
2830996,,,1017735,20,0
2830996,,,1017736,21,0
2830996,,,1017737,22,0
2830996,,,1017738,23,0
2830996,,,1017739,24,0
2830996,09:00:00,09:00:00,1017568,25,1
2830996,,,1017569,26,0
2830996,,,1017571,27,0
2830996,,,1017740,28,0
2830996,,,1017741,29,0
2830996,,,1017742,30,0
2830996,,,1017743,31,0
2830996,,,1017744,32,0
2830996,09:05:00,09:05:00,1017745,33,1
2830996,,,1017746,34,0
2830996,,,1017747,35,0
2830996,,,1017748,36,0
2830996,,,1017749,37,0
2830996,,,1017750,38,0
2830996,,,1017751,39,0
2830996,,,1017752,40,0
2830996,,,1017753,41,0
2830996,,,1017754,42,0
2830996,,,1017755,43,0
2830996,,,1017756,44,0
2830996,,,1017757,45,0
2830996,,,1017758,46,0
2830996,,,1017759,47,0
2830996,09:20:00,09:20:00,1017760,48,1
2830996,,,1017761,49,0
2830996,,,1017762,50,0
2830996,09:25:00,09:25:00,1017763,51,1
2830997,09:30:00,09:30:00,1017715,0,1
2830997,,,1017716,1,0
2830997,,,1017717,2,0
2830997,,,1017718,3,0
2830997,09:35:00,09:35:00,1017719,4,1
2830997,,,1017720,5,0
2830997,,,1017721,6,0
2830997,,,1017722,7,0
2830997,,,1017723,8,0
2830997,,,1017724,9,0
2830997,,,1017725,10,0
2830997,,,1017726,11,0
2830997,,,1017727,12,0
2830997,,,1017728,13,0
2830997,,,1017729,14,0
2830997,,,1017730,15,0
2830997,,,1017731,16,0
2830997,,,1017732,17,0
2830997,09:45:00,09:45:00,1017733,18,1
2830997,,,1017734,19,0
2830997,,,1017735,20,0
2830997,,,1017736,21,0
2830997,,,1017737,22,0
2830997,,,1017738,23,0
2830997,,,1017739,24,0
2830997,10:00:00,10:00:00,1017568,25,1
2830997,,,1017569,26,0
2830997,,,1017571,27,0
2830997,,,1017740,28,0
2830997,,,1017741,29,0
2830997,,,1017742,30,0
2830997,,,1017743,31,0
2830997,,,1017744,32,0
2830997,10:05:00,10:05:00,1017745,33,1
2830997,,,1017746,34,0
2830997,,,1017747,35,0
2830997,,,1017748,36,0
2830997,,,1017749,37,0
2830997,,,1017750,38,0
2830997,,,1017751,39,0
2830997,,,1017752,40,0
2830997,,,1017753,41,0
2830997,,,1017754,42,0
2830997,,,1017755,43,0
2830997,,,1017756,44,0
2830997,,,1017757,45,0
2830997,,,1017758,46,0
2830997,,,1017759,47,0
2830997,10:20:00,10:20:00,1017760,48,1
2830997,,,1017761,49,0
2830997,,,1017762,50,0
2830997,10:25:00,10:25:00,1017763,51,1
2830998,10:30:00,10:30:00,1017715,0,1
2830998,,,1017716,1,0
2830998,,,1017717,2,0
2830998,,,1017718,3,0
2830998,10:35:00,10:35:00,1017719,4,1
2830998,,,1017720,5,0
2830998,,,1017721,6,0
2830998,,,1017722,7,0
2830998,,,1017723,8,0
2830998,,,1017724,9,0
2830998,,,1017725,10,0
2830998,,,1017726,11,0
2830998,,,1017727,12,0
2830998,,,1017728,13,0
2830998,,,1017729,14,0
2830998,,,1017730,15,0
2830998,,,1017731,16,0
2830998,,,1017732,17,0
2830998,10:45:00,10:45:00,1017733,18,1
2830998,,,1017734,19,0
2830998,,,1017735,20,0
2830998,,,1017736,21,0
2830998,,,1017737,22,0
2830998,,,1017738,23,0
2830998,,,1017739,24,0
2830998,11:00:00,11:00:00,1017568,25,1
2830998,,,1017569,26,0
2830998,,,1017571,27,0
2830998,,,1017740,28,0
2830998,,,1017741,29,0
2830998,,,1017742,30,0
2830998,,,1017743,31,0
2830998,,,1017744,32,0
2830998,11:05:00,11:05:00,1017745,33,1
2830998,,,1017746,34,0
2830998,,,1017747,35,0
2830998,,,1017748,36,0
2830998,,,1017749,37,0
2830998,,,1017750,38,0
2830998,,,1017751,39,0
2830998,,,1017752,40,0
2830998,,,1017753,41,0
2830998,,,1017754,42,0
2830998,,,1017755,43,0
2830998,,,1017756,44,0
2830998,,,1017757,45,0
2830998,,,1017758,46,0
2830998,,,1017759,47,0
2830998,11:20:00,11:20:00,1017760,48,1
2830998,,,1017761,49,0
2830998,,,1017762,50,0
2830998,11:25:00,11:25:00,1017763,51,1
2830999,11:30:00,11:30:00,1017715,0,1
2830999,,,1017716,1,0
2830999,,,1017717,2,0
2830999,,,1017718,3,0
2830999,11:35:00,11:35:00,1017719,4,1
2830999,,,1017720,5,0
2830999,,,1017721,6,0
2830999,,,1017722,7,0
2830999,,,1017723,8,0
2830999,,,1017724,9,0
2830999,,,1017725,10,0
2830999,,,1017726,11,0
2830999,,,1017727,12,0
2830999,,,1017728,13,0
2830999,,,1017729,14,0
2830999,,,1017730,15,0
2830999,,,1017731,16,0
2830999,,,1017732,17,0
2830999,11:45:00,11:45:00,1017733,18,1
2830999,,,1017734,19,0
2830999,,,1017735,20,0
2830999,,,1017736,21,0
2830999,,,1017737,22,0
2830999,,,1017738,23,0
2830999,,,1017739,24,0
2830999,12:00:00,12:00:00,1017568,25,1
2830999,,,1017569,26,0
2830999,,,1017571,27,0
2830999,,,1017740,28,0
2830999,,,1017741,29,0
2830999,,,1017742,30,0
2830999,,,1017743,31,0
2830999,,,1017744,32,0
2830999,12:05:00,12:05:00,1017745,33,1
2830999,,,1017746,34,0
2830999,,,1017747,35,0
2830999,,,1017748,36,0
2830999,,,1017749,37,0
2830999,,,1017750,38,0
2830999,,,1017751,39,0
2830999,,,1017752,40,0
2830999,,,1017753,41,0
2830999,,,1017754,42,0
2830999,,,1017755,43,0
2830999,,,1017756,44,0
2830999,,,1017757,45,0
2830999,,,1017758,46,0
2830999,,,1017759,47,0
2830999,12:20:00,12:20:00,1017760,48,1
2830999,,,1017761,49,0
2830999,,,1017762,50,0
2830999,12:25:00,12:25:00,1017763,51,1
2831000,12:30:00,12:30:00,1017715,0,1
2831000,,,1017716,1,0
2831000,,,1017717,2,0
2831000,,,1017718,3,0
2831000,12:35:00,12:35:00,1017719,4,1
2831000,,,1017720,5,0
2831000,,,1017721,6,0
2831000,,,1017722,7,0
2831000,,,1017723,8,0
2831000,,,1017724,9,0
2831000,,,1017725,10,0
2831000,,,1017726,11,0
2831000,,,1017727,12,0
2831000,,,1017728,13,0
2831000,,,1017729,14,0
2831000,,,1017730,15,0
2831000,,,1017731,16,0
2831000,,,1017732,17,0
2831000,12:45:00,12:45:00,1017733,18,1
2831000,,,1017734,19,0
2831000,,,1017735,20,0
2831000,,,1017736,21,0
2831000,,,1017737,22,0
2831000,,,1017738,23,0
2831000,,,1017739,24,0
2831000,13:00:00,13:00:00,1017568,25,1
2831000,,,1017569,26,0
2831000,,,1017571,27,0
2831000,,,1017740,28,0
2831000,,,1017741,29,0
2831000,,,1017742,30,0
2831000,,,1017743,31,0
2831000,,,1017744,32,0
2831000,13:05:00,13:05:00,1017745,33,1
2831000,,,1017746,34,0
2831000,,,1017747,35,0
2831000,,,1017748,36,0
2831000,,,1017749,37,0
2831000,,,1017750,38,0
2831000,,,1017751,39,0
2831000,,,1017752,40,0
2831000,,,1017753,41,0
2831000,,,1017754,42,0
2831000,,,1017755,43,0
2831000,,,1017756,44,0
2831000,,,1017757,45,0
2831000,,,1017758,46,0
2831000,,,1017759,47,0
2831000,13:20:00,13:20:00,1017760,48,1
2831000,,,1017761,49,0
2831000,,,1017762,50,0
2831000,13:25:00,13:25:00,1017763,51,1
2831001,13:30:00,13:30:00,1017715,0,1
2831001,,,1017716,1,0
2831001,,,1017717,2,0
2831001,,,1017718,3,0
2831001,13:35:00,13:35:00,1017719,4,1
2831001,,,1017720,5,0
2831001,,,1017721,6,0
2831001,,,1017722,7,0
2831001,,,1017723,8,0
2831001,,,1017724,9,0
2831001,,,1017725,10,0
2831001,,,1017726,11,0
2831001,,,1017727,12,0
2831001,,,1017728,13,0
2831001,,,1017729,14,0
2831001,,,1017730,15,0
2831001,,,1017731,16,0
2831001,,,1017732,17,0
2831001,13:45:00,13:45:00,1017733,18,1
2831001,,,1017734,19,0
2831001,,,1017735,20,0
2831001,,,1017736,21,0
2831001,,,1017737,22,0
2831001,,,1017738,23,0
2831001,,,1017739,24,0
2831001,14:00:00,14:00:00,1017568,25,1
2831001,,,1017569,26,0
2831001,,,1017571,27,0
2831001,,,1017740,28,0
2831001,,,1017741,29,0
2831001,,,1017742,30,0
2831001,,,1017743,31,0
2831001,,,1017744,32,0
2831001,14:05:00,14:05:00,1017745,33,1
2831001,,,1017746,34,0
2831001,,,1017747,35,0
2831001,,,1017748,36,0
2831001,,,1017749,37,0
2831001,,,1017750,38,0
2831001,,,1017751,39,0
2831001,,,1017752,40,0
2831001,,,1017753,41,0
2831001,,,1017754,42,0
2831001,,,1017755,43,0
2831001,,,1017756,44,0
2831001,,,1017757,45,0
2831001,,,1017758,46,0
2831001,,,1017759,47,0
2831001,14:20:00,14:20:00,1017760,48,1
2831001,,,1017761,49,0
2831001,,,1017762,50,0
2831001,14:25:00,14:25:00,1017763,51,1
2831002,14:30:00,14:30:00,1017715,0,1
2831002,,,1017716,1,0
2831002,,,1017717,2,0
2831002,,,1017718,3,0
2831002,14:35:00,14:35:00,1017719,4,1
2831002,,,1017720,5,0
2831002,,,1017721,6,0
2831002,,,1017722,7,0
2831002,,,1017723,8,0
2831002,,,1017724,9,0
2831002,,,1017725,10,0
2831002,,,1017726,11,0
2831002,,,1017727,12,0
2831002,,,1017728,13,0
2831002,,,1017729,14,0
2831002,,,1017730,15,0
2831002,,,1017731,16,0
2831002,,,1017732,17,0
2831002,14:45:00,14:45:00,1017733,18,1
2831002,,,1017734,19,0
2831002,,,1017735,20,0
2831002,,,1017736,21,0
2831002,,,1017737,22,0
2831002,,,1017738,23,0
2831002,,,1017739,24,0
2831002,15:00:00,15:00:00,1017568,25,1
2831002,,,1017569,26,0
2831002,,,1017571,27,0
2831002,,,1017740,28,0
2831002,,,1017741,29,0
2831002,,,1017742,30,0
2831002,,,1017743,31,0
2831002,,,1017744,32,0
2831002,15:05:00,15:05:00,1017745,33,1
2831002,,,1017746,34,0
2831002,,,1017747,35,0
2831002,,,1017748,36,0
2831002,,,1017749,37,0
2831002,,,1017750,38,0
2831002,,,1017751,39,0
2831002,,,1017752,40,0
2831002,,,1017753,41,0
2831002,,,1017754,42,0
2831002,,,1017755,43,0
2831002,,,1017756,44,0
2831002,,,1017757,45,0
2831002,,,1017758,46,0
2831002,,,1017759,47,0
2831002,15:20:00,15:20:00,1017760,48,1
2831002,,,1017761,49,0
2831002,,,1017762,50,0
2831002,15:25:00,15:25:00,1017763,51,1
2831003,15:30:00,15:30:00,1017715,0,1
2831003,,,1017716,1,0
2831003,,,1017717,2,0
2831003,,,1017718,3,0
2831003,15:35:00,15:35:00,1017719,4,1
2831003,,,1017720,5,0
2831003,,,1017721,6,0
2831003,,,1017722,7,0
2831003,,,1017723,8,0
2831003,,,1017724,9,0
2831003,,,1017725,10,0
2831003,,,1017726,11,0
2831003,,,1017727,12,0
2831003,,,1017728,13,0
2831003,,,1017729,14,0
2831003,,,1017730,15,0
2831003,,,1017731,16,0
2831003,,,1017732,17,0
2831003,15:45:00,15:45:00,1017733,18,1
2831003,,,1017734,19,0
2831003,,,1017735,20,0
2831003,,,1017736,21,0
2831003,,,1017737,22,0
2831003,,,1017738,23,0
2831003,,,1017739,24,0
2831003,16:00:00,16:00:00,1017568,25,1
2831003,,,1017569,26,0
2831003,,,1017571,27,0
2831003,,,1017740,28,0
2831003,,,1017741,29,0
2831003,,,1017742,30,0
2831003,,,1017743,31,0
2831003,,,1017744,32,0
2831003,16:05:00,16:05:00,1017745,33,1
2831003,,,1017746,34,0
2831003,,,1017747,35,0
2831003,,,1017748,36,0
2831003,,,1017749,37,0
2831003,,,1017750,38,0
2831003,,,1017751,39,0
2831003,,,1017752,40,0
2831003,,,1017753,41,0
2831003,,,1017754,42,0
2831003,,,1017755,43,0
2831003,,,1017756,44,0
2831003,,,1017757,45,0
2831003,,,1017758,46,0
2831003,,,1017759,47,0
2831003,16:20:00,16:20:00,1017760,48,1
2831003,,,1017761,49,0
2831003,,,1017762,50,0
2831003,16:25:00,16:25:00,1017763,51,1
2831004,16:30:00,16:30:00,1017715,0,1
2831004,,,1017716,1,0
2831004,,,1017717,2,0
2831004,,,1017718,3,0
2831004,16:35:00,16:35:00,1017719,4,1
2831004,,,1017720,5,0
2831004,,,1017721,6,0
2831004,,,1017722,7,0
2831004,,,1017723,8,0
2831004,,,1017724,9,0
2831004,,,1017725,10,0
2831004,,,1017726,11,0
2831004,,,1017727,12,0
2831004,,,1017728,13,0
2831004,,,1017729,14,0
2831004,,,1017730,15,0
2831004,,,1017731,16,0
2831004,,,1017732,17,0
2831004,16:45:00,16:45:00,1017733,18,1
2831004,,,1017734,19,0
2831004,,,1017735,20,0
2831004,,,1017736,21,0
2831004,,,1017737,22,0
2831004,,,1017738,23,0
2831004,,,1017739,24,0
2831004,17:00:00,17:00:00,1017568,25,1
2831004,,,1017569,26,0
2831004,,,1017571,27,0
2831004,,,1017740,28,0
2831004,,,1017741,29,0
2831004,,,1017742,30,0
2831004,,,1017743,31,0
2831004,,,1017744,32,0
2831004,17:05:00,17:05:00,1017745,33,1
2831004,,,1017746,34,0
2831004,,,1017747,35,0
2831004,,,1017748,36,0
2831004,,,1017749,37,0
2831004,,,1017750,38,0
2831004,,,1017751,39,0
2831004,,,1017752,40,0
2831004,,,1017753,41,0
2831004,,,1017754,42,0
2831004,,,1017755,43,0
2831004,,,1017756,44,0
2831004,,,1017757,45,0
2831004,,,1017758,46,0
2831004,,,1017759,47,0
2831004,17:20:00,17:20:00,1017760,48,1
2831004,,,1017761,49,0
2831004,,,1017762,50,0
2831004,17:25:00,17:25:00,1017763,51,1
2831005,17:30:00,17:30:00,1017715,0,1
2831005,,,1017716,1,0
2831005,,,1017717,2,0
2831005,,,1017718,3,0
2831005,17:35:00,17:35:00,1017719,4,1
2831005,,,1017720,5,0
2831005,,,1017721,6,0
2831005,,,1017722,7,0
2831005,,,1017723,8,0
2831005,,,1017724,9,0
2831005,,,1017725,10,0
2831005,,,1017726,11,0
2831005,,,1017727,12,0
2831005,,,1017728,13,0
2831005,,,1017729,14,0
2831005,,,1017730,15,0
2831005,,,1017731,16,0
2831005,,,1017732,17,0
2831005,17:45:00,17:45:00,1017733,18,1
2831005,,,1017734,19,0
2831005,,,1017735,20,0
2831005,,,1017736,21,0
2831005,,,1017737,22,0
2831005,,,1017738,23,0
2831005,,,1017739,24,0
2831005,18:00:00,18:00:00,1017568,25,1
2831005,,,1017569,26,0
2831005,,,1017571,27,0
2831005,,,1017740,28,0
2831005,,,1017741,29,0
2831005,,,1017742,30,0
2831005,,,1017743,31,0
2831005,,,1017744,32,0
2831005,18:05:00,18:05:00,1017745,33,1
2831005,,,1017746,34,0
2831005,,,1017747,35,0
2831005,,,1017748,36,0
2831005,,,1017749,37,0
2831005,,,1017750,38,0
2831005,,,1017751,39,0
2831005,,,1017752,40,0
2831005,,,1017753,41,0
2831005,,,1017754,42,0
2831005,,,1017755,43,0
2831005,,,1017756,44,0
2831005,,,1017757,45,0
2831005,,,1017758,46,0
2831005,,,1017759,47,0
2831005,18:20:00,18:20:00,1017760,48,1
2831005,,,1017761,49,0
2831005,,,1017762,50,0
2831005,18:25:00,18:25:00,1017763,51,1
2563075,09:30:00,09:30:00,1017715,0,1
2563075,,,1017716,1,0
2563075,,,1017717,2,0
2563075,,,1017718,3,0
2563075,09:35:00,09:35:00,1017719,4,1
2563075,,,1017720,5,0
2563075,,,1017721,6,0
2563075,,,1017722,7,0
2563075,,,1017723,8,0
2563075,,,1017724,9,0
2563075,,,1017725,10,0
2563075,,,1017726,11,0
2563075,,,1017727,12,0
2563075,,,1017728,13,0
2563075,,,1017729,14,0
2563075,,,1017730,15,0
2563075,,,1017731,16,0
2563075,,,1017732,17,0
2563075,09:45:00,09:45:00,1017733,18,1
2563075,,,1017734,19,0
2563075,,,1017735,20,0
2563075,,,1017736,21,0
2563075,,,1017737,22,0
2563075,,,1017738,23,0
2563075,,,1017739,24,0
2563075,10:00:00,10:00:00,1017568,25,1
2563075,,,1017569,26,0
2563075,,,1017571,27,0
2563075,,,1017740,28,0
2563075,,,1017741,29,0
2563075,,,1017742,30,0
2563075,,,1017743,31,0
2563075,,,1017744,32,0
2563075,10:05:00,10:05:00,1017745,33,1
2563075,,,1017746,34,0
2563075,,,1017747,35,0
2563075,,,1017748,36,0
2563075,,,1017749,37,0
2563075,,,1017750,38,0
2563075,,,1017751,39,0
2563075,,,1017752,40,0
2563075,,,1017753,41,0
2563075,,,1017754,42,0
2563075,,,1017755,43,0
2563075,,,1017756,44,0
2563075,,,1017757,45,0
2563075,,,1017758,46,0
2563075,,,1017759,47,0
2563075,10:20:00,10:20:00,1017760,48,1
2563075,,,1017761,49,0
2563075,,,1017762,50,0
2563075,10:25:00,10:25:00,1017763,51,1
2831006,10:30:00,10:30:00,1017715,0,1
2831006,,,1017716,1,0
2831006,,,1017717,2,0
2831006,,,1017718,3,0
2831006,10:35:00,10:35:00,1017719,4,1
2831006,,,1017720,5,0
2831006,,,1017721,6,0
2831006,,,1017722,7,0
2831006,,,1017723,8,0
2831006,,,1017724,9,0
2831006,,,1017725,10,0
2831006,,,1017726,11,0
2831006,,,1017727,12,0
2831006,,,1017728,13,0
2831006,,,1017729,14,0
2831006,,,1017730,15,0
2831006,,,1017731,16,0
2831006,,,1017732,17,0
2831006,10:45:00,10:45:00,1017733,18,1
2831006,,,1017734,19,0
2831006,,,1017735,20,0
2831006,,,1017736,21,0
2831006,,,1017737,22,0
2831006,,,1017738,23,0
2831006,,,1017739,24,0
2831006,11:00:00,11:00:00,1017568,25,1
2831006,,,1017569,26,0
2831006,,,1017571,27,0
2831006,,,1017740,28,0
2831006,,,1017741,29,0
2831006,,,1017742,30,0
2831006,,,1017743,31,0
2831006,,,1017744,32,0
2831006,11:05:00,11:05:00,1017745,33,1
2831006,,,1017746,34,0
2831006,,,1017747,35,0
2831006,,,1017748,36,0
2831006,,,1017749,37,0
2831006,,,1017750,38,0
2831006,,,1017751,39,0
2831006,,,1017752,40,0
2831006,,,1017753,41,0
2831006,,,1017754,42,0
2831006,,,1017755,43,0
2831006,,,1017756,44,0
2831006,,,1017757,45,0
2831006,,,1017758,46,0
2831006,,,1017759,47,0
2831006,11:20:00,11:20:00,1017760,48,1
2831006,,,1017761,49,0
2831006,,,1017762,50,0
2831006,11:25:00,11:25:00,1017763,51,1
2831007,11:30:00,11:30:00,1017715,0,1
2831007,,,1017716,1,0
2831007,,,1017717,2,0
2831007,,,1017718,3,0
2831007,11:35:00,11:35:00,1017719,4,1
2831007,,,1017720,5,0
2831007,,,1017721,6,0
2831007,,,1017722,7,0
2831007,,,1017723,8,0
2831007,,,1017724,9,0
2831007,,,1017725,10,0
2831007,,,1017726,11,0
2831007,,,1017727,12,0
2831007,,,1017728,13,0
2831007,,,1017729,14,0
2831007,,,1017730,15,0
2831007,,,1017731,16,0
2831007,,,1017732,17,0
2831007,11:45:00,11:45:00,1017733,18,1
2831007,,,1017734,19,0
2831007,,,1017735,20,0
2831007,,,1017736,21,0
2831007,,,1017737,22,0
2831007,,,1017738,23,0
2831007,,,1017739,24,0
2831007,12:00:00,12:00:00,1017568,25,1
2831007,,,1017569,26,0
2831007,,,1017571,27,0
2831007,,,1017740,28,0
2831007,,,1017741,29,0
2831007,,,1017742,30,0
2831007,,,1017743,31,0
2831007,,,1017744,32,0
2831007,12:05:00,12:05:00,1017745,33,1
2831007,,,1017746,34,0
2831007,,,1017747,35,0
2831007,,,1017748,36,0
2831007,,,1017749,37,0
2831007,,,1017750,38,0
2831007,,,1017751,39,0
2831007,,,1017752,40,0
2831007,,,1017753,41,0
2831007,,,1017754,42,0
2831007,,,1017755,43,0
2831007,,,1017756,44,0
2831007,,,1017757,45,0
2831007,,,1017758,46,0
2831007,,,1017759,47,0
2831007,12:20:00,12:20:00,1017760,48,1
2831007,,,1017761,49,0
2831007,,,1017762,50,0
2831007,12:25:00,12:25:00,1017763,51,1
2831008,12:30:00,12:30:00,1017715,0,1
2831008,,,1017716,1,0
2831008,,,1017717,2,0
2831008,,,1017718,3,0
2831008,12:35:00,12:35:00,1017719,4,1
2831008,,,1017720,5,0
2831008,,,1017721,6,0
2831008,,,1017722,7,0
2831008,,,1017723,8,0
2831008,,,1017724,9,0
2831008,,,1017725,10,0
2831008,,,1017726,11,0
2831008,,,1017727,12,0
2831008,,,1017728,13,0
2831008,,,1017729,14,0
2831008,,,1017730,15,0
2831008,,,1017731,16,0
2831008,,,1017732,17,0
2831008,12:45:00,12:45:00,1017733,18,1
2831008,,,1017734,19,0
2831008,,,1017735,20,0
2831008,,,1017736,21,0
2831008,,,1017737,22,0
2831008,,,1017738,23,0
2831008,,,1017739,24,0
2831008,13:00:00,13:00:00,1017568,25,1
2831008,,,1017569,26,0
2831008,,,1017571,27,0
2831008,,,1017740,28,0
2831008,,,1017741,29,0
2831008,,,1017742,30,0
2831008,,,1017743,31,0
2831008,,,1017744,32,0
2831008,13:05:00,13:05:00,1017745,33,1
2831008,,,1017746,34,0
2831008,,,1017747,35,0
2831008,,,1017748,36,0
2831008,,,1017749,37,0
2831008,,,1017750,38,0
2831008,,,1017751,39,0
2831008,,,1017752,40,0
2831008,,,1017753,41,0
2831008,,,1017754,42,0
2831008,,,1017755,43,0
2831008,,,1017756,44,0
2831008,,,1017757,45,0
2831008,,,1017758,46,0
2831008,,,1017759,47,0
2831008,13:20:00,13:20:00,1017760,48,1
2831008,,,1017761,49,0
2831008,,,1017762,50,0
2831008,13:25:00,13:25:00,1017763,51,1
2831009,13:30:00,13:30:00,1017715,0,1
2831009,,,1017716,1,0
2831009,,,1017717,2,0
2831009,,,1017718,3,0
2831009,13:35:00,13:35:00,1017719,4,1
2831009,,,1017720,5,0
2831009,,,1017721,6,0
2831009,,,1017722,7,0
2831009,,,1017723,8,0
2831009,,,1017724,9,0
2831009,,,1017725,10,0
2831009,,,1017726,11,0
2831009,,,1017727,12,0
2831009,,,1017728,13,0
2831009,,,1017729,14,0
2831009,,,1017730,15,0
2831009,,,1017731,16,0
2831009,,,1017732,17,0
2831009,13:45:00,13:45:00,1017733,18,1
2831009,,,1017734,19,0
2831009,,,1017735,20,0
2831009,,,1017736,21,0
2831009,,,1017737,22,0
2831009,,,1017738,23,0
2831009,,,1017739,24,0
2831009,14:00:00,14:00:00,1017568,25,1
2831009,,,1017569,26,0
2831009,,,1017571,27,0
2831009,,,1017740,28,0
2831009,,,1017741,29,0
2831009,,,1017742,30,0
2831009,,,1017743,31,0
2831009,,,1017744,32,0
2831009,14:05:00,14:05:00,1017745,33,1
2831009,,,1017746,34,0
2831009,,,1017747,35,0
2831009,,,1017748,36,0
2831009,,,1017749,37,0
2831009,,,1017750,38,0
2831009,,,1017751,39,0
2831009,,,1017752,40,0
2831009,,,1017753,41,0
2831009,,,1017754,42,0
2831009,,,1017755,43,0
2831009,,,1017756,44,0
2831009,,,1017757,45,0
2831009,,,1017758,46,0
2831009,,,1017759,47,0
2831009,14:20:00,14:20:00,1017760,48,1
2831009,,,1017761,49,0
2831009,,,1017762,50,0
2831009,14:25:00,14:25:00,1017763,51,1
2831010,14:30:00,14:30:00,1017715,0,1
2831010,,,1017716,1,0
2831010,,,1017717,2,0
2831010,,,1017718,3,0
2831010,14:35:00,14:35:00,1017719,4,1
2831010,,,1017720,5,0
2831010,,,1017721,6,0
2831010,,,1017722,7,0
2831010,,,1017723,8,0
2831010,,,1017724,9,0
2831010,,,1017725,10,0
2831010,,,1017726,11,0
2831010,,,1017727,12,0
2831010,,,1017728,13,0
2831010,,,1017729,14,0
2831010,,,1017730,15,0
2831010,,,1017731,16,0
2831010,,,1017732,17,0
2831010,14:45:00,14:45:00,1017733,18,1
2831010,,,1017734,19,0
2831010,,,1017735,20,0
2831010,,,1017736,21,0
2831010,,,1017737,22,0
2831010,,,1017738,23,0
2831010,,,1017739,24,0
2831010,15:00:00,15:00:00,1017568,25,1
2831010,,,1017569,26,0
2831010,,,1017571,27,0
2831010,,,1017740,28,0
2831010,,,1017741,29,0
2831010,,,1017742,30,0
2831010,,,1017743,31,0
2831010,,,1017744,32,0
2831010,15:05:00,15:05:00,1017745,33,1
2831010,,,1017746,34,0
2831010,,,1017747,35,0
2831010,,,1017748,36,0
2831010,,,1017749,37,0
2831010,,,1017750,38,0
2831010,,,1017751,39,0
2831010,,,1017752,40,0
2831010,,,1017753,41,0
2831010,,,1017754,42,0
2831010,,,1017755,43,0
2831010,,,1017756,44,0
2831010,,,1017757,45,0
2831010,,,1017758,46,0
2831010,,,1017759,47,0
2831010,15:20:00,15:20:00,1017760,48,1
2831010,,,1017761,49,0
2831010,,,1017762,50,0
2831010,15:25:00,15:25:00,1017763,51,1
2831011,15:30:00,15:30:00,1017715,0,1
2831011,,,1017716,1,0
2831011,,,1017717,2,0
2831011,,,1017718,3,0
2831011,15:35:00,15:35:00,1017719,4,1
2831011,,,1017720,5,0
2831011,,,1017721,6,0
2831011,,,1017722,7,0
2831011,,,1017723,8,0
2831011,,,1017724,9,0
2831011,,,1017725,10,0
2831011,,,1017726,11,0
2831011,,,1017727,12,0
2831011,,,1017728,13,0
2831011,,,1017729,14,0
2831011,,,1017730,15,0
2831011,,,1017731,16,0
2831011,,,1017732,17,0
2831011,15:45:00,15:45:00,1017733,18,1
2831011,,,1017734,19,0
2831011,,,1017735,20,0
2831011,,,1017736,21,0
2831011,,,1017737,22,0
2831011,,,1017738,23,0
2831011,,,1017739,24,0
2831011,16:00:00,16:00:00,1017568,25,1
2831011,,,1017569,26,0
2831011,,,1017571,27,0
2831011,,,1017740,28,0
2831011,,,1017741,29,0
2831011,,,1017742,30,0
2831011,,,1017743,31,0
2831011,,,1017744,32,0
2831011,16:05:00,16:05:00,1017745,33,1
2831011,,,1017746,34,0
2831011,,,1017747,35,0
2831011,,,1017748,36,0
2831011,,,1017749,37,0
2831011,,,1017750,38,0
2831011,,,1017751,39,0
2831011,,,1017752,40,0
2831011,,,1017753,41,0
2831011,,,1017754,42,0
2831011,,,1017755,43,0
2831011,,,1017756,44,0
2831011,,,1017757,45,0
2831011,,,1017758,46,0
2831011,,,1017759,47,0
2831011,16:20:00,16:20:00,1017760,48,1
2831011,,,1017761,49,0
2831011,,,1017762,50,0
2831011,16:25:00,16:25:00,1017763,51,1
2831012,16:30:00,16:30:00,1017715,0,1
2831012,,,1017716,1,0
2831012,,,1017717,2,0
2831012,,,1017718,3,0
2831012,16:35:00,16:35:00,1017719,4,1
2831012,,,1017720,5,0
2831012,,,1017721,6,0
2831012,,,1017722,7,0
2831012,,,1017723,8,0
2831012,,,1017724,9,0
2831012,,,1017725,10,0
2831012,,,1017726,11,0
2831012,,,1017727,12,0
2831012,,,1017728,13,0
2831012,,,1017729,14,0
2831012,,,1017730,15,0
2831012,,,1017731,16,0
2831012,,,1017732,17,0
2831012,16:45:00,16:45:00,1017733,18,1
2831012,,,1017734,19,0
2831012,,,1017735,20,0
2831012,,,1017736,21,0
2831012,,,1017737,22,0
2831012,,,1017738,23,0
2831012,,,1017739,24,0
2831012,17:00:00,17:00:00,1017568,25,1
2831012,,,1017569,26,0
2831012,,,1017571,27,0
2831012,,,1017740,28,0
2831012,,,1017741,29,0
2831012,,,1017742,30,0
2831012,,,1017743,31,0
2831012,,,1017744,32,0
2831012,17:05:00,17:05:00,1017745,33,1
2831012,,,1017746,34,0
2831012,,,1017747,35,0
2831012,,,1017748,36,0
2831012,,,1017749,37,0
2831012,,,1017750,38,0
2831012,,,1017751,39,0
2831012,,,1017752,40,0
2831012,,,1017753,41,0
2831012,,,1017754,42,0
2831012,,,1017755,43,0
2831012,,,1017756,44,0
2831012,,,1017757,45,0
2831012,,,1017758,46,0
2831012,,,1017759,47,0
2831012,17:20:00,17:20:00,1017760,48,1
2831012,,,1017761,49,0
2831012,,,1017762,50,0
2831012,17:25:00,17:25:00,1017763,51,1
2831013,17:30:00,17:30:00,1017715,0,1
2831013,,,1017716,1,0
2831013,,,1017717,2,0
2831013,,,1017718,3,0
2831013,17:35:00,17:35:00,1017719,4,1
2831013,,,1017720,5,0
2831013,,,1017721,6,0
2831013,,,1017722,7,0
2831013,,,1017723,8,0
2831013,,,1017724,9,0
2831013,,,1017725,10,0
2831013,,,1017726,11,0
2831013,,,1017727,12,0
2831013,,,1017728,13,0
2831013,,,1017729,14,0
2831013,,,1017730,15,0
2831013,,,1017731,16,0
2831013,,,1017732,17,0
2831013,17:45:00,17:45:00,1017733,18,1
2831013,,,1017734,19,0
2831013,,,1017735,20,0
2831013,,,1017736,21,0
2831013,,,1017737,22,0
2831013,,,1017738,23,0
2831013,,,1017739,24,0
2831013,18:00:00,18:00:00,1017568,25,1
2831013,,,1017569,26,0
2831013,,,1017571,27,0
2831013,,,1017740,28,0
2831013,,,1017741,29,0
2831013,,,1017742,30,0
2831013,,,1017743,31,0
2831013,,,1017744,32,0
2831013,18:05:00,18:05:00,1017745,33,1
2831013,,,1017746,34,0
2831013,,,1017747,35,0
2831013,,,1017748,36,0
2831013,,,1017749,37,0
2831013,,,1017750,38,0
2831013,,,1017751,39,0
2831013,,,1017752,40,0
2831013,,,1017753,41,0
2831013,,,1017754,42,0
2831013,,,1017755,43,0
2831013,,,1017756,44,0
2831013,,,1017757,45,0
2831013,,,1017758,46,0
2831013,,,1017759,47,0
2831013,18:20:00,18:20:00,1017760,48,1
2831013,,,1017761,49,0
2831013,,,1017762,50,0
2831013,18:25:00,18:25:00,1017763,51,1
2563066,05:30:00,05:30:00,1017528,0,1
2563066,,,1017529,1,0
2563066,,,1017530,2,0
2563066,,,1017531,3,0
2563066,,,1017532,4,0
2563066,05:35:00,05:35:00,1017533,5,1
2563066,,,1017534,6,0
2563066,,,1017535,7,0
2563066,,,1017536,8,0
2563066,,,1017537,9,0
2563066,,,1017538,10,0
2563066,05:40:00,05:40:00,1017539,11,1
2563066,,,1017540,12,0
2563066,,,1017541,13,0
2563066,,,1017542,14,0
2563066,,,1017543,15,0
2563066,,,1017544,16,0
2563066,,,1017545,17,0
2563066,05:45:00,05:45:00,1017546,18,1
2563066,,,1017547,19,0
2563066,,,1017548,20,0
2563066,,,1017549,21,0
2563066,,,1017550,22,0
2563066,,,1017551,23,0
2563066,,,1017552,24,0
2563066,,,1017553,25,0
2563066,,,1017554,26,0
2563066,,,1017555,27,0
2563066,,,1017556,28,0
2563066,,,1017557,29,0
2563066,,,1017558,30,0
2563066,,,1017559,31,0
2563066,,,1017560,32,0
2563066,,,1017561,33,0
2563066,,,1017562,34,0
2563066,,,1017563,35,0
2563066,06:05:00,06:05:00,1017564,36,1
2563066,,,1017565,37,0
2563066,,,1017566,38,0
2563066,,,1017567,39,0
2563066,06:15:00,06:15:00,1017568,40,1
2563066,,,1017569,41,0
2563066,,,1017570,42,0
2563066,,,1017571,43,0
2563066,,,1017572,44,0
2563066,,,1017573,45,0
2563066,06:20:00,06:20:00,1017574,46,1
2563066,,,1017575,47,0
2563066,,,1017576,48,0
2563066,,,1017577,49,0
2563066,,,1017578,50,0
2563066,06:25:00,06:25:00,1017579,51,1
2831014,06:30:00,06:30:00,1017528,0,1
2831014,,,1017529,1,0
2831014,,,1017530,2,0
2831014,,,1017531,3,0
2831014,,,1017532,4,0
2831014,06:35:00,06:35:00,1017533,5,1
2831014,,,1017534,6,0
2831014,,,1017535,7,0
2831014,,,1017536,8,0
2831014,,,1017537,9,0
2831014,,,1017538,10,0
2831014,06:40:00,06:40:00,1017539,11,1
2831014,,,1017540,12,0
2831014,,,1017541,13,0
2831014,,,1017542,14,0
2831014,,,1017543,15,0
2831014,,,1017544,16,0
2831014,,,1017545,17,0
2831014,06:45:00,06:45:00,1017546,18,1
2831014,,,1017547,19,0
2831014,,,1017548,20,0
2831014,,,1017549,21,0
2831014,,,1017550,22,0
2831014,,,1017551,23,0
2831014,,,1017552,24,0
2831014,,,1017553,25,0
2831014,,,1017554,26,0
2831014,,,1017555,27,0
2831014,,,1017556,28,0
2831014,,,1017557,29,0
2831014,,,1017558,30,0
2831014,,,1017559,31,0
2831014,,,1017560,32,0
2831014,,,1017561,33,0
2831014,,,1017562,34,0
2831014,,,1017563,35,0
2831014,07:05:00,07:05:00,1017564,36,1
2831014,,,1017565,37,0
2831014,,,1017566,38,0
2831014,,,1017567,39,0
2831014,07:15:00,07:15:00,1017568,40,1
2831014,,,1017569,41,0
2831014,,,1017570,42,0
2831014,,,1017571,43,0
2831014,,,1017572,44,0
2831014,,,1017573,45,0
2831014,07:20:00,07:20:00,1017574,46,1
2831014,,,1017575,47,0
2831014,,,1017576,48,0
2831014,,,1017577,49,0
2831014,,,1017578,50,0
2831014,07:25:00,07:25:00,1017579,51,1
2831015,07:30:00,07:30:00,1017528,0,1
2831015,,,1017529,1,0
2831015,,,1017530,2,0
2831015,,,1017531,3,0
2831015,,,1017532,4,0
2831015,07:35:00,07:35:00,1017533,5,1
2831015,,,1017534,6,0
2831015,,,1017535,7,0
2831015,,,1017536,8,0
2831015,,,1017537,9,0
2831015,,,1017538,10,0
2831015,07:40:00,07:40:00,1017539,11,1
2831015,,,1017540,12,0
2831015,,,1017541,13,0
2831015,,,1017542,14,0
2831015,,,1017543,15,0
2831015,,,1017544,16,0
2831015,,,1017545,17,0
2831015,07:45:00,07:45:00,1017546,18,1
2831015,,,1017547,19,0
2831015,,,1017548,20,0
2831015,,,1017549,21,0
2831015,,,1017550,22,0
2831015,,,1017551,23,0
2831015,,,1017552,24,0
2831015,,,1017553,25,0
2831015,,,1017554,26,0
2831015,,,1017555,27,0
2831015,,,1017556,28,0
2831015,,,1017557,29,0
2831015,,,1017558,30,0
2831015,,,1017559,31,0
2831015,,,1017560,32,0
2831015,,,1017561,33,0
2831015,,,1017562,34,0
2831015,,,1017563,35,0
2831015,08:05:00,08:05:00,1017564,36,1
2831015,,,1017565,37,0
2831015,,,1017566,38,0
2831015,,,1017567,39,0
2831015,08:15:00,08:15:00,1017568,40,1
2831015,,,1017569,41,0
2831015,,,1017570,42,0
2831015,,,1017571,43,0
2831015,,,1017572,44,0
2831015,,,1017573,45,0
2831015,08:20:00,08:20:00,1017574,46,1
2831015,,,1017575,47,0
2831015,,,1017576,48,0
2831015,,,1017577,49,0
2831015,,,1017578,50,0
2831015,08:25:00,08:25:00,1017579,51,1
2831016,08:30:00,08:30:00,1017528,0,1
2831016,,,1017529,1,0
2831016,,,1017530,2,0
2831016,,,1017531,3,0
2831016,,,1017532,4,0
2831016,08:35:00,08:35:00,1017533,5,1
2831016,,,1017534,6,0
2831016,,,1017535,7,0
2831016,,,1017536,8,0
2831016,,,1017537,9,0
2831016,,,1017538,10,0
2831016,08:40:00,08:40:00,1017539,11,1
2831016,,,1017540,12,0
2831016,,,1017541,13,0
2831016,,,1017542,14,0
2831016,,,1017543,15,0
2831016,,,1017544,16,0
2831016,,,1017545,17,0
2831016,08:45:00,08:45:00,1017546,18,1
2831016,,,1017547,19,0
2831016,,,1017548,20,0
2831016,,,1017549,21,0
2831016,,,1017550,22,0
2831016,,,1017551,23,0
2831016,,,1017552,24,0
2831016,,,1017553,25,0
2831016,,,1017554,26,0
2831016,,,1017555,27,0
2831016,,,1017556,28,0
2831016,,,1017557,29,0
2831016,,,1017558,30,0
2831016,,,1017559,31,0
2831016,,,1017560,32,0
2831016,,,1017561,33,0
2831016,,,1017562,34,0
2831016,,,1017563,35,0
2831016,09:05:00,09:05:00,1017564,36,1
2831016,,,1017565,37,0
2831016,,,1017566,38,0
2831016,,,1017567,39,0
2831016,09:15:00,09:15:00,1017568,40,1
2831016,,,1017569,41,0
2831016,,,1017570,42,0
2831016,,,1017571,43,0
2831016,,,1017572,44,0
2831016,,,1017573,45,0
2831016,09:20:00,09:20:00,1017574,46,1
2831016,,,1017575,47,0
2831016,,,1017576,48,0
2831016,,,1017577,49,0
2831016,,,1017578,50,0
2831016,09:25:00,09:25:00,1017579,51,1
2831017,09:30:00,09:30:00,1017528,0,1
2831017,,,1017529,1,0
2831017,,,1017530,2,0
2831017,,,1017531,3,0
2831017,,,1017532,4,0
2831017,09:35:00,09:35:00,1017533,5,1
2831017,,,1017534,6,0
2831017,,,1017535,7,0
2831017,,,1017536,8,0
2831017,,,1017537,9,0
2831017,,,1017538,10,0
2831017,09:40:00,09:40:00,1017539,11,1
2831017,,,1017540,12,0
2831017,,,1017541,13,0
2831017,,,1017542,14,0
2831017,,,1017543,15,0
2831017,,,1017544,16,0
2831017,,,1017545,17,0
2831017,09:45:00,09:45:00,1017546,18,1
2831017,,,1017547,19,0
2831017,,,1017548,20,0
2831017,,,1017549,21,0
2831017,,,1017550,22,0
2831017,,,1017551,23,0
2831017,,,1017552,24,0
2831017,,,1017553,25,0
2831017,,,1017554,26,0
2831017,,,1017555,27,0
2831017,,,1017556,28,0
2831017,,,1017557,29,0
2831017,,,1017558,30,0
2831017,,,1017559,31,0
2831017,,,1017560,32,0
2831017,,,1017561,33,0
2831017,,,1017562,34,0
2831017,,,1017563,35,0
2831017,10:05:00,10:05:00,1017564,36,1
2831017,,,1017565,37,0
2831017,,,1017566,38,0
2831017,,,1017567,39,0
2831017,10:15:00,10:15:00,1017568,40,1
2831017,,,1017569,41,0
2831017,,,1017570,42,0
2831017,,,1017571,43,0
2831017,,,1017572,44,0
2831017,,,1017573,45,0
2831017,10:20:00,10:20:00,1017574,46,1
2831017,,,1017575,47,0
2831017,,,1017576,48,0
2831017,,,1017577,49,0
2831017,,,1017578,50,0
2831017,10:25:00,10:25:00,1017579,51,1
2831018,10:30:00,10:30:00,1017528,0,1
2831018,,,1017529,1,0
2831018,,,1017530,2,0
2831018,,,1017531,3,0
2831018,,,1017532,4,0
2831018,10:35:00,10:35:00,1017533,5,1
2831018,,,1017534,6,0
2831018,,,1017535,7,0
2831018,,,1017536,8,0
2831018,,,1017537,9,0
2831018,,,1017538,10,0
2831018,10:40:00,10:40:00,1017539,11,1
2831018,,,1017540,12,0
2831018,,,1017541,13,0
2831018,,,1017542,14,0
2831018,,,1017543,15,0
2831018,,,1017544,16,0
2831018,,,1017545,17,0
2831018,10:45:00,10:45:00,1017546,18,1
2831018,,,1017547,19,0
2831018,,,1017548,20,0
2831018,,,1017549,21,0
2831018,,,1017550,22,0
2831018,,,1017551,23,0
2831018,,,1017552,24,0
2831018,,,1017553,25,0
2831018,,,1017554,26,0
2831018,,,1017555,27,0
2831018,,,1017556,28,0
2831018,,,1017557,29,0
2831018,,,1017558,30,0
2831018,,,1017559,31,0
2831018,,,1017560,32,0
2831018,,,1017561,33,0
2831018,,,1017562,34,0
2831018,,,1017563,35,0
2831018,11:05:00,11:05:00,1017564,36,1
2831018,,,1017565,37,0
2831018,,,1017566,38,0
2831018,,,1017567,39,0
2831018,11:15:00,11:15:00,1017568,40,1
2831018,,,1017569,41,0
2831018,,,1017570,42,0
2831018,,,1017571,43,0
2831018,,,1017572,44,0
2831018,,,1017573,45,0
2831018,11:20:00,11:20:00,1017574,46,1
2831018,,,1017575,47,0
2831018,,,1017576,48,0
2831018,,,1017577,49,0
2831018,,,1017578,50,0
2831018,11:25:00,11:25:00,1017579,51,1
2831019,11:30:00,11:30:00,1017528,0,1
2831019,,,1017529,1,0
2831019,,,1017530,2,0
2831019,,,1017531,3,0
2831019,,,1017532,4,0
2831019,11:35:00,11:35:00,1017533,5,1
2831019,,,1017534,6,0
2831019,,,1017535,7,0
2831019,,,1017536,8,0
2831019,,,1017537,9,0
2831019,,,1017538,10,0
2831019,11:40:00,11:40:00,1017539,11,1
2831019,,,1017540,12,0
2831019,,,1017541,13,0
2831019,,,1017542,14,0
2831019,,,1017543,15,0
2831019,,,1017544,16,0
2831019,,,1017545,17,0
2831019,11:45:00,11:45:00,1017546,18,1
2831019,,,1017547,19,0
2831019,,,1017548,20,0
2831019,,,1017549,21,0
2831019,,,1017550,22,0
2831019,,,1017551,23,0
2831019,,,1017552,24,0
2831019,,,1017553,25,0
2831019,,,1017554,26,0
2831019,,,1017555,27,0
2831019,,,1017556,28,0
2831019,,,1017557,29,0
2831019,,,1017558,30,0
2831019,,,1017559,31,0
2831019,,,1017560,32,0
2831019,,,1017561,33,0
2831019,,,1017562,34,0
2831019,,,1017563,35,0
2831019,12:05:00,12:05:00,1017564,36,1
2831019,,,1017565,37,0
2831019,,,1017566,38,0
2831019,,,1017567,39,0
2831019,12:15:00,12:15:00,1017568,40,1
2831019,,,1017569,41,0
2831019,,,1017570,42,0
2831019,,,1017571,43,0
2831019,,,1017572,44,0
2831019,,,1017573,45,0
2831019,12:20:00,12:20:00,1017574,46,1
2831019,,,1017575,47,0
2831019,,,1017576,48,0
2831019,,,1017577,49,0
2831019,,,1017578,50,0
2831019,12:25:00,12:25:00,1017579,51,1
2831020,12:30:00,12:30:00,1017528,0,1
2831020,,,1017529,1,0
2831020,,,1017530,2,0
2831020,,,1017531,3,0
2831020,,,1017532,4,0
2831020,12:35:00,12:35:00,1017533,5,1
2831020,,,1017534,6,0
2831020,,,1017535,7,0
2831020,,,1017536,8,0
2831020,,,1017537,9,0
2831020,,,1017538,10,0
2831020,12:40:00,12:40:00,1017539,11,1
2831020,,,1017540,12,0
2831020,,,1017541,13,0
2831020,,,1017542,14,0
2831020,,,1017543,15,0
2831020,,,1017544,16,0
2831020,,,1017545,17,0
2831020,12:45:00,12:45:00,1017546,18,1
2831020,,,1017547,19,0
2831020,,,1017548,20,0
2831020,,,1017549,21,0
2831020,,,1017550,22,0
2831020,,,1017551,23,0
2831020,,,1017552,24,0
2831020,,,1017553,25,0
2831020,,,1017554,26,0
2831020,,,1017555,27,0
2831020,,,1017556,28,0
2831020,,,1017557,29,0
2831020,,,1017558,30,0
2831020,,,1017559,31,0
2831020,,,1017560,32,0
2831020,,,1017561,33,0
2831020,,,1017562,34,0
2831020,,,1017563,35,0
2831020,13:05:00,13:05:00,1017564,36,1
2831020,,,1017565,37,0
2831020,,,1017566,38,0
2831020,,,1017567,39,0
2831020,13:15:00,13:15:00,1017568,40,1
2831020,,,1017569,41,0
2831020,,,1017570,42,0
2831020,,,1017571,43,0
2831020,,,1017572,44,0
2831020,,,1017573,45,0
2831020,13:20:00,13:20:00,1017574,46,1
2831020,,,1017575,47,0
2831020,,,1017576,48,0
2831020,,,1017577,49,0
2831020,,,1017578,50,0
2831020,13:25:00,13:25:00,1017579,51,1
2831021,13:30:00,13:30:00,1017528,0,1
2831021,,,1017529,1,0
2831021,,,1017530,2,0
2831021,,,1017531,3,0
2831021,,,1017532,4,0
2831021,13:35:00,13:35:00,1017533,5,1
2831021,,,1017534,6,0
2831021,,,1017535,7,0
2831021,,,1017536,8,0
2831021,,,1017537,9,0
2831021,,,1017538,10,0
2831021,13:40:00,13:40:00,1017539,11,1
2831021,,,1017540,12,0
2831021,,,1017541,13,0
2831021,,,1017542,14,0
2831021,,,1017543,15,0
2831021,,,1017544,16,0
2831021,,,1017545,17,0
2831021,13:45:00,13:45:00,1017546,18,1
2831021,,,1017547,19,0
2831021,,,1017548,20,0
2831021,,,1017549,21,0
2831021,,,1017550,22,0
2831021,,,1017551,23,0
2831021,,,1017552,24,0
2831021,,,1017553,25,0
2831021,,,1017554,26,0
2831021,,,1017555,27,0
2831021,,,1017556,28,0
2831021,,,1017557,29,0
2831021,,,1017558,30,0
2831021,,,1017559,31,0
2831021,,,1017560,32,0
2831021,,,1017561,33,0
2831021,,,1017562,34,0
2831021,,,1017563,35,0
2831021,14:05:00,14:05:00,1017564,36,1
2831021,,,1017565,37,0
2831021,,,1017566,38,0
2831021,,,1017567,39,0
2831021,14:15:00,14:15:00,1017568,40,1
2831021,,,1017569,41,0
2831021,,,1017570,42,0
2831021,,,1017571,43,0
2831021,,,1017572,44,0
2831021,,,1017573,45,0
2831021,14:20:00,14:20:00,1017574,46,1
2831021,,,1017575,47,0
2831021,,,1017576,48,0
2831021,,,1017577,49,0
2831021,,,1017578,50,0
2831021,14:25:00,14:25:00,1017579,51,1
2831022,14:30:00,14:30:00,1017528,0,1
2831022,,,1017529,1,0
2831022,,,1017530,2,0
2831022,,,1017531,3,0
2831022,,,1017532,4,0
2831022,14:35:00,14:35:00,1017533,5,1
2831022,,,1017534,6,0
2831022,,,1017535,7,0
2831022,,,1017536,8,0
2831022,,,1017537,9,0
2831022,,,1017538,10,0
2831022,14:40:00,14:40:00,1017539,11,1
2831022,,,1017540,12,0
2831022,,,1017541,13,0
2831022,,,1017542,14,0
2831022,,,1017543,15,0
2831022,,,1017544,16,0
2831022,,,1017545,17,0
2831022,14:45:00,14:45:00,1017546,18,1
2831022,,,1017547,19,0
2831022,,,1017548,20,0
2831022,,,1017549,21,0
2831022,,,1017550,22,0
2831022,,,1017551,23,0
2831022,,,1017552,24,0
2831022,,,1017553,25,0
2831022,,,1017554,26,0
2831022,,,1017555,27,0
2831022,,,1017556,28,0
2831022,,,1017557,29,0
2831022,,,1017558,30,0
2831022,,,1017559,31,0
2831022,,,1017560,32,0
2831022,,,1017561,33,0
2831022,,,1017562,34,0
2831022,,,1017563,35,0
2831022,15:05:00,15:05:00,1017564,36,1
2831022,,,1017565,37,0
2831022,,,1017566,38,0
2831022,,,1017567,39,0
2831022,15:15:00,15:15:00,1017568,40,1
2831022,,,1017569,41,0
2831022,,,1017570,42,0
2831022,,,1017571,43,0
2831022,,,1017572,44,0
2831022,,,1017573,45,0
2831022,15:20:00,15:20:00,1017574,46,1
2831022,,,1017575,47,0
2831022,,,1017576,48,0
2831022,,,1017577,49,0
2831022,,,1017578,50,0
2831022,15:25:00,15:25:00,1017579,51,1
2831023,15:30:00,15:30:00,1017528,0,1
2831023,,,1017529,1,0
2831023,,,1017530,2,0
2831023,,,1017531,3,0
2831023,,,1017532,4,0
2831023,15:35:00,15:35:00,1017533,5,1
2831023,,,1017534,6,0
2831023,,,1017535,7,0
2831023,,,1017536,8,0
2831023,,,1017537,9,0
2831023,,,1017538,10,0
2831023,15:40:00,15:40:00,1017539,11,1
2831023,,,1017540,12,0
2831023,,,1017541,13,0
2831023,,,1017542,14,0
2831023,,,1017543,15,0
2831023,,,1017544,16,0
2831023,,,1017545,17,0
2831023,15:45:00,15:45:00,1017546,18,1
2831023,,,1017547,19,0
2831023,,,1017548,20,0
2831023,,,1017549,21,0
2831023,,,1017550,22,0
2831023,,,1017551,23,0
2831023,,,1017552,24,0
2831023,,,1017553,25,0
2831023,,,1017554,26,0
2831023,,,1017555,27,0
2831023,,,1017556,28,0
2831023,,,1017557,29,0
2831023,,,1017558,30,0
2831023,,,1017559,31,0
2831023,,,1017560,32,0
2831023,,,1017561,33,0
2831023,,,1017562,34,0
2831023,,,1017563,35,0
2831023,16:05:00,16:05:00,1017564,36,1
2831023,,,1017565,37,0
2831023,,,1017566,38,0
2831023,,,1017567,39,0
2831023,16:15:00,16:15:00,1017568,40,1
2831023,,,1017569,41,0
2831023,,,1017570,42,0
2831023,,,1017571,43,0
2831023,,,1017572,44,0
2831023,,,1017573,45,0
2831023,16:20:00,16:20:00,1017574,46,1
2831023,,,1017575,47,0
2831023,,,1017576,48,0
2831023,,,1017577,49,0
2831023,,,1017578,50,0
2831023,16:25:00,16:25:00,1017579,51,1
2831024,16:30:00,16:30:00,1017528,0,1
2831024,,,1017529,1,0
2831024,,,1017530,2,0
2831024,,,1017531,3,0
2831024,,,1017532,4,0
2831024,16:35:00,16:35:00,1017533,5,1
2831024,,,1017534,6,0
2831024,,,1017535,7,0
2831024,,,1017536,8,0
2831024,,,1017537,9,0
2831024,,,1017538,10,0
2831024,16:40:00,16:40:00,1017539,11,1
2831024,,,1017540,12,0
2831024,,,1017541,13,0
2831024,,,1017542,14,0
2831024,,,1017543,15,0
2831024,,,1017544,16,0
2831024,,,1017545,17,0
2831024,16:45:00,16:45:00,1017546,18,1
2831024,,,1017547,19,0
2831024,,,1017548,20,0
2831024,,,1017549,21,0
2831024,,,1017550,22,0
2831024,,,1017551,23,0
2831024,,,1017552,24,0
2831024,,,1017553,25,0
2831024,,,1017554,26,0
2831024,,,1017555,27,0
2831024,,,1017556,28,0
2831024,,,1017557,29,0
2831024,,,1017558,30,0
2831024,,,1017559,31,0
2831024,,,1017560,32,0
2831024,,,1017561,33,0
2831024,,,1017562,34,0
2831024,,,1017563,35,0
2831024,17:05:00,17:05:00,1017564,36,1
2831024,,,1017565,37,0
2831024,,,1017566,38,0
2831024,,,1017567,39,0
2831024,17:15:00,17:15:00,1017568,40,1
2831024,,,1017569,41,0
2831024,,,1017570,42,0
2831024,,,1017571,43,0
2831024,,,1017572,44,0
2831024,,,1017573,45,0
2831024,17:20:00,17:20:00,1017574,46,1
2831024,,,1017575,47,0
2831024,,,1017576,48,0
2831024,,,1017577,49,0
2831024,,,1017578,50,0
2831024,17:25:00,17:25:00,1017579,51,1
2831025,17:30:00,17:30:00,1017528,0,1
2831025,,,1017529,1,0
2831025,,,1017530,2,0
2831025,,,1017531,3,0
2831025,,,1017532,4,0
2831025,17:35:00,17:35:00,1017533,5,1
2831025,,,1017534,6,0
2831025,,,1017535,7,0
2831025,,,1017536,8,0
2831025,,,1017537,9,0
2831025,,,1017538,10,0
2831025,17:40:00,17:40:00,1017539,11,1
2831025,,,1017540,12,0
2831025,,,1017541,13,0
2831025,,,1017542,14,0
2831025,,,1017543,15,0
2831025,,,1017544,16,0
2831025,,,1017545,17,0
2831025,17:45:00,17:45:00,1017546,18,1
2831025,,,1017547,19,0
2831025,,,1017548,20,0
2831025,,,1017549,21,0
2831025,,,1017550,22,0
2831025,,,1017551,23,0
2831025,,,1017552,24,0
2831025,,,1017553,25,0
2831025,,,1017554,26,0
2831025,,,1017555,27,0
2831025,,,1017556,28,0
2831025,,,1017557,29,0
2831025,,,1017558,30,0
2831025,,,1017559,31,0
2831025,,,1017560,32,0
2831025,,,1017561,33,0
2831025,,,1017562,34,0
2831025,,,1017563,35,0
2831025,18:05:00,18:05:00,1017564,36,1
2831025,,,1017565,37,0
2831025,,,1017566,38,0
2831025,,,1017567,39,0
2831025,18:15:00,18:15:00,1017568,40,1
2831025,,,1017569,41,0
2831025,,,1017570,42,0
2831025,,,1017571,43,0
2831025,,,1017572,44,0
2831025,,,1017573,45,0
2831025,18:20:00,18:20:00,1017574,46,1
2831025,,,1017575,47,0
2831025,,,1017576,48,0
2831025,,,1017577,49,0
2831025,,,1017578,50,0
2831025,18:25:00,18:25:00,1017579,51,1
2831026,18:30:00,18:30:00,1017528,0,1
2831026,,,1017529,1,0
2831026,,,1017530,2,0
2831026,,,1017531,3,0
2831026,,,1017532,4,0
2831026,18:35:00,18:35:00,1017533,5,1
2831026,,,1017534,6,0
2831026,,,1017535,7,0
2831026,,,1017536,8,0
2831026,,,1017537,9,0
2831026,,,1017538,10,0
2831026,18:40:00,18:40:00,1017539,11,1
2831026,,,1017540,12,0
2831026,,,1017541,13,0
2831026,,,1017542,14,0
2831026,,,1017543,15,0
2831026,,,1017544,16,0
2831026,,,1017545,17,0
2831026,18:45:00,18:45:00,1017546,18,1
2831026,,,1017547,19,0
2831026,,,1017548,20,0
2831026,,,1017549,21,0
2831026,,,1017550,22,0
2831026,,,1017551,23,0
2831026,,,1017552,24,0
2831026,,,1017553,25,0
2831026,,,1017554,26,0
2831026,,,1017555,27,0
2831026,,,1017556,28,0
2831026,,,1017557,29,0
2831026,,,1017558,30,0
2831026,,,1017559,31,0
2831026,,,1017560,32,0
2831026,,,1017561,33,0
2831026,,,1017562,34,0
2831026,,,1017563,35,0
2831026,19:05:00,19:05:00,1017564,36,1
2831026,,,1017565,37,0
2831026,,,1017566,38,0
2831026,,,1017567,39,0
2831026,19:15:00,19:15:00,1017568,40,1
2831026,,,1017569,41,0
2831026,,,1017570,42,0
2831026,,,1017571,43,0
2831026,,,1017572,44,0
2831026,,,1017573,45,0
2831026,19:20:00,19:20:00,1017574,46,1
2831026,,,1017575,47,0
2831026,,,1017576,48,0
2831026,,,1017577,49,0
2831026,,,1017578,50,0
2831026,19:25:00,19:25:00,1017579,51,1
2563067,09:30:00,09:30:00,1017528,0,1
2563067,,,1017529,1,0
2563067,,,1017530,2,0
2563067,,,1017531,3,0
2563067,,,1017532,4,0
2563067,09:35:00,09:35:00,1017533,5,1
2563067,,,1017534,6,0
2563067,,,1017535,7,0
2563067,,,1017536,8,0
2563067,,,1017537,9,0
2563067,,,1017538,10,0
2563067,09:40:00,09:40:00,1017539,11,1
2563067,,,1017540,12,0
2563067,,,1017541,13,0
2563067,,,1017542,14,0
2563067,,,1017543,15,0
2563067,,,1017544,16,0
2563067,,,1017545,17,0
2563067,09:45:00,09:45:00,1017546,18,1
2563067,,,1017547,19,0
2563067,,,1017548,20,0
2563067,,,1017549,21,0
2563067,,,1017550,22,0
2563067,,,1017551,23,0
2563067,,,1017552,24,0
2563067,,,1017553,25,0
2563067,,,1017554,26,0
2563067,,,1017555,27,0
2563067,,,1017556,28,0
2563067,,,1017557,29,0
2563067,,,1017558,30,0
2563067,,,1017559,31,0
2563067,,,1017560,32,0
2563067,,,1017561,33,0
2563067,,,1017562,34,0
2563067,,,1017563,35,0
2563067,10:05:00,10:05:00,1017564,36,1
2563067,,,1017565,37,0
2563067,,,1017566,38,0
2563067,,,1017567,39,0
2563067,10:15:00,10:15:00,1017568,40,1
2563067,,,1017569,41,0
2563067,,,1017570,42,0
2563067,,,1017571,43,0
2563067,,,1017572,44,0
2563067,,,1017573,45,0
2563067,10:20:00,10:20:00,1017574,46,1
2563067,,,1017575,47,0
2563067,,,1017576,48,0
2563067,,,1017577,49,0
2563067,,,1017578,50,0
2563067,10:25:00,10:25:00,1017579,51,1
2831027,10:30:00,10:30:00,1017528,0,1
2831027,,,1017529,1,0
2831027,,,1017530,2,0
2831027,,,1017531,3,0
2831027,,,1017532,4,0
2831027,10:35:00,10:35:00,1017533,5,1
2831027,,,1017534,6,0
2831027,,,1017535,7,0
2831027,,,1017536,8,0
2831027,,,1017537,9,0
2831027,,,1017538,10,0
2831027,10:40:00,10:40:00,1017539,11,1
2831027,,,1017540,12,0
2831027,,,1017541,13,0
2831027,,,1017542,14,0
2831027,,,1017543,15,0
2831027,,,1017544,16,0
2831027,,,1017545,17,0
2831027,10:45:00,10:45:00,1017546,18,1
2831027,,,1017547,19,0
2831027,,,1017548,20,0
2831027,,,1017549,21,0
2831027,,,1017550,22,0
2831027,,,1017551,23,0
2831027,,,1017552,24,0
2831027,,,1017553,25,0
2831027,,,1017554,26,0
2831027,,,1017555,27,0
2831027,,,1017556,28,0
2831027,,,1017557,29,0
2831027,,,1017558,30,0
2831027,,,1017559,31,0
2831027,,,1017560,32,0
2831027,,,1017561,33,0
2831027,,,1017562,34,0
2831027,,,1017563,35,0
2831027,11:05:00,11:05:00,1017564,36,1
2831027,,,1017565,37,0
2831027,,,1017566,38,0
2831027,,,1017567,39,0
2831027,11:15:00,11:15:00,1017568,40,1
2831027,,,1017569,41,0
2831027,,,1017570,42,0
2831027,,,1017571,43,0
2831027,,,1017572,44,0
2831027,,,1017573,45,0
2831027,11:20:00,11:20:00,1017574,46,1
2831027,,,1017575,47,0
2831027,,,1017576,48,0
2831027,,,1017577,49,0
2831027,,,1017578,50,0
2831027,11:25:00,11:25:00,1017579,51,1
2831028,11:30:00,11:30:00,1017528,0,1
2831028,,,1017529,1,0
2831028,,,1017530,2,0
2831028,,,1017531,3,0
2831028,,,1017532,4,0
2831028,11:35:00,11:35:00,1017533,5,1
2831028,,,1017534,6,0
2831028,,,1017535,7,0
2831028,,,1017536,8,0
2831028,,,1017537,9,0
2831028,,,1017538,10,0
2831028,11:40:00,11:40:00,1017539,11,1
2831028,,,1017540,12,0
2831028,,,1017541,13,0
2831028,,,1017542,14,0
2831028,,,1017543,15,0
2831028,,,1017544,16,0
2831028,,,1017545,17,0
2831028,11:45:00,11:45:00,1017546,18,1
2831028,,,1017547,19,0
2831028,,,1017548,20,0
2831028,,,1017549,21,0
2831028,,,1017550,22,0
2831028,,,1017551,23,0
2831028,,,1017552,24,0
2831028,,,1017553,25,0
2831028,,,1017554,26,0
2831028,,,1017555,27,0
2831028,,,1017556,28,0
2831028,,,1017557,29,0
2831028,,,1017558,30,0
2831028,,,1017559,31,0
2831028,,,1017560,32,0
2831028,,,1017561,33,0
2831028,,,1017562,34,0
2831028,,,1017563,35,0
2831028,12:05:00,12:05:00,1017564,36,1
2831028,,,1017565,37,0
2831028,,,1017566,38,0
2831028,,,1017567,39,0
2831028,12:15:00,12:15:00,1017568,40,1
2831028,,,1017569,41,0
2831028,,,1017570,42,0
2831028,,,1017571,43,0
2831028,,,1017572,44,0
2831028,,,1017573,45,0
2831028,12:20:00,12:20:00,1017574,46,1
2831028,,,1017575,47,0
2831028,,,1017576,48,0
2831028,,,1017577,49,0
2831028,,,1017578,50,0
2831028,12:25:00,12:25:00,1017579,51,1
2831029,12:30:00,12:30:00,1017528,0,1
2831029,,,1017529,1,0
2831029,,,1017530,2,0
2831029,,,1017531,3,0
2831029,,,1017532,4,0
2831029,12:35:00,12:35:00,1017533,5,1
2831029,,,1017534,6,0
2831029,,,1017535,7,0
2831029,,,1017536,8,0
2831029,,,1017537,9,0
2831029,,,1017538,10,0
2831029,12:40:00,12:40:00,1017539,11,1
2831029,,,1017540,12,0
2831029,,,1017541,13,0
2831029,,,1017542,14,0
2831029,,,1017543,15,0
2831029,,,1017544,16,0
2831029,,,1017545,17,0
2831029,12:45:00,12:45:00,1017546,18,1
2831029,,,1017547,19,0
2831029,,,1017548,20,0
2831029,,,1017549,21,0
2831029,,,1017550,22,0
2831029,,,1017551,23,0
2831029,,,1017552,24,0
2831029,,,1017553,25,0
2831029,,,1017554,26,0
2831029,,,1017555,27,0
2831029,,,1017556,28,0
2831029,,,1017557,29,0
2831029,,,1017558,30,0
2831029,,,1017559,31,0
2831029,,,1017560,32,0
2831029,,,1017561,33,0
2831029,,,1017562,34,0
2831029,,,1017563,35,0
2831029,13:05:00,13:05:00,1017564,36,1
2831029,,,1017565,37,0
2831029,,,1017566,38,0
2831029,,,1017567,39,0
2831029,13:15:00,13:15:00,1017568,40,1
2831029,,,1017569,41,0
2831029,,,1017570,42,0
2831029,,,1017571,43,0
2831029,,,1017572,44,0
2831029,,,1017573,45,0
2831029,13:20:00,13:20:00,1017574,46,1
2831029,,,1017575,47,0
2831029,,,1017576,48,0
2831029,,,1017577,49,0
2831029,,,1017578,50,0
2831029,13:25:00,13:25:00,1017579,51,1
2831030,13:30:00,13:30:00,1017528,0,1
2831030,,,1017529,1,0
2831030,,,1017530,2,0
2831030,,,1017531,3,0
2831030,,,1017532,4,0
2831030,13:35:00,13:35:00,1017533,5,1
2831030,,,1017534,6,0
2831030,,,1017535,7,0
2831030,,,1017536,8,0
2831030,,,1017537,9,0
2831030,,,1017538,10,0
2831030,13:40:00,13:40:00,1017539,11,1
2831030,,,1017540,12,0
2831030,,,1017541,13,0
2831030,,,1017542,14,0
2831030,,,1017543,15,0
2831030,,,1017544,16,0
2831030,,,1017545,17,0
2831030,13:45:00,13:45:00,1017546,18,1
2831030,,,1017547,19,0
2831030,,,1017548,20,0
2831030,,,1017549,21,0
2831030,,,1017550,22,0
2831030,,,1017551,23,0
2831030,,,1017552,24,0
2831030,,,1017553,25,0
2831030,,,1017554,26,0
2831030,,,1017555,27,0
2831030,,,1017556,28,0
2831030,,,1017557,29,0
2831030,,,1017558,30,0
2831030,,,1017559,31,0
2831030,,,1017560,32,0
2831030,,,1017561,33,0
2831030,,,1017562,34,0
2831030,,,1017563,35,0
2831030,14:05:00,14:05:00,1017564,36,1
2831030,,,1017565,37,0
2831030,,,1017566,38,0
2831030,,,1017567,39,0
2831030,14:15:00,14:15:00,1017568,40,1
2831030,,,1017569,41,0
2831030,,,1017570,42,0
2831030,,,1017571,43,0
2831030,,,1017572,44,0
2831030,,,1017573,45,0
2831030,14:20:00,14:20:00,1017574,46,1
2831030,,,1017575,47,0
2831030,,,1017576,48,0
2831030,,,1017577,49,0
2831030,,,1017578,50,0
2831030,14:25:00,14:25:00,1017579,51,1
2831031,14:30:00,14:30:00,1017528,0,1
2831031,,,1017529,1,0
2831031,,,1017530,2,0
2831031,,,1017531,3,0
2831031,,,1017532,4,0
2831031,14:35:00,14:35:00,1017533,5,1
2831031,,,1017534,6,0
2831031,,,1017535,7,0
2831031,,,1017536,8,0
2831031,,,1017537,9,0
2831031,,,1017538,10,0
2831031,14:40:00,14:40:00,1017539,11,1
2831031,,,1017540,12,0
2831031,,,1017541,13,0
2831031,,,1017542,14,0
2831031,,,1017543,15,0
2831031,,,1017544,16,0
2831031,,,1017545,17,0
2831031,14:45:00,14:45:00,1017546,18,1
2831031,,,1017547,19,0
2831031,,,1017548,20,0
2831031,,,1017549,21,0
2831031,,,1017550,22,0
2831031,,,1017551,23,0
2831031,,,1017552,24,0
2831031,,,1017553,25,0
2831031,,,1017554,26,0
2831031,,,1017555,27,0
2831031,,,1017556,28,0
2831031,,,1017557,29,0
2831031,,,1017558,30,0
2831031,,,1017559,31,0
2831031,,,1017560,32,0
2831031,,,1017561,33,0
2831031,,,1017562,34,0
2831031,,,1017563,35,0
2831031,15:05:00,15:05:00,1017564,36,1
2831031,,,1017565,37,0
2831031,,,1017566,38,0
2831031,,,1017567,39,0
2831031,15:15:00,15:15:00,1017568,40,1
2831031,,,1017569,41,0
2831031,,,1017570,42,0
2831031,,,1017571,43,0
2831031,,,1017572,44,0
2831031,,,1017573,45,0
2831031,15:20:00,15:20:00,1017574,46,1
2831031,,,1017575,47,0
2831031,,,1017576,48,0
2831031,,,1017577,49,0
2831031,,,1017578,50,0
2831031,15:25:00,15:25:00,1017579,51,1
2831032,15:30:00,15:30:00,1017528,0,1
2831032,,,1017529,1,0
2831032,,,1017530,2,0
2831032,,,1017531,3,0
2831032,,,1017532,4,0
2831032,15:35:00,15:35:00,1017533,5,1
2831032,,,1017534,6,0
2831032,,,1017535,7,0
2831032,,,1017536,8,0
2831032,,,1017537,9,0
2831032,,,1017538,10,0
2831032,15:40:00,15:40:00,1017539,11,1
2831032,,,1017540,12,0
2831032,,,1017541,13,0
2831032,,,1017542,14,0
2831032,,,1017543,15,0
2831032,,,1017544,16,0
2831032,,,1017545,17,0
2831032,15:45:00,15:45:00,1017546,18,1
2831032,,,1017547,19,0
2831032,,,1017548,20,0
2831032,,,1017549,21,0
2831032,,,1017550,22,0
2831032,,,1017551,23,0
2831032,,,1017552,24,0
2831032,,,1017553,25,0
2831032,,,1017554,26,0
2831032,,,1017555,27,0
2831032,,,1017556,28,0
2831032,,,1017557,29,0
2831032,,,1017558,30,0
2831032,,,1017559,31,0
2831032,,,1017560,32,0
2831032,,,1017561,33,0
2831032,,,1017562,34,0
2831032,,,1017563,35,0
2831032,16:05:00,16:05:00,1017564,36,1
2831032,,,1017565,37,0
2831032,,,1017566,38,0
2831032,,,1017567,39,0
2831032,16:15:00,16:15:00,1017568,40,1
2831032,,,1017569,41,0
2831032,,,1017570,42,0
2831032,,,1017571,43,0
2831032,,,1017572,44,0
2831032,,,1017573,45,0
2831032,16:20:00,16:20:00,1017574,46,1
2831032,,,1017575,47,0
2831032,,,1017576,48,0
2831032,,,1017577,49,0
2831032,,,1017578,50,0
2831032,16:25:00,16:25:00,1017579,51,1
2831033,16:30:00,16:30:00,1017528,0,1
2831033,,,1017529,1,0
2831033,,,1017530,2,0
2831033,,,1017531,3,0
2831033,,,1017532,4,0
2831033,16:35:00,16:35:00,1017533,5,1
2831033,,,1017534,6,0
2831033,,,1017535,7,0
2831033,,,1017536,8,0
2831033,,,1017537,9,0
2831033,,,1017538,10,0
2831033,16:40:00,16:40:00,1017539,11,1
2831033,,,1017540,12,0
2831033,,,1017541,13,0
2831033,,,1017542,14,0
2831033,,,1017543,15,0
2831033,,,1017544,16,0
2831033,,,1017545,17,0
2831033,16:45:00,16:45:00,1017546,18,1
2831033,,,1017547,19,0
2831033,,,1017548,20,0
2831033,,,1017549,21,0
2831033,,,1017550,22,0
2831033,,,1017551,23,0
2831033,,,1017552,24,0
2831033,,,1017553,25,0
2831033,,,1017554,26,0
2831033,,,1017555,27,0
2831033,,,1017556,28,0
2831033,,,1017557,29,0
2831033,,,1017558,30,0
2831033,,,1017559,31,0
2831033,,,1017560,32,0
2831033,,,1017561,33,0
2831033,,,1017562,34,0
2831033,,,1017563,35,0
2831033,17:05:00,17:05:00,1017564,36,1
2831033,,,1017565,37,0
2831033,,,1017566,38,0
2831033,,,1017567,39,0
2831033,17:15:00,17:15:00,1017568,40,1
2831033,,,1017569,41,0
2831033,,,1017570,42,0
2831033,,,1017571,43,0
2831033,,,1017572,44,0
2831033,,,1017573,45,0
2831033,17:20:00,17:20:00,1017574,46,1
2831033,,,1017575,47,0
2831033,,,1017576,48,0
2831033,,,1017577,49,0
2831033,,,1017578,50,0
2831033,17:25:00,17:25:00,1017579,51,1
2831034,17:30:00,17:30:00,1017528,0,1
2831034,,,1017529,1,0
2831034,,,1017530,2,0
2831034,,,1017531,3,0
2831034,,,1017532,4,0
2831034,17:35:00,17:35:00,1017533,5,1
2831034,,,1017534,6,0
2831034,,,1017535,7,0
2831034,,,1017536,8,0
2831034,,,1017537,9,0
2831034,,,1017538,10,0
2831034,17:40:00,17:40:00,1017539,11,1
2831034,,,1017540,12,0
2831034,,,1017541,13,0
2831034,,,1017542,14,0
2831034,,,1017543,15,0
2831034,,,1017544,16,0
2831034,,,1017545,17,0
2831034,17:45:00,17:45:00,1017546,18,1
2831034,,,1017547,19,0
2831034,,,1017548,20,0
2831034,,,1017549,21,0
2831034,,,1017550,22,0
2831034,,,1017551,23,0
2831034,,,1017552,24,0
2831034,,,1017553,25,0
2831034,,,1017554,26,0
2831034,,,1017555,27,0
2831034,,,1017556,28,0
2831034,,,1017557,29,0
2831034,,,1017558,30,0
2831034,,,1017559,31,0
2831034,,,1017560,32,0
2831034,,,1017561,33,0
2831034,,,1017562,34,0
2831034,,,1017563,35,0
2831034,18:05:00,18:05:00,1017564,36,1
2831034,,,1017565,37,0
2831034,,,1017566,38,0
2831034,,,1017567,39,0
2831034,18:15:00,18:15:00,1017568,40,1
2831034,,,1017569,41,0
2831034,,,1017570,42,0
2831034,,,1017571,43,0
2831034,,,1017572,44,0
2831034,,,1017573,45,0
2831034,18:20:00,18:20:00,1017574,46,1
2831034,,,1017575,47,0
2831034,,,1017576,48,0
2831034,,,1017577,49,0
2831034,,,1017578,50,0
2831034,18:25:00,18:25:00,1017579,51,1
2831035,18:30:00,18:30:00,1017528,0,1
2831035,,,1017529,1,0
2831035,,,1017530,2,0
2831035,,,1017531,3,0
2831035,,,1017532,4,0
2831035,18:35:00,18:35:00,1017533,5,1
2831035,,,1017534,6,0
2831035,,,1017535,7,0
2831035,,,1017536,8,0
2831035,,,1017537,9,0
2831035,,,1017538,10,0
2831035,18:40:00,18:40:00,1017539,11,1
2831035,,,1017540,12,0
2831035,,,1017541,13,0
2831035,,,1017542,14,0
2831035,,,1017543,15,0
2831035,,,1017544,16,0
2831035,,,1017545,17,0
2831035,18:45:00,18:45:00,1017546,18,1
2831035,,,1017547,19,0
2831035,,,1017548,20,0
2831035,,,1017549,21,0
2831035,,,1017550,22,0
2831035,,,1017551,23,0
2831035,,,1017552,24,0
2831035,,,1017553,25,0
2831035,,,1017554,26,0
2831035,,,1017555,27,0
2831035,,,1017556,28,0
2831035,,,1017557,29,0
2831035,,,1017558,30,0
2831035,,,1017559,31,0
2831035,,,1017560,32,0
2831035,,,1017561,33,0
2831035,,,1017562,34,0
2831035,,,1017563,35,0
2831035,19:05:00,19:05:00,1017564,36,1
2831035,,,1017565,37,0
2831035,,,1017566,38,0
2831035,,,1017567,39,0
2831035,19:15:00,19:15:00,1017568,40,1
2831035,,,1017569,41,0
2831035,,,1017570,42,0
2831035,,,1017571,43,0
2831035,,,1017572,44,0
2831035,,,1017573,45,0
2831035,19:20:00,19:20:00,1017574,46,1
2831035,,,1017575,47,0
2831035,,,1017576,48,0
2831035,,,1017577,49,0
2831035,,,1017578,50,0
2831035,19:25:00,19:25:00,1017579,51,1
2563069,09:30:00,09:30:00,1017580,0,1
2563069,,,1017581,1,0
2563069,,,1017582,2,0
2563069,,,1017583,3,0
2563069,,,1017584,4,0
2563069,,,1017585,5,0
2563069,,,1017586,6,0
2563069,,,1017587,7,0
2563069,,,1017588,8,0
2563069,,,1017589,9,0
2563069,,,1017590,10,0
2563069,09:45:00,09:45:00,1017591,11,1
2563069,,,1017592,12,0
2563069,,,1017593,13,0
2563069,,,1017594,14,0
2563069,09:50:00,09:50:00,1017595,15,1
2563069,09:55:00,09:55:00,1017596,16,1
2563069,10:05:00,10:05:00,1017597,17,1
2563069,,,1017598,18,0
2563069,,,1017599,19,0
2563069,,,1017600,20,0
2563069,,,1017601,21,0
2563069,,,1017602,22,0
2563069,,,1017603,23,0
2563069,,,1017604,24,0
2563069,,,1017605,25,0
2563069,,,1017606,26,0
2563069,,,1017607,27,0
2563069,,,1017608,28,0
2563069,,,1017609,29,0
2563069,,,1017610,30,0
2563069,,,1017611,31,0
2563069,,,1017612,32,0
2563069,,,1017613,33,0
2563069,,,1017614,34,0
2563069,,,1017615,35,0
2563069,10:25:00,10:25:00,1017616,36,1
2831048,10:30:00,10:30:00,1017580,0,1
2831048,,,1017581,1,0
2831048,,,1017582,2,0
2831048,,,1017583,3,0
2831048,,,1017584,4,0
2831048,,,1017585,5,0
2831048,,,1017586,6,0
2831048,,,1017587,7,0
2831048,,,1017588,8,0
2831048,,,1017589,9,0
2831048,,,1017590,10,0
2831048,10:45:00,10:45:00,1017591,11,1
2831048,,,1017592,12,0
2831048,,,1017593,13,0
2831048,,,1017594,14,0
2831048,10:50:00,10:50:00,1017595,15,1
2831048,10:55:00,10:55:00,1017596,16,1
2831048,11:05:00,11:05:00,1017597,17,1
2831048,,,1017598,18,0
2831048,,,1017599,19,0
2831048,,,1017600,20,0
2831048,,,1017601,21,0
2831048,,,1017602,22,0
2831048,,,1017603,23,0
2831048,,,1017604,24,0
2831048,,,1017605,25,0
2831048,,,1017606,26,0
2831048,,,1017607,27,0
2831048,,,1017608,28,0
2831048,,,1017609,29,0
2831048,,,1017610,30,0
2831048,,,1017611,31,0
2831048,,,1017612,32,0
2831048,,,1017613,33,0
2831048,,,1017614,34,0
2831048,,,1017615,35,0
2831048,11:25:00,11:25:00,1017616,36,1
2831049,11:30:00,11:30:00,1017580,0,1
2831049,,,1017581,1,0
2831049,,,1017582,2,0
2831049,,,1017583,3,0
2831049,,,1017584,4,0
2831049,,,1017585,5,0
2831049,,,1017586,6,0
2831049,,,1017587,7,0
2831049,,,1017588,8,0
2831049,,,1017589,9,0
2831049,,,1017590,10,0
2831049,11:45:00,11:45:00,1017591,11,1
2831049,,,1017592,12,0
2831049,,,1017593,13,0
2831049,,,1017594,14,0
2831049,11:50:00,11:50:00,1017595,15,1
2831049,11:55:00,11:55:00,1017596,16,1
2831049,12:05:00,12:05:00,1017597,17,1
2831049,,,1017598,18,0
2831049,,,1017599,19,0
2831049,,,1017600,20,0
2831049,,,1017601,21,0
2831049,,,1017602,22,0
2831049,,,1017603,23,0
2831049,,,1017604,24,0
2831049,,,1017605,25,0
2831049,,,1017606,26,0
2831049,,,1017607,27,0
2831049,,,1017608,28,0
2831049,,,1017609,29,0
2831049,,,1017610,30,0
2831049,,,1017611,31,0
2831049,,,1017612,32,0
2831049,,,1017613,33,0
2831049,,,1017614,34,0
2831049,,,1017615,35,0
2831049,12:25:00,12:25:00,1017616,36,1
2831050,12:30:00,12:30:00,1017580,0,1
2831050,,,1017581,1,0
2831050,,,1017582,2,0
2831050,,,1017583,3,0
2831050,,,1017584,4,0
2831050,,,1017585,5,0
2831050,,,1017586,6,0
2831050,,,1017587,7,0
2831050,,,1017588,8,0
2831050,,,1017589,9,0
2831050,,,1017590,10,0
2831050,12:45:00,12:45:00,1017591,11,1
2831050,,,1017592,12,0
2831050,,,1017593,13,0
2831050,,,1017594,14,0
2831050,12:50:00,12:50:00,1017595,15,1
2831050,12:55:00,12:55:00,1017596,16,1
2831050,13:05:00,13:05:00,1017597,17,1
2831050,,,1017598,18,0
2831050,,,1017599,19,0
2831050,,,1017600,20,0
2831050,,,1017601,21,0
2831050,,,1017602,22,0
2831050,,,1017603,23,0
2831050,,,1017604,24,0
2831050,,,1017605,25,0
2831050,,,1017606,26,0
2831050,,,1017607,27,0
2831050,,,1017608,28,0
2831050,,,1017609,29,0
2831050,,,1017610,30,0
2831050,,,1017611,31,0
2831050,,,1017612,32,0
2831050,,,1017613,33,0
2831050,,,1017614,34,0
2831050,,,1017615,35,0
2831050,13:25:00,13:25:00,1017616,36,1
2831051,13:30:00,13:30:00,1017580,0,1
2831051,,,1017581,1,0
2831051,,,1017582,2,0
2831051,,,1017583,3,0
2831051,,,1017584,4,0
2831051,,,1017585,5,0
2831051,,,1017586,6,0
2831051,,,1017587,7,0
2831051,,,1017588,8,0
2831051,,,1017589,9,0
2831051,,,1017590,10,0
2831051,13:45:00,13:45:00,1017591,11,1
2831051,,,1017592,12,0
2831051,,,1017593,13,0
2831051,,,1017594,14,0
2831051,13:50:00,13:50:00,1017595,15,1
2831051,13:55:00,13:55:00,1017596,16,1
2831051,14:05:00,14:05:00,1017597,17,1
2831051,,,1017598,18,0
2831051,,,1017599,19,0
2831051,,,1017600,20,0
2831051,,,1017601,21,0
2831051,,,1017602,22,0
2831051,,,1017603,23,0
2831051,,,1017604,24,0
2831051,,,1017605,25,0
2831051,,,1017606,26,0
2831051,,,1017607,27,0
2831051,,,1017608,28,0
2831051,,,1017609,29,0
2831051,,,1017610,30,0
2831051,,,1017611,31,0
2831051,,,1017612,32,0
2831051,,,1017613,33,0
2831051,,,1017614,34,0
2831051,,,1017615,35,0
2831051,14:25:00,14:25:00,1017616,36,1
2831052,14:30:00,14:30:00,1017580,0,1
2831052,,,1017581,1,0
2831052,,,1017582,2,0
2831052,,,1017583,3,0
2831052,,,1017584,4,0
2831052,,,1017585,5,0
2831052,,,1017586,6,0
2831052,,,1017587,7,0
2831052,,,1017588,8,0
2831052,,,1017589,9,0
2831052,,,1017590,10,0
2831052,14:45:00,14:45:00,1017591,11,1
2831052,,,1017592,12,0
2831052,,,1017593,13,0
2831052,,,1017594,14,0
2831052,14:50:00,14:50:00,1017595,15,1
2831052,14:55:00,14:55:00,1017596,16,1
2831052,15:05:00,15:05:00,1017597,17,1
2831052,,,1017598,18,0
2831052,,,1017599,19,0
2831052,,,1017600,20,0
2831052,,,1017601,21,0
2831052,,,1017602,22,0
2831052,,,1017603,23,0
2831052,,,1017604,24,0
2831052,,,1017605,25,0
2831052,,,1017606,26,0
2831052,,,1017607,27,0
2831052,,,1017608,28,0
2831052,,,1017609,29,0
2831052,,,1017610,30,0
2831052,,,1017611,31,0
2831052,,,1017612,32,0
2831052,,,1017613,33,0
2831052,,,1017614,34,0
2831052,,,1017615,35,0
2831052,15:25:00,15:25:00,1017616,36,1
2831053,15:30:00,15:30:00,1017580,0,1
2831053,,,1017581,1,0
2831053,,,1017582,2,0
2831053,,,1017583,3,0
2831053,,,1017584,4,0
2831053,,,1017585,5,0
2831053,,,1017586,6,0
2831053,,,1017587,7,0
2831053,,,1017588,8,0
2831053,,,1017589,9,0
2831053,,,1017590,10,0
2831053,15:45:00,15:45:00,1017591,11,1
2831053,,,1017592,12,0
2831053,,,1017593,13,0
2831053,,,1017594,14,0
2831053,15:50:00,15:50:00,1017595,15,1
2831053,15:55:00,15:55:00,1017596,16,1
2831053,16:05:00,16:05:00,1017597,17,1
2831053,,,1017598,18,0
2831053,,,1017599,19,0
2831053,,,1017600,20,0
2831053,,,1017601,21,0
2831053,,,1017602,22,0
2831053,,,1017603,23,0
2831053,,,1017604,24,0
2831053,,,1017605,25,0
2831053,,,1017606,26,0
2831053,,,1017607,27,0
2831053,,,1017608,28,0
2831053,,,1017609,29,0
2831053,,,1017610,30,0
2831053,,,1017611,31,0
2831053,,,1017612,32,0
2831053,,,1017613,33,0
2831053,,,1017614,34,0
2831053,,,1017615,35,0
2831053,16:25:00,16:25:00,1017616,36,1
2831054,16:30:00,16:30:00,1017580,0,1
2831054,,,1017581,1,0
2831054,,,1017582,2,0
2831054,,,1017583,3,0
2831054,,,1017584,4,0
2831054,,,1017585,5,0
2831054,,,1017586,6,0
2831054,,,1017587,7,0
2831054,,,1017588,8,0
2831054,,,1017589,9,0
2831054,,,1017590,10,0
2831054,16:45:00,16:45:00,1017591,11,1
2831054,,,1017592,12,0
2831054,,,1017593,13,0
2831054,,,1017594,14,0
2831054,16:50:00,16:50:00,1017595,15,1
2831054,16:55:00,16:55:00,1017596,16,1
2831054,17:05:00,17:05:00,1017597,17,1
2831054,,,1017598,18,0
2831054,,,1017599,19,0
2831054,,,1017600,20,0
2831054,,,1017601,21,0
2831054,,,1017602,22,0
2831054,,,1017603,23,0
2831054,,,1017604,24,0
2831054,,,1017605,25,0
2831054,,,1017606,26,0
2831054,,,1017607,27,0
2831054,,,1017608,28,0
2831054,,,1017609,29,0
2831054,,,1017610,30,0
2831054,,,1017611,31,0
2831054,,,1017612,32,0
2831054,,,1017613,33,0
2831054,,,1017614,34,0
2831054,,,1017615,35,0
2831054,17:25:00,17:25:00,1017616,36,1
2831055,17:30:00,17:30:00,1017580,0,1
2831055,,,1017581,1,0
2831055,,,1017582,2,0
2831055,,,1017583,3,0
2831055,,,1017584,4,0
2831055,,,1017585,5,0
2831055,,,1017586,6,0
2831055,,,1017587,7,0
2831055,,,1017588,8,0
2831055,,,1017589,9,0
2831055,,,1017590,10,0
2831055,17:45:00,17:45:00,1017591,11,1
2831055,,,1017592,12,0
2831055,,,1017593,13,0
2831055,,,1017594,14,0
2831055,17:50:00,17:50:00,1017595,15,1
2831055,17:55:00,17:55:00,1017596,16,1
2831055,18:05:00,18:05:00,1017597,17,1
2831055,,,1017598,18,0
2831055,,,1017599,19,0
2831055,,,1017600,20,0
2831055,,,1017601,21,0
2831055,,,1017602,22,0
2831055,,,1017603,23,0
2831055,,,1017604,24,0
2831055,,,1017605,25,0
2831055,,,1017606,26,0
2831055,,,1017607,27,0
2831055,,,1017608,28,0
2831055,,,1017609,29,0
2831055,,,1017610,30,0
2831055,,,1017611,31,0
2831055,,,1017612,32,0
2831055,,,1017613,33,0
2831055,,,1017614,34,0
2831055,,,1017615,35,0
2831055,18:25:00,18:25:00,1017616,36,1
2563068,05:30:00,05:30:00,1017580,0,1
2563068,,,1017581,1,0
2563068,,,1017582,2,0
2563068,,,1017583,3,0
2563068,,,1017584,4,0
2563068,,,1017585,5,0
2563068,,,1017586,6,0
2563068,,,1017587,7,0
2563068,,,1017588,8,0
2563068,,,1017589,9,0
2563068,,,1017590,10,0
2563068,05:45:00,05:45:00,1017591,11,1
2563068,,,1017592,12,0
2563068,,,1017593,13,0
2563068,,,1017594,14,0
2563068,05:50:00,05:50:00,1017595,15,1
2563068,05:55:00,05:55:00,1017596,16,1
2563068,06:05:00,06:05:00,1017597,17,1
2563068,,,1017598,18,0
2563068,,,1017599,19,0
2563068,,,1017600,20,0
2563068,,,1017601,21,0
2563068,,,1017602,22,0
2563068,,,1017603,23,0
2563068,,,1017604,24,0
2563068,,,1017605,25,0
2563068,,,1017606,26,0
2563068,,,1017607,27,0
2563068,,,1017608,28,0
2563068,,,1017609,29,0
2563068,,,1017610,30,0
2563068,,,1017611,31,0
2563068,,,1017612,32,0
2563068,,,1017613,33,0
2563068,,,1017614,34,0
2563068,,,1017615,35,0
2563068,06:25:00,06:25:00,1017616,36,1
2831036,06:30:00,06:30:00,1017580,0,1
2831036,,,1017581,1,0
2831036,,,1017582,2,0
2831036,,,1017583,3,0
2831036,,,1017584,4,0
2831036,,,1017585,5,0
2831036,,,1017586,6,0
2831036,,,1017587,7,0
2831036,,,1017588,8,0
2831036,,,1017589,9,0
2831036,,,1017590,10,0
2831036,06:45:00,06:45:00,1017591,11,1
2831036,,,1017592,12,0
2831036,,,1017593,13,0
2831036,,,1017594,14,0
2831036,06:50:00,06:50:00,1017595,15,1
2831036,06:55:00,06:55:00,1017596,16,1
2831036,07:05:00,07:05:00,1017597,17,1
2831036,,,1017598,18,0
2831036,,,1017599,19,0
2831036,,,1017600,20,0
2831036,,,1017601,21,0
2831036,,,1017602,22,0
2831036,,,1017603,23,0
2831036,,,1017604,24,0
2831036,,,1017605,25,0
2831036,,,1017606,26,0
2831036,,,1017607,27,0
2831036,,,1017608,28,0
2831036,,,1017609,29,0
2831036,,,1017610,30,0
2831036,,,1017611,31,0
2831036,,,1017612,32,0
2831036,,,1017613,33,0
2831036,,,1017614,34,0
2831036,,,1017615,35,0
2831036,07:25:00,07:25:00,1017616,36,1
2831037,07:30:00,07:30:00,1017580,0,1
2831037,,,1017581,1,0
2831037,,,1017582,2,0
2831037,,,1017583,3,0
2831037,,,1017584,4,0
2831037,,,1017585,5,0
2831037,,,1017586,6,0
2831037,,,1017587,7,0
2831037,,,1017588,8,0
2831037,,,1017589,9,0
2831037,,,1017590,10,0
2831037,07:45:00,07:45:00,1017591,11,1
2831037,,,1017592,12,0
2831037,,,1017593,13,0
2831037,,,1017594,14,0
2831037,07:50:00,07:50:00,1017595,15,1
2831037,07:55:00,07:55:00,1017596,16,1
2831037,08:05:00,08:05:00,1017597,17,1
2831037,,,1017598,18,0
2831037,,,1017599,19,0
2831037,,,1017600,20,0
2831037,,,1017601,21,0
2831037,,,1017602,22,0
2831037,,,1017603,23,0
2831037,,,1017604,24,0
2831037,,,1017605,25,0
2831037,,,1017606,26,0
2831037,,,1017607,27,0
2831037,,,1017608,28,0
2831037,,,1017609,29,0
2831037,,,1017610,30,0
2831037,,,1017611,31,0
2831037,,,1017612,32,0
2831037,,,1017613,33,0
2831037,,,1017614,34,0
2831037,,,1017615,35,0
2831037,08:25:00,08:25:00,1017616,36,1
2831038,08:30:00,08:30:00,1017580,0,1
2831038,,,1017581,1,0
2831038,,,1017582,2,0
2831038,,,1017583,3,0
2831038,,,1017584,4,0
2831038,,,1017585,5,0
2831038,,,1017586,6,0
2831038,,,1017587,7,0
2831038,,,1017588,8,0
2831038,,,1017589,9,0
2831038,,,1017590,10,0
2831038,08:45:00,08:45:00,1017591,11,1
2831038,,,1017592,12,0
2831038,,,1017593,13,0
2831038,,,1017594,14,0
2831038,08:50:00,08:50:00,1017595,15,1
2831038,08:55:00,08:55:00,1017596,16,1
2831038,09:05:00,09:05:00,1017597,17,1
2831038,,,1017598,18,0
2831038,,,1017599,19,0
2831038,,,1017600,20,0
2831038,,,1017601,21,0
2831038,,,1017602,22,0
2831038,,,1017603,23,0
2831038,,,1017604,24,0
2831038,,,1017605,25,0
2831038,,,1017606,26,0
2831038,,,1017607,27,0
2831038,,,1017608,28,0
2831038,,,1017609,29,0
2831038,,,1017610,30,0
2831038,,,1017611,31,0
2831038,,,1017612,32,0
2831038,,,1017613,33,0
2831038,,,1017614,34,0
2831038,,,1017615,35,0
2831038,09:25:00,09:25:00,1017616,36,1
2831039,09:30:00,09:30:00,1017580,0,1
2831039,,,1017581,1,0
2831039,,,1017582,2,0
2831039,,,1017583,3,0
2831039,,,1017584,4,0
2831039,,,1017585,5,0
2831039,,,1017586,6,0
2831039,,,1017587,7,0
2831039,,,1017588,8,0
2831039,,,1017589,9,0
2831039,,,1017590,10,0
2831039,09:45:00,09:45:00,1017591,11,1
2831039,,,1017592,12,0
2831039,,,1017593,13,0
2831039,,,1017594,14,0
2831039,09:50:00,09:50:00,1017595,15,1
2831039,09:55:00,09:55:00,1017596,16,1
2831039,10:05:00,10:05:00,1017597,17,1
2831039,,,1017598,18,0
2831039,,,1017599,19,0
2831039,,,1017600,20,0
2831039,,,1017601,21,0
2831039,,,1017602,22,0
2831039,,,1017603,23,0
2831039,,,1017604,24,0
2831039,,,1017605,25,0
2831039,,,1017606,26,0
2831039,,,1017607,27,0
2831039,,,1017608,28,0
2831039,,,1017609,29,0
2831039,,,1017610,30,0
2831039,,,1017611,31,0
2831039,,,1017612,32,0
2831039,,,1017613,33,0
2831039,,,1017614,34,0
2831039,,,1017615,35,0
2831039,10:25:00,10:25:00,1017616,36,1
2831040,10:30:00,10:30:00,1017580,0,1
2831040,,,1017581,1,0
2831040,,,1017582,2,0
2831040,,,1017583,3,0
2831040,,,1017584,4,0
2831040,,,1017585,5,0
2831040,,,1017586,6,0
2831040,,,1017587,7,0
2831040,,,1017588,8,0
2831040,,,1017589,9,0
2831040,,,1017590,10,0
2831040,10:45:00,10:45:00,1017591,11,1
2831040,,,1017592,12,0
2831040,,,1017593,13,0
2831040,,,1017594,14,0
2831040,10:50:00,10:50:00,1017595,15,1
2831040,10:55:00,10:55:00,1017596,16,1
2831040,11:05:00,11:05:00,1017597,17,1
2831040,,,1017598,18,0
2831040,,,1017599,19,0
2831040,,,1017600,20,0
2831040,,,1017601,21,0
2831040,,,1017602,22,0
2831040,,,1017603,23,0
2831040,,,1017604,24,0
2831040,,,1017605,25,0
2831040,,,1017606,26,0
2831040,,,1017607,27,0
2831040,,,1017608,28,0
2831040,,,1017609,29,0
2831040,,,1017610,30,0
2831040,,,1017611,31,0
2831040,,,1017612,32,0
2831040,,,1017613,33,0
2831040,,,1017614,34,0
2831040,,,1017615,35,0
2831040,11:25:00,11:25:00,1017616,36,1
2831041,11:30:00,11:30:00,1017580,0,1
2831041,,,1017581,1,0
2831041,,,1017582,2,0
2831041,,,1017583,3,0
2831041,,,1017584,4,0
2831041,,,1017585,5,0
2831041,,,1017586,6,0
2831041,,,1017587,7,0
2831041,,,1017588,8,0
2831041,,,1017589,9,0
2831041,,,1017590,10,0
2831041,11:45:00,11:45:00,1017591,11,1
2831041,,,1017592,12,0
2831041,,,1017593,13,0
2831041,,,1017594,14,0
2831041,11:50:00,11:50:00,1017595,15,1
2831041,11:55:00,11:55:00,1017596,16,1
2831041,12:05:00,12:05:00,1017597,17,1
2831041,,,1017598,18,0
2831041,,,1017599,19,0
2831041,,,1017600,20,0
2831041,,,1017601,21,0
2831041,,,1017602,22,0
2831041,,,1017603,23,0
2831041,,,1017604,24,0
2831041,,,1017605,25,0
2831041,,,1017606,26,0
2831041,,,1017607,27,0
2831041,,,1017608,28,0
2831041,,,1017609,29,0
2831041,,,1017610,30,0
2831041,,,1017611,31,0
2831041,,,1017612,32,0
2831041,,,1017613,33,0
2831041,,,1017614,34,0
2831041,,,1017615,35,0
2831041,12:25:00,12:25:00,1017616,36,1
2831042,12:30:00,12:30:00,1017580,0,1
2831042,,,1017581,1,0
2831042,,,1017582,2,0
2831042,,,1017583,3,0
2831042,,,1017584,4,0
2831042,,,1017585,5,0
2831042,,,1017586,6,0
2831042,,,1017587,7,0
2831042,,,1017588,8,0
2831042,,,1017589,9,0
2831042,,,1017590,10,0
2831042,12:45:00,12:45:00,1017591,11,1
2831042,,,1017592,12,0
2831042,,,1017593,13,0
2831042,,,1017594,14,0
2831042,12:50:00,12:50:00,1017595,15,1
2831042,12:55:00,12:55:00,1017596,16,1
2831042,13:05:00,13:05:00,1017597,17,1
2831042,,,1017598,18,0
2831042,,,1017599,19,0
2831042,,,1017600,20,0
2831042,,,1017601,21,0
2831042,,,1017602,22,0
2831042,,,1017603,23,0
2831042,,,1017604,24,0
2831042,,,1017605,25,0
2831042,,,1017606,26,0
2831042,,,1017607,27,0
2831042,,,1017608,28,0
2831042,,,1017609,29,0
2831042,,,1017610,30,0
2831042,,,1017611,31,0
2831042,,,1017612,32,0
2831042,,,1017613,33,0
2831042,,,1017614,34,0
2831042,,,1017615,35,0
2831042,13:25:00,13:25:00,1017616,36,1
2831043,13:30:00,13:30:00,1017580,0,1
2831043,,,1017581,1,0
2831043,,,1017582,2,0
2831043,,,1017583,3,0
2831043,,,1017584,4,0
2831043,,,1017585,5,0
2831043,,,1017586,6,0
2831043,,,1017587,7,0
2831043,,,1017588,8,0
2831043,,,1017589,9,0
2831043,,,1017590,10,0
2831043,13:45:00,13:45:00,1017591,11,1
2831043,,,1017592,12,0
2831043,,,1017593,13,0
2831043,,,1017594,14,0
2831043,13:50:00,13:50:00,1017595,15,1
2831043,13:55:00,13:55:00,1017596,16,1
2831043,14:05:00,14:05:00,1017597,17,1
2831043,,,1017598,18,0
2831043,,,1017599,19,0
2831043,,,1017600,20,0
2831043,,,1017601,21,0
2831043,,,1017602,22,0
2831043,,,1017603,23,0
2831043,,,1017604,24,0
2831043,,,1017605,25,0
2831043,,,1017606,26,0
2831043,,,1017607,27,0
2831043,,,1017608,28,0
2831043,,,1017609,29,0
2831043,,,1017610,30,0
2831043,,,1017611,31,0
2831043,,,1017612,32,0
2831043,,,1017613,33,0
2831043,,,1017614,34,0
2831043,,,1017615,35,0
2831043,14:25:00,14:25:00,1017616,36,1
2831044,14:30:00,14:30:00,1017580,0,1
2831044,,,1017581,1,0
2831044,,,1017582,2,0
2831044,,,1017583,3,0
2831044,,,1017584,4,0
2831044,,,1017585,5,0
2831044,,,1017586,6,0
2831044,,,1017587,7,0
2831044,,,1017588,8,0
2831044,,,1017589,9,0
2831044,,,1017590,10,0
2831044,14:45:00,14:45:00,1017591,11,1
2831044,,,1017592,12,0
2831044,,,1017593,13,0
2831044,,,1017594,14,0
2831044,14:50:00,14:50:00,1017595,15,1
2831044,14:55:00,14:55:00,1017596,16,1
2831044,15:05:00,15:05:00,1017597,17,1
2831044,,,1017598,18,0
2831044,,,1017599,19,0
2831044,,,1017600,20,0
2831044,,,1017601,21,0
2831044,,,1017602,22,0
2831044,,,1017603,23,0
2831044,,,1017604,24,0
2831044,,,1017605,25,0
2831044,,,1017606,26,0
2831044,,,1017607,27,0
2831044,,,1017608,28,0
2831044,,,1017609,29,0
2831044,,,1017610,30,0
2831044,,,1017611,31,0
2831044,,,1017612,32,0
2831044,,,1017613,33,0
2831044,,,1017614,34,0
2831044,,,1017615,35,0
2831044,15:25:00,15:25:00,1017616,36,1
2831045,15:30:00,15:30:00,1017580,0,1
2831045,,,1017581,1,0
2831045,,,1017582,2,0
2831045,,,1017583,3,0
2831045,,,1017584,4,0
2831045,,,1017585,5,0
2831045,,,1017586,6,0
2831045,,,1017587,7,0
2831045,,,1017588,8,0
2831045,,,1017589,9,0
2831045,,,1017590,10,0
2831045,15:45:00,15:45:00,1017591,11,1
2831045,,,1017592,12,0
2831045,,,1017593,13,0
2831045,,,1017594,14,0
2831045,15:50:00,15:50:00,1017595,15,1
2831045,15:55:00,15:55:00,1017596,16,1
2831045,16:05:00,16:05:00,1017597,17,1
2831045,,,1017598,18,0
2831045,,,1017599,19,0
2831045,,,1017600,20,0
2831045,,,1017601,21,0
2831045,,,1017602,22,0
2831045,,,1017603,23,0
2831045,,,1017604,24,0
2831045,,,1017605,25,0
2831045,,,1017606,26,0
2831045,,,1017607,27,0
2831045,,,1017608,28,0
2831045,,,1017609,29,0
2831045,,,1017610,30,0
2831045,,,1017611,31,0
2831045,,,1017612,32,0
2831045,,,1017613,33,0
2831045,,,1017614,34,0
2831045,,,1017615,35,0
2831045,16:25:00,16:25:00,1017616,36,1
2831046,16:30:00,16:30:00,1017580,0,1
2831046,,,1017581,1,0
2831046,,,1017582,2,0
2831046,,,1017583,3,0
2831046,,,1017584,4,0
2831046,,,1017585,5,0
2831046,,,1017586,6,0
2831046,,,1017587,7,0
2831046,,,1017588,8,0
2831046,,,1017589,9,0
2831046,,,1017590,10,0
2831046,16:45:00,16:45:00,1017591,11,1
2831046,,,1017592,12,0
2831046,,,1017593,13,0
2831046,,,1017594,14,0
2831046,16:50:00,16:50:00,1017595,15,1
2831046,16:55:00,16:55:00,1017596,16,1
2831046,17:05:00,17:05:00,1017597,17,1
2831046,,,1017598,18,0
2831046,,,1017599,19,0
2831046,,,1017600,20,0
2831046,,,1017601,21,0
2831046,,,1017602,22,0
2831046,,,1017603,23,0
2831046,,,1017604,24,0
2831046,,,1017605,25,0
2831046,,,1017606,26,0
2831046,,,1017607,27,0
2831046,,,1017608,28,0
2831046,,,1017609,29,0
2831046,,,1017610,30,0
2831046,,,1017611,31,0
2831046,,,1017612,32,0
2831046,,,1017613,33,0
2831046,,,1017614,34,0
2831046,,,1017615,35,0
2831046,17:25:00,17:25:00,1017616,36,1
2831047,17:30:00,17:30:00,1017580,0,1
2831047,,,1017581,1,0
2831047,,,1017582,2,0
2831047,,,1017583,3,0
2831047,,,1017584,4,0
2831047,,,1017585,5,0
2831047,,,1017586,6,0
2831047,,,1017587,7,0
2831047,,,1017588,8,0
2831047,,,1017589,9,0
2831047,,,1017590,10,0
2831047,17:45:00,17:45:00,1017591,11,1
2831047,,,1017592,12,0
2831047,,,1017593,13,0
2831047,,,1017594,14,0
2831047,17:50:00,17:50:00,1017595,15,1
2831047,17:55:00,17:55:00,1017596,16,1
2831047,18:05:00,18:05:00,1017597,17,1
2831047,,,1017598,18,0
2831047,,,1017599,19,0
2831047,,,1017600,20,0
2831047,,,1017601,21,0
2831047,,,1017602,22,0
2831047,,,1017603,23,0
2831047,,,1017604,24,0
2831047,,,1017605,25,0
2831047,,,1017606,26,0
2831047,,,1017607,27,0
2831047,,,1017608,28,0
2831047,,,1017609,29,0
2831047,,,1017610,30,0
2831047,,,1017611,31,0
2831047,,,1017612,32,0
2831047,,,1017613,33,0
2831047,,,1017614,34,0
2831047,,,1017615,35,0
2831047,18:25:00,18:25:00,1017616,36,1
2563071,09:30:00,09:30:00,1017617,0,1
2563071,,,1017618,1,0
2563071,09:35:00,09:35:00,1017619,2,1
2563071,,,1017620,3,0
2563071,,,1017621,4,0
2563071,,,1017622,5,0
2563071,,,1017623,6,0
2563071,,,1017624,7,0
2563071,,,1017625,8,0
2563071,,,1017626,9,0
2563071,,,1017627,10,0
2563071,,,1017628,11,0
2563071,,,1017629,12,0
2563071,,,1017630,13,0
2563071,,,1017631,14,0
2563071,,,1017632,15,0
2563071,,,1017633,16,0
2563071,,,1017634,17,0
2563071,,,1017635,18,0
2563071,,,1017636,19,0
2563071,,,1017637,20,0
2563071,,,1017638,21,0
2563071,,,1017639,22,0
2563071,,,1017640,23,0
2563071,,,1017641,24,0
2563071,09:55:00,09:55:00,1017642,25,1
2563071,,,1017643,26,0
2563071,,,1017644,27,0
2563071,,,1017645,28,0
2563071,,,1017646,29,0
2563071,,,1017647,30,0
2563071,,,1017648,31,0
2563071,,,1017649,32,0
2563071,,,1017650,33,0
2563071,,,1017651,34,0
2563071,,,1017652,35,0
2563071,10:00:00,10:00:00,1017653,36,1
2563071,,,1017654,37,0
2563071,,,1017655,38,0
2563071,,,1017656,39,0
2563071,,,1017657,40,0
2563071,,,1017658,41,0
2563071,,,1017659,42,0
2563071,,,1017660,43,0
2563071,,,1017661,44,0
2563071,10:10:00,10:10:00,1017662,45,1
2563071,,,1017663,46,0
2563071,,,1017664,47,0
2563071,,,1017665,48,0
2563071,,,1017666,49,0
2563071,,,1017667,50,0
2563071,,,1017668,51,0
2563071,,,1017669,52,0
2563071,,,1017670,53,0
2563071,,,1017671,54,0
2563071,,,1017672,55,0
2563071,,,1017673,56,0
2563071,10:20:00,10:20:00,1017674,57,1
2563071,,,1017675,58,0
2563071,10:25:00,10:25:00,1017676,59,1
2831069,10:30:00,10:30:00,1017617,0,1
2831069,,,1017618,1,0
2831069,10:35:00,10:35:00,1017619,2,1
2831069,,,1017620,3,0
2831069,,,1017621,4,0
2831069,,,1017622,5,0
2831069,,,1017623,6,0
2831069,,,1017624,7,0
2831069,,,1017625,8,0
2831069,,,1017626,9,0
2831069,,,1017627,10,0
2831069,,,1017628,11,0
2831069,,,1017629,12,0
2831069,,,1017630,13,0
2831069,,,1017631,14,0
2831069,,,1017632,15,0
2831069,,,1017633,16,0
2831069,,,1017634,17,0
2831069,,,1017635,18,0
2831069,,,1017636,19,0
2831069,,,1017637,20,0
2831069,,,1017638,21,0
2831069,,,1017639,22,0
2831069,,,1017640,23,0
2831069,,,1017641,24,0
2831069,10:55:00,10:55:00,1017642,25,1
2831069,,,1017643,26,0
2831069,,,1017644,27,0
2831069,,,1017645,28,0
2831069,,,1017646,29,0
2831069,,,1017647,30,0
2831069,,,1017648,31,0
2831069,,,1017649,32,0
2831069,,,1017650,33,0
2831069,,,1017651,34,0
2831069,,,1017652,35,0
2831069,11:00:00,11:00:00,1017653,36,1
2831069,,,1017654,37,0
2831069,,,1017655,38,0
2831069,,,1017656,39,0
2831069,,,1017657,40,0
2831069,,,1017658,41,0
2831069,,,1017659,42,0
2831069,,,1017660,43,0
2831069,,,1017661,44,0
2831069,11:10:00,11:10:00,1017662,45,1
2831069,,,1017663,46,0
2831069,,,1017664,47,0
2831069,,,1017665,48,0
2831069,,,1017666,49,0
2831069,,,1017667,50,0
2831069,,,1017668,51,0
2831069,,,1017669,52,0
2831069,,,1017670,53,0
2831069,,,1017671,54,0
2831069,,,1017672,55,0
2831069,,,1017673,56,0
2831069,11:20:00,11:20:00,1017674,57,1
2831069,,,1017675,58,0
2831069,11:25:00,11:25:00,1017676,59,1
2831070,11:30:00,11:30:00,1017617,0,1
2831070,,,1017618,1,0
2831070,11:35:00,11:35:00,1017619,2,1
2831070,,,1017620,3,0
2831070,,,1017621,4,0
2831070,,,1017622,5,0
2831070,,,1017623,6,0
2831070,,,1017624,7,0
2831070,,,1017625,8,0
2831070,,,1017626,9,0
2831070,,,1017627,10,0
2831070,,,1017628,11,0
2831070,,,1017629,12,0
2831070,,,1017630,13,0
2831070,,,1017631,14,0
2831070,,,1017632,15,0
2831070,,,1017633,16,0
2831070,,,1017634,17,0
2831070,,,1017635,18,0
2831070,,,1017636,19,0
2831070,,,1017637,20,0
2831070,,,1017638,21,0
2831070,,,1017639,22,0
2831070,,,1017640,23,0
2831070,,,1017641,24,0
2831070,11:55:00,11:55:00,1017642,25,1
2831070,,,1017643,26,0
2831070,,,1017644,27,0
2831070,,,1017645,28,0
2831070,,,1017646,29,0
2831070,,,1017647,30,0
2831070,,,1017648,31,0
2831070,,,1017649,32,0
2831070,,,1017650,33,0
2831070,,,1017651,34,0
2831070,,,1017652,35,0
2831070,12:00:00,12:00:00,1017653,36,1
2831070,,,1017654,37,0
2831070,,,1017655,38,0
2831070,,,1017656,39,0
2831070,,,1017657,40,0
2831070,,,1017658,41,0
2831070,,,1017659,42,0
2831070,,,1017660,43,0
2831070,,,1017661,44,0
2831070,12:10:00,12:10:00,1017662,45,1
2831070,,,1017663,46,0
2831070,,,1017664,47,0
2831070,,,1017665,48,0
2831070,,,1017666,49,0
2831070,,,1017667,50,0
2831070,,,1017668,51,0
2831070,,,1017669,52,0
2831070,,,1017670,53,0
2831070,,,1017671,54,0
2831070,,,1017672,55,0
2831070,,,1017673,56,0
2831070,12:20:00,12:20:00,1017674,57,1
2831070,,,1017675,58,0
2831070,12:25:00,12:25:00,1017676,59,1
2831071,12:30:00,12:30:00,1017617,0,1
2831071,,,1017618,1,0
2831071,12:35:00,12:35:00,1017619,2,1
2831071,,,1017620,3,0
2831071,,,1017621,4,0
2831071,,,1017622,5,0
2831071,,,1017623,6,0
2831071,,,1017624,7,0
2831071,,,1017625,8,0
2831071,,,1017626,9,0
2831071,,,1017627,10,0
2831071,,,1017628,11,0
2831071,,,1017629,12,0
2831071,,,1017630,13,0
2831071,,,1017631,14,0
2831071,,,1017632,15,0
2831071,,,1017633,16,0
2831071,,,1017634,17,0
2831071,,,1017635,18,0
2831071,,,1017636,19,0
2831071,,,1017637,20,0
2831071,,,1017638,21,0
2831071,,,1017639,22,0
2831071,,,1017640,23,0
2831071,,,1017641,24,0
2831071,12:55:00,12:55:00,1017642,25,1
2831071,,,1017643,26,0
2831071,,,1017644,27,0
2831071,,,1017645,28,0
2831071,,,1017646,29,0
2831071,,,1017647,30,0
2831071,,,1017648,31,0
2831071,,,1017649,32,0
2831071,,,1017650,33,0
2831071,,,1017651,34,0
2831071,,,1017652,35,0
2831071,13:00:00,13:00:00,1017653,36,1
2831071,,,1017654,37,0
2831071,,,1017655,38,0
2831071,,,1017656,39,0
2831071,,,1017657,40,0
2831071,,,1017658,41,0
2831071,,,1017659,42,0
2831071,,,1017660,43,0
2831071,,,1017661,44,0
2831071,13:10:00,13:10:00,1017662,45,1
2831071,,,1017663,46,0
2831071,,,1017664,47,0
2831071,,,1017665,48,0
2831071,,,1017666,49,0
2831071,,,1017667,50,0
2831071,,,1017668,51,0
2831071,,,1017669,52,0
2831071,,,1017670,53,0
2831071,,,1017671,54,0
2831071,,,1017672,55,0
2831071,,,1017673,56,0
2831071,13:20:00,13:20:00,1017674,57,1
2831071,,,1017675,58,0
2831071,13:25:00,13:25:00,1017676,59,1
2831072,13:30:00,13:30:00,1017617,0,1
2831072,,,1017618,1,0
2831072,13:35:00,13:35:00,1017619,2,1
2831072,,,1017620,3,0
2831072,,,1017621,4,0
2831072,,,1017622,5,0
2831072,,,1017623,6,0
2831072,,,1017624,7,0
2831072,,,1017625,8,0
2831072,,,1017626,9,0
2831072,,,1017627,10,0
2831072,,,1017628,11,0
2831072,,,1017629,12,0
2831072,,,1017630,13,0
2831072,,,1017631,14,0
2831072,,,1017632,15,0
2831072,,,1017633,16,0
2831072,,,1017634,17,0
2831072,,,1017635,18,0
2831072,,,1017636,19,0
2831072,,,1017637,20,0
2831072,,,1017638,21,0
2831072,,,1017639,22,0
2831072,,,1017640,23,0
2831072,,,1017641,24,0
2831072,13:55:00,13:55:00,1017642,25,1
2831072,,,1017643,26,0
2831072,,,1017644,27,0
2831072,,,1017645,28,0
2831072,,,1017646,29,0
2831072,,,1017647,30,0
2831072,,,1017648,31,0
2831072,,,1017649,32,0
2831072,,,1017650,33,0
2831072,,,1017651,34,0
2831072,,,1017652,35,0
2831072,14:00:00,14:00:00,1017653,36,1
2831072,,,1017654,37,0
2831072,,,1017655,38,0
2831072,,,1017656,39,0
2831072,,,1017657,40,0
2831072,,,1017658,41,0
2831072,,,1017659,42,0
2831072,,,1017660,43,0
2831072,,,1017661,44,0
2831072,14:10:00,14:10:00,1017662,45,1
2831072,,,1017663,46,0
2831072,,,1017664,47,0
2831072,,,1017665,48,0
2831072,,,1017666,49,0
2831072,,,1017667,50,0
2831072,,,1017668,51,0
2831072,,,1017669,52,0
2831072,,,1017670,53,0
2831072,,,1017671,54,0
2831072,,,1017672,55,0
2831072,,,1017673,56,0
2831072,14:20:00,14:20:00,1017674,57,1
2831072,,,1017675,58,0
2831072,14:25:00,14:25:00,1017676,59,1
2831073,14:30:00,14:30:00,1017617,0,1
2831073,,,1017618,1,0
2831073,14:35:00,14:35:00,1017619,2,1
2831073,,,1017620,3,0
2831073,,,1017621,4,0
2831073,,,1017622,5,0
2831073,,,1017623,6,0
2831073,,,1017624,7,0
2831073,,,1017625,8,0
2831073,,,1017626,9,0
2831073,,,1017627,10,0
2831073,,,1017628,11,0
2831073,,,1017629,12,0
2831073,,,1017630,13,0
2831073,,,1017631,14,0
2831073,,,1017632,15,0
2831073,,,1017633,16,0
2831073,,,1017634,17,0
2831073,,,1017635,18,0
2831073,,,1017636,19,0
2831073,,,1017637,20,0
2831073,,,1017638,21,0
2831073,,,1017639,22,0
2831073,,,1017640,23,0
2831073,,,1017641,24,0
2831073,14:55:00,14:55:00,1017642,25,1
2831073,,,1017643,26,0
2831073,,,1017644,27,0
2831073,,,1017645,28,0
2831073,,,1017646,29,0
2831073,,,1017647,30,0
2831073,,,1017648,31,0
2831073,,,1017649,32,0
2831073,,,1017650,33,0
2831073,,,1017651,34,0
2831073,,,1017652,35,0
2831073,15:00:00,15:00:00,1017653,36,1
2831073,,,1017654,37,0
2831073,,,1017655,38,0
2831073,,,1017656,39,0
2831073,,,1017657,40,0
2831073,,,1017658,41,0
2831073,,,1017659,42,0
2831073,,,1017660,43,0
2831073,,,1017661,44,0
2831073,15:10:00,15:10:00,1017662,45,1
2831073,,,1017663,46,0
2831073,,,1017664,47,0
2831073,,,1017665,48,0
2831073,,,1017666,49,0
2831073,,,1017667,50,0
2831073,,,1017668,51,0
2831073,,,1017669,52,0
2831073,,,1017670,53,0
2831073,,,1017671,54,0
2831073,,,1017672,55,0
2831073,,,1017673,56,0
2831073,15:20:00,15:20:00,1017674,57,1
2831073,,,1017675,58,0
2831073,15:25:00,15:25:00,1017676,59,1
2831074,15:30:00,15:30:00,1017617,0,1
2831074,,,1017618,1,0
2831074,15:35:00,15:35:00,1017619,2,1
2831074,,,1017620,3,0
2831074,,,1017621,4,0
2831074,,,1017622,5,0
2831074,,,1017623,6,0
2831074,,,1017624,7,0
2831074,,,1017625,8,0
2831074,,,1017626,9,0
2831074,,,1017627,10,0
2831074,,,1017628,11,0
2831074,,,1017629,12,0
2831074,,,1017630,13,0
2831074,,,1017631,14,0
2831074,,,1017632,15,0
2831074,,,1017633,16,0
2831074,,,1017634,17,0
2831074,,,1017635,18,0
2831074,,,1017636,19,0
2831074,,,1017637,20,0
2831074,,,1017638,21,0
2831074,,,1017639,22,0
2831074,,,1017640,23,0
2831074,,,1017641,24,0
2831074,15:55:00,15:55:00,1017642,25,1
2831074,,,1017643,26,0
2831074,,,1017644,27,0
2831074,,,1017645,28,0
2831074,,,1017646,29,0
2831074,,,1017647,30,0
2831074,,,1017648,31,0
2831074,,,1017649,32,0
2831074,,,1017650,33,0
2831074,,,1017651,34,0
2831074,,,1017652,35,0
2831074,16:00:00,16:00:00,1017653,36,1
2831074,,,1017654,37,0
2831074,,,1017655,38,0
2831074,,,1017656,39,0
2831074,,,1017657,40,0
2831074,,,1017658,41,0
2831074,,,1017659,42,0
2831074,,,1017660,43,0
2831074,,,1017661,44,0
2831074,16:10:00,16:10:00,1017662,45,1
2831074,,,1017663,46,0
2831074,,,1017664,47,0
2831074,,,1017665,48,0
2831074,,,1017666,49,0
2831074,,,1017667,50,0
2831074,,,1017668,51,0
2831074,,,1017669,52,0
2831074,,,1017670,53,0
2831074,,,1017671,54,0
2831074,,,1017672,55,0
2831074,,,1017673,56,0
2831074,16:20:00,16:20:00,1017674,57,1
2831074,,,1017675,58,0
2831074,16:25:00,16:25:00,1017676,59,1
2831075,16:30:00,16:30:00,1017617,0,1
2831075,,,1017618,1,0
2831075,16:35:00,16:35:00,1017619,2,1
2831075,,,1017620,3,0
2831075,,,1017621,4,0
2831075,,,1017622,5,0
2831075,,,1017623,6,0
2831075,,,1017624,7,0
2831075,,,1017625,8,0
2831075,,,1017626,9,0
2831075,,,1017627,10,0
2831075,,,1017628,11,0
2831075,,,1017629,12,0
2831075,,,1017630,13,0
2831075,,,1017631,14,0
2831075,,,1017632,15,0
2831075,,,1017633,16,0
2831075,,,1017634,17,0
2831075,,,1017635,18,0
2831075,,,1017636,19,0
2831075,,,1017637,20,0
2831075,,,1017638,21,0
2831075,,,1017639,22,0
2831075,,,1017640,23,0
2831075,,,1017641,24,0
2831075,16:55:00,16:55:00,1017642,25,1
2831075,,,1017643,26,0
2831075,,,1017644,27,0
2831075,,,1017645,28,0
2831075,,,1017646,29,0
2831075,,,1017647,30,0
2831075,,,1017648,31,0
2831075,,,1017649,32,0
2831075,,,1017650,33,0
2831075,,,1017651,34,0
2831075,,,1017652,35,0
2831075,17:00:00,17:00:00,1017653,36,1
2831075,,,1017654,37,0
2831075,,,1017655,38,0
2831075,,,1017656,39,0
2831075,,,1017657,40,0
2831075,,,1017658,41,0
2831075,,,1017659,42,0
2831075,,,1017660,43,0
2831075,,,1017661,44,0
2831075,17:10:00,17:10:00,1017662,45,1
2831075,,,1017663,46,0
2831075,,,1017664,47,0
2831075,,,1017665,48,0
2831075,,,1017666,49,0
2831075,,,1017667,50,0
2831075,,,1017668,51,0
2831075,,,1017669,52,0
2831075,,,1017670,53,0
2831075,,,1017671,54,0
2831075,,,1017672,55,0
2831075,,,1017673,56,0
2831075,17:20:00,17:20:00,1017674,57,1
2831075,,,1017675,58,0
2831075,17:25:00,17:25:00,1017676,59,1
2831076,17:30:00,17:30:00,1017617,0,1
2831076,,,1017618,1,0
2831076,17:35:00,17:35:00,1017619,2,1
2831076,,,1017620,3,0
2831076,,,1017621,4,0
2831076,,,1017622,5,0
2831076,,,1017623,6,0
2831076,,,1017624,7,0
2831076,,,1017625,8,0
2831076,,,1017626,9,0
2831076,,,1017627,10,0
2831076,,,1017628,11,0
2831076,,,1017629,12,0
2831076,,,1017630,13,0
2831076,,,1017631,14,0
2831076,,,1017632,15,0
2831076,,,1017633,16,0
2831076,,,1017634,17,0
2831076,,,1017635,18,0
2831076,,,1017636,19,0
2831076,,,1017637,20,0
2831076,,,1017638,21,0
2831076,,,1017639,22,0
2831076,,,1017640,23,0
2831076,,,1017641,24,0
2831076,17:55:00,17:55:00,1017642,25,1
2831076,,,1017643,26,0
2831076,,,1017644,27,0
2831076,,,1017645,28,0
2831076,,,1017646,29,0
2831076,,,1017647,30,0
2831076,,,1017648,31,0
2831076,,,1017649,32,0
2831076,,,1017650,33,0
2831076,,,1017651,34,0
2831076,,,1017652,35,0
2831076,18:00:00,18:00:00,1017653,36,1
2831076,,,1017654,37,0
2831076,,,1017655,38,0
2831076,,,1017656,39,0
2831076,,,1017657,40,0
2831076,,,1017658,41,0
2831076,,,1017659,42,0
2831076,,,1017660,43,0
2831076,,,1017661,44,0
2831076,18:10:00,18:10:00,1017662,45,1
2831076,,,1017663,46,0
2831076,,,1017664,47,0
2831076,,,1017665,48,0
2831076,,,1017666,49,0
2831076,,,1017667,50,0
2831076,,,1017668,51,0
2831076,,,1017669,52,0
2831076,,,1017670,53,0
2831076,,,1017671,54,0
2831076,,,1017672,55,0
2831076,,,1017673,56,0
2831076,18:20:00,18:20:00,1017674,57,1
2831076,,,1017675,58,0
2831076,18:25:00,18:25:00,1017676,59,1
2563070,05:30:00,05:30:00,1017617,0,1
2563070,,,1017618,1,0
2563070,05:35:00,05:35:00,1017619,2,1
2563070,,,1017620,3,0
2563070,,,1017621,4,0
2563070,,,1017622,5,0
2563070,,,1017623,6,0
2563070,,,1017624,7,0
2563070,,,1017625,8,0
2563070,,,1017626,9,0
2563070,,,1017627,10,0
2563070,,,1017628,11,0
2563070,,,1017629,12,0
2563070,,,1017630,13,0
2563070,,,1017631,14,0
2563070,,,1017632,15,0
2563070,,,1017633,16,0
2563070,,,1017634,17,0
2563070,,,1017635,18,0
2563070,,,1017636,19,0
2563070,,,1017637,20,0
2563070,,,1017638,21,0
2563070,,,1017639,22,0
2563070,,,1017640,23,0
2563070,,,1017641,24,0
2563070,05:55:00,05:55:00,1017642,25,1
2563070,,,1017643,26,0
2563070,,,1017644,27,0
2563070,,,1017645,28,0
2563070,,,1017646,29,0
2563070,,,1017647,30,0
2563070,,,1017648,31,0
2563070,,,1017649,32,0
2563070,,,1017650,33,0
2563070,,,1017651,34,0
2563070,,,1017652,35,0
2563070,06:00:00,06:00:00,1017653,36,1
2563070,,,1017654,37,0
2563070,,,1017655,38,0
2563070,,,1017656,39,0
2563070,,,1017657,40,0
2563070,,,1017658,41,0
2563070,,,1017659,42,0
2563070,,,1017660,43,0
2563070,,,1017661,44,0
2563070,06:10:00,06:10:00,1017662,45,1
2563070,,,1017663,46,0
2563070,,,1017664,47,0
2563070,,,1017665,48,0
2563070,,,1017666,49,0
2563070,,,1017667,50,0
2563070,,,1017668,51,0
2563070,,,1017669,52,0
2563070,,,1017670,53,0
2563070,,,1017671,54,0
2563070,,,1017672,55,0
2563070,,,1017673,56,0
2563070,06:20:00,06:20:00,1017674,57,1
2563070,,,1017675,58,0
2563070,06:25:00,06:25:00,1017676,59,1
2831056,06:30:00,06:30:00,1017617,0,1
2831056,,,1017618,1,0
2831056,06:35:00,06:35:00,1017619,2,1
2831056,,,1017620,3,0
2831056,,,1017621,4,0
2831056,,,1017622,5,0
2831056,,,1017623,6,0
2831056,,,1017624,7,0
2831056,,,1017625,8,0
2831056,,,1017626,9,0
2831056,,,1017627,10,0
2831056,,,1017628,11,0
2831056,,,1017629,12,0
2831056,,,1017630,13,0
2831056,,,1017631,14,0
2831056,,,1017632,15,0
2831056,,,1017633,16,0
2831056,,,1017634,17,0
2831056,,,1017635,18,0
2831056,,,1017636,19,0
2831056,,,1017637,20,0
2831056,,,1017638,21,0
2831056,,,1017639,22,0
2831056,,,1017640,23,0
2831056,,,1017641,24,0
2831056,06:55:00,06:55:00,1017642,25,1
2831056,,,1017643,26,0
2831056,,,1017644,27,0
2831056,,,1017645,28,0
2831056,,,1017646,29,0
2831056,,,1017647,30,0
2831056,,,1017648,31,0
2831056,,,1017649,32,0
2831056,,,1017650,33,0
2831056,,,1017651,34,0
2831056,,,1017652,35,0
2831056,07:00:00,07:00:00,1017653,36,1
2831056,,,1017654,37,0
2831056,,,1017655,38,0
2831056,,,1017656,39,0
2831056,,,1017657,40,0
2831056,,,1017658,41,0
2831056,,,1017659,42,0
2831056,,,1017660,43,0
2831056,,,1017661,44,0
2831056,07:10:00,07:10:00,1017662,45,1
2831056,,,1017663,46,0
2831056,,,1017664,47,0
2831056,,,1017665,48,0
2831056,,,1017666,49,0
2831056,,,1017667,50,0
2831056,,,1017668,51,0
2831056,,,1017669,52,0
2831056,,,1017670,53,0
2831056,,,1017671,54,0
2831056,,,1017672,55,0
2831056,,,1017673,56,0
2831056,07:20:00,07:20:00,1017674,57,1
2831056,,,1017675,58,0
2831056,07:25:00,07:25:00,1017676,59,1
2831057,07:30:00,07:30:00,1017617,0,1
2831057,,,1017618,1,0
2831057,07:35:00,07:35:00,1017619,2,1
2831057,,,1017620,3,0
2831057,,,1017621,4,0
2831057,,,1017622,5,0
2831057,,,1017623,6,0
2831057,,,1017624,7,0
2831057,,,1017625,8,0
2831057,,,1017626,9,0
2831057,,,1017627,10,0
2831057,,,1017628,11,0
2831057,,,1017629,12,0
2831057,,,1017630,13,0
2831057,,,1017631,14,0
2831057,,,1017632,15,0
2831057,,,1017633,16,0
2831057,,,1017634,17,0
2831057,,,1017635,18,0
2831057,,,1017636,19,0
2831057,,,1017637,20,0
2831057,,,1017638,21,0
2831057,,,1017639,22,0
2831057,,,1017640,23,0
2831057,,,1017641,24,0
2831057,07:55:00,07:55:00,1017642,25,1
2831057,,,1017643,26,0
2831057,,,1017644,27,0
2831057,,,1017645,28,0
2831057,,,1017646,29,0
2831057,,,1017647,30,0
2831057,,,1017648,31,0
2831057,,,1017649,32,0
2831057,,,1017650,33,0
2831057,,,1017651,34,0
2831057,,,1017652,35,0
2831057,08:00:00,08:00:00,1017653,36,1
2831057,,,1017654,37,0
2831057,,,1017655,38,0
2831057,,,1017656,39,0
2831057,,,1017657,40,0
2831057,,,1017658,41,0
2831057,,,1017659,42,0
2831057,,,1017660,43,0
2831057,,,1017661,44,0
2831057,08:10:00,08:10:00,1017662,45,1
2831057,,,1017663,46,0
2831057,,,1017664,47,0
2831057,,,1017665,48,0
2831057,,,1017666,49,0
2831057,,,1017667,50,0
2831057,,,1017668,51,0
2831057,,,1017669,52,0
2831057,,,1017670,53,0
2831057,,,1017671,54,0
2831057,,,1017672,55,0
2831057,,,1017673,56,0
2831057,08:20:00,08:20:00,1017674,57,1
2831057,,,1017675,58,0
2831057,08:25:00,08:25:00,1017676,59,1
2831058,08:30:00,08:30:00,1017617,0,1
2831058,,,1017618,1,0
2831058,08:35:00,08:35:00,1017619,2,1
2831058,,,1017620,3,0
2831058,,,1017621,4,0
2831058,,,1017622,5,0
2831058,,,1017623,6,0
2831058,,,1017624,7,0
2831058,,,1017625,8,0
2831058,,,1017626,9,0
2831058,,,1017627,10,0
2831058,,,1017628,11,0
2831058,,,1017629,12,0
2831058,,,1017630,13,0
2831058,,,1017631,14,0
2831058,,,1017632,15,0
2831058,,,1017633,16,0
2831058,,,1017634,17,0
2831058,,,1017635,18,0
2831058,,,1017636,19,0
2831058,,,1017637,20,0
2831058,,,1017638,21,0
2831058,,,1017639,22,0
2831058,,,1017640,23,0
2831058,,,1017641,24,0
2831058,08:55:00,08:55:00,1017642,25,1
2831058,,,1017643,26,0
2831058,,,1017644,27,0
2831058,,,1017645,28,0
2831058,,,1017646,29,0
2831058,,,1017647,30,0
2831058,,,1017648,31,0
2831058,,,1017649,32,0
2831058,,,1017650,33,0
2831058,,,1017651,34,0
2831058,,,1017652,35,0
2831058,09:00:00,09:00:00,1017653,36,1
2831058,,,1017654,37,0
2831058,,,1017655,38,0
2831058,,,1017656,39,0
2831058,,,1017657,40,0
2831058,,,1017658,41,0
2831058,,,1017659,42,0
2831058,,,1017660,43,0
2831058,,,1017661,44,0
2831058,09:10:00,09:10:00,1017662,45,1
2831058,,,1017663,46,0
2831058,,,1017664,47,0
2831058,,,1017665,48,0
2831058,,,1017666,49,0
2831058,,,1017667,50,0
2831058,,,1017668,51,0
2831058,,,1017669,52,0
2831058,,,1017670,53,0
2831058,,,1017671,54,0
2831058,,,1017672,55,0
2831058,,,1017673,56,0
2831058,09:20:00,09:20:00,1017674,57,1
2831058,,,1017675,58,0
2831058,09:25:00,09:25:00,1017676,59,1
2831059,09:30:00,09:30:00,1017617,0,1
2831059,,,1017618,1,0
2831059,09:35:00,09:35:00,1017619,2,1
2831059,,,1017620,3,0
2831059,,,1017621,4,0
2831059,,,1017622,5,0
2831059,,,1017623,6,0
2831059,,,1017624,7,0
2831059,,,1017625,8,0
2831059,,,1017626,9,0
2831059,,,1017627,10,0
2831059,,,1017628,11,0
2831059,,,1017629,12,0
2831059,,,1017630,13,0
2831059,,,1017631,14,0
2831059,,,1017632,15,0
2831059,,,1017633,16,0
2831059,,,1017634,17,0
2831059,,,1017635,18,0
2831059,,,1017636,19,0
2831059,,,1017637,20,0
2831059,,,1017638,21,0
2831059,,,1017639,22,0
2831059,,,1017640,23,0
2831059,,,1017641,24,0
2831059,09:55:00,09:55:00,1017642,25,1
2831059,,,1017643,26,0
2831059,,,1017644,27,0
2831059,,,1017645,28,0
2831059,,,1017646,29,0
2831059,,,1017647,30,0
2831059,,,1017648,31,0
2831059,,,1017649,32,0
2831059,,,1017650,33,0
2831059,,,1017651,34,0
2831059,,,1017652,35,0
2831059,10:00:00,10:00:00,1017653,36,1
2831059,,,1017654,37,0
2831059,,,1017655,38,0
2831059,,,1017656,39,0
2831059,,,1017657,40,0
2831059,,,1017658,41,0
2831059,,,1017659,42,0
2831059,,,1017660,43,0
2831059,,,1017661,44,0
2831059,10:10:00,10:10:00,1017662,45,1
2831059,,,1017663,46,0
2831059,,,1017664,47,0
2831059,,,1017665,48,0
2831059,,,1017666,49,0
2831059,,,1017667,50,0
2831059,,,1017668,51,0
2831059,,,1017669,52,0
2831059,,,1017670,53,0
2831059,,,1017671,54,0
2831059,,,1017672,55,0
2831059,,,1017673,56,0
2831059,10:20:00,10:20:00,1017674,57,1
2831059,,,1017675,58,0
2831059,10:25:00,10:25:00,1017676,59,1
2831060,10:30:00,10:30:00,1017617,0,1
2831060,,,1017618,1,0
2831060,10:35:00,10:35:00,1017619,2,1
2831060,,,1017620,3,0
2831060,,,1017621,4,0
2831060,,,1017622,5,0
2831060,,,1017623,6,0
2831060,,,1017624,7,0
2831060,,,1017625,8,0
2831060,,,1017626,9,0
2831060,,,1017627,10,0
2831060,,,1017628,11,0
2831060,,,1017629,12,0
2831060,,,1017630,13,0
2831060,,,1017631,14,0
2831060,,,1017632,15,0
2831060,,,1017633,16,0
2831060,,,1017634,17,0
2831060,,,1017635,18,0
2831060,,,1017636,19,0
2831060,,,1017637,20,0
2831060,,,1017638,21,0
2831060,,,1017639,22,0
2831060,,,1017640,23,0
2831060,,,1017641,24,0
2831060,10:55:00,10:55:00,1017642,25,1
2831060,,,1017643,26,0
2831060,,,1017644,27,0
2831060,,,1017645,28,0
2831060,,,1017646,29,0
2831060,,,1017647,30,0
2831060,,,1017648,31,0
2831060,,,1017649,32,0
2831060,,,1017650,33,0
2831060,,,1017651,34,0
2831060,,,1017652,35,0
2831060,11:00:00,11:00:00,1017653,36,1
2831060,,,1017654,37,0
2831060,,,1017655,38,0
2831060,,,1017656,39,0
2831060,,,1017657,40,0
2831060,,,1017658,41,0
2831060,,,1017659,42,0
2831060,,,1017660,43,0
2831060,,,1017661,44,0
2831060,11:10:00,11:10:00,1017662,45,1
2831060,,,1017663,46,0
2831060,,,1017664,47,0
2831060,,,1017665,48,0
2831060,,,1017666,49,0
2831060,,,1017667,50,0
2831060,,,1017668,51,0
2831060,,,1017669,52,0
2831060,,,1017670,53,0
2831060,,,1017671,54,0
2831060,,,1017672,55,0
2831060,,,1017673,56,0
2831060,11:20:00,11:20:00,1017674,57,1
2831060,,,1017675,58,0
2831060,11:25:00,11:25:00,1017676,59,1
2831061,11:30:00,11:30:00,1017617,0,1
2831061,,,1017618,1,0
2831061,11:35:00,11:35:00,1017619,2,1
2831061,,,1017620,3,0
2831061,,,1017621,4,0
2831061,,,1017622,5,0
2831061,,,1017623,6,0
2831061,,,1017624,7,0
2831061,,,1017625,8,0
2831061,,,1017626,9,0
2831061,,,1017627,10,0
2831061,,,1017628,11,0
2831061,,,1017629,12,0
2831061,,,1017630,13,0
2831061,,,1017631,14,0
2831061,,,1017632,15,0
2831061,,,1017633,16,0
2831061,,,1017634,17,0
2831061,,,1017635,18,0
2831061,,,1017636,19,0
2831061,,,1017637,20,0
2831061,,,1017638,21,0
2831061,,,1017639,22,0
2831061,,,1017640,23,0
2831061,,,1017641,24,0
2831061,11:55:00,11:55:00,1017642,25,1
2831061,,,1017643,26,0
2831061,,,1017644,27,0
2831061,,,1017645,28,0
2831061,,,1017646,29,0
2831061,,,1017647,30,0
2831061,,,1017648,31,0
2831061,,,1017649,32,0
2831061,,,1017650,33,0
2831061,,,1017651,34,0
2831061,,,1017652,35,0
2831061,12:00:00,12:00:00,1017653,36,1
2831061,,,1017654,37,0
2831061,,,1017655,38,0
2831061,,,1017656,39,0
2831061,,,1017657,40,0
2831061,,,1017658,41,0
2831061,,,1017659,42,0
2831061,,,1017660,43,0
2831061,,,1017661,44,0
2831061,12:10:00,12:10:00,1017662,45,1
2831061,,,1017663,46,0
2831061,,,1017664,47,0
2831061,,,1017665,48,0
2831061,,,1017666,49,0
2831061,,,1017667,50,0
2831061,,,1017668,51,0
2831061,,,1017669,52,0
2831061,,,1017670,53,0
2831061,,,1017671,54,0
2831061,,,1017672,55,0
2831061,,,1017673,56,0
2831061,12:20:00,12:20:00,1017674,57,1
2831061,,,1017675,58,0
2831061,12:25:00,12:25:00,1017676,59,1
2831062,12:30:00,12:30:00,1017617,0,1
2831062,,,1017618,1,0
2831062,12:35:00,12:35:00,1017619,2,1
2831062,,,1017620,3,0
2831062,,,1017621,4,0
2831062,,,1017622,5,0
2831062,,,1017623,6,0
2831062,,,1017624,7,0
2831062,,,1017625,8,0
2831062,,,1017626,9,0
2831062,,,1017627,10,0
2831062,,,1017628,11,0
2831062,,,1017629,12,0
2831062,,,1017630,13,0
2831062,,,1017631,14,0
2831062,,,1017632,15,0
2831062,,,1017633,16,0
2831062,,,1017634,17,0
2831062,,,1017635,18,0
2831062,,,1017636,19,0
2831062,,,1017637,20,0
2831062,,,1017638,21,0
2831062,,,1017639,22,0
2831062,,,1017640,23,0
2831062,,,1017641,24,0
2831062,12:55:00,12:55:00,1017642,25,1
2831062,,,1017643,26,0
2831062,,,1017644,27,0
2831062,,,1017645,28,0
2831062,,,1017646,29,0
2831062,,,1017647,30,0
2831062,,,1017648,31,0
2831062,,,1017649,32,0
2831062,,,1017650,33,0
2831062,,,1017651,34,0
2831062,,,1017652,35,0
2831062,13:00:00,13:00:00,1017653,36,1
2831062,,,1017654,37,0
2831062,,,1017655,38,0
2831062,,,1017656,39,0
2831062,,,1017657,40,0
2831062,,,1017658,41,0
2831062,,,1017659,42,0
2831062,,,1017660,43,0
2831062,,,1017661,44,0
2831062,13:10:00,13:10:00,1017662,45,1
2831062,,,1017663,46,0
2831062,,,1017664,47,0
2831062,,,1017665,48,0
2831062,,,1017666,49,0
2831062,,,1017667,50,0
2831062,,,1017668,51,0
2831062,,,1017669,52,0
2831062,,,1017670,53,0
2831062,,,1017671,54,0
2831062,,,1017672,55,0
2831062,,,1017673,56,0
2831062,13:20:00,13:20:00,1017674,57,1
2831062,,,1017675,58,0
2831062,13:25:00,13:25:00,1017676,59,1
2831063,13:30:00,13:30:00,1017617,0,1
2831063,,,1017618,1,0
2831063,13:35:00,13:35:00,1017619,2,1
2831063,,,1017620,3,0
2831063,,,1017621,4,0
2831063,,,1017622,5,0
2831063,,,1017623,6,0
2831063,,,1017624,7,0
2831063,,,1017625,8,0
2831063,,,1017626,9,0
2831063,,,1017627,10,0
2831063,,,1017628,11,0
2831063,,,1017629,12,0
2831063,,,1017630,13,0
2831063,,,1017631,14,0
2831063,,,1017632,15,0
2831063,,,1017633,16,0
2831063,,,1017634,17,0
2831063,,,1017635,18,0
2831063,,,1017636,19,0
2831063,,,1017637,20,0
2831063,,,1017638,21,0
2831063,,,1017639,22,0
2831063,,,1017640,23,0
2831063,,,1017641,24,0
2831063,13:55:00,13:55:00,1017642,25,1
2831063,,,1017643,26,0
2831063,,,1017644,27,0
2831063,,,1017645,28,0
2831063,,,1017646,29,0
2831063,,,1017647,30,0
2831063,,,1017648,31,0
2831063,,,1017649,32,0
2831063,,,1017650,33,0
2831063,,,1017651,34,0
2831063,,,1017652,35,0
2831063,14:00:00,14:00:00,1017653,36,1
2831063,,,1017654,37,0
2831063,,,1017655,38,0
2831063,,,1017656,39,0
2831063,,,1017657,40,0
2831063,,,1017658,41,0
2831063,,,1017659,42,0
2831063,,,1017660,43,0
2831063,,,1017661,44,0
2831063,14:10:00,14:10:00,1017662,45,1
2831063,,,1017663,46,0
2831063,,,1017664,47,0
2831063,,,1017665,48,0
2831063,,,1017666,49,0
2831063,,,1017667,50,0
2831063,,,1017668,51,0
2831063,,,1017669,52,0
2831063,,,1017670,53,0
2831063,,,1017671,54,0
2831063,,,1017672,55,0
2831063,,,1017673,56,0
2831063,14:20:00,14:20:00,1017674,57,1
2831063,,,1017675,58,0
2831063,14:25:00,14:25:00,1017676,59,1
2831064,14:30:00,14:30:00,1017617,0,1
2831064,,,1017618,1,0
2831064,14:35:00,14:35:00,1017619,2,1
2831064,,,1017620,3,0
2831064,,,1017621,4,0
2831064,,,1017622,5,0
2831064,,,1017623,6,0
2831064,,,1017624,7,0
2831064,,,1017625,8,0
2831064,,,1017626,9,0
2831064,,,1017627,10,0
2831064,,,1017628,11,0
2831064,,,1017629,12,0
2831064,,,1017630,13,0
2831064,,,1017631,14,0
2831064,,,1017632,15,0
2831064,,,1017633,16,0
2831064,,,1017634,17,0
2831064,,,1017635,18,0
2831064,,,1017636,19,0
2831064,,,1017637,20,0
2831064,,,1017638,21,0
2831064,,,1017639,22,0
2831064,,,1017640,23,0
2831064,,,1017641,24,0
2831064,14:55:00,14:55:00,1017642,25,1
2831064,,,1017643,26,0
2831064,,,1017644,27,0
2831064,,,1017645,28,0
2831064,,,1017646,29,0
2831064,,,1017647,30,0
2831064,,,1017648,31,0
2831064,,,1017649,32,0
2831064,,,1017650,33,0
2831064,,,1017651,34,0
2831064,,,1017652,35,0
2831064,15:00:00,15:00:00,1017653,36,1
2831064,,,1017654,37,0
2831064,,,1017655,38,0
2831064,,,1017656,39,0
2831064,,,1017657,40,0
2831064,,,1017658,41,0
2831064,,,1017659,42,0
2831064,,,1017660,43,0
2831064,,,1017661,44,0
2831064,15:10:00,15:10:00,1017662,45,1
2831064,,,1017663,46,0
2831064,,,1017664,47,0
2831064,,,1017665,48,0
2831064,,,1017666,49,0
2831064,,,1017667,50,0
2831064,,,1017668,51,0
2831064,,,1017669,52,0
2831064,,,1017670,53,0
2831064,,,1017671,54,0
2831064,,,1017672,55,0
2831064,,,1017673,56,0
2831064,15:20:00,15:20:00,1017674,57,1
2831064,,,1017675,58,0
2831064,15:25:00,15:25:00,1017676,59,1
2831065,15:30:00,15:30:00,1017617,0,1
2831065,,,1017618,1,0
2831065,15:35:00,15:35:00,1017619,2,1
2831065,,,1017620,3,0
2831065,,,1017621,4,0
2831065,,,1017622,5,0
2831065,,,1017623,6,0
2831065,,,1017624,7,0
2831065,,,1017625,8,0
2831065,,,1017626,9,0
2831065,,,1017627,10,0
2831065,,,1017628,11,0
2831065,,,1017629,12,0
2831065,,,1017630,13,0
2831065,,,1017631,14,0
2831065,,,1017632,15,0
2831065,,,1017633,16,0
2831065,,,1017634,17,0
2831065,,,1017635,18,0
2831065,,,1017636,19,0
2831065,,,1017637,20,0
2831065,,,1017638,21,0
2831065,,,1017639,22,0
2831065,,,1017640,23,0
2831065,,,1017641,24,0
2831065,15:55:00,15:55:00,1017642,25,1
2831065,,,1017643,26,0
2831065,,,1017644,27,0
2831065,,,1017645,28,0
2831065,,,1017646,29,0
2831065,,,1017647,30,0
2831065,,,1017648,31,0
2831065,,,1017649,32,0
2831065,,,1017650,33,0
2831065,,,1017651,34,0
2831065,,,1017652,35,0
2831065,16:00:00,16:00:00,1017653,36,1
2831065,,,1017654,37,0
2831065,,,1017655,38,0
2831065,,,1017656,39,0
2831065,,,1017657,40,0
2831065,,,1017658,41,0
2831065,,,1017659,42,0
2831065,,,1017660,43,0
2831065,,,1017661,44,0
2831065,16:10:00,16:10:00,1017662,45,1
2831065,,,1017663,46,0
2831065,,,1017664,47,0
2831065,,,1017665,48,0
2831065,,,1017666,49,0
2831065,,,1017667,50,0
2831065,,,1017668,51,0
2831065,,,1017669,52,0
2831065,,,1017670,53,0
2831065,,,1017671,54,0
2831065,,,1017672,55,0
2831065,,,1017673,56,0
2831065,16:20:00,16:20:00,1017674,57,1
2831065,,,1017675,58,0
2831065,16:25:00,16:25:00,1017676,59,1
2831066,16:30:00,16:30:00,1017617,0,1
2831066,,,1017618,1,0
2831066,16:35:00,16:35:00,1017619,2,1
2831066,,,1017620,3,0
2831066,,,1017621,4,0
2831066,,,1017622,5,0
2831066,,,1017623,6,0
2831066,,,1017624,7,0
2831066,,,1017625,8,0
2831066,,,1017626,9,0
2831066,,,1017627,10,0
2831066,,,1017628,11,0
2831066,,,1017629,12,0
2831066,,,1017630,13,0
2831066,,,1017631,14,0
2831066,,,1017632,15,0
2831066,,,1017633,16,0
2831066,,,1017634,17,0
2831066,,,1017635,18,0
2831066,,,1017636,19,0
2831066,,,1017637,20,0
2831066,,,1017638,21,0
2831066,,,1017639,22,0
2831066,,,1017640,23,0
2831066,,,1017641,24,0
2831066,16:55:00,16:55:00,1017642,25,1
2831066,,,1017643,26,0
2831066,,,1017644,27,0
2831066,,,1017645,28,0
2831066,,,1017646,29,0
2831066,,,1017647,30,0
2831066,,,1017648,31,0
2831066,,,1017649,32,0
2831066,,,1017650,33,0
2831066,,,1017651,34,0
2831066,,,1017652,35,0
2831066,17:00:00,17:00:00,1017653,36,1
2831066,,,1017654,37,0
2831066,,,1017655,38,0
2831066,,,1017656,39,0
2831066,,,1017657,40,0
2831066,,,1017658,41,0
2831066,,,1017659,42,0
2831066,,,1017660,43,0
2831066,,,1017661,44,0
2831066,17:10:00,17:10:00,1017662,45,1
2831066,,,1017663,46,0
2831066,,,1017664,47,0
2831066,,,1017665,48,0
2831066,,,1017666,49,0
2831066,,,1017667,50,0
2831066,,,1017668,51,0
2831066,,,1017669,52,0
2831066,,,1017670,53,0
2831066,,,1017671,54,0
2831066,,,1017672,55,0
2831066,,,1017673,56,0
2831066,17:20:00,17:20:00,1017674,57,1
2831066,,,1017675,58,0
2831066,17:25:00,17:25:00,1017676,59,1
2831067,17:30:00,17:30:00,1017617,0,1
2831067,,,1017618,1,0
2831067,17:35:00,17:35:00,1017619,2,1
2831067,,,1017620,3,0
2831067,,,1017621,4,0
2831067,,,1017622,5,0
2831067,,,1017623,6,0
2831067,,,1017624,7,0
2831067,,,1017625,8,0
2831067,,,1017626,9,0
2831067,,,1017627,10,0
2831067,,,1017628,11,0
2831067,,,1017629,12,0
2831067,,,1017630,13,0
2831067,,,1017631,14,0
2831067,,,1017632,15,0
2831067,,,1017633,16,0
2831067,,,1017634,17,0
2831067,,,1017635,18,0
2831067,,,1017636,19,0
2831067,,,1017637,20,0
2831067,,,1017638,21,0
2831067,,,1017639,22,0
2831067,,,1017640,23,0
2831067,,,1017641,24,0
2831067,17:55:00,17:55:00,1017642,25,1
2831067,,,1017643,26,0
2831067,,,1017644,27,0
2831067,,,1017645,28,0
2831067,,,1017646,29,0
2831067,,,1017647,30,0
2831067,,,1017648,31,0
2831067,,,1017649,32,0
2831067,,,1017650,33,0
2831067,,,1017651,34,0
2831067,,,1017652,35,0
2831067,18:00:00,18:00:00,1017653,36,1
2831067,,,1017654,37,0
2831067,,,1017655,38,0
2831067,,,1017656,39,0
2831067,,,1017657,40,0
2831067,,,1017658,41,0
2831067,,,1017659,42,0
2831067,,,1017660,43,0
2831067,,,1017661,44,0
2831067,18:10:00,18:10:00,1017662,45,1
2831067,,,1017663,46,0
2831067,,,1017664,47,0
2831067,,,1017665,48,0
2831067,,,1017666,49,0
2831067,,,1017667,50,0
2831067,,,1017668,51,0
2831067,,,1017669,52,0
2831067,,,1017670,53,0
2831067,,,1017671,54,0
2831067,,,1017672,55,0
2831067,,,1017673,56,0
2831067,18:20:00,18:20:00,1017674,57,1
2831067,,,1017675,58,0
2831067,18:25:00,18:25:00,1017676,59,1
2831068,18:30:00,18:30:00,1017617,0,1
2831068,,,1017618,1,0
2831068,18:35:00,18:35:00,1017619,2,1
2831068,,,1017620,3,0
2831068,,,1017621,4,0
2831068,,,1017622,5,0
2831068,,,1017623,6,0
2831068,,,1017624,7,0
2831068,,,1017625,8,0
2831068,,,1017626,9,0
2831068,,,1017627,10,0
2831068,,,1017628,11,0
2831068,,,1017629,12,0
2831068,,,1017630,13,0
2831068,,,1017631,14,0
2831068,,,1017632,15,0
2831068,,,1017633,16,0
2831068,,,1017634,17,0
2831068,,,1017635,18,0
2831068,,,1017636,19,0
2831068,,,1017637,20,0
2831068,,,1017638,21,0
2831068,,,1017639,22,0
2831068,,,1017640,23,0
2831068,,,1017641,24,0
2831068,18:55:00,18:55:00,1017642,25,1
2831068,,,1017643,26,0
2831068,,,1017644,27,0
2831068,,,1017645,28,0
2831068,,,1017646,29,0
2831068,,,1017647,30,0
2831068,,,1017648,31,0
2831068,,,1017649,32,0
2831068,,,1017650,33,0
2831068,,,1017651,34,0
2831068,,,1017652,35,0
2831068,19:00:00,19:00:00,1017653,36,1
2831068,,,1017654,37,0
2831068,,,1017655,38,0
2831068,,,1017656,39,0
2831068,,,1017657,40,0
2831068,,,1017658,41,0
2831068,,,1017659,42,0
2831068,,,1017660,43,0
2831068,,,1017661,44,0
2831068,19:10:00,19:10:00,1017662,45,1
2831068,,,1017663,46,0
2831068,,,1017664,47,0
2831068,,,1017665,48,0
2831068,,,1017666,49,0
2831068,,,1017667,50,0
2831068,,,1017668,51,0
2831068,,,1017669,52,0
2831068,,,1017670,53,0
2831068,,,1017671,54,0
2831068,,,1017672,55,0
2831068,,,1017673,56,0
2831068,19:20:00,19:20:00,1017674,57,1
2831068,,,1017675,58,0
2831068,19:25:00,19:25:00,1017676,59,1
2563072,05:30:00,05:30:00,1017677,0,1
2563072,,,1017678,1,0
2563072,,,1017679,2,0
2563072,,,1017680,3,0
2563072,,,1017681,4,0
2563072,,,1017682,5,0
2563072,,,1017683,6,0
2563072,05:38:00,05:38:00,3458188,7,1
2563072,,,1017684,8,0
2563072,,,1017685,9,0
2563072,,,1017686,10,0
2563072,,,1017687,11,0
2563072,,,1017688,12,0
2563072,,,1017689,13,0
2563072,,,1017690,14,0
2563072,,,1017691,15,0
2563072,,,1017692,16,0
2563072,,,1017693,17,0
2563072,,,1017694,18,0
2563072,,,1017695,19,0
2563072,,,1017696,20,0
2563072,,,1017697,21,0
2563072,,,1017698,22,0
2563072,,,1017699,23,0
2563072,,,1017700,24,0
2563072,,,1017701,25,0
2563072,,,1017702,26,0
2563072,,,1017703,27,0
2563072,,,1017704,28,0
2563072,06:00:00,06:00:00,1017705,29,1
2563072,,,1017706,30,0
2563072,,,1017707,31,0
2563072,06:15:00,06:15:00,1017708,32,1
2563072,,,1017709,33,0
2563072,,,1017710,34,0
2563072,,,1017711,35,0
2563072,,,1017712,36,0
2563072,,,1017713,37,0
2563072,06:25:00,06:25:00,1017714,38,1
2831077,06:30:00,06:30:00,1017677,0,1
2831077,,,1017678,1,0
2831077,,,1017679,2,0
2831077,,,1017680,3,0
2831077,,,1017681,4,0
2831077,,,1017682,5,0
2831077,,,1017683,6,0
2831077,06:38:00,06:38:00,3458188,7,1
2831077,,,1017684,8,0
2831077,,,1017685,9,0
2831077,,,1017686,10,0
2831077,,,1017687,11,0
2831077,,,1017688,12,0
2831077,,,1017689,13,0
2831077,,,1017690,14,0
2831077,,,1017691,15,0
2831077,,,1017692,16,0
2831077,,,1017693,17,0
2831077,,,1017694,18,0
2831077,,,1017695,19,0
2831077,,,1017696,20,0
2831077,,,1017697,21,0
2831077,,,1017698,22,0
2831077,,,1017699,23,0
2831077,,,1017700,24,0
2831077,,,1017701,25,0
2831077,,,1017702,26,0
2831077,,,1017703,27,0
2831077,,,1017704,28,0
2831077,07:00:00,07:00:00,1017705,29,1
2831077,,,1017706,30,0
2831077,,,1017707,31,0
2831077,07:15:00,07:15:00,1017708,32,1
2831077,,,1017709,33,0
2831077,,,1017710,34,0
2831077,,,1017711,35,0
2831077,,,1017712,36,0
2831077,,,1017713,37,0
2831077,07:25:00,07:25:00,1017714,38,1
2831078,07:30:00,07:30:00,1017677,0,1
2831078,,,1017678,1,0
2831078,,,1017679,2,0
2831078,,,1017680,3,0
2831078,,,1017681,4,0
2831078,,,1017682,5,0
2831078,,,1017683,6,0
2831078,07:38:00,07:38:00,3458188,7,1
2831078,,,1017684,8,0
2831078,,,1017685,9,0
2831078,,,1017686,10,0
2831078,,,1017687,11,0
2831078,,,1017688,12,0
2831078,,,1017689,13,0
2831078,,,1017690,14,0
2831078,,,1017691,15,0
2831078,,,1017692,16,0
2831078,,,1017693,17,0
2831078,,,1017694,18,0
2831078,,,1017695,19,0
2831078,,,1017696,20,0
2831078,,,1017697,21,0
2831078,,,1017698,22,0
2831078,,,1017699,23,0
2831078,,,1017700,24,0
2831078,,,1017701,25,0
2831078,,,1017702,26,0
2831078,,,1017703,27,0
2831078,,,1017704,28,0
2831078,08:00:00,08:00:00,1017705,29,1
2831078,,,1017706,30,0
2831078,,,1017707,31,0
2831078,08:15:00,08:15:00,1017708,32,1
2831078,,,1017709,33,0
2831078,,,1017710,34,0
2831078,,,1017711,35,0
2831078,,,1017712,36,0
2831078,,,1017713,37,0
2831078,08:25:00,08:25:00,1017714,38,1
2831079,08:30:00,08:30:00,1017677,0,1
2831079,,,1017678,1,0
2831079,,,1017679,2,0
2831079,,,1017680,3,0
2831079,,,1017681,4,0
2831079,,,1017682,5,0
2831079,,,1017683,6,0
2831079,08:38:00,08:38:00,3458188,7,1
2831079,,,1017684,8,0
2831079,,,1017685,9,0
2831079,,,1017686,10,0
2831079,,,1017687,11,0
2831079,,,1017688,12,0
2831079,,,1017689,13,0
2831079,,,1017690,14,0
2831079,,,1017691,15,0
2831079,,,1017692,16,0
2831079,,,1017693,17,0
2831079,,,1017694,18,0
2831079,,,1017695,19,0
2831079,,,1017696,20,0
2831079,,,1017697,21,0
2831079,,,1017698,22,0
2831079,,,1017699,23,0
2831079,,,1017700,24,0
2831079,,,1017701,25,0
2831079,,,1017702,26,0
2831079,,,1017703,27,0
2831079,,,1017704,28,0
2831079,09:00:00,09:00:00,1017705,29,1
2831079,,,1017706,30,0
2831079,,,1017707,31,0
2831079,09:15:00,09:15:00,1017708,32,1
2831079,,,1017709,33,0
2831079,,,1017710,34,0
2831079,,,1017711,35,0
2831079,,,1017712,36,0
2831079,,,1017713,37,0
2831079,09:25:00,09:25:00,1017714,38,1
2831080,09:30:00,09:30:00,1017677,0,1
2831080,,,1017678,1,0
2831080,,,1017679,2,0
2831080,,,1017680,3,0
2831080,,,1017681,4,0
2831080,,,1017682,5,0
2831080,,,1017683,6,0
2831080,09:38:00,09:38:00,3458188,7,1
2831080,,,1017684,8,0
2831080,,,1017685,9,0
2831080,,,1017686,10,0
2831080,,,1017687,11,0
2831080,,,1017688,12,0
2831080,,,1017689,13,0
2831080,,,1017690,14,0
2831080,,,1017691,15,0
2831080,,,1017692,16,0
2831080,,,1017693,17,0
2831080,,,1017694,18,0
2831080,,,1017695,19,0
2831080,,,1017696,20,0
2831080,,,1017697,21,0
2831080,,,1017698,22,0
2831080,,,1017699,23,0
2831080,,,1017700,24,0
2831080,,,1017701,25,0
2831080,,,1017702,26,0
2831080,,,1017703,27,0
2831080,,,1017704,28,0
2831080,10:00:00,10:00:00,1017705,29,1
2831080,,,1017706,30,0
2831080,,,1017707,31,0
2831080,10:15:00,10:15:00,1017708,32,1
2831080,,,1017709,33,0
2831080,,,1017710,34,0
2831080,,,1017711,35,0
2831080,,,1017712,36,0
2831080,,,1017713,37,0
2831080,10:25:00,10:25:00,1017714,38,1
2831081,10:30:00,10:30:00,1017677,0,1
2831081,,,1017678,1,0
2831081,,,1017679,2,0
2831081,,,1017680,3,0
2831081,,,1017681,4,0
2831081,,,1017682,5,0
2831081,,,1017683,6,0
2831081,10:38:00,10:38:00,3458188,7,1
2831081,,,1017684,8,0
2831081,,,1017685,9,0
2831081,,,1017686,10,0
2831081,,,1017687,11,0
2831081,,,1017688,12,0
2831081,,,1017689,13,0
2831081,,,1017690,14,0
2831081,,,1017691,15,0
2831081,,,1017692,16,0
2831081,,,1017693,17,0
2831081,,,1017694,18,0
2831081,,,1017695,19,0
2831081,,,1017696,20,0
2831081,,,1017697,21,0
2831081,,,1017698,22,0
2831081,,,1017699,23,0
2831081,,,1017700,24,0
2831081,,,1017701,25,0
2831081,,,1017702,26,0
2831081,,,1017703,27,0
2831081,,,1017704,28,0
2831081,11:00:00,11:00:00,1017705,29,1
2831081,,,1017706,30,0
2831081,,,1017707,31,0
2831081,11:15:00,11:15:00,1017708,32,1
2831081,,,1017709,33,0
2831081,,,1017710,34,0
2831081,,,1017711,35,0
2831081,,,1017712,36,0
2831081,,,1017713,37,0
2831081,11:25:00,11:25:00,1017714,38,1
2831082,11:30:00,11:30:00,1017677,0,1
2831082,,,1017678,1,0
2831082,,,1017679,2,0
2831082,,,1017680,3,0
2831082,,,1017681,4,0
2831082,,,1017682,5,0
2831082,,,1017683,6,0
2831082,11:38:00,11:38:00,3458188,7,1
2831082,,,1017684,8,0
2831082,,,1017685,9,0
2831082,,,1017686,10,0
2831082,,,1017687,11,0
2831082,,,1017688,12,0
2831082,,,1017689,13,0
2831082,,,1017690,14,0
2831082,,,1017691,15,0
2831082,,,1017692,16,0
2831082,,,1017693,17,0
2831082,,,1017694,18,0
2831082,,,1017695,19,0
2831082,,,1017696,20,0
2831082,,,1017697,21,0
2831082,,,1017698,22,0
2831082,,,1017699,23,0
2831082,,,1017700,24,0
2831082,,,1017701,25,0
2831082,,,1017702,26,0
2831082,,,1017703,27,0
2831082,,,1017704,28,0
2831082,12:00:00,12:00:00,1017705,29,1
2831082,,,1017706,30,0
2831082,,,1017707,31,0
2831082,12:15:00,12:15:00,1017708,32,1
2831082,,,1017709,33,0
2831082,,,1017710,34,0
2831082,,,1017711,35,0
2831082,,,1017712,36,0
2831082,,,1017713,37,0
2831082,12:25:00,12:25:00,1017714,38,1
2831083,12:30:00,12:30:00,1017677,0,1
2831083,,,1017678,1,0
2831083,,,1017679,2,0
2831083,,,1017680,3,0
2831083,,,1017681,4,0
2831083,,,1017682,5,0
2831083,,,1017683,6,0
2831083,12:38:00,12:38:00,3458188,7,1
2831083,,,1017684,8,0
2831083,,,1017685,9,0
2831083,,,1017686,10,0
2831083,,,1017687,11,0
2831083,,,1017688,12,0
2831083,,,1017689,13,0
2831083,,,1017690,14,0
2831083,,,1017691,15,0
2831083,,,1017692,16,0
2831083,,,1017693,17,0
2831083,,,1017694,18,0
2831083,,,1017695,19,0
2831083,,,1017696,20,0
2831083,,,1017697,21,0
2831083,,,1017698,22,0
2831083,,,1017699,23,0
2831083,,,1017700,24,0
2831083,,,1017701,25,0
2831083,,,1017702,26,0
2831083,,,1017703,27,0
2831083,,,1017704,28,0
2831083,13:00:00,13:00:00,1017705,29,1
2831083,,,1017706,30,0
2831083,,,1017707,31,0
2831083,13:15:00,13:15:00,1017708,32,1
2831083,,,1017709,33,0
2831083,,,1017710,34,0
2831083,,,1017711,35,0
2831083,,,1017712,36,0
2831083,,,1017713,37,0
2831083,13:25:00,13:25:00,1017714,38,1
2831084,13:30:00,13:30:00,1017677,0,1
2831084,,,1017678,1,0
2831084,,,1017679,2,0
2831084,,,1017680,3,0
2831084,,,1017681,4,0
2831084,,,1017682,5,0
2831084,,,1017683,6,0
2831084,13:38:00,13:38:00,3458188,7,1
2831084,,,1017684,8,0
2831084,,,1017685,9,0
2831084,,,1017686,10,0
2831084,,,1017687,11,0
2831084,,,1017688,12,0
2831084,,,1017689,13,0
2831084,,,1017690,14,0
2831084,,,1017691,15,0
2831084,,,1017692,16,0
2831084,,,1017693,17,0
2831084,,,1017694,18,0
2831084,,,1017695,19,0
2831084,,,1017696,20,0
2831084,,,1017697,21,0
2831084,,,1017698,22,0
2831084,,,1017699,23,0
2831084,,,1017700,24,0
2831084,,,1017701,25,0
2831084,,,1017702,26,0
2831084,,,1017703,27,0
2831084,,,1017704,28,0
2831084,14:00:00,14:00:00,1017705,29,1
2831084,,,1017706,30,0
2831084,,,1017707,31,0
2831084,14:15:00,14:15:00,1017708,32,1
2831084,,,1017709,33,0
2831084,,,1017710,34,0
2831084,,,1017711,35,0
2831084,,,1017712,36,0
2831084,,,1017713,37,0
2831084,14:25:00,14:25:00,1017714,38,1
2831085,14:30:00,14:30:00,1017677,0,1
2831085,,,1017678,1,0
2831085,,,1017679,2,0
2831085,,,1017680,3,0
2831085,,,1017681,4,0
2831085,,,1017682,5,0
2831085,,,1017683,6,0
2831085,14:38:00,14:38:00,3458188,7,1
2831085,,,1017684,8,0
2831085,,,1017685,9,0
2831085,,,1017686,10,0
2831085,,,1017687,11,0
2831085,,,1017688,12,0
2831085,,,1017689,13,0
2831085,,,1017690,14,0
2831085,,,1017691,15,0
2831085,,,1017692,16,0
2831085,,,1017693,17,0
2831085,,,1017694,18,0
2831085,,,1017695,19,0
2831085,,,1017696,20,0
2831085,,,1017697,21,0
2831085,,,1017698,22,0
2831085,,,1017699,23,0
2831085,,,1017700,24,0
2831085,,,1017701,25,0
2831085,,,1017702,26,0
2831085,,,1017703,27,0
2831085,,,1017704,28,0
2831085,15:00:00,15:00:00,1017705,29,1
2831085,,,1017706,30,0
2831085,,,1017707,31,0
2831085,15:15:00,15:15:00,1017708,32,1
2831085,,,1017709,33,0
2831085,,,1017710,34,0
2831085,,,1017711,35,0
2831085,,,1017712,36,0
2831085,,,1017713,37,0
2831085,15:25:00,15:25:00,1017714,38,1
2831086,15:30:00,15:30:00,1017677,0,1
2831086,,,1017678,1,0
2831086,,,1017679,2,0
2831086,,,1017680,3,0
2831086,,,1017681,4,0
2831086,,,1017682,5,0
2831086,,,1017683,6,0
2831086,15:38:00,15:38:00,3458188,7,1
2831086,,,1017684,8,0
2831086,,,1017685,9,0
2831086,,,1017686,10,0
2831086,,,1017687,11,0
2831086,,,1017688,12,0
2831086,,,1017689,13,0
2831086,,,1017690,14,0
2831086,,,1017691,15,0
2831086,,,1017692,16,0
2831086,,,1017693,17,0
2831086,,,1017694,18,0
2831086,,,1017695,19,0
2831086,,,1017696,20,0
2831086,,,1017697,21,0
2831086,,,1017698,22,0
2831086,,,1017699,23,0
2831086,,,1017700,24,0
2831086,,,1017701,25,0
2831086,,,1017702,26,0
2831086,,,1017703,27,0
2831086,,,1017704,28,0
2831086,16:00:00,16:00:00,1017705,29,1
2831086,,,1017706,30,0
2831086,,,1017707,31,0
2831086,16:15:00,16:15:00,1017708,32,1
2831086,,,1017709,33,0
2831086,,,1017710,34,0
2831086,,,1017711,35,0
2831086,,,1017712,36,0
2831086,,,1017713,37,0
2831086,16:25:00,16:25:00,1017714,38,1
2831087,16:30:00,16:30:00,1017677,0,1
2831087,,,1017678,1,0
2831087,,,1017679,2,0
2831087,,,1017680,3,0
2831087,,,1017681,4,0
2831087,,,1017682,5,0
2831087,,,1017683,6,0
2831087,16:38:00,16:38:00,3458188,7,1
2831087,,,1017684,8,0
2831087,,,1017685,9,0
2831087,,,1017686,10,0
2831087,,,1017687,11,0
2831087,,,1017688,12,0
2831087,,,1017689,13,0
2831087,,,1017690,14,0
2831087,,,1017691,15,0
2831087,,,1017692,16,0
2831087,,,1017693,17,0
2831087,,,1017694,18,0
2831087,,,1017695,19,0
2831087,,,1017696,20,0
2831087,,,1017697,21,0
2831087,,,1017698,22,0
2831087,,,1017699,23,0
2831087,,,1017700,24,0
2831087,,,1017701,25,0
2831087,,,1017702,26,0
2831087,,,1017703,27,0
2831087,,,1017704,28,0
2831087,17:00:00,17:00:00,1017705,29,1
2831087,,,1017706,30,0
2831087,,,1017707,31,0
2831087,17:15:00,17:15:00,1017708,32,1
2831087,,,1017709,33,0
2831087,,,1017710,34,0
2831087,,,1017711,35,0
2831087,,,1017712,36,0
2831087,,,1017713,37,0
2831087,17:25:00,17:25:00,1017714,38,1
2831088,17:30:00,17:30:00,1017677,0,1
2831088,,,1017678,1,0
2831088,,,1017679,2,0
2831088,,,1017680,3,0
2831088,,,1017681,4,0
2831088,,,1017682,5,0
2831088,,,1017683,6,0
2831088,17:38:00,17:38:00,3458188,7,1
2831088,,,1017684,8,0
2831088,,,1017685,9,0
2831088,,,1017686,10,0
2831088,,,1017687,11,0
2831088,,,1017688,12,0
2831088,,,1017689,13,0
2831088,,,1017690,14,0
2831088,,,1017691,15,0
2831088,,,1017692,16,0
2831088,,,1017693,17,0
2831088,,,1017694,18,0
2831088,,,1017695,19,0
2831088,,,1017696,20,0
2831088,,,1017697,21,0
2831088,,,1017698,22,0
2831088,,,1017699,23,0
2831088,,,1017700,24,0
2831088,,,1017701,25,0
2831088,,,1017702,26,0
2831088,,,1017703,27,0
2831088,,,1017704,28,0
2831088,18:00:00,18:00:00,1017705,29,1
2831088,,,1017706,30,0
2831088,,,1017707,31,0
2831088,18:15:00,18:15:00,1017708,32,1
2831088,,,1017709,33,0
2831088,,,1017710,34,0
2831088,,,1017711,35,0
2831088,,,1017712,36,0
2831088,,,1017713,37,0
2831088,18:25:00,18:25:00,1017714,38,1
2563073,09:30:00,09:30:00,1017677,0,1
2563073,,,1017678,1,0
2563073,,,1017679,2,0
2563073,,,1017680,3,0
2563073,,,1017681,4,0
2563073,,,1017682,5,0
2563073,,,1017683,6,0
2563073,09:38:00,09:38:00,3458188,7,1
2563073,,,1017684,8,0
2563073,,,1017685,9,0
2563073,,,1017686,10,0
2563073,,,1017687,11,0
2563073,,,1017688,12,0
2563073,,,1017689,13,0
2563073,,,1017690,14,0
2563073,,,1017691,15,0
2563073,,,1017692,16,0
2563073,,,1017693,17,0
2563073,,,1017694,18,0
2563073,,,1017695,19,0
2563073,,,1017696,20,0
2563073,,,1017697,21,0
2563073,,,1017698,22,0
2563073,,,1017699,23,0
2563073,,,1017700,24,0
2563073,,,1017701,25,0
2563073,,,1017702,26,0
2563073,,,1017703,27,0
2563073,,,1017704,28,0
2563073,10:00:00,10:00:00,1017705,29,1
2563073,,,1017706,30,0
2563073,,,1017707,31,0
2563073,10:15:00,10:15:00,1017708,32,1
2563073,,,1017709,33,0
2563073,,,1017710,34,0
2563073,,,1017711,35,0
2563073,,,1017712,36,0
2563073,,,1017713,37,0
2563073,10:25:00,10:25:00,1017714,38,1
2831089,10:30:00,10:30:00,1017677,0,1
2831089,,,1017678,1,0
2831089,,,1017679,2,0
2831089,,,1017680,3,0
2831089,,,1017681,4,0
2831089,,,1017682,5,0
2831089,,,1017683,6,0
2831089,10:38:00,10:38:00,3458188,7,1
2831089,,,1017684,8,0
2831089,,,1017685,9,0
2831089,,,1017686,10,0
2831089,,,1017687,11,0
2831089,,,1017688,12,0
2831089,,,1017689,13,0
2831089,,,1017690,14,0
2831089,,,1017691,15,0
2831089,,,1017692,16,0
2831089,,,1017693,17,0
2831089,,,1017694,18,0
2831089,,,1017695,19,0
2831089,,,1017696,20,0
2831089,,,1017697,21,0
2831089,,,1017698,22,0
2831089,,,1017699,23,0
2831089,,,1017700,24,0
2831089,,,1017701,25,0
2831089,,,1017702,26,0
2831089,,,1017703,27,0
2831089,,,1017704,28,0
2831089,11:00:00,11:00:00,1017705,29,1
2831089,,,1017706,30,0
2831089,,,1017707,31,0
2831089,11:15:00,11:15:00,1017708,32,1
2831089,,,1017709,33,0
2831089,,,1017710,34,0
2831089,,,1017711,35,0
2831089,,,1017712,36,0
2831089,,,1017713,37,0
2831089,11:25:00,11:25:00,1017714,38,1
2831090,11:30:00,11:30:00,1017677,0,1
2831090,,,1017678,1,0
2831090,,,1017679,2,0
2831090,,,1017680,3,0
2831090,,,1017681,4,0
2831090,,,1017682,5,0
2831090,,,1017683,6,0
2831090,11:38:00,11:38:00,3458188,7,1
2831090,,,1017684,8,0
2831090,,,1017685,9,0
2831090,,,1017686,10,0
2831090,,,1017687,11,0
2831090,,,1017688,12,0
2831090,,,1017689,13,0
2831090,,,1017690,14,0
2831090,,,1017691,15,0
2831090,,,1017692,16,0
2831090,,,1017693,17,0
2831090,,,1017694,18,0
2831090,,,1017695,19,0
2831090,,,1017696,20,0
2831090,,,1017697,21,0
2831090,,,1017698,22,0
2831090,,,1017699,23,0
2831090,,,1017700,24,0
2831090,,,1017701,25,0
2831090,,,1017702,26,0
2831090,,,1017703,27,0
2831090,,,1017704,28,0
2831090,12:00:00,12:00:00,1017705,29,1
2831090,,,1017706,30,0
2831090,,,1017707,31,0
2831090,12:15:00,12:15:00,1017708,32,1
2831090,,,1017709,33,0
2831090,,,1017710,34,0
2831090,,,1017711,35,0
2831090,,,1017712,36,0
2831090,,,1017713,37,0
2831090,12:25:00,12:25:00,1017714,38,1
2831091,12:30:00,12:30:00,1017677,0,1
2831091,,,1017678,1,0
2831091,,,1017679,2,0
2831091,,,1017680,3,0
2831091,,,1017681,4,0
2831091,,,1017682,5,0
2831091,,,1017683,6,0
2831091,12:38:00,12:38:00,3458188,7,1
2831091,,,1017684,8,0
2831091,,,1017685,9,0
2831091,,,1017686,10,0
2831091,,,1017687,11,0
2831091,,,1017688,12,0
2831091,,,1017689,13,0
2831091,,,1017690,14,0
2831091,,,1017691,15,0
2831091,,,1017692,16,0
2831091,,,1017693,17,0
2831091,,,1017694,18,0
2831091,,,1017695,19,0
2831091,,,1017696,20,0
2831091,,,1017697,21,0
2831091,,,1017698,22,0
2831091,,,1017699,23,0
2831091,,,1017700,24,0
2831091,,,1017701,25,0
2831091,,,1017702,26,0
2831091,,,1017703,27,0
2831091,,,1017704,28,0
2831091,13:00:00,13:00:00,1017705,29,1
2831091,,,1017706,30,0
2831091,,,1017707,31,0
2831091,13:15:00,13:15:00,1017708,32,1
2831091,,,1017709,33,0
2831091,,,1017710,34,0
2831091,,,1017711,35,0
2831091,,,1017712,36,0
2831091,,,1017713,37,0
2831091,13:25:00,13:25:00,1017714,38,1
2831092,13:30:00,13:30:00,1017677,0,1
2831092,,,1017678,1,0
2831092,,,1017679,2,0
2831092,,,1017680,3,0
2831092,,,1017681,4,0
2831092,,,1017682,5,0
2831092,,,1017683,6,0
2831092,13:38:00,13:38:00,3458188,7,1
2831092,,,1017684,8,0
2831092,,,1017685,9,0
2831092,,,1017686,10,0
2831092,,,1017687,11,0
2831092,,,1017688,12,0
2831092,,,1017689,13,0
2831092,,,1017690,14,0
2831092,,,1017691,15,0
2831092,,,1017692,16,0
2831092,,,1017693,17,0
2831092,,,1017694,18,0
2831092,,,1017695,19,0
2831092,,,1017696,20,0
2831092,,,1017697,21,0
2831092,,,1017698,22,0
2831092,,,1017699,23,0
2831092,,,1017700,24,0
2831092,,,1017701,25,0
2831092,,,1017702,26,0
2831092,,,1017703,27,0
2831092,,,1017704,28,0
2831092,14:00:00,14:00:00,1017705,29,1
2831092,,,1017706,30,0
2831092,,,1017707,31,0
2831092,14:15:00,14:15:00,1017708,32,1
2831092,,,1017709,33,0
2831092,,,1017710,34,0
2831092,,,1017711,35,0
2831092,,,1017712,36,0
2831092,,,1017713,37,0
2831092,14:25:00,14:25:00,1017714,38,1
2831093,14:30:00,14:30:00,1017677,0,1
2831093,,,1017678,1,0
2831093,,,1017679,2,0
2831093,,,1017680,3,0
2831093,,,1017681,4,0
2831093,,,1017682,5,0
2831093,,,1017683,6,0
2831093,14:38:00,14:38:00,3458188,7,1
2831093,,,1017684,8,0
2831093,,,1017685,9,0
2831093,,,1017686,10,0
2831093,,,1017687,11,0
2831093,,,1017688,12,0
2831093,,,1017689,13,0
2831093,,,1017690,14,0
2831093,,,1017691,15,0
2831093,,,1017692,16,0
2831093,,,1017693,17,0
2831093,,,1017694,18,0
2831093,,,1017695,19,0
2831093,,,1017696,20,0
2831093,,,1017697,21,0
2831093,,,1017698,22,0
2831093,,,1017699,23,0
2831093,,,1017700,24,0
2831093,,,1017701,25,0
2831093,,,1017702,26,0
2831093,,,1017703,27,0
2831093,,,1017704,28,0
2831093,15:00:00,15:00:00,1017705,29,1
2831093,,,1017706,30,0
2831093,,,1017707,31,0
2831093,15:15:00,15:15:00,1017708,32,1
2831093,,,1017709,33,0
2831093,,,1017710,34,0
2831093,,,1017711,35,0
2831093,,,1017712,36,0
2831093,,,1017713,37,0
2831093,15:25:00,15:25:00,1017714,38,1
2831094,15:30:00,15:30:00,1017677,0,1
2831094,,,1017678,1,0
2831094,,,1017679,2,0
2831094,,,1017680,3,0
2831094,,,1017681,4,0
2831094,,,1017682,5,0
2831094,,,1017683,6,0
2831094,15:38:00,15:38:00,3458188,7,1
2831094,,,1017684,8,0
2831094,,,1017685,9,0
2831094,,,1017686,10,0
2831094,,,1017687,11,0
2831094,,,1017688,12,0
2831094,,,1017689,13,0
2831094,,,1017690,14,0
2831094,,,1017691,15,0
2831094,,,1017692,16,0
2831094,,,1017693,17,0
2831094,,,1017694,18,0
2831094,,,1017695,19,0
2831094,,,1017696,20,0
2831094,,,1017697,21,0
2831094,,,1017698,22,0
2831094,,,1017699,23,0
2831094,,,1017700,24,0
2831094,,,1017701,25,0
2831094,,,1017702,26,0
2831094,,,1017703,27,0
2831094,,,1017704,28,0
2831094,16:00:00,16:00:00,1017705,29,1
2831094,,,1017706,30,0
2831094,,,1017707,31,0
2831094,16:15:00,16:15:00,1017708,32,1
2831094,,,1017709,33,0
2831094,,,1017710,34,0
2831094,,,1017711,35,0
2831094,,,1017712,36,0
2831094,,,1017713,37,0
2831094,16:25:00,16:25:00,1017714,38,1
2831095,16:30:00,16:30:00,1017677,0,1
2831095,,,1017678,1,0
2831095,,,1017679,2,0
2831095,,,1017680,3,0
2831095,,,1017681,4,0
2831095,,,1017682,5,0
2831095,,,1017683,6,0
2831095,16:38:00,16:38:00,3458188,7,1
2831095,,,1017684,8,0
2831095,,,1017685,9,0
2831095,,,1017686,10,0
2831095,,,1017687,11,0
2831095,,,1017688,12,0
2831095,,,1017689,13,0
2831095,,,1017690,14,0
2831095,,,1017691,15,0
2831095,,,1017692,16,0
2831095,,,1017693,17,0
2831095,,,1017694,18,0
2831095,,,1017695,19,0
2831095,,,1017696,20,0
2831095,,,1017697,21,0
2831095,,,1017698,22,0
2831095,,,1017699,23,0
2831095,,,1017700,24,0
2831095,,,1017701,25,0
2831095,,,1017702,26,0
2831095,,,1017703,27,0
2831095,,,1017704,28,0
2831095,17:00:00,17:00:00,1017705,29,1
2831095,,,1017706,30,0
2831095,,,1017707,31,0
2831095,17:15:00,17:15:00,1017708,32,1
2831095,,,1017709,33,0
2831095,,,1017710,34,0
2831095,,,1017711,35,0
2831095,,,1017712,36,0
2831095,,,1017713,37,0
2831095,17:25:00,17:25:00,1017714,38,1
2831096,17:30:00,17:30:00,1017677,0,1
2831096,,,1017678,1,0
2831096,,,1017679,2,0
2831096,,,1017680,3,0
2831096,,,1017681,4,0
2831096,,,1017682,5,0
2831096,,,1017683,6,0
2831096,17:38:00,17:38:00,3458188,7,1
2831096,,,1017684,8,0
2831096,,,1017685,9,0
2831096,,,1017686,10,0
2831096,,,1017687,11,0
2831096,,,1017688,12,0
2831096,,,1017689,13,0
2831096,,,1017690,14,0
2831096,,,1017691,15,0
2831096,,,1017692,16,0
2831096,,,1017693,17,0
2831096,,,1017694,18,0
2831096,,,1017695,19,0
2831096,,,1017696,20,0
2831096,,,1017697,21,0
2831096,,,1017698,22,0
2831096,,,1017699,23,0
2831096,,,1017700,24,0
2831096,,,1017701,25,0
2831096,,,1017702,26,0
2831096,,,1017703,27,0
2831096,,,1017704,28,0
2831096,18:00:00,18:00:00,1017705,29,1
2831096,,,1017706,30,0
2831096,,,1017707,31,0
2831096,18:15:00,18:15:00,1017708,32,1
2831096,,,1017709,33,0
2831096,,,1017710,34,0
2831096,,,1017711,35,0
2831096,,,1017712,36,0
2831096,,,1017713,37,0
2831096,18:25:00,18:25:00,1017714,38,1
